ReviewerID,ProductID,Star
AFKP7GPURJA6SIE2IQAPMQVFZYWA,B01K9AMG8E,4.531889863179558
AEHJ3SL5NHVDUH7ACAAJD3JYXTFA,B07N5K2V9H,3.9116141161892215
AFLKS523NY36AY6WTAAKFAHYT7BA,B09P7LVYDR,4.8260375135658595
AEB6NY4IDOJQTFCHNUGKOKLXCZJQ,B0BK5CXZBT,3.987899348357983
AHSYUEHHWA3FIZAUAZYFN54OHZWQ,B077Y4JGQ1,4.651616449861009
AHRPH3DCPDNWEDZJAP7L4UJ6USOQ,B009WS7V5I,4.56097572764519
AGKGURGEUE4BGKGRI7AYW6TIKUBA,B0BKZ3GCGR,4.7771460879906735
AGFB74WQOHVJP4PGF5QOXM5CXYQA,B000RXN6XI,4.419226472645722
AGPFCVE36JI4PXFC627LXEQTBD2Q,B00HX9F3ZS,4.95642535249257
AF6LC3PL7ATCSC6VQ2SX4PS2JNTA,B075R9DNGF,3.6490685771268354
AE53UBM6H6SDUWZTV3Q6OJMJDB3A,B016CK4Q0G,4.6149846927419915
AGWW735D5YTMQYBMUDXC4KOZAXDQ,B0BGXSRTB2,4.9585084353014865
AHJUKDLBKDLRZWZ2OFNOSAYOCTZA,B0002E3FBA,4.761909025701983
AGV2HFYUYPDTCKHXP2VUSKKR43AQ,B0002OJPE6,4.084540917043573
AHYDVO5UKW3QHLF6UFSCEOGECGLQ,B002HJ9PTO,3.9646531199761426
AH535Z72NTQFY4YZ7TXSYFP53ALA,B00CA8982Q,4.160044686779638
AGXGOWEGH57GQAL7MFXUJYTDYVIA,B08G7X73ZN,4.691834988749082
AGSUOVNK6FSW4EFQVPRMN4IMWJWA,B001E95KEC,4.7103533204811745
AELSGY4WCLESJ7VLUYUHAJT4BHBQ,B0799734T4,4.567317004832513
AHQDVOYHBY33A6ARDSAA3AHORBJQ,B08CSQNMN5,4.708893384971183
AESPIYN2KPFNMATAZNRXTGG2RTUQ,B0089NNAFW,4.081054906681367
AGTDFPFY44MJBGGG754JMRA44TKQ,B07BC4KMQK,4.331892723755197
AEW3WN45BO5QRGK3RPQ2DREV4NGA,B000G3MV1W,4.8776561791687065
AFV3OQHHDBYYDDQT7XU44VPQRLCQ,B0BKKZT1BQ,3.9359677047786565
AEC5RGUIQ3DZMJFZEPST5R4O7PPA,B08R5GM6YB,4.444285000202008
AH6WGAEBHJQJLZJMQI6NM74ZKFGA,B07FZ5XBCJ,4.313256300598142
AF7SOBRJNAC5ORUZAMT2EJNH3RNQ,B00FPXDRQQ,4.170765602690594
AFQVJYB73FB4EMH4CHYJI6DQ64ZA,B08ZFQ8GLV,3.6717330347545474
AHFJIW6GUHWLNDE6KIME3JB7GYVA,B0002KX5E6,4.42231104720286
AGNPTJJ3IN3Z6HMZAJECSJES7BBA,B08PMZQXN3,4.62892950043408
AEYIGWWXTT5AD4ZONPSHMK53WR2Q,B0002FO8CY,4.010146993239258
AF5XVNQXEWRDQHIEK4RIJU5JZGWQ,B00TV90MT0,4.828754514365285
AEIYX25CEO6PSO7NQUMSSIIXBMWQ,B0BT2Q42DV,4.808684352492571
AHQUW4WT7RGDAEWOMG7FZ3EKMINQ,B0046LGS0A,3.7757510954914655
AF6AWOX5OCZXE4XLWROTNPEZWVLA,B09HCVN9M9,4.442530904376221
AHNG3NRGEDYO7E44QMYDHMBADPBA,B06XZ91CGG,4.601852071838876
AFOQTBFBJWHAZM2DSCVN4GIFZWVA,B0C61YCRKM,3.9843116805419094
AGSFWUWZB4NXQHKWYKBYB7JIGRJA,B07W44SZ95,3.9667560391380547
AGU3467K6OPI2HEDABM5P2APPM5Q,B000NGVQKO,3.9047665471847477
AFHI666HJMKCI4K6KYN72NLG6ZQQ,B07DWLYGKH,4.732315555690192
AGTUP64TUDREXZLFMZXLVWJQD4UA,B004EBR5VI,4.499041643295794
AEJFHFNVYIIZIDHJHDPGPKGYTQHQ,B09YDBKT7M,4.878612266996844
AFRGWN2OQMXTMFUCW7DBTJXXZC5A,B0BLLZYYPK,4.5312943914752175
AENVRY2ODR5XXL24FXQFBQMXFM3A,B08BJGBHN7,4.492665790332428
AFQ7VJBUAFMCD6WLRMNJVL5IZGUA,B000WKW8EY,4.615396841046438
AG3S4FROO422V5KP7DJCBXVUQLJQ,B019OO4IY6,4.808403544061282
AHWKKYJLZGHYBTMB74R5TRNY5JRA,B075MRMFM8,4.454172012028273
AHNOYSM6BGMCXVETNQNOKQBSXGTA,B095JMYLPZ,4.9679595017486955
AFLKPJZCNDA7M5RHJXFQZQYTJXZA,B07N5NPKRW,4.930695585327194
AHY4BIN6TICBUHIUNKJTLVJ6WOMA,B00WGDS77C,4.331171168729213
AGSM4LM5MKYYD3CJPXAF3MIFGAEA,B01M9GJC5V,4.189787590680582
AHAMWA6AJD7RPNUGVOHWODNKI32A,B092LF6RLS,4.8163418036873
AEIORZCHRBVERYFCQZTGPTVUYIWQ,B0BLLXXT6F,4.570646361852946
AGQLFAMQA7WJBPRVDSZATYNGAGKQ,B0BCK6L7S5,4.339731385532651
AHTQJFXQNPHYWI6NCGNOLMNWHOMA,B0002D0JX8,3.8995105508895143
AGAKSCBPVTFI7CXR6L3UI66AHL4Q,B0071ML4N2,4.536085900710668
AHEMAURZYRCARVTVF6CQYTYE4I4Q,B01EY7NNSK,4.93197590662961
AGN6YXFPLQOIVURKG5LGZ76J4UWQ,B07N1RPV4J,4.66682928407675
AGGGVYN6UWSDL6N37L77RAJLFHTQ,B0B89ZSYS7,4.937840166884464
AFLI3BM2AJOV7JK6P2CWU2Y3QFQQ,B0BYXVCSGG,3.840705267489854
AHNPHPHF4TT5JPHYHNPI3OHTO36Q,B09RJZSQML,4.870650953587085
AHX2CMSXBTB7L72QUQPXNSQRD26A,B0002M72JS,4.116206684481461
AG2L77BTIVSYYB6ORTCR5HWPDZOQ,B09T7P2RNC,4.671759100347462
AEXUUT6Q3B7KIV576X6RZDSZ46QA,B00LOAAME4,4.0715580094373385
AEXYZU6XCODDBB67J6MAJSN2NXIA,B0C5M1WZ9V,4.426669106449043
AHJ7KQRR6SH62UD4ESCUELE2BMZQ,B00AV557UC,4.2472972722487965
AFK6CXFGEKRFSCV7ZY2VIJNDJLQA,B0938MMWSV,4.906086491203717
AEH7IOTDSZGSZLE74R7YMFXFZD6A,B0C61T841P,4.934128839884052
AHBQCICNAHDBS47M6LFAPV6LBFRA,B0C3LDN2TN,3.88026480677093
AG3S3WPA3YRI666NTL3Y4TINWYWQ,B083YRNPSR,4.664276753567633
AEQP2NXBADXJISSIYTTUXUBBKVEA,B0CBK1WSMR,3.9961798595730613
AGYUMKBBYKOVQKT2BDG6P76CXPSQ,B07MMKMKC1,4.214526160860648
AFV5UDD5Q4FBR57QCJGLL2SE7OHQ,B07WJ1FPX6,4.606999441562291
AEHWRW3PWRFQOIXVKEPJCY33O7BQ,B07KDYH2DF,4.010779143568322
AGTBJVGF6Z6FTHBKFPZFUEGV3NRA,B004FPEGT2,3.546531452602224
AHE47OSHXNOJBJSUATR77ZKFXKDQ,B07SK3YRF2,4.413153514952637
AG3ML6ROY7CFJTLMPJYWIW7KXQ7A,B0BCK6L7S5,4.516474325358793
AHJ6I5S2GY3SD3HNECB4PK75BT3Q,B014MQ22XU,4.35788087368365
AHCPWTP2HVKZWDFJ2ESPXS6OJKHQ,B0C3PGFZ3H,4.243810801309514
AG33SC352BGAEXJJGKUGEYAOZJZQ,B01BZTGSC8,4.492763440609359
AFOAF2ZM5JEUC4HEXDCSQVRN4VBA,B07112LZSM,4.233324563904257
AERSZ2M6JUHJEJ27PX5SS5JGHCHQ,B095BQ6T33,4.182146017043075
AFOF3QHFHEPGQ7QQJBGWFJAC7RMQ,B00FSDBTHW,4.180547161760262
AHLBYQU25Y3KOTNGDXLQG4QTI2VQ,B01GMWH5PC,4.107619530878787
AHJBRDZIS3BYBISIRTW4ONRLNJMA,B0B8Z5SW8Q,4.469229142847547
AHIAM5SDVPJAM67HKUJHCSWLVMFQ,B0C6HZ2BJ4,4.3852331409484835
AHT5VICCGHXRSEGPZZZOCIN2KF4A,B009756KE4,3.2690191206435912
AFTISDTHOS27BWGSWKZ2S27ABVGQ,B07FYJNJJH,4.741353062923626
AHP45X564BZWISH5MADW4Z24ACHQ,B002NGMBGA,4.512380244682871
AEOM4BJ3MA6T6Y2JD23KRHYMUOXA,B0B2T32W46,4.9571836208676405
AG236DA5TDMWWP4NCFS7HWJ23HYQ,B091YFQGCJ,4.871060963445855
AEBCO7YV3RWXD7SIH57FFGWKENUA,B00OYUSHJS,4.458034328600733
AHAVMJ7OKLRLFKHUSZEZQHPQCHWQ,B00INZY55K,4.234241118748027
AGQMTPWXG6UUCT6VFJBXBLWONEFA,B00NPAMDQ6,4.6959448616062325
AFQ3H6LDLAE47OMXF67GWCCRUIOA,B071YBCYQQ,4.728408784014142
AGTSSEXHZYERJYNWF2UYM7PBHTOQ,B0BP3MNJKN,4.042439009269912
AFASAOSH3DUTLSA4DWSQGJR25GWA,B09PJ3N73Y,4.750582486513211
AGWJ3WOKO6JPVGAPDSYZJCAOAD2Q,B00KXQIY86,4.198500105929383
AHHTYXG5DLE4VN7NQLY5LP6USH5A,B07RG6P3N1,4.255621010258369
AGFGZYNZBXCGUPAOIXDZGH7ZHN2Q,B0002E3GO6,4.190195924973195
AHCWSKQIDST34SUY5LKWWLBPDRDA,B00YJ5C46K,4.733240854894365
AF4RDK3DARVW2FRALUHV5BMHMCGQ,B00P2EKHDO,4.531484364125226
AHZNQTN4Q5TKNSVNKIXJU64LJEAQ,B06XHCSY28,4.58200437092819
AGLTOOTGDPFOHALWBAIXHBE42FRQ,B0C6HZ3ZVT,4.274380676314452
AE3D7XQZGHDYL7IAZHVBOES772ZA,B00X87FAOI,3.838666537616703
AGYVIJCXTIRUKHIIJBRWW4ZYCCRQ,B0C6HZHZJJ,4.826442252333684
AEWUW6NYZW7533JCI6UJWDZAIPJA,B0002T67K6,4.829533053642696
AE7U4PM3XC5EL3Z5UITQR2E2DD2Q,B077DJBDZZ,4.273852402853566
AEVIDOETQTYGFWUVJGTIDMWH4YFQ,B00N5TH2H2,4.7147238831550515
AGH6SW7MNE4SSGACMJTHYLIKLIFA,B01B23BA98,4.231251709671394
AHHG3FREHN4EZOSRVIH2UD5YM46Q,B0B3VQQ6XY,4.488817208226412
AHNG3NRGEDYO7E44QMYDHMBADPBA,B01DPCONFM,4.293484782902156
AH2LUXXMIH4QXRDFOSLGZA6R7CMA,B076PN1263,4.739478491487649
AEZNY25GTTQBWES2TRWYEZGDM32A,B0B9S8G4HD,4.136390598971286
AHXKSJKTLH4DNQ57FCNOH6MYOTLQ,B07T3Z11QJ,4.7996232049256315
AE5YND4EAVEPMNPKPXODEBVHSG5Q,B004U2HT9Y,4.299325248524764
AH4AIWIVLN43SGJGK45W4FCJB5GQ,B08LRLRRKM,4.496124853171356
AG64SW2Z4TEZG4IWEGEUFEEZBTRQ,B09BF8XDF4,4.450717588564241
AFPG7J4AME6QVSARKPXTOXWUR6DA,B09V4N515D,4.324953324398656
AHBYNOMVJ37DFQK2322JKNXW37VA,B017DNZ3XK,4.617074429217852
AG3QPT6XXHWPA6BFADE5XSVAVYOA,B0BKZ6FK4D,3.8980619515928026
AHI2JCT4QVCJLQICAO64CYXQ3NVQ,B0BKZ6M28F,4.4623943441206215
AGCBRKJSQECOQJM23WHBKDDOXCGQ,B083MWZ1DN,4.257438434140615
AGOVVFMZ7IPENJBVNAFQ33S7O3TA,B0B9T61HDX,4.792721068487345
AHLXIZ3CXU5UZKHT2EWIHO3KHGDA,B09857JRP2,4.732997577684255
AEV4SAI37FLJ6NK4M55NWKYVMDAQ,B0C6H9T5T6,4.396047117267709
AEAU2KDIKNMONDRX5Y6DV5F73F3A,B015WSCNHW,4.684010614228431
AEK5452BSJUE5N23GU6PPAGM4MEQ,B0BTLZMMFT,4.371288963273819
AFKYUEIARYQHQBR3D7L4VNO7ELRQ,B01F7GQ8DY,4.38046737683241
AFPOTFD5RRB6MHZQ5P5UIVG7QTBA,B09G9DVTD3,4.313460042724825
AEHG2FL2VTCX6K77GJZ5DBODFE2A,B075VPGJCX,4.898055447214076
AGYKBJXKGCM7FUQSK5JSIT35DOJA,B07BKYBTNJ,4.438932009533912
AEC7TBNDVCE3O4TLCEEDNWTM6RJQ,B01J38RW9Q,4.019953093722466
AFRUTEYFUJDAUASSQADZ3UQJHXAA,B0BK9YKQFR,4.011605317043614
AFQDQ7355KHCZLER45SETZZ3RBAA,B08DTH6M77,4.607990248398889
AGFXPATACXLGNXETSYZRD4QAHUTA,B07BC4KMQK,4.617583895972131
AGXQG72Y6EIMUAUYDEY7IGJUQPMQ,B0768R4GHS,4.960865337658389
AE5WEF3RO4QRTJDMRXUEF3JB5FOA,B0002D0L5E,4.259185267493868
AET5WDQG4RMZYUACS75QGTR5DN2A,B08T2DMFKD,4.7935375877235264
AGGCBQMBTI76TAQ35ISJR24OQH7Q,B06Y2W66F5,4.555935009753337
AFYKOOYILZJDSJKTSJKEQYILFLOQ,B07C3BKLD5,4.441406050759529
AE6TF34R3XLNVEOUQ5XGGJLOBNQA,B0165KH7GS,3.4260311643208703
AE4PX7WPFYOKQ7JY2XCDJIXQG6NQ,B09JJ586GD,4.50392093244898
AH7VFEVL3IOVGXVGA6NCV5FK5EBA,B073W2Y8NJ,4.6104437986728035
AFAPQJJSMGJIP72FIGH33BNET6KA,B0BKZ61YJJ,4.711002881360931
AF3MDNGUNU6IDVBYNELKDFH4M7HA,B099NFZP4S,4.555854740933454
AFFZO6PEJS5E3J7YISHHNOTA6RWQ,B08KHSBL34,4.130606212745653
AGP2BAEBBIE6P7XZAOAIUFYCEHNA,B072LXH1V4,3.8463784209914427
AH7UMWKEKWHRAACBVZQVJGOP2DCA,B016D7KIWS,4.811561391207545
AHX64VD7FLIT3KB2U67MRWOEQHPQ,B09Y1X5BSC,4.15249261249192
AH7VFEVL3IOVGXVGA6NCV5FK5EBA,B09V915Q6P,4.134635925041857
AGUJ2VW5XM5ASOR5KLP27YBW3C3Q,B00BNVHCYM,4.829285577482225
AF7IWQ26I2RJXFXKGSPGNNRBLNEA,B000CZ0RME,4.086602793362076
AHELX7UOIDURULSSVA52BNVTMT7A,B0BSCDNQT1,4.8524464855313205
AFCUV5FE3VT2MS4LYAUFHYBQCP3A,B002C741BI,3.2666516938899357
AGQLFZBLL2HTPOLTXLYYRYNYQMDQ,B000H58HN0,4.215767947908997
AE6PYJX3K5T4WCDVMYYA6C2EA7OQ,B0BKZ2W81F,4.121729437181636
AEFOUHISLMQKQKXRMICVYMS6YF3A,B07TD9NX9F,4.089273921386607
AEZG4SHN6EDH7X2I4NPMCSN7MN7Q,B07FZBF5HY,4.3290470045745355
AHFWSW4APYWHTKLSCLUQ7OOAXBDQ,B09MTHTMBB,4.850327897932978
AEKHOFU35JS3BOIWZSEM7DKSTEVA,B00HTWQWWM,4.252637277047024
AFKXPHJU332QCBEXRVZTY6K6B5HQ,B06X9KG3HW,4.915298695796721
AHCRUMAU2ZAZ6EP6RVSXNHJSEVYQ,B003XKIY3E,4.466982689858635
AHH7NFK7CPZCLCX2YO3TBNLVSVJA,B01N6448Q4,3.959489810154165
AF66OCN2Z5V3FKFOAVUKWHPQ3BHA,B00GG20DJ4,4.2153577827722275
AGHZXVOSR6BUBEGP6K3BDYLSOJ3Q,B09MLLNDB9,4.96372633187585
AHNO5YFCPLGHET6VHUICVPTN4LMQ,B00P0HIZXM,4.435528514768279
AGQ3CRIH64J5HUPGKKZEYMUKKR2A,B08R5GM6YB,4.2837115762934355
AETEDS6HQJWX2EQYEQFUIAHTTJXQ,B0BHSG5C3G,4.098968522065784
AF7CC34DK36SQJS7WXI44DREGWJA,B003B1PETC,4.822925345201484
AFGAABVW3PF4YATBL5EX5EGUVZ4Q,B09997NM44,4.619361303660551
AFW3N4C3DTYHREJ3K7X3THVUVJEQ,B08KRJ578Q,4.659727708494138
AEBPFXOLYES5XQEQPR43HLGX2HVA,B01DN7OC00,4.5732954727023
AFHEYIB5M5MYLROKZ5IEMZSJDD2A,B015HG82EW,4.6317203859266405
AFBC7PUOJGJPJKAZZZVTIAW4UQ7Q,B0BL2W52CK,4.2095750996268935
AH7K6J4O5D7ZE5QZAJQJ7V4JJR4A,B0002F519I,4.003413248240123
AFFWTNREAP77LMBFKJVS526IWD4A,B095XZJ99J,4.788342589143267
AHGDIK37BK2KKLH75FXYZFFWP5IA,B08B6BR4KG,4.710179660907736
AEZNCOTOACFQXLFM4MXKSQW6SFKQ,B07VPLFNYM,3.9293391245107934
AFCUT6TLZBDQLXJAKOVJ65LARDFA,B00ETP9FFI,4.401410028017604
AFVQ23JNGVSAXVFEM2ZRPQ6HUUDA,B00646MZHK,4.479511383943167
AFADWJP75FQZ24GRNBIIWTFNUU4Q,B07W3NQLX3,4.6091476211843085
AHOBKBVHEAT4KPRVI7TYTF6MEJXA,B0015B0EB8,3.478306702802445
AHB2C67YEIUJBM7WRNKVPYRUIHFQ,B0BSR996X8,4.850787583998571
AGXMYC3U7AF4LBADRZAZUAVAJNYA,B00RWDSILG,4.079917451852931
AGSSF4YIHPCP2MIUITM34RWOCOWA,B0CFD7WW4N,4.897801762695495
AE6ZQXU4UDWTLQAGLW6AR3BTJ2PQ,B00OGNDKEA,4.584573579877199
AEJH4HUMFAN62AII4PTCGRGGAE7Q,B092LF6RLS,4.240597680107412
AEFJEW5GQ5A5PG27ZXJ2ZZ33VCAQ,B0BR2HYQ18,4.444553775197601
AEOGRG7N4WAUYTPHEZ4QMHNZJ3MQ,B0BXT384GR,4.237445560200592
AG4PVZMW3G6CBH2RV5CZE7HJMT5A,B014W0L7ZU,4.278445746321703
AGIGLCDBUMZT45LJEQR2EDJUDZUQ,B0B863M78X,4.823912628931734
AHP3UQWZWRJBESHIOGGNP525A6RQ,B00127HZG2,4.574580569589354
AFG7DJM5DPJBHJD5QAX7GXECNFTA,B088Q6XF9J,4.708395074899827
AHMUGCUTGCXKXMATCIJ5QAZHJ66A,B07685T8FT,4.378329245410694
AEMJ2W2VK5D54J6XZFHALLBMHDZA,B09HCVN9M9,4.870740348834533
AGXL56TLDRWEENDVD5QV3U4H6EDQ,B06XH7487S,3.997457655953459
AGW7SUXC7FRQYEDORCMJEIBFFO2Q,B009O7CE5O,3.7429299748624367
AHZDFAFJYWCHQ6TD26DGE5GTVEXA,B08HMM1PVT,4.289620839304497
AE6FQUL47GYURP65UOAKUUZT6A6Q,B07BC4KMQK,4.609760790370118
AE2W7OBJ45J4J52CGH7OFWHQZJQA,B002NG7DEK,4.027891434863242
AG2Y6CDZNCG2ZJIUIGDIJYADCJ6Q,B0B8NXV975,4.727409142962632
AFU6WBRZTAJVURT36WRAOGXXJ4ZA,B0791VK6D9,4.271706284760698
AFPTQLGMPPI4KEUDO7ZWRBYP254Q,B004XNK7AI,4.8749063204940954
AEQBKUKRDYBAFYRSA4OHINKIHY2A,B07HHZ3X4M,4.447200681350959
AF5KUQ4UMS74JRNRSNG7PRILECPA,B01G2KH9SW,4.816149656399333
AFG2FNXFLUYZCY7UJQVXPQQHVDUQ,B00OIA3QNQ,4.340023504743267
AGZEDKJEUXQ3KK5D462HQZYTQWXA,B0BXBBGTGL,4.595204242681317
AEA3DMA2VE4KGEE3XBVEOCRS47IA,B0002F4MKC,3.9428957093282544
AG4WBOI27FQQ7JEY6CWCK3UEQG5Q,B07KB9QBQ1,4.527102454798977
AEYSJZB6V2XGE7EH4YTAPXWX7PLQ,B0002E2S1I,4.356139702788888
AHP2UGRBLKHCHX43ZDAOMH74675A,B09NDBVJXM,4.9567327637026795
AEU5GN766HQJG2WCFWWLJSL7EPTQ,B0002D0EII,4.8512902265545845
AGHY2O33XXIXWLCU5A7SMPADK4UA,B09VGM7F6Z,4.346622874905951
AHUVBCTKQQ34MIMPNVH6N67MK7OA,B07PPDR5NT,3.9813225165082504
AHAERNE47GD7KUT42ZDYVNJ7454Q,B07MCRMLF3,4.4785813934610115
AEO6QT73E5MQ3SXXA34IH4JP4JZA,B079HP2PFK,4.356330896853857
AE2UOZSYKRVSGWNG4AU5AFJ752JA,B09T82W1SN,4.302604450847924
AFGAABVW3PF4YATBL5EX5EGUVZ4Q,B08JMQR2JK,4.636042324116679
AGLQFICRV4ADTC5C5XNDBATOKJTA,B07MZYNZ1C,4.512588120490385
AHAW3SX75UIROZFBFFEQDLG4LNGQ,B01H0PACWI,4.792255971655769
AGHPBBUCMU72JNN57OKEFJ472UUA,B007EWHXM0,4.703078724989057
AECRT3TVTXJX4RPQM5BVGJQNLTFQ,B00J4A70M8,4.3387662245155205
AFUVQSIHX2ZFBTV6JZYZW56SXXLQ,B015QK3GUO,4.802464602232946
AFYSLU4BTTUCFRDL7GSN64Y2XOKA,B0853X3VDC,4.331913554971167
AGZGFTWAUS73D7WKUU2ZYYOIACTA,B07B9W25ZK,4.654645968255745
AF5WH2KQNQ23M7NVENH7F5ORQ6NA,B019NY2PKG,4.278446724921558
AGXTZT3VSWHFJT2Z6KTQWT4ILX5A,B06X9QRQ71,4.290431019841539
AGCT56C3MLESH3DUYFDG7D7ME4SA,B07WJYTDMH,4.646732756033104
AGZC34D3ATKE4SJ6V63B3VWBKNHA,B01CQ01SPM,4.932129932435843
AGLSNCKCAMBZTZKPFN3BY2ANTARQ,B01LXTBO7B,4.7420606044859595
AF33HEDLD3R7575PIVJCBZVQ2SQQ,B07TJX692W,4.401578547863136
AFJFIPK3DGPDXQAOPLESEBHIWZJA,B0BR2V8V9B,3.836397623606643
AH7YWZ4DE5LS66XEUKXJWBKN35AA,B00CGFRJ2Y,4.941724508849003
AF6EOHGMVZ5ATEEXTSFSUJOGIXDQ,B00005ML71,4.721408556767426
AF4H7MSDHSUVEMA2BPLP6MWGITGQ,B0B9LLF1CN,4.706569391487239
AEFK4A22W4P6TW7ZVV2UJN7Z53RA,B07BLM53Z1,4.899641956799759
AGL2ZWEA33BCBPOZ3T7QRJ56XDGQ,B075MPFFRV,4.409200504727998
AFEVRXXYRPUOVSFNMCYIQDFS765A,B000J4I9VO,4.478385386405378
AGPU4VYZDXTREL2FJVIJG7VEIC4Q,B072271GQ7,4.715232595980775
AHSMYOSEDSDIQ7UCAJSDQAHPV4IA,B0002D01KO,4.689638111571763
AEFJEW5GQ5A5PG27ZXJ2ZZ33VCAQ,B09R3CJSR1,4.32593559036492
AHJDJLCEUDPAII3A3L4TXVNBFKZA,B06WPBKDBW,4.471404462376312
AECTK5H3C3DQG7LIFPDHUVZIOAVQ,B0BKZ22NHL,4.366919629709642
AGPS5K4IOLONOQXRCKCE2PQTW5LA,B001ELVCDS,3.4201303562918786
AFJBKMTRSW6PJOQT6PTIHRS64DWQ,B01AA6BNCC,4.611907470943375
AHCIO4Y7MASS5GHGAZNOPPTXFTVA,B07PWKHPFG,4.6591885934913355
AHD4DUQXQZWPVSYBWMNFCFRPK7BQ,B0853X3VDC,4.706126845306901
AG5OPRT747NAJPFQSSXAUBLCUVTQ,B07DLC9KYG,4.7571342899268485
AEIFNJPLBHG7YN5IKRWCHRSO3W4A,B07KGF3MHC,4.365856232601718
AH7JOU3OXKPMYOBK4JGJJI4BCLMA,B0BT8FDL8B,3.949012814446666
AG2XBVVPXRIUYH4IETE3DZT667LA,B00ON9WQ1A,3.4797127546096114
AHSAY2WIS63JDIV62RAQ63QGD2NA,B092LF6RLS,4.608417803303154
AENTHU4L3BLWQQ2EIOT3BPSX4MJQ,B075RB1KN7,4.307828314711258
AEOS2ALLIKEV7WLIPXWG2346HAZQ,B092SC4XNB,4.629721989800545
AF77F3QYN5GSD7OBRNXYP5QGI6GQ,B071L8C6MW,4.708471232203338
AHH5KSC5O5SEK7ANLMEXUD6ZAHDA,B07FYCQZWD,4.783269278709722
AEGXGQ46AQIHMGYZSTBTFW5G2XXA,B09RN7GR8F,4.410719303884536
AERGPILRKONAH3OE4YYQOKRCSNMQ,B082WVKSNG,4.909582246220892
AFBCC4UQDHZRJO4QROXQXC2HVA4Q,B01M3P777W,3.638910212381473
AEOBVIDGSRKUGVMRGE3LYPVC3KYA,B07427ZHRK,4.491261155078379
AF74NQZGZTQG6CRKBJUSNCBAJNQA,B0BKZ3GCGR,4.344729662182252
AHNXVAEDE22CRTDXPIPFLAXTINKA,B0B8NXV975,4.518545753477997
AH5DNYOJOCIFAQLMZLGY3EQ6LA3A,B0B8DHDVJZ,4.153456581652242
AFMY6F6WJOAKCGFGT4P7XUNPWWKQ,B07WW5PKCP,4.814502418089552
AGV5EG6FOHTDDWOLXWMGQWQXDMWA,B0C5QKBX9F,4.39605396585742
AHJJQRLMCY4I7OOIUHI26OHAX5IQ,B015HG7HMA,4.655794513909466
AFU3TK3ERDCF2NTBO5BCE3U2LXFA,B0BHSG5C3G,4.4320534376353535
AFDTO24ABREOG7VZHGM5MUINEONQ,B0BPLFP5P6,4.433804677840416
AFHXAZFQLN6RWIKMW2NJGBOHSRYQ,B09Q5HWYG1,4.376542031047358
AFOD2RS4CU7CGW6FE47EKKEOE43A,B0777QWVG9,4.942715072075015
AHMNTISHI3GTTMZI4SRCBMCSEKFQ,B08GGYMGY3,4.136890042590077
AFQBCVTAHQG6HXDPN7NCOHY2YS4Q,B0BFKR6YDJ,4.853492081572518
AHUG47XGDRMNC2JUIIPN6W6CYE2A,B098KXQJVY,4.826137968256265
AEXACMZGHMCNZ5IW26NWR3TF7M7A,B09V91H5XM,4.778194997515742
AHP2UGRBLKHCHX43ZDAOMH74675A,B07Z8JCBG3,4.4740208373495145
AEYAHEVIBJLOT2XEBJTVB6TFAEEQ,B07FM97YFY,4.388713081881339
AGDPMG3RMPOWLR6C3OOE5H6SNF3Q,B01BHPZQ1O,3.6426846675760736
AGXOVGCVMYWP2GS6F52ZTGFX6OUQ,B016GNPTZ0,4.262194634079808
AHRTP6RH7TC32Y3A6KBR7VFGMURA,B07MZYNZ1C,4.218478742274702
AGYNPTCSVWDIHSPRI3W4BHC4TXPQ,B07MVRZY88,4.166404857752255
AHDXXEF5PEIQDJWO4YHUNLKIHL2A,B00B3PB0PK,3.713998088014327
AEIR2PDJQKP6MSWZW2UGJDDSFKFA,B012P7NEW6,4.903159147406289
AEHEQUPVU7V3JOAMO22LARHBOSXQ,B00B5LCADS,4.011137612163558
AEGXDB7JPODQ2VIAIO5CQL4TVCTQ,B000OR5928,4.766712903754946
AEI72WLRE7LRYOAXJ6BSBCIZ355A,B0BPLFP5P6,4.02213819799428
AHTCY2ZWS6KG6MDPVGHZIM3FYTIQ,B0013YGMRC,4.872912162946335
AFJESFZNXTENLY7JFE4XFJPLH5XA,B083JVJFLJ,4.110730599059402
AHBHS2NCMHS2QHUU2Y7YLD3XNNBA,B0BR2JC947,4.628787770626218
AGZFHWJLEXSNQAGPKLJTRIR3XIDQ,B005FG34F2,3.8961656640249664
AF6KMQEODG3TRGHTHI3NIZ7CVD2Q,B06Y6BCX7B,4.364437214858537
AGOA27EHDRLFV72SKDTUT5YNR7LQ,B09JFGY35Z,4.804826224991511
AFBJE4L3HTPQ6HY2VHIWRN3CV6BA,B0179C3V7K,4.946887552551799
AF7IFDKD45ASPFXC4LOYESEA47KA,B0192JRA2A,4.618966085105698
AHHTYXG5DLE4VN7NQLY5LP6USH5A,B083NZZ712,4.280047337444586
AEIPOYTRQ3WFQ3BPH2MME2QKT6UQ,B00BVH7C66,4.376508757599793
AHHHU6X343PMH2VY6SJIWTPSC74Q,B07V46KRD8,4.718438091738741
AEUONQ4YBHYWOKZUYAPLRTPBVJEQ,B00178JDCK,4.184548312136887
AHKZV2B3L3WPHVMNAZWK4YB2TQOA,B07FXPMKHW,4.778283589367709
AGCBRKJSQECOQJM23WHBKDDOXCGQ,B015QK3GUO,4.4684201211602455
AG5ZVXXHEXDYUUODSEQC4XXV7DPA,B07Q6Z5VK9,4.967860464210019
AG3OUTHXSZ3WBMJLNKV7VLJV5NSQ,B016E9HCTW,4.085005586477549
AH7WMY3V55DTEND6PA4TH3BVGGLQ,B07F2NZWY5,4.026006812884333
AHO3QW4O6JLMYHDH5IXMXYJK2GHQ,B00B5LDMH6,4.635992836898189
AGSVLMHAE6DKL34BW5AJANZ2HP3A,B08D4YXD33,4.378881391496281
AE6E6N27YBWM3PPG4QJ24AQOXH4Q,B00P6ZOPP0,4.330975945881214
AEK5Z5IGCZC3BOIAHEZKJ5LALEHA,B0C4FVS3L7,4.334420904110986
AEKVPWOJMYF5L5VLHTG4CLCEB7QA,B06XZYD4NJ,4.80780939746504
AEHL4256MLAXKYTZGAPQL75WZ6AA,B07TG9RWST,4.554008033942195
AF34CA4KPGWTVWQQBK4G3N4MUTXQ,B0BS8PZNGK,4.429183216554716
AGVEW3UDHY4TFUWSKPOHJGRCYCBQ,B09S2VB3KW,4.443487036494285
AFO6G74UZDWO4UYRBLXEAHR6EUKA,B07MW198RZ,4.564236255362856
AGFYUNPN5IMCAN7C45KXDXYHNGCA,B08F2QZ9XX,4.538615210936299
AHMGRS7F7IA4HM2AYAEU42MFFDCQ,B09396NY1C,4.23619573774451
AE4B3FG6SRTDDJG4T2CIYDM7HHNQ,B003LPTAYI,4.703853010717192
AEBZKYDJAA4322KPKQGOPZAYIYQQ,B000XYFBMK,4.464368580107944
AH2ZUW3SZDGAPPJXOWSTS2LIKLNQ,B00XD6EJ2I,4.502325971779811
AGID6DHXZOL34MVLPDSCO42D6GZA,B075MLS97V,4.0560854376362
AEXJAKRK3BULCVCWLEQD4TZMYWFQ,B09WQTXJRK,4.566610231652064
AF4WGPVVGGAVX22URXDVKYL7JK3Q,B07D5TR3R2,4.51277380312268
AHAQPHIBI4MGNCKOVM56NOZSOM3A,B0BHSG5C3G,4.5538685113217525
AHVJZIPGKB6EENMRVZGXZRWEQWTA,B09F98MG91,4.662787373443954
AHRYPIV4HCXR343WAJYXC45LRVKQ,B00CGFRJ2Y,4.680317391808054
AFJLUJRHMALFEUHTNV7DSSJJ623Q,B09LSKPP2L,4.766923526317764
AEN5VFEOCM4ELH2ZTQHDGUZDWDHA,B075KL6ZLC,4.578912131356204
AHWAYCEX3NCWJD32JTFVBFXKUHOQ,B07WGKJY1D,4.519807778488225
AHBV7TH4Z3WRRKXUIDAOPVUBIR4Q,B0BT9R8MMV,4.678515182456621
AFZTZTIUKWVBHZWWXHP5GDF6QODQ,B08HC8HTH3,4.775591072911558
AFZVUXBT3TNDBLT6MFQOAJ4I55YQ,B08R5GM6YB,4.530905035761543
AHV6QCNBJNSGLATP56JAWJ3C4G2A,B071JHJ9RV,4.383081346794943
AHDORHGOBGGQFUSOKSPIMK23A7IQ,B07N5J1YNN,3.7472959936544172
AHNISDQL2AYLH6KQOLPOHO4UDJKQ,B01MQSAU6P,4.280983879371069
AFN3R5AOXYR3BIDWAZWABBCFYJUA,B079L5G8FK,4.279062342750007
AH3QWAFMDYN7SGP3QF4YIM4YS26A,B075GQ4YP5,3.8665331778001018
AGBG3KK74IKWJNQVMQAGVBWJ7FAQ,B081T636X2,4.783666844321716
AEVSFJBESKDRNM74LZNGODJRERRA,B0C3LJM9F7,4.8623621399956445
AEMNS2DOUVR6KZO3JN75GP44QRJA,B01E6T56CM,4.479550734432905
AE7GFJWCHUHU5XXNXSQERG52SD3Q,B0B4RWYV1D,4.419181169962573
AEN6ANHOT5COUFKFIQUZMB4XGIEA,B07WJYTDMH,4.1036488396388755
AEJHTN7ARNOUDTWEPAVQP6FB4ICA,B002R9ILOY,3.841046600406258
AHLWV6FKLFZU7O46CIC4EPMK5NQQ,B0B7C52N2F,4.786293690617805
AE6PGN2WW447FQCQ7CQFTCO4L36A,B0BKKLR2Y8,4.137950453962311
AEN63GCGPS5MXJ44PS2DOU5UKYSA,B01CFGB8KM,3.672515146698792
AHMF3CETOSFHORGNDO7D6X32GUUQ,B07HHPVHYF,3.9797435047695964
AEAB4LQBBULU6HIFVOOFFIPWDRQA,B08XVVC2C1,3.9532708282014783
AHGQWA6ZHRH4I2PIDDXBWDI3CTRQ,B00DY1F2CS,4.270718149932015
AG26VSS7RPKXVTAUH5XE3SEVZYCA,B07RRQG6LJ,4.71596383596279
AEOSGY7IDZQ7YS32FCMO6LJTTXEA,B0B81J9HDM,4.654955852139094
AFTPUNQ4NGIKJHIEUAFA3GQBUY4Q,B07DWKWLW1,4.922831581545633
AFA2RE2FHTN4VMX5HKI6YDBKWRUA,B0BKZ7328F,4.579162620605749
AGBB6RRNC5RI6PIQJI7JEQ5GPMNA,B0C5CTX5LZ,3.5176850136330473
AEQWIQ5K6LLNVFPBJTPKK4J76SWA,B009DAHPLU,4.6195568589335565
AGKO2DKAZ4JOGXIFYPDM5AZXU3RA,B00GGN4NXA,4.528859059408947
AHW2G5R3FA7BBXBDIIGS6HFWX7LQ,B00HV8F694,4.255819366083392
AGNUSBUMRYEQCOVGPUQPEOSZ5WRQ,B07CQ919R3,3.969786897702278
AGBRYKFKK2VTUEGQZB6BM4Z6B54A,B0749K3CB5,4.841143813846503
AEW2LO2YEEIWZ2V7CPL7Q6JBM4HQ,B074VRW7PP,4.726156273244881
AE4QG7BGTHU5R5U3GJEY2N2GCHEA,B07BWMQFMT,4.3636152770672565
AFUUITGBIEU2J72MYFZXPRBY4BPA,B09TXQ22KG,4.823158053770602
AE6LBUCRJA4BYSOSQZRYQ7DCR6BQ,B003552MFI,4.201487255180338
AH6IJPT5AGQ2REQG6M7HT5SAX5QQ,B0002ZO5Z4,3.880367535842666
AHYDSH65ZAO5BMP5AFT4KYN7PAXQ,B00A7KC9NO,4.272867515772213
AEPBFQ3U5RDTWMZJHZ2UXQEZZ54A,B0BYP5CC5T,4.74336193501702
AGBQLDJQ42HII7EPMRVHHP2ESXCA,B08LVRB74Q,4.006602183481022
AH54WSBMTMNXGHWVWXMKST7AW6BA,B0B92LPGD2,4.240233337944784
AFKCNXEIXNHATVJDGJHI6GY6UXAQ,B0BXZFS2QH,4.688892174906542
AHCTXCBORWAVSGY3WDDKO7SU2TAQ,B019FAKN4I,4.456435736316005
AFUZSTHGF4TSNO4WHZTJRQXAITKA,B018FCZKR2,4.344671995372316
AHWJ4MYIREGTA2FCTJMYFGGJ2ERA,B07FYRDYRZ,3.5454858490949785
AG35W6GDZ6L4HFCDMMJEKO45S2AQ,B00GS41CHW,3.9198652536391805
AHWSZB7RGTT7VKF5ZLHFE35KAJRA,B004XNK7AI,4.671562387605542
AHCLEFILWZQNDMN4L3LC3DJLZNSQ,B00B5LDMH6,4.487223150595548
AEBRAOXMNRPNF4LWT3FICZ7KRP7Q,B0BK6MQDZ8,4.771416607726863
AEVIDOETQTYGFWUVJGTIDMWH4YFQ,B07234PV7Q,4.850193767335257
AF2CBWLZWCLXR3NKUNW3RWFY3QMQ,B0BFKQ9QXD,4.626648509937088
AEJ354XETZRIGFKZSCQ77RWYN2ZQ,B0BCW884JL,4.256023963403611
AFSBX23YWCK6UMDKJPDEE3JSHRTQ,B06X9YBVXS,3.6799964398926366
AEMPFCS7HQ2Y6NGNT77N7LPZBUXA,B0CC665SQH,4.9300817800285515
AGDSRUXYPJXPQ7RPI3CAHSS6PQHQ,B01GGUTOFE,4.481938675657446
AF3NJDOTMG7BRKDLV6UM7GHFC7XQ,B00BAYRLBG,4.536199955620822
AFDSDZ4A6HKSIFVTISXLNY4KBTPQ,B0731J628Q,4.478928395300973
AFPUPFU2NB4XSBE4EAHYFE6OCRSQ,B0BPJ4Q6FJ,4.8377746252669604
AEACBSG6VLBDVF4LZ745X6IQS5EA,B00TSCFIDA,4.674930799616786
AH2IGNRPNCVDZH3RZLOHZG3Y5OOA,B082285YXD,3.787186515477251
AEVH5YZ3L44XXUNLZQH27N7K7QNA,B01BCQ12C0,4.33568131806338
AHL457VUDF43IDVOQBXFPGWTDYMQ,B0C5LYJXLR,4.2901250780285745
AFCNM3YI5C2PJ7RGSJO7ULK45GXQ,B0016OIIX0,4.75716388147928
AFLXHZ2VWT2UBCBWEFZST7BWTQ6Q,B0036ECH1M,4.547662247119799
AH7UOQQDCPZIWK42EWAAPCGDPJ2Q,B077DJBDZZ,3.713999346964781
AHOYUUCJQC2AISSMC3CEDCPJ4CCA,B078L11275,4.72567114872529
AHOYB35WGREZCTDLU5UK7RB4635Q,B07RPW4PSS,4.43144933971683
AE46JXESDQQOX3CPKT4SU6UE66OA,B01DBHC9U2,4.256012763099187
AHSMTWPUYFJQEQKGDC5JQKF3WBDQ,B07PR9DHPP,4.53594189848018
AHJSQLOO6QGKKTISN4MESXX4KIHA,B015WUVA5G,4.627869412684673
AFFF67RV3HP77VQ5APIA5IBUNYAQ,B0002OSCPO,4.304592677557745
AEJFDCNUNEUBA3QZTWMKL2QIYOPQ,B00Y0CG9YA,4.408643465754565
AHBERUF4M2B6RH5GWANC7POHYIWA,B07795XHLH,4.114013165691844
AHY3P536MRDP65BQ7425KJIC765Q,B0043NQVJY,4.622483459606233
AEYVHL5XEPNEA2XJGVG2PUWROHMA,B0BPJ4Q6FJ,4.736493088134589
AG4KW6SDOPLIZ2Q4ZMG7CXYA2XCQ,B075H3NK7R,4.46864325370867
AEMCTOWA4Y7TVDDMMQB6PTBT7WTA,B0B5D7JW6B,4.463531694947886
AG32TQXMHJ7SQIEIC7NPE4SI6AYQ,B07DWY44X8,4.791478394368171
AER5QDAS73DK4YQMARYZKXQDDCIA,B09Y1QWK5W,4.687778563718337
AF7PHXT3XKR4T5OY6VLNPSLIIMFA,B07T9NM5QR,4.513492798122056
AHOUKQ3IRAEAMEHDB6U4AMB366NQ,B07T19X6YP,4.056010445326172
AFTWTCVFKL5GDM6YHN5ZLLXS4DOA,B076ZQYPTY,4.732505370483823
AEGRFNR75LHVGYTL3S7KM6GK46QA,B07NDFFKJZ,4.341565907450523
AHCLGHTHPTV3ODGOQUSJI5KT5KXQ,B005DM7G84,4.503421461845568
AGSS2AHFN2Q453OGXRQCWBAWMFSA,B000WKW8EY,4.459779746041575
AEU6XHKEJAVSZBGL2YK4II2OUSEQ,B0C67HCGBR,4.95101472792124
AGVCM3R5WP4HKBBZZ5LTCO6U7CZA,B0894RHK93,4.879724606892039
AFNM7GF3MJDZY6V5JXN7BCCP557Q,B06Y3MBRJS,4.420569471951127
AHU3JRE5VZZ2UJ4WWXYBJ7FKUM4A,B091YFQGCJ,4.699990143099754
AE5NHYE7QHY5NDUJTMYQIUT4GPZQ,B09MQZ8VWH,4.334115831912134
AHSAPOPT4FEV2BSC64GQUHU5PAKQ,B09CF6CL5Z,4.3065904487792634
AFOOI5ACUEN6EQJGID72GT2LDZAA,B0007TYPZA,4.897642196853312
AFTTEV6XOTXQ63ZHYDUOSJ73N6WA,B0BCK6L7S5,4.4118168036905026
AEJRAI75WPYAHLU7P7NQVQDYQW3A,B01AFHSS92,3.1088812344964185
AEMUWOGQ7TO6DJKFAKMBPZ2TEDHQ,B07NWZSBF3,4.948802615277889
AGIJFL4R5TAGREX3P4MRA7IG3CRQ,B001EW5YQS,3.984074619082378
AHOOMRPHHCRSWE7ILQ3FA5MLZAUQ,B004GWQM1Y,4.0350994943841245
AG4IZRO7BIHOZQDCH65GF2N4OJRQ,B00C5GZU2K,4.414299291139747
AGYZUXIZBE722EPVMRXGM7GMFWYA,B0BBPQGSZ6,4.630130773491778
AF7CC34DK36SQJS7WXI44DREGWJA,B00G964BUY,4.933362325046127
AHU4TGHXLUATFJ2AYXXXCCCZOQ6Q,B07Q9JB3CF,4.964143551926519
AHNSPXAYSM6UVQ22WMIUMSJUCVDA,B0002MSQVQ,4.584662173907291
AHQYKFQSALRRFQIZLR7QQZTXP5HQ,B07J4Y1XZ3,4.522182000435994
AGAHOWH4BZ35HBTGXRRC7P35LEOA,B00ICIUZXY,4.286168199084723
AFYGFCJC43J2XHGJPLBPPACRLCRA,B0035LCFRW,4.764966065952801
AH4PCTM7BHVUX6WCGJB5PNS6K3JQ,B088DNMHKZ,4.283545300125307
AHJBRDZIS3BYBISIRTW4ONRLNJMA,B0C61T841P,4.762637092745205
AH2WPG5KN5BDQ2OFGSCFPZR24UCQ,B00G3785WO,4.60469140211458
AFP2W5EO5KUKR65IEVIOPK4YBXCQ,B0B7C2NM84,4.005186493755307
AGN7KMV3GSGCBANTJAKIHDQYEFJQ,B008BPI2OW,4.717040167061248
AEUTHNALJONDC2QCK4AOXDN7RLGA,B00B5LDMH6,4.662302868589581
AG2PW23TNWB4BYACHY7DDDTHCDYQ,B00646MZHK,4.694183730139312
AFHABO3IHDSN4KN4GZLDNFGSVSNA,B07TXTJ9CN,4.479169149719082
AE7GVDNRY5NABEP253Y3GMDUZOZA,B0002E1VUW,4.396578525496186
AFTLM7TQ32JZRHMPTIIULBY6DA4Q,B0BFKKVQZT,4.10031712291414
AE7EVXVTRZV7QON23BTOMC7L7W3A,B00HSP6KGS,4.436428306809875
AFH6AUO7HH5PMJBRBQGQQKDV5HLQ,B09TZWTFQJ,4.519376716446688
AE3K3YK34ZBYG5JEV2YJ6NQQWTAA,B01DK1ZGSQ,4.748242994006248
AGW4GB2VIHMPVRKK35QXA5PY5O7A,B00I6JGPHY,4.104852761766705
AFG2SJMPR5KW3BMFTOXGVBTDQW3Q,B000EELBQ4,4.236088639728062
AFUOTG3XTETQ62JX4RBG535YHF5Q,B08Q42TDNX,4.196681834838141
AFPIRSAROIQJGPSBTYYFZ6LCFSDQ,B00460AIY8,4.476397395323961
AEZCTDIBXZVKKAKKKKWSXKPN2MVA,B08M5GP4R4,4.6304062753200945
AEHAOAYZZPRN6AGCPB57Y64JRHGA,B08T9CCXZB,4.753144059617577
AFUC7GTWCVAJJEZ5UX2FUYNTX56Q,B00T38U7HQ,4.870453921111673
AELPZ4L6SBDGVM6LTOQFTBJNHTTQ,B0B863M78X,4.653156207879867
AHAIHFJL6RGSQRFSI7RXMRJF3VJQ,B000CZ0RME,4.306202460148767
AEPIBDY5VZBDD46DVEAA5YDTJ6BQ,B00UTD0YG8,4.585165116777165
AGDGE45XMVECKBID7RUI5DYSARRQ,B004SX1BCG,4.3198512889190015
AGUGTCTCOHWX27GP4HY7DXJWA42A,B07DWLYGKH,4.537797839203849
AHZKNVTNLZUHNYE56UALW5L376FA,B01E6ATMVC,4.5316668428887965
AGMAQW3YOWHJHUEQ7XLVKCXEQ5LA,B0B4SGJRHR,4.528467598927579
AGU7QPHJEV3I223SCEK6WUYKWCQA,B085JXWDPC,4.317972093637905
AF7Q3BESM2J4ZGMO33U22NOH5N4Q,B08T2GKXNG,4.134091155810523
AG6DCMMH6QAKQBX5R32MBRHYPEUA,B09JYHK3KF,4.333377312492625
AGKK2ESNN5YDPLEM723AYXM6Q57A,B0764G5LLF,4.2382724159288
AFIQINUQGWBM2V77C6RACX6CB2KA,B09NLV5LBK,4.507141714333023
AHICPR4QVQ5FMDFSESYDMTT3BDZQ,B01C189D3S,4.513301540128759
AEC5F6TB3IB5HVKMUBAK7IHJ5APA,B019GYKGRC,4.604593093431692
AFZF6TKKPUMKKB63FCUUCNYUMUXQ,B0002D01KO,4.600471647906917
AGTW6EIKVNWE4ZGPPO4BOIBIEYMQ,B001GH4H3W,4.6253454064107755
AEPETAF7OIZ533QUDAMCY7TZVS6A,B010AFGUXK,4.465553189227435
AE4YPIJSDXWSKOUGYF4SDK4SBLFA,B0BXT384GR,4.396254496364553
AFXFM5NXAVT4XKG2KKN2VKJNELLQ,B00LOAAPKA,4.433230463051355
AGDLSEHQJIHHVM4WEZW4TZ3UP2EA,B0BZD23GWH,4.772425874691607
AHROUXIVZXJZW4MO2AFN3ONK6DTA,B00HX9F3ZS,4.825467249739529
AF3NOA47IJLZ3V5SQBOAJHUYDFJQ,B000CCSWQA,4.521991059265509
AGTTMVW43RNZJSHQU6XL72TTTJJQ,B0B8SNVK5K,4.6853803635084414
AGZ3QMLZOWSZJPXAPSTGORHBPVQA,B09Y1QWK5W,4.6776799962553595
AG5VPLIV35AA6PZ26WYOLICVDSOA,B079SBHJG2,4.059788370086346
AEZIIYLOX32LD5NZCQHC6RM5FJPQ,B00MS7GAXE,4.797952023314423
AGUL5JPSQGFI3L577EYSVVN6UW4A,B00MW47D52,3.6166204820443846
AFDSDZ4A6HKSIFVTISXLNY4KBTPQ,B07KYX3S8X,4.608520441504768
AFNKBT43T4ZU57H4SVLWIEB2RBIA,B009756KE4,3.717767617266689
AFZXFNKXADRAUQ2NEDYY267QINIA,B096N9VDL5,4.1759472363777945
AFEJWAUYO65ISM7466PZBVNE6AWA,B0891WVCNV,4.764501318613079
AGQDLCYLRHEYZCPRSIASZ6O5IH7Q,B004WFXM8Q,4.626474064904673
AEP6P3KJKABIZ2XBA3OQKRHEB3WQ,B08DG2LV8D,4.966139868297431
AEL5CQ3X6KXRV5WYDVVDLDRSVXKA,B081F899LF,4.242022369456474
AHHGMWJB7XA6STPOVKYABUZ3X46A,B0BHSG5C3G,4.689458810573347
AGLNYIXGIWLM6XPIARAHD2MHUJQQ,B076GHR7DN,4.681711680870687
AHJLIZ2I33CYSBMESAQRJ6QOIKKQ,B07CLJ3X9V,4.876051036477172
AGCZ3QLNT5PPADTVY7CUGUI3VNPQ,B09KWWS7DH,4.721228265270953
AHVTPXABLBUBOHIQYQ3QQG6WR6LA,B0BNVFLP64,4.472491830537581
AE4PQQ2BQO6IGXVLTI6GBFCNC7YQ,B015XTFNP4,4.818850306183638
AFF6IT5MM7GHW5HLHWHVMWPFNUPA,B086RHFW8Q,4.693497707615243
AECHOIKAEH2LO65T5MXU2VEYDXLA,B0BKQ6GJ4Q,4.103251683040871
AHQD6POMHRBDXXOFWU7URVQADS4A,B07V3G21HX,4.321200360957514
AH523GWJBQYNOABIP2MMVG52UDJA,B01K1EJQ9U,4.562969527650808
AEENSLZS6WAJQE7GRMNHI74TIYYA,B077Y4J6LK,4.414710119518008
AE7H6JSPLCW25AV2FFZWUOMK4Z7Q,B0BRQGJZXR,4.202198089532412
AEEGBXTASTDNNZE2QXR5IIGX725A,B009B3QK1K,3.6790402111268925
AEAMKS4TLLFDJGAGQRDRVWQKTTQQ,B07Y6TM959,4.750313726757946
AGTTMRIFEHUY465FSDBKHC7VO3QQ,B0817CVBLV,4.48859757609829
AGFYJV3I5PY4BEVYZ7ZF5M2TQ2MA,B00H7Y2ZXM,4.343644703914063
AFLQPQYPYU37DCI5FTQVUS3LRHAQ,B0C6J2DPBW,4.958320524250662
AEJZFZFWZWXIG7HSGPV7HHQXU47A,B07DKXHD23,4.375855809056834
AE7IOTV5KHC6JJOWIRCTXGRLPXLA,B0B5K9HNRZ,4.831857297653797
AEAGSWW4RVIR4L5BH4MVOV4X23ZA,B076ZSHQ47,4.469820597743633
AF7L5HEKBLHA2ZJV3W3WEJHAS6RQ,B07FY3DN6Z,4.7758852458678875
AEI4IG2E3DB6EG77RG7QTQWIO7PA,B07DKZZPMK,4.151171377973882
AGMVV3CK2WFPFKXOMYX6F7KVQOCQ,B0BSGM6CQ9,4.788687323715455
AECRFIY3HZZG5KMU424HTLAKDGFA,B006Y2FUW6,4.361121385635589
AFDTKZQWHY7X7WCXKNI7I5OMV24Q,B09ZTWQPCH,4.1030687692646834
AEHTWU2WWGU6QC77IAKXIEKJVDZQ,B0002ZPK0S,3.814045884265539
AEDUXNERFORVFJZGC54KAAYSVA3A,B06XPJHYDH,4.416131518326513
AEVXF65DTCWQ6CRAJNNOAIQRLNTA,B08NYC91V2,4.301571289461894
AH7XO376URXXCSK332KEPQOX4CKA,B0002E2O2Q,4.461184863830218
AGVIE3SEBXB423WTCXJXXU6GJHWA,B002AKVQK6,4.936547571493263
AEUGTL4YUP7YPR5GR6EEWVUBV72Q,B00RVE9X06,4.304341172210537
AFB6ZBPMGBPQ4P6AUSRS5A5DNHHQ,B00RWF76NK,4.372164309197026
AGRIXMGJZX63BYJKHN3B2MFPCSZQ,B003QTM9O2,4.521724941663617
AGMD22ISCSNBD7MO5OHF4X4OZAYA,B0BZK3X11C,4.436648739922404
AHDDXHXK7YKEQAT4XUIFOPHGXPOA,B07JCW1KGG,4.369890517139942
AGNUX6FLI5B35IF3BOO5UMHR2DMQ,B09CSNM1YM,4.618544383003137
AEVMUYW4QOI2KRXFKTAD6XHBOTEA,B0BPKH4HB2,4.43929708084688
AFT6HB5DLOBCIEFNEHW7LC7I5EEQ,B00BKXN9LS,4.148760701962786
AFGDL6B7XAOXCKQCPE3VIKORLA7A,B07H29JSW2,4.605441280855431
AHZHSRRNEBAWENEVOD7Y5GJJAF5Q,B07XW3XD9M,3.8409906526917
AG5NEBS3VFNQPNWGGXYQNRNAHQTA,B0BKR2ZM9X,4.9332733535439575
AHI6VKDBMMW3SFIELB7FTNA23GLQ,B08MX4Z69S,4.196953108278417
AH2TYI3CFL4OKNP3UZ7LFILYMODA,B00C86FA0E,4.406392458239953
AHWXEOF3AV66R44YXMV6OL3GTLWQ,B082Q2Y9VY,3.993431480881544
AFGQTSA5VSAM326LO6ZKAIWIFK5A,B0B1989GQS,4.170386920361172
AELKTYI3IJD72NC2XNTKIBQXISFQ,B07Q1GKMHW,4.938856846540933
AE6BYVUHZCRER7JBO5CFHJEOHAVQ,B01M6C0Y4T,4.102971272152072
AE76MPFI6EGHS7HMMTW3SXCLVVKA,B0BKR2ZM9X,4.8212699468772335
AFLCRJREMULJV5T7IK6CBKWUTJEQ,B015JTEBN8,4.546973843515201
AF6F2APVKRIOUONGEZECMR2B3CVA,B0BS6HRTYM,4.935111410331657
AGHYA4YWNDRQCRJIYMIETBE5GOQA,B077Z635YX,4.756310180407007
AFSBX23YWCK6UMDKJPDEE3JSHRTQ,B00YJ5C46K,3.794618940462344
AFESQMXWP4XIRXTUYYBEQYFUGVDA,B09LTZ1QXP,4.944259950075928
AG25BHPXN3IJ53EHA7JCLMPPQUDA,B0BKZ3GCGR,4.2821605322657845
AHB23CY7FVVDASDABSXKUQBMGMEQ,B005KR15HU,4.187173909957191
AHXTCFJKNZFKU7LCHHP3X52UGHYQ,B0BGHMQJGC,4.907376539296319
AFUHPP3DU74RKKXMDTXDKRSQ2BEA,B0B3VKD9YG,4.218426862164502
AEY2NVJC7XMQF5GKEN3SAIPBN6FA,B0899N9BYZ,4.43917703438115
AH24AXIG2WSMXXKEJWCZOCCBYP4A,B07KDSZ2TJ,4.514740560294945
AGJ4XF6MVSXI2HMTCU4EF3JWNMBA,B0089NNAZ2,4.961069271632978
AG5SZTGY7NOOTMAAINWQFF6ABKOQ,B0006IHLFI,4.737465078770555
AFCLOTB3P3EXMIQAKAZIP3KGAYQQ,B0776RXV87,4.206529522438038
AHCCPJ5DAAMUBK4K4AM56752Q47Q,B07ZG6ZB6K,4.945209466870067
AGR2HGNGBX6TFVFHQFKXRPP4B22Q,B01LKYTQOK,4.852785001805512
AEGY4M2W2G7TDWBR5YPPSLPSKWUA,B0BKR2ZM9X,4.927043526320917
AEQP2NXBADXJISSIYTTUXUBBKVEA,B0BKZ51ZNF,4.074681243394223
AHPVI3OB4ACS2O5IZHURWVZBW5GA,B0BCK6L7S5,3.98156660486278
AFOMZPIYSXVAK3NJUCP6O5SXVV6Q,B0BKZ3GCGR,4.886706084219863
AFIMPB6NJRER6XOJECJLPEVZ376Q,B01DN7OC00,4.410623389901421
AEQKLE6U7TJCGBHR6ZJGSYBK53BA,B09Y5NZ8PN,4.552018297466237
AHQ7UIJUCTKYWL6SHF444WJYBZPA,B07T7ZSJXH,4.927831934944816
AFERHIL333KWT5WU7YKEOPSUPNSQ,B09TSX4LRR,3.740186101176381
AFBVKQ4TBCCIG7N5BOIREJ47BGEA,B0006I935Y,4.134218202749246
AHMISJPGXHEYASCQVCZF7HRA3HXA,B015HG7HMA,4.574049774779568
AHVI43NDUURIE32PAEBBA6XGXGOA,B015XDJB9E,4.143973475407139
AFYARBZU7G5SNM376QLB2LAN26EQ,B06X9KG3HW,4.847796934765875
AF4KMM2FTBZGXA73A2GREYOBPUWA,B012F2891C,4.508868000402542
AHCDQKCODVZFMU37AXNWP4ZO5DWA,B094CH1B9Q,4.195915612326728
AF45I3GRZOWVCAOUZTZP5GWKYACQ,B09BF8XDF4,4.945377156920159
AFVKFJG4GS3B5ZRY5WP4ZD4QRMHQ,B09857JRP2,4.930282031308113
AF3HCCRD73O3FDIBO2MGDFGSP6YQ,B07YK57N2M,4.965744600798415
AFPWFNBSJ2BTR5JFERVM3G36OGYA,B00JXOCJDK,4.692276443828203
AEFE5OPBDT3RILFM3R3IX7XO7HGA,B0C5CTX5LZ,4.228561531015958
AFVMYR2FFXAFJFA6PH4DKH74VWZQ,B00R2IPGAM,4.901083594344644
AFOXIZ6JE4V3UQTNXLLYRQBQP65A,B074G53Q94,4.395853689907558
AF6BJF7NTWXZHYV2R7EE5WN7GGOQ,B09857JRP2,4.936749164641446
AERBQKR3V6LV57PTQVWP23Y6GRQQ,B09T7NX5K7,4.719668567242973
AE66ZE44XDI6BJCJSOSKG6MBWGGQ,B08JMQR2JK,4.562176686546901
AGGNUHX7SHFNTW2BXMX3L6IQMVJA,B01KHP70Q4,3.4724220559567898
AFQTVVXBTAVRD62ZRIY4VEKJAXCQ,B08R5GM6YB,4.48234073287078
AGF3S7SP4POWQFRMEHW3EKQLDQEQ,B07RYFLMKR,4.462690597085147
AE3AHNSAV2PKUMPM6VJDZVQBI24A,B07BFZ2KSJ,4.563850293379382
AFJTLZY2NBAFQGLY2WO3EXQ57IMA,B08JMQR2JK,4.66893084181928
AEGMU3LN7XWD4BZBYRUI3H3P2PTA,B07T1NNR9J,4.940614757337752
AHIC5S5WEMJBL4CTQTEQMMPXYHOQ,B00TXC247S,4.7291644485277615
AFMLW345SNBGK3JEAORUARDH2XCA,B015XDU5C6,4.569890644049373
AEHEDFYDQJCBL4NAZQNLL77LZKLA,B09PWCF6T9,4.866073344705948
AHNHO36HHQWJMDOE4WCC6MQP6IQQ,B08BN4G8GG,4.6353428133251535
AHOAWBCSTIAMPQ5NXRG55NPC53XQ,B09R2XFGH4,4.7322986976064305
AEHZGXSDEAGUASHTS4WCKIZ2RAWQ,B01LEEWO7C,4.242685837793487
AEQZCIHPL376ZN3LRVIK7LKIO6IA,B0BFKQ9QXD,4.545383240292423
AF5C267YUPX3E6BS5SVVTOJ7MZRA,B015TBAAT0,4.717207999622352
AGWJ3WOKO6JPVGAPDSYZJCAOAD2Q,B08DBDD6CM,4.763693027435346
AHOIXO4BNOZJEF34VCBF2623OR7Q,B072HMBSND,4.414107772898428
AFSVCKU6P4HUUJKHLWQC5MSI6NAQ,B0BK9ZT28X,4.938522250200276
AFFQDI5IDC56MNBDE26K4N67JNZQ,B015WYRWYA,4.8687143375217845
AGKYAVDS6LE7DD2FVDSRKE56R64Q,B072L1GZS1,4.494323138364559
AGACPCDVQI5PYLAMRF4N42CZ5JYQ,B07DWS1PTN,4.603990044764717
AHRHPM3CBEFVTPT7K3QMG2H5N4GA,B0BKZ6JR1L,4.621902398319057
AE7XSUWVSIIVOMXCCM5UA33WEGMA,B074QKLW4N,4.466945596663483
AHFFQF7F54OARQ2OOKA3ILYMRK2A,B09KWWS7DH,4.726277771564189
AGSE3WV7SGP44ULL3HPGIDU6BY5Q,B0151KT2B6,4.534318396477382
AHJ5E6U3NZBRT5TDYJIDVAR4WMVQ,B0C1Y5KJPX,3.9129179781598427
AG5ZVXXHEXDYUUODSEQC4XXV7DPA,B0872CS1BX,4.9602727072373645
AGASE3XTUSEWWXX6RV5KD4NDXFAA,B0002KZH9C,4.744119899952458
AHLFISEX2ZHKDZEVQ6JJUQW2FP6Q,B077GK1J7N,4.670959118919564
AHNIRBHHFJRLSXMGAII6GIZS6KJQ,B0B8LYBTXZ,4.7323691760154025
AFPBAKD7M3P6L6C6M6OQZYEAJ5OA,B0072LXG2Y,4.948500846253711
AFUA6OB6SCWBKSYUGQD36JYUG6EA,B081T5GXGT,4.61797069590798
AETTWO5NLVUFBUSLI4ERXLEBEAXQ,B07CQMZVYL,4.453331317311087
AHN4URYKUCQ4N4H6ALR2A3W64GIQ,B08V4NHDD1,4.4096895195549255
AG4V5XXWHDNHNDQB7LC53EMMVBBQ,B0C6LGVWBR,4.344278958448847
AHWRM6MTDIISQLIKSQ7WG6JYPXFA,B0BRSK33BC,4.556923204063028
AGNEJAU2YSULDNEJHFJKZ3WLDIQA,B001P33HVK,3.802629920657441
AFSPQJJT2RCSSSO3O4MO4IJPETLA,B0007Y18UA,4.326944697900975
AGFXIC7CBCZ7S6TAQSMYJTX25T7A,B00HU260SW,4.246367904642265
AHGKRZ7262OXWYK3MW7SRF6II34Q,B00724YJJ0,3.983712379685198
AGA4R2ZGTSIJHDIBLG23AMNKJ73Q,B0BT9R8MMV,4.83926304209232
AH44K3RPIQMVWG2G4EB5FPVIVUEQ,B08FYHSQTZ,4.238338622078748
AEMOOALRVX5GJZFIDTWBE6LD77CQ,B00DY1F2CS,4.3995263053192275
AGBX2M3IT2QUEK7FH7FBJX3IIKUA,B0002H0BZU,4.901755111037865
AGOVHGOTW22CLVIRUIW4JG6BB66A,B01DBS2U9G,4.401479029953877
AHQ72YFKLA3Z7CUMMDNNVDPLR7WA,B003K16N0C,4.413818099284374
AFH6VTF4HK7G6XEPGKMJS54HS2BA,B00ABMCHOO,4.563476606369785
AHQCDCQ5VFDGM74DM7RQ737GTOYQ,B0B16WH36J,4.676811575941195
AEAO7MGTW5ZXQBBPPW7ZW5JU7OFA,B07DM7T23J,4.052716494337967
AG5QH47JHVYT2XEZI7TPJZIDRCJA,B00IFOTSJW,4.8221959456348715
AHMRQ5BGO5EBOFVVGOECBWCNEESQ,B07S9X47LT,4.573895032194654
AG6FYGUMXO4TSTPFWPFTNHJXC7WQ,B0BK2ZTCWF,4.794903659382949
AGBJAE2I4KB4GCVNGK3CVXCPGGYA,B09RTZ26KV,4.302717259316103
AGPU4ANHDRQEW2M6F7AWFLXSXFNA,B08SJY4T7K,3.7509631026063404
AFO6QHRGRZDTKQC6SI7V3F23EPYQ,B08R5GM6YB,4.431245738722961
AEY2D6S47J7ZNE5B5WHDGOMTBDRA,B06XB3FQKB,4.6138561859386185
AHNG3NRGEDYO7E44QMYDHMBADPBA,B0B2LSX437,4.455385688540351
AHHHU6X343PMH2VY6SJIWTPSC74Q,B01LYV68RY,4.7010945553735395
AHLFNMCO2C6QX2MXA67OMESJWMJA,B00X9OM9AI,4.218042180801636
AEDJWFGRV2TQQ4MBPEW2HWXBIJQQ,B0BT84L827,4.796341659467351
AHOEAFR76BBEHYKBUJOARRUUZXUQ,B0C5D8X3JT,4.210655424271649
AHEMAURZYRCARVTVF6CQYTYE4I4Q,B0BK5CXZBT,4.940300826151841
AFU3UIBFZ27X4ND7JL4WDM4BWWUQ,B0B927ZR1X,4.704960755297834
AEY7XWU3UUYRDIZRWS3BOL5WCXMQ,B01E6T56EA,4.9221632444543335
AH7WTH5WIOSENLQKENY7ZFUKFFOA,B06X3R93JH,4.928843648234157
AHAR2WCDFYETREAF7SRKJ6T3RMKA,B01LYM0TU7,4.5458237083063295
AGOTIZH7DO5TBSSAKDOMYQKDMDSA,B0BWSLC95X,4.742021258030535
AHT4MIYEH2QRDBU6EZSLLSR6DHGA,B07C91W874,4.34068643190317
AGZ3LEJIBPYXZZQ4PCMSOBFEKBEQ,B00WHLLDWO,4.506935848813552
AHWEFDLYUK65S6GKOH2OB5EZXK2Q,B08F8NV6JP,4.709279595577272
AGBIJYZ7IEINJTEABKHPXZYE3XCA,B00IYGR316,4.409046045553786
AG7OXBZLYEUB2RGFJE3M4YSODTQA,B01GV1ROPA,4.83012543384966
AGEJBHASBLTFJKEFNWWWQUY4BZBA,B00WJ3HL5I,4.068323778801386
AHJ6CRIQ43EJYLQZ6NA3BH5K76WA,B00L1LL7DQ,4.739272763190265
AFXAOSP6DVC5SKYKKZ7YWCLSZXVA,B001PGXKE6,4.559040613569599
AGY4LSANTCTFGGXVHUO6BBDARX7A,B0BMDF94FH,4.973547613984651
AHQZ2NS5S3ABY7JYVNXD4LCOD5MA,B000VJZOLK,4.536884789813359
AHSIQ6XXQM27XS53U5KJXPJQM7QA,B0713YCK3Y,3.742178126667863
AELR7SP5EGJFQ4CK6PEKBOXY3IXQ,B08R8FSFRB,4.399067864519037
AEZKUSCAQI233DQ5QHO33MLVQWYQ,1423414357,4.254592139890241
AFN6N6Q7OHAEP7FXRONUUN2WFO7A,B0BTC9YJ2W,4.776699925439995
AFMPAORO46YEZSKP237NKNPARFCQ,B07CBT4SYD,4.657423727533694
AHOEAFR76BBEHYKBUJOARRUUZXUQ,B0BSCF2FD7,4.330858573473635
AHQ44RQY4L6L5JFMEP6XZMRC7WXA,B0983RZ6P3,4.828266396457228
AFUDTLQNMIHNKJPLEEGTYG7JU3WQ,B0002F5IJ6,4.064092524302853
AGDUZDJQUH2MA6Q6RBVBVV7FIAIA,B088RC37QK,3.682263661900647
AEMUY3R5V2OTJGLA3HKDDYTHN6QQ,B08Y5QMCYQ,4.472419988449254
AECINQ2KJWDR5GR2JWVIAEPGR2SA,B091MZPYBQ,4.593234797197081
AE5ZMMF66YZVYG2JZLE3UDAGVYTA,B005SUS2YS,4.963988641141012
AGEJWLMA7VCEWQQFI4FOPYIMFW7Q,B0C3LHCRJ6,4.351618514688557
AFXCILHG52QQU6OVFOX6RNAWA4CQ,B01NBT5ZP5,4.783876061507706
AE4X6EDOWQIX7OUSMRWSAHHJ7HAA,B08JMQR2JK,4.432491075200479
AH4AZOJ2PGCRKTDED2SGZXOOKRGQ,B00TV90MT0,4.546080479044607
AGTIWTOM2GUUFVUU3FBFTFZBI6HA,B098LHYD3K,4.600484110701495
AHFZAFS6N6PCSICYG5P3BEEBO57Q,B07QKTLN2Z,4.373006835020466
AGOFGZANYMUDHB2NTVTOW63TG2RA,B09JMYM88H,4.535601430556449
AEQK6QPYSQNUNNZJ76ZMAPCJOHIQ,B08VCYR3T9,4.5971176470801325
AF5XVNQXEWRDQHIEK4RIJU5JZGWQ,B0002VSRR0,4.903520801795581
AF6UOGIEDOPIQQVIVG4LISE7QJMQ,B09BFBHQ1T,4.539586956135004
AG4ZLTRHVAZRU33BPY5Y643IZXPQ,B009IWNWGU,4.792850487852063
AG5EBSOOD75MB3YZVBKH2Q5GDYKQ,B00466HLWO,4.286259384003157
AGXZVBAQ7O5AXLHRTNEZ4RPULYSQ,B07TDNWYSB,4.594428279416897
AGNM5MOSGUVFVLSCZHUDEMSAYIAQ,B01NAZMWZK,4.349417985623408
AH2OBRZXXMVOFKUQQUGXFSGIMYPA,B09G5KLKX2,4.36506496914017
AH7WMY3V55DTEND6PA4TH3BVGGLQ,B06XXND94L,4.650544927102749
AFNY2S3YRSPY6NST2O2SQFMSFRIA,B06XGSXWKH,4.68110508577998
AEZJ2TGHQC2AYUZFDM4Q6YX4LOHA,B0002CZVU0,4.388600268534792
AEDUKEXOU3LRYCIRYKYBXA72HGBQ,B089QRBZQ8,4.2163274090567
AEYZHA3LZJHOZJPB7AU75VO6DYSA,B01NCBLF4M,4.699054290369883
AENN2BGZN2YQ2OVGQTNXHLQ5W3JA,B00KZQ1VXY,4.949953667915008
AGBXV2ITIUNKFPPCLLWF6YLF57NQ,B07KDWXQ84,4.258706130626189
AHNLGFONIDYSUIPCHGTHAMDIRIYA,B0BHSG5C3G,4.52159894049367
AEBID3HKBMGORBEBUBAZWS2FFQPA,B074T6YNSK,4.510710153490959
AEYTL6EEQHOMLGJM323OWT7BENEA,B015G2AFTW,4.029821701434422
AHPD47TVAIQ2JBQNAYV7UOONY2VQ,B016B6YFDO,4.364657522366425
AFVSSJ5QSQBZBTAVR5XHF6UQQVBA,B097Q9W8MW,4.183653125328617
AGDLJP5QN4VUKOF7QJOTCCUVUGJA,B019OO4IY6,4.171619202021248
AEARB6VONAYLG7F3CJU234XIGWWQ,B0C3DPLVHB,4.4127961202085055
AGHLAYBLKOMA7JAM2PKTKEQ7EOMQ,B06XG21X1X,4.71481982088825
AFDZ7Q3JWBSK3MEBNMHFMWINWDQA,B0BZQ1KTY1,4.479127591693651
AFFD2UVMFK6ERQ5IEVQTRLTJ5CEQ,B0C3BSXX6N,4.29995197756125
AFZFOI4JUMS5UFMVWPLAVQ3ZM2QQ,B000J5UEGQ,4.737827388857833
AHL4BCH2O33HFN7KSBTIJUHCJYDA,B075VHF7DQ,4.722662521866995
AGVA2XYHJXQQF27PYZPFTMFHH2UQ,B0BZTB9B4X,4.23602641233924
AF4QLGCACAZ67CKQBMSQNC6TIOSA,B0B8M2Q1DS,4.168804528871835
AGFSF44SBWIXPONDUSNCKXDJHYNQ,B09ZTWQPCH,3.6305648309357763
AFPEIQYVFZWLQZZKR3OXZSMGSCTQ,B01LZ7ET20,4.419236462522327
AEY67UM6R2R2XFEAXAXMWTZ4Z5UA,B0919GK359,4.924795500748741
AH7ZHIIHLTW6SQQXSG4EHYYWTAAQ,B0BPLFP5P6,4.1363308897619175
AGETR4QIMGHVFE3QCL3USO2DRGIA,B09M7F7LFB,4.891574678244509
AEAQIMWMCUGLGDAM3BRQ5LCN3CEQ,B00J989VV8,4.402376840236047
AECRC2FDBKONKCHSH7GPRZ4M2CVQ,B0041T53JY,4.701146551537207
AH6QSJEXBISHMQ3M3THWZAKMB72A,B018FCZKR2,4.338330844905726
AG2PW23TNWB4BYACHY7DDDTHCDYQ,B09G5KLKX2,4.642422310849888
AFGATCB23OJ4PTUAPGTIT2YZIELQ,B07YMGPV7P,4.833610542714546
AFZJTKAUHOMRSPYPQD5IHUVDML4Q,B09LJ2796G,4.69105035874733
AGFLLRNTYZI2ZIBXZFWZKDHOJ6PQ,B00HK1MLKY,4.586850988907021
AGJDAPR767ZLTFPQ2EH7SKIWCVBQ,B0BLJVX35M,4.466005504713169
AGY4LSANTCTFGGXVHUO6BBDARX7A,B00LMC2PNA,4.927267302617036
AH5D3TL2SIYIOBOHO6PK6HKB7IYA,B08R5GM6YB,4.481541670934586
AFCCD5FKMJUMFTWE3OYSV5TZEGEA,B07BSHS3BX,4.3673123615383505
AFHIAAZ52G52AQAAJYBA72ZM67GQ,B09WHG3TX4,3.599065460611861
AFROGD4V43PJTAAXM7VM65I7MSNQ,B07S19XSPV,4.944211564412764
AGUQK3H25TSBTIMF3Q7DS7GPIJ6Q,B0BMT74KX1,4.947783221347778
AFB6ZBPMGBPQ4P6AUSRS5A5DNHHQ,B0B8Z76J32,4.726831200182736
AGR4KDJHASNF7ZOGNENQLAIKNYIQ,B095ZXXS1R,4.498301455465192
AEOFOAZVKGLSKNYRWXNP6JJXAE3Q,B00SX2L4RA,4.537348766167921
AFK3FEP4IDCJVYD5P3FISE4SIM2Q,B07CQPBPHH,4.25936704709534
AEXY6JTA6SOJZ5JDOXCHV76CDJ5Q,B01AZ0WPPC,4.625383824520823
AES6T2HMZFWRQW5ECR6H5PWLZUWQ,B0B8FSCM9L,4.6663789939300395
AEM2SIMFDE3SQ4HS5QZROFANOY5Q,B09SHNT5B1,4.693768331087591
AEFS3IWS4TSNEFFNYGAMVG2ZHIRA,B00LIW7N9U,4.794490639801296
AEJ4F44RE3N236XNJBRKBGPPZSNQ,B0B8LYBTXZ,4.522402129075087
AGXYBAI6TANWRZ2Z3K2AJ6REMICQ,B08NW2SYPZ,3.996315374252602
AEIDDQKJTJKBLHHGL2PLHQJ3MBFA,B0BJ8WDC13,4.525646029845151
AENQIPCGFGPVCMZYAJK7LIBIZNQQ,B00378GEAM,4.713614300531381
AFHPCOEDC6RQVI7BKSRAWEBXLCDA,B00UTD0YG8,4.436828763925547
AFIZEMKLVYIDJJ5IJMBUU2VAVK6Q,B075R9BMF5,4.334413810745505
AHAMEWQLPTRHWH3L4Y3YQZCZXWVQ,B0BRSK33BC,4.795884891856182
AFTLHK6QS7EJ25AWSCYSJB6G6KBA,B07C3TXJM6,4.740746778538791
AG23AW56WZ7KPYYAS4A3YUDTYWCQ,B004THB99Q,4.527882462789446
AF7UCCPZPJPW76PNE2ICQPJUQEYQ,B002LJPL5W,4.308776569715146
AEIBJXOMYHYM2GHFZWFVH4OYSVWQ,B00BQ6KSN6,4.457600105884044
AGGESXOSTBKQQ2MZKYON3UGB4Y4Q,B088RC37QK,4.01617898489359
AGVMESCB42ALLXMQ2ZBMZKK4FCOQ,B07JCW1KGG,4.507099692915735
AG6YXEPL6ENWE4CTSAOR3HHPX6BQ,B0BPLFP5P6,3.9463182456971615
AHL2XDBDBBVA2Z5LJO5HEJJ2KSKA,B0002GH8X4,4.861849681895765
AHAJHM77GJYG3R2V5324MAJAEYCQ,B004THB824,3.853845075805143
AGODW5MVZYO2NQ62TGD5JX2WPPUQ,B01EGPJ67C,4.3631233755760865
AGNJ65DORLK5QTA3DVYWNSSUQ4XA,B092LF6RLS,4.785560113856198
AHVMIRIICYQJG2Q5VPS2IODOYWSA,B0C3LJ8962,4.900969147175624
AEHPI7DGK45GM4JO4PP25BE3RZJQ,B01BU6B4Q6,3.945862080919008
AHNF7ALJJC6AR2JJKRZKJ4ATQZUA,B000P5OULA,4.808204305355088
AERIMUQMCVUEN3D5WMGN7JER747A,B07CZ8QC27,4.003939405455351
AFCW3I4HL6FLOYFDC4PVL6AE4VLQ,B09BF8XDF4,4.860959313467466
AHA3ADHFLHTQLYAI5JUGNL2LZENA,B00AV557UC,4.455195512365897
AHWRNYOWY4IRKGIMFKZGO55XSKQQ,B07VSYFG26,4.382097421310334
AEJ3ZHB5WCOY7JEAKTNKGHL6KYVA,B000V1K7FG,4.695523040728307
AEIRBLA7WN4R3DFFWOUBDY6UYWEA,B003WZS2KU,4.618741241882116
AEXDLP2NUCSK7Y2O46Z4VIN2A65Q,B09857JRP2,4.833107179579142
AEP5MYJIGIGVOGCZ57SRBD27MIGA,B098QGM3JR,4.454851057907996
AGZXN4EM6PCRLAKT4VKOVT2CWJAA,B0064RTS0G,4.659099233107792
AHMQPD2G6YNBES42KF42BUNLXJKQ,B07N5J3GTB,4.5026173420864515
AF3QYX47IGHZOZBFMSVMG4KQUDWQ,B0BK6T14KN,4.542536114525576
AF2RJAKC5JG7U5MUR67ALQ55GUTQ,B00RVE9X06,4.418529119124503
AFQMFCPCNAIEFZ6XYAOKNT5GNBTQ,B074JF4CMN,4.540275915497385
AFHER2NWLJQHNQ4BRB4NZAG46VCQ,B0BL2ZJ4B8,4.53137844985863
AEFWUZWVPTT6LVIPHMGXH3MJRYCA,B0179A4ILK,3.8543538627969123
AEXAF72EML4UPYS4KTSBUDKBMTBA,B0BHSG5C3G,4.486132575753652
AGULNOJI6U4V4FUK2EYV6CJ3H2EQ,B0BSB9249S,4.128215539756926
AHP4SAPZJLPTWUNDEFRAW4B7QFDA,B08R5GM6YB,3.917973721597534
AG6SNOJ6RE3EYKRZ3TUMF5SGSKLA,B071V3MY58,4.263473635022231
AHZXMBKQJTVG2J7P7EB5WCYTOLDQ,B008TNAHXA,4.306990043091653
AFKA5LZ7M4GJMI5TG7F7NPAUGZYQ,B0BX8J1P8C,4.572945324457634
AESVETCZKXFJI5FQG7KUJQP5EHBA,B0822X83YJ,4.691425227710982
AEAE5ZVBWJCRQICGZHSE6QT3UCIQ,B074K1N1NB,4.131475552646548
AHDL4IHGUSE36PHTIS7YUMQM6EBQ,B0C67HCGBR,4.450732732125778
AG3HAPNQSMKOI362OW3D6I5XBUVA,B0B8NXV975,4.378390338823537
AHCLJLP7CSBBARBY5X77TUVRV3MA,B0002D03ZC,4.56845110602653
AFHIS4F6WUTSE2ECHM6MCDWRZB5Q,B00145EVJ6,4.315093531849727
AH2UN5Q4S5IPLNIUYX7BVJOXQG2A,B0BBNCY2VC,4.751051715417194
AFGBQJ4TCIXR7YL7DNUKAQ2RRK4Q,B0BXT6TM6N,4.146944294979206
AHEDAKOGZVW6FL6WOPJRYZTPSRLQ,B08BN8S4NM,4.170492416895218
AE7T6GD5KZP5TM2GFOZ2GAYBLK7A,B0B8M5FJ9W,3.857135617569533
AG6B35K3D2EOJQZC3E3ZLCRG5HTQ,B09857JRP2,4.950909911888168
AGC5BK42YHPDHB5BNMKTMADPBURA,B07CXK6MDQ,4.8062624739069415
AGWRNWBMWLPNUYBD3GGO5LV4V2KQ,B00IPHSRN2,4.836822619778144
AGDF4EFI3JK6VZMPSZ5XILKZN24Q,B079TLFL33,4.815982093543102
AHZT6MVWNF4GG6FISMZMORKZKK4A,B08GGYMGY3,4.373808502505642
AH2A3MAH6GIWUIZJEOFXW2HBDURQ,B07D8WXDTC,4.4883318447945575
AHDJSYNKXNWW2MQQPABYYMH7RTRQ,B0BPLFP5P6,4.692925287762298
AGCZN4DI7XPQZZGXKCHF3AQ7ZWEA,B00T275IR2,4.442923995773017
AEPBPML6HZCNA2CN5QARQJCIIHSA,B0BKZ1S7G8,3.8889655019977645
AEXQ274ZUBUV3L33AKGLYEVVXUAQ,B00NPAMDQ6,4.481678386771146
AFT3YREYEF7HVUAP2SMI55RZDCJA,B07FZ5XBCJ,4.594365436567412
AGMOQRGZCULKJQE5GROUVEVGPEYQ,B01AH3RSAO,4.426597860099705
AEYKUQGCDH5A22ULXMYPWRQ5GAWA,B09857JRP2,4.914475671602704
AEIFVI6AID42FB33YBVLA63CJT2Q,B00WJ3HL5I,4.3740504358810695
AHRTPQHFKDUQEAN36WDEY4BPTBAQ,B0B4STBJZW,4.77375760987238
AGWD6ZH66GXJDVRNQEGY77HOYEJQ,B08F9K24WG,4.690986706861884
AHKJHMFU4DUVYZDOPUA6VEKKM5QA,B08XYTW5S2,4.251224503674776
AFQYQWAIBLVTKHALRHNI7MVSBHOA,B087B6MMYR,3.436563564057748
AG4FC7EWZL5AU5M667BERCSVNHKQ,B07685T8FT,4.501443051527281
AFO6EBINMPEYJ4RFIZFB2UHUP2PA,B00615M2CC,4.331730364934815
AFMK4SIFYYQISG2YVU2U2FOCQIVA,B0B8Z6192W,4.8220910246971735
AG5ZDKP2LXSP4RG3P4UJKAEPFKWA,B00IFOTSJW,4.369702881831519
AGK2NQ6CYM2O4ACVI6GOXCGAI35Q,B09R6W3B2Y,4.1545693536229935
AHK2GPONUS4HZYDUVTK3AWLZZ5QQ,B0BZTB9B4X,4.771840459861571
AHBIFGZDADPTOK7CCTSWXQYVY7IA,B0987C2TBZ,4.629157105280268
AFGDTX6XTSPB3GYWZNA3UHXRISIA,B07NKRZ1KQ,4.852847981543732
AFOBBYP2YQDB66SOFEFONDKZUOSQ,B0BT8FDL8B,4.048904830855967
AEM5IKW5US4UFYTUGVJNYC3LD4WQ,B09M7CK2WK,4.885808957607812
AG7F7UFF5VDMEK72PAB7NRISLVZQ,B08R5GM6YB,4.458940524324582
AFPK6ZJ5T6IV5LGXOSF7BNR3MCFA,B000ZU4GTQ,4.7159004580254065
AFGQH4JD5QBDF27M4MG6OJ7IXWBQ,B0B8M5FJ9W,4.642847879814089
AG6Q4C5BBGFEHIKKPWGACT4ALGAQ,B0B47KFZCG,4.660081192702784
AFC2DAKRFMKGNS5XXFUKY5P7TZCQ,B00WJ3HL5I,4.564444507837915
AHPWEIREBCNF6KADWSLLJFOTIY5Q,B082WVV4SF,4.929213788424234
AFOAW4ZUVJN3JNZEY5WXMZJWIFIA,B00O4GF3L2,4.340228407473251
AHUTI635VGXW43UNQRALJR6PURWQ,B08JMQR2JK,4.480772813513412
AFAADQEJDYJ2D6P5UY73XTRZICUA,B073W2Y8NJ,4.794138882968283
AHFFQF7F54OARQ2OOKA3ILYMRK2A,B00P0HHNJO,4.4755149469100175
AFYU7L6PPUGCEG4QKNLBLABGJSTA,B06XDDXZQ8,3.7453514282097538
AGPPGPYSRZIR32TZC3PWWHHK5BRQ,B09MMT45P1,4.406752444082691
AGBN34VVOPNSM4ZVUQWDVGJYA2AA,B07L6RCDP7,4.623644701629588
AGYHHLZIQQM7KVVBS7R6U7JKMUIQ,B00JER27MO,4.5109968166139955
AHAR2WCDFYETREAF7SRKJ6T3RMKA,B07DL1L3M7,4.513515931589227
AH5HBA76JNM2MTAU7IJGFXEQEQAQ,B0951C4RGR,4.416558244038966
AHWSPVFV7CNKCRH4PKUILHJSS3AA,B0BPJ4Q6FJ,4.80137864515992
AEHIRJJMIKUH3JVDTUPRY4L2GFDQ,B01C5TBX68,4.7531035937321535
AHGIBSFUX75SKXE57B3GHITHYR5Q,B078WLKYZZ,4.7639363676015485
AFISKED3TW44RJXZH4FB7A3WWCKA,B000Q847M8,4.397393267454004
AHPLBHLPKEWMHIYGC24RK7BVWNLA,B003LPTAYI,4.5919357337016935
AGA3UZAMOM33JZ5QFAPVV5QW42UA,B009AQZM30,4.186332607890619
AEST4VTEXAUUNNH3IJVJORDVZBNA,B08PBNXZYP,4.870274151745057
AEKHURS6TJTJMT7HBTG6TOTDJPKQ,B0BCK6L7S5,4.197969091061954
AF2ISMZOUHTYR6KLLBUL2VED3DUQ,B07CQ19T1J,4.89568276466468
AGASE3XTUSEWWXX6RV5KD4NDXFAA,B0C1S8XK38,4.442543140758716
AE677ZVP4VXXSIBJF4HLMB4WB2PQ,B0BR2WB9JY,4.938033905680704
AHOSMYGEURJT3QUKNKSVWHXBWZWQ,B0928HW2P4,4.853844210823047
AGOQL2C3KGTUCQCYUPNNCWEMPMYQ,B0BKZ5F8BS,4.550190899720726
AHH2KJPYNZUMU5FNTIM5J45DBR6A,B00S0E7268,4.252151810837089
AEQ5XB6DPQ5BJ5D6R2JCPHYBWGHQ,B0006GSEME,4.112248004016823
AGKH3QAKXJMSDEE2C6JZULGKESYA,B003BGXW50,4.883245203754939
AGUG5C2WFEGSACVXYG6AU556RERQ,B09KWWS7DH,4.599775681884908
AFL567XYUWWT4WOL4FEIADS6NZIQ,B0BSGM6CQ9,4.7413524078906475
AHCOL6TTS5TK7LG7T2LYVIMHJSEQ,B07CC51PMN,4.708036283386687
AE4C22KHQVAJGNPGQWCMVW3Y5ADA,B0C4VSM51M,4.070113971503564
AFEO7UYE735OCSN7TC2WBQWERQAQ,B09PBL98Q4,3.9196801806402153
AHYJCQYCHHT5FH6RGLT4PWUR6PZA,B07TV7J574,4.367679792718727
AEOPWU2ZHY73ZI26E4E2LVOCIN3A,B0BK9YKQFR,3.651103063038125
AGLE47TRG6WQ4SOAWUTKYVZYU3VA,B0718SMQXN,4.841378220598616
AGZ6OOWN2V53LYU73RT7ZDQCQV6Q,B005OZE9SA,4.613846291450382
AFOGOIQFHOLRR4I3NCUB33WFHDBA,B00JL5I8H2,4.663659364572378
AF2NRER4ZB2JIIMAA5ORIB5RGOCA,B09857JRP2,4.944170711720814
AEB3T7FT5VNOG2L4KJPRMIOLF3SA,B08XYTW5S2,4.086860403781177
AHHP427ENW2EDKHO2BJZDVKTIQNA,B09VVS2RYK,4.079102846464651
AFRQZ4GJKCECPIFZS7XIEHYLEWDA,B00UZ7JADG,4.550283577889824
AGOWSJ4ZAWXI37BO7ZQ4ACUFXWEA,B00IPGY11K,4.713674780582539
AFO5DUSEVD3OREGSEEPFDKVYV2AQ,B0007Y8GSM,4.833515707570786
AHD74WLDYHD2UVZ5NIYTLY3HRHGQ,B0925F8LPD,4.773593014566323
AFLAP3F65TW7PVSU6ASIF4F5QXTQ,B07FMRQVPN,4.256583833325759
AGHIR4KWLXYVMFC55FQAEW5PM5GA,B09JFZ3CKY,4.415365702291423
AEW23TPKWNRCLGGPK6P6MS3PLHFQ,B000K67VRO,4.753194037993885
AHPWEIREBCNF6KADWSLLJFOTIY5Q,B00UTELPGK,4.511497223596075
AFXLVYW7RDMXH2Z3I3Y4BY2634MA,B07NPR1S6T,4.874872323995366
AELTKUOPJKGE77UV2WFRTRSNZ62A,B0C67HCGBR,4.8608152360588015
AEAJ5WLUZIZRMSRTJ4NZUKYTXCHQ,B00N19LGZ0,4.218273172876156
AF6EJ2XGS7POVJ6OHJUXOVWJN75A,B015HG7HMA,4.491043807980474
AECIT3NMW6RKABFS6YOCYX4YUYOQ,B07DLBZWXS,4.127515854715636
AHRSFWM7HT2Z3HIWSAOQ3XPRUO2Q,B00BQYODWK,4.8586034802475435
AE3YNEQPU3BX7JSGG72XU5V2GZTA,B08T6X2974,4.359546832810184
AF6PIY6PZCGBM6HFZB6D7OWORVHA,B091MZPYBQ,4.504029670264301
AH55BBF7YI26IG2SQ4UVOC6UJZUA,B077PSQQVH,3.7098461741889674
AHTTV4K2AG3ULVGME2UD6R2UFE2A,B003XKFHFM,3.8632877294171535
AGRXVSLZ5ADADS2MPR55BHXGV36Q,B09PWCF6T9,4.589342616001226
AGWNI2VJFJGRZZEQFUEEAMJOZI3Q,B01F4QCP84,4.371726320664797
AFT5P5TGXEBFHQDQPSU7COEQGTPQ,B002CMLPYE,3.936601378698183
AEHWRW3PWRFQOIXVKEPJCY33O7BQ,B0BT84L827,4.477001078116577
AFSRUMHD6AOGSR5LMOG7AQJMTMGA,B000AAGM0M,4.423298414891389
AFAUI5YDY5SFUUER3ICUDP7DNABA,B0027V760M,3.848066680876466
AFCYUWDZ2F3DZB3S6FURGYD2VADA,B01F6WIX5K,3.975884902408207
AFYWORNWI66UAEXO5TTXFAP3HKEQ,B01AAX6KGY,4.3346218773454135
AHITTEAFYKSFWHQDK6LQ3K7RBM6A,B01LF4C2QY,4.568539293301171
AFHDWGZWTHJNQIRYSW23WQM4Z2TQ,B016C4ZG74,4.005205433554759
AHPWWZH7QS2FIHAHNQJNRVOPVZEQ,B00G33N1F4,4.09460330864748
AGJGLCZKE5735HGK27G2B7QZB5UA,B004DE1K5S,4.581889811507242
AGPE234Z5X3X73B4DSG2DE3ZTG3A,B01EHJL652,4.4459363615841365
AH6XAWAUUU7SDPRRVV3FALQE7WMA,B0BKQ3DPPL,4.601485819221043
AECEM4ZNK43ZUOJ7UO7FNOYIBG5A,B081P1SQGG,4.452582759663152
AE34NU2IK7BLZXXQ43STKR5W5JOQ,B0BSGM6CQ9,4.757265812591902
AGRM3B2N2NGKGNJMLYVGH6STQA4Q,B01H7B1JD6,4.810138515248422
AGN6JJ6HBB54CDDMDTPQF2BHYYHQ,B07DWLYGKH,4.82012883349135
AECDFP3R73WCEN6RFLPGUSU3DNMQ,B07G98F55T,4.636535179176808
AHI7BFFVBFZAQMUTWX7XVRX5AFUQ,B0BBRMGRTS,4.386414790525204
AF2O4GMP7Z6ZV7WZGJM5MGT27GAA,B07R3S93K8,4.164995013972667
AG5ZVXXHEXDYUUODSEQC4XXV7DPA,B0C4SQBLC4,4.950169407380774
AHRPB4XLKDWSAYBFEQF3M5YPGWUA,B079T9KWGQ,4.330375600624984
AETMPCLTYYDZPKDQOMHFVN2CFM7Q,B009YRL4OG,4.778449136036618
AHSAI3EDUQ7HRB2W2SOWGEXQF2JQ,B0037JT95I,4.373223438399944
AF5VDKIJH5MWPGQWBNEAOXEJQ5JQ,B00HK1LQ28,4.45113897986161
AHNP4UU7OJ6JDANT5Y67QGMCIABQ,B076ZNHZ59,4.841495498484144
AFANAS6ZJNZQ4H7OFWZF7LTQNIHQ,B09S2VB3KW,4.85697043476538
AGBBU5ZI6SNTPSVKYHUVUAPRXEHQ,B0B2C6TK2Z,4.627022742931813
AFVZZZQPULQQHTFSOK2MF5QYGZTA,B094NDQRJQ,4.668954065361633
AFGGL36KJJXEQTMHPERGAJ3ETG7A,B0C1Y5KJPX,4.331442972020059
AFGC3CVTWDXINUBXXD2YPCD5RHCA,B01K1EJQ9U,4.70408512555046
AHKNJUO7L4KX66JTJFCL7TDYPWTQ,B0864N9HRK,4.940374352499662
AGXCV25HDW4JXI5QQSJTIZUHPRHQ,B01CQQMLKC,3.4364929010279623
AGUS46T3NLZERFSFY6634ON4HETQ,B06Y2W66F5,4.169151747059142
AEFCFMUN235NIXAZX6FDFT2JUEQQ,B001C9R5P6,3.8286376796256705
AF7YHF2VCYZJP3ARK6J5GXZ7HZEA,B0928HW2P4,4.9640460306891105
AHLKEQRAWNFROS6AKMQK7WACLJZQ,B07YJZGP5X,4.799083124427794
AGVKIQJCRMTLZWG2V6FTD3E4ZZDA,B08SJY4T7K,4.017317028039075
AF7E6RHOZNHXMOTVQVTGVYETOQMQ,B07DVX841V,3.6816690765739057
AGVM3U55VHWHEJXRQ4IKLK7NCAAQ,B01BLE4SU6,3.701517087447051
AFJN3DGVOEXNJO4IZLXQBQXMYNNQ,B01CS87RGQ,4.561825826471413
AHNUN6MBXIGLPXDFX57V56LB3D6Q,B08B3L6MGL,4.543934327359952
AFAFGXMIMBAKH4MT77XPTTHE5VUA,B09NXQ86L1,4.495855026237606
AEAERSACQKLS4M54KOWSSPJVWHLQ,B07BVDGFSR,4.656361092285251
AFDSVXNRE2LCL6KR76GDPSVAUEXQ,B0B58HH8XN,4.835139760911928
AH7GTGJLT4EWVEX2R6FFKULCNDQQ,B00CPLODUU,4.210200842586532
AEGAK36V5XS6MLBKBB5HGZPXSZXQ,B07B9W2XFS,4.350451186766644
AHBGT6Y2NTDTMPCV4OGK4BJM7EYQ,B0B92LPGD2,4.678220725649299
AH4EBXBCNHNVQ5MKFUO62MZEVPKA,B0BFKKVQZT,4.524376273708945
AEPI32BVUBYNYBHBEY3IFIQF4CEQ,B075FSQFPY,4.46098678652177
AEAO7MGTW5ZXQBBPPW7ZW5JU7OFA,B08BJ37FNS,4.475664296738166
AFSMS4HPP75DQULTPV4E6CLL454Q,B0928JXFNF,4.370499836442321
AF56NQKSEMS5Z5BSWD6YFOBFJP3A,B00JL5I61A,4.642342484221359
AHMUFF5EOXLXLQW54WQMGDGWVDSQ,B0C6HZHZG9,4.6480950111817485
AE5GKEAWEDM6RG75MEOIXB5QPZTA,B0BLLKKFR8,4.242144176902666
AFAJZUT63QMOLXZ657YAISCLHBYA,B0BCK6L7S5,3.932211861655523
AHQEBEMXOE2LUB3GSASWX7MENGIA,B0C3Q29DML,4.822308048281614
AGYVINGW4VBWAX5UHWUCW6AEJSWQ,B0C53Z9TDF,4.865009309913958
AFIMFNL4UWGNY3H2YOIA57JYINYQ,B004B470XG,4.857073367915842
AFWRDEJJALWBO6KHOOBCBY6DAXHQ,B0BHG58G2F,4.602997746158342
AH2H6UZNEA477XOPRQ3T37WXMBLA,B07KDWXQ84,4.578602480194498
AHEDCHTTKJDLZZ6Z3FTYKSIWAJMQ,B0BCL4K9GF,4.522233021008475
AGKANGAWO52ADFIGSOFLLBIV6TCA,B0C5PRQ9K6,4.879288281952541
AGMNAMH77QXBOAWQRR62V3NMOZ5Q,B08GPH33QR,4.500411730397954
AE5IB4R6UZSREN4KRIGC743OIZSA,B00BKXN9LS,4.504198558843351
AGIA3ZNA7OJDRHNPWVATX5FDCEHQ,B0B2YZYGMQ,4.157649492156035
AE45WDXXXZ4KORRG4QC26I6TNVSA,B0C62DP9WQ,4.381583746332218
AED4QAIZU74PMJLMYBF3SY55EC4A,B0B58JSMB7,4.5218276782524525
AGRPTP4PEIYDDNEBAQU4FEY6KTNQ,B00WJ3HL5I,4.478476041796116
AHF7Z76TLU5TWM3UTOYQMQGFLFYA,B002H3EZMC,4.932731100179688
AF6B2MHYX44NXIJKLOQHXTUE54EA,B078GNPZ6X,4.890948457548019
AHVJ7UVESCIEXJDPRIYMIIBQEM6A,B007X60AZ4,4.908455377322039
AFGDL7A3J5VVF6VYJRHRJ7UKTSGA,B002LJPL5W,4.427070492021291
AHLM7WOXORQPFRE64ZHN2IV52REA,B0BT84L827,4.850615992387853
AFWFHC6WQSA7LQZVY4QKFX62EHOQ,B07B4ZZVDV,4.96624225647626
AHPCRMQVQYOVIYGCFBURHPSW4LPQ,B07SG2SGZ5,4.047417329401128
AEYN2ATYIHPXKL3JEC6FLXK73JAA,B0BCHG293C,4.958767405222576
AFBXPXZXOBJZI7N33THA2W5JGJEA,B0064RTS0G,3.980270746178682
AFC7CN3GHCUXCUS6EXYASLDZYS2Q,B01EB5SYDY,4.936181243265664
AHRPOGWS4FDBIU6LHAYGE3FOMEVQ,B0BKZ3GCGR,4.233976740005058
AHSRMNZAUSJKKHQM2Y5SFLXPXYEQ,B0C5CTX5LZ,3.8452497339014227
AFX66HHUFOEYU34TWTIJ5G6UMUBQ,B08R5GM6YB,4.6064165877960095
AHXN24SQSFO4TJAXQSERXXGLO5FA,B0B8Z6HSK5,4.658261849373804
AGK6REQW2NDSSDVNRVXXCNEQZMEA,B0BPJ4Q6FJ,4.8605525437586845
AHMY4433RXWWWIPLL52FFK3KA2BA,B0872CS1BX,4.928412047586185
AHT6CZ4BD5P4I5VNBHCIT4Q2XIOQ,B09BF8XDF4,4.798585764318393
AG5FEKWGQDLOPZPCCVTDEL5TWMLQ,B0BPKH4HB2,4.592787454094185
AG5NEBS3VFNQPNWGGXYQNRNAHQTA,B0BCW884JL,4.416996040223736
AE4X6EDOWQIX7OUSMRWSAHHJ7HAA,B000J4I9VO,4.2271416834474715
AGHARSG3LRWDNOAM3HVDWKJJMS3Q,B0B16WH36J,4.96202725963023
AGIORBOULYLRAG7GKTJGV5YEEMZQ,B087PKH93S,4.424035081905703
AGFSPZ7XOYCABXF6VYXQVWQRMO4A,B00117TFL6,4.5571948698240705
AGLKS7VMMPLSNP2NANAUOBZBHGJQ,B01ANNNKMI,4.272582588160666
AGCC2TT463H4XT4GVMOXI2DPP7AA,B0C9NGP88D,4.414035866837967
AGNDNH6DN46HBFSB5IAFHIOO7DKA,B0095D5BF2,4.375108333230018
AHPWO7MKOQMC5DMP44MVALDZKWUA,B082WVKSNG,4.538011264104951
AGVH6XX42P6SIONXKWBKGJODPMTA,B01K9AMG8E,4.594979404280875
AFVYTABRIESKZ2WUA6XLENKB5QCA,B0C6K471PB,4.075082142619886
AF6MPNSZKXAGY24F7BGTGH2LZI4Q,B08XMGNB3W,4.570161982253597
AGARMVTKQUMBK2XJH2OSGVOBCCCQ,B01HCGWS2W,4.826275728699734
AGMDMA6XA22SNTEHKWHFQ2D2YN6A,B07MZYNZ1C,4.735601003861723
AGC5BK42YHPDHB5BNMKTMADPBURA,B01HUCYOXE,4.604582527791951
AHZAWZBAEVLGKNBGGTZII3JNHRGQ,B01DE4DPSC,4.741455890717824
AG2CPGYQOVZMGVEZ7QPN5NXB5ACA,B09397FWYW,4.939950823913099
AHSRMNZAUSJKKHQM2Y5SFLXPXYEQ,B00GESEQ4S,4.203517110463299
AED7CZI2A4UFHHKBLM2T55BK7W7Q,B0BT9R8MMV,4.415778485346332
AGZXSMUGUCUPIHVCQ6DFP52BVPQQ,B07NXZCM9S,4.634344416461615
AH5MY3FGKF67EXOLB7S2NXQBBIMA,B088P5X4RQ,4.743390312431926
AEI4IG2E3DB6EG77RG7QTQWIO7PA,B0BKZ1G3P3,4.658361397433327
AGZMJNIBVOGUJC5VGQ3EXLRUINSQ,B01HFRDEI0,4.7612629290445385
AECLUCEGCHCODEK2QSY2UZFESGJQ,B0799734T4,4.714827884697409
AEVSTHVHASQP4BSETOKS5L42ZU3A,B0002H0LDW,4.394669673428896
AGP2BAEBBIE6P7XZAOAIUFYCEHNA,B00PZGTVAE,4.780385776859203
AFHLVH6VXUGE7VFXVZHQ5JEQWOCA,B07Y6TSTS2,4.686359480054558
AESDNHQRRZEWTZF7A7TFFFTSNY5Q,B00HZH4D04,4.534966110771103
AEMAZ536TDHVN3TB7NI6AWRO2RFQ,B08R5M2FGY,4.675850015138912
AHLVMWREGLYAOXZW3YPMPGU555ZQ,B0099DNZMY,4.30281863004615
AG676CNM5GFRUZQUFQCIWAWHKZLQ,B0012BPMHW,4.7763722535180095
AFKXLVV6Y223XWWFAGFRH7ZG5AVA,B007BR5PWI,4.375187590394333
AECK5JRGPRBVXS5BV36PBXG4UVWA,B0B63DPVDK,3.9285034027945436
AGDR5UXGHUY2HYK276OUE7J4T73Q,B008YGONR8,4.7738263182020715
AFKEYQICSZOJF2UUKZK6QW2P3C3Q,B07QQLLXBG,4.267178901490902
AHCIO4Y7MASS5GHGAZNOPPTXFTVA,B0BKZ3GCGR,4.422872471376483
AG52A6Q7CTQXG244EUIS7KWFVOGA,B0B8NXV975,4.34235585387408
AEJ354XETZRIGFKZSCQ77RWYN2ZQ,B00WE6INNY,4.692498329224857
AEOAVQQMRY652RTKHFB3L6Y5TYIQ,B07DLBJKMR,4.272276366778341
AHDPEFTXF4GWDD57WJRM5SVE5MDA,B0B9LKKBHK,4.494632980441476
AHUWTBLGZWOIE4OYFO56IOXKJMOQ,B0BSCF2FD7,4.814216430055464
AFA465EKUHASW6EOIJZERMAKI66A,B01HRLREKI,4.7511059784462955
AHIHHALU5BBSJTZDS2KKQJNYJGMQ,B07N1RPV4J,4.268909255902051
AEOF2U5P3PEPOLGFUQBHOA64YJYA,B0C3Q29DML,4.362126914192054
AEI3JK3NJTVVB6RQVVJXFYWBNEYQ,B08MTVC27F,4.801759179075351
AG6MB6ECQOKI5LMTUXYE7NCQYQQA,B08881TP55,4.333795876160583
AGCPKJ6ERXDP7M3AI45P3WMW7KAQ,B00IFOTSJW,4.906003828431642
AH7UMWKEKWHRAACBVZQVJGOP2DCA,B0BPLFP5P6,4.456327733594737
AFFPCRIHLQNCUF3UHZKFIO7TWK2A,B07D4QCBX4,4.258276302385529
AH2L4HXWXSECI3SMTHE6YB3T56KQ,B00E3X5USC,4.248774634160909
AF7IKYKBWRTMMRKSY6EX6XUVROSQ,B09V91H5XM,4.527430548927378
AHWRZNV5QVHOIMWAVYREEKJLKSHA,B002Q0WU3W,4.5778784589519175
AGGU6YCHY6BLNPTJ2YAU4Y5IKJJQ,B008FDSWJ0,4.636325624692459
AFBIB5XMB27ZIUM3YDTESOKSLLQA,B093YKLWVN,4.533317025311131
AFVRNSWCGZBFH6ZSULIFIHW55DGA,B07KDWXQ84,3.9165659863635227
AGPOYZY5YU4FD5PJPXT3UFCRBK7Q,B0C3BSXX6N,4.591269939353345
AGRYDY7V7RLYLKDBPMIOCLIZB35Q,B076H8SGMB,4.113795330714015
AFWI2VMSLJZKN7ECI2GDNC3CX6DQ,B07B4XLP57,4.758266946982565
AEQFIGS5UJKWTXXLHOE4KJ32RYIA,B005SUY9H2,4.823215699443326
AGEIH53JJO4GZZVOM3UQVWVXJAIA,B00JER27MO,4.3568146305911775
AGG3TGNIO4ULCWBMCUW4NHZZ4BGA,B001BYLWD8,4.457181321712547
AHE7II3TJOEA3VFD4GBUOSJCIGCA,B0BCXKYXVN,4.172469227818289
AF53AY2WWHOPWSOXUIEV6NFQLMUQ,B000G3MV1W,4.653291037998719
AGLTZKRU7DBJUW2ETIYDCZTX35PQ,B00YJ5C46K,4.702818184228487
AHRQYYKEOUWW5HJU3RNRCXTXKAMA,B01M7TE7LX,3.6442063440680434
AF72QOH3CCCECJGIBMH3ZZQZ3M2Q,B0BRZ92P9Q,3.5038803046375278
AHTCJK6Q37Q2W33CSKNPKZGTII3Q,B002Q0WU3W,4.65867793596279
AEE6H6VC6RTWJS2RMXUJCDPOY6NQ,B06Y275GHN,4.03349190989042
AEZIWY5MGFWEIWELVGYQBFWPK4IA,B0BHSG5C3G,4.69636314373538
AEB6NY4IDOJQTFCHNUGKOKLXCZJQ,B08R5GM6YB,3.79967708188807
AHJYXFSJIGSKWCQ6IIB2GW5SN7WQ,B073RQ3DQX,4.482015948620322
AHABCXD4YCPXXENKKC344EURZCCQ,B002KI8X40,4.825738692791721
AEGFQ5OD5RN4XKYGLAWEDH6JLQXQ,B00B5LDMH6,4.7130904549743855
AF7X6XLGYRQI5U7QKL3ZMNMICILQ,B0BPNMSDGB,4.403411894883356
AF3FBHCAUSTHXGTODQONDLTDVQ3A,B01DN7OI40,4.803277249564595
AEQFTHWRKZ2T2LMV47WVHRSOKZGQ,B0B3VKD9YG,4.656943908365732
AFBYX46MQBPS42YYFRO6QHRKKJEA,B083KJ7FKH,4.520466259151791
AEOS2ALLIKEV7WLIPXWG2346HAZQ,B08P76P2K3,4.685981536778143
AF3NOA47IJLZ3V5SQBOAJHUYDFJQ,B0BK6S8QDW,4.832337470919868
AHLWBN3XMEJUKJQECDTG4PZYDI7Q,B01CS87RGQ,4.7911855663001175
AHPVFKJE6V7RH7SNKDP5VK5GGCKQ,B0CCK4YYNM,4.066456372752207
AFDBKFO3VADYLJ73J6P57DEBPEKQ,B0928HW2P4,4.4282124901755715
AET6JD7MK2QJAPGVTAML2L7TB5HA,B07Z63HSZ3,4.6149899645686885
AGVBT7ERKE3PKMRFD3SC6ST3QAQA,B0BSR996X8,4.488968192226022
AFJQQWO6VAZCTTY3GXNB3SEUU34Q,B0002KZHTW,4.946095491973359
AH4MENCROTJQK7T4D3NVIK3E7KZA,B00B2N3XU8,4.688792869782555
AE6PGN2WW447FQCQ7CQFTCO4L36A,B0002GYVZW,4.112114292827204
AE4KCU73O4KSJOQKPLC5BG4B7RKQ,B07CQS5DJV,4.306196603642891
AHXGY5M5CQQMIEJZTSGIHGV7SO5Q,B0BTC9YJ2W,4.11074263755338
AGWVA2PPESBPQ5XK32DPGGH7KHRQ,B0C3PGFZ3H,4.101577764524922
AHFBAA35TCBSDKD6GKRIZG7IGQGQ,B00T275IR2,4.6412238601553115
AFFCNEJLNMAUSBFDTVL7TDS76HHA,B0BJPLQDWD,4.579059030631099
AGENKZMKGVCQIKH4A62NSRPH3TSQ,B01MRJUB7Z,3.8549032566819244
AEQN6LLSZSPI4O7MABHJXYA53RXA,B00CPLODUU,4.081553405788424
AF7DRHZN7CDCVGL5PJPIADURT6KA,B0BSGM6CQ9,4.710968321155939
AG24WNAXFQL7GMVNARKGAZMKBBJQ,B00I9FL3OA,3.797627608743905
AHJTAHSOTD635R6J2KKZG6WVR3BQ,B07S19XSPV,4.701080494912279
AH5UCNVRO2WQGUDHO27YM67VRUOA,B07S61KXPQ,4.490036829263041
AEXWONTZWMNRENRFG6ASVUCWNXLA,B078KTV8L4,3.893241344313488
AFVSSJ5QSQBZBTAVR5XHF6UQQVBA,B072MRBN4G,4.191536566921354
AHENU2XO6JW65OCUTQ6VBDFM2ZHA,B0B9SJFKY1,4.9269607870066565
AHEZMZ7VYB4BF2DE5QV4QFNQIWGA,B00BBPKZIU,4.316365688650033
AF7CC34DK36SQJS7WXI44DREGWJA,B076K32CH1,4.875208948841447
AFOWG7WVVQDQFY6MHOFL7MFPAG6A,B012VQ5A7S,4.651646808163246
AH7B7WKKAQETZ4U7ZIVHFR7IZGKA,B08N325W3L,3.745248192762513
AHDONNGPHQ62BJNMUCDN3V6WQMEQ,B0BR2G8WYG,4.480492954327347
AGCVCVBQ5PECVBEARVIAQKDWKV3A,B0C4GJM9J4,4.625209913830232
AG5SXV4XRKBOZMKDGST7LB3C643A,B00WBCBQF8,4.81715402789347
AFHPDLXI5LH52OFLZSP4KUBTZ2UQ,B00X7DCM4Y,4.066754872955069
AEDCSOZMB6ZTI55JIPKJXEKB7K6A,B0002D00FK,4.586409031249215
AEFMUJVOH4TJSOXWZS2TEJXEGMKA,B0002E4YI8,3.745052297468772
AH3C3NEQAIGMBODE5BMXKSRNDFZQ,B0B3VQQ6XY,4.2372696327411425
AFNHOWRHARD3M6T2NVPQ775AH4MA,B0009G009G,4.68161131940817
AGEJZX3P4KTM6A63XW7IS6KYAKZA,B016CKAVRI,4.759045359590536
AF6K6IGXD3OMCVNWQEP7CYUZXYSQ,B004MN9GWY,4.7926105788974835
AF7VRLJZIRYWVNXMW2SAFC3LZWMA,B00WB244XY,4.09710744673645
AGPWTBAKWEXJIJLZXKEV7T2E37AQ,B082WVKSNG,4.549817214031815
AGYNPZM3W54EX4GURQLXCNJOT6KQ,B07MQK9168,4.583621248938477
AHX2MR6NLBEPURAZZUYFARJVHSEA,B083BT49BX,4.668785887155649
AHAE46AEKDCLIR564PEQWOO4H4VA,B078KX8YJD,4.7810477050170315
AHDMFMMBOWVOTXAQMIV2KOPM346Q,B07BJ728GP,4.211813245915697
AGETR4QIMGHVFE3QCL3USO2DRGIA,B0049BKIF8,4.947994990017189
AHSCFIE2HGELN2X4RRAPIRZYZLDQ,B00F20MIC6,4.166488830920788
AF7QMGYZK5HO7NP62SFS3NFGZW3A,B00H35YIJE,4.754542742850806
AGB6YJDQ3IJ2F2RVS5GLNRHOKRYQ,B09CD32F7Q,4.784448989507094
AE5ZMMF66YZVYG2JZLE3UDAGVYTA,B0BKZ61YJJ,4.943125231606433
AE4OEJMTMMN67HAFXYTGCW5LDVBA,B08SJY4T7K,4.154365721854423
AGBQ3TX4QYWQQOW2DBADLGOJHQGA,B008TNAHXU,4.633880543077936
AGELXEQ7HQL4564TYOBFJSOPBAVA,B07DVX841V,4.448204218139915
AHZAWZBAEVLGKNBGGTZII3JNHRGQ,B001383XT8,4.650330441642654
AEZ43GMRWM7Z5RJC7MKYGQYWADIQ,B0002H06X2,4.727153846502208
AFO4VO3EMAEWPOST4DIAMAEB7ICQ,B071V3MY58,4.878411994042472
AE6QHO4W443XFTAAWORXJNE2DSQA,B000PGMSZY,4.7737056556245525
AH44B5QNONVHQIKM4BOLW2YF63YA,B0B8M5FJ9W,4.905288069957057
AFSV7TNCJP7V2OUPWNVO6YWM2HZQ,B00WB242X6,4.207897004216193
AE7IRQM2JRJU6YZ23HD36B54LBQQ,B09PGW1W7R,4.644234117790363
AGFB74WQOHVJP4PGF5QOXM5CXYQA,B001XWD3LC,4.025339520490502
AFTPUNQ4NGIKJHIEUAFA3GQBUY4Q,B00646MZHK,4.927181259313543
AHA4C72NXTSR4V2TQQUIBOQMWYPQ,B09H1JQ8L5,4.422913424516281
AESEUN6IBHLP34ZCQFUXJ3ODEUJQ,B07CQMZVYL,4.501297249840827
AHK2NL4CMRVKTZO2ZZ2JFPES6WZQ,B0919GCCBW,4.024433493958907
AFPYPYWWBNPQKOGF3SANF3ZDQ6PQ,B0992VZVKN,4.142881307611738
AGNEOQLGQPD2NKSKBGFCXAZ3AW2Q,B0B3LJZXK7,4.647821599314508
AGWK6CDT6HOBXS6JJEWZJUQRUTZA,B0002E3FBA,4.760173717374568
AFGFNA3PKGMAQWQVH5A4Z5CD2QFA,B074FL1CP1,4.647176514066816
AEY73SCG2WZ5KCSL5WN6T75P25UQ,B06XWLXCFC,4.0775565367527165
AHLEUWSV62G45HPULLFAIUFLWEJQ,B0002Q2DE8,4.627261279272787
AED3BMXQT7LFTKWZCNTVOKEE4GDA,B07Q6Z5VK9,4.8561848180903695
AE242ZZNGN76NJGBHE5ATA73NBTQ,B01N5QJ0LE,4.564362223709713
AEL275DNGFTFLIFSPTKDR6VJECUQ,B00Y4TY3JM,3.8874717418033082
AFRGWN2OQMXTMFUCW7DBTJXXZC5A,B099NYHNRG,4.889293260642277
AHC2LMWC3UATTZVVLQCXG63ZS3SQ,B07ND4MZMW,4.327603684171943
AH6CSA4SAY5PP6VXEE2MLQU2UZTA,B0010XSZ3A,4.194462503476976
AFRUTEYFUJDAUASSQADZ3UQJHXAA,B08NVVLB16,4.976918255698142
AGVDWRJMULIAELDXB6WAOO27RYPA,B0006ZJ48I,4.382548780243155
AHWUVM45AU54BXX7DEEQTEHVPWKQ,B01CNAN5OC,4.029003711948179
AEMPFCS7HQ2Y6NGNT77N7LPZBUXA,B0BQM98L6D,4.712062608790773
AHIZ52ZDJJRFKA2Y3AYLOLRJDSZA,B09WVFZPLS,4.000456279765036
AHP54DEEFACVFPIFX7KZ3P32ZYVQ,B09LSLS83Y,4.082661941724393
AG5IDHF3GQJ66NX4SUVVMD6AJCWQ,B08YJ5GQ9R,4.5387935090117875
AE4PQQ2BQO6IGXVLTI6GBFCNC7YQ,B01N40YZZQ,4.157952242423879
AGMYRILPTJDOK7WL5OYHYGRYVXMQ,B01HFLKO6G,4.949452938201975
AHKPGJ5HFA4I7IKUHBTMOSFSKUWQ,B00XC2AQN4,4.622552627593934
AG224IRACLTGD3CO745GKS3UQIVQ,B001MQ9Y5I,4.706803266707492
AH5HQDMJMUHNEFQ6HSU5C7WCS75Q,B0179C3SQO,4.6357535302082455
AFT5P5TGXEBFHQDQPSU7COEQGTPQ,B0002GY10M,3.854233384384679
AEHZ2XPBR3DD7KQKP5QLUMNEJEJQ,B000W348OO,4.901908943782622
AF4YDYJHJGEIVVUG3BHTZ7DCQY5Q,B01DE4DTAG,4.444510695091658
AHW6YFBKYIN5XRPR3KVBB77LKNZA,B06XTW2R98,4.49988381893339
AE6JEOKRGHXGAGA4FNO4YA6OZHNA,B09NLHX8VR,4.468472959786057
AE5VICOXJ6XHMLISRION3NBJ54OA,B07DK59QNR,4.709091986947875
AFMF64BUD7BO2FCMXDY6VYF65POA,B09JGR9ZG7,4.561421608830208
AHIBMAOLVIYSJGHVEVN3TJLCAXBA,B0BKZ67C9F,4.916031642023396
AG34MRPZANUVEV5QIJEZ4JEQ6O5A,B0BCL4K9GF,4.4586710860334815
AFBLIAES35IGAZQJZLCLOWAS3SXQ,B074WXM13T,4.660006713615825
AHLEUWSV62G45HPULLFAIUFLWEJQ,B008L3SXE8,4.756867419145331
AFAWEQ7RYCWPUSBA7SRPFWREWOCA,B0002KZB8E,4.393962211492995
AE4BRUKTU5WDWF7UTC2B5Z2GTZKQ,B07N83Z3W7,4.553025716155283
AHQGNHYEMY2THNZXZZJAT3VS4FIA,B000B6FADU,4.474949563532196
AHDXU7C43XRQRNTX4FBNY2YHDQOQ,B09CPZ2QS9,4.7440554074318655
AGYEKWJYOPP3NHI7QRNVOPTOGTNQ,B0BLSLKBCQ,3.8177456324231707
AEOG5GP4YYOR6T7H4DTLTH5VXEVA,B07BSSS8VZ,4.97184069836359
AH7TL6PVUTX5BIN72WT5G3DENC5Q,B07D4QCBX4,4.586109509751517
AGUQUN4TIWP46MPNHP5QOPOPRFPA,B00CALHPGY,4.614361426846474
AGC7CFOW5DZ4EX2QVNP6ZRSDDLFQ,B01JJP71Y4,4.126302712548925
AGBB2ZXVQGP55MT6EFSXVDRBVKHA,B0BT9R8MMV,4.760597945573334
AEELYEJTMEJC2Q7TLM6B7SODDPEQ,B09B45DLQG,4.488671507840961
AFXXPUL3WUJA5N7OHL2WSCZUJORQ,B0BRSCCL39,4.079338927360401
AHELCEBAXB4RHDYFRDA2BAY7B3GQ,B072WPD8MY,4.765620461737554
AFOLIN4WBEQKBXBI7TONI72PXJWQ,B01N5QJ0LE,4.253768265903346
AGWI452C24HVTPJSA7KWM3HNOUBQ,B09GF6NX3X,4.646925973816612
AF5XVNQXEWRDQHIEK4RIJU5JZGWQ,B015IJIO5U,4.525125245446658
AFE2ED3TOKZKTVVMV26F7DO7THZQ,B09DR91XCS,4.409475144117877
AFRTBHHXZAQDCTONAS632OGYDJOQ,B0B8YWPB3K,4.947201908984027
AEQGGWXHGCZIDMJB2Q5D4VS5TH3A,B07KG3SDZK,4.353216114088803
AG3XSRIN4MQBL2AUGOPEU6TGCF4Q,B09BF8XDF4,4.881820492773836
AGS5T2BWF5GLMFHWDASCPV5VDOEQ,B07PRBM1QJ,4.715797687871094
AGSIYEJTA3W3WHYOMO3GZ4LFDQ5A,B072FQ4D31,4.662992312202133
AGI3F3UMKKPXGAQ474BDITAS3FDA,B07JNKY9T8,4.710436320468376
AEZBBZPGTXZF2JQ6S2PNOOSHZFPQ,B0C3LKF6VL,4.233816215860342
AGKJNGVNDATZRQH4WSSN4OJSIQKQ,B00UTD0YG8,4.728100056073008
AGNE3LTUI7OD5OEK2K3K6NHMBUOQ,B01MG3QVCK,3.9492567360382793
AF37R5H65LWFM44HTVZUH5WNWA6A,B07RG6P3N1,4.583397099204556
AFSKOXGAKKYKA2UDMHUGHPPT7W7A,B0BW8L9WF2,4.454280790434573
AHXOER5GYRVR4LHHXTDAPROJKQGQ,B0046A04LU,4.311684116815936
AG52TQ6F7NLG5WBLIK7Z4QIKVETQ,B07D9NK1S1,4.524500240126053
AHVWPYPNAPJ4H4YHHPCXRX5MVETA,B0BTC9YJ2W,4.6500966140315985
AHRJGEBB6MS7KB3PFZOXLGM6S5HQ,B00T0S0SPU,4.8885265103814
AGNVDPYCZJ26J44AIEI5BZ3ZPR5A,B0BHSG5C3G,4.123410656146702
AG7JPPWSBNXRF6BJXMCXYPM3ENBA,B003AYRK1K,4.871589806246565
AGELPWHIAKFSOSPQHTLHLK64XBYQ,B07PYQM5RY,4.248668097704818
AG3ONYTMKA2UJNUBSMMD5YG2NS3A,B0C3BSXX6N,4.506092573873215
AH7WMY3V55DTEND6PA4TH3BVGGLQ,B0872CS1BX,4.3892446840312465
AECH6FKMNPEVOR27FIUZR75DDMPA,B08C9YWGNM,4.502946086245191
AGKSVIURJH4HT2U76B25XBTWALOA,B003XJ4O2A,3.5850511844394846
AGDFJXOHM2MEED3KPC7CRRLQPNVA,B07GBQ4LGV,4.250570268312302
AEVBHGRN6HBLVJIVMW75XOG3KGRQ,B074W6S6K9,4.90479698558287
AGHRTUDVQTCLQXO4QQ3PBNCL7EOQ,B0B8M2Q1DS,4.384343440179962
AFTU5SMQVGVFIYFGD26EO7OMVB6Q,B00X7DDGBW,4.187322079378357
AGXWPCGLCV23BLX7CDUE2R3ZHKQA,B09SH423ZY,4.625183114545841
AHJN4WZBHT3PRYJQOXM5K5TWZEIA,B0C5BMZ1K9,4.785055085880679
AEIJ5TAWHBJYV5SRKSYTO6RGSQ6Q,B00MXUIYNA,4.295399102525864
AGWD6ZH66GXJDVRNQEGY77HOYEJQ,B0010SHU18,4.462500884233705
AFCLOTB3P3EXMIQAKAZIP3KGAYQQ,B00T3SR9ZO,4.315283991584084
AFRUEAFOS7NHZ6FXCVPJZS2N3W2Q,B0071NO7I0,4.0955415256183825
AHMMD7VGJIM2NEEJVA2VZZU4S7RA,B074QKLW4N,4.66493953678382
AH4A5EHENGUKTMJ7CT4TP437BAPQ,B074VRW7PP,4.500793148485142
AGDEUEHXRVCWANF6PENBUO3PDUKA,B00VYQABEE,4.742935204520307
AFQRTUCR7DFM5VF7B22WKF7YEKUQ,B08R5GM6YB,4.476743644349292
AETTWO5NLVUFBUSLI4ERXLEBEAXQ,B0BZQ1KTY1,4.641195876687913
AGKTBKXWB7TSHCSCALSFSEL36QNQ,B0002D0LBI,4.679226426649404
AGQR5XCLTZ74WOY755VEO22L6N4A,B0192JRA2A,4.292162506810751
AHFNLFAN42RAZONLGPPS66YTUEBQ,B07NF23KMM,4.890566517942649
AHKNE44SB2XXRTY5A2ZWFK4M7Y2Q,B001EL6I8W,4.6216873828722695
AG6GUKKGVG5WSI6QTH7S6JW54NMQ,B01HTG4WG0,4.192981205704035
AHXV5FF4VTCGDLSZNOWWB3Z3MGGA,B07ZW9R1XK,4.571719410634114
AGGMEERVIX4WNT4TIQ2A2ZMTCCKQ,B0062NUUW2,4.488463067085431
AGPS4MKW2SPRUBQTEXHH2EM6V36Q,B001GDJQTG,4.024242242239752
AEFJHW4IR337Q33F42JL3QMCMRCQ,B000WGJ71U,4.4821142046663
AGP7L5XOQOBUV4R3UZ64ES7F3YPQ,B07KW6VM9X,4.027865554072139
AER7II5DJUTMN7NZM2OQDRG7TMCA,B07CJJV5BR,4.586522225200448
AFPG7J4AME6QVSARKPXTOXWUR6DA,B075RB1KN7,4.435370121611044
AFUGO6TJPE6FMFDFFGT3UUTHTHVQ,B07MQJQTR7,4.672111037754735
AHVGICSVXM66E4SXX23PH7R3Q74Q,B07VPLFNYM,3.6700448485838018
AHA7W3VGHBJTMU46T2RM752HJY2A,B01DK1ZGSQ,4.804013544722505
AHPASVFRV2SQFYLCAZSEKB4FOGIA,B07C91JT14,4.264404631671835
AG76LKUDAVTICNQWJZ5V4LILAN3A,B075GQ4YP5,4.105417754770531
AGVT5E2C6WNOCFYSLOCPAPBJOIKQ,B00IFOTSJW,3.0532446620136735
AFZ7XFQI7X7LQBKVIIPVNTMLGI3A,B09HD48CZN,4.860745275457173
AG6XP7YKD35LKMAUTT2SPLCKKXCA,B00CPLODUU,4.873864653068899
AGUAR5LOTVA6SHQBEM5NYSO2EAWA,B07Q6J4S89,4.311887934943651
AGFWN5S6I4QHRUDQYYS7YRLUGIIA,B09Y65YVMY,4.1424784253011735
AHDSPCS2KLFJZYAWCB33VTXCBUWQ,B071JZNWRM,4.908288141084063
AFYF4XHHCBIOT52VMRZ6W7FOJAOA,B09TL1FRLY,4.577065231362947
AERXAGU6PAY74OIAVZQKU5ONB3NA,B003OJE8LQ,4.940617207195494
AHTDSZE4JNAV4Q2W6ARS6R7DSBGQ,B01FG29LFQ,3.8348738762381473
AF5KJIMQXNEY7M5U5YM43QPCO4PA,B09V91H5XM,4.798828499797044
AEOBE4N2IOVEVU7RAFPCVLBBFBQA,B08MVNHBMZ,3.7829189305167152
AGY2DCIBLZTHBQHNFL7BGGHKIMFQ,B003HGFRO8,4.94530846183824
AGULNOJI6U4V4FUK2EYV6CJ3H2EQ,B08BH7KHSZ,4.075761544968464
AFFN43XNWDLKRHFQQZJR6IDI3FEA,B08NVVLB16,4.842838051632069
AEZBPDYHMCAJJ3Y6EM2ACUAOZIEA,B018DMSNQ4,4.179867092690525
AHD7BRPWD76N2HAKPHG7GQC2LQ3A,B0BLJWTB36,4.350792438281946
AGFX4QLI5ATB7UTCF225IURSJY4A,B08T2N27DG,4.501175271665624
AEDGH4ZJ4WGGFP2OACMNEFL6XK7A,B0002F73YY,4.691390051715943
AFYLZIHVNNEAOJTF5UPHYCNHHROA,B0002E57D4,4.237569055901187
AF2HAUDZBKQZM5XZ2DM4UPO237UQ,B01LXTBO7B,4.857177630616623
AGJBLM6O43DUUTQI52GRVVR6YDFA,B07MZ9DGMP,4.219205866719144
AHQSUITFFVARCQ4GGCH4EBYGOWIA,B009EM7MZG,4.372563768006201
AF4VXDAABTQBQVYTY66KGI3OQKZA,B07NDJ1HSG,4.6851822894305615
AEJWL2VCYD5DYYK5KTYHBTRTTUVA,B0B52FBC66,4.952637381366393
AER6WLSJPBPNOZIQWVHQBVOKTNCA,B06XB3FQKB,4.233424204361224
AG6EDKW4LTUP3EKVJUFQWJTF3AYA,B09KR857F4,4.560821040130092
AEST4VTEXAUUNNH3IJVJORDVZBNA,B07Q6L4YMC,4.942500517119668
AFVQQLENFSRWGERDSJAIIEPSGCIQ,B015XDJB9E,4.133879643256655
AEUQMRMTSPH4W52T2FDAGM2ES4RQ,B002GRBA2M,4.082827924342283
AEHUX7BFZJVA3DFYPTN4OCGUG2JA,B0C6HZ2BJ4,4.639454931003648
AHICFG7RTZ5XSIGBUFK5XVOLZIJQ,B00PVBOTI2,4.969658286150959
AFWS4PIMKK4IFMMFQ3X2X72MLFGA,B09RTZ26KV,4.57752508364196
AGHGBNYNCAABS3ZNGCSDOJIGMDQA,B081PSNDCV,4.295724857621461
AEA3NLDRDLTW7U6TDQT5GPQOOIDA,B00EB11ZN0,4.410752813845784
AHRPODCFJ7UNWQKCLLBKN6BQIN7A,B07C183K1R,4.298832231863123
AGRSHARPM4IR54RKYQXZB7F7D76A,B0BFKQ9QXD,4.183051916301269
AEWAQMVRQBUGFTQIK5FR52QZFO2A,B01LSHMR86,4.5230703002493895
AHVAHCU3H4OPODN642O4SRINRAFQ,B06W2NS817,4.48331102612602
AE3Z4ZV2QZYZUDS6XQHLH52JYJRQ,B09HCRTKL4,4.248880949462969
AFIZSMCB7TIH7APWCJ2AV3V6OSFA,B0887SDCS9,4.7246290314135955
AEKTVFSI4N5H64XNZOKJOEBBYVSQ,B074WXM13T,4.833604241670351
AGMZDEWHNIE36ZAU46RRT2P2Y6VQ,B097Q9W8MW,4.392322894030287
AECVQSYPP6C7I2FYFUICHPYVIXNA,B07KDSZ2TJ,4.874960174760781
AETUAGATWF4MPA37VOMGRRBGKQHQ,B0002E520C,4.450153826463377
AFGP3BNMCLSVIVJJW7YKW26HL7AA,B0C54RRCKG,4.181682668802311
AFXVOM24JL7OMMEJEY7HEA7DYH3A,B08T9CCXZB,4.876320969437031
AHKEPQU5OXUSN2573LYB2VHN6H5Q,B0002KZHP6,4.5941075472573525
AFTSORKZ5J7TPFF4EHDBW73SHI7Q,B00VU75AA2,4.213283219972552
AGBW7LZUPMPOBV4LJ7LO3TCTRVLA,B000G0ATGE,4.556715813613478
AHYKSRZPZKIYUDQGKDW6667SQ77Q,B00CPLODUU,4.652730510152396
AHLWEN2DZAEXDCA35IPSMOBP3WQQ,B0836RLZ46,4.280890497000935
AERTVBSRSK6AA4OQEV7R6OUHAEHA,B0BCHPSV1X,4.294413635090797
AGXZ6KUKS2VXHYLLTS6W655MQQ3Q,B07MQQM33D,4.729077017012073
AEKXSP43WOJHRPOLIG5FUPLYALUQ,B0BR7Q74PC,4.4328156101689915
AEISIG7H44OUAQQDNSLOFCIIK4MA,B00M9BSZMI,4.332742692421778
AEMF5UMRCEBQ6IQCEMROGSAIV4XA,B0BK5CXZBT,4.452324520980143
AEXH4ZE6XAKI4YMN4NA2NYJRFV2A,B0BYNM15YB,4.14979754165531
AGPYG5JL3SNWMJL4WZ4RUNVV6J3Q,B00G059CRQ,4.515056023042638
AGZTAMAUIY5SSSKSYPEBVXBU373Q,B0002OOMWQ,4.513685934980759
AF5XT4SZRB7BLH6FB3RXQJBPW4PQ,B0075DMYC2,4.720913676378115
AE23WLBRYKEC67DM43M6E2MF7GPQ,B0BT9R8MMV,4.719073352648717
AG5WE3XGSKHUP326YESVMB52VDYQ,B01JO7AEK0,4.113379687384111
AEDVFQGEMRPBB6AP5GTCHKPBH2UQ,B075BDNHZB,4.090208740617416
AGCK7XANFA53YJYYNHQY6MIZM2VA,B00HY657E2,4.262517338556218
AHEATNFOOUXTJU7NL3Y3GLO4O3UQ,B00JXOCJDK,4.733830697690435
AEOVNIHTK6YWGM35ZUSAFUIRH7PQ,B0BCMPP7F7,4.732760869359253
AEOWDZHMPA75S4CB4OLVC2357SSQ,B019IMEX44,4.108037786277717
AFU4W2TZRAXIM5JQZ573E4VBNLSQ,B004XDQFJ0,4.260110378017857
AFDRV44BJLVSWMXE6V5NZDYC64ZQ,B0B7896KQT,4.150021522509719
AGNTBJ7AAPSMV3O5F7THNJRKGM4A,B004XNK7AI,4.551969615219506
AFZUK7RCANY3O3S5Y4CUJ236A72Q,B07CPW22H8,4.57406793866404
AECRC2FDBKONKCHSH7GPRZ4M2CVQ,B073W2Y8NJ,4.93111719262411
AH7YJ7LV42LQKXZ3YDIRY6G4S3EQ,B015XDJB9E,4.080303642538168
AHNQDDX4XIZEQM66ZLWWIEBG7JOA,B00VEMPWVU,4.025387556886986
AFWRDEJJALWBO6KHOOBCBY6DAXHQ,B09V91H5XM,4.450544085225158
AEDED7TTPX3SRGVYPSYFLJZJ5UDA,B07K7VC41S,3.7338552950585213
AGACWHSNB43GEOHKG2EUDLOSMIEQ,B09S2Y4MMC,4.8713882741008625
AFXBFI2F5WNLTIOVDM5PKEFOAI3Q,B00B5LDMH6,4.3949131224997835
AEJQ7YOQQQL6WAAGALAPQECSQHUQ,B000RLI76G,4.268855266940849
AFD4HEOW3XSZS3IOLY5HKDZA6UWQ,B08MWVX9JD,4.384002320297443
AE7654C4N5SIUGLBWUVCZIIANB7A,B000F9J5GQ,4.227370277601434
AGPA33SKOCJTWTGFFT57MKFWHOJQ,B000CCSWQA,4.343871453560443
AFPFGEXYZ5C457R3VIQMP47RKJDQ,B00L0X8ATE,4.5783466139846505
AER3THLOZ7KZ6X6L3ACFZTTHDTCA,B0C4R9CTV8,4.512515520416229
AHLQVPOCQKVXGIVMZTJLSTMCS63Q,B00IPH8MD2,4.7720099736140185
AFGWUUOIVYEBY6N2EBLZGZZQEFWQ,B0BSCF2FD7,4.450235076083655
AG344D46XM2XAMSPN4IGM4DORUHA,B082WVMFYB,4.516869547374512
AEFAKDENKTWXF2RQU6RTA7AWZZCQ,B07CQQXQ4T,3.948779534564089
AHGYSJ5C6F7YUTGNX6EMVI5QLYUA,B08DBDD6CM,4.116211677918365
AHIPKIT25JKKXMUL332SVAWYAKBA,B0B2445LLL,4.985859776735952
AHHKJOSTEB6PFRPDSK6SXWFZI6NQ,B01F6WIX5K,4.366416932593366
AHDXMXSQPZX6TXVDHXV7PQWAKS5A,B004XNK7AI,4.795405874231814
AFU5IERTHDNTX7STHYPRFZFKHONQ,B0BPKTYTPQ,4.367417330466139
AEZRFF2AWH66Z7KRPON4YBGTPZAQ,B06XTW2R98,4.201703898677732
AHIJOIUM2UOE6QTENQKWZ4LDOZCQ,B077Z9HF27,4.281278201892303
AFTKKUXXNUYCGVEUCNH7RISTVX5A,B0C4FVS3L7,4.7691153578250205
AHXV5VPSODDUC6ZHGPUDKQNXZ3YQ,B081592T7F,4.519684155005833
AHJTFIUDE3J4S2YMRXGTEHQK6MBQ,B0002GO8NM,4.838457962256964
AFVTV5IBZU7SCCUSTID3SQHYH2CA,B078Y89GRT,4.499367125163737
AEWVOHW6H6U6UAJAUTKRSET4QFRQ,B01NAZMWZK,4.1255085537132254
AH4PST3O2RSB2MKEQSQDVGGQ7LKA,B09857JRP2,4.950909911888168
AFYGNUWRCNB7ZVGFAQES5EC4IS3A,B09D74VBJF,4.191928978644164
AGVT5E2C6WNOCFYSLOCPAPBJOIKQ,B07NSWD8BR,3.064921332244342
AF6Y32ENW4DHLHN2AOT7DF3L6PYQ,B0002CZVWS,4.836707665238971
AGR6WMSQRGC5UIXMOIPSTOCL3E6Q,B09TXP3FSK,4.32190180100608
AGTIWTOM2GUUFVUU3FBFTFZBI6HA,B077PSQQVH,4.455201390892649
AH7LLWX47LHBPP3VAKO6MGTGOAQA,B078XDMKWM,4.960589757708987
AHI3FR2LO3SB5SALPSQEFYVAY5TA,B00JER27MO,3.4410110638183995
AG5G6CFL2C6KFLMBAEZRTQGHRGJQ,B000RNB720,4.1748717278889345
AHRJONWXD46T3DWKR2UJG4RB44SA,B07NDJ1HSG,4.766774118471855
AF5VGANSNUJ6DMLXGIEOPGRXIODQ,B07FM97YFY,4.63131558975178
AF67IH7LKCKADW6VCGNFUKRAREAQ,B0002F6ZJS,4.558621519994262
AFDBBJTCNY6WUQQVIZ6QNZJEZBUA,B0C1YB7KFH,3.770932982296634
AGO7VCK6FT7PMZ3MK4MI3Y7R55IA,B07T96ZKRS,4.631738903727173
AFBJYXI756RJ7PNDD6RI7SEIZAFQ,B011AJ8KHO,4.746689853562313
AEVV53KKJFALWH75EY7LFE5NTQOQ,B07T41F22R,4.705009356359516
AETM34MLWJDDYMFNNTWXVYOGPCMA,B07N5NKMFM,4.940925056898462
AGSM4LM5MKYYD3CJPXAF3MIFGAEA,B00FQ10MWY,4.748156684028305
AFNN6U672YPXSWNPCBUXSLYBDQXA,B07D5W5X3Z,4.469541593906937
AEENSLZS6WAJQE7GRMNHI74TIYYA,B06XJ53JLJ,4.53497874644632
AHJS6QDWCAHL75QZJAGW2VG3SZKQ,B0019QABGW,4.625894480269978
AEWF4NEN6QUFTMF4P4RXGC7BVJ6A,B07RSSBZC2,3.8251011006104148
AFJCMXTTCBPMARCHD6EVWL5WW2YA,B08XMK3D28,4.207131469857377
AEBJ66PMIIS3HX6ITE57SG5HQYZA,B00UJHFD2Y,4.236298661982221
AF7CC34DK36SQJS7WXI44DREGWJA,B0B81HB47Q,4.660966885071264
AGFFYBEJ7PPHHQE3CXR6B4FBS6CA,B07BQRDVYJ,3.9171226366336938
AGRHJQVFM4WWYZULXXSZHCCLUMRA,B09M7CK2WK,4.445225272118242
AE53AVIEMEFU245TVANDSUXTHP3Q,B08PZ5FQ3H,4.44952255816036
AF2P3RLNKQGTDFRBGQPS6QKZC3FQ,B00L1LL7DQ,4.806757574970931
AH7YS622MC7QXBBAFEBQLY6PVTGA,B07SR3TDZQ,3.118976587087493
AFVZ6EHLAF5MXXRU2CHNIKZCTENQ,B07KNJSD49,4.508817080158402
AGGF6WC6ORV6VV6IBPBPS7VDPREA,B00LCY77NG,4.790928150581089
AH7KUHFPD2SO4PZCNXVSY3XRLTFQ,B0BKZ61YJJ,4.689529702103768
AFITBSL7YZ34TYWR4E7I67ASN27Q,B01MSVSA4X,4.165852030378086
AGGWVXEA7MU6H63OVAPUL6XX7JFQ,B07FYYV6Q9,4.7693257905576845
AENFQD5EQBOPKB6TB7AOAD5QQCOA,B09857JRP2,4.7318064391626455
AFROAABFKVW3IEIVRSHAIA7VR2EA,B00USQY0CK,4.562994417019829
AEESX3HNU65OOFXP7VYMTQG5OZLA,B005H2007E,4.434336105459223
AELDUQBFBGYWSPXFJ5Z3HJ3YL65Q,B00VYQABQ2,4.376261796512858
AHGPS6M64DTATP53YBSK2SPY2QOQ,B07GFH8NTB,4.808491146151066
AF3Z6NIK6HCVQSPUKRFMHRHLDJOA,B0CB98SMQR,4.751825215811589
AGPWFIBAUZAC3CMJUD73YYJQ22OA,B01MT72S9A,4.230921704066353
AE2N26XNOMBRGFNU72Q4FOCZFA7A,B0BFKN9P7R,4.33106980224289
AGRAOA7QVG7JT5JIVSEO3ES54HBQ,B000J5WB4E,4.181085894961519
AFN6HSXIFGJROQZ2NN3FSUNNM6QA,B0039ONN5S,4.329348519617028
AFQJYVZJRRJKT73QEQYX657RRIOA,B09PWCF6T9,4.4510832492934265
AETRLZMHXJWHRPFLNPAT5KWVN2UQ,B0B8Z76J32,4.480380885500556
AEG6OB47J2PRTMCZ23S52PWW2BSQ,B0713YCK3Y,4.031713270673996
AGYVIJCXTIRUKHIIJBRWW4ZYCCRQ,B08VF4K987,4.849938375493621
AEHZLERK7MKZNMJ73WK7HN3CCS3A,B0936WZT3J,4.628243750064427
AEK46MKUYWGIC32UGOGJ5XNCHGUQ,B07KVT68WY,4.388307425138005
AE2Z3OU36GTOAEVZNCFHULNC4SEQ,B07D9BW8ZT,4.7976978645364
AFNKH2Q4B4UWDWJN73UODTARAN6A,B0BZ166MLS,4.730147651380224
AESVFN67IDLTGZUQEMSPJAESH3KA,B0723D2759,4.804102179931115
AHRYD3RNVS6Z6KNQQFLIOI3XLZ6Q,B0051IE05W,4.433949553787259
AGE6QCQA3IDXEVSSUWVWNIGYVV2Q,B01D42PQCW,4.598418766849146
AHWAYCEX3NCWJD32JTFVBFXKUHOQ,B06W2NS7RW,4.926714017836269
AEK3J4P3VZSXTFCRPYKCMRG6562Q,B07N5NMWXK,4.859073754212374
AE7WTZD7ARI23J6UYS3VD2R4MKBQ,B0050P09WY,3.783924571317307
AFG7GOJ4XZ6MQA7EXJQ6BCK3Y2YQ,B00DJWO85E,4.965138854014408
AGXNHM6FE6RNTARQVPQSHUNC5UYA,B08P4W7NFP,4.004662145515542
AE5GU6FB5WPUSX37JGGNXLS5MNLQ,B07G8J1XQ3,4.6237271763589485
AENPMEUT6ZWW3V3QVBLKWX45TG2Q,B075R58Q4Y,4.453908854552464
AF5XBYLOZUWJLVK7F7ZQDL6OZPJA,B0002J6H2Y,4.2483451926261315
AGRANUNQRSXU32PTYKNNGLT4QGUA,B01DZ6FBBI,4.4065511968349105
AFWYJRXR3ZC5QWD2CPDL762HWI6A,B0B6P55RBN,4.271896993765035
AHO5LUPMSZT2ISIN24MT3W37CYHQ,B015BKBGZG,4.617915330239904
AGDLSEHQJIHHVM4WEZW4TZ3UP2EA,B09YW3PJ7V,4.741587009445725
AG2BNWGHZ7E53YD7US73TKEQY7ZQ,B0BFKQGWZ7,3.881169186474105
AFES2HZGVZLGZO2LNH2YRMIW3EYQ,B07MC4N6P9,4.440265251619461
AFYRL4FOQ56QKA6VZOBVMIKVYH6Q,B01N40M4KK,4.774142603832197
AHTNI7C4ANON2I2LZVL7KDO6PTEA,B0BW41MRGK,4.71009959919941
AEQKLE6U7TJCGBHR6ZJGSYBK53BA,B00JA8QD40,3.3785439709566973
AHYAJSJYNJNYY675NJFTNOQE3OQA,B0B8LWBTH9,4.569068451546268
AE4CLE7HXMRP3XPZAHXEDMYCNEJA,B01199MA9Y,4.56428909435783
AEC22VJTGBP2NSSEFFE4436KBOMQ,B088GF12PC,4.002044502067307
AEAPGDW6CTHQ2YHAEVPWOU5XDEBA,B0BPNMSDGB,3.9069846405390614
AGVT5E2C6WNOCFYSLOCPAPBJOIKQ,B003B06IMA,3.1258519588284535
AEYVYN2QKZKKFTW2LNJG3QKFGHPQ,B0BWXY17MT,4.81263862601236
AFEPLHWMMPUHJCXBCDWHIDLE2A6Q,B0179A4ILK,4.325243901651619
AGWWFKFSK3KYPQFSEOUVAVCDFBKQ,B0C4SQBLC4,4.876971544497374
AGENT7K7THM6Q5VKHKH2PUACREHQ,B09NLV5LBK,4.152676007204875
AGPWPQZFGLIGJJDQR3WFVKLODSUA,B00AQ4U76M,3.9868758290301916
AFZ3C46427HBPAJPNFHWADDIBGXA,B0BKZ685H4,4.303489203617606
AEXHOH3UTHYIRRTX6U7LDAZHLMPA,B07N3Z1289,4.763885951802594
AE4RQ6OMDFEXLU5Q37ZQFW524J5Q,B08T2N1WZR,4.652009881876089
AFFZNXPPX2MF7F6WSX4KYASX3TLQ,B0BT84L827,4.944340251159709
AFOHCSWHO2N27LSXIATOMCFZM67Q,B01LMDLNAY,4.646521978865947
AGZB437NN6DJ6CBJLPBIO2CG4NEA,B0B626J6MT,4.362222696376148
AEPBPML6HZCNA2CN5QARQJCIIHSA,B000EB68VK,3.671261642777113
AHNG3NRGEDYO7E44QMYDHMBADPBA,B0033PSLSM,3.534175565225933
AETKHJE5RREYGLLOHPOQEC77ECEQ,B08JMQR2JK,4.661910039897176
AE74LXAR2UTNMY4Z4ADURC2TXWQA,B07MG8PHF2,4.829790880993265
AHEDE2SI6D32L6OKL6B5QCB42ZLA,B0BRWSYSJS,3.8343898589936267
AGJX6XVM4R33WWI4R4PNSXVFZ7RA,B0002F4V30,3.911772067912686
AHPSEAIJQPOW7IWRQL4KH5ZM5BMA,B07WJYTDMH,4.751158557158168
AGAVAGDERIBPSIQPFQWIC7URSNOQ,B094DT88S9,4.92314949968683
AEN4JVIBT24RAPMWEHX7UGOX5CMA,B08GZH46GW,4.521073066305701
AHGEZE3BVNV4PBLJHQ747Z6FUIZA,B0183ITSB2,4.555997079957059
AFKC56ZSSFHF5XCYFFY52C3ZLFZQ,B0BDMP3CW5,3.9699870998070845
AGX3GMJ24TNG7OZWWDYSXH46ATMA,B000T5PPQA,4.204906421587325
AHW2G5R3FA7BBXBDIIGS6HFWX7LQ,B072235GXG,4.639264917250872
AF5OTK7QRYLFXITBWKD5AYH2Y4BQ,B0BXX3MYXT,4.962556046075078
AEZWVY7SNYXITG2YVXG4CWWGKJDQ,B0BXBG7VRD,3.9921390327458313
AEVQYOU7JYIXIVXIUDRSOSGWCGFA,B009A3JEZK,4.4950808350847025
AGM6T4Z6E7NEWKUQIW34DDBHYT5Q,B0002F6WR8,4.943670331801514
AERKATJE467MEOYHBLICXUTG2F2Q,B075MRW285,4.02935472394386
AE5XF7B3YXXLCP2TIYR3A5WXZR6Q,B09PWCF6T9,4.457885915960093
AEMVIRJQCGVVYBFMIGX5UNRGPRWA,B07MFYHKLH,4.498505363629195
AF4HL3ZLQ4TINY2YWENTVTBP2ZGA,B002CMLQ0M,4.1912584983458565
AFAJWSAW4JGIMIWNK5VQH36YKYTQ,B0BT2RP11L,4.605793041354336
AEP6P3KJKABIZ2XBA3OQKRHEB3WQ,B06XWLXCFC,4.660658092967363
AFCIVS44DHRDBJKC763CZ6ILP5GA,B0BKZ3GCGR,4.556254903312946
AFD3SUBU6QV4WG3FUYMQNRHKHADQ,B0919GCCBW,4.429878660835372
AGTFEXWAKKGB3P25NJU57G2JXWNA,B000EEL50Q,4.328559186644589
AFIGN7XBI6JWQG7G22JQEDZAAOUA,B0BCXS7X26,4.5561690527072365
AEZVM4MTRYYVQHX3O2HTA4LSPBZA,B0BPJ4Q6FJ,4.725537421467922
AEAU4KJFIXGZODX4R23HMUVUZV7Q,B06X9KG3HW,4.962301911070337
AFNC4AEF5EWJOT73I7V2LKMWOOEQ,B0C61YQFHH,4.3743359699848865
AFDAU5M5NRUN4LYLI7N4YROKYLWA,B076LRN23J,4.772687438390534
AELAJ6D4JXOZ25T62VNQEOERFWQA,B07QQLLXBG,3.7915055677416345
AHBK2MB5HZGAIKP2DM3VUCOOQ23A,B06Y1KSVDK,4.650850041589151
AGHA4OJMCWUO27UTPY2JHNGYXB5Q,B01DE4DPSC,4.802269416761909
AGNPXZERD2EQJICAHX2VHBRTDNFQ,B0BZ166MLS,4.780200556636392
AG6BU665T6DKOUYJQNO3IAZCJ25Q,B0BS8PZNGK,4.4480072453084345
AH6ZOJ5KTN23MYCHYUMFNWCDDCQA,B0C6HZ2BJ4,3.6966381248208044
AFVCAHAMFK5OJQQPDJ5LUXH5FSPQ,B01MSZ25L9,4.399045349726805
AFQJVHDJWJR7MESW77B5XJ2CJ7BA,B01L3JPLWI,4.038883784502799
AF3EBMSD7BBGXKFCGDHDT5ACGJIA,B01MF9H516,4.562890962373559
AGLKS7VMMPLSNP2NANAUOBZBHGJQ,B00HSP6KGS,4.3463630094540875
AEIWCG52NFSOZUVGLQ47BD3RRCGQ,B094RD529N,4.599484893234611
AG65EMDZJ3RRQSYRZMMBUR7TBA7A,B0002E3AHY,4.956457027282414
AE2W7OBJ45J4J52CGH7OFWHQZJQA,B07N5MJDBF,4.87488306536538
AEZG4SHN6EDH7X2I4NPMCSN7MN7Q,B079NS31NK,4.49709166074161
AFO6XWHY7FAH6UL6LXPNPRCHTTRQ,B014ZYPT34,4.456412310545828
AHGXIQPLSY6BOS66R3V4RMEIM2OA,B01AAX6KGY,4.167415587399186
AFUAQQ6VNKIE775XCZXO6JWY4FRQ,B07T4FM8C5,4.208770464185731
AGGR6BAOXEUYRBR37SXH3OS73V4Q,B09RN6MGZH,4.6148541845554885
AHJOVCWIY7VHL3GA544JONCJNSEQ,B0BKZ66FRY,4.813607935403669
AHQMEESXZDL2LPUFFMO7DDAXMMJA,B07XP6MHQT,4.664864180929727
AGMTCMP27WCMMXZ3R3FJ5F4KDABA,B07NZ14SP2,4.338346819408983
AGN5FDHWM7WRJKFO3CLNJ4D32U7A,B0BNCDVD4M,4.048795291257968
AEUFKX3YWACB5WMCIKX3DQJK2EKQ,B079TLFL33,4.540944121452934
AHAMNFZUBWQDDKPCIU5MHVPCWZEQ,B00O2LT4F0,4.506163637181179
AFKCIJWTRGR4PW3KWUMWP7L5OIWA,B07BSZNKTM,4.322849712380918
AFGC3CVTWDXINUBXXD2YPCD5RHCA,B07P67TV7T,4.305411638172836
AEZEVMIL7CWPAMT462JJC2AAVTTA,B0002F73KI,4.798706786139735
AGKQIFYBIOZQGQ5EX7PD5SFVYCAA,B01NBOF5MD,4.397504877578167
AF4IJ7EGPU2LWQAZTYBA26KY4UVQ,B00TQZN1LU,4.030168285924453
AHC32FZVPNMEWOEJGLTZYNJ65ZSQ,B076BW4ZRP,4.76876822997053
AGELXEQ7HQL4564TYOBFJSOPBAVA,B0BSGM6CQ9,4.75493048266618
AEU5LBIAENNFA2SQXVQLFAT7PQ3A,B005ZV5K0O,4.427667209006035
AG3S4FROO422V5KP7DJCBXVUQLJQ,B00F3D9ZQE,4.208045554432243
AHOFX2QE5YBKLO6GRP5ATWGDH4NA,B0BFFTRRRG,4.207795550641524
AEU2O7FSZ6PPNCECOVQSC25OLJ3Q,B07175TMXS,4.591800745073126
AERJUD4NREPMW7VM26CSV32KJZJQ,B0BTC9YJ2W,4.556967618818021
AF3NJDOTMG7BRKDLV6UM7GHFC7XQ,B076346CZ9,4.39044836406262
AEKE5PFGZXJF7WY3UCLPX76KDHLA,B00N5TGXOA,4.800095965077241
AENOIMGIPZ2LPSOS4YCUUR56C3TA,B082285YXD,4.3394235530796035
AFATIZMBMCY47EOUEPCV3TCNLNZQ,B074RL7WQJ,4.659560441199183
AF2QKTYLPEWJZVZCVOFYQZA2R54Q,B005OZE9SA,4.894311455869947
AHOFWP4LITEBFBWVQDV25AZK6C3A,B0BSGM6CQ9,4.661773777116854
AFMOXNCYTYVRTZKJGVX4X7NHOU7Q,B0BSC9T1BY,4.381514558383528
AG3HHGKGIZCIIQZ67ZGJ7SUBH22A,B0CCK4YYNM,4.261912895450016
AF3QU2YYPZLQSXRYSEGLWMXIOV6A,B072MLFW5B,4.057694348579898
AGRUH2FJR2BIFFEA77I6ILXY6P5Q,B01N6LKIO4,4.610968238913792
AEZI7MUZKOSYAQITXWI6GWJC53IQ,B00WBCBQF8,4.904758396037825
AEQDBGBIFHPMU6FFAZQ25U7BTGQA,B00346LJ2A,3.9241603888641308
AFHQZEUUODBBUMOO3HTA5B6FKKVA,B0749R51B1,4.803570096652531
AE7BAST2UTRFTYAP7V4OONCCFQTQ,B07KYX3S8X,4.906062111820326
AE3SOV2D5KXSUM3BXEQO7HXO55SA,B0BK9TXQ7Y,4.952642057607812
AHLWBN3XMEJUKJQECDTG4PZYDI7Q,B07Y9P1CR9,4.955028406436173
AHAOKT34FB2OVB7UTCVRRPWDFIOQ,B08VF4K987,4.355515207134168
AFTQXMXNFZAGW2YWFCH3SPHYIIDQ,B000EENHJ8,3.849725876252554
AGNLHFQGCYCHERL2WXDOFMHWIIZQ,B00JWVVHAK,4.5749858638917615
AGN7KMV3GSGCBANTJAKIHDQYEFJQ,B076H8RBPC,4.762393451395359
AHXNINWNEGPRI6RIHBQIDIWJCBSA,B0BPLFP5P6,4.343053845180708
AHKFANAOLSIEMTIM7ILBTUUDEFHA,B00DH4Q668,4.714184207461531
AFRHPTCG4SZVWT7QOV7G6TW3GXPA,B00RVE9X06,4.386768769167954
AFUZLLFBTEMFFNHEXPEMTWWFU65A,B00IY0BLB0,4.797760498399094
AFF5DXDGZWYXZ6BDDLOPFFPLKKQA,B0107BCV1M,4.7465509594644475
AEJWUXWEO2PPCM2UOVJNN24S4MIA,B09N3PBT9S,4.104241915433838
AGQ5CAQDCCR7HN63DJNQBIYRGQEQ,B07ZCJJKRG,4.130731797909356
AEMT6J7LNK3BZYPCMUHZQJ2IN5PQ,B01MRJUB7Z,4.300589538042445
AED3UVQUX4DN4DOUQJQN3AR3QUDQ,B09VP6F1DV,4.677165726764997
AE2XNFCTZXR5ATG2B62NBED5YVKQ,B0BJ8WDC13,4.869037890956901
AHBUGHHFS3VT3ICT3XO35WJEDO5Q,B07MDT5WJX,4.827961532585676
AG5JSCSMRBS6A2UL3CSWQVUFAAVQ,B000Q847M8,4.593567701041709
AE7CZRB46NV6QFMFBV2KO773ZMPA,B00CALHPGY,4.72296977205984
AFFYR2A7MHOFGXKXOAS6NYCGEFSQ,B076322LP4,4.252165744293439
AEI6W3CJO4FEQT2UWAYWJBAGNJHQ,B01M5CXH65,4.74319054943932
AHAGDQE6VTTDDSDDIEOVJSSGH3LA,B0C6J1T616,4.525980486057453
AHRMYVXZC7MK5EBIO2XL3Q2GGEGA,B00OYUSHJS,4.316603474342096
AHCWJFAMVFJ52YERNU3A6QMYH7PA,B01LDTXWKQ,4.457983789751409
AHLQVPOCQKVXGIVMZTJLSTMCS63Q,B09857JRP2,4.9442793348772955
AFGQ6RLFIIRFLQZKIUMJNFZABWPQ,B07PPDY2NS,3.495855660876426
AHYW5HKXV2VYBDQKXWXZAKXPVMRQ,B08R5GM6YB,4.3062768154724
AG5WE3XGSKHUP326YESVMB52VDYQ,B088DT926Q,4.359697000295722
AGAGQDT6HCJJCPQQNXYWPTXKJYDQ,B0C5CT47DX,4.024664759044508
AGXFEN4ZCEDWOKWWM62WHABQJTVA,B071DH8PW9,4.460858694108115
AG477CZTN5DXXKI4PJQL33KQYQMQ,B06XJ19VWG,4.749646382160835
AFCESPIEZZMNAOIUYWFTVRXDY4NA,B01DE4DEGK,4.869817388641093
AFEYKY4PX6MMT64Q4L57K5VWZ6LA,B0088DXS14,4.297042591542838
AEUFCTMP25QBJ4AB2AN5LKHR53WA,B0BPJ4Q6FJ,4.8335001920290805
AHPPNXBRVHYJ4U5ULMVS62PKMWWA,B08P4W7NFP,3.8193423708569316
AHC7I2RQ6MAL3UUOMHTOVKQQX4GA,B00WJ3GS16,4.566880872159501
AGB3CWNAGKSYFS5HSMIEGF4MU3HA,B00OGMD0VE,4.666991982830672
AHQQRRBAO2QYRA5LG5E7OJYAQE6A,B07K66L4VL,4.952813742002234
AF3NJDOTMG7BRKDLV6UM7GHFC7XQ,B0027V760M,3.9414441637292623
AHJOGKL3G262UFCW5UVYX7TOJ26Q,B0C67HCGBR,4.74589211321666
AGXCV25HDW4JXI5QQSJTIZUHPRHQ,B07NKRZ1KQ,4.6828143989455
AHSJ73XC3DMN6FGEHNJ6HI2L2WLQ,B0C9D7W4SM,4.448059646416467
AHCDQKCODVZFMU37AXNWP4ZO5DWA,B0B9XP5VFW,3.9409306250853553
AGDX76QOOHVAXJJMSBNSJHJV6LKQ,B00OGMD0VE,4.677970000927966
AHT2FXCCVPDKKIMQ6S7AVHQ4ZNSA,B0B7WSSX8T,3.5090756348416536
AFUA3AH4YS6GAL2QJCM6TLUMIPEQ,B0BM71QK8M,4.738598307285009
AE2OU3FDXOGNHVIXGRKRHY6YTMMQ,B015JTEBN8,4.715884189179334
AFVSFT434NS24FVRSL3E32JMPNAQ,B099NYHNRG,4.94979704854206
AEY2D6S47J7ZNE5B5WHDGOMTBDRA,B0BRSKMZVV,4.855603957171233
AE5VUD3ZALJSYNWAHP3AEWSFJQ3A,B01LVXY4GF,4.808417064408875
AGODDVRWGAQPWOIVFD4V76XIST3A,B0BCXRJCL2,4.10766787296198
AF67UFXPM24ELQQMDH7UVQLDRJVQ,B07YMGPV7P,4.571190730914588
AHTWAINQI4ZDZA7GPISHQGC6LH6Q,B00INK6PIU,4.827459921986783
AFLCWNNFONDAF7WYBT6BHG22ITRA,B09BF8XDF4,4.936452257461879
AHOPM2RGN6VXHKOR2NCYQ6EGTAYQ,B085HGYN4C,4.911256749433843
AEIPLIP6FHRY6D3IMF4MM4ANWLYQ,B002MWIVNM,4.914341980894552
AE4XDOLOLDHCE3JLFPIOCU2CDPVQ,B0B819R6CN,4.356413536778636
AG6ATLCKETNYRKL6GCQV35CSSGPA,B06Y6BCX7B,4.323540823274155
AE2ML65H4XYB6KGEUWIPA6KQJXLQ,B000ARHGSC,4.5156968833158
AEH7IOTDSZGSZLE74R7YMFXFZD6A,B0B3NJ1TDB,4.760699181211627
AHYU5PQSGXDZ6V7F6UUG6LX5HJRA,B005H2007E,4.235652374804455
AF3XBNK46KFV5SZF5WYV6Z4EFIWQ,B07S1SP7LY,4.393065232940118
AFQY322LW2MXVICDXMZ4QFWAGP7Q,B0B291RR9J,4.497825153221684
AH5BGSPUSM5ZKUHBSEHRDPDSNLJQ,B004HR892I,4.9205805659795585
AHSZYTQBIGNBWEXCZV4YMR3A5CCQ,B003XNTQWO,4.747902267199726
AEO6OEASYX5JVYAWEGXFZ5UPBDIA,B08T9CCXZB,4.963324751374404
AEL275DNGFTFLIFSPTKDR6VJECUQ,B003Y5BVN8,4.030191960750629
AGGRZR7RQQXUDJIVEWFEBD2CNTVQ,B0BYXJ6JKZ,4.679788223980876
AF7HJLFM2MIP6HPGUFFQFRPITXDQ,B01FS4JNVY,4.454902057356577
AFJC44PF7YHE6P47UU5LX2NDOEZA,B003B07LI0,4.571934812569071
AEAFJUXBROINGNN4KCQGS3V2EMAA,B08HHVYGV5,4.1521638319566385
AEOWIXLCWGPLFJ5FAAIVMNJKZTSA,B0064RTSUQ,4.799513318432052
AG5CLB4M2P4GCGANQS4WS3JGHFOQ,B078KGLKH3,3.864096603480801
AHKFXYFQXGWQPZ22R34O6P6YSMBA,B07CYRYQ8G,4.719978052499222
AGTIWTOM2GUUFVUU3FBFTFZBI6HA,B07HKYZTX6,4.955441592946383
AGKFP6RGI2I45OUK4CHQ3YZO524Q,B09V91H5XM,4.404553291398378
AESOEDJVQQA5P7WROKE4ZLCMD7CQ,B09TPZN5JJ,4.251520111098387
AFAQBC3T4TZUBO2BZJFSGQX7ZT5Q,B0BXT6TL22,3.920818254844097
AGNAP3VRTXIECI3MGMEMF3B6V4XQ,B0BZK3X11C,4.054943701907044
AHXC7JEUXRETZUDFXR3SAD336P7A,B015IJIO5U,4.2092269961267395
AHOKAI6XL4KDSK2EZRV6J2XDIXLA,B09857JRP2,4.946460680545279
AFQGRZFAOTLBDPYOLT462I732ICQ,B0B92LPGD2,4.766696425530899
AHXRF6W7ESUNDFKBSQJSP6VJ2F2A,B09T7NX5K7,4.416004887526393
AE3SKTQCCNKB4GYG5RUDUJCGXQCA,B079QHC29R,4.304231209461015
AFI35SPJJX54G2T3CW4CRH7D3WLA,B00CP3GQQW,4.534182199649217
AE2UV6XH56H44OZBF3FY3IBS37TA,B0B56MCNBL,4.568890994997091
AGTQQMW7HNFMXJILBOBFZAAA5D5A,B01LXTBO7B,4.709733113912393
AEISZPMG4E633J4IM4ZGFLUVCGWA,B07FYL7LW1,4.942243294677504
AHGPT5QIALNVAPT4FQBEUBWKEHOQ,B003YJQX1O,4.223593702333434
AEJHSRQR2RW2BG4LUTTZMXBCOJWA,B07FYCR5H2,4.955906522240061
AEMF56577VPVKT6SBZRQROSTEL7Q,B001V6BW4U,4.944467754642196
AGP4ZPYZGTJEYLYSKCQJBE5WYGSA,B0BJ3B8TXN,4.594985424777599
AHYQKMLIXHKFDHC7K2Y4JXM4YLOQ,B00M53H80K,4.564449368924408
AGIS7IZ2KTZTD7RYTKZIYAKIR67Q,B01GGUTOFE,4.4480410010278275
AHXOER5GYRVR4LHHXTDAPROJKQGQ,B01DN7OI40,4.276962706029825
AGY4LSANTCTFGGXVHUO6BBDARX7A,B09WVFZPLS,4.490036703260549
AEGCEISD77PLJ5CDAXN5MLL4FPAQ,B075MCRFYZ,4.962360928291067
AFSA6YD3ACC3VQQJRNN27YN537NQ,B07CQS5DJV,4.428960580194084
AEIJO7WWMCD7DE6YQAFIB2L2QGZA,B07DK59QNR,4.713232541997222
AGCLDTIX6BEN6YTPL2ZNULFQDQCA,B003VYBNIU,4.010278393038234
AHYKDZQIJSFNDBGMKREOKXQ3CNLA,B017VXNOK6,3.937834129035364
AHVIEHUW2JKP35YI3YAMQNTQGJXA,B00BESRB8Q,4.582844336354566
AHBWDWVH5WANPTQ4GF2M5F46S3PA,B09RNG1MSF,4.852166510171868
AGBOSU3X2EFARU6PRHGZVYHLUKLQ,B09TPW5HSK,4.695562504675718
AEKP3YMONZP4GFRTLXJLTSEGXXFA,B0002H0BZU,4.851395342524608
AGSWTRJPZ7AVS2C33JGND5BQ6SMQ,B072LXH1V4,3.7474875076297747
AFPON4DBYQNDCNYOC2UM5LXFYJIQ,B0BNCDVD4M,3.858792960815143
AHGIW4KOZ7GCGETIM5WLEGYIYPVQ,B00YIKO4CI,4.304538323825789
AHBGT6Y2NTDTMPCV4OGK4BJM7EYQ,B099NFZP4S,4.906160260388356
AFZV75N7D6JB6GXICYEYS6NOHA3A,B01DN7O97G,4.713123606788199
AE6M7H4LZHW4SPTZIDFHYYDYPAEQ,B08BJ37FNS,4.895899901612569
AHRVFOLGXQO3PSAAF7XTRWO4ZENQ,B0127V93D4,4.250598643872604
AGEDVIBZ4U3WNWUYK2VKGDJEWPNQ,B0C3LKRRFZ,4.658535703092411
AEPIBDY5VZBDD46DVEAA5YDTJ6BQ,B00646MZHK,4.595773800210527
AGTD3IDTVYW5TDGYWPCUBDTAX76A,B004SX1BCG,4.454509965825912
AFDLRPTS3IT4XBACV2J2GFLWEHXQ,B0BLLKKFR8,4.66520403197693
AEEE6HXPTVNXEJAAL7GWHXTSU3EQ,B014F1UKI6,4.587458987135403
AE5VICOXJ6XHMLISRION3NBJ54OA,B0002H0SWQ,4.299752409395917
AEOWIXLCWGPLFJ5FAAIVMNJKZTSA,B09R2TMLJR,4.722344918671546
AEIBJXOMYHYM2GHFZWFVH4OYSVWQ,B0BG95DG2H,4.905768351015616
AEAJFQMXRKKLUVQ3CKLPOMYPM7MA,B081H694YZ,4.624717719633571
AHWJXB2NGYU4QVDQGXXASEMTCRDA,B0002GYX5K,4.532162414426621
AEHBVSNQHWSBV5RXVHMGN3YOO4LA,B0B81D5BB4,4.831814734934378
AHI2TEVNDZXRO4VCOPF3RXRAU4ZA,B074K56PFT,4.438969224958121
AFHPDLXI5LH52OFLZSP4KUBTZ2UQ,B07G98F55T,4.5077929580038
AFT7ZNJFMLEFNPUU4FI5MATSZCKQ,B00A2H01IW,4.123908814869812
AFPOTFD5RRB6MHZQ5P5UIVG7QTBA,B00RVE9X06,4.674358160259905
AECUZZA7GWAAL7BMAEXNOTLRKVFQ,B09VP6F1DV,4.33323288426281
AG2LR6OTKY3TOO4CIH56E6JBYPWQ,B001L8NGJ2,4.477997816672835
AGENKWPB5FFH3375MDFYOGJ73QMQ,B01M72N0A6,4.366243464314432
AG2G5F3GABGI6CPVD4EL76ERFZNA,B07DWM2XSS,4.49665571468933
AGJ7RLVCMTUBOVBIHLK2TXPNJL3A,B00SZT4TTQ,4.660177248331774
AGTFVU24EZKHXUFYKLSRPB2ZUG6Q,B004UJWBL8,4.397096888994711
AGJWH7NGBBLGJBRDYD3SQ4STKN7A,B000WIPGG8,4.6590988021375805
AGY53AAWLQK5O77H2YKXCURQHNTQ,B0BSGM6CQ9,4.613920434791285
AEO56G3OFK7ACPYFK57RQZPHC3MQ,B0C43X1YDH,4.104532070173469
AH2KNTQFU4DWMQIMTDLFSMRQHRYA,B0BNCDVD4M,3.987453690406855
AHNCGYAQJFC2W5N33AOVBPCOP2WQ,B07CRK35NG,4.532880015536968
AFDI3YPNNR6IN2BJIJS7RCC64V2Q,B000EAKZJ2,4.303258272442654
AEKFPM26FPOBYQO24ZSDMAW6TC7A,B0B6P55RBN,4.429928176997915
AE2ZQZNGYDIR6KW2TTLMZUD7NSBA,B095XCZXNQ,4.5761769628667315
AFAOI3QN4UWTNNWNVQOE6QQAJKBA,B018FCZKR2,4.760873374689734
AHOUKQ3IRAEAMEHDB6U4AMB366NQ,B07R28FF44,4.209907586634071
AG7PTH6BRNGOAKYFR2KUSMPVO73Q,B09857JRP2,4.873407730688435
AF63VW7YLF42A6STVGBLACD7RUWA,B09R2XFGH4,4.195993171193719
AE2GJDEGL4G6J4VCIWD2WA6FONFA,B0002KZB5C,4.527207313502326
AH6JESOL3IE2HXVN75ODIOHNWJYA,B0002E3830,4.435330648044591
AHXOBRO2VTZ2WUA2CGIR3JXHZ7HA,B09MTHTMBB,4.955790627607039
AEG5IJCEK4RXXLTMQDHBKXKZ4LCQ,B07R3S93K8,4.4332064976553855
AGK5J33TK5YZJZNMTXRINKBZ6MTQ,B00N4ZHQ14,4.5942254275296905
AHNWTDM2BHT4KVCKGSQVEKXZJCBA,B0B9S8G4HD,4.595912432489382
AFMEX6I3YRYORJRHNM67XPKTSNRQ,B06XFYX3NH,3.2666956471365807
AFSSGMMR4TVPLP6XTNIAHQTRB2VA,B06W9NGW7Z,4.49149262873114
AGJRSSCJDOJTCM5JPFMFWP7DNHWQ,B0BPLFP5P6,4.0220275003137544
AEZZEFAXH7SOS46D4THTU3IL3D3Q,B09JJQR4LF,4.766350907150701
AGOJMG7H4PTWB3PXU46ESY6FSTDA,B00F912X96,4.450797602695309
AFHDHVQNIJO4RTZSJDPJMVLM7RNA,B015XDJB9E,4.635731390217281
AEZIWY5MGFWEIWELVGYQBFWPK4IA,B015CO3U14,4.355435190427975
AHFPGYQJW6ZOMWCS7PBJJZEZ6NVA,B07F1H422Y,4.637450566400901
AFBMVBSWVLA44QKWJPRXI4P46FFA,B003YKSKBE,4.610418441459376
AFLCXIOIKSV4RSDYOBQMA5IFYVAA,B0C4FVS3L7,4.534525608887203
AFBO4HWHVJPJUOVJXDVPHX5SOHBQ,0825603285,4.6220668907926425
AF5N5ERK4YHMLXBXFXPEI5ZRS5BA,B0002F79E8,4.497479065715756
AGXWPCGLCV23BLX7CDUE2R3ZHKQA,B09VGM7F6Z,4.053341330921554
AHYEUIJWZ2KNFA3G4OPBRTVO5TKA,B001FSZR4U,3.812729977838037
AGSNQ7JEBI4O2XKWGXEIDNFYMGUQ,B000V1K7FG,4.769090319753852
AFLDO6CCUQ6JJHFAVR3GIFNXUKEQ,B0C1MHGKHN,4.505949941136883
AEYHALMBBXTLHMCBZTNNDW7A4PXA,B015WUVA5G,4.416262371897758
AFJW6DSMMDZF45UIFAT6VPYL74HA,B000NUXNWE,3.8854993093182864
AETH35ROJEF7T2FERRHTTSSQY4OQ,B07MG78TDT,4.430824618531126
AFKXLVV6Y223XWWFAGFRH7ZG5AVA,B09DR91XCS,4.660829331183199
AH5MZVAOBU2PWPJ2G663BY5S2R5A,B0049SBVLG,3.8826649760174803
AHQ3WFXQLPDHTV3BPXJH3COHLUHQ,B09TRX519R,4.7528239612082634
AFND2J7ISWIQT2WGEBO6OQA422AQ,B01JJP7NII,4.269681872370229
AGBDQQNDS4TSYXHOB3WCWARDO5OQ,B01M8N618U,4.481161243108055
AEWLK6HFFQ44AJIC4YHECUU7L4QA,B001CIZA8G,4.117295604933221
AHU4TGHXLUATFJ2AYXXXCCCZOQ6Q,B0002D01K4,4.9582440484797194
AGQGQNKQEUZLXVMAD37CUFLLGMMA,B08CMHD5HG,4.56215847687692
AETH5XE2ZFEB54ARJBP35D2CZLPA,B07Z63HSZ3,4.478321720500396
AFHURQAVXVFY6SNPFIJGQPGF76SA,B01EUTJ4IK,4.4004858025085385
AF4JAA4MOJFTMLCC4754CWXJBUSQ,B013NDP2TY,4.684010876942482
AHNC3B46PPIQWP6XOAQPIRP6SLNQ,B06XNBTLHC,4.4761466762590905
AHWAYCEX3NCWJD32JTFVBFXKUHOQ,B0B8Z5LTZ2,4.958032069635606
AGVZDCTSOOTVZRWGFFGHDFBGM4PA,B07D5W5X3Z,4.786356374015588
AFOLSP6IGSO6M7NB43OTQIH3BG7Q,B09NWCD36N,4.8963794049167335
AEWBPLYRC5TPLQ4ZASZFKZSVAJMQ,B07K2KX3P8,4.950256855332589
AGO4PWTACG5H4W63S3WT7CD7XDQA,B0C6MW897N,4.836808740205982
AF63XHUFXPDT7TIMND6IIJTDGZ2Q,B079GW2PNY,4.033615678255263
AEGKJTQWHGBIOTO34OB3GKIGCN7A,B0B1ZW83N8,4.3022572041199245
AFMK4SIFYYQISG2YVU2U2FOCQIVA,B09857JRP2,4.944971943082156
AFWH2ZHBRF7EKVOCO5QLDI6XWNXA,B07BLZX73S,4.440892723960752
AEWZE5LGZEF6Q6TJC2LJKOSKIWQQ,B09R72Y5G6,4.304241952259541
AGYV6AFXZR5TFYH7B5FLJX3DPYNA,B08DJC4SYP,4.7965269818792455
AH4HLCDFTQ3ZZVAR7SBVN3MCZESQ,B071KTZ35D,4.914298463646702
AEDCV22P7AK6YFEWB2UU6XD4OBAQ,B07FYL7LW1,4.72151980365308
AH7W2JX47IXC5XFHOQQEV3IYJKSQ,B017NT392Q,4.587826180876346
AEVSFWRNQ32ALSVAVBSBT2C5RARA,B07QCMSZSN,4.266795786583114
AFO6G74UZDWO4UYRBLXEAHR6EUKA,B073NZDH1J,4.561337752540678
AGNEJAU2YSULDNEJHFJKZ3WLDIQA,B001T9O60Q,3.4889711863036177
AFOGHZMFR7M2CNXJLX3YK6UV22JQ,B003BGXW50,4.539434360899961
AHKFVHWN2TKMOHOZH2VKUVOCMUSQ,B002P9LCYM,4.55884307004834
AF6B2MHYX44NXIJKLOQHXTUE54EA,B07KFNST7G,4.716127542413585
AFGSTWVYRRQY7XSNKMVPLEAX4UEA,B01JJQA4M4,4.081603301661975
AF5PM3LODZ3TCXBESCMRC33V26SA,B00C5QMVI6,4.2483543833842345
AEB5NDWYIGALIJTOMT6ZSYN6AJDA,B007CRBQPW,3.759131919362692
AHZNM2IO247WOE2HB6HFHNCK46IQ,B09SNBQCM8,4.421516482363365
AED6Y66JGGJEBPEBHU637IJMNAOQ,B06X9VC2VP,4.5772438330785326
AHMJHVELMSTY3G3EGBGAIBACNORA,B00WJ3K3QW,4.105710793766604
AFRCFSZ5JBGD4BKHAEJB64QGGLHA,B014U5O8NA,4.296322619591982
AHNSPXAYSM6UVQ22WMIUMSJUCVDA,B0B41JFP9C,4.5714318329645
AG5RBEM2ZWF4A6QLBNCGV7FJKWNQ,B01IP4ENCS,3.706903504226665
AHKV3LJQFB3P6EX6VYJBCKB2CLRQ,B00Q0OWR9M,4.630472125618584
AHCZPXH25LJYENL4VJGYRB4AKGOA,B00IZA1GI2,4.771507573715644
AGU422YBQTIXMFR3WYLVUXUXCXHA,B00HY657E2,3.6524690866431175
AHODQCCIMHNRFD2VGSHLFOBRN5HQ,B097Q9W8MW,4.439600222430182
AFGDOWXYBXW46W56NEVSOPWFKLWA,B08M3Z4WD6,4.2000331366411885
AER3THLOZ7KZ6X6L3ACFZTTHDTCA,B0BCXL2V52,4.37003616559369
AFMCJFEPXSDR6CBD6JAFUNDNIPUQ,B07GDTH9RF,4.189742727269512
AGD3XHJMPIXR572HP2NKUKPBAZFQ,B0716DK86D,4.3158541153119865
AFLYGYD5JBG32JDSBOQIGJTBL3OQ,B00T0S0SPU,4.014804031986173
AHX5YR6R6MXIMS557XKXSE5WHUIA,B071HN5TQ5,4.731746347863972
AFFG2JPG26ZBNF7GPDSPPBVBXOIA,B0BS1QYSFS,4.240242294902353
AFO6T767OXV24YU65XUACO4O6DJQ,B097FMTZCP,4.303084339384277
AEDJWFGRV2TQQ4MBPEW2HWXBIJQQ,B00E3X5USC,4.2861777287539224
AGTCUHA2OI32ONK5LE4CFG6JZFUQ,B079QDMQHF,4.812597758066556
AEZNCOTOACFQXLFM4MXKSQW6SFKQ,B0B9XPLGMD,4.676035674346685
AGBCLRMS7OW3N3T44GO6W6M6RNBA,B0002F71RI,4.230531603661029
AHICPR4QVQ5FMDFSESYDMTT3BDZQ,B0BKZ22NHL,4.655706098903038
AEVGXRRI7C6LGQI54Z73I6CNORZQ,B0BW43P2H7,3.9752192772547126
AFYWMY47CRZXSP4PJYTOQX5BCEDA,B07KG3SDZK,4.755814284548752
AFQL4A6YCBYDIPUPWTIH6VRIJ4IQ,B015WD6FIK,4.303093861556015
AFVSSJ5QSQBZBTAVR5XHF6UQQVBA,B07ND4BBX3,4.119654606113895
AFR53WLNPUC3EQFBXCGL2NU3YEWQ,B0149GFCX0,4.9286144682440085
AG2WY45W3ZZ7FJHO36GRV2VSO6DQ,B0BTC9YJ2W,4.852993420239266
AE3CYBE7XGSBDNQPILWXQ253LHXQ,B0B8F6LD9F,4.971406001839551
AG5PP3I6IT3W633ME2FGKGG3SDAA,B0BJ8WDC13,4.269702575486569
AGM3CUPVBROSWBFPGWSNUXHLPL4Q,B088DD5M4V,4.834635908041444
AEQT2EJM64SZEGP7E36GKCAYZQOA,B01DN7OLJC,4.864736946115179
AFLHFZVJG5BOHMDGWC3SS32O3YDA,B01DK40R3M,4.6932851429754825
AEQC4GLQROXYW36PX5IVD4AQKMRA,B095XZJ99J,4.739791424611028
AFUGYX2OIIUMI5C5DMYZHUYO2XVQ,B0749K3CB5,4.650031504142906
AENNSMZVV5RYNFMIVY757EXBYLQA,B07SJ1Q4GP,4.8211412078398626
AF2RWUHNSVTHNBRI2UEE7PBQXJMQ,B00SVRLQSE,4.574134913588157
AG3FOC23LZJXWOVFAADAFZWSX73Q,B014W0L7ZU,4.81313550291983
AF7LX5UI7Y7KKCAW7UKW3JUZKTEQ,B072PWKPLW,4.19551662753011
AHLTZFMLFGCDEDDGBNX6YPMQIMPQ,B072MLFW5B,4.426898084237824
AFBS7KQ5Q7H3GFT3GA6OQA6EJUEQ,B07RBZHDT7,4.862888767654479
AGAPBHWCP4ZRSGTPHPWJCCRXYTOQ,B0871YN75N,4.638084621895672
AE3YJLLDWOWFD5RY3HVYZCZKUMIA,B01NANTPE9,4.2540813476861254
AES2EMOE2IMYPHWUU2EBRMLF5V7Q,B0007U9SOC,4.5093755253143515
AHWQWO3TDGHGSTCGTU77TE5AITKQ,B074CM9YNY,4.577860536062583
AHMYVVPBU7WI6SP5MNABEHF3LEKQ,B0BLLKKFR8,4.386147814800239
AE4SCUJHWKFLMXTAJNZ266VZTS2A,B07BSZNKTM,4.136637518576926
AGU6IQXE2QIAP2HSVICFNCYV6VDQ,B096K2LZKH,4.6693455396552475
AEAZAEUOYT2WUSTFLXI5Q7R2CSFA,B08LVRB74Q,4.127611122084661
AFFRCOTU354SFF2TWTMJSVJ3T5HA,B0794JD1DJ,4.12739642620389
AGF4HJUL2X2KSJ3DBYZVSBYSNXUQ,B00F0GQ6TS,3.806898135257392
AGYUWXZSOKQS2IEGKKTXD7EEBRDQ,B07N3146QF,4.179626585169124
AHLERLIKFEZ7VZPC6SVYMVSRPRYA,B0BKQ2VGP1,4.865277403813642
AHN535MBJTI4BGLTUORFR3TLABLA,B015WUVA5G,4.322006416989084
AE5XWGBISMIFLQR5SQHX5GR22HRA,B06X3XT47P,4.662342735951168
AHHNKFG33VHQKC2DMXQOXDUFJXVA,B08QTSGNNQ,3.588981211744919
AEMOYADP2JOCWPFFSQD5XOHPNCCQ,B073C9Z8HV,4.8370023939023
AE72UOL7UVRMIPJRHY6A4FSQKJVA,B0158GWWJ2,4.444115476518349
AEGFQ5OD5RN4XKYGLAWEDH6JLQXQ,B07RYBJN7K,4.624475916203406
AFDTO24ABREOG7VZHGM5MUINEONQ,B07FM97YFY,4.569664688918928
AG6HQSBJPDWOKGKM6F5V2NAZ273A,B08BW2TBD7,4.127955399333421
AEYGHK2XKWN6SJ3ZDSSP4CSKDZIA,B08HHVYGV5,4.09434832819635
AET456SV5KEEOBGGHEAHTRNEG52Q,B096FZ5TKG,4.184702011851052
AF5C2VN2T3YFMG37IF6UNYL32GCA,B001OICJCE,4.230682163991015
AFM2K5Z6FN65NXDAT3G7ZLFW33SA,B01N5QJ0LE,4.038728490768395
AEVDN7DRDHN53ZPMTZPRZKGNGMMQ,B0057IVKT0,4.697993242773417
AEASD7QIONBITO7SNEDXKJEEACEQ,B07HF4ZCGS,4.526061301739652
AEMOKFRDML3SWYB7DCLK6ZW7544A,B003D3OCD2,3.6964022038789373
AFSHT66OVN4NTDOFPDUZEVBLBJDA,B09SH9C3S1,4.223505721085931
AE4N5XPX57OH6MC5A6I7YMQ2WCFA,B00X7DDGBW,4.7390200538097265
AEW2LO2YEEIWZ2V7CPL7Q6JBM4HQ,B014F1UKI6,4.409647070207963
AFOBI6TL5KJZ4PXECZXGF23V6JPA,B00X7DCM4Y,4.274490684214662
AH5PPNPBIL5VFASDP5QMDCUNXRPA,B07N5NMWXK,4.84052906863256
AESCPQD5RHHP65UTHAGCQDE7BUAQ,B0BT2XJDBM,4.51587706366628
AEOK4T53CV2V3HI4NFDOAOCRH3EQ,B096X4XB5N,4.299302694877149
AE62AMAAHZN3XHVPSHWXPWHVPYIA,B0BHSG5C3G,4.865359622881919
AEOGRG7N4WAUYTPHEZ4QMHNZJ3MQ,B07MDPF4SZ,4.654183753206182
AFSTKZ46JMFZCWEDBL76K6B5OLKQ,B0BQ4WFDFS,4.500395190565343
AHINDSRNO2KD7WSUIYLNE6FJ42QQ,B0107BCV1M,4.783808917757589
AHOEAFR76BBEHYKBUJOARRUUZXUQ,B00FI2PE1U,4.150055121283084
AEURYFHY5UKJWCTOYPJD3D2XLJLQ,B00BYI3UMC,4.384604661326541
AFBU2OKYDAWEKQZSGU4KWUMXUTOQ,B0C67HCGBR,4.888140364646003
AG23AW56WZ7KPYYAS4A3YUDTYWCQ,B00JL5IECG,4.590050018371012
AFXVBB7QDI45CCQ36S3NDGP5JXZQ,B07JNKY9T8,4.645523185427353
AHWSQSOLW3R4BI2CGU76ZR37CJ4A,B0942NY5J9,4.479134763329369
AGWLUHYZ2M4P4NPMOJCJGKL4UXEQ,B00NPAMDQ6,4.818333946651703
AHMO7X3QGRNEGQ7CKZQ5ABAEERMQ,B07S9X47LT,4.7713372868412565
AGNOV6KYFMFE746R43PI27PCMTBQ,B07CQS5BMH,4.816685981691259
AETHP2JY3WDR3UG7KPK56LIWJQVA,B01DXVB4RU,4.759176541651006
AEMR3TT6O5MSIMI56SR33RIWQQBA,B0BDQVNX4K,4.961234230715772
AGYVINGW4VBWAX5UHWUCW6AEJSWQ,B0046VXQQE,4.42429547187995
AE4YC2QFG5TC3AE4FH52VWIKLBZQ,B00FSSU41Y,4.672065425161165
AEQQZFX3NNGWSP26RJ5KPECI45KA,B01N1UI8V7,3.9801844474302204
AE4LK4DLHJSEYO2HJ6NONKZUGOKA,B00TWHTFSU,4.9531753023493685
AHNLPXSGHTX3G72AKOF4CXARGDPQ,B000UV8I7Q,4.096085201331555
AE6E6YBBMXS5CQLQ3ML5DQJPNWJA,B0C61GDMJL,4.970597653214827
AGXFCJEB7DMPI4TWBCCG5SRU4NHQ,B0002CZYHK,4.572631706115131
AEPLYYM44R77PXEBCICPCGEKCO3Q,B00646MZHK,4.8081980025491395
AGTNSOHIGESRMHSBEE7OZHP5X2LA,B01JB0SPEC,4.858097700937566
AEOBPIPUOOQUGQEXNMBWZYEC2XIA,B00H05ZVZ2,4.700272347385074
AEVZHIZGHRVIPJBVV67RVR7GGYZQ,B0BTC9YJ2W,4.760967125754047
AELA7SBKIKMMMFOSMPOM55GE7GEA,B01HCHDOTM,4.941323596868681
AEBF2QAX2TLFF4T5ZKMXAIRKVSEQ,B09SNBQCM8,4.399968409884116
AHWRNYOWY4IRKGIMFKZGO55XSKQQ,B075RB1KN7,4.45252551471703
AHMOULZUCO4KAUY65VQ6JXCHBNSQ,B09R6KV6QX,4.582983916382447
AHHHSIYHURY6KKWGLTMN7Q3JSBPA,B078Q678C9,4.452239933014356
AFKVKVRQRTZLQ4B2MBRH6IEAZK4Q,B0B1DPY481,4.5000121261713
AHTYMUVELACPSPGNXH2TH4WEQWVQ,B015JTEBN8,4.784038633083422
AHP5XNYCMUTWMYVSJVAKWF663ZFA,B01E6T56EA,4.258670681219161
AGF2BWWRJBXNSO6N3YHTFFCWCL7A,B01MYTO85F,4.215827508217615
AF736W3YRCLMP6KMKVZV5HN2KC6Q,B017P7Z2QC,4.463358907480397
AE52EI65PJ5YA3CQ6HEFTQSRK7AA,B00WJ3HL5I,4.090711335304153
AEIGSLLO5UNOBNT353NGRYGORJLQ,B06Y2W66F5,4.662489027389885
AHROMV7LJFWNQYS3U7N2ULAMO5MQ,B000J5UEGQ,4.057725872895474
AHQMOFC4UGTF2S5NS73PPOG2T2YA,B08RXRQFRJ,4.482659933910823
AFKZTCN4BNEKHAJQARBTQ4RZVETQ,B0BTC9YJ2W,4.461055505264511
AE67KRP7JRFPJCOOMV2YPN7KIABA,B01MROS266,4.758237778766284
AGSJH7NWOOEERC2GJAWK2MM7HZUA,B007T8CUNG,4.181059050643863
AG5F4B4NU6DRMAKP743BDE5S3T5Q,B0BT9R8MMV,4.519203361753096
AHUWTBLGZWOIE4OYFO56IOXKJMOQ,B00OGZVTZA,4.726066969429394
AGT4KD3LUBVFSDI4WG2W2YW5GMNQ,B0002F6W1Y,4.060796948533526
AFJC44PF7YHE6P47UU5LX2NDOEZA,B00WJ3HL5I,4.331755253352804
AGUNY4JT3NXKCFYWAZ7O6SF22MPQ,B0BXT2WN33,4.84881324439771
AHRFTXV4YF7A7C3V2I7JNZIJ4OBQ,B01N5QJ0LE,4.705758815421744
AFVDSO7FDJY6PZTIVD4GQC4BI5JQ,B0C15FYC5V,3.665740491243854
AEX76EATB2LATCHN6WDMPBHRJHWA,B08C7QF9DT,4.404122582541685
AG3OCQFEBTOET7ZBF5LVSBKLDA6A,B073RTT48C,4.875610185338597
AHQOMLZZJAA7TWN4XUHON6RIRC4A,B00SKI0HSO,4.813383667597683
AF3TDYWL7K5SP5QCBPPUDK5U3N3Q,B07BC4KMQK,4.338463867082944
AFTTSALKKCUNXGMGV2LGQUP5SXYA,B008AWPI1Q,4.954556262344252
AGOI33LLDPZDPGEEZ7YYC3YHZXJQ,B00IPGXZMG,4.319672165237179
AFEOZ2IHJAKVNIAWLKJRFLTPNCQA,B09PRKZ6FN,4.426583491866768
AGMNTBFYYGI66QEZJ4KX5ZMHSRXA,B0002F519I,4.355606300109021
AEHEOPLYLFLYGKX7YR42SGHAVTVA,B07T4TKLW2,3.833349923292151
AFKGRP4MXTNT4YFHIWX67RNARIJA,B09NNCSVQW,4.531140415749172
AH6LZMLMHAU5AHGSA7G7E5VEIUNA,B01K1EJQ9U,4.714393993682525
AHQXZXO3N2WPKJCIUWXLBD4HU66A,B07T3GZVMD,4.238859006784602
AGUBDGORAUUMXUWCP636WEUVYSFA,B077Y6MY66,4.479438097269881
AFUI2YSEV5HZ2PTVF5UF6OO3L5GQ,B07BZ2FZ8V,4.449675494944253
AE6LEIMRX3UITDDKY2HLBITPFXCA,B004XNK7AI,4.84280316037407
AGYBMTZDIVSRQ3KD43OAYPHJY6SQ,B00WE6INNY,4.714152353851246
AHFLBU62G7X62WE6T7C2HHK2G2IA,B0B755Y6DB,4.196863159982734
AETXBM35I6ZQSJIRG5WNJOQURSWQ,B01LYJMHXV,3.84769095999343
AGYK2YYS35CDU2Z77ZQR7L3IAX4Q,B07KRZ1HH8,4.353436787760121
AGC4PLLCQH7KL42INYQDANWLJDCQ,B09YYB7MNN,4.887947730062043
AHG3AYMNGTARJCPKJWXYHRD4LNYA,B072226Z5Q,4.124239821885673
AFZYOSEV23R7RSHV7GX2WORLJSMQ,B0BSGM6CQ9,4.87554227099358
AF7LDTPGNFMGMP3YLBCCBQG3PVIA,B0040FJ27S,4.556687822704391
AGYZBADUFDGUWJZ2SHEZAU5LVPNQ,B017MHXV3G,4.195405147442851
AG7LQUQVFTQT4Z7O7R4ZW3QHDTEQ,B005M0CK9M,4.386436492715426
AFY6S76BX5UYVS3ADFKJOWISF33A,B00TQZN1LU,4.822592607526553
AHWUG5BIUQWHO6KPODY2QJFFQYWQ,B0BLZD2X18,4.741579935516603
AHF4JEWQEROLVQZJJHSI67KKWTFA,B006XXT8EW,3.330732663717342
AFKVQRYREQIOY53LVNLH2MMIMQSA,B07BZX9BCS,4.564970382702506
AFJBPPUHABKT3NK4CCTZGI22UDVQ,B07NDLJJSM,4.74883190137616
AEFGZF5QAI7IQGZBFPBES2TPTRLA,B07N83Z3W7,4.4607570159825025
AGMKC4KFENDHDKVSQ63X6Z6T26NQ,B004XNK7AI,4.464779599492681
AFWET6TGZFBZOJUGGD6MVRCS7ZKQ,B0C5CTX5LZ,4.372870626145411
AHJ3SHJX5Z5T2KPEAHQSFDQB5KIA,B07711ZF5C,4.336190170238534
AFYXC6LKP472MEO5OS2ICSPIUNOA,B0C13HVDVZ,4.584141279724447
AHO3TW34BLH3DMMGC76PPSBHLCNA,B007ZXWQ8E,4.565218026394269
AEP2JJUCKG6NBVBQHCL3NVQ56WGA,B0BPKH7FJ2,4.727279560758208
AERBARCVGO4LQ7S3GH4V54N7RLWA,B07F7NXL8V,2.4563130642525612
AG6ATLCKETNYRKL6GCQV35CSSGPA,B0185B3CC8,4.472090322376171
AEHIXSVSO4RBFXKO6MHNNBRQGQ3A,B00IFOTSJW,4.699643697414177
AHZ6MKX4PCYOZVXLCONRCQSJ44BA,B07FYYS5ZP,4.850521154289755
AEWMLY6PKKJ4CSTYPEKASWTFQKNQ,B006UOSUDE,4.730450498937989
AH3GNKLWTDPCG42PLQ2SRYMK3KEA,B01E6T50GY,4.517981720070579
AFP72GJTYILTZLC6PNWWFK5GSUZA,B0179A4ILK,4.6524814369193495
AH3GZCPR5LYWRN2IOMZUU3RGWRJA,B09KR857F4,4.083712340826287
AEXDYLC23FPJTOSHWXNWSKQXNNWA,B0BKZ7M5VG,4.82225367737822
AHWGBAKH7QDCPMELIEXWWO7NBK7A,B0791FNPTK,4.295571482106905
AELHFSFNZGMUKRQ6Q2MYN367HZUA,B074WXM13T,4.946551926253069
AH62HWTT7MJCJM7V2B5LS2VTQBRQ,B01DN7OLJC,4.286264617705727
AF6R3LIPXBFWYQ4LORVCRLABXEYQ,B09BF8XDF4,4.32975790117193
AE7QA3XEZT6PIARLAAMXT7CQ2ZPA,B0C4S58NLX,4.779673670110669
AGTZNQAFNN3NQROPNHH7667W6FIQ,B0CCK4YYNM,4.469593714982815
AHSX5YF55LYO3M2ODEKTHCHGYQ4A,B072FDH5X7,4.386575925473733
AE6J5SM42A2IFBSSJYIJUPAQKZPA,B00IFOTSJW,4.779084036605627
AGER7EQMAWQFG62IC6MVLVZ4DRXA,B07H87XJ19,4.258687358196641
AHLCZHLUH342KHICKOLCIHQ5CY3Q,B005FIFM14,4.771509822138827
AGB5Y66IQLZTKJIL5F4OSVP3QB2Q,B0BYXVCSGG,4.1666590676337485
AEC6HKN4R2TU4G3ZZX726K7CKV3A,B0BX8VJYMD,4.101743783631811
AHBTL2SUNMBXHTYOVE6KMIKWX4RQ,B09P3ZVLV8,4.075650830762982
AHYQKMLIXHKFDHC7K2Y4JXM4YLOQ,B0C5CTX5LZ,4.338238345037707
AERXAGU6PAY74OIAVZQKU5ONB3NA,B074KPCGYL,4.139181072112819
AH4RCREW6GITBHUORQSYDFJ2LATQ,B09857JRP2,4.94793900316403
AFFIQP6E3XTFNIZZL7VXRBSPMUCA,B095F3NRQW,4.479391013559419
AGOTIZH7DO5TBSSAKDOMYQKDMDSA,B0C59PH5R1,4.77447080910183
AGM6UGKARSLRPCQME3Q2VEQ7IP7Q,B01LEZVYZO,4.33834893548946
AF6NGFPCRFC2H2DNAUQGLTSNSDMQ,B081YCXDFF,3.7487689824188695
AG5IDHF3GQJ66NX4SUVVMD6AJCWQ,B0BKZ6JR1L,4.393315327704492
AEBC453QY3X2W74ZLA4Y2GXS7F3Q,B00N19LGZ0,4.65178608086192
AGMF7KUX766SMMOL5OBOMUR3LHYA,B00N5TH2H2,4.504602544379676
AECCI3ZAQSDKRBTIG2BWZSCHYY6Q,B008L3SXE8,4.230720691309175
AETT5NPJAVOQMSCUYMTAVCYIXEFQ,B0002D0KG4,4.127317117519179
AEFVKIUKD6UM4GULEUGTGMFHATKA,B00B0AQHVA,4.819722205773161
AF4WQYIS54RCMKCU4W4OTSHUM3YA,B09XHQF17H,4.541235525600022
AGMTCMP27WCMMXZ3R3FJ5F4KDABA,B01N5KND14,4.392013002213865
AEIGNQD2PURKBD57LI4CYPUF2SNA,B005GJIV2Y,4.949718053047971
AHLPCSTKZELWVAFPEYEPO4DEO7JA,B0BLM3QHRL,4.9247384440205275
AHSXBC5P55TQZXDNPWOVXQWCCWDQ,B0C1MHGKHN,4.22485789650191
AHEA7BJ6ZQXRD2TT6IZA5D7IRONA,B001LTZZSG,4.681410257852607
AF43J3HR4DGZRQBRCLPAOCPMRVOA,B01LYJMH9P,4.677528442479928
AEOG5GP4YYOR6T7H4DTLTH5VXEVA,B09M7P8SBH,4.863441420185777
AGNK3RRZXRG4YBKIVOD4ACN2LEVQ,B001RNOHHG,3.9618451371184187
AF2WG7KCZB65GI6JZQ7ZKZNODHZA,B06Y17CPDF,4.689475801291516
AG7FHTSKKWZB234EAOMCSKNZU3OQ,B00B6WZGHS,4.217282792103558
AGDD5QGNAAFBEIVL7YFCCK7K66PQ,B015M92GZ0,3.916285773052712
AGOZQASAETUICMSSSZFV2JETPRHQ,B075CSHLYH,4.369703981701817
AF2GPIP26H7E5EHDWC6P7RKZ3OUQ,B0BGQZNQ53,3.8991900172038725
AGW4GB2VIHMPVRKK35QXA5PY5O7A,B0161CIA4S,4.410484055238218
AE23WLBRYKEC67DM43M6E2MF7GPQ,B06X9YBVXS,4.449520702026493
AEHRLD5AHMB24TKVH2GPF3J4DITQ,B00T3SR9ZO,4.307566638507925
AEAKXE5BOXEQ7TWLHV7FSN7RBMYA,B08Y6PVK2L,4.48974669658076
AGRYDY7V7RLYLKDBPMIOCLIZB35Q,B000EEHKVY,4.318165350865797
AEXXLUPKAUXOW3H2CAYAJ2HUTZ7A,B016X2ELIU,4.751652110529923
AFTSLSIU54LZW6QUBJSGCT3XIO6Q,B07GFH8NTB,4.869639290737841
AGEIEJ2JRX24OMQOGY6MNJBWUL7Q,B0002KYXTM,3.909889893358297
AFDJSTTQE46AM53MEJHPPHLLXV5A,B095T7S12G,4.604778159619127
AFYOJ4GGMPJF6RQZR5SIO6VHVU7Q,B072JVYTHS,4.227174415490447
AGGV2GVENYI34JRAGOSUUEFNDXUA,B004XNK7AI,4.875236798497261
AF6L5ZQD3WBL2P7ZN5VAFMABWMHQ,B07MG59N55,4.482964642283942
AECIT3NMW6RKABFS6YOCYX4YUYOQ,B08CGCWGH8,4.075429130117687
AHIGZMUGQ4GXV6NJYZZI6H6D2XIQ,B0BT2ZRCY2,4.344898343142243
AHTYFGUR2T4BVOCZL4AKNRAPS3AA,B00WJ3HL5I,4.6075273188046895
AHJBRDZIS3BYBISIRTW4ONRLNJMA,B06WRTGSFR,4.244816471919164
AGMYRILPTJDOK7WL5OYHYGRYVXMQ,B08T9CCXZB,4.966886500524579
AFUI2YSEV5HZ2PTVF5UF6OO3L5GQ,B004J0A264,4.311425512331601
AFCIKDOY5R5VUPEJWABYXT2G4OQA,B00XH2Q9TO,4.654042677810715
AHSHUIZHSPWYY3OD3PI56MSBKZ4Q,B0BLLKKFR8,4.031144466606325
AFKDAELWZIYXQVIHJ26ZQNZ3YYFA,B0C61YVW2S,4.4688959267679
AFEZOYIBJEQRPPIKLS4GYEZMPPQQ,B00LTDOL02,4.6556644275353625
AHUXXNY2JWBI6E5TXSK6TABTFZFA,B07CPW22H8,3.786214188214224
AGMFWVTOPGGJ372CLWZJZSAIVTGQ,B075MPFFRV,4.504745853197059
AFJLRQ5GNY7J4FOI2ERRIF44XUOA,B07DV6NLYF,4.765261970699936
AHQGNOWJSKABAXNAK4KZ7SMBP46A,B09S2Y4MMC,4.638248646408878
AGXTFGO7KXIW257RRFLSA3C5VRWA,B0BKZ1KXLM,4.649742966996925
AFHDRQARWLYK6JXI3MX2A7YS3L4Q,B0002ZO3LU,4.606312534732839
AHI65GFGKZCOZW6XX2TNNADXA7AA,B07G7HLSS1,4.354289875157164
AFO3EVBFEP7ZQG3IE7BLT7W2F5KQ,B09WCL5QKV,4.84283480778883
AFUSXKAOKI3SI37XQSR7DQO74YOQ,B0BT352YQ8,4.2044578757999185
AFZFAXZHDVNKI5DUH6FB5V7JKFAQ,B0C5Y549L5,4.026064678215763
AGKK2ESNN5YDPLEM723AYXM6Q57A,B0002E4YI8,3.4503969646191504
AEGBZMCFJFBATEIPDQX6NDYX4NHA,B094DR9724,4.610679832415194
AHHPKZ3F4WPTUYZQYYAGB6UQNT4A,B0B3VF84DL,3.9113301168155377
AFWH3K72CR65SENLSGJWEILW4SNQ,B0BRG6ZYZ2,4.9386651406931765
AGYCKFZ3PHB54FOHEMGBMGVTQBHQ,B01I4AXG7G,4.05281752261464
AHZT6MVWNF4GG6FISMZMORKZKK4A,B0BKZ3GCGR,4.49555995441617
AFYHXURBG65PEOSGHZD4CIDEJ2TA,B0002VB8AS,4.332231738563482
AHFDBUGMPA2ETFINXOYIVAZPNZAQ,B008TNAGQS,4.354292959147824
AGKTBKXWB7TSHCSCALSFSEL36QNQ,B09XDY3TYN,4.5418208842175165
AGQT6IN635UD4LQ5THQHXV56P6YQ,B00WJ3HL5I,4.104812754813184
AGNIGDHWK5VNATR76JI7CHODDUJA,B077MJTG4K,3.9226781522653043
AHRB2TPKEBMBZ2XUTEYE66MGFZXQ,B00B5LEAFE,4.124013622511295
AHXPMQ7YOOHFIKJKAKBCJ2AF7UDA,B0B4SGJRHR,4.465243263544211
AEMN357KYMFZXPEZGYRKMS5CUWVQ,B01E6T50LY,4.515797170096495
AHJ3CX5T437SPYIUYQQVCE2HSXNQ,B07N83Z3W7,4.701622739996284
AFSIVX5M2AC4KQ3EK772WFNNJPGA,B00H35YIJE,4.75771615198157
AGZEDKJEUXQ3KK5D462HQZYTQWXA,B0097WDJZA,4.634075099499342
AERE4WE4ZXZUK2TWOR33P6XWHPHQ,B08JMQR2JK,4.638489149676779
AGWJ2NEW7EMYKLBTPLN4KIKAHOKA,B07DWLYGKH,4.627998161394767
AGGLE6KYMOVTLW2O26COKPUEEAVA,B00T3FTEMS,4.948156060457939
AGQOPNQ67XVWKJFVCYJGZHI5P4XQ,B06Y2W66F5,4.709426810732933
AH35SZXQWWGHRFNOK2G6GMP4XHHQ,B07GS5R4TX,4.106424682467281
AGE5EPC7QA2NEDRFC7OJNTPQWBJA,B000AS7QJU,4.841830779572439
AFPTPTM5OKLYHOCNKILC6GC2RWOQ,B01LE49PTC,4.257888900006539
AF2NDCB5HLWYEC76MB4ZKFJGRLTA,B00G69FBQM,4.6048748466965295
AFSWIMPWON5PRF345TI6JUMWBA2A,B06XH7487S,4.273681196887563
AHL67QIBKSTRQMFTJPJK3RJ4KJFQ,B07KYX3S8X,4.033608994608597
AGKK2ESNN5YDPLEM723AYXM6Q57A,B00101WA4C,3.9499961570897537
AH7I57UVCR75DY4O5MDVVGWT2CJQ,B0B59DLBMD,4.952206233559941
AECKX5ZDW6FW4MBP3QKTPWTWUROQ,B0BSGM6CQ9,4.884820053889549
AF7FS6PDNV5QOJHBCL4NKVSGVPUA,B012VQ5A7S,3.936404669354794
AF3FYICX6MT2J3E7RBI6WGC2DSVA,B01KJOJQ06,4.03359501501258
AHZ6MKX4PCYOZVXLCONRCQSJ44BA,B0BWXY17MT,4.834225739725203
AF2SLE2H5QRPH3UO4BTO62YCLM2Q,B015X3CXXA,3.8692709493434827
AG4GSXL3NEJPMZOVMFYGZNVURM7Q,B0C5PRQ9K6,4.978829629498061
AHCLGZ3I4XLXRTK7FSSJFBEVTABQ,B015JTEBN8,4.379271912260698
AF2YGYDJAH7YDQOPEBYWWKV333UA,B0BSCDNQT1,4.901493595286435
AFEU72LBPQ6KPZM6WG23YI5DURKA,B07NDC53ZK,4.940334679443704
AHG5I3CA5TI43765KB43YLFPEQXA,B08VJC3GCM,4.543201316129662
AG4GB3YM2T6XH7JS7JD5D5S6S54Q,B07DRMB6X1,4.6844044216512595
AHRSXDWMMGBPIAF7FLEPJHM2VBEQ,B0925WNSYJ,4.785564598744756
AEL7BTGBCNEOZY5WN6HLCQWCBL7Q,B09M7F7LFB,4.620334525323941
AGOYA73U7NSVWD33OLBWZSHDLSZA,B09PGXB1BH,4.334622260972737
AFQ3MI5EMRY3KXDLZX3QHEQVGQOQ,B07VWSB34H,3.9852548625242803
AEENGB3F5NPUGBBQUPOTSHZ4JUTQ,B00I3TP9JM,4.544858585132896
AH32F32TJIOZKQ5YVMXQEMTKHGOQ,B00EB11OHC,4.706061820308819
AE72CWXP2K7ZZH4LNBRX4PDGZIWQ,B0002E50MC,4.13755366960741
AFVABWMVYYXSI4RBOE3GFITNRV5A,B096FZXRM4,4.577752457913097
AFH6FKTW5XD2TJFJESFEPFDS56SQ,B078Q678C9,4.348719973961548
AFSWCMYXW7NHM4IHL7K2VNCPX22A,B09S2VB3KW,4.717751459114742
AH5D4W76WTWVES3BKJKJPOHLBJ2Q,B0B2TND26L,4.560778911435712
AELVQZD526TCYZLFPERIGGHNQQBQ,B00EQ2558U,4.963044931895787
AHSRMNZAUSJKKHQM2Y5SFLXPXYEQ,B0C4GJM9J4,4.2526149314662085
AFGOG2ZIDC2JXUVEXWN2YMVSJSXQ,B01N5PRRY8,4.576615068001029
AG2BNWGHZ7E53YD7US73TKEQY7ZQ,B077Z635YX,4.303436441307972
AEPJL2A5CE2ST2ZBZXZFCBIGLSVA,B0C4CJND96,4.296460533030591
AE7GVDNRY5NABEP253Y3GMDUZOZA,B07NDJ1HSG,4.551694563631095
AED7W27UDLS3CUTBNPNLTBZGOD5Q,B0BKR9BCVK,4.654553996111119
AFIEY7TA5YNMOWUPNTGRX2SF4OPQ,B0BWTPR1W9,4.857125701824736
AFVKWBQQ6VUMTZKTVXN4Z237ZMOA,B093YLLJX9,4.5871563070152375
AEM7J236BRUHMVBVSAQJQNFRBWIQ,B0771PMLFX,4.938097993316252
AGV25JJ522CLBJIOGMAWNW4KYQKA,B0009EQMZE,4.3189809303087925
AGVGP2XURE6A54ZUEBLRMFGHA2TA,B00UJHFD2Y,4.325520528648887
AEGLGY2SSXUNZ3HCG7XPISN7F2GQ,B00T3G1164,4.90466915470649
AGBQ3TX4QYWQQOW2DBADLGOJHQGA,B0BCK6L7S5,4.456005408729417
AESZ4KE372S7N2KIGYZXTBV37RAQ,B0BBNCY2VC,4.43258067952699
AH73DRVHIQJSPYS6XZVVIB7RXURA,B0C67HCGBR,4.5273844009196695
AEYEK5LKDSFIWV36C3Z2LT4CB5EA,B016QUXTZU,4.3496383511513566
AGR5I4KTN3NSHVPV7IA6GOVM3FTQ,B00USQY0CK,4.417546633142009
AELSB7HQSUYTNHOCXTINKVOCYBNA,B0C9NGP88D,4.366293511914125
AFHACMOT6DXHVGKAHKLC2XVHCHSQ,B00N4ZHQ14,4.796426413397027
AG5RILLGMYUOSW6RO4QQ32N5FZRA,B09857JRP2,4.778769061404319
AE5OTSYIJLVZKOBCNLFJXTU7P3OA,B08DZZ89Z9,4.960113091513309
AESVJIPLFNLZ2CWOSKNWBP4KE6XA,B00SW15C9S,4.834103643439591
AEICL4I62FLVLMNJMFSAZE2VI5CA,B016QUXTZU,4.22091323211453
AFWGYK2GNHYMT4SBAGLT4G25PKAA,B005DUR7U8,4.116135986334535
AFMAFDEOM3RER4W55EZCYXV7I74Q,B09RN7GR8F,4.059824563673409
AEIC64XPFPXOWL624SR4XBRW3MUA,B09YDBKT7M,4.868238628271459
AGVINP36J5E4IH6QFNGGNYI6T2YQ,B07FYPBL6K,4.842058465872122
AF2VQ2P7UISQFZUVQOONNNV2Y4SA,B08L3K1T2T,4.694330355737949
AFFYSCZKCCXDX2FFF3EBRFR3ZGVQ,B0BKR2ZM9X,4.830435428311361
AF6NYDOZGEN2FNPVEYMEM6DEVIQA,B07N5J3GTB,4.795234158941949
AFGO4HSI76RTBBRNPJTRS55ATLZA,B0089EUZ4A,4.20554771691658
AFYMBYRQILQMD4YEWDEBUJHRXBAQ,B0179C3SQO,4.545125725156703
AHOMQZDT4EPMWI7IAZMMFXJG2CUA,B08T2N25MR,4.641373336255495
AEAXIDPWNA75VUGVVL4E6KYX4R7A,B00AV557UC,4.240816438915463
AEXLRZ34GTMM35NQRDZ4CDKKXLIA,B0BSGM6CQ9,4.7583144063618645
AGKNEMZUFP4BVRFN3FXUAB7FZMFA,B00KZQ1VXY,4.941856829734944
AH2L274GMVOWVAC5MF5IXUF3UHOQ,B074JNWHZ4,4.699681946860199
AGTLI7233IWUHM6Y5UBUUQKF7E4A,B005SUSXGA,4.5021123634891245
AHV23IZTZL3UH74JOPICIUQYCXOA,B07WW5PKCP,4.930316434389948
AG6KMZ4N7N643SS7YNDQS4DFGQRA,B097JDV3FW,4.864344739659443
AH5S4XKENHVECUH4CNLWHQYIP2NA,B00AV557UC,4.387259787262326
AGEWXW526KOH5743XNOIKVCMVJQA,B0C9NGP88D,4.928461415186223
AHHDLIT4BPZAFDKKTCXETFZDV4FQ,B0BYNM15YB,4.21006779357041
AHVEVF3K7UWTPZJQ6J45MOWBRRPQ,B081PQR33C,3.7018575567860186
AEZTKJGIOQA2ALYBJ3I4QEEAETUQ,B082285YXD,4.0016213528010995
AFVEGE6MCTDWLG2CAR7O4AHL26MQ,B004VDD4SW,4.599888464960178
AH3XHJCHHLVURHVDWHRIXWPQTPWA,B01C5TC6O6,4.305493648873547
AFGQH4JD5QBDF27M4MG6OJ7IXWBQ,B0BCK6L7S5,4.477607987507876
AFH6AUO7HH5PMJBRBQGQQKDV5HLQ,B09SVL9PW6,4.951228985066749
AEUZ6EWZPJ7MHL2G4S7VCSDXRMWQ,B0B2QG44CZ,4.947506403740129
AEK52OVGR4LXYABHNINSHSBS23ZA,B08SJY4T7K,4.359528055531244
AG6CZXXQXXL3L7TE7XVHTW3DYKYA,B0BLBTT86L,4.454109857507029
AGC4PLLCQH7KL42INYQDANWLJDCQ,B00WJ3HL5I,4.696496344305955
AFUOGVGBKB2PYSHBVSN5S3ZX3ORQ,B0925WNSYJ,4.476478069558234
AGF2BWWRJBXNSO6N3YHTFFCWCL7A,B015ZDDF0S,4.391962821977096
AH3HUVC6ODJXIG2MACTMS7RHEFPA,B0BP78F7CC,4.5353429779711405
AEL6LHHM5XOECBA3MAPB32W4DLOQ,B00RVE9X06,4.859604756213785
AEXAF72EML4UPYS4KTSBUDKBMTBA,B07RS1QKGK,4.350339760312839
AGLS3LXZRF3S6AHDXUNPUKPFSFSQ,B000WIPGG8,4.71551390653147
AHHVKDA6ZVQGESNMFJDHKOJIG6WQ,B06Y5GKJQK,4.767945710584829
AFFPQSDGBJC5Q2POUYOP24WKMV7Q,B0C6K471PB,4.608278878488256
AGCDMYMIU4NTLTJJ5AQZVELD4ZLQ,B0753PSL2D,4.698653641328767
AH6KUZJXTBQY2WWVRBJ5UOTV2ODQ,B07NDHXQQV,4.542295840538997
AHRQCTRBR4IR6R4IAC55SCW5QH7Q,B08JMQR2JK,4.241853313396451
AGOFEC5HKNFNOGAMR6ZDACVQOFMA,B00NL2XSD0,4.824578548033367
AEMZLP5VHZNKE2T3TW3MPEK3OJIQ,B0B2Z13RCR,4.574533868225877
AGCKPDUZTEZAGOLCCG3DQV4J5XXQ,B076H8RBPC,4.696773090765535
AEP4KJDGBH6XPJKFEHPYSAPUNDBQ,B07WBZ1SFR,4.6902213908453
AE2XOYSW22GQYCFJCHLWZRUQ767Q,B07MG8PHF2,4.505487097615431
AGZDAHTALWUZYOSTCBFEDNACMDGQ,B00HJOTNBC,4.683358495716787
AHR5GDAC7LREPV2SYJGAGCBNH5AA,B0BPLFP5P6,4.435718234062105
AHCAUSSLWUYO35DHO3ACJA6UD7ZQ,B0149IWDS0,4.636740417429945
AHSCA5GKZMVKAYKINVSXB6E3XMTQ,B06XPJHYDH,4.253707649096466
AFE5LE7HE7RJBMXHZN3XF6HSJPBA,B00N5THBGO,4.233849457203244
AH3QWAFMDYN7SGP3QF4YIM4YS26A,B00G33N29O,4.081686954611803
AEJ7GWF2F47PHU7L26RHYYO42NZA,B0B12H4PD9,4.620493846287231
AHWGL6LQA7CVBMZRTXK3V6UYL2BQ,B015X3CXXA,4.482858076222992
AFB5UR5STNM4EQGCWPEPKUPKTYJA,B07FYYS5ZP,4.878517277686988
AHTIZIO3VNXKLENDE3TMIUUSINHQ,B09RN7GR8F,4.260718854389743
AFO4VO3EMAEWPOST4DIAMAEB7ICQ,B0032UYJ98,4.7503029936516326
AHYRMUBJNAYHJRHJALTXJL4FBHSA,B005FIFM14,4.932546801228976
AFYRQ23ENSDEFSFPOX4ZQH6ZH2GQ,B0BL2ZJ4B8,4.596405337615676
AHMNR47GKOYYXWB4IMSRZLZSBY5A,B00646MZHK,4.292870066511423
AF7ZZZMFPAUVTL62FVUJ5GACOK7A,B0BCL4K9GF,4.499254970572351
AEGK5HULJVZSSTILECMF76DA7HFQ,B07YD57169,4.696302067087411
AHRPATCCBUSBFNJ3U5JEIYTXYCAA,B08PMZQXN3,4.904320003268542
AGBG3KK74IKWJNQVMQAGVBWJ7FAQ,B09895PBVZ,4.877235296215368
AHXUKKTRTEEQAWREA6Q7MA6ZKOCA,B00U43T1KI,4.90151483501054
AG56DTGKN5OVA5CYYYFGBFVGXHDQ,B010GPFRUQ,4.312858878335147
AEXDQ3ET3KGPPTZNC5U72WED6HEA,B08XMGSLMJ,4.402168994266916
AH4T2SPL4QMPJOTF667RYLK7WAEA,B0C3PX32HD,4.7431265401877845
AFBYEI2ABDAV55KZXU76MHGLUYDQ,B0B8M2Q1DS,4.108306574240946
AELEI3CA5BYLVHSCI2TIYVRIKD2Q,B09Q39C7W2,4.398166190362481
AEU6JFGIA7ZYZYICE4XWSGURZUYQ,B0071NO7I0,4.381651305680115
AF63VW7YLF42A6STVGBLACD7RUWA,B07YKTQWSL,3.80817066164653
AEQT2EJM64SZEGP7E36GKCAYZQOA,B0BT9R8MMV,4.965804940067766
AENYBPVASWQRXKHOIAV43ZXKVEUQ,B009DAHPLU,3.8878369607286953
AE7P3HIBI3UDLCJLUPUZQWYVPEWA,B07DMZWYXV,3.9225374367880854
AEIQSLRLI7R7FHPNFDEQRDZ23RFQ,B08R5GM6YB,4.070536086062979
AGNJFKRUT2SCSJMIS67A4HZ3L23A,B0B4G3QM3L,4.638341425614533
AEIPGKRHCENK75ZJOGGIRTO6CTZQ,B08N4FK85X,4.37570030208322
AHDZKPPKUT7HD47LXCBN7RQNN6KQ,B089LQVQ32,4.21144544513101
AGCVD55ETDBSHYS2CCQE42P4J3NA,B0B92LPGD2,4.490143725648938
AHGAJ6EAHD3CEFVFKMC2OO2IVHTQ,B005F5TP6U,4.375564778946725
AGIBAXUNJ4PSY34SL5OCL5GQLUDQ,B000P1RB9C,4.955004172965513
AGK5J33TK5YZJZNMTXRINKBZ6MTQ,B01AA6B5WU,4.587406886584173
AFBAOL7MOE7AIOADKAXH5QTSBM5Q,B09MJWYTQW,4.3588778460071085
AEROATPHZS4Z42BB3BERTYS24GAA,B07H5HM6F6,4.2082224407735325
AETEDS6HQJWX2EQYEQFUIAHTTJXQ,B0002D01KO,4.018979680265673
AHO6JZJO74RBYK6KAPCPQ5WW3VEQ,B07KDSZ2TJ,4.866551208718321
AE57MRF2R2ALCC6H5WQLFKT7KSSA,B08R5GM6YB,4.517830394183068
AGNZ55VEXGISWO3OH7F4CTP6HNRA,B0BR2PXCBW,3.8691612324381093
AHPJUTQ3YBWZYP3HHH5EN6ZKHQQA,B015OP6OOG,4.968863081329423
AG2AUKULKSMNFTIVVK5773MTGOIA,B004FEBS8K,4.233759077565295
AF3ZWOXSL3LOV2IX3A7JK2ERNXOA,B09TQ5K47S,4.961446568416485
AFCLNMP25HCXSDNKE3JSISGIRA6Q,B0C5S47TT9,4.385727339423238
AHTRBTORBRFFIMLSERT4ZQMJTADQ,B0B8Z76J32,4.45167985369286
AHCTXCBORWAVSGY3WDDKO7SU2TAQ,B073CZTQFM,4.2135578151359425
AFWVAGRFA2IMCAAW44JLS35DSBYQ,B09G5XH5YD,4.479901267694277
AFVYKHHOJPUWETNZJ77GFIBM7GEA,B0B6P55RBN,4.389849278444544
AFEH52MVAUDMFICQ4OHPHLIRAUGA,B08VHZ4FFW,3.7899688453937252
AGCSIPN6UMKXCMLEVLC2PSK3Q4EA,B0BXCW6SP3,4.243723212212772
AFU5HZB6IXKS4FFAJEY7LBQROVGQ,B00X7DD6GW,3.857535408232355
AENDXV3UMAX33LIPUBWD45OQEIAA,B01HCGWS2W,4.798963903642961
AEUPTKRM33A7FDZJJRLKPHQNWKNQ,B09J4M3KQG,4.844251649709681
AFDWXKZS3YVT7GOXREHCEZLPEQ5Q,B0002FO9RI,3.9531047061852487
AES4RSOTLVGA7PFLP3HUHFS57VKQ,B00CPLODUU,4.137522545348698
AGA3I7V3SYQ223OIO3CY7UCSKXAQ,B08MF7Q9RW,4.232529811371096
AFX6RYPCNFUEPT62B42ZPZXIDJAQ,B0BKR9BCVK,4.585351147513465
AGZZXSMMS4WRHHJRBUJZI4FZDHKQ,B0BHYWJVFW,4.568826870421858
AF2GCTNO7F4SVEBDXYZ64IVLLRHQ,B07B9W2XFS,4.333064768537357
AGNZ55VEXGISWO3OH7F4CTP6HNRA,B078PG7NBY,4.150213514138401
AET2MY4AL52Q4DTADBW44OBWGYIQ,B015WSCNHW,4.000876174303966
AEMDDN7LCA2LR4KBPMCICXTG24TQ,B00I6JGPHY,4.212975664624402
AG3S4FROO422V5KP7DJCBXVUQLJQ,B07CQQXQ4T,4.974652874660527
AG23AW56WZ7KPYYAS4A3YUDTYWCQ,B08JMQR2JK,4.487932427565822
AH4EBXBCNHNVQ5MKFUO62MZEVPKA,B07Q9JB3CF,4.686307437673161
AF7OD3F2V4E64XZJBQLMVEOKTKXQ,B00B5LDMH6,3.9829834956965375
AGD5RHGRJRKT7OXASOUYBBU7KDRA,B09V91H5XM,4.570354858349449
AEV27VCRIQRDWAJ57U5EZMYAFYOA,B0BCXRJCL2,4.802351013817491
AH7I57UVCR75DY4O5MDVVGWT2CJQ,B09857JRP2,4.95389197641549
AHALYOX63S6CACZTHN7R24RVEX2A,B009AS1FLG,4.1957314783229185
AHRRF2ITLZ42FQ7RKVPW2KN2363A,B01LXWI3T0,4.157164153057491
AHIDM2DCMJZVSROBSFCWWKZBDHHQ,B07Q5G54XF,4.549032806439823
AGD2M4ILXY46NJDCD4ADCYQFZGZA,B08DHMJYLD,4.498493294036888
AFNI6GZFGS4A72K6LX6Q4VI4WWZQ,B0BHSG5C3G,4.40244637503596
AF74F2YZDVP4HFDWZXXRVEQVSSUA,B08DVPJSX9,4.6755671308637865
AGBG64QTSJJR6IDUZEV6CLVSMUDQ,B005DM7G84,4.133345940055914
AH5L4JOS5H4ZPJ4K43VTWJYBUPOQ,B00M5DWB5W,4.493036380658062
AGBG3KK74IKWJNQVMQAGVBWJ7FAQ,B07Y9WZ9XY,4.94151009309851
AG44UYFDZHI6FRBQSLDWOGIEOY4A,B08LVW75N5,4.8976990121937085
AHMMRMBNKFL47QWGXRS2227X4K5Q,B005H2007E,4.467092574045323
AE2NWSTL7JJJWOCBKZCZF6KDQIZQ,B015WUVA5G,4.289228094265653
AHOUKQ3IRAEAMEHDB6U4AMB366NQ,B0BSGM6CQ9,4.118912856300105
AHXX4HAGLIPKZ7TM7GSLS2JBZKNQ,B01I1NKJAS,3.645002359084819
AG5ZVXXHEXDYUUODSEQC4XXV7DPA,B07JKRBNWY,4.935912654450747
AFGDRNIMPVGMEICSWUU2AMBMPDOA,B0B38VK2BX,4.715733111466522
AH4PST3O2RSB2MKEQSQDVGGQ7LKA,B003OYLGWA,4.654475679603572
AEYM4JF7CX4PXVZX6HBA5ELI544A,B00WJ3HL5I,4.703242433744041
AHDZKPPKUT7HD47LXCBN7RQNN6KQ,B0BGCMQWPF,4.287621946423065
AECKX5ZDW6FW4MBP3QKTPWTWUROQ,B018FCZKR2,4.932842495498602
AE6B3FP6UAR66D3J2MIWDAKONHWQ,B08NZ14V6P,4.476473111405444
AEWRX6BE2CASVQF4ZOWKS77NKBAA,B009WS7TSW,4.867944321957051
AG65H3KESUARZW3IYMRXVITV42TA,B084P99JLP,4.5501940296095205
AG3ACUVHP2XSQUEGZRIIZC4X7YDQ,B00CTKI5QA,4.02434552589848
AGOWSJ4ZAWXI37BO7ZQ4ACUFXWEA,B07L6ZR9V9,4.757527219872848
AG4II62W4SSRUUOT2GWQQKUDEGRQ,B0928H9QXC,4.476768698789081
AFQQRHNOS2AJSMORGOJQTDOWF6EA,B081W3MH7Q,4.569704202039734
AEM2JD5JQSDXA5YBZLKVTGXDQ2NA,B003YJQX1O,4.673603709187738
AHRN4W52E3M4TZQMWTYLFZGXNMHQ,B00N5THBGO,4.7025460195978965
AGYGRX7UYSPDON7UURJJTTMARK4A,B087X1CF8G,4.701947969929482
AHT5LYU53R5RY6DIEZYSG27SJ3PQ,B06XTW2R98,4.596527983375317
AGNCVLVE7QHYAMIPJSV7F3WMAEJQ,B07KXHBBGS,4.013496936537227
AH37ZV6A5UJW6A4PA62VDYOQSMKA,B09SD4CD5Y,3.9053302061400053
AHLR33LQJ67RQLCHCEQJJGJDXNSA,B076PBCM2H,4.362381744974297
AHBFM7TTBHFPQHPWVXTANBO5BDPQ,B015WD6FIK,3.803745127573778
AE7IRGN5QWIIIPASDW4WG5LD7HNA,B09T4RH56Q,4.8376823926922095
AFRQJYTU5RDVVWXINMHTNE26C2YA,B08BSFDY99,4.805080110634164
AE4EZF2M5WVUHXZD7OIMAZTWETXA,B09PRKZ6FN,4.453291585794989
AHKFFS6MZ6BOEWNBXPCHEYGNHWCA,B01GO7PHSC,4.424979083194342
AFEYB24M4HNZQQHWPJYMJ22PLNYA,B0BXX1RRNT,4.966195656564846
AHDFPBWC4J7AK2CL7FBNQPA3QP3Q,B074JNWHZ4,4.665667613098511
AFWS4PIMKK4IFMMFQ3X2X72MLFGA,B0BJ3BBTXH,4.56288510863095
AHY3ZZMHIMZXA3SRUN2UGS44R5PQ,B0BHY52P8D,4.578128220769845
AE4RQ6OMDFEXLU5Q37ZQFW524J5Q,B00Z9TIXOC,4.630977650756456
AFEMDCWJO2OM6RADJRL37G46VSPA,B004XNK7AI,4.200689033973947
AH277J7WPXVU4WKVOCNPLPB5OEQA,B0B8P1YW7L,4.5056468282283
AGDCEPSZFC64MVUXPBIQ6MPBUZSQ,B07KJ3Z9RJ,4.32496797784814
AGZUKNR3MEGGPFUALRKBVCUTOFLQ,B0041T4DK4,4.5769403720554624
AFA45AUS3WMXAUTS7IDGWESA5HFQ,B074JNWHZ4,4.633344761934808
AGNQNKAAMVG6PQQISO7MKJGFRJYA,B07JGCQYN8,4.026146212718886
AHDFQBP2ZC7W37647DUANZ3HJTIA,B00HV7U4CY,4.592271958200233
AHFCJTMNLVV6EDUL2IQBR6PBRDTQ,B07P5GGK5X,4.534383672693198
AF7UCCPZPJPW76PNE2ICQPJUQEYQ,B00E9SWQ3S,4.247443346498392
AFBLIAES35IGAZQJZLCLOWAS3SXQ,B015DKZXXA,4.421936797510528
AFKFJDNRMX5RUG6DLAY7362NOA7Q,B07MZYNZ1C,4.824629088794235
AH5MP4D5AWPQCPLYSFOQHSIJYVSQ,B000BSMKPY,4.114290628890708
AHRLCH6R2Y7JNEPVPCJRT6FHCC3Q,B074MBD643,4.084526440659444
AHSNUB4FPRGR5TNLK5BO3BHFNFFA,B074N8W3GL,4.804790246711046
AHP2UGRBLKHCHX43ZDAOMH74675A,B00TH3YPDE,4.952619218968471
AEQWCT2DSCQIT4E4I4KNG3EITYSQ,B09VVS2RYK,3.724883568524761
AEBDVELV5QUZNVMFRSX2OILTNGDQ,B09RBFKS1X,4.959385757382195
AERWGD4OLR7FS3VPO6QHVZCDQLSQ,B0052S3YC6,4.510687558985475
AECFGXLEX3SU6D4T6C55X2NWMJVQ,B00I3TP9JM,3.732111122517098
AHWYWGQZZ24MQP5VNBOCPFWUNMCQ,B01G26SEJO,4.2308774679353105
AE3JTMU2ZWD7SQVK3EIMCPMMBXFA,B07KGF3MHC,4.379647166900518
AGTUM3TLHZIYIW6A7JLL6BZODZDA,B0B3VDVLQJ,4.807958776265462
AGM2HNRQUHZFOLAP2WTIUH6R5TIA,B0B9LLF1CN,4.546443315061549
AHK6CM5EYRKB2LKUMO2HO2KWAWNA,B0742RB7JK,4.6794228640094415
AHHDLIT4BPZAFDKKTCXETFZDV4FQ,B0938MMWSV,4.886908058148337
AEB3FFGFI5H37NBEIROPDUR2HDPA,B015X3CXXA,4.1352947058925595
AESDNHQRRZEWTZF7A7TFFFTSNY5Q,B01M0HV7SC,4.373853081275276
AHVKGDD2OV6WLV2KGSSVEGRHZLCA,B0010KGD4Q,4.08151169439083
AEPNBKCSTUAN265ABWRJEUQK6Y3A,B08T9CCXZB,4.773993294393493
AF7S6K2LJFYM5UXGVQ5VVFCGA65A,B0BBP71K6M,4.892723928191903
AFA3Y2SOHSJ2MBGZR2VNVB2LGISQ,B071KZ892W,4.9624249335149555
AH2QGOLSFLD75CXS5IGPYRCBYY2A,B07BVFTLFW,4.821237849592414
AF6MSSCLAPGEDSJSEHUJWFR7K4GQ,B0722QJS3J,4.729501079276669
AEN4JVIBT24RAPMWEHX7UGOX5CMA,B01DPCONFM,4.3748220604166015
AEZKWI7QRZ2BOO4J5ZIRNY5YIL2Q,B0BYKZPD3W,4.892753199450243
AH44K3RPIQMVWG2G4EB5FPVIVUEQ,B0BHSG5C3G,4.3750830770140645
AGQW2ZO6LOYZMRZ7JKDM6LIGM44A,B07N1RPV4J,4.18315317912442
AFYLSXOKKOKTZYKFAK33GAXNLIMQ,B0BVHFTP4P,4.171846090085942
AH2CQZM76NVZCBGL4QZDTQ32XMUA,B006BST39E,4.074982710348745
AFTYUC2644SXODMOUAOCS3EUXLNQ,B018FCZKR2,4.719347660620946
AHMMA4WU554YWFMEYDYU4S3KMQHQ,B07D9V7RCL,4.6267744170274305
AEBDVELV5QUZNVMFRSX2OILTNGDQ,B07D4SR8GZ,4.836728568146628
AE5URYH3HQE4N5WYARBDJSMMWCOQ,B01AJGC27I,4.783760319593196
AHIO4BIYAYENSKTI3Z52DU6H5BIQ,B00T8I9QXW,4.232887204086979
AGMHEZ7SN2RNVJCMIHIRRSKLQ2AA,B0161WG9ZA,3.769502740849602
AGZO33RFLPWJFDIHJ2IHRJ2CA26Q,B0B5SJVY85,4.753450152805751
AE23ZFVUOMPKR57BVSWXV34QLMVA,B07N2WWT61,4.8428996243229685
AH5XMLDWX6USQHW7XC56ZRKGTRBA,B0002GO8NM,4.724159010576279
AHLFNMCO2C6QX2MXA67OMESJWMJA,B016QUXTZU,3.9943289008743057
AGN7PZXO4DA4KUC3RLI4SUSYXELQ,B091MZPYBQ,3.75271653006449
AEZIIYLOX32LD5NZCQHC6RM5FJPQ,B01C5TBVH4,4.64602484112359
AGLBP6NQ3TRDCBEW5MT333YSQA5A,B0B9XPLGMD,4.863566612354652
AHZPSAULSXTEOMRSCTIC6WLMOMBA,B0BDMR3TD7,3.9416675126455627
AEYPKSPNG53NP7OUQRAQZRLHHB7A,B00CPLODUU,4.165017953614707
AGZOGWXQN72ULW5XRX4JGUA3CH5A,B01DE4DPSC,4.438846189876935
AHAZ2XJXODADLAHTIV3S4TY3BNJA,B0CF797FLB,4.35199854402839
AFKMX6JZ655VPVYHBTATZQS4IBOQ,B07ZW1GBVT,4.529956554718168
AHA7ZZSLTORYTZH7P7G47EL5D3KQ,B07MV2ZQ9F,4.6677521856342485
AENMAJH6XMM2ZEMELRB6HSG4CDFA,B0010SR8G0,4.800258908080346
AHI4HEBT7APLICJPKX2WXSSTEPZA,B07VRY5ZPD,4.55383409409642
AEFS674M75WS32DB3CNTBNCVCBQA,B00DZJ5ZTE,4.375617015174342
AFHRS46OEQQJYQXRARFMOO3TVN4Q,B00J1T5BLY,4.260319255640689
AG6F7SPJH33LKPGZWM2CXHOSTVMA,B07Q28P6JM,3.6743922330692897
AFCNYEP35Q74SXUUFZG6VLH2LZZQ,B00646MZHK,4.823512327411411
AFF5LX3AMWROBQ5OONG4W7HF2QOQ,B0002GZSNQ,4.249495129721589
AH7ACAJJVDR5MZZZNMBAGQNEXEHQ,B072PQT2DM,4.395888479402377
AGY7CYYTVW3BXZMZKVJ43LUEN4BA,B078W6PTK6,4.67340644929994
AFMUJ2QQGFHDQYXZKGAKJ2Z3GKGA,B0925F8LPD,4.722797274959041
AF2V6KV3PPKRJQUNQ2STLVN4ULCQ,B00CK2FOZM,4.849219650805264
AHHT2ZWTTM26NTB6Y65DNPXIKT2A,B0C67HCGBR,4.95675818397361
AEUAXVAUWJFDX44V2Q3OZFFYDZWQ,B00SXZBLXE,3.9912154306794303
AEBK56BDUH23KP5TALYH2UBMT4TQ,B00CMUE76O,4.410984619548036
AH2SOOHUAEQ736UFTV4YRUWXYOZQ,B0B2CWTP43,4.88426518959664
AFDSDZ4A6HKSIFVTISXLNY4KBTPQ,B095FVTV98,4.663024271487756
AH7PIDQFLYQEO5CNCL2E26IHP2VQ,B01EY7O0A0,4.679706942547847
AE43XP4GKKW35I4NEHOIFE4KEEMA,B078JGMF6M,4.361050535011716
AG3S7LEUWNKV4765DN3RQY3CFYLA,B003VYBNLW,4.232616572930138
AGACWRMANGN7YVCQ7BHFP7H24F3Q,B07G4Y7QYP,4.788221088768165
AHJET2TASMZN4J7B7PCY36RBJRWQ,B0087UPSLQ,3.5939938858175133
AESPIYN2KPFNMATAZNRXTGG2RTUQ,B06XG4BJFW,4.605660604125656
AHKZVNRRZWYZHQ3TZJVQG6QS66VA,B003AQ1X7A,4.424660015641628
AFJUEJD4K6TCPOMWLOYABXHG6JLA,B001JJFR8Q,3.614352700349871
AFMVV6BV2S3M55OLSGMNMIHWKBXA,B008MUPALY,3.9294718826443797
AEJX3VGSJVI4IBSY2JVYJYEXJ2PQ,B07L6RCDP7,4.826995735159996
AHM4URAETRB7ZICHMC4ZSA2WYRBQ,B007723JF2,3.928519050217654
AG7QOJYFHZHLK2FH3QDDFMUXDYUA,B09857JRP2,4.911128334877295
AEP6HZO2OUHEYGMDLZ5OXZ3EIGKA,B000M74WXM,4.549745499258097
AEK3AZJGYPN25QIZM6WXRFG3HO7A,B07PSWC1XY,4.317189877683588
AF5XJLMWDP7FHGFOYMNJJIHQCPRA,B01MDU5U60,4.334140977363184
AGUFOFR5JJLYZDECXZPSOV7TMZPA,B08H5845YF,4.8304653269771665
AE6OJSLUGINECA3R5K5ZXCGDXZ6A,B00O5EL4MA,4.484803317805976
AFDSDZ4A6HKSIFVTISXLNY4KBTPQ,B0BKNYGC3V,4.378360311275023
AHYUYW4OYMCDYOY3KK2OTIW2GDIQ,B00N4ZHQ14,4.3378663251440965
AFGGL36KJJXEQTMHPERGAJ3ETG7A,B01J5A06OU,4.604462651057488
AH6PJZAAL265XW6QBMTLZLNYVI3A,B00BYI3UMC,4.210707278587581
AG7UBV3IXQAV2BSKDSKJYZ3Q36AQ,B01LYV68RY,4.701524984185277
AF3NJDOTMG7BRKDLV6UM7GHFC7XQ,B000G0ATGE,4.185028510331088
AFMNSKAAAPVFNPNY55G7QRBZS57A,B00646MZHK,4.549216529070473
AFQSGCTOHFIJRR3TFZ2YGU764W3A,B09QBYTMYN,4.647085552058502
AEE3F2XA7I3WFVWAV2VZI2YLLELA,B0BPKH4HB2,4.754305302735865
AFTPQXSU4KURGKWJGAKYLNJONTKQ,B07P2CZDTZ,4.8792134201008865
AGVTKJAYTPW447JEYNPPTT5TDDGQ,B072575CX4,4.524904656877382
AEKE5PFGZXJF7WY3UCLPX76KDHLA,B07L91TJTT,4.721693166188801
AFAUI5YDY5SFUUER3ICUDP7DNABA,B09TPW5HSK,4.356714256884462
AF4EKDP5NU2UH5TGQOEGW2ULSMYQ,B071KGBWK5,4.314426389740103
AHZHTMIJ2DVI5YINPJYJXUK3N6BA,B07BH4GFV6,4.910643082459948
AHQKCRAIW6KOCBXNQQ2HCMDHPPCQ,B00WJ3HL5I,3.8089411091089627
AFBXPXZXOBJZI7N33THA2W5JGJEA,B07MJVGJSV,3.39031614685022
AGWNNXFVI2WRVFTPXZMFUYPMRRBA,B08R5GM6YB,4.135693441228281
AHTH3BYSBOY7EBENMTAWYWWQXPNA,B000SZVZ74,4.521969402821749
AHGYK6Y2LA4GIKZURFNWD2XXEJWQ,B008BPI2OW,4.331550030087482
AEZG4SHN6EDH7X2I4NPMCSN7MN7Q,B09RJZSQML,4.732352151515254
AFGG7OFYIXEGXLJFMHCJ4CP7RDPA,B0C698B5WR,4.606333548033653
AH4EBXBCNHNVQ5MKFUO62MZEVPKA,B00IPH8MD2,4.6259608864448865
AGQOZER7UNMZIJE2SYIL3WGLBZRQ,B0BSR996X8,4.758272487251109
AHAEDB7FPXJBM523PXFWBS6SWPRA,B07BSZNKTM,4.085910329519326
AHRXOMUDZ2OFIZEUPWWIFX74EG4A,B09857JRP2,4.567548105081597
AFPSGOUZDBRH5FUTUU5526JVYMPA,B09PWCF6T9,4.57704433052223
AEEQ7UESBPQYBPBJ6JKP5CFWPBTA,B07L5B64RG,3.705532042622417
AEMPWVEFRXQAC4RVAEEFHMFYA3LQ,B07QL29XXZ,4.723116033136378
AFK4HVPTJ46LKD7CA7HSNPJQNNGA,B09SHCMRW2,4.588175743147936
AFQFEJJS3JP7MIHAPIDLWQHKBWEQ,B099SK5QZ4,4.571133515388702
AEJG7X2JPSSZWWLTEOW2YNDQW53Q,B079TLFL33,4.829576764932587
AHWQIKVDRYNQLJODTCSKUL3WZKHA,B07L5B64RG,3.9135600557502332
AFFKWNAIQAYIWWRAMBH45SCGAJEA,B07BK9VCT4,4.68558988058254
AF4SXAHUFXPXFBBM333BSHEX52OA,B00H4PEMM6,4.7027115641920565
AGKHDZNI4XVSWKG7HAW3XMGICRDQ,B00GK73HI4,4.725830850751154
AFKMQ4PILRHGC4N6CABVZXMTVH5Q,B00RVE9X06,4.920119849568052
AGUG5C2WFEGSACVXYG6AU556RERQ,B075PY9KF2,3.980768342143515
AFK2WLVMSL2MW3H3HJT5WMTXRTBA,B01DK1RHK6,4.431603533590153
AGD53WYWQZKCVIIJEGVFN2XLXYRA,B09VT45772,4.7848360941096475
AHIMLKZOHAUPH3YUPGP7SWAANJBA,B017JK7O7K,4.14233579572038
AFGIGAOI6AF77YD2KG3VLOZQS5LA,B0002E5266,4.2050362887168315
AG43KQOKOO573AON6M3W5TYWWE6Q,B00AJHE5E6,4.146292080464618
AHSRMNZAUSJKKHQM2Y5SFLXPXYEQ,B0099DNZMY,4.052097360598526
AFUWIHK23WPEEPBRRSPULFMYMP7Q,B0BHSG5C3G,4.5257536424203195
AFURZWZGZUGPGCRFXTNHOMU4YODA,B0BT9R8MMV,3.7231725108348304
AGTJMPFA4UFAU5ESGIUL7UH5OENA,B08KHZXLDJ,4.551305556813509
AHMV4A3ECLZ35GBHW22RN7AKYPMA,B00JL5I61A,4.364300160314209
AGYO5KEPETGKJRCVLTNP5R7TMRVA,B09PWCF6T9,4.5413455076690035
AE4TOI5QIX3CJNFPXKIUMNY5WQ4A,B0B3VF84DL,4.259546097699212
AGC2D4ERWZFFC6TBEN7WVEVAYPCQ,B003GEJ5SK,3.9282139288031037
AGMWVGV6R44F4CB5QU7GUKDGVJGA,B01MRJUB7Z,4.497527933444931
AGE4MJI4ACCVR2HUDBPA27GVIZFA,B0BZ166MLS,4.666767946985023
AFHBA3XXVMYAHM3TVI5I6LIFVUHA,B002NG7DEK,3.6891388274144234
AFWCHDUAQGDBY64GWKKF2HSF6DLA,B01E4MELN6,4.405086157293752
AEIC64XPFPXOWL624SR4XBRW3MUA,B0BKZ3GCGR,4.831142137255571
AEA6EC4Q4NZVCH6EXKJPAFDPS56Q,B075SVWJ6K,4.458311413508036
AGZMJJPHOH3O5R5AG2WNODLXW5GA,B0B89ZSYS7,4.473290140405478
AFF6DVV7X33O2CGVMEZHESC4XWLA,B00A2H01IW,4.878050408916065
AEOJHU6GSSVCEZAM6FEODEONVFOQ,B093F6V4YD,4.950638832109555
AFC265XYEH7HU2X2IROZFOJNHJSQ,B07W17441F,4.549084039752464
AFRYJ75AYEES6IRLVELYFADHCN5A,B00F20MIC6,3.9886082621074563
AH3XHJCHHLVURHVDWHRIXWPQTPWA,B076H8RBPC,4.378479548931691
AG7BKYVUQPRDJYOEEJFA7CABODPA,B000J5UEGQ,4.31252193698987
AHZAHAU5BSZV62Z2TNQZDJC7SMQA,B0BCFR3ZNL,3.8990697921953523
AFGXMICVBMHATS3XS5QMMW7WZ4VQ,B0035LCFRW,4.560682826268833
AEGGHCKB32ZBMXYLDF2BZVWUIOTQ,B01M4ICDNE,4.339305625904545
AGBR6PZW32IC3DKHJRFUOOOFLINA,B00IPHIPS4,3.933992328168267
AFWDQHCMEOZMGWK3S47XD33T37YA,B07SPHH7TD,4.880393579962034
AEAF2JYA5RYKZDPKCXOJB46DDZGA,B074WXM13T,4.40429231520736
AEI6W3CJO4FEQT2UWAYWJBAGNJHQ,B00RX5HQS4,4.76104653436155
AEJH4HUMFAN62AII4PTCGRGGAE7Q,B08ZNY3SZ3,3.7184789536661036
AGQE7GBNTL2D5CRGSEWA3IMXYXQA,B0BKZ5F8BS,4.845679613564749
AF3F36AQYFSFIAIH2XMIUH5WY4LA,B01MQSAU6P,4.324161720826013
AEJATLF6ZB6TWPLQFAVF6P7YXFKQ,B071RYWF1X,3.995818378515546
AHLM3EPKW4KDTZWLD5IAMHOCWUKQ,B07QLYKVQR,4.617798165538823
AF77JPPQC3YQDVFLFE6I7UU3EVPQ,B07BFZ2KSJ,4.56183208503433
AHCDPMD24SBS4MR62JA3F7HC3AUA,B0B9XPLGMD,4.480938070950485
AFFC7LSYXECAEHCRLCLBMGFCVWDA,B07P72FCR5,3.408701799950111
AHTCFI5OJALGN4MNRADWEOXMYKNQ,B0BF4L13DT,4.274946342966662
AHYAJSJYNJNYY675NJFTNOQE3OQA,B09VT45772,4.916002870187082
AHOJB6TPWSUGREQVWUHBXUVRZKGA,B0C8MDSZP6,4.324943782903021
AEP6P3KJKABIZ2XBA3OQKRHEB3WQ,B01C5TBX68,4.967838674541692
AH46X4UHBAV2KZ3UV77D4VG66TPA,B002GYWBJ6,4.4349274106702845
AG7AIZBTTJWJIPTRXHIFZB5MUMLQ,B07QDCBRKL,4.581705008196611
AFZDYVNE7K3L7FE4RMJUBLCYM3KQ,B087YNF8BY,3.627328499441082
AF4W622Q3ZWEEVIKHPEJADCCQSTA,B09MSQBZFJ,4.37270363561228
AEPBC5VE2OKFDLG22CSXHKN5VCNA,B09TRX519R,4.813844871587844
AGNCRXC7PNYQJW335W7D4KFZMGHA,B0C6HXYY3R,4.568706356303618
AFM6P2DMLWLE4QM45XLNENPDCANQ,B005NACC6M,4.111923207552952
AHFZ4K77UQRUXMECV54VEEEVUUPQ,B00T3SR9ZO,4.774137790290561
AHBLH67EE2QDH34EJI642YUJ5J3Q,B08H5845YF,4.90754160158887
AFUZSTHGF4TSNO4WHZTJRQXAITKA,B01E7FQ03O,4.035843704951168
AG2PW23TNWB4BYACHY7DDDTHCDYQ,B009O7CE5O,4.254614378735998
AFHZDQPD2TDHI7HGWNYRBD3E4SRA,B071J84X1J,3.9009539898782912
AHZT6MVWNF4GG6FISMZMORKZKK4A,B01H8E51CC,4.687771242738638
AGQ3O6VTMDBP4SUY5HR2STHEZIZA,B06XN6QWFC,4.6093219673532095
AESEGTNVGIM67XSHIBRIUDRKYQJA,B0BQ4FJWYZ,4.680545426915939
AENGAOA6V2UAM3NAGJAGLWJ7FZFQ,B07JNKY9T8,4.800197935641992
AEQSMBSD5HP3LSYXFGQW2N3Y3CEA,B00UZ7JADG,4.683410711470258
AFWFZBPFSKNEYFMY42YDXUZUJTDQ,B06XYXMN72,4.5279888375085955
AGUT4BSZDABF2TKPWTP7QJTWARHA,B003HPQDYC,3.856983487283877
AFV3FCAYHRCOC2A52AGKK2RPPEYQ,B0B6HQR6H3,4.55303427869437
AGNPXZERD2EQJICAHX2VHBRTDNFQ,B07FSD3CP4,4.4415359051836125
AGXFJ5MHUDCERSROHV6SIFEXGT6Q,B00DZJ5ZTE,4.476786367053562
AERO573NK4DRWCKS3JJ53TGSMB6A,B01ID7LB6S,4.1289172699247985
AG6ATLCKETNYRKL6GCQV35CSSGPA,B093T1Y12B,4.631119851519432
AHZ73ZAIN522UIXPHNZLJNJ4TWWA,B073DH77YP,3.7944707362856747
AHQCDCQ5VFDGM74DM7RQ737GTOYQ,B07KJ1YFPC,4.175967532347822
AHHLPVE6EZSVKQGVAZDJXENDPGEA,B012VQ5A7S,4.597394102026666
AHLD3BAM5XXNSUGS3QICCDK6PR6Q,B07PSWC1XY,4.278906147062899
AHUSCCJO4YMU4JD32SNDWMG5BZDQ,B06XB55D1M,4.585451256099599
AFEICWMWPP3K4POH3LJJXF7AVEYA,B08DZZ89Z9,4.933364996969502
AHBQKNRANQY2ZBBVENAS5IXL6CUQ,B00K1WIAV8,4.396759668152118
AHZDRM3HOZLSWFXSQ5P3BFBB5O7Q,B098PK65WX,4.837559936560208
AFQRADPBJBT3FQPLY3DLXYDZYNFQ,B01NAZMWZK,4.871723459532138
AHUCON5LFRGMY6ZBBR5LBERZ3ZLQ,B08T9CCXZB,4.953833001463672
AGCB4LPCEEZX2MJNPGSRSOWWLQLA,B0064RTS0G,4.894328221501258
AED6HJUVBCHOCZSU7TVSUGSXH6KA,B00646MZHK,4.335543196521825
AGG4TIH76JJJ65G66W6UBTLKSE4Q,B00OYUSHJS,4.48472873120736
AHKPDHLJXOUJQDLDCREEHZ24OBZA,B000CZ0RLU,4.828429922710769
AFQFYEPQJ4K56CHFXATZBQ3IGLHA,B0BT9R8MMV,4.818156021427665
AEOGO4EUQ4SODCLNQAF2QE2246VA,B09G5QS1VD,4.0324014974240585
AFH3AUYGMXY6NFLHCWZ4HUJIS54A,B07N5J3GTB,4.24224211353343
AFOH5MZFOA5QOYWAUC3GNJJ2RLYA,B00H5XQH20,4.787778780582539
AGH4UMD4PDQ2J3Q4PYX627TKEJZQ,B07VWSB34H,4.437773354963977
AE4QHKV4QJCQBDCEFVIFB2XQIKTQ,B0817CVBLV,4.582488078511369
AEK5Z5IGCZC3BOIAHEZKJ5LALEHA,B00HZH4D04,4.3379625085786735
AEUZWYCNH3XRU3SL4RGNVQDWNBDA,B005SUSXGA,3.6518116650238794
AHXXM67KZP5QLRJXRK2X3VPJIVGQ,B076CF9234,4.05478357713574
AFFYSCZKCCXDX2FFF3EBRFR3ZGVQ,B078S136R7,4.7367893105390655
AHY5LOOHEJS2PBAU6TBGVE3A5KLA,B06ZXX8M6K,4.435152519641975
AECEYRS5X2CFMDC43NZWL3KGVVUA,B00F20MIC6,4.346405669768124
AG22ARBXBZEHDEGORR5CV4YU2YAQ,B013VNHWAI,4.199649347173565
AETZFMN57JCHIPVEHXRQABYXJYWQ,B08DBDD6CM,4.957671052739268
AG23AW56WZ7KPYYAS4A3YUDTYWCQ,B01C5TBS90,4.55550606025082
AFUMAGJW5ZKDFR4TDENXUFOV33TQ,B07L5B64RG,4.238061554577791
AF3HPF5WQCTM6CMW6RDZR2CLU2BQ,B09HN5T4X2,3.5953299880235376
AE7HRPX4YO7IU4EJ25ZNC5DPUXDQ,B01NGWFQLI,4.418227810094693
AGVT5E2C6WNOCFYSLOCPAPBJOIKQ,B00771QSA6,2.875056326136249
AGC4T6HKARBWXWIETWXQ3NCO5BDA,B0B1LK9SXB,4.3756153800561295
AHV2RWTWUZDZB5VK62GU522U7N4A,B0C58M767M,4.278499131504186
AHXWA2LX62UCCRZLUYIVH5SQOIPA,B08BW72YHB,4.373214183822511
AEBBCGPAQQIP5TEFXM4UKLAL6ICQ,B0002CZVU0,3.875877992557163
AE2XOYXCYD7XZYEJKRRN73HQWZWQ,B07Z5KGCBX,4.6193159075718535
AE4PX7WPFYOKQ7JY2XCDJIXQG6NQ,B0018TG8HQ,4.580356333083347
AFJA2TIE36MA34NTU4X2AYDASXBA,B084F2HHWW,4.951059663094838
AHGIYCYEO52KREJSMUG4HVRWXNYA,B0BT2QH7V5,4.505205416785095
AHIDTWUTSFPG2UWJMPLVB2WG2JQA,B00WB244XY,4.194285175819722
AGTSCOC7DUIMJRTVNMKIOMYYE2JA,B085JXWDPC,4.334641464788137
AHB5ERKDN3N6XGMPRH3BSS6FPJ3Q,B006I387UI,3.3512532808283297
AEI3JK3NJTVVB6RQVVJXFYWBNEYQ,B08LYV9BCZ,4.954790805973885
AHWUG5BIUQWHO6KPODY2QJFFQYWQ,B09PBL98Q4,4.284136124989117
AECFGXLEX3SU6D4T6C55X2NWMJVQ,B08R5M2FGY,3.803909617604488
AEBDVELV5QUZNVMFRSX2OILTNGDQ,B00D353N5I,4.190517154301027
AHG4BKFPRKPCA76UXYE32EEW377Q,B0BHG58G2F,4.7198985406742775
AFC647CM7TNBTPSPPM2EXPJWBNYQ,B06W2NS7RW,4.321653000029883
AGFSPZ7XOYCABXF6VYXQVWQRMO4A,B004LG93KC,4.545461087556083
AG6XP7YKD35LKMAUTT2SPLCKKXCA,B010CI6M88,4.556408873263689
AE2SNEBKDHQIZCKJIBV5JOPUWJ4Q,B001R76D42,4.420017989567741
AECH6FKMNPEVOR27FIUZR75DDMPA,B0B3F96MH2,4.805248640181874
AHYYJPAALMRAGRBUY3XGB46RDLLQ,B0BXZFS2QH,3.9640573920354902
AHOFWP4LITEBFBWVQDV25AZK6C3A,B0071YXCVM,4.718615002661275
AHIC5S5WEMJBL4CTQTEQMMPXYHOQ,B0BK5CXZBT,4.709275937321175
AGY6RRN2DDWDKITFMFZBTBJ25M2Q,B000J5UEGQ,4.0953128992131775
AFGI5XVA5EBVOE2EOS42KHQSULXA,B0C38LLMXG,4.69261948305397
AHY6GIC4JE6U7L6GPZ4GVK23YFVA,B09G7GH2FH,4.561793476849007
AEZENY5LLEUSCC3JQC2F3GJ4HMZA,B01FMKRG6I,4.5933051430123335
AE3C2M62HHDRFDW6E2XADFQUXCGQ,B0919GK359,4.662133676171297
AGPWTBAKWEXJIJLZXKEV7T2E37AQ,B075MLS97V,4.603263871932693
AFQFUOUDCVTQ4F5OYM66HTMHVOUQ,B087Q1LY8Z,4.364955821069415
AFWYQQAFUAWPVAX5HOXR3WSAN5BA,B016QUXTZU,4.4378125574972005
AFCANIN6FS52VKITA7YMONU6S3EA,B01CTWVIY8,3.9276307650581956
AG6BBIGPA7TIOM4BGES6SSGZHIKA,B07NWG39JM,4.626924651985111
AGP2NR66453AJZJAYKZGSMONZ4KQ,B0002H06X2,4.54392525873536
AFR4T3JVNVCDWIOE4J2UKMBYPOEQ,B0B89ZSYS7,4.817566968863087
AFX7V34VOABD3RMN6Q7QNDOFWOOA,B01H0PACWI,4.864210518793802
AFVYTABRIESKZ2WUA6XLENKB5QCA,B011AJ8KHO,4.332447145083936
AGBW7LZUPMPOBV4LJ7LO3TCTRVLA,B0BR2Q367S,4.526273318484605
AFLLD4HIWPJGLLBNJXCZ4OWH64DQ,B07B9W25ZK,4.57927139372849
AFOI7DJOGJ3FDEYYXCDWZKYB4IQA,B0002D03VG,4.606524660286088
AHV3PKYYDJIQCEKAVLVIHM27U2YQ,B00M4M9RF6,4.777756544310718
AFBPVAR4I2B5EZTHKW5QZCXTERHA,B00IFOTSJW,4.741216481280005
AGIGTISGZA4LRJ34FG3FZSLXFS3Q,B005SUT9I6,4.864405162377403
AEUFWFA3TBVVD67HVO7FOLWNXUSA,B098LHYD3K,4.2805955866934475
AH2F6A7VS6CDBSJA24NWYKBEWPOA,B07MHL48V6,4.483452899565918
AEZIQZZSUVSU4UAQAZQJWUR4NHRQ,B0BZ5K6XPN,4.646159006632806
AHDHVYDPFXKSLOV3WCYUYDNCCWRA,B008L3SXE8,4.754505703953723
AE3H2GO6RH2ZL6OHLBAVSKEFDIHA,B08Q7HQHNX,4.506434679965467
AH45TR3BV6T3QVMWHGXDSUL3TQXA,B00RWF76NK,4.203816606674596
AERGXYG6NYIWY3VIBK7ZUQMQQQVA,B008B83SY8,3.837674805502569
AEBID3HKBMGORBEBUBAZWS2FFQPA,B0C67HCGBR,4.633524857833101
AFEWXSPZBD4YB373PB6Y3NA476CQ,B01N8SXS2H,4.95642535249257
AHSBERFD4KPEBMI7GW7QL3IJRHJQ,B0015B0EB8,3.463159427360688
AFOF3QHFHEPGQ7QQJBGWFJAC7RMQ,B01H8E59FQ,4.463652902229037
AHRQLNYKGQKNDZI2DKRSST6JDQ4Q,B0B8YWPB3K,4.952472579435381
AGODDVRWGAQPWOIVFD4V76XIST3A,B072PWKPLW,3.5195695056268566
AFSTKZ46JMFZCWEDBL76K6B5OLKQ,B07DLVDV7P,4.4771825248162
AEZKOSSPZDQAQJEVAWYIMF2EBRGQ,B0C3JJ2WLM,4.1164245497431
AG5QJWMXSGR6QK7CTCJKXRD7OSOQ,B0BTC9YJ2W,3.4716355238230325
AGPJWCUWLVIR2VXLJANPYHHZ7VQA,B0983RTWDV,4.226903967792452
AGBQ3TX4QYWQQOW2DBADLGOJHQGA,B07Q6L4YMC,4.893276355981576
AHUIUCGSUO6B2KRQLQ2UWRYXTH5Q,B01AQNIOO4,3.7812497298538372
AHJEYA3QHJSUWT4UN6FXYWDX3OZA,B0002E2O2Q,4.197252060796167
AFKA6Y5FDB75J6BMYLJMBL56L5LQ,B0049S9FVE,3.844046799626206
AGWS2UTABX6UIBLDKBBUN3Y73YPQ,B0BZ5JK2GC,4.728620097333913
AE3HJ6CT7RAMP5XNGLYPEGDEMJJQ,B00IZA1GI2,4.580923797133295
AFUSHAI2F56KYEMOTGFW3WZ7OECA,B082WVKSNG,4.482865402143191
AGPE7ME5O2UO3IKHIAVFQ6C4JKNQ,B09SH9C3S1,4.125802762854787
AHGPQ4KSNZBWGDSFBMAOBSWAZBUA,B0BCHG293C,4.427810990428487
AGQE6XJ6T2AYF6LTIH3E2VOK4UXA,B0C2X15CPH,4.712905319544618
AH2HT6SO37BPQ4EKOTAZ7A6WDWZA,B072WPD8MY,4.944424980005689
AGMYY55Q5EIYMCNQF5DAYXSB4WHQ,B0BXT5BXFL,4.257036367905795
AHL6CT3IX5344QT4S3GSBUVZFNAA,B015XDJB9E,4.565643607684446
AH5S4XKENHVECUH4CNLWHQYIP2NA,B000J5UEGQ,4.509945753228248
AFFZNXPPX2MF7F6WSX4KYASX3TLQ,B07L5B64RG,4.329526360394353
AFBXI47K73AAHBTFJYX6T7QIEVFA,B09PWCF6T9,4.737655836373714
AG5S2EQFQ76MEDNWNKXD27VBGQBA,B07CYRYQ8G,4.128911675764663
AEWRQF227ST6I3DXCM2AJQ7QGXJQ,B09M7P8SBH,4.299833084873878
AFHDHVQNIJO4RTZSJDPJMVLM7RNA,B00WM21DY6,4.574742518047725
AHIPKIT25JKKXMUL332SVAWYAKBA,B07Z3GVQFZ,4.964433170637943
AHROUXIVZXJZW4MO2AFN3ONK6DTA,B00BQYODWK,4.728818624453202
AF6FOQSBPWCC6LBUJ5E7M5EWZI5A,B019MIPZ8M,4.325948576446982
AFZ5JLS76NTQNWVF654CNXF3SEHQ,B0B949FD92,4.4812738670890235
AHF3YGM54O5RAXYBAV4FRG2FQWDQ,B09V91H5XM,4.803577254081202
AFDPDHHU54M5M67PI7ZA6SEGANEQ,B07D4QCBX4,4.532993491777314
AHFSZBRXW3JCT4BGEDMR5LXKFCJA,B00R5VZXKY,4.64326050280122
AFOKWBIT7ESXMZ5OOVEPVEY6AYRA,B09JFZ3CKY,4.210615366329715
AFVSSJ5QSQBZBTAVR5XHF6UQQVBA,B086QP7WM2,4.357084324820164
AFOV3YMGYHOVKW65ZOFVUITMT6SA,B000BNG668,4.391767425066661
AGUS2NZDI5C26OUO3OKRKDCYI2SA,B0002BG2R2,4.6507886540545655
AFA4ZJGSTUWBV43E6FHQJV7ZWXDA,B09397FWYW,4.941797672025263
AHH2S6RQ5UCCSGDC4YSFGIRBXTTQ,B00DKAQGTG,4.79834172276687
AFSAEAZMJRB3KQF2EX5DXLCHFMUA,B075ZDCFFX,4.638626812523601
AFHNWGO25QKIPAEMLJ7ZLAXVXXYA,B09VBWXMBC,4.666628322701675
AFI2Q4HGBSVHDT7N3DYGZBZNLOOA,B01M8N618U,4.372957202281434
AGAOQLKN74M6NEVHNV3BLTJDNRJA,B004XNK7AI,4.738922965145582
AHWSZB7RGTT7VKF5ZLHFE35KAJRA,B001MX3WWC,4.2067965049074685
AG64SW2Z4TEZG4IWEGEUFEEZBTRQ,B000A7PQIO,4.153433403523848
AFLKS523NY36AY6WTAAKFAHYT7BA,B08Z6TDJZ9,4.661468229369657
AEXSJRCAW5RDAOCGSRNV7BSK26QQ,B09JC3Q3TH,4.3055714351088055
AFRHKO4374QYE6EFRHEGGSPVWJSQ,B005OEM43S,4.417610460303429
AGN62QQ3G4QRVVDCJQ6F6Q264M7A,B0BK5CXZBT,4.656554861995235
AG57ZCKN4CZOESBMSWZPL2CR77JQ,B07WTBV69J,4.693081237097385
AE3JDWVNPCOENCG57MBK66UHQCMQ,B0B8M5FJ9W,4.512252384750296
AFTZQD5DUX4N2BQY3QJ4WCGIL3WA,B002G1UT5C,4.138295945905992
AE4OEJMTMMN67HAFXYTGCW5LDVBA,B0052S3T9O,3.4345976755788095
AHLGPPI5LLPXUYFAPN6VGRHMFNQQ,B01AW5068S,4.522411223110299
AHUPCY2JBC25O6H556TRJZWZMFXQ,B0050CEEIW,4.061930547422471
AGIBXQUC5LU5WP6V6NWJYHKLLG3A,B009DYPWBG,4.5382437292312625
AHDWGSLY5F6AL4WLGCL2YSSTJQLQ,B09ZDMFDW5,4.2870433788597
AGSUOYF2YX33MWSX4BUAW5LFETTQ,B0BR2NW577,4.7017442913857765
AGZDUBW56W3GTKFCJ7VUDSHVUB2A,B00X7F1LQ2,2.844519537852822
AG4JFCTSTDDLSYABQYGKRGV2F6NQ,B07ZKP1KF4,4.297460945328486
AGNPXZERD2EQJICAHX2VHBRTDNFQ,B01N5KND14,4.649949409057474
AED7CZI2A4UFHHKBLM2T55BK7W7Q,B016133LAK,4.137698004003715
AGN5JKC76NLF2PUJYOGMWH4EZR6A,B0C39H86Q1,4.917299606038518
AHTAJ2OUVWDB4RPWSJQRK6WBNN3Q,B00646MZHK,4.509876863602976
AFJ6BNKTPZQXGEOAIOMMCSESJS2A,B002RVQTR8,4.665716387834293
AG545MMHYSJ5GUXAXDOVIC6IZ7ZA,B003AYJU5O,3.960253054155931
AF7UGFJC7H3PBAJ44UTW4MCWFCSA,B07MMJX9T7,4.279738649195654
AHVJ7UVESCIEXJDPRIYMIIBQEM6A,B015OP6OOG,4.949282825031247
AHWODSX3VEDWXPOIMZFIWCUXSVTQ,B0BS6HRTYM,4.749502571957874
AELBSC427YP3XNO3L4ULNIASKB6A,B07883GRPL,4.154097585101976
AEC5F6TB3IB5HVKMUBAK7IHJ5APA,B09T7Z8VB2,4.885206319213743
AGLGKDWYUI3QG54WUNJ7EWYXXHLQ,B06Y6BCX7B,4.317475884196806
AFGJC5TF3BY7ZZSHWY2ONSPU7VIA,B0B9JZP4BQ,4.718817892521758
AEEGTK6WKYOWLE57UPJYL4ZOZ7RA,B07Q75MDB8,4.62520818262577
AF275ZFFGX7UOQR2F3VTUPPDOCEA,B0BT2W3TTM,4.93135360203502
AHSXY2RE3D43XV3NAQXJFZ3FEFMQ,B0B9LKKBHK,4.5669885467757325
AG3GKTRAHOZP7J6XHVZ74EO4GJZQ,B00O5EL7S6,4.934698147458504
AFODRXNLEQI45IJTZOSHP2H2AMMQ,B074T1SZGQ,3.8422076581216884
AFQAITIWHYF277C64BWNAQODYE7A,B07B16JL73,4.749416098983911
AHW5L5NONM2GMDBDOMAWICXCLOJQ,B017808XKS,4.670845704839525
AFZPLBJIKNDIJAYC34RG7MYJS6DQ,B00P1GZ39G,4.572381464807928
AFZUSTESN2HG2A2VIEJC53WXSQCQ,B0C4SP3PH1,4.41342606605185
AHVL6NLW2ETK2KCNUGI6OTQ6IDQQ,B07T9W146S,4.552697241151237
AFBW6R5V7AL57BMCUYFK5ZQRHU3A,B00504BLJU,4.507248038125718
AF2GNRUCCIC5DYCDJQ6XF45STO3Q,B07MG78TDT,4.169145761635977
AHQCQOYWUBEIRMSJVIAY62ZX3GSQ,B0CHMQ9H9Q,4.798047364305031
AFUDNFNY7SEDKBT36AH2LZDN4QTA,B000Y021NA,4.3479014881499305
AFMWSJXVD2ITRLSHTOVKET5IF3SA,B0B8M2Q1DS,4.53852283705947
AGTOYBZBFDWXXD32G3TKF3IOTLBA,B0002F59ZY,4.724484632214963
AGRCVTGVKU6I4WAR4WJGCAQZM6XA,B00HTWQWFO,3.837999591842896
AEDKWF6D2KIBJDGAWTXGMLCR3WMA,B095XCZXNQ,4.218735294998545
AGDPYGKE6ZOXBMUDUOLHKMZHCJ3A,B07MFYHKLH,4.486263105496126
AEG6JSCCSPLNC3WDSNULLRNVWOXQ,B0B7C7PYVC,4.395567913356751
AGQ2FSQ2EJJXXJDWNXNLRAQCQLVQ,B07HGRFG5J,4.105790759214579
AHUFMBH5VMD7UKPLSWAGMYSFHMUA,B09HCRTKL4,4.632920208654924
AFM7D2H5LRVJUVMGLUUS5MNYR5WQ,B07BH4GFV6,4.878990678469173
AFAQSQ5NDDBKAWTJBFS45OSCAW4Q,B0BQ4G4JYQ,4.4980506027109985
AFG4O5LTIHBOWSQ4LBYQLY4TBJDA,B0BW8L9WF2,4.3737513179501235
AEYJ4BWSPRCLEJQIMDL7BH53TYGQ,B09NDBVJXM,4.88715607027191
AEUSNVRZQLPKRERL4EJ3HXR7X3LA,B07KK8XL44,4.226825374993211
AGLGD4PSAOA6W6AEZIQ7PT74RJ2Q,B0BSGM6CQ9,4.747672124011881
AEDHDFUNQQHHO4IV57N5YHW6IVGA,B08FC4P2F6,4.328673903666101
AGJRMIF3LHVDBHMCEYRL7GWCVMRA,B083MWZ1DN,4.748281543142608
AEKHOFU35JS3BOIWZSEM7DKSTEVA,B0C3QWRH66,4.398171149808226
AGCV5GUWIDXH53ENHCIXSZN7OBHA,B0002D0M94,4.69875518186219
AEENSLZS6WAJQE7GRMNHI74TIYYA,B0006UGEOK,4.533630542951311
AGBELFRDXNHI2I4WWUM2WPEAM7UQ,B01CQ01SPM,4.73463747486204
AGDATDMAB2JQFVOC5BSRRIGFILVA,B06XVX7BHJ,4.030372449365581
AGJAAVMYOSWYRC3HRWGAWHJFS4WA,B01NBIW57O,3.9240167620490474
AGBG3KK74IKWJNQVMQAGVBWJ7FAQ,B0B2MTYQJP,4.276452536516859
AHO6JZJO74RBYK6KAPCPQ5WW3VEQ,B09857JRP2,4.956290192128784
AGID6DHXZOL34MVLPDSCO42D6GZA,B08WB1VLRJ,3.8639682359573215
AEXNTI6B2RAU4KEAXHXAYKKI23HA,B075B1J56K,4.523448611028214
AGZ6AX5RT2WKRJYCYVT27ZIMMGMA,B0195NQSTO,4.857371296400362
AFU4WXFS3Y3OZ52E23YPAA2DIJRQ,B015WYRWYA,4.948871535459451
AHZP4EGVGXAQYU6NONQW7WZTPEZA,B0085545YO,4.708353838075095
AFGQH4JD5QBDF27M4MG6OJ7IXWBQ,B07MDT5WJX,4.858095219480376
AFR2QCLNJZYL3R3JDCNNBGLH75QA,B006UOSUW0,4.927911455179916
AHJCDOPTP3TS3AKN3WXVWSQR322A,B095QDDCKN,4.305296256340115
AGHGEAJWZF4K5ZD3AVJMVR4VTIVQ,B09G5QS1VD,4.404775376502546
AEPQMXHOMG5ZBK3X223A6E367KLA,B073NPJF54,4.5818593916936505
AG5QJWMXSGR6QK7CTCJKXRD7OSOQ,B01N6U2EJ1,3.41268323861577
AER47L3AWJNSW7S2YC6UI6V77RAQ,B09857JRP2,4.849622447211946
AGEA7N4MSNAK7ANYT2RPCY676KNQ,B0035LCFRW,4.935671690216513
AFBVKQ4TBCCIG7N5BOIREJ47BGEA,B06X1C3GWZ,4.321755662342475
AEIW3FPJYRTL2ABJQNZRVELSDIHA,B004XDQFJ0,4.290733596408706
AH5D4W76WTWVES3BKJKJPOHLBJ2Q,B08F2QZ9XX,4.460710978253156
AEKS23KTJWPSSKWVWNUPKQMKOVGQ,B0BSGM6CQ9,4.603154436581941
AEGPB5P5RTPWTVSARDZCY4NIITKQ,B00KND95KK,4.385974936333086
AGONUN3SQ3DQUX62IHQE5HCAXT4Q,B0BDMR3TD7,4.354285084370971
AH665SQ6SQF6DXAGYIQFCX76LALA,B0B8LYBTXZ,4.270456299837722
AFRGWN2OQMXTMFUCW7DBTJXXZC5A,B00CK2FOZM,4.705622802248119
AG4FSWXIYRAWD4GVRIYXCARYASVQ,B008MI70QE,4.394156581692729
AFSCF6RFBDYMGTDCGT7BZ4Y7G3SA,B071ZQK57R,4.095132335323238
AEX7IVE3YZLESAPRDVOPTUMVD4FQ,B00P6ZOPP0,4.094614080066794
AHMBTMDNL6YETYVEVAX5JCIWWNCQ,B07Q38FWFJ,4.757242093230352
AGTFVU24EZKHXUFYKLSRPB2ZUG6Q,B01DE4DTAG,4.592166273350898
AFC3LUU6EQ2CJDKUOVUANLP2JJOQ,B011EXBCMQ,3.9472829021034923
AFZISTRYDPBLS4IDSBZTKRIGKDOQ,B00WJ3HL5I,4.6020336074664066
AFKRDWMANJ6YAYLX5LLJTPI2NXBA,B088DD5M4V,4.615106636727112
AGWAWVRXUKLL64QUQZUHNHMNFKMA,B0BFKKVQZT,4.019478019907461
AEOAVQQMRY652RTKHFB3L6Y5TYIQ,B001GDJQTG,4.030773134766174
AEMJGS26JFHL24UXI2Y4IN42MUQA,B09ZTJH58K,4.957477749789862
AF2SSK423YDGF5C5EVEWDZFV2TQQ,B0B95V41NR,4.750344372164462
AFOCHHI44XKMG44TIDXRHY7R2H2Q,B0B8M2Q1DS,4.075185715269103
AENLVOY3BCY4AXHOB5WIGE65SRHQ,B08R8FSFRB,4.562199338754435
AEWH7JMFZ3SQI4UE3DU6VRYD2BGQ,B0872CS1BX,4.298304509236687
AF6JSVPJ2DCT5CECPNXDU5PWBMEQ,B08BW2TBD7,4.51779046817249
AERERSWI7SYRKB5A5K6N3VSWWS5A,B0777KT21W,4.316783197345221
AFO4VO3EMAEWPOST4DIAMAEB7ICQ,B0032UYIQM,4.779937740219434
AFJ5GUZSFBLA2K6DI4XHMSG2ANJQ,B00KLLKE04,3.576336149757118
AGJNQM3DSVQLJISEL4NSWE5JOOSQ,B0BKZ3GCGR,4.308653961083691
AG3YM7FMYVGQ4UKSE4LQGJTXD5FQ,B07TJX2K8G,4.758286493660287
AGVO65TAROWVIZVT227P76LOBEPQ,B08XMJVW2D,4.501023270824082
AEV42PMIPV5O2GR7XEEVAKNPJF6Q,B01B15JPCQ,4.309386370602112
AGB5HMEVDU6ZTYLFVUSDBISX3U7A,B07DMZ4B7N,4.705497368736651
AF6EJYBF33I6ZOJWPS6SKJCN2DQA,B0016H8S1O,4.807800299343135
AGUUZPBKG7FN3UFJIS4IXRDZWVMQ,B0161MMX4G,4.587741423724764
AGXMTHMKZG3QKW6UZPY54A6225ZQ,B01MSNIVKE,4.758627484411487
AHNUALEQSBJJGHXFMSEIHPPXJGPA,B077YGLM39,4.508931567536522
AHK2JKHQ22EXZBQWCF6SAV3XYAYA,B0B7C7PYVC,3.8963656810587373
AHR4QTZAOVEE5Y4RZ2PRDEWZ6SBQ,B09RTZ26KV,4.795403285367802
AH2POAHDXXWBO6AJYISIC5WO35RA,B08C2TBWGV,3.6467694375897337
AFTYUC2644SXODMOUAOCS3EUXLNQ,B0925WNSYJ,4.646061132367536
AFH6VTF4HK7G6XEPGKMJS54HS2BA,B01M0RWZSB,4.717917124429568
AH7B4LZKXIRVOKMQABH4TYJWKYPA,B07BK1KRMZ,4.883889412812788
AE7BOZUENUHTO74ZOFS2MCV2OIPQ,B01K1EJQ9U,4.291994508237705
AEPJXX4K5S4WEJ7EHNBIGZA65CGA,B008BPI2OW,4.386534015140788
AFIE5BI2QPM355FG7JOUDUL3MOQA,B07234PV7Q,4.695443710297614
AGUT4BSZDABF2TKPWTP7QJTWARHA,B000V6E01I,4.951202040693176
AFQSGCTOHFIJRR3TFZ2YGU764W3A,B00RX5HQS4,4.858344039041928
AGZF6BB2D5R6EMB4P4353LFKR4PA,B0B59HT4CW,3.887793297214001
AGEZ4NC2DGLNTGW4WK5PB4PVPQ7A,B07Y6TSTS2,4.032555585965105
AFXSSSNW7ZJY5LZTDXHURSA7I3WA,B008DCOOA4,4.584871316609974
AHJPWPHCWZ5MX2UY6CNGJUNBWP3A,B0B8YY3M18,4.321581004298364
AH7JAXK4CMAKGB2I7X2BIW4OMXGQ,B07PMLJ8PT,3.857730927215822
AHSLQLTCTL7BXJCKPC4CS5WZ6P3A,B09857JRP2,4.934362515988256
AH6WLUR6WYU5G3UNQDCHKDTBGEGQ,B087B6MMYR,3.314140046769365
AHCKFEE2OR3IUWX3C4GSR3BTXTSA,B001B850DM,3.519593427570135
AFA2XGIBDVRKJW5TUJ4XBSFRKD4A,B0BZPVZC89,4.0554374547607095
AF73XBA3ZP4WT5PJ35HOIH7RCX6A,B003KVKT0W,3.3056087756006245
AHAVMJ7OKLRLFKHUSZEZQHPQCHWQ,B015HG82EW,4.4547788946792375
AEJWL2VCYD5DYYK5KTYHBTRTTUVA,B074KPCGYL,4.442750477230735
AFQFO4MXAJX3BTIPTQGSKIOAJ7IQ,B001NTX914,4.465487669342371
AHITPAZLFZ6MUAIRVQ7O5P5XGBBA,B00VYQABQ2,4.09033228910194
AGPDZTRIIRXHFAPGHUR6WG3NFD7Q,B072HMBSND,3.6584305861076216
AHWPCWQ2D66IJWQW5UOWEM32V7BQ,B017GSAT0E,4.7833836543199135
AGXFIFO4VWNHPAX3VJPRQ2QJSCSQ,B06XHXTNK6,3.350989016445906
AE4XDOLOLDHCE3JLFPIOCU2CDPVQ,B09DY5162V,4.452813334153537
AGMLFM5LJZ6NWOQ5SKUTHJZ3WMCQ,B06XXND94L,4.959756207137493
AGXTFGO7KXIW257RRFLSA3C5VRWA,B00IFOTSJW,4.568075084297916
AHGIBSFUX75SKXE57B3GHITHYR5Q,B07GBPF914,4.508884444880995
AHHT2CP2KHNLPRBP3QFHWA445TFA,B09PJ3N73Y,4.4845834018082416
AHQRMJ276MO2DYT6Y35GUTUZUQEA,B0BT9R8MMV,4.908363308182487
AEAGSWW4RVIR4L5BH4MVOV4X23ZA,B0BPLFP5P6,4.3791728928532985
AGRMBKF2SDE2UFCVGX3C3YU7UVIA,B0884DCBGJ,4.439261573984439
AEQCZKNMWZW72YG5ROSWVBGOXHWA,B00FFVLKJE,4.241621943144023
AH6MAK6PF2Y5LOQKNJCZBEXMKYSA,B0BW41MRGK,4.815971288987211
AFFCNEJLNMAUSBFDTVL7TDS76HHA,B09NC8HCRS,4.669723802846968
AGHGEAJWZF4K5ZD3AVJMVR4VTIVQ,B0769VKBTZ,4.9415169948599535
AFHXGVSCCIAZUZKLKFO4SF23HOEA,B002AKVQK6,4.887804201075319
AHSDVLG6RG7X75WCJSRNBW52INCQ,B08KRDKZ6K,4.755471092612826
AEJWL2VCYD5DYYK5KTYHBTRTTUVA,B00WJ3HL5I,4.577259251535056
AGEJRGFQAE756CZAUY4OQLHQ534Q,B08XL4NHL3,4.632667588982235
AG5ARKH5DHRZD4H3SGD5IYTY654A,B0BXDSJT52,4.256970003814863
AHNWYYSU37USMKUNI2XSTHCD2VZA,B07MHL48V6,3.8901765126179946
AGUIKU6A43BXYLTYZXNODQRHZ7EA,B0BR7Q74PC,4.622166619586655
AFKDPE3P5ZL7WWTHLJGPGHLFLEDQ,B08T9CCXZB,4.833058033035893
AHGFANFHSMQOHSDTHKO52DWZFYAQ,B00GG20DJ4,4.261402473396571
AGNDXQMA54YLPLIRSJ4CRPHH324Q,B0BT3B7GTY,4.7097022051985995
AHHIVSLNNBQTWQ2PQJMOFF4IPURQ,B0796CFWKG,4.649114384363934
AHF5MC62OR5WJKQ44L6CWWBAJIDA,B09JZQ67LR,4.577178077100348
AGDEUEHXRVCWANF6PENBUO3PDUKA,B07B9W2XFS,4.552584164120327
AEIGZOWPIU3PMS72QQVOSPK5DSWQ,B09G5QS1VD,4.255011693890066
AGXKROS7PUCF5FTKJP2V3Z2DVI6A,B09398HH18,4.690216261681342
AFQ7VJBUAFMCD6WLRMNJVL5IZGUA,B07K58QSGC,4.7435881305692655
AGWS2UTABX6UIBLDKBBUN3Y73YPQ,B0BCK6L7S5,4.595203406373132
AEQZCIHPL376ZN3LRVIK7LKIO6IA,B077RL5S6L,4.727673284621994
AHQ7UIJUCTKYWL6SHF444WJYBZPA,B008BPI2OW,4.874540423769901
AGN3MQNSNQNYLWDVVGL5RTDA2DHA,B00XWLVDUU,4.098091815759836
AFUZLLFBTEMFFNHEXPEMTWWFU65A,B07GFH8NTB,4.642422405371887
AHSCZVYJIQ4N5YJQDGCIZZN3CFJQ,B09BF8XDF4,4.173031361012267
AEIZ2AYL7ATS6TTBKCC2SO67YCYA,B01B7N8P5A,4.511975249972557
AE7PQEPFCV7OBKK2FZ5HNRKZE7KA,B000JWTWCQ,4.0037132192532345
AEW7WXMSL3KZ6ICVWN4S5I7PEUKA,B08T9CCXZB,4.806694233045108
AHLLDYLLXIAPQN7DJCA4BVYPPEFQ,B0CBSSC46G,4.4418761666144455
AHWKSJ62EEEXSRG3ZHRNWBEXWFXA,B0BWXY17MT,4.930567065308553
AFPQPRIZXHHOVL5VYHPKQYMEPHQQ,B00P0HIZXM,4.4692647361369
AFWQ5JUXYJJQDJNYLVVOQDDW2C7A,B0006IQNES,4.481421884772691
AE3KSV543QVC7GAKJGAE6F5TS7WA,B00F4MYC5I,3.5158310350010864
AHZZX3DQ6IZHVV7GI77GL4PAQKCA,B0B8M2Q1DS,4.3832369513777705
AGE3YAKMNHECBEAFUIJ7NNLO5RTQ,B000637LVC,4.490346206370742
AHNG3NRGEDYO7E44QMYDHMBADPBA,B0B8LZKBN7,4.050757235959217
AG43KQOKOO573AON6M3W5TYWWE6Q,B09D9HYFYY,4.705611877403947
AGGC2NUD4OH4CW2EV7ESFUAAPCIA,B004XNK7AI,4.721653089607124
AEK7KBA4LVW6N7422XG2NSSRSJAA,B0BXT3YHW7,4.45904560201888
AEUFCTMP25QBJ4AB2AN5LKHR53WA,B00H35YIJE,4.786467480241128
AFBW6R5V7AL57BMCUYFK5ZQRHU3A,B0B76W9CDF,4.942837040604321
AHKYSWGAUYXDRDRDVPJF2IXTBQBQ,B075YF8VTV,3.8845475125418147
AGFVP2RIKQMCJOWPEFL2YOQKSUGA,B00Z9TIXOC,4.733678391634073
AFKK7F5DY6QVQMPGYFXJUJMH5GDA,B096QV18NX,4.495675738590399
AEUL7J5DOLN5C2TNYN6WLR7VK7CQ,B09R6PRMMY,4.889754874441279
AGORB27V52BOPCJGRI3QPQZ7SF6Q,B003KJ0ZD0,4.833716342881361
AHYU5PQSGXDZ6V7F6UUG6LX5HJRA,B009J8DXQW,4.687980067251086
AGH7F3VLUYMLE52O7FHD7X2B5RAA,B0C61YQFHH,4.1218312830557196
AEPUDI6BXIIFIBDD6HN66DFSXXIQ,B08DLK3GC9,4.780919738944939
AH374ITGDQXQGVBJ5ZSW5LVEX2IQ,B0BKR2ZM9X,4.929402851026507
AFJPB6LUARRD2IM4HZKYPSVC3FAA,B0BBG39TZ9,4.713218099610845
AHTRLPO6Q7FNLBNB5SQSDPLC6I3A,B07PSWC1XY,4.616302365729898
AFZQH5XG2U7PUV4ESRY7IA26VMPA,B074WXM13T,4.656811254952026
AEHGYB4EMFSAOJVQSYG2QD6HMGYA,B01KBCUPFG,4.219701091036419
AFZTZTIUKWVBHZWWXHP5GDF6QODQ,B0819XW78V,4.77003897037408
AGEXOCVVUXJJZMX6AGI6LDVUC7SQ,B006UOSUW0,4.646478030287694
AEVB5BSDA5OASLEFI37PGC2XHIIA,B07CRK35NG,4.411182748039253
AE57MRF2R2ALCC6H5WQLFKT7KSSA,B07YXY9L3T,4.547759172816918
AH6JESOL3IE2HXVN75ODIOHNWJYA,B0C3LK9886,4.281537250478657
AEVP7D4FN334JKBYDZ2EP5AQPKFA,B07MQJQTR7,4.6106910527355645
AHHXUCKVUSI7A5ECJMAV6KU2HOHQ,B00OO0XTB4,4.678501658360317
AF7PSUJM2OPFVDSI53L2EKYUPZKQ,B00USQY0CK,4.191091099098297
AEVYZFKOMNX4DOSBR7SI6PSU6JJA,B01LYIRO3H,4.118232817228248
AHMVWBJ4FNFOXJ6BXA5M7CEDHSNA,B08S3X7WMR,3.686983823401878
AF2OOLUOKOYQ2HOAECQPBVCIIUVQ,B07PPHHG34,4.663342004329231
AEEWM3H4MGP5YEKKAWWN2K5GFDGA,B00CGFRJ2Y,4.934661518769609
AEZ25O3HQYWEXVANIUM6VHNRDAWA,B000GASJF2,4.240147325358141
AEZEQQAJOBZ5B7QVPWXBXZ33LAJA,B078KTV8L4,3.9990494633955946
AEKIBDMB3G3V2F3S7UTCCKDMR3YA,B00US6YYMG,4.337785912020011
AF2GWXZDIXTBHQD6Z35SR26KSGYQ,B0CBK1WSMR,4.421456624692353
AHFFHYIW76RJQMCGMNNOHD35W5DA,B07SPHH7TD,4.872198923525599
AGHVRG2HSUORQ4A3OHQFWKMIEOAA,B06XXRRGTY,4.949039317920595
AF6QJEYUUAUD7J4D6V4NW6TWX7DA,B003KX4SC0,4.303100940802078
AEFJPCWWQJOL4HBWQXYQ775IBTJQ,B01822J05S,4.473686243166866
AFW6ISKFJUM5ZDRGSDJCJF7TW4IQ,B00H35YIJE,4.800988380827575
AF6LBRKK5RSD3TBYPDXMMDP3PX5A,B0B8DHDVJZ,4.5830410987678585
AEBPH5OGFZWNYAOE4EL2Y4MDPKDQ,B071WMKJMY,4.620450238553869
AGUAR5LOTVA6SHQBEM5NYSO2EAWA,B07BS497RX,4.69141104187905
AFLE6K7Y7L53CS7SV6JR5IPXJQ7A,B0002F51DO,4.25662161827483
AHNXWNFZIZLK2A3OGVF62FGR6SFQ,B00IWXMGH2,4.505019353113684
AGKMKTMMN3RT4CSD6P4TAWTWYPIQ,B08BSFDY99,4.325239091248805
AEN326SBT64VHDX7FG2G7ETRXB3A,B0002CZTIO,4.465627900273568
AHHWYG7BHH4KL2NMB7SRQBRLZBXA,B00KBCOWL0,4.007399326794251
AHLV6WPBIKRRVRV7ATUGZVVPY24A,B01FH89Q5O,4.8973409083320485
AEVWFJBKJSOPAP6RKLA62OZNCEGA,B015X3CXXA,4.444725053182965
AGY4QLGJ3WS572EJXYILMZP6U5XQ,B0C61YRZ1H,4.433808529330341
AGCKPDUZTEZAGOLCCG3DQV4J5XXQ,B0BT2ZRCY2,4.822359484809522
AENG2XOGTZ5PWTWKRPDZP2S62IOQ,B0B31RCL2G,4.565862673181068
AFYQ5ERCXJW4T6D7VSCXP4BL535A,B0BJYS4BQT,4.5640181211633175
AE53VDKFQ67YHCSPLIMTCFK2TBCA,B0B8M1RZWV,4.699309732537771
AEYLNJLX7GYF4NXNAVBDL73VEYPQ,B0CBC8FHVD,4.003127176754867
AG7YOQATPK3IWI5WQHMNQSGNYQ7Q,B000H18RYS,3.8050225025349427
AG553SGZBEHRCZMXNXWJINFND4YQ,B01I6EHKL8,4.648371167645208
AF4R3QHJTOOHMJXQROF7MA2RM2QQ,B00M9BSZMI,4.591854007269182
AHB7NX5MFSJ6W2NWR5UNUFEF7RNA,B00N5THDR6,4.6047510839743095
AEG3S2JSG7WW3BXOWKWYPVSTED3Q,B07NDJ1HSG,4.056624440140291
AF7CC34DK36SQJS7WXI44DREGWJA,B004P4MLMW,4.642431818684873
AFQGOHTGJDVQ7PWB3MGLRTG7YHDQ,B07226MCY6,4.377811210330081
AEQN4YUQXU27N3EXVSGUEWRSY6IQ,B093YGS1F1,4.247711381085838
AG3S4FROO422V5KP7DJCBXVUQLJQ,B07MQPMS7S,4.869563926902491
AHDZKPPKUT7HD47LXCBN7RQNN6KQ,B09997NM44,4.000603851511793
AF4FA6MXKUITCOOQCHJZH3EDEW6Q,B0BSGM6CQ9,4.6402110414937745
AFTEZGXRBCAE4WOKUTABLKG6GHCA,B075JNW6BK,4.233976251041333
AEZVMCJMXA4ZJWUTFHQCLZIQO3LA,B00CRQWMYM,4.129540980301557
AFD2MJZTOT57DPG42CDZ6J3ZW3XA,B0B4SGJRHR,4.669960897380302
AGFUJJJTJMQXQT2PGDBAJE6DIPQA,B09857JRP2,4.667805116316081
AEFTOJ4ZJ77AZONVSHEJENIC2JUQ,B0BJYS4BQT,4.287194976859006
AG6Q7E7GGX643JLMRMPISRS4ZGOA,B005H2007E,3.6641821632999143
AGP2NR66453AJZJAYKZGSMONZ4KQ,B0853X3VDC,4.55135019826478
AENJN3SAZXVRKSYKW57MJLXAUI6A,B0179A4ILK,4.058384465868344
AEZFHZS4BLIBM2BZVUWZ3PO4VFXQ,B0007L8BQW,3.566411747269847
AFXOJVXLBLYD2KJCO2MV3TVEPEOA,B0723B2GNR,4.965976374954323
AHLQP6LTDDC5HOP5TELA473KFRDQ,B01C6YZFY8,4.7142123817896495
AGNJGGJ7ZVWUJ2CPLO2FCI6UKTFA,B0BQYH4Y5L,4.274017209046045
AGZXSZ3JSHVOVFSVIPJN2AZXAKDA,B0B4SGJRHR,4.6683366416147
AF6PBG7LLN5RCHTOHZ7XQSU6JKYQ,B00WJ3GS16,4.094810520122265
AF7TNRCWEV4U5PMRMSMUOULNQWFQ,B01GKX638S,4.2139811243147145
AHVMNUYCMLPJIGPR7BKLLJLX57PQ,B00IFOTSJW,4.602541394143368
AHC2TT2NQZJDTZG56UF3GGLO3WCQ,B08PZ5FQ3H,4.4535180877035945
AF746O6B6UNT4OC4TS7CL3Z7TAFQ,B0002E3D9Y,4.321722111227342
AF7UCCPZPJPW76PNE2ICQPJUQEYQ,B01JM0WCYA,4.581404133527413
AG7SOAQOQ46YSE3DL24EILYE4XWA,B071ZQK57R,4.288067002969779
AHJPWPHCWZ5MX2UY6CNGJUNBWP3A,B0B8YX1H2H,4.364506441068527
AEIORS6YPYMQBLYQVTB6OLRC45UA,B01DK40R3M,4.697381913648577
AGP6DVMFOPJAIJ2AU473OUN53ZGQ,B004X7OIRC,4.241747911051195
AGEHREYYWFDH6O3NOOJSPWC4JSXA,B0002ORP8O,3.856715288566256
AF62V5OQ5N6AXFIPEC5OW3BITFCQ,B00WQI2TM6,4.461630011844828
AGQGQNKQEUZLXVMAD37CUFLLGMMA,B0BKB22QPB,4.5820850391657
AFH7JZJO6B5MCIS5RII5J7JG5QOQ,B0018T62KE,3.3446012398963934
AHZER36Y6IL7USHGBCELVMN56VOQ,B07MLM8TGT,4.168089170992384
AFOAF2ZM5JEUC4HEXDCSQVRN4VBA,B0BK6MQF3Z,4.170829577538207
AGXCLEGTACWVEW5H6T4S3Q54Q7DA,B0745KXRSL,4.487829481950868
AHJMSTODUTOUDOTDQUB3W3UUL6MQ,B0BSR996X8,4.972794175386
AFHEYIB5M5MYLROKZ5IEMZSJDD2A,B097JDV3FW,4.872835868295758
AE5GU6FB5WPUSX37JGGNXLS5MNLQ,B0179A4ILK,4.812614582957843
AH4AIWIVLN43SGJGK45W4FCJB5GQ,B01MF9H516,4.697744222749634
AHBZTWSVWOVGZACP3DOO4IVRVBLQ,B0BFVMLVWB,4.627760367162292
AG7D7FLX2VNKHIEPOEAYLPKEPRDQ,B0C67HCGBR,4.923826883958616
AFUAJBFLBR2QNLGZJHPH4NXW6TTA,B07WTBV69J,4.690291128349936
AHR2T6WRBZHZQDINIP4FEKFMJLGA,B08R5GM6YB,4.791703896594506
AE5MM5FGVZCIPU5325CBSL6BL76A,B074QKLW4N,4.7708427440438035
AFEJOKVEBOJR2MZEDPCEMXEV5C5A,B013RX1IJI,4.656502202511238
AE6DSAVSFEUJXG6Y6OXSNBF2GR2A,B003YJQX1O,4.604759777418485
AFUVULLBBA42PQXUQ3OIHUJULV4A,B0BSGM6CQ9,4.608203738887759
AF6KNY5JSYLUFJB4LCANTACTXPFA,B09Z68J6P8,4.542180667455921
AHGC4VVFAHJ2CYX2C4HYRZCRJGCQ,B0179C3V7K,4.899374583582319
AG2BUODRLIQFESF7NG5QHFDK2KEQ,B004HNZZCY,4.534732521101084
AGS3RJXAVACT2S5EKGAFSWADHY7Q,B07WWK46Q9,4.004033209856622
AGN7PZXO4DA4KUC3RLI4SUSYXELQ,B0BSC983V7,3.906136478716757
AFN3OV2D5SKJPE2XHIENADGPW7YA,B0BK5CXZBT,4.6231343357177
AGTN3NRGMYAX236N4FCZV3G5A5HA,B07V2JKL3M,4.6011251839022735
AGIBAXUNJ4PSY34SL5OCL5GQLUDQ,B000CCN152,4.493452676943112
AFQGYW6TLQ7IOG475GG6WDXHPY5Q,B095XCZXNQ,4.224854145121022
AFMZRMZM6IRXS2JNBEZ5AYQMPDJA,B0002D0LCM,4.592979892529554
AFWH2ZHBRF7EKVOCO5QLDI6XWNXA,B0BQ4HSKC9,4.69411915939353
AEOZYGYVOZH56BYIKIHSZ5VLO27A,B01M9D2C5L,4.723261930710291
AEOJHU6GSSVCEZAM6FEODEONVFOQ,B0006676A0,4.135786852204091
AHOLXWCFOWHLDA64LCMFGD4J4PDQ,B01MCUYAZ1,4.854541681766055
AFZUAJ5PMJGGOVOTKPVCIMQLO4KQ,B00P0HIZXM,4.397799781741825
AGYHFN4XDNHUITNETIXMII65Y7CQ,B0C5NX9VCH,4.631101278372611
AEQJ4C6IRPWITBGZ3PVJJB6DLW3Q,B0BSR996X8,4.908897583737012
AETZB7U7X35AY44OUKBASKP6TDYA,B000BYPJ1U,4.548775188128821
AFSJBRLZNDADGSXJ7QFLIQVU576A,B0BCK6L7S5,4.437837320657457
AHV7MPSPXX63ECNBQ3XQ4QHUOHFA,B012VQ5A7S,4.666053423464663
AFKFJDNRMX5RUG6DLAY7362NOA7Q,B004XDQFJ0,4.347165087346434
AFFN67NKO4FPXSPUZYCOTZWVRWLA,B01DPCONFM,4.62176255161618
AHPKNOIDJLQBTSKV6OYC6TGDPGMQ,B0BYXVCSGG,4.166997777576161
AE3KYIL2STVS4RZEBPXGPIJWVIZQ,B09KR857F4,4.5486628254786
AHO7ZCW3BZ3GJQXQ74M6LGJNO7VA,B019NY2PKG,4.614462272460687
AHG32NYWESLOGB6OYVPRTO5BJMKQ,B06X1C3GWZ,4.056588399254429
AGNJ65DORLK5QTA3DVYWNSSUQ4XA,B06XF6NF5Y,4.712717171097874
AHJUKDLBKDLRZWZ2OFNOSAYOCTZA,B00282WZG0,3.7173232564811247
AGDUZDJQUH2MA6Q6RBVBVV7FIAIA,B083ZWDTXW,3.6259715297986865
AE47BLFQQB354YHT25DB5AK5CYBA,B07B9W2XFS,4.072765338393871
AH6NZEBZS5W7DZHLITK6B5KBHQOQ,B0C6HZHZJJ,4.418452601260901
AHJPWPHCWZ5MX2UY6CNGJUNBWP3A,B076JH5YJK,4.0671212418447595
AG6CAX2ARLBEGBRWNL2BPPOOPHLA,B08RYV2ZJP,3.4586451126336164
AGWKQRZOH2KLRB3W72ZFRMOTZRXQ,B0928HW2P4,4.764929419405093
AFUS6JTLJZK3Q62HGDKY2MUAVPHA,B07QCQ55YM,4.783909420609985
AHICPR4QVQ5FMDFSESYDMTT3BDZQ,B0BR2VHR6T,4.485177083186062
AFER5T4ZS5YH5EKB7LNOGN45ER2Q,B08P34KV3X,4.140606908003556
AHV2XUY4DXHZD7RKGPWFEU74NBNQ,B0B7C7PYVC,4.714691160750992
AHV7LCY27PDOW6O6ALGAAK3YW7OQ,B0BPKH4HB2,4.16451217397225
AFHIS6C62UGA2SKV3M37TVTMEEJQ,B005NACC6M,3.9321251771253407
AFWNIPDL72FP2UXKRYXN673BN7HA,B096K4CPC7,4.705288801503296
AFWB3VZAKJWI4UMADRMOKAQ5LNUA,B07JGCQYN8,4.416755040325679
AED4QB2WMSEKWT5RXAVNI6YHOWUA,B0BWPTCWM7,4.3144856562432805
AGXQG72Y6EIMUAUYDEY7IGJUQPMQ,B0B8FSCM9L,4.878475069707302
AHFI6EVQKDDMROI4RSVPWF2Y6ADQ,B0C3J448FC,4.059593177551924
AFCLOTB3P3EXMIQAKAZIP3KGAYQQ,B001OAGQ80,4.281726959044845
AHVI7QLSKPBIW75FEW2HYEVT6YEQ,B07QL29XXZ,4.706907942114781
AHK4KM746PZ75TTKIXKIGK5MZWPA,B01K9AMG8E,4.239639751360984
AEWMRA77SLIB4SBUM3KEETKZDQTA,B077XXXZDY,4.499004145587829
AEJLDE2NMFTUMKBOMFJSS7O5SKVA,B07NP7HF7X,4.05316202401005
AETB62XZJ5WVKESTF7USQPQWW7KQ,B076F5W8Q5,4.141355674953024
AFO6RUIVRV4PUYTGNAGY4NLYYYJQ,B0763ZF7FZ,3.7785185302806963
AEZDB22RA2Q6IVC7KQHPZQK2MHDQ,B0713R6CY5,4.852721246830705
AGAM4YMLO2I3H573MRATCQBVH64A,B002NG7DEK,4.1202765071212895
AEBBQOWNSQ63MFMGO4TTXL3SVOXA,B0B56Z5G3V,3.839873944670273
AER2QRZUIRFMMQHUKONI6X2CASSA,B00008W2LW,4.749091312756803
AHRPH3DCPDNWEDZJAP7L4UJ6USOQ,B07C4HLT8X,4.343279765431024
AFDVTLUWYDVFN6YZ372K4B3HKSDA,B015HG7F3Q,4.295078809302058
AFJBVD32IH6ZX5BNLILRZIPUJZZA,B08R5GM6YB,4.597482247134018
AFZ3C46427HBPAJPNFHWADDIBGXA,B0BKZ5N3PC,4.182572767697207
AHJTAHSOTD635R6J2KKZG6WVR3BQ,B08NVVLB16,4.808624786810598
AGHPBBUCMU72JNN57OKEFJ472UUA,B0777214NC,4.959394630484652
AHU7SOTUAYWHKXXEFAB4IPX6LJEA,B0C6H9T5T6,4.547091452877733
AEWWKKSI3XGONPAWUPUVPXAACNHQ,B015WUVA5G,4.766295119028807
AFAECBWSG2ANSNDXNRJVIEEYJ2CQ,B09V91H5XM,4.583985570890118
AFXVOM24JL7OMMEJEY7HEA7DYH3A,B08LRLRRKM,4.347090655423941
AGSQ22VXCACZVWJ4XXFTNVMEBQYQ,B07D1WM2G6,4.536042887039803
AH3ING3LIZEANVWVY3QBYYB6EMSA,B09M7P8SBH,4.696880525923049
AEQHY2FHST4SMN26QCWYA5VEWOPA,B00WJ3GS16,4.360837455054322
AG5A36LEGWKOSS6FKTBMH5QM6PHA,B09HCRTKL4,4.438802057505436
AFGQTSA5VSAM326LO6ZKAIWIFK5A,B01DE4D4LU,4.525818766970509
AHPNDZ62QLYS6OQRQ7UGZ4P36QQA,B0BBRMGRTS,4.441255233129529
AFEYB24M4HNZQQHWPJYMJ22PLNYA,B00WHLLDWO,4.5300776501480025
AHRQPFLXCGZAB57SGBOJA5JLOEKA,B08KHSBL34,3.679630125427904
AHMIJ4JOTBVZX7ERWMM72CRSEQZA,B00BNVHCYM,4.784340867732687
AFJ6BNKTPZQXGEOAIOMMCSESJS2A,B09857JRP2,4.968461551552494
AFLUYFO2OX32ABMQAGQZDRCFT4BA,B00557KN28,4.491817439024582
AFCTA7ADJVBKAOXVHUHMRZEEEE4Q,B07226MCY6,4.093974744291366
AHTNHU6RK7ECI3WRIT4KORNYQPOQ,B08BHXRGML,4.66904768016404
AHQO2Q2Z66EGYUYBELDADP4L2XEQ,B0BZKBPRVM,4.526241908030946
AESJNJSZZ7STVVZE46RTE2OFYISQ,B01LWWYCRN,4.705259466965566
AF6LC3PL7ATCSC6VQ2SX4PS2JNTA,B08RS1NGLM,4.491394285667355
AHRP6TT5VE2NFIKXCBU24SD4PRGQ,B010GPFRUQ,3.83468211475765
AG7SIPR7YPAEQ6WNUUMD7M2YUEXA,B09857JRP2,4.619898673227534
AEPT6TMOHTPA6V644QQVM5G3PJBQ,B082WVKSNG,4.9582927513885355
AFFHJNYPY6JKYNB3UHWETGBAHFUA,B0B41JFP9C,4.166750324644597
AFLZHVQKCWSLQM5I2Q2UZFHDRSBQ,B0B7Z4Z88L,4.293258194663021
AFKP7GPURJA6SIE2IQAPMQVFZYWA,B0BXT41XC6,4.937441168981781
AGC7JARZMJSMJFFKT7LQXZ6QFZ2Q,B0C2X15CPH,4.316023265211804
AFTQL5KFH752LH35SF5UALIXNSXQ,B09PWCF6T9,4.6953209258510675
AFK5JSKYDDZ5I7EZGR67F7ZW64VA,B003IJ3WIW,3.501684213992037
AFZHQXVBWWHO3F5JF2CEUCABVAHA,B00CPLODUU,4.729094957980105
AHO5LUPMSZT2ISIN24MT3W37CYHQ,B0009FUUOC,4.113356199296334
AH2F6A7VS6CDBSJA24NWYKBEWPOA,B0B9T61HDX,4.860876847373627
AE5OSZOY7GGHPWRN5V66YTEY5FMA,B0006LXW80,4.272135860063481
AEC6SU2J4YKKWPYWR23LZX6MARNQ,B0023BYDHK,4.134497687764463
AEZC3BZA4JBY4JC2EYAX36FLTMZQ,B00MCBVY2S,4.957997951423703
AH2J57YBS2WIYAEGFZGJZ7XYB7GA,B07BQ8JQZ4,4.315752907951819
AHPG3HA4SKQBIGAPE64RAQ7XQQYQ,B0776RBZF1,4.551625879987838
AHZKE7W7FCLQLRXILNZZBNW2SBSQ,B0B8P1YW7L,4.609530334800088
AEF57CDFWDBRC4QJ3RPLBAHB2JGA,B01DK40R3M,4.499228901033423
AEJD6FDFMB7DIJQER7XLWZFDNMXQ,B0BLP3WRKX,4.617527250233674
AG5XY2G6FGRKC5B46QB7DJVWBK4Q,B07KJ3TD6W,3.8839251765225797
AHLCWSDDDARN63GR24EPLCPAO6NA,B07CYRYQ8G,4.41607730119901
AGMQD2OLQTMWCPA23Q4WE6TTSKVQ,B00F20MIC6,4.194749062512215
AFALDYQX7GLWJOTNR2IEZ7EUFCBA,B01BNTYSKO,4.414764186427285
AGHZISWZBPUB2LLPQLT34LBJQWBA,B07Y6TSTS2,4.567998400552821
AE7HSNODYHJTFA44QPRBOTYATBJA,B0B3VDFKB3,4.0718997009366875
AHBV7TH4Z3WRRKXUIDAOPVUBIR4Q,B00IPHISW2,4.7065391923842625
AEZG4SHN6EDH7X2I4NPMCSN7MN7Q,B003GEBGA0,4.219858102504513
AG56XLFPO5ANKABQHXMGQB2DACMQ,B0C67HCGBR,4.823100047107089
AGMT3DM7RJH3CDMI2LSTWGOF7KNA,B004XNK7AI,4.418283214360792
AG34YJOTCJWCEA6XGG3NWWHDSQIQ,B074QGK1F5,3.911666658192099
AHFVDOBDHD55X4YG64AXNIVLJAJA,B09VBWXMBC,4.574311843187338
AEGMDORZJ7HGMQNUKQVFCLHXIE2A,B017NT392Q,4.092339892875455
AHT5LYU53R5RY6DIEZYSG27SJ3PQ,B07DSY3GGH,4.465725142688044
AFKMX6JZ655VPVYHBTATZQS4IBOQ,B0B3CYX8N9,4.498444112605976
AHYCLVA25UCDXZWWVHAD3JWBA52Q,B00VK4YXF8,3.720838836584561
AECTWJ6K5LCAIIW6HQW5YJRKGMSA,B08SB7FY7P,4.513980130126292
AEHBB2XPFWP2KFLNNWJGV5QZFOHA,B09616T2BL,4.4087024988232
AH5ORMMLXAON6NCWWCAZTZZVZRGQ,B079G694KL,4.661679282424745
AEHMXLUUSBFY74Y4VH6O2SNPSXVA,B0BK9Y7NCC,4.560133048066913
AGX5IZ5OO65C7AHLP67KZAZ3F6GA,B00UZY2YQE,3.7086370754658677
AHF6DQZL6IPVSACVH44QPVXOPZAA,B095XCZXNQ,4.587505344414009
AE4PRPPY6FJU4EUMDIVESE4SFYCA,B0BK9YKQFR,3.1554023310928248
AGILX5KKY2LVWR72IKBQRYAIJCRA,B07DDJ8N3M,4.334036571947665
AGPXR7X4MR7MLO5ZZ4TTT3ER4BXQ,B09GVP7N5Y,4.524994234717954
AFGDL6B7XAOXCKQCPE3VIKORLA7A,B00IXPXEN4,4.928976623957186
AGIGTISGZA4LRJ34FG3FZSLXFS3Q,B0B59363YK,4.9341648353179375
AFSJBRLZNDADGSXJ7QFLIQVU576A,B007VOGU8O,4.2020344437998425
AEZVMCJMXA4ZJWUTFHQCLZIQO3LA,B00F3D9ZQE,3.317884305364259
AG3XMZGR2PAJAAHNRN3QZJUMHEXA,B00N4ZHQ14,4.742915372020331
AG7SZ44BL2TGI5OGPXTHWYRXMIOA,B07X7HW32M,4.588957138475958
AF62FR3Y4HMPLGE3OTB3GMDKRW7A,B079GW2PNY,4.399058844037798
AGK53XQORMWLVMAMB6WLQFTQDJSA,B00RVE9X06,4.805699776514334
AEYVYMQW7JWQWYLWLCI7ZXFCLIIA,B09857JRP2,4.908946111701369
AFPIRSAROIQJGPSBTYYFZ6LCFSDQ,B000EEHP78,4.0664029125101715
AELGLFMUZF6XHXTBNOCRFOWP6DIQ,B01LZBHHC2,4.254947423857716
AE7EVXVTRZV7QON23BTOMC7L7W3A,B000RNB720,4.793052433803276
AEO4O2TQI2LKLRC47RZZRPVUEXLQ,B00378GEAM,4.249103475561871
AGHY2ZA2YQFVD2NG6OROP3AAIYAA,B01AMQYS3Q,4.039420459384339
AGHTHSP5N2CZB2SMRT7JXTTNIDRA,B00YJ5C46K,4.709599372122088
AGFUJJJTJMQXQT2PGDBAJE6DIPQA,B0CBSSQ6RC,4.553012881341764
AHBMTFEMUPPC7CM2Y5BZM4WQFUHA,B005FIFM14,4.952707394350761
AGDZBOHI5WXKABQJS4HMIEDWAVHQ,B07YYZY148,4.286056088826867
AFJJYEJZACV5G2MCS3RBGDJ4AC2Q,B07R3S93K8,4.71068425856413
AF76RS5R5QLSFXIOOD2SLCHYB4DQ,B0002E1UEO,4.8181925816107
AG6XTTBGDOTVNHT22X76U27Y34VQ,B08KRFGST9,4.569725448202451
AFYSLU4BTTUCFRDL7GSN64Y2XOKA,B00006I51S,3.692683496432476
AEHDYSX54B3NYUIIEIHEGHIGJNMQ,B00ZTRVA80,4.719700952125327
AEV4B2IL77KB6DZHMSAWCXYBJDKQ,B0BN8QN32K,4.607961094460734
AGBR6PZW32IC3DKHJRFUOOOFLINA,B01K1EJQ9U,4.000825834216015
AGZPN4A5HMCS3LSMETBT5IOSVQQA,B07FL9G2J2,4.650400723005053
AHVJ7UVESCIEXJDPRIYMIIBQEM6A,B01K1EJQ9U,4.651299186688636
AH4ELMHTLOKAN7TQWQY4C55HWCKQ,B0BFKQ9QXD,4.621926042914754
AGDHWM2D3GOHKSVBRYUD7VLPTTOQ,B0CBK1WSMR,3.9005712724585884
AEJD6FDFMB7DIJQER7XLWZFDNMXQ,B00WUMGDZC,4.205279008259292
AG6BIRUHFL3WJNN2ZEBGGVPMSRTQ,B088WMVDZB,4.324712575784395
AHPJUTQ3YBWZYP3HHH5EN6ZKHQQA,B00FBRUSAE,4.5682486751495235
AGW7ZRW7XXPS36TJIALXQ32TCM4A,B000RNB720,4.79825219288555
AHLT5ZI2KDKZPDKOHWZNHNQMDFYA,B08M5GP4R4,4.012895422658196
AEYVPPWR4CIKWX4BGYKCBCDL2CZQ,B07DWM2XSS,3.98463547287361
AHEILSHIJWNRC55HWDWLFHGGBXGA,B07L5B64RG,4.115622709422397
AHGNZ5ROTYE6R5MXH4MW2MAXMFWQ,B07X624YB5,4.940779046881349
AFMMJAAETXOAM3FMIQHUXVX3ZWHA,B0BHSG5C3G,4.808650711943277
AGZ3EEUWPVVLQX5LMBBYHNKNBSNQ,B0BR2VNH4X,4.866585143850837
AF6D54BW67RAYIS57D56S4WBEQZQ,B00LTDOL02,4.3180202683908435
AF33OYOQ5AYCFNGO366EGRKJQ46A,B0BHSG5C3G,4.245629298166517
AHSSHPP7VQRWVDRV2SX3DGX5MELA,B019NY2PKG,4.435690626755386
AG5L3GD7NG2YX7SU6PPFZ6QRTVPA,B0817CVBLV,4.967815751352998
AFQZL7EVDH43BBKNITQYGGDMWEYQ,B003VYBD58,4.2775357934418246
AF7IW7GVLVT5TDXUX62HTHR2VCFQ,B0080HYFTM,4.6225129998609775
AGSQKU4Q2KI6P3UWL4W54U7JTCOQ,B0753PSL2D,4.432079496767581
AGMHEZ7SN2RNVJCMIHIRRSKLQ2AA,B00BVH7C66,4.384000690933127
AHNUJ3HAVDKMXMIARLFQJS62VKTQ,B00CPLODUU,4.707195251406883
AGGR6BAOXEUYRBR37SXH3OS73V4Q,B004GTED7C,4.425882915191413
AEOGM6IKVQXQUUMQSLR2DCLDFFUA,B0B14LN9H9,4.3086988562764725
AEAX2B23TVTFR32NCTVKUVXTRH3Q,B0085545YO,4.657094618574477
AEQP2AGR3VBXEL62GSEHN77AI5FQ,B012VQ5A7S,4.576042782795938
AFWQ5JUXYJJQDJNYLVVOQDDW2C7A,B07BSQ44T2,4.38167711420938
AEZL252UNZT5P6JOVHEI5YUQQZWA,B00F9SWK9M,4.412198773484867
AGWD6ZH66GXJDVRNQEGY77HOYEJQ,B09JJ784V5,4.60359861458409
AHOLXWCFOWHLDA64LCMFGD4J4PDQ,B093YKR8NH,4.522568251932083
AEQKSNITTVTBWAO4DF2QX4AEEGFQ,B08JMQR2JK,4.591845486395422
AERJUD4NREPMW7VM26CSV32KJZJQ,B00VOQQDHI,4.754818654274374
AGH6SW7MNE4SSGACMJTHYLIKLIFA,B00AHEW7W8,4.201317205521656
AEDGH4ZJ4WGGFP2OACMNEFL6XK7A,B07MTS57P4,4.588241230457008
AHK627Y42PZ5QCH3KLFPDILDERAQ,B01LVXOO61,4.6360735026994275
AELQZABAMLATSSMW2HZ7UVHP4NUQ,B09X2WHS7H,4.890836916241164
AGKTPA4K3NKKVKX3RHSW7ZBLZEXA,B07MMJX9T7,4.62835754934575
AG3P3IEYHP4X3XSJF2O5POYE3JOA,B0BR2PXCBW,4.578558859823578
AGNTBJ7AAPSMV3O5F7THNJRKGM4A,B0C5LYJXLR,4.441763034277027
AHWPWNFLXL7W4KGXBI7CLXNK7REQ,B0BSGM6CQ9,4.730666242519277
AENNPX2DQMPLJ3MXV55ICO2JVFEQ,B0BT84L827,4.953952892697905
AHJTJWGYGHVERCNQ6D74ARPC3QUA,B072WPD8MY,4.862123735764921
AGSATHGY2JEFLGFJCRVLS7P2ZAZQ,B0BG3QZCJN,4.412169081483321
AHREJSWTG7ZCOIR5UQGH64VFN7LA,B0B7Z4Z88L,4.620016637978778
AFNTZARWHIT27SDRJ6W7K5L6PJHQ,B01MXOLC2U,4.1481231748711895
AGP2NR66453AJZJAYKZGSMONZ4KQ,B08R5GM6YB,4.175374043495467
AH3HK4DWLRUQGGMDARSGQUCFH5SQ,B093YGS1F1,4.276664444146026
AGQRZRABGRFROFNJTQZMDDCTYEGA,B00P0HNZIM,4.951468819430159
AEHDGDGGA3LRDSWZFJMT3WMH44YA,B00KBMLAV0,4.672691358768337
AEHKE5RUMRAGDMP46FET5XXO764Q,B0B7C7PYVC,4.600252633181177
AEALTR3WRLHHAJKW2AHUSVXM4HBQ,B0876XPKF2,4.791209752885393
AE2UV6XH56H44OZBF3FY3IBS37TA,B0BRSK33BC,4.882415152871065
AGJMEVYSO7X5NK2AJQE3EJ4WXA5Q,B00JL5I61A,4.737558716685845
AHHJ6TAJ2A5C2ERCASYIVDZ2MPLQ,B07DLWYV8D,4.6086336029321595
AF7IKYKBWRTMMRKSY6EX6XUVROSQ,B00X8MTF8A,4.875824013983848
AEIDDQKJTJKBLHHGL2PLHQJ3MBFA,B00CPLODUU,4.649407633781191
AEH3ZU2NCEOSSG5U6A7E2IUAXTSA,B001ELVCDS,3.448019489625212
AFNNEAHKPJUUZYP7P4OQLYZRNBGA,B00N5THDR6,3.9577355148371303
AF4VYLI2QY2N7S65KZHMIET7OGOQ,B0BZ5QTMKT,3.6877213237013193
AHLFJCO3SENFEDTOXOS5VC3GKSXA,B072B9LFT6,4.003502580497698
AEUXDHRV2CR5QPISL7NDDA53633Q,B0BKZ3CWFB,4.687866665236384
AFNG6UYRKINSI3XFGEQQCUEM4TIQ,B07DLVDV7P,4.597894869054709
AFFEU3PAMNMMVAU4GIR5C6ZTWEUA,B098HKC55W,4.318362212967344
AFROGD4V43PJTAAXM7VM65I7MSNQ,B07CYRYQ8G,4.736457238115723
AG55KFZWEFWIAKRCFI26DSGFWWIA,B01N7H2MC9,4.437920460003927
AGP4UN72BALWFNKE3HRVAD4QJPHA,B08D3FJ89Z,4.602158173253545
AE6R5VSHXSCOZJBEJY7BCRM7A6OQ,B00USQY0CK,4.7934196583532405
AG6FEJBYZG6XENCU4HMJDCA6JDEQ,B01KZ2FNC2,4.71105613450085
AHCMBNTJJSO5GFOY237MCSUWF6EA,B0938Z4GL9,4.88367091511744
AE4JPPM4YPZ4EONHBXME6VWPVS2Q,B09B23G7CV,4.520713661145734
AH6SYHVVXBIGMJ64CYW5WAMWBN4Q,B00CRQWMYM,4.740656563670668
AFBHHG3G72P27CDV2NYZZNOPY3FA,B0002II7H8,4.839908480221729
AG54UZUGNVHJ6PMWR2UNOLT6JBUA,B079P9LDHN,4.506088769754165
AEM3GBSGBAZAIXMLJPZWLTGZLKUQ,B09RJZSQML,4.464852179594312
AHIPKIT25JKKXMUL332SVAWYAKBA,B000RVWY42,4.643770881725636
AEWVY5ZRJMTOERFYDSSK7DLIHB4Q,B00LIW74US,4.21653965561509
AHWDSJPG6MXWPQ7QHW6ULI2TON5Q,B07T2JQQWL,4.038242309381471
AGOLHEMWGJZDPJH5VEDE4BAX2Q5Q,B082NLXYBL,4.9689311667253655
AF727T5FSA22URRDLEXAXCN3WANA,B0002OOMWQ,4.569843751908972
AFAENYGNEYSKTWHB4TJS4LOWEOEA,B0B2LSX437,4.793382725308072
AH2KNTQFU4DWMQIMTDLFSMRQHRYA,B0919HG8S7,4.247754936975242
AGNPLC45E6ZHOAPYIFBXMWN7D4WQ,B00NKD1PUI,4.665020032874853
AGYTZHAQIH35F5453PC7TJPJANTQ,B088FKR9DL,4.840645856960308
AENIOTT3B3SCW5FULPGUQVXIQNTA,B0006IQNES,4.3225240605201325
AHQ542HBGYLNPQF4RI6RO6QOURUQ,B01LQWRGQG,4.845261651857018
AEMISRDYQCHSNOXKV6TQ67X2TIOA,B07D4SR8GZ,4.481843204877159
AGH6OS2UAGJBXXQTRSAFZMYNZQBA,B0741SXP2K,4.912961285091072
AGG27DPSZPNB4PJCYVJQAHYAFUUQ,B07DWVGJFJ,3.915025444182854
AFRXHIJEZEIJ2RR27QFNY5ZUXUZA,B00JER27MO,4.436362506908057
AEFMUJVOH4TJSOXWZS2TEJXEGMKA,B0002GH8X4,4.604112590059454
AH4SBH5P2GRF3ATR6ZFDDWJVOAUQ,B07MZVLGK2,4.168340912924286
AHAVMJ7OKLRLFKHUSZEZQHPQCHWQ,B0064RGVH4,4.700540520162467
AG6DCMMH6QAKQBX5R32MBRHYPEUA,B073PXWMJ5,4.561308183253539
AF3TDYWL7K5SP5QCBPPUDK5U3N3Q,B07MBRKNJY,4.589049010441633
AHDSPCS2KLFJZYAWCB33VTXCBUWQ,B00ADHKKZK,4.543440989910013
AGJGLCZKE5735HGK27G2B7QZB5UA,B07N5J7CVC,4.625718582227278
AHZCAF6J3GPLENOR4J3QDYROIORQ,B07593G916,4.169026108113832
AHJSTQD24P73OAMTTNU3PSKTIVFQ,B07MFYHKLH,4.733925056626965
AH62HWTT7MJCJM7V2B5LS2VTQBRQ,B00BSUHNWY,4.400161205070356
AENFQD5EQBOPKB6TB7AOAD5QQCOA,B07ZW1GBVT,4.083191447976838
AESSUWJ57ZQ6VRMWJYR53UJT2H6A,B001CWWNPK,4.848720488442733
AFUH5PW5JCRI3ZK5T7YOVH2L2PJQ,B094DT5HKF,4.694687990229827
AFC47CMQFYQHAJCVJDTX66O5UMXQ,B00I9FL3OA,4.3512898883201805
AGVXCUZHUPKIIGZ4E6A65YW2VQ5A,B01ID5PSQE,3.7543923140848725
AECYVZ2FQMWVZ2OCKJH4DD3MKRSQ,B0BPLFP5P6,3.796783036105871
AHDJXLYTHRFPB4SM2MPEPKKFZXTA,B0150ZL6ZC,3.9099793356737464
AH2KNTQFU4DWMQIMTDLFSMRQHRYA,B004L66AM6,4.45255741028106
AHUUUJHGOH3CGI2ZIESN73P236DA,B002PAY3WY,4.065848029583693
AFM6772ZVF5RAG2G6FNSDPTPPA6A,B00724ZD40,4.106071993704372
AGYIZFZNV2I7BED4TZPYYES2WSVQ,B0C5LYJXLR,4.378117343680696
AEDZCUIOKFTDVAQVJHQ5P2TU764Q,B09NYGRGZG,4.7584017694097875
AEVK2LOLAR5L6ASVKZ5JCIZFUFEA,B00UN8PH4I,4.579034952573283
AE6F6FUF2XLO7544DKKS3PJQCSPA,B09R3KNKKG,4.268184443508175
AEPSSRGHHNMBSJ7ZAU4YQFX6HTTA,B08B9H12NJ,4.754334697534747
AEN3VO4XP37YOHDZPO7LBPDMZV7A,B00NS76420,4.798332102954707
AGXFCJEB7DMPI4TWBCCG5SRU4NHQ,B075YF8VTV,3.7953639325185162
AHTRLPO6Q7FNLBNB5SQSDPLC6I3A,B00LOAASPC,4.851947757954907
AFJKBA2YPHYNG6RCLWEHU7SPHP3A,B0B7C7PYVC,4.331643270004057
AGACR42ZBWUG3LEZXWPINXEI632A,B0C3LH1GK8,4.55951547357478
AH6PPA7VXXYIJGZQTWTNJKWNT7HA,B08CSQNMN5,4.663850156914582
AEDJWFGRV2TQQ4MBPEW2HWXBIJQQ,B09LS8JNPL,4.215289767905012
AEZJ4NN57GXPSGHZSRLJQBI7VIEA,B01K9COJZK,4.688618531584553
AHGTJA2GQU4VEMRCUSHCWG6KBVRQ,B07KDSZ2TJ,4.905224916558995
AHPVEYNYRWIWUR6ALVV6SXWJHTPA,B0BG4BZC5L,4.510561732121289
AFUXMV3TZHUGSHBTAVORFUPWPCMQ,B08PMZQXN3,4.7128775601047215
AFBIB5XMB27ZIUM3YDTESOKSLLQA,B0002D0CEO,4.443292223590103
AEL3H73S6LPVYZMX4XNIJKLAN5LQ,B09WF82F1V,4.2480813697543764
AHXPXPEVFEHR4IDBFODOUJ655RCQ,B08H7VTXWK,4.940696505653776
AF4VAHTAJUP5UY6BOZG623H7KOEA,B005N2RGJ8,4.073971411062622
AHTLRQ7HCERAHBTOD4QGJ4CE6WUA,B086543FTN,4.306138632642107
AE57MRF2R2ALCC6H5WQLFKT7KSSA,B01MDTKJL6,4.818972913658672
AHVHBTIWRGYVFBVNVV7SSK2W2RYA,B07KJCRYN8,4.27776757747115
AHAQCRGX5LDTNECMI7QBBDW2PNPA,B0BMLK658H,3.879893472559966
AFCX4S7V3JE5PYVC35ODD2QFQDMQ,B0107BCV1M,4.7525105403844305
AF3MFUM3LYI3NJ6CIDOP55YQUFTQ,B0BCXKFMKD,4.219464515061481
AFXJQJSOXXAJPJZWDUOFGVMMODDA,B01N4OMRVG,3.956413962023428
AEH3PVS3ATD4V36TYF4TQWHSQYBQ,B0B8LK7MTH,4.58896055648144
AEJCALFWLC5EMGDUDBO56UBJM5KQ,B00LA10IUU,4.029048131062509
AHO5IPKZNXFFG2LYSCTINORZG7EQ,B0BX8HZ5RH,4.192168440271545
AFUW5HBGLM3ZZIBCPECGAZJM7TZA,B0B863M78X,4.328591640752522
AGOE4EACWAS5GX6JQJA64IL2GOJQ,B09WN62986,4.230459980632255
AEGXBV24JARO5YODOIXVJHUSAMLA,B00FFVKM2U,4.533844243637382
AHFI6EVQKDDMROI4RSVPWF2Y6ADQ,B07CBNBTDX,4.125740407392618
AE7MQDANIJHUB4ZJAEAS4VW5H2BQ,B09PRKZ6FN,4.882044203211766
AENI7OCA44OPD5AYJKLT4GGVJ42Q,B00HZZ60T8,4.4496277820093715
AGGBMOAWS3H67EXZE3HLYZELWTHA,B0035FZMYG,4.372868840776456
AFVESKR5OLU4YPHQ7IOZEX4NMTZA,B09Y1X5BSC,4.960576904173975
AFO24CAUCZQKEVDR6FMRJHOLEE5A,B0BPLFP5P6,4.397849847206779
AGY53AAWLQK5O77H2YKXCURQHNTQ,B01AKRA4PS,4.6487477282339755
AHCJBJK676NVLJIT2ZVJGTUHYFUA,B07B9W25ZK,4.30235304446997
AFSZFCI46YYKGFOLMIC2HVK3GEBA,B0007ZCHKE,4.727262693179989
AH6HRKTAVOLZCRLMSUZZXGG433XQ,B01LF4CK16,4.854850904567243
AFOLVUCMQX2AWNFNL2MXNJREMRTQ,B00CGFRJ2Y,4.440245777821112
AEUXBWFT5BBSRCEMCENVYKF6FBJA,B08DM9NFLH,4.834571400384509
AHUPJSMPURGM4QXXHW7VZLHZHITQ,B01N5KND14,4.136267130124611
AGN77Y4XMITXHDOOVYTIS5ARTU2Q,B07N1RPV4J,4.378570821139082
AHVGICSVXM66E4SXX23PH7R3Q74Q,B076BMTW9P,4.554750058795097
AGNCRXC7PNYQJW335W7D4KFZMGHA,B09M7F7LFB,4.82453151555831
AEPECTTZL5ZGQFXORB7SEIZPI2VA,B01LF4D8M6,4.61039331614332
AHYLUUYP3BCGFDZI3WDZCTBJOTGQ,B0B7J6G482,4.498831976739488
AEPHL5DLBHV6ODQFGHNFGTF4ICRQ,B0B962GTW6,4.470704126951561
AHUXXNY2JWBI6E5TXSK6TABTFZFA,B003Y569DA,3.611183716949452
AG3ONVHLOS2J6G74JMYOUZUCO3HQ,B09RJZSQML,4.85486864812039
AFJOM3QSBWP235SSF2LLJILM7IYQ,B08LRFCDTK,4.823282425962586
AGPA33SKOCJTWTGFFT57MKFWHOJQ,B001FSZR4U,4.405530785948932
AEUCUEBGAFLLTG6WQAJ5ZLEAPP4A,B00ZA3FXEU,4.660889157699793
AFAECBWSG2ANSNDXNRJVIEEYJ2CQ,B078KTV8L4,4.437130291442171
AGSEJS735DIWWMUNQZ5U5SBVBFRQ,B0BXX1RRNT,4.970136872890447
AGSS2AHFN2Q453OGXRQCWBAWMFSA,B06VWY2VGQ,4.827357083355641
AHCDQKCODVZFMU37AXNWP4ZO5DWA,B01N5QPY11,4.59998488500927
AF7Y5TEAHQVUWVVRC546CEUAEV3A,B079TLFL33,4.342857066524953
AGCLZ35MK2SSUC45HURQPQSA3H4Q,B0928FMP3T,4.13395303424688
AHIPYFGEXWYKTWY4AQRE64CYHYJA,B07ND5PQTP,4.58028765812202
AHH3LW4BOPFAI6XNV72G5X4V37GQ,B00MB5F33Q,3.4740994398189655
AF5KJIMQXNEY7M5U5YM43QPCO4PA,B07CBT4SYD,4.96806716534567
AHFJ7EQIZZ63YU7QCPV2G3YRUXVQ,B003AQ1X7A,4.318918701633596
AHZDPIFULOIQLQQL2OCN75SJ6DDA,B075FW24C5,4.585898567022813
AFF337BUMTSPVALCH5ANDUFQBMOA,B0919BN3QJ,4.5523854228662195
AHYZYJHCUREP7YXJBMOKBX3XGGXA,B09XT7G5D9,4.379134964809465
AHSHT3LCIEZ4A7BANW7CH4VZZ7IA,B000M23OQ8,4.461290051027454
AENNORCDOTT2KFT5WUIK7PJ2EXOA,B0BCK6L7S5,4.033810035287053
AFJSSKOR2YN7U3ZPEMD6LMDR27YA,B001E95KEC,4.102656481287595
AEITDL63LVSM7VYKAZ3Z5DXM7ZOQ,B0B5DW6F95,4.673798042952682
AEG6NGV3ZYGSVEXM3UPPTB3EJ5IA,B0BPNMSDGB,4.9559041875130525
AFH6AUO7HH5PMJBRBQGQQKDV5HLQ,B0C2XTZ1FG,4.6651337750053585
AGYKIAGDM4VSGMIOYEO53W32U4TQ,B09397FWYW,4.948503924233074
AE5XF7B3YXXLCP2TIYR3A5WXZR6Q,B07BW2JNNL,4.445681284622943
AHO22GV5T3DVTJFKC3KZEH44LBKQ,B081P1SQGG,4.038648524747668
AHUTJQWZUJEBOJOFMRJ34TKWOO7Q,B0002H0KG0,4.632112316031297
AFNIJGBQBLX3YMZ55X7HXJODEW3A,B0BR2N43GC,4.853761985338597
AG5QJWMXSGR6QK7CTCJKXRD7OSOQ,B007MY5BII,3.387995854798105
AFTEWUV2FV7AEPP34WF522DN6ZHQ,B00RMCTTLA,4.96473956013366
AEZL6LMUCBRQXIMXHRDKTS3BDT4A,B00USQY0CK,4.7937378329779
AG47VD7CFGFF3JTPR2TJ77E7YFWQ,B08CMHD5HG,4.754649477947164
AE4CZOBNIA2JBHSCGWURXDSFXFFA,B07CRK35NG,4.174040398132385
AGTN3NRGMYAX236N4FCZV3G5A5HA,B09CH8SDPD,4.528195317757995
AHTZI4VQW2QEL7SIMD76QED2FZBQ,B08FDBCYHL,3.8878451672368506
AG5G6CFL2C6KFLMBAEZRTQGHRGJQ,B00OYUSHJS,3.917240067910702
AHHLI3DUBKFOJVM67KO5MCJYB2CQ,B07GFH8NTB,4.956779141048173
AGOI33LLDPZDPGEEZ7YYC3YHZXJQ,B07DWLYGKH,4.493112218176141
AG5ZHK6XUYHCHSDTU7ZTNQ4T3BHA,B0BCXL2V52,4.6991087186576275
AE3C65KC5Z5EFPTLXUVX3USBCJ6A,B08ZS312RW,4.59137256180534
AG2PXLWDUI2UYFBTYP6HVWRPGHBA,B0BLS86TMC,3.6983780853843293
AG5SV4UPCDKZAVM2SOW6CSWR4EKA,B09QDL744G,4.540084966318502
AH3GHCF4DAUITRH54A2PYKITUUUA,B0C79QRDQV,4.9523105702719095
AE7DH2WBBBVXYONNKZB44RWHPFHQ,B08R5GM6YB,4.44157907266226
AE7I55SG6HP2PAJJM43P6SCUGZHQ,B0007OGTGS,4.381860954500802
AEYCKX4UG7JTHM6IEAXSCDFIMS7A,B016P20UC4,4.666350969134786
AGGRPYA34S7CHDII6NQWKUXV2HCQ,B07CQMWWLV,4.374873228327975
AHY32JW7XO24ION2N7XRFFTEPDZQ,B00WJ3HL5I,3.985567518796282
AEIRJK6XP4IQL6LQRYY3MB4ACPZA,B09B15BDHS,4.86552143641192
AFQOBDTUZ6K577Z5JII45DAEE3QA,B00NPAMDQ6,4.293462534320856
AFRUEAFOS7NHZ6FXCVPJZS2N3W2Q,B07TMJX85D,4.348910664610311
AFRHNWS4YBZWFQ4NKQR3Y3Q6KRPQ,B08NVVLB16,4.144660228509078
AGD25H7BIT2JUXSIOPYCYB23J3ZQ,B0BKZ49HY7,4.056005391911235
AFGRXXJJJICG4TODNZ76JDIREHMQ,B07MM2MB36,4.4418774779607375
AHPT5VH6DDMZ53ZIQLHI43IKWD5Q,B0BZ1J3BW3,4.112013495373243
AHWHUI3ITEZ6AZCCNNS2J3NJ3V7Q,B07795XHLH,4.439371231636765
AE2OU3FDXOGNHVIXGRKRHY6YTMMQ,B0BJZZFSN9,4.412049439847016
AH7LMWVUNU47H2UGVA5YL54LYT2Q,B07C9YCY5J,4.04659762671638
AGEKFUJBRKMYZNGEQKXRLT7BZHYQ,B01M9GJC5V,3.9913732427665614
AHEWHPQAQCJLSMYNCMCO6BE3Z35A,B00AKHACKQ,4.728585255293392
AFHNY4XQJCFWMJVHGKHLM2HWRCEQ,B0BRQ9TQSV,4.745235067785813
AHUGRXKGM5SXNLCLDPVM2ORW2ETA,B015JTEBN8,4.704314688579236
AHCIO4Y7MASS5GHGAZNOPPTXFTVA,B0BXZFS2QH,4.426353497373621
AGSAX2LKQSD72DSW2L6SCMD4EP3Q,B01DXVB4RU,4.333533088690391
AG25IEYUMS6V4XO2X4GUWVSPELOA,B01KDK4Y0S,4.275284019070052
AGGA75GROPWR6Q5SURTTHTERSIEA,B00EB11ZN0,4.084260799953661
AGSWTRJPZ7AVS2C33JGND5BQ6SMQ,B00JA8QD40,3.216675992110425
AG5UDX7F74B3F3C3HLXUYZ7DLHSA,B000BBRZ3S,4.037179451637113
AGAYXXFHOG2JKZIOECPCKEXXFFHA,B000VBH2IG,4.356626381436171
AGWSL6RCSUEPR5RGTVMO5HERQUEA,B0C3J448FC,3.9781209561188375
AGGZLLBDARIQDZYZVKDHFNQHMHBA,B00A2H0F06,4.333098005276709
AH7EHJZ7VFDDVGAKECCTD2LE37ZA,B0BKZ6M28F,4.807486370551513
AHSZTRTGI7PXRM6A7BAKGDAM4UEA,B001E95KEC,4.723073436464054
AG7XGCZBVPKOESEH36KTS5EB2HTQ,B01N41SI41,4.513351083036291
AGPGFAWEV6DMUQTM4O75474IQW6A,B0BXBG7VRD,4.750991984035579
AFWDUPX3IRJ2Q7EG4XASQCFVKD2A,B017DNZKZ6,4.085584179859631
AFVDGBU4XGTVU5SSHTGT7WZ6TAIA,B0B9XK9WV6,4.679414444218904
AGXC6I5KLD55XTKY3MVT36GEXOYQ,B0BG95DG2H,4.762390091041404
AH4X7UMPWHH3CEEXAEV5IRPYLWEA,B001OIDXVU,3.8556555882795216
AHS2IURF4TMP7GGTLVQA2IITYLWQ,B0BFRR25MY,4.122396389839784
AEBGYELMA4BKQPPWGIREPQXDLGQA,B073RBWJM5,4.779605979736873
AH3LWB7J5AISEPHX56QBZGAF7RCA,B01DE4DTAG,4.452957221108783
AFF6DVV7X33O2CGVMEZHESC4XWLA,B07HYSYXTT,4.556781239888758
AF677ONY3CIUZSPX65QTI7AWREWQ,B0BK9ZT28X,4.979257436984692
AESPIYN2KPFNMATAZNRXTGG2RTUQ,B01HCHDOTM,4.349590045333087
AHSOKJ6LW3KSZSLP2ZTGJI5KP24Q,B0BLGC3C1W,4.4484369935977774
AH7EHJZ7VFDDVGAKECCTD2LE37ZA,B0BKZ3GCGR,4.770664224455676
AHX2MR6NLBEPURAZZUYFARJVHSEA,B09TRX519R,4.949839960007945
AEOJU3MJ5EJDUXV6N2OJJCIIT3JA,B002AT4UJQ,4.626645359175918
AFCXY64SNU4ZEGUUPYB47GTK6EKA,B0B2D98XV8,4.547137347189241
AFIJ75JQSAJKRL6RFKMSLPMHA5AA,B00NL2XSD0,4.484439707259483
AEKWBJWW7BOYFKFPF6JA4GTM45ZA,B01AH3RSAO,4.337422440097142
AGWYFSFSBGELWEVIJSTNQFP5QOZQ,B0B9XPLGMD,4.972533339056231
AE23WLBRYKEC67DM43M6E2MF7GPQ,B07JL1KFT3,4.525451798214593
AGKHNAF7EW4PWLMY7ADZ4RD2QHVQ,B004XNK7AI,4.880440287696284
AEZ2WBDBIEQYG462G2YONYBGZVZQ,B09YDBKT7M,4.818714058400134
AGXWBFBAKLMJWMQIC25BQF3IU7TQ,B0B23JC8PD,3.8569945599118607
AFN7RMFT2BS6WD3R2E7GRHL36BXA,B0BL38ZMVZ,4.896750208982176
AGUQUN4TIWP46MPNHP5QOPOPRFPA,B00RYESS7M,4.342770611228009
AFJUEJD4K6TCPOMWLOYABXHG6JLA,B09ZSKK72G,4.553100392723682
AEMT6J7LNK3BZYPCMUHZQJ2IN5PQ,B0B7QWDRKW,4.328135883819642
AFUENSIC7Y26UOKSUU2E746FZ7LA,B07MJJ281Z,4.754509146597605
AFP4F2GUVJSNPRNCQA7DFDJRPV4A,B011N2VC64,4.611511522329616
AEZRHGN3PPKROE7XAYOIA6PDJUOA,B0BTC9YJ2W,4.595231143685533
AHHOIY2ECN3U5FBXUEG3ZIQ44MXA,B00N4ZHQ14,4.379733508972353
AGIJG2YRPFZJAF4QR2XMXAQ6BSFQ,B07C9YCY5J,4.655711931023479
AEJNAAJJQTE2G5BRC3G6EE4WTW3A,B0741MZ579,4.365076625603941
AHRPODCFJ7UNWQKCLLBKN6BQIN7A,B006QUGBVK,4.4324119156563055
AEYO67OSVKLYD2D3AG5HNEA7IMVA,B07NDJ1HSG,4.845145149327134
AEZ2WBDBIEQYG462G2YONYBGZVZQ,B00CK2DM7Y,4.136416455351994
AEOJU3MJ5EJDUXV6N2OJJCIIT3JA,B0C67HCGBR,4.951972668210318
AEAXAJACFMXIAAH4WOHRMXPSZWFA,B00DUKP37C,4.6520593864476725
AH6PFPNL6Y7ZGHCKZIIFPCITYN7A,B0BLLKKFR8,4.618493721441337
AERO2X3UKXVIUEF26U5PKLV4OQAQ,B0061OPQK8,4.688721132756682
AFDM2QBXR6TIAHRT4FMXXWHKIEBA,B0BQ4HSKC9,4.263149479440476
AHVJETUIVOX67X5KWFJE6WSD2VNQ,B07DM15V6P,4.811131363235518
AGHGVYWM42DGOOTZAAZ2TCBOWQKA,B07R3S93K8,4.146731663406918
AFY5TUCEFE3ANITHUXSRWTZ53UWQ,B07624MRT1,4.83066748764924
AG6ANM7XF22BQPWJZZI5TGVZ2BJQ,B07JCW1KGG,4.5829046756962315
AFAQZYGOFDSTN3VL4ZBOEF5NJYHA,B01DN7OC00,4.7853461011207985
AFSBFTCD4LW6WSHA3C3FMQVLNTIA,B00OQ3APKC,4.527445197403335
AEXA7NTPDY2UXZRU24M53A25SERA,B0BHSG5C3G,4.662193250062443
AEE3F2XA7I3WFVWAV2VZI2YLLELA,B0064RTS0G,4.914677021980136
AFBCN2VOZS4B64F7FKKWDK23WJ5A,B009CPFPFO,4.236557208848698
AHZCMDWRRLNVO4S7S55JDJQVLUVQ,B07281RLMX,4.395081271324812
AGCI4677JEAQIMY2DOT3Z2FVHI3A,B083BJKJ3G,4.375354661982221
AEAJFQMXRKKLUVQ3CKLPOMYPM7MA,B06XFMN8DC,4.724568425696372
AFVWG3A6UGWJZTL53HR4N32I2OYQ,B0BMDK2JC3,4.954873553043093
AFYM5NNIBINVTHU35YTWZOLBA5KQ,B07T2BVDZ3,4.115006085593271
AHVYUR3K3RKLXCE2BJHRA6DJ4QPQ,B00F1WLBTG,4.782815746830706
AEVPSBSO2FUNFP4I6GMZMM5WFC5Q,B00WHLLDWO,4.573974962078232
AHT4FUHPQHJVD4LCQVE4UYOUOCNQ,B00OC1LP6G,4.282665527062978
AEE6WOMUFCVC3VLRTLORF2IGICCQ,B0C159Y982,4.646274456990667
AEFWP7QQF5X4YDRF3U4LAXUO6PFA,B07D5W5X3Z,4.929827100582955
AGENT7K7THM6Q5VKHKH2PUACREHQ,B01M0IQ5QI,4.312853656375442
AG4Y7N32RELFN6TGWBGKSV2SKWWA,B07YD4HH65,3.850185359531963
AFH5PKKWDDAXPAVAQ4DY47CAP4IA,B0041T53JO,4.45033318980948
AFU6LE4MN4VRK3MJRTLCYLPSRBJA,B0002D0CAI,4.788443613671691
AG6EDKW4LTUP3EKVJUFQWJTF3AYA,B0BZJNPDJS,4.783554728200561
AEO3Q7XPILWJPQSWIRP2PWZIAINA,B01G26TRW2,4.605779595234876
AE6KNHYGPWBZGQTNIT3NZ742JUNQ,B0836RLZ46,4.691627952418546
AHCR5CDP5ESJE42CDD4FJQWK2UKQ,B07CC51PMN,4.662940918437875
AFXCZEZOLAHC3N5QQRJV5SQU27XQ,B00XHGVHL0,4.725152338375305
AHJSYOIN4W5IZ4SW5LSHCHEBMPNQ,B002HFFUGK,4.847845160644019
AGVT5E2C6WNOCFYSLOCPAPBJOIKQ,B00T38U7HQ,3.146694279814895
AF6277K7Q44XN464Q472ZB3X6UHQ,B01M72N0A6,4.364677109153013
AHDALDGFNPUZN5ZQGSPWZPVG67KA,B07B16JL73,4.720034013115954
AFYFPINXBMKZTJSLUWWPQ26TLYRA,B079W7NWNH,4.919112347263483
AFKC56ZSSFHF5XCYFFY52C3ZLFZQ,B09P3ZVLV8,4.342308708783345
AF66QBHHYBPJJV4DYGRUWPG7YRWQ,B0002ZPK0S,4.255822249718512
AGJDQVD67X3OSVONKW3EQDPJBBRQ,B003LPTAYI,4.332274826374573
AGUG7ONCKL4JOYS6AILUT3AGOCWQ,B015XDJB9E,4.106937366307097
AGHJMMZCZKGM2XC7E32JDSAGRWHQ,B01N7KF0T2,3.657863219173471
AEKRGPSDDTZMEZAYCBIM5YMIIZWQ,B00H8BRK0M,3.765514654561239
AFUA3AH4YS6GAL2QJCM6TLUMIPEQ,B0B8P1YW7L,4.680611325986893
AHT7ULEGSWNWLMFIENNTIELDXKUQ,B0C8MDSZP6,4.65497207187333
AF3E2MVT42F7OZNO4ALCNO7ZKHCA,B005PQ1AIU,3.71634408488338
AE23ZFVUOMPKR57BVSWXV34QLMVA,B00CP3GQQW,4.609111541324577
AHAFUIEUSEKYD34JJIJLRVJLGFZA,B01667IMKU,4.944004667963352
AGOFGZANYMUDHB2NTVTOW63TG2RA,B07GSJNMBQ,4.712929303935446
AERIIOUEUQBPYUJMGARLPNMFKKWQ,B0CBK1WSMR,4.4957340489053
AGF3VSDDBFGT7IQNKN6FTNXYFFBA,B095FVTV98,4.901223368042827
AHMYVVPBU7WI6SP5MNABEHF3LEKQ,B07BH4GFV6,4.6901338680189975
AEEDYZE7SWKKVMVWYZD35VYCMAWQ,B076ZSHQ47,3.4227406827185725
AGJGTZRZCLFSCVVMBNDXVPHSIHVA,B0BR2NC7ZL,4.304126922587912
AE4SCUJHWKFLMXTAJNZ266VZTS2A,B00H8BRK0M,4.080180213457865
AGJVN7BSF2WKOTFY5WKJBLF6RSWA,B0C6J1X7TD,4.876033987800523
AG5FEKWGQDLOPZPCCVTDEL5TWMLQ,B07D9PJW32,4.285640769563041
AHO5LUPMSZT2ISIN24MT3W37CYHQ,B08JGBHM72,3.728515252218573
AEAL4MJGXLIH3VY2GEZJUT54KILA,B095XZJ99J,4.959624973602382
AE3VXLLR4KYOJNMM6BGMVTSC5YCQ,B0C5BMZ1K9,4.349956983381326
AGSBFSEOGP5DIUCNJMPHJGQZDY2Q,B01DK1RHK6,4.554112942778368
AERCJ3T3QF2MOPLDNME2F4SQG2GQ,B00GN4VP6A,4.119258986660377
AE2BCWBDERZKN3ACIXQQISI3LHPA,B0BT34475K,4.578491053746881
AEWUJDNWZUABDIIGSGKDVO4EO2XQ,B09PH4DV67,4.351390754031211
AHK4QBZMKEAAR6DFQY4QY37EBLWQ,B07NDGTFJJ,4.689463256713453
AFSIFH65UCU5GE4GK7AUZHWUVJRQ,B07KW6VM9X,4.3792441757235006
AHEJYPLN7DMCYRQ2KCWQ5YIY6JDA,B0731KPCCZ,4.818690281798926
AE6SMJZ225MI4KJD4S766T5YYCJA,B08YYKNRJ4,4.29467979889495
AH5L2ZWXT6BSAUYQCH52NWFD6BVA,B097Q9W8MW,4.290602493734691
AG74MZMWBRESS5NOSUWUE67LQ66A,B0064BCRQE,4.96191946499988
AEDEWDQ2TF4CTOLZGSNW4IGVONCQ,B0116TFMM4,4.077557953137768
AETTPKKDAHWCURKJZQD5RRPGOC2A,B09RTZ26KV,3.9926656875478344
AGZKGEHOCLS6GB73NNABNIEWGLYQ,B07JF27NGM,3.6105577533389783
AHKGRIKKRDBYFX4QF7O5AZA5FTXQ,B00BESRB8Q,4.821573036422467
AGUQUN4TIWP46MPNHP5QOPOPRFPA,B001ANI6FW,3.955558019969017
AHY3UKWN7JLP4AHAQ7NKZTCFOUNQ,B0B6P55RBN,4.41014249966739
AH4SSR6JQUMQAR7F5COKOYD2F7AA,B01J5A06OU,4.184083416042614
AGU46QHMBNY4242H5MCXGETTOMOA,B003HGFRO8,4.6284317074392085
AFYFTNZQOU3VO7KX7ORJ3Y5X4L2A,B07DWY7R2X,4.53702523469686
AGSSF4YIHPCP2MIUITM34RWOCOWA,B09MT2JQ53,4.947288776760442
AGAXMCCVSHVNHW2IF6TOTZCXFA5Q,B07S82LVW1,4.641619444723201
AG3EF6QEUZ5337KFWDBIOEQKSWLQ,B088GF12PC,4.553624414336963
AHFJIW4HWEHRRWNBIHSJP6SM2IEA,B00KMDVKUO,4.264668591844997
AHOZGJTOUGNLCTEL74RCZ32PBOPQ,B09YDBKT7M,4.85182084570798
AGTOCWUOQPBBIFRI3UYYHJZNOMVQ,B08R5GM6YB,4.1913933908755565
AHKHM6O6MSZMQOZXBDUJ2MC2J26Q,B00HCPTXJA,3.8768035388995514
AE23WLBRYKEC67DM43M6E2MF7GPQ,B00VEMS03W,4.0077071176620125
AGVBPKC2WQYF7ZGFXOVTT45KKC6Q,B0BLLXXT6F,4.656181637296943
AFRTXLSLVRLIYMUGOAGX2PA6URHA,B00HTWQVU0,4.452351435752158
AEYVYMQW7JWQWYLWLCI7ZXFCLIIA,B0C5PRQ9K6,4.960318636985391
AEUAR37M2GSBYMQLR76YSAOCP42Q,B07SZLB9GM,4.782596213717794
AGARMVTKQUMBK2XJH2OSGVOBCCCQ,B096FZ5TKG,4.3263454860488935
AGXNHM6FE6RNTARQVPQSHUNC5UYA,B06XGS3ZD3,4.060788578244073
AFMUOYI53LJ5QGID3ABH2ZUFENHQ,B07HSGS27X,4.635947880864716
AEPN2RD5DNLVBU4OQPDDZLM5EAMA,B00X8N7XKG,3.7309015274810906
AHBXCIZUBZU2EKLKRUDCQS7RZSAQ,B06XTW2R98,4.244091982180709
AEMTI3LLBJMTEVBYU3ZDEWIXJJUQ,B08LRLRRKM,4.036575717162875
AHPYQMRLEUCO5N3PMHQJGOX6SUJQ,B01B15JPCQ,4.488546603983901
AHSOKJ6LW3KSZSLP2ZTGJI5KP24Q,B0179A4ILK,4.49402491769251
AEWAPYKHTEXOLKI557Z2CYVHE23Q,B0B6P55RBN,4.293135681246539
AFTQL5KFH752LH35SF5UALIXNSXQ,B00WJ3HL5I,4.550038715879086
AEGS5YYS2NROXETUW5RPBN6DSEFA,B01M8N618U,4.689184337455607
AGRGLPIRFOMTUIBIYJOUTTGZHABA,B07HQG7YW6,4.36366754293866
AHMZYSO7LAKS6M3D63FQIPQ6UPAQ,B0749XX4KW,4.522389086307428
AE7GFJWCHUHU5XXNXSQERG52SD3Q,B00WE6INNY,4.9428932041683025
AF2LHJ26ZRYYHDEVI3WZGUZ4NCGQ,B091MZPYBQ,4.388627549703934
AF7BFLZBXWO6TGTVSTARL73UJX2A,B0C5LYJXLR,4.7936981464887936
AHXZ3VXHMIMKQYK7MAKAKEWWYHJA,B0BT2ZRCY2,4.738552633821677
AFH6AUO7HH5PMJBRBQGQQKDV5HLQ,B0BBRBFHK5,4.70008110815775
AGZOX4VGSMPDBKP47XYDVKBJAQ2Q,B071WMKJMY,4.636550515307532
AFEHPC5MSRUR2QWD6IRZ4KB42VRQ,B0179C3SQO,4.178096431070506
AHG2CAKQ74WFM7W7BWIVGV26OSVQ,B00LMRNIUE,4.894988938124974
AGF3MM2QRKLZMQLTTEGVKCFQISXQ,B06XX92Z8Y,4.651398199912865
AGDB44CQUCWRDULI7FJMEFUS3UBQ,B0B1WMLNBX,4.889848930071293
AF2GPIP26H7E5EHDWC6P7RKZ3OUQ,B0BXB8QTLD,3.4439657719199297
AETIZWCOFGGE42ZUTCFUL37OJQPQ,B08SJY4T7K,4.09189001302191
AEEU7CICRRS3G3YBNW3DDPSRSRAQ,B09TGD5X27,4.81023063743434
AHQF4GMPT6H5XMVYGAGBKYN5V66Q,B08VHZ4FFW,4.099473182857763
AEO5TLC5WHQ6HED6RXQS6Y77NUGQ,B0BSGM6CQ9,4.830806011111409
AH7WTH5WIOSENLQKENY7ZFUKFFOA,B0002GYYD6,4.022900514605767
AGPVZ5LRWIOJTCHEZFYB5KK4XVEQ,B0BR2L1375,4.867461073674909
AGUG7ONCKL4JOYS6AILUT3AGOCWQ,B06XHM1C3B,4.3027438556747555
AFMOXNCYTYVRTZKJGVX4X7NHOU7Q,B06Y6BCX7B,4.569842369398274
AFZEJOGI4OODANIEO62OHDKU4HZA,B00B5LDMH6,4.662200368163158
AFYEWBPNJDVMVJHFR73JNQEBQ42A,B0BSR996X8,4.949826583998571
AGUSXHIHBHM453QTCP3O2BLGP7AA,B097FMTZCP,4.393400597742114
AHB7NX5MFSJ6W2NWR5UNUFEF7RNA,B0150YC54E,4.659504023292292
AG6ATLCKETNYRKL6GCQV35CSSGPA,B0BRSM5XBB,4.359094373028407
AFYA2BB2KC3RDRMZBGWVJIFUXRVA,B074JNWHZ4,4.473412630261591
AF7CC34DK36SQJS7WXI44DREGWJA,B07PM289SV,4.630629399759712
AHTQQIQONBBXF7WSHWJE32HRH2AQ,B0B16WH36J,4.451144671248993
AFXMPTECRN6BUOM65ZP7UXDZATBA,B00LGDYGSC,3.725814838013443
AGGA75GROPWR6Q5SURTTHTERSIEA,B01KDK4XF4,4.553402013526927
AEMCG3MJ7TMAMEJEWYD5GICKM3FQ,B07DL8BW6M,4.589771108502223
AGHETJ7PN7P2EEPPQZHFVHGV7TAA,B07WBZ1SFR,4.723376134140248
AHOTLXO4JZW4GNNHLYJ3Z2EQVV5Q,B07Q5GCY4M,4.958840004770143
AE6L3X5WMBDL6PVBIVB7UVMAFIXQ,B08T2N1WZR,4.762667206166877
AG5ZHK6XUYHCHSDTU7ZTNQ4T3BHA,B08BSFDY99,4.982036819673873
AEF2RX7ZF5KKRXYURVRY6AKZGLSQ,B0B8M5FJ9W,4.340213221822633
AGTBJVGF6Z6FTHBKFPZFUEGV3NRA,B0BKZ1GPM7,3.868421281192751
AHGYF6WPXSRKSINWX5RCOI65MHEA,B00LMC2HA6,4.04436078478509
AFTEWUV2FV7AEPP34WF522DN6ZHQ,B0002F6WR8,4.960865337658389
AERPP36RWS2WYRE44OCD56CZZ7LQ,B08BHWMKDN,4.629722135049982
AEN6QVGY7IYPDKZNGJWAQBGRAE2Q,B0BPLFP5P6,4.381329463824603
AHDO3Z2SFT3ONUF3WEIQDTSLSEJQ,B005ES7VSW,3.6514909217202622
AEN6ANHOT5COUFKFIQUZMB4XGIEA,B003AYK14S,4.3009386662868225
AHCBAYMJVLTILRVTBKJIPB3VIDWQ,B01LQO3GGS,3.486490040299518
AH7UOQQDCPZIWK42EWAAPCGDPJ2Q,B015X3CXXA,3.9282032920118066
AGFK6ZAZD5Y6WP5YUMHFYV7KVZSQ,B004UJO41S,3.789080239508866
AGYRMCX4CHWWMEBXYY7BQIOT6ZWA,B0BHSG5C3G,4.279718148560718
AHFBALQTCIHW3OHR5WABW2EZIASQ,B0841BMTGZ,4.182243197507962
AG723UWMFMUICGE2QFUGPL3UUYIA,B07CZ8QC27,4.347887490486049
AEJ727Y7JSGHO3AJJBUKZX65NRMA,B06XW4SNFG,4.415682701832042
AG2DSSYTEPCQ5MBLH4L265J2LI6Q,B019NY2PKG,4.5362942218329545
AHIVWIGXAM7DD4F5AKC5OCYO42JA,B016QUXTZU,3.9623352763693407
AEZCTDIBXZVKKAKKKKWSXKPN2MVA,B07NBB4KRS,3.695298635277369
AFMQSX25IVEXUFMV4LBZFWTARSQA,B075GKTV88,4.562227165789838
AFY764TFOKIW7R6R3TF4SLTP3DYQ,B07BFT2B91,4.5334040738942285
AHEMAURZYRCARVTVF6CQYTYE4I4Q,B000BUBF6M,4.288410033389456
AHMEIQYVEGHXBYOBMUQEVKPE3QUA,B0BSCF2FD7,4.54656616144393
AGV5EG6FOHTDDWOLXWMGQWQXDMWA,B07J341B3C,4.821957920738335
AGGCTCZBGFQEUFK2IMJLAG7T4QXA,B01AAX6KGY,4.260891252201971
AEMSFZ4NLED647BP3ZCQEY3FNGKA,B07217RS84,4.615994564441005
AHWA6UFI2V33J76UUQWQP6PHTQCQ,B092LF6RLS,4.276794642102419
AGP2P3VOGH7NNNH6CU7FKN4M62NA,B079TLFL33,4.581909467237806
AFTPUNQ4NGIKJHIEUAFA3GQBUY4Q,B0BPKH7FJ2,4.875444927323122
AH7GRHCAJCVNL6ROQOLIJT6PK2XQ,B0BM9BWB8B,4.266239744167765
AES7KU7JY6KI2MNQ4N4IP2YCMTZQ,B09RJZSQML,4.966177731505062
AFAAQVGMDINJAJNDD6HE2HFNJ7AA,B00LBKFYUO,4.171198785131135
AGBECCLTWXA2ZFFIS4KD3Q22PFRA,B0BCK6L7S5,4.401399140284963
AGN5FDHWM7WRJKFO3CLNJ4D32U7A,B015WD6FIK,4.07718929704904
AF5PM3LODZ3TCXBESCMRC33V26SA,B00OO30CDE,4.76927109321684
AFJQQWO6VAZCTTY3GXNB3SEUU34Q,B00RVE9X06,4.858434493628239
AGTOFPT2HFCQOHY7VTF7ZLZFNN4A,B08178GMTF,4.395618271628784
AGF7TG2EIMWONOO3WRWONQJVKDNA,B07PZDBGCR,4.957636980096598
AFBUMGG7XY5MQLB7HIXJQR5X34FQ,B09198262S,4.528439626877458
AETBRNPDURJZWOEQN5VR4BZD5C3Q,B0C4ZPNBYC,4.7755066294516615
AHCBEOI3JFHG2DNP5USTZW2MPEJA,B01MD10XAU,4.164021673496408
AEZP5L6SPBC4WHUHBJEFCDDVB67A,B09QDL744G,3.993412191813894
AGR2HGNGBX6TFVFHQFKXRPP4B22Q,B0BT84L827,4.947999919446445
AEMBK5QLIOB6NHLJPH2GI3ZEW4EA,B007MY5BDI,4.458454807152077
AH2HKJL3HTZ7OHQPBKMANUB6XLBA,B00L75HGUY,4.3764433397089695
AH6UKAFU6GC5PR45MMZMRAQIDM6A,B01FMKRG6I,4.670136402427879
AGZJ757HBQPRTEF3IFY37PMFPFIQ,B00M53HWQA,4.066970244297764
AF2HAUDZBKQZM5XZ2DM4UPO237UQ,B075CSHLYH,4.579799258246742
AE6JDIRVPTKC32Y7X3QQ3WAY2LIQ,B0BZJ3ZS8B,4.609780282745604
AHAR2WCDFYETREAF7SRKJ6T3RMKA,B0002F7IOO,4.925742333993869
AFPXIMJJAYJYB56PWZ5DSHAMVT6A,B092CVSQHR,4.222844038313562
AFUO5Z2K6MDX3SYTSIS5HBT47ISQ,B07Y3YB1DH,4.780533272986287
AGDRNG3FGVONPV75CF5ZMZ4CARKA,B0BXCQ9CJN,4.474708401212045
AGMGW2AXSHFLEP2KKAQBOM6OOQGQ,B06XB3FQKB,4.789105289563131
AFLBNI74FPOZRZR7AH2PBY6WSMFQ,B0061RNE0E,4.965136294048707
AFQDH4VJVLTDGFFZS4IAAG4VMBKA,B015XTFNP4,4.53684954885544
AGAGHJYANWY7FQDJRZ5XEVGHMB2Q,B0C4GJM9J4,4.634177699539568
AEYVPPWR4CIKWX4BGYKCBCDL2CZQ,B0C6R1FZNM,4.063075085262977
AEUXATQKIZHHXARX7DCMLD7LXG3A,B0B129LPD7,4.634119531249438
AH5VYONJC6AZLXGHCM32LEUVGWBQ,B0BKZ1KXLM,4.939125397066431
AF2HAUDZBKQZM5XZ2DM4UPO237UQ,B0B2Z13RCR,4.951755303524528
AEYSGCOJIR5X4PFUY7JGUOFCZVNA,B09RX2SYHJ,4.227838613174001
AFPEV76DW5AZ77YU6DXBX24YRD3Q,B07RYBJN7K,4.548155386275767
AECRFIY3HZZG5KMU424HTLAKDGFA,B07H8WXJNT,3.975493031797029
AEWVQYY4G6UMIFZD6QDPUDOYBU7Q,B000T5MQV2,4.462514375615486
AFGEE2G4XCML3OIVDBZU47XRZTDA,B09PWCF6T9,4.564449493073833
AHO5IPKZNXFFG2LYSCTINORZG7EQ,B01M15915O,3.790783684460948
AFXUKNAJ6DONF5K3HFFCVWIG7WUQ,B07PMLJ8PT,4.68733205084726
AEQWIQ5K6LLNVFPBJTPKK4J76SWA,B086QP7WM2,4.9065353518812325
AFMG74ZXHJ2XIJW5OUELTC5KRPKA,B0B3VDFKB3,3.2902750249147714
AET3AD34PERPEFPAFZ6LJV6ORW5Q,B0006IHLFI,4.856062606669862
AEOG5GP4YYOR6T7H4DTLTH5VXEVA,B09857JRP2,4.9656826220461445
AGTS4HKNL43FZW3MZMUNVRYLBCKQ,B097FMTZCP,4.261872736416304
AERLABCYH2N5GVQMRM2SC7I3LY3A,B0BK6PMJD2,4.639415153579662
AGMJISSDQ7DXH7AYMYZBRHWISKYQ,B01AIF4CL4,4.719383702629457
AG4V6SXKSVYO5TTRJQRPLBSK25HQ,B08BLKZS1H,3.9833245831215596
AFSID347MNEO7BB4FDS7G5WFXFOQ,B0BCW884JL,3.82593995447974
AHBQCICNAHDBS47M6LFAPV6LBFRA,B092LF6RLS,4.561210285493264
AHDTJODSAMZBYCCS6I35H4V452UA,B00LGDYGSC,3.4841985305580128
AF4DS7QH4EAGQ6QWYLTMEMVHNQ4Q,B00DY1F2CS,3.880675579573275
AEABO4WBVLZ6J3VVOA5XDJ7HDBQA,B0BFF85D9R,4.409407060766373
AHLW5Q4AJQMIGC4YGUHALFLAQLGQ,B09BGCRS9T,4.905569535381113
AG5QJWMXSGR6QK7CTCJKXRD7OSOQ,B013MG2PPQ,3.547888380879795
AGFCZHTATBUI4HMETZZ5DXULTZJQ,B0C54RRCKG,4.494095884912112
AGSP5XAQPQBUUXZHEZSC65FD7NOQ,B01K2OLR28,4.657740632752184
AEICQU5QHFNKB2ROUABD2JNNPN5A,B000EEJKSA,4.241417800931505
AH5H3RK5Q2WAXHOCYTKNZFAV3UGQ,B0C3LHRRDV,4.652828692601832
AGZG7MB6QID6KRBUFHZSKIAOZENQ,B07DWM7Y6N,4.831104906417681
AGIU5IUE47VOAR36ZMNGTCP5KXKQ,B08BH7KHSZ,4.231693757417379
AETRLZMHXJWHRPFLNPAT5KWVN2UQ,B093PZDB9W,4.345945175894756
AEA3NLDRDLTW7U6TDQT5GPQOOIDA,B074335YFQ,4.224649633849727
AF25N7GLN5FPPTJTP7KP5BNRV25Q,B0BPJ4Q6FJ,4.804593057530547
AFZV4SQHKPAL65VYRSQSKUKWMXXQ,B009YCI62Y,4.262507709548056
AG6XVM67COQE6IDXIWOXYJTPISKA,B00CDA0IUC,4.681606995468649
AHWG4EGOV5ZDKPETL56MAYGPLJRQ,B09TXP3FSK,4.582634167073084
AGCCTCFGWGVABEVFKC44HJPXHHRQ,B07QYVX5DK,4.0144715116161755
AFQVJYB73FB4EMH4CHYJI6DQ64ZA,B00UTH51KI,3.8272476082940923
AEQR6VWJVW32O4N3STXCPXVF7PSQ,B0BRQGJZXR,3.86936966156248
AFTVOIJFGYFC62ALDHKINLLDDFAA,B09NWCD36N,4.349930820013128
AGTHEJOM7XSVYDS5ITRS7WUQGMKQ,B08R5GM6YB,4.553497188857608
AGPFAMWJTPQSQEZMW5TUC7QY633A,B0018TDULI,4.7318387479623
AFSA6YD3ACC3VQQJRNN27YN537NQ,B07L5B64RG,3.936369330479676
AFSR5KAF5DWNQ5OXA7KEFPPTZJPQ,B01DPCONFM,4.689754010283585
AEIBHSLYC3NCXPUA7P4OVRWQEMSA,B00979RZ9O,4.736650124093857
AF7TTQT52OE7QACCNUOOOTZUMAQQ,B09JWL3BF9,4.729670367810588
AELR55A2JR25GIIZGNKE5LAE55AQ,B00356J8KE,4.090569326013208
AHSUFZF7WQMX6TJ6WC2LBBMGSYDQ,B000EEJ3S2,4.212451018925024
AFCWX22LDG3CR5NHJDDWGXKRC3YA,B07K66F3N8,4.948756651757189
AF2BM6EMS6FKYSKZV5IBORZEXOKA,B095XZJ99J,4.652377830614683
AFTOYCLIMUB4A6TTSR6F2JINI4GQ,B00DYAAIAU,4.317970928648887
AFJ52QWR6Y5WPXK3MEZJJBHMUY7A,B08LRHL28Y,4.239937269172409
AG7NDDHQBGXQDQLHZPCWYMAWYM5A,B0C5BMZ1K9,4.680289786624158
AGDAX4BPTSLLAI63FKN6J5ZTFKOA,B08BSFDY99,4.947017238457501
AFAAJ4UTCN4SFXFVJ36RWKSOWCPQ,B01KHMUQ2M,4.355293883334248
AGEXOCVVUXJJZMX6AGI6LDVUC7SQ,B01DE4D4LU,4.712585929161445
AEJLXKSF7III3HR7ADY5TIWBOECQ,B01DQ2RFS8,4.2416495485723
AENNORCDOTT2KFT5WUIK7PJ2EXOA,B075MCRFYZ,4.5589908819470795
AFI53ACNS6SYJPY3RKPA5NFOVRAQ,B08PMZQXN3,4.834071193633508
AGU46QHMBNY4242H5MCXGETTOMOA,B00S6251JY,3.6736256921180215
AGS54MIP5XVBK7FM6QH7XNGFDVJQ,B0179C3Q20,4.666432090612576
AFPJGU2B476DH44PAROBTDQZQVPA,B076X9C7H1,4.625934893683186
AHJ733ZCG3SPN4NXNBP33SXN66TA,B0006NMUHM,4.7469284634148
AEQ26CZ7BTH3LGW4AMRVLEJKGOFA,0825603285,4.148016269530788
AE6PGN2WW447FQCQ7CQFTCO4L36A,B0BKK3H2F5,4.102196347304154
AERWQO4KG65FDWZTSAU44MKDCWFA,B097Q9W8MW,4.417340167854454
AGG7RMU6ECJHPQB2ZIQT7ESQEI5Q,B06XNBTLHC,4.586893803000087
AF3NQJJ4KIDA4GURLEALQBI4RKUQ,B09G5QS1VD,4.456029201271819
AG3HHGKGIZCIIQZ67ZGJ7SUBH22A,B0002F5C7Y,4.315084969972715
AEURYFHY5UKJWCTOYPJD3D2XLJLQ,B00CFEYN66,3.8851229787798416
AHV7MPSPXX63ECNBQ3XQ4QHUOHFA,B00M6SI0X8,4.735519086380921
AF2NGUZ6QFZJUAAINQTWZL5WMXRA,B00A7KC9NO,4.040912625670758
AF3NOA47IJLZ3V5SQBOAJHUYDFJQ,B0BK6S7QF4,4.971422157333131
AHPLPI4RJDQMCN6Q7KREMZIL4HXQ,B005ZV5K0O,4.562675809205184
AHLQFKLT3ROJTFS2P4GQ7CFHLXFQ,B09GZBTSV2,4.03556553465432
AFEZ6PH4W6I2W5NDBWKKFXAV2EDQ,B09ZP4SZ72,3.5050771046259235
AGDT3NTRES47WHT26YWV2CVOLOYQ,B007534LFK,3.49071807165223
AFUDNFNY7SEDKBT36AH2LZDN4QTA,B0749K3CB5,4.710720502425739
AGGSBHWCFOI7BGAQ3YAGICGVRZGA,B098KXQJVY,4.394827273282151
AESY7BV434R2YQ4PUJCJG2YVUOOQ,B01EL2TFXA,4.392490538619007
AFOZRALZ6GRV7B4Z2ZGUVNKI5DOA,B0B55ZJK68,4.600014322952511
AE3JNYVYO3C3UXO6ICDIOZIKJYHQ,B0C37QCPS4,4.095764402599685
AF3NJDOTMG7BRKDLV6UM7GHFC7XQ,B0BGQZNQ53,4.15574888038769
AH5B6OGW62H7VQZYF3KNZDMKQP2Q,B007MY5BDI,4.593398949199504
AFOWDN6YUFGKPXH5ZJE5J57JE2TA,B0019FYE34,3.81028803218838
AGUSYMZGN5IIQZWHPTPH2S6D6KFA,B01DZ6FBBI,4.761510857076221
AFDIHKY33QA2NCPYPOGJRSBH5UCQ,B07YCMQBRT,4.582861516914349
AGSAGGYZSLPFCVOJ3XTIUN42A52A,B07BZ2FZ8V,4.6740157987643585
AEP6VSEK3Y5MHGJCG2RGHM2EHCLA,B00RVE9X06,4.344785750726168
AGA4GTW7N7KT3VL6PYMHCRSBMRUQ,B000P5OULA,4.091639544804008
AH7BTSFO77CNNKQFU7FBWTV5DI5A,B0040YZEJ4,4.748452601737255
AE4QBSUQ4TQSHRDMXE6CIDICH4SQ,B00B5LDMH6,4.592398781649255
AFUENSIC7Y26UOKSUU2E746FZ7LA,B074WXM13T,4.68809678308616
AFZUL4Z3J5LTJYTWP6IZULSDVP4Q,B018FCZKR2,4.868156715117666
AF6PK3PJIARACNSAQNXC6DZMITIQ,B0BPJ4Q6FJ,4.633777616213769
AFLQJJ7C4PKUZJOXPIR2RFS5GSSQ,B00IZA1GI2,4.8508831813589515
AH4AIWIVLN43SGJGK45W4FCJB5GQ,B07WTRFSMB,4.679046254645685
AFPG5F53DZFYCV4MUZZJMRNBCS6Q,B0BVVT8XV4,4.224822446995787
AE4FLJ7EL2L56IUWIAWZRNHJXAEA,B0BKZ3GCGR,4.7765915177740625
AFK2NWEVOB4BHP5V2XVAVE65B6CA,B0084CRYOG,4.440279893369066
AFMEK6HGMNRXS44ROKARI7467HAQ,B00DIGCE5C,3.971570588853338
AHV6QCNBJNSGLATP56JAWJ3C4G2A,B07711ZF5C,4.41375949805902
AGR66GB7J736YGNOEQXECJZENQXA,B07SCMRGW6,4.3561260523882845
AGSP5XAQPQBUUXZHEZSC65FD7NOQ,B004C4UQZE,4.1432261215400175
AFHPJTBQYQHQXIFBAODXDAIGCGMQ,B0C14SC57J,4.753475313116412
AE3HJ6CT7RAMP5XNGLYPEGDEMJJQ,B015JTEBN8,4.632591456451109
AG52TQ6F7NLG5WBLIK7Z4QIKVETQ,B09B45DLQG,4.569210436090853
AHFWSW4APYWHTKLSCLUQ7OOAXBDQ,B00XC2AQN4,4.651896518117989
AFS5GEDNULNRN4L576C7IKBC46WA,B086GNSNMC,4.73597913200784
AEVQES4DYXCIQMQL7KHTDM36Z6TA,B003OJE8LQ,4.859943817576361
AESJEFHJ2EDKWCAGDLHNIPG636DQ,B07ZN86ZFK,4.302450125112365
AGMADA7BVXWOPUYDHC3C3K3OKO5Q,B00H4PEMM6,4.893977184799264
AEIZXNH7FBJXMVY2CQLSSI2NZSZA,B0BXT3LKL4,4.5999862399099625
AG437IVOHPYSB723CQHCTUIOPOUA,B000Y021NA,4.404961222059964
AH56VKWTOEVES33UCWBSJ4PNSTZQ,B097Q9W8MW,4.566612348650331
AG5SSLGUHBVW2WBIMICWOPQGV4MA,B00387G1MI,3.908884923794984
AGOORIF7OARBAL6HFDOLXUF7DBFQ,B0B4DB5QD5,4.1746442970279105
AFZFOI4JUMS5UFMVWPLAVQ3ZM2QQ,B000068O4M,4.506540889432148
AHXJKALSQTNTY5FPUFFLHF7FOBDQ,B075VPGJCX,4.804543980005689
AFQK37VJADTSXECNN32K7O3ZWM3Q,B0040YZEJ4,4.670315098508612
AFKXPHJU332QCBEXRVZTY6K6B5HQ,B00BS1986M,4.6394926326262445
AFLM7I2NCG3CEVZVMCMWN6SS2O7Q,B01K1EJQ9U,4.718577254245706
AGNZ55VEXGISWO3OH7F4CTP6HNRA,B00DY1F2CS,3.7023561435759844
AE4HFI5J42AKFLFHZDE5D6LFGFCQ,B0012BPMHW,4.204575804853753
AE5EKWZ7BDIPUT2SQCCZ62H22ZTQ,B0C6H9T5T6,4.002781880158776
AFCTA7ADJVBKAOXVHUHMRZEEEE4Q,B071H41DFS,4.365315444358786
AFISTPNKN3EJKATATVLIFQMKQOXQ,B08R5M2FGY,4.683455501011677
AES7UWDI6OPAU4HN7336ZP75SITA,B098KXQJVY,4.727599184656042
AH2L4HXWXSECI3SMTHE6YB3T56KQ,B00H35YIJE,4.514183964015406
AHA27EHM74UI4VBZYCCOVUBUZNPA,B0B8LZKBN7,4.383108149998933
AGJ73YUYEW6PWPIO3HOKTPLKW7GA,B0B4SGJRHR,4.537171096471332
AHJ2NJTRCWB3QQLDFPPMYCEYDFJQ,B00KG7CB2C,4.803158860766275
AFM2DSFXQRROQL75DRQ6J32PMRRQ,B08B6BF5RH,4.502480048570188
AHVMI7WN5IHRKUS5RR4MWRL5BROA,B071RL22PZ,4.786444640728132
AGK7E6PYFPGPZ6MREYX4KANUCJGQ,B06XGS3D3S,4.8053864967711615
AHBCMUMYBDO3DCWDT7RUSCSHVFSA,B07C91JT14,4.285771381269692
AHOGN6NSQV73UZ2PWVW5F4Q43Q3A,B0BX8HZ5RH,4.526346537989742
AHIXLMOB2ZZRRGEWCJXUZ7XND22A,B00OJHI6KQ,4.348765632501377
AF3BR6FQAGUDNKNFETNSU3KKHBOQ,B0C6H9T5T6,4.759551220015162
AHIUXHZZ44ELXOD77N5XGO73ZIZA,B075R94JY5,4.043148573726209
AFVTV5IBZU7SCCUSTID3SQHYH2CA,B07N1RPV4J,4.7131211292768045
AEBJOLNLS7IRLB7HGXXFBZSLXAWQ,B07J9JR6VP,4.853162397466784
AGJK6S6LFHIGTRRCPNYGMGFQ3F7Q,B014ZYPT34,3.955692717274355
AFVNE7YGLL4YBJNHHPHEO3ENOAUA,B01MG3QVCK,4.37343550628963
AEYVPPWR4CIKWX4BGYKCBCDL2CZQ,B095QBH5ZB,3.758277678375181
AGMMFTC4LMPBUSCOSAPMQU4BQBJQ,B0BSGM6CQ9,4.003480822457693
AHK2JKHQ22EXZBQWCF6SAV3XYAYA,B08FHV6383,4.188776331473027
AFAT5EYIHBJC3AC5TZUKLLWLBPGA,B09BMTCQC2,4.573485192919655
AFWBENHWG6A6QJCJISR4IU7PO3UA,B072235GXG,4.738917434330546
AEAU46Z6SC3RRNCHFIB5RKUUGROQ,B07BHHDL37,4.557750982600962
AH74VAPB4EPE6DUCD5VNR7PQELQA,B00JL5I61A,4.163235385247115
AHJJGVQ5R6COEDIQTRKPH45IHDUA,B07MQK9168,3.976097408794157
AENHWLM7GME7SJX2RTO5JBPIUSZA,B07GXGXPBY,4.553205051366984
AHUIUCGSUO6B2KRQLQ2UWRYXTH5Q,B000TGSM6E,3.833685594357357
AHVRQ2F6723IXOL2VOYHCVYJLPKA,B08Z6TDJZ9,4.603337802286885
AFHPTJZIUVAIQYWANKXP6P3UVK7Q,B002Q0WSO8,4.367013484300492
AGQ3FPXZLJIHBHWM6BZYS3OCEKDQ,B07HMY1RWC,4.43552310600643
AEUAXVAUWJFDX44V2Q3OZFFYDZWQ,B004MN9746,4.180026095334111
AGJ2B223IQ4U6IAI3CUQRUX5IOCQ,B098KXQJVY,4.859138184656042
AER6WLSJPBPNOZIQWVHQBVOKTNCA,B09PWCF6T9,4.19642993024926
AERXAGU6PAY74OIAVZQKU5ONB3NA,B07NDGTFJJ,4.664896499750195
AF7IWQ26I2RJXFXKGSPGNNRBLNEA,B016QUXTZU,4.0903344521611436
AGAJSGWWB75VLSBMF6I3LUUTL4AQ,B01DEX3CHC,4.33200913365422
AFKG57XVUDKCUGS7Y44EY677NBQQ,B072PWKPLW,3.569641740210978
AERWQO4KG65FDWZTSAU44MKDCWFA,B0772XDJX2,3.958680651225837
AHHHDPHIPV4CJY536D33OZV6LFPQ,B004XNK7AI,4.337380437854116
AFEZR2GVGMGGBMGG6WHCWRI3MK4Q,B00CHHUKY0,4.567865324177185
AFCGEML7F6W2U6YIW3BT5VVHAVSQ,B07CBT4SYD,4.455045286039413
AG7REFIGR4JHFZTYSHJGYFS6WYPA,B09Y1X5BSC,4.520658872772997
AEGEWZSJFQBTYZMFDTFAOCMGVAJQ,B01N5QJ0LE,4.439715968636966
AGJ5ZHY5Q43NH73NAAFRO3A2TQKA,B09857JRP2,4.707271776008029
AFLAAWHDSTPMYQDU55P7GKFY3ZHQ,B00PR8AW62,4.618399858259419
AH2H6UZNEA477XOPRQ3T37WXMBLA,B0002KYXTM,4.179454474562521
AEXXN5AQLXNN75TLPBTDPHVJKF4Q,B0BCXL2V52,4.672174699716654
AGG5VFUD4XK5TBLA4B724XEEV26Q,B000KN0BYM,3.598396270419434
AFUV6KLJPKFA6QQYGINR4D2MY2XQ,B00HTWQYSO,4.620598433656208
AFF7YUPAE6KRD2ELYPEQIWZYORHQ,B003LPTAYI,4.421414366826826
AGG3TGNIO4ULCWBMCUW4NHZZ4BGA,B07KDWXQ84,4.490247437467164
AFSPIN4QUVVAVW3HTX7L2J3KUR5Q,B00OO30CDE,4.314685636167117
AFXMSKCDLI6GRTDUC47LXZWZKIPQ,B00IWXMGH2,4.841332588317699
AFM2K5Z6FN65NXDAT3G7ZLFW33SA,B078H33C1W,3.651817691430898
AFB72OOKML6ATB33JXEUUYPQGMXQ,B00WTZRLOM,4.556066549861009
AE6TF34R3XLNVEOUQ5XGGJLOBNQA,B073CZTQFM,3.580115402928459
AEFXLPLCZWRJRK4OVWRHX2YUPW6Q,B0B127PM6M,4.063128360298648
AG6VOE54BWQKIPPH66M25GME2S5Q,B09Q39C7W2,4.97127712052932
AFZ4UIQJHMYNZMKSDU2QA4F436WQ,B0C5BMZ1K9,4.525475712405057
AGVDSDJTAPD3VRDKZKEX5ICMTASA,B073T2YK2J,3.9552931254844865
AG2Y6CDZNCG2ZJIUIGDIJYADCJ6Q,B0951C4RGR,4.613830829895298
AF3NJDOTMG7BRKDLV6UM7GHFC7XQ,B019OO4IY6,4.24559096337419
AFCLOTB3P3EXMIQAKAZIP3KGAYQQ,B074WXM13T,4.209226792700819
AGVTKJAYTPW447JEYNPPTT5TDDGQ,B01D53JG5I,4.5874304416665055
AGKVQWUZ2RQAOWHJHMQQBGIDYASA,B07MCRMLF3,4.3898448246094235
AG7TXC563E642KFHS5YINKSCWE6A,B076K32CH1,4.850093717402593
AFCFGYHKKOCM7XVCRNBG72BQOPYQ,B0006UGEOK,4.058693720568408
AFUYIME2PIVVNZFSSDULBBIWZD7A,B0B6P55RBN,4.1209951898124055
AF5JC6AAADC4WZZONMI3PK5AGJNQ,B0BHSG5C3G,4.75590315338368
AFR6WKFQBTKBG7HH7MOIHP7Y4IJQ,B08JMQR2JK,4.744440428908156
AHZOWNQENHOHDPK234WOZVMLS2SA,B0795PNCBG,4.177580482636865
AGGESXOSTBKQQ2MZKYON3UGB4Y4Q,B085C1XP92,3.943854547991934
AHENALE25EXP3M7QWZRXIYKTTFPQ,B09Y8KNXP9,4.5609338773115375
AHRQCX6F7G5BXPNBEQ5MXPTRN25Q,B06XQ177ZN,4.440504589162443
AE6BYVUHZCRER7JBO5CFHJEOHAVQ,B0B69VXJ6G,4.23774380595027
AEXH3SBLTIIWZJ6LGBWKNXVDTRZA,B00B5LCADS,4.432439269978041
AGDWXEECHCW256RCMJKGTNJHQGIA,B000BYPJ1U,4.1693251830457125
AF2CLARGDIRBOY2HMOPYSNCURNRQ,B07KPBVCKJ,4.02763098794883
AGEFZSKNCTSO4XQ5LU7MGYKQIEZA,B016XLLHCY,4.126329509386163
AFA4ZJGSTUWBV43E6FHQJV7ZWXDA,B098PJL986,4.760831384311557
AGFNMLVDG4FKJCSVW5MZDENDGZ4A,B0B1LK9SXB,4.345528215706007
AGBW7LZUPMPOBV4LJ7LO3TCTRVLA,B002QKRUJG,4.2329528689488125
AFWHS5KMUDYBCMWKOLSLZZJR5HDQ,B07P67TV7T,4.32353274198122
AFHLBRCKVJX52YOOLP6G2MDRCGGA,B0075DO5K6,4.399798239849766
AFV7ODHDJYGFBCSQULUNPKZTC4EA,B091YFQGCJ,4.826173134270249
AENN2BGZN2YQ2OVGQTNXHLQ5W3JA,B00834KJ60,4.313539272455843
AE5XAHW2JPDP32P2BFJ7R3IFND6Q,B015HG7F3Q,4.448004986725574
AFTSNLQBX4R6BYTB337XHJIYS4SQ,B017VXNOK6,3.9043251726794317
AGMRYSCYS4DGUW4QAISHDJSCHUUQ,B0BCK6L7S5,3.889210211228064
AE6TYSATATHUCWNO5ALASJCCV4UA,B07CQS5BMH,4.706185122265112
AHYDSH65ZAO5BMP5AFT4KYN7PAXQ,B00W7ZL4TM,4.754780935469413
AFQRD5USTZ62QENXGL2YDRIMPGGA,B0BR2PXCBW,4.151484537082615
AE4LWHIBYCREDXSNG3EOF3RLKKYA,B09R2TMLJR,4.3277031696728825
AHAV4CADMBDGGHBQMBNTQX6YVXAA,B08NWG3F9L,3.8354706282575957
AGA5ZXP7UELYMEEFPCM7Z3SVO5JQ,B0016H8S1O,4.575686073118347
AEXAQLGHLXRVILTEJQ66WITDGABQ,B07HHKV19H,4.383777657232046
AGHQFRCGHCGJIARSMRFJ3G4E5EXA,B014PEZVKU,4.263817495860486
AG5C4IBXOOHVYIGS4RUQSR5FLKNA,B0C6H9T5T6,4.150644509999306
AGVTKJAYTPW447JEYNPPTT5TDDGQ,B003WZ6VVM,4.13509453429245
AF3FBHCAUSTHXGTODQONDLTDVQ3A,B0C67HCGBR,4.986671681667221
AFNUD5CAN5NBVLUC6377NGRF2XEA,B07KR28VKS,4.055530922453916
AFID64NVSRMGS4FNVX6SQI23O4TA,B0919HG8S7,4.660598012384463
AFS5IBOOEKUZKI4MPWN25FGW76UA,B097FMTZCP,4.424400337081579
AFBSSUJ7JS74UIR22W44TDNK26WA,B08Z6TDJZ9,4.598575251840027
AGXQAH4PJCCLZAUWEE2J7NYRBKCA,B07Q6J4S89,4.492039355514805
AFU4WXFS3Y3OZ52E23YPAA2DIJRQ,B078KTV8L4,4.646750165416326
AG2DSSYTEPCQ5MBLH4L265J2LI6Q,B0C5BMZ1K9,4.616723165433203
AFDZ7Q3JWBSK3MEBNMHFMWINWDQA,B0B89ZSYS7,4.716650694501781
AEU5LBIAENNFA2SQXVQLFAT7PQ3A,B07VPLFNYM,3.9080812741349877
AGZ3QMLZOWSZJPXAPSTGORHBPVQA,B00C5B26HC,4.666977857012948
AGTN6F4L6USRCJM6ZDIGVSRQMSWA,B0928HW2P4,4.893783104832541
AHXFHAG5TRFROX6VPMJJBB3JJAYQ,B0BSGM6CQ9,4.7572759277363765
AGP4JFXNUWNXGL55F25YPQ5ZGIDQ,B07BC4KMQK,4.44734353405226
AFCGMIXOBNAESB7TJIGGRYWAYOGQ,B0BQ4XYZLK,4.403188382235385
AGEQUBTRADUL3RIFSR5NMHWAQJ4Q,B078KX8YJD,4.314461606658355
AHPYQMRLEUCO5N3PMHQJGOX6SUJQ,B0BK6MQDZ8,4.563143859346654
AFUGYX2OIIUMI5C5DMYZHUYO2XVQ,B0BZ1XQX97,4.543599866478414
AG477CZTN5DXXKI4PJQL33KQYQMQ,B07DFTWXL7,4.791407946120767
AGNRFLXG5P256TIYC7HM6I5IT2AA,B07NF16YKJ,4.8538256242946
AHDUKIDSK6ASLBFBUWVEQLJNKELA,B0BCXTPJR2,3.9904842805635243
AHWPQARHTFJKRYID7IF7RUU5FXWQ,B0BHG58G2F,4.772120270833228
AEWHXZIO532D7GB3XK73JQO7V6XA,B018FCZKR2,4.75374614161604
AFFZTKH7UI4G5YTVEYBA232FY45A,B0BBPLFSCG,4.640814580164039
AG2FQVCSAPNCKC6M7GKCEQO4HFKA,B07SZLB9GM,4.481414271966506
AGYLR4VOLE334EGG5MER7CQKBCDA,B087TBKK97,4.396624660071558
AGKY277N64L5VISSLKOFR2EH3ZOQ,B06W2NS7RW,4.407337530314389
AHNG3NRGEDYO7E44QMYDHMBADPBA,B002C741B8,3.8058646185219005
AG6BIRUHFL3WJNN2ZEBGGVPMSRTQ,B0BMDK2JC3,4.946853503906144
AE7ZTBUNKGJ347SZHE3B7QAJTNGA,B015XLDQD8,3.816431339226126
AF3V3ZFYEYBEL4QWWSWJ4H75A77A,B00LTL0KLI,4.608206337753676
AH4YXFX7BU7VENLTLNKSYDVHQBIQ,B005H2007E,3.9387029899515267
AGHUVPFNJ7FWT6T2CUGY3A75N6WA,B07L5B64RG,4.396233668545555
AEJYOYLHAPY3LCYQOKUS65LGOVRA,B07GFH8NTB,4.796995511800905
AFUDTHASFDLLVHJ7T3S7W3FMGNZA,B086QMZG22,4.405209202983214
AGSCKCPNKACD2BT5BE7IKCA6CPRA,B08YK9HWTF,4.739161704182627
AG4OWQNR7J4O6QGYIZV53XJAUF5Q,B0002D01IG,4.618687136865931
AGKOFLHULW2C32544ABJNOTXJE4A,B07MZVPJ4Q,3.9993090509845395
AFUNJGQJTP3AICSDN3DK6L3NHMXQ,B003FXM6II,3.5863838813433198
AG57ZCKN4CZOESBMSWZPL2CR77JQ,B08JMQR2JK,4.673120268547926
AGPOPRW2DUAEQX5GH5EBAPN57G7Q,B0BYXQHW7Y,4.642873728951527
AEYVPPWR4CIKWX4BGYKCBCDL2CZQ,B01G26TRW2,3.922706109239959
AGC4DOJ7GIHCSOYUKXDDCTLDBAGA,B00V7YMOLG,4.638862500455101
AFJVICWQHTNH22HZHRQTPLDRMXXA,B07Q422FS6,4.794275750342711
AER62GONA24AVDCPUN7XUAXTFKTA,B07FTVKZB3,4.965020350879758
AF6HUMKJCWWTK4HJTVFA6HSZ7N3Q,B00MRNXJ06,4.659620039394404
AF5YR4OHQK33YIBQ4XRKW4RBTX5Q,B07DFSF3S5,4.419690437451432
AGTVZ7ZSDMTEDLMJGZRC7RFJNDWQ,B015HG7F3Q,4.991180014331346
AHY2FKC33WL5D5RQ3QRIWPWGKY5A,B00IWU4BF0,4.144235465498305
AH2J57YBS2WIYAEGFZGJZ7XYB7GA,B01AZ0WPPC,4.608845734996784
AFA3VOK27DFN7UYIFO5CQSCIOCIA,B086PG669X,4.398754823399783
AEDK5T3VBOFLHQ5KJCGL5YCKI4PA,B0009G009G,4.687981439634514
AG4AJVSS6426E7F5XTBXOSXPSAOA,B09TGD5X27,4.833590192845569
AGPJA5QSBWOYXOCJQTXF54TRGKFQ,B078KTV8L4,4.468211270322119
AHWQJGQJBJTGKBNCLRNJH65SNMCQ,B098KXQJVY,4.445596761673464
AGOTWNV25MJTCWQJAKIK5EL24VNQ,B08VJ9VGPL,3.9597952177683715
AHBV7TH4Z3WRRKXUIDAOPVUBIR4Q,B0B8F6LD9F,4.908439536146802
AG3NKKQ7ZFWTDAHDWKI4JSFRH4FA,B09R6GDRV4,4.723608438573479
AHERXW7PHUZB2VN6B5XNSRAI4Y6Q,B004ZKY10Q,4.004721383590323
AHEMAURZYRCARVTVF6CQYTYE4I4Q,B001CWWNPK,4.8877714621724175
AFOVPAGIXZG3TRBLV44SK63ETBUQ,B093YGKPTS,4.720772135702316
AHYDVO5UKW3QHLF6UFSCEOGECGLQ,B01DN7OAWU,4.5541446621450605
AHGNK7XIP6W4SOL4B3MYH6Q6YESQ,B01N01NYGY,4.822699234096383
AGWW735D5YTMQYBMUDXC4KOZAXDQ,B0C4YHLT1M,4.630398598433876
AHK5FUZ6I2OXLSIJX4FZ44DF4FQQ,B00VNSOK2C,4.499934137232909
AETOD3RGKB4NR7F6ZX7Y4YQTJDDQ,B0098X01ZO,4.0211828068483095
AE3Y65VROR3YICKMO6OJJ2LLN7RQ,B000TAHFCC,4.49019464277653
AEYPLXPGNUKJMHAPC3GONAXBIOSQ,B07GBQ4LGV,4.5776808446794455
AEQAU7SKDC6BAFLH4NY5HGP2THCA,B00HTWQYSO,4.403267382046857
AG4EWD2WI4DTYGYZAMOJQ4DPSXGA,B002H3EZMC,4.8445766937085635
AHS4LB7DEDJWMCKIVTUMSBZUC34A,B01DN7OLJC,4.125772594744615
AEVR5BUTA4MKV27LQINCRCM4WFAQ,B073VRMPDY,4.338698160604781
AEWKZY6NU4TOYG4QOJ2UUIXYUIPQ,B08FYSGZD1,3.556814062510441
AFWBENHWG6A6QJCJISR4IU7PO3UA,B0099DMFK2,4.333176798192402
AGMIECBRRAHS3YUEBQNL7M766ZVQ,B08VWZHQV1,4.240608496981648
AFX6X5HDCAOHHZJRKU7ZRIWACF2A,B071YMYXHS,4.833208246605477
AFLPLZYHGAASHAYJSEJPYUBJVLPQ,B09MJWYTQW,4.805091079442538
AF3JMCAJ6IICLZJRLDYWCPSSEN2A,B002L2E1TQ,4.335176041759833
AE4ZTY6QRIF3UULZDVAU7V7UJWYA,B00RVE9X06,4.748070096001004
AHZW5LNAKDKCM5ANQFNAZLT3JBSQ,B0CCK4YYNM,4.449406889581194
AEENWSVHLUOJFDM4HB2QEELDVEMQ,B0BSR996X8,4.845709062716567
AFBUMGG7XY5MQLB7HIXJQR5X34FQ,B07MJVGJSV,4.1361068054883425
AEXY3DSSYKBHCGAMNYQRGD3GR4QA,B00B5LEAFE,4.158856905466848
AFO6SYZM7IXUOBJNBV6OEURF3DRQ,B00BFN58WQ,4.527622626108033
AG7SATUH2NYBLNGI45MURZJMCZKA,B01MTNCTCT,4.31659632211295
AGOHUZDWB7HUI6NQOLEY56QG6F7A,B0BKZ2S4PC,3.954365776364165
AEXLRZ34GTMM35NQRDZ4CDKKXLIA,B0BT8GVK6M,4.750999004911481
AFOWG7WVVQDQFY6MHOFL7MFPAG6A,B000UMFQHA,4.9402585149598295
AH37ZV6A5UJW6A4PA62VDYOQSMKA,B073VRV6MS,4.161019237436883
AHVHBTIWRGYVFBVNVV7SSK2W2RYA,B09MQZ8VWH,4.509834210300695
AGSM75HHGVYI263VKMFQMK6GJQ7A,B0862G4SJ9,4.683345560100841
AEQIXOBGYVS2DIAO5XFBPPKNMA6A,B003AZ6KG0,4.13949053555483
AE5VICOXJ6XHMLISRION3NBJ54OA,B00INNJZPC,3.9348260343547725
AGUNYCUTE2I2FQOSTZ6XZILKD6DA,B0C67HCGBR,4.7541590032840775
AHJSYOIN4W5IZ4SW5LSHCHEBMPNQ,B086QMZG22,4.6041212065991965
AESYGW72QCT4EU27P5PPM4X57MCA,B07KTVV4BC,4.7939655633751395
AEA4WNCWOCN5W4GTQE4UMBFC6SUQ,B0002F7J7A,4.943647610467069
AFOKWBIT7ESXMZ5OOVEPVEY6AYRA,B0C4DG9Z5G,4.256887957515148
AE6PGN2WW447FQCQ7CQFTCO4L36A,B013VNHWAI,3.935840661872889
AHCOV6ID7GFK6ABVU35ZNEJAXT6A,B0C1ZYC5CK,4.577552593154238
AHZHSRRNEBAWENEVOD7Y5GJJAF5Q,B0BJZZFSN9,3.9064757027088075
AHI62NY2P2F7W6MNBBMELHNWGWZQ,B081PQR33C,3.7480732651230095
AEV32P7R5QEYRDR4DXX7F7V4LOUA,B07JGCQYN8,4.530108441407671
AGXOVGCVMYWP2GS6F52ZTGFX6OUQ,B097ZNTLHH,3.8648540996165175
AF4EY2RL5MCVIFTSNCGQ3SNR5RBQ,B08JQNQKLL,3.7718356689151116
AGF2ARUNAO6IKVQHQRZFYC4TU5IA,B09TBDG73V,4.276161462619647
AGMQUIDKC252ZDT5P7G3INBI2WTA,B00WM21DY6,4.508627754283443
AFB6NAYAW425HDMUUAKDUPILM5XA,B07BSZNKTM,4.249514823182565
AGN736WLG52SCARZJLYQGEM76DNA,B08DLK3GC9,4.824376507969567
AGXFELKL5OS2JLPR76CBZ467NA7Q,B08BHY6WWG,3.8939198906762464
AFGDRNIMPVGMEICSWUU2AMBMPDOA,B07KJ1MVZH,4.610379906240424
AEMOYADP2JOCWPFFSQD5XOHPNCCQ,B014QKWCAK,4.551967327304807
AF4AO67EAISRN4VKPQWPD5LDM3AQ,B07JNKY9T8,4.845356784702051
AFC24IBMCOC5G33XDBQTGBU4ULEQ,B08DM9NFLH,4.381909267960901
AGBXY7ARX32OBIY5AAMAXYJSVXKA,B00T5PNT9A,4.5063043326259615
AFZ252AZNJJ5SYCMZ7TQBZQSQPJA,B0B31RCL2G,4.35200286264113
AFUD46FQ5QP2KHEPMCNSWXMDZ5MA,B01D2GAKV2,4.298557262144134
AE53VDKFQ67YHCSPLIMTCFK2TBCA,B015XE0B7O,4.840345652067712
AGCKTXUY43QOGKGNIEHIXXZ5W4NA,B00EB11RLK,4.815664058381431
AHG2U7IGFWJNPHSU7HOTKCFLZKKA,B0002Z2C9A,4.104195658061561
AEOF2U5P3PEPOLGFUQBHOA64YJYA,B06XPJHYDH,3.9143534643962092
AEZ6Z6F5RK6Y24QQVWADUZIOHKKQ,B0C2VGQYQ8,4.963673549532957
AHSXFPGEWTP6QM4CNETICMBUHODQ,B07B8WL33G,4.685144025998749
AFDIMXJ6FY6GX4G3UTLPXKVLVLVA,B00Y0CG9YA,4.030118530347566
AE6IF4LHZZFMPOUIQ2I4AMC6ZVPA,B09NDBVJXM,4.9523105702719095
AFQ54FLISLOLXO2GO4EQA5DS7GBA,B00CIO6BEA,3.7112380933279083
AFY62KFQD545JH4FWULTZ3CODYOA,B094JMK37C,4.818926007388231
AH3UBUKNUPJRPZ4MFG4JFE2BD2RA,B00CPLODUU,4.8408078787149975
AFTPQXSU4KURGKWJGAKYLNJONTKQ,B00E3X5USC,4.42208282581026
AGID6DHXZOL34MVLPDSCO42D6GZA,B0BKZ59BQZ,3.7471278175967284
AHCOQ6TOX2KVPHX2GMG5YCID57MQ,B00FPWRGAA,4.33945281952954
AGTJZXTCU2XYA2J3TDY6RIIO6TDQ,B00979RZ9O,4.946911369079634
AF2B7VXJHVVGGI2GPZVTRPWAI5NQ,B0BKZ51ZNF,4.576421509211776
AHQTWQXTBAXE2QSFOMEOGK4HH2MQ,B00GS82H86,4.110639601403743
AHOFAAC4SWSQKW6TO75RFASN7EXQ,B07CQPJSFM,3.989721199864151
AHGTX7G2RIY2EZJB23AM6H34HN4A,B07D9PJW32,4.343154954451699
AGRZYQTRG3YQCD2EISGFNSLHPOGA,B0BSCFTV2G,4.541624501903052
AHUYGNA2GEDE4I4CGQITS5RUZP5Q,B006QUGBVK,4.416592174200485
AF63XHUFXPDT7TIMND6IIJTDGZ2Q,B000NGVQKO,3.8222785480843497
AH4NJIK7QV2YNYAUJAD7WCJW6BAQ,B079Y9L1G1,4.4116634568830415
AFXRISBWQYPDQKEYLZ7VMKSDPDIQ,B01HCGWS2W,4.783085009441004
AH6HGW2QR5QVW56LUGSBXOLH3CTA,B00N5TGXOA,4.37343165488475
AGMOQRGZCULKJQE5GROUVEVGPEYQ,B00H4PEMM6,4.5182670568531265
AEQKLE6U7TJCGBHR6ZJGSYBK53BA,B0B8M5FJB6,4.784680051640868
AHNGYELWDWTVPRTSMZ5HWCWDAUCQ,B0BSGM6CQ9,4.808239088155901
AHAYDMZW66Q5WZFEOC4AUJJ226SQ,B0183ITSB2,4.159579531796433
AHSNK6SYID66WDEXMNGDMK6JBT7A,B08T2N25MR,4.231571998548117
AGMCCXZIVMPJ5UZW2JKGMTHQXWXA,B091MZPYBQ,3.8752731824222426
AGBQLDJQ42HII7EPMRVHHP2ESXCA,B07VMXTRQ7,3.898986163127701
AGRVMUVXUON36MP2UVCNPY6YULKA,B0002F5288,4.820085834581675
AGP6DVMFOPJAIJ2AU473OUN53ZGQ,B01H4Y186O,3.5482747421039718
AHRYCNDY5S3V7LL3QVXYAT77CN6Q,B000LGA2K6,3.041205414722645
AFOH3RVBARU2R43PIPZIUD6PQQMQ,B0928FM4T3,4.290463120758203
AF4USQ6DYTGYTJPHHRKKL75RAFQA,B0BCK6L7S5,4.317029683552502
AHGRJF4ENU3XVPXWOJGC7WOVX25Q,B07GRG5SMB,4.535650296491955
AGVVXVJW6ISULJ6YM5MMFPDCJ2XA,B00LMRNIUE,4.272354396110498
AFGBQJ4TCIXR7YL7DNUKAQ2RRK4Q,B00FUTXO8G,3.971127548471621
AHODETMZCUDFRNJQP4R2ZLEGSJVA,B003AYIKNW,4.7832263817841065
AFSMS2MHAVKJDLOK3PHV3IU3YSSQ,B00CJ3AGU0,4.889012742236619
AGXCV25HDW4JXI5QQSJTIZUHPRHQ,B0BPLFP5P6,4.049135052894695
AEHDGDGGA3LRDSWZFJMT3WMH44YA,B07DWLYGKH,4.697960104710315
AEVP7UGAPHSSQMMMR7IXUUYLL6DQ,B0BJPLQDWD,4.676880569165366
AGXOFMADDY2O5MUGWYJLUIQ6XH7Q,B005Q1XR8U,4.304216381683872
AHUDHYMPKVYPTVUFMWLBMWJX67JA,B005U9GDD4,3.97978193708891
AEIZLW5DLZUBDSUGZYV45X3QDHEQ,B07DL1L3M7,4.341375044712225
AFK6Z4AW7CDH3IHSRAABCGTQYH6Q,B0939BV175,4.390601181690038
AGBAM5RZQRUUMKQ4UPUNCOU22PPA,B07BVDGFSR,4.43389334490725
AHAYMBP2MO4GCR6ASHR43YV6D6TQ,B00IMB0Z4A,4.7419736257720695
AGNEADFUKVX2GAUSR7OZAGIAYL7A,B01DE4DPSC,4.528754001440367
AGHVRG2HSUORQ4A3OHQFWKMIEOAA,B0080HYFTM,4.763392120366837
AGYVOONXBF4R24OWT67AA2UGSYXQ,B091G1LP41,4.427454540900563
AGC2D4ERWZFFC6TBEN7WVEVAYPCQ,B0C4QX4CQJ,4.56500897149163
AH3LWB7J5AISEPHX56QBZGAF7RCA,B00IPH8MD2,4.674581602966133
AEBTCCMZCJOVYR5LHI2ESWKITQSA,B07P5GGK5X,4.480879604406463
AEJE4TOVBD5TOLVYRBJSFBJM7IZQ,B004XNK7AI,4.8277877528074535
AH5RP72S7EOXYWPVIF5NJXGNICIA,B017VXNOK6,3.8028649067866573
AGPB7VMJFDRG6D5MIEIK5DLXQBQQ,B06X9KG3HW,4.908108025260166
AHRMYVXZC7MK5EBIO2XL3Q2GGEGA,B000VTFQCM,4.2305105769215965
AEXZDLJQFKVDZIYYP7V6IUXBX7UQ,B08LW3YL8N,4.9501403838659614
AFCSMQUEKOY3DW7IWIYZ4CW5XZIA,B01N2OBKIB,3.837277782887934
AF4BJRSGMCKQY5DFGB6KV3P5OY7A,B0BX8VJYMD,4.269290500702517
AHW2D5AFKMWOIVCEXUZJSB43TAHQ,B072FDH5X7,4.068188890793824
AGCRGA4K3TZYMVULSRLYGJILNJ6Q,B01KDK4QSI,4.635401135185138
AFZNG4THTEUTZC4XDEJS3U5WPOHQ,B001L8NGJ2,4.974362681550702
AGICD2I7CV354HTIMIUWJEHP6VZA,B077LVNP89,3.8908486150082435
AEX67ETQV7BEFGI7HZIMBUI3M27Q,B07H5HM6F6,4.078447495021146
AGYKBJXKGCM7FUQSK5JSIT35DOJA,B08BHY6WWG,4.2753182025782115
AEA64TVHGKB3T5UHJGBBPAM5BBSQ,B002P45B62,4.5271503281683545
AHEO3QE7OE27ZZ2TIJP2W7BCZE7A,B00UTELPGK,4.622441295010629
AHWXEOF3AV66R44YXMV6OL3GTLWQ,B0002D01JK,4.659419873945238
AHJUEBYCGXJEJ2LE6WUWHD3J47SA,B07WW5PKCP,4.0765618107125405
AH55P2KUM6KXOW2KWG6CNFHRPW4A,B09RTZ26KV,4.083924352189022
AH7GRHCAJCVNL6ROQOLIJT6PK2XQ,B09YYB7MNN,4.445777573933987
AEQK6QPYSQNUNNZJ76ZMAPCJOHIQ,B0BSGM6CQ9,4.57396012088326
AGRRU2INDXQYIJ4DUSPNMX4YFJPA,B073RTT48C,4.289965466250705
AG2DWLNJ7PZ4CNF3HG5LQLUK34OA,B0B92LPGD2,4.691666593569319
AED2TSFSYFRTY4JJ7TSCMFJIVNCQ,B07H7WX6VH,4.638290246054031
AE6JEOKRGHXGAGA4FNO4YA6OZHNA,B0BTC9YJ2W,4.777476027099689
AE67TMIITWIE5JJ4B5AHMSVDCP3A,B097Q9W8MW,4.639005574943358
AFN65DDQQSOAHZOK7XDWIJPU5BPA,B006BST39E,4.500545724583103
AFKA6Y5FDB75J6BMYLJMBL56L5LQ,B09RN6MGZH,4.770668924290223
AG5S2VTNYS7B62JWNGBC57G3L3FQ,B07CWLS8D1,4.564243484622945
AHPG4YCQ74YJYZT2S7QWWIX3PDAQ,B011N57QG6,4.18769197444774
AHZER36Y6IL7USHGBCELVMN56VOQ,B08NVVLB16,4.7579698011484615
AFZJHJPQL62CP4JHVSH7FRLHXVTQ,B00WE6INNY,4.909303652108201
AG3TSA7OBFJ3MRAEPIKD3RR3LQOA,B07M6T47WZ,4.711782656300361
AGLS7OCGP6FTLWOW6FG5LNSPQWRQ,B07FKKD86H,3.975947028851266
AFKAOSE742HF6XVNMKIFCZBJOEEQ,B076PN1263,4.424315484898745
AFLEPFSD4GD6B6C76US36CVYGT6A,B08T9CCXZB,4.572587881254479
AFMGBSMLPM3YL7LAM32CZPNXZ73A,B07MJCLK46,4.572154918225212
AHJOGKL3G262UFCW5UVYX7TOJ26Q,B00LOAAPKA,4.5009151945244605
AG4UD2WKMI7VQ3WUQDK6RMYE4UBQ,B0B8NXV975,4.370261636088621
AGOS3OK5UXGNFIHI3E2A3IZBXBIA,B00I9FL3OA,3.9455787605194637
AGKQIFYBIOZQGQ5EX7PD5SFVYCAA,B0BGQZNQ53,4.481967296155921
AFT34SUD4RUCCDGBHAK6SP3337QA,B00GXN20K6,4.206415532019215
AHLW3QNXDTKSLISEZBY4RCE5KSNQ,B08JMQR2JK,4.756580104571801
AEPNCU3WSQM2TKWGFVECRCF3JAJA,B001R76D42,4.323559610120978
AGVPHZ24R2K6YEKM5BWFLYIG4IQQ,B07TDNWYSB,4.554840624810223
AHM4URAETRB7ZICHMC4ZSA2WYRBQ,B0B9XPLGMD,4.426841418930013
AGY3QOY2LKZBJI7U4D3KWVGIMOYA,B01HJCS88W,4.750859849412392
AH7EXT73SLCGBJC4OYS3MXIDCKCQ,B07D9LVCNG,3.872020277379049
AHQSOZB3PBOOCHTDN3IRCKU3RUCQ,B0BLZ458F2,4.445159293436087
AFC67DVPXIBVL5VESTV4PG7PHZGQ,B0151KT2B6,4.400014247900645
AH46X4UHBAV2KZ3UV77D4VG66TPA,B016CP76E4,3.901182297708267
AFKECPJOUIDKRR3I4RWPGW3BHE4Q,B0919825Z2,4.781125210615017
AFGQF3JZAPHICVRV6GMORUUFKYLA,B00L6C8PN0,4.485512619833513
AE2CZNPITZCAYXISFKZ4GUI5VY7Q,B09G7GH2FH,4.642016150109925
AH7C6PK25WFNGZXDQD2XPQP2GAZA,B01LXTBO7B,4.799305655279462
AG6F7SPJH33LKPGZWM2CXHOSTVMA,B0BFKPWGQ6,4.0465908154177095
AG6ATLCKETNYRKL6GCQV35CSSGPA,B000BYPJ1U,4.298985442280529
AG4MVQG34R5BYWDV6NBCPRAHEJHQ,B08DBDD6CM,4.9109537084909975
AHZCZUD6GBJYNJVHADRVQJ5P4PZA,B00JKML35A,4.661413378726817
AEEAA65PKDSBS45WBX5IVQ6OFGCA,B017QAL24O,4.604251550093583
AGKNSAIF7C6Y4L4CXNBU4WY3L45Q,B074KSDLQS,4.369809201993212
AHR7HFWDNFQH54VYWKXSJZMMEQUQ,B0BLH2CBVK,3.8859935581153144
AGZY4THIYHSTYU7CT6O5YXQB23JQ,B0B6P55RBN,4.240395649200678
AEQL3STSWQRT4OQNXKFKRA43MBMQ,B0939BV175,4.488060112639428
AHFYN5R2UHLO7ZONIAVVBNGC5ZGQ,B00CGFRJ2Y,4.64037156550508
AFDVTLUWYDVFN6YZ372K4B3HKSDA,B00OGMD0VE,4.188665392324102
AFXVOM24JL7OMMEJEY7HEA7DYH3A,B00HTWQYSO,4.434584477245246
AHZCCQFMMANDVOFLJ7FEWOYVFLMA,B0C3Q29DML,4.318278067769145
AGI3IDLFDCWG6B7HE6P7WWUP4PKA,B005OZE9SA,4.10577962650263
AEGAK36V5XS6MLBKBB5HGZPXSZXQ,B0BT2Q355P,4.481584227400035
AHJ2NJTRCWB3QQLDFPPMYCEYDFJQ,B09HL8TQTF,4.825923716495617
AHD4P7SEH26JBMUVXF76ZY4ZO7VA,B0002F4YQY,4.704847971897109
AG5IRZQ7IYJ7HYHLPPE7FBYITT7Q,B09857JRP2,4.946142984854521
AGZQWNDQHJWRE4K6X554W4Q2MUJA,B0BG95DG2H,4.3216429511579575
AGXTKJIZOEBEHRFT3SOZOPHAPPTA,B0B92Q5QTC,4.661570989737107
AHQKCRAIW6KOCBXNQQ2HCMDHPPCQ,B00FFVKM2U,4.0954293586173005
AGRLJDWT6YCZ4SDXSZT7TZEC3MKA,B0040ZBI52,4.658863960845058
AG7EI3UOXIQXEL5QDZPVKPSVR4UQ,B0B59DLBMD,4.787032178343903
AHRTNXIDVTZPPET3MBLAMWML6WLA,B0002E1UDK,4.910253101300273
AHQKFLQUU5UH37DGEKVOKYZ6KQCA,B00TZH5DJW,4.577809971677586
AEHLARSBBEIYNM2ABDU6LHGE4QTQ,B003LPTAYI,4.3725841530531335
AEIRBLA7WN4R3DFFWOUBDY6UYWEA,B015JTEBN8,4.6942097567398235
AESVETCZKXFJI5FQG7KUJQP5EHBA,B0002F78KS,3.429080045711071
AH74VAPB4EPE6DUCD5VNR7PQELQA,B007T8CUNG,3.6222681288790404
AH75LYSHSNLVL3D4J4YPW3E2RE5A,B00O5EKZ9I,4.565286224624952
AEP4KJDGBH6XPJKFEHPYSAPUNDBQ,B09BS25NJM,4.669480607878707
AEZQ6B2ZLT6EQTG3LIN4OL2DTZ3Q,B0010KCP98,4.177244965819432
AHYAJGALLUEC74KNODG7TDLJLQJA,B0C1CX8K6F,4.538345755325465
AFZKJMDP6CGZJI2TGPCOG7PZDXSA,B0BT855NFQ,4.62452653175972
AFEGQEIXILE5NIYM3ALL22HPAVWQ,B0915DH3NK,4.516785412509943
AHT67F7YZT6C4DAZ4XC7ZXYCTAWQ,B0B8F6LD9F,4.9551990885684605
AGMMFTC4LMPBUSCOSAPMQU4BQBJQ,B01DPCONFM,3.965457277386122
AGGA75GROPWR6Q5SURTTHTERSIEA,B07K34CPZG,4.310041743635796
AHLCWDLO3LZRSKKBRQ3RVIPYLHAQ,B07NSWD8BR,4.445617701794332
AFFN67NKO4FPXSPUZYCOTZWVRWLA,B07NDJZW9Y,4.467841780149428
AHIRNUANOYBBZ4T7SHSAB5TC6EHQ,B0002KYXTM,4.050903193332419
AEJWL2VCYD5DYYK5KTYHBTRTTUVA,B0BXT384GR,4.535974271602618
AGZ7LYWY74HB34CX5NJD75E5R53A,B000RXN6XI,4.6210077044860425
AELCUQCNW5WBWISKDZWDRW6VIGEQ,B07H57VPKY,4.746821805616584
AG4KT7KJTW4KZZPNOGRB2W3G4OXA,B08R5GM6YB,3.8120523194550437
AF6NUCZR3MMBLJJCDNZS6PKZTOYQ,B00USQY0CK,4.435156093320964
AEFCF5DK4RWLR73TB4LHFQERA54A,B01M5CXA0N,4.167494745385279
AETSRSBYCGAWGUZ3BNSPEUXIQYGQ,B074JHPL8V,4.434534932678132
AEJIZI4BC2U7DCHW4LJI2VK27JPA,B01448TORS,4.464622616546788
AHZER36Y6IL7USHGBCELVMN56VOQ,B018W6KYOU,3.9692803796086245
AFQVSSK5ENT3MDNA5M2UN3AIEVTQ,B08F9K24WG,4.638995439927921
AG7BHSVE5THHDWV5PUW6HIVXJ2LQ,B01HFRDEI0,4.671471371657477
AHW2G5R3FA7BBXBDIIGS6HFWX7LQ,B09LSK67XF,4.261475549815744
AF2QKTYLPEWJZVZCVOFYQZA2R54Q,B0C67HCGBR,4.997780875203049
AEN6ANHOT5COUFKFIQUZMB4XGIEA,B0B28X36H2,4.252649207323799
AEX6JWB5W37EJHWJSKYXBAP5DLIQ,B06X9KG3HW,4.921254392730485
AFHNGZ6NP3JRH6GB362SGJSJ4WMQ,B082WVMFYB,4.200090257554376
AFCUT6TLZBDQLXJAKOVJ65LARDFA,B0799734T4,4.649320653015596
AHSEOIZUN3Y4WCGAVYNOJW2S4S6A,B00L1LL7DQ,4.836939123796881
AFGWUUOIVYEBY6N2EBLZGZZQEFWQ,B0BT9R8MMV,4.596799142993109
AEHVF4A43236DDIY4KEN7XGQTA5Q,B0CCJ1BW4R,4.906076249216775
AGUEYTWVTYBRIKKOMZTQXD7OQXXA,B00005ML71,4.267465236303024
AGANKYJ6D2VIOOGVEFFWZRBSHLLA,B00CE1ZQ4S,3.463278612683506
AF2ISMZOUHTYR6KLLBUL2VED3DUQ,B00BJTGILG,4.459765322360829
AGV3WQAKB47WL6YGX3IYAVEEFU4Q,B072MLFW5B,4.356859289736264
AG6IBE7FYXFZOF3OZJQDY5R3WMQQ,B07T7ZSJXH,4.450793080910499
AHYHM7HGUQRENC22A67XTNVE6FSQ,B00615M2CC,4.217534531601482
AH2QI5E2JQF357AYYEQJSJGTVJTA,B07SPHH7TD,4.762323017451571
AF2S3FZP47TU7EEO73C26FBGGEDA,B0BXT6TL22,4.072981352424276
AGHDSQTG33WNHMJXFWSAJN5WA34A,B071HN5TQ5,4.249102153013948
AFGSM2IFWCMZCPCORIQEO7SGXIRQ,B072B9LFT6,3.519455396424265
AGHETJ7PN7P2EEPPQZHFVHGV7TAA,B087MLNCXW,4.890462984587262
AHIUJLOAXRE3NKZ5QGJ3S4C2AQ2A,B073TXJNHX,4.364634419224233
AGZVL5H3CUFV6K563BQ3Y7B6PPZA,B01BU6B4Q6,4.748218812612759
AGKBMYYKA47EVKHM65BYZHTARYLQ,B075R94JY5,4.5869461558927584
AFTM7UBMYY6WS36ZESQQQ3SHE2HQ,B00P0HHNJO,4.314664965263481
AFIRPPNO7RSBC6ZM6OILCILN5ZJA,B09367ZJMG,4.5615258080858885
AGGYEV5ST5S72PYKJPK2ASXOUM5Q,B0BSGM6CQ9,4.717060133120175
AFIPUOQA55DSYMSWGGKNQ6FXVXTQ,B07C9YCY5J,4.503640600173662
AEHS4OB3G7UHTHUCP3YVQE5V6BPQ,B07R1VSKL8,4.5169262092199025
AFZIAUNJ5DNQDY524BRRVMFM6LBA,B09WF82F1V,4.226811583497789
AHHQMVOQSY4WOIU5AWA5AEAQPJ6Q,B093KWXYVZ,4.519721427965119
AF33Z3Y6ETQZV5LJI5N4NXV52KAQ,B002G1UT5C,4.260027452648477
AFDEXVHAVDWBJUKD3GUY64H4YZWQ,B0C159Y982,4.497853918870944
AH7WMY3V55DTEND6PA4TH3BVGGLQ,B0C6HZHZJJ,4.25394925120812
AGGGQEY2TCTVPBBRU4E7VCW57BOA,B00WFW2CZW,4.5339269754763984
AFVCGMPCE75MWLFYLYN7ASTQEZ6A,B0002ZO5Z4,3.756599630886503
AFD7NQEFB5SXRNZ6T4HTKUAXQ33Q,B00BIPL9JW,3.6587344154978574
AECFGXLEX3SU6D4T6C55X2NWMJVQ,B0016BFBO2,3.8058231172285772
AFNPMZT7VRZGEI4ZG5LDSYUGHWRQ,B0BKZ5F8BS,4.904044945837086
AESX54YDSH4U4NJKDY34QDVGEXZQ,B0BPLFP5P6,4.322998142323951
AG26VSS7RPKXVTAUH5XE3SEVZYCA,B00KXQIU5S,4.829235915109187
AFDSDZ4A6HKSIFVTISXLNY4KBTPQ,B0B58M32GZ,4.670749601916372
AFXBCEEH2IO5J72DZFDEGZXZGM7A,B0BHSG5C3G,4.603801434272189
AGIJKNB277PNPQ3NPETNXWN6YQ3Q,B07FTVKZB3,4.288657385356125
AH2KNTQFU4DWMQIMTDLFSMRQHRYA,B007MY5BDI,4.408357328377743
AG5IJZSS6AR5WICQDFBLP7JGHHDA,B07YM5ZHS9,4.148877770566345
AHWQWO3TDGHGSTCGTU77TE5AITKQ,B082WVKSNG,4.6923228705598685
AH6JESOL3IE2HXVN75ODIOHNWJYA,B0B1N6LJPY,4.487596090751722
AGT4ZGSFFZBKHPY67NJKXVP3ADWA,B09QZJ57YW,4.966196801544445
AESURT3LG3G3CVUJDZMCXRJ2BGOQ,B0BPJ4Q6FJ,4.589234607334272
AESCPQD5RHHP65UTHAGCQDE7BUAQ,B08SJY4T7K,4.21186819696171
AE2BZY5FWI5KSBCEU4CRCDSX2XUQ,B089T4BHM5,4.627090629691518
AEOK4T53CV2V3HI4NFDOAOCRH3EQ,B07GJHX9W8,4.643193113313754
AFS24POYFUSC6BRTUFGSVF3ODRHA,B07YCMQBRT,4.398010254854733
AHNVZ5XVQJF6HHKVKUN44DXVI5BQ,B0B8V7C5N8,4.604302844691463
AHBIFGZDADPTOK7CCTSWXQYVY7IA,B00N5THDR6,4.307865074514171
AEPBPML6HZCNA2CN5QARQJCIIHSA,B0BT855NFQ,4.296712421035634
AHHZGNO2E4NAIBOKZ4CP4RMDHONA,B000DZXTFK,4.190345190078854
AHNY2MHCR3LYNLRKLZVLTUX553ZA,B07T3Z11QJ,4.915049989937659
AEOBNJFZNO3YZC76JOBDBXUAFVYA,B08R7V5S3X,4.34754253813906
AFPQPFMGLESPNSFDMVCZPWCGDAFA,B0BCXL2V52,4.525284634151273
AEQIN4M4HIAJV4LSFTGGTQ2KU6ZA,B0116TFMM4,4.314314530374868
AFFKWNAIQAYIWWRAMBH45SCGAJEA,B07Q38FWFJ,4.78839197149163
AEHVF4A43236DDIY4KEN7XGQTA5Q,B0188WO6OC,4.913255625056872
AHQPPPWBZCUEIKOIGEGXMBNDWQTA,B004Z8VQ2O,4.2893931463717285
AEL275DNGFTFLIFSPTKDR6VJECUQ,B01BJNIFLC,3.8687451529248116
AGCVCVBQ5PECVBEARVIAQKDWKV3A,B0085545YO,4.708836995337724
AFOOI5ACUEN6EQJGID72GT2LDZAA,B01M5F92GD,4.283434902313497
AH6G3YNWPVCXX3C76IM5B2QPFUJA,B0B2QG44CZ,4.94725154000159
AH74VAPB4EPE6DUCD5VNR7PQELQA,B0002Z2D08,3.5562983083220168
AHKPGMWJYPVJUZ3WKPO7WPRQOQFA,B07D533BY8,4.731560423562637
AGEJRGFQAE756CZAUY4OQLHQ534Q,B096BHMVN1,4.677047247654126
AFUAQQ6VNKIE775XCZXO6JWY4FRQ,B00VSYN25M,4.207176792066343
AG64SW2Z4TEZG4IWEGEUFEEZBTRQ,B0BR2WFYL6,4.32564085548583
AF5UYSBQUE7CZYB4XX4P62KIX5NQ,B0BMYZRY86,3.9669783148086886
AH34OJILGDQ2AKX6WUTYD3W7ZAAQ,B077P9K2DV,4.627455317057399
AGTGKLYFHGWKNOMOMJSCTLCPPRPQ,B0C54RRCKG,4.6034070771995035
AFJ6BNKTPZQXGEOAIOMMCSESJS2A,B0772STLBS,4.441052647489265
AFQEN3LGLPJJQPNATJMFW4ROBALQ,B017808XKS,4.436916849319234
AFUERYPQDEJGMFQ24OMVIKOAOWFQ,B01667IMKU,4.950287648767344
AE4LX3GCVHJIMCM4DIJZCWO7RCKQ,B078YMMBWC,4.146401880962898
AE23ZFVUOMPKR57BVSWXV34QLMVA,B000MVYOZY,4.49883340597493
AFIBH7WXO4EP7S7MPBNUSRTIGO3Q,B0BK6S8QDW,4.483680884807298
AFZSMLMBFEZVO3R444YHFYZANESA,B087W4WLKD,4.240095873553806
AFQUMYRPKJJT5VFV3SXZX576Q4OQ,B00KMA0R38,4.209120434026455
AFGNBP4CGZGNXB33LHNUQ7SJZQ5Q,B0925WNSYJ,4.537171279576776
AFES2HZGVZLGZO2LNH2YRMIW3EYQ,B074KG3QWG,4.037107077654254
AGE6VFVSIBY5MZIHSY3M65IN2LPA,B099NFZP4S,4.59532537293
AEIP4QW665JJOGQUKPV2LPTCRNTA,B00EQ25MTW,3.927851998734288
AF62V5OQ5N6AXFIPEC5OW3BITFCQ,B08CMNXMZ1,4.412419653037336
AEHMXMFC27SNQOSETCOQUVKFBCRQ,B0BT855NFQ,4.089514554196645
AG3HAPNQSMKOI362OW3D6I5XBUVA,B08DM9NFLH,4.388335667929426
AEYM4JF7CX4PXVZX6HBA5ELI544A,B0002E38BM,4.966086485734497
AGKFZT2MT5YRDKDTKWYKEAEGLUZQ,B00HTWQWFO,4.477483619696904
AEGDJDPBNZIWPY5VWOWMPW7ZJ6CQ,B07BZWB2Q6,4.592052841333732
AEIBZ72IEC2U3QK2COAAGN3IOJNA,B00WJ3HL5I,4.427123529733207
AG6UNPDBZCRVEBYEWGBIKOX7FV5A,B07KG1KPT3,4.785110250280906
AH7VVPGAXBTVXWJOKQS4FFLNLFWQ,B0B95V41NR,4.542505273722153
AFT5P5TGXEBFHQDQPSU7COEQGTPQ,B01E0TCCIO,4.161103783107595
AGH24MMACIIQCF5BY3Z2IPMQ6KSQ,B09QDL744G,4.025775211600876
AELW2KBTX6VJ6RO2OSAKBEBXZNLA,B00CIO6BEA,4.5512802740927665
AEBCA4T6SNCNUEDXBKCX7ZFJQL4A,B0817CVBLV,4.925979518019665
AH3A75BKNRKPBNJZZ6IK3CEGBR5Q,B081BKLQJ7,4.41717090062052
AEOUOKA2NPLBOSG73KGJTVQIOK6Q,B0BB3LY92H,4.436381057688465
AENNORCDOTT2KFT5WUIK7PJ2EXOA,B01AIF4CL4,4.49691893334784
AEXDJIXUAUGIQ2AE3PYDJI3G6VOQ,B06XGZ5Y5P,3.77476040552865
AGODDVRWGAQPWOIVFD4V76XIST3A,B07D5W5X3Z,3.9768575523162415
AHUZL5QVP2SC6GOXSKGNAYUZQZ6A,B0B95V41NR,4.466488435026471
AF2BVC7G4GIJGTXCKNZBTXVYEFEQ,B00Y9AD4HS,4.515998900472872
AGQRL6XMEEY66MRXGBM6JSYF7AKA,B01FX69CHW,4.569563288895057
AEN6ANHOT5COUFKFIQUZMB4XGIEA,B07CQSZQZL,4.194824707780987
AFA5S5G5YODYDDKYA4I3GYFU27XA,B0C3LGQ9S5,4.773010619430158
AG4PK6HY6J3ZFZODPIT6ZB3VV4IQ,B0BJPNRP4V,4.614651697784789
AHGYSJ5C6F7YUTGNX6EMVI5QLYUA,B0B8P1YW7L,3.9696391442098595
AHDZKPPKUT7HD47LXCBN7RQNN6KQ,B08448RJNW,4.218666996735987
AG5F4B4NU6DRMAKP743BDE5S3T5Q,B00VEMPWVU,3.9483232291320824
AFWBENHWG6A6QJCJISR4IU7PO3UA,B0BX8VV8Z2,4.386685270255756
AEKGQMZDSCDWHSP4KYEJHRNSTX6Q,B0C5BMZ1K9,4.499429059839616
AGRYONT5LYN4O3T555UX5TRUOBYA,B0BKZ7328F,4.14027591396403
AET3WWTDHC32X57Y3WR7C34L5MZQ,B078X3SSY7,4.5402952063286754
AFXNEMBTXLBPE722NF3QI2OX6QFQ,B01KDK4UTI,4.940520145638877
AFIPUOQA55DSYMSWGGKNQ6FXVXTQ,B075SVQVVW,4.77358375645618
AFLYNE7DKJGOYOCNWPQ46WNP5KJA,B00IMB0Z4A,4.581392045494879
AF4CELFQ3HMHZYWCKMITB6KSJFEQ,B00H8AOKO2,4.681798292465862
AFSMS4HPP75DQULTPV4E6CLL454Q,B0BSCF2FD7,4.639971892321553
AG4ZLTRHVAZRU33BPY5Y643IZXPQ,B0C3H7SNPQ,4.990742725739088
AE47C7UCH25CZOSDB3ER3YYW6ZJA,B00178LDW8,4.344107462797461
AGJE4HMAW5VELBJO2TVTVOH4OYTA,B099QSKMBP,4.294406552397267
AH7FBTPM4NURZRFIATVTWHJHRG3Q,B01BZTH3ZY,3.9194690112694466
AHPWJQOL2OR454QAR6AHWS4HWNPQ,B08CNGNB7S,4.930143145533556
AGMF7KUX766SMMOL5OBOMUR3LHYA,B005H2007E,4.317964792676862
AEPAL3UKP57YJTELML3OBPLR7TVQ,B016MJ80PO,4.169261739779338
AGSM5OIJ35QCDVX6F36S4DBHKZCQ,B003MB7156,4.466386825626326
AEZZ2LUOLUH2FIIIV5SHAWRC7PKA,B004XNK7AI,4.438423427459701
AF52YYNCWCZXLKCCCC4JT6MWB6QA,B0BPJ4Q6FJ,4.424633093598424
AG7E5VMNQ67U4UMWHF2FOZNA4NTA,B0B8P1YW7L,4.86625315063844
AEWMZ6RHOOOX7FSGKLOJKQQ5EZOA,B087X1CF8G,4.683856129901057
AEKCJMQBLT3GBJA6JG2MY34B3T2Q,B00065Q1BQ,4.046345861023567
AE5JTZUAR74DEHJ5SQB7RS3SWQJQ,1423414357,4.127265411612072
AF4O6CFDOAPNEW63OPOZLJGZ5C2Q,B0C4CJND96,3.5235243521790163
AEUKSU7GTIU6WHZHLKVDDXF3FMFA,B004UIFXRI,4.308730692165256
AGW556U5PWHKSJY44HOFU6J6Y2AA,B0BT855NFQ,4.491845012314982
AE7KLONBB6QE74EMTW7WWWFABNIA,B07CYRYQ8G,4.383968930475246
AF33HEDLD3R7575PIVJCBZVQ2SQQ,B09P3ZVLV8,4.291715584344286
AH5SU22TDKPZPA7V7VHL66CPV4ZQ,B0B7ZQPJ1X,4.606984095682075
AFGI5XVA5EBVOE2EOS42KHQSULXA,B005OZE9SA,4.3682886987081995
AFASXE3IVLE6SLEIUL6MZLWZPSHA,B0BGQZNQ53,3.877342420480511
AHS3ISPBYRBX7O2VLTERGFW2MXHQ,B01M5CXA0N,4.087346022947593
AEQH3EXLP4OQR4XMXVDVITSKESQQ,B01J317H5M,4.469487848506628
AG5QJWMXSGR6QK7CTCJKXRD7OSOQ,B07MJVGJSV,3.158263226723156
AFLPT4RYDWXLQ24OZU7RQETE4CKA,B08F9K24WG,4.689551963636975
AFDI3YPNNR6IN2BJIJS7RCC64V2Q,B00N4ZIWN0,4.498749551293062
AFG5CUW2ZXJHKIGDKYSPUSRCUS2A,B005SNMAWK,4.176690697828113
AGUOHU3QINJE3M3WER7FBW3GNALA,B0BHG58G2F,4.497320114295824
AHEQMSP3LBFELE4QDJ4LXAD3LYAA,B07YB77XXD,4.511393307639806
AHV2XUY4DXHZD7RKGPWFEU74NBNQ,B00WB2401K,4.946734927435201
AEFWP7QQF5X4YDRF3U4LAXUO6PFA,B0BLLKKFR8,4.811132519207422
AHKVXBCLPRHVT6XJVQBU75JHG4XA,B0B8YVK5YC,4.467821251508606
AHICAEXRGOBNEKCK2KQYUI44SMVQ,B07MJVGJSV,3.6617622210387197
AFHDHQ4RL34M4KLPBSN5FRJK4CDA,B0B8M2Q1DS,3.9824252644956037
AEQENVDD5SGG3O6H6LFQVQY4PL5A,B08TVWY2WY,4.806276181841368
AER2KIKOGMGPCUESQTEQJGSVM2GQ,B07YJZGP5X,4.819794412750531
AG56GLTP5QGI3KRCHCFC7RGWQ4QA,B09DGSCGW8,4.771771306053046
AF63VW7YLF42A6STVGBLACD7RUWA,B08BN4G8GG,4.255437505260487
AERGPILRKONAH3OE4YYQOKRCSNMQ,B01AATMW38,4.851571830691806
AF3FBHCAUSTHXGTODQONDLTDVQ3A,B00L1E6NR8,4.651383235784805
AGHECGJA3S5TVQGZHJZREKKIHPIQ,B00VEMQQB0,4.315825468397097
AHD6HKJ4CNXV33UEHRJ4VY2ABMTA,B0BKZ61YJJ,4.389180856939329
AE4FN47IOPN63ZFGGYNMY7RLMODA,B005EU6KYG,3.8699935693413594
AEMG6EP7KEMQNNP5C2ETNZ2A5DNA,B07NSND3FJ,4.408226908099542
AHAHOZT5TWLEYPYLP3UP2SMEKHYA,B00JER27MO,3.7016822954456985
AGL3JNBPKKW22ET2KU6GFSE7Q22Q,B09BR11LYJ,4.2465918845277875
AEGVLJIQBZBO6BWEALPMJPPQEZCA,B01E4MELN6,4.555687072571153
AHWBYKM4ZH2W3KCZFJSRU5ZAJE5A,B00D35CNL8,4.398953540017103
AGHQ2K3TT2J2TYTGJENKB736QD3A,B0BXT1HP18,3.999123008097154
AFHDXRVY6XZO6QVPIOOQRODJK54A,B003LPTAYI,4.2795852514219215
AEDW7SQR47MF36I4WNHKGDBO6SXA,B0002H0KG0,4.874504268058986
AG4UIV3BKJP4SYWONJ3RMWCPBHXQ,B0C53Z9TDF,4.627127085855453
AGLTZKRU7DBJUW2ETIYDCZTX35PQ,B0BT9R8MMV,4.866705067491453
AFX66HHUFOEYU34TWTIJ5G6UMUBQ,B07F5PX9Y3,4.9479806794272045
AHRJJ4TYII5MHJUTLCCOGMB466JA,B0C3J448FC,4.612468378933739
AGOE4EACWAS5GX6JQJA64IL2GOJQ,B09RSG3D9Y,4.919682056362869
AGRENY3LF3ZMX7Q4LLIFLWACQDNA,B0BJPLQDWD,4.651063126008253
AGLP2XILQOGYKU4SS24HUGYUUCOA,B00378GEAM,4.702786254558335
AFILAHKCMDQESN2SURI7F3IJB2LQ,B06XB3FQKB,4.710765483164415
AHFROC2LGESBRQYKHELKW4SHNSKA,B089ND6BCY,4.566390779180798
AGVK34A2WS5EDKNW35GTRHSOA2XA,B0002GWNMU,4.347553150814103
AFXWB2FZMZATXH727LV4BH7TQ6GQ,B014L9CCHO,4.646964263935046
AHIPKIT25JKKXMUL332SVAWYAKBA,B0B92LPGD2,4.936721421818891
AHECTAKZROG5ZLM3CABAAIBRS3NQ,B0BCK6L7S5,3.969505632013363
AHMY4433RXWWWIPLL52FFK3KA2BA,B07BHTDYGR,4.95683710864714
AHO5IPKZNXFFG2LYSCTINORZG7EQ,B00RMCTTLA,4.436359337797688
AFIYLTZOVWCPKU4HWLRBJ55QYQGA,B015IJIO5U,4.557185460321268
AHQ57ITZAVCHJFVBDTPJC6GFZIGA,B07QH1B746,3.5865480156206737
AGOALS5CC76GFFR2NIIYNIHHIABQ,B07FYL7LW1,4.585110417365544
AEH6HVH3KDBXPOCUBS3FU3EPDJNA,B0C6J1X7TD,4.735127482407857
AHB7NX5MFSJ6W2NWR5UNUFEF7RNA,B00OGMD0VE,4.822435054174203
AEPX34YWVIUCVH4NTQRTPWILHC6Q,B09NWCD36N,4.744104191438597
AE3WKLUJVFL6MZVG4N6K3JDYRG5Q,B002GYWBKU,4.464317985258051
AFPNXG7VP6RXRJ7JGETPK5RDB2OA,B00WJ3HL5I,4.429212479775149
AGT2TLMLIWZOIPRZ4ZANFYICIKDA,B09PBL98Q4,4.386263381729987
AH5D3TL2SIYIOBOHO6PK6HKB7IYA,B0C6J13QDT,4.751458036680767
AFD3SUBU6QV4WG3FUYMQNRHKHADQ,B00T631UTC,4.1147886599341374
AEXUKBVS6GXAUCTDCHL6AX3A6DOA,B0BKR2ZM9X,4.92020355965425
AF3WPB2U3INP4QLJ7LMFA2ZUBAIQ,B08Z5ZQB7F,4.949035090178227
AFYHJWIGHP4L6MNJXMWFDRM2PNJQ,B000CZ0RME,4.302995396750595
AECSHKQ3FAAINVZZL4REOOWYIJGA,B072575CX4,4.790473230744985
AH5QEH7VIRRWOQ7DHQ74CJ4FLRNQ,B09FSRVQ61,4.6874098088788
AERXMC47CCEV4V4ZFSZMQEEVBQDQ,B005QKNUOW,4.258016327860168
AH23J2XIYQYV4UR2G7LK3JG6TGCA,B01JRKPCG0,4.642904734392998
AFP3NWSV6FAVUJOBMED5Q2CA5VTA,B00IFOTSJW,4.238508941728502
AFZHRGPFPMKKAPUZ7UN6ETIKTP2A,B00P00C1UW,3.934401375581309
AHTRZPYHDLUDSPYWMFELSSY2F2KQ,B08VJC3GCM,4.399127014219043
AHPQ7WC7LTS4M3NMXHMGMCXHFBJQ,B0BJHZR65R,4.358277813108116
AH3KEIO5FWO67MSZBUDQJFDD2O5A,B07C9YCY5J,4.772841332221987
AGBBU5ZI6SNTPSVKYHUVUAPRXEHQ,B09G9DVTD3,4.376805469273205
AHK2JKHQ22EXZBQWCF6SAV3XYAYA,B08SJY4T7K,3.5613412801147852
AE6BYVUHZCRER7JBO5CFHJEOHAVQ,B005OZE9SA,4.111194794914408
AGL755XXU2BKX6BRIRD54MUZTRKQ,B0BPKH4HB2,4.6142353867995
AENQIPCGFGPVCMZYAJK7LIBIZNQQ,B00P6KJ4P6,4.87577911036214
AFGD2TUWHNIVK3UQJB2SK25U7ZBA,B00OYUSHJS,4.456537053826462
AGFB74WQOHVJP4PGF5QOXM5CXYQA,B004VSQ5Q0,4.1871775361203785
AG6IBE7FYXFZOF3OZJQDY5R3WMQQ,1423414357,3.9526933541446
AFFPCRIHLQNCUF3UHZKFIO7TWK2A,B00IJQLZVK,3.6580153744260464
AEATATWIJVRKLZHL4XQBAZTTVWGA,B00L9R9YVO,4.65435210405309
AETDJLRMEZGXMFP2UJMNCQOGMQJA,B019MF3U9Q,4.364358644666303
AHA3RWGZYBVOWOCD6NZ5U7SJPRVQ,B0BSCFTV2G,4.80893399487815
AH3NV4CV2XTSTD2APLWTU4RQY4WQ,B0151KT2B6,4.566523504692574
AGZXSZ3JSHVOVFSVIPJN2AZXAKDA,B07JKRBNWY,4.74837089856499
AHWVLOZPSUC5ZDUOTHL6MTPH44SQ,B00T3SKTCO,4.5982174023363696
AH7YWZ4DE5LS66XEUKXJWBKN35AA,B016P20UC4,4.5615804294682585
AG333H4F43U47DZL4GO5CFBLMU7Q,B0B7B9W8HP,4.963632134902153
AFH72LPZ4WR2NUKOX6VR2Z7HXIZQ,B07YTPVLV3,3.965082193985015
AHJH3LLQPKTVUMUAGO4BJO5BPHJA,B00JQYUAQU,4.9667430044273475
AHF24R5NP5RIVLACS63KEM7MQH6A,B0796CFWKG,4.668134399258421
AEW2LO2YEEIWZ2V7CPL7Q6JBM4HQ,B0B8Z5SW8Q,4.357284147491735
AFNTSVIYFEGL4LCVQ57LQLNT6FEA,B0BJ8WDC13,4.442694705126949
AHK5WUWBA4YLYDVBSEIOUL73A33Q,B00IPH8MD2,4.647764130219598
AGDNOK4WENFWV3HIU6EWS3PGKFPQ,B019H1STZ0,3.86147861083079
AHVOTEEVDVGU72JTLCLMFW5LLY3Q,B0BR2HYQ18,4.703176544779846
AGWQM2RDWHESGJBIMAO5YYYFMS6A,B00X7DEBXO,4.107170339421318
AEPIKVM4G45VPQVGYKTVQVCV42ZQ,B074WXM13T,4.680772606150977
AGNEABV223NAJ3T7MKZBTOMDSX5A,B004U0JTHG,4.09643384752749
AF4SXAHUFXPXFBBM333BSHEX52OA,B071ZHLFH2,4.14957419687068
AE6WNCV4K6LZDH325544MX5ODOTA,B0B59DLBMD,4.935635433559941
AGMD4FTETUZZRG5DAGD3ALQEMEQA,B0C9NGP88D,4.56524952263046
AFE77S5RFZS4KQJL6SVT5U52ASCA,B0B16WH36J,4.873488412087136
AHMIJ4JOTBVZX7ERWMM72CRSEQZA,B0BSGM6CQ9,4.670924147175326
AFLP3PAE3CNZ7ETSWRS34KDYMZAA,B00XBQ8UGG,4.422084589130923
AEK44DL2VPRLCOPLRUCGNGHBNY5Q,B01AH3RSAO,4.38078354351033
AEPNCQE67RNHL55MEZGPI653CNOA,B00JL5I57U,4.358220213186757
AFVXOXPDFHFXLCYM6H2HM5PUOCMQ,B005Q1XR8U,3.9524167913839623
AEVUFBDEHWXHLGY3VNAET66A5ATA,B000CCSWPQ,4.581865637734789
AH2ZQVPKTAYCR67QNZ2BNYP47HAQ,B00OYUSHJS,4.628973077218453
AEBEWVBPH5MBXTRNXQR7WSQ2WWZQ,B08FHV6383,4.802852820601757
AE7FJY7OAOPE6MSGJLWVLQQRWMJQ,B0BYPSNQYG,4.552431518003068
AGKJNHXZ2RYFT4CN3ZTRGAGDPLCQ,B0BK6TR1M4,4.270910481372911
AGRT6VTGHZIQYDQKPWKQGMUXCGJQ,B097FMTZCP,4.260483172667382
AFQ2E6LDZCDURZ2WY6BJV5RYOLVA,B07DLBJKMR,4.532614522037897
AGDYPVIYB5CJTZSJ5H6ZTQHXPFBA,B099Z7ZKM1,4.131671936175427
AFASBYSUT2NHJH4M3PWBO4ZYZNTA,B0002F79E8,4.646760209820495
AGJ5ZHY5Q43NH73NAAFRO3A2TQKA,B0B154YB1X,4.421482183348666
AFW5SULKL2IZK53IEA7T3HJMQXZQ,B018FCZKR2,4.796591981784334
AE2NR3B5X5JKLKOZ3LTKABR3FMFQ,B0C3LKLKLR,4.688331937853159
AG3S4FROO422V5KP7DJCBXVUQLJQ,B08P4W7NFP,4.814643598650538
AGPE234Z5X3X73B4DSG2DE3ZTG3A,B07NDJ1HSG,4.791316000735964
AFUV6KLJPKFA6QQYGINR4D2MY2XQ,B08T2N1WZR,4.748926679096859
AGG4LCGNKY3EVBOSELGXMEDXFYEA,B00NARHNCS,4.741255038920942
AFKYUEIARYQHQBR3D7L4VNO7ELRQ,B00PKP3EG2,4.347772644127989
AFROEQNCYABMPCZYZPJSQZALYZUQ,B093GY64S8,4.54468658713319
AHLCWDLO3LZRSKKBRQ3RVIPYLHAQ,B01DE4DEGK,4.724853960833754
AEEFBCECFWLMTV7INRRMZHWMYLOQ,B076ZNHZ59,4.729953449167943
AHNUALEQSBJJGHXFMSEIHPPXJGPA,B01FF4L8Q0,4.515833031092176
AGBCUPQNLHJ4MYDFKJSRB3ZX3MHA,B09BQWCDP8,4.545666000916503
AFF6IT5MM7GHW5HLHWHVMWPFNUPA,B0C53B85WZ,4.5399131768956345
AGUQUN4TIWP46MPNHP5QOPOPRFPA,B009GS6Z3S,4.210457143771975
AGTY23JAMILFRITGRT5OIA4HKFSQ,B00JLPHKDA,4.644097360364834
AFQOWS53WHEFRW2W6AWOQ2MOEMZQ,B000LGA2K6,3.312958457112295
AHSKAICVSFGCKQNXY36HSJ2NH7JA,B07MVRZY88,4.523229564212509
AHITNRIG3XWBTZQ6NIWR3IIHA6PQ,B07BMWJBY2,4.286329617022976
AGOTB2JUTFNKGUG37SWAS4XVAPTQ,B014F1UKI6,4.224926180882247
AEPJXX4K5S4WEJ7EHNBIGZA65CGA,B008FDSWJ0,4.272164991065039
AFSHECZQ35LO42UUW3XJSQOH2QKQ,B07FYPBL6K,4.878864124236158
AETH5XE2ZFEB54ARJBP35D2CZLPA,B08XMK3D28,4.344777686135742
AHSSA3HG2J77L5CLVFOXMN2I6VSA,B00UQHLNDK,3.8085923788252747
AES7KU7JY6KI2MNQ4N4IP2YCMTZQ,B01N40YZZQ,4.077449695072098
AGZYIDZNKPDI7NJFATD4H5UKEIHQ,B07MZVHQXQ,4.948084371118614
AFEBTJ3TAS5F3OGU5NDX5EYGBP2A,B00EB123MM,4.7800820798035
AFRX43P7EYLAC2GPFFUU7XN6OL6A,B01N9CJDVE,4.4504078375770115
AG2ELZ2DRRAACHKCN676XALIEI7Q,B0745KXRSL,4.634392755557417
AHJ77FMTOSG62L47HGC7U6NPAV5A,B08H1PVP9N,4.594527654065671
AHEAUBT2BHFMZZVR44BH5NKTU4KQ,B000GATTM4,4.552475721602986
AHOAKTHD5FA7MWLV4I2IBOYZCCAA,B07DVCVG94,4.523647553838421
AGL74F3QKUTVW6JAEHRM3DFXKBRA,B0BLH2CBVK,4.18636252275297
AEW3RXLOEMYULYRIDHAKSVNM5KSA,B097Q9W8MW,4.648229656633796
AFRHKO4374QYE6EFRHEGGSPVWJSQ,B003KX4SC0,4.584404014045412
AFFCH5I443XTDKKP6XVHFGRNRN2Q,B0B1LK9SXB,4.365845527661702
AF4KQTMWVCWCJN3MX2PX4JXCAHHQ,B00RX5HQS4,4.79103338932186
AF6IFSGJ6MZRYRS2TEDTSXHE5VXQ,B0BPKH4HB2,3.9262620204241387
AEREY6SH7SQUHGC2ZE3QZLWNKVDQ,B07BLM53Z1,4.550674898377306
AFJ64QKSQO4JS2RDTIM6R5RIAMBA,B09R3KNKKG,4.923806509808589
AHMYDJYCDBIVYE24FCGQQFPCG4LQ,B001E95KG0,4.622838205785199
AFO5NENKMIZMM4NNXRWML6JG2CWA,B0002I9MPO,4.768107481730411
AEOM4BJ3MA6T6Y2JD23KRHYMUOXA,B01N1UI8V7,4.687018844404185
AEUI4EM6UBCN6FUKBGISB7UJIFBA,B00BS1986M,3.8676917464169738
AGIQ2MENYEDXSL5VZHDKQTCC4ZSQ,B000CZ0RLU,4.341910186929108
AFRTO6XX4O7NOD6UYOMG3ISOYTDA,B01LYJMH9P,4.735181351623019
AGEYOG5C2ZNK32UKSRKALA6MFSYA,B09857JRP2,4.956290192128784
AH3M56TVSIIT635XXCL7ZXR44TYQ,B09N3PBT9S,4.465395260463708
AE23WLBRYKEC67DM43M6E2MF7GPQ,B00356J8KE,4.1572617156072935
AF4VXIBLX7STK73A7PH3ECA4GBUQ,B07RL64LCG,3.7991792954313346
AFVF5ZISRZDB4O7TWRAKFCX5RL6A,B00PZGTVAE,4.63652883367136
AFQD2EZ4O2ITFTDMWYBJOHSRJNJQ,B09R2TMLJR,4.545525244616358
AGN77Y4XMITXHDOOVYTIS5ARTU2Q,B0002EJNH0,4.695607321296354
AEHS4V3DRQ4ZIXBWECYJPRN5TFZA,B0928HW2P4,4.958112670424782
AF7VRLJZIRYWVNXMW2SAFC3LZWMA,B07N5J3GTB,4.330773092822298
AEYVYN2QKZKKFTW2LNJG3QKFGHPQ,B09BS25NJM,4.763980586451718
AEMLDUMRZRY3H5UQSTVOGIKOR6HQ,B00H7PWPQI,3.6325940744215894
AE7GVDNRY5NABEP253Y3GMDUZOZA,B00HTWQVU0,4.398350080418704
AHVXKHLQUUSLMXEJHNULQ2IK6QKA,B09JMYM88H,4.544994427714193
AH37QN446MUICQOGTHU2R2EUKLXA,B071V3MY58,4.482724151001614
AH6MAK6PF2Y5LOQKNJCZBEXMKYSA,B015WD6FIK,4.4856226268374035
AF4EY2RL5MCVIFTSNCGQ3SNR5RBQ,B00IFOTSJW,3.7692848416164417
AH4PLW7QNHKGICQTUDLLLEGLRKFA,B0012BPMHW,4.870060724019205
AFYU7L6PPUGCEG4QKNLBLABGJSTA,B00Y3NG5HM,4.209245975614718
AFNBGFNNXC67NLYI54RYRDKFA2UA,B07T65XWM2,4.330974534900414
AHGIW4KOZ7GCGETIM5WLEGYIYPVQ,B00H8BRK0M,4.2841729519143135
AFJXYPYONCFB7NAUAUK6AVRHFTLQ,B08B6BF5RH,4.641918875716783
AH54RFRZZFYUNYDPEEZJQDXEVISA,B0C2X15CPH,4.959091600181622
AGQ6GRPMLRH6TUFSQLMCND27UTKQ,B07PPHHG34,4.317515492504229
AEYVWHALKMARVCXXX6XJOATQ5LHA,B09RN7GR8F,4.4098713335867386
AGMAZX4H5TKOZODQJ7MVOBMS32OA,B07C91JT14,4.52065846867839
AEADVMHY7IFFYDMM2IINZGE7UDEQ,B0BXCXGCVN,4.38054912304497
AE5KMHTBVVH4B4TDRKLTR5HQXJVA,B0BZTB9B4X,4.367438218577733
AFNDHAODHIE4ZQLJGOA3PYY7FTUA,B077YGLM39,4.8541213721835215
AFQKIGEYXZL76W7BIGLVR2RIPMZQ,B019OO4IY6,4.325397823519065
AHSYUEHHWA3FIZAUAZYFN54OHZWQ,B0BHG58G2F,4.754235446830705
AE534R5TF6WSI6SQTKUHLDSPUFIQ,B095XCZXNQ,4.582906552426575
AFOBLXDRYH2XKLUTRJ675NJGLLPQ,B00LU8K790,4.311516099415667
AHVFDHPFOJQU7QROTAEKIOTIAI5Q,B01LX96P3A,4.597505579821726
AENHAKVFOY7IOTVFZ427OOWIB66Q,B0002E1IW8,4.8370509931424435
AHRQCX6F7G5BXPNBEQ5MXPTRN25Q,B00UXE3WOY,4.383727760956119
AHMZYSO7LAKS6M3D63FQIPQ6UPAQ,B07CQMZVYL,4.024125999249896
AHI3FR2LO3SB5SALPSQEFYVAY5TA,B0040YZEJ4,3.809176781785696
AEDSQQJHX6LWSUUJEL76MQSYBELA,B00O6KT5HO,4.588104389465546
AHJ7KQRR6SH62UD4ESCUELE2BMZQ,B00HH4NO96,4.346176038773685
AEGQPKRSLGQQORW3OD4TGBYLPAHQ,B077J6ZGD5,4.79116951101503
AG3TPH4URP2435TBSYMQMEDWFVQA,B07CQ9VV6F,4.629105951804406
AFU65KF3HONQANSBDPJ24PMXDCHQ,B09RTZ26KV,4.725220408045105
AG3ML6ROY7CFJTLMPJYWIW7KXQ7A,B0036E8DE2,4.719507934207346
AFDVTLUWYDVFN6YZ372K4B3HKSDA,B0042EZH6W,4.0016655380313955
AFZOKI2OHUU7CIDPTMUHNIRBT4OQ,B00E1P4LGE,4.727163147392662
AFUBUHRWHPHCEJXO2ECK335UGLWA,B07M6B3RDW,4.7166342819559
AEN5VFEOCM4ELH2ZTQHDGUZDWDHA,B00H8AOKO2,4.397121503542325
AEZNCOTOACFQXLFM4MXKSQW6SFKQ,B07WJ1FPX6,4.535035702949023
AH6STOAHH6WQEOX2LJHUIMNX5VVQ,B000RXN6XI,4.882324393009323
AHOBKBVHEAT4KPRVI7TYTF6MEJXA,B07NKMZJ5M,3.983480032570369
AHWAYCEX3NCWJD32JTFVBFXKUHOQ,B07DXQ1NP2,4.2884158575012075
AGT7E463C4DAGHWCWOPRZBMLYSRA,B01M1ESQ9A,4.844513450837105
AEDMWS2C47FQKX7YCUBF2AKGOUMA,B07B8WL33G,4.720321055615523
AHKJF7SU2DIXO7MG4SODYBOJWPWQ,B06XFYX3NH,3.4052189588607864
AHMA7ASEUEDMYKTWHXZ22SLC46GQ,B06XDBGL88,4.9813741305527115
AGSAA6D4WSVEO4G2JONYMQZGVCJQ,B018S20LB4,4.935236805727766
AHC5GG7MPPNIJ6WGMBE5PEQVCCSQ,B004MN9GWY,4.848715377735531
AEN326SBT64VHDX7FG2G7ETRXB3A,B098KXQJVY,4.7350284220466206
AELBQJXOJ6S45HQ7IT5QOIZGDDGA,B08FYHSQTZ,4.397459095315554
AGBN5H6XSN2RUYI5DGFRDAURIUUA,B00FZJ25TU,3.63149902861888
AHJS6QDWCAHL75QZJAGW2VG3SZKQ,B0BK6S7QF4,4.947153726414308
AGAPF6VHHUW6PCF5XWW66RGE5QJQ,B075GKTV88,4.5515447257836135
AFUHHLYX3FRBXN7T3V737VFKS2ZQ,B071VN1573,4.747919867105478
AGBB2ZXVQGP55MT6EFSXVDRBVKHA,B0BT84L827,4.855273953071308
AH3O36VZKKWCD5U7AWEQ3MYGWBKQ,B07NST2LSB,4.768777825014143
AH4VJK4THFGKS4DEP4ACMUYHLIKQ,B0073XCZ3C,3.7712063128733084
AHEMAURZYRCARVTVF6CQYTYE4I4Q,B07CRLJWQ9,4.540398597094777
AFKETZIETXOR3O3WQ2IEITFSYJ7A,B0BXBFG6BX,4.950393959885096
AEZCTDIBXZVKKAKKKKWSXKPN2MVA,B00H35YIJE,4.789756249819541
AGRSW6MPQOGFHVMYGV3X5LVHEQUQ,B00PH2M4KK,4.415263781057679
AFDGUCQSIXBG4HVA4BOYOY3VIRDA,B003JFVESA,4.476545943822948
AGF65W2AYMMX6AGTCI6FW6FVCYXA,B09C5XTVCD,4.732952681230164
AH6LZMLMHAU5AHGSA7G7E5VEIUNA,B0BSGM6CQ9,4.802354673164289
AGEDMQORKPTVJJHUOOW6USGHTUJQ,B00B6WZGHS,3.7582987698739942
AELVAQBY4YVAMT24YPU6FYTK2I4Q,B00VTCBQS8,4.346816579243393
AF2NGUZ6QFZJUAAINQTWZL5WMXRA,B019OO4IY6,4.445874904653597
AFMMK575JLG32D3ZQMSSR3MX6R2A,B08JMQR2JK,4.148807483779456
AG7ZPB5T4ZGBEJXMUSVYO3B3WCPA,B0BZ5JK2GC,4.227197998147505
AFK2BXNXJHJAKDMSCRX6V6RZNX2A,B08BW2TBD7,4.7472431509820305
AFZVBHPHF7PGY3EAVSLEDOGCA6NQ,B09VGM7F6Z,4.174315396798236
AEBKMSFD3VIXE6CJSSMV3SSPEF7A,B091F4D8NF,4.3355879597292315
AEIXKVIOBX6AFYFRENWBSESOGMOQ,B06Y2W66F5,4.190925024588534
AHQCDCQ5VFDGM74DM7RQ737GTOYQ,B09SHCSSWM,4.593510909351994
AGU2MZU3LPS5YIY2CPDAMX3XXJOA,B0843PZHQ2,4.538945566341803
AGFO7J7AHSMMOZJCBP4B2UADWX5A,B0731K3M6Z,4.697359141533381
AFVKWBQQ6VUMTZKTVXN4Z237ZMOA,B07BHWJMB2,4.1471676532960045
AG3TURJ4DOPD3S6RHZRV2XRRJYPA,B004THB824,4.531397053771315
AFLT6YM6MG5IVAYHJRNVSQJIJXIA,B01MT5S67X,4.745250644816221
AEWSA55RYTVXGVCMPGGUMBHJKIMA,B01GW69IQ2,4.8563625959928105
AG4HSLU5KO7KGCFCOUKKBXS2NGWQ,B07PSWC1XY,3.9509544736930073
AGBN5H6XSN2RUYI5DGFRDAURIUUA,B0BSCGXCVP,4.355568499275624
AHR4N4IZKDYWKN7WB22HJF3TE5MQ,B0BKZ2F82F,4.589721975338051
AHLFJCO3SENFEDTOXOS5VC3GKSXA,B0002GXQ2Q,4.757165632118909
AH3DEAE4AW5D4AO67MNOXOI5YE7Q,B09396NY1C,4.134723247696947
AHX2ASVMXSHSQDBYGTZFDMCGVCQA,B007MY5BII,4.428431438635818
AHLWV6FKLFZU7O46CIC4EPMK5NQQ,B08566SXNF,4.527611827019513
AHOTQQMMQDCYWZHF7HA3Y7DLVQVQ,B07CV6VYXQ,3.930880047473275
AFITYUC3765LLGHMH4L6XJXCOWIA,B0BPNHG7M2,4.400812237432986
AGP3AB5E5WTGFFVJEYVSW2DYJI2A,B0041OU1X2,4.78095194738387
AFEXGGP2FKT5NOCTC5O4KAHEIVHA,B01FJZBI7E,4.136252005394407
AHGSGQ6GSGOIRZOG6YXTMXJIXKUA,B001L8IJDU,4.6476712112439404
AHW7ETGBKGX6DCG2LBAG5YAXU46A,B0B8NJBS3V,4.881359847229187
AGBC6LK4N4ANCY7GPBKSV73XQK4Q,B0BCK6L7S5,4.228042155600181
AEDUWOYVRIMELJMAH5D64RBYKKUQ,B004MNTIL8,4.943128160151576
AEOAMGJVK4MXPWM3AYQ2RAVC43SA,B07N8V6K46,4.595421544091175
AEKMHFZZ72OB26PKFPECASSLCBMA,B09N3K3KGT,4.683045339359865
AG65EMDZJ3RRQSYRZMMBUR7TBA7A,B00JER27MO,4.456684042361547
AGL62R6J2RX6ZL5FJRK46OZLJZAQ,B09PWCF6T9,4.627503824534752
AHEAY4LVXGQBFORIT6TQ35RR57GA,B08JMQR2JK,4.22169395355684
AEBT5FUF3Z2Y4DDIJV5TCW43C63A,B0BRG35HYH,4.304532352370226
AHQBI36Z5MNGGQS22FDO5ETXLLNQ,B0C3LGQ9S5,4.675164277552237
AHQ5AL3NKAPUD6K7DL6EUC5XX3JA,B07FYPBL6K,4.7660368049421
AGXZIOXJQITHVPEVRZL7AJO4TAYA,B00Q8KGL54,4.496930473113152
AHRRM3MQAP2ED5JAKBCLTJ5DQBAA,B09857JRP2,4.907879147211946
AEMMOYNKT6BNKNRUNRY3TH53DYOA,B005PGGU9O,4.431528819867581
AETU2L7GWTRUWX2FPHLAJEKC7EZA,B0002MS7NS,4.5362617059355905
AE2A7NOBDCZP7RINLG5REL5I2GMA,B077GK1J7N,4.309613612598827
AFLCKOPHSPEOXRM5HZQC6X62Q5AQ,B0002GX7XY,4.948226298403063
AG3S4FROO422V5KP7DJCBXVUQLJQ,B0002CZU56,4.970437399880889
AE7GVDNRY5NABEP253Y3GMDUZOZA,B00B5LDMH6,4.369519441806145
AFKVZFKWM3FJTWEDGJFSQMWR2KYA,B0B8M5FJ9W,3.975025609209421
AEBTJ5U5BUV3TSYAFMDHEZVEPHNA,B0002D0L4K,4.579158434857618
AFFYHATF3D7K36FDI5EMWOUXRXAQ,B0064BCRQE,4.96567135604387
AHGC6HXFKTGNC7UVJ2MXA2ZLMUCQ,B001MXCY58,4.27217156636057
AF4F5YORO5MADXZQC63MO65FQDGA,B076GHR7DN,4.563741004626029
AHY2QC53VJB2Q4WX7I5MYFXBFSGQ,B00GOIC1S6,4.35394402075852
AGVH6XX42P6SIONXKWBKGJODPMTA,B01LSHMR86,4.623994253731152
AHJYHZOBOSEBCUCJNMHN5DPZ5DRQ,B0B52FBC66,4.7486254504519
AGMADA7BVXWOPUYDHC3C3K3OKO5Q,B09CH8SDPD,4.7906516236162755
AF2FHIOZUNV67HEU4MSXQ5DZ5A5A,B01GSVQM2E,4.311105734014515
AG4AVSOJINHN42XUE3Y5D5XSAHBA,B008YOMVDS,4.101566376852038
AGHLAYBLKOMA7JAM2PKTKEQ7EOMQ,B0C54RRCKG,4.597600046361616
AEH54Q5HTMEFTXWFJA4ONZK5UZNA,B011N2VC64,4.138579284387597
AGJ5ZJKUFS3F6QECAILM2J4L7ETA,B073RTT48C,4.72823384542047
AFNY2S3YRSPY6NST2O2SQFMSFRIA,B004XNK7AI,4.7655426965956496
AEZJFN2YIACVU5YHNMQVKNZ7W7VA,B085H22BGK,4.274845990485865
AFKJVDSTDRAQZUEEWZUEYDUEDWDQ,B076346CZ9,4.64381706825793
AFY5LZPYVJ52XQRIBQ7JJVNS7TDQ,B09XQHQ5VF,4.149431849899856
AE3L6TIPOX3PCWWEKRRM32YPNTXQ,B0B949FD92,4.443801786596671
AF2ADEWSNFYF3BRXGP5KXRXULGKQ,B08448RJNW,4.506532007855267
AEJ4UHRQGA22XAKVA5QKWJ3ZIMMA,B0BLGC3C1W,4.144248048000606
AH5H3RK5Q2WAXHOCYTKNZFAV3UGQ,B07N5NMWXK,4.867635534013282
AHAWNAKRUGKRZR7F5TNJZWR77XPQ,B08T2MZVCJ,4.066146333276229
AHQXSURNHTA2ACNNVL6F7K5BDOZQ,B09857JRP2,4.60082992220048
AHSVOKGVCE3MBLCCGXRLFPLLISJA,B07YQ4MWD1,4.428405572686571
AGS55F6CFFURDAUEXOEH6NTP2CBA,B07PPDY2NS,3.6633823079335883
AHXZMBZM7TCTGR6YQ7MI7LEAZ7QA,B0007SL860,4.685438177823857
AFJL2PWGEZFPTWMAWAPCGYY2F4AA,B00RMJORJ2,4.842290493913285
AHHNBVPAODMOFE2SDZ7P4K2CEWOQ,B0C67HCGBR,4.940086574858403
AFND4WHBO6MV75PBKNHCBFZK6VWA,B0C6J1X7TD,4.426545804048747
AH74S4ZHQIZ2HCY4CYQNNFD2EL7Q,B088WWS9GM,4.806571516354449
AEDW7SQR47MF36I4WNHKGDBO6SXA,B0BGL5H5Y3,4.9624249335149555
AFHZXNYNK74PAWXKHPNHLMY5VJNQ,B0C2CBF3SK,4.504334086603461
AF6VHCT7J2T3FLU2BPMYWGVDG6HQ,B06XZ91CGG,4.9582927513885355
AEN326SBT64VHDX7FG2G7ETRXB3A,B07FYJ7ZLJ,4.593538264852872
AHOTV4CLZXG5X653HKHCKHVAPG3Q,B00JL5I8H2,4.38003483105562
AEENWSVHLUOJFDM4HB2QEELDVEMQ,B09PRKZ6FN,4.658456875882606
AGL3XHUKQSHTUANT673GKEH5OU5Q,B077Z635YX,4.803322701581021
AGETR4QIMGHVFE3QCL3USO2DRGIA,B08SJY4T7K,4.297155093557071
AFUS6JTLJZK3Q62HGDKY2MUAVPHA,B07BHJH2Y8,4.570375700444594
AGZDVF63KXJBQEPNLNKCRDAH5OZA,B07CNY1HPX,4.501404723717517
AFN6353UFHPWCP6AA5V6XWDQKQPA,B00HTWQWWM,4.7018494724169315
AGG4LCGNKY3EVBOSELGXMEDXFYEA,B07MJJ281Z,4.7363466984826665
AHUXAPPM6WHJN2A3X5DOO4AQLKDQ,B09Y8DM5JZ,4.290614597055163
AGTGCRBYT2WQEGBDTCKLGNK4CXQA,B01JGQVQBU,3.9738444441397704
AGUQUN4TIWP46MPNHP5QOPOPRFPA,B01ABJ036U,4.019231857608505
AGMGW2AXSHFLEP2KKAQBOM6OOQGQ,B00AV557UC,4.638781362264937
AHOEKHBS6FPANUZKASOIRVSCH7QA,B009BZAQQI,3.5723838527894594
AHEBSXAOC7DZJ3Y2ICCM4R2RSYWA,B07WS6G634,4.0313632445951315
AHRTNXIDVTZPPET3MBLAMWML6WLA,B0002F4YQY,4.746792626337835
AF4SPJ4OCL5VBNSZCVJWHX335EUQ,B0002GJHYM,3.9146478460505025
AEWWKKSI3XGONPAWUPUVPXAACNHQ,B01DPCONFM,4.688628435114773
AGO4PWTACG5H4W63S3WT7CD7XDQA,B07VPLFNYM,4.300976294533119
AEZZYYV6UFTFOQ76YJ7RGL2JELHA,B00H35YIJE,4.117277683057625
AEHZO34D7CYLRZ5VFUPFI5IFKY5A,B015HG7HMA,4.275441606213255
AH2ADQH7UOGDTDAAOQMXQCUAGFQQ,B00WTZRLOM,4.5403260602052145
AGCZUILWOTAOWI2SZRF4IOPREQYA,B0749WPC79,4.007664052464136
AEPJL2A5CE2ST2ZBZXZFCBIGLSVA,B0B84XTJJP,4.42637664191371
AEIU63EAGJN2HD2JBPWHEVWT6THQ,B0BCK6L7S5,4.100942445740638
AHJDK246IF27VMB55EDYVVHPY6RA,B0BTC9YJ2W,4.737268597951239
AES62SVPMQKJVYREQRVKRBVODIGA,B0B8LMGQVX,3.971115471303417
AFDLX64MUTNBUHOU2L77J54QI4FA,B00V8URXSS,4.130821129393596
AGCMJUW3TAOMRRV6TL4V2SK56P7Q,B089QRBZQ8,4.0442454945088455
AEBIEMNW4BPGOFLHZCE7TRXIQLAQ,B01HUCYOXE,4.533626277182678
AEDL6IQZVL3POCWKWQQEYCSYCPUQ,B014PEZVKU,4.332057180510021
AEJO75YNQXAOIKXC2PF4CZEORMUQ,B07B4XLP57,4.294861721804909
AF5OEII5AJLAWIS6QWTUP2J72EAA,B011R0XDYQ,4.4835432124898364
AHCPG6UCDD3OKNGACZNLW3EXJXUQ,B07SZLB9GM,4.520127818002551
AHTIXMC45Z2WUMKNCPENUVEFP3BQ,B014JY7WGW,4.54653402859917
AH4JGVD5QVUSZZVGHSMR5SRGHVYA,B0B1T92VM6,3.824294871736079
AFWNIPDL72FP2UXKRYXN673BN7HA,B07Q75MDB8,4.817432195396402
AEPNUR3UKHG5JLGS6JLKXVXSMJ2A,B09BF8XDF4,4.366053237150745
AGOAOXZU4C2FYKKH4X4NPAYPOI4A,B0B14LN9H9,4.5416300073752565
AH3Z6C3F2K4DHOJVCJPN4EWEKT2Q,B01J3S91WW,4.502659072399856
AGHQ6RPNVO7KEQHEI2HAQHAGCTVQ,B00OGMD0VE,4.630678150586169
AEFICJTVERYBGXDBNCYY6LYBF6HA,B01DN7OLJC,4.652660633580685
AH5CRT5ZT3ESMYJUVDIH5RZPH2BQ,B000T9NKEU,3.475429811179861
AFJZIOVKFSIRFHER4BQIHMOA4ZYQ,B087WVJGQQ,4.330430721038897
AGVMLHKYMOD35HC5XL5BN5ZSMUFQ,B07CBT4SYD,4.95344024281391
AF6N2DGSAXSNFBDROTSRYU6ADXRA,B00WJ3HL5I,4.112560488325368
AEIEKT6RZKZF2VX4R2UJHKMFLXEQ,B0822LB7CL,3.758603199989872
AH6HIGTF5ACPPHH5J7MP6GMRIFAQ,B0BG95DG2H,3.9658904746403807
AHXYOGPYRBEVNJCESMCD6QN4CUYA,B005OZE9SA,4.410940665374867
AGUG7ONCKL4JOYS6AILUT3AGOCWQ,B019F9DR3S,4.026034698507321
AFGNBP4CGZGNXB33LHNUQ7SJZQ5Q,B07BLM53Z1,4.503133041028718
AHYQNKECUJ7XNEOPQY7BBR3OYYLA,B0040O49OU,3.218664478750761
AGIGLCDBUMZT45LJEQR2EDJUDZUQ,B018VAQWEI,4.930090016158743
AEQ74J5XBTN2YQID7PBZMICSZL2Q,B07ZWHY5TD,4.713806343183898
AF5BNNFFASTI2LEXYRWROMIUJWYQ,B08R5GM6YB,4.206305234089466
AHV2RWTWUZDZB5VK62GU522U7N4A,B000FZ1KF4,4.184243936288704
AGHEYBT2KQDX2I32KRBZ7D4RCZIQ,B07FYJ6K6L,3.8996861621458643
AF3QJZYZ67KTLYLZRRAIZTBG4L6A,B0002E37G8,4.373539322120533
AHMKYMQRIFIF2QGP46NCB5X2JN4A,B08MFCJMSZ,3.691090674849914
AHK65NE3TUTI6YOF5HK5AFC24XBA,B00F20MIC6,4.185697844964882
AFOV3YMGYHOVKW65ZOFVUITMT6SA,B078WNW4YW,4.05171339128235
AFMCJFEPXSDR6CBD6JAFUNDNIPUQ,B0BFKKVQZT,4.4024610063546366
AGFTJ4ZNP62NDBCII3LLOWYIUVEA,B015M92GZ0,4.363052170495976
AGDEYWGZKNGR36MRO7ZT3AB45AXA,B0C3Q29DML,4.927001510330643
AHCWSKQIDST34SUY5LKWWLBPDRDA,B00W6WD12O,4.769849949402778
AE565UKB436TSU3TMFKFWM2RL4KQ,B0BTC9YJ2W,4.260356811477808
AHXVH3WID7DBJAYYL7G2NKPE2AIQ,B0B8Z34Y9M,4.548809864749384
AHOTV4CLZXG5X653HKHCKHVAPG3Q,B09QZJ57YW,4.648284461897533
AFFMSQ2EX3FEFPRL2AH2L523WDMA,B0BG4BZC5L,4.745602445810265
AGBQ3TX4QYWQQOW2DBADLGOJHQGA,B0BT3B7GTY,4.778225295309734
AFYV2D4QBIJITGHQBWCURNGOX4JQ,B019MF3U9Q,4.5663580835911
AEMDDN7LCA2LR4KBPMCICXTG24TQ,B08R5GM6YB,4.585426615493854
AEZWO6JBHBOWFWDD3SHY3TPNB5AQ,B000UMFQHA,4.44199367784394
AHMVEV4AJPDOUQ73DMD7FMFIWOGQ,B00WJ3JUFM,4.406551577956425
AG4WQTH7Y5R6N5TNVVZJ6GJG5GGQ,B0C6H9T5T6,4.516070248012306
AEJSKR2NKPC4ZS65RIJL3V352K6Q,B0BWXY17MT,4.675610247922251
AHV7MPSPXX63ECNBQ3XQ4QHUOHFA,B014MQ22XU,4.802055125315775
AHXI5OYTSU227DFONJML5ZLE4MZQ,B0C4KH72T7,3.633406962857702
AGB3YZIRHOSAZGQF3NRHKQJWWQTA,B07R2X3GG9,4.027777591947074
AHEJ7L4IJOC3BQ37XCDJH32QP52Q,B07DPJS6DZ,4.956386199401266
AHRCC5CKEHASCA6B55G7NZBB4I7A,B09MNCSPHN,4.405546687442816
AEJQMZVE6HGW4SO52IRKWKQDB7XA,B07V46KRD8,4.718253157354034
AFGIGAOI6AF77YD2KG3VLOZQS5LA,B07MTS57P4,4.3426804706354885
AEQQOWGNLMIQ4QJUKX3PAFDQ3TXQ,B00JW286K8,4.7721938185546415
AEUAXVAUWJFDX44V2Q3OZFFYDZWQ,B073DRTLPC,3.967123821633391
AFZXFSKN7FOEUCYHXT4GTK62RO5Q,B01E989SZQ,4.274359669471921
AF6TDFRJUSAUTLFZOVEGAOUCZTMA,B01M70SYSN,4.825247225463576
AHETQRJ33CMSEUL4SDS6CJMHDU6A,B0BXZFS2QH,4.702929872107677
AFRULV2NIZROJ3DN2F7ZVZE46FYQ,B000IO8XFM,3.8075490770702345
AEHS4V3DRQ4ZIXBWECYJPRN5TFZA,B07B8WL33G,4.788070255452649
AFYEPSM6CEVCXCX3KH3HJZTCFYDQ,B0C18CV4TS,4.636795379768646
AEVIT6MYT5ATEMEMRAENZEEZHCTQ,B005T0L63Q,4.962885442262613
AE4LWHIBYCREDXSNG3EOF3RLKKYA,B0C6HZ3ZW6,4.120820339503179
AEIDGPYNI3VZUBMPGAOSX2R3K6HQ,B09G5KDVWW,4.776177759643505
AF62AMU6MZHZQGKUD4N2TIGO34SA,B07PRC5VQB,4.23161352898667
AENMRI3CNMP4P2KXNT6SB6ZD7FEA,B0098S1R9I,4.414743659407438
AEPOF2S7WD32ZGVOCCWVYNJTCGIA,B0BMLMCBMG,4.121398773263949
AFJVRGXC4HIVBWQT2IQMMVVPPQ2A,B09616T2BL,4.365840604582402
AFJQQWO6VAZCTTY3GXNB3SEUU34Q,B00IPH8MD2,4.7798785181407055
AHWPCWQ2D66IJWQW5UOWEM32V7BQ,B000K69UM8,4.470486269574628
AFWVN3PP4WG4IPQUXVHS62ASS5XQ,B0C67HCGBR,4.806982909185986
AEJZB5NUC3M45CFBSEMTTELJB5OQ,B07GR69D9L,4.611685917298597
AHVW4W75DJAPTN6E2PJAMEDMABLQ,B00JER27MO,3.583349768954021
AE5HZNO6TKRU6CY3O4NDXPJB5KKA,B0BCK6L7S5,4.466586374688828
AEAL4MJGXLIH3VY2GEZJUT54KILA,B0047VIXBG,4.960327652565931
AFU73SX5DESEJTCUH4WYUUURP7MA,B00H7Y2X8O,4.236266874201381
AF6PG6UAMWJCKLF422AXF7B2CGHQ,B09RNG1MSF,4.8102320598159
AEDOO7I36DUZZUJT3IDCKDW7HXGQ,B0CBSQH75J,4.8985231308995445
AGMYRILPTJDOK7WL5OYHYGRYVXMQ,B08NVVLB16,4.965956762507937
AFGAA7M6RD3TVIBWAM3GPAJACSJA,B0BBRMGRTS,4.744385699539545
AGYMZ3QSHADJABMWV5JF3QXR5QVQ,B00JKNS208,3.9985278018075903
AGVK6BKGPFZRWV5UUWWJJUSANESA,B01DNC1FDM,3.8572576280116206
AGNZ55VEXGISWO3OH7F4CTP6HNRA,B019G53ZJW,3.655246914327844
AESBHEIAXYOTT2RRYMLA5ISYFFTQ,B091MZPYBQ,4.114336997466698
AF3JMCAJ6IICLZJRLDYWCPSSEN2A,B086QMZG22,4.19999741723733
AEDEPSTPVPEHNHQXQEJ5H63JR27A,B083FTGJ5Z,4.683825136967067
AEHGPRL2ZLF6TY6JWBNFJNIDTE6Q,B007D5DHQY,2.8818569426135134
AEQVENEFPIYMYXJ7X2ALDWEXP2SQ,B01E5GGU7Q,4.1778517842168466
AHR6YKXEXGIMXC4KZXITPYDZSIMQ,B01N48D32A,3.954879485030356
AGBG657C2PXD3YN4X6SHCCXKNYEQ,B07D1WM2G6,4.7639144401864035
AE4CO6Z6BYGYMV76PHRMTSOFUG2Q,B003AM913M,4.344991011903969
AHJYHZOBOSEBCUCJNMHN5DPZ5DRQ,B08XCG2M41,4.378046560172687
AFEY5KP557F7QOHEVWE4ZG2RNK6Q,B08T2N25MR,4.694314084249734
AHGDGGMCSMMALHTX6WGLJFFUVJXA,B09S2Y4MMC,4.905216452920934
AFLTSBEC325L53VKAJOAI2UJNUUA,B09RJZSQML,4.937797220253752
AHWAHTNGQTZCXBUPWH5G7NYST6YA,B099NFZP4S,4.182477728067119
AFJI4EU53OHSJNXBYXCL3L4IQRVA,B01EJ0N5FS,4.622242052152827
AHAMGCWWXZ4QIZT6TMDUG2CSEKSQ,B01GY8I616,4.195883718650452
AE3HFOXOL5XSDTR6ZMM3KQLUKP4Q,B008O0RKVA,3.847623942115865
AHVPG4SDTF2X3C4ZWYA7EUA453EA,B005N2E8A8,4.49338089090522
AH4KB2XWOWEIBTBVW6NVDX2PIBJA,B081H694YZ,4.208683932652189
AHETLAZWL7T3CFUQNU5VJIC7R6PA,B01H8E58SY,4.84559147639115
AF6IPYXSVTYOXYMAQTOUM5PXRN3Q,B0BHWP4RHD,4.788553278898017
AEQC5V4P7JXPI7M4COOZLIA3MUUQ,B07XW2Z5X1,4.132301537461825
AEAQF6SZ64S7N3IKHEJKQLMZHPGA,B00VIDJB76,4.0416222525589065
AFNUD5CAN5NBVLUC6377NGRF2XEA,B003QTM9O2,3.983600444182956
AGIZ5JGA4QTX4SD5TFYZTP4E7LXQ,B095XCZXNQ,4.204011828978867
AGTD3IDTVYW5TDGYWPCUBDTAX76A,B08R5GM6YB,4.598979080236713
AEMR3TT6O5MSIMI56SR33RIWQQBA,B01DE4DVO0,4.779645880626309
AFMHKT2PXH7SLUMY2IQSP4HQWI3Q,B00RVE9X06,4.770404857559819
AGQA3F27NHCAMNBD6MD3PM5ETLHA,B00CIO6BEA,4.780176589754478
AHGBVAJ4O3RIADP4MWY66DN24EDA,B071LP49JQ,4.216416577317323
AFJBKMTRSW6PJOQT6PTIHRS64DWQ,B0B8YYJG2F,4.707058791477945
AGDBMDAL47YFZL6CT6HTOYG3JTYA,B07MDPF4SZ,4.875308897831018
AEESX3HNU65OOFXP7VYMTQG5OZLA,B0B2LSX437,4.827576341902433
AF6BJF7NTWXZHYV2R7EE5WN7GGOQ,B000TXZL4S,4.873173916048625
AEEWM3H4MGP5YEKKAWWN2K5GFDGA,B09KWWS7DH,4.8823396092977065
AHJH5K24A5KB74WY34PC6ZN4L4IA,B07N2WWT61,4.652369703211613
AHETRIFNTQ5F7UICJDFWPCI4T7LQ,B07BQRDVYJ,4.29018849473067
AFTBLEAC2U7D4FW5GE26JE64FHTA,B015XDJB9E,4.041165420762248
AEG35XCAKNMYS6GUKKMQU4T7YXWA,B09SVD6M4Z,4.0881889790593755
AEITZ6E4PPUZZLSVJ6DOWD6UDTEQ,B0B3VJ3TCJ,4.742052408603731
AHHZK5DNIEAX6Y3X3WBG6VZWSYKA,B01FJZBI7E,4.351542784814409
AEZ3FBYLAASU5N74SJSNU6G37WBA,B07DMS2QNL,4.932141807021676
AE6JDIRVPTKC32Y7X3QQ3WAY2LIQ,B0BHSG5C3G,4.419961638928295
AGDJVRV3ABHQOXKMFFLFE2LMIGXQ,B01C5TBS90,4.654030520797087
AGKM3HSVVVKGTLWKFFPAZFKF6I5A,B09M7D9SC8,4.763456082304209
AFVSDHRXFBIUSK43W2LYIG3ZP66Q,B075LQDQTQ,4.594544778431151
AGEG5EQFBOW547MT2N4IB7E7SKCA,B01GH436CQ,4.5057307292409075
AEATUKWZMVL6IAHCXM52752FTCFA,B0BYXJ6JKZ,4.648939592477551
AEZKOSSPZDQAQJEVAWYIMF2EBRGQ,B001V6BW4U,4.3408069173081465
AG7EI3UOXIQXEL5QDZPVKPSVR4UQ,B0BCXTKY9H,4.646643082090129
AF7FYQUKWYAXMMDZWRA3JVBOEWUA,B06X9KG3HW,4.87842168728733
AELHX7KPUROWEK74AUNULSGCXBZQ,B0006O2WFQ,4.503138744976608
AGWQRQRURVWB6KYTP24WVQZO2QOA,B01LSLZEF0,4.491608248516167
AEQJV6W3AGTTOF4M2EPZ5T23KPFA,B002Q0WSMK,4.179386129248222
AFTZ72IVVWEIQB3WIXESXZUTP2FA,B01MSKI46R,4.004120035163212
AE3O7NJGWB7LCFQUAANZSHBUQHXQ,B0B818M2YN,4.546562544409822
AEYEMBWRA3OM2EGMDPCXDWKJM2IQ,B00DDXK1BE,3.6509178228257047
AGZ7GIMAYG33FI3CNM7M4RHU4NTQ,B0749R51B1,4.570068410633822
AFR7RRVXPNEUTF2SPXIQXGQRDUNA,B008V1O0IS,4.205145259122117
AFKXLVV6Y223XWWFAGFRH7ZG5AVA,B00009W40L,4.732174453673298
AEPLHCEMDY74XNN6GUSZWQ74YQEA,B0BCHG293C,4.57576440281376
AEMISRDYQCHSNOXKV6TQ67X2TIOA,B09TR38L5L,4.443483795635132
AGHMOR4A4MZUIVGIMRCFLGWUSTXQ,B01N5KND14,4.070175632930983
AEBS65ZJ4QFVZJFL2GDRDMKLIC6Q,B07FFNXF8W,4.617535309046001
AG3S4FROO422V5KP7DJCBXVUQLJQ,B0002E38UI,4.965050101346487
AHINZ5DFWVRC5V2LUPSDRJFO6P3A,B07K8H5FSX,4.496432367433698
AHALYOX63S6CACZTHN7R24RVEX2A,B075B1J56K,4.56193751658594
AE4URMY2E5NTUACMDOMZXZPFJDWA,B002QZ402Q,4.377697243750285
AHCDHPEM4KAB5QQ37YWQ3NUMU25Q,B07VLJ2TXG,4.459303220240812
AHF4JEWQEROLVQZJJHSI67KKWTFA,B00O9S69BI,3.1843372212483563
AHDF5QL5Q4ULQN46WRCHXHYHXO6A,B0927PV9V6,4.576036535243823
AFZF76XTGJS4BDACJ3OGTNMZSZUQ,B01LYJMH9P,4.522437587471928
AHT6CZ4BD5P4I5VNBHCIT4Q2XIOQ,B0BKZ3GCGR,4.644205617066354
AELQRDWDYF4TSS63UZRNJ6D4YQWA,B074KPCGYL,3.7142906330805894
AEGBCPJTA56WDBVUJIEJFWZG5OVQ,B09V91H5XM,4.482448747521086
AF54HMG2ULNSYJ7Y34Y5HSKICFVA,B000BUBF6M,3.6499797344797673
AFUTTKU42VYSAO62XUBBFGKX5SLA,B08R5GM6YB,3.9225989636917977
AE6ITZOLS4L3GX7SO2EVSZ6OP3BA,B0796CFWKG,3.7035552494497526
AHLT67F2LH3MBY7LX35LYJL7RSDQ,B0C9NGP88D,4.8544171858943805
AFUTPGDAL4QUPHCACPKBRQETO7HA,B000EEL7OA,3.7101369267870665
AESCE6MX7H65VKLRAXRSEJTB5TMQ,B0B8CF62K8,4.948115359561885
AHMVEV4AJPDOUQ73DMD7FMFIWOGQ,B0BR2G8WYG,4.23138968442575
AESILTLC6225Y5HLJB5QVMYXBDMQ,B004CLFOK4,4.507403467658683
AG5ZVXXHEXDYUUODSEQC4XXV7DPA,B07NKMZJ5M,4.959551510900482
AHFN5MACWZPKYN3B4DZ7ZLGK3J4A,B06XPNRNF6,4.378790881673807
AH7LMWVUNU47H2UGVA5YL54LYT2Q,B0BK6PMJD2,4.252419189093984
AF7DRHZN7CDCVGL5PJPIADURT6KA,B01DMIB3CA,4.578650430655881
AF2HJDLUACCM3KD53SFDC4UXOJ3A,B088WMVDZB,4.231806405641616
AFMJOKJ7N62TYTB4FMPZJUJQSTAQ,B0BCXRJCL2,4.372789002678315
AH2O3QU4KENCEUNWEIUG6O2IXYLQ,B084RPXXBQ,4.573805016720439
AH3LKUHBM2UJSVIOJ6E5ACAQHRCQ,B07QXDH6HN,4.5177971423868355
AFTPUNQ4NGIKJHIEUAFA3GQBUY4Q,B0BR2G8WYG,4.812136884203155
AHGTBVKLKSVZPI6FGJH7XYUHSEDA,B01J52X9UG,4.1775659855598954
AF3QD6BGMCYADLFK4DMKZS6OZKGA,B00SDLZFFS,4.666010359873813
AG5AHJEHXXLCWZTSYXJO4SFUPGOQ,B0C6J1BN77,4.591561570191132
AFBLIAES35IGAZQJZLCLOWAS3SXQ,B09SD4CD5Y,4.473806834809159
AG5KQ4QD5FRXYAK7JJKBL3Z6RRZA,B00X7DDGBW,4.392003455770763
AGULNOJI6U4V4FUK2EYV6CJ3H2EQ,B00F0GQ8QE,3.5984243545697296
AGXZUI6UMMRVO5EEXJZUOWJFFPHQ,B00RX5HQS4,4.487878028486562
AFE5ST46VVB7RX455VBMCQKKU5PQ,B07V8C74S9,4.832721018689667
AEWSA55RYTVXGVCMPGGUMBHJKIMA,B0721LHDJD,4.198395738791981
AEMJC7OXZIKFZOZIWF6ZIOAAJATQ,B07YD57169,4.701521665533558
AE75QLRJUIWMVYPI36WBEVBU2JZQ,B0BKK8N4HQ,4.03763469346358
AES3GEKX6ZMJZG46HAXJP5WYMIFA,B0058MJX4O,4.5059248646247285
AGOHUZDWB7HUI6NQOLEY56QG6F7A,B0B6JP6KZ6,3.5840167199726225
AGG6UQALZBTMJJ6CVDSHOGWYHIBQ,B071L9FKNZ,3.911866020338134
AESUWA2UPKIC7PXXIMI5AJI2DG2A,B0996R6MFQ,4.388710175823372
AE5BBWH4LVBB64GNWI3OYK73YYDA,B094FDSW2C,4.165972971059671
AHIY5JCLWOQVYAWJY6W7EB3C52CQ,B06XV9J1DD,4.834480382941805
AGBOR6PH7AXGNDKU4UQ5Y5KF2EXA,B075MXJXYX,4.650889657084492
AEXL5EIHZE4PJ22225FWU7RBPLCQ,B000E0TVDI,4.1886532289030916
AEQJHICBCKYVFPI3SEDAX5GHCITA,B082NLXYBL,4.906060852455709
AGBXV2ITIUNKFPPCLLWF6YLF57NQ,B08D9WNM39,4.120385868458519
AF5OPCBDJUGP5FPKIGCQPNIYCIQA,B0002D01K4,4.752791364558452
AHL6FWCH4VJV4DGR2NDNCZ2GFK2Q,B0832WNN4P,4.352429976478536
AEVFWS7JFEKHYDZKH4SI5YDSNGJQ,B0B1DM3XD8,3.7121027107568203
AE7ZTBUNKGJ347SZHE3B7QAJTNGA,B07CBT4SYD,4.233570867683295
AHFZAFS6N6PCSICYG5P3BEEBO57Q,B01EQ6LDCM,4.12673112393696
AEXZWQINYACSZXKPYWXTVBG3IZFA,B0B28ZK2NK,4.884459739144944
AE6L5XPMAN7FCPWHMJF4COE4HU4Q,B07S61KXPQ,4.632973996673303
AFKXLVV6Y223XWWFAGFRH7ZG5AVA,B015HG8E86,4.978720022904558
AEXYJXWBE6RJJWH6FSJQLZ5BM7BA,B07MFYHKLH,4.523528532398473
AGC7JK5YYGE5T6XIPGSIRLNKOUHQ,B0C1Y5KJPX,4.031770263289528
AGNLHFQGCYCHERL2WXDOFMHWIIZQ,B00HZH4D04,4.7870951451220884
AEM3IWNBZTERT6RQFK7KEDL4NZVQ,B07G37S6S9,4.819521646760383
AEFPHVJL4U6PLUZT32SZCAV244FQ,B078KTV8L4,4.391740616515272
AEZ43GMRWM7Z5RJC7MKYGQYWADIQ,B09NLV5LBK,4.299552843293758
AGHRZX6QQEINSDMUBBXHA5JQFAYQ,B09857JRP2,4.791393188218632
AG25SX4KSZSNKETP62HEK2GAB7HQ,B09PBL98Q4,4.493227027217476
AHWU6CCZ2GHRUXSYYFHWQYUASDIQ,B08Q36MHJG,3.796231063506511
AGKKQOI7JPGFA25HGLVGVMC6QBGQ,B00T3GL2XQ,4.630999084708441
AGXCV25HDW4JXI5QQSJTIZUHPRHQ,B09X8TQNNQ,4.295431172722116
AGTS4HKNL43FZW3MZMUNVRYLBCKQ,B07Q5G54XF,4.357759427378117
AGKCRUJK7URMDM2CGQGSZWH5KC5Q,B08SJY4T7K,4.295306348933657
AFPQPFMGLESPNSFDMVCZPWCGDAFA,B075R9DNGF,3.8704343551996594
AH55IBNS32OBFM37T2AUX4JR5P6Q,B09DR91XCS,4.787278073329006
AFPQEZKBEMAQKRZIX64WX73WICUQ,B07FYXMKP4,4.705370099005324
AHOBKBVHEAT4KPRVI7TYTF6MEJXA,B00IY0BLB0,4.250918956520963
AHXC7JEUXRETZUDFXR3SAD336P7A,B093YKLWVN,4.512783455025174
AFDLRPTS3IT4XBACV2J2GFLWEHXQ,B07YM5ZHS9,4.570116499204773
AEQQOWGNLMIQ4QJUKX3PAFDQ3TXQ,B09NH8PG5W,4.577712368871882
AEUGDXOV5ISVKRHJ5HUEVRI6R6CA,B08R5GM6YB,4.429999089747795
AG3522I4PO6OL7CJFXNYDZB5EUSA,B078MHS3SC,4.045925705623756
AFSVH5BFJNLMW53ABDVECJKIXWOQ,B0771NSMYP,3.4960472891882493
AGPWFIBAUZAC3CMJUD73YYJQ22OA,B00DKAQGTG,4.348329676626215
AF6LBRKK5RSD3TBYPDXMMDP3PX5A,B09M7DPHCS,4.780826585644254
AH2KNTQFU4DWMQIMTDLFSMRQHRYA,B003HGFRO8,4.72712560724806
AFR6WKFQBTKBG7HH7MOIHP7Y4IJQ,B00WB2401K,4.93630667538764
AFXADZU7WCSR4KXGS35Y33INRSNA,B0B8V7C5N8,4.394715383407768
AGGUQMWTQHAYLFBW6QND4KKVV4XA,B00B3PB0PK,3.8978008452711848
AFJJWM45JXP7ONUSAYQWWEIVDLDQ,B07F5PX9Y3,4.931992852201006
AHKYSWGAUYXDRDRDVPJF2IXTBQBQ,B09857JRP2,4.854024234877296
AES4G2G6GLODMHQI3OWXWZKYMVUA,B09V9172YN,4.390346221813805
AEGDREA3STZJTUULI4GPQOPIUQLA,B00N4ZIWN0,4.388000262909197
AHPE2VIQMN4QQMY6FDOBTI5MDHTA,B0BSGM6CQ9,4.539507132291898
AHSBOSQBGM6R25L7P3EM3KG7QXWQ,B07QL85Y56,4.482314870187082
AGKYAVDS6LE7DD2FVDSRKE56R64Q,B016QUXTZU,4.594244703854547
AGXCV25HDW4JXI5QQSJTIZUHPRHQ,B004OK1G64,4.174687424870907
AGZSQYZQTPMYEMP3XJH7WU5VQARQ,B00T38U7HQ,4.601697580560239
AHW6YFBKYIN5XRPR3KVBB77LKNZA,B0799734T4,4.577490209430629
AEMJZIL5Y5YRX5JNTZKNOV3V23AQ,B06X9YYRVZ,4.257865420203183
AHMM6WYPXJDZYF3U7AULIES6BPRA,B077J6ZGD5,4.530748872346447
AHK7LBEMWADRVGREBBS6ACHQYFEQ,B0002E3D9Y,3.8923231058824155
AEEATBN5EQ44LM65IAU6S4GSBWHA,B07RRQG6LJ,4.616817625618585
AFFRCOTU354SFF2TWTMJSVJ3T5HA,B005T800V2,3.5835239476580587
AGZZXSMMS4WRHHJRBUJZI4FZDHKQ,B07S9D9JYN,4.078367034099419
AEL7BTGBCNEOZY5WN6HLCQWCBL7Q,B00CA89IAI,4.537743688730928
AFQBFVHUVNE6ESFITVXT7ICA4P6Q,B00HZZ60T8,4.806737460752456
AGCI4677JEAQIMY2DOT3Z2FVHI3A,B0BT2Q355P,4.670838120051937
AH2WNIY22BZFD7BKGOHOC4TM7EPQ,B0B927ZR1X,4.1745484275438
AG5G4JJOBDKQSOQSMBRVR6MJ3VGA,B0195NQSTO,4.7076960520114755
AG6VKVBTKQBK7PBRMY3YIQL4HWHQ,B089NJV8Z5,4.149762438072346
AERWH5YEBILRHRNUYMXAVAHLIFYQ,B004GR9MOI,4.6040997895905145
AGNEJAU2YSULDNEJHFJKZ3WLDIQA,B000HZGFMA,4.177103931054071
AE7P4BKELMLMT2LYFCC3FZMFC2TA,B06XBB9FPF,4.477818992325749
AF65N4WSTNBO2V4VJDML2RE73ROA,B0B52FBC66,4.963470157829446
AG6HOO4VHEZGO64JCVOGXTI7OPAQ,B07SJHDL97,4.720556532944982
AFBFIVH32NPCDO5PE5DKWZXDKA5A,B003YJQX1O,4.268740915864911
AEG7VAZE2DPIKLI54MUNPFDK4PNA,B0002GJGUM,4.849336774631744
AGTVWLQL3Q3XMAIKFJ35ELNANSTA,B0CCK4YYNM,4.543015675023539
AELB6HYZWMIW76ZECZ7WXY6SON7Q,B003RPK4BK,3.268351996639352
AHLWV6FKLFZU7O46CIC4EPMK5NQQ,B01D4P2OI8,4.644964399600281
AEQJ4C6IRPWITBGZ3PVJJB6DLW3Q,B0C1MHGKHN,4.423146542720705
AFFC7LSYXECAEHCRLCLBMGFCVWDA,B07Q6P5FNF,4.147603703996837
AE4GDR74FW232GB2EN52B3DM3L6A,B09PGYXPHV,4.582883866188867
AFSAKXT76KFR6MLO2EMI6ETXOAGA,B00HZH4D04,4.521517472502025
AEVCUMPKWQKFIF7NYMUG2XSYL6QA,B07WS2BBVR,4.344131988173364
AGMPCB3TGA6MNNISDWYIOGQETCWA,B078KX8YJD,4.800584539942203
AFJ66RVSHHQWD3MZRM6JNQB5NGXA,B09Y8KNXP9,4.598948057478531
AHXBHGYV4SEVPVSNIDWNFSZ6AECA,B091MZPYBQ,4.4506284299358105
AF2ENGUTLYO2BINRBO5JEA2NWYUA,B00MXUJ394,4.6357874364252245
AGAW672ZXYYIKQXOGMTBF5INS2UQ,B07MZVPJ4Q,3.890157305626376
AFVEPOZYED4XUGN743TM3RQAH3BQ,B0002E51UI,4.725456126726097
AFAJYIWFPZCXCTA4UQV74N22SKKA,B00O5ELFU6,4.663462698054766
AF24D5VEYMR7IXEOCC7Z2ACZDD2A,B015JTEBN8,4.523277157690459
AH2P7BA2OBY6D4KRCOGP6ZEGPT2A,B0BKZ6JR1L,4.155203236261519
AF63VW7YLF42A6STVGBLACD7RUWA,B09PWCF6T9,4.057317398123749
AHCHW2CQHUSBPPNXHFE4RPGIXXDA,B0007L8BQW,3.338675816046648
AHWVLFKCGMR3ZBOMSNM4LWQINLTQ,B09RTZ26KV,4.206076767853784
AGEH26RB4Y7AXDGN3IL4UZ7PO6LQ,B07VQ6ND1D,4.88569569118302
AEJ354XETZRIGFKZSCQ77RWYN2ZQ,B0BK6JCZ9V,4.234607727320331
AHSKY4JX2O5XMG4HYW4IEYGORSRA,B09SD4CD5Y,4.347326970611593
AHHGE6FWXCATJQMU4VDV32VNM53Q,B09YXXHCCZ,4.486932929972399
AGMKPH5IY4GNNCOARIN5VKYKYJNA,B07B8WL33G,4.669401506502198
AGEWQAG36O2T7UQULMCPTXYRXKIQ,B09BGCRS9T,4.932130823841578
AH6NR2Q7F323VVUTIBCZA27BPEGA,B06XFMY9ZB,4.316809085576584
AHYZYJHCUREP7YXJBMOKBX3XGGXA,B09JGR9ZG7,3.8288309696184064
AEZRFF2AWH66Z7KRPON4YBGTPZAQ,B0BSGM6CQ9,4.384056398212626
AG5QJWMXSGR6QK7CTCJKXRD7OSOQ,B0889BBTX7,3.350688739252741
AFH6VTF4HK7G6XEPGKMJS54HS2BA,B07F3TDWSW,4.719541181777551
AFODI5ZOLF55V7ZZDXCX5RYJUU2A,B0BLLKKFR8,4.782485840197526
AEAFQYME2KKDDFIA7IJGHX7Z7GHA,B0BBT9T4PJ,4.920501237671212
AH5JR6SYFSYSUV3LIPKY7SSMA7IQ,B00M53HWQA,3.831156001075255
AFATLLVPDSAZLT2HUI7VFWHLBV6Q,B0C6H9T5T6,4.412518607639039
AHPMJNUYUX4QOZCKLN5R34BB5EQQ,B07CL6Y82R,4.922252016844799
AGLS3LXZRF3S6AHDXUNPUKPFSFSQ,B00LYFFW9O,4.645485130991552
AEQTZ66XVTKZAJLIQILNHY3FDWCQ,B075ZDCFFX,4.8525355222461695
AGPQAFCHG2MCVQQ2W6UOOUG7DKVA,B0BTC9YJ2W,4.103045682054764
AENNORCDOTT2KFT5WUIK7PJ2EXOA,B07KRZ1HH8,4.496060344293757
AHUCKAEMSP4F26GMTI5BNB3OBZGQ,B07QS26TVM,4.1939996633754815
AGEVFSIPLANARTZMAXHWIF4W2YYA,B0BHSG5C3G,4.772215516789574
AEBII22L2OFKOYGXYC3PYMQSVPJQ,B0BKZ2BPGS,4.283890299729585
AGEDVIBZ4U3WNWUYK2VKGDJEWPNQ,B0BT3D5TZT,4.708990019317312
AHSUVRZ5X445VSTUV4NS2UYSPNFA,B0BT8FDL8B,3.8302621875343683
AEDDH5EWHB2XBARG3BIJLUMOZGCA,B01KDK4VO2,4.953260252005264
AHJUQQX457HFPPIOXQ6YYNNB7SKQ,B0006ZXFWO,3.3553084906318476
AFBE5DXQJ65JQOVBLSQBU6VN3G4A,B014GR0KYI,4.465125489839843
AHSKAICVSFGCKQNXY36HSJ2NH7JA,B017NT392Q,4.406362569558937
AFV3QJ26JCDGYUCCGROO2SZ5ZX2Q,B0051M6J48,4.142552009120357
AEGPOBKV7TLHDCJ6E42JVDKOBE7Q,B0192F765K,4.654921377885949
AEBF2QAX2TLFF4T5ZKMXAIRKVSEQ,B095QBH5ZB,4.101694384564362
AHNO2QUOKU56ZIYEZZHX7PEGY3JA,B01DK40R3M,4.261371134432324
AGPIE6PK5ZJKF6C4NB6NDPSAZQ2Q,B0BCXRG3QQ,4.890843805680415
AFMTD2O4ST2NJG53TQ4LIVG6GCEA,B0B2QG44CZ,4.570318919449621
AFEH255TPEXWR63YIUX4LVP6SKLA,B000TZTPQ6,4.405323686921928
AEQ37F2GDPGB4LVQT3QVPQSGP5MA,B09MK4X8YN,4.3070708826695165
AHDRXYOFULH6PJHMYGASCRLETELA,B00WJ3HL5I,4.5683308075424085
AFUHM5DZ6UOWY4JFKOEVWX6UNMTQ,B08SJY4T7K,3.4329714626699848
AHF24GKKXGAKQLPBYVZHEMHHNQDA,B0BT855NFQ,4.425547961952192
AHL67QIBKSTRQMFTJPJK3RJ4KJFQ,B0002D0MI0,4.132819362562816
AGPWTBAKWEXJIJLZXKEV7T2E37AQ,B07TDNWYSB,4.219802323536315
AGIRR5URNJEVZXCRP3HS6LQKIEIA,B09S2VB3KW,4.788454379883155
AHD5N6UPSIDZ6H4MKRA62ZYJNCGQ,B08ZBSMFFK,4.91410620827248
AEFJCRMP67BBIQGEYO3XDHVQDUZQ,B017DO08L6,4.351730290588022
AE6B3FP6UAR66D3J2MIWDAKONHWQ,B09BF8XDF4,4.545877323010536
AGSY2FST7UU7SSOBJ3HCG2NJGNSQ,B07K58QSGC,4.832263032955598
AGV63VVUG26GQTNG2GTJEAFVC2JQ,B0BWVR4S6H,4.186866632345958
AFGRWJPHTOPNJPPXZ4A667EBHMGA,B07L9RKT41,4.940818064987757
AH2QKH3MOVXR2DHAUY4TXMFFLW7Q,B0731XJ2WN,4.69612604846638
AE6FEBZWJDO4DJDWIDCRXSMFVQCQ,B0002E57D4,4.228498915255752
AE5NWEATKNGPC2F5AUDU4G7COV5Q,B071GTNM6D,4.555049020864772
AGXCV25HDW4JXI5QQSJTIZUHPRHQ,B00JL5I70K,4.3485856832850835
AHNOYSM6BGMCXVETNQNOKQBSXGTA,B098LHYD3K,4.749832569459836
AF6MVWJFHQT2OX2TSWXSU7L2D6XA,B07B8WL33G,4.861380989720779
AFOOSGLWVEYRI3BTTAYUZZRGPLFA,B0BX8HZ5RH,4.340979728768313
AE45WDXXXZ4KORRG4QC26I6TNVSA,B003AM913M,4.680979472123006
AFV3FCAYHRCOC2A52AGKK2RPPEYQ,B09T82W1SN,4.759358466501901
AG4NUQQOZOZMVC2NVNLWBTIVSOBQ,B001FSZR4U,4.28921902436069
AHX2MR6NLBEPURAZZUYFARJVHSEA,B0BFKN3472,4.751239197352713
AHITNRIG3XWBTZQ6NIWR3IIHA6PQ,B07N2WWT61,4.511778454405187
AHTFYXTJ7M7MDPVFP7XOP5HNVIGA,B0BR2PXCBW,3.9365597251610143
AGPV44OWAIBX4EIPZYJSXLQPBZGQ,B00NTMTV88,4.061099267295078
AGWJ3WOKO6JPVGAPDSYZJCAOAD2Q,B002P9LCYM,4.533917936923856
AF3TUPL3CN4WOARNMBEUMEFEJW3Q,B0C6ZG7MQ9,4.388424316306786
AEAGSWW4RVIR4L5BH4MVOV4X23ZA,B0C5PRQ9K6,4.953823822343103
AFXXJKOQ7QN3VZSVKRMAKB4PSKYQ,B091YFQGCJ,4.881178296779189
AHXPMQ7YOOHFIKJKAKBCJ2AF7UDA,B071X5GC87,4.5393926371613444
AE4OL5LGNMZXDJWENP32PLH4KXDA,B01CL3JXLA,4.438619683194342
AFJ6BNKTPZQXGEOAIOMMCSESJS2A,B0C6HXYY4R,4.899532609112438
AHV4SKXGCWKAT4NRPWQDWERJQLXQ,B07J5FVQNT,4.726386848582341
AESTCLTPG2A6OTAH55KHCMEVFL5Q,B0839119FS,4.072725335472875
AHSCKDESSXRZL6RQK4FHOFJGDDDQ,B00HTWQWFO,4.10241498331786
AEWNI7WO3QS5KWRKBAB4FLWGKYVA,B0B4WPYKSZ,4.916577430154909
AGJGTZRZCLFSCVVMBNDXVPHSIHVA,B00JJNFP54,3.6269772635072655
AERO573NK4DRWCKS3JJ53TGSMB6A,B013ZHK4DM,4.782202014944108
AHF4GF6ZASGEYRWYWLW2U4RNN2BQ,B00UN8PH4I,4.096317303868861
AHLFYDRLX6L6LLJ4L25C5XFNEWKA,B0BPKH4HB2,4.3413318632433855
AF7QY2ZO3X4CDJGV4ACGHYSSUMAA,B0799734T4,4.608126905262597
AFCIVS44DHRDBJKC763CZ6ILP5GA,B015QK3GUO,4.6808989118571525
AG4XNEAB4VFRH7DYQWIJGL75KVDA,B09RJZSQML,4.872295218485583
AHEA7BJ6ZQXRD2TT6IZA5D7IRONA,B004XNK7AI,4.775415397030294
AF77F3QYN5GSD7OBRNXYP5QGI6GQ,B000T9L7W2,4.762308259038373
AEG3S2JSG7WW3BXOWKWYPVSTED3Q,B09WJ596LC,3.8943394143555152
AEVBAPYXHRLDJOO6YH2DMRC56HXQ,B09S2VB3KW,4.688679480701913
AGVM3U55VHWHEJXRQ4IKLK7NCAAQ,B0BSCGXCVP,3.8903442955004497
AGZYNSF4BAY5PVTF5ZPIUHE7C5OA,B07DCLVKBC,4.647104956851665
AEH6QOPVX3MEIJ3RM44DOXH7VTQQ,B07BSHS3BX,4.141209261976789
AFJUQ54UN2LAAU6QQYZNCTG4HMYQ,B07Y9Z4XQX,4.8614916460287985
AHZOWNQENHOHDPK234WOZVMLS2SA,B0775CBC5R,4.52088796260283
AFC4BQEUEQWVU6TXMVVS47XZ6TJA,B003A7GM20,4.94901818662808
AFKGIJLJXTOW3I4R7TFM6RN6XBRA,B0BKZ6RT8Q,4.013113486708741
AH246HVN5MKGWAB7PMKHSPDREWOA,B087D91DN4,4.623967352828115
AG43KQOKOO573AON6M3W5TYWWE6Q,B097Q9W8MW,4.874810824159613
AHWAHTNGQTZCXBUPWH5G7NYST6YA,B00DCJ9DCW,4.038039747989259
AG3B2CFSOW2BJ74UFTCSTDLJ275A,B0C5RBP34V,3.9867073000105653
AHZ5CFCVZLEBSPWWANJBCHP3B4AQ,B01DPCONFM,4.7124982813241205
AGCPST7H7JLEUJIEECK2H5MYWOKQ,B019NY2PKG,4.2568255319206605
AE3TDVF6M5MAB6UK34376XCCHBBA,B01H8E58SY,4.908129938011682
AF3CM6ZQAJLOVS3UW3XZORVEGVHA,B07MJQH1LT,4.5632945676306695
AE2G7LHNL4YQI5EQHO6RIGHESR7A,B00Y0CG9YA,4.424006623621202
AFZUK7RCANY3O3S5Y4CUJ236A72Q,B0B8Z76J32,4.881027854388982
AEKUCQMVDAHN34ZQDYMU7PNBZR2Q,B01LWWYCRN,4.39812063110168
AFBSCZMVEQPP4CQHLZ6LYUB32UAA,B00IFOTSJW,4.8076214603788205
AEPZV4R6ZGAHXLDCYXFBFQREWO7Q,B0002OP87E,4.959368320644118
AG4N4RGBHZCUXXIOISMGZ46VSJNA,B017AFVU7Y,4.477630367600888
AEDZCUIOKFTDVAQVJHQ5P2TU764Q,B01A0D3SSC,4.382089339622003
AEKQHCEMXQF7OW3LWKVAYJJHNZKQ,B002LTFTO0,3.8089569769241844
AETCDHEOKEQREMRIBZJDTKL6YXQQ,B08T2DMFKD,4.584360601788064
AFURKYEZVRORWYCOZO7BPR2U65XQ,B0B2Z13RCR,4.437763160174112
AFRWXBFR2HE3ZHWU6QFFGSPR2QXA,B0BY8SWQ1W,4.463970656224675
AHDBO7QJ4EGECUDQKNVAW32Z3V6Q,B01N5QJ0LE,4.710241544766331
AEJVWNXW55ISA3OATOA64QX5WXYQ,B004XITWCM,4.567641341109063
AFQJOUEBNCCZXFELH5UR3ADP3BXA,B08KWM37GM,4.8912151356585385
AFZ63RGQSNBQJQJQM3MHRBKRGGCQ,B01DECWM0G,4.42695793281916
AG5N7JCAWUWY2YH6BIGJC34EG4SQ,B00M9BSZMI,4.223885191540578
AG6GAO6LQQXN5N4QKX3ZQPLIYXEA,B0150YC54E,4.562847498444039
AHK7B6UG26R2QW427SGYW5HW4EIA,B07X624YB5,4.059919670515129
AHT7ULEGSWNWLMFIENNTIELDXKUQ,B075R58Q4Y,4.623275195233181
AHJZP422GCGGNTVER7Q3GJIR7ODA,B00V8URXSS,4.24467162651839
AFXTOZFT76UHKIYU7CZIRAKYIK5Q,B08BW2TBD7,4.44614073881581
AHKYG3ZX7SWW4K3KHIXVW5ZLMNJQ,B016E9HCTW,4.35433083251933
AGBC6LK4N4ANCY7GPBKSV73XQK4Q,B07QYPY3PC,4.166555260293543
AHSBOSQBGM6R25L7P3EM3KG7QXWQ,B0BCXRG3QQ,4.9653064163240925
AEQZCIHPL376ZN3LRVIK7LKIO6IA,B07PFM41FN,4.760500766546272
AGKTHO5CAI2NK4V7HSCUIKJLYX4A,B088DD5M4V,4.6638994665169875
AGAO3DXMEMNWQ475FJA6DEPJDM6A,B073ZH1FNX,3.7349578144166578
AF3BR6FQAGUDNKNFETNSU3KKHBOQ,B082XMFWFK,4.965939920731048
AEOQMBKMCAUY3EQ2CFEYDB252GPA,B000CPSGD6,4.342037605609292
AFJ6THBTHGTJWWK7OIW2P2TWSBCA,B0BYXVCSGG,4.106326580253257
AHOAWBCSTIAMPQ5NXRG55NPC53XQ,B0B7C2NM84,4.243191924521103
AE7ZIKA2CKZOIKONML4BJ22X4QYA,B07CYRYQ8G,4.441158454616289
AHXALPBICGW4TP72ZXYN5AHAA6NQ,B07CRMZQTF,4.9020307512726555
AEZUZF3QBV2XAOXEPVACVNDWYTOQ,B015I0WXAQ,4.129337170043912
AESGJFLYGVHQNH46NGWZI5NQC62A,B00GG20DJ4,4.618913205145981
AG3C6CXDXFVZO4ULKDAQDWOMKMWQ,B00L1E6NR8,4.631208239132861
AFY45KTDPSXXG26TP6Z2QFJZDIAQ,B08XMGNB3W,4.472227895430708
AGKIRTDMGIQN3WRMFLQSKXH4CVJA,B0794JD1DJ,4.696389681436372
AE7BAST2UTRFTYAP7V4OONCCFQTQ,0879309210,4.834323799912923
AEABO4WBVLZ6J3VVOA5XDJ7HDBQA,B09W9ZJBKC,4.393487389420159
AGG3BYW5FNAOLFRE2WUOT6LNHBDQ,B003GEJ5J4,4.364841364942673
AEIJO7WWMCD7DE6YQAFIB2L2QGZA,B0742RB7JK,4.859714709382757
AFURKYEZVRORWYCOZO7BPR2U65XQ,B00IFOTSJW,4.3101899422504335
AHT742VUDQGIVZSKPHCKEOFEEG4A,B09T8HDBYK,4.581616607117258
AERTZGEIDREQYMZTMBUZQZVGDSWQ,B00KLLKE04,4.18790382808978
AGCLXVSLJN7TUGJI6YWQW46XEJSA,B001E0CK3K,4.858673287116502
AEQSMBSD5HP3LSYXFGQW2N3Y3CEA,B095M2K5KP,4.242335524450602
AEYAJCNIHP7FW3URXY3AOLYTY2WA,B001XJBWXG,4.616800713620862
AHYRQOSD7KNYDKRSURB5B4HBWBUQ,B0BKZ5DJZ2,4.900568884045705
AHDIPBNAP355S2TELPMBHBBN5TEA,B09G5KLKX2,4.533293826161438
AFOHCSWHO2N27LSXIATOMCFZM67Q,B00FUTXO8G,4.480407979907724
AGC7CFOW5DZ4EX2QVNP6ZRSDDLFQ,B07NST2LSB,4.808762613002377
AHNLWRU4FBQBR5KGHFV6OIM5DVBA,B0BKZ7FHHW,4.5931196928126115
AERLXMBYKQGUWBDDQLVA4XX3R6JA,B091YFQGCJ,4.595472963439174
AFQKAEURQDE3GKD4HBW4VDZOZ22Q,B097Y8M21C,3.786175479390359
AGWVA2PPESBPQ5XK32DPGGH7KHRQ,B000M74WXM,4.239721819737912
AF6MBPLQMTFYIPFKY6PQOH7WCKEA,B09JC3Q3TH,4.550552502771441
AGX24YN4HZ73DCPZH2VCZ36MDMIQ,B004OK1G64,4.147943519577283
AEE6H6VC6RTWJS2RMXUJCDPOY6NQ,B00TV90MT0,4.297212942285303
AHGBHUGSYBGF7ZITSQXRPZESB33Q,B0B9BP315L,4.765467216304093
AG4ZB6GMF5W2K5OOBYH2LLQMAMOQ,B077Y4JGQ1,4.711051585663577
AEYM4JF7CX4PXVZX6HBA5ELI544A,B0C5PRQ9K6,4.973992770698913
AFMG74ZXHJ2XIJW5OUELTC5KRPKA,B07B9W2XFS,3.712177350901706
AEJHSV5VEW6DTNUIIQRBTCQGXFHQ,B07HM8Q5FR,4.842596099649256
AGT2TLMLIWZOIPRZ4ZANFYICIKDA,B000K69UM8,4.570847579746512
AFOXLAJLPADIV5NXYE6CLSTBAC4Q,B09HWJRQQ4,3.725097400932794
AHO2NGQECJA3SONZARFPZKKUH6UQ,B07CQQXQ4T,4.915033127073298
AEG2A2SPGLIATB3BP72NQT4MBK7A,B008OEWZ5M,4.426770043698684
AHDMFMMBOWVOTXAQMIV2KOPM346Q,B0158GWWJ2,4.379637934063276
AHP6UXQUXLRXD7ITXH55CBGVBLGA,B003YJQX1O,4.013589695377044
AGBFN7JJDKK3RURUIIXTLESUBSCA,B0B3LLNVNC,4.492514515100775
AFJZQ7ZK67AXFCA7GYLHVSBI4LHA,B012VQ5A7S,4.5587030836299
AENWSEPERMG6DSLCD2X27BGBWQAA,B0BK6MQF3Z,3.9933600293146143
AFNPVYGE5OUMBZBC274J3V2UUXFQ,B07FQCQM4D,4.951894349094103
AF6EJYBF33I6ZOJWPS6SKJCN2DQA,B074P6SCS6,4.340114248752937
AHQKYENUOHAXZG6CNSBUU6X7BI6Q,B0064BCRQE,4.962925150644849
AH74S4ZHQIZ2HCY4CYQNNFD2EL7Q,B09BF8XDF4,4.879028297296224
AFJFIPK3DGPDXQAOPLESEBHIWZJA,B0BBPQGSZ6,4.222298323496449
AHWS7CTKOVDDBIP2PCJAY3QFTZTA,B0BWVR4S6H,4.37758754221166
AFBFEQ63CH3PADWCT52FIYQLG7XA,B00IFOTSJW,4.766607825873961
AFH6AUO7HH5PMJBRBQGQQKDV5HLQ,B091KVXGPH,4.5702228725108816
AHCV5Z6U2C3B76UVSBEZYVWQNJ5Q,B07Y7ST6BF,4.949335262256965
AE3TS5R65QSFTYKTSRHFXQKVR5IQ,B0007WLWMG,4.558410763702919
AEHL4256MLAXKYTZGAPQL75WZ6AA,B01F6WIX5K,4.543823676063869
AEZWO6JBHBOWFWDD3SHY3TPNB5AQ,B06Y6BCX7B,4.026383616400881
AG4IBVQSLXLZFIBFE3EDMOJMVLHA,B0BHSG5C3G,4.662496029637956
AGCBIRCCOOCRQVVCM3LTOA365FNQ,B07M81HC4C,4.104327411348414
AFG6BOX7SFWFTWNRMO7LSMDLA6CA,B079Y7XKW2,4.646533748364209
AGVT5E2C6WNOCFYSLOCPAPBJOIKQ,B08F93KSDY,2.889203625795813
AFET7FPF4IJYOCCCQBKKGWLYEETA,B00A7KC9NO,3.6309433365588184
AFGSM2IFWCMZCPCORIQEO7SGXIRQ,B00B9060X6,4.160692062555008
AG4WPSHRJ7W4UF6IKZJ2FMYUVGCQ,B00G6CMP1S,4.063518655929016
AEH5BNAS47KL2BMWVV6GKD7JDUDA,B07NBMCG9T,4.066524214919376
AHXYSMCKABR6O4W37Q6YIF6NWVYA,B00M1L1ADM,4.725643668639581
AEWH7JMFZ3SQI4UE3DU6VRYD2BGQ,B00L9R9YVO,4.284644719663317
AH544NICZBHWPHVOLJZNMEQKS6IQ,B07NDJ1HSG,4.761555513002182
AHGRMWOGEUJ356QVBRO6TVVJWI4Q,B07RYQ1X42,4.517241577076856
AEINHEPGMZVLGFEWFQY5ZNTKS3XQ,B09DYS2DDT,4.0608394549368
AEZTH2WTKDOJPZIT3GIFZ62OJLSA,B09R2TMLJR,4.7867609240296245
AH7JAXK4CMAKGB2I7X2BIW4OMXGQ,B09S2VB3KW,3.99704528111006
AFKTMWUJ22FQFWTT4V3IKQNJWN2A,B017NT392Q,4.374029536873478
AEZRDBBVRRHFM2LTK3WW4RJNHOQA,B00E8CEW7I,4.017397105664516
AESVKFHONG5B25UZH7DRJ56ARJJQ,B005EHINSK,4.800690208711425
AF4MGMYWV6VLEQQ7E7M27JALDF3A,B000M23OQ8,4.432356263602288
AH4MENCROTJQK7T4D3NVIK3E7KZA,B0012BPMHW,4.75754665711594
AH3RE2HDYHA7C22F5VCYQLCWVDYA,B074T6YNSK,4.581197534557898
AHSPUN3WFKKPR2W3B2S73NSYFATQ,B00O2BISAM,4.189985525083863
AHDALDGFNPUZN5ZQGSPWZPVG67KA,B01CFNML9W,4.815281439751015
AG6FYGUMXO4TSTPFWPFTNHJXC7WQ,B095XZJ99J,4.9639965708865335
AGOIXNAZLPTROLAJK7A6AEFKB3OA,B014F1UKI6,4.674529263901639
AG3LFN3BICH2V5RPI2XFRKQSEDZA,B07DWM2XSS,4.769103668326671
AGI2HHZK7SWM76BROAC5EYEFKCKQ,B0951C4RGR,4.411923427788828
AFBEGCILG53ZZXPI6FF5UN6UI3FA,B019ONS4TC,4.870445547574139
AHLVMWREGLYAOXZW3YPMPGU555ZQ,B0048F0QWA,3.5480009754517448
AGSUZIVP3CBSFA24S3UGGREDGYCA,B015TBAAT0,4.688931513955663
AF3TUPL3CN4WOARNMBEUMEFEJW3Q,B01FHM1DNS,3.9438176959273865
AECJK6QUF6XDRW5KDS2OB6TJ4VYQ,B004XNK7AI,4.280740520524844
AGH7F3VLUYMLE52O7FHD7X2B5RAA,B079DRQ4ZV,4.1530799606043765
AHSN74GHQIXDIZTRGY2W22DCQYDA,B09JWL3BF9,4.252110267060129
AHNG3NRGEDYO7E44QMYDHMBADPBA,B0731YLWY8,4.4804566233412855
AE3LXT2NVT6I4JHOXL5U6D33U5RA,B093YGS1F1,4.2470865070622805
AGBX4BNES3BBJ2FFZIBA5763LLBA,B07CQS5DJV,4.675524961026894
AHZL2ZGOCP7VUX4RCTNTTQ7JNRHA,B09PBL98Q4,4.548156251059289
AEJVWNXW55ISA3OATOA64QX5WXYQ,B0BTC9YJ2W,4.957739237057774
AEDMLGFTCQT7ZADAK5CKMT2T2T4A,B0B8Z6192W,4.742261168978149
AFTBXQNBI6S63NJO36DBALW5M67A,B0BSCF2FD7,4.583979677357479
AEUFWFA3TBVVD67HVO7FOLWNXUSA,B08GZH46GW,4.5925607484320174
AFWUY7OEQ3NRSEADRQ6PMRLOLP7Q,B071YTY3QS,4.504982237739797
AGDQCAX573GEXWKTJ4INUD7NSH2Q,B01F543PAW,4.409257385230532
AF626HHXSBCNSMN7NKVKP6UVWEXQ,B000J4I9VO,4.044516405789231
AFHTKUVUNIJ3R6NFVVPKWDTVX7DQ,B074QKLW4N,4.07620092355788
AFUWIHK23WPEEPBRRSPULFMYMP7Q,B07MZYNZ1C,4.5218487277037624
AGSVLMHAE6DKL34BW5AJANZ2HP3A,B0BLSGXGPF,3.8306804921245785
AFMXSST3YJL3H5IBCU7JRZGSCMFA,B07B9W2XFS,4.454864635656661
AHXGOXDCTF7J3ALC2ENH2LBGIB7A,B0BXT5BYPN,4.384107830745613
AH45K3P2YBR4JXYQ5TSH52BYL6OQ,B09RTZ26KV,4.312565132223781
AGENT7K7THM6Q5VKHKH2PUACREHQ,B077YJ3H6R,4.350102983828046
AFLMACQKFSUNVBSPPBFXV4AVMRIQ,B0BPBMBL6B,4.693731079118489
AHGYSJ5C6F7YUTGNX6EMVI5QLYUA,B0BK6S7QF4,4.318077952145219
AGHPBBUCMU72JNN57OKEFJ472UUA,B09617MLP2,4.913500466223923
AH4UVAVFFRYIYJIBREZK4WP5NKWA,B08C9YWGNM,4.361033527522704
AEBXDQP3DYUQMQUTAUIMYMOMSRZQ,B076ZSHQ47,3.540832157810945
AEGAA3WMX5TUOTVJUJJUNPOZVODQ,B07Y8FGXDF,4.474357311753365
AHJIN67MPL7OZPJ3HINXNP7BOCEQ,B077YGLM39,4.660120535733488
AG2VMRQG7CPHKGWNP3TT5V7I4JJA,B0BRQGJZXR,3.513324094456381
AETYS626OQR6IWDN7UJPGDA4NNLQ,B0B8FSCM9L,3.680062756059963
AGNME7F4IAJUQ7OIEIHDUXS2IFVQ,B09MBW81X3,4.883403332466593
AHYKZAUJXW3OCM5UZCKRVHAPQMLA,B07BC8DCC1,4.58033033287844
AHIUWHWGM4ZYDRKZHUNIKOJVLYCA,B08H75RJZV,4.255632374657581
AGKTPA4K3NKKVKX3RHSW7ZBLZEXA,B007T8OGLK,3.8218539118713912
AFQK7EQ7D6ZPX7DJ5UOWB56BZWPA,B09RN7GR8F,4.736042827973166
AGDHBVAVHDE6JTAWUBENA2IXHIJQ,B09DJZK72G,4.59810876715678
AFZXFNKXADRAUQ2NEDYY267QINIA,B07DGW4H5Q,4.46185383743294
AHB7NX5MFSJ6W2NWR5UNUFEF7RNA,B000V1K7FG,4.807900539750151
AE77LTJF2VGJAZFPCJYL3RFAPZFA,B019NY2PKG,4.1194354894745535
AFELGLT57C4JEDRENY5FBZBYXRPA,B0002CZT2A,4.670848202802298
AEHPI7DGK45GM4JO4PP25BE3RZJQ,B09396NY1C,3.4618565765082274
AETYS626OQR6IWDN7UJPGDA4NNLQ,B0BXT384GR,3.4337160992003657
AH7K6J4O5D7ZE5QZAJQJ7V4JJR4A,B08BJGBHN7,4.300392252707431
AHM6XU5UR2N6ONEAFVPHJKEN4BUQ,B0889FMRNL,4.428840882745205
AG7A4AVEW6FTLSQCEBRIXLGYTM5A,B001H3EV9K,4.22232503745365
AENN7ZX3EMGG3JKILEMJSYLBX4FQ,B004OK1G64,3.922507290084747
AEYBXANH4M5NRPMA5WGMTLN2XR3Q,B06XF6NF5Y,4.127987639686772
AEEDYZE7SWKKVMVWYZD35VYCMAWQ,B00PR8AW62,3.605994447376487
AFAFI6N2OEHEZMADEFS6BN4XMGRA,B00MJLZIDW,4.194690547784027
AEJXBPZPKA62VIDWND77RDR2LFXQ,B09V91H5XM,4.485297743043328
AFKVQRYREQIOY53LVNLH2MMIMQSA,B083Q5T15W,4.351652146446667
AEFE5OPBDT3RILFM3R3IX7XO7HGA,B09PRKZ6FN,4.815595847242462
AE7HFNHDMZFWK4FQ2NZDBVJ2LD7A,B077J6ZGD5,4.956395275885473
AGOIXNAZLPTROLAJK7A6AEFKB3OA,B091YFQGCJ,4.890185796779188
AHX3BWXWKDWSIOIANV5JZ6TY2WTA,B00T38U7HQ,4.927859981941895
AHI4HEBT7APLICJPKX2WXSSTEPZA,B09VBWXMBC,4.397152700956365
AGKU6OTPLHUFMEUZQCKLLC7SU7HQ,B09W9KRSHQ,4.326644063635597
AHL67QIBKSTRQMFTJPJK3RJ4KJFQ,B07RLVH6H4,3.6560005003023632
AGR66GB7J736YGNOEQXECJZENQXA,B07D5W5X3Z,4.834314934343291
AGQ5FPALHWB627LAP4WZIMIWRJUA,B01J4PU7TK,4.46008116742555
AE3SOV2D5KXSUM3BXEQO7HXO55SA,B0BTC9YJ2W,4.832048029463359
AHNICXK2GA645SEALR3E762ILAYA,B0B8L1H6H5,4.773355301701851
AF4VAHTAJUP5UY6BOZG623H7KOEA,B000VBH2IG,4.271621904243571
AFGJOLXILLOCUFG64OFU2FQVNFOA,B0BSCFTV2G,4.723868786036704
AFFES2GI2HRUKJ666T7BBGQPICXQ,B07BSZNKTM,4.591474526861439
AE4UJ34DIERPH2M4MGBRWATWJY4Q,B0BQ48G9Q2,4.813786472921862
AFH6AUO7HH5PMJBRBQGQQKDV5HLQ,B09DVHGJSG,4.360260162007685
AFWB7XHYZWK7SPBQRQZQSO4YXTAA,B0BCK6L7S5,4.47196732515621
AFLI3BM2AJOV7JK6P2CWU2Y3QFQQ,B07FYCGSFJ,3.8158114644415626
AFJ7FVPPYKTZGX6PY4KNUJQ7OOMA,B06XXRRGTY,4.624730140904067
AGXTFGO7KXIW257RRFLSA3C5VRWA,B0983RZ6P3,4.5705219325934285
AHGYLAWJXRB5F3YQ6Y5HRV3GY4QQ,B000FZ1KF4,4.1593711579195185
AH5JR6SYFSYSUV3LIPKY7SSMA7IQ,B0BPNHG7M2,3.467729619537509
AEKTPUZTC3F4YZG3YAU3UH3NYKQA,B0C4YN3MMY,4.861791088055143
AFH6EYTOJWTQ5XJIO7OER5HCQC7Q,B07SZLTL1W,4.081433678517471
AF3D3CKUZ3ESHEWI67ZXZO7RHGBA,B0BL8X66ZY,4.588842507855267
AFFTXDA5L7I2HYGFFKHBMGUWW3GA,B000ETOUAS,4.474491072453245
AGTG2UZYJCVVX7QDE4IW2I4JGB4A,B077Y6MY66,4.605519415852078
AGVITHXYWGKAMYWZ54F2UZWHMY6A,B07B16JL73,4.815333464283575
AFLL4CT7RVP2BTO2TBEOWXKYPGHQ,B09ZTBMWRK,4.419789176201598
AENFQD5EQBOPKB6TB7AOAD5QQCOA,B09V92RNL3,4.51691348537866
AFXOJVXLBLYD2KJCO2MV3TVEPEOA,B09X8TQNNQ,4.861086220968988
AEDBU4UHNM6F5BEWRO2LY2LGYAJA,B08LVQKMKZ,2.926349117132727
AEBE6ZW3F7MFDQI6LMM7OPAKGOCA,B08KKF5RW7,4.057962790947534
AHPJUTQ3YBWZYP3HHH5EN6ZKHQQA,B075FSQFPY,4.84496995566752
AGJJC3UVE2J5TFAG5AGCIFSMKZIA,B0165KH7GS,3.822670743832019
AHF4JEWQEROLVQZJJHSI67KKWTFA,B08DM9NFLH,4.246140801853692
AHAEDB7FPXJBM523PXFWBS6SWPRA,B07SB4413B,4.166684862536457
AE5D3UKKN4THMV55GGAARPRXHFCA,B001CWWNPK,4.294499130542396
AHHAZWP7DDUCLTBD2YOHLSGOWA7A,B08H7VTXWK,4.848911839550826
AHPVKP6B4O27XLL2I44H7ILH33SA,B00N5THBGO,4.318316589589457
AGLPJOIU5TK67LFND3AUIWMCAF3A,B07M7XDW33,4.859869226350285
AGFXATQGNYBKELFQPRMA7IGEMACA,B0BSGM6CQ9,4.700261394320184
AGJBLM6O43DUUTQI52GRVVR6YDFA,B09TXP3FSK,4.377989434477956
AFRQHCPK4TP7CKDVVRWR524DVW3Q,B014H8AWGC,4.44224164894403
AGUGDFZRH2G72L23E4WIB7BGMOVA,B077J6ZGD5,4.867031624206902
AFRMUNBPGSPKWWIAB5W5OBNT4O3Q,B07B9W2XFS,4.6536220806801465
AHF7TPHK72VNTRAA675SXPJ2NVKQ,B09KRR7C6R,4.697775014131424
AEVNCPAF4GHJPW2QRQBUTV7U5JBQ,B08T2KB92L,3.7682404304904096
AEKS23KTJWPSSKWVWNUPKQMKOVGQ,B0B8P1YW7L,4.634412046190823
AG65H3KESUARZW3IYMRXVITV42TA,B00X7YJUGG,4.8595341568674755
AGOHUZDWB7HUI6NQOLEY56QG6F7A,B06ZY6D39R,3.84857877426125
AEOYITVO4RHHLQUN3VQANSVDIN2Q,B0002IP47Y,4.321610428648888
AHEG7C3WGLIFZ6KICEYYTTVB56TQ,B0035FZMYG,4.58634179647723
AFJ6SQSBNT2QNP2BTPXIFHDAL6CQ,B01C5TBX68,4.827895650148133
AG5JI7Y3IEBQNGD322UVZCXH4SAA,B01M8M90YJ,4.664455604897385
AECFLUVBH26B6DW5DNXN2S3TDG4A,B09JMYM88H,4.320188774042285
AFLX2VPV66I3RSCOSL2OPXLYZDJQ,B085H22BGK,4.708353265178276
AFZOLZJRFK54RYWXE2IADK2D5NUQ,B01142PFMA,4.9441750849165595
AHPE2VIQMN4QQMY6FDOBTI5MDHTA,B09DVHGJSG,4.010319815787922
AFXTPN3SBU4JC4P3IZCFFNTXYQJA,B09SD4CD5Y,4.592979014612089
AF6TUHLWCEOMYDFENVEGKYKSHZZA,B0006NDF6C,4.290963830721075
AHS5EQSUTQIS6CCNXQEFCGK7XJ3A,B086W93GHN,4.933194416585422
AGUAR5LOTVA6SHQBEM5NYSO2EAWA,B00B5LDMH6,4.581458143549786
AERVJNZ5RKBWB4V5B74MU5LMZVEA,B0B5KX2882,4.75448436519567
AF6BGLFASHKUPEWPXBWFJKRMP3EQ,B07HGRFG5J,4.431089219790192
AFVFAY7JETKKWXAQBOPJTSALSAXA,B073VRMPDY,4.836215259884416
AFHHIAVPXFYRPDQYDE2OW4YO6FCQ,B08YK9HWTF,4.28401518970147
AFZMYX6OPU3UF2637SDLHZLWYDVA,B01CFGB8KM,4.057586215699996
AER3THLOZ7KZ6X6L3ACFZTTHDTCA,B07PGMGJPN,4.508611079461642
AFVSDHRXFBIUSK43W2LYIG3ZP66Q,B01M0KBF9F,4.683702667436332
AE6XZHWP7GCYYMB3KMFGBUMEQOMA,B07ZW1GBVT,4.035649416242998
AGADQZLASMTW3AVWPQIS7EDRAKTA,B07RS1QKGK,4.148428294122124
AGOLR5ENOMVPT2UONE22M4YIQDAA,B01K1EJQ9U,4.287473695069996
AEY5RIKJ4WW2AV2RF36I6XHCXOLA,B004FEBS8K,4.207914346619709
AGOUQ73XWQY73FW3Q3BXYN7HXG2A,B0BSCGBBX5,4.681782732188771
AEGXN3ZQSG42J3F3APJQKTTPLTBQ,B0C67HCGBR,4.354073084043489
AEYMJEI6E6LOPJPL4OU6Z4T5FOWA,B015IJIO5U,4.148734962979392
AFHET3OYTMIYN4EAJ4AOAZSZBPXA,B0036FFKE2,4.712528170137587
AEEL5H2C5ALPNBR3N67HM3HTBFCA,B06Y6BCX7B,4.515015679333669
AEWTYTLUBCTWDPCKMTKUFN4SRADA,B0BXT6TM6N,4.639188493555356
AGZ3EEUWPVVLQX5LMBBYHNKNBSNQ,B0BPLFP5P6,4.474071176673243
AH4ZEMKEG2WV7UHRLS6NGVBO5HKQ,B0BXX3MYXT,4.954597232322714
AGOYR4GPBPKPJRFMMGNOKALDT2RQ,B07DMS2QNL,4.369954992257568
AFXFBPCW7M5OYUSORHV6HQASVQWQ,B07YMGPV7P,4.5891660696351275
AFRHPC7CFZICVH4IROAQCO7RL2GQ,B01F8BY2AO,4.114854135917311
AETNDIMM6EQH7SCFUYLUHJLBFKNA,B075R58Q4Y,4.449470252055273
AGNP5VOARWMYZYMNSQYQND4NB7TA,B0B31RCL2G,4.4076854665114915
AGX5QVR6UPVGT4OYU5JCPSKN5X3Q,B004UDM37Q,4.946419950809195
AHCHW2CQHUSBPPNXHFE4RPGIXXDA,B0007OGTGS,4.550818760866867
AHAVMJ7OKLRLFKHUSZEZQHPQCHWQ,B00WE6INNY,4.664455218281861
AHFIIUGZRRSUV74WTKV7GK3P4EPA,B0B9LKKBHK,4.491693952574188
AEZWVY7SNYXITG2YVXG4CWWGKJDQ,B07HFLRCR4,4.03773111594396
AFKCIAGGH7KHMU7JCN6ZGWX3ITYA,B0BR2G8WYG,4.7574079509260985
AG25BHPXN3IJ53EHA7JCLMPPQUDA,B0BLH2CBVK,3.809218504454266
AFNKANPQUS5G3ENXFLAJ4CHWQGFQ,B07H6WG4CG,3.954972236323463
AFVQQLENFSRWGERDSJAIIEPSGCIQ,B00B5LDMH6,4.21071372311065
AGJ4XF6MVSXI2HMTCU4EF3JWNMBA,B00EOAF0G6,4.909336947501833
AFXRISBWQYPDQKEYLZ7VMKSDPDIQ,B00145EVJ6,4.792675106759131
AFYFTNZQOU3VO7KX7ORJ3Y5X4L2A,B071P9JVKN,4.177503539034213
AHUDHYMPKVYPTVUFMWLBMWJX67JA,B0BPLFP5P6,3.56349134026359
AGY4LSANTCTFGGXVHUO6BBDARX7A,B00W7ZL4TM,4.9189560559356975
AG7TXC563E642KFHS5YINKSCWE6A,B0018TBECU,3.8552559632352783
AHJUKDLBKDLRZWZ2OFNOSAYOCTZA,B07G37S6S9,4.701949442616386
AFIWXMQJNT65JSZVB3KM2EYVMKKA,B0BCK6L7S5,4.4175965049830745
AFQK7EQ7D6ZPX7DJ5UOWB56BZWPA,B016ZHLN7K,4.9585084353014865
AHVC53MIZ3LKW6OZXLC3O3F2OQMQ,B09857JRP2,4.9442793348772955
AEJO75YNQXAOIKXC2PF4CZEORMUQ,B07MJ3KSVS,4.394135935738962
AEEPQGUUCOYUMX43HWU2JIINBSUA,B09V91H5XM,4.217258146455213
AHCHNJXZ6Y3IH7QNDRV5VQGVVADA,B07N2WWT61,4.148696712066329
AELE432LWG6NBGFTGTGVLMNILSWQ,B075MPFFRV,3.8460348152411004
AHNXP6YEKG5ZEOEQU6M4K6Y2OM5A,B004TM31QK,4.700611068963057
AGGRPYA34S7CHDII6NQWKUXV2HCQ,B08DBDD6CM,4.818163779014493
AHNQUGN2YMD3VM6LSJESF73OMGPQ,B07KY75YGF,4.5031353397372955
AEAPENO2NBGU2UVLRBSH77V2CIOQ,B09ZTH7BCS,4.513551489973427
AGUIRJTR5DFHIQP26TDUJVJNQVTA,B0BHXYL8BT,4.846717440077537
AEUHHZV7XCP7O6WIJWSYBCTFOV7A,B07SZLTL1W,4.18426669471294
AHP54DEEFACVFPIFX7KZ3P32ZYVQ,B09Y5NZ8PN,4.462260044760051
AFJKBXS63DTOIVPXS244TKEEFGWQ,B011NJRM48,3.6541339975389686
AHKONMGJWJK5I4QUQ2ZCAGWIEYXQ,B00HJOTMT0,4.551875448084002
AEN36LLBEDJ7NFDSKJFQFV6GMSFQ,B00IY0BLB0,4.369426714585026
AEUAZXMQOTNMJM7QUXLCHLYB5AZA,B01M1GG05L,4.1839192951591
AG7EI3UOXIQXEL5QDZPVKPSVR4UQ,B0089NNAFW,4.522658548812341
AFWZAOGMC5HAEDQAOX5MUN67T64Q,B015XDU5C6,4.670269029539842
AEIBMIYUP6WPZRTCVDSHQ5KNVIHQ,B08C9Z3BTS,4.614049371285572
AF6DCSQ2GVNG6DAKRDYPUCW74YCA,B0B1989GQS,4.100132541122296
AHAHIH6DC7KVK2DD3OX4VWX5Y5GQ,B004OK1G64,4.258315832926548
AFKMX6JZ655VPVYHBTATZQS4IBOQ,B085D7Y3JV,4.797782634460489
AFJFZ6GLBPK74N3SK5OCFJWPME4A,B01MD10XAU,3.7956720160127095
AFESMXB2DZ2KFRQXDNW3DWDGS7WA,B07DX95KP2,4.593521776940105
AEYGPK264S4ZZEKDRL5VW7QFBUPQ,B00WJ3HL5I,4.400863208857107
AHMG3ALUBE3FEBHODTBHP5J24YDA,B0B312JZJG,4.8951543945322324
AHPIRROBFYQ2UMS7FLWJKMOWYIBQ,B07CBT4SYD,4.949391013914504
AGJU7X3JKHJKEK3CYRYDTRY7OEVQ,B01CQQMLKC,3.7795638384392505
AHREWZTRX6ATMNDH6CLATXMKIINA,B08DBDD6CM,4.829625211036494
AF4VYLI2QY2N7S65KZHMIET7OGOQ,B00AHEW7W8,3.5125016715415356
AEXP37S7YKZSVJ26DLTWH3AYHTKQ,B08G8W9HJX,4.139556126098747
AF3BB3ZKONXGWB7PWVSJBXIPFUOQ,B0C61YYGT9,4.772330074813393
AHYICNHO5KASNWVVEGAZHUM3LNVA,B01AW50ADE,4.406021993823967
AEDTPBZP4AQMS7RZKEZKZYHDPT6Q,B06XPCNFRQ,4.242526101039122
AGBD57DOENI7Z45BUDSSNWUZB7IQ,B07PKL11N3,4.079211099485921
AEH52AKWVKZCLB6TLF7SYDFOFMCQ,B09BF8XDF4,4.808641084706191
AFLNJEKYTPPZDLQ4PSQ7UH3N6OMQ,B01MRJUB7Z,3.95162260288163
AHLWBN3XMEJUKJQECDTG4PZYDI7Q,B07BHM7RKB,4.416749868346131
AFTM6NO5MNIUK5GNNXPYZSHSSIRQ,B001LXMXU0,4.6744286902729115
AHWEBH3KB6T6BTSHWJNFHOYZA74Q,B000RXN6XI,4.499808390171306
AHEMAURZYRCARVTVF6CQYTYE4I4Q,B082DBGJHM,4.259540554568459
AFWYGASZ6IGNFBSGEOUTEAQ54TWQ,B01AH3RSAO,4.428787530362064
AFDV5K3VD23LQNRZZONVHGJUVCLQ,B012V1TG9G,3.8207359470085094
AGFCZHTATBUI4HMETZZ5DXULTZJQ,B00IFOTSJW,4.605094925395772
AGRCVTGVKU6I4WAR4WJGCAQZM6XA,B07FSD3CP4,3.8617201929706724
AHBJS5XJDFWKWPLRDNP2GGKCHHCA,B088WMVDZB,3.7966110127042416
AH2GKTYXSNROUD6VA6IH3IP3XRIA,B09R3CJSR1,4.630795546228163
AGOHUZDWB7HUI6NQOLEY56QG6F7A,B018S20LB4,4.2545737760859055
AHWOHCJDFWFEM4PGOZB4NP7D4AVA,B08XZH8DTM,3.981825225706713
AEU4ZKO7CCFVXMEKTRVCO5CRN3QQ,B008PIVRY2,4.908411404702419
AG4NCPCLWH3ZWUCXA7HLVRQ2XLNA,B071XBX2HW,4.71374770796936
AFFIKTHLF35JXNMYR3GSG4HJRYAQ,B014ZZW8QE,4.56866527349067
AGTKP6UKPCRCX7DN3BRMOXKI3EIA,B079P9LDHN,4.160531935657296
AHYZGTJ4E4TS3IE24HF6IQRJV24Q,B0BR2NW577,4.462391708607849
AG4KTMEI5K6SATAUEUJ2LELQYBRA,B075MPFFRV,4.517822259728539
AFQFEJJS3JP7MIHAPIDLWQHKBWEQ,B09Y1QWK5W,4.40443072198778
AGKWSSS7E3YKKUJSQZJZXI5ZE5KA,B07PRC5VQB,4.332772275906972
AHOVBMETSKJH7C2RPYQFETIBUMLA,B00UAKWHB0,3.4754120343964856
AE53AVIEMEFU245TVANDSUXTHP3Q,B0B16WH36J,4.757282887141467
AESVKFHONG5B25UZH7DRJ56ARJJQ,B01DBS3WJS,4.3880927035772865
AHAXTKZXG64KPAV6TPVUASJ33E4A,B007LEV86S,4.353969465948666
AFKB2ICK554PA2D3H5ONFC3VL3GA,B0784PVZWN,4.213162943465969
AERNB7KZPZZGGM4BIHCV6KAAARKA,B003GEJ5J4,4.306269922452921
AERQYULSHI3ZZFNI7XJOKFYYEEBA,B0047VIXBG,4.789754943257246
AEUOVHII7R2OLOQIOMVO5JFCRWOQ,B01G35TZAG,4.8651846476785625
AF7CC34DK36SQJS7WXI44DREGWJA,B0B81D5BB4,4.803244064598805
AHYZHJQR66MRI2KKUWA3OG4BFJZA,B07GFH8NTB,4.340921506911638
AHWKSJ62EEEXSRG3ZHRNWBEXWFXA,B0BGHR251K,4.298788421796458
AFBFIVH32NPCDO5PE5DKWZXDKA5A,B01I6EHKL8,4.271656447922209
AGJSFZPZUX63MGYM3TCLXEPLTIKQ,B0185B3CC8,4.699266185935513
AFPOTFD5RRB6MHZQ5P5UIVG7QTBA,B0BR2THBR2,4.595588662244086
AFIJ75JQSAJKRL6RFKMSLPMHA5AA,B0BXBG7VRD,4.507846061507205
AEHGPRL2ZLF6TY6JWBNFJNIDTE6Q,B0BPJ4Q6FJ,3.9374541842080846
AGSE3WV7SGP44ULL3HPGIDU6BY5Q,B0BR2ND5SV,4.64908176234897
AFXVOM24JL7OMMEJEY7HEA7DYH3A,B0010GKX0K,4.295953572411986
AGE5YXPVOTT7B2DW5B4LPLL4GL5A,B01DXVB4RU,4.215987434993853
AFQ4E2UCAYIG6LU7UP4EZMMKNYFQ,B00IZA1GI2,4.326119573944404
AEI4K2NEMJ2UZLNR73JRGWEDU7AA,B0C6J1X7TD,4.68803120609478
AG2CCIXDW6TXDNC64A5422PFL67A,B07YPXFDTS,4.138922462052734
AEN5K6M24BIRZAYWNS7LDH65I43A,B000FLHSAY,4.4863436827133505
AEKS23KTJWPSSKWVWNUPKQMKOVGQ,B001ANI6FW,4.072383574653066
AGDHUM4WRPOAECBDRPRDIJ6BEYKA,B006BST39E,4.631324922366258
AE3GCADR2HTGRNXWR33YGTZ6XW6Q,B0B8M5FJ9W,4.428652206671459
AHKXGOAE46LEG27N25E5KZONL77Q,B09T4TND5G,4.5789906680833115
AEXJUIGHYYB3Y5RWBAYB2EIUENAQ,B09MXDPD57,4.768020527647649
AEE6Z622I6B7FO37VS3WLJIDBG5A,B008H51464,4.802702014688928
AEMOYADP2JOCWPFFSQD5XOHPNCCQ,B0C6HZ3ZW6,4.739888495762393
AGDJZFFQ2ARQJQOPZ4LCAJA5TCRA,B083MWZ1DN,4.71065946928312
AEAETBOZH2YG3Q5K73YLQSKVSD5A,B0002H0M7W,4.535671462968735
AGOAOXZU4C2FYKKH4X4NPAYPOI4A,B0749T9HMM,4.865203096215691
AGYVQXISNIURL4AIOHGR526WXLZA,B00TV0SA7U,4.123962804997258
AEAOAPF3OQV4VSD4BCQGS33IPJKQ,B018FCZKR2,4.754255765416829
AGV3WQAKB47WL6YGX3IYAVEEFU4Q,B07FZ5XBCJ,4.70233726030908
AGXOXA6HK2C4NUP4ADQCGLLQ234A,B0002F4Y78,4.874468115474447
AEWZDYB2M3BYZEF4BFP3VE2FNS5A,B07MX64M6L,4.841134278656868
AHSKOQWXLLQEV4YYMFNWBQQMWZBA,B0BX8SSNYP,4.29240028121969
AHFI6EVQKDDMROI4RSVPWF2Y6ADQ,B0C9NGP88D,4.496430856552537
AET3S3QXEZM7Y7MDGCJTFTTOPAHQ,B073S9BHBV,4.929352506417681
AHLRGX2BFGLQ4JCYSS5DB2AK2ZQQ,B000BYPJ1U,4.437481787548403
AGKR74DLGAXCX37YVUNAFND6QKQA,B07NDGTFJJ,4.946261354146988
AGUMJHIDCBW2XGASEMJIHD26JN3Q,B09F2HJKHR,4.697530164890932
AEXX7CEHGXHPKKA63HPYS3JR53EQ,B07K2J841D,4.5184216600107865
AHVFEBH4PD2V3XK2AZ44LFXTPZUA,B097FMTZCP,3.4945930673155936
AGKQLSTQJOGWRWV6GHIZXSLB4VQA,B09Y1X5BSC,4.864954565373947
AGSP5UQZMOO4U4VWUL2CVBV35NDA,B07BHTDYGR,4.512977267356866
AG3SNVZAJVFMX5WPHZIDVAPO6YBA,B0B1DNT9HT,4.101883501615828
AG5FEKWGQDLOPZPCCVTDEL5TWMLQ,B01LQM3534,4.262496460503111
AF6JSVPJ2DCT5CECPNXDU5PWBMEQ,B09857JRP2,4.769386633295603
AFPR4KLOEJKVJKQ2HDNYKIUFOZNQ,B0BCXKFMKD,4.6058692372698955
AFKUVBPUO5PIIBCJYBKMQABF4VJA,B078X3SSY7,4.734435319019653
AF5WH2KQNQ23M7NVENH7F5ORQ6NA,B071P23N7Q,4.352557660397934
AGQ4KUC5JAXB3A6UGXUM5DIPW4LQ,B08718Q5J3,4.567122330571521
AEMLDUMRZRY3H5UQSTVOGIKOR6HQ,B0073B587E,3.09996227956295
AFZIQSQJWTGIF5JPJXUSHLEPWROA,B0CC665SQH,4.94883370377918
AFA6BGHQNJZBSW5VM342TSSCPFXQ,B08BTH6VJ8,4.292696139405204
AGLS3LXZRF3S6AHDXUNPUKPFSFSQ,B0006ZNAZ6,4.421688730268955
AGTY3O2EKBN5YXIM26GX7FDP4BCQ,B09WJ596LC,4.50721432437924
AEER2N4OMRBWAG7BWDUO2DOVBICA,B09YRWWW7L,4.597582477080437
AEEDYZE7SWKKVMVWYZD35VYCMAWQ,B0BT855NFQ,3.7341197227712413
AFUZR6TRZXN3X2ZRRPFB3BQMI3VA,B08R5GM6YB,4.6418254974078925
AHCPG6UCDD3OKNGACZNLW3EXJXUQ,B07TN2CHPZ,4.370000304091839
AEQNSBGTU3I3VAIGJUOE56OM26BQ,B099NYHNRG,4.916823081503747
AEUB3AAUYNXUO6DFNVU465ED2F4A,B0C3RC7WWX,4.714637884804682
AGZQD37YMBU4CNUZBI2JU3MLXG7Q,B0BPKH4HB2,4.069216984834683
AG662TUAT4KJA67XSMAKRIIRF7QQ,B07NLKL6N9,3.957410812700356
AGZYNSF4BAY5PVTF5ZPIUHE7C5OA,B00VOQQDHI,4.944101506081554
AHXZMBZM7TCTGR6YQ7MI7LEAZ7QA,B07WW5PKCP,4.772468578270019
AF7S6K2LJFYM5UXGVQ5VVFCGA65A,B0BKZ5NP3K,4.967700088184818
AGVRYUDMQMBAJA3U6U7Q4WECPRNA,B0C6HZHZG9,4.820975460262274
AHK3GB2AAC6VO2ZUJV3MAIC5ZCPQ,B0085545YO,4.510300641149477
AH3ZYF275M4EUI5TZFJ4OZ6DSUYA,B005NZ05J8,3.914370506837877
AHGUGE7UGFA25SLUIXAHIVGXNEPQ,B07S1SP7LY,4.37090103907785
AEGNNCCRQPA57ZYBT3IO44I2VAPA,B0BR2HWY75,4.513931318303292
AHEMIIDJNI5YOZXFEFFBQAEY5QOQ,B0B8CWRSFG,4.286653209756486
AEH3PVS3ATD4V36TYF4TQWHSQYBQ,B007Q0C3RU,4.6071215686707125
AGEKML3B3AXH5J42LHHD5H2UGZBQ,B000BBQPBG,4.165267032522393
AGHE2EDF3FFNNWAVGAQ4S6K7PBKQ,B0BLV556W7,4.535575892865421
AFDS5HV3F3ONORE7U7PMXMVMZAUA,B0BL8897K3,4.979624910333431
AGISLAL2FVA52GBP2CQYQ4TFGSTQ,B0B6P55RBN,4.519995938585347
AHFKHAG5UQQQGJWTD2C7A6NJHVEA,B071W1J3WR,4.502489161738249
AEDBU4UHNM6F5BEWRO2LY2LGYAJA,B002G1UT5C,3.1207816085034707
AEYVE4K36ZVU3OCAGOGH3GL3JFPQ,B018FCZKR2,4.168255860420174
AFFCCV37Z32PXRMUD7KANRJ4OBWQ,B00005ML71,4.5775406988254055
AHD6HKJ4CNXV33UEHRJ4VY2ABMTA,B081T39QJS,4.368102302502947
AH7ZNBHNNGX7KN4JFOB53G3Q5WGQ,B07BLKHLPK,4.575668907270301
AFBBHTNRJHWRCWTCGXE54MJWVX7Q,B0002II66U,4.369241754458908
AFCXJHXCH3WOXI7C2WIUSEKMHYXQ,B088JYK3ZL,4.446737235981798
AHIE3AXU3OL7AJHSRPSDNC53Q23A,B09KS976VL,4.550910167600472
AF5XBYLOZUWJLVK7F7ZQDL6OZPJA,B07V3NL6JD,3.493930892772576
AGZYJ2ZZTZUYPVH3JUSEDFY24SEQ,B0BFKQGWZ7,4.282098063920469
AHW7ETGBKGX6DCG2LBAG5YAXU46A,B08YN4F15G,4.340089801017723
AFRQ5Q5OIRGZ4ED2XWF3CMLZVW4A,B005IHLSTM,4.486595154590412
AHUPJSMPURGM4QXXHW7VZLHZHITQ,B00CE20J3K,3.5516391544471015
AHA5GU6ZUSCVSK2VNE6364ZRDJNA,B01B1IBSIM,4.527756506550556
AF3KN3WD7YOQI7G633UMGOQUQDOQ,B0BPJ4Q6FJ,4.531690451010497
AEBGYELMA4BKQPPWGIREPQXDLGQA,B01LB3T45G,4.456783587153339
AGBUFE4F746573LDJ65QKCODIDCQ,B075R9BMF5,4.060160409772858
AGZS2D53KAOXXASMVM6RY5KBRQHQ,B06Y19G8WD,4.6769668969143785
AH6LYS5Y3M7WNKZ2VVBZUKUNWYKQ,B07HHKV19H,4.838784536787359
AFVMTWBWIB5HH4Y352HP7XS65WSQ,B07CQS5BMH,4.9419343393598645
AGRLBP36CVERCY4ZWEP3EWGF4JZA,B09857JRP2,4.956290192128784
AGHIMWAIM6LO7YDHL2CEV6NVRWWA,B07SWF48CY,4.655268345899127
AHTCW5VTIHGE4NVJRTZ5TRV5PFDA,B000J5WB4E,4.1262892676612735
AFLCMXOFCVAMVRAU75DUP5AHXXFA,B002N4GBLI,3.9026992263575653
AGM6KNEL26JNB7DRQKFK5AZZXVTA,B0014STI7S,4.3876804188372835
AEU4ZKO7CCFVXMEKTRVCO5CRN3QQ,B001G3XRVE,4.525782772637265
AEEFEPZ4HBVZ47W7VUOSW7JNX4MA,B0BHG58G2F,4.861259734581673
AF4WHAAZO2VKSW6GJJG5R5G2TXUQ,B08H7VTXWK,4.421953756327488
AHQGNHYEMY2THNZXZZJAT3VS4FIA,B0002E2TTO,4.303627868283694
AHMUAUOHLITDKIKI4C3KVRWIBMAQ,B0BX8VJYMD,3.234042044104532
AH4RORLGCUXFWGQT2EAB5G7UH7VA,B015X3CXXA,4.309964214429969
AF5BJKEIHNGBPJBFWGW75ELTVRNQ,B07C91JT14,4.543663806429781
AGJJ5YX3GKPBX22A2DKXRPX57MUA,B07SFYY1VJ,4.7847462451724265
AFWE7V3NYN4D7OKBSFYLF6KPSIAQ,B0BKR2ZM9X,4.923836137061013
AF6LG365X7TL2DPS7HGYK5BOIVTA,B0B3VQ8DY8,4.67351378564794
AFDSVXNRE2LCL6KR76GDPSVAUEXQ,B0002Z2CZY,4.48388817549666
AG2CYX4ICATMPE465ZDZ6RQQRLLA,B0B5N91GLB,4.648681756338113
AHL6UZNIFDSOKASI2VECZG2QJO2Q,B017808XKS,4.780306984890683
AEQ2MOHAZIIMHROOS5VRWJC2T3BQ,B01J317H5M,4.35877106774126
AEEFDB5HGXZPRAVTHRBJOUKMWXIA,B0BCL7N4MB,4.735107684907884
AFOKRVF2NCLL5AUDCDDXVWDKO6WQ,B00EM5UOE6,4.7198038522641115
AHFPXB2URVT5XNVXG54QIEM4Z2DQ,B09YYB7MNN,4.732911435115462
AEWSTSKVSAZIWM6TBKXZRHK5NFJA,B098DLRBXR,4.517203879972723
AF4ANWLDVQRE4MM7UMLBQNFJAX4A,B0C3VVNXPF,4.596932042963082
AEZXWNGHCKWX74CZNLY5E724HBLQ,B07BQRDVYJ,4.30477103438524
AGZYM4VIZUW2D6KCPB7D52O7E4MQ,B00WJ3HL5I,4.375908020169326
AF4F5YORO5MADXZQC63MO65FQDGA,B09857JRP2,4.86504806380449
AGF7GPI5ZHALTTZMU74STRMGRJTA,B0749X9R8J,3.7320610866262753
AHMG3ALUBE3FEBHODTBHP5J24YDA,B07XFNJL66,4.480556547207073
AE5URYH3HQE4N5WYARBDJSMMWCOQ,B09396NY1C,4.168881409242533
AG3ML6ROY7CFJTLMPJYWIW7KXQ7A,B0BPLFP5P6,4.517857406878801
AH2ZDSONTKASCAR4RDCD5SEPTPNA,B0BPJ4Q6FJ,4.739224018038294
AETEDS6HQJWX2EQYEQFUIAHTTJXQ,B00N0EPZU8,3.615353900955902
AGHQJW3LPG3HCBOB7YWKEYA4KWRQ,B00009W40G,3.7705084316237443
AHMUFF5EOXLXLQW54WQMGDGWVDSQ,B0006ZXFWO,3.8388301282628166
AEOSQV627LGYW2ZHUPCFZTYSSRXA,B0BZTB9B4X,4.651477996202203
AF3C2LCNGH35OK6HLCMX7RTG3HEA,B08MZTBDV1,4.641199352909741
AH7EXT73SLCGBJC4OYS3MXIDCKCQ,B07LCRPFW2,4.211361491538836
AG52TGAEELTPZNJOS72J33VALWEQ,B00OGNDKEA,4.417262297739511
AEU6AFGJV7RWYKXGGONYMF4GOGBA,B001PGXIVG,3.5198279478379697
AGSAGGYZSLPFCVOJ3XTIUN42A52A,B00L5R5W2I,4.314288621494827
AFRHPTCG4SZVWT7QOV7G6TW3GXPA,B078L11275,4.308430161295675
AGZB437NN6DJ6CBJLPBIO2CG4NEA,B0BFF85D9R,4.230521728613984
AHWJXB2NGYU4QVDQGXXASEMTCRDA,B0007XRMO2,4.528517628482842
AH4I7EG2GI4L35NZBNZONB7BDYXA,B000TGSM6E,3.742411017168466
AG6ATLCKETNYRKL6GCQV35CSSGPA,B01N13O0N5,4.404789483045435
AHJTFIUDE3J4S2YMRXGTEHQK6MBQ,B07281RLMX,4.861695344471822
AHMWUDNW4LCB7NSSIZUMNSHYFWXA,B08GZH46GW,4.748798221028442
AFC37H5DNDOQKBJSCEETE6T7JTGA,B09LYNWVPC,4.590430386259286
AHMA7ASEUEDMYKTWHXZ22SLC46GQ,B00VNSOK2C,4.777839076086707
AG2R6QX4BQPXG5LZLRQMRXMXRLLA,B08ZKGSL4D,4.664856465431025
AGIH5L56GRLWMJ7L4TLTXPN6SA2A,B09WJ35129,4.386156631238887
AHDZKHRJWZJ22G7JY6NX7TTCEOTQ,B019ONS4TC,4.400917137206789
AECRFIY3HZZG5KMU424HTLAKDGFA,B08LRFCDTK,4.810328459880172
AGCML7EM4QFDKXX7WKPZ5XXY3PRQ,B07M6B3RDW,4.846750237479582
AFXGSPUGWEKJENYDNCYEHUOLMPUQ,B09R3KNKKG,4.265916744407783
AHWPWNFLXL7W4KGXBI7CLXNK7REQ,B09CSNM1YM,4.562349969530561
AFNPD5FM2TPEJNP3DIHSGRKUOUVA,B08JMQR2JK,4.682744856936023
AHBKIH4KMVEHIWF4ZAES4DZUTS7A,B003VYBNLW,3.8316247110638337
AEFEKAUOKJGCDC6MGYJHGUOF76LQ,B07V2JKL3M,4.509093658788213
AE4VA3LICLS3K5F2Z3EG6YYW7J2A,B0002E3DNK,4.252151295134176
AHMDBI54P7X4K4YRWKYC2XD73CNA,B07M7XDW33,4.423282700017279
AH6NWVW3W4RUQ34GIN2XFX5C2OGQ,B0BXX1RRNT,4.9690984404013
AGRBVW3SOLA34DPI24SNBQDSKK2Q,B00NPAMDQ6,4.881538767186361
AFG7DJM5DPJBHJD5QAX7GXECNFTA,B00EB121KG,4.679298009921801
AFFHKWRLXMUNAJP6Q3X3PBIFFKDQ,B0002GWRIK,4.465655302412823
AHMR6LWHM2P6SFZHQLVO4VOENEWA,B0BTC9YJ2W,4.879268827099689
AENKFLBSFB4IJCQNML2GSJMXDRBQ,B001LYDI6C,4.377263644222322
AFYXC6LKP472MEO5OS2ICSPIUNOA,B087WVJGQQ,4.437971005651359
AESSUWJ57ZQ6VRMWJYR53UJT2H6A,B09VP6F1DV,4.736420734931096
AHGTJA2GQU4VEMRCUSHCWG6KBVRQ,B0BYXQHW7Y,4.665460639707866
AHZQPH7HHSWLUIQFWEQ54NNKKN6A,B07VPLFNYM,3.94782194187345
AEVI3IWEFPFSW3XVSOSXOTXUENHQ,B0863H1DN7,4.329933980847365
AHHOVCJCDCAVW23ULQBBAGKUHYMA,B09QM4ZYRV,4.874510525107102
AHLYHY5UA5XWTXG7ZNN4DMYEXNRA,B0179A4ILK,4.630452959785761
AFCPOLPR7FDDEPMS2ZSJKAPMCJQQ,B0C4DG9Z5G,4.409651554735753
AHRIIQ5JK3SM4KX2ZPCI4SZL23XA,B074WXM13T,4.61613603220485
AFQRADPBJBT3FQPLY3DLXYDZYNFQ,B075R58Q4Y,4.659408578134129
AEHHK2RNICHW2UIC62SQB3HMRYOQ,B075Q8WNG9,4.921832016301327
AEJSAI4YKNWNMXHTUKTJH7WEBGDQ,B01HN41Y2I,4.690980575902986
AGGLA4XVPGU3OQSHL4VJ7QD7DEZA,B06XK7WQK3,3.9885652869975634
AE6TYSATATHUCWNO5ALASJCCV4UA,B00005ML71,4.457688609255126
AEGKJ7WJCHGWAAUC6CRMKUEZYKWA,B08XMMFQ27,4.837642221428984
AHR2T6WRBZHZQDINIP4FEKFMJLGA,B019OO4IY6,4.843413410521567
AGYKBJXKGCM7FUQSK5JSIT35DOJA,B0B3VR19HS,4.93557235068597
AEMXGB4ZOBCCTEB73OXEDAITLCAA,B00K17YFC6,4.318932957650869
AGHKWLNKR3YTHTYZZCFTKDICRV3Q,B004THBG3A,4.231393579372292
AEENGR3NSQCF7Q5GDBXAQXWXSCQQ,B007YFWTXU,4.3244027814841255
AEBO6XPHTBYVBGL2XXLMTUI5YL6Q,B09S2VB3KW,4.6438807468376115
AEYZ2RBVCX7RAUVJ7ZWEGBCWWKVA,B00L0X8ATE,4.04837521009777
AGMO25NSI27D64W37GCW2T7W3R4A,B088GN7LPT,4.795471091183084
AHBLH67EE2QDH34EJI642YUJ5J3Q,B07N2WWT61,4.883378262729579
AFQOJI577L2A64VC676GX457NUXA,B0817CVBLV,4.662045997649255
AGNPQSAJGJ72E5OPR2NHS4CEA4BA,B07122K1X4,4.152311965011876
AEQVLVI3JUHYSVHO45F7CJ5NGY5A,B09857JRP2,4.900494668210629
AFZSMLMBFEZVO3R444YHFYZANESA,B01NAV3253,4.753451698395673
AEADVMHY7IFFYDMM2IINZGE7UDEQ,B074T1SZGQ,4.053417997470587
AGVJXUBDRIXMPXZRVHZIL6AFIJ3Q,B07MJVGJSV,4.258917651600566
AE32OUD2ECEL5QO4NPPT23BAT6MA,B015IJIO5U,4.072063695347856
AG6Y5E4F6CFUDIINMDTXIE4L4VXA,B091MZPYBQ,4.49066663348626
AEVKLTY6WVGWFBUFNPQPPBBJJEXA,B06ZZ3YR46,4.130578418671931
AHBGGY6ZT6ROC5OQFXIBKGL4TJSQ,B000EENO2S,4.614400306559593
AECYDZGJO6K6MMZIWTQA4RTK6QZA,B01EGV6UJ8,4.880668180117749
AH5IKWFPOCFRFA3RCWSUEUCZY25A,B0BHSG5C3G,4.625008361749625
AGV2SDA2PDL4BHFY4AQVYRETU3IA,B07STM2JNJ,4.4912769317854595
AGQBXAZWYG3Y3QUON7MFLKQPF7VQ,B07CC51PMN,4.767764661894945
AGB5CRFACFQG6C3OB2TSE5JC5FHA,B00A9K386E,4.9646824403706535
AE2NWSTL7JJJWOCBKZCZF6KDQIZQ,B0BLZD2X18,4.447768748004692
AFQBQXS26P44XI4LLUZHOQQCVDZQ,B004K1UKH8,4.065474823039701
AEU4ZKO7CCFVXMEKTRVCO5CRN3QQ,B00GOIC1S6,4.277515752282941
AG2WY45W3ZZ7FJHO36GRV2VSO6DQ,B079P9LDHN,4.859691867219078
AHA4C72NXTSR4V2TQQUIBOQMWYPQ,B002UXS4JO,4.930646748291065
AHMM3SULKEN7UHFRSLVQ67BCKIJA,B01AFHSS92,3.4983840816461247
AFDY3YK7KL7STMYZLEDJ7WYNWYLQ,B0C53Z9TDF,4.531347073024425
AF3FYICX6MT2J3E7RBI6WGC2DSVA,B07KDYH2DF,4.243272388841725
AGXCH2LCCUKRTTDKCHZPNHNDVBIQ,B005M0CK9M,4.1213829630548195
AFYHLB2VSKHODIMERHWHKEVNEK6Q,B09Q39C7W2,4.939025147137272
AECV7C3OLRHG443BVO7ABZI3GHYA,B07V4GG652,4.071740201919051
AELA5OUVEKLLQW7MHMZ7NYMTOSCQ,B07JZBH686,4.545336798593916
AH3UBUKNUPJRPZ4MFG4JFE2BD2RA,B006UOSUW0,4.874985348364327
AFVDSO7FDJY6PZTIVD4GQC4BI5JQ,B00181T20O,3.7417288647469706
AH5D4TGHJYMBAAJAQUYH5E2OHAFQ,B005Q1XR8U,4.900390781865981
AFQ7VJBUAFMCD6WLRMNJVL5IZGUA,B07GFH8NTB,4.810731390737842
AETYS626OQR6IWDN7UJPGDA4NNLQ,B00724YJJ0,3.57281935980958
AHGHMXKZP7RLWP5BATYVEJ2I4TDA,B09S2VB3KW,4.829293010879116
AGKRNNH3IAWPL4TX5MZBC7TMM7XQ,B06ZZ375CD,4.813418939155063
AHETPYRS55HBETNZJ7ACESF5QNCQ,B09TRX519R,4.960244483926721
AEVIFWQIE6IT26354QCYQ3MYXDHQ,B06XK7WQK3,4.421334687362777
AF5WGXXX4SL4PKFN7AU23HDQWVRQ,B07Y863YT7,3.6397679247439343
AHL4CAHXRDV56YKGU6E3OIXIVUGQ,B0C4RBG7N1,4.825194374012273
AE2ZMLACD5CPEMTXPRPHFHSJG6OA,B09JFZ3CKY,4.139239644880457
AEKBROPSAIVCFRQDXYRMBSY6SHYQ,B075MPFFRV,4.37993567662085
AGAZPMNPPQLZ75YRCHEKYHB65VZA,B0BKZ7LF6F,3.8472484969968637
AF3FXB3DJ6UZ3WQKPBDGWRSYSBSQ,B076346CZ9,4.771975978661166
AE7HFNHDMZFWK4FQ2NZDBVJ2LD7A,B0BT9R8MMV,4.960100751696213
AEKUQFFCCUATJUR242AUVNNEMCEA,B09DY5162V,4.926010103853959
AGLM7F2WLHQ4B3PTAIWHKRF5YLPA,B0057FXCOE,4.773703969742056
AFHRPCWEWPAAA2ZVLDTJHDIFR3VA,B09RZR7QYC,4.4244612195998325
AE2BCWBDERZKN3ACIXQQISI3LHPA,B07NDHXQQV,4.669583518192356
AGIEKLTWZL63QZ7YJXTOGJWADVEQ,B06XZ59PPS,4.928596673475337
AFMEABMXB2346O6T7C7ZCYFGX3XA,B08T13DP55,4.498959452735794
AFH6SP67XWRJPVGNF37PPFMELPVA,B07PSWC1XY,4.489163798345018
AGPS3ATD4MZWB2MNG3GZ2GOLBDGQ,B06XW9MTTV,4.537863370835836
AHUAXFKMPTODFNHJRRDSNCHKGUPQ,B0B8Z6XZ8P,4.515642538234303
AGK7YMB73MWEM3E6LTIDR2OW225Q,B0B47KFZCG,4.757910282570324
AEZPYVYVDCU6K2JBBSU33PGJQGQQ,B0BT2Q355P,4.3950495282521045
AFBHZWYSP7A5KILYEILKRC5HDZFA,B07MDPF4SZ,4.51560745460138
AHGDGUCZQWIECGRE3LJRI5PLTXJA,B06XGS3ZD3,4.658643777322658
AEYVWHALKMARVCXXX6XJOATQ5LHA,B08XMK3D28,4.541570165380844
AG7NDDHQBGXQDQLHZPCWYMAWYM5A,B000J5XS3C,4.533067347243491
AG3FOCUC5MJAFY63RNQSRDSZAICQ,B074K56PFT,4.946933614611636
AFIENCUIHMROWDUODFRALNXMYGPQ,B01N9V0GV5,4.522787186319641
AEQNSBGTU3I3VAIGJUOE56OM26BQ,B09FQ2LWR9,4.773447472299876
AE3FAEGMA6K2A7N44AF7VEHMEQCA,B01F7GQ8DY,4.462750563023074
AFWIFQAR524D4CLYLL7RIQX74JJQ,B093YKC48W,4.3902351238951765
AE353MBNVOAUGAX6GEHR7S7GNMAQ,B08R5GM6YB,4.104667822936258
AFEHPC5MSRUR2QWD6IRZ4KB42VRQ,B01C6YZN90,4.343382184134353
AEHP4UUNN2YJ74TCSRCZ76U2FLMA,B000CZ0R3S,4.954866558238508
AFXA4I44KYAST2OMETQBFTDTJI2A,B0B8FSCM9L,4.241179182968625
AF2GNRUCCIC5DYCDJQ6XF45STO3Q,B0018A5R5O,4.424779490415432
AHQPPPWBZCUEIKOIGEGXMBNDWQTA,B016QUXTZU,4.218986938331738
AFE22TU6VNOILTKLAIRVLBYKYZNA,B01N2W837N,4.088808619014147
AERBXYCVD6YTQ6I2JV2SFSQRODHQ,B000N5MK8M,3.930972297001361
AGYK2YYS35CDU2Z77ZQR7L3IAX4Q,B09QCPLYJ2,3.8645836957596678
AGSTYKEKF5C2L4KHWKEKCYZC7Y2A,B0BT862N4P,4.591488450360529
AGGC2NUD4OH4CW2EV7ESFUAAPCIA,B008OEWZ5M,4.2888363446615605
AH5JR6SYFSYSUV3LIPKY7SSMA7IQ,B0BQ2ZB5JX,3.702771128411401
AHQKFLQUU5UH37DGEKVOKYZ6KQCA,B00LOAASPC,4.7419203925231646
AH3M56TVSIIT635XXCL7ZXR44TYQ,B005ETZBCY,4.358821948403403
AFUMN3VI5ZJLQ2DDJ2GBRRCH3WKQ,B0B8LW5KJM,4.755030337469598
AHCBAX4LOMZVVIZTC4FMKDLJTJWA,B0B4RDZ88X,4.0427342768794725
AEPLHCEMDY74XNN6GUSZWQ74YQEA,B001R2O0BK,4.602721311125981
AGSWTRJPZ7AVS2C33JGND5BQ6SMQ,B0B7C7PYVC,4.364149211707984
AFWUAQXCBZOOS3ATVLTXPMJEPEQA,B07C3BKLD5,4.856153623521458
AGJY2PI4JDBLJCSAK6BMEBG5FR3A,B0009G009G,4.618377255308565
AHL4BCH2O33HFN7KSBTIJUHCJYDA,B09SH9C3S1,4.715346861091597
AFFYC346GQWLWCWVTPNBIHK4QDIA,B08DM9NFLH,4.807588304026804
AH44K3RPIQMVWG2G4EB5FPVIVUEQ,B074KPCGYL,3.9583142791956156
AHBLX7LQNWI4JT7YGUE5I2VHGJPQ,B0CCK4YYNM,3.8959706233891076
AHMUAUOHLITDKIKI4C3KVRWIBMAQ,B0BYNM15YB,3.169319038190572
AF2HAUDZBKQZM5XZ2DM4UPO237UQ,B0B949FD92,4.6195660646141725
AF4IJMVZHPMUQMVPAUSENZRJFPBA,B00KND95KK,3.619740624543758
AEVIDOETQTYGFWUVJGTIDMWH4YFQ,B01AJV71F6,4.565195821018726
AHZH6A7SOLVJWYYVF7IA446ZC45A,B098PKTTRQ,3.787455987847552
AGOCJ6OBH4PHTFMTCXSATWY3RSWA,B07BRK2M2Q,4.423034226631
AEG4UODHFEOZAWUPC5CJVONTQNVQ,B09PWCF6T9,4.431874640209649
AFVPTT34R7Q5LTSLB36DQBSHMVAQ,B09TXP3FSK,4.824013261854401
AFEPLHWMMPUHJCXBCDWHIDLE2A6Q,B096K2LZKH,4.46798924777401
AFEU72LBPQ6KPZM6WG23YI5DURKA,B07L6RCDP7,4.945823650855477
AFNH3KVRKGZ3RENJGQ5NUX6KNVYA,B016E9HCTW,3.902062964592431
AEIORZCHRBVERYFCQZTGPTVUYIWQ,B00S9GPS7M,4.385105672701986
AEA2TT5QTGCAS3N3HRTGKYXJFBRA,B07TWWT1KP,4.5566089639855685
AGIS2VFFRNC2ZUF5LKWZ7TQGTHGQ,B000P1RB9C,4.95058474503601
AGMTCMP27WCMMXZ3R3FJ5F4KDABA,B0B8F6LD9F,4.887939595232253
AEXL5EIHZE4PJ22225FWU7RBPLCQ,B0C67HCGBR,4.746862213216659
AG24A7D2ZL3IT6I4CMXUA2N5YX6Q,B000EENMUC,4.5542316250485735
AGKTBKXWB7TSHCSCALSFSEL36QNQ,B075PXZX7R,4.431715085082182
AFKQDKDIZX7G5QJH3LDYG56O3NXQ,B00EW5I30I,4.036198735616126
AGHEYBT2KQDX2I32KRBZ7D4RCZIQ,B0011FQK5C,3.347517837293145
AEATATWIJVRKLZHL4XQBAZTTVWGA,B0853X3VDC,4.663591975157353
AGWXAKH4744POOCZS4ZOG3WEN2HQ,B00AHL2ZBO,4.734289262396126
AF3QEXJDDPZECUV5SC2GRK2WSAQA,B018FCZKR2,4.106017228756587
AEAKPSBHSYTSRSGBSOPXJPXFDQ4A,B014ZZW8QE,4.4773145724012435
AGT2TLMLIWZOIPRZ4ZANFYICIKDA,B07795XHLH,4.333522417223404
AGRCWLVIIB5CO53366VJCJPGRZUQ,B0C38LLMXG,4.69196058051346
AE5CG5J32MEINSPVKINSGFE3XUMA,B079QDMQHF,4.692897470453361
AEH7VS4MCJOUSC7774ERGEXJKA2Q,B0BG95DG2H,4.798810270012132
AHJQBCXVWZJZ6KYC75PBDXVDOCXA,B003QTM9O2,4.617836693760009
AFFRCOTU354SFF2TWTMJSVJ3T5HA,B079Z72D57,4.108826261874133
AGXR535FSKQK3R3ZEVM3HZXYQCTQ,B082WVKSNG,4.348873717581763
AHMSDSXPHL3OVE3ESLK5SAYFWGBQ,B0C6MW897N,4.646405361749774
AGG2QQ2TPFEBHWNTVYO5ICVDGHCQ,B0BSCFTV2G,4.920462741071883
AFUKO6YITJTYTXDGLAZHDXMWOBFQ,B0010SHU18,4.317400432588403
AGNFY5ACCGPN76PP73JZE2NKUQ7Q,B016QUXTZU,4.334924744061845
AFUC7GTWCVAJJEZ5UX2FUYNTX56Q,B00PIQMT7S,4.380381765903887
AFB2ANUCQUKOSZJCGY2FWEW7IIBA,B0B16WH36J,4.861640677133736
AF2GDED2NQYCKO2XPT2OIXTMXOXQ,B07DGZFZBK,4.3793895994470375
AFA52JPRDGOBHYA56MQCHTIUPYHA,B0B81FBRNV,4.571484344065541
AENBPEIFKODS2DZB7JNJMYQTZ46A,B00EM5UOE6,4.814917809464041
AECW3WUSGA2I4KVJCHZG5XUHXV6A,B08GX2PGDX,3.5630428024272205
AEPM4UP3I247AI3TVKGTE4NNR7WQ,B01DE4DPSC,4.7297934441652325
AGTZNQAFNN3NQROPNHH7667W6FIQ,B0C3R6T7K6,4.378368338873554
AHXKDYQYHMVBVUAPFQGJDEZU7K3A,B01DPCONFM,4.582081197666324
AF25EHEIRYH66UGEPXAUH245J2QA,B00XHGVHL0,4.679868076968826
AHXYSMCKABR6O4W37Q6YIF6NWVYA,B00C86FA0E,4.31124556973149
AE3MF4QMOAWZRGCARXHIR73MKI6A,B00B1YOENI,3.8724876013852607
AHDZKHRJWZJ22G7JY6NX7TTCEOTQ,B093KWXYVZ,4.215631590742281
AFNXM5S42H2WOW74OLJHHQJC62OQ,B08BX54VRQ,4.307565589213873
AGRJCUNI5ELSANQJD7BOPENIL4GQ,B0BKZ3GCGR,4.545692603312946
AHZHDVJR4IYIOXMPRQ35RYKBYKFA,B0010HCI66,4.452637675174102
AHMO7X3QGRNEGQ7CKZQ5ABAEERMQ,B0757Q45NK,4.946225182678925
AEWAHTRVKR3QZ43JFR4BEXRXCSEQ,B016B6YFDO,4.16585970952759
AF4DU7X56M2S6NM3SDKVWNMTHOOA,B00BLQ0D2C,3.8432719185266273
AEYVWHALKMARVCXXX6XJOATQ5LHA,B06Y5L3CYJ,4.479363897743469
AERFFADRI3I6WIWDV3U6CV5OB4TQ,B0C4FTG56T,4.819878808215826
AGGXU6K4SOJYPGW3I7TD3NESEUNQ,B07MMJX9T7,4.463607251919346
AFSBX23YWCK6UMDKJPDEE3JSHRTQ,B09ZTH7BCS,3.6972615933583755
AHL4QBECTPYZ76BAWTW3WDEPCLRQ,B000VTPR08,4.121878935151856
AGJZ4WKDOSWXXEMCI57NHE43A6AQ,B016B6YFDO,3.863843553886566
AHBV7TH4Z3WRRKXUIDAOPVUBIR4Q,B0C67HCGBR,4.811273650142671
AG5E6SWEN57XW4VNEED2HWJS3NEA,B007IE5JGG,4.404071074777011
AFA5EB7XANQVGT5L7JJ5SZW4WRXQ,B07FXPMKHW,4.474111701452683
AGNCFORXDUR6UGNKHMTYXQHKY5XQ,B09857JRP2,4.4143633625555685
AGKRWGW5XKPBVWHIM73U33DMZGQQ,B0002D0JX8,3.9250205670548493
AGXY65KBB7VEXRKE5KT2JWNXS7YA,B0C6MBLTKK,4.4624902935927055
AG7NTVOQZ5NOWVD3BFPILSM4LYGQ,B0BXT385TL,4.279505445546248
AEPSSRGHHNMBSJ7ZAU4YQFX6HTTA,B00RVE9X06,4.509932491154286
AE3O7NJGWB7LCFQUAANZSHBUQHXQ,B077VMFY81,3.994275702538546
AHON7PNDSUL6P64IDXNOK6O4U5IA,B00SKI0HSO,4.7675278219398916
AFCW3I4HL6FLOYFDC4PVL6AE4VLQ,B00RVC1UA4,4.825400289597404
AF7ZZZMFPAUVTL62FVUJ5GACOK7A,B07MQPQH7F,4.833172519430159
AHVI43NDUURIE32PAEBBA6XGXGOA,B0C6HZ2BJ4,4.328586408846474
AFNNJDGN45QK6EXOWGRSZ4J7YRQA,B0B1SF7C4M,3.931782408868419
AEFK4A22W4P6TW7ZVV2UJN7Z53RA,B0002E3DNK,4.68678786646598
AEBXDQP3DYUQMQUTAUIMYMOMSRZQ,B01MAYL1J3,3.771462333704328
AGSNBOFW3OLPB3BAS6IVI365OQNA,B00BVH7C66,4.5583981062923575
AF2QKTYLPEWJZVZCVOFYQZA2R54Q,B07BZX9BCS,4.909418651166447
AHOBKBVHEAT4KPRVI7TYTF6MEJXA,B0BG95DG2H,4.07461846858228
AHKWMDVIQDZ43FRLBQQ37PY5RLEQ,B01I0T5H6E,4.131290342230266
AGXKROS7PUCF5FTKJP2V3Z2DVI6A,B08XMLRVSN,4.621196795567429
AFFYSCZKCCXDX2FFF3EBRFR3ZGVQ,B07TDNWYSB,4.539515980871016
AFNDIHLGOYAQ2LA2M5BK4DLW2JAQ,B0C86HZ22X,4.406776033617849
AFX7IPGBJFBI6ANG5ITI5GSWDKIQ,B00BFN58WQ,4.70607056292196
AGS2TDMTAC2L4AB277W52RWJNHVA,B01H8E58SY,4.83835520339186
AFDA7US2RKW23R5HL2DHIY6SDJ6A,B016QUXTZU,3.8097181867469736
AHXENOIUMYCG343UZOHPZ662WZWA,B016QUXTZU,4.2558092663321325
AFVYUY54LTCJKKEJFS65HOZ753ZA,B078X58WN5,4.2371199803642865
AH6MAK6PF2Y5LOQKNJCZBEXMKYSA,B07S8WR748,4.772055809968372
AECYYG5NBWST4O77HOD7AQWS3PHQ,B087X1CF8G,4.745054945922354
AFFC6YHF2JNPQRDNCOKO2MFUCATQ,B017808XKS,4.963246513486598
AHDALDGFNPUZN5ZQGSPWZPVG67KA,B07YK57N2M,4.962625637333477
AFOD2RS4CU7CGW6FE47EKKEOE43A,B004Z0JH3M,4.949953667915008
AHRSXDWMMGBPIAF7FLEPJHM2VBEQ,B07MCZ9S8X,3.733830032165807
AH4CKDTXBSDQ5HF6EYLK56OZMQMQ,B09G9DVTD3,4.56119890067816
AG4FSWXIYRAWD4GVRIYXCARYASVQ,B0B8M2Q1DS,4.562393252553554
AHQVTTTWERJAIWXSI7SDOTI3LBOQ,B0BPJ4Q6FJ,4.608892198880543
AGRLPOX6E5PRCUFDB6DHC2TGXLBA,B000F3HK7I,4.78636656251377
AFO6XWHY7FAH6UL6LXPNPRCHTTRQ,B0BJF97MDV,4.596700631718865
AEASCHUDTX5JWM75PYJW56POA3EQ,B0C6HYPS5F,4.581167225401782
AHMC24HUJLMQYCPV3L3MFBDGYGUA,B07NQ8X3FV,4.277845823774112
AFW5AUC6SZSAVD66GAKREB7EQAUQ,B000P5OULA,4.312723158077705
AEZG4SHN6EDH7X2I4NPMCSN7MN7Q,B06Y6BCX7B,4.390984163925535
AGMSWNQ5N6MJEVF6CGG3O5XENX5Q,B07DWY7R2X,4.822159438913022
AF4WMXLSWQUD4A3FI6PNLZFKEWOA,B0B1SF7C4M,4.27688539859182
AGOLT3TFBJSH7BN4V3D2M4UJOAVA,B0BG4BZC5L,4.080042184090782
AE7TFCX7HWKKUCNMKUWHNC7DGB7Q,B0006ZXFWO,3.7683999452187424
AHOEU2CY756M4YAEZXRCBZXP3AZA,B0BDL88TM3,4.478075298517998
AHZVZO3RJZCQA5BSOKX2TRPEEUGA,B0C6H9T5T6,4.337570865129717
AFPJYASOJQKODUQWQSXLU7WPVXUA,B07SZLB9GM,4.6795992372586275
AEAZSCPKLB5FYVXWRCGLX3RFNMYQ,B08F3PSF6P,4.020419895218479
AGQDHJRFX6KKCS3PD25FWB7E7VDQ,B08JMQR2JK,4.645403153356958
AFRTXLSLVRLIYMUGOAGX2PA6URHA,B07P2CZDTZ,4.715931313179553
AGQLFZBLL2HTPOLTXLYYRYNYQMDQ,B00O5EKZ9I,4.494831812711075
AEAMKS4TLLFDJGAGQRDRVWQKTTQQ,B0BGQKNDP2,4.793099636302941
AFHQZEUUODBBUMOO3HTA5B6FKKVA,B008L3SXE8,4.784215975122436
AELSEEC2HSNYVGVDB6K2H3CMBOUQ,B00UZ7JADG,4.287341510005235
AEJATLF6ZB6TWPLQFAVF6P7YXFKQ,B00178JDCK,3.5888390238022363
AGDCN7V4CLBI6HR6LQPPGKW76K4A,B017DNZ3XK,4.571542970835391
AHFAK3G452QCBWIMOQRDDFO3DHXQ,B089XFMQ5W,4.281385171325916
AGDJTMH4HPG35M2T3CBDUTGK35GA,B07BFZ2KSJ,4.306988542985265
AESROLI3HHXTGZIJOGBJYE6GSRRQ,B0813D5BFL,4.673803093858517
AGZXN4EM6PCRLAKT4VKOVT2CWJAA,B00WJ3HL5I,4.329960353352805
AHMBCU537QJAK732K33QSX7UR2XQ,B01F6WIX5K,4.550156632642371
AH2TSWZJNFCFAXVDWNCDUJRHAZTQ,B00NP8GYVS,4.457546667768621
AELD5XB7WAKU4T75C7K7A7BDCBQA,B082QLTZD2,4.755925870031281
AHELBGAFUBMQNPNU62HZLW6XVG5Q,B0BCK6L7S5,4.502110020165229
AHIEDM55SZ5V4UCWULFONXOT3DTQ,B07CQS5BMH,4.9063316773653
AGC7NEILXYL3VBI2KZN3OUZBYJZQ,B07QL29XXZ,3.9676448106144417
AHK7B6UG26R2QW427SGYW5HW4EIA,B07MQBPZG8,4.146675685283216
AHWD2NSHVOEG4HA6HYHH7DVMC6HQ,B076ZSHQ47,3.865635047707919
AF6Q4K2NTL27IAOJGCI6TFJQUEZQ,B004XNK7AI,4.317979401914278
AGIGR25MN37ED7XZL4U3BCARE4XA,B01MRLGZTQ,4.195354504762752
AETHTA4WA3EPEQMS7KCQP6ZLQLEA,B0002CZZGA,4.441474831476923
AHY3J5NAJ3DAJBXXJPWNNUNCG3JQ,B077Z635YX,4.616882907535689
AG5QJWMXSGR6QK7CTCJKXRD7OSOQ,B0BKR2ZM9X,3.6682087587323715
AE6FEBZWJDO4DJDWIDCRXSMFVQCQ,B003POF3R8,4.541617143101666
AG7C5GJSOGRHGPGT62KAZNJ3GODQ,B07YMGPV7P,4.2314737030179295
AHMDWPOFULHEO76MIILWJAEGA6VQ,B01C5TC9LQ,4.774893987033621
AHWKSJ62EEEXSRG3ZHRNWBEXWFXA,B09MNCSPHN,4.6481986085697224
AFXXPUL3WUJA5N7OHL2WSCZUJORQ,B009L4VZ3C,4.004550254407257
AFB4JAD3CWQARKHXOGSSOASYQNNA,B09PBL98Q4,4.5078129374951486
AHMKOZYPGVBGUTG3A5NO3M64WFJQ,B003AYNHGW,4.507533583753349
AHDWGSLY5F6AL4WLGCL2YSSTJQLQ,B0B31RCL2G,4.610703000159044
AFPMUO3RPUOKALQCSHLET5YVLMGA,B088GN7LPT,4.917053196598282
AHJCDOPTP3TS3AKN3WXVWSQR322A,B09Z2SLPJC,4.133785543939365
AG3PDUNNZGSQI45FEUZEKSPBXT6Q,B01M1GG05L,4.302362194877097
AGKOQNSCJN4AAVPAIGFBU7AIU4UA,B0195NQSTO,4.720051691026679
AFU6LE4MN4VRK3MJRTLCYLPSRBJA,B0B16WH36J,4.790134377177756
AGBE6ETAIKPQXBYYRAUXXWKKU7QA,B0B29JY4BG,4.6881030929210015
AH42LJKFB2OQC2J4MDGC4MQ6MLIA,B0002D0CCQ,4.9583913676848725
AHJ4JYJ2YIL7JSDDG444JJAQFHTQ,B005EHILV4,4.6156962672393185
AGJAAVMYOSWYRC3HRWGAWHJFS4WA,B09Q39C7W2,4.287288019388428
AGOIZPY7VKQUIV4QBR6APEELOBBQ,B09MR13TS1,4.5341477417928
AEVQES4DYXCIQMQL7KHTDM36Z6TA,B085RZ5X57,4.213479906679665
AHA3IJGM6TVWGJBOW4HM4UY2H5OQ,B09PGXJHVD,4.58883854690335
AHOZE2QEB5JLLAG3FB4BJKGUE2BA,B0B8V7C5N8,4.780065195682252
AGDEYWGZKNGR36MRO7ZT3AB45AXA,B07FS8N773,4.4131451130247354
AGGGVYN6UWSDL6N37L77RAJLFHTQ,B0B9BP315L,4.820842075638342
AGGZLLBDARIQDZYZVKDHFNQHMHBA,B0B8L1H6H5,4.417723593177507
AFFD2UVMFK6ERQ5IEVQTRLTJ5CEQ,B08XYTW5S2,4.191056447870668
AGF2ARUNAO6IKVQHQRZFYC4TU5IA,B09PNF6NGG,4.469382342475719
AEAPGDW6CTHQ2YHAEVPWOU5XDEBA,B09YD44J6Y,3.6339767633257356
AFITBSL7YZ34TYWR4E7I67ASN27Q,B07SB4413B,4.0944367881164245
AFCUV5FE3VT2MS4LYAUFHYBQCP3A,B0BPLFP5P6,3.6596939711833465
AHNWRU63FXLY6XHTA2Q2WCK3RWIQ,B07JZQBNDG,4.30953908990167
AHQCDCQ5VFDGM74DM7RQ737GTOYQ,B005ZV5K0O,4.438049557446426
AFLHFZVJG5BOHMDGWC3SS32O3YDA,B0012BPMHW,4.715430127819805
AF2O4GMP7Z6ZV7WZGJM5MGT27GAA,B004HZDFXI,4.571839766903765
AHVDJ54NGWPYG5SIQWJLUP4SESWA,B0812LVR55,4.076963358752809
AEM3RQF4LFUBUJKD4XXSYOZ3Y5NQ,B08VHZ4FFW,4.430105297131934
AHU6A7FS55M6NEWWY5Y3KQ4OUARQ,B003FXO8MK,4.415862763353636
AEK5ENP4GNKULEKWEVFCGY3V25XA,B0BPKH7FJ2,4.701101818607876
AGBG3KK74IKWJNQVMQAGVBWJ7FAQ,B0BW3BKL4K,4.8779935396782
AGGCZSRBYNP7SGYHFFHXV2V5FJBA,B000RYUUD6,4.562669545468664
AHWLYM4ONOHUGDWONJ4F4FTIGAMA,B0BGQG84Y4,4.082331883306342
AHG6A25NEHTHEN5ZY2XERTRYUHWQ,B09N3K3KGT,4.721420779277991
AFZV77C2B43TKQSJAH54J5CIVBIA,B002M8GBT2,4.633706558379939
AGBWY2Q4KM2IH3WA45BSPOCKRJOA,B09R6GDRV4,4.2738563163846015
AEGNQC6SO5SG7UUQ2CIYJWG2YU6Q,B07CRLJWQ9,4.353227719066281
AHPKSVZSZ2AGO4Y7ON2XSDC6OF5Q,B075KNF6GZ,4.362452674714446
AGSH3BOYIC3UJLYIAUDLNZYTXFNQ,B00QDHK69O,3.447730761222957
AGYEAB4XOJZKJBZFGFQPZSIUL3VA,B0009G009G,4.4652248936803725
AHXTZ6TQJPPTLUPDXLS6DNAJ6GYQ,B00EBJ0JPW,4.493691749388634
AGKO5OGFXXCN354PFOSNIXFTYOXA,B07MZYNZ1C,4.939677917112139
AEZOQMNB3BOUTZIFWDELZPB3JXOA,B09BF8XDF4,4.563185946894088
AFMG74ZXHJ2XIJW5OUELTC5KRPKA,B06XV9J1DD,3.9281645034458985
AHCXKCUYZ3EHECVF4EP5FMVMRS2A,B07CL6Y82R,4.88792304854206
AE2K2JVGQP57HIPAXURIFLXLJILA,B09NNCSVQW,4.648144045278905
AHJH4JENJNV2WIBEOIXHQEF2GQIA,B0006NDF6C,3.8430638665891297
AHDTJODSAMZBYCCS6I35H4V452UA,B07G4H21PM,4.084295016439242
AEORHVIBAWHUO7JWEGFDVP3Q4Q4Q,B0B8Z6GZZ5,4.365275149270933
AGY7CYYTVW3BXZMZKVJ43LUEN4BA,B00BVH7C66,4.638345094503889
AG6UNPDBZCRVEBYEWGBIKOX7FV5A,B09PWCF6T9,4.603623785841607
AEQJJSAZIFWJKYQUGL6P7KR55P6Q,B0928HW2P4,4.520029252377769
AEJ7S5C53PDEYNGKTSJPCZCT3RZA,B0C5PRQ9K6,4.740558965182856
AFA645RBPM3DQ7M456ER3ACPTPHA,B07C9LSNQK,4.922535472355218
AHX7A37P6PKOD7W3PHI7OASXEOZA,B0BGN92PJM,4.625817244694434
AE3NUJULISR56KJZB6XPD2KO76KQ,B004TPDHJ8,4.4807699836609665
AED4QB2WMSEKWT5RXAVNI6YHOWUA,B07QLGB4D8,4.731468473994204
AGFNIFCC5UDQGL2BN727UV2Q3ATA,B001L5U0Y4,4.378715555595156
AGVT5E2C6WNOCFYSLOCPAPBJOIKQ,B06Y2W66F5,3.0546867748904014
AGFSPZ7XOYCABXF6VYXQVWQRMO4A,B00PZGTVAE,4.879880157174911
AF2QKTYLPEWJZVZCVOFYQZA2R54Q,B07RBZHDT7,4.973124120823484
AGH4UMD4PDQ2J3Q4PYX627TKEJZQ,B00PTAD7QU,4.463131526436039
AGXY65KBB7VEXRKE5KT2JWNXS7YA,B0B3QHY7GB,4.722046238707455
AGWSL6RCSUEPR5RGTVMO5HERQUEA,B09M7D9SC8,4.131500069533133
AHYAO24VSRJF47XSA3XNLHHDE4VA,B07QDN6Z83,4.129368904465968
AFYZSWEYWH2O7SZ3XROG6DYZ5SBQ,B09PWCF6T9,3.9686803677176834
AHOFZCHFULZ2SZTOXOCMV6FWHMAA,B0919HG8S7,4.536246211596596
AGFMFD2HKXUJZ4UTF7DCEVCMUTKA,B0C4QX4CQJ,4.877308237662206
AEOGO4EUQ4SODCLNQAF2QE2246VA,B013OFJVPW,3.7763715508781472
AFZNG4THTEUTZC4XDEJS3U5WPOHQ,B06XW9MTTV,4.549151991149685
AF65N4WSTNBO2V4VJDML2RE73ROA,B0002OKGNK,4.934837262116731
AEUMH56TGXJR2KRLS2OTNPPLJRMQ,B0025V1REU,4.293749685538185
AHLNHRYQZKCISQM4XMJMA2V5MV7Q,B09198262S,4.637375233797092
AEYSYCXFIB4OBSAJ6DXVYHD4JJIQ,B071NN4WSC,4.483726802535359
AEYB2G3AM66RHK4ONMQYWVLCI3TQ,B0178QB9I0,4.694280301894556
AFPJLBVVR6SLETMKYKEJ4FQBJPTA,B07CBT4SYD,4.871089222848699
AEL6LHHM5XOECBA3MAPB32W4DLOQ,B0002E56IA,4.532950967678139
AGSXFQ5EIJKOWUWKGK6VYAOJXXZQ,B07J9JR6VP,4.168555218582128
AEVQYOU7JYIXIVXIUDRSOSGWCGFA,B00GESEQ4S,4.508448501606021
AHEDE2SI6D32L6OKL6B5QCB42ZLA,B00WHLLDWO,3.6059323059011064
AGYSS3SBEZELT25CMOQ3VVAJUP5Q,B07FBD8F7C,4.6151071085027064
AEB3X3OFSF6CY2VPUN6NN72DVZFA,B00DY1F2CS,4.3753207248130055
AHTUJMOFO73XXJHADHZ7JOZ6XNLQ,B07CRTCXDV,4.349931595184432
AFIMPB6NJRER6XOJECJLPEVZ376Q,B00ADHKKZK,4.20151374210982
AFFMTXZ6ZKG7PV3BO6UKZBSLXYPA,B07MMJX9T7,3.6916367696875043
AEJLELEWFD3SNKK6ER6DDUKRCXNA,B01JJP7NII,4.487045404406463
AFKLIW5727DBZBNQ6R675TM4VRFA,B0B819R6CN,4.894127439751014
AEGGYBBQ5FVWI4QGTTVB3BTH37VQ,B077C5BNJB,4.773666159819659
AFQ7VA3GZLNTRUXFYOTYZ6YYC3PQ,B0C5BMZ1K9,4.047853095039174
AGVRLUFL4ZEIFPCUS3MO3TYW337Q,B00DD5WWQE,4.734100642871282
AG3LFN3BICH2V5RPI2XFRKQSEDZA,B077Y4J6LK,4.553281375953325
AEEXUQ2ILOMASMA47VXXDCJAHUGA,B01MQKIZ4M,4.40307136533836
AH6RYMKOBLZISW2TKST2EI6G4PTQ,B07KG1KPT3,4.796521058339212
AFD637UMCLE7CMXD547PBEXNAMWA,B01DN7OC00,4.623532096905386
AGBW5G33ZMRHXPLAK6BF5GZGTUKQ,B00H35YIJE,4.802977483281404
AF3ZZBMYBGPUI3O3RZXBSNH3YEUQ,B07MZYNZ1C,4.49533894562935
AGEK2Q27LYVZUVUJLUCXSYV5DANQ,B081JR2H8Z,4.124068074956393
AH3C54XADC2RQX5D753WWL4DNYGA,B0BMZ3PZ3G,4.370031960489706
AHDZKPPKUT7HD47LXCBN7RQNN6KQ,B07STTRGFW,3.720170263523824
AEDK5T3VBOFLHQ5KJCGL5YCKI4PA,B09DR91XCS,4.4482133489123665
AGVWNNRU3RCSDNTOJ6DCFDIQSYLA,B000T9L7W2,4.742190570465419
AFLSR6TUF3KPOYGNIHXHODNAZUEQ,B0B4S1WY6K,4.6982438082784155
AELBL3GHBDNBYAXPFC6MNPPWG4YQ,B017DNZ3XK,4.668505330240705
AFQ3MI5EMRY3KXDLZX3QHEQVGQOQ,B01N9V0GV5,4.216244616917287
AH4A5EHENGUKTMJ7CT4TP437BAPQ,B000ZMYRJS,4.252316741129095
AHST2SDR2IPRKGNB47AKL63MKKCA,B09R6PRMMY,4.845848619818912
AGBW7LZUPMPOBV4LJ7LO3TCTRVLA,B000T9L7W2,4.792466325474216
AH6RUAIDE4DPFNXNDON6QRLCEQDA,B003OYOXDO,4.812126682119317
AEJ6PSXEQFQXW6PSSGOMAHGT7YUQ,B09B45DLQG,4.004366203198849
AHRMYVXZC7MK5EBIO2XL3Q2GGEGA,B01LW9BF92,4.61960138311559
AHTVJL3FJH5CHBAPBR6EPIGJZOEA,B002YL81RW,4.28447332657953
AHSA453Q27HVVDN3XTR3WKCN6AQA,B0BT855NFQ,4.9130412886949975
AGKVCWOKPPT3ODIMW2QZPX3BKRQA,B09MMT45P1,3.7737789646013873
AECIT3NMW6RKABFS6YOCYX4YUYOQ,B09M78T485,4.186648824053717
AFIEQ7BNYXBQTLYIJRTBNKWQTKEQ,B083J614C5,4.133091864440055
AER6WLSJPBPNOZIQWVHQBVOKTNCA,B0BSGM6CQ9,4.25097574782233
AGFSF44SBWIXPONDUSNCKXDJHYNQ,B0BSGM6CQ9,3.9224423810001015
AFPPCR5EZVS6J62MTQLNUE33LTVQ,B0002GXPRM,4.246847976589802
AHX35XPY547VAN6XET42HCKD75HQ,B00OGMD0VE,4.303514090700715
AH2KNTQFU4DWMQIMTDLFSMRQHRYA,B07M6H5RM9,4.641300606672476
AG2ZGELVABDJPU5S2YRWM6EE7VIA,B01NBP7MS2,3.6573245727626724
AE7GVDNRY5NABEP253Y3GMDUZOZA,B00CPLODUU,4.564850937239514
AEJW2SZLBG45RD3BL5WOZQGLGF3A,B0BKZ4RCV3,4.458150576252504
AG6ADHHJ2MHUP3ZBBTGMZVJ47Z4Q,B09V4JQTN4,4.626469258462219
AFMLPEM5ZNCYJ45CZZ7K7GIR2LIQ,B07MTFY4TL,4.313708918123513
AFJXFJ3DMG7IRI76BBIBCY2HVLAA,B016QUXTZU,4.010994592390412
AFFFDZ3YLAYSMDK356X7KIAJESXA,B000BBEQZ8,4.710278518117057
AG3S4FROO422V5KP7DJCBXVUQLJQ,B0179C3V7K,4.987771742501625
AHMEXIGTXRS4HEO2VW3GEQITMMCA,B01CBC5ZE0,4.368090640316063
AHWUG5BIUQWHO6KPODY2QJFFQYWQ,B0002M72JS,4.522194923415067
AHMVEVZHJALGYHHVMDMIAAWHLUDQ,B0C6J1X7TD,4.537225037408022
AFUJ72Z6MXB237FUGMSVQJFFRLEQ,B096K2LZKH,4.7548014503999285
AE3MLVJ2OOZ3WLVKQG42G3AQ2KZQ,B000PAPO9W,2.810771501460452
AE6ZV37Y2BVKSZCMJTZOK73AUCJQ,B072VH61FV,4.878224254884719
AFH7AQN4DHER236MDPEFHTOKFKHA,B07NWZSBF3,4.9424343144293745
AFABFPPQO7PSIFNQWK46LY7RREGA,B0BTR12G3V,3.8067863577734378
AEKMNAJE6DA7ETYWCBVCOL3YCPIQ,B00N4ZHQ14,4.791597767731955
AGVT5E2C6WNOCFYSLOCPAPBJOIKQ,B0CBSQC51Y,3.174182197806522
AEOQMBKMCAUY3EQ2CFEYDB252GPA,B07DWY7R2X,4.625343930865417
AFHHXA727PPOUUVXOSYLR3DSIHMQ,B00HH62VB6,4.097413232673627
AFAP7A6P3TICUUAOBBRXPHUXNCZA,B08C2TBWGV,4.170076307299552
AFBOEGM4O3PNLUVYWVDCLD2FJLUQ,B0BKZ1G3P3,4.6886590717707355
AET4U35AEFIVWAGCKF4KVUAQXDRA,B073XXLVWT,4.386833126774776
AHR2T6WRBZHZQDINIP4FEKFMJLGA,B00SM1IWHC,4.467675382666842
AE72GJCOI37UD7IOD67B3XZBD5NQ,B0839119FS,4.472119056834671
AHUTJQWZUJEBOJOFMRJ34TKWOO7Q,B0B81HB47Q,4.637715464442281
AENQIPCGFGPVCMZYAJK7LIBIZNQQ,B0B2Q55RM6,4.4929298663043955
AEV32P7R5QEYRDR4DXX7F7V4LOUA,B07N2WWT61,4.6869381742545
AGRE76ZT4VB7Z2BIOFV7WVHGIVQQ,B0BRSHC796,4.618447932562266
AG7R5DXVDILMBIFSFDT7PIUWIFQQ,B09857JRP2,4.95389197641549
AHUWS6MJOUVKCRS63HJ4LSB56OPQ,B01AH3RSAO,4.623396348590437
AGN65FCMRQSRXS6PWIVSUYIDZXFA,B081592T7F,4.555390143465103
AGMNAMH77QXBOAWQRR62V3NMOZ5Q,B0BVLJTMV2,4.577098976056965
AGIVMGPIL54BA6GYBNOWNUZUE2TA,B001MQ9Y5I,4.628493048874443
AFXXPUL3WUJA5N7OHL2WSCZUJORQ,B071G734F5,3.6947035900475336
AF4RVRGYJTFGFSMAXGB7KCSUTCHQ,B01LKYTQOK,4.7199301653690995
AHHGHZWN7DV5HP3CUCZZLRV7RB4Q,B016QUXTZU,3.8043331455683522
AENL5UR65X7N4Y4J5DIFVV2ZAJXQ,B00721BB44,4.967166498514142
AFL2UCRKEQUKNNO27IUNUDKTZN3A,B004L66AM6,4.809639297268138
AFFEOK6DMOUVS5IK4NM76VPYXA3Q,B00DUKP37C,4.512958469172314
AGK6346KRVUN3QFXSGWMWGZTR2UQ,B0BK6MQF3Z,4.166474738289314
AEZWUCUVYKFHY4O2XE4DVDHJYKVA,B00HF07D6M,3.8932291085174477
AGY7CYYTVW3BXZMZKVJ43LUEN4BA,B07KYX3S8X,4.92268424936675
AEQ7VNICYNT6W6MCWGQOMFNEQ2ZQ,B0B8Z4YV4T,4.389126353861041
AGUIWCE3TEQX32UQAXRPKSM4Y5CA,B074FL1CP1,4.551431752033073
AG7IN5L7BFVBNE2TNWW3P3A5RF7A,B075NTZ5CK,4.134189803184752
AFCCN4LECS2S7CZ4CHXK33YXY7IA,B0BPLFP5P6,3.9179519403330136
AEGI4CAWOBX4MLNWUIY3IP7CNZ7A,B00ANTTSFQ,4.478680863885318
AGT5BUYMUIX54NNCXSJPWYNJ7E4Q,B01MRJUB7Z,4.631841778305765
AHQO2Q2Z66EGYUYBELDADP4L2XEQ,B00K7VDMJS,4.449451736853062
AH5CRT5ZT3ESMYJUVDIH5RZPH2BQ,B00IFHCOAE,4.508814624471307
AFQ54FLISLOLXO2GO4EQA5DS7GBA,B0C6J1BN77,3.458870600309483
AHI6DFB2N6SA5BR3CPLOCCN77XZA,B07YMFXRX5,4.612569031807007
AEQZFV6M3QLDV2IAFVDGNM7CNMTQ,B079TLFL33,4.413354367889901
AGKDT74ZP33B4O6LY76GYKMUZGGQ,B000V1K7FG,4.406861161324028
AHAIHFJL6RGSQRFSI7RXMRJF3VJQ,B00646MZHK,4.867690232882307
AHP7C5XFGXHJQ7L6BK3SNPGOPQIA,B005A09I7Q,4.403959459756501
AEPPHMNCAV77NB5KRFV7NKMYYXOA,B06ZZ2S6ZS,4.817637247313277
AGAO3DXMEMNWQ475FJA6DEPJDM6A,B0BYCG24L7,4.19199163936215
AGU5KKDWKCVSHEQIKNRI5HLGSJ6Q,B08BJGBHN7,4.520348556999094
AEHLM3EAXPMXVEZTG4F6ERRRLOMA,B01M6C8X57,4.4439226262326175
AHXMKLMWQVVRA6IAKL63EK7U6YHA,B0046A04LU,4.447756818276689
AEWL6EFLEQXOQMB77RH6GKOG6UWA,B003ZKLP4W,4.938561494715725
AGFYUNPN5IMCAN7C45KXDXYHNGCA,B076PF19FQ,4.350767104791228
AEVIHE2VEXHVIUYQZLYJREFCQTYQ,B06XDBGL88,4.726932738702126
AEUPIYW4A4SYHXRJAGEP4ZG6YPRA,B077GH8LF6,4.76832897894256
AHGQWA6ZHRH4I2PIDDXBWDI3CTRQ,B0C67HCGBR,4.85143526462397
AGLNBCX3AKNOFAANHVU4V6YKPQSQ,B0046LGS0A,3.7278641947755626
AEYML2YFNYT3MWAD23KAME7HQUHA,B079FGN89H,3.9367087893620116
AEFLZATUAA6YR7UNZXMP2UKIFQ2Q,B0B5D7JW6B,4.389087877773506
AFRQPDPDS265WAXYUCEBRM5DMAOQ,B076ZSHQ47,4.550758560141974
AEHC3XG7CT7UP5TTPFPWIOG6ACDQ,B0BTC9YJ2W,4.295318825170962
AGEUWSL3XES6EGG2B43CDIEQRYRA,B002Q0WSO8,4.42551230717095
AGQ4NTOQIHY47KVMCWOHYFYFQ6KQ,B0C5D8X3JT,4.644318416880561
AHEJWKUYOCGSVI5KTPKKGCSJV2CQ,B019H1STZ0,3.660086870041992
AFSIFH65UCU5GE4GK7AUZHWUVJRQ,B0BXBFG6BX,4.9541960921574315
AE6PYJX3K5T4WCDVMYYA6C2EA7OQ,B07BF7ZLKY,4.249750965118032
AF6HBNODXC27WE6BRERWS42VWW6Q,B0B6P55RBN,4.377918493008199
AHHZGNO2E4NAIBOKZ4CP4RMDHONA,B0C3WPPB5B,4.467526974652157
AFID5ARIFYCNYC77W4TLN76YEL2Q,B072JVYTHS,4.485704700254173
AFJSY47SWGUSSJWPFEY4ALCI75RA,B01ISNU3X4,3.892440409528272
AEATP53UFSJQN4EWMZEG6TPTOBHA,B00IYGR316,4.457859428432735
AH5PPNPBIL5VFASDP5QMDCUNXRPA,B01M18LT95,4.655775793154391
AF6L5ZQD3WBL2P7ZN5VAFMABWMHQ,B0BKZ66FRY,4.3839268178821165
AHETLAZWL7T3CFUQNU5VJIC7R6PA,B001HGOXDG,4.5302671023941015
AGUJVWL2H2ULK24GNKGTM7MBQ5OA,B00VMZLCTA,4.0438979356501035
AE6IC2GMOK7D5GKCYMFBS47XYRZA,B017NT392Q,4.516581146110339
AFWHS5KMUDYBCMWKOLSLZZJR5HDQ,B07PPHHG34,4.5887263757780765
AH2M5U7UKPQPDMMU2URAUE74Z4MA,B07KVV674K,4.5318951874161675
AEFK4A22W4P6TW7ZVV2UJN7Z53RA,B0BG95DG2H,4.952496285986483
AFJBPPUHABKT3NK4CCTZGI22UDVQ,B07BMWJBY2,4.457352803961683
AGUT4BSZDABF2TKPWTP7QJTWARHA,B06XDBGL88,4.876416898629394
AET4IUQ2PMMKZOMRGNCTSTEGKQLA,B07BYGWHZ3,4.396339129672691
AFSMS2MHAVKJDLOK3PHV3IU3YSSQ,B00WJ3HL5I,4.605552417801884
AEKF2YJ5ZXHTZEQSF7ALVYR2VJFA,B08R5M2FGY,4.706877364433937
AF62AMU6MZHZQGKUD4N2TIGO34SA,B0BCXMFM46,4.438949887962886
AHECXORNR3TAFF5SXLTY5EKCRQ7Q,B01DK40R3M,4.336253904993942
AFBPLMDM7IR2MY4EH7BHUK2AVPNA,B0BGMVH3GS,4.236427295343375
AG4ZLTRHVAZRU33BPY5Y643IZXPQ,B096K2LZKH,4.918586813856488
AHNG3NRGEDYO7E44QMYDHMBADPBA,B0C3Q29DML,4.57374554277169
AGSVLMHAE6DKL34BW5AJANZ2HP3A,B09DCVN1M4,4.385202412238719
AFAMP3QF2V4E3VOFKBVG7KMBBJEQ,B0BLM2DG9F,4.84788660775073
AEYPLXPGNUKJMHAPC3GONAXBIOSQ,B09KR857F4,4.521006764105717
AGTD7IKL26LTOZAUHBEV5JEQJHCA,B0BPKH4HB2,4.427793767701161
AFBHZWYSP7A5KILYEILKRC5HDZFA,B074KPCGYL,3.857640664850212
AEAO7MGTW5ZXQBBPPW7ZW5JU7OFA,B06XWLXCFC,4.029707201031056
AENU4KR3TL5KDFNSL4U5BG7RRN5A,B0141IN4CW,4.826027315555414
AGHECGJA3S5TVQGZHJZREKKIHPIQ,B01J9AD1GQ,4.480148764886555
AE6BRKNVK4LQXEDHYKHPDDEB5U5Q,B0BPLFP5P6,4.480529607551066
AHZDRM3HOZLSWFXSQ5P3BFBB5O7Q,B00WBCBQF8,4.828998851207571
AE5D2G63BJ3IOHMYE7DT5DTSSMTQ,B076ZSHQ47,4.604635678896162
AHIZ52ZDJJRFKA2Y3AYLOLRJDSZA,B001D2TPZU,4.245506376570051
AHDEDVH2IWSYQR4Z2HHY66EHXWIA,B07PPHHG34,4.557711494611364
AFKQQ5JGFWT6YINVGI6NVKPR7QNQ,B00WJ3HL5I,4.4770276975929955
AFGQ5MDMML62FYXYJSFD5QJ3M3WQ,B07DLCDT3N,4.034286396774145
AHEMAURZYRCARVTVF6CQYTYE4I4Q,B0006LXW9E,4.517132792028561
AGMPCB3TGA6MNNISDWYIOGQETCWA,B07DLWYV8D,4.656028833381973
AEL77WRPLWQFXSFTPQQIBLHS362A,B009AQZM30,3.675371923553272
AFXROWEZMRY3EHZFCIOF27DVOGEQ,B08R5GM6YB,4.077315632220628
AEAR7RK4H75BYXFVGZKA4MOCFDTA,B01K1EJQ9U,4.660394498615675
AG6XTTBGDOTVNHT22X76U27Y34VQ,B09DJVRZGS,4.80730504599767
AGA5WK3RYRITT6YLBM2IZWORS3LA,B0BFKQ9QXD,4.549960552443508
AEKIL7TYYHSE5YRHA7WLDVCHW6PQ,B00646MZHK,4.477923113571349
AHKYW62DZ3QJE67TO2PKF2NR6FJQ,B005A09I7Q,4.516982329891666
AEFDYT6GBQN2D7X2ZHHZT63EPIRQ,B07M81HC4C,4.7111823508013915
AGTVZ7ZSDMTEDLMJGZRC7RFJNDWQ,B00CIO6BEA,4.992277366591488
AEUAXVAUWJFDX44V2Q3OZFFYDZWQ,B000CCS3UA,3.9660665508139483
AFND4WHBO6MV75PBKNHCBFZK6VWA,B09MSQBZFJ,4.414642320054381
AG5SXV4XRKBOZMKDGST7LB3C643A,B0BR2VHR6T,4.538328764496492
AECFGXLEX3SU6D4T6C55X2NWMJVQ,B01KPYGBR6,3.416379875852506
AG4WPSHRJ7W4UF6IKZJ2FMYUVGCQ,B0B16WH36J,4.9473072787538035
AE6IXMUN5V3WECZERXLUQTKPK6YA,B07PPHHG34,4.465307875655782
AEXUDYZQ6UWJHNPKVSVI3FI4IBZQ,B0C67HCGBR,4.962204707382021
AHEMAURZYRCARVTVF6CQYTYE4I4Q,B07KDYH2DF,4.704031324293714
AEALTR3WRLHHAJKW2AHUSVXM4HBQ,B09396NY1C,4.069382353575495
AFG4ECOVR5MACEQKTP4CMSKS3AHQ,B07N5J3GTB,4.48748109410083
AHYGBZX3XJDZUC7A7VNQATLM3UGQ,B018FCZKR2,4.789513077088717
AER5XQROGISYKN6ABH7EAK7OHGTQ,B071J3CB4X,4.611245277552237
AG6HOO4VHEZGO64JCVOGXTI7OPAQ,B0002CZWRW,4.5179915254814915
AGKBMYYKA47EVKHM65BYZHTARYLQ,B07Y9X6YZ5,4.946836404638199
AEGP5AQJUETI6VTX3ZFX33KO2WPA,B00EB11XTQ,4.8124439709003
AHXHOPYV5ZR7PT47GK66FJZIQBEA,B091C1BDYV,3.81135145558513
AFNX464EORGQMDR2OGWOLWJEHDRA,B087PWLP4N,4.344496827723799
AHWVLFKCGMR3ZBOMSNM4LWQINLTQ,B01KBCUPFG,4.580897946083378
AELUT73PSKWAQ3D5L6SDD72TCPNA,B00VSYN25M,4.014160334647366
AGDDHRF3GVF7FXDLXU76JCRKVB5A,B01E6T56CM,4.165125543276598
AHWAJPIGZTDRDSCOICE5YWUDPJTQ,B08R8FSFRB,4.154228226576053
AFVCGMPCE75MWLFYLYN7ASTQEZ6A,B0BLM1W9XH,4.3925871218357715
AH7IHB7THIV6KVXC5O737F33WHEQ,B099NYHNRG,4.2284819411024435
AF2B7VXJHVVGGI2GPZVTRPWAI5NQ,B0C3VVNXPF,4.87597543027399
AE2YVL3KUQJM645F4OYOEG4EVHIA,B004W7ZWB4,4.473640067378211
AGHPBBUCMU72JNN57OKEFJ472UUA,B000RXN6XI,4.884936187293699
AEU53MEPI6E5AEKW6SQH4J2HR4OA,B0C4FVS3L7,4.9064920223785355
AGA76RB5YI46IRNJFAIGOCGHHF3Q,B07L5B64RG,4.154082506856196
AEJDUT4MZ2N5JQKUCHABBP3D22VA,B071G734F5,4.551598830227354
AHINVBXOV747R4UROFCTCE4CQTHQ,B08DLK3GC9,4.699471291271345
AFRFYELVMFERMILMAIN3NY7YOPSA,B00N4ZHQ14,4.324872257101593
AGN7KMV3GSGCBANTJAKIHDQYEFJQ,B00743L6V8,4.379272593154832
AFN2EUCH43NLAXRSCQTS2VWAXVCQ,B09PH4DV67,4.0493484950783225
AFHER2NWLJQHNQ4BRB4NZAG46VCQ,B005M0CK9M,4.228015944634659
AEIIRIHLIYKQGI7ZOCIJTRDF5NPQ,B09895PBVZ,4.578766743613042
AGOGNMQ567OLCAP6QHNF3Q37FUCA,B01M4ICDNE,4.7275609471505735
AFMX5QJIJMQUBJWDE3CSQA776X6A,B08R5GM6YB,4.4528291156414985
AE3WYKKSK5ZZ2S3O7KHSJ4UKG4CA,B07RK5HF9D,4.27606365978551
AHH2UCSRPPENBT7U5II5HKFYV52Q,B00FC4YTZQ,4.364065907331463
AFDBGQ77DIENSIIBMKK3HM4X52DA,B014W0L7ZU,4.740343408644237
AHUWTBLGZWOIE4OYFO56IOXKJMOQ,B0BXZFS2QH,4.814039723468206
AEG3P7S6QTKVI3P5LQJRSS665FOQ,B09G5QS1VD,4.434248118857528
AF6ELLW7NT5WNL447YQWXJOFYLUA,B08PPBGVK8,4.632131719946837
AH5S4XKENHVECUH4CNLWHQYIP2NA,B093YKC48W,4.374234453324553
AHFHIEY2BIDWDNA46D5W7RWFX24A,B00WFHBJH4,3.914438360894876
AF5JOUT2RD3EZI7G553AWPKGDGLA,B07BSZNKTM,4.457050189826645
AESCPQD5RHHP65UTHAGCQDE7BUAQ,B08NSVV6FZ,4.45342430959126
AH342PH6NCKCD5UMGQRP2VNTBS5A,B017KFVBGY,4.396918024156022
AHGYK6Y2LA4GIKZURFNWD2XXEJWQ,B076YPR9PH,4.116055031537063
AHT7ULEGSWNWLMFIENNTIELDXKUQ,B0BX8SSNYP,4.469868795756369
AEQD3ZBLPEQEKPSKXQDLDFPGK32Q,B08Z5ZQB7F,4.930144624588412
AGWWCX5J7MNO6HLHGPDUWISE2SDA,B00Y0IV8AO,3.9093433876282115
AGEKML3B3AXH5J42LHHD5H2UGZBQ,B06XHYLXZ8,4.375981094498722
AERXAGU6PAY74OIAVZQKU5ONB3NA,B01NAZMWZK,4.55149885277089
AHW4NQZJXTFN5UHC3SDKQPYTFZNA,B089QY6YYQ,4.667701978685862
AGOFEC5HKNFNOGAMR6ZDACVQOFMA,B00356J8KE,4.540002340368344
AF6Z2TQ5BOCRCNQUNPUBP5XCYZMQ,B081P1SQGG,4.795972505286966
AF5UYSBQUE7CZYB4XX4P62KIX5NQ,B0154JSY68,4.036057260660413
AEAXMPFMBBZTPBSGKDGQGBOYXDBA,B015HG7HMA,4.531474070714889
AFKMRDJ3QAUQB65MCAQHLKTJNPPA,B0002GIVIK,4.359526405960762
AECH7O3ROJKU66LUU6S6VLO3EAHA,B008TNAHX0,4.388039102775011
AFXABTTWQTMQTCFESJ75437ATYXQ,B07175TMXS,4.562899851571642
AE5CFFYYB6ZF5KWXQDULCTXOUSNQ,B0BLBZDZTX,4.331731670211969
AGR2HGNGBX6TFVFHQFKXRPP4B22Q,B0BJ3BBTXH,4.632684165098162
AHSX5YF55LYO3M2ODEKTHCHGYQ4A,B07N5GZ2MF,4.7467008314908385
AEHVR6WKEXENV637D3LEOOBECPBA,B08NYZM99L,4.368390641206195
AEUGRGHOWY23GCKG6LLYUJERZBQA,B0B59363YK,4.676358759450095
AH5E2TAIZPV7HKZ3M3S44UIQRMCQ,B00RVE9X06,4.395810497827161
AFZV4SQHKPAL65VYRSQSKUKWMXXQ,B0BTC9YJ2W,4.692397636837018
AGXWBFBAKLMJWMQIC25BQF3IU7TQ,B08MWSS6SL,3.7930445433114053
AHVKGDD2OV6WLV2KGSSVEGRHZLCA,B08DBDD6CM,4.541328383285519
AHEEE2KB2EVXIUCUXEVKVGVKJIGQ,B07NP7HF7X,4.424783412295514
AE6BWNMYSUWC7KOOGI4IE475U2LQ,B01J5A06OU,4.483350228184566
AEU5GN766HQJG2WCFWWLJSL7EPTQ,B00ADHKKZK,4.537262805423388
AG5UQM2HGELE5HUDREGA5BDL7CWA,B00HU25WSQ,4.163069885758637
AEYQWVFYGHQ6YRM4NSMCPI544CPA,B09XQRVFC3,4.198620932888269
AHZWCCGZFVFQCXB3CAFAIKQZFIRA,B07Q6L4YMC,4.864680561405835
AFNR4DU37IAIYRYQSCO5LD3SR3OA,B07ZPSCW5K,4.43684050446717
AE23LDQTB7L76AP6E6WPBFVYL5DA,B0006V6SB8,4.8180431433922974
AGRBVW3SOLA34DPI24SNBQDSKK2Q,B0B44VTPS1,4.269808012672838
AG5ZVXXHEXDYUUODSEQC4XXV7DPA,B01ANNNKMI,4.6429693913025565
AH7BTSFO77CNNKQFU7FBWTV5DI5A,B0072LXG2Y,4.831163199742954
AGCML7EM4QFDKXX7WKPZ5XXY3PRQ,B084HLG86T,4.797988961858262
AHZCVYEEYWXLFNFDYHAWZNTVW74Q,B06XX417G6,4.457910782815794
AHHXUCKVUSI7A5ECJMAV6KU2HOHQ,B003YJQX1O,4.431850530157882
AF2WT5HLSFDRZLZXCMBQL4DT2FBQ,B00N4ZHQ14,4.736837000415524
AHMNA5UK3V66O2V3DZSBJA4FYMOA,B01FHJLE6M,4.0532635968780815
AFONTBXNXRGS5WJO57UBKW4A2UEA,B0B24RR2MV,4.618379139831273
AE2FR7SKS6WTM5HLF6Z7JAUJEYLQ,B09YDBKT7M,4.246228550235359
AFPFQUNXMIBSHK3ESA7RA4CCB6MQ,B072DXPHC3,4.594459093612859
AGBQKWXYGWQUURLKTF2S5FPTJF4A,B010NAIE1I,4.91375617091072
AFRX6Z2R32E5KHKQVJTTBMYHE22Q,B075VHF7DQ,4.700467226931038
AFJ6BNKTPZQXGEOAIOMMCSESJS2A,B0C621L9FB,4.555430558388417
AF52VJ73TUZISUIW4H36R7IFY6DA,B09JJQR4LF,4.5570394625859265
AGH2R6V52CPCK7ZOYE26G6XZPC2A,B0B27PZV1D,4.786981749080911
AF46VJOZTEVDEWQECUVX22FZXGGA,B0BCK6L7S5,3.8257700579826293
AHBAALGJM3WOUSOXXUXVGXMY46IQ,B0B92LPGD2,4.739410987632581
AGEAPQKCIAXEDWFYKW2TEAJ42PHA,B0731JGPBT,4.23082330127752
AE4HL6GTIQJ7HRI53XDKIGVJSPRQ,B073T2YK2J,4.655560191974533
AE4KQ45U5PV2LEKFZP3RUM5L7JYA,B07NDZSF2M,4.003248992547523
AFJLV7O56674QAXNCZKDUMRTQ24A,B016133LAK,4.40956351017337
AH2T4ILXGUB4NIANK6XPC4L7EO6Q,B0002E4Y2E,4.47177222341558
AEE6H6VC6RTWJS2RMXUJCDPOY6NQ,B09WQTXJRK,3.991231039148255
AGIGR25MN37ED7XZL4U3BCARE4XA,B01BU6B4Q6,4.138302222403298
AEAENCVJGSC5KSHMTWYFAUG2J3VQ,B08KWM37GM,4.206687239852002
AH2G2C2AD5EHI7NW5VVSKENNWCTQ,B08R5GM6YB,3.9087107963706162
AE73Z644LPIBCCFQ5GFXVNMAFXBA,B000TGSM6E,4.4935251255761
AGRT6VTGHZIQYDQKPWKQGMUXCGJQ,B00N4ZHQ14,4.622116685446012
AGJGLCZKE5735HGK27G2B7QZB5UA,B000LQLDM2,4.8636884225565336
AGPFCVE36JI4PXFC627LXEQTBD2Q,B08PPBGVK8,4.671828713103398
AHLCWDLO3LZRSKKBRQ3RVIPYLHAQ,B0BPLFP5P6,4.197329331239685
AEJGORR5LABAQGREISJHB36GTD6Q,B09ZTJH58K,4.723743109502325
AHDEOEDSIXUHKXUDNA3KR5BMHRKQ,B00N5THDR6,4.493828891691048
AELS7RFFR5L5YUKQ6TOR6MBA7ETQ,B07GFH8NTB,4.719865693525031
AHEMAURZYRCARVTVF6CQYTYE4I4Q,B012V1TG9G,4.651228007493525
AEQ3XKG6ZOJNIPA7EQNMONUDHKRQ,B07CZ8QC27,4.089767294010422
AH4TRI62M3DQDEIPLWI5BDBDIUKQ,B0BS1QYSFS,3.8766471008654686
AEU6AFGJV7RWYKXGGONYMF4GOGBA,B09V91H5XM,4.022851358715407
AGY3WTXVAKWR4KGCW3DJHZR5Y76A,B00CGFRJ2Y,4.950202897176403
AGA3UZAMOM33JZ5QFAPVV5QW42UA,B004G7O1Z8,4.734914475078226
AF7SOHKHVL3AUZ5WJDUMPOFDS5NQ,B07DLC8CQZ,4.847930264568292
AERG7PAAOYKH3RMANNHJ2PMOQ2DQ,B0C21BG2KZ,4.068542820910179
AHV4SKXGCWKAT4NRPWQDWERJQLXQ,B0919G5ZTY,4.961625396270298
AGHAFZQSZLIALFSCHDYHAZPW24FA,B018FCZKR2,4.484818896770951
AEGNNCCRQPA57ZYBT3IO44I2VAPA,B0002DNUWK,4.551334038568031
AHX2MR6NLBEPURAZZUYFARJVHSEA,B07B4XLP57,4.912552718027874
AFD4VCHPTEWZVXBCCILDLHU6SSEA,B0002GH8X4,4.848813952302436
AEVIDOETQTYGFWUVJGTIDMWH4YFQ,B06WVXN1YQ,4.737765871949065
AES2BBDYMUFVFNRLDPD2WTKS7A2A,B012VQ5A7S,4.6221775040881745
AHQIX3TQQCQRG4VLAEKKURPGW7EQ,B0BPJ4Q6FJ,4.926408554969363
AGSVLMHAE6DKL34BW5AJANZ2HP3A,B0BTPB6GRM,4.0924865023180415
AEWVU5J4PG33DCCBEUU3NC2GLBFA,B0BTC9YJ2W,4.738356084746516
AE5JOCZ3MGV3MS5FTISYD6T3D3ZA,B095BQ6T33,4.218109977211025
AH7YS622MC7QXBBAFEBQLY6PVTGA,B0002DV0CC,3.8619551363304203
AEMXGB4ZOBCCTEB73OXEDAITLCAA,B0BHG58G2F,4.628334911704973
AGFZZZQOQBBYYU63HYX5YJRDB2DA,B07M6T47WZ,4.719911799716271
AHQSLUIQE2S6RTEJHPKQTLQY6ILQ,B00O9S69BI,3.298234762082524
AG32CG3V4PGAJGAQMRADO2QOAJOQ,B00TH48HUK,4.393784798135888
AE5VPKX64CVOPH6X75C7EQXAIGLA,B0BZ1XQX97,4.430909847832722
AEB6QK54PZDMGSGTZ43QGPNG7HEA,B092LF6RLS,4.7242464380604785
AHLD7UDM67OZJZVX3MNHQVTP4JCA,B07B8WL33G,4.507889231608877
AEWYKSYOUQSUSRCMJALU6SQMNTUA,B09998RDGC,4.475520692403411
AENRVEVFEOOUT3CSPWXBRHTV7DNA,B00B6KMDU8,4.422316273271364
AHALYOX63S6CACZTHN7R24RVEX2A,B0B8M1RZWV,4.318876047564728
AEZE4LZURVM2QWHLRMB7D54T3MAA,B0002DV0CW,4.567660638913384
AGVRLUFL4ZEIFPCUS3MO3TYW337Q,B07T3GZVMD,4.69738187535986
AFO24CAUCZQKEVDR6FMRJHOLEE5A,B009N3VDBA,4.326164203276914
AFV3FCAYHRCOC2A52AGKK2RPPEYQ,B001VO7FPC,4.695870079510762
AGKZ2ZB2D7CCGKIUW2EHZ7HPQOIQ,B096K2LZKH,4.6474948797804
AGHIMWAIM6LO7YDHL2CEV6NVRWWA,B07RG6P3N1,4.832799735018788
AEMLDUMRZRY3H5UQSTVOGIKOR6HQ,B0BBPLFSCG,4.300365685367342
AHIRWKIA4JWTMPDXNI6ZTUCUQ5NA,B0BT8FDL8B,4.080031523061328
AFA52JPRDGOBHYA56MQCHTIUPYHA,B07DWY7R2X,4.610896525998253
AHSHEQGI4K56JQBSWBXQAB5UDHFQ,B07L5B64RG,4.347331686785812
AF5LA2ZA24TKFPGE54QQK7LV52XQ,B0BPJ4Q6FJ,4.264438100656165
AGPQV76FD2ZADKYY3AORROQCEXPA,B08JMQR2JK,4.283387265228953
AGIZAXPBONK53PAVEEILT5YKYINQ,B00I03OGKY,4.692798255941736
AFROAABFKVW3IEIVRSHAIA7VR2EA,B07HM16JZB,3.8591502710903947
AFQQRHNOS2AJSMORGOJQTDOWF6EA,B07VKYKXDZ,4.465909794431572
AEOOMMRNOICCQAIPTXNDSX3M6WYA,B0B55ZJK68,4.689382016886247
AFWVN3PP4WG4IPQUXVHS62ASS5XQ,B0BKZ51ZN4,4.470545440067592
AHUNAIVAYBPPDBVW2WOKRATDRQPA,B0BPJ4Q6FJ,4.744063840646743
AFDSQDYICQ3ZUK6K66IKKURLEKGQ,B07CRFB66G,4.8184228998450385
AFZUIWPRDEKD7XPVABNXN764RFEA,B085QKS9LZ,3.5861204217304246
AEC4JX3YOS6V5AOJMU3YD7X5BUXQ,B0B4SGJRHR,4.613782760689978
AGX34SAPG26BUKKPPRKRXAAUKBWQ,B01FJZBI7E,4.060628605394408
AGQ2FSQ2EJJXXJDWNXNLRAQCQLVQ,B07GV85N58,3.6260094552229076
AEBIEMNW4BPGOFLHZCE7TRXIQLAQ,B07YMGPV7P,4.574376131112437
AEVPSBSO2FUNFP4I6GMZMM5WFC5Q,B0B95V41NR,4.816465181861921
AEPFMCRRSJJXQCYS463NU355VGZA,B07T1P4V9V,4.703607268441783
AG3QPT6XXHWPA6BFADE5XSVAVYOA,B07685T8FT,3.896119357397957
AFITYUC3765LLGHMH4L6XJXCOWIA,B09ZTK33ZC,4.936842378053831
AH2KEO2XP7LXZ5OHOP2M64SJO6UQ,B07CQS5DJV,4.777747560799037
AGP5W4XNLLC32Q5ZPAQB6EMK3RTQ,B095WG3LWV,4.894053367070637
AFKZTCN4BNEKHAJQARBTQ4RZVETQ,B00BQ91V48,4.341867562556621
AHXZMBZM7TCTGR6YQ7MI7LEAZ7QA,B00HWMG44U,4.357869056532951
AFZHRGPFPMKKAPUZ7UN6ETIKTP2A,B08NK7LFV3,4.673060239173763
AFADSIHYNNSBDX73K7YVB6Y2MCHA,B0002E4YI8,4.1407483723606635
AE5MXJ2USMZKM3XOPWONVYUEAUUA,B095XZJ99J,3.9036794314119
AHEYMCHDEQZ7TLMUCRRSNZNFDWSA,B07NSWD8BR,4.398257364823163
AGWPL75LA3K2XKGE6NIKTHOVLJEQ,B0071ML4N2,4.723266634561491
AE4RY4OBRREKXFXI32SR47R3SXGQ,B00USQY0CK,4.7124584890719845
AEJDUT4MZ2N5JQKUCHABBP3D22VA,B0006UGEOK,4.730213373013057
AEJ6HNHF32QL6ZB2UOFMCYJNT4RA,B001L8NFZW,4.690411146505764
AH4VH7HDF2ANWCFABECA7ZXPL3LQ,B07B4WXVTZ,4.629149167121255
AG7IN5L7BFVBNE2TNWW3P3A5RF7A,B07MJ844DM,4.388305542587784
AEWBPGHXAWZU45S26IQNREVTZRMA,B08XTNS9T5,4.851411349393114
AFUD46FQ5QP2KHEPMCNSWXMDZ5MA,B075B67HFY,4.306210409441422
AH7YPVRYKYOEFIO2KAADU3AAXXTQ,B08R5M2FGY,4.570332847790316
AEAFOCTHO3YMMX5M3YVUGAU5S3VQ,B01LQO3GGS,3.837734282753189
AGCML7EM4QFDKXX7WKPZ5XXY3PRQ,B0B2M1GPR7,4.777784826825395
AELBSC427YP3XNO3L4ULNIASKB6A,B015HG7HMA,4.239021662797039
AESCRGAOM4FMUCDGGPUIRSW62JPQ,B08T2PK2DG,4.385628396104587
AFB6XAMKLLNH7JVIJ42QJ7TZNG7A,B0BL2W52CK,4.084725977915983
AGMTCMP27WCMMXZ3R3FJ5F4KDABA,B01C5TBX68,4.6652595025900645
AGFSPZ7XOYCABXF6VYXQVWQRMO4A,B003AYIKNW,4.830375923841578
AF7TFOXQFNNFVM2IIFSSVXTNGFNA,B017DBD44C,4.356385385518272
AFEHZC64FEDKDTMFEAP6VABWIO5A,B00TH3YPDE,4.5585774354344615
AE2G7LHNL4YQI5EQHO6RIGHESR7A,B06X3XT47P,4.467031313162643
AHCLEFILWZQNDMN4L3LC3DJLZNSQ,B07MQBPZG8,4.723767824276137
AFCCQ65LWHZZ35ZA5BR25DVKLNZQ,B01LYV68RY,4.642688772562065
AGYV6AFXZR5TFYH7B5FLJX3DPYNA,B08HRZ15QB,4.57807632812922
AF2ADEWSNFYF3BRXGP5KXRXULGKQ,B002M8GBT2,4.49703290310065
AERNRI6KSDC5MTIFVRSJGJYVLBZA,B07T4TKLW2,3.9420583734222667
AE4ZHMTUJZKVNPRTAVPTOTMMTHQA,B001LXMXU0,4.644083529202592
AF7OYQHKRXAWHQDLDOVMRNX6V6RA,B01DN7OC00,4.50461332938747
AHGYRKOFMG4EM45YSZBUTWUX3KJQ,B087D91DN4,3.7513306938117483
AH7YMO4TVV6ZNDCST3A5SSR633CA,B01EPWGF8O,3.9550820101730024
AEQJG2LA2SCOGALBII4XVQ5DCOKA,B0071YXCVM,4.112718049858762
AGE4MJI4ACCVR2HUDBPA27GVIZFA,B07ZMCH5PB,4.775036625638966
AEXY3DSSYKBHCGAMNYQRGD3GR4QA,B01NBNM97K,4.581692062624394
AGMIECBRRAHS3YUEBQNL7M766ZVQ,B07GQDYWWB,4.304850188550838
AE4OL5LGNMZXDJWENP32PLH4KXDA,B01FF4FX2U,4.341160961982221
AG6ADHHJ2MHUP3ZBBTGMZVJ47Z4Q,B01HN41Y2I,4.906211953452796
AHACHAD3DDY3NKK6BCN7RWH5XWTQ,B0BPLFP5P6,4.4159455502046105
AHSYUEHHWA3FIZAUAZYFN54OHZWQ,B0C5Y549L5,4.431210832247953
AHJSYOIN4W5IZ4SW5LSHCHEBMPNQ,B07X2LN3FV,4.680598158897045
AG4IBVQSLXLZFIBFE3EDMOJMVLHA,B0779ST115,4.783546455825584
AGE5YXPVOTT7B2DW5B4LPLL4GL5A,B00EBK6C20,3.9082360416778634
AHR4N4IZKDYWKN7WB22HJF3TE5MQ,B003GEJ5SK,4.2153446617627255
AE3TDVF6M5MAB6UK34376XCCHBBA,B081P1SQGG,4.830984582477248
AHOPM2RGN6VXHKOR2NCYQ6EGTAYQ,B000K9JPB6,4.671680351537517
AEGO3MGGYGTJZINMKJ4UZ5LR4SAA,B01J5M2GO6,4.402564548476843
AFAAQVGMDINJAJNDD6HE2HFNJ7AA,B009MAB0S0,3.491256346533335
AF7IDWLJAS3YD3QYSBECQLZ5PYKA,B016QUXTZU,4.559055607108701
AG3PQBC2VIMREI2WXU7IFYRIGTPQ,B0BK5CXZBT,4.959174924070156
AGSZ34I5SMWFEZ4ORPYAAOALSV6Q,B09R6PRMMY,4.818271813817492
AHYOPNWLGYLSKSBUQKAIWYDOSV5A,B0BYNM15YB,4.1470421986020805
AGRCXV4NM763VGZGD6BQ2VGNCJNA,B09Y53WDDY,4.154002900913435
AHNXWNFZIZLK2A3OGVF62FGR6SFQ,B00VKI4YDA,3.5823359225930034
AG3FI4LLMISCHAOGWQT6TCP4ORHQ,B002CMLQ0M,4.212581065012524
AHB7UA5R3C2NUJTZWPJPR6SNOGQA,B000TGSM6E,3.991136629277076
AFSKOXGAKKYKA2UDMHUGHPPT7W7A,B0B1ZW83N8,4.339369058562017
AFLABIBLTVBHSWCDT6CVWJ2BPTFQ,B0BK6Q2HDN,4.681172208832698
AGQEZMUPBTC6K5PQNIUXB57MMSIA,B01DTGCMFC,4.456086453325234
AFXGSPUGWEKJENYDNCYEHUOLMPUQ,B0BZ5JK2GC,3.9993333273680025
AHQIX3TQQCQRG4VLAEKKURPGW7EQ,B00IWU2CBA,4.871193935454244
AEYVNF74XFFZ6UDVWDZVCTFFICNA,B07GSJNMBQ,4.408348063368853
AEKELSFZ6K5E5W3BHUWIJAZ2BW2Q,B003WY26VM,4.6947399440827375
AFH22HRJGMLKZUDI2UN5APR5YIAQ,B074TNDXM2,3.8822178784735812
AFKOCLGNVPBGV32N3QBZRUAZHOLA,B091YFQGCJ,4.815585283553886
AFKICODOC3GQGWHGEYDUBNFHJWOQ,B09GTV6QZQ,4.805519272372974
AGXKC72DZQZZXSYAKCMTSLRGUS5A,B083FTGJ5Z,4.820792721031538
AGSB65UVLST44NVCLYYW67CJAV5Q,B06XW9MTTV,4.632490979338468
AHW4G6FPXYTHSCVVU4DC42L63IQQ,B08VWZHQV1,4.632189166316309
AGJY5ZQ56LDNXBGSQ6UWS7WUJXHA,B015HG7ZR2,4.099534567977636
AGGZ7UAJ5H632KVEBRZJX4TH37SQ,B0002KYXTM,3.351443155600269
AHDF5QL5Q4ULQN46WRCHXHYHXO6A,B0787H2XHY,4.56022658744843
AHTOCSUMQGOABZ6Y6MR7XL6ICETA,B07CQQXQ4T,4.868929655184988
AFPJNWATIEOD6OYRPC4BI65KUPZQ,B095XZJ99J,4.802703442233647
AEXQXXYJKOGNFK4BIA7CNTZ53ZMQ,B00HX40OL6,4.042164037808992
AER2QRZUIRFMMQHUKONI6X2CASSA,B092LF6RLS,4.647769488115084
AFDTO24ABREOG7VZHGM5MUINEONQ,B000T9L7W2,4.763896698224468
AENFFWFS25A7LLXCXTK5P2NDTS6Q,B09YYF4X1Y,4.015935547173994
AEQZCIHPL376ZN3LRVIK7LKIO6IA,B0BYPSNQYG,4.80297100872498
AHZVNE4T643FNNMVG73UHCN3EM4A,B08T2N25MR,4.351187825515228
AEQIE2USMD5JWF7BFPFSB2TEEKVQ,B07VHZFD6Q,4.128219010302064
AHF5NTSGVKI7CPBJ4IAFOIABKZOQ,B00DY1F2CS,4.2756828365974355
AGFI4RKJONGNCQLVN7JQUO6YYOXQ,B09Q39C7W2,4.792004238149953
AFGQTSA5VSAM326LO6ZKAIWIFK5A,B00HZH4D04,4.4615192725706345
AF5HGFNU4OVZIZEWCTWQLTK2HMNQ,B07C91JT14,4.650768968992898
AGZH25VPWSNSD4E5IERFYWMEBOWQ,B0BXT1HP18,3.9238335562297237
AHF24GKKXGAKQLPBYVZHEMHHNQDA,B0B8NXV975,4.411624864737639
AEBLVOJUISLAIOWLTIXTJEYBE3HA,B0002GZV5Q,4.542197185502996
AHIU3GE2TRI4ORRL7LLFAEQTJAYQ,B0BFKPM8MQ,4.360890669894553
AHEIHSN5VJYUIV73TEU6VIK7ZDNQ,B01CS87OLO,4.622263355231783
AFTWTCVFKL5GDM6YHN5ZLLXS4DOA,B01MRJUB7Z,4.318519971375778
AFF5XKPT3SWRRPWQW4WKIVQ5QGAA,B000T9L7W2,4.827106372873378
AEVXZ5HNDHIRVO7AGCSTPLFI3OHA,B075PPKM28,4.533426300792244
AFOD3ZGWBE5VCJ4KGH2OWQP3QDGQ,B003OYOXDO,4.860808586108982
AHIR3YSOUWL2ZU45WVOXTO7JGE2Q,B01448TS1U,4.514991945365719
AEIVZRLV4V53ON6VTC2U4TVBZF6Q,B09ZDMFDW5,4.084114116398006
AES2ZTXMTM2USYRA6JS7MPAMZ3ZA,B097Q9W8MW,4.575085434980642
AFQJYVZJRRJKT73QEQYX657RRIOA,B00557KN28,4.460114808571428
AF7SO6JG76JZKBKRBXAVQJOJBPHQ,B0B7B9W8HP,4.940238908435138
AEFT4MMHBTLSDAH65OHIQGKVNBQQ,B00GESEQ4S,4.107684873900019
AHUYGNA2GEDE4I4CGQITS5RUZP5Q,B07MCM2DCZ,4.777291819682084
AEPNDOJU3WRZU4C4BPTUTJTA74TQ,B008BPI2OW,4.282006252477825
AHAHOZT5TWLEYPYLP3UP2SMEKHYA,B0BT2Z1DF1,4.166225399443321
AGNRFLXG5P256TIYC7HM6I5IT2AA,B01DPCONFM,4.6679342971988085
AHQXZXO3N2WPKJCIUWXLBD4HU66A,B07VWSB34H,4.234826546291109
AEVAZYJYKF7GQKK5BA4Q67I2TC5A,B008TNAFZK,4.5486922181477425
AF677ONY3CIUZSPX65QTI7AWREWQ,B07Y2Q3RJ4,4.882981342293783
AGCWPLTK3SHPNH3T2RNITANQJ7UA,B0C18CV4TS,4.4479527313376215
AHZUM5IKWN7PMCQOVZZ3KIWZIOQA,B0007SL856,4.561417212029521
AEXUUT6Q3B7KIV576X6RZDSZ46QA,B004S8AU2I,3.6210440258217127
AEHV7MX3RQEWNYLQYANYEKZCJKAA,B077KGX7W8,4.400519520811522
AHVCAMIWNQNSJ5ZEEHS7M6MML5PQ,B0095DRRFO,4.6688449334339195
AHM6XU5UR2N6ONEAFVPHJKEN4BUQ,B09Z933SNY,4.753119998071324
AEJOVM2ALRKRJRWVSDE3PYRVUOJQ,B004C4UQZE,4.179408511167248
AF4KIR2XI5YIEI4BUP77DBCUKTNA,B076322LP4,4.779807590223249
AE6BF2OU43AYS3JCBNVWV557TCMQ,B0BPKH7FJ2,4.867558869714934
AEVIDOETQTYGFWUVJGTIDMWH4YFQ,B001FB5Z1C,4.666077095071565
AGX2AP2EVUVFTBGCGS4K7JXT5XMA,B093YGM3KQ,4.078796837833942
AGGK3X3WGTH6W5DBGC3QH55HKJ7A,B01E4MELN6,4.495342366439872
AGTJMPFA4UFAU5ESGIUL7UH5OENA,B07N5K2V9H,4.379228446706164
AGKNSAIF7C6Y4L4CXNBU4WY3L45Q,B07S1LKQMB,4.23993095641154
AEIBKB5PUUEGL4KKJI3JX5XBWIQA,B07CTD883P,4.360481022540767
AFS673IRZOY3VOUOVTEN46GJ6ILA,B086RHFW8Q,4.812791469480405
AFAFI6N2OEHEZMADEFS6BN4XMGRA,B0C67HCGBR,4.741479013216659
AEKBBT67IL2I6N4BWLSBRL2AIECA,B00BKXN9LS,4.418266697852693
AGYWUC3S7UKKPS7TUSNVDSB4L3BQ,B093YLCJVH,4.456305079975891
AHYKDZQIJSFNDBGMKREOKXQ3CNLA,B07KNJSD49,4.807727046171061
AGXQG72Y6EIMUAUYDEY7IGJUQPMQ,B08T1TWV29,4.805289149319602
AFPWFNBSJ2BTR5JFERVM3G36OGYA,B092LF6RLS,4.692837968333785
AGTHNNXKJS4JBP6OAHE4J3BYXK7Q,B093YKLWVN,4.7787792258676625
AHOPENJEX6Q33FXYLE5UA6FLFQ2Q,B08R5GM6YB,3.9356009399600445
AFKQDKDIZX7G5QJH3LDYG56O3NXQ,B08HRZ15QB,4.400842153528401
AGYKOOS6KFMDEQ2PGJ4C5GZFVJYA,B001B16ATC,4.742437024431362
AGWRKFZHFPPHHO5LGEUI5Q5V5YFA,B0B8LMGQVX,4.358713003463389
AHN7YYV2JL4BFTMIJRYAI5PF3A7A,B00WJ3K3QW,4.303462844071043
AE5GU6FB5WPUSX37JGGNXLS5MNLQ,B09VVV7CZ8,4.643809146713711
AEQ4WIM7ULSVAK7HRV5U3LLC6QHA,B08H1PVP9N,4.883374079998961
AHCYDRGR5OLYTFQL4OPDHOUJ2Y3A,B0C3WPPB5B,4.7782128291684485
AHGDGGMCSMMALHTX6WGLJFFUVJXA,B007MY5BDI,4.657600903088854
AEJX567KHPDJBTADR5WCKVVXORRA,B0759JQ57Q,4.152574136129212
AFCNKGMC2A6IKLW4OALP7RD34FSA,B0B2LMZ9RT,3.8944232212469814
AHWMAINY2QSKJBVYDTNANQQBP2NQ,B01G26TRW2,3.9261798634318783
AH4U5I4KI6JDPIAFHYQE672SBUAA,B0BT9R8MMV,4.926297508726646
AHR6YKXEXGIMXC4KZXITPYDZSIMQ,B0BPNMSDGB,4.325345890855119
AEEGBXTASTDNNZE2QXR5IIGX725A,B00N12WYUS,3.8405103664048945
AELYPSLZVDD2H3VFIKHBMMXV3SBQ,B002YL81RW,4.088365118691921
AFQZQTVMHCRV3OLIWVWAHUZIQG7A,B07NDFFKJZ,4.125042078884899
AFVUOJI7RCDL5XTF5RPKZYSEGOVQ,B07DLCDT3N,4.431845778349516
AGMHYG4CTWKILTZWCZ7QM3JPVGXA,B0787H2XHY,4.641271177541056
AF6ELLW7NT5WNL447YQWXJOFYLUA,B0002GKYZI,4.953670363970676
AF4IJ7EGPU2LWQAZTYBA26KY4UVQ,B017NT392Q,3.8508772181384323
AEQIXOBGYVS2DIAO5XFBPPKNMA6A,B018SA2CPE,4.4960464894965115
AH4CKDTXBSDQ5HF6EYLK56OZMQMQ,B0BLJSQF7R,4.39190916338644
AG7IYY7DBVJGLXBDW7VOZSLYS2QA,B0002GNSUQ,4.891037366286746
AHLT5ZI2KDKZPDKOHWZNHNQMDFYA,B0BXT43MN3,3.9311523691412287
AEKS23KTJWPSSKWVWNUPKQMKOVGQ,B016X2ELIU,4.645898650696253
AG2VMRQG7CPHKGWNP3TT5V7I4JJA,B0BYXQHW7Y,3.508546700246207
AEX7FVG2DT54ZTSPX3E5PIYURQGA,B07BSL26ZW,3.950401776125446
AHTLRQ7HCERAHBTOD4QGJ4CE6WUA,B0002F5C7Y,3.876520359185475
AET3S3QXEZM7Y7MDGCJTFTTOPAHQ,B005M0CK9M,4.270273088545546
AHXXM67KZP5QLRJXRK2X3VPJIVGQ,B01DECWM0G,3.8571465217643772
AHHO3PFPFK5PZMYWZMKQIIMLGOFQ,B08ZS312RW,4.114745533514217
AHKCSUGN4Z7LGDRN3YPANQBGOBUQ,B0089NNAZ2,4.387828651447156
AHDA2HXHNPLZLKLZGCDZCCTQOFHA,B07L5B64RG,4.292685062496367
AEVI7UHYFLB3IR4ZXWZSDLUH4ZAA,B08JMQR2JK,4.596752183946054
AG5JUX7FXX2LHPVNLMPUVLKMQNGQ,B01KQ29Q4C,4.592674040613484
AFAC3WZ54MY5GPJ3AZMZYHHP2RIQ,B0010XSZ3A,4.516274618217548
AHNH5HCKCICNCS42TDTL4NDSPCMA,B0BRG26SYG,4.759248824304648
AFOLEJG76QYTV6QYU7GQDPHBAKQQ,B01KNZOYBC,4.347409420291423
AEA2NBRBGJ7YCMWFUBDJ4TUW6PJA,B08BJ37FNS,4.839417785929952
AHCTTD6GVQ5S4SDLBCMLIXEFH62Q,B0010HCI66,3.9994940349841497
AE4B2GFN54FFRAJ6PKTMFN2BI35Q,B015X3CXXA,4.156175787090191
AHJ7A4GFTLZBIWG2NBUAJWK6B77A,B004ISK4AQ,4.40924420846496
AHNBFV3L62BHBMX6V4NFRT7PR47A,B0BNCDVD4M,4.259059160217437
AGUMX4MREHVOVE3I2DZAOSBF43ZA,B09CGJ6XK2,4.115447874102402
AG545MMHYSJ5GUXAXDOVIC6IZ7ZA,B0C6J2DPBW,4.958320524250662
AFFRCOTU354SFF2TWTMJSVJ3T5HA,B001U0ORN0,3.9808081077252617
AGX2AP2EVUVFTBGCGS4K7JXT5XMA,B09G5QS1VD,3.9699851771860204
AH2ADQH7UOGDTDAAOQMXQCUAGFQQ,B07M6H5RM9,4.923257268286022
AFZUL4Z3J5LTJYTWP6IZULSDVP4Q,B01CUZ857W,4.809527334020641
AHCBCGJUYWKLVCHVXNU4TUSZHFNQ,B09T82W1SN,4.344169542644966
AG3YSGTHAD3XS22MCYKNMVKVIKGA,B00VRPHV2M,4.644059768384328
AFTRBS7WXYEYEKN67P5GBLKBXFEA,B00BXE4R6U,4.850295113457806
AFDINRMUT6ZYV2P5SAJHGDWWYCDQ,B08R5GM6YB,4.323280097740398
AGMRYSCYS4DGUW4QAISHDJSCHUUQ,B09M7CK2WK,4.448731581198317
AFVWWNWNSTEY5P6JAPQPESCVSLWA,B00H35YIJE,4.53574193029083
AH6CH7YIZY2EWT7UENH73RZVWUTQ,B013ZHK4DM,4.9364954040138835
AEUH4L52LUHVPTST3WLZIWTLTDWQ,B078X3SSY7,4.615716517513487
AEM3SC4PPHGA7KAR2YIGUEC4FUEA,B08T9CCXZB,4.960539673597034
AGUZJ3UUDPR4RYAP4C6R3SJUXQ2Q,B074FL1CP1,4.51379377515548
AEK3AZJGYPN25QIZM6WXRFG3HO7A,B097Q9W8MW,4.392626213381258
AFL3PZUHVXQES2NB25YCAYJ44X5A,B07Y94MSG9,4.666943366797404
AGUBV3YUSN2CPPH4OQBNF25FLZGQ,B01DPCONFM,4.358531732718805
AHXTVTZ5AXDYH2ZXBOCSODALZROQ,B00GKBFII2,3.8337395792645186
AHJTMJYE6S55L3I7CVDRFQFKVS6A,B098KXQJVY,4.754711627116099
AELW2KBTX6VJ6RO2OSAKBEBXZNLA,B07FZBF5HY,4.275188375747585
AEBFEHMBWTPBUVIGMLJC5AIILUNQ,B07TSGLPLY,4.468048294221105
AF6IPYXSVTYOXYMAQTOUM5PXRN3Q,B071Y4HJWX,4.8853105987349705
AGS2TDMTAC2L4AB277W52RWJNHVA,B00WRJM5NC,4.472130591066957
AGQA5BRX2ERUST4AUMTLVC3JMWRQ,B08HHVYGV5,4.595557314189329
AH4TXKB3XTGBGU4NY3M3S5JSCEXA,B004AE3W7U,4.793727482851999
AGFTIABCQLO57WAANY32UAELMT2A,B076LRN23J,4.64125502281827
AERTAT3QNBMZ37Q2QXE7LSZQNBZQ,B07541NT4L,4.398133314775403
AE7GFCKWYXDFXWJGRCVZO3QFMXIA,B074MBD643,4.202891101058198
AFTRYPOFRCX65QE5BOHMW7GRYAOA,B0BCK6L7S5,3.492913737184946
AFOOI5ACUEN6EQJGID72GT2LDZAA,B0146YTJOI,4.613863977354826
AHC46G7YQEC37VOLPDIWZQEWXE4A,B07TXL153N,4.7699935175611845
AE4KQ45U5PV2LEKFZP3RUM5L7JYA,B09RN6MGZH,4.554139157870805
AFBZUTNSJAW5GQJZORPGE5B5NPVQ,B000DZXTFK,4.538739996935622
AFNT2D5HWVLYXB2OWLMEV6ZJPVPQ,B07NKRZ1KQ,4.947670832612369
AFC3O5Z27ZZ5BOZEPDDE5LTIFXIA,B00AXEDVJA,4.332609095400778
AGZ4FRR2ODBHJWUCPET42AMRU5NQ,B09WQTXJRK,4.438314676423544
AEMX4QQHS3HDQGM6IPOFJMM3534Q,B07NDHS7FN,4.632951076572439
AGTQ4XU4K3HRG4A26IKNCCIEX4KQ,B07BFZ2KSJ,3.690524583441679
AFPTMVT5EH3PJZHK3LUE5SEIP3UA,B06XBB9FPF,4.618617983367529
AHX5CCO3VSCRLZ46HN4EB2OCAZBA,B06WVFRW4H,4.768820733400799
AFWS4JNT66C4CCYBGOYFLTJXJDPA,B01M5DF38P,4.52652507259438
AEVNV4O74H2AN5PJ3OAYYH3T7AMA,B0B5TBHFLW,4.450635537975104
AFQKIGEYXZL76W7BIGLVR2RIPMZQ,B075R94JY5,4.201376778657803
AEVAWGTR5FUYEO3WRMUI6SMGR2TA,B0BCXL2V52,4.151584070513569
AHNIDSZTL7HFLSNY7WA7YF3ZWKOA,B005SUT0BC,4.677789966068512
AER5XQROGISYKN6ABH7EAK7OHGTQ,B003B1BOFK,4.55534954784901
AHAUV465EY5R5K4KRUNC3Q6MRA3Q,B005OZE9SA,4.104329185056193
AGZXAIGW4CJNWEY7WL66MSGGVBQQ,B00H4J7WLU,3.9157435390666797
AFXVXYBWXDV7NT4GGRRNFT56NONQ,B00126HUGS,4.15326642263869
AEZD2WTGKS5BQCHHLPVO3SSL7HBQ,B00VIDJBSU,4.490656026032926
AHDORHGOBGGQFUSOKSPIMK23A7IQ,B0002F74IE,4.933597081572518
AHVKGDD2OV6WLV2KGSSVEGRHZLCA,B09DR91XCS,4.123690883174919
AEI4K2NEMJ2UZLNR73JRGWEDU7AA,B09396NY1C,4.0762672149669354
AFVP3KR3HBOXYMXIBL3ZGAZVDQMQ,B00IFOTSJW,4.413568904011455
AGZABQWQQ5BECURSRGYLNQWTZBIQ,B00JJ18U6W,4.251606357655514
AEVP2C4BSOO2TLDDUACWGGJURQIA,B07K7VC41S,4.287536826474771
AHA53E3UYPIUKH3CMQ3NMZRCTTBQ,B07MG8PHF2,4.976759009054224
AGTF4QKF4QKW4OJSHDMTFWPIU2JQ,B07B8WL33G,4.1915266271521965
