ReviewerID,ProductID,Star
AFKP7GPURJA6SIE2IQAPMQVFZYWA,B01K9AMG8E,4.3802032470703125
AEHJ3SL5NHVDUH7ACAAJD3JYXTFA,B07N5K2V9H,4.496920585632324
AFLKS523NY36AY6WTAAKFAHYT7BA,B09P7LVYDR,4.477412700653076
AEB6NY4IDOJQTFCHNUGKOKLXCZJQ,B0BK5CXZBT,4.4794206619262695
AHSYUEHHWA3FIZAUAZYFN54OHZWQ,B077Y4JGQ1,4.475134372711182
AHRPH3DCPDNWEDZJAP7L4UJ6USOQ,B009WS7V5I,4.459286689758301
AGKGURGEUE4BGKGRI7AYW6TIKUBA,B0BKZ3GCGR,4.578840732574463
AGFB74WQOHVJP4PGF5QOXM5CXYQA,B000RXN6XI,4.467893123626709
AGPFCVE36JI4PXFC627LXEQTBD2Q,B00HX9F3ZS,4.475912094116211
AF6LC3PL7ATCSC6VQ2SX4PS2JNTA,B075R9DNGF,4.317791938781738
AE53UBM6H6SDUWZTV3Q6OJMJDB3A,B016CK4Q0G,4.526727676391602
AGWW735D5YTMQYBMUDXC4KOZAXDQ,B0BGXSRTB2,4.459308624267578
AHJUKDLBKDLRZWZ2OFNOSAYOCTZA,B0002E3FBA,4.571137428283691
AGV2HFYUYPDTCKHXP2VUSKKR43AQ,B0002OJPE6,4.402398586273193
AHYDVO5UKW3QHLF6UFSCEOGECGLQ,B002HJ9PTO,4.360479354858398
AH535Z72NTQFY4YZ7TXSYFP53ALA,B00CA8982Q,4.523506164550781
AGXGOWEGH57GQAL7MFXUJYTDYVIA,B08G7X73ZN,4.442837238311768
AGSUOVNK6FSW4EFQVPRMN4IMWJWA,B001E95KEC,4.349803447723389
AELSGY4WCLESJ7VLUYUHAJT4BHBQ,B0799734T4,4.461257457733154
AHQDVOYHBY33A6ARDSAA3AHORBJQ,B08CSQNMN5,4.487702369689941
AESPIYN2KPFNMATAZNRXTGG2RTUQ,B0089NNAFW,4.404155254364014
AGTDFPFY44MJBGGG754JMRA44TKQ,B07BC4KMQK,4.406785011291504
AEW3WN45BO5QRGK3RPQ2DREV4NGA,B000G3MV1W,4.461856365203857
AFV3OQHHDBYYDDQT7XU44VPQRLCQ,B0BKKZT1BQ,4.4252824783325195
AEC5RGUIQ3DZMJFZEPST5R4O7PPA,B08R5GM6YB,4.4086785316467285
AH6WGAEBHJQJLZJMQI6NM74ZKFGA,B07FZ5XBCJ,4.357730865478516
AF7SOBRJNAC5ORUZAMT2EJNH3RNQ,B00FPXDRQQ,4.415908336639404
AFQVJYB73FB4EMH4CHYJI6DQ64ZA,B08ZFQ8GLV,4.351596832275391
AHFJIW6GUHWLNDE6KIME3JB7GYVA,B0002KX5E6,4.475404262542725
AGNPTJJ3IN3Z6HMZAJECSJES7BBA,B08PMZQXN3,4.54066801071167
AEYIGWWXTT5AD4ZONPSHMK53WR2Q,B0002FO8CY,4.3906474113464355
AF5XVNQXEWRDQHIEK4RIJU5JZGWQ,B00TV90MT0,4.600377559661865
AEIYX25CEO6PSO7NQUMSSIIXBMWQ,B0BT2Q42DV,4.572652339935303
AHQUW4WT7RGDAEWOMG7FZ3EKMINQ,B0046LGS0A,4.3954033851623535
AF6AWOX5OCZXE4XLWROTNPEZWVLA,B09HCVN9M9,4.559478759765625
AHNG3NRGEDYO7E44QMYDHMBADPBA,B06XZ91CGG,4.590104103088379
AFOQTBFBJWHAZM2DSCVN4GIFZWVA,B0C61YCRKM,4.312375545501709
AGSFWUWZB4NXQHKWYKBYB7JIGRJA,B07W44SZ95,4.477867126464844
AGU3467K6OPI2HEDABM5P2APPM5Q,B000NGVQKO,4.338374614715576
AFHI666HJMKCI4K6KYN72NLG6ZQQ,B07DWLYGKH,4.598316669464111
AGTUP64TUDREXZLFMZXLVWJQD4UA,B004EBR5VI,4.444448947906494
AEJFHFNVYIIZIDHJHDPGPKGYTQHQ,B09YDBKT7M,4.521746635437012
AFRGWN2OQMXTMFUCW7DBTJXXZC5A,B0BLLZYYPK,4.55501127243042
AENVRY2ODR5XXL24FXQFBQMXFM3A,B08BJGBHN7,4.442925453186035
AFQ7VJBUAFMCD6WLRMNJVL5IZGUA,B000WKW8EY,4.419862747192383
AG3S4FROO422V5KP7DJCBXVUQLJQ,B019OO4IY6,4.492580413818359
AHWKKYJLZGHYBTMB74R5TRNY5JRA,B075MRMFM8,4.526260852813721
AHNOYSM6BGMCXVETNQNOKQBSXGTA,B095JMYLPZ,4.522082328796387
AFLKPJZCNDA7M5RHJXFQZQYTJXZA,B07N5NPKRW,4.382795333862305
AHY4BIN6TICBUHIUNKJTLVJ6WOMA,B00WGDS77C,4.4413275718688965
AGSM4LM5MKYYD3CJPXAF3MIFGAEA,B01M9GJC5V,4.274842739105225
AHAMWA6AJD7RPNUGVOHWODNKI32A,B092LF6RLS,4.498673439025879
AEIORZCHRBVERYFCQZTGPTVUYIWQ,B0BLLXXT6F,4.514734268188477
AGQLFAMQA7WJBPRVDSZATYNGAGKQ,B0BCK6L7S5,4.345004558563232
AHTQJFXQNPHYWI6NCGNOLMNWHOMA,B0002D0JX8,4.385434627532959
AGAKSCBPVTFI7CXR6L3UI66AHL4Q,B0071ML4N2,4.4426445960998535
AHEMAURZYRCARVTVF6CQYTYE4I4Q,B01EY7NNSK,4.484034538269043
AGN6YXFPLQOIVURKG5LGZ76J4UWQ,B07N1RPV4J,4.515321254730225
AGGGVYN6UWSDL6N37L77RAJLFHTQ,B0B89ZSYS7,4.568123817443848
AFLI3BM2AJOV7JK6P2CWU2Y3QFQQ,B0BYXVCSGG,4.2508769035339355
AHNPHPHF4TT5JPHYHNPI3OHTO36Q,B09RJZSQML,4.622350215911865
AHX2CMSXBTB7L72QUQPXNSQRD26A,B0002M72JS,4.40712833404541
AG2L77BTIVSYYB6ORTCR5HWPDZOQ,B09T7P2RNC,4.531858444213867
AEXUUT6Q3B7KIV576X6RZDSZ46QA,B00LOAAME4,4.441964149475098
AEXYZU6XCODDBB67J6MAJSN2NXIA,B0C5M1WZ9V,4.535729885101318
AHJ7KQRR6SH62UD4ESCUELE2BMZQ,B00AV557UC,4.412747383117676
AFK6CXFGEKRFSCV7ZY2VIJNDJLQA,B0938MMWSV,4.449521064758301
AEH7IOTDSZGSZLE74R7YMFXFZD6A,B0C61T841P,4.539332866668701
AHBQCICNAHDBS47M6LFAPV6LBFRA,B0C3LDN2TN,4.250482559204102
AG3S3WPA3YRI666NTL3Y4TINWYWQ,B083YRNPSR,4.436389923095703
AEQP2NXBADXJISSIYTTUXUBBKVEA,B0CBK1WSMR,4.3925933837890625
AGYUMKBBYKOVQKT2BDG6P76CXPSQ,B07MMKMKC1,4.411738395690918
AFV5UDD5Q4FBR57QCJGLL2SE7OHQ,B07WJ1FPX6,4.430554389953613
AEHWRW3PWRFQOIXVKEPJCY33O7BQ,B07KDYH2DF,4.409599304199219
AGTBJVGF6Z6FTHBKFPZFUEGV3NRA,B004FPEGT2,4.425248146057129
AHE47OSHXNOJBJSUATR77ZKFXKDQ,B07SK3YRF2,4.394054412841797
AG3ML6ROY7CFJTLMPJYWIW7KXQ7A,B0BCK6L7S5,4.3521246910095215
AHJ6I5S2GY3SD3HNECB4PK75BT3Q,B014MQ22XU,4.4492268562316895
AHCPWTP2HVKZWDFJ2ESPXS6OJKHQ,B0C3PGFZ3H,4.281136512756348
AG33SC352BGAEXJJGKUGEYAOZJZQ,B01BZTGSC8,4.451046466827393
AFOAF2ZM5JEUC4HEXDCSQVRN4VBA,B07112LZSM,4.435297012329102
AERSZ2M6JUHJEJ27PX5SS5JGHCHQ,B095BQ6T33,4.423580169677734
AFOF3QHFHEPGQ7QQJBGWFJAC7RMQ,B00FSDBTHW,4.435878753662109
AHLBYQU25Y3KOTNGDXLQG4QTI2VQ,B01GMWH5PC,4.436244487762451
AHJBRDZIS3BYBISIRTW4ONRLNJMA,B0B8Z5SW8Q,4.510685443878174
AHIAM5SDVPJAM67HKUJHCSWLVMFQ,B0C6HZ2BJ4,4.54216194152832
AHT5VICCGHXRSEGPZZZOCIN2KF4A,B009756KE4,4.361659526824951
AFTISDTHOS27BWGSWKZ2S27ABVGQ,B07FYJNJJH,4.503895282745361
AHP45X564BZWISH5MADW4Z24ACHQ,B002NGMBGA,4.4147515296936035
AEOM4BJ3MA6T6Y2JD23KRHYMUOXA,B0B2T32W46,4.565577030181885
AG236DA5TDMWWP4NCFS7HWJ23HYQ,B091YFQGCJ,4.5509209632873535
AEBCO7YV3RWXD7SIH57FFGWKENUA,B00OYUSHJS,4.271492958068848
AHAVMJ7OKLRLFKHUSZEZQHPQCHWQ,B00INZY55K,4.4226274490356445
AGQMTPWXG6UUCT6VFJBXBLWONEFA,B00NPAMDQ6,4.541681289672852
AFQ3H6LDLAE47OMXF67GWCCRUIOA,B071YBCYQQ,4.418915748596191
AGTSSEXHZYERJYNWF2UYM7PBHTOQ,B0BP3MNJKN,4.292336940765381
AFASAOSH3DUTLSA4DWSQGJR25GWA,B09PJ3N73Y,4.463601589202881
AGWJ3WOKO6JPVGAPDSYZJCAOAD2Q,B00KXQIY86,4.4418768882751465
AHHTYXG5DLE4VN7NQLY5LP6USH5A,B07RG6P3N1,4.558093070983887
AGFGZYNZBXCGUPAOIXDZGH7ZHN2Q,B0002E3GO6,4.360754013061523
AHCWSKQIDST34SUY5LKWWLBPDRDA,B00YJ5C46K,4.4905829429626465
AF4RDK3DARVW2FRALUHV5BMHMCGQ,B00P2EKHDO,4.425244331359863
AHZNQTN4Q5TKNSVNKIXJU64LJEAQ,B06XHCSY28,4.557353973388672
AGLTOOTGDPFOHALWBAIXHBE42FRQ,B0C6HZ3ZVT,4.5256524085998535
AE3D7XQZGHDYL7IAZHVBOES772ZA,B00X87FAOI,4.408143520355225
AGYVIJCXTIRUKHIIJBRWW4ZYCCRQ,B0C6HZHZJJ,4.549330711364746
AEWUW6NYZW7533JCI6UJWDZAIPJA,B0002T67K6,4.450408458709717
AE7U4PM3XC5EL3Z5UITQR2E2DD2Q,B077DJBDZZ,4.4224066734313965
AEVIDOETQTYGFWUVJGTIDMWH4YFQ,B00N5TH2H2,4.479462623596191
AGH6SW7MNE4SSGACMJTHYLIKLIFA,B01B23BA98,4.385441303253174
AHHG3FREHN4EZOSRVIH2UD5YM46Q,B0B3VQQ6XY,4.488307476043701
AHNG3NRGEDYO7E44QMYDHMBADPBA,B01DPCONFM,4.520493030548096
AH2LUXXMIH4QXRDFOSLGZA6R7CMA,B076PN1263,4.4483113288879395
AEZNY25GTTQBWES2TRWYEZGDM32A,B0B9S8G4HD,4.434591293334961
AHXKSJKTLH4DNQ57FCNOH6MYOTLQ,B07T3Z11QJ,4.479399681091309
AE5YND4EAVEPMNPKPXODEBVHSG5Q,B004U2HT9Y,4.431232929229736
AH4AIWIVLN43SGJGK45W4FCJB5GQ,B08LRLRRKM,4.449967384338379
AG64SW2Z4TEZG4IWEGEUFEEZBTRQ,B09BF8XDF4,4.625568866729736
AFPG7J4AME6QVSARKPXTOXWUR6DA,B09V4N515D,4.424509525299072
AHBYNOMVJ37DFQK2322JKNXW37VA,B017DNZ3XK,4.470771789550781
AG3QPT6XXHWPA6BFADE5XSVAVYOA,B0BKZ6FK4D,4.499974727630615
AHI2JCT4QVCJLQICAO64CYXQ3NVQ,B0BKZ6M28F,4.574796676635742
AGCBRKJSQECOQJM23WHBKDDOXCGQ,B083MWZ1DN,4.443187713623047
AGOVVFMZ7IPENJBVNAFQ33S7O3TA,B0B9T61HDX,4.4072346687316895
AHLXIZ3CXU5UZKHT2EWIHO3KHGDA,B09857JRP2,4.74340295791626
AEV4SAI37FLJ6NK4M55NWKYVMDAQ,B0C6H9T5T6,4.40197229385376
AEAU2KDIKNMONDRX5Y6DV5F73F3A,B015WSCNHW,4.395321846008301
AEK5452BSJUE5N23GU6PPAGM4MEQ,B0BTLZMMFT,4.463780403137207
AFKYUEIARYQHQBR3D7L4VNO7ELRQ,B01F7GQ8DY,4.385845184326172
AFPOTFD5RRB6MHZQ5P5UIVG7QTBA,B09G9DVTD3,4.374748706817627
AEHG2FL2VTCX6K77GJZ5DBODFE2A,B075VPGJCX,4.570101737976074
AGYKBJXKGCM7FUQSK5JSIT35DOJA,B07BKYBTNJ,4.297896385192871
AEC7TBNDVCE3O4TLCEEDNWTM6RJQ,B01J38RW9Q,4.4104156494140625
AFRUTEYFUJDAUASSQADZ3UQJHXAA,B0BK9YKQFR,4.275707721710205
AFQDQ7355KHCZLER45SETZZ3RBAA,B08DTH6M77,4.428011894226074
AGFXPATACXLGNXETSYZRD4QAHUTA,B07BC4KMQK,4.41618013381958
AGXQG72Y6EIMUAUYDEY7IGJUQPMQ,B0768R4GHS,4.502615451812744
AE5WEF3RO4QRTJDMRXUEF3JB5FOA,B0002D0L5E,4.489873886108398
AET5WDQG4RMZYUACS75QGTR5DN2A,B08T2DMFKD,4.591911315917969
AGGCBQMBTI76TAQ35ISJR24OQH7Q,B06Y2W66F5,4.45367431640625
AFYKOOYILZJDSJKTSJKEQYILFLOQ,B07C3BKLD5,4.45060920715332
AE6TF34R3XLNVEOUQ5XGGJLOBNQA,B0165KH7GS,4.363313674926758
AE4PX7WPFYOKQ7JY2XCDJIXQG6NQ,B09JJ586GD,4.421461582183838
AH7VFEVL3IOVGXVGA6NCV5FK5EBA,B073W2Y8NJ,4.466974258422852
AFAPQJJSMGJIP72FIGH33BNET6KA,B0BKZ61YJJ,4.567285060882568
AF3MDNGUNU6IDVBYNELKDFH4M7HA,B099NFZP4S,4.429849624633789
AFFZO6PEJS5E3J7YISHHNOTA6RWQ,B08KHSBL34,4.420651435852051
AGP2BAEBBIE6P7XZAOAIUFYCEHNA,B072LXH1V4,4.492624759674072
AH7UMWKEKWHRAACBVZQVJGOP2DCA,B016D7KIWS,4.462967872619629
AHX64VD7FLIT3KB2U67MRWOEQHPQ,B09Y1X5BSC,4.487825393676758
AH7VFEVL3IOVGXVGA6NCV5FK5EBA,B09V915Q6P,4.462254524230957
AGUJ2VW5XM5ASOR5KLP27YBW3C3Q,B00BNVHCYM,4.451958179473877
AF7IWQ26I2RJXFXKGSPGNNRBLNEA,B000CZ0RME,4.308691501617432
AHELX7UOIDURULSSVA52BNVTMT7A,B0BSCDNQT1,4.53446102142334
AFCUV5FE3VT2MS4LYAUFHYBQCP3A,B002C741BI,4.381201267242432
AGQLFZBLL2HTPOLTXLYYRYNYQMDQ,B000H58HN0,4.3165788650512695
AE6PYJX3K5T4WCDVMYYA6C2EA7OQ,B0BKZ2W81F,4.4866251945495605
AEFOUHISLMQKQKXRMICVYMS6YF3A,B07TD9NX9F,4.441027641296387
AEZG4SHN6EDH7X2I4NPMCSN7MN7Q,B07FZBF5HY,4.444157600402832
AHFWSW4APYWHTKLSCLUQ7OOAXBDQ,B09MTHTMBB,4.473365306854248
AEKHOFU35JS3BOIWZSEM7DKSTEVA,B00HTWQWWM,4.542028427124023
AFKXPHJU332QCBEXRVZTY6K6B5HQ,B06X9KG3HW,4.549450874328613
AHCRUMAU2ZAZ6EP6RVSXNHJSEVYQ,B003XKIY3E,4.444662570953369
AHH7NFK7CPZCLCX2YO3TBNLVSVJA,B01N6448Q4,4.400218486785889
AF66OCN2Z5V3FKFOAVUKWHPQ3BHA,B00GG20DJ4,4.441007137298584
AGHZXVOSR6BUBEGP6K3BDYLSOJ3Q,B09MLLNDB9,4.461439609527588
AHNO5YFCPLGHET6VHUICVPTN4LMQ,B00P0HIZXM,4.427570819854736
AGQ3CRIH64J5HUPGKKZEYMUKKR2A,B08R5GM6YB,4.40664005279541
AETEDS6HQJWX2EQYEQFUIAHTTJXQ,B0BHSG5C3G,4.529554843902588
AF7CC34DK36SQJS7WXI44DREGWJA,B003B1PETC,4.467455863952637
AFGAABVW3PF4YATBL5EX5EGUVZ4Q,B09997NM44,4.437555313110352
AFW3N4C3DTYHREJ3K7X3THVUVJEQ,B08KRJ578Q,4.408018112182617
AEBPFXOLYES5XQEQPR43HLGX2HVA,B01DN7OC00,4.531294822692871
AFHEYIB5M5MYLROKZ5IEMZSJDD2A,B015HG82EW,4.426699161529541
AFBC7PUOJGJPJKAZZZVTIAW4UQ7Q,B0BL2W52CK,4.329753398895264
AH7K6J4O5D7ZE5QZAJQJ7V4JJR4A,B0002F519I,4.481266021728516
AFFWTNREAP77LMBFKJVS526IWD4A,B095XZJ99J,4.564258098602295
AHGDIK37BK2KKLH75FXYZFFWP5IA,B08B6BR4KG,4.4145379066467285
AEZNCOTOACFQXLFM4MXKSQW6SFKQ,B07VPLFNYM,4.246915340423584
AFCUT6TLZBDQLXJAKOVJ65LARDFA,B00ETP9FFI,4.330560207366943
AFVQ23JNGVSAXVFEM2ZRPQ6HUUDA,B00646MZHK,4.6187028884887695
AFADWJP75FQZ24GRNBIIWTFNUU4Q,B07W3NQLX3,4.50621223449707
AHOBKBVHEAT4KPRVI7TYTF6MEJXA,B0015B0EB8,4.428765773773193
AHB2C67YEIUJBM7WRNKVPYRUIHFQ,B0BSR996X8,4.532291889190674
AGXMYC3U7AF4LBADRZAZUAVAJNYA,B00RWDSILG,4.423797130584717
AGSSF4YIHPCP2MIUITM34RWOCOWA,B0CFD7WW4N,4.47537088394165
AE6ZQXU4UDWTLQAGLW6AR3BTJ2PQ,B00OGNDKEA,4.485184669494629
AEJH4HUMFAN62AII4PTCGRGGAE7Q,B092LF6RLS,4.474184989929199
AEFJEW5GQ5A5PG27ZXJ2ZZ33VCAQ,B0BR2HYQ18,4.535353183746338
AEOGRG7N4WAUYTPHEZ4QMHNZJ3MQ,B0BXT384GR,4.526882648468018
AG4PVZMW3G6CBH2RV5CZE7HJMT5A,B014W0L7ZU,4.418872833251953
AGIGLCDBUMZT45LJEQR2EDJUDZUQ,B0B863M78X,4.4688215255737305
AHP3UQWZWRJBESHIOGGNP525A6RQ,B00127HZG2,4.564756393432617
AFG7DJM5DPJBHJD5QAX7GXECNFTA,B088Q6XF9J,4.547661781311035
AHMUGCUTGCXKXMATCIJ5QAZHJ66A,B07685T8FT,4.523360729217529
AEMJ2W2VK5D54J6XZFHALLBMHDZA,B09HCVN9M9,4.567591190338135
AGXL56TLDRWEENDVD5QV3U4H6EDQ,B06XH7487S,4.409842014312744
AGW7SUXC7FRQYEDORCMJEIBFFO2Q,B009O7CE5O,4.542490005493164
AHZDFAFJYWCHQ6TD26DGE5GTVEXA,B08HMM1PVT,4.457578182220459
AE6FQUL47GYURP65UOAKUUZT6A6Q,B07BC4KMQK,4.41446590423584
AE2W7OBJ45J4J52CGH7OFWHQZJQA,B002NG7DEK,4.522790908813477
AG2Y6CDZNCG2ZJIUIGDIJYADCJ6Q,B0B8NXV975,4.5855937004089355
AFU6WBRZTAJVURT36WRAOGXXJ4ZA,B0791VK6D9,4.328720569610596
AFPTQLGMPPI4KEUDO7ZWRBYP254Q,B004XNK7AI,4.6186299324035645
AEQBKUKRDYBAFYRSA4OHINKIHY2A,B07HHZ3X4M,4.410162925720215
AF5KUQ4UMS74JRNRSNG7PRILECPA,B01G2KH9SW,4.449840068817139
AFG2FNXFLUYZCY7UJQVXPQQHVDUQ,B00OIA3QNQ,4.473989963531494
AGZEDKJEUXQ3KK5D462HQZYTQWXA,B0BXBBGTGL,4.370080471038818
AEA3DMA2VE4KGEE3XBVEOCRS47IA,B0002F4MKC,4.411750316619873
AG4WBOI27FQQ7JEY6CWCK3UEQG5Q,B07KB9QBQ1,4.5636677742004395
AEYSJZB6V2XGE7EH4YTAPXWX7PLQ,B0002E2S1I,4.528840065002441
AHP2UGRBLKHCHX43ZDAOMH74675A,B09NDBVJXM,4.462257385253906
AEU5GN766HQJG2WCFWWLJSL7EPTQ,B0002D0EII,4.484498500823975
AGHY2O33XXIXWLCU5A7SMPADK4UA,B09VGM7F6Z,4.3828277587890625
AHUVBCTKQQ34MIMPNVH6N67MK7OA,B07PPDR5NT,4.396368026733398
AHAERNE47GD7KUT42ZDYVNJ7454Q,B07MCRMLF3,4.483676910400391
AEO6QT73E5MQ3SXXA34IH4JP4JZA,B079HP2PFK,4.429920673370361
AE2UOZSYKRVSGWNG4AU5AFJ752JA,B09T82W1SN,4.553519248962402
AFGAABVW3PF4YATBL5EX5EGUVZ4Q,B08JMQR2JK,4.468832492828369
AGLQFICRV4ADTC5C5XNDBATOKJTA,B07MZYNZ1C,4.517719268798828
AHAW3SX75UIROZFBFFEQDLG4LNGQ,B01H0PACWI,4.554940700531006
AGHPBBUCMU72JNN57OKEFJ472UUA,B007EWHXM0,4.454555034637451
AECRT3TVTXJX4RPQM5BVGJQNLTFQ,B00J4A70M8,4.55223274230957
AFUVQSIHX2ZFBTV6JZYZW56SXXLQ,B015QK3GUO,4.525051593780518
AFYSLU4BTTUCFRDL7GSN64Y2XOKA,B0853X3VDC,4.5284199714660645
AGZGFTWAUS73D7WKUU2ZYYOIACTA,B07B9W25ZK,4.553483963012695
AF5WH2KQNQ23M7NVENH7F5ORQ6NA,B019NY2PKG,4.458707332611084
AGXTZT3VSWHFJT2Z6KTQWT4ILX5A,B06X9QRQ71,4.420062065124512
AGCT56C3MLESH3DUYFDG7D7ME4SA,B07WJYTDMH,4.46830940246582
AGZC34D3ATKE4SJ6V63B3VWBKNHA,B01CQ01SPM,4.492737770080566
AGLSNCKCAMBZTZKPFN3BY2ANTARQ,B01LXTBO7B,4.46274471282959
AF33HEDLD3R7575PIVJCBZVQ2SQQ,B07TJX692W,4.468556880950928
AFJFIPK3DGPDXQAOPLESEBHIWZJA,B0BR2V8V9B,4.39251708984375
AH7YWZ4DE5LS66XEUKXJWBKN35AA,B00CGFRJ2Y,4.57437801361084
AF6EOHGMVZ5ATEEXTSFSUJOGIXDQ,B00005ML71,4.52989387512207
AF4H7MSDHSUVEMA2BPLP6MWGITGQ,B0B9LLF1CN,4.476776123046875
AEFK4A22W4P6TW7ZVV2UJN7Z53RA,B07BLM53Z1,4.423635482788086
AGL2ZWEA33BCBPOZ3T7QRJ56XDGQ,B075MPFFRV,4.466084003448486
AFEVRXXYRPUOVSFNMCYIQDFS765A,B000J4I9VO,4.411011695861816
AGPU4VYZDXTREL2FJVIJG7VEIC4Q,B072271GQ7,4.470120906829834
AHSMYOSEDSDIQ7UCAJSDQAHPV4IA,B0002D01KO,4.431041717529297
AEFJEW5GQ5A5PG27ZXJ2ZZ33VCAQ,B09R3CJSR1,4.445268630981445
AHJDJLCEUDPAII3A3L4TXVNBFKZA,B06WPBKDBW,4.386234760284424
AECTK5H3C3DQG7LIFPDHUVZIOAVQ,B0BKZ22NHL,4.478122234344482
AGPS5K4IOLONOQXRCKCE2PQTW5LA,B001ELVCDS,4.361601829528809
AFJBKMTRSW6PJOQT6PTIHRS64DWQ,B01AA6BNCC,4.514416217803955
AHCIO4Y7MASS5GHGAZNOPPTXFTVA,B07PWKHPFG,4.445546627044678
AHD4DUQXQZWPVSYBWMNFCFRPK7BQ,B0853X3VDC,4.542490005493164
AG5OPRT747NAJPFQSSXAUBLCUVTQ,B07DLC9KYG,4.450854301452637
AEIFNJPLBHG7YN5IKRWCHRSO3W4A,B07KGF3MHC,4.305270195007324
AH7JOU3OXKPMYOBK4JGJJI4BCLMA,B0BT8FDL8B,4.497217655181885
AG2XBVVPXRIUYH4IETE3DZT667LA,B00ON9WQ1A,4.349714279174805
AHSAY2WIS63JDIV62RAQ63QGD2NA,B092LF6RLS,4.492566108703613
AENTHU4L3BLWQQ2EIOT3BPSX4MJQ,B075RB1KN7,4.352758407592773
AEOS2ALLIKEV7WLIPXWG2346HAZQ,B092SC4XNB,4.462077617645264
AF77F3QYN5GSD7OBRNXYP5QGI6GQ,B071L8C6MW,4.442654132843018
AHH5KSC5O5SEK7ANLMEXUD6ZAHDA,B07FYCQZWD,4.458089828491211
AEGXGQ46AQIHMGYZSTBTFW5G2XXA,B09RN7GR8F,4.402605056762695
AERGPILRKONAH3OE4YYQOKRCSNMQ,B082WVKSNG,4.537055492401123
AFBCC4UQDHZRJO4QROXQXC2HVA4Q,B01M3P777W,4.43472146987915
AEOBVIDGSRKUGVMRGE3LYPVC3KYA,B07427ZHRK,4.440191745758057
AF74NQZGZTQG6CRKBJUSNCBAJNQA,B0BKZ3GCGR,4.570188045501709
AHNXVAEDE22CRTDXPIPFLAXTINKA,B0B8NXV975,4.579218864440918
AH5DNYOJOCIFAQLMZLGY3EQ6LA3A,B0B8DHDVJZ,4.53403902053833
AFMY6F6WJOAKCGFGT4P7XUNPWWKQ,B07WW5PKCP,4.58430814743042
AGV5EG6FOHTDDWOLXWMGQWQXDMWA,B0C5QKBX9F,4.422301292419434
AHJJQRLMCY4I7OOIUHI26OHAX5IQ,B015HG7HMA,4.4224090576171875
AFU3TK3ERDCF2NTBO5BCE3U2LXFA,B0BHSG5C3G,4.5550737380981445
AFDTO24ABREOG7VZHGM5MUINEONQ,B0BPLFP5P6,4.350615978240967
AFHXAZFQLN6RWIKMW2NJGBOHSRYQ,B09Q5HWYG1,4.437457084655762
AFOD2RS4CU7CGW6FE47EKKEOE43A,B0777QWVG9,4.462035655975342
AHMNTISHI3GTTMZI4SRCBMCSEKFQ,B08GGYMGY3,4.385675430297852
AFQBCVTAHQG6HXDPN7NCOHY2YS4Q,B0BFKR6YDJ,4.505162239074707
AHUG47XGDRMNC2JUIIPN6W6CYE2A,B098KXQJVY,4.594043731689453
AEXACMZGHMCNZ5IW26NWR3TF7M7A,B09V91H5XM,4.515047073364258
AHP2UGRBLKHCHX43ZDAOMH74675A,B07Z8JCBG3,4.452390670776367
AEYAHEVIBJLOT2XEBJTVB6TFAEEQ,B07FM97YFY,4.434366703033447
AGDPMG3RMPOWLR6C3OOE5H6SNF3Q,B01BHPZQ1O,4.331305027008057
AGXOVGCVMYWP2GS6F52ZTGFX6OUQ,B016GNPTZ0,4.432651996612549
AHRTP6RH7TC32Y3A6KBR7VFGMURA,B07MZYNZ1C,4.51219367980957
AGYNPTCSVWDIHSPRI3W4BHC4TXPQ,B07MVRZY88,4.455054759979248
AHDXXEF5PEIQDJWO4YHUNLKIHL2A,B00B3PB0PK,4.393083572387695
AEIR2PDJQKP6MSWZW2UGJDDSFKFA,B012P7NEW6,4.481677055358887
AEHEQUPVU7V3JOAMO22LARHBOSXQ,B00B5LCADS,4.509505748748779
AEGXDB7JPODQ2VIAIO5CQL4TVCTQ,B000OR5928,4.534667015075684
AEI72WLRE7LRYOAXJ6BSBCIZ355A,B0BPLFP5P6,4.331998348236084
AHTCY2ZWS6KG6MDPVGHZIM3FYTIQ,B0013YGMRC,4.41059684753418
AFJESFZNXTENLY7JFE4XFJPLH5XA,B083JVJFLJ,4.42637300491333
AHBHS2NCMHS2QHUU2Y7YLD3XNNBA,B0BR2JC947,4.415307521820068
AGZFHWJLEXSNQAGPKLJTRIR3XIDQ,B005FG34F2,4.409819602966309
AF6KMQEODG3TRGHTHI3NIZ7CVD2Q,B06Y6BCX7B,4.439328193664551
AGOA27EHDRLFV72SKDTUT5YNR7LQ,B09JFGY35Z,4.454124927520752
AFBJE4L3HTPQ6HY2VHIWRN3CV6BA,B0179C3V7K,4.48792839050293
AF7IFDKD45ASPFXC4LOYESEA47KA,B0192JRA2A,4.407349586486816
AHHTYXG5DLE4VN7NQLY5LP6USH5A,B083NZZ712,4.431807041168213
AEIPOYTRQ3WFQ3BPH2MME2QKT6UQ,B00BVH7C66,4.505049228668213
AHHHU6X343PMH2VY6SJIWTPSC74Q,B07V46KRD8,4.520108699798584
AEUONQ4YBHYWOKZUYAPLRTPBVJEQ,B00178JDCK,4.319819927215576
AHKZV2B3L3WPHVMNAZWK4YB2TQOA,B07FXPMKHW,4.428215503692627
AGCBRKJSQECOQJM23WHBKDDOXCGQ,B015QK3GUO,4.519037246704102
AG5ZVXXHEXDYUUODSEQC4XXV7DPA,B07Q6Z5VK9,4.483418941497803
AG3OUTHXSZ3WBMJLNKV7VLJV5NSQ,B016E9HCTW,4.442097187042236
AH7WMY3V55DTEND6PA4TH3BVGGLQ,B07F2NZWY5,4.483942031860352
AHO3QW4O6JLMYHDH5IXMXYJK2GHQ,B00B5LDMH6,4.5288519859313965
AGSVLMHAE6DKL34BW5AJANZ2HP3A,B08D4YXD33,4.399862766265869
AE6E6N27YBWM3PPG4QJ24AQOXH4Q,B00P6ZOPP0,4.425747871398926
AEK5Z5IGCZC3BOIAHEZKJ5LALEHA,B0C4FVS3L7,4.497726917266846
AEKVPWOJMYF5L5VLHTG4CLCEB7QA,B06XZYD4NJ,4.451581001281738
AEHL4256MLAXKYTZGAPQL75WZ6AA,B07TG9RWST,4.460606098175049
AF34CA4KPGWTVWQQBK4G3N4MUTXQ,B0BS8PZNGK,4.479831695556641
AGVEW3UDHY4TFUWSKPOHJGRCYCBQ,B09S2VB3KW,4.562652587890625
AFO6G74UZDWO4UYRBLXEAHR6EUKA,B07MW198RZ,4.428450107574463
AGFYUNPN5IMCAN7C45KXDXYHNGCA,B08F2QZ9XX,4.431488990783691
AHMGRS7F7IA4HM2AYAEU42MFFDCQ,B09396NY1C,4.404473781585693
AE4B3FG6SRTDDJG4T2CIYDM7HHNQ,B003LPTAYI,4.44720983505249
AEBZKYDJAA4322KPKQGOPZAYIYQQ,B000XYFBMK,4.462139129638672
AH2ZUW3SZDGAPPJXOWSTS2LIKLNQ,B00XD6EJ2I,4.454130172729492
AGID6DHXZOL34MVLPDSCO42D6GZA,B075MLS97V,4.475116729736328
AEXJAKRK3BULCVCWLEQD4TZMYWFQ,B09WQTXJRK,4.424984455108643
AF4WGPVVGGAVX22URXDVKYL7JK3Q,B07D5TR3R2,4.541568756103516
AHAQPHIBI4MGNCKOVM56NOZSOM3A,B0BHSG5C3G,4.557380199432373
AHVJZIPGKB6EENMRVZGXZRWEQWTA,B09F98MG91,4.460389614105225
AHRYPIV4HCXR343WAJYXC45LRVKQ,B00CGFRJ2Y,4.565766334533691
AFJLUJRHMALFEUHTNV7DSSJJ623Q,B09LSKPP2L,4.421486854553223
AEN5VFEOCM4ELH2ZTQHDGUZDWDHA,B075KL6ZLC,4.487980365753174
AHWAYCEX3NCWJD32JTFVBFXKUHOQ,B07WGKJY1D,4.332653045654297
AHBV7TH4Z3WRRKXUIDAOPVUBIR4Q,B0BT9R8MMV,4.532496452331543
AFZTZTIUKWVBHZWWXHP5GDF6QODQ,B08HC8HTH3,4.44451904296875
AFZVUXBT3TNDBLT6MFQOAJ4I55YQ,B08R5GM6YB,4.412996768951416
AHV6QCNBJNSGLATP56JAWJ3C4G2A,B071JHJ9RV,4.4705095291137695
AHDORHGOBGGQFUSOKSPIMK23A7IQ,B07N5J1YNN,4.438874244689941
AHNISDQL2AYLH6KQOLPOHO4UDJKQ,B01MQSAU6P,4.445204257965088
AFN3R5AOXYR3BIDWAZWABBCFYJUA,B079L5G8FK,4.44880485534668
AH3QWAFMDYN7SGP3QF4YIM4YS26A,B075GQ4YP5,4.38919734954834
AGBG3KK74IKWJNQVMQAGVBWJ7FAQ,B081T636X2,4.494881629943848
AEVSFJBESKDRNM74LZNGODJRERRA,B0C3LJM9F7,4.535198211669922
AEMNS2DOUVR6KZO3JN75GP44QRJA,B01E6T56CM,4.39590311050415
AE7GFJWCHUHU5XXNXSQERG52SD3Q,B0B4RWYV1D,4.485184669494629
AEN6ANHOT5COUFKFIQUZMB4XGIEA,B07WJYTDMH,4.4480462074279785
AEJHTN7ARNOUDTWEPAVQP6FB4ICA,B002R9ILOY,4.400327205657959
AHLWV6FKLFZU7O46CIC4EPMK5NQQ,B0B7C52N2F,4.5087151527404785
AE6PGN2WW447FQCQ7CQFTCO4L36A,B0BKKLR2Y8,4.497722625732422
AEN63GCGPS5MXJ44PS2DOU5UKYSA,B01CFGB8KM,4.425232410430908
AHMF3CETOSFHORGNDO7D6X32GUUQ,B07HHPVHYF,4.381900310516357
AEAB4LQBBULU6HIFVOOFFIPWDRQA,B08XVVC2C1,4.408730983734131
AHGQWA6ZHRH4I2PIDDXBWDI3CTRQ,B00DY1F2CS,4.344512462615967
AG26VSS7RPKXVTAUH5XE3SEVZYCA,B07RRQG6LJ,4.4841790199279785
AEOSGY7IDZQ7YS32FCMO6LJTTXEA,B0B81J9HDM,4.536327362060547
AFTPUNQ4NGIKJHIEUAFA3GQBUY4Q,B07DWKWLW1,4.593758583068848
AFA2RE2FHTN4VMX5HKI6YDBKWRUA,B0BKZ7328F,4.532458305358887
AGBB6RRNC5RI6PIQJI7JEQ5GPMNA,B0C5CTX5LZ,4.329841613769531
AEQWIQ5K6LLNVFPBJTPKK4J76SWA,B009DAHPLU,4.393517971038818
AGKO2DKAZ4JOGXIFYPDM5AZXU3RA,B00GGN4NXA,4.367730140686035
AHW2G5R3FA7BBXBDIIGS6HFWX7LQ,B00HV8F694,4.486629486083984
AGNUSBUMRYEQCOVGPUQPEOSZ5WRQ,B07CQ919R3,4.489752769470215
AGBRYKFKK2VTUEGQZB6BM4Z6B54A,B0749K3CB5,4.4640350341796875
AEW2LO2YEEIWZ2V7CPL7Q6JBM4HQ,B074VRW7PP,4.492451190948486
AE4QG7BGTHU5R5U3GJEY2N2GCHEA,B07BWMQFMT,4.543111324310303
AFUUITGBIEU2J72MYFZXPRBY4BPA,B09TXQ22KG,4.402562618255615
AE6LBUCRJA4BYSOSQZRYQ7DCR6BQ,B003552MFI,4.394662857055664
AH6IJPT5AGQ2REQG6M7HT5SAX5QQ,B0002ZO5Z4,4.432563781738281
AHYDSH65ZAO5BMP5AFT4KYN7PAXQ,B00A7KC9NO,4.327663898468018
AEPBFQ3U5RDTWMZJHZ2UXQEZZ54A,B0BYP5CC5T,4.491515636444092
AGBQLDJQ42HII7EPMRVHHP2ESXCA,B08LVRB74Q,4.285226821899414
AH54WSBMTMNXGHWVWXMKST7AW6BA,B0B92LPGD2,4.502737522125244
AFKCNXEIXNHATVJDGJHI6GY6UXAQ,B0BXZFS2QH,4.49755859375
AHCTXCBORWAVSGY3WDDKO7SU2TAQ,B019FAKN4I,4.442236423492432
AFUZSTHGF4TSNO4WHZTJRQXAITKA,B018FCZKR2,4.503753185272217
AHWJ4MYIREGTA2FCTJMYFGGJ2ERA,B07FYRDYRZ,4.424405574798584
AG35W6GDZ6L4HFCDMMJEKO45S2AQ,B00GS41CHW,4.446279048919678
AHWSZB7RGTT7VKF5ZLHFE35KAJRA,B004XNK7AI,4.615577220916748
AHCLEFILWZQNDMN4L3LC3DJLZNSQ,B00B5LDMH6,4.525206565856934
AEBRAOXMNRPNF4LWT3FICZ7KRP7Q,B0BK6MQDZ8,4.510563850402832
AEVIDOETQTYGFWUVJGTIDMWH4YFQ,B07234PV7Q,4.492393970489502
AF2CBWLZWCLXR3NKUNW3RWFY3QMQ,B0BFKQ9QXD,4.4703264236450195
AEJ354XETZRIGFKZSCQ77RWYN2ZQ,B0BCW884JL,4.454028606414795
AFSBX23YWCK6UMDKJPDEE3JSHRTQ,B06X9YBVXS,4.421321392059326
AEMPFCS7HQ2Y6NGNT77N7LPZBUXA,B0CC665SQH,4.473316192626953
AGDSRUXYPJXPQ7RPI3CAHSS6PQHQ,B01GGUTOFE,4.401798248291016
AF3NJDOTMG7BRKDLV6UM7GHFC7XQ,B00BAYRLBG,4.58933687210083
AFDSDZ4A6HKSIFVTISXLNY4KBTPQ,B0731J628Q,4.362358570098877
AFPUPFU2NB4XSBE4EAHYFE6OCRSQ,B0BPJ4Q6FJ,4.6159138679504395
AEACBSG6VLBDVF4LZ745X6IQS5EA,B00TSCFIDA,4.482939720153809
AH2IGNRPNCVDZH3RZLOHZG3Y5OOA,B082285YXD,4.3966755867004395
AEVH5YZ3L44XXUNLZQH27N7K7QNA,B01BCQ12C0,4.457981109619141
AHL457VUDF43IDVOQBXFPGWTDYMQ,B0C5LYJXLR,4.5420241355896
AFCNM3YI5C2PJ7RGSJO7ULK45GXQ,B0016OIIX0,4.43701696395874
AFLXHZ2VWT2UBCBWEFZST7BWTQ6Q,B0036ECH1M,4.335526943206787
AH7UOQQDCPZIWK42EWAAPCGDPJ2Q,B077DJBDZZ,4.40349817276001
AHOYUUCJQC2AISSMC3CEDCPJ4CCA,B078L11275,4.416116714477539
AHOYB35WGREZCTDLU5UK7RB4635Q,B07RPW4PSS,4.43536376953125
AE46JXESDQQOX3CPKT4SU6UE66OA,B01DBHC9U2,4.445868015289307
AHSMTWPUYFJQEQKGDC5JQKF3WBDQ,B07PR9DHPP,4.44236421585083
AHJSQLOO6QGKKTISN4MESXX4KIHA,B015WUVA5G,4.553286075592041
AFFF67RV3HP77VQ5APIA5IBUNYAQ,B0002OSCPO,4.427228927612305
AEJFDCNUNEUBA3QZTWMKL2QIYOPQ,B00Y0CG9YA,4.484738349914551
AHBERUF4M2B6RH5GWANC7POHYIWA,B07795XHLH,4.445703983306885
AHY3P536MRDP65BQ7425KJIC765Q,B0043NQVJY,4.556746006011963
AEYVHL5XEPNEA2XJGVG2PUWROHMA,B0BPJ4Q6FJ,4.614127159118652
AG4KW6SDOPLIZ2Q4ZMG7CXYA2XCQ,B075H3NK7R,4.517178535461426
AEMCTOWA4Y7TVDDMMQB6PTBT7WTA,B0B5D7JW6B,4.406237602233887
AG32TQXMHJ7SQIEIC7NPE4SI6AYQ,B07DWY44X8,4.594049453735352
AER5QDAS73DK4YQMARYZKXQDDCIA,B09Y1QWK5W,4.442248821258545
AF7PHXT3XKR4T5OY6VLNPSLIIMFA,B07T9NM5QR,4.478233814239502
AHOUKQ3IRAEAMEHDB6U4AMB366NQ,B07T19X6YP,4.337581157684326
AFTWTCVFKL5GDM6YHN5ZLLXS4DOA,B076ZQYPTY,4.609420299530029
AEGRFNR75LHVGYTL3S7KM6GK46QA,B07NDFFKJZ,4.431697368621826
AHCLGHTHPTV3ODGOQUSJI5KT5KXQ,B005DM7G84,4.456606864929199
AGSS2AHFN2Q453OGXRQCWBAWMFSA,B000WKW8EY,4.412733554840088
AEU6XHKEJAVSZBGL2YK4II2OUSEQ,B0C67HCGBR,4.72983980178833
AGVCM3R5WP4HKBBZZ5LTCO6U7CZA,B0894RHK93,4.4794816970825195
AFNM7GF3MJDZY6V5JXN7BCCP557Q,B06Y3MBRJS,4.525003910064697
AHU3JRE5VZZ2UJ4WWXYBJ7FKUM4A,B091YFQGCJ,4.546778202056885
AE5NHYE7QHY5NDUJTMYQIUT4GPZQ,B09MQZ8VWH,4.431563854217529
AHSAPOPT4FEV2BSC64GQUHU5PAKQ,B09CF6CL5Z,4.503575801849365
AFOOI5ACUEN6EQJGID72GT2LDZAA,B0007TYPZA,4.480849266052246
AFTTEV6XOTXQ63ZHYDUOSJ73N6WA,B0BCK6L7S5,4.3451151847839355
AEJRAI75WPYAHLU7P7NQVQDYQW3A,B01AFHSS92,4.412299633026123
AEMUWOGQ7TO6DJKFAKMBPZ2TEDHQ,B07NWZSBF3,4.507723808288574
AGIJFL4R5TAGREX3P4MRA7IG3CRQ,B001EW5YQS,4.409321308135986
AHOOMRPHHCRSWE7ILQ3FA5MLZAUQ,B004GWQM1Y,4.448781967163086
AG4IZRO7BIHOZQDCH65GF2N4OJRQ,B00C5GZU2K,4.454574108123779
AGYZUXIZBE722EPVMRXGM7GMFWYA,B0BBPQGSZ6,4.444422721862793
AF7CC34DK36SQJS7WXI44DREGWJA,B00G964BUY,4.51869535446167
AHU4TGHXLUATFJ2AYXXXCCCZOQ6Q,B07Q9JB3CF,4.580181121826172
AHNSPXAYSM6UVQ22WMIUMSJUCVDA,B0002MSQVQ,4.425562381744385
AHQYKFQSALRRFQIZLR7QQZTXP5HQ,B07J4Y1XZ3,4.444256782531738
AGAHOWH4BZ35HBTGXRRC7P35LEOA,B00ICIUZXY,4.437547206878662
AFYGFCJC43J2XHGJPLBPPACRLCRA,B0035LCFRW,4.466249465942383
AH4PCTM7BHVUX6WCGJB5PNS6K3JQ,B088DNMHKZ,4.431321144104004
AHJBRDZIS3BYBISIRTW4ONRLNJMA,B0C61T841P,4.531285762786865
AH2WPG5KN5BDQ2OFGSCFPZR24UCQ,B00G3785WO,4.488556385040283
AFP2W5EO5KUKR65IEVIOPK4YBXCQ,B0B7C2NM84,4.462273597717285
AGN7KMV3GSGCBANTJAKIHDQYEFJQ,B008BPI2OW,4.4544358253479
AEUTHNALJONDC2QCK4AOXDN7RLGA,B00B5LDMH6,4.530235767364502
AG2PW23TNWB4BYACHY7DDDTHCDYQ,B00646MZHK,4.626840591430664
AFHABO3IHDSN4KN4GZLDNFGSVSNA,B07TXTJ9CN,4.443852424621582
AE7GVDNRY5NABEP253Y3GMDUZOZA,B0002E1VUW,4.478872776031494
AFTLM7TQ32JZRHMPTIIULBY6DA4Q,B0BFKKVQZT,4.4842119216918945
AE7EVXVTRZV7QON23BTOMC7L7W3A,B00HSP6KGS,4.462155342102051
AFH6AUO7HH5PMJBRBQGQQKDV5HLQ,B09TZWTFQJ,4.465067386627197
AE3K3YK34ZBYG5JEV2YJ6NQQWTAA,B01DK1ZGSQ,4.5501532554626465
AGW4GB2VIHMPVRKK35QXA5PY5O7A,B00I6JGPHY,4.4348344802856445
AFG2SJMPR5KW3BMFTOXGVBTDQW3Q,B000EELBQ4,4.425222396850586
AFUOTG3XTETQ62JX4RBG535YHF5Q,B08Q42TDNX,4.4188947677612305
AFPIRSAROIQJGPSBTYYFZ6LCFSDQ,B00460AIY8,4.416136264801025
AEZCTDIBXZVKKAKKKKWSXKPN2MVA,B08M5GP4R4,4.419689655303955
AEHAOAYZZPRN6AGCPB57Y64JRHGA,B08T9CCXZB,4.534854412078857
AFUC7GTWCVAJJEZ5UX2FUYNTX56Q,B00T38U7HQ,4.496337890625
AELPZ4L6SBDGVM6LTOQFTBJNHTTQ,B0B863M78X,4.460358142852783
AHAIHFJL6RGSQRFSI7RXMRJF3VJQ,B000CZ0RME,4.313173770904541
AEPIBDY5VZBDD46DVEAA5YDTJ6BQ,B00UTD0YG8,4.499487400054932
AGDGE45XMVECKBID7RUI5DYSARRQ,B004SX1BCG,4.440934181213379
AGUGTCTCOHWX27GP4HY7DXJWA42A,B07DWLYGKH,4.599925994873047
AHZKNVTNLZUHNYE56UALW5L376FA,B01E6ATMVC,4.520395755767822
AGMAQW3YOWHJHUEQ7XLVKCXEQ5LA,B0B4SGJRHR,4.442541599273682
AGU7QPHJEV3I223SCEK6WUYKWCQA,B085JXWDPC,4.4210638999938965
AF7Q3BESM2J4ZGMO33U22NOH5N4Q,B08T2GKXNG,4.312326431274414
AG6DCMMH6QAKQBX5R32MBRHYPEUA,B09JYHK3KF,4.387529373168945
AGKK2ESNN5YDPLEM723AYXM6Q57A,B0764G5LLF,4.508762836456299
AFIQINUQGWBM2V77C6RACX6CB2KA,B09NLV5LBK,4.394421577453613
AHICPR4QVQ5FMDFSESYDMTT3BDZQ,B01C189D3S,4.41236686706543
AEC5F6TB3IB5HVKMUBAK7IHJ5APA,B019GYKGRC,4.436932563781738
AFZF6TKKPUMKKB63FCUUCNYUMUXQ,B0002D01KO,4.432042598724365
AGTW6EIKVNWE4ZGPPO4BOIBIEYMQ,B001GH4H3W,4.459763050079346
AEPETAF7OIZ533QUDAMCY7TZVS6A,B010AFGUXK,4.446460723876953
AE4YPIJSDXWSKOUGYF4SDK4SBLFA,B0BXT384GR,4.531215190887451
AFXFM5NXAVT4XKG2KKN2VKJNELLQ,B00LOAAPKA,4.449044227600098
AGDLSEHQJIHHVM4WEZW4TZ3UP2EA,B0BZD23GWH,4.45658540725708
AHROUXIVZXJZW4MO2AFN3ONK6DTA,B00HX9F3ZS,4.471621990203857
AF3NOA47IJLZ3V5SQBOAJHUYDFJQ,B000CCSWQA,4.3144378662109375
AGTTMVW43RNZJSHQU6XL72TTTJJQ,B0B8SNVK5K,4.413819789886475
AGZ3QMLZOWSZJPXAPSTGORHBPVQA,B09Y1QWK5W,4.440101623535156
AG5VPLIV35AA6PZ26WYOLICVDSOA,B079SBHJG2,4.386599540710449
AEZIIYLOX32LD5NZCQHC6RM5FJPQ,B00MS7GAXE,4.465028762817383
AGUL5JPSQGFI3L577EYSVVN6UW4A,B00MW47D52,4.408843994140625
AFDSDZ4A6HKSIFVTISXLNY4KBTPQ,B07KYX3S8X,4.469056606292725
AFNKBT43T4ZU57H4SVLWIEB2RBIA,B009756KE4,4.372627258300781
AFZXFNKXADRAUQ2NEDYY267QINIA,B096N9VDL5,4.426335334777832
AFEJWAUYO65ISM7466PZBVNE6AWA,B0891WVCNV,4.458401679992676
AGQDLCYLRHEYZCPRSIASZ6O5IH7Q,B004WFXM8Q,4.444407939910889
AEP6P3KJKABIZ2XBA3OQKRHEB3WQ,B08DG2LV8D,4.416869640350342
AEL5CQ3X6KXRV5WYDVVDLDRSVXKA,B081F899LF,4.356367111206055
AHHGMWJB7XA6STPOVKYABUZ3X46A,B0BHSG5C3G,4.558750152587891
AGLNYIXGIWLM6XPIARAHD2MHUJQQ,B076GHR7DN,4.459098815917969
AHJLIZ2I33CYSBMESAQRJ6QOIKKQ,B07CLJ3X9V,4.470122337341309
AGCZ3QLNT5PPADTVY7CUGUI3VNPQ,B09KWWS7DH,4.444816589355469
AHVTPXABLBUBOHIQYQ3QQG6WR6LA,B0BNVFLP64,4.314985275268555
AE4PQQ2BQO6IGXVLTI6GBFCNC7YQ,B015XTFNP4,4.39683198928833
AFF6IT5MM7GHW5HLHWHVMWPFNUPA,B086RHFW8Q,4.450209140777588
AECHOIKAEH2LO65T5MXU2VEYDXLA,B0BKQ6GJ4Q,4.410269737243652
AHQD6POMHRBDXXOFWU7URVQADS4A,B07V3G21HX,4.506898403167725
AH523GWJBQYNOABIP2MMVG52UDJA,B01K1EJQ9U,4.564227104187012
AEENSLZS6WAJQE7GRMNHI74TIYYA,B077Y4J6LK,4.430456161499023
AE7H6JSPLCW25AV2FFZWUOMK4Z7Q,B0BRQGJZXR,4.368468284606934
AEEGBXTASTDNNZE2QXR5IIGX725A,B009B3QK1K,4.411520957946777
AEAMKS4TLLFDJGAGQRDRVWQKTTQQ,B07Y6TM959,4.510831832885742
AGTTMRIFEHUY465FSDBKHC7VO3QQ,B0817CVBLV,4.522106647491455
AGFYJV3I5PY4BEVYZ7ZF5M2TQ2MA,B00H7Y2ZXM,4.452957630157471
AFLQPQYPYU37DCI5FTQVUS3LRHAQ,B0C6J2DPBW,4.561368942260742
AEJZFZFWZWXIG7HSGPV7HHQXU47A,B07DKXHD23,4.416135311126709
AE7IOTV5KHC6JJOWIRCTXGRLPXLA,B0B5K9HNRZ,4.455989360809326
AEAGSWW4RVIR4L5BH4MVOV4X23ZA,B076ZSHQ47,4.488638877868652
AF7L5HEKBLHA2ZJV3W3WEJHAS6RQ,B07FY3DN6Z,4.4883036613464355
AEI4IG2E3DB6EG77RG7QTQWIO7PA,B07DKZZPMK,4.407492637634277
AGMVV3CK2WFPFKXOMYX6F7KVQOCQ,B0BSGM6CQ9,4.554285526275635
AECRFIY3HZZG5KMU424HTLAKDGFA,B006Y2FUW6,4.5296125411987305
AFDTKZQWHY7X7WCXKNI7I5OMV24Q,B09ZTWQPCH,4.416839599609375
AEHTWU2WWGU6QC77IAKXIEKJVDZQ,B0002ZPK0S,4.408681392669678
AEDUXNERFORVFJZGC54KAAYSVA3A,B06XPJHYDH,4.3822126388549805
AEVXF65DTCWQ6CRAJNNOAIQRLNTA,B08NYC91V2,4.443949222564697
AH7XO376URXXCSK332KEPQOX4CKA,B0002E2O2Q,4.395561218261719
AGVIE3SEBXB423WTCXJXXU6GJHWA,B002AKVQK6,4.460159778594971
AEUGTL4YUP7YPR5GR6EEWVUBV72Q,B00RVE9X06,4.520845413208008
AFB6ZBPMGBPQ4P6AUSRS5A5DNHHQ,B00RWF76NK,4.44442081451416
AGRIXMGJZX63BYJKHN3B2MFPCSZQ,B003QTM9O2,4.44297456741333
AGMD22ISCSNBD7MO5OHF4X4OZAYA,B0BZK3X11C,4.435201644897461
AHDDXHXK7YKEQAT4XUIFOPHGXPOA,B07JCW1KGG,4.525573253631592
AGNUX6FLI5B35IF3BOO5UMHR2DMQ,B09CSNM1YM,4.5363335609436035
AEVMUYW4QOI2KRXFKTAD6XHBOTEA,B0BPKH4HB2,4.5474395751953125
AFT6HB5DLOBCIEFNEHW7LC7I5EEQ,B00BKXN9LS,4.404066562652588
AFGDL6B7XAOXCKQCPE3VIKORLA7A,B07H29JSW2,4.461211204528809
AHZHSRRNEBAWENEVOD7Y5GJJAF5Q,B07XW3XD9M,4.442227363586426
AG5NEBS3VFNQPNWGGXYQNRNAHQTA,B0BKR2ZM9X,4.618971824645996
AHI6VKDBMMW3SFIELB7FTNA23GLQ,B08MX4Z69S,4.409562587738037
AH2TYI3CFL4OKNP3UZ7LFILYMODA,B00C86FA0E,4.366205215454102
AHWXEOF3AV66R44YXMV6OL3GTLWQ,B082Q2Y9VY,4.369198799133301
AFGQTSA5VSAM326LO6ZKAIWIFK5A,B0B1989GQS,4.476235389709473
AELKTYI3IJD72NC2XNTKIBQXISFQ,B07Q1GKMHW,4.46823787689209
AE6BYVUHZCRER7JBO5CFHJEOHAVQ,B01M6C0Y4T,4.464930057525635
AE76MPFI6EGHS7HMMTW3SXCLVVKA,B0BKR2ZM9X,4.607983589172363
AFLCRJREMULJV5T7IK6CBKWUTJEQ,B015JTEBN8,4.516647815704346
AF6F2APVKRIOUONGEZECMR2B3CVA,B0BS6HRTYM,4.478292465209961
AGHYA4YWNDRQCRJIYMIETBE5GOQA,B077Z635YX,4.585393905639648
AFSBX23YWCK6UMDKJPDEE3JSHRTQ,B00YJ5C46K,4.440528392791748
AFESQMXWP4XIRXTUYYBEQYFUGVDA,B09LTZ1QXP,4.490223407745361
AG25BHPXN3IJ53EHA7JCLMPPQUDA,B0BKZ3GCGR,4.568685531616211
AHB23CY7FVVDASDABSXKUQBMGMEQ,B005KR15HU,4.435275077819824
AHXTCFJKNZFKU7LCHHP3X52UGHYQ,B0BGHMQJGC,4.4661431312561035
AFUHPP3DU74RKKXMDTXDKRSQ2BEA,B0B3VKD9YG,4.554023742675781
AEY2NVJC7XMQF5GKEN3SAIPBN6FA,B0899N9BYZ,4.412789344787598
AH24AXIG2WSMXXKEJWCZOCCBYP4A,B07KDSZ2TJ,4.545801162719727
AGJ4XF6MVSXI2HMTCU4EF3JWNMBA,B0089NNAZ2,4.465247631072998
AG5SZTGY7NOOTMAAINWQFF6ABKOQ,B0006IHLFI,4.557777404785156
AFCLOTB3P3EXMIQAKAZIP3KGAYQQ,B0776RXV87,4.394495964050293
AHCCPJ5DAAMUBK4K4AM56752Q47Q,B07ZG6ZB6K,4.560430526733398
AGR2HGNGBX6TFVFHQFKXRPP4B22Q,B01LKYTQOK,4.462853908538818
AEGY4M2W2G7TDWBR5YPPSLPSKWUA,B0BKR2ZM9X,4.6093316078186035
AEQP2NXBADXJISSIYTTUXUBBKVEA,B0BKZ51ZNF,4.492650032043457
AHPVI3OB4ACS2O5IZHURWVZBW5GA,B0BCK6L7S5,4.3398661613464355
AFOMZPIYSXVAK3NJUCP6O5SXVV6Q,B0BKZ3GCGR,4.5791096687316895
AFIMPB6NJRER6XOJECJLPEVZ376Q,B01DN7OC00,4.528750896453857
AEQKLE6U7TJCGBHR6ZJGSYBK53BA,B09Y5NZ8PN,4.455687046051025
AHQ7UIJUCTKYWL6SHF444WJYBZPA,B07T7ZSJXH,4.459149360656738
AFERHIL333KWT5WU7YKEOPSUPNSQ,B09TSX4LRR,4.385457515716553
AFBVKQ4TBCCIG7N5BOIREJ47BGEA,B0006I935Y,4.4155778884887695
AHMISJPGXHEYASCQVCZF7HRA3HXA,B015HG7HMA,4.4185943603515625
AHVI43NDUURIE32PAEBBA6XGXGOA,B015XDJB9E,4.410426139831543
AFYARBZU7G5SNM376QLB2LAN26EQ,B06X9KG3HW,4.5484771728515625
AF4KMM2FTBZGXA73A2GREYOBPUWA,B012F2891C,4.465325355529785
AHCDQKCODVZFMU37AXNWP4ZO5DWA,B094CH1B9Q,4.420206069946289
AF45I3GRZOWVCAOUZTZP5GWKYACQ,B09BF8XDF4,4.644166469573975
AFVKFJG4GS3B5ZRY5WP4ZD4QRMHQ,B09857JRP2,4.748003005981445
AF3HCCRD73O3FDIBO2MGDFGSP6YQ,B07YK57N2M,4.59603214263916
AFPWFNBSJ2BTR5JFERVM3G36OGYA,B00JXOCJDK,4.429418563842773
AEFE5OPBDT3RILFM3R3IX7XO7HGA,B0C5CTX5LZ,4.378178596496582
AFVMYR2FFXAFJFA6PH4DKH74VWZQ,B00R2IPGAM,4.439743518829346
AFOXIZ6JE4V3UQTNXLLYRQBQP65A,B074G53Q94,4.523745059967041
AF6BJF7NTWXZHYV2R7EE5WN7GGOQ,B09857JRP2,4.746837615966797
AERBQKR3V6LV57PTQVWP23Y6GRQQ,B09T7NX5K7,4.454064846038818
AE66ZE44XDI6BJCJSOSKG6MBWGGQ,B08JMQR2JK,4.469292163848877
AGGNUHX7SHFNTW2BXMX3L6IQMVJA,B01KHP70Q4,4.299699783325195
AFQTVVXBTAVRD62ZRIY4VEKJAXCQ,B08R5GM6YB,4.411034107208252
AGF3S7SP4POWQFRMEHW3EKQLDQEQ,B07RYFLMKR,4.426657676696777
AE3AHNSAV2PKUMPM6VJDZVQBI24A,B07BFZ2KSJ,4.326179027557373
AFJTLZY2NBAFQGLY2WO3EXQ57IMA,B08JMQR2JK,4.47063684463501
AEGMU3LN7XWD4BZBYRUI3H3P2PTA,B07T1NNR9J,4.460893630981445
AHIC5S5WEMJBL4CTQTEQMMPXYHOQ,B00TXC247S,4.464898109436035
AFMLW345SNBGK3JEAORUARDH2XCA,B015XDU5C6,4.421219825744629
AEHEDFYDQJCBL4NAZQNLL77LZKLA,B09PWCF6T9,4.494968414306641
AHNHO36HHQWJMDOE4WCC6MQP6IQQ,B08BN4G8GG,4.446419715881348
AHOAWBCSTIAMPQ5NXRG55NPC53XQ,B09R2XFGH4,4.5574822425842285
AEHZGXSDEAGUASHTS4WCKIZ2RAWQ,B01LEEWO7C,4.384527206420898
AEQZCIHPL376ZN3LRVIK7LKIO6IA,B0BFKQ9QXD,4.463779926300049
AF5C267YUPX3E6BS5SVVTOJ7MZRA,B015TBAAT0,4.527033805847168
AGWJ3WOKO6JPVGAPDSYZJCAOAD2Q,B08DBDD6CM,4.519923686981201
AHOIXO4BNOZJEF34VCBF2623OR7Q,B072HMBSND,4.503451824188232
AFSVCKU6P4HUUJKHLWQC5MSI6NAQ,B0BK9ZT28X,4.607532024383545
AFFQDI5IDC56MNBDE26K4N67JNZQ,B015WYRWYA,4.532615661621094
AGKYAVDS6LE7DD2FVDSRKE56R64Q,B072L1GZS1,4.327776908874512
AGACPCDVQI5PYLAMRF4N42CZ5JYQ,B07DWS1PTN,4.583527088165283
AHRHPM3CBEFVTPT7K3QMG2H5N4GA,B0BKZ6JR1L,4.4645185470581055
AE7XSUWVSIIVOMXCCM5UA33WEGMA,B074QKLW4N,4.473632335662842
AHFFQF7F54OARQ2OOKA3ILYMRK2A,B09KWWS7DH,4.448693752288818
AGSE3WV7SGP44ULL3HPGIDU6BY5Q,B0151KT2B6,4.410793781280518
AHJ5E6U3NZBRT5TDYJIDVAR4WMVQ,B0C1Y5KJPX,4.377505302429199
AG5ZVXXHEXDYUUODSEQC4XXV7DPA,B0872CS1BX,4.54913854598999
AGASE3XTUSEWWXX6RV5KD4NDXFAA,B0002KZH9C,4.543061256408691
AHLFISEX2ZHKDZEVQ6JJUQW2FP6Q,B077GK1J7N,4.563382148742676
AHNIRBHHFJRLSXMGAII6GIZS6KJQ,B0B8LYBTXZ,4.535240173339844
AFPBAKD7M3P6L6C6M6OQZYEAJ5OA,B0072LXG2Y,4.461191654205322
AFUA6OB6SCWBKSYUGQD36JYUG6EA,B081T5GXGT,4.476593494415283
AETTWO5NLVUFBUSLI4ERXLEBEAXQ,B07CQMZVYL,4.444269180297852
AHN4URYKUCQ4N4H6ALR2A3W64GIQ,B08V4NHDD1,4.468653678894043
AG4V5XXWHDNHNDQB7LC53EMMVBBQ,B0C6LGVWBR,4.452596664428711
AHWRM6MTDIISQLIKSQ7WG6JYPXFA,B0BRSK33BC,4.475754261016846
AGNEJAU2YSULDNEJHFJKZ3WLDIQA,B001P33HVK,4.379204750061035
AFSPQJJT2RCSSSO3O4MO4IJPETLA,B0007Y18UA,4.449085235595703
AGFXIC7CBCZ7S6TAQSMYJTX25T7A,B00HU260SW,4.5505242347717285
AHGKRZ7262OXWYK3MW7SRF6II34Q,B00724YJJ0,4.53255558013916
AGA4R2ZGTSIJHDIBLG23AMNKJ73Q,B0BT9R8MMV,4.5324811935424805
AH44K3RPIQMVWG2G4EB5FPVIVUEQ,B08FYHSQTZ,4.458473205566406
AEMOOALRVX5GJZFIDTWBE6LD77CQ,B00DY1F2CS,4.343292713165283
AGBX2M3IT2QUEK7FH7FBJX3IIKUA,B0002H0BZU,4.4382243156433105
AGOVHGOTW22CLVIRUIW4JG6BB66A,B01DBS2U9G,4.459070205688477
AHQ72YFKLA3Z7CUMMDNNVDPLR7WA,B003K16N0C,4.416121006011963
AFH6VTF4HK7G6XEPGKMJS54HS2BA,B00ABMCHOO,4.459466457366943
AHQCDCQ5VFDGM74DM7RQ737GTOYQ,B0B16WH36J,4.624748229980469
AEAO7MGTW5ZXQBBPPW7ZW5JU7OFA,B07DM7T23J,4.429984092712402
AG5QH47JHVYT2XEZI7TPJZIDRCJA,B00IFOTSJW,4.599710941314697
AHMRQ5BGO5EBOFVVGOECBWCNEESQ,B07S9X47LT,4.425488471984863
AG6FYGUMXO4TSTPFWPFTNHJXC7WQ,B0BK2ZTCWF,4.506561756134033
AGBJAE2I4KB4GCVNGK3CVXCPGGYA,B09RTZ26KV,4.51179313659668
AGPU4ANHDRQEW2M6F7AWFLXSXFNA,B08SJY4T7K,4.222465515136719
AFO6QHRGRZDTKQC6SI7V3F23EPYQ,B08R5GM6YB,4.4092326164245605
AEY2D6S47J7ZNE5B5WHDGOMTBDRA,B06XB3FQKB,4.473499298095703
AHNG3NRGEDYO7E44QMYDHMBADPBA,B0B2LSX437,4.405660629272461
AHHHU6X343PMH2VY6SJIWTPSC74Q,B01LYV68RY,4.46497917175293
AHLFNMCO2C6QX2MXA67OMESJWMJA,B00X9OM9AI,4.37408447265625
AEDJWFGRV2TQQ4MBPEW2HWXBIJQQ,B0BT84L827,4.559138298034668
AHOEAFR76BBEHYKBUJOARRUUZXUQ,B0C5D8X3JT,4.446821212768555
AHEMAURZYRCARVTVF6CQYTYE4I4Q,B0BK5CXZBT,4.548257350921631
AFU3UIBFZ27X4ND7JL4WDM4BWWUQ,B0B927ZR1X,4.41605806350708
AEY7XWU3UUYRDIZRWS3BOL5WCXMQ,B01E6T56EA,4.44537878036499
AH7WTH5WIOSENLQKENY7ZFUKFFOA,B06X3R93JH,4.556445121765137
AHAR2WCDFYETREAF7SRKJ6T3RMKA,B01LYM0TU7,4.475133895874023
AGOTIZH7DO5TBSSAKDOMYQKDMDSA,B0BWSLC95X,4.471818923950195
AHT4MIYEH2QRDBU6EZSLLSR6DHGA,B07C91W874,4.323768138885498
AGZ3LEJIBPYXZZQ4PCMSOBFEKBEQ,B00WHLLDWO,4.339042663574219
AHWEFDLYUK65S6GKOH2OB5EZXK2Q,B08F8NV6JP,4.4003987312316895
AGBIJYZ7IEINJTEABKHPXZYE3XCA,B00IYGR316,4.419742584228516
AG7OXBZLYEUB2RGFJE3M4YSODTQA,B01GV1ROPA,4.448949337005615
AGEJBHASBLTFJKEFNWWWQUY4BZBA,B00WJ3HL5I,4.419465065002441
AHJ6CRIQ43EJYLQZ6NA3BH5K76WA,B00L1LL7DQ,4.490438938140869
AFXAOSP6DVC5SKYKKZ7YWCLSZXVA,B001PGXKE6,4.412747383117676
AGY4LSANTCTFGGXVHUO6BBDARX7A,B0BMDF94FH,4.47988748550415
AHQZ2NS5S3ABY7JYVNXD4LCOD5MA,B000VJZOLK,4.355452060699463
AHSIQ6XXQM27XS53U5KJXPJQM7QA,B0713YCK3Y,4.399599075317383
AELR7SP5EGJFQ4CK6PEKBOXY3IXQ,B08R8FSFRB,4.306530952453613
AEZKUSCAQI233DQ5QHO33MLVQWYQ,1423414357,4.383439540863037
AFN6N6Q7OHAEP7FXRONUUN2WFO7A,B0BTC9YJ2W,4.565371513366699
AFMPAORO46YEZSKP237NKNPARFCQ,B07CBT4SYD,4.607276916503906
AHOEAFR76BBEHYKBUJOARRUUZXUQ,B0BSCF2FD7,4.462534427642822
AHQ44RQY4L6L5JFMEP6XZMRC7WXA,B0983RZ6P3,4.479198455810547
AFUDTLQNMIHNKJPLEEGTYG7JU3WQ,B0002F5IJ6,4.432092189788818
AGDUZDJQUH2MA6Q6RBVBVV7FIAIA,B088RC37QK,4.379498481750488
AEMUY3R5V2OTJGLA3HKDDYTHN6QQ,B08Y5QMCYQ,4.428084850311279
AECINQ2KJWDR5GR2JWVIAEPGR2SA,B091MZPYBQ,4.451561450958252
AE5ZMMF66YZVYG2JZLE3UDAGVYTA,B005SUS2YS,4.537135601043701
AGEJWLMA7VCEWQQFI4FOPYIMFW7Q,B0C3LHCRJ6,4.462418556213379
AFXCILHG52QQU6OVFOX6RNAWA4CQ,B01NBT5ZP5,4.455549240112305
AE4X6EDOWQIX7OUSMRWSAHHJ7HAA,B08JMQR2JK,4.467931270599365
AH4AZOJ2PGCRKTDED2SGZXOOKRGQ,B00TV90MT0,4.591582298278809
AGTIWTOM2GUUFVUU3FBFTFZBI6HA,B098LHYD3K,4.411195755004883
AHFZAFS6N6PCSICYG5P3BEEBO57Q,B07QKTLN2Z,4.481289386749268
AGOFGZANYMUDHB2NTVTOW63TG2RA,B09JMYM88H,4.439208507537842
AEQK6QPYSQNUNNZJ76ZMAPCJOHIQ,B08VCYR3T9,4.503432273864746
AF5XVNQXEWRDQHIEK4RIJU5JZGWQ,B0002VSRR0,4.553669452667236
AF6UOGIEDOPIQQVIVG4LISE7QJMQ,B09BFBHQ1T,4.4511919021606445
AG4ZLTRHVAZRU33BPY5Y643IZXPQ,B009IWNWGU,4.580787658691406
AG5EBSOOD75MB3YZVBKH2Q5GDYKQ,B00466HLWO,4.383127689361572
AGXZVBAQ7O5AXLHRTNEZ4RPULYSQ,B07TDNWYSB,4.456455707550049
AGNM5MOSGUVFVLSCZHUDEMSAYIAQ,B01NAZMWZK,4.484374523162842
AH2OBRZXXMVOFKUQQUGXFSGIMYPA,B09G5KLKX2,4.525318622589111
AH7WMY3V55DTEND6PA4TH3BVGGLQ,B06XXND94L,4.532002925872803
AFNY2S3YRSPY6NST2O2SQFMSFRIA,B06XGSXWKH,4.4557719230651855
AEZJ2TGHQC2AYUZFDM4Q6YX4LOHA,B0002CZVU0,4.566642761230469
AEDUKEXOU3LRYCIRYKYBXA72HGBQ,B089QRBZQ8,4.427689075469971
AEYZHA3LZJHOZJPB7AU75VO6DYSA,B01NCBLF4M,4.40428352355957
AENN2BGZN2YQ2OVGQTNXHLQ5W3JA,B00KZQ1VXY,4.47871208190918
AGBXV2ITIUNKFPPCLLWF6YLF57NQ,B07KDWXQ84,4.36946439743042
AHNLGFONIDYSUIPCHGTHAMDIRIYA,B0BHSG5C3G,4.55659818649292
AEBID3HKBMGORBEBUBAZWS2FFQPA,B074T6YNSK,4.43833589553833
AEYTL6EEQHOMLGJM323OWT7BENEA,B015G2AFTW,4.4229912757873535
AHPD47TVAIQ2JBQNAYV7UOONY2VQ,B016B6YFDO,4.366662979125977
AFVSSJ5QSQBZBTAVR5XHF6UQQVBA,B097Q9W8MW,4.390860557556152
AGDLJP5QN4VUKOF7QJOTCCUVUGJA,B019OO4IY6,4.4244303703308105
AEARB6VONAYLG7F3CJU234XIGWWQ,B0C3DPLVHB,4.544371604919434
AGHLAYBLKOMA7JAM2PKTKEQ7EOMQ,B06XG21X1X,4.534224033355713
AFDZ7Q3JWBSK3MEBNMHFMWINWDQA,B0BZQ1KTY1,4.442713737487793
AFFD2UVMFK6ERQ5IEVQTRLTJ5CEQ,B0C3BSXX6N,4.393378734588623
AFZFOI4JUMS5UFMVWPLAVQ3ZM2QQ,B000J5UEGQ,4.339339733123779
AHL4BCH2O33HFN7KSBTIJUHCJYDA,B075VHF7DQ,4.38828182220459
AGVA2XYHJXQQF27PYZPFTMFHH2UQ,B0BZTB9B4X,4.507832050323486
AF4QLGCACAZ67CKQBMSQNC6TIOSA,B0B8M2Q1DS,4.455201148986816
AGFSF44SBWIXPONDUSNCKXDJHYNQ,B09ZTWQPCH,4.3830461502075195
AFPEIQYVFZWLQZZKR3OXZSMGSCTQ,B01LZ7ET20,4.434301853179932
AEY67UM6R2R2XFEAXAXMWTZ4Z5UA,B0919GK359,4.464457988739014
AH7ZHIIHLTW6SQQXSG4EHYYWTAAQ,B0BPLFP5P6,4.342279434204102
AGETR4QIMGHVFE3QCL3USO2DRGIA,B09M7F7LFB,4.5597028732299805
AEAQIMWMCUGLGDAM3BRQ5LCN3CEQ,B00J989VV8,4.530492305755615
AECRC2FDBKONKCHSH7GPRZ4M2CVQ,B0041T53JY,4.520335674285889
AH6QSJEXBISHMQ3M3THWZAKMB72A,B018FCZKR2,4.503708839416504
AG2PW23TNWB4BYACHY7DDDTHCDYQ,B09G5KLKX2,4.533322811126709
AFGATCB23OJ4PTUAPGTIT2YZIELQ,B07YMGPV7P,4.579007148742676
AFZJTKAUHOMRSPYPQD5IHUVDML4Q,B09LJ2796G,4.470539093017578
AGFLLRNTYZI2ZIBXZFWZKDHOJ6PQ,B00HK1MLKY,4.438133239746094
AGJDAPR767ZLTFPQ2EH7SKIWCVBQ,B0BLJVX35M,4.5381903648376465
AGY4LSANTCTFGGXVHUO6BBDARX7A,B00LMC2PNA,4.476409435272217
AH5D3TL2SIYIOBOHO6PK6HKB7IYA,B08R5GM6YB,4.410590648651123
AFCCD5FKMJUMFTWE3OYSV5TZEGEA,B07BSHS3BX,4.403297424316406
AFHIAAZ52G52AQAAJYBA72ZM67GQ,B09WHG3TX4,4.391132354736328
AFROGD4V43PJTAAXM7VM65I7MSNQ,B07S19XSPV,4.489663600921631
AGUQK3H25TSBTIMF3Q7DS7GPIJ6Q,B0BMT74KX1,4.543216228485107
AFB6ZBPMGBPQ4P6AUSRS5A5DNHHQ,B0B8Z76J32,4.545097351074219
AGR4KDJHASNF7ZOGNENQLAIKNYIQ,B095ZXXS1R,4.412348747253418
AEOFOAZVKGLSKNYRWXNP6JJXAE3Q,B00SX2L4RA,4.438628196716309
AFK3FEP4IDCJVYD5P3FISE4SIM2Q,B07CQPBPHH,4.4343953132629395
AEXY6JTA6SOJZ5JDOXCHV76CDJ5Q,B01AZ0WPPC,4.457060813903809
AES6T2HMZFWRQW5ECR6H5PWLZUWQ,B0B8FSCM9L,4.4529643058776855
AEM2SIMFDE3SQ4HS5QZROFANOY5Q,B09SHNT5B1,4.471128463745117
AEFS3IWS4TSNEFFNYGAMVG2ZHIRA,B00LIW7N9U,4.537553787231445
AEJ4F44RE3N236XNJBRKBGPPZSNQ,B0B8LYBTXZ,4.529294013977051
AGXYBAI6TANWRZ2Z3K2AJ6REMICQ,B08NW2SYPZ,4.422317981719971
AEIDDQKJTJKBLHHGL2PLHQJ3MBFA,B0BJ8WDC13,4.531615257263184
AENQIPCGFGPVCMZYAJK7LIBIZNQQ,B00378GEAM,4.3532257080078125
AFHPCOEDC6RQVI7BKSRAWEBXLCDA,B00UTD0YG8,4.485922813415527
AFIZEMKLVYIDJJ5IJMBUU2VAVK6Q,B075R9BMF5,4.347380638122559
AHAMEWQLPTRHWH3L4Y3YQZCZXWVQ,B0BRSK33BC,4.482410430908203
AFTLHK6QS7EJ25AWSCYSJB6G6KBA,B07C3TXJM6,4.449028968811035
AG23AW56WZ7KPYYAS4A3YUDTYWCQ,B004THB99Q,4.419480800628662
AF7UCCPZPJPW76PNE2ICQPJUQEYQ,B002LJPL5W,4.4529876708984375
AEIBJXOMYHYM2GHFZWFVH4OYSVWQ,B00BQ6KSN6,4.451218605041504
AGGESXOSTBKQQ2MZKYON3UGB4Y4Q,B088RC37QK,4.410650253295898
AGVMESCB42ALLXMQ2ZBMZKK4FCOQ,B07JCW1KGG,4.527547359466553
AG6YXEPL6ENWE4CTSAOR3HHPX6BQ,B0BPLFP5P6,4.337299823760986
AHL2XDBDBBVA2Z5LJO5HEJJ2KSKA,B0002GH8X4,4.451581954956055
AHAJHM77GJYG3R2V5324MAJAEYCQ,B004THB824,4.392242908477783
AGODW5MVZYO2NQ62TGD5JX2WPPUQ,B01EGPJ67C,4.365878582000732
AGNJ65DORLK5QTA3DVYWNSSUQ4XA,B092LF6RLS,4.4950385093688965
AHVMIRIICYQJG2Q5VPS2IODOYWSA,B0C3LJ8962,4.529502868652344
AEHPI7DGK45GM4JO4PP25BE3RZJQ,B01BU6B4Q6,4.407097816467285
AHNF7ALJJC6AR2JJKRZKJ4ATQZUA,B000P5OULA,4.447812080383301
AERIMUQMCVUEN3D5WMGN7JER747A,B07CZ8QC27,4.436717510223389
AFCW3I4HL6FLOYFDC4PVL6AE4VLQ,B09BF8XDF4,4.641162395477295
AHA3ADHFLHTQLYAI5JUGNL2LZENA,B00AV557UC,4.4169697761535645
AHWRNYOWY4IRKGIMFKZGO55XSKQQ,B07VSYFG26,4.384116172790527
AEJ3ZHB5WCOY7JEAKTNKGHL6KYVA,B000V1K7FG,4.306930065155029
AEIRBLA7WN4R3DFFWOUBDY6UYWEA,B003WZS2KU,4.468442916870117
AEXDLP2NUCSK7Y2O46Z4VIN2A65Q,B09857JRP2,4.745524883270264
AEP5MYJIGIGVOGCZ57SRBD27MIGA,B098QGM3JR,4.436893463134766
AGZXN4EM6PCRLAKT4VKOVT2CWJAA,B0064RTS0G,4.516963005065918
AHMQPD2G6YNBES42KF42BUNLXJKQ,B07N5J3GTB,4.3935770988464355
AF3QYX47IGHZOZBFMSVMG4KQUDWQ,B0BK6T14KN,4.50410795211792
AF2RJAKC5JG7U5MUR67ALQ55GUTQ,B00RVE9X06,4.5328474044799805
AFQMFCPCNAIEFZ6XYAOKNT5GNBTQ,B074JF4CMN,4.5425825119018555
AFHER2NWLJQHNQ4BRB4NZAG46VCQ,B0BL2ZJ4B8,4.535489082336426
AEFWUZWVPTT6LVIPHMGXH3MJRYCA,B0179A4ILK,4.410926342010498
AEXAF72EML4UPYS4KTSBUDKBMTBA,B0BHSG5C3G,4.555942535400391
AGULNOJI6U4V4FUK2EYV6CJ3H2EQ,B0BSB9249S,4.535444736480713
AHP4SAPZJLPTWUNDEFRAW4B7QFDA,B08R5GM6YB,4.382957458496094
AG6SNOJ6RE3EYKRZ3TUMF5SGSKLA,B071V3MY58,4.439976692199707
AHZXMBKQJTVG2J7P7EB5WCYTOLDQ,B008TNAHXA,4.437355041503906
AFKA5LZ7M4GJMI5TG7F7NPAUGZYQ,B0BX8J1P8C,4.430610656738281
AESVETCZKXFJI5FQG7KUJQP5EHBA,B0822X83YJ,4.445905685424805
AEAE5ZVBWJCRQICGZHSE6QT3UCIQ,B074K1N1NB,4.427839279174805
AHDL4IHGUSE36PHTIS7YUMQM6EBQ,B0C67HCGBR,4.713123321533203
AG3HAPNQSMKOI362OW3D6I5XBUVA,B0B8NXV975,4.5679168701171875
AHCLJLP7CSBBARBY5X77TUVRV3MA,B0002D03ZC,4.490377426147461
AFHIS4F6WUTSE2ECHM6MCDWRZB5Q,B00145EVJ6,4.480467319488525
AH2UN5Q4S5IPLNIUYX7BVJOXQG2A,B0BBNCY2VC,4.514286518096924
AFGBQJ4TCIXR7YL7DNUKAQ2RRK4Q,B0BXT6TM6N,4.566943645477295
AHEDAKOGZVW6FL6WOPJRYZTPSRLQ,B08BN8S4NM,4.431361198425293
AE7T6GD5KZP5TM2GFOZ2GAYBLK7A,B0B8M5FJ9W,4.490893840789795
AG6B35K3D2EOJQZC3E3ZLCRG5HTQ,B09857JRP2,4.750523567199707
AGC5BK42YHPDHB5BNMKTMADPBURA,B07CXK6MDQ,4.466780185699463
AGWRNWBMWLPNUYBD3GGO5LV4V2KQ,B00IPHSRN2,4.591843605041504
AGDF4EFI3JK6VZMPSZ5XILKZN24Q,B079TLFL33,4.523357391357422
AHZT6MVWNF4GG6FISMZMORKZKK4A,B08GGYMGY3,4.402408599853516
AH2A3MAH6GIWUIZJEOFXW2HBDURQ,B07D8WXDTC,4.45606803894043
AHDJSYNKXNWW2MQQPABYYMH7RTRQ,B0BPLFP5P6,4.367293357849121
AGCZN4DI7XPQZZGXKCHF3AQ7ZWEA,B00T275IR2,4.4916534423828125
AEPBPML6HZCNA2CN5QARQJCIIHSA,B0BKZ1S7G8,4.387475490570068
AEXQ274ZUBUV3L33AKGLYEVVXUAQ,B00NPAMDQ6,4.539867401123047
AFT3YREYEF7HVUAP2SMI55RZDCJA,B07FZ5XBCJ,4.361495494842529
AGMOQRGZCULKJQE5GROUVEVGPEYQ,B01AH3RSAO,4.450217247009277
AEYKUQGCDH5A22ULXMYPWRQ5GAWA,B09857JRP2,4.749899864196777
AEIFVI6AID42FB33YBVLA63CJT2Q,B00WJ3HL5I,4.4231767654418945
AHRTPQHFKDUQEAN36WDEY4BPTBAQ,B0B4STBJZW,4.408685207366943
AGWD6ZH66GXJDVRNQEGY77HOYEJQ,B08F9K24WG,4.420063495635986
AHKJHMFU4DUVYZDOPUA6VEKKM5QA,B08XYTW5S2,4.394509792327881
AFQYQWAIBLVTKHALRHNI7MVSBHOA,B087B6MMYR,4.414975166320801
AG4FC7EWZL5AU5M667BERCSVNHKQ,B07685T8FT,4.526152610778809
AFO6EBINMPEYJ4RFIZFB2UHUP2PA,B00615M2CC,4.448877811431885
AFMK4SIFYYQISG2YVU2U2FOCQIVA,B0B8Z6192W,4.559385299682617
AG5ZDKP2LXSP4RG3P4UJKAEPFKWA,B00IFOTSJW,4.581472873687744
AGK2NQ6CYM2O4ACVI6GOXCGAI35Q,B09R6W3B2Y,4.4964447021484375
AHK2GPONUS4HZYDUVTK3AWLZZ5QQ,B0BZTB9B4X,4.519556522369385
AHBIFGZDADPTOK7CCTSWXQYVY7IA,B0987C2TBZ,4.535192489624023
AFGDTX6XTSPB3GYWZNA3UHXRISIA,B07NKRZ1KQ,4.61751651763916
AFOBBYP2YQDB66SOFEFONDKZUOSQ,B0BT8FDL8B,4.497386932373047
AEM5IKW5US4UFYTUGVJNYC3LD4WQ,B09M7CK2WK,4.560924053192139
AG7F7UFF5VDMEK72PAB7NRISLVZQ,B08R5GM6YB,4.408751487731934
AFPK6ZJ5T6IV5LGXOSF7BNR3MCFA,B000ZU4GTQ,4.437287330627441
AFGQH4JD5QBDF27M4MG6OJ7IXWBQ,B0B8M5FJ9W,4.52440881729126
AG6Q4C5BBGFEHIKKPWGACT4ALGAQ,B0B47KFZCG,4.439661979675293
AFC2DAKRFMKGNS5XXFUKY5P7TZCQ,B00WJ3HL5I,4.426558017730713
AHPWEIREBCNF6KADWSLLJFOTIY5Q,B082WVV4SF,4.534712791442871
AFOAW4ZUVJN3JNZEY5WXMZJWIFIA,B00O4GF3L2,4.401051998138428
AHUTI635VGXW43UNQRALJR6PURWQ,B08JMQR2JK,4.4696760177612305
AFAADQEJDYJ2D6P5UY73XTRZICUA,B073W2Y8NJ,4.4730544090271
AHFFQF7F54OARQ2OOKA3ILYMRK2A,B00P0HHNJO,4.444709300994873
AFYU7L6PPUGCEG4QKNLBLABGJSTA,B06XDDXZQ8,4.402503967285156
AGPPGPYSRZIR32TZC3PWWHHK5BRQ,B09MMT45P1,4.287883758544922
AGBN34VVOPNSM4ZVUQWDVGJYA2AA,B07L6RCDP7,4.511744022369385
AGYHHLZIQQM7KVVBS7R6U7JKMUIQ,B00JER27MO,4.388422012329102
AHAR2WCDFYETREAF7SRKJ6T3RMKA,B07DL1L3M7,4.437246799468994
AH5HBA76JNM2MTAU7IJGFXEQEQAQ,B0951C4RGR,4.4795050621032715
AHWSPVFV7CNKCRH4PKUILHJSS3AA,B0BPJ4Q6FJ,4.612803936004639
AEHIRJJMIKUH3JVDTUPRY4L2GFDQ,B01C5TBX68,4.5265703201293945
AHGIBSFUX75SKXE57B3GHITHYR5Q,B078WLKYZZ,4.4855427742004395
AFISKED3TW44RJXZH4FB7A3WWCKA,B000Q847M8,4.436849117279053
AHPLBHLPKEWMHIYGC24RK7BVWNLA,B003LPTAYI,4.4453864097595215
AGA3UZAMOM33JZ5QFAPVV5QW42UA,B009AQZM30,4.308492183685303
AEST4VTEXAUUNNH3IJVJORDVZBNA,B08PBNXZYP,4.4870100021362305
AEKHURS6TJTJMT7HBTG6TOTDJPKQ,B0BCK6L7S5,4.333316802978516
AF2ISMZOUHTYR6KLLBUL2VED3DUQ,B07CQ19T1J,4.480343341827393
AGASE3XTUSEWWXX6RV5KD4NDXFAA,B0C1S8XK38,4.422309875488281
AE677ZVP4VXXSIBJF4HLMB4WB2PQ,B0BR2WB9JY,4.5289692878723145
AHOSMYGEURJT3QUKNKSVWHXBWZWQ,B0928HW2P4,4.653609275817871
AGOQL2C3KGTUCQCYUPNNCWEMPMYQ,B0BKZ5F8BS,4.553488254547119
AHH2KJPYNZUMU5FNTIM5J45DBR6A,B00S0E7268,4.413262367248535
AEQ5XB6DPQ5BJ5D6R2JCPHYBWGHQ,B0006GSEME,4.462057590484619
AGKH3QAKXJMSDEE2C6JZULGKESYA,B003BGXW50,4.461089611053467
AGUG5C2WFEGSACVXYG6AU556RERQ,B09KWWS7DH,4.446878433227539
AFL567XYUWWT4WOL4FEIADS6NZIQ,B0BSGM6CQ9,4.551549434661865
AHCOL6TTS5TK7LG7T2LYVIMHJSEQ,B07CC51PMN,4.5230536460876465
AE4C22KHQVAJGNPGQWCMVW3Y5ADA,B0C4VSM51M,4.50829553604126
AFEO7UYE735OCSN7TC2WBQWERQAQ,B09PBL98Q4,4.3951849937438965
AHYJCQYCHHT5FH6RGLT4PWUR6PZA,B07TV7J574,4.4374189376831055
AEOPWU2ZHY73ZI26E4E2LVOCIN3A,B0BK9YKQFR,4.247504711151123
AGLE47TRG6WQ4SOAWUTKYVZYU3VA,B0718SMQXN,4.459010124206543
AGZ6OOWN2V53LYU73RT7ZDQCQV6Q,B005OZE9SA,4.411291599273682
AFOGOIQFHOLRR4I3NCUB33WFHDBA,B00JL5I8H2,4.5589752197265625
AF2NRER4ZB2JIIMAA5ORIB5RGOCA,B09857JRP2,4.7527899742126465
AEB3T7FT5VNOG2L4KJPRMIOLF3SA,B08XYTW5S2,4.393560886383057
AHHP427ENW2EDKHO2BJZDVKTIQNA,B09VVS2RYK,4.4108099937438965
AFRQZ4GJKCECPIFZS7XIEHYLEWDA,B00UZ7JADG,4.556275367736816
AGOWSJ4ZAWXI37BO7ZQ4ACUFXWEA,B00IPGY11K,4.5652008056640625
AFO5DUSEVD3OREGSEEPFDKVYV2AQ,B0007Y8GSM,4.475755214691162
AHD74WLDYHD2UVZ5NIYTLY3HRHGQ,B0925F8LPD,4.457493305206299
AFLAP3F65TW7PVSU6ASIF4F5QXTQ,B07FMRQVPN,4.435206413269043
AGHIR4KWLXYVMFC55FQAEW5PM5GA,B09JFZ3CKY,4.414194107055664
AEW23TPKWNRCLGGPK6P6MS3PLHFQ,B000K67VRO,4.457928657531738
AHPWEIREBCNF6KADWSLLJFOTIY5Q,B00UTELPGK,4.467759609222412
AFXLVYW7RDMXH2Z3I3Y4BY2634MA,B07NPR1S6T,4.452676773071289
AELTKUOPJKGE77UV2WFRTRSNZ62A,B0C67HCGBR,4.72662353515625
AEAJ5WLUZIZRMSRTJ4NZUKYTXCHQ,B00N19LGZ0,4.422248363494873
AF6EJ2XGS7POVJ6OHJUXOVWJN75A,B015HG7HMA,4.41906213760376
AECIT3NMW6RKABFS6YOCYX4YUYOQ,B07DLBZWXS,4.398065090179443
AHRSFWM7HT2Z3HIWSAOQ3XPRUO2Q,B00BQYODWK,4.46691370010376
AE3YNEQPU3BX7JSGG72XU5V2GZTA,B08T6X2974,4.446043491363525
AF6PIY6PZCGBM6HFZB6D7OWORVHA,B091MZPYBQ,4.453331470489502
AH55BBF7YI26IG2SQ4UVOC6UJZUA,B077PSQQVH,4.412158489227295
AHTTV4K2AG3ULVGME2UD6R2UFE2A,B003XKFHFM,4.490501403808594
AGRXVSLZ5ADADS2MPR55BHXGV36Q,B09PWCF6T9,4.483888149261475
AGWNI2VJFJGRZZEQFUEEAMJOZI3Q,B01F4QCP84,4.3194661140441895
AFT5P5TGXEBFHQDQPSU7COEQGTPQ,B002CMLPYE,4.420622825622559
AEHWRW3PWRFQOIXVKEPJCY33O7BQ,B0BT84L827,4.548268795013428
AFSRUMHD6AOGSR5LMOG7AQJMTMGA,B000AAGM0M,4.400116920471191
AFAUI5YDY5SFUUER3ICUDP7DNABA,B0027V760M,4.218544006347656
AFCYUWDZ2F3DZB3S6FURGYD2VADA,B01F6WIX5K,4.4162445068359375
AFYWORNWI66UAEXO5TTXFAP3HKEQ,B01AAX6KGY,4.384016036987305
AHITTEAFYKSFWHQDK6LQ3K7RBM6A,B01LF4C2QY,4.457499980926514
AFHDWGZWTHJNQIRYSW23WQM4Z2TQ,B016C4ZG74,4.429078102111816
AHPWWZH7QS2FIHAHNQJNRVOPVZEQ,B00G33N1F4,4.527166366577148
AGJGLCZKE5735HGK27G2B7QZB5UA,B004DE1K5S,4.383523464202881
AGPE234Z5X3X73B4DSG2DE3ZTG3A,B01EHJL652,4.486351490020752
AH6XAWAUUU7SDPRRVV3FALQE7WMA,B0BKQ3DPPL,4.409593105316162
AECEM4ZNK43ZUOJ7UO7FNOYIBG5A,B081P1SQGG,4.517953872680664
AE34NU2IK7BLZXXQ43STKR5W5JOQ,B0BSGM6CQ9,4.5549092292785645
AGRM3B2N2NGKGNJMLYVGH6STQA4Q,B01H7B1JD6,4.4495415687561035
AGN6JJ6HBB54CDDMDTPQF2BHYYHQ,B07DWLYGKH,4.598609924316406
AECDFP3R73WCEN6RFLPGUSU3DNMQ,B07G98F55T,4.479865550994873
AHI7BFFVBFZAQMUTWX7XVRX5AFUQ,B0BBRMGRTS,4.429816722869873
AF2O4GMP7Z6ZV7WZGJM5MGT27GAA,B07R3S93K8,4.415596008300781
AG5ZVXXHEXDYUUODSEQC4XXV7DPA,B0C4SQBLC4,4.525688171386719
AHRPB4XLKDWSAYBFEQF3M5YPGWUA,B079T9KWGQ,4.527154445648193
AETMPCLTYYDZPKDQOMHFVN2CFM7Q,B009YRL4OG,4.550407886505127
AHSAI3EDUQ7HRB2W2SOWGEXQF2JQ,B0037JT95I,4.414161205291748
AF5VDKIJH5MWPGQWBNEAOXEJQ5JQ,B00HK1LQ28,4.373103141784668
AHNP4UU7OJ6JDANT5Y67QGMCIABQ,B076ZNHZ59,4.61114501953125
AFANAS6ZJNZQ4H7OFWZF7LTQNIHQ,B09S2VB3KW,4.573217868804932
AGBBU5ZI6SNTPSVKYHUVUAPRXEHQ,B0B2C6TK2Z,4.551275253295898
AFVZZZQPULQQHTFSOK2MF5QYGZTA,B094NDQRJQ,4.337602615356445
AFGGL36KJJXEQTMHPERGAJ3ETG7A,B0C1Y5KJPX,4.382725238800049
AFGC3CVTWDXINUBXXD2YPCD5RHCA,B01K1EJQ9U,4.563190460205078
AHKNJUO7L4KX66JTJFCL7TDYPWTQ,B0864N9HRK,4.49757194519043
AGXCV25HDW4JXI5QQSJTIZUHPRHQ,B01CQQMLKC,4.514889240264893
AGUS46T3NLZERFSFY6634ON4HETQ,B06Y2W66F5,4.441582202911377
AEFCFMUN235NIXAZX6FDFT2JUEQQ,B001C9R5P6,4.4175190925598145
AF7YHF2VCYZJP3ARK6J5GXZ7HZEA,B0928HW2P4,4.659818649291992
AHLKEQRAWNFROS6AKMQK7WACLJZQ,B07YJZGP5X,4.485933780670166
AGVKIQJCRMTLZWG2V6FTD3E4ZZDA,B08SJY4T7K,4.227650165557861
AF7E6RHOZNHXMOTVQVTGVYETOQMQ,B07DVX841V,4.283275604248047
AGVM3U55VHWHEJXRQ4IKLK7NCAAQ,B01BLE4SU6,4.366539478302002
AFJN3DGVOEXNJO4IZLXQBQXMYNNQ,B01CS87RGQ,4.428866386413574
AHNUN6MBXIGLPXDFX57V56LB3D6Q,B08B3L6MGL,4.410244941711426
AFAFGXMIMBAKH4MT77XPTTHE5VUA,B09NXQ86L1,4.44581413269043
AEAERSACQKLS4M54KOWSSPJVWHLQ,B07BVDGFSR,4.440104961395264
AFDSVXNRE2LCL6KR76GDPSVAUEXQ,B0B58HH8XN,4.483402252197266
AH7GTGJLT4EWVEX2R6FFKULCNDQQ,B00CPLODUU,4.510820388793945
AEGAK36V5XS6MLBKBB5HGZPXSZXQ,B07B9W2XFS,4.5147552490234375
AHBGT6Y2NTDTMPCV4OGK4BJM7EYQ,B0B92LPGD2,4.5127854347229
AH4EBXBCNHNVQ5MKFUO62MZEVPKA,B0BFKKVQZT,4.503358840942383
AEPI32BVUBYNYBHBEY3IFIQF4CEQ,B075FSQFPY,4.467312812805176
AEAO7MGTW5ZXQBBPPW7ZW5JU7OFA,B08BJ37FNS,4.447932243347168
AFSMS4HPP75DQULTPV4E6CLL454Q,B0928JXFNF,4.416947364807129
AF56NQKSEMS5Z5BSWD6YFOBFJP3A,B00JL5I61A,4.569941997528076
AHMUFF5EOXLXLQW54WQMGDGWVDSQ,B0C6HZHZG9,4.542953968048096
AE5GKEAWEDM6RG75MEOIXB5QPZTA,B0BLLKKFR8,4.483044624328613
AFAJZUT63QMOLXZ657YAISCLHBYA,B0BCK6L7S5,4.3344855308532715
AHQEBEMXOE2LUB3GSASWX7MENGIA,B0C3Q29DML,4.586965560913086
AGYVINGW4VBWAX5UHWUCW6AEJSWQ,B0C53Z9TDF,4.479733467102051
AFIMFNL4UWGNY3H2YOIA57JYINYQ,B004B470XG,4.478506088256836
AFWRDEJJALWBO6KHOOBCBY6DAXHQ,B0BHG58G2F,4.538515090942383
AH2H6UZNEA477XOPRQ3T37WXMBLA,B07KDWXQ84,4.377836227416992
AHEDCHTTKJDLZZ6Z3FTYKSIWAJMQ,B0BCL4K9GF,4.417246341705322
AGKANGAWO52ADFIGSOFLLBIV6TCA,B0C5PRQ9K6,4.7300262451171875
AGMNAMH77QXBOAWQRR62V3NMOZ5Q,B08GPH33QR,4.458424091339111
AE5IB4R6UZSREN4KRIGC743OIZSA,B00BKXN9LS,4.417276382446289
AGIA3ZNA7OJDRHNPWVATX5FDCEHQ,B0B2YZYGMQ,4.483620643615723
AE45WDXXXZ4KORRG4QC26I6TNVSA,B0C62DP9WQ,4.2917890548706055
AED4QAIZU74PMJLMYBF3SY55EC4A,B0B58JSMB7,4.443767547607422
AGRPTP4PEIYDDNEBAQU4FEY6KTNQ,B00WJ3HL5I,4.4258832931518555
AHF7Z76TLU5TWM3UTOYQMQGFLFYA,B002H3EZMC,4.513530254364014
AF6B2MHYX44NXIJKLOQHXTUE54EA,B078GNPZ6X,4.5767645835876465
AHVJ7UVESCIEXJDPRIYMIIBQEM6A,B007X60AZ4,4.6814656257629395
AFGDL7A3J5VVF6VYJRHRJ7UKTSGA,B002LJPL5W,4.459127902984619
AHLM7WOXORQPFRE64ZHN2IV52REA,B0BT84L827,4.560122966766357
AFWFHC6WQSA7LQZVY4QKFX62EHOQ,B07B4ZZVDV,4.534422397613525
AHPCRMQVQYOVIYGCFBURHPSW4LPQ,B07SG2SGZ5,4.42720890045166
AEYN2ATYIHPXKL3JEC6FLXK73JAA,B0BCHG293C,4.530008792877197
AFBXPXZXOBJZI7N33THA2W5JGJEA,B0064RTS0G,4.459005832672119
AFC7CN3GHCUXCUS6EXYASLDZYS2Q,B01EB5SYDY,4.55948543548584
AHRPOGWS4FDBIU6LHAYGE3FOMEVQ,B0BKZ3GCGR,4.563201427459717
AHSRMNZAUSJKKHQM2Y5SFLXPXYEQ,B0C5CTX5LZ,4.3639817237854
AFX66HHUFOEYU34TWTIJ5G6UMUBQ,B08R5GM6YB,4.412051200866699
AHXN24SQSFO4TJAXQSERXXGLO5FA,B0B8Z6HSK5,4.535254001617432
AGK6REQW2NDSSDVNRVXXCNEQZMEA,B0BPJ4Q6FJ,4.621393203735352
AHMY4433RXWWWIPLL52FFK3KA2BA,B0872CS1BX,4.503144264221191
AHT6CZ4BD5P4I5VNBHCIT4Q2XIOQ,B09BF8XDF4,4.638901233673096
AG5FEKWGQDLOPZPCCVTDEL5TWMLQ,B0BPKH4HB2,4.54506778717041
AG5NEBS3VFNQPNWGGXYQNRNAHQTA,B0BCW884JL,4.467927932739258
AE4X6EDOWQIX7OUSMRWSAHHJ7HAA,B000J4I9VO,4.397620677947998
AGHARSG3LRWDNOAM3HVDWKJJMS3Q,B0B16WH36J,4.64715051651001
AGIORBOULYLRAG7GKTJGV5YEEMZQ,B087PKH93S,4.4154839515686035
AGFSPZ7XOYCABXF6VYXQVWQRMO4A,B00117TFL6,4.331277370452881
AGLKS7VMMPLSNP2NANAUOBZBHGJQ,B01ANNNKMI,4.272603511810303
AGCC2TT463H4XT4GVMOXI2DPP7AA,B0C9NGP88D,4.5429487228393555
AGNDNH6DN46HBFSB5IAFHIOO7DKA,B0095D5BF2,4.4102630615234375
AHPWO7MKOQMC5DMP44MVALDZKWUA,B082WVKSNG,4.527740955352783
AGVH6XX42P6SIONXKWBKGJODPMTA,B01K9AMG8E,4.381253719329834
AFVYTABRIESKZ2WUA6XLENKB5QCA,B0C6K471PB,4.551608085632324
AF6MPNSZKXAGY24F7BGTGH2LZI4Q,B08XMGNB3W,4.384519100189209
AGARMVTKQUMBK2XJH2OSGVOBCCCQ,B01HCGWS2W,4.550443649291992
AGMDMA6XA22SNTEHKWHFQ2D2YN6A,B07MZYNZ1C,4.519985198974609
AGC5BK42YHPDHB5BNMKTMADPBURA,B01HUCYOXE,4.485341548919678
AHZAWZBAEVLGKNBGGTZII3JNHRGQ,B01DE4DPSC,4.543900489807129
AG2CPGYQOVZMGVEZ7QPN5NXB5ACA,B09397FWYW,4.465169906616211
AHSRMNZAUSJKKHQM2Y5SFLXPXYEQ,B00GESEQ4S,4.291511535644531
AED7CZI2A4UFHHKBLM2T55BK7W7Q,B0BT9R8MMV,4.527700424194336
AGZXSMUGUCUPIHVCQ6DFP52BVPQQ,B07NXZCM9S,4.420231342315674
AH5MY3FGKF67EXOLB7S2NXQBBIMA,B088P5X4RQ,4.489432334899902
AEI4IG2E3DB6EG77RG7QTQWIO7PA,B0BKZ1G3P3,4.5590739250183105
AGZMJNIBVOGUJC5VGQ3EXLRUINSQ,B01HFRDEI0,4.4399614334106445
AECLUCEGCHCODEK2QSY2UZFESGJQ,B0799734T4,4.467955589294434
AEVSTHVHASQP4BSETOKS5L42ZU3A,B0002H0LDW,4.5243940353393555
AGP2BAEBBIE6P7XZAOAIUFYCEHNA,B00PZGTVAE,4.4730329513549805
AFHLVH6VXUGE7VFXVZHQ5JEQWOCA,B07Y6TSTS2,4.529502868652344
AESDNHQRRZEWTZF7A7TFFFTSNY5Q,B00HZH4D04,4.477443218231201
AEMAZ536TDHVN3TB7NI6AWRO2RFQ,B08R5M2FGY,4.470801830291748
AHLVMWREGLYAOXZW3YPMPGU555ZQ,B0099DNZMY,4.408955097198486
AG676CNM5GFRUZQUFQCIWAWHKZLQ,B0012BPMHW,4.503643989562988
AFKXLVV6Y223XWWFAGFRH7ZG5AVA,B007BR5PWI,4.459288120269775
AECK5JRGPRBVXS5BV36PBXG4UVWA,B0B63DPVDK,4.430756568908691
AGDR5UXGHUY2HYK276OUE7J4T73Q,B008YGONR8,4.467607021331787
AFKEYQICSZOJF2UUKZK6QW2P3C3Q,B07QQLLXBG,4.314347743988037
AHCIO4Y7MASS5GHGAZNOPPTXFTVA,B0BKZ3GCGR,4.562331676483154
AG52A6Q7CTQXG244EUIS7KWFVOGA,B0B8NXV975,4.571397304534912
AEJ354XETZRIGFKZSCQ77RWYN2ZQ,B00WE6INNY,4.450262069702148
AEOAVQQMRY652RTKHFB3L6Y5TYIQ,B07DLBJKMR,4.586294174194336
AHDPEFTXF4GWDD57WJRM5SVE5MDA,B0B9LKKBHK,4.419600009918213
AHUWTBLGZWOIE4OYFO56IOXKJMOQ,B0BSCF2FD7,4.473641872406006
AFA465EKUHASW6EOIJZERMAKI66A,B01HRLREKI,4.462435722351074
AHIHHALU5BBSJTZDS2KKQJNYJGMQ,B07N1RPV4J,4.5033674240112305
AEOF2U5P3PEPOLGFUQBHOA64YJYA,B0C3Q29DML,4.57169771194458
AEI3JK3NJTVVB6RQVVJXFYWBNEYQ,B08MTVC27F,4.441620349884033
AG6MB6ECQOKI5LMTUXYE7NCQYQQA,B08881TP55,4.399786472320557
AGCPKJ6ERXDP7M3AI45P3WMW7KAQ,B00IFOTSJW,4.603273868560791
AH7UMWKEKWHRAACBVZQVJGOP2DCA,B0BPLFP5P6,4.35036039352417
AFFPCRIHLQNCUF3UHZKFIO7TWK2A,B07D4QCBX4,4.534917831420898
AH2L4HXWXSECI3SMTHE6YB3T56KQ,B00E3X5USC,4.44142484664917
AF7IKYKBWRTMMRKSY6EX6XUVROSQ,B09V91H5XM,4.506463527679443
AHWRZNV5QVHOIMWAVYREEKJLKSHA,B002Q0WU3W,4.440665245056152
AGGU6YCHY6BLNPTJ2YAU4Y5IKJJQ,B008FDSWJ0,4.561696529388428
AFBIB5XMB27ZIUM3YDTESOKSLLQA,B093YKLWVN,4.58233118057251
AFVRNSWCGZBFH6ZSULIFIHW55DGA,B07KDWXQ84,4.36305046081543
AGPOYZY5YU4FD5PJPXT3UFCRBK7Q,B0C3BSXX6N,4.402125835418701
AGRYDY7V7RLYLKDBPMIOCLIZB35Q,B076H8SGMB,4.548051357269287
AFWI2VMSLJZKN7ECI2GDNC3CX6DQ,B07B4XLP57,4.536870002746582
AEQFIGS5UJKWTXXLHOE4KJ32RYIA,B005SUY9H2,4.556014537811279
AGEIH53JJO4GZZVOM3UQVWVXJAIA,B00JER27MO,4.380460739135742
AGG3TGNIO4ULCWBMCUW4NHZZ4BGA,B001BYLWD8,4.4483842849731445
AHE7II3TJOEA3VFD4GBUOSJCIGCA,B0BCXKYXVN,4.515164852142334
AF53AY2WWHOPWSOXUIEV6NFQLMUQ,B000G3MV1W,4.436124801635742
AGLTZKRU7DBJUW2ETIYDCZTX35PQ,B00YJ5C46K,4.484044551849365
AHRQYYKEOUWW5HJU3RNRCXTXKAMA,B01M7TE7LX,4.291885852813721
AF72QOH3CCCECJGIBMH3ZZQZ3M2Q,B0BRZ92P9Q,4.337489604949951
AHTCJK6Q37Q2W33CSKNPKZGTII3Q,B002Q0WU3W,4.444396495819092
AEE6H6VC6RTWJS2RMXUJCDPOY6NQ,B06Y275GHN,4.51643180847168
AEZIWY5MGFWEIWELVGYQBFWPK4IA,B0BHSG5C3G,4.560152530670166
AEB6NY4IDOJQTFCHNUGKOKLXCZJQ,B08R5GM6YB,4.3789167404174805
AHJYXFSJIGSKWCQ6IIB2GW5SN7WQ,B073RQ3DQX,4.535039901733398
AHABCXD4YCPXXENKKC344EURZCCQ,B002KI8X40,4.447319984436035
AEGFQ5OD5RN4XKYGLAWEDH6JLQXQ,B00B5LDMH6,4.5313897132873535
AF7X6XLGYRQI5U7QKL3ZMNMICILQ,B0BPNMSDGB,4.441474914550781
AF3FBHCAUSTHXGTODQONDLTDVQ3A,B01DN7OI40,4.554329872131348
AEQFTHWRKZ2T2LMV47WVHRSOKZGQ,B0B3VKD9YG,4.570723533630371
AFBYX46MQBPS42YYFRO6QHRKKJEA,B083KJ7FKH,4.439016342163086
AEOS2ALLIKEV7WLIPXWG2346HAZQ,B08P76P2K3,4.452836513519287
AF3NOA47IJLZ3V5SQBOAJHUYDFJQ,B0BK6S8QDW,4.572099208831787
AHLWBN3XMEJUKJQECDTG4PZYDI7Q,B01CS87RGQ,4.435486316680908
AHPVFKJE6V7RH7SNKDP5VK5GGCKQ,B0CCK4YYNM,4.407195091247559
AFDBKFO3VADYLJ73J6P57DEBPEKQ,B0928HW2P4,4.641719818115234
AET6JD7MK2QJAPGVTAML2L7TB5HA,B07Z63HSZ3,4.458881378173828
AGVBT7ERKE3PKMRFD3SC6ST3QAQA,B0BSR996X8,4.527576446533203
AFJQQWO6VAZCTTY3GXNB3SEUU34Q,B0002KZHTW,4.560848236083984
AH4MENCROTJQK7T4D3NVIK3E7KZA,B00B2N3XU8,4.446305274963379
AE6PGN2WW447FQCQ7CQFTCO4L36A,B0002GYVZW,4.440072059631348
AE4KCU73O4KSJOQKPLC5BG4B7RKQ,B07CQS5DJV,4.331096172332764
AHXGY5M5CQQMIEJZTSGIHGV7SO5Q,B0BTC9YJ2W,4.541524887084961
AGWVA2PPESBPQ5XK32DPGGH7KHRQ,B0C3PGFZ3H,4.27851676940918
AHFBAA35TCBSDKD6GKRIZG7IGQGQ,B00T275IR2,4.4927659034729
AFFCNEJLNMAUSBFDTVL7TDS76HHA,B0BJPLQDWD,4.440386772155762
AGENKZMKGVCQIKH4A62NSRPH3TSQ,B01MRJUB7Z,4.384608268737793
AEQN6LLSZSPI4O7MABHJXYA53RXA,B00CPLODUU,4.504721641540527
AF7DRHZN7CDCVGL5PJPIADURT6KA,B0BSGM6CQ9,4.556131839752197
AG24WNAXFQL7GMVNARKGAZMKBBJQ,B00I9FL3OA,4.535597801208496
AHJTAHSOTD635R6J2KKZG6WVR3BQ,B07S19XSPV,4.476022720336914
AH5UCNVRO2WQGUDHO27YM67VRUOA,B07S61KXPQ,4.559598445892334
AEXWONTZWMNRENRFG6ASVUCWNXLA,B078KTV8L4,4.361974239349365
AFVSSJ5QSQBZBTAVR5XHF6UQQVBA,B072MRBN4G,4.526393890380859
AHENU2XO6JW65OCUTQ6VBDFM2ZHA,B0B9SJFKY1,4.448253631591797
AHEZMZ7VYB4BF2DE5QV4QFNQIWGA,B00BBPKZIU,4.3659749031066895
AF7CC34DK36SQJS7WXI44DREGWJA,B076K32CH1,4.574690818786621
AFOWG7WVVQDQFY6MHOFL7MFPAG6A,B012VQ5A7S,4.4123945236206055
AH7B7WKKAQETZ4U7ZIVHFR7IZGKA,B08N325W3L,4.353680610656738
AHDONNGPHQ62BJNMUCDN3V6WQMEQ,B0BR2G8WYG,4.551225662231445
AGCVCVBQ5PECVBEARVIAQKDWKV3A,B0C4GJM9J4,4.403397560119629
AG5SXV4XRKBOZMKDGST7LB3C643A,B00WBCBQF8,4.519652843475342
AFHPDLXI5LH52OFLZSP4KUBTZ2UQ,B00X7DCM4Y,4.393514156341553
AEDCSOZMB6ZTI55JIPKJXEKB7K6A,B0002D00FK,4.437636375427246
AEFMUJVOH4TJSOXWZS2TEJXEGMKA,B0002E4YI8,4.3558855056762695
AH3C3NEQAIGMBODE5BMXKSRNDFZQ,B0B3VQQ6XY,4.476284503936768
AFNHOWRHARD3M6T2NVPQ775AH4MA,B0009G009G,4.443127155303955
AGEJZX3P4KTM6A63XW7IS6KYAKZA,B016CKAVRI,4.531641483306885
AF6K6IGXD3OMCVNWQEP7CYUZXYSQ,B004MN9GWY,4.506249904632568
AF7VRLJZIRYWVNXMW2SAFC3LZWMA,B00WB244XY,4.413039684295654
AGPWTBAKWEXJIJLZXKEV7T2E37AQ,B082WVKSNG,4.523909568786621
AGYNPZM3W54EX4GURQLXCNJOT6KQ,B07MQK9168,4.329790115356445
AHX2MR6NLBEPURAZZUYFARJVHSEA,B083BT49BX,4.433191299438477
AHAE46AEKDCLIR564PEQWOO4H4VA,B078KX8YJD,4.562522888183594
AHDMFMMBOWVOTXAQMIV2KOPM346Q,B07BJ728GP,4.368852138519287
AGETR4QIMGHVFE3QCL3USO2DRGIA,B0049BKIF8,4.520803928375244
AHSCFIE2HGELN2X4RRAPIRZYZLDQ,B00F20MIC6,4.425112724304199
AF7QMGYZK5HO7NP62SFS3NFGZW3A,B00H35YIJE,4.594869613647461
AGB6YJDQ3IJ2F2RVS5GLNRHOKRYQ,B09CD32F7Q,4.519011974334717
AE5ZMMF66YZVYG2JZLE3UDAGVYTA,B0BKZ61YJJ,4.579231262207031
AE4OEJMTMMN67HAFXYTGCW5LDVBA,B08SJY4T7K,4.230060577392578
AGBQ3TX4QYWQQOW2DBADLGOJHQGA,B008TNAHXU,4.428153038024902
AGELXEQ7HQL4564TYOBFJSOPBAVA,B07DVX841V,4.317592620849609
AHZAWZBAEVLGKNBGGTZII3JNHRGQ,B001383XT8,4.34609317779541
AEZ43GMRWM7Z5RJC7MKYGQYWADIQ,B0002H06X2,4.530185222625732
AFO4VO3EMAEWPOST4DIAMAEB7ICQ,B071V3MY58,4.47189998626709
AE6QHO4W443XFTAAWORXJNE2DSQA,B000PGMSZY,4.446761131286621
AH44B5QNONVHQIKM4BOLW2YF63YA,B0B8M5FJ9W,4.546600341796875
AFSV7TNCJP7V2OUPWNVO6YWM2HZQ,B00WB242X6,4.4181694984436035
AE7IRQM2JRJU6YZ23HD36B54LBQQ,B09PGW1W7R,4.405866622924805
AGFB74WQOHVJP4PGF5QOXM5CXYQA,B001XWD3LC,4.326905727386475
AFTPUNQ4NGIKJHIEUAFA3GQBUY4Q,B00646MZHK,4.636074066162109
AHA4C72NXTSR4V2TQQUIBOQMWYPQ,B09H1JQ8L5,4.4250640869140625
AESEUN6IBHLP34ZCQFUXJ3ODEUJQ,B07CQMZVYL,4.446512222290039
AHK2NL4CMRVKTZO2ZZ2JFPES6WZQ,B0919GCCBW,4.317260265350342
AFPYPYWWBNPQKOGF3SANF3ZDQ6PQ,B0992VZVKN,4.461175918579102
AGNEOQLGQPD2NKSKBGFCXAZ3AW2Q,B0B3LJZXK7,4.478928089141846
AGWK6CDT6HOBXS6JJEWZJUQRUTZA,B0002E3FBA,4.568227767944336
AFGFNA3PKGMAQWQVH5A4Z5CD2QFA,B074FL1CP1,4.452152729034424
AEY73SCG2WZ5KCSL5WN6T75P25UQ,B06XWLXCFC,4.4065260887146
AHLEUWSV62G45HPULLFAIUFLWEJQ,B0002Q2DE8,4.360524654388428
AED3BMXQT7LFTKWZCNTVOKEE4GDA,B07Q6Z5VK9,4.435361385345459
AE242ZZNGN76NJGBHE5ATA73NBTQ,B01N5QJ0LE,4.4518914222717285
AEL275DNGFTFLIFSPTKDR6VJECUQ,B00Y4TY3JM,4.415440559387207
AFRGWN2OQMXTMFUCW7DBTJXXZC5A,B099NYHNRG,4.689783573150635
AHC2LMWC3UATTZVVLQCXG63ZS3SQ,B07ND4MZMW,4.39649772644043
AH6CSA4SAY5PP6VXEE2MLQU2UZTA,B0010XSZ3A,4.44580602645874
AFRUTEYFUJDAUASSQADZ3UQJHXAA,B08NVVLB16,4.621384620666504
AGVDWRJMULIAELDXB6WAOO27RYPA,B0006ZJ48I,4.427989482879639
AHWUVM45AU54BXX7DEEQTEHVPWKQ,B01CNAN5OC,4.393690586090088
AEMPFCS7HQ2Y6NGNT77N7LPZBUXA,B0BQM98L6D,4.450615406036377
AHIZ52ZDJJRFKA2Y3AYLOLRJDSZA,B09WVFZPLS,4.548583984375
AHP54DEEFACVFPIFX7KZ3P32ZYVQ,B09LSLS83Y,4.394667148590088
AG5IDHF3GQJ66NX4SUVVMD6AJCWQ,B08YJ5GQ9R,4.469150066375732
AE4PQQ2BQO6IGXVLTI6GBFCNC7YQ,B01N40YZZQ,4.406843662261963
AGMYRILPTJDOK7WL5OYHYGRYVXMQ,B01HFLKO6G,4.585183620452881
AHKPGJ5HFA4I7IKUHBTMOSFSKUWQ,B00XC2AQN4,4.460089206695557
AG224IRACLTGD3CO745GKS3UQIVQ,B001MQ9Y5I,4.452514171600342
AH5HQDMJMUHNEFQ6HSU5C7WCS75Q,B0179C3SQO,4.451555252075195
AFT5P5TGXEBFHQDQPSU7COEQGTPQ,B0002GY10M,4.410670757293701
AEHZ2XPBR3DD7KQKP5QLUMNEJEJQ,B000W348OO,4.4400506019592285
AF4YDYJHJGEIVVUG3BHTZ7DCQY5Q,B01DE4DTAG,4.517770767211914
AHW6YFBKYIN5XRPR3KVBB77LKNZA,B06XTW2R98,4.440282821655273
AE6JEOKRGHXGAGA4FNO4YA6OZHNA,B09NLHX8VR,4.421605110168457
AE5VICOXJ6XHMLISRION3NBJ54OA,B07DK59QNR,4.474355697631836
AFMF64BUD7BO2FCMXDY6VYF65POA,B09JGR9ZG7,4.429459571838379
AHIBMAOLVIYSJGHVEVN3TJLCAXBA,B0BKZ67C9F,4.470564365386963
AG34MRPZANUVEV5QIJEZ4JEQ6O5A,B0BCL4K9GF,4.417017459869385
AFBLIAES35IGAZQJZLCLOWAS3SXQ,B074WXM13T,4.494169235229492
AHLEUWSV62G45HPULLFAIUFLWEJQ,B008L3SXE8,4.5339579582214355
AFAWEQ7RYCWPUSBA7SRPFWREWOCA,B0002KZB8E,4.5391764640808105
AE4BRUKTU5WDWF7UTC2B5Z2GTZKQ,B07N83Z3W7,4.435675144195557
AHQGNHYEMY2THNZXZZJAT3VS4FIA,B000B6FADU,4.39853048324585
AHDXU7C43XRQRNTX4FBNY2YHDQOQ,B09CPZ2QS9,4.444991588592529
AGYEKWJYOPP3NHI7QRNVOPTOGTNQ,B0BLSLKBCQ,4.425055503845215
AEOG5GP4YYOR6T7H4DTLTH5VXEVA,B07BSSS8VZ,4.579545974731445
AH7TL6PVUTX5BIN72WT5G3DENC5Q,B07D4QCBX4,4.544658184051514
AGUQUN4TIWP46MPNHP5QOPOPRFPA,B00CALHPGY,4.392037391662598
AGC7CFOW5DZ4EX2QVNP6ZRSDDLFQ,B01JJP71Y4,4.456920146942139
AGBB2ZXVQGP55MT6EFSXVDRBVKHA,B0BT9R8MMV,4.530311107635498
AEELYEJTMEJC2Q7TLM6B7SODDPEQ,B09B45DLQG,4.4132080078125
AFXXPUL3WUJA5N7OHL2WSCZUJORQ,B0BRSCCL39,4.479790210723877
AHELCEBAXB4RHDYFRDA2BAY7B3GQ,B072WPD8MY,4.476433277130127
AFOLIN4WBEQKBXBI7TONI72PXJWQ,B01N5QJ0LE,4.4472575187683105
AGWI452C24HVTPJSA7KWM3HNOUBQ,B09GF6NX3X,4.451543807983398
AF5XVNQXEWRDQHIEK4RIJU5JZGWQ,B015IJIO5U,4.417876243591309
AFE2ED3TOKZKTVVMV26F7DO7THZQ,B09DR91XCS,4.4480299949646
AFRTBHHXZAQDCTONAS632OGYDJOQ,B0B8YWPB3K,4.604945659637451
AEQGGWXHGCZIDMJB2Q5D4VS5TH3A,B07KG3SDZK,4.440533638000488
AG3XSRIN4MQBL2AUGOPEU6TGCF4Q,B09BF8XDF4,4.63995885848999
AGS5T2BWF5GLMFHWDASCPV5VDOEQ,B07PRBM1QJ,4.451117515563965
AGSIYEJTA3W3WHYOMO3GZ4LFDQ5A,B072FQ4D31,4.44840669631958
AGI3F3UMKKPXGAQ474BDITAS3FDA,B07JNKY9T8,4.417656421661377
AEZBBZPGTXZF2JQ6S2PNOOSHZFPQ,B0C3LKF6VL,4.460357189178467
AGKJNGVNDATZRQH4WSSN4OJSIQKQ,B00UTD0YG8,4.5021653175354
AGNE3LTUI7OD5OEK2K3K6NHMBUOQ,B01MG3QVCK,4.323485851287842
AF37R5H65LWFM44HTVZUH5WNWA6A,B07RG6P3N1,4.569503307342529
AFSKOXGAKKYKA2UDMHUGHPPT7W7A,B0BW8L9WF2,4.441003322601318
AHXOER5GYRVR4LHHXTDAPROJKQGQ,B0046A04LU,4.553850173950195
AG52TQ6F7NLG5WBLIK7Z4QIKVETQ,B07D9NK1S1,4.449097633361816
AHVWPYPNAPJ4H4YHHPCXRX5MVETA,B0BTC9YJ2W,4.563688278198242
AHRJGEBB6MS7KB3PFZOXLGM6S5HQ,B00T0S0SPU,4.471707344055176
AGNVDPYCZJ26J44AIEI5BZ3ZPR5A,B0BHSG5C3G,4.5477471351623535
AG7JPPWSBNXRF6BJXMCXYPM3ENBA,B003AYRK1K,4.545495986938477
AGELPWHIAKFSOSPQHTLHLK64XBYQ,B07PYQM5RY,4.470829486846924
AG3ONYTMKA2UJNUBSMMD5YG2NS3A,B0C3BSXX6N,4.397403240203857
AH7WMY3V55DTEND6PA4TH3BVGGLQ,B0872CS1BX,4.4780731201171875
AECH6FKMNPEVOR27FIUZR75DDMPA,B08C9YWGNM,4.42636775970459
AGKSVIURJH4HT2U76B25XBTWALOA,B003XJ4O2A,4.402379989624023
AGDFJXOHM2MEED3KPC7CRRLQPNVA,B07GBQ4LGV,4.408514499664307
AEVBHGRN6HBLVJIVMW75XOG3KGRQ,B074W6S6K9,4.575599670410156
AGHRTUDVQTCLQXO4QQ3PBNCL7EOQ,B0B8M2Q1DS,4.460741996765137
AFTU5SMQVGVFIYFGD26EO7OMVB6Q,B00X7DDGBW,4.461503982543945
AGXWPCGLCV23BLX7CDUE2R3ZHKQA,B09SH423ZY,4.561540126800537
AHJN4WZBHT3PRYJQOXM5K5TWZEIA,B0C5BMZ1K9,4.429502487182617
AEIJ5TAWHBJYV5SRKSYTO6RGSQ6Q,B00MXUIYNA,4.481060028076172
AGWD6ZH66GXJDVRNQEGY77HOYEJQ,B0010SHU18,4.4192914962768555
AFCLOTB3P3EXMIQAKAZIP3KGAYQQ,B00T3SR9ZO,4.482806205749512
AFRUEAFOS7NHZ6FXCVPJZS2N3W2Q,B0071NO7I0,4.5335798263549805
AHMMD7VGJIM2NEEJVA2VZZU4S7RA,B074QKLW4N,4.487010955810547
AH4A5EHENGUKTMJ7CT4TP437BAPQ,B074VRW7PP,4.484096527099609
AGDEUEHXRVCWANF6PENBUO3PDUKA,B00VYQABEE,4.463563919067383
AFQRTUCR7DFM5VF7B22WKF7YEKUQ,B08R5GM6YB,4.409021854400635
AETTWO5NLVUFBUSLI4ERXLEBEAXQ,B0BZQ1KTY1,4.443548202514648
AGKTBKXWB7TSHCSCALSFSEL36QNQ,B0002D0LBI,4.476375102996826
AGQR5XCLTZ74WOY755VEO22L6N4A,B0192JRA2A,4.391410827636719
AHFNLFAN42RAZONLGPPS66YTUEBQ,B07NF23KMM,4.469122409820557
AHKNE44SB2XXRTY5A2ZWFK4M7Y2Q,B001EL6I8W,4.44045352935791
AG6GUKKGVG5WSI6QTH7S6JW54NMQ,B01HTG4WG0,4.243292808532715
AHXV5FF4VTCGDLSZNOWWB3Z3MGGA,B07ZW9R1XK,4.452984809875488
AGGMEERVIX4WNT4TIQ2A2ZMTCCKQ,B0062NUUW2,4.668191909790039
AGPS4MKW2SPRUBQTEXHH2EM6V36Q,B001GDJQTG,4.4203081130981445
AEFJHW4IR337Q33F42JL3QMCMRCQ,B000WGJ71U,4.408819198608398
AGP7L5XOQOBUV4R3UZ64ES7F3YPQ,B07KW6VM9X,4.393426418304443
AER7II5DJUTMN7NZM2OQDRG7TMCA,B07CJJV5BR,4.4523701667785645
AFPG7J4AME6QVSARKPXTOXWUR6DA,B075RB1KN7,4.357035160064697
AFUGO6TJPE6FMFDFFGT3UUTHTHVQ,B07MQJQTR7,4.412801742553711
AHVGICSVXM66E4SXX23PH7R3Q74Q,B07VPLFNYM,4.23382043838501
AHA7W3VGHBJTMU46T2RM752HJY2A,B01DK1ZGSQ,4.554533958435059
AHPASVFRV2SQFYLCAZSEKB4FOGIA,B07C91JT14,4.348397254943848
AG76LKUDAVTICNQWJZ5V4LILAN3A,B075GQ4YP5,4.394241809844971
AGVT5E2C6WNOCFYSLOCPAPBJOIKQ,B00IFOTSJW,4.370973587036133
AFZ7XFQI7X7LQBKVIIPVNTMLGI3A,B09HD48CZN,4.551263809204102
AG6XP7YKD35LKMAUTT2SPLCKKXCA,B00CPLODUU,4.53925085067749
AGUAR5LOTVA6SHQBEM5NYSO2EAWA,B07Q6J4S89,4.489956855773926
AGFWN5S6I4QHRUDQYYS7YRLUGIIA,B09Y65YVMY,4.450511932373047
AHDSPCS2KLFJZYAWCB33VTXCBUWQ,B071JZNWRM,4.5719895362854
AFYF4XHHCBIOT52VMRZ6W7FOJAOA,B09TL1FRLY,4.453216552734375
AERXAGU6PAY74OIAVZQKU5ONB3NA,B003OJE8LQ,4.454391002655029
AHTDSZE4JNAV4Q2W6ARS6R7DSBGQ,B01FG29LFQ,4.251986980438232
AF5KJIMQXNEY7M5U5YM43QPCO4PA,B09V91H5XM,4.523191452026367
AEOBE4N2IOVEVU7RAFPCVLBBFBQA,B08MVNHBMZ,4.417265892028809
AGY2DCIBLZTHBQHNFL7BGGHKIMFQ,B003HGFRO8,4.577448844909668
AGULNOJI6U4V4FUK2EYV6CJ3H2EQ,B08BH7KHSZ,4.396658897399902
AFFN43XNWDLKRHFQQZJR6IDI3FEA,B08NVVLB16,4.599521636962891
AEZBPDYHMCAJJ3Y6EM2ACUAOZIEA,B018DMSNQ4,4.433523178100586
AHD7BRPWD76N2HAKPHG7GQC2LQ3A,B0BLJWTB36,4.306179523468018
AGFX4QLI5ATB7UTCF225IURSJY4A,B08T2N27DG,4.391932964324951
AEDGH4ZJ4WGGFP2OACMNEFL6XK7A,B0002F73YY,4.519559383392334
AFYLZIHVNNEAOJTF5UPHYCNHHROA,B0002E57D4,4.3248209953308105
AF2HAUDZBKQZM5XZ2DM4UPO237UQ,B01LXTBO7B,4.47155237197876
AGJBLM6O43DUUTQI52GRVVR6YDFA,B07MZ9DGMP,4.4857072830200195
AHQSUITFFVARCQ4GGCH4EBYGOWIA,B009EM7MZG,4.432409763336182
AF4VXDAABTQBQVYTY66KGI3OQKZA,B07NDJ1HSG,4.579522609710693
AEJWL2VCYD5DYYK5KTYHBTRTTUVA,B0B52FBC66,4.554672718048096
AER6WLSJPBPNOZIQWVHQBVOKTNCA,B06XB3FQKB,4.462125301361084
AG6EDKW4LTUP3EKVJUFQWJTF3AYA,B09KR857F4,4.41024923324585
AEST4VTEXAUUNNH3IJVJORDVZBNA,B07Q6L4YMC,4.53040885925293
AFVQQLENFSRWGERDSJAIIEPSGCIQ,B015XDJB9E,4.401388168334961
AEUQMRMTSPH4W52T2FDAGM2ES4RQ,B002GRBA2M,4.398967742919922
AEHUX7BFZJVA3DFYPTN4OCGUG2JA,B0C6HZ2BJ4,4.549574375152588
AHICFG7RTZ5XSIGBUFK5XVOLZIJQ,B00PVBOTI2,4.510962009429932
AFWS4PIMKK4IFMMFQ3X2X72MLFGA,B09RTZ26KV,4.519251823425293
AGHGBNYNCAABS3ZNGCSDOJIGMDQA,B081PSNDCV,4.398905277252197
AEA3NLDRDLTW7U6TDQT5GPQOOIDA,B00EB11ZN0,4.466286659240723
AHRPODCFJ7UNWQKCLLBKN6BQIN7A,B07C183K1R,4.386996746063232
AGRSHARPM4IR54RKYQXZB7F7D76A,B0BFKQ9QXD,4.455740928649902
AEWAQMVRQBUGFTQIK5FR52QZFO2A,B01LSHMR86,4.354785919189453
AHVAHCU3H4OPODN642O4SRINRAFQ,B06W2NS817,4.451578140258789
AE3Z4ZV2QZYZUDS6XQHLH52JYJRQ,B09HCRTKL4,4.5450568199157715
AFIZSMCB7TIH7APWCJ2AV3V6OSFA,B0887SDCS9,4.448858261108398
AEKTVFSI4N5H64XNZOKJOEBBYVSQ,B074WXM13T,4.501644134521484
AGMZDEWHNIE36ZAU46RRT2P2Y6VQ,B097Q9W8MW,4.414280414581299
AECVQSYPP6C7I2FYFUICHPYVIXNA,B07KDSZ2TJ,4.559622764587402
AETUAGATWF4MPA37VOMGRRBGKQHQ,B0002E520C,4.379156589508057
AFGP3BNMCLSVIVJJW7YKW26HL7AA,B0C54RRCKG,4.530673980712891
AFXVOM24JL7OMMEJEY7HEA7DYH3A,B08T9CCXZB,4.541431427001953
AHKEPQU5OXUSN2573LYB2VHN6H5Q,B0002KZHP6,4.531689167022705
AFTSORKZ5J7TPFF4EHDBW73SHI7Q,B00VU75AA2,4.269381046295166
AGBW7LZUPMPOBV4LJ7LO3TCTRVLA,B000G0ATGE,4.428637981414795
AHYKSRZPZKIYUDQGKDW6667SQ77Q,B00CPLODUU,4.531307697296143
AHLWEN2DZAEXDCA35IPSMOBP3WQQ,B0836RLZ46,4.461554050445557
AERTVBSRSK6AA4OQEV7R6OUHAEHA,B0BCHPSV1X,4.452426910400391
AGXZ6KUKS2VXHYLLTS6W655MQQ3Q,B07MQQM33D,4.547861576080322
AEKXSP43WOJHRPOLIG5FUPLYALUQ,B0BR7Q74PC,4.527665138244629
AEISIG7H44OUAQQDNSLOFCIIK4MA,B00M9BSZMI,4.456470966339111
AEMF5UMRCEBQ6IQCEMROGSAIV4XA,B0BK5CXZBT,4.50657320022583
AEXH4ZE6XAKI4YMN4NA2NYJRFV2A,B0BYNM15YB,4.373860836029053
AGPYG5JL3SNWMJL4WZ4RUNVV6J3Q,B00G059CRQ,4.436095237731934
AGZTAMAUIY5SSSKSYPEBVXBU373Q,B0002OOMWQ,4.566732406616211
AF5XT4SZRB7BLH6FB3RXQJBPW4PQ,B0075DMYC2,4.465727806091309
AE23WLBRYKEC67DM43M6E2MF7GPQ,B0BT9R8MMV,4.531105041503906
AG5WE3XGSKHUP326YESVMB52VDYQ,B01JO7AEK0,4.43508243560791
AEDVFQGEMRPBB6AP5GTCHKPBH2UQ,B075BDNHZB,4.387879371643066
AGCK7XANFA53YJYYNHQY6MIZM2VA,B00HY657E2,4.303230285644531
AHEATNFOOUXTJU7NL3Y3GLO4O3UQ,B00JXOCJDK,4.428990364074707
AEOVNIHTK6YWGM35ZUSAFUIRH7PQ,B0BCMPP7F7,4.517902374267578
AEOWDZHMPA75S4CB4OLVC2357SSQ,B019IMEX44,4.428354740142822
AFU4W2TZRAXIM5JQZ573E4VBNLSQ,B004XDQFJ0,4.455929279327393
AFDRV44BJLVSWMXE6V5NZDYC64ZQ,B0B7896KQT,4.445002555847168
AGNTBJ7AAPSMV3O5F7THNJRKGM4A,B004XNK7AI,4.6063995361328125
AFZUK7RCANY3O3S5Y4CUJ236A72Q,B07CPW22H8,4.2367777824401855
AECRC2FDBKONKCHSH7GPRZ4M2CVQ,B073W2Y8NJ,4.480288505554199
AH7YJ7LV42LQKXZ3YDIRY6G4S3EQ,B015XDJB9E,4.39988374710083
AHNQDDX4XIZEQM66ZLWWIEBG7JOA,B00VEMPWVU,4.411468029022217
AFWRDEJJALWBO6KHOOBCBY6DAXHQ,B09V91H5XM,4.501646041870117
AEDED7TTPX3SRGVYPSYFLJZJ5UDA,B07K7VC41S,4.3599772453308105
AGACWHSNB43GEOHKG2EUDLOSMIEQ,B09S2Y4MMC,4.570001602172852
AFXBFI2F5WNLTIOVDM5PKEFOAI3Q,B00B5LDMH6,4.525388240814209
AEJQ7YOQQQL6WAAGALAPQECSQHUQ,B000RLI76G,4.423552513122559
AFD4HEOW3XSZS3IOLY5HKDZA6UWQ,B08MWVX9JD,4.448482990264893
AE7654C4N5SIUGLBWUVCZIIANB7A,B000F9J5GQ,4.438222885131836
AGPA33SKOCJTWTGFFT57MKFWHOJQ,B000CCSWQA,4.29411506652832
AFPFGEXYZ5C457R3VIQMP47RKJDQ,B00L0X8ATE,4.497203350067139
AER3THLOZ7KZ6X6L3ACFZTTHDTCA,B0C4R9CTV8,4.488019943237305
AHLQVPOCQKVXGIVMZTJLSTMCS63Q,B00IPH8MD2,4.568869590759277
AFGWUUOIVYEBY6N2EBLZGZZQEFWQ,B0BSCF2FD7,4.465203285217285
AG344D46XM2XAMSPN4IGM4DORUHA,B082WVMFYB,4.523839950561523
AEFAKDENKTWXF2RQU6RTA7AWZZCQ,B07CQQXQ4T,4.468637466430664
AHGYSJ5C6F7YUTGNX6EMVI5QLYUA,B08DBDD6CM,4.475975036621094
AHIPKIT25JKKXMUL332SVAWYAKBA,B0B2445LLL,4.498760223388672
AHHKJOSTEB6PFRPDSK6SXWFZI6NQ,B01F6WIX5K,4.439739227294922
AHDXMXSQPZX6TXVDHXV7PQWAKS5A,B004XNK7AI,4.614258766174316
AFU5IERTHDNTX7STHYPRFZFKHONQ,B0BPKTYTPQ,4.380677700042725
AEZRFF2AWH66Z7KRPON4YBGTPZAQ,B06XTW2R98,4.435092449188232
AHIJOIUM2UOE6QTENQKWZ4LDOZCQ,B077Z9HF27,4.370426177978516
AFTKKUXXNUYCGVEUCNH7RISTVX5A,B0C4FVS3L7,4.505625247955322
AHXV5VPSODDUC6ZHGPUDKQNXZ3YQ,B081592T7F,4.5060319900512695
AHJTFIUDE3J4S2YMRXGTEHQK6MBQ,B0002GO8NM,4.535662651062012
AFVTV5IBZU7SCCUSTID3SQHYH2CA,B078Y89GRT,4.410433769226074
AEWVOHW6H6U6UAJAUTKRSET4QFRQ,B01NAZMWZK,4.489988327026367
AH4PST3O2RSB2MKEQSQDVGGQ7LKA,B09857JRP2,4.751180171966553
AFYGNUWRCNB7ZVGFAQES5EC4IS3A,B09D74VBJF,4.426630973815918
AGVT5E2C6WNOCFYSLOCPAPBJOIKQ,B07NSWD8BR,4.075414180755615
AF6Y32ENW4DHLHN2AOT7DF3L6PYQ,B0002CZVWS,4.505609512329102
AGR6WMSQRGC5UIXMOIPSTOCL3E6Q,B09TXP3FSK,4.517578601837158
AGTIWTOM2GUUFVUU3FBFTFZBI6HA,B077PSQQVH,4.443471908569336
AH7LLWX47LHBPP3VAKO6MGTGOAQA,B078XDMKWM,4.516609191894531
AHI3FR2LO3SB5SALPSQEFYVAY5TA,B00JER27MO,4.337153911590576
AG5G6CFL2C6KFLMBAEZRTQGHRGJQ,B000RNB720,4.470080375671387
AHRJONWXD46T3DWKR2UJG4RB44SA,B07NDJ1HSG,4.5840044021606445
AF5VGANSNUJ6DMLXGIEOPGRXIODQ,B07FM97YFY,4.440460681915283
AF67IH7LKCKADW6VCGNFUKRAREAQ,B0002F6ZJS,4.440805435180664
AFDBBJTCNY6WUQQVIZ6QNZJEZBUA,B0C1YB7KFH,4.4293622970581055
AGO7VCK6FT7PMZ3MK4MI3Y7R55IA,B07T96ZKRS,4.318750381469727
AFBJYXI756RJ7PNDD6RI7SEIZAFQ,B011AJ8KHO,4.407809257507324
AEVV53KKJFALWH75EY7LFE5NTQOQ,B07T41F22R,4.422818183898926
AETM34MLWJDDYMFNNTWXVYOGPCMA,B07N5NKMFM,4.477557182312012
AGSM4LM5MKYYD3CJPXAF3MIFGAEA,B00FQ10MWY,4.443177700042725
AFNN6U672YPXSWNPCBUXSLYBDQXA,B07D5W5X3Z,4.539307594299316
AEENSLZS6WAJQE7GRMNHI74TIYYA,B06XJ53JLJ,4.452889442443848
AHJS6QDWCAHL75QZJAGW2VG3SZKQ,B0019QABGW,4.45175313949585
AEWF4NEN6QUFTMF4P4RXGC7BVJ6A,B07RSSBZC2,4.440891742706299
AFJCMXTTCBPMARCHD6EVWL5WW2YA,B08XMK3D28,4.45795202255249
AEBJ66PMIIS3HX6ITE57SG5HQYZA,B00UJHFD2Y,4.3744025230407715
AF7CC34DK36SQJS7WXI44DREGWJA,B0B81HB47Q,4.545833110809326
AGFFYBEJ7PPHHQE3CXR6B4FBS6CA,B07BQRDVYJ,4.419705867767334
AGRHJQVFM4WWYZULXXSZHCCLUMRA,B09M7CK2WK,4.548952579498291
AE53AVIEMEFU245TVANDSUXTHP3Q,B08PZ5FQ3H,4.4392218589782715
AF2P3RLNKQGTDFRBGQPS6QKZC3FQ,B00L1LL7DQ,4.497926712036133
AH7YS622MC7QXBBAFEBQLY6PVTGA,B07SR3TDZQ,4.35107421875
AFVZ6EHLAF5MXXRU2CHNIKZCTENQ,B07KNJSD49,4.470755577087402
AGGF6WC6ORV6VV6IBPBPS7VDPREA,B00LCY77NG,4.464491367340088
AH7KUHFPD2SO4PZCNXVSY3XRLTFQ,B0BKZ61YJJ,4.568610191345215
AFITBSL7YZ34TYWR4E7I67ASN27Q,B01MSVSA4X,4.4172210693359375
AGGWVXEA7MU6H63OVAPUL6XX7JFQ,B07FYYV6Q9,4.505012035369873
AENFQD5EQBOPKB6TB7AOAD5QQCOA,B09857JRP2,4.744896411895752
AFROAABFKVW3IEIVRSHAIA7VR2EA,B00USQY0CK,4.4908013343811035
AEESX3HNU65OOFXP7VYMTQG5OZLA,B005H2007E,4.406948566436768
AELDUQBFBGYWSPXFJ5Z3HJ3YL65Q,B00VYQABQ2,4.450958728790283
AHGPS6M64DTATP53YBSK2SPY2QOQ,B07GFH8NTB,4.616218566894531
AF3Z6NIK6HCVQSPUKRFMHRHLDJOA,B0CB98SMQR,4.592311859130859
AGPWFIBAUZAC3CMJUD73YYJQ22OA,B01MT72S9A,4.466289520263672
AE2N26XNOMBRGFNU72Q4FOCZFA7A,B0BFKN9P7R,4.484856128692627
AGRAOA7QVG7JT5JIVSEO3ES54HBQ,B000J5WB4E,4.322827339172363
AFN6HSXIFGJROQZ2NN3FSUNNM6QA,B0039ONN5S,4.437472820281982
AFQJYVZJRRJKT73QEQYX657RRIOA,B09PWCF6T9,4.482053756713867
AETRLZMHXJWHRPFLNPAT5KWVN2UQ,B0B8Z76J32,4.534012794494629
AEG6OB47J2PRTMCZ23S52PWW2BSQ,B0713YCK3Y,4.400897979736328
AGYVIJCXTIRUKHIIJBRWW4ZYCCRQ,B08VF4K987,4.588336944580078
AEHZLERK7MKZNMJ73WK7HN3CCS3A,B0936WZT3J,4.452560901641846
AEK46MKUYWGIC32UGOGJ5XNCHGUQ,B07KVT68WY,4.442888259887695
AE2Z3OU36GTOAEVZNCFHULNC4SEQ,B07D9BW8ZT,4.409600734710693
AFNKH2Q4B4UWDWJN73UODTARAN6A,B0BZ166MLS,4.447475433349609
AESVFN67IDLTGZUQEMSPJAESH3KA,B0723D2759,4.539942741394043
AHRYD3RNVS6Z6KNQQFLIOI3XLZ6Q,B0051IE05W,4.446509838104248
AGE6QCQA3IDXEVSSUWVWNIGYVV2Q,B01D42PQCW,4.438719272613525
AHWAYCEX3NCWJD32JTFVBFXKUHOQ,B06W2NS7RW,4.427518367767334
AEK3J4P3VZSXTFCRPYKCMRG6562Q,B07N5NMWXK,4.585056304931641
AE7WTZD7ARI23J6UYS3VD2R4MKBQ,B0050P09WY,4.498444557189941
AFG7GOJ4XZ6MQA7EXJQ6BCK3Y2YQ,B00DJWO85E,4.465577125549316
AGXNHM6FE6RNTARQVPQSHUNC5UYA,B08P4W7NFP,4.442795753479004
AE5GU6FB5WPUSX37JGGNXLS5MNLQ,B07G8J1XQ3,4.423626899719238
AENPMEUT6ZWW3V3QVBLKWX45TG2Q,B075R58Q4Y,4.3652448654174805
AF5XBYLOZUWJLVK7F7ZQDL6OZPJA,B0002J6H2Y,4.520727634429932
AGRANUNQRSXU32PTYKNNGLT4QGUA,B01DZ6FBBI,4.577484607696533
AFWYJRXR3ZC5QWD2CPDL762HWI6A,B0B6P55RBN,4.388872146606445
AHO5LUPMSZT2ISIN24MT3W37CYHQ,B015BKBGZG,4.449059963226318
AGDLSEHQJIHHVM4WEZW4TZ3UP2EA,B09YW3PJ7V,4.493924140930176
AG2BNWGHZ7E53YD7US73TKEQY7ZQ,B0BFKQGWZ7,4.452069282531738
AFES2HZGVZLGZO2LNH2YRMIW3EYQ,B07MC4N6P9,4.4994988441467285
AFYRL4FOQ56QKA6VZOBVMIKVYH6Q,B01N40M4KK,4.387032985687256
AHTNI7C4ANON2I2LZVL7KDO6PTEA,B0BW41MRGK,4.531442165374756
AEQKLE6U7TJCGBHR6ZJGSYBK53BA,B00JA8QD40,4.402068138122559
AHYAJSJYNJNYY675NJFTNOQE3OQA,B0B8LWBTH9,4.535027503967285
AE4CLE7HXMRP3XPZAHXEDMYCNEJA,B01199MA9Y,4.45271635055542
AEC22VJTGBP2NSSEFFE4436KBOMQ,B088GF12PC,4.281802654266357
AEAPGDW6CTHQ2YHAEVPWOU5XDEBA,B0BPNMSDGB,4.375339984893799
AGVT5E2C6WNOCFYSLOCPAPBJOIKQ,B003B06IMA,4.347162246704102
AEYVYN2QKZKKFTW2LNJG3QKFGHPQ,B0BWXY17MT,4.4682536125183105
AFEPLHWMMPUHJCXBCDWHIDLE2A6Q,B0179A4ILK,4.436452865600586
AGWWFKFSK3KYPQFSEOUVAVCDFBKQ,B0C4SQBLC4,4.4743332862854
AGENT7K7THM6Q5VKHKH2PUACREHQ,B09NLV5LBK,4.384719371795654
AGPWPQZFGLIGJJDQR3WFVKLODSUA,B00AQ4U76M,4.4461541175842285
AFZ3C46427HBPAJPNFHWADDIBGXA,B0BKZ685H4,4.453745365142822
AEXHOH3UTHYIRRTX6U7LDAZHLMPA,B07N3Z1289,4.5206756591796875
AE4RQ6OMDFEXLU5Q37ZQFW524J5Q,B08T2N1WZR,4.4915618896484375
AFFZNXPPX2MF7F6WSX4KYASX3TLQ,B0BT84L827,4.55975866317749
AFOHCSWHO2N27LSXIATOMCFZM67Q,B01LMDLNAY,4.345250606536865
AGZB437NN6DJ6CBJLPBIO2CG4NEA,B0B626J6MT,4.536363124847412
AEPBPML6HZCNA2CN5QARQJCIIHSA,B000EB68VK,4.373353958129883
AHNG3NRGEDYO7E44QMYDHMBADPBA,B0033PSLSM,4.383134841918945
AETKHJE5RREYGLLOHPOQEC77ECEQ,B08JMQR2JK,4.469997406005859
AE74LXAR2UTNMY4Z4ADURC2TXWQA,B07MG8PHF2,4.520036220550537
AHEDE2SI6D32L6OKL6B5QCB42ZLA,B0BRWSYSJS,4.400895118713379
AGJX6XVM4R33WWI4R4PNSXVFZ7RA,B0002F4V30,4.568083763122559
AHPSEAIJQPOW7IWRQL4KH5ZM5BMA,B07WJYTDMH,4.470545291900635
AGAVAGDERIBPSIQPFQWIC7URSNOQ,B094DT88S9,4.482905864715576
AEN4JVIBT24RAPMWEHX7UGOX5CMA,B08GZH46GW,4.546858787536621
AHGEZE3BVNV4PBLJHQ747Z6FUIZA,B0183ITSB2,4.449178218841553
AFKC56ZSSFHF5XCYFFY52C3ZLFZQ,B0BDMP3CW5,4.314753532409668
AGX3GMJ24TNG7OZWWDYSXH46ATMA,B000T5PPQA,4.4339728355407715
AHW2G5R3FA7BBXBDIIGS6HFWX7LQ,B072235GXG,4.458414554595947
AF5OTK7QRYLFXITBWKD5AYH2Y4BQ,B0BXX3MYXT,4.506689548492432
AEZWVY7SNYXITG2YVXG4CWWGKJDQ,B0BXBG7VRD,4.397353649139404
AEVQYOU7JYIXIVXIUDRSOSGWCGFA,B009A3JEZK,4.409796714782715
AGM6T4Z6E7NEWKUQIW34DDBHYT5Q,B0002F6WR8,4.532398700714111
AERKATJE467MEOYHBLICXUTG2F2Q,B075MRW285,4.437379837036133
AE5XF7B3YXXLCP2TIYR3A5WXZR6Q,B09PWCF6T9,4.482053756713867
AEMVIRJQCGVVYBFMIGX5UNRGPRWA,B07MFYHKLH,4.406671524047852
AF4HL3ZLQ4TINY2YWENTVTBP2ZGA,B002CMLQ0M,4.453975677490234
AFAJWSAW4JGIMIWNK5VQH36YKYTQ,B0BT2RP11L,4.4809393882751465
AEP6P3KJKABIZ2XBA3OQKRHEB3WQ,B06XWLXCFC,4.437710762023926
AFCIVS44DHRDBJKC763CZ6ILP5GA,B0BKZ3GCGR,4.572234630584717
AFD3SUBU6QV4WG3FUYMQNRHKHADQ,B0919GCCBW,4.327548980712891
AGTFEXWAKKGB3P25NJU57G2JXWNA,B000EEL50Q,4.4271769523620605
AFIGN7XBI6JWQG7G22JQEDZAAOUA,B0BCXS7X26,4.533938407897949
AEZVM4MTRYYVQHX3O2HTA4LSPBZA,B0BPJ4Q6FJ,4.614448070526123
AEAU4KJFIXGZODX4R23HMUVUZV7Q,B06X9KG3HW,4.551651954650879
AFNC4AEF5EWJOT73I7V2LKMWOOEQ,B0C61YQFHH,4.3179426193237305
AFDAU5M5NRUN4LYLI7N4YROKYLWA,B076LRN23J,4.491313934326172
AELAJ6D4JXOZ25T62VNQEOERFWQA,B07QQLLXBG,4.298839569091797
AHBK2MB5HZGAIKP2DM3VUCOOQ23A,B06Y1KSVDK,4.423031806945801
AGHA4OJMCWUO27UTPY2JHNGYXB5Q,B01DE4DPSC,4.537991523742676
AGNPXZERD2EQJICAHX2VHBRTDNFQ,B0BZ166MLS,4.451016902923584
AG6BU665T6DKOUYJQNO3IAZCJ25Q,B0BS8PZNGK,4.4883294105529785
AH6ZOJ5KTN23MYCHYUMFNWCDDCQA,B0C6HZ2BJ4,4.501931190490723
AFVCAHAMFK5OJQQPDJ5LUXH5FSPQ,B01MSZ25L9,4.40172004699707
AFQJVHDJWJR7MESW77B5XJ2CJ7BA,B01L3JPLWI,4.545397758483887
AF3EBMSD7BBGXKFCGDHDT5ACGJIA,B01MF9H516,4.4461774826049805
AGLKS7VMMPLSNP2NANAUOBZBHGJQ,B00HSP6KGS,4.460312843322754
AEIWCG52NFSOZUVGLQ47BD3RRCGQ,B094RD529N,4.471795082092285
AG65EMDZJ3RRQSYRZMMBUR7TBA7A,B0002E3AHY,4.527030944824219
AE2W7OBJ45J4J52CGH7OFWHQZJQA,B07N5MJDBF,4.586946487426758
AEZG4SHN6EDH7X2I4NPMCSN7MN7Q,B079NS31NK,4.534789562225342
AFO6XWHY7FAH6UL6LXPNPRCHTTRQ,B014ZYPT34,4.321706295013428
AHGXIQPLSY6BOS66R3V4RMEIM2OA,B01AAX6KGY,4.381607532501221
AFUAQQ6VNKIE775XCZXO6JWY4FRQ,B07T4FM8C5,4.328592777252197
AGGR6BAOXEUYRBR37SXH3OS73V4Q,B09RN6MGZH,4.403979778289795
AHJOVCWIY7VHL3GA544JONCJNSEQ,B0BKZ66FRY,4.460391521453857
AHQMEESXZDL2LPUFFMO7DDAXMMJA,B07XP6MHQT,4.409339904785156
AGMTCMP27WCMMXZ3R3FJ5F4KDABA,B07NZ14SP2,4.5085577964782715
AGN5FDHWM7WRJKFO3CLNJ4D32U7A,B0BNCDVD4M,4.399434566497803
AEUFKX3YWACB5WMCIKX3DQJK2EKQ,B079TLFL33,4.519551753997803
AHAMNFZUBWQDDKPCIU5MHVPCWZEQ,B00O2LT4F0,4.492683410644531
AFKCIJWTRGR4PW3KWUMWP7L5OIWA,B07BSZNKTM,4.435359954833984
AFGC3CVTWDXINUBXXD2YPCD5RHCA,B07P67TV7T,4.46780252456665
AEZEVMIL7CWPAMT462JJC2AAVTTA,B0002F73KI,4.529356002807617
AGKQIFYBIOZQGQ5EX7PD5SFVYCAA,B01NBOF5MD,4.445902347564697
AF4IJ7EGPU2LWQAZTYBA26KY4UVQ,B00TQZN1LU,4.42154598236084
AHC32FZVPNMEWOEJGLTZYNJ65ZSQ,B076BW4ZRP,4.53167200088501
AGELXEQ7HQL4564TYOBFJSOPBAVA,B0BSGM6CQ9,4.55775785446167
AEU5LBIAENNFA2SQXVQLFAT7PQ3A,B005ZV5K0O,4.445108413696289
AG3S4FROO422V5KP7DJCBXVUQLJQ,B00F3D9ZQE,4.491771697998047
AHOFX2QE5YBKLO6GRP5ATWGDH4NA,B0BFFTRRRG,4.4199442863464355
AEU2O7FSZ6PPNCECOVQSC25OLJ3Q,B07175TMXS,4.450809478759766
AERJUD4NREPMW7VM26CSV32KJZJQ,B0BTC9YJ2W,4.563817024230957
AF3NJDOTMG7BRKDLV6UM7GHFC7XQ,B076346CZ9,4.47254753112793
AEKE5PFGZXJF7WY3UCLPX76KDHLA,B00N5TGXOA,4.471721172332764
AENOIMGIPZ2LPSOS4YCUUR56C3TA,B082285YXD,4.424856662750244
AFATIZMBMCY47EOUEPCV3TCNLNZQ,B074RL7WQJ,4.4906535148620605
AF2QKTYLPEWJZVZCVOFYQZA2R54Q,B005OZE9SA,4.429804801940918
AHOFWP4LITEBFBWVQDV25AZK6C3A,B0BSGM6CQ9,4.553410053253174
AFMOXNCYTYVRTZKJGVX4X7NHOU7Q,B0BSC9T1BY,4.293292045593262
AG3HHGKGIZCIIQZ67ZGJ7SUBH22A,B0CCK4YYNM,4.409383296966553
AF3QU2YYPZLQSXRYSEGLWMXIOV6A,B072MLFW5B,4.437041282653809
AGRUH2FJR2BIFFEA77I6ILXY6P5Q,B01N6LKIO4,4.449047088623047
AEZI7MUZKOSYAQITXWI6GWJC53IQ,B00WBCBQF8,4.522143840789795
AEQDBGBIFHPMU6FFAZQ25U7BTGQA,B00346LJ2A,4.4206109046936035
AFHQZEUUODBBUMOO3HTA5B6FKKVA,B0749R51B1,4.461150169372559
AE7BAST2UTRFTYAP7V4OONCCFQTQ,B07KYX3S8X,4.485550403594971
AE3SOV2D5KXSUM3BXEQO7HXO55SA,B0BK9TXQ7Y,4.435142993927002
AHLWBN3XMEJUKJQECDTG4PZYDI7Q,B07Y9P1CR9,4.470893383026123
AHAOKT34FB2OVB7UTCVRRPWDFIOQ,B08VF4K987,4.5693182945251465
AFTQXMXNFZAGW2YWFCH3SPHYIIDQ,B000EENHJ8,4.54624080657959
AGNLHFQGCYCHERL2WXDOFMHWIIZQ,B00JWVVHAK,4.418774127960205
AGN7KMV3GSGCBANTJAKIHDQYEFJQ,B076H8RBPC,4.563209533691406
AHXNINWNEGPRI6RIHBQIDIWJCBSA,B0BPLFP5P6,4.343899726867676
AHKFANAOLSIEMTIM7ILBTUUDEFHA,B00DH4Q668,4.438081741333008
AFRHPTCG4SZVWT7QOV7G6TW3GXPA,B00RVE9X06,4.525649070739746
AFUZLLFBTEMFFNHEXPEMTWWFU65A,B00IY0BLB0,4.544199466705322
AFF5DXDGZWYXZ6BDDLOPFFPLKKQA,B0107BCV1M,4.482753753662109
AEJWUXWEO2PPCM2UOVJNN24S4MIA,B09N3PBT9S,4.435224533081055
AGQ5CAQDCCR7HN63DJNQBIYRGQEQ,B07ZCJJKRG,4.429347991943359
AEMT6J7LNK3BZYPCMUHZQJ2IN5PQ,B01MRJUB7Z,4.414375305175781
AED3UVQUX4DN4DOUQJQN3AR3QUDQ,B09VP6F1DV,4.4306745529174805
AE2XNFCTZXR5ATG2B62NBED5YVKQ,B0BJ8WDC13,4.543767929077148
AHBUGHHFS3VT3ICT3XO35WJEDO5Q,B07MDT5WJX,4.50258207321167
AG5JSCSMRBS6A2UL3CSWQVUFAAVQ,B000Q847M8,4.440070152282715
AE7CZRB46NV6QFMFBV2KO773ZMPA,B00CALHPGY,4.400412559509277
AFFYR2A7MHOFGXKXOAS6NYCGEFSQ,B076322LP4,4.513007164001465
AEI6W3CJO4FEQT2UWAYWJBAGNJHQ,B01M5CXH65,4.557302951812744
AHAGDQE6VTTDDSDDIEOVJSSGH3LA,B0C6J1T616,4.536057949066162
AHRMYVXZC7MK5EBIO2XL3Q2GGEGA,B00OYUSHJS,4.267865180969238
AHCWJFAMVFJ52YERNU3A6QMYH7PA,B01LDTXWKQ,4.46661376953125
AHLQVPOCQKVXGIVMZTJLSTMCS63Q,B09857JRP2,4.744434356689453
AFGQ6RLFIIRFLQZKIUMJNFZABWPQ,B07PPDY2NS,4.343804836273193
AHYW5HKXV2VYBDQKXWXZAKXPVMRQ,B08R5GM6YB,4.407151699066162
AG5WE3XGSKHUP326YESVMB52VDYQ,B088DT926Q,4.457336902618408
AGAGQDT6HCJJCPQQNXYWPTXKJYDQ,B0C5CT47DX,4.4074835777282715
AGXFEN4ZCEDWOKWWM62WHABQJTVA,B071DH8PW9,4.409415245056152
AG477CZTN5DXXKI4PJQL33KQYQMQ,B06XJ19VWG,4.469006061553955
AFCESPIEZZMNAOIUYWFTVRXDY4NA,B01DE4DEGK,4.580211639404297
AFEYKY4PX6MMT64Q4L57K5VWZ6LA,B0088DXS14,4.457706928253174
AEUFCTMP25QBJ4AB2AN5LKHR53WA,B0BPJ4Q6FJ,4.6109089851379395
AHPPNXBRVHYJ4U5ULMVS62PKMWWA,B08P4W7NFP,4.420315742492676
AHC7I2RQ6MAL3UUOMHTOVKQQX4GA,B00WJ3GS16,4.4255757331848145
AGB3CWNAGKSYFS5HSMIEGF4MU3HA,B00OGMD0VE,4.467747688293457
AHQQRRBAO2QYRA5LG5E7OJYAQE6A,B07K66L4VL,4.520544052124023
AF3NJDOTMG7BRKDLV6UM7GHFC7XQ,B0027V760M,4.217223167419434
AHJOGKL3G262UFCW5UVYX7TOJ26Q,B0C67HCGBR,4.725117206573486
AGXCV25HDW4JXI5QQSJTIZUHPRHQ,B07NKRZ1KQ,4.604909896850586
AHSJ73XC3DMN6FGEHNJ6HI2L2WLQ,B0C9D7W4SM,4.432091236114502
AHCDQKCODVZFMU37AXNWP4ZO5DWA,B0B9XP5VFW,4.412524223327637
AGDX76QOOHVAXJJMSBNSJHJV6LKQ,B00OGMD0VE,4.467099666595459
AHT2FXCCVPDKKIMQ6S7AVHQ4ZNSA,B0B7WSSX8T,4.377950668334961
AFUA3AH4YS6GAL2QJCM6TLUMIPEQ,B0BM71QK8M,4.442162036895752
AE2OU3FDXOGNHVIXGRKRHY6YTMMQ,B015JTEBN8,4.517673015594482
AFVSFT434NS24FVRSL3E32JMPNAQ,B099NYHNRG,4.695995330810547
AEY2D6S47J7ZNE5B5WHDGOMTBDRA,B0BRSKMZVV,4.4782819747924805
AE5VUD3ZALJSYNWAHP3AEWSFJQ3A,B01LVXY4GF,4.457849979400635
AGODDVRWGAQPWOIVFD4V76XIST3A,B0BCXRJCL2,4.498043537139893
AF67UFXPM24ELQQMDH7UVQLDRJVQ,B07YMGPV7P,4.568702697753906
AHTWAINQI4ZDZA7GPISHQGC6LH6Q,B00INK6PIU,4.51172399520874
AFLCWNNFONDAF7WYBT6BHG22ITRA,B09BF8XDF4,4.644673824310303
AHOPM2RGN6VXHKOR2NCYQ6EGTAYQ,B085HGYN4C,4.505658149719238
AEIPLIP6FHRY6D3IMF4MM4ANWLYQ,B002MWIVNM,4.508752822875977
AE4XDOLOLDHCE3JLFPIOCU2CDPVQ,B0B819R6CN,4.520934581756592
AG6ATLCKETNYRKL6GCQV35CSSGPA,B06Y6BCX7B,4.432620048522949
AE2ML65H4XYB6KGEUWIPA6KQJXLQ,B000ARHGSC,4.519343852996826
AEH7IOTDSZGSZLE74R7YMFXFZD6A,B0B3NJ1TDB,4.414356708526611
AHYU5PQSGXDZ6V7F6UUG6LX5HJRA,B005H2007E,4.400278091430664
AF3XBNK46KFV5SZF5WYV6Z4EFIWQ,B07S1SP7LY,4.403017997741699
AFQY322LW2MXVICDXMZ4QFWAGP7Q,B0B291RR9J,4.490773677825928
AH5BGSPUSM5ZKUHBSEHRDPDSNLJQ,B004HR892I,4.566375732421875
AHSZYTQBIGNBWEXCZV4YMR3A5CCQ,B003XNTQWO,4.461239814758301
AEO6OEASYX5JVYAWEGXFZ5UPBDIA,B08T9CCXZB,4.5425944328308105
AEL275DNGFTFLIFSPTKDR6VJECUQ,B003Y5BVN8,4.4208855628967285
AGGRZR7RQQXUDJIVEWFEBD2CNTVQ,B0BYXJ6JKZ,4.390857696533203
AF7HJLFM2MIP6HPGUFFQFRPITXDQ,B01FS4JNVY,4.483705520629883
AFJC44PF7YHE6P47UU5LX2NDOEZA,B003B07LI0,4.545448303222656
AEAFJUXBROINGNN4KCQGS3V2EMAA,B08HHVYGV5,4.42877721786499
AEOWIXLCWGPLFJ5FAAIVMNJKZTSA,B0064RTSUQ,4.504003047943115
AG5CLB4M2P4GCGANQS4WS3JGHFOQ,B078KGLKH3,4.357228755950928
AHKFXYFQXGWQPZ22R34O6P6YSMBA,B07CYRYQ8G,4.396187782287598
AGTIWTOM2GUUFVUU3FBFTFZBI6HA,B07HKYZTX6,4.460286617279053
AGKFP6RGI2I45OUK4CHQ3YZO524Q,B09V91H5XM,4.501287460327148
AESOEDJVQQA5P7WROKE4ZLCMD7CQ,B09TPZN5JJ,4.549532413482666
AFAQBC3T4TZUBO2BZJFSGQX7ZT5Q,B0BXT6TL22,4.424551486968994
AGNAP3VRTXIECI3MGMEMF3B6V4XQ,B0BZK3X11C,4.425244331359863
AHXC7JEUXRETZUDFXR3SAD336P7A,B015IJIO5U,4.405125141143799
AHOKAI6XL4KDSK2EZRV6J2XDIXLA,B09857JRP2,4.750779151916504
AFQGRZFAOTLBDPYOLT462I732ICQ,B0B92LPGD2,4.5169548988342285
AHXRF6W7ESUNDFKBSQJSP6VJ2F2A,B09T7NX5K7,4.446001052856445
AE3SKTQCCNKB4GYG5RUDUJCGXQCA,B079QHC29R,4.511043548583984
AFI35SPJJX54G2T3CW4CRH7D3WLA,B00CP3GQQW,4.305460453033447
AE2UV6XH56H44OZBF3FY3IBS37TA,B0B56MCNBL,4.480907440185547
AGTQQMW7HNFMXJILBOBFZAAA5D5A,B01LXTBO7B,4.463048458099365
AEISZPMG4E633J4IM4ZGFLUVCGWA,B07FYL7LW1,4.510229587554932
AHGPT5QIALNVAPT4FQBEUBWKEHOQ,B003YJQX1O,4.421830654144287
AEJHSRQR2RW2BG4LUTTZMXBCOJWA,B07FYCR5H2,4.51602840423584
AEMF56577VPVKT6SBZRQROSTEL7Q,B001V6BW4U,4.530744552612305
AGP4ZPYZGTJEYLYSKCQJBE5WYGSA,B0BJ3B8TXN,4.47632360458374
AHYQKMLIXHKFDHC7K2Y4JXM4YLOQ,B00M53H80K,4.446855545043945
AGIS7IZ2KTZTD7RYTKZIYAKIR67Q,B01GGUTOFE,4.398404598236084
AHXOER5GYRVR4LHHXTDAPROJKQGQ,B01DN7OI40,4.527904033660889
AGY4LSANTCTFGGXVHUO6BBDARX7A,B09WVFZPLS,4.579198360443115
AEGCEISD77PLJ5CDAXN5MLL4FPAQ,B075MCRFYZ,4.483848571777344
AFSA6YD3ACC3VQQJRNN27YN537NQ,B07CQS5DJV,4.335832595825195
AEIJO7WWMCD7DE6YQAFIB2L2QGZA,B07DK59QNR,4.4727630615234375
AGCLDTIX6BEN6YTPL2ZNULFQDQCA,B003VYBNIU,4.445507526397705
AHYKDZQIJSFNDBGMKREOKXQ3CNLA,B017VXNOK6,4.493551254272461
AHVIEHUW2JKP35YI3YAMQNTQGJXA,B00BESRB8Q,4.4630560874938965
AHBWDWVH5WANPTQ4GF2M5F46S3PA,B09RNG1MSF,4.51357364654541
AGBOSU3X2EFARU6PRHGZVYHLUKLQ,B09TPW5HSK,4.567294597625732
AEKP3YMONZP4GFRTLXJLTSEGXXFA,B0002H0BZU,4.438648700714111
AGSWTRJPZ7AVS2C33JGND5BQ6SMQ,B072LXH1V4,4.483150482177734
AFPON4DBYQNDCNYOC2UM5LXFYJIQ,B0BNCDVD4M,4.390895843505859
AHGIW4KOZ7GCGETIM5WLEGYIYPVQ,B00YIKO4CI,4.432776927947998
AHBGT6Y2NTDTMPCV4OGK4BJM7EYQ,B099NFZP4S,4.438601016998291
AFZV75N7D6JB6GXICYEYS6NOHA3A,B01DN7O97G,4.547603130340576
AE6M7H4LZHW4SPTZIDFHYYDYPAEQ,B08BJ37FNS,4.452431678771973
AHRVFOLGXQO3PSAAF7XTRWO4ZENQ,B0127V93D4,4.3858418464660645
AGEDVIBZ4U3WNWUYK2VKGDJEWPNQ,B0C3LKRRFZ,4.582637786865234
AEPIBDY5VZBDD46DVEAA5YDTJ6BQ,B00646MZHK,4.622982025146484
AGTD3IDTVYW5TDGYWPCUBDTAX76A,B004SX1BCG,4.442079544067383
AFDLRPTS3IT4XBACV2J2GFLWEHXQ,B0BLLKKFR8,4.49013090133667
AEEE6HXPTVNXEJAAL7GWHXTSU3EQ,B014F1UKI6,4.453990459442139
AE5VICOXJ6XHMLISRION3NBJ54OA,B0002H0SWQ,4.403594493865967
AEOWIXLCWGPLFJ5FAAIVMNJKZTSA,B09R2TMLJR,4.5721306800842285
AEIBJXOMYHYM2GHFZWFVH4OYSVWQ,B0BG95DG2H,4.596607208251953
AEAJFQMXRKKLUVQ3CKLPOMYPM7MA,B081H694YZ,4.454236030578613
AHWJXB2NGYU4QVDQGXXASEMTCRDA,B0002GYX5K,4.487658500671387
AEHBVSNQHWSBV5RXVHMGN3YOO4LA,B0B81D5BB4,4.537206172943115
AHI2TEVNDZXRO4VCOPF3RXRAU4ZA,B074K56PFT,4.482079982757568
AFHPDLXI5LH52OFLZSP4KUBTZ2UQ,B07G98F55T,4.478440284729004
AFT7ZNJFMLEFNPUU4FI5MATSZCKQ,B00A2H01IW,4.442233562469482
AFPOTFD5RRB6MHZQ5P5UIVG7QTBA,B00RVE9X06,4.536044597625732
AECUZZA7GWAAL7BMAEXNOTLRKVFQ,B09VP6F1DV,4.423166751861572
AG2LR6OTKY3TOO4CIH56E6JBYPWQ,B001L8NGJ2,4.568070411682129
AGENKWPB5FFH3375MDFYOGJ73QMQ,B01M72N0A6,4.429615497589111
AG2G5F3GABGI6CPVD4EL76ERFZNA,B07DWM2XSS,4.582330226898193
AGJ7RLVCMTUBOVBIHLK2TXPNJL3A,B00SZT4TTQ,4.544820785522461
AGTFVU24EZKHXUFYKLSRPB2ZUG6Q,B004UJWBL8,4.431914329528809
AGJWH7NGBBLGJBRDYD3SQ4STKN7A,B000WIPGG8,4.543898105621338
AGY53AAWLQK5O77H2YKXCURQHNTQ,B0BSGM6CQ9,4.549493312835693
AEO56G3OFK7ACPYFK57RQZPHC3MQ,B0C43X1YDH,4.372190952301025
AH2KNTQFU4DWMQIMTDLFSMRQHRYA,B0BNCDVD4M,4.386582851409912
AHNCGYAQJFC2W5N33AOVBPCOP2WQ,B07CRK35NG,4.531093120574951
AFDI3YPNNR6IN2BJIJS7RCC64V2Q,B000EAKZJ2,4.429017543792725
AEKFPM26FPOBYQO24ZSDMAW6TC7A,B0B6P55RBN,4.396688461303711
AE2ZQZNGYDIR6KW2TTLMZUD7NSBA,B095XCZXNQ,4.4490437507629395
AFAOI3QN4UWTNNWNVQOE6QQAJKBA,B018FCZKR2,4.519564151763916
AHOUKQ3IRAEAMEHDB6U4AMB366NQ,B07R28FF44,4.43051290512085
AG7PTH6BRNGOAKYFR2KUSMPVO73Q,B09857JRP2,4.747323036193848
AF63VW7YLF42A6STVGBLACD7RUWA,B09R2XFGH4,4.539056301116943
AE2GJDEGL4G6J4VCIWD2WA6FONFA,B0002KZB5C,4.5438761711120605
AH6JESOL3IE2HXVN75ODIOHNWJYA,B0002E3830,4.431265354156494
AHXOBRO2VTZ2WUA2CGIR3JXHZ7HA,B09MTHTMBB,4.468308925628662
AEG5IJCEK4RXXLTMQDHBKXKZ4LCQ,B07R3S93K8,4.417553901672363
AGK5J33TK5YZJZNMTXRINKBZ6MTQ,B00N4ZHQ14,4.475324630737305
AHNWTDM2BHT4KVCKGSQVEKXZJCBA,B0B9S8G4HD,4.448850631713867
AFMEX6I3YRYORJRHNM67XPKTSNRQ,B06XFYX3NH,4.393416881561279
AFSSGMMR4TVPLP6XTNIAHQTRB2VA,B06W9NGW7Z,4.373421669006348
AGJRSSCJDOJTCM5JPFMFWP7DNHWQ,B0BPLFP5P6,4.34165620803833
AEZZEFAXH7SOS46D4THTU3IL3D3Q,B09JJQR4LF,4.408900737762451
AGOJMG7H4PTWB3PXU46ESY6FSTDA,B00F912X96,4.418534278869629
AFHDHVQNIJO4RTZSJDPJMVLM7RNA,B015XDJB9E,4.416266918182373
AEZIWY5MGFWEIWELVGYQBFWPK4IA,B015CO3U14,4.312362194061279
AHFPGYQJW6ZOMWCS7PBJJZEZ6NVA,B07F1H422Y,4.43054723739624
AFBMVBSWVLA44QKWJPRXI4P46FFA,B003YKSKBE,4.416574954986572
AFLCXIOIKSV4RSDYOBQMA5IFYVAA,B0C4FVS3L7,4.504704475402832
AFBO4HWHVJPJUOVJXDVPHX5SOHBQ,0825603285,4.443187713623047
AF5N5ERK4YHMLXBXFXPEI5ZRS5BA,B0002F79E8,4.553894519805908
AGXWPCGLCV23BLX7CDUE2R3ZHKQA,B09VGM7F6Z,4.375220775604248
AHYEUIJWZ2KNFA3G4OPBRTVO5TKA,B001FSZR4U,4.404815196990967
AGSNQ7JEBI4O2XKWGXEIDNFYMGUQ,B000V1K7FG,4.3137006759643555
AFLDO6CCUQ6JJHFAVR3GIFNXUKEQ,B0C1MHGKHN,4.439813137054443
AEYHALMBBXTLHMCBZTNNDW7A4PXA,B015WUVA5G,4.543781757354736
AFJW6DSMMDZF45UIFAT6VPYL74HA,B000NUXNWE,4.406959533691406
AETH35ROJEF7T2FERRHTTSSQY4OQ,B07MG78TDT,4.49793815612793
AFKXLVV6Y223XWWFAGFRH7ZG5AVA,B09DR91XCS,4.463399410247803
AH5MZVAOBU2PWPJ2G663BY5S2R5A,B0049SBVLG,4.439462184906006
AHQ3WFXQLPDHTV3BPXJH3COHLUHQ,B09TRX519R,4.577236175537109
AFND2J7ISWIQT2WGEBO6OQA422AQ,B01JJP7NII,4.452996730804443
AGBDQQNDS4TSYXHOB3WCWARDO5OQ,B01M8N618U,4.498702049255371
AEWLK6HFFQ44AJIC4YHECUU7L4QA,B001CIZA8G,4.3816070556640625
AHU4TGHXLUATFJ2AYXXXCCCZOQ6Q,B0002D01K4,4.457313060760498
AGQGQNKQEUZLXVMAD37CUFLLGMMA,B08CMHD5HG,4.555814743041992
AETH5XE2ZFEB54ARJBP35D2CZLPA,B07Z63HSZ3,4.45443868637085
AFHURQAVXVFY6SNPFIJGQPGF76SA,B01EUTJ4IK,4.42747163772583
AF4JAA4MOJFTMLCC4754CWXJBUSQ,B013NDP2TY,4.499772548675537
AHNC3B46PPIQWP6XOAQPIRP6SLNQ,B06XNBTLHC,4.448585510253906
AHWAYCEX3NCWJD32JTFVBFXKUHOQ,B0B8Z5LTZ2,4.5711541175842285
AGVZDCTSOOTVZRWGFFGHDFBGM4PA,B07D5W5X3Z,4.546159267425537
AFOLSP6IGSO6M7NB43OTQIH3BG7Q,B09NWCD36N,4.569441795349121
AEWBPLYRC5TPLQ4ZASZFKZSVAJMQ,B07K2KX3P8,4.481317520141602
AGO4PWTACG5H4W63S3WT7CD7XDQA,B0C6MW897N,4.539250373840332
AF63XHUFXPDT7TIMND6IIJTDGZ2Q,B079GW2PNY,4.291292190551758
AEGKJTQWHGBIOTO34OB3GKIGCN7A,B0B1ZW83N8,4.409966945648193
AFMK4SIFYYQISG2YVU2U2FOCQIVA,B09857JRP2,4.750947952270508
AFWH2ZHBRF7EKVOCO5QLDI6XWNXA,B07BLZX73S,4.394328594207764
AEWZE5LGZEF6Q6TJC2LJKOSKIWQQ,B09R72Y5G6,4.551901817321777
AGYV6AFXZR5TFYH7B5FLJX3DPYNA,B08DJC4SYP,4.504170894622803
AH4HLCDFTQ3ZZVAR7SBVN3MCZESQ,B071KTZ35D,4.496516704559326
AEDCV22P7AK6YFEWB2UU6XD4OBAQ,B07FYL7LW1,4.499950408935547
AH7W2JX47IXC5XFHOQQEV3IYJKSQ,B017NT392Q,4.444809436798096
AEVSFWRNQ32ALSVAVBSBT2C5RARA,B07QCMSZSN,4.408635139465332
AFO6G74UZDWO4UYRBLXEAHR6EUKA,B073NZDH1J,4.408812046051025
AGNEJAU2YSULDNEJHFJKZ3WLDIQA,B001T9O60Q,4.26815938949585
AFOGHZMFR7M2CNXJLX3YK6UV22JQ,B003BGXW50,4.45249080657959
AHKFVHWN2TKMOHOZH2VKUVOCMUSQ,B002P9LCYM,4.442694187164307
AF6B2MHYX44NXIJKLOQHXTUE54EA,B07KFNST7G,4.459909439086914
AFGSTWVYRRQY7XSNKMVPLEAX4UEA,B01JJQA4M4,4.420971870422363
AF5PM3LODZ3TCXBESCMRC33V26SA,B00C5QMVI6,4.545132160186768
AEB5NDWYIGALIJTOMT6ZSYN6AJDA,B007CRBQPW,4.370039939880371
AHZNM2IO247WOE2HB6HFHNCK46IQ,B09SNBQCM8,4.573231220245361
AED6Y66JGGJEBPEBHU637IJMNAOQ,B06X9VC2VP,4.468748092651367
AHMJHVELMSTY3G3EGBGAIBACNORA,B00WJ3K3QW,4.485596656799316
AFRCFSZ5JBGD4BKHAEJB64QGGLHA,B014U5O8NA,4.43202018737793
AHNSPXAYSM6UVQ22WMIUMSJUCVDA,B0B41JFP9C,4.4494948387146
AG5RBEM2ZWF4A6QLBNCGV7FJKWNQ,B01IP4ENCS,4.387724876403809
AHKV3LJQFB3P6EX6VYJBCKB2CLRQ,B00Q0OWR9M,4.441239356994629
AHCZPXH25LJYENL4VJGYRB4AKGOA,B00IZA1GI2,4.555452346801758
AGU422YBQTIXMFR3WYLVUXUXCXHA,B00HY657E2,4.267704963684082
AHODQCCIMHNRFD2VGSHLFOBRN5HQ,B097Q9W8MW,4.417048454284668
AFGDOWXYBXW46W56NEVSOPWFKLWA,B08M3Z4WD6,4.436898708343506
AER3THLOZ7KZ6X6L3ACFZTTHDTCA,B0BCXL2V52,4.5205535888671875
AFMCJFEPXSDR6CBD6JAFUNDNIPUQ,B07GDTH9RF,4.3823018074035645
AGD3XHJMPIXR572HP2NKUKPBAZFQ,B0716DK86D,4.426914691925049
AFLYGYD5JBG32JDSBOQIGJTBL3OQ,B00T0S0SPU,4.426095485687256
AHX5YR6R6MXIMS557XKXSE5WHUIA,B071HN5TQ5,4.445910930633545
AFFG2JPG26ZBNF7GPDSPPBVBXOIA,B0BS1QYSFS,4.329322814941406
AFO6T767OXV24YU65XUACO4O6DJQ,B097FMTZCP,4.350127220153809
AEDJWFGRV2TQQ4MBPEW2HWXBIJQQ,B00E3X5USC,4.442582130432129
AGTCUHA2OI32ONK5LE4CFG6JZFUQ,B079QDMQHF,4.535981178283691
AEZNCOTOACFQXLFM4MXKSQW6SFKQ,B0B9XPLGMD,4.503198146820068
AGBCLRMS7OW3N3T44GO6W6M6RNBA,B0002F71RI,4.459359645843506
AHICPR4QVQ5FMDFSESYDMTT3BDZQ,B0BKZ22NHL,4.476632118225098
AEVGXRRI7C6LGQI54Z73I6CNORZQ,B0BW43P2H7,4.519707202911377
AFYWMY47CRZXSP4PJYTOQX5BCEDA,B07KG3SDZK,4.448330402374268
AFQL4A6YCBYDIPUPWTIH6VRIJ4IQ,B015WD6FIK,4.2879862785339355
AFVSSJ5QSQBZBTAVR5XHF6UQQVBA,B07ND4BBX3,4.298669338226318
AFR53WLNPUC3EQFBXCGL2NU3YEWQ,B0149GFCX0,4.558676242828369
AG2WY45W3ZZ7FJHO36GRV2VSO6DQ,B0BTC9YJ2W,4.570981502532959
AE3CYBE7XGSBDNQPILWXQ253LHXQ,B0B8F6LD9F,4.601963043212891
AG5PP3I6IT3W633ME2FGKGG3SDAA,B0BJ8WDC13,4.525394439697266
AGM3CUPVBROSWBFPGWSNUXHLPL4Q,B088DD5M4V,4.545254707336426
AEQT2EJM64SZEGP7E36GKCAYZQOA,B01DN7OLJC,4.549550533294678
AFLHFZVJG5BOHMDGWC3SS32O3YDA,B01DK40R3M,4.540857791900635
AEQC4GLQROXYW36PX5IVD4AQKMRA,B095XZJ99J,4.566741943359375
AFUGYX2OIIUMI5C5DMYZHUYO2XVQ,B0749K3CB5,4.461180686950684
AENNSMZVV5RYNFMIVY757EXBYLQA,B07SJ1Q4GP,4.46837854385376
AF2RWUHNSVTHNBRI2UEE7PBQXJMQ,B00SVRLQSE,4.277407646179199
AG3FOC23LZJXWOVFAADAFZWSX73Q,B014W0L7ZU,4.43366813659668
AF7LX5UI7Y7KKCAW7UKW3JUZKTEQ,B072PWKPLW,4.408835411071777
AHLTZFMLFGCDEDDGBNX6YPMQIMPQ,B072MLFW5B,4.441181659698486
AFBS7KQ5Q7H3GFT3GA6OQA6EJUEQ,B07RBZHDT7,4.452978610992432
AGAPBHWCP4ZRSGTPHPWJCCRXYTOQ,B0871YN75N,4.46622371673584
AE3YJLLDWOWFD5RY3HVYZCZKUMIA,B01NANTPE9,4.433735370635986
AES2EMOE2IMYPHWUU2EBRMLF5V7Q,B0007U9SOC,4.390495300292969
AHWQWO3TDGHGSTCGTU77TE5AITKQ,B074CM9YNY,4.481560230255127
AHMYVVPBU7WI6SP5MNABEHF3LEKQ,B0BLLKKFR8,4.477941989898682
AE4SCUJHWKFLMXTAJNZ266VZTS2A,B07BSZNKTM,4.430023670196533
AGU6IQXE2QIAP2HSVICFNCYV6VDQ,B096K2LZKH,4.542336940765381
AEAZAEUOYT2WUSTFLXI5Q7R2CSFA,B08LVRB74Q,4.293325424194336
AFFRCOTU354SFF2TWTMJSVJ3T5HA,B0794JD1DJ,4.4113969802856445
AGF4HJUL2X2KSJ3DBYZVSBYSNXUQ,B00F0GQ6TS,4.411259651184082
AGYUWXZSOKQS2IEGKKTXD7EEBRDQ,B07N3146QF,4.525660037994385
AHLERLIKFEZ7VZPC6SVYMVSRPRYA,B0BKQ2VGP1,4.546873569488525
AHN535MBJTI4BGLTUORFR3TLABLA,B015WUVA5G,4.542545795440674
AE5XWGBISMIFLQR5SQHX5GR22HRA,B06X3XT47P,4.465994358062744
AHHNKFG33VHQKC2DMXQOXDUFJXVA,B08QTSGNNQ,4.391974449157715
AEMOYADP2JOCWPFFSQD5XOHPNCCQ,B073C9Z8HV,4.4096269607543945
AE72UOL7UVRMIPJRHY6A4FSQKJVA,B0158GWWJ2,4.526865005493164
AEGFQ5OD5RN4XKYGLAWEDH6JLQXQ,B07RYBJN7K,4.4283905029296875
AFDTO24ABREOG7VZHGM5MUINEONQ,B07FM97YFY,4.441557884216309
AG6HQSBJPDWOKGKM6F5V2NAZ273A,B08BW2TBD7,4.471570014953613
AEYGHK2XKWN6SJ3ZDSSP4CSKDZIA,B08HHVYGV5,4.43372106552124
AET456SV5KEEOBGGHEAHTRNEG52Q,B096FZ5TKG,4.557199001312256
AF5C2VN2T3YFMG37IF6UNYL32GCA,B001OICJCE,4.531345844268799
AFM2K5Z6FN65NXDAT3G7ZLFW33SA,B01N5QJ0LE,4.437378883361816
AEVDN7DRDHN53ZPMTZPRZKGNGMMQ,B0057IVKT0,4.427822589874268
AEASD7QIONBITO7SNEDXKJEEACEQ,B07HF4ZCGS,4.435341835021973
AEMOKFRDML3SWYB7DCLK6ZW7544A,B003D3OCD2,4.445800304412842
AFSHT66OVN4NTDOFPDUZEVBLBJDA,B09SH9C3S1,4.459862232208252
AE4N5XPX57OH6MC5A6I7YMQ2WCFA,B00X7DDGBW,4.484015941619873
AEW2LO2YEEIWZ2V7CPL7Q6JBM4HQ,B014F1UKI6,4.451481819152832
AFOBI6TL5KJZ4PXECZXGF23V6JPA,B00X7DCM4Y,4.394201755523682
AH5PPNPBIL5VFASDP5QMDCUNXRPA,B07N5NMWXK,4.579082489013672
AESCPQD5RHHP65UTHAGCQDE7BUAQ,B0BT2XJDBM,4.557895660400391
AEOK4T53CV2V3HI4NFDOAOCRH3EQ,B096X4XB5N,4.453341960906982
AE62AMAAHZN3XHVPSHWXPWHVPYIA,B0BHSG5C3G,4.565802574157715
AEOGRG7N4WAUYTPHEZ4QMHNZJ3MQ,B07MDPF4SZ,4.4714226722717285
AFSTKZ46JMFZCWEDBL76K6B5OLKQ,B0BQ4WFDFS,4.457851886749268
AHINDSRNO2KD7WSUIYLNE6FJ42QQ,B0107BCV1M,4.481050491333008
AHOEAFR76BBEHYKBUJOARRUUZXUQ,B00FI2PE1U,4.517198085784912
AEURYFHY5UKJWCTOYPJD3D2XLJLQ,B00BYI3UMC,4.495709419250488
AFBU2OKYDAWEKQZSGU4KWUMXUTOQ,B0C67HCGBR,4.72694206237793
AG23AW56WZ7KPYYAS4A3YUDTYWCQ,B00JL5IECG,4.550448417663574
AFXVBB7QDI45CCQ36S3NDGP5JXZQ,B07JNKY9T8,4.417202949523926
AHWSQSOLW3R4BI2CGU76ZR37CJ4A,B0942NY5J9,4.417907238006592
AGWLUHYZ2M4P4NPMOJCJGKL4UXEQ,B00NPAMDQ6,4.547369480133057
AHMO7X3QGRNEGQ7CKZQ5ABAEERMQ,B07S9X47LT,4.43519401550293
AGNOV6KYFMFE746R43PI27PCMTBQ,B07CQS5BMH,4.540585517883301
AETHP2JY3WDR3UG7KPK56LIWJQVA,B01DXVB4RU,4.550204753875732
AEMR3TT6O5MSIMI56SR33RIWQQBA,B0BDQVNX4K,4.499939918518066
AGYVINGW4VBWAX5UHWUCW6AEJSWQ,B0046VXQQE,4.455436706542969
AE4YC2QFG5TC3AE4FH52VWIKLBZQ,B00FSSU41Y,4.537689685821533
AEQQZFX3NNGWSP26RJ5KPECI45KA,B01N1UI8V7,4.428598403930664
AE4LK4DLHJSEYO2HJ6NONKZUGOKA,B00TWHTFSU,4.464573860168457
AHNLPXSGHTX3G72AKOF4CXARGDPQ,B000UV8I7Q,4.402950286865234
AE6E6YBBMXS5CQLQ3ML5DQJPNWJA,B0C61GDMJL,4.495053291320801
AGXFCJEB7DMPI4TWBCCG5SRU4NHQ,B0002CZYHK,4.54435396194458
AEPLYYM44R77PXEBCICPCGEKCO3Q,B00646MZHK,4.628633975982666
AGTNSOHIGESRMHSBEE7OZHP5X2LA,B01JB0SPEC,4.575724124908447
AEOBPIPUOOQUGQEXNMBWZYEC2XIA,B00H05ZVZ2,4.445479393005371
AEVZHIZGHRVIPJBVV67RVR7GGYZQ,B0BTC9YJ2W,4.564248085021973
AELA7SBKIKMMMFOSMPOM55GE7GEA,B01HCHDOTM,4.470205307006836
AEBF2QAX2TLFF4T5ZKMXAIRKVSEQ,B09SNBQCM8,4.566573619842529
AHWRNYOWY4IRKGIMFKZGO55XSKQQ,B075RB1KN7,4.357944965362549
AHMOULZUCO4KAUY65VQ6JXCHBNSQ,B09R6KV6QX,4.57927942276001
AHHHSIYHURY6KKWGLTMN7Q3JSBPA,B078Q678C9,4.398871898651123
AFKVKVRQRTZLQ4B2MBRH6IEAZK4Q,B0B1DPY481,4.432530879974365
AHTYMUVELACPSPGNXH2TH4WEQWVQ,B015JTEBN8,4.521236419677734
AHP5XNYCMUTWMYVSJVAKWF663ZFA,B01E6T56EA,4.413331508636475
AGF2BWWRJBXNSO6N3YHTFFCWCL7A,B01MYTO85F,4.467940330505371
AF736W3YRCLMP6KMKVZV5HN2KC6Q,B017P7Z2QC,4.439177513122559
AE52EI65PJ5YA3CQ6HEFTQSRK7AA,B00WJ3HL5I,4.408923149108887
AEIGSLLO5UNOBNT353NGRYGORJLQ,B06Y2W66F5,4.457193374633789
AHROMV7LJFWNQYS3U7N2ULAMO5MQ,B000J5UEGQ,4.31581974029541
AHQMOFC4UGTF2S5NS73PPOG2T2YA,B08RXRQFRJ,4.439388751983643
AFKZTCN4BNEKHAJQARBTQ4RZVETQ,B0BTC9YJ2W,4.555760383605957
AE67KRP7JRFPJCOOMV2YPN7KIABA,B01MROS266,4.42931604385376
AGSJH7NWOOEERC2GJAWK2MM7HZUA,B007T8CUNG,4.255314350128174
AG5F4B4NU6DRMAKP743BDE5S3T5Q,B0BT9R8MMV,4.528244972229004
AHUWTBLGZWOIE4OYFO56IOXKJMOQ,B00OGZVTZA,4.435142993927002
AGT4KD3LUBVFSDI4WG2W2YW5GMNQ,B0002F6W1Y,4.439521312713623
AFJC44PF7YHE6P47UU5LX2NDOEZA,B00WJ3HL5I,4.422511577606201
AGUNY4JT3NXKCFYWAZ7O6SF22MPQ,B0BXT2WN33,4.4627861976623535
AHRFTXV4YF7A7C3V2I7JNZIJ4OBQ,B01N5QJ0LE,4.460690021514893
AFVDSO7FDJY6PZTIVD4GQC4BI5JQ,B0C15FYC5V,4.422973155975342
AEX76EATB2LATCHN6WDMPBHRJHWA,B08C7QF9DT,4.427031517028809
AG3OCQFEBTOET7ZBF5LVSBKLDA6A,B073RTT48C,4.495167255401611
AHQOMLZZJAA7TWN4XUHON6RIRC4A,B00SKI0HSO,4.466892242431641
AF3TDYWL7K5SP5QCBPPUDK5U3N3Q,B07BC4KMQK,4.40641450881958
AFTTSALKKCUNXGMGV2LGQUP5SXYA,B008AWPI1Q,4.420439720153809
AGOI33LLDPZDPGEEZ7YYC3YHZXJQ,B00IPGXZMG,4.5487446784973145
AFEOZ2IHJAKVNIAWLKJRFLTPNCQA,B09PRKZ6FN,4.434347152709961
AGMNTBFYYGI66QEZJ4KX5ZMHSRXA,B0002F519I,4.491815567016602
AEHEOPLYLFLYGKX7YR42SGHAVTVA,B07T4TKLW2,4.352175235748291
AFKGRP4MXTNT4YFHIWX67RNARIJA,B09NNCSVQW,4.387113571166992
AH6LZMLMHAU5AHGSA7G7E5VEIUNA,B01K1EJQ9U,4.565135955810547
AHQXZXO3N2WPKJCIUWXLBD4HU66A,B07T3GZVMD,4.446282386779785
AGUBDGORAUUMXUWCP636WEUVYSFA,B077Y6MY66,4.412747859954834
AFUI2YSEV5HZ2PTVF5UF6OO3L5GQ,B07BZ2FZ8V,4.515988826751709
AE6LEIMRX3UITDDKY2HLBITPFXCA,B004XNK7AI,4.619500637054443
AGYBMTZDIVSRQ3KD43OAYPHJY6SQ,B00WE6INNY,4.448568344116211
AHFLBU62G7X62WE6T7C2HHK2G2IA,B0B755Y6DB,4.411239147186279
AETXBM35I6ZQSJIRG5WNJOQURSWQ,B01LYJMHXV,4.454598426818848
AGYK2YYS35CDU2Z77ZQR7L3IAX4Q,B07KRZ1HH8,4.415191173553467
AGC4PLLCQH7KL42INYQDANWLJDCQ,B09YYB7MNN,4.456618785858154
AHG3AYMNGTARJCPKJWXYHRD4LNYA,B072226Z5Q,4.4741082191467285
AFZYOSEV23R7RSHV7GX2WORLJSMQ,B0BSGM6CQ9,4.564731121063232
AF7LDTPGNFMGMP3YLBCCBQG3PVIA,B0040FJ27S,4.442105770111084
AGYZBADUFDGUWJZ2SHEZAU5LVPNQ,B017MHXV3G,4.500843524932861
AG7LQUQVFTQT4Z7O7R4ZW3QHDTEQ,B005M0CK9M,4.286192417144775
AFY6S76BX5UYVS3ADFKJOWISF33A,B00TQZN1LU,4.463425159454346
AHWUG5BIUQWHO6KPODY2QJFFQYWQ,B0BLZD2X18,4.569240570068359
AHF4JEWQEROLVQZJJHSI67KKWTFA,B006XXT8EW,4.247533321380615
AFKVQRYREQIOY53LVNLH2MMIMQSA,B07BZX9BCS,4.458523750305176
AFJBPPUHABKT3NK4CCTZGI22UDVQ,B07NDLJJSM,4.498878479003906
AEFGZF5QAI7IQGZBFPBES2TPTRLA,B07N83Z3W7,4.438956260681152
AGMKC4KFENDHDKVSQ63X6Z6T26NQ,B004XNK7AI,4.610863208770752
AFWET6TGZFBZOJUGGD6MVRCS7ZKQ,B0C5CTX5LZ,4.379200458526611
AHJ3SHJX5Z5T2KPEAHQSFDQB5KIA,B07711ZF5C,4.49058723449707
AFYXC6LKP472MEO5OS2ICSPIUNOA,B0C13HVDVZ,4.443171501159668
AHO3TW34BLH3DMMGC76PPSBHLCNA,B007ZXWQ8E,4.370883941650391
AEP2JJUCKG6NBVBQHCL3NVQ56WGA,B0BPKH7FJ2,4.541793346405029
AERBARCVGO4LQ7S3GH4V54N7RLWA,B07F7NXL8V,4.3833794593811035
AG6ATLCKETNYRKL6GCQV35CSSGPA,B0185B3CC8,4.474574565887451
AEHIXSVSO4RBFXKO6MHNNBRQGQ3A,B00IFOTSJW,4.593286991119385
AHZ6MKX4PCYOZVXLCONRCQSJ44BA,B07FYYS5ZP,4.523365020751953
AEWMLY6PKKJ4CSTYPEKASWTFQKNQ,B006UOSUDE,4.542806625366211
AH3GNKLWTDPCG42PLQ2SRYMK3KEA,B01E6T50GY,4.412176132202148
AFP72GJTYILTZLC6PNWWFK5GSUZA,B0179A4ILK,4.4521894454956055
AH3GZCPR5LYWRN2IOMZUU3RGWRJA,B09KR857F4,4.394052982330322
AEXDYLC23FPJTOSHWXNWSKQXNNWA,B0BKZ7M5VG,4.540538311004639
AHWGBAKH7QDCPMELIEXWWO7NBK7A,B0791FNPTK,4.443665027618408
AELHFSFNZGMUKRQ6Q2MYN367HZUA,B074WXM13T,4.5115814208984375
AH62HWTT7MJCJM7V2B5LS2VTQBRQ,B01DN7OLJC,4.5223069190979
AF6R3LIPXBFWYQ4LORVCRLABXEYQ,B09BF8XDF4,4.62543249130249
AE7QA3XEZT6PIARLAAMXT7CQ2ZPA,B0C4S58NLX,4.532629013061523
AGTZNQAFNN3NQROPNHH7667W6FIQ,B0CCK4YYNM,4.413691997528076
AHSX5YF55LYO3M2ODEKTHCHGYQ4A,B072FDH5X7,4.376370429992676
AE6J5SM42A2IFBSSJYIJUPAQKZPA,B00IFOTSJW,4.595098972320557
AGER7EQMAWQFG62IC6MVLVZ4DRXA,B07H87XJ19,4.506994247436523
AHLCZHLUH342KHICKOLCIHQ5CY3Q,B005FIFM14,4.468893527984619
AGB5Y66IQLZTKJIL5F4OSVP3QB2Q,B0BYXVCSGG,4.274806976318359
AEC6HKN4R2TU4G3ZZX726K7CKV3A,B0BX8VJYMD,4.396009922027588
AHBTL2SUNMBXHTYOVE6KMIKWX4RQ,B09P3ZVLV8,4.42972469329834
AHYQKMLIXHKFDHC7K2Y4JXM4YLOQ,B0C5CTX5LZ,4.38849401473999
AERXAGU6PAY74OIAVZQKU5ONB3NA,B074KPCGYL,4.351041316986084
AH4RCREW6GITBHUORQSYDFJ2LATQ,B09857JRP2,4.7485432624816895
AFFIQP6E3XTFNIZZL7VXRBSPMUCA,B095F3NRQW,4.431826591491699
AGOTIZH7DO5TBSSAKDOMYQKDMDSA,B0C59PH5R1,4.473729133605957
AGM6UGKARSLRPCQME3Q2VEQ7IP7Q,B01LEZVYZO,4.335184097290039
AF6NGFPCRFC2H2DNAUQGLTSNSDMQ,B081YCXDFF,4.389927864074707
AG5IDHF3GQJ66NX4SUVVMD6AJCWQ,B0BKZ6JR1L,4.453902244567871
AEBC453QY3X2W74ZLA4Y2GXS7F3Q,B00N19LGZ0,4.427767276763916
AGMF7KUX766SMMOL5OBOMUR3LHYA,B00N5TH2H2,4.453013896942139
AECCI3ZAQSDKRBTIG2BWZSCHYY6Q,B008L3SXE8,4.518428325653076
AETT5NPJAVOQMSCUYMTAVCYIXEFQ,B0002D0KG4,4.473018169403076
AEFVKIUKD6UM4GULEUGTGMFHATKA,B00B0AQHVA,4.5484514236450195
AF4WQYIS54RCMKCU4W4OTSHUM3YA,B09XHQF17H,4.401299953460693
AGMTCMP27WCMMXZ3R3FJ5F4KDABA,B01N5KND14,4.442749500274658
AEIGNQD2PURKBD57LI4CYPUF2SNA,B005GJIV2Y,4.499776840209961
AHLPCSTKZELWVAFPEYEPO4DEO7JA,B0BLM3QHRL,4.560188293457031
AHSXBC5P55TQZXDNPWOVXQWCCWDQ,B0C1MHGKHN,4.433101654052734
AHEA7BJ6ZQXRD2TT6IZA5D7IRONA,B001LTZZSG,4.4367995262146
AF43J3HR4DGZRQBRCLPAOCPMRVOA,B01LYJMH9P,4.491217136383057
AEOG5GP4YYOR6T7H4DTLTH5VXEVA,B09M7P8SBH,4.530211925506592
AGNK3RRZXRG4YBKIVOD4ACN2LEVQ,B001RNOHHG,4.420540809631348
AF2WG7KCZB65GI6JZQ7ZKZNODHZA,B06Y17CPDF,4.415123462677002
AG7FHTSKKWZB234EAOMCSKNZU3OQ,B00B6WZGHS,4.417764186859131
AGDD5QGNAAFBEIVL7YFCCK7K66PQ,B015M92GZ0,4.426586151123047
AGOZQASAETUICMSSSZFV2JETPRHQ,B075CSHLYH,4.419914245605469
AF2GPIP26H7E5EHDWC6P7RKZ3OUQ,B0BGQZNQ53,4.3812971115112305
AGW4GB2VIHMPVRKK35QXA5PY5O7A,B0161CIA4S,4.417327880859375
AE23WLBRYKEC67DM43M6E2MF7GPQ,B06X9YBVXS,4.46176290512085
AEHRLD5AHMB24TKVH2GPF3J4DITQ,B00T3SR9ZO,4.483767032623291
AEAKXE5BOXEQ7TWLHV7FSN7RBMYA,B08Y6PVK2L,4.396001815795898
AGRYDY7V7RLYLKDBPMIOCLIZB35Q,B000EEHKVY,4.502579689025879
AEXXLUPKAUXOW3H2CAYAJ2HUTZ7A,B016X2ELIU,4.514655590057373
AFTSLSIU54LZW6QUBJSGCT3XIO6Q,B07GFH8NTB,4.617577075958252
AGEIEJ2JRX24OMQOGY6MNJBWUL7Q,B0002KYXTM,4.305929183959961
AFDJSTTQE46AM53MEJHPPHLLXV5A,B095T7S12G,4.45658540725708
AFYOJ4GGMPJF6RQZR5SIO6VHVU7Q,B072JVYTHS,4.448971748352051
AGGV2GVENYI34JRAGOSUUEFNDXUA,B004XNK7AI,4.615827560424805
AF6L5ZQD3WBL2P7ZN5VAFMABWMHQ,B07MG59N55,4.4458513259887695
AECIT3NMW6RKABFS6YOCYX4YUYOQ,B08CGCWGH8,4.430192470550537
AHIGZMUGQ4GXV6NJYZZI6H6D2XIQ,B0BT2ZRCY2,4.5154900550842285
AHTYFGUR2T4BVOCZL4AKNRAPS3AA,B00WJ3HL5I,4.43065071105957
AHJBRDZIS3BYBISIRTW4ONRLNJMA,B06WRTGSFR,4.42197322845459
AGMYRILPTJDOK7WL5OYHYGRYVXMQ,B08T9CCXZB,4.549055576324463
AFUI2YSEV5HZ2PTVF5UF6OO3L5GQ,B004J0A264,4.4927849769592285
AFCIKDOY5R5VUPEJWABYXT2G4OQA,B00XH2Q9TO,4.473230838775635
AHSHUIZHSPWYY3OD3PI56MSBKZ4Q,B0BLLKKFR8,4.45311975479126
AFKDAELWZIYXQVIHJ26ZQNZ3YYFA,B0C61YVW2S,4.3242340087890625
AFEZOYIBJEQRPPIKLS4GYEZMPPQQ,B00LTDOL02,4.456287860870361
AHUXXNY2JWBI6E5TXSK6TABTFZFA,B07CPW22H8,4.199408054351807
AGMFWVTOPGGJ372CLWZJZSAIVTGQ,B075MPFFRV,4.470946311950684
AFJLRQ5GNY7J4FOI2ERRIF44XUOA,B07DV6NLYF,4.543524742126465
AHQGNOWJSKABAXNAK4KZ7SMBP46A,B09S2Y4MMC,4.563284873962402
AGXTFGO7KXIW257RRFLSA3C5VRWA,B0BKZ1KXLM,4.558809280395508
AFHDRQARWLYK6JXI3MX2A7YS3L4Q,B0002ZO3LU,4.463743209838867
AHI65GFGKZCOZW6XX2TNNADXA7AA,B07G7HLSS1,4.436589241027832
AFO3EVBFEP7ZQG3IE7BLT7W2F5KQ,B09WCL5QKV,4.48228120803833
AFUSXKAOKI3SI37XQSR7DQO74YOQ,B0BT352YQ8,4.432057857513428
AFZFAXZHDVNKI5DUH6FB5V7JKFAQ,B0C5Y549L5,4.285787582397461
AGKK2ESNN5YDPLEM723AYXM6Q57A,B0002E4YI8,4.3454437255859375
AEGBZMCFJFBATEIPDQX6NDYX4NHA,B094DR9724,4.459158897399902
AHHPKZ3F4WPTUYZQYYAGB6UQNT4A,B0B3VF84DL,4.389228343963623
AFWH3K72CR65SENLSGJWEILW4SNQ,B0BRG6ZYZ2,4.558584690093994
AGYCKFZ3PHB54FOHEMGBMGVTQBHQ,B01I4AXG7G,4.313620090484619
AHZT6MVWNF4GG6FISMZMORKZKK4A,B0BKZ3GCGR,4.573102951049805
AFYHXURBG65PEOSGHZD4CIDEJ2TA,B0002VB8AS,4.429852485656738
AHFDBUGMPA2ETFINXOYIVAZPNZAQ,B008TNAGQS,4.415431022644043
AGKTBKXWB7TSHCSCALSFSEL36QNQ,B09XDY3TYN,4.432723045349121
AGQT6IN635UD4LQ5THQHXV56P6YQ,B00WJ3HL5I,4.418738842010498
AGNIGDHWK5VNATR76JI7CHODDUJA,B077MJTG4K,4.429696559906006
AHRB2TPKEBMBZ2XUTEYE66MGFZXQ,B00B5LEAFE,4.529262542724609
AHXPMQ7YOOHFIKJKAKBCJ2AF7UDA,B0B4SGJRHR,4.438418388366699
AEMN357KYMFZXPEZGYRKMS5CUWVQ,B01E6T50LY,4.390829563140869
AHJ3CX5T437SPYIUYQQVCE2HSXNQ,B07N83Z3W7,4.4373087882995605
AFSIVX5M2AC4KQ3EK772WFNNJPGA,B00H35YIJE,4.5968122482299805
AGZEDKJEUXQ3KK5D462HQZYTQWXA,B0097WDJZA,4.296535015106201
AERE4WE4ZXZUK2TWOR33P6XWHPHQ,B08JMQR2JK,4.4735636711120605
AGWJ2NEW7EMYKLBTPLN4KIKAHOKA,B07DWLYGKH,4.595590591430664
AGGLE6KYMOVTLW2O26COKPUEEAVA,B00T3FTEMS,4.543494701385498
AGQOPNQ67XVWKJFVCYJGZHI5P4XQ,B06Y2W66F5,4.4587578773498535
AH35SZXQWWGHRFNOK2G6GMP4XHHQ,B07GS5R4TX,4.401730060577393
AGE5EPC7QA2NEDRFC7OJNTPQWBJA,B000AS7QJU,4.602992534637451
AFPTPTM5OKLYHOCNKILC6GC2RWOQ,B01LE49PTC,4.444212436676025
AF2NDCB5HLWYEC76MB4ZKFJGRLTA,B00G69FBQM,4.446903228759766
AFSWIMPWON5PRF345TI6JUMWBA2A,B06XH7487S,4.4127583503723145
AHL67QIBKSTRQMFTJPJK3RJ4KJFQ,B07KYX3S8X,4.424696922302246
AGKK2ESNN5YDPLEM723AYXM6Q57A,B00101WA4C,4.392111778259277
AH7I57UVCR75DY4O5MDVVGWT2CJQ,B0B59DLBMD,4.5753397941589355
AECKX5ZDW6FW4MBP3QKTPWTWUROQ,B0BSGM6CQ9,4.5668816566467285
AF7FS6PDNV5QOJHBCL4NKVSGVPUA,B012VQ5A7S,4.396330833435059
AF3FYICX6MT2J3E7RBI6WGC2DSVA,B01KJOJQ06,4.414402008056641
AHZ6MKX4PCYOZVXLCONRCQSJ44BA,B0BWXY17MT,4.471406936645508
AF2SLE2H5QRPH3UO4BTO62YCLM2Q,B015X3CXXA,4.393613338470459
AG4GSXL3NEJPMZOVMFYGZNVURM7Q,B0C5PRQ9K6,4.754074573516846
AHCLGZ3I4XLXRTK7FSSJFBEVTABQ,B015JTEBN8,4.512207508087158
AF2YGYDJAH7YDQOPEBYWWKV333UA,B0BSCDNQT1,4.532327651977539
AFEU72LBPQ6KPZM6WG23YI5DURKA,B07NDC53ZK,4.466104984283447
AHG5I3CA5TI43765KB43YLFPEQXA,B08VJC3GCM,4.286524772644043
AG4GB3YM2T6XH7JS7JD5D5S6S54Q,B07DRMB6X1,4.452041149139404
AHRSXDWMMGBPIAF7FLEPJHM2VBEQ,B0925WNSYJ,4.566847801208496
AEL7BTGBCNEOZY5WN6HLCQWCBL7Q,B09M7F7LFB,4.551784038543701
AGOYA73U7NSVWD33OLBWZSHDLSZA,B09PGXB1BH,4.566891670227051
AFQ3MI5EMRY3KXDLZX3QHEQVGQOQ,B07VWSB34H,4.4186015129089355
AEENGB3F5NPUGBBQUPOTSHZ4JUTQ,B00I3TP9JM,4.560176372528076
AH32F32TJIOZKQ5YVMXQEMTKHGOQ,B00EB11OHC,4.465792179107666
AE72CWXP2K7ZZH4LNBRX4PDGZIWQ,B0002E50MC,4.445146083831787
AFVABWMVYYXSI4RBOE3GFITNRV5A,B096FZXRM4,4.537993907928467
AFH6FKTW5XD2TJFJESFEPFDS56SQ,B078Q678C9,4.398683547973633
AFSWCMYXW7NHM4IHL7K2VNCPX22A,B09S2VB3KW,4.567856788635254
AH5D4W76WTWVES3BKJKJPOHLBJ2Q,B0B2TND26L,4.5548481941223145
AELVQZD526TCYZLFPERIGGHNQQBQ,B00EQ2558U,4.4320387840271
AHSRMNZAUSJKKHQM2Y5SFLXPXYEQ,B0C4GJM9J4,4.39015007019043
AFGOG2ZIDC2JXUVEXWN2YMVSJSXQ,B01N5PRRY8,4.438989639282227
AG2BNWGHZ7E53YD7US73TKEQY7ZQ,B077Z635YX,4.563475608825684
AEPJL2A5CE2ST2ZBZXZFCBIGLSVA,B0C4CJND96,4.451710224151611
AE7GVDNRY5NABEP253Y3GMDUZOZA,B07NDJ1HSG,4.561588287353516
AED7W27UDLS3CUTBNPNLTBZGOD5Q,B0BKR9BCVK,4.531041145324707
AFIEY7TA5YNMOWUPNTGRX2SF4OPQ,B0BWTPR1W9,4.475734233856201
AFVKWBQQ6VUMTZKTVXN4Z237ZMOA,B093YLLJX9,4.275937557220459
AEM7J236BRUHMVBVSAQJQNFRBWIQ,B0771PMLFX,4.4678215980529785
AGV25JJ522CLBJIOGMAWNW4KYQKA,B0009EQMZE,4.561535835266113
AGVGP2XURE6A54ZUEBLRMFGHA2TA,B00UJHFD2Y,4.374844551086426
AEGLGY2SSXUNZ3HCG7XPISN7F2GQ,B00T3G1164,4.54910945892334
AGBQ3TX4QYWQQOW2DBADLGOJHQGA,B0BCK6L7S5,4.354537487030029
AESZ4KE372S7N2KIGYZXTBV37RAQ,B0BBNCY2VC,4.51029634475708
AH73DRVHIQJSPYS6XZVVIB7RXURA,B0C67HCGBR,4.714954376220703
AEYEK5LKDSFIWV36C3Z2LT4CB5EA,B016QUXTZU,4.330597877502441
AGR5I4KTN3NSHVPV7IA6GOVM3FTQ,B00USQY0CK,4.484405040740967
AELSB7HQSUYTNHOCXTINKVOCYBNA,B0C9NGP88D,4.542810440063477
AFHACMOT6DXHVGKAHKLC2XVHCHSQ,B00N4ZHQ14,4.485393524169922
AG5RILLGMYUOSW6RO4QQ32N5FZRA,B09857JRP2,4.744990825653076
AE5OTSYIJLVZKOBCNLFJXTU7P3OA,B08DZZ89Z9,4.423776149749756
AESVJIPLFNLZ2CWOSKNWBP4KE6XA,B00SW15C9S,4.540181636810303
AEICL4I62FLVLMNJMFSAZE2VI5CA,B016QUXTZU,4.324738502502441
AFWGYK2GNHYMT4SBAGLT4G25PKAA,B005DUR7U8,4.3283233642578125
AFMAFDEOM3RER4W55EZCYXV7I74Q,B09RN7GR8F,4.390625476837158
AEIC64XPFPXOWL624SR4XBRW3MUA,B09YDBKT7M,4.53392219543457
AGVINP36J5E4IH6QFNGGNYI6T2YQ,B07FYPBL6K,4.5148749351501465
AF2VQ2P7UISQFZUVQOONNNV2Y4SA,B08L3K1T2T,4.454913139343262
AFFYSCZKCCXDX2FFF3EBRFR3ZGVQ,B0BKR2ZM9X,4.6053972244262695
AF6NYDOZGEN2FNPVEYMEM6DEVIQA,B07N5J3GTB,4.406613349914551
AFGO4HSI76RTBBRNPJTRS55ATLZA,B0089EUZ4A,4.423349380493164
AFYMBYRQILQMD4YEWDEBUJHRXBAQ,B0179C3SQO,4.443213939666748
AHOMQZDT4EPMWI7IAZMMFXJG2CUA,B08T2N25MR,4.443065166473389
AEAXIDPWNA75VUGVVL4E6KYX4R7A,B00AV557UC,4.412747383117676
AEXLRZ34GTMM35NQRDZ4CDKKXLIA,B0BSGM6CQ9,4.559997081756592
AGKNEMZUFP4BVRFN3FXUAB7FZMFA,B00KZQ1VXY,4.476510047912598
AH2L274GMVOWVAC5MF5IXUF3UHOQ,B074JNWHZ4,4.450018882751465
AGTLI7233IWUHM6Y5UBUUQKF7E4A,B005SUSXGA,4.418734550476074
AHV23IZTZL3UH74JOPICIUQYCXOA,B07WW5PKCP,4.593541145324707
AG6KMZ4N7N643SS7YNDQS4DFGQRA,B097JDV3FW,4.536962032318115
AH5S4XKENHVECUH4CNLWHQYIP2NA,B00AV557UC,4.420853137969971
AGEWXW526KOH5743XNOIKVCMVJQA,B0C9NGP88D,4.578863620758057
AHHDLIT4BPZAFDKKTCXETFZDV4FQ,B0BYNM15YB,4.374481201171875
AHVEVF3K7UWTPZJQ6J45MOWBRRPQ,B081PQR33C,4.376833915710449
AEZTKJGIOQA2ALYBJ3I4QEEAETUQ,B082285YXD,4.419217586517334
AFVEGE6MCTDWLG2CAR7O4AHL26MQ,B004VDD4SW,4.476255893707275
AH3XHJCHHLVURHVDWHRIXWPQTPWA,B01C5TC6O6,4.504664421081543
AFGQH4JD5QBDF27M4MG6OJ7IXWBQ,B0BCK6L7S5,4.349118709564209
AFH6AUO7HH5PMJBRBQGQQKDV5HLQ,B09SVL9PW6,4.511373043060303
AEUZ6EWZPJ7MHL2G4S7VCSDXRMWQ,B0B2QG44CZ,4.551914691925049
AEK52OVGR4LXYABHNINSHSBS23ZA,B08SJY4T7K,4.236388206481934
AG6CZXXQXXL3L7TE7XVHTW3DYKYA,B0BLBTT86L,4.438582897186279
AGC4PLLCQH7KL42INYQDANWLJDCQ,B00WJ3HL5I,4.445001125335693
AFUOGVGBKB2PYSHBVSN5S3ZX3ORQ,B0925WNSYJ,4.556765556335449
AGF2BWWRJBXNSO6N3YHTFFCWCL7A,B015ZDDF0S,4.413785457611084
AH3HUVC6ODJXIG2MACTMS7RHEFPA,B0BP78F7CC,4.446333885192871
AEL6LHHM5XOECBA3MAPB32W4DLOQ,B00RVE9X06,4.546916484832764
AEXAF72EML4UPYS4KTSBUDKBMTBA,B07RS1QKGK,4.5011420249938965
AGLS3LXZRF3S6AHDXUNPUKPFSFSQ,B000WIPGG8,4.5453948974609375
AHHVKDA6ZVQGESNMFJDHKOJIG6WQ,B06Y5GKJQK,4.491602897644043
AFFPQSDGBJC5Q2POUYOP24WKMV7Q,B0C6K471PB,4.566359043121338
AGCDMYMIU4NTLTJJ5AQZVELD4ZLQ,B0753PSL2D,4.53053617477417
AH6KUZJXTBQY2WWVRBJ5UOTV2ODQ,B07NDHXQQV,4.50577974319458
AHRQCTRBR4IR6R4IAC55SCW5QH7Q,B08JMQR2JK,4.460614204406738
AGOFEC5HKNFNOGAMR6ZDACVQOFMA,B00NL2XSD0,4.461478233337402
AEMZLP5VHZNKE2T3TW3MPEK3OJIQ,B0B2Z13RCR,4.500531196594238
AGCKPDUZTEZAGOLCCG3DQV4J5XXQ,B076H8RBPC,4.559955596923828
AEP4KJDGBH6XPJKFEHPYSAPUNDBQ,B07WBZ1SFR,4.461504936218262
AE2XOYSW22GQYCFJCHLWZRUQ767Q,B07MG8PHF2,4.515040397644043
AGZDAHTALWUZYOSTCBFEDNACMDGQ,B00HJOTNBC,4.442797660827637
AHR5GDAC7LREPV2SYJGAGCBNH5AA,B0BPLFP5P6,4.344640254974365
AHCAUSSLWUYO35DHO3ACJA6UD7ZQ,B0149IWDS0,4.4634270668029785
AHSCA5GKZMVKAYKINVSXB6E3XMTQ,B06XPJHYDH,4.385647773742676
AFE5LE7HE7RJBMXHZN3XF6HSJPBA,B00N5THBGO,4.453339099884033
AH3QWAFMDYN7SGP3QF4YIM4YS26A,B00G33N29O,4.535124778747559
AEJ7GWF2F47PHU7L26RHYYO42NZA,B0B12H4PD9,4.445896625518799
AHWGL6LQA7CVBMZRTXK3V6UYL2BQ,B015X3CXXA,4.420762062072754
AFB5UR5STNM4EQGCWPEPKUPKTYJA,B07FYYS5ZP,4.521770000457764
AHTIZIO3VNXKLENDE3TMIUUSINHQ,B09RN7GR8F,4.401185989379883
AFO4VO3EMAEWPOST4DIAMAEB7ICQ,B0032UYJ98,4.475280284881592
AHYRMUBJNAYHJRHJALTXJL4FBHSA,B005FIFM14,4.473580360412598
AFYRQ23ENSDEFSFPOX4ZQH6ZH2GQ,B0BL2ZJ4B8,4.531839370727539
AHMNR47GKOYYXWB4IMSRZLZSBY5A,B00646MZHK,4.610771656036377
AF7ZZZMFPAUVTL62FVUJ5GACOK7A,B0BCL4K9GF,4.416757106781006
AEGK5HULJVZSSTILECMF76DA7HFQ,B07YD57169,4.534727573394775
AHRPATCCBUSBFNJ3U5JEIYTXYCAA,B08PMZQXN3,4.550853729248047
AGBG3KK74IKWJNQVMQAGVBWJ7FAQ,B09895PBVZ,4.477818965911865
AHXUKKTRTEEQAWREA6Q7MA6ZKOCA,B00U43T1KI,4.616704940795898
AG56DTGKN5OVA5CYYYFGBFVGXHDQ,B010GPFRUQ,4.4199395179748535
AEXDQ3ET3KGPPTZNC5U72WED6HEA,B08XMGSLMJ,4.384673595428467
AH4T2SPL4QMPJOTF667RYLK7WAEA,B0C3PX32HD,4.489831924438477
AFBYEI2ABDAV55KZXU76MHGLUYDQ,B0B8M2Q1DS,4.45143461227417
AELEI3CA5BYLVHSCI2TIYVRIKD2Q,B09Q39C7W2,4.473016262054443
AEU6JFGIA7ZYZYICE4XWSGURZUYQ,B0071NO7I0,4.532917022705078
AF63VW7YLF42A6STVGBLACD7RUWA,B07YKTQWSL,4.314657688140869
AEQT2EJM64SZEGP7E36GKCAYZQOA,B0BT9R8MMV,4.548660755157471
AENYBPVASWQRXKHOIAV43ZXKVEUQ,B009DAHPLU,4.3546462059021
AE7P3HIBI3UDLCJLUPUZQWYVPEWA,B07DMZWYXV,4.42015266418457
AEIQSLRLI7R7FHPNFDEQRDZ23RFQ,B08R5GM6YB,4.402411460876465
AGNJFKRUT2SCSJMIS67A4HZ3L23A,B0B4G3QM3L,4.46686315536499
AEIPGKRHCENK75ZJOGGIRTO6CTZQ,B08N4FK85X,4.400526523590088
AHDZKPPKUT7HD47LXCBN7RQNN6KQ,B089LQVQ32,4.408001899719238
AGCVD55ETDBSHYS2CCQE42P4J3NA,B0B92LPGD2,4.507347106933594
AHGAJ6EAHD3CEFVFKMC2OO2IVHTQ,B005F5TP6U,4.426112651824951
AGIBAXUNJ4PSY34SL5OCL5GQLUDQ,B000P1RB9C,4.528390407562256
AGK5J33TK5YZJZNMTXRINKBZ6MTQ,B01AA6B5WU,4.472127437591553
AFBAOL7MOE7AIOADKAXH5QTSBM5Q,B09MJWYTQW,4.4111328125
AEROATPHZS4Z42BB3BERTYS24GAA,B07H5HM6F6,4.460747718811035
AETEDS6HQJWX2EQYEQFUIAHTTJXQ,B0002D01KO,4.400482177734375
AHO6JZJO74RBYK6KAPCPQ5WW3VEQ,B07KDSZ2TJ,4.5583577156066895
AE57MRF2R2ALCC6H5WQLFKT7KSSA,B08R5GM6YB,4.414680004119873
AGNZ55VEXGISWO3OH7F4CTP6HNRA,B0BR2PXCBW,4.522972106933594
AHPJUTQ3YBWZYP3HHH5EN6ZKHQQA,B015OP6OOG,4.518972396850586
AG2AUKULKSMNFTIVVK5773MTGOIA,B004FEBS8K,4.295750617980957
AF3ZWOXSL3LOV2IX3A7JK2ERNXOA,B09TQ5K47S,4.560142993927002
AFCLNMP25HCXSDNKE3JSISGIRA6Q,B0C5S47TT9,4.446442127227783
AHTRBTORBRFFIMLSERT4ZQMJTADQ,B0B8Z76J32,4.541542053222656
AHCTXCBORWAVSGY3WDDKO7SU2TAQ,B073CZTQFM,4.396849155426025
AFWVAGRFA2IMCAAW44JLS35DSBYQ,B09G5XH5YD,4.469015121459961
AFVYKHHOJPUWETNZJ77GFIBM7GEA,B0B6P55RBN,4.396463871002197
AFEH52MVAUDMFICQ4OHPHLIRAUGA,B08VHZ4FFW,4.376297950744629
AGCSIPN6UMKXCMLEVLC2PSK3Q4EA,B0BXCW6SP3,4.461849689483643
AFU5HZB6IXKS4FFAJEY7LBQROVGQ,B00X7DD6GW,4.372694492340088
AENDXV3UMAX33LIPUBWD45OQEIAA,B01HCGWS2W,4.5470194816589355
AEUPTKRM33A7FDZJJRLKPHQNWKNQ,B09J4M3KQG,4.462709903717041
AFDWXKZS3YVT7GOXREHCEZLPEQ5Q,B0002FO9RI,4.44661283493042
AES4RSOTLVGA7PFLP3HUHFS57VKQ,B00CPLODUU,4.5012993812561035
AGA3I7V3SYQ223OIO3CY7UCSKXAQ,B08MF7Q9RW,4.438854217529297
AFX6RYPCNFUEPT62B42ZPZXIDJAQ,B0BKR9BCVK,4.525842666625977
AGZZXSMMS4WRHHJRBUJZI4FZDHKQ,B0BHYWJVFW,4.443670272827148
AF2GCTNO7F4SVEBDXYZ64IVLLRHQ,B07B9W2XFS,4.516858100891113
AGNZ55VEXGISWO3OH7F4CTP6HNRA,B078PG7NBY,4.473219871520996
AET2MY4AL52Q4DTADBW44OBWGYIQ,B015WSCNHW,4.379220485687256
AEMDDN7LCA2LR4KBPMCICXTG24TQ,B00I6JGPHY,4.440499782562256
AG3S4FROO422V5KP7DJCBXVUQLJQ,B07CQQXQ4T,4.581913948059082
AG23AW56WZ7KPYYAS4A3YUDTYWCQ,B08JMQR2JK,4.466664791107178
AH4EBXBCNHNVQ5MKFUO62MZEVPKA,B07Q9JB3CF,4.5658440589904785
AF7OD3F2V4E64XZJBQLMVEOKTKXQ,B00B5LDMH6,4.513321399688721
AGD5RHGRJRKT7OXASOUYBBU7KDRA,B09V91H5XM,4.503110885620117
AEV27VCRIQRDWAJ57U5EZMYAFYOA,B0BCXRJCL2,4.546194076538086
AH7I57UVCR75DY4O5MDVVGWT2CJQ,B09857JRP2,4.753393650054932
AHALYOX63S6CACZTHN7R24RVEX2A,B009AS1FLG,4.413323402404785
AHRRF2ITLZ42FQ7RKVPW2KN2363A,B01LXWI3T0,4.426694869995117
AHIDM2DCMJZVSROBSFCWWKZBDHHQ,B07Q5G54XF,4.49015474319458
AGD2M4ILXY46NJDCD4ADCYQFZGZA,B08DHMJYLD,4.441326141357422
AFNI6GZFGS4A72K6LX6Q4VI4WWZQ,B0BHSG5C3G,4.554276466369629
AF74F2YZDVP4HFDWZXXRVEQVSSUA,B08DVPJSX9,4.4746785163879395
AGBG64QTSJJR6IDUZEV6CLVSMUDQ,B005DM7G84,4.449240684509277
AH5L4JOS5H4ZPJ4K43VTWJYBUPOQ,B00M5DWB5W,4.535307884216309
AGBG3KK74IKWJNQVMQAGVBWJ7FAQ,B07Y9WZ9XY,4.508415222167969
AG44UYFDZHI6FRBQSLDWOGIEOY4A,B08LVW75N5,4.499050617218018
AHMMRMBNKFL47QWGXRS2227X4K5Q,B005H2007E,4.399645805358887
AE2NWSTL7JJJWOCBKZCZF6KDQIZQ,B015WUVA5G,4.534308910369873
AHOUKQ3IRAEAMEHDB6U4AMB366NQ,B0BSGM6CQ9,4.52932596206665
AHXX4HAGLIPKZ7TM7GSLS2JBZKNQ,B01I1NKJAS,4.43600606918335
AG5ZVXXHEXDYUUODSEQC4XXV7DPA,B07JKRBNWY,4.46432638168335
AFGDRNIMPVGMEICSWUU2AMBMPDOA,B0B38VK2BX,4.402024745941162
AH4PST3O2RSB2MKEQSQDVGGQ7LKA,B003OYLGWA,4.456031322479248
AEYM4JF7CX4PXVZX6HBA5ELI544A,B00WJ3HL5I,4.447037220001221
AHDZKPPKUT7HD47LXCBN7RQNN6KQ,B0BGCMQWPF,4.463497638702393
AECKX5ZDW6FW4MBP3QKTPWTWUROQ,B018FCZKR2,4.535789966583252
AE6B3FP6UAR66D3J2MIWDAKONHWQ,B08NZ14V6P,4.47062873840332
AEWRX6BE2CASVQF4ZOWKS77NKBAA,B009WS7TSW,4.476487159729004
AG65H3KESUARZW3IYMRXVITV42TA,B084P99JLP,4.446385860443115
AG3ACUVHP2XSQUEGZRIIZC4X7YDQ,B00CTKI5QA,4.302483558654785
AGOWSJ4ZAWXI37BO7ZQ4ACUFXWEA,B07L6ZR9V9,4.476916790008545
AG4II62W4SSRUUOT2GWQQKUDEGRQ,B0928H9QXC,4.332148551940918
AFQQRHNOS2AJSMORGOJQTDOWF6EA,B081W3MH7Q,4.468416690826416
AEM2JD5JQSDXA5YBZLKVTGXDQ2NA,B003YJQX1O,4.441512107849121
AHRN4W52E3M4TZQMWTYLFZGXNMHQ,B00N5THBGO,4.46660041809082
AGYGRX7UYSPDON7UURJJTTMARK4A,B087X1CF8G,4.461621284484863
AHT5LYU53R5RY6DIEZYSG27SJ3PQ,B06XTW2R98,4.44357442855835
AGNCVLVE7QHYAMIPJSV7F3WMAEJQ,B07KXHBBGS,4.385406017303467
AH37ZV6A5UJW6A4PA62VDYOQSMKA,B09SD4CD5Y,4.527530193328857
AHLR33LQJ67RQLCHCEQJJGJDXNSA,B076PBCM2H,4.419501304626465
AHBFM7TTBHFPQHPWVXTANBO5BDPQ,B015WD6FIK,4.276592254638672
AE7IRGN5QWIIIPASDW4WG5LD7HNA,B09T4RH56Q,4.46039342880249
AFRQJYTU5RDVVWXINMHTNE26C2YA,B08BSFDY99,4.592933177947998
AE4EZF2M5WVUHXZD7OIMAZTWETXA,B09PRKZ6FN,4.431117534637451
AHKFFS6MZ6BOEWNBXPCHEYGNHWCA,B01GO7PHSC,4.439821720123291
AFEYB24M4HNZQQHWPJYMJ22PLNYA,B0BXX1RRNT,4.5228400230407715
AHDFPBWC4J7AK2CL7FBNQPA3QP3Q,B074JNWHZ4,4.450439929962158
AFWS4PIMKK4IFMMFQ3X2X72MLFGA,B0BJ3BBTXH,4.514329433441162
AHY3ZZMHIMZXA3SRUN2UGS44R5PQ,B0BHY52P8D,4.4306864738464355
AE4RQ6OMDFEXLU5Q37ZQFW524J5Q,B00Z9TIXOC,4.473758697509766
AFEMDCWJO2OM6RADJRL37G46VSPA,B004XNK7AI,4.603180408477783
AH277J7WPXVU4WKVOCNPLPB5OEQA,B0B8P1YW7L,4.552868366241455
AGDCEPSZFC64MVUXPBIQ6MPBUZSQ,B07KJ3Z9RJ,4.434025764465332
AGZUKNR3MEGGPFUALRKBVCUTOFLQ,B0041T4DK4,4.44622802734375
AFA45AUS3WMXAUTS7IDGWESA5HFQ,B074JNWHZ4,4.4515380859375
AGNQNKAAMVG6PQQISO7MKJGFRJYA,B07JGCQYN8,4.501049041748047
AHDFQBP2ZC7W37647DUANZ3HJTIA,B00HV7U4CY,4.448935031890869
AHFCJTMNLVV6EDUL2IQBR6PBRDTQ,B07P5GGK5X,4.4438300132751465
AF7UCCPZPJPW76PNE2ICQPJUQEYQ,B00E9SWQ3S,4.398720741271973
AFBLIAES35IGAZQJZLCLOWAS3SXQ,B015DKZXXA,4.316986083984375
AFKFJDNRMX5RUG6DLAY7362NOA7Q,B07MZYNZ1C,4.524728775024414
AH5MP4D5AWPQCPLYSFOQHSIJYVSQ,B000BSMKPY,4.397976398468018
AHRLCH6R2Y7JNEPVPCJRT6FHCC3Q,B074MBD643,4.45173978805542
AHSNUB4FPRGR5TNLK5BO3BHFNFFA,B074N8W3GL,4.46096658706665
AHP2UGRBLKHCHX43ZDAOMH74675A,B00TH3YPDE,4.556520462036133
AEQWCT2DSCQIT4E4I4KNG3EITYSQ,B09VVS2RYK,4.393613815307617
AEBDVELV5QUZNVMFRSX2OILTNGDQ,B09RBFKS1X,4.499593734741211
AERWGD4OLR7FS3VPO6QHVZCDQLSQ,B0052S3YC6,4.444401264190674
AECFGXLEX3SU6D4T6C55X2NWMJVQ,B00I3TP9JM,4.490731239318848
AHWYWGQZZ24MQP5VNBOCPFWUNMCQ,B01G26SEJO,4.5066728591918945
AE3JTMU2ZWD7SQVK3EIMCPMMBXFA,B07KGF3MHC,4.306058883666992
AGTUM3TLHZIYIW6A7JLL6BZODZDA,B0B3VDVLQJ,4.5408172607421875
AGM2HNRQUHZFOLAP2WTIUH6R5TIA,B0B9LLF1CN,4.46390962600708
AHK6CM5EYRKB2LKUMO2HO2KWAWNA,B0742RB7JK,4.487523078918457
AHHDLIT4BPZAFDKKTCXETFZDV4FQ,B0938MMWSV,4.4507269859313965
AEB3FFGFI5H37NBEIROPDUR2HDPA,B015X3CXXA,4.4144439697265625
AESDNHQRRZEWTZF7A7TFFFTSNY5Q,B01M0HV7SC,4.480048656463623
AHVKGDD2OV6WLV2KGSSVEGRHZLCA,B0010KGD4Q,4.314760208129883
AEPNBKCSTUAN265ABWRJEUQK6Y3A,B08T9CCXZB,4.527091979980469
AF7S6K2LJFYM5UXGVQ5VVFCGA65A,B0BBP71K6M,4.510567665100098
AFA3Y2SOHSJ2MBGZR2VNVB2LGISQ,B071KZ892W,4.488202095031738
AH2QGOLSFLD75CXS5IGPYRCBYY2A,B07BVFTLFW,4.562560558319092
AF6MSSCLAPGEDSJSEHUJWFR7K4GQ,B0722QJS3J,4.462024688720703
AEN4JVIBT24RAPMWEHX7UGOX5CMA,B01DPCONFM,4.538588047027588
AEZKWI7QRZ2BOO4J5ZIRNY5YIL2Q,B0BYKZPD3W,4.490283489227295
AH44K3RPIQMVWG2G4EB5FPVIVUEQ,B0BHSG5C3G,4.551867485046387
AGQW2ZO6LOYZMRZ7JKDM6LIGM44A,B07N1RPV4J,4.506450653076172
AFYLSXOKKOKTZYKFAK33GAXNLIMQ,B0BVHFTP4P,4.392902851104736
AH2CQZM76NVZCBGL4QZDTQ32XMUA,B006BST39E,4.496604919433594
AFTYUC2644SXODMOUAOCS3EUXLNQ,B018FCZKR2,4.519996166229248
AHMMA4WU554YWFMEYDYU4S3KMQHQ,B07D9V7RCL,4.4651265144348145
AEBDVELV5QUZNVMFRSX2OILTNGDQ,B07D4SR8GZ,4.554428577423096
AE5URYH3HQE4N5WYARBDJSMMWCOQ,B01AJGC27I,4.49317741394043
AHIO4BIYAYENSKTI3Z52DU6H5BIQ,B00T8I9QXW,4.417381286621094
AGMHEZ7SN2RNVJCMIHIRRSKLQ2AA,B0161WG9ZA,4.379093647003174
AGZO33RFLPWJFDIHJ2IHRJ2CA26Q,B0B5SJVY85,4.453456878662109
AE23ZFVUOMPKR57BVSWXV34QLMVA,B07N2WWT61,4.489625453948975
AH5XMLDWX6USQHW7XC56ZRKGTRBA,B0002GO8NM,4.527320384979248
AHLFNMCO2C6QX2MXA67OMESJWMJA,B016QUXTZU,4.32393741607666
AGN7PZXO4DA4KUC3RLI4SUSYXELQ,B091MZPYBQ,4.418788433074951
AEZIIYLOX32LD5NZCQHC6RM5FJPQ,B01C5TBVH4,4.436095714569092
AGLBP6NQ3TRDCBEW5MT333YSQA5A,B0B9XPLGMD,4.507035255432129
AHZPSAULSXTEOMRSCTIC6WLMOMBA,B0BDMR3TD7,4.276849746704102
AEYPKSPNG53NP7OUQRAQZRLHHB7A,B00CPLODUU,4.519542217254639
AGZOGWXQN72ULW5XRX4JGUA3CH5A,B01DE4DPSC,4.527657985687256
AHAZ2XJXODADLAHTIV3S4TY3BNJA,B0CF797FLB,4.428412914276123
AFKMX6JZ655VPVYHBTATZQS4IBOQ,B07ZW1GBVT,4.500153541564941
AHA7ZZSLTORYTZH7P7G47EL5D3KQ,B07MV2ZQ9F,4.456721782684326
AENMAJH6XMM2ZEMELRB6HSG4CDFA,B0010SR8G0,4.68062686920166
AHI4HEBT7APLICJPKX2WXSSTEPZA,B07VRY5ZPD,4.468810081481934
AEFS674M75WS32DB3CNTBNCVCBQA,B00DZJ5ZTE,4.551867485046387
AFHRS46OEQQJYQXRARFMOO3TVN4Q,B00J1T5BLY,4.534029960632324
AG6F7SPJH33LKPGZWM2CXHOSTVMA,B07Q28P6JM,4.381555080413818
AFCNYEP35Q74SXUUFZG6VLH2LZZQ,B00646MZHK,4.626620292663574
AFF5LX3AMWROBQ5OONG4W7HF2QOQ,B0002GZSNQ,4.483858585357666
AH7ACAJJVDR5MZZZNMBAGQNEXEHQ,B072PQT2DM,4.517927646636963
AGY7CYYTVW3BXZMZKVJ43LUEN4BA,B078W6PTK6,4.442859172821045
AFMUJ2QQGFHDQYXZKGAKJ2Z3GKGA,B0925F8LPD,4.454128265380859
AF2V6KV3PPKRJQUNQ2STLVN4ULCQ,B00CK2FOZM,4.475901126861572
AHHT2ZWTTM26NTB6Y65DNPXIKT2A,B0C67HCGBR,4.732912063598633
AEUAXVAUWJFDX44V2Q3OZFFYDZWQ,B00SXZBLXE,4.445446014404297
AEBK56BDUH23KP5TALYH2UBMT4TQ,B00CMUE76O,4.443528652191162
AH2SOOHUAEQ736UFTV4YRUWXYOZQ,B0B2CWTP43,4.43956995010376
AFDSDZ4A6HKSIFVTISXLNY4KBTPQ,B095FVTV98,4.460658550262451
AH7PIDQFLYQEO5CNCL2E26IHP2VQ,B01EY7O0A0,4.443463325500488
AE43XP4GKKW35I4NEHOIFE4KEEMA,B078JGMF6M,4.434359073638916
AG3S7LEUWNKV4765DN3RQY3CFYLA,B003VYBNLW,4.4607439041137695
AGACWRMANGN7YVCQ7BHFP7H24F3Q,B07G4Y7QYP,4.478421211242676
AHJET2TASMZN4J7B7PCY36RBJRWQ,B0087UPSLQ,4.379215717315674
AESPIYN2KPFNMATAZNRXTGG2RTUQ,B06XG4BJFW,4.481814384460449
AHKZVNRRZWYZHQ3TZJVQG6QS66VA,B003AQ1X7A,4.277669906616211
AFJUEJD4K6TCPOMWLOYABXHG6JLA,B001JJFR8Q,4.318667888641357
AFMVV6BV2S3M55OLSGMNMIHWKBXA,B008MUPALY,4.363719463348389
AEJX3VGSJVI4IBSY2JVYJYEXJ2PQ,B07L6RCDP7,4.515048980712891
AHM4URAETRB7ZICHMC4ZSA2WYRBQ,B007723JF2,4.437646389007568
AG7QOJYFHZHLK2FH3QDDFMUXDYUA,B09857JRP2,4.7483744621276855
AEP6HZO2OUHEYGMDLZ5OXZ3EIGKA,B000M74WXM,4.447969913482666
AEK3AZJGYPN25QIZM6WXRFG3HO7A,B07PSWC1XY,4.385656833648682
AF5XJLMWDP7FHGFOYMNJJIHQCPRA,B01MDU5U60,4.520769119262695
AGUFOFR5JJLYZDECXZPSOV7TMZPA,B08H5845YF,4.490490913391113
AE6OJSLUGINECA3R5K5ZXCGDXZ6A,B00O5EL4MA,4.451821804046631
AFDSDZ4A6HKSIFVTISXLNY4KBTPQ,B0BKNYGC3V,4.490860462188721
AHYUYW4OYMCDYOY3KK2OTIW2GDIQ,B00N4ZHQ14,4.476215362548828
AFGGL36KJJXEQTMHPERGAJ3ETG7A,B01J5A06OU,4.4409308433532715
AH6PJZAAL265XW6QBMTLZLNYVI3A,B00BYI3UMC,4.4859700202941895
AG7UBV3IXQAV2BSKDSKJYZ3Q36AQ,B01LYV68RY,4.465912818908691
AF3NJDOTMG7BRKDLV6UM7GHFC7XQ,B000G0ATGE,4.411988258361816
AFMNSKAAAPVFNPNY55G7QRBZS57A,B00646MZHK,4.621440887451172
AFQSGCTOHFIJRR3TFZ2YGU764W3A,B09QBYTMYN,4.466163635253906
AEE3F2XA7I3WFVWAV2VZI2YLLELA,B0BPKH4HB2,4.559675216674805
AFTPQXSU4KURGKWJGAKYLNJONTKQ,B07P2CZDTZ,4.453630447387695
AGVTKJAYTPW447JEYNPPTT5TDDGQ,B072575CX4,4.525908946990967
AEKE5PFGZXJF7WY3UCLPX76KDHLA,B07L91TJTT,4.538712024688721
AFAUI5YDY5SFUUER3ICUDP7DNABA,B09TPW5HSK,4.55391263961792
AF4EKDP5NU2UH5TGQOEGW2ULSMYQ,B071KGBWK5,4.544190883636475
AHZHTMIJ2DVI5YINPJYJXUK3N6BA,B07BH4GFV6,4.538339614868164
AHQKCRAIW6KOCBXNQQ2HCMDHPPCQ,B00WJ3HL5I,4.399594306945801
AFBXPXZXOBJZI7N33THA2W5JGJEA,B07MJVGJSV,4.240148067474365
AGWNNXFVI2WRVFTPXZMFUYPMRRBA,B08R5GM6YB,4.4036335945129395
AHTH3BYSBOY7EBENMTAWYWWQXPNA,B000SZVZ74,4.445298671722412
AHGYK6Y2LA4GIKZURFNWD2XXEJWQ,B008BPI2OW,4.436558723449707
AEZG4SHN6EDH7X2I4NPMCSN7MN7Q,B09RJZSQML,4.6132378578186035
AFGG7OFYIXEGXLJFMHCJ4CP7RDPA,B0C698B5WR,4.540772914886475
AH4EBXBCNHNVQ5MKFUO62MZEVPKA,B00IPH8MD2,4.572444915771484
AGQOZER7UNMZIJE2SYIL3WGLBZRQ,B0BSR996X8,4.529052734375
AHAEDB7FPXJBM523PXFWBS6SWPRA,B07BSZNKTM,4.4330549240112305
AHRXOMUDZ2OFIZEUPWWIFX74EG4A,B09857JRP2,4.743700981140137
AFPSGOUZDBRH5FUTUU5526JVYMPA,B09PWCF6T9,4.485551357269287
AEEQ7UESBPQYBPBJ6JKP5CFWPBTA,B07L5B64RG,4.2689433097839355
AEMPWVEFRXQAC4RVAEEFHMFYA3LQ,B07QL29XXZ,4.443542957305908
AFK4HVPTJ46LKD7CA7HSNPJQNNGA,B09SHCMRW2,4.563254356384277
AFQFEJJS3JP7MIHAPIDLWQHKBWEQ,B099SK5QZ4,4.449382781982422
AEJG7X2JPSSZWWLTEOW2YNDQW53Q,B079TLFL33,4.526031494140625
AHWQIKVDRYNQLJODTCSKUL3WZKHA,B07L5B64RG,4.284024238586426
AFFKWNAIQAYIWWRAMBH45SCGAJEA,B07BK9VCT4,4.39105749130249
AF4SXAHUFXPXFBBM333BSHEX52OA,B00H4PEMM6,4.58120059967041
AGKHDZNI4XVSWKG7HAW3XMGICRDQ,B00GK73HI4,4.453712463378906
AFKMQ4PILRHGC4N6CABVZXMTVH5Q,B00RVE9X06,4.546257972717285
AGUG5C2WFEGSACVXYG6AU556RERQ,B075PY9KF2,4.422235488891602
AFK2WLVMSL2MW3H3HJT5WMTXRTBA,B01DK1RHK6,4.523383140563965
AGD53WYWQZKCVIIJEGVFN2XLXYRA,B09VT45772,4.495306015014648
AHIMLKZOHAUPH3YUPGP7SWAANJBA,B017JK7O7K,4.360105037689209
AFGIGAOI6AF77YD2KG3VLOZQS5LA,B0002E5266,4.414067268371582
AG43KQOKOO573AON6M3W5TYWWE6Q,B00AJHE5E6,4.412481307983398
AHSRMNZAUSJKKHQM2Y5SFLXPXYEQ,B0099DNZMY,4.394557952880859
AFUWIHK23WPEEPBRRSPULFMYMP7Q,B0BHSG5C3G,4.555942535400391
AFURZWZGZUGPGCRFXTNHOMU4YODA,B0BT9R8MMV,4.4493184089660645
AGTJMPFA4UFAU5ESGIUL7UH5OENA,B08KHZXLDJ,4.395831108093262
AHMV4A3ECLZ35GBHW22RN7AKYPMA,B00JL5I61A,4.5612592697143555
AGYO5KEPETGKJRCVLTNP5R7TMRVA,B09PWCF6T9,4.484034538269043
AE4TOI5QIX3CJNFPXKIUMNY5WQ4A,B0B3VF84DL,4.4038310050964355
AGC2D4ERWZFFC6TBEN7WVEVAYPCQ,B003GEJ5SK,4.277198791503906
AGMWVGV6R44F4CB5QU7GUKDGVJGA,B01MRJUB7Z,4.416100025177002
AGE4MJI4ACCVR2HUDBPA27GVIZFA,B0BZ166MLS,4.445713043212891
AFHBA3XXVMYAHM3TVI5I6LIFVUHA,B002NG7DEK,4.51350212097168
AFWCHDUAQGDBY64GWKKF2HSF6DLA,B01E4MELN6,4.426365852355957
AEIC64XPFPXOWL624SR4XBRW3MUA,B0BKZ3GCGR,4.590446472167969
AEA6EC4Q4NZVCH6EXKJPAFDPS56Q,B075SVWJ6K,4.492583751678467
AGZMJJPHOH3O5R5AG2WNODLXW5GA,B0B89ZSYS7,4.550025463104248
AFF6DVV7X33O2CGVMEZHESC4XWLA,B00A2H01IW,4.462438106536865
AEOJHU6GSSVCEZAM6FEODEONVFOQ,B093F6V4YD,4.509462833404541
AFC265XYEH7HU2X2IROZFOJNHJSQ,B07W17441F,4.41958475112915
AFRYJ75AYEES6IRLVELYFADHCN5A,B00F20MIC6,4.418307304382324
AH3XHJCHHLVURHVDWHRIXWPQTPWA,B076H8RBPC,4.553936958312988
AG7BKYVUQPRDJYOEEJFA7CABODPA,B000J5UEGQ,4.324124813079834
AHZAHAU5BSZV62Z2TNQZDJC7SMQA,B0BCFR3ZNL,4.442470073699951
AFGXMICVBMHATS3XS5QMMW7WZ4VQ,B0035LCFRW,4.456997871398926
AEGGHCKB32ZBMXYLDF2BZVWUIOTQ,B01M4ICDNE,4.446695804595947
AGBR6PZW32IC3DKHJRFUOOOFLINA,B00IPHIPS4,4.52941370010376
AFWDQHCMEOZMGWK3S47XD33T37YA,B07SPHH7TD,4.47853422164917
AEAF2JYA5RYKZDPKCXOJB46DDZGA,B074WXM13T,4.479101181030273
AEI6W3CJO4FEQT2UWAYWJBAGNJHQ,B00RX5HQS4,4.5383806228637695
AEJH4HUMFAN62AII4PTCGRGGAE7Q,B08ZNY3SZ3,4.423898696899414
AGQE7GBNTL2D5CRGSEWA3IMXYXQA,B0BKZ5F8BS,4.558894157409668
AF3F36AQYFSFIAIH2XMIUH5WY4LA,B01MQSAU6P,4.444455146789551
AEJATLF6ZB6TWPLQFAVF6P7YXFKQ,B071RYWF1X,4.519748687744141
AHLM3EPKW4KDTZWLD5IAMHOCWUKQ,B07QLYKVQR,4.439578533172607
AF77JPPQC3YQDVFLFE6I7UU3EVPQ,B07BFZ2KSJ,4.317163944244385
AHCDPMD24SBS4MR62JA3F7HC3AUA,B0B9XPLGMD,4.4981369972229
AFFC7LSYXECAEHCRLCLBMGFCVWDA,B07P72FCR5,4.4468231201171875
AHTCFI5OJALGN4MNRADWEOXMYKNQ,B0BF4L13DT,4.4278388023376465
AHYAJSJYNJNYY675NJFTNOQE3OQA,B09VT45772,4.503074645996094
AHOJB6TPWSUGREQVWUHBXUVRZKGA,B0C8MDSZP6,4.388919353485107
AEP6P3KJKABIZ2XBA3OQKRHEB3WQ,B01C5TBX68,4.542662143707275
AH46X4UHBAV2KZ3UV77D4VG66TPA,B002GYWBJ6,4.370995044708252
AG7AIZBTTJWJIPTRXHIFZB5MUMLQ,B07QDCBRKL,4.44722843170166
AFZDYVNE7K3L7FE4RMJUBLCYM3KQ,B087YNF8BY,4.344622611999512
AF4W622Q3ZWEEVIKHPEJADCCQSTA,B09MSQBZFJ,4.44453763961792
AEPBC5VE2OKFDLG22CSXHKN5VCNA,B09TRX519R,4.580986499786377
AGNCRXC7PNYQJW335W7D4KFZMGHA,B0C6HXYY3R,4.512497425079346
AFM6P2DMLWLE4QM45XLNENPDCANQ,B005NACC6M,4.359962463378906
AHFZ4K77UQRUXMECV54VEEEVUUPQ,B00T3SR9ZO,4.488724231719971
AHBLH67EE2QDH34EJI642YUJ5J3Q,B08H5845YF,4.497261047363281
AFUZSTHGF4TSNO4WHZTJRQXAITKA,B01E7FQ03O,4.399532318115234
AG2PW23TNWB4BYACHY7DDDTHCDYQ,B009O7CE5O,4.571136951446533
AFHZDQPD2TDHI7HGWNYRBD3E4SRA,B071J84X1J,4.363116264343262
AHZT6MVWNF4GG6FISMZMORKZKK4A,B01H8E51CC,4.548407554626465
AGQ3O6VTMDBP4SUY5HR2STHEZIZA,B06XN6QWFC,4.541842460632324
AESEGTNVGIM67XSHIBRIUDRKYQJA,B0BQ4FJWYZ,4.464343547821045
AENGAOA6V2UAM3NAGJAGLWJ7FZFQ,B07JNKY9T8,4.4227614402771
AEQSMBSD5HP3LSYXFGQW2N3Y3CEA,B00UZ7JADG,4.558101177215576
AFWFZBPFSKNEYFMY42YDXUZUJTDQ,B06XYXMN72,4.598740577697754
AGUT4BSZDABF2TKPWTP7QJTWARHA,B003HPQDYC,4.432492733001709
AFV3FCAYHRCOC2A52AGKK2RPPEYQ,B0B6HQR6H3,4.435702800750732
AGNPXZERD2EQJICAHX2VHBRTDNFQ,B07FSD3CP4,4.4400248527526855
AGXFJ5MHUDCERSROHV6SIFEXGT6Q,B00DZJ5ZTE,4.561264991760254
AERO573NK4DRWCKS3JJ53TGSMB6A,B01ID7LB6S,4.433227062225342
AG6ATLCKETNYRKL6GCQV35CSSGPA,B093T1Y12B,4.4362101554870605
AHZ73ZAIN522UIXPHNZLJNJ4TWWA,B073DH77YP,4.45224666595459
AHQCDCQ5VFDGM74DM7RQ737GTOYQ,B07KJ1YFPC,4.424275875091553
AHHLPVE6EZSVKQGVAZDJXENDPGEA,B012VQ5A7S,4.415858268737793
AHLD3BAM5XXNSUGS3QICCDK6PR6Q,B07PSWC1XY,4.382172584533691
AHUSCCJO4YMU4JD32SNDWMG5BZDQ,B06XB55D1M,4.442303657531738
AFEICWMWPP3K4POH3LJJXF7AVEYA,B08DZZ89Z9,4.42021369934082
AHBQKNRANQY2ZBBVENAS5IXL6CUQ,B00K1WIAV8,4.438547611236572
AHZDRM3HOZLSWFXSQ5P3BFBB5O7Q,B098PK65WX,4.438234329223633
AFQRADPBJBT3FQPLY3DLXYDZYNFQ,B01NAZMWZK,4.505133628845215
AHUCON5LFRGMY6ZBBR5LBERZ3ZLQ,B08T9CCXZB,4.538163661956787
AGCB4LPCEEZX2MJNPGSRSOWWLQLA,B0064RTS0G,4.518870830535889
AED6HJUVBCHOCZSU7TVSUGSXH6KA,B00646MZHK,4.614234447479248
AGG4TIH76JJJ65G66W6UBTLKSE4Q,B00OYUSHJS,4.271275520324707
AHKPDHLJXOUJQDLDCREEHZ24OBZA,B000CZ0RLU,4.341359615325928
AFQFYEPQJ4K56CHFXATZBQ3IGLHA,B0BT9R8MMV,4.534454822540283
AEOGO4EUQ4SODCLNQAF2QE2246VA,B09G5QS1VD,4.4730401039123535
AFH3AUYGMXY6NFLHCWZ4HUJIS54A,B07N5J3GTB,4.392444133758545
AFOH5MZFOA5QOYWAUC3GNJJ2RLYA,B00H5XQH20,4.513833045959473
AGH4UMD4PDQ2J3Q4PYX627TKEJZQ,B07VWSB34H,4.434905529022217
AE4QHKV4QJCQBDCEFVIFB2XQIKTQ,B0817CVBLV,4.5203471183776855
AEK5Z5IGCZC3BOIAHEZKJ5LALEHA,B00HZH4D04,4.476390361785889
AEUZWYCNH3XRU3SL4RGNVQDWNBDA,B005SUSXGA,4.3670525550842285
AHXXM67KZP5QLRJXRK2X3VPJIVGQ,B076CF9234,4.43123722076416
AFFYSCZKCCXDX2FFF3EBRFR3ZGVQ,B078S136R7,4.464812755584717
AHY5LOOHEJS2PBAU6TBGVE3A5KLA,B06ZXX8M6K,4.434198379516602
AECEYRS5X2CFMDC43NZWL3KGVVUA,B00F20MIC6,4.432075500488281
AG22ARBXBZEHDEGORR5CV4YU2YAQ,B013VNHWAI,4.515848636627197
AETZFMN57JCHIPVEHXRQABYXJYWQ,B08DBDD6CM,4.5278754234313965
AG23AW56WZ7KPYYAS4A3YUDTYWCQ,B01C5TBS90,4.497912406921387
AFUMAGJW5ZKDFR4TDENXUFOV33TQ,B07L5B64RG,4.29191255569458
AF3HPF5WQCTM6CMW6RDZR2CLU2BQ,B09HN5T4X2,4.406613349914551
AE7HRPX4YO7IU4EJ25ZNC5DPUXDQ,B01NGWFQLI,4.575864791870117
AGVT5E2C6WNOCFYSLOCPAPBJOIKQ,B00771QSA6,4.224588871002197
AGC4T6HKARBWXWIETWXQ3NCO5BDA,B0B1LK9SXB,4.403286933898926
AHV2RWTWUZDZB5VK62GU522U7N4A,B0C58M767M,4.434877395629883
AHXWA2LX62UCCRZLUYIVH5SQOIPA,B08BW72YHB,4.4292497634887695
AEBBCGPAQQIP5TEFXM4UKLAL6ICQ,B0002CZVU0,4.534530162811279
AE2XOYXCYD7XZYEJKRRN73HQWZWQ,B07Z5KGCBX,4.4484992027282715
AE4PX7WPFYOKQ7JY2XCDJIXQG6NQ,B0018TG8HQ,4.453301906585693
AFJA2TIE36MA34NTU4X2AYDASXBA,B084F2HHWW,4.500288009643555
AHGIYCYEO52KREJSMUG4HVRWXNYA,B0BT2QH7V5,4.423129081726074
AHIDTWUTSFPG2UWJMPLVB2WG2JQA,B00WB244XY,4.413185119628906
AGTSCOC7DUIMJRTVNMKIOMYYE2JA,B085JXWDPC,4.425361156463623
AHB5ERKDN3N6XGMPRH3BSS6FPJ3Q,B006I387UI,4.432101726531982
AEI3JK3NJTVVB6RQVVJXFYWBNEYQ,B08LYV9BCZ,4.470069408416748
AHWUG5BIUQWHO6KPODY2QJFFQYWQ,B09PBL98Q4,4.413726806640625
AECFGXLEX3SU6D4T6C55X2NWMJVQ,B08R5M2FGY,4.4019012451171875
AEBDVELV5QUZNVMFRSX2OILTNGDQ,B00D353N5I,4.42331600189209
AHG4BKFPRKPCA76UXYE32EEW377Q,B0BHG58G2F,4.542566776275635
AFC647CM7TNBTPSPPM2EXPJWBNYQ,B06W2NS7RW,4.388265132904053
AGFSPZ7XOYCABXF6VYXQVWQRMO4A,B004LG93KC,4.396559715270996
AG6XP7YKD35LKMAUTT2SPLCKKXCA,B010CI6M88,4.475361347198486
AE2SNEBKDHQIZCKJIBV5JOPUWJ4Q,B001R76D42,4.465004920959473
AECH6FKMNPEVOR27FIUZR75DDMPA,B0B3F96MH2,4.504575729370117
AHYYJPAALMRAGRBUY3XGB46RDLLQ,B0BXZFS2QH,4.456699848175049
AHOFWP4LITEBFBWVQDV25AZK6C3A,B0071YXCVM,4.463918209075928
AHIC5S5WEMJBL4CTQTEQMMPXYHOQ,B0BK5CXZBT,4.511873722076416
AGY6RRN2DDWDKITFMFZBTBJ25M2Q,B000J5UEGQ,4.313719749450684
AFGI5XVA5EBVOE2EOS42KHQSULXA,B0C38LLMXG,4.675983428955078
AHY6GIC4JE6U7L6GPZ4GVK23YFVA,B09G7GH2FH,4.432992935180664
AEZENY5LLEUSCC3JQC2F3GJ4HMZA,B01FMKRG6I,4.443312644958496
AE3C2M62HHDRFDW6E2XADFQUXCGQ,B0919GK359,4.433913707733154
AGPWTBAKWEXJIJLZXKEV7T2E37AQ,B075MLS97V,4.5248122215271
AFQFUOUDCVTQ4F5OYM66HTMHVOUQ,B087Q1LY8Z,4.440247535705566
AFWYQQAFUAWPVAX5HOXR3WSAN5BA,B016QUXTZU,4.34458589553833
AFCANIN6FS52VKITA7YMONU6S3EA,B01CTWVIY8,4.425778388977051
AG6BBIGPA7TIOM4BGES6SSGZHIKA,B07NWG39JM,4.414784908294678
AGP2NR66453AJZJAYKZGSMONZ4KQ,B0002H06X2,4.528977870941162
AFR4T3JVNVCDWIOE4J2UKMBYPOEQ,B0B89ZSYS7,4.565207004547119
AFX7V34VOABD3RMN6Q7QNDOFWOOA,B01H0PACWI,4.558420658111572
AFVYTABRIESKZ2WUA6XLENKB5QCA,B011AJ8KHO,4.394518852233887
AGBW7LZUPMPOBV4LJ7LO3TCTRVLA,B0BR2Q367S,4.558259010314941
AFLLD4HIWPJGLLBNJXCZ4OWH64DQ,B07B9W25ZK,4.553376197814941
AFOI7DJOGJ3FDEYYXCDWZKYB4IQA,B0002D03VG,4.453600883483887
AHV3PKYYDJIQCEKAVLVIHM27U2YQ,B00M4M9RF6,4.586296558380127
AFBPVAR4I2B5EZTHKW5QZCXTERHA,B00IFOTSJW,4.59352445602417
AGIGTISGZA4LRJ34FG3FZSLXFS3Q,B005SUT9I6,4.546905040740967
AEUFWFA3TBVVD67HVO7FOLWNXUSA,B098LHYD3K,4.400595664978027
AH2F6A7VS6CDBSJA24NWYKBEWPOA,B07MHL48V6,4.332737445831299
AEZIQZZSUVSU4UAQAZQJWUR4NHRQ,B0BZ5K6XPN,4.478949069976807
AHDHVYDPFXKSLOV3WCYUYDNCCWRA,B008L3SXE8,4.532013416290283
AE3H2GO6RH2ZL6OHLBAVSKEFDIHA,B08Q7HQHNX,4.456259727478027
AH45TR3BV6T3QVMWHGXDSUL3TQXA,B00RWF76NK,4.434094429016113
AERGXYG6NYIWY3VIBK7ZUQMQQQVA,B008B83SY8,4.502443790435791
AEBID3HKBMGORBEBUBAZWS2FFQPA,B0C67HCGBR,4.716828346252441
AFEWXSPZBD4YB373PB6Y3NA476CQ,B01N8SXS2H,4.459232330322266
AHSBERFD4KPEBMI7GW7QL3IJRHJQ,B0015B0EB8,4.438595771789551
AFOF3QHFHEPGQ7QQJBGWFJAC7RMQ,B01H8E59FQ,4.4162468910217285
AHRQLNYKGQKNDZI2DKRSST6JDQ4Q,B0B8YWPB3K,4.607683181762695
AGODDVRWGAQPWOIVFD4V76XIST3A,B072PWKPLW,4.355388164520264
AFSTKZ46JMFZCWEDBL76K6B5OLKQ,B07DLVDV7P,4.444760322570801
AEZKOSSPZDQAQJEVAWYIMF2EBRGQ,B0C3JJ2WLM,4.398163795471191
AG5QJWMXSGR6QK7CTCJKXRD7OSOQ,B0BTC9YJ2W,4.441673278808594
AGPJWCUWLVIR2VXLJANPYHHZ7VQA,B0983RTWDV,4.322118759155273
AGBQ3TX4QYWQQOW2DBADLGOJHQGA,B07Q6L4YMC,4.531795978546143
AHUIUCGSUO6B2KRQLQ2UWRYXTH5Q,B01AQNIOO4,4.410729885101318
AHJEYA3QHJSUWT4UN6FXYWDX3OZA,B0002E2O2Q,4.3880085945129395
AFKA6Y5FDB75J6BMYLJMBL56L5LQ,B0049S9FVE,4.446188449859619
AGWS2UTABX6UIBLDKBBUN3Y73YPQ,B0BZ5JK2GC,4.48386287689209
AE3HJ6CT7RAMP5XNGLYPEGDEMJJQ,B00IZA1GI2,4.549705982208252
AFUSHAI2F56KYEMOTGFW3WZ7OECA,B082WVKSNG,4.514959335327148
AGPE7ME5O2UO3IKHIAVFQ6C4JKNQ,B09SH9C3S1,4.46616268157959
AHGPQ4KSNZBWGDSFBMAOBSWAZBUA,B0BCHG293C,4.516364097595215
AGQE6XJ6T2AYF6LTIH3E2VOK4UXA,B0C2X15CPH,4.532285213470459
AH2HT6SO37BPQ4EKOTAZ7A6WDWZA,B072WPD8MY,4.480590343475342
AGMYY55Q5EIYMCNQF5DAYXSB4WHQ,B0BXT5BXFL,4.441651344299316
AHL6CT3IX5344QT4S3GSBUVZFNAA,B015XDJB9E,4.415061950683594
AH5S4XKENHVECUH4CNLWHQYIP2NA,B000J5UEGQ,4.332834720611572
AFFZNXPPX2MF7F6WSX4KYASX3TLQ,B07L5B64RG,4.289122104644775
AFBXI47K73AAHBTFJYX6T7QIEVFA,B09PWCF6T9,4.489201068878174
AG5S2EQFQ76MEDNWNKXD27VBGQBA,B07CYRYQ8G,4.3726043701171875
AEWRQF227ST6I3DXCM2AJQ7QGXJQ,B09M7P8SBH,4.5052170753479
AFHDHVQNIJO4RTZSJDPJMVLM7RNA,B00WM21DY6,4.403011322021484
AHIPKIT25JKKXMUL332SVAWYAKBA,B07Z3GVQFZ,4.484161853790283
AHROUXIVZXJZW4MO2AFN3ONK6DTA,B00BQYODWK,4.465643882751465
AF6FOQSBPWCC6LBUJ5E7M5EWZI5A,B019MIPZ8M,4.418952941894531
AFZ5JLS76NTQNWVF654CNXF3SEHQ,B0B949FD92,4.4526824951171875
AHF3YGM54O5RAXYBAV4FRG2FQWDQ,B09V91H5XM,4.5166497230529785
AFDPDHHU54M5M67PI7ZA6SEGANEQ,B07D4QCBX4,4.544336318969727
AHFSZBRXW3JCT4BGEDMR5LXKFCJA,B00R5VZXKY,4.478724956512451
AFOKWBIT7ESXMZ5OOVEPVEY6AYRA,B09JFZ3CKY,4.4031243324279785
AFVSSJ5QSQBZBTAVR5XHF6UQQVBA,B086QP7WM2,4.476933002471924
AFOV3YMGYHOVKW65ZOFVUITMT6SA,B000BNG668,4.440164089202881
AGUS2NZDI5C26OUO3OKRKDCYI2SA,B0002BG2R2,4.435143947601318
AFA4ZJGSTUWBV43E6FHQJV7ZWXDA,B09397FWYW,4.464169979095459
AHH2S6RQ5UCCSGDC4YSFGIRBXTTQ,B00DKAQGTG,4.595109939575195
AFSAEAZMJRB3KQF2EX5DXLCHFMUA,B075ZDCFFX,4.442994117736816
AFHNWGO25QKIPAEMLJ7ZLAXVXXYA,B09VBWXMBC,4.425514221191406
AFI2Q4HGBSVHDT7N3DYGZBZNLOOA,B01M8N618U,4.492564678192139
AGAOQLKN74M6NEVHNV3BLTJDNRJA,B004XNK7AI,4.610350608825684
AHWSZB7RGTT7VKF5ZLHFE35KAJRA,B001MX3WWC,4.432945728302002
AG64SW2Z4TEZG4IWEGEUFEEZBTRQ,B000A7PQIO,4.449030876159668
AFLKS523NY36AY6WTAAKFAHYT7BA,B08Z6TDJZ9,4.436427116394043
AEXSJRCAW5RDAOCGSRNV7BSK26QQ,B09JC3Q3TH,4.403772354125977
AFRHKO4374QYE6EFRHEGGSPVWJSQ,B005OEM43S,4.406493186950684
AGN62QQ3G4QRVVDCJQ6F6Q264M7A,B0BK5CXZBT,4.508821487426758
AG57ZCKN4CZOESBMSWZPL2CR77JQ,B07WTBV69J,4.5721354484558105
AE3JDWVNPCOENCG57MBK66UHQCMQ,B0B8M5FJ9W,4.521918296813965
AFTZQD5DUX4N2BQY3QJ4WCGIL3WA,B002G1UT5C,4.324202060699463
AE4OEJMTMMN67HAFXYTGCW5LDVBA,B0052S3T9O,4.393474102020264
AHLGPPI5LLPXUYFAPN6VGRHMFNQQ,B01AW5068S,4.438971042633057
AHUPCY2JBC25O6H556TRJZWZMFXQ,B0050CEEIW,4.394405364990234
AGIBXQUC5LU5WP6V6NWJYHKLLG3A,B009DYPWBG,4.410431861877441
AHDWGSLY5F6AL4WLGCL2YSSTJQLQ,B09ZDMFDW5,4.493651390075684
AGSUOYF2YX33MWSX4BUAW5LFETTQ,B0BR2NW577,4.537968158721924
AGZDUBW56W3GTKFCJ7VUDSHVUB2A,B00X7F1LQ2,4.312145233154297
AG4JFCTSTDDLSYABQYGKRGV2F6NQ,B07ZKP1KF4,4.412899494171143
AGNPXZERD2EQJICAHX2VHBRTDNFQ,B01N5KND14,4.453773498535156
AED7CZI2A4UFHHKBLM2T55BK7W7Q,B016133LAK,4.450751781463623
AGN5JKC76NLF2PUJYOGMWH4EZR6A,B0C39H86Q1,4.687284469604492
AHTAJ2OUVWDB4RPWSJQRK6WBNN3Q,B00646MZHK,4.615746021270752
AFJ6BNKTPZQXGEOAIOMMCSESJS2A,B002RVQTR8,4.467772483825684
AG545MMHYSJ5GUXAXDOVIC6IZ7ZA,B003AYJU5O,4.569495677947998
AF7UGFJC7H3PBAJ44UTW4MCWFCSA,B07MMJX9T7,4.439424514770508
AHVJ7UVESCIEXJDPRIYMIIBQEM6A,B015OP6OOG,4.510417461395264
AHWODSX3VEDWXPOIMZFIWCUXSVTQ,B0BS6HRTYM,4.4703288078308105
AELBSC427YP3XNO3L4ULNIASKB6A,B07883GRPL,4.414891719818115
AEC5F6TB3IB5HVKMUBAK7IHJ5APA,B09T7Z8VB2,4.558549404144287
AGLGKDWYUI3QG54WUNJ7EWYXXHLQ,B06Y6BCX7B,4.437553405761719
AFGJC5TF3BY7ZZSHWY2ONSPU7VIA,B0B9JZP4BQ,4.450695991516113
AEEGTK6WKYOWLE57UPJYL4ZOZ7RA,B07Q75MDB8,4.582509994506836
AF275ZFFGX7UOQR2F3VTUPPDOCEA,B0BT2W3TTM,4.565974235534668
AHSXY2RE3D43XV3NAQXJFZ3FEFMQ,B0B9LKKBHK,4.427122116088867
AG3GKTRAHOZP7J6XHVZ74EO4GJZQ,B00O5EL7S6,4.472642421722412
AFODRXNLEQI45IJTZOSHP2H2AMMQ,B074T1SZGQ,4.423399448394775
AFQAITIWHYF277C64BWNAQODYE7A,B07B16JL73,4.538043022155762
AHW5L5NONM2GMDBDOMAWICXCLOJQ,B017808XKS,4.585074424743652
AFZPLBJIKNDIJAYC34RG7MYJS6DQ,B00P1GZ39G,4.461747646331787
AFZUSTESN2HG2A2VIEJC53WXSQCQ,B0C4SP3PH1,4.385324954986572
AHVL6NLW2ETK2KCNUGI6OTQ6IDQQ,B07T9W146S,4.435845851898193
AFBW6R5V7AL57BMCUYFK5ZQRHU3A,B00504BLJU,4.426607608795166
AF2GNRUCCIC5DYCDJQ6XF45STO3Q,B07MG78TDT,4.493799686431885
AHQCQOYWUBEIRMSJVIAY62ZX3GSQ,B0CHMQ9H9Q,4.477477073669434
AFUDNFNY7SEDKBT36AH2LZDN4QTA,B000Y021NA,4.373969078063965
AFMWSJXVD2ITRLSHTOVKET5IF3SA,B0B8M2Q1DS,4.464335918426514
AGTOYBZBFDWXXD32G3TKF3IOTLBA,B0002F59ZY,4.5358476638793945
AGRCVTGVKU6I4WAR4WJGCAQZM6XA,B00HTWQWFO,4.519994735717773
AEDKWF6D2KIBJDGAWTXGMLCR3WMA,B095XCZXNQ,4.433583736419678
AGDPYGKE6ZOXBMUDUOLHKMZHCJ3A,B07MFYHKLH,4.408866882324219
AEG6JSCCSPLNC3WDSNULLRNVWOXQ,B0B7C7PYVC,4.474170684814453
AGQ2FSQ2EJJXXJDWNXNLRAQCQLVQ,B07HGRFG5J,4.422670841217041
AHUFMBH5VMD7UKPLSWAGMYSFHMUA,B09HCRTKL4,4.5607428550720215
AFM7D2H5LRVJUVMGLUUS5MNYR5WQ,B07BH4GFV6,4.539296627044678
AFAQSQ5NDDBKAWTJBFS45OSCAW4Q,B0BQ4G4JYQ,4.455755233764648
AFG4O5LTIHBOWSQ4LBYQLY4TBJDA,B0BW8L9WF2,4.440085411071777
AEYJ4BWSPRCLEJQIMDL7BH53TYGQ,B09NDBVJXM,4.456655979156494
AEUSNVRZQLPKRERL4EJ3HXR7X3LA,B07KK8XL44,4.394896030426025
AGLGD4PSAOA6W6AEZIQ7PT74RJ2Q,B0BSGM6CQ9,4.552310466766357
AEDHDFUNQQHHO4IV57N5YHW6IVGA,B08FC4P2F6,4.462871074676514
AGJRMIF3LHVDBHMCEYRL7GWCVMRA,B083MWZ1DN,4.457334041595459
AEKHOFU35JS3BOIWZSEM7DKSTEVA,B0C3QWRH66,4.418135166168213
AGCV5GUWIDXH53ENHCIXSZN7OBHA,B0002D0M94,4.448687553405762
AEENSLZS6WAJQE7GRMNHI74TIYYA,B0006UGEOK,4.5171403884887695
AGBELFRDXNHI2I4WWUM2WPEAM7UQ,B01CQ01SPM,4.487785339355469
AGDATDMAB2JQFVOC5BSRRIGFILVA,B06XVX7BHJ,4.3736443519592285
AGJAAVMYOSWYRC3HRWGAWHJFS4WA,B01NBIW57O,4.414408206939697
AGBG3KK74IKWJNQVMQAGVBWJ7FAQ,B0B2MTYQJP,4.460529327392578
AHO6JZJO74RBYK6KAPCPQ5WW3VEQ,B09857JRP2,4.751334190368652
AGID6DHXZOL34MVLPDSCO42D6GZA,B08WB1VLRJ,4.449955940246582
AEXNTI6B2RAU4KEAXHXAYKKI23HA,B075B1J56K,4.500096321105957
AGZ6AX5RT2WKRJYCYVT27ZIMMGMA,B0195NQSTO,4.466986656188965
AFU4WXFS3Y3OZ52E23YPAA2DIJRQ,B015WYRWYA,4.53936243057251
AHZP4EGVGXAQYU6NONQW7WZTPEZA,B0085545YO,4.45966100692749
AFGQH4JD5QBDF27M4MG6OJ7IXWBQ,B07MDT5WJX,4.505484580993652
AFR2QCLNJZYL3R3JDCNNBGLH75QA,B006UOSUW0,4.5504326820373535
AHJCDOPTP3TS3AKN3WXVWSQR322A,B095QDDCKN,4.542631149291992
AGHGEAJWZF4K5ZD3AVJMVR4VTIVQ,B09G5QS1VD,4.479382514953613
AEPQMXHOMG5ZBK3X223A6E367KLA,B073NPJF54,4.43917989730835
AG5QJWMXSGR6QK7CTCJKXRD7OSOQ,B01N6U2EJ1,4.328132152557373
AER47L3AWJNSW7S2YC6UI6V77RAQ,B09857JRP2,4.7502360343933105
AGEA7N4MSNAK7ANYT2RPCY676KNQ,B0035LCFRW,4.468581199645996
AFBVKQ4TBCCIG7N5BOIREJ47BGEA,B06X1C3GWZ,4.479240894317627
AEIW3FPJYRTL2ABJQNZRVELSDIHA,B004XDQFJ0,4.4532551765441895
AH5D4W76WTWVES3BKJKJPOHLBJ2Q,B08F2QZ9XX,4.421783447265625
AEKS23KTJWPSSKWVWNUPKQMKOVGQ,B0BSGM6CQ9,4.550300121307373
AEGPB5P5RTPWTVSARDZCY4NIITKQ,B00KND95KK,4.411828994750977
AGONUN3SQ3DQUX62IHQE5HCAXT4Q,B0BDMR3TD7,4.295746803283691
AH665SQ6SQF6DXAGYIQFCX76LALA,B0B8LYBTXZ,4.517605304718018
AFRGWN2OQMXTMFUCW7DBTJXXZC5A,B00CK2FOZM,4.471991539001465
AG4FSWXIYRAWD4GVRIYXCARYASVQ,B008MI70QE,4.401849746704102
AFSCF6RFBDYMGTDCGT7BZ4Y7G3SA,B071ZQK57R,4.582380771636963
AEX7IVE3YZLESAPRDVOPTUMVD4FQ,B00P6ZOPP0,4.415454387664795
AHMBTMDNL6YETYVEVAX5JCIWWNCQ,B07Q38FWFJ,4.461496353149414
AGTFVU24EZKHXUFYKLSRPB2ZUG6Q,B01DE4DTAG,4.525700569152832
AFC3LUU6EQ2CJDKUOVUANLP2JJOQ,B011EXBCMQ,4.454981327056885
AFZISTRYDPBLS4IDSBZTKRIGKDOQ,B00WJ3HL5I,4.427740573883057
AFKRDWMANJ6YAYLX5LLJTPI2NXBA,B088DD5M4V,4.537944316864014
AGWAWVRXUKLL64QUQZUHNHMNFKMA,B0BFKKVQZT,4.486973762512207
AEOAVQQMRY652RTKHFB3L6Y5TYIQ,B001GDJQTG,4.428985595703125
AEMJGS26JFHL24UXI2Y4IN42MUQA,B09ZTJH58K,4.5562214851379395
AF2SSK423YDGF5C5EVEWDZFV2TQQ,B0B95V41NR,4.458689212799072
AFOCHHI44XKMG44TIDXRHY7R2H2Q,B0B8M2Q1DS,4.454634189605713
AENLVOY3BCY4AXHOB5WIGE65SRHQ,B08R8FSFRB,4.306856155395508
AEWH7JMFZ3SQI4UE3DU6VRYD2BGQ,B0872CS1BX,4.485930919647217
AF6JSVPJ2DCT5CECPNXDU5PWBMEQ,B08BW2TBD7,4.474723815917969
AERERSWI7SYRKB5A5K6N3VSWWS5A,B0777KT21W,4.406866550445557
AFO4VO3EMAEWPOST4DIAMAEB7ICQ,B0032UYIQM,4.469268798828125
AFJ5GUZSFBLA2K6DI4XHMSG2ANJQ,B00KLLKE04,4.392878532409668
AGJNQM3DSVQLJISEL4NSWE5JOOSQ,B0BKZ3GCGR,4.567846298217773
AG3YM7FMYVGQ4UKSE4LQGJTXD5FQ,B07TJX2K8G,4.4745259284973145
AGVO65TAROWVIZVT227P76LOBEPQ,B08XMJVW2D,4.452859878540039
AEV42PMIPV5O2GR7XEEVAKNPJF6Q,B01B15JPCQ,4.461781978607178
AGB5HMEVDU6ZTYLFVUSDBISX3U7A,B07DMZ4B7N,4.449977397918701
AF6EJYBF33I6ZOJWPS6SKJCN2DQA,B0016H8S1O,4.526971340179443
AGUUZPBKG7FN3UFJIS4IXRDZWVMQ,B0161MMX4G,4.4278788566589355
AGXMTHMKZG3QKW6UZPY54A6225ZQ,B01MSNIVKE,4.454154014587402
AHNUALEQSBJJGHXFMSEIHPPXJGPA,B077YGLM39,4.447718620300293
AHK2JKHQ22EXZBQWCF6SAV3XYAYA,B0B7C7PYVC,4.466454029083252
AHR4QTZAOVEE5Y4RZ2PRDEWZ6SBQ,B09RTZ26KV,4.531217098236084
AH2POAHDXXWBO6AJYISIC5WO35RA,B08C2TBWGV,4.4615278244018555
AFTYUC2644SXODMOUAOCS3EUXLNQ,B0925WNSYJ,4.5592360496521
AFH6VTF4HK7G6XEPGKMJS54HS2BA,B01M0RWZSB,4.501184463500977
AH7B4LZKXIRVOKMQABH4TYJWKYPA,B07BK1KRMZ,4.4503960609436035
AE7BOZUENUHTO74ZOFS2MCV2OIPQ,B01K1EJQ9U,4.559110641479492
AEPJXX4K5S4WEJ7EHNBIGZA65CGA,B008BPI2OW,4.446276664733887
AFIE5BI2QPM355FG7JOUDUL3MOQA,B07234PV7Q,4.471477508544922
AGUT4BSZDABF2TKPWTP7QJTWARHA,B000V6E01I,4.459773540496826
AFQSGCTOHFIJRR3TFZ2YGU764W3A,B00RX5HQS4,4.535503387451172
AGZF6BB2D5R6EMB4P4353LFKR4PA,B0B59HT4CW,4.38740873336792
AGEZ4NC2DGLNTGW4WK5PB4PVPQ7A,B07Y6TSTS2,4.493257999420166
AFXSSSNW7ZJY5LZTDXHURSA7I3WA,B008DCOOA4,4.440720558166504
AHJPWPHCWZ5MX2UY6CNGJUNBWP3A,B0B8YY3M18,4.536140441894531
AH7JAXK4CMAKGB2I7X2BIW4OMXGQ,B07PMLJ8PT,4.463890552520752
AHSLQLTCTL7BXJCKPC4CS5WZ6P3A,B09857JRP2,4.748295307159424
AH6WLUR6WYU5G3UNQDCHKDTBGEGQ,B087B6MMYR,4.416855335235596
AHCKFEE2OR3IUWX3C4GSR3BTXTSA,B001B850DM,4.450420379638672
AFA2XGIBDVRKJW5TUJ4XBSFRKD4A,B0BZPVZC89,4.333465099334717
AF73XBA3ZP4WT5PJ35HOIH7RCX6A,B003KVKT0W,4.52036190032959
AHAVMJ7OKLRLFKHUSZEZQHPQCHWQ,B015HG82EW,4.419293403625488
AEJWL2VCYD5DYYK5KTYHBTRTTUVA,B074KPCGYL,4.354733943939209
AFQFO4MXAJX3BTIPTQGSKIOAJ7IQ,B001NTX914,4.4045939445495605
AHITPAZLFZ6MUAIRVQ7O5P5XGBBA,B00VYQABQ2,4.441064357757568
AGPDZTRIIRXHFAPGHUR6WG3NFD7Q,B072HMBSND,4.476625919342041
AHWPCWQ2D66IJWQW5UOWEM32V7BQ,B017GSAT0E,4.488715648651123
AGXFIFO4VWNHPAX3VJPRQ2QJSCSQ,B06XHXTNK6,4.444372653961182
AE4XDOLOLDHCE3JLFPIOCU2CDPVQ,B09DY5162V,4.431807994842529
AGMLFM5LJZ6NWOQ5SKUTHJZ3WMCQ,B06XXND94L,4.555981159210205
AGXTFGO7KXIW257RRFLSA3C5VRWA,B00IFOTSJW,4.595150947570801
AHGIBSFUX75SKXE57B3GHITHYR5Q,B07GBPF914,4.434581279754639
AHHT2CP2KHNLPRBP3QFHWA445TFA,B09PJ3N73Y,4.4573655128479
AHQRMJ276MO2DYT6Y35GUTUZUQEA,B0BT9R8MMV,4.537969589233398
AEAGSWW4RVIR4L5BH4MVOV4X23ZA,B0BPLFP5P6,4.345921516418457
AGRMBKF2SDE2UFCVGX3C3YU7UVIA,B0884DCBGJ,4.455996990203857
AEQCZKNMWZW72YG5ROSWVBGOXHWA,B00FFVLKJE,4.379037857055664
AH6MAK6PF2Y5LOQKNJCZBEXMKYSA,B0BW41MRGK,4.539765357971191
AFFCNEJLNMAUSBFDTVL7TDS76HHA,B09NC8HCRS,4.451881408691406
AGHGEAJWZF4K5ZD3AVJMVR4VTIVQ,B0769VKBTZ,4.541506767272949
AFHXGVSCCIAZUZKLKFO4SF23HOEA,B002AKVQK6,4.4548420906066895
AHSDVLG6RG7X75WCJSRNBW52INCQ,B08KRDKZ6K,4.439303398132324
AEJWL2VCYD5DYYK5KTYHBTRTTUVA,B00WJ3HL5I,4.429713726043701
AGEJRGFQAE756CZAUY4OQLHQ534Q,B08XL4NHL3,4.41751766204834
AG5ARKH5DHRZD4H3SGD5IYTY654A,B0BXDSJT52,4.408736228942871
AHNWYYSU37USMKUNI2XSTHCD2VZA,B07MHL48V6,4.309179306030273
AGUIKU6A43BXYLTYZXNODQRHZ7EA,B0BR7Q74PC,4.53325891494751
AFKDPE3P5ZL7WWTHLJGPGHLFLEDQ,B08T9CCXZB,4.53519344329834
AHGFANFHSMQOHSDTHKO52DWZFYAQ,B00GG20DJ4,4.451117515563965
AGNDXQMA54YLPLIRSJ4CRPHH324Q,B0BT3B7GTY,4.586170673370361
AHHIVSLNNBQTWQ2PQJMOFF4IPURQ,B0796CFWKG,4.458399295806885
AHF5MC62OR5WJKQ44L6CWWBAJIDA,B09JZQ67LR,4.4402642250061035
AGDEUEHXRVCWANF6PENBUO3PDUKA,B07B9W2XFS,4.522827625274658
AEIGZOWPIU3PMS72QQVOSPK5DSWQ,B09G5QS1VD,4.474472522735596
AGXKROS7PUCF5FTKJP2V3Z2DVI6A,B09398HH18,4.465578079223633
AFQ7VJBUAFMCD6WLRMNJVL5IZGUA,B07K58QSGC,4.452558517456055
AGWS2UTABX6UIBLDKBBUN3Y73YPQ,B0BCK6L7S5,4.349994659423828
AEQZCIHPL376ZN3LRVIK7LKIO6IA,B077RL5S6L,4.456192970275879
AHQ7UIJUCTKYWL6SHF444WJYBZPA,B008BPI2OW,4.458062648773193
AGN3MQNSNQNYLWDVVGL5RTDA2DHA,B00XWLVDUU,4.3371901512146
AFUZLLFBTEMFFNHEXPEMTWWFU65A,B07GFH8NTB,4.611421585083008
AHSCZVYJIQ4N5YJQDGCIZZN3CFJQ,B09BF8XDF4,4.600327014923096
AEIZ2AYL7ATS6TTBKCC2SO67YCYA,B01B7N8P5A,4.431680679321289
AE7PQEPFCV7OBKK2FZ5HNRKZE7KA,B000JWTWCQ,4.402139663696289
AEW7WXMSL3KZ6ICVWN4S5I7PEUKA,B08T9CCXZB,4.535459041595459
AHLLDYLLXIAPQN7DJCA4BVYPPEFQ,B0CBSSC46G,4.477388381958008
AHWKSJ62EEEXSRG3ZHRNWBEXWFXA,B0BWXY17MT,4.482116222381592
AFPQPRIZXHHOVL5VYHPKQYMEPHQQ,B00P0HIZXM,4.436418533325195
AFWQ5JUXYJJQDJNYLVVOQDDW2C7A,B0006IQNES,4.52943229675293
AE3KSV543QVC7GAKJGAE6F5TS7WA,B00F4MYC5I,4.401402950286865
AHZZX3DQ6IZHVV7GI77GL4PAQKCA,B0B8M2Q1DS,4.461140155792236
AGE3YAKMNHECBEAFUIJ7NNLO5RTQ,B000637LVC,4.525269985198975
AHNG3NRGEDYO7E44QMYDHMBADPBA,B0B8LZKBN7,4.479885101318359
AG43KQOKOO573AON6M3W5TYWWE6Q,B09D9HYFYY,4.402329444885254
AGGC2NUD4OH4CW2EV7ESFUAAPCIA,B004XNK7AI,4.614333152770996
AEK7KBA4LVW6N7422XG2NSSRSJAA,B0BXT3YHW7,4.427403926849365
AEUFCTMP25QBJ4AB2AN5LKHR53WA,B00H35YIJE,4.595051288604736
AFBW6R5V7AL57BMCUYFK5ZQRHU3A,B0B76W9CDF,4.445388317108154
AHKYSWGAUYXDRDRDVPJF2IXTBQBQ,B075YF8VTV,4.35697603225708
AGFVP2RIKQMCJOWPEFL2YOQKSUGA,B00Z9TIXOC,4.477317810058594
AFKK7F5DY6QVQMPGYFXJUJMH5GDA,B096QV18NX,4.43419075012207
AEUL7J5DOLN5C2TNYN6WLR7VK7CQ,B09R6PRMMY,4.571268558502197
AGORB27V52BOPCJGRI3QPQZ7SF6Q,B003KJ0ZD0,4.48425817489624
AHYU5PQSGXDZ6V7F6UUG6LX5HJRA,B009J8DXQW,4.544915676116943
AGH7F3VLUYMLE52O7FHD7X2B5RAA,B0C61YQFHH,4.32745361328125
AEPUDI6BXIIFIBDD6HN66DFSXXIQ,B08DLK3GC9,4.540137767791748
AH374ITGDQXQGVBJ5ZSW5LVEX2IQ,B0BKR2ZM9X,4.611490249633789
AFJPB6LUARRD2IM4HZKYPSVC3FAA,B0BBG39TZ9,4.417909622192383
AHTRLPO6Q7FNLBNB5SQSDPLC6I3A,B07PSWC1XY,4.390233039855957
AFZQH5XG2U7PUV4ESRY7IA26VMPA,B074WXM13T,4.492286205291748
AEHGYB4EMFSAOJVQSYG2QD6HMGYA,B01KBCUPFG,4.432131767272949
AFZTZTIUKWVBHZWWXHP5GDF6QODQ,B0819XW78V,4.447803974151611
AGEXOCVVUXJJZMX6AGI6LDVUC7SQ,B006UOSUW0,4.5462470054626465
AEVB5BSDA5OASLEFI37PGC2XHIIA,B07CRK35NG,4.528073787689209
AE57MRF2R2ALCC6H5WQLFKT7KSSA,B07YXY9L3T,4.447977066040039
AH6JESOL3IE2HXVN75ODIOHNWJYA,B0C3LK9886,4.399072170257568
AEVP7D4FN334JKBYDZ2EP5AQPKFA,B07MQJQTR7,4.414699554443359
AHHXUCKVUSI7A5ECJMAV6KU2HOHQ,B00OO0XTB4,4.542299270629883
AF7PSUJM2OPFVDSI53L2EKYUPZKQ,B00USQY0CK,4.479345321655273
AEVYZFKOMNX4DOSBR7SI6PSU6JJA,B01LYIRO3H,4.4419331550598145
AHMVWBJ4FNFOXJ6BXA5M7CEDHSNA,B08S3X7WMR,4.362480163574219
AF2OOLUOKOYQ2HOAECQPBVCIIUVQ,B07PPHHG34,4.4171857833862305
AEEWM3H4MGP5YEKKAWWN2K5GFDGA,B00CGFRJ2Y,4.571369171142578
AEZ25O3HQYWEXVANIUM6VHNRDAWA,B000GASJF2,4.393230438232422
AEZEQQAJOBZ5B7QVPWXBXZ33LAJA,B078KTV8L4,4.370834827423096
AEKIBDMB3G3V2F3S7UTCCKDMR3YA,B00US6YYMG,4.271964073181152
AF2GWXZDIXTBHQD6Z35SR26KSGYQ,B0CBK1WSMR,4.4069905281066895
AHFFHYIW76RJQMCGMNNOHD35W5DA,B07SPHH7TD,4.478304386138916
AGHVRG2HSUORQ4A3OHQFWKMIEOAA,B06XXRRGTY,4.483771800994873
AF6QJEYUUAUD7J4D6V4NW6TWX7DA,B003KX4SC0,4.443403244018555
AEFJPCWWQJOL4HBWQXYQ775IBTJQ,B01822J05S,4.409682750701904
AFW6ISKFJUM5ZDRGSDJCJF7TW4IQ,B00H35YIJE,4.59929895401001
AF6LBRKK5RSD3TBYPDXMMDP3PX5A,B0B8DHDVJZ,4.542764186859131
AEBPH5OGFZWNYAOE4EL2Y4MDPKDQ,B071WMKJMY,4.569100856781006
AGUAR5LOTVA6SHQBEM5NYSO2EAWA,B07BS497RX,4.477783203125
AFLE6K7Y7L53CS7SV6JR5IPXJQ7A,B0002F51DO,4.431861877441406
AHNXWNFZIZLK2A3OGVF62FGR6SFQ,B00IWXMGH2,4.439729690551758
AGKMKTMMN3RT4CSD6P4TAWTWYPIQ,B08BSFDY99,4.565642833709717
AEN326SBT64VHDX7FG2G7ETRXB3A,B0002CZTIO,4.418434143066406
AHHWYG7BHH4KL2NMB7SRQBRLZBXA,B00KBCOWL0,4.4414753913879395
AHLV6WPBIKRRVRV7ATUGZVVPY24A,B01FH89Q5O,4.460886001586914
AEVWFJBKJSOPAP6RKLA62OZNCEGA,B015X3CXXA,4.418610572814941
AGY4QLGJ3WS572EJXYILMZP6U5XQ,B0C61YRZ1H,4.385026931762695
AGCKPDUZTEZAGOLCCG3DQV4J5XXQ,B0BT2ZRCY2,4.524691581726074
AENG2XOGTZ5PWTWKRPDZP2S62IOQ,B0B31RCL2G,4.538230895996094
AFYQ5ERCXJW4T6D7VSCXP4BL535A,B0BJYS4BQT,4.394782066345215
AE53VDKFQ67YHCSPLIMTCFK2TBCA,B0B8M1RZWV,4.522561073303223
AEYLNJLX7GYF4NXNAVBDL73VEYPQ,B0CBC8FHVD,4.405468463897705
AG7YOQATPK3IWI5WQHMNQSGNYQ7Q,B000H18RYS,4.35064172744751
AG553SGZBEHRCZMXNXWJINFND4YQ,B01I6EHKL8,4.393633842468262
AF4R3QHJTOOHMJXQROF7MA2RM2QQ,B00M9BSZMI,4.46185827255249
AHB7NX5MFSJ6W2NWR5UNUFEF7RNA,B00N5THDR6,4.45811128616333
AEG3S2JSG7WW3BXOWKWYPVSTED3Q,B07NDJ1HSG,4.565227031707764
AF7CC34DK36SQJS7WXI44DREGWJA,B004P4MLMW,4.554452896118164
AFQGOHTGJDVQ7PWB3MGLRTG7YHDQ,B07226MCY6,4.475854396820068
AEQN4YUQXU27N3EXVSGUEWRSY6IQ,B093YGS1F1,4.53059196472168
AG3S4FROO422V5KP7DJCBXVUQLJQ,B07MQPMS7S,4.5579514503479
AHDZKPPKUT7HD47LXCBN7RQNN6KQ,B09997NM44,4.402818202972412
AF4FA6MXKUITCOOQCHJZH3EDEW6Q,B0BSGM6CQ9,4.550220966339111
AFTEZGXRBCAE4WOKUTABLKG6GHCA,B075JNW6BK,4.432064056396484
AEZVMCJMXA4ZJWUTFHQCLZIQO3LA,B00CRQWMYM,4.437305927276611
AFD2MJZTOT57DPG42CDZ6J3ZW3XA,B0B4SGJRHR,4.448390007019043
AGFUJJJTJMQXQT2PGDBAJE6DIPQA,B09857JRP2,4.739073276519775
AEFTOJ4ZJ77AZONVSHEJENIC2JUQ,B0BJYS4BQT,4.393830299377441
AG6Q7E7GGX643JLMRMPISRS4ZGOA,B005H2007E,4.374464988708496
AGP2NR66453AJZJAYKZGSMONZ4KQ,B0853X3VDC,4.539570331573486
AENJN3SAZXVRKSYKW57MJLXAUI6A,B0179A4ILK,4.43869686126709
AEZFHZS4BLIBM2BZVUWZ3PO4VFXQ,B0007L8BQW,4.238090515136719
AFXOJVXLBLYD2KJCO2MV3TVEPEOA,B0723B2GNR,4.54929780960083
AHLQP6LTDDC5HOP5TELA473KFRDQ,B01C6YZFY8,4.466343402862549
AGNJGGJ7ZVWUJ2CPLO2FCI6UKTFA,B0BQYH4Y5L,4.404943466186523
AGZXSZ3JSHVOVFSVIPJN2AZXAKDA,B0B4SGJRHR,4.444163799285889
AF6PBG7LLN5RCHTOHZ7XQSU6JKYQ,B00WJ3GS16,4.406016826629639
AF7TNRCWEV4U5PMRMSMUOULNQWFQ,B01GKX638S,4.396302700042725
AHVMNUYCMLPJIGPR7BKLLJLX57PQ,B00IFOTSJW,4.595360279083252
AHC2TT2NQZJDTZG56UF3GGLO3WCQ,B08PZ5FQ3H,4.44028377532959
AF746O6B6UNT4OC4TS7CL3Z7TAFQ,B0002E3D9Y,4.4481916427612305
AF7UCCPZPJPW76PNE2ICQPJUQEYQ,B01JM0WCYA,4.452798366546631
AG7SOAQOQ46YSE3DL24EILYE4XWA,B071ZQK57R,4.593211650848389
AHJPWPHCWZ5MX2UY6CNGJUNBWP3A,B0B8YX1H2H,4.542886257171631
AEIORS6YPYMQBLYQVTB6OLRC45UA,B01DK40R3M,4.538565635681152
AGP6DVMFOPJAIJ2AU473OUN53ZGQ,B004X7OIRC,4.424722194671631
AGEHREYYWFDH6O3NOOJSPWC4JSXA,B0002ORP8O,4.466928482055664
AF62V5OQ5N6AXFIPEC5OW3BITFCQ,B00WQI2TM6,4.380803108215332
AGQGQNKQEUZLXVMAD37CUFLLGMMA,B0BKB22QPB,4.582216739654541
AFH7JZJO6B5MCIS5RII5J7JG5QOQ,B0018T62KE,4.405979156494141
AHZER36Y6IL7USHGBCELVMN56VOQ,B07MLM8TGT,4.414038181304932
AFOAF2ZM5JEUC4HEXDCSQVRN4VBA,B0BK6MQF3Z,4.313523769378662
AGXCLEGTACWVEW5H6T4S3Q54Q7DA,B0745KXRSL,4.49705696105957
AHJMSTODUTOUDOTDQUB3W3UUL6MQ,B0BSR996X8,4.552795886993408
AFHEYIB5M5MYLROKZ5IEMZSJDD2A,B097JDV3FW,4.540706634521484
AE5GU6FB5WPUSX37JGGNXLS5MNLQ,B0179A4ILK,4.464474201202393
AH4AIWIVLN43SGJGK45W4FCJB5GQ,B01MF9H516,4.4487385749816895
AHBZTWSVWOVGZACP3DOO4IVRVBLQ,B0BFVMLVWB,4.449869632720947
AG7D7FLX2VNKHIEPOEAYLPKEPRDQ,B0C67HCGBR,4.727160930633545
AFUAJBFLBR2QNLGZJHPH4NXW6TTA,B07WTBV69J,4.570618629455566
AHR2T6WRBZHZQDINIP4FEKFMJLGA,B08R5GM6YB,4.426999092102051
AE5MM5FGVZCIPU5325CBSL6BL76A,B074QKLW4N,4.494826316833496
AFEJOKVEBOJR2MZEDPCEMXEV5C5A,B013RX1IJI,4.427463054656982
AE6DSAVSFEUJXG6Y6OXSNBF2GR2A,B003YJQX1O,4.439297199249268
AFUVULLBBA42PQXUQ3OIHUJULV4A,B0BSGM6CQ9,4.550684452056885
AF6KNY5JSYLUFJB4LCANTACTXPFA,B09Z68J6P8,4.446155548095703
AHGC4VVFAHJ2CYX2C4HYRZCRJGCQ,B0179C3V7K,4.480544567108154
AG2BUODRLIQFESF7NG5QHFDK2KEQ,B004HNZZCY,4.487665176391602
AGS3RJXAVACT2S5EKGAFSWADHY7Q,B07WWK46Q9,4.430018901824951
AGN7PZXO4DA4KUC3RLI4SUSYXELQ,B0BSC983V7,4.397302150726318
AFN3OV2D5SKJPE2XHIENADGPW7YA,B0BK5CXZBT,4.509426116943359
AGTN3NRGMYAX236N4FCZV3G5A5HA,B07V2JKL3M,4.457988262176514
AGIBAXUNJ4PSY34SL5OCL5GQLUDQ,B000CCN152,4.324844837188721
AFQGYW6TLQ7IOG475GG6WDXHPY5Q,B095XCZXNQ,4.437047004699707
AFMZRMZM6IRXS2JNBEZ5AYQMPDJA,B0002D0LCM,4.494728088378906
AFWH2ZHBRF7EKVOCO5QLDI6XWNXA,B0BQ4HSKC9,4.547937870025635
AEOZYGYVOZH56BYIKIHSZ5VLO27A,B01M9D2C5L,4.547722816467285
AEOJHU6GSSVCEZAM6FEODEONVFOQ,B0006676A0,4.457898139953613
AHOLXWCFOWHLDA64LCMFGD4J4PDQ,B01MCUYAZ1,4.571588516235352
AFZUAJ5PMJGGOVOTKPVCIMQLO4KQ,B00P0HIZXM,4.435774803161621
AGYHFN4XDNHUITNETIXMII65Y7CQ,B0C5NX9VCH,4.438841342926025
AEQJ4C6IRPWITBGZ3PVJJB6DLW3Q,B0BSR996X8,4.535747528076172
AETZB7U7X35AY44OUKBASKP6TDYA,B000BYPJ1U,4.431102275848389
AFSJBRLZNDADGSXJ7QFLIQVU576A,B0BCK6L7S5,4.344435214996338
AHV7MPSPXX63ECNBQ3XQ4QHUOHFA,B012VQ5A7S,4.416049957275391
AFKFJDNRMX5RUG6DLAY7362NOA7Q,B004XDQFJ0,4.455955505371094
AFFN67NKO4FPXSPUZYCOTZWVRWLA,B01DPCONFM,4.540212631225586
AHPKNOIDJLQBTSKV6OYC6TGDPGMQ,B0BYXVCSGG,4.271255970001221
AE3KYIL2STVS4RZEBPXGPIJWVIZQ,B09KR857F4,4.408592700958252
AHO7ZCW3BZ3GJQXQ74M6LGJNO7VA,B019NY2PKG,4.469306468963623
AHG32NYWESLOGB6OYVPRTO5BJMKQ,B06X1C3GWZ,4.465792179107666
AGNJ65DORLK5QTA3DVYWNSSUQ4XA,B06XF6NF5Y,4.447373390197754
AHJUKDLBKDLRZWZ2OFNOSAYOCTZA,B00282WZG0,4.472079753875732
AGDUZDJQUH2MA6Q6RBVBVV7FIAIA,B083ZWDTXW,4.265464782714844
AE47BLFQQB354YHT25DB5AK5CYBA,B07B9W2XFS,4.514120101928711
AH6NZEBZS5W7DZHLITK6B5KBHQOQ,B0C6HZHZJJ,4.53651237487793
AHJPWPHCWZ5MX2UY6CNGJUNBWP3A,B076JH5YJK,4.420051574707031
AG6CAX2ARLBEGBRWNL2BPPOOPHLA,B08RYV2ZJP,4.384679317474365
AGWKQRZOH2KLRB3W72ZFRMOTZRXQ,B0928HW2P4,4.656965255737305
AFUS6JTLJZK3Q62HGDKY2MUAVPHA,B07QCQ55YM,4.459303855895996
AHICPR4QVQ5FMDFSESYDMTT3BDZQ,B0BR2VHR6T,4.45072078704834
AFER5T4ZS5YH5EKB7LNOGN45ER2Q,B08P34KV3X,4.38508415222168
AHV2XUY4DXHZD7RKGPWFEU74NBNQ,B0B7C7PYVC,4.490149021148682
AHV7LCY27PDOW6O6ALGAAK3YW7OQ,B0BPKH4HB2,4.539279460906982
AFHIS6C62UGA2SKV3M37TVTMEEJQ,B005NACC6M,4.347329139709473
AFWNIPDL72FP2UXKRYXN673BN7HA,B096K4CPC7,4.469511032104492
AFWB3VZAKJWI4UMADRMOKAQ5LNUA,B07JGCQYN8,4.516790866851807
AED4QB2WMSEKWT5RXAVNI6YHOWUA,B0BWPTCWM7,4.285116195678711
AGXQG72Y6EIMUAUYDEY7IGJUQPMQ,B0B8FSCM9L,4.461806774139404
AHFI6EVQKDDMROI4RSVPWF2Y6ADQ,B0C3J448FC,4.408620834350586
AFCLOTB3P3EXMIQAKAZIP3KGAYQQ,B001OAGQ80,4.452789783477783
AHVI7QLSKPBIW75FEW2HYEVT6YEQ,B07QL29XXZ,4.441018104553223
AHK4KM746PZ75TTKIXKIGK5MZWPA,B01K9AMG8E,4.374197959899902
AEWMRA77SLIB4SBUM3KEETKZDQTA,B077XXXZDY,4.495626449584961
AEJLDE2NMFTUMKBOMFJSS7O5SKVA,B07NP7HF7X,4.536164283752441
AETB62XZJ5WVKESTF7USQPQWW7KQ,B076F5W8Q5,4.4023308753967285
AFO6RUIVRV4PUYTGNAGY4NLYYYJQ,B0763ZF7FZ,4.430067539215088
AEZDB22RA2Q6IVC7KQHPZQK2MHDQ,B0713R6CY5,4.479149341583252
AGAM4YMLO2I3H573MRATCQBVH64A,B002NG7DEK,4.523429870605469
AEBBQOWNSQ63MFMGO4TTXL3SVOXA,B0B56Z5G3V,4.398176670074463
AER2QRZUIRFMMQHUKONI6X2CASSA,B00008W2LW,4.55133056640625
AHRPH3DCPDNWEDZJAP7L4UJ6USOQ,B07C4HLT8X,4.448721408843994
AFDVTLUWYDVFN6YZ372K4B3HKSDA,B015HG7F3Q,4.434556484222412
AFJBVD32IH6ZX5BNLILRZIPUJZZA,B08R5GM6YB,4.411919593811035
AFZ3C46427HBPAJPNFHWADDIBGXA,B0BKZ5N3PC,4.389710903167725
AHJTAHSOTD635R6J2KKZG6WVR3BQ,B08NVVLB16,4.598161220550537
AGHPBBUCMU72JNN57OKEFJ472UUA,B0777214NC,4.508275508880615
AHU7SOTUAYWHKXXEFAB4IPX6LJEA,B0C6H9T5T6,4.410952091217041
AEWWKKSI3XGONPAWUPUVPXAACNHQ,B015WUVA5G,4.5555644035339355
AFAECBWSG2ANSNDXNRJVIEEYJ2CQ,B09V91H5XM,4.504965782165527
AFXVOM24JL7OMMEJEY7HEA7DYH3A,B08LRLRRKM,4.451870918273926
AGSQ22VXCACZVWJ4XXFTNVMEBQYQ,B07D1WM2G6,4.491845607757568
AH3ING3LIZEANVWVY3QBYYB6EMSA,B09M7P8SBH,4.509804725646973
AEQHY2FHST4SMN26QCWYA5VEWOPA,B00WJ3GS16,4.425472736358643
AG5A36LEGWKOSS6FKTBMH5QM6PHA,B09HCRTKL4,4.545666694641113
AFGQTSA5VSAM326LO6ZKAIWIFK5A,B01DE4D4LU,4.552213668823242
AHPNDZ62QLYS6OQRQ7UGZ4P36QQA,B0BBRMGRTS,4.4316511154174805
AFEYB24M4HNZQQHWPJYMJ22PLNYA,B00WHLLDWO,4.339849472045898
AHRQPFLXCGZAB57SGBOJA5JLOEKA,B08KHSBL34,4.408170700073242
AHMIJ4JOTBVZX7ERWMM72CRSEQZA,B00BNVHCYM,4.448073387145996
AFJ6BNKTPZQXGEOAIOMMCSESJS2A,B09857JRP2,4.7714715003967285
AFLUYFO2OX32ABMQAGQZDRCFT4BA,B00557KN28,4.434816837310791
AFCTA7ADJVBKAOXVHUHMRZEEEE4Q,B07226MCY6,4.46739387512207
AHTNHU6RK7ECI3WRIT4KORNYQPOQ,B08BHXRGML,4.431187152862549
AHQO2Q2Z66EGYUYBELDADP4L2XEQ,B0BZKBPRVM,4.468945026397705
AESJNJSZZ7STVVZE46RTE2OFYISQ,B01LWWYCRN,4.488312244415283
AF6LC3PL7ATCSC6VQ2SX4PS2JNTA,B08RS1NGLM,4.408257961273193
AHRP6TT5VE2NFIKXCBU24SD4PRGQ,B010GPFRUQ,4.406864643096924
AG7SIPR7YPAEQ6WNUUMD7M2YUEXA,B09857JRP2,4.743330478668213
AEPT6TMOHTPA6V644QQVM5G3PJBQ,B082WVKSNG,4.536837577819824
AFFHJNYPY6JKYNB3UHWETGBAHFUA,B0B41JFP9C,4.438159465789795
AFLZHVQKCWSLQM5I2Q2UZFHDRSBQ,B0B7Z4Z88L,4.407033920288086
AFKP7GPURJA6SIE2IQAPMQVFZYWA,B0BXT41XC6,4.557831764221191
AGC7JARZMJSMJFFKT7LQXZ6QFZ2Q,B0C2X15CPH,4.51234769821167
AFTQL5KFH752LH35SF5UALIXNSXQ,B09PWCF6T9,4.48829984664917
AFK5JSKYDDZ5I7EZGR67F7ZW64VA,B003IJ3WIW,4.426605224609375
AFZHQXVBWWHO3F5JF2CEUCABVAHA,B00CPLODUU,4.532318115234375
AHO5LUPMSZT2ISIN24MT3W37CYHQ,B0009FUUOC,4.402122497558594
AH2F6A7VS6CDBSJA24NWYKBEWPOA,B0B9T61HDX,4.410611152648926
AE5OSZOY7GGHPWRN5V66YTEY5FMA,B0006LXW80,4.40224552154541
AEC6SU2J4YKKWPYWR23LZX6MARNQ,B0023BYDHK,4.306848049163818
AEZC3BZA4JBY4JC2EYAX36FLTMZQ,B00MCBVY2S,4.49994421005249
AH2J57YBS2WIYAEGFZGJZ7XYB7GA,B07BQ8JQZ4,4.395480632781982
AHPG3HA4SKQBIGAPE64RAQ7XQQYQ,B0776RBZF1,4.343489646911621
AHZKE7W7FCLQLRXILNZZBNW2SBSQ,B0B8P1YW7L,4.552371025085449
AEF57CDFWDBRC4QJ3RPLBAHB2JGA,B01DK40R3M,4.531865119934082
AEJD6FDFMB7DIJQER7XLWZFDNMXQ,B0BLP3WRKX,4.4233317375183105
AG5XY2G6FGRKC5B46QB7DJVWBK4Q,B07KJ3TD6W,4.413099765777588
AHLCWSDDDARN63GR24EPLCPAO6NA,B07CYRYQ8G,4.387771129608154
AGMQD2OLQTMWCPA23Q4WE6TTSKVQ,B00F20MIC6,4.427761554718018
AFALDYQX7GLWJOTNR2IEZ7EUFCBA,B01BNTYSKO,4.367741584777832
AGHZISWZBPUB2LLPQLT34LBJQWBA,B07Y6TSTS2,4.529286861419678
AE7HSNODYHJTFA44QPRBOTYATBJA,B0B3VDFKB3,4.393759727478027
AHBV7TH4Z3WRRKXUIDAOPVUBIR4Q,B00IPHISW2,4.5778656005859375
AEZG4SHN6EDH7X2I4NPMCSN7MN7Q,B003GEBGA0,4.268661022186279
AG56XLFPO5ANKABQHXMGQB2DACMQ,B0C67HCGBR,4.727059841156006
AGMT3DM7RJH3CDMI2LSTWGOF7KNA,B004XNK7AI,4.6002888679504395
AG34YJOTCJWCEA6XGG3NWWHDSQIQ,B074QGK1F5,4.4296956062316895
AHFVDOBDHD55X4YG64AXNIVLJAJA,B09VBWXMBC,4.417715072631836
AEGMDORZJ7HGMQNUKQVFCLHXIE2A,B017NT392Q,4.430392265319824
AHT5LYU53R5RY6DIEZYSG27SJ3PQ,B07DSY3GGH,4.4557785987854
AFKMX6JZ655VPVYHBTATZQS4IBOQ,B0B3CYX8N9,4.4609694480896
AHYCLVA25UCDXZWWVHAD3JWBA52Q,B00VK4YXF8,4.391241073608398
AECTWJ6K5LCAIIW6HQW5YJRKGMSA,B08SB7FY7P,4.457092761993408
AEHBB2XPFWP2KFLNNWJGV5QZFOHA,B09616T2BL,4.4297776222229
AH5ORMMLXAON6NCWWCAZTZZVZRGQ,B079G694KL,4.401186466217041
AEHMXLUUSBFY74Y4VH6O2SNPSXVA,B0BK9Y7NCC,4.458734035491943
AGX5IZ5OO65C7AHLP67KZAZ3F6GA,B00UZY2YQE,4.406401634216309
AHF6DQZL6IPVSACVH44QPVXOPZAA,B095XCZXNQ,4.451901435852051
AE4PRPPY6FJU4EUMDIVESE4SFYCA,B0BK9YKQFR,4.241038799285889
AGILX5KKY2LVWR72IKBQRYAIJCRA,B07DDJ8N3M,4.4078593254089355
AGPXR7X4MR7MLO5ZZ4TTT3ER4BXQ,B09GVP7N5Y,4.447131156921387
AFGDL6B7XAOXCKQCPE3VIKORLA7A,B00IXPXEN4,4.566486835479736
AGIGTISGZA4LRJ34FG3FZSLXFS3Q,B0B59363YK,4.473980903625488
AFSJBRLZNDADGSXJ7QFLIQVU576A,B007VOGU8O,4.284266948699951
AEZVMCJMXA4ZJWUTFHQCLZIQO3LA,B00F3D9ZQE,4.414890289306641
AG3XMZGR2PAJAAHNRN3QZJUMHEXA,B00N4ZHQ14,4.481698989868164
AG7SZ44BL2TGI5OGPXTHWYRXMIOA,B07X7HW32M,4.471710205078125
AF62FR3Y4HMPLGE3OTB3GMDKRW7A,B079GW2PNY,4.301960468292236
AGK53XQORMWLVMAMB6WLQFTQDJSA,B00RVE9X06,4.538289546966553
AEYVYMQW7JWQWYLWLCI7ZXFCLIIA,B09857JRP2,4.751317024230957
AFPIRSAROIQJGPSBTYYFZ6LCFSDQ,B000EEHP78,4.395596504211426
AELGLFMUZF6XHXTBNOCRFOWP6DIQ,B01LZBHHC2,4.36744499206543
AE7EVXVTRZV7QON23BTOMC7L7W3A,B000RNB720,4.485395908355713
AEO4O2TQI2LKLRC47RZZRPVUEXLQ,B00378GEAM,4.339000701904297
AGHY2ZA2YQFVD2NG6OROP3AAIYAA,B01AMQYS3Q,4.375167369842529
AGHTHSP5N2CZB2SMRT7JXTTNIDRA,B00YJ5C46K,4.491683483123779
AGFUJJJTJMQXQT2PGDBAJE6DIPQA,B0CBSSQ6RC,4.456395149230957
AHBMTFEMUPPC7CM2Y5BZM4WQFUHA,B005FIFM14,4.472818374633789
AGDZBOHI5WXKABQJS4HMIEDWAVHQ,B07YYZY148,4.3889241218566895
AFJJYEJZACV5G2MCS3RBGDJ4AC2Q,B07R3S93K8,4.439632892608643
AF76RS5R5QLSFXIOOD2SLCHYB4DQ,B0002E1UEO,4.567665100097656
AG6XTTBGDOTVNHT22X76U27Y34VQ,B08KRFGST9,4.442306041717529
AFYSLU4BTTUCFRDL7GSN64Y2XOKA,B00006I51S,4.399876594543457
AEHDYSX54B3NYUIIEIHEGHIGJNMQ,B00ZTRVA80,4.347343444824219
AEV4B2IL77KB6DZHMSAWCXYBJDKQ,B0BN8QN32K,4.4426164627075195
AGBR6PZW32IC3DKHJRFUOOOFLINA,B01K1EJQ9U,4.54307746887207
AGZPN4A5HMCS3LSMETBT5IOSVQQA,B07FL9G2J2,4.531319618225098
AHVJ7UVESCIEXJDPRIYMIIBQEM6A,B01K1EJQ9U,4.564188003540039
AH4ELMHTLOKAN7TQWQY4C55HWCKQ,B0BFKQ9QXD,4.470315933227539
AGDHWM2D3GOHKSVBRYUD7VLPTTOQ,B0CBK1WSMR,4.384375095367432
AEJD6FDFMB7DIJQER7XLWZFDNMXQ,B00WUMGDZC,4.471542835235596
AG6BIRUHFL3WJNN2ZEBGGVPMSRTQ,B088WMVDZB,4.393435478210449
AHPJUTQ3YBWZYP3HHH5EN6ZKHQQA,B00FBRUSAE,4.4269280433654785
AGW7ZRW7XXPS36TJIALXQ32TCM4A,B000RNB720,4.486342906951904
AHLT5ZI2KDKZPDKOHWZNHNQMDFYA,B08M5GP4R4,4.404641628265381
AEYVPPWR4CIKWX4BGYKCBCDL2CZQ,B07DWM2XSS,4.542539596557617
AHEILSHIJWNRC55HWDWLFHGGBXGA,B07L5B64RG,4.283949375152588
AHGNZ5ROTYE6R5MXH4MW2MAXMFWQ,B07X624YB5,4.573047637939453
AFMMJAAETXOAM3FMIQHUXVX3ZWHA,B0BHSG5C3G,4.562778472900391
AGZ3EEUWPVVLQX5LMBBYHNKNBSNQ,B0BR2VNH4X,4.54629373550415
AF6D54BW67RAYIS57D56S4WBEQZQ,B00LTDOL02,4.444864273071289
AF33OYOQ5AYCFNGO366EGRKJQ46A,B0BHSG5C3G,4.546881675720215
AHSSHPP7VQRWVDRV2SX3DGX5MELA,B019NY2PKG,4.463447570800781
AG5L3GD7NG2YX7SU6PPFZ6QRTVPA,B0817CVBLV,4.535885810852051
AFQZL7EVDH43BBKNITQYGGDMWEYQ,B003VYBD58,4.440387725830078
AF7IW7GVLVT5TDXUX62HTHR2VCFQ,B0080HYFTM,4.41928243637085
AGSQKU4Q2KI6P3UWL4W54U7JTCOQ,B0753PSL2D,4.525337219238281
AGMHEZ7SN2RNVJCMIHIRRSKLQ2AA,B00BVH7C66,4.505049228668213
AHNUJ3HAVDKMXMIARLFQJS62VKTQ,B00CPLODUU,4.529940128326416
AGGR6BAOXEUYRBR37SXH3OS73V4Q,B004GTED7C,4.42195463180542
AEOGM6IKVQXQUUMQSLR2DCLDFFUA,B0B14LN9H9,4.4962544441223145
AEAX2B23TVTFR32NCTVKUVXTRH3Q,B0085545YO,4.456604480743408
AEQP2AGR3VBXEL62GSEHN77AI5FQ,B012VQ5A7S,4.413726806640625
AFWQ5JUXYJJQDJNYLVVOQDDW2C7A,B07BSQ44T2,4.427584648132324
AEZL252UNZT5P6JOVHEI5YUQQZWA,B00F9SWK9M,4.421507358551025
AGWD6ZH66GXJDVRNQEGY77HOYEJQ,B09JJ784V5,4.483795166015625
AHOLXWCFOWHLDA64LCMFGD4J4PDQ,B093YKR8NH,4.458284854888916
AEQKSNITTVTBWAO4DF2QX4AEEGFQ,B08JMQR2JK,4.4700236320495605
AERJUD4NREPMW7VM26CSV32KJZJQ,B00VOQQDHI,4.490816116333008
AGH6SW7MNE4SSGACMJTHYLIKLIFA,B00AHEW7W8,4.42848014831543
AEDGH4ZJ4WGGFP2OACMNEFL6XK7A,B07MTS57P4,4.41301965713501
AHK627Y42PZ5QCH3KLFPDILDERAQ,B01LVXOO61,4.427471160888672
AELQZABAMLATSSMW2HZ7UVHP4NUQ,B09X2WHS7H,4.448698997497559
AGKTPA4K3NKKVKX3RHSW7ZBLZEXA,B07MMJX9T7,4.441877365112305
AG3P3IEYHP4X3XSJF2O5POYE3JOA,B0BR2PXCBW,4.561089038848877
AGNTBJ7AAPSMV3O5F7THNJRKGM4A,B0C5LYJXLR,4.53709602355957
AHWPWNFLXL7W4KGXBI7CLXNK7REQ,B0BSGM6CQ9,4.5548224449157715
AENNPX2DQMPLJ3MXV55ICO2JVFEQ,B0BT84L827,4.568495750427246
AHJTJWGYGHVERCNQ6D74ARPC3QUA,B072WPD8MY,4.478802680969238
AGSATHGY2JEFLGFJCRVLS7P2ZAZQ,B0BG3QZCJN,4.454017162322998
AHREJSWTG7ZCOIR5UQGH64VFN7LA,B0B7Z4Z88L,4.432342529296875
AFNTZARWHIT27SDRJ6W7K5L6PJHQ,B01MXOLC2U,4.4334516525268555
AGP2NR66453AJZJAYKZGSMONZ4KQ,B08R5GM6YB,4.405479431152344
AH3HK4DWLRUQGGMDARSGQUCFH5SQ,B093YGS1F1,4.532815456390381
AGQRZRABGRFROFNJTQZMDDCTYEGA,B00P0HNZIM,4.475897789001465
AEHDGDGGA3LRDSWZFJMT3WMH44YA,B00KBMLAV0,4.449759006500244
AEHKE5RUMRAGDMP46FET5XXO764Q,B0B7C7PYVC,4.483067035675049
AEALTR3WRLHHAJKW2AHUSVXM4HBQ,B0876XPKF2,4.3110551834106445
AE2UV6XH56H44OZBF3FY3IBS37TA,B0BRSK33BC,4.489218235015869
AGJMEVYSO7X5NK2AJQE3EJ4WXA5Q,B00JL5I61A,4.574045658111572
AHHJ6TAJ2A5C2ERCASYIVDZ2MPLQ,B07DLWYV8D,4.449129104614258
AF7IKYKBWRTMMRKSY6EX6XUVROSQ,B00X8MTF8A,4.499994277954102
AEIDDQKJTJKBLHHGL2PLHQJ3MBFA,B00CPLODUU,4.532371997833252
AEH3ZU2NCEOSSG5U6A7E2IUAXTSA,B001ELVCDS,4.361968994140625
AFNNEAHKPJUUZYP7P4OQLYZRNBGA,B00N5THDR6,4.436539173126221
AF4VYLI2QY2N7S65KZHMIET7OGOQ,B0BZ5QTMKT,4.405751705169678
AHLFJCO3SENFEDTOXOS5VC3GKSXA,B072B9LFT6,4.405209541320801
AEUXDHRV2CR5QPISL7NDDA53633Q,B0BKZ3CWFB,4.529166221618652
AFNG6UYRKINSI3XFGEQQCUEM4TIQ,B07DLVDV7P,4.4481520652771
AFFEU3PAMNMMVAU4GIR5C6ZTWEUA,B098HKC55W,4.413836479187012
AFROGD4V43PJTAAXM7VM65I7MSNQ,B07CYRYQ8G,4.401041030883789
AG55KFZWEFWIAKRCFI26DSGFWWIA,B01N7H2MC9,4.451506614685059
AGP4UN72BALWFNKE3HRVAD4QJPHA,B08D3FJ89Z,4.402586460113525
AE6R5VSHXSCOZJBEJY7BCRM7A6OQ,B00USQY0CK,4.509024143218994
AG6FEJBYZG6XENCU4HMJDCA6JDEQ,B01KZ2FNC2,4.445430755615234
AHCMBNTJJSO5GFOY237MCSUWF6EA,B0938Z4GL9,4.4555768966674805
AE4JPPM4YPZ4EONHBXME6VWPVS2Q,B09B23G7CV,4.442524433135986
AH6SYHVVXBIGMJ64CYW5WAMWBN4Q,B00CRQWMYM,4.457091331481934
AFBHHG3G72P27CDV2NYZZNOPY3FA,B0002II7H8,4.448146820068359
AG54UZUGNVHJ6PMWR2UNOLT6JBUA,B079P9LDHN,4.533824443817139
AEM3GBSGBAZAIXMLJPZWLTGZLKUQ,B09RJZSQML,4.605778694152832
AHIPKIT25JKKXMUL332SVAWYAKBA,B000RVWY42,4.3531928062438965
AEWVY5ZRJMTOERFYDSSK7DLIHB4Q,B00LIW74US,4.536594390869141
AHWDSJPG6MXWPQ7QHW6ULI2TON5Q,B07T2JQQWL,4.4297614097595215
AGOLHEMWGJZDPJH5VEDE4BAX2Q5Q,B082NLXYBL,4.472786903381348
AF727T5FSA22URRDLEXAXCN3WANA,B0002OOMWQ,4.563727378845215
AFAENYGNEYSKTWHB4TJS4LOWEOEA,B0B2LSX437,4.424348831176758
AH2KNTQFU4DWMQIMTDLFSMRQHRYA,B0919HG8S7,4.38395881652832
AGNPLC45E6ZHOAPYIFBXMWN7D4WQ,B00NKD1PUI,4.403428077697754
AGYTZHAQIH35F5453PC7TJPJANTQ,B088FKR9DL,4.405158996582031
AENIOTT3B3SCW5FULPGUQVXIQNTA,B0006IQNES,4.503026008605957
AHQ542HBGYLNPQF4RI6RO6QOURUQ,B01LQWRGQG,4.4600958824157715
AEMISRDYQCHSNOXKV6TQ67X2TIOA,B07D4SR8GZ,4.537423610687256
AGH6OS2UAGJBXXQTRSAFZMYNZQBA,B0741SXP2K,4.555457592010498
AGG27DPSZPNB4PJCYVJQAHYAFUUQ,B07DWVGJFJ,4.492631435394287
AFRXHIJEZEIJ2RR27QFNY5ZUXUZA,B00JER27MO,4.37930965423584
AEFMUJVOH4TJSOXWZS2TEJXEGMKA,B0002GH8X4,4.44378662109375
AH4SBH5P2GRF3ATR6ZFDDWJVOAUQ,B07MZVLGK2,4.446091651916504
AHAVMJ7OKLRLFKHUSZEZQHPQCHWQ,B0064RGVH4,4.438848972320557
AG6DCMMH6QAKQBX5R32MBRHYPEUA,B073PXWMJ5,4.436445713043213
AF3TDYWL7K5SP5QCBPPUDK5U3N3Q,B07MBRKNJY,4.510467052459717
AHDSPCS2KLFJZYAWCB33VTXCBUWQ,B00ADHKKZK,4.379536151885986
AGJGLCZKE5735HGK27G2B7QZB5UA,B07N5J7CVC,4.542338848114014
AHZCAF6J3GPLENOR4J3QDYROIORQ,B07593G916,4.489359378814697
AHJSTQD24P73OAMTTNU3PSKTIVFQ,B07MFYHKLH,4.41060733795166
AH62HWTT7MJCJM7V2B5LS2VTQBRQ,B00BSUHNWY,4.40032434463501
AENFQD5EQBOPKB6TB7AOAD5QQCOA,B07ZW1GBVT,4.465872287750244
AESSUWJ57ZQ6VRMWJYR53UJT2H6A,B001CWWNPK,4.46510648727417
AFUH5PW5JCRI3ZK5T7YOVH2L2PJQ,B094DT5HKF,4.450888156890869
AFC47CMQFYQHAJCVJDTX66O5UMXQ,B00I9FL3OA,4.549089431762695
AGVXCUZHUPKIIGZ4E6A65YW2VQ5A,B01ID5PSQE,4.374659538269043
AECYVZ2FQMWVZ2OCKJH4DD3MKRSQ,B0BPLFP5P6,4.3243255615234375
AHDJXLYTHRFPB4SM2MPEPKKFZXTA,B0150ZL6ZC,4.279146671295166
AH2KNTQFU4DWMQIMTDLFSMRQHRYA,B004L66AM6,4.464865684509277
AHUUUJHGOH3CGI2ZIESN73P236DA,B002PAY3WY,4.270560264587402
AFM6772ZVF5RAG2G6FNSDPTPPA6A,B00724ZD40,4.520927906036377
AGYIZFZNV2I7BED4TZPYYES2WSVQ,B0C5LYJXLR,4.536245822906494
AEDZCUIOKFTDVAQVJHQ5P2TU764Q,B09NYGRGZG,4.4516215324401855
AEVK2LOLAR5L6ASVKZ5JCIZFUFEA,B00UN8PH4I,4.452979564666748
AE6F6FUF2XLO7544DKKS3PJQCSPA,B09R3KNKKG,4.556342124938965
AEPSSRGHHNMBSJ7ZAU4YQFX6HTTA,B08B9H12NJ,4.466359615325928
AEN3VO4XP37YOHDZPO7LBPDMZV7A,B00NS76420,4.459282875061035
AGXFCJEB7DMPI4TWBCCG5SRU4NHQ,B075YF8VTV,4.3543925285339355
AHTRLPO6Q7FNLBNB5SQSDPLC6I3A,B00LOAASPC,4.478878021240234
AFJKBA2YPHYNG6RCLWEHU7SPHP3A,B0B7C7PYVC,4.477298736572266
AGACR42ZBWUG3LEZXWPINXEI632A,B0C3LH1GK8,4.398438930511475
AH6PPA7VXXYIJGZQTWTNJKWNT7HA,B08CSQNMN5,4.489100933074951
AEDJWFGRV2TQQ4MBPEW2HWXBIJQQ,B09LS8JNPL,4.42214822769165
AEZJ4NN57GXPSGHZSRLJQBI7VIEA,B01K9COJZK,4.460163593292236
AHGTJA2GQU4VEMRCUSHCWG6KBVRQ,B07KDSZ2TJ,4.553729057312012
AHPVEYNYRWIWUR6ALVV6SXWJHTPA,B0BG4BZC5L,4.465799808502197
AFUXMV3TZHUGSHBTAVORFUPWPCMQ,B08PMZQXN3,4.540720462799072
AFBIB5XMB27ZIUM3YDTESOKSLLQA,B0002D0CEO,4.555750370025635
AEL3H73S6LPVYZMX4XNIJKLAN5LQ,B09WF82F1V,4.463015079498291
AHXPXPEVFEHR4IDBFODOUJ655RCQ,B08H7VTXWK,4.4694085121154785
AF4VAHTAJUP5UY6BOZG623H7KOEA,B005N2RGJ8,4.432892799377441
AHTLRQ7HCERAHBTOD4QGJ4CE6WUA,B086543FTN,4.4246931076049805
AE57MRF2R2ALCC6H5WQLFKT7KSSA,B01MDTKJL6,4.539531707763672
AHVHBTIWRGYVFBVNVV7SSK2W2RYA,B07KJCRYN8,4.419095516204834
AHAQCRGX5LDTNECMI7QBBDW2PNPA,B0BMLK658H,4.424656391143799
AFCX4S7V3JE5PYVC35ODD2QFQDMQ,B0107BCV1M,4.480260372161865
AF3MFUM3LYI3NJ6CIDOP55YQUFTQ,B0BCXKFMKD,4.510417461395264
AFXJQJSOXXAJPJZWDUOFGVMMODDA,B01N4OMRVG,4.396986484527588
AEH3PVS3ATD4V36TYF4TQWHSQYBQ,B0B8LK7MTH,4.527851581573486
AEJCALFWLC5EMGDUDBO56UBJM5KQ,B00LA10IUU,4.434120178222656
AHO5IPKZNXFFG2LYSCTINORZG7EQ,B0BX8HZ5RH,4.403614521026611
AFUW5HBGLM3ZZIBCPECGAZJM7TZA,B0B863M78X,4.452230930328369
AGOE4EACWAS5GX6JQJA64IL2GOJQ,B09WN62986,4.249448776245117
AEGXBV24JARO5YODOIXVJHUSAMLA,B00FFVKM2U,4.378984451293945
AHFI6EVQKDDMROI4RSVPWF2Y6ADQ,B07CBNBTDX,4.459184169769287
AE7MQDANIJHUB4ZJAEAS4VW5H2BQ,B09PRKZ6FN,4.446775436401367
AENI7OCA44OPD5AYJKLT4GGVJ42Q,B00HZZ60T8,4.551216125488281
AGGBMOAWS3H67EXZE3HLYZELWTHA,B0035FZMYG,4.485229015350342
AFVESKR5OLU4YPHQ7IOZEX4NMTZA,B09Y1X5BSC,4.524960517883301
AFO24CAUCZQKEVDR6FMRJHOLEE5A,B0BPLFP5P6,4.349061489105225
AGY53AAWLQK5O77H2YKXCURQHNTQ,B01AKRA4PS,4.463575839996338
AHCJBJK676NVLJIT2ZVJGTUHYFUA,B07B9W25ZK,4.5493597984313965
AFSZFCI46YYKGFOLMIC2HVK3GEBA,B0007ZCHKE,4.47313928604126
AH6HRKTAVOLZCRLMSUZZXGG433XQ,B01LF4CK16,4.475141525268555
AFOLVUCMQX2AWNFNL2MXNJREMRTQ,B00CGFRJ2Y,4.557116985321045
AEUXBWFT5BBSRCEMCENVYKF6FBJA,B08DM9NFLH,4.640676021575928
AHUPJSMPURGM4QXXHW7VZLHZHITQ,B01N5KND14,4.4358391761779785
AGN77Y4XMITXHDOOVYTIS5ARTU2Q,B07N1RPV4J,4.507641792297363
AHVGICSVXM66E4SXX23PH7R3Q74Q,B076BMTW9P,4.443586826324463
AGNCRXC7PNYQJW335W7D4KFZMGHA,B09M7F7LFB,4.556980133056641
AEPECTTZL5ZGQFXORB7SEIZPI2VA,B01LF4D8M6,4.461756229400635
AHYLUUYP3BCGFDZI3WDZCTBJOTGQ,B0B7J6G482,4.400413513183594
AEPHL5DLBHV6ODQFGHNFGTF4ICRQ,B0B962GTW6,4.472204685211182
AHUXXNY2JWBI6E5TXSK6TABTFZFA,B003Y569DA,4.395036697387695
AG3ONVHLOS2J6G74JMYOUZUCO3HQ,B09RJZSQML,4.61862325668335
AFJOM3QSBWP235SSF2LLJILM7IYQ,B08LRFCDTK,4.479039669036865
AGPA33SKOCJTWTGFFT57MKFWHOJQ,B001FSZR4U,4.411186695098877
AEUCUEBGAFLLTG6WQAJ5ZLEAPP4A,B00ZA3FXEU,4.35587215423584
AFAECBWSG2ANSNDXNRJVIEEYJ2CQ,B078KTV8L4,4.379055976867676
AGSEJS735DIWWMUNQZ5U5SBVBFRQ,B0BXX1RRNT,4.521686553955078
AGSS2AHFN2Q453OGXRQCWBAWMFSA,B06VWY2VGQ,4.472809314727783
AHCDQKCODVZFMU37AXNWP4ZO5DWA,B01N5QPY11,4.540760040283203
AF7Y5TEAHQVUWVVRC546CEUAEV3A,B079TLFL33,4.505786895751953
AGCLZ35MK2SSUC45HURQPQSA3H4Q,B0928FMP3T,4.373305797576904
AHIPYFGEXWYKTWY4AQRE64CYHYJA,B07ND5PQTP,4.4095940589904785
AHH3LW4BOPFAI6XNV72G5X4V37GQ,B00MB5F33Q,4.3303985595703125
AF5KJIMQXNEY7M5U5YM43QPCO4PA,B07CBT4SYD,4.629180908203125
AHFJ7EQIZZ63YU7QCPV2G3YRUXVQ,B003AQ1X7A,4.285820007324219
AHZDPIFULOIQLQQL2OCN75SJ6DDA,B075FW24C5,4.483521461486816
AFF337BUMTSPVALCH5ANDUFQBMOA,B0919BN3QJ,4.3316497802734375
AHYZYJHCUREP7YXJBMOKBX3XGGXA,B09XT7G5D9,4.43723726272583
AHSHT3LCIEZ4A7BANW7CH4VZZ7IA,B000M23OQ8,4.566808223724365
AENNORCDOTT2KFT5WUIK7PJ2EXOA,B0BCK6L7S5,4.333683490753174
AFJSSKOR2YN7U3ZPEMD6LMDR27YA,B001E95KEC,4.333892822265625
AEITDL63LVSM7VYKAZ3Z5DXM7ZOQ,B0B5DW6F95,4.439795970916748
AEG6NGV3ZYGSVEXM3UPPTB3EJ5IA,B0BPNMSDGB,4.458723068237305
AFH6AUO7HH5PMJBRBQGQQKDV5HLQ,B0C2XTZ1FG,4.471308708190918
AGYKIAGDM4VSGMIOYEO53W32U4TQ,B09397FWYW,4.468468189239502
AE5XF7B3YXXLCP2TIYR3A5WXZR6Q,B07BW2JNNL,4.432530403137207
AHO22GV5T3DVTJFKC3KZEH44LBKQ,B081P1SQGG,4.5003437995910645
AHUTJQWZUJEBOJOFMRJ34TKWOO7Q,B0002H0KG0,4.461930751800537
AFNIJGBQBLX3YMZ55X7HXJODEW3A,B0BR2N43GC,4.573479175567627
AG5QJWMXSGR6QK7CTCJKXRD7OSOQ,B007MY5BII,4.402599811553955
AFTEWUV2FV7AEPP34WF522DN6ZHQ,B00RMCTTLA,4.574665546417236
AEZL6LMUCBRQXIMXHRDKTS3BDT4A,B00USQY0CK,4.4964399337768555
AG47VD7CFGFF3JTPR2TJ77E7YFWQ,B08CMHD5HG,4.5573015213012695
AE4CZOBNIA2JBHSCGWURXDSFXFFA,B07CRK35NG,4.523519515991211
AGTN3NRGMYAX236N4FCZV3G5A5HA,B09CH8SDPD,4.443331241607666
AHTZI4VQW2QEL7SIMD76QED2FZBQ,B08FDBCYHL,4.256095886230469
AG5G6CFL2C6KFLMBAEZRTQGHRGJQ,B00OYUSHJS,4.257336616516113
AHHLI3DUBKFOJVM67KO5MCJYB2CQ,B07GFH8NTB,4.633975982666016
AGOI33LLDPZDPGEEZ7YYC3YHZXJQ,B07DWLYGKH,4.589685440063477
AG5ZHK6XUYHCHSDTU7ZTNQ4T3BHA,B0BCXL2V52,4.536966323852539
AE3C65KC5Z5EFPTLXUVX3USBCJ6A,B08ZS312RW,4.454463005065918
AG2PXLWDUI2UYFBTYP6HVWRPGHBA,B0BLS86TMC,4.392208099365234
AG5SV4UPCDKZAVM2SOW6CSWR4EKA,B09QDL744G,4.438596248626709
AH3GHCF4DAUITRH54A2PYKITUUUA,B0C79QRDQV,4.475033760070801
AE7DH2WBBBVXYONNKZB44RWHPFHQ,B08R5GM6YB,4.406274318695068
AE7I55SG6HP2PAJJM43P6SCUGZHQ,B0007OGTGS,4.4579362869262695
AEYCKX4UG7JTHM6IEAXSCDFIMS7A,B016P20UC4,4.411322593688965
AGGRPYA34S7CHDII6NQWKUXV2HCQ,B07CQMWWLV,4.28933048248291
AHY32JW7XO24ION2N7XRFFTEPDZQ,B00WJ3HL5I,4.41583251953125
AEIRJK6XP4IQL6LQRYY3MB4ACPZA,B09B15BDHS,4.461994647979736
AFQOBDTUZ6K577Z5JII45DAEE3QA,B00NPAMDQ6,4.528937816619873
AFRUEAFOS7NHZ6FXCVPJZS2N3W2Q,B07TMJX85D,4.5157623291015625
AFRHNWS4YBZWFQ4NKQR3Y3Q6KRPQ,B08NVVLB16,4.557328224182129
AGD25H7BIT2JUXSIOPYCYB23J3ZQ,B0BKZ49HY7,4.502213001251221
AFGRXXJJJICG4TODNZ76JDIREHMQ,B07MM2MB36,4.462874889373779
AHPT5VH6DDMZ53ZIQLHI43IKWD5Q,B0BZ1J3BW3,4.489890098571777
AHWHUI3ITEZ6AZCCNNS2J3NJ3V7Q,B07795XHLH,4.451833724975586
AE2OU3FDXOGNHVIXGRKRHY6YTMMQ,B0BJZZFSN9,4.413508892059326
AH7LMWVUNU47H2UGVA5YL54LYT2Q,B07C9YCY5J,4.446164131164551
AGEKFUJBRKMYZNGEQKXRLT7BZHYQ,B01M9GJC5V,4.267526626586914
AHEWHPQAQCJLSMYNCMCO6BE3Z35A,B00AKHACKQ,4.439260482788086
AFHNY4XQJCFWMJVHGKHLM2HWRCEQ,B0BRQ9TQSV,4.438523292541504
AHUGRXKGM5SXNLCLDPVM2ORW2ETA,B015JTEBN8,4.518887042999268
AHCIO4Y7MASS5GHGAZNOPPTXFTVA,B0BXZFS2QH,4.4808173179626465
AGSAX2LKQSD72DSW2L6SCMD4EP3Q,B01DXVB4RU,4.542052268981934
AG25IEYUMS6V4XO2X4GUWVSPELOA,B01KDK4Y0S,4.464841842651367
AGGA75GROPWR6Q5SURTTHTERSIEA,B00EB11ZN0,4.4440412521362305
AGSWTRJPZ7AVS2C33JGND5BQ6SMQ,B00JA8QD40,4.394480228424072
AG5UDX7F74B3F3C3HLXUYZ7DLHSA,B000BBRZ3S,4.403720855712891
AGAYXXFHOG2JKZIOECPCKEXXFFHA,B000VBH2IG,4.415426731109619
AGWSL6RCSUEPR5RGTVMO5HERQUEA,B0C3J448FC,4.408216953277588
AGGZLLBDARIQDZYZVKDHFNQHMHBA,B00A2H0F06,4.423874378204346
AH7EHJZ7VFDDVGAKECCTD2LE37ZA,B0BKZ6M28F,4.582866191864014
AHSZTRTGI7PXRM6A7BAKGDAM4UEA,B001E95KEC,4.352167129516602
AG7XGCZBVPKOESEH36KTS5EB2HTQ,B01N41SI41,4.445357322692871
AGPGFAWEV6DMUQTM4O75474IQW6A,B0BXBG7VRD,4.427880764007568
AFWDUPX3IRJ2Q7EG4XASQCFVKD2A,B017DNZKZ6,4.459127902984619
AFVDGBU4XGTVU5SSHTGT7WZ6TAIA,B0B9XK9WV6,4.4535040855407715
AGXC6I5KLD55XTKY3MVT36GEXOYQ,B0BG95DG2H,4.592980861663818
AH4X7UMPWHH3CEEXAEV5IRPYLWEA,B001OIDXVU,4.4036545753479
AHS2IURF4TMP7GGTLVQA2IITYLWQ,B0BFRR25MY,4.525138854980469
AEBGYELMA4BKQPPWGIREPQXDLGQA,B073RBWJM5,4.428712844848633
AH3LWB7J5AISEPHX56QBZGAF7RCA,B01DE4DTAG,4.520338535308838
AFF6DVV7X33O2CGVMEZHESC4XWLA,B07HYSYXTT,4.452371120452881
AF677ONY3CIUZSPX65QTI7AWREWQ,B0BK9ZT28X,4.625247001647949
AESPIYN2KPFNMATAZNRXTGG2RTUQ,B01HCHDOTM,4.448601245880127
AHSOKJ6LW3KSZSLP2ZTGJI5KP24Q,B0BLGC3C1W,4.415312767028809
AH7EHJZ7VFDDVGAKECCTD2LE37ZA,B0BKZ3GCGR,4.574626445770264
AHX2MR6NLBEPURAZZUYFARJVHSEA,B09TRX519R,4.590124130249023
AEOJU3MJ5EJDUXV6N2OJJCIIT3JA,B002AT4UJQ,4.448147296905518
AFCXY64SNU4ZEGUUPYB47GTK6EKA,B0B2D98XV8,4.411200046539307
AFIJ75JQSAJKRL6RFKMSLPMHA5AA,B00NL2XSD0,4.440068244934082
AEKWBJWW7BOYFKFPF6JA4GTM45ZA,B01AH3RSAO,4.4470672607421875
AGWYFSFSBGELWEVIJSTNQFP5QOZQ,B0B9XPLGMD,4.526230335235596
AE23WLBRYKEC67DM43M6E2MF7GPQ,B07JL1KFT3,4.4186930656433105
AGKHNAF7EW4PWLMY7ADZ4RD2QHVQ,B004XNK7AI,4.6159257888793945
AEZ2WBDBIEQYG462G2YONYBGZVZQ,B09YDBKT7M,4.521909236907959
AGXWBFBAKLMJWMQIC25BQF3IU7TQ,B0B23JC8PD,4.372409820556641
AFN7RMFT2BS6WD3R2E7GRHL36BXA,B0BL38ZMVZ,4.545528888702393
AGUQUN4TIWP46MPNHP5QOPOPRFPA,B00RYESS7M,4.43193244934082
AFJUEJD4K6TCPOMWLOYABXHG6JLA,B09ZSKK72G,4.42092752456665
AEMT6J7LNK3BZYPCMUHZQJ2IN5PQ,B0B7QWDRKW,4.4178385734558105
AFUENSIC7Y26UOKSUU2E746FZ7LA,B07MJJ281Z,4.429483890533447
AFP4F2GUVJSNPRNCQA7DFDJRPV4A,B011N2VC64,4.454268455505371
AEZRHGN3PPKROE7XAYOIA6PDJUOA,B0BTC9YJ2W,4.563337802886963
AHHOIY2ECN3U5FBXUEG3ZIQ44MXA,B00N4ZHQ14,4.466773509979248
AGIJG2YRPFZJAF4QR2XMXAQ6BSFQ,B07C9YCY5J,4.466841697692871
AEJNAAJJQTE2G5BRC3G6EE4WTW3A,B0741MZ579,4.470778942108154
AHRPODCFJ7UNWQKCLLBKN6BQIN7A,B006QUGBVK,4.2962799072265625
AEYO67OSVKLYD2D3AG5HNEA7IMVA,B07NDJ1HSG,4.58099365234375
AEZ2WBDBIEQYG462G2YONYBGZVZQ,B00CK2DM7Y,4.287019729614258
AEOJU3MJ5EJDUXV6N2OJJCIIT3JA,B0C67HCGBR,4.73699426651001
AEAXAJACFMXIAAH4WOHRMXPSZWFA,B00DUKP37C,4.436947822570801
AH6PFPNL6Y7ZGHCKZIIFPCITYN7A,B0BLLKKFR8,4.492217540740967
AERO2X3UKXVIUEF26U5PKLV4OQAQ,B0061OPQK8,4.675507068634033
AFDM2QBXR6TIAHRT4FMXXWHKIEBA,B0BQ4HSKC9,4.534599304199219
AHVJETUIVOX67X5KWFJE6WSD2VNQ,B07DM15V6P,4.5041890144348145
AGHGVYWM42DGOOTZAAZ2TCBOWQKA,B07R3S93K8,4.414401054382324
AFY5TUCEFE3ANITHUXSRWTZ53UWQ,B07624MRT1,4.530525207519531
AG6ANM7XF22BQPWJZZI5TGVZ2BJQ,B07JCW1KGG,4.529331207275391
AFAQZYGOFDSTN3VL4ZBOEF5NJYHA,B01DN7OC00,4.538165092468262
AFSBFTCD4LW6WSHA3C3FMQVLNTIA,B00OQ3APKC,4.521794319152832
AEXA7NTPDY2UXZRU24M53A25SERA,B0BHSG5C3G,4.560266017913818
AEE3F2XA7I3WFVWAV2VZI2YLLELA,B0064RTS0G,4.528375148773193
AFBCN2VOZS4B64F7FKKWDK23WJ5A,B009CPFPFO,4.39125919342041
AHZCMDWRRLNVO4S7S55JDJQVLUVQ,B07281RLMX,4.528807163238525
AGCI4677JEAQIMY2DOT3Z2FVHI3A,B083BJKJ3G,4.345743656158447
AEAJFQMXRKKLUVQ3CKLPOMYPM7MA,B06XFMN8DC,4.472172737121582
AFVWG3A6UGWJZTL53HR4N32I2OYQ,B0BMDK2JC3,4.493530750274658
AFYM5NNIBINVTHU35YTWZOLBA5KQ,B07T2BVDZ3,4.391826629638672
AHVYUR3K3RKLXCE2BJHRA6DJ4QPQ,B00F1WLBTG,4.6068339347839355
AEVPSBSO2FUNFP4I6GMZMM5WFC5Q,B00WHLLDWO,4.345259666442871
AHT4FUHPQHJVD4LCQVE4UYOUOCNQ,B00OC1LP6G,4.37104606628418
AEE6WOMUFCVC3VLRTLORF2IGICCQ,B0C159Y982,4.425676345825195
AEFWP7QQF5X4YDRF3U4LAXUO6PFA,B07D5W5X3Z,4.551540374755859
AGENT7K7THM6Q5VKHKH2PUACREHQ,B01M0IQ5QI,4.422017574310303
AG4Y7N32RELFN6TGWBGKSV2SKWWA,B07YD4HH65,4.317509174346924
AFH5PKKWDDAXPAVAQ4DY47CAP4IA,B0041T53JO,4.504626750946045
AFU6LE4MN4VRK3MJRTLCYLPSRBJA,B0002D0CAI,4.5224432945251465
AG6EDKW4LTUP3EKVJUFQWJTF3AYA,B0BZJNPDJS,4.4792938232421875
AEO3Q7XPILWJPQSWIRP2PWZIAINA,B01G26TRW2,4.46181058883667
AE6KNHYGPWBZGQTNIT3NZ742JUNQ,B0836RLZ46,4.4878716468811035
AHCR5CDP5ESJE42CDD4FJQWK2UKQ,B07CC51PMN,4.525059223175049
AFXCZEZOLAHC3N5QQRJV5SQU27XQ,B00XHGVHL0,4.413807392120361
AHJSYOIN4W5IZ4SW5LSHCHEBMPNQ,B002HFFUGK,4.5468316078186035
AGVT5E2C6WNOCFYSLOCPAPBJOIKQ,B00T38U7HQ,4.271636009216309
AF6277K7Q44XN464Q472ZB3X6UHQ,B01M72N0A6,4.429794788360596
AHDALDGFNPUZN5ZQGSPWZPVG67KA,B07B16JL73,4.538043975830078
AFYFPINXBMKZTJSLUWWPQ26TLYRA,B079W7NWNH,4.42668342590332
AFKC56ZSSFHF5XCYFFY52C3ZLFZQ,B09P3ZVLV8,4.449012756347656
AF66QBHHYBPJJV4DYGRUWPG7YRWQ,B0002ZPK0S,4.415468215942383
AGJDQVD67X3OSVONKW3EQDPJBBRQ,B003LPTAYI,4.436309814453125
AGUG7ONCKL4JOYS6AILUT3AGOCWQ,B015XDJB9E,4.396531581878662
AGHJMMZCZKGM2XC7E32JDSAGRWHQ,B01N7KF0T2,4.2480292320251465
AEKRGPSDDTZMEZAYCBIM5YMIIZWQ,B00H8BRK0M,4.395532608032227
AFUA3AH4YS6GAL2QJCM6TLUMIPEQ,B0B8P1YW7L,4.554842948913574
AHT7ULEGSWNWLMFIENNTIELDXKUQ,B0C8MDSZP6,4.399571418762207
AF3E2MVT42F7OZNO4ALCNO7ZKHCA,B005PQ1AIU,4.423942565917969
AE23ZFVUOMPKR57BVSWXV34QLMVA,B00CP3GQQW,4.319652080535889
AHAFUIEUSEKYD34JJIJLRVJLGFZA,B01667IMKU,4.524681568145752
AGOFGZANYMUDHB2NTVTOW63TG2RA,B07GSJNMBQ,4.4269185066223145
AERIIOUEUQBPYUJMGARLPNMFKKWQ,B0CBK1WSMR,4.407704830169678
AGF3VSDDBFGT7IQNKN6FTNXYFFBA,B095FVTV98,4.468555450439453
AHMYVVPBU7WI6SP5MNABEHF3LEKQ,B07BH4GFV6,4.531466484069824
AEEDYZE7SWKKVMVWYZD35VYCMAWQ,B076ZSHQ47,4.380823135375977
AGJGTZRZCLFSCVVMBNDXVPHSIHVA,B0BR2NC7ZL,4.456489562988281
AE4SCUJHWKFLMXTAJNZ266VZTS2A,B00H8BRK0M,4.406664848327637
AGJVN7BSF2WKOTFY5WKJBLF6RSWA,B0C6J1X7TD,4.542057037353516
AG5FEKWGQDLOPZPCCVTDEL5TWMLQ,B07D9PJW32,4.4516191482543945
AHO5LUPMSZT2ISIN24MT3W37CYHQ,B08JGBHM72,4.3801984786987305
AEAL4MJGXLIH3VY2GEZJUT54KILA,B095XZJ99J,4.583350658416748
AE3VXLLR4KYOJNMM6BGMVTSC5YCQ,B0C5BMZ1K9,4.420892238616943
AGSBFSEOGP5DIUCNJMPHJGQZDY2Q,B01DK1RHK6,4.526764392852783
AERCJ3T3QF2MOPLDNME2F4SQG2GQ,B00GN4VP6A,4.450075149536133
AE2BCWBDERZKN3ACIXQQISI3LHPA,B0BT34475K,4.460319519042969
AEWUJDNWZUABDIIGSGKDVO4EO2XQ,B09PH4DV67,4.401244163513184
AHK4QBZMKEAAR6DFQY4QY37EBLWQ,B07NDGTFJJ,4.556063175201416
AFSIFH65UCU5GE4GK7AUZHWUVJRQ,B07KW6VM9X,4.4004740715026855
AHEJYPLN7DMCYRQ2KCWQ5YIY6JDA,B0731KPCCZ,4.590610980987549
AE6SMJZ225MI4KJD4S766T5YYCJA,B08YYKNRJ4,4.4302167892456055
AH5L2ZWXT6BSAUYQCH52NWFD6BVA,B097Q9W8MW,4.416268825531006
AG74MZMWBRESS5NOSUWUE67LQ66A,B0064BCRQE,4.5963029861450195
AEDEWDQ2TF4CTOLZGSNW4IGVONCQ,B0116TFMM4,4.392396926879883
AETTPKKDAHWCURKJZQD5RRPGOC2A,B09RTZ26KV,4.497493267059326
AGZKGEHOCLS6GB73NNABNIEWGLYQ,B07JF27NGM,4.369162559509277
AHKGRIKKRDBYFX4QF7O5AZA5FTXQ,B00BESRB8Q,4.47594690322876
AGUQUN4TIWP46MPNHP5QOPOPRFPA,B001ANI6FW,4.4712395668029785
AHY3UKWN7JLP4AHAQ7NKZTCFOUNQ,B0B6P55RBN,4.391860485076904
AH4SSR6JQUMQAR7F5COKOYD2F7AA,B01J5A06OU,4.432246208190918
AGU46QHMBNY4242H5MCXGETTOMOA,B003HGFRO8,4.557946681976318
AFYFTNZQOU3VO7KX7ORJ3Y5X4L2A,B07DWY7R2X,4.583335876464844
AGSSF4YIHPCP2MIUITM34RWOCOWA,B09MT2JQ53,4.459627151489258
AGAXMCCVSHVNHW2IF6TOTZCXFA5Q,B07S82LVW1,4.573280334472656
AG3EF6QEUZ5337KFWDBIOEQKSWLQ,B088GF12PC,4.28536319732666
AHFJIW4HWEHRRWNBIHSJP6SM2IEA,B00KMDVKUO,4.521851062774658
AHOZGJTOUGNLCTEL74RCZ32PBOPQ,B09YDBKT7M,4.531224727630615
AGTOCWUOQPBBIFRI3UYYHJZNOMVQ,B08R5GM6YB,4.399031162261963
AHKHM6O6MSZMQOZXBDUJ2MC2J26Q,B00HCPTXJA,4.442070960998535
AE23WLBRYKEC67DM43M6E2MF7GPQ,B00VEMS03W,4.425600051879883
AGVBPKC2WQYF7ZGFXOVTT45KKC6Q,B0BLLXXT6F,4.516885757446289
AFRTXLSLVRLIYMUGOAGX2PA6URHA,B00HTWQVU0,4.559669494628906
AEYVYMQW7JWQWYLWLCI7ZXFCLIIA,B0C5PRQ9K6,4.7361626625061035
AEUAR37M2GSBYMQLR76YSAOCP42Q,B07SZLB9GM,4.464091777801514
AGARMVTKQUMBK2XJH2OSGVOBCCCQ,B096FZ5TKG,4.56201696395874
AGXNHM6FE6RNTARQVPQSHUNC5UYA,B06XGS3ZD3,4.42469596862793
AFMUOYI53LJ5QGID3ABH2ZUFENHQ,B07HSGS27X,4.4522385597229
AEPN2RD5DNLVBU4OQPDDZLM5EAMA,B00X8N7XKG,4.429670333862305
AHBXCIZUBZU2EKLKRUDCQS7RZSAQ,B06XTW2R98,4.437862873077393
AEMTI3LLBJMTEVBYU3ZDEWIXJJUQ,B08LRLRRKM,4.440653324127197
AHPYQMRLEUCO5N3PMHQJGOX6SUJQ,B01B15JPCQ,4.467761993408203
AHSOKJ6LW3KSZSLP2ZTGJI5KP24Q,B0179A4ILK,4.444558620452881
AEWAPYKHTEXOLKI557Z2CYVHE23Q,B0B6P55RBN,4.389890670776367
AFTQL5KFH752LH35SF5UALIXNSXQ,B00WJ3HL5I,4.428757667541504
AEGS5YYS2NROXETUW5RPBN6DSEFA,B01M8N618U,4.508594036102295
AGRGLPIRFOMTUIBIYJOUTTGZHABA,B07HQG7YW6,4.46305513381958
AHMZYSO7LAKS6M3D63FQIPQ6UPAQ,B0749XX4KW,4.462349891662598
AE7GFJWCHUHU5XXNXSQERG52SD3Q,B00WE6INNY,4.460029602050781
AF2LHJ26ZRYYHDEVI3WZGUZ4NCGQ,B091MZPYBQ,4.452878475189209
AF7BFLZBXWO6TGTVSTARL73UJX2A,B0C5LYJXLR,4.547233581542969
AHXZ3VXHMIMKQYK7MAKAKEWWYHJA,B0BT2ZRCY2,4.523683071136475
AFH6AUO7HH5PMJBRBQGQQKDV5HLQ,B0BBRBFHK5,4.446205139160156
AGZOX4VGSMPDBKP47XYDVKBJAQ2Q,B071WMKJMY,4.568011283874512
AFEHPC5MSRUR2QWD6IRZ4KB42VRQ,B0179C3SQO,4.4376091957092285
AHG2CAKQ74WFM7W7BWIVGV26OSVQ,B00LMRNIUE,4.472630500793457
AGF3MM2QRKLZMQLTTEGVKCFQISXQ,B06XX92Z8Y,4.5061259269714355
AGDB44CQUCWRDULI7FJMEFUS3UBQ,B0B1WMLNBX,4.442845821380615
AF2GPIP26H7E5EHDWC6P7RKZ3OUQ,B0BXB8QTLD,4.413295745849609
AETIZWCOFGGE42ZUTCFUL37OJQPQ,B08SJY4T7K,4.231784820556641
AEEU7CICRRS3G3YBNW3DDPSRSRAQ,B09TGD5X27,4.567000389099121
AHQF4GMPT6H5XMVYGAGBKYN5V66Q,B08VHZ4FFW,4.386778831481934
AEO5TLC5WHQ6HED6RXQS6Y77NUGQ,B0BSGM6CQ9,4.557783603668213
AH7WTH5WIOSENLQKENY7ZFUKFFOA,B0002GYYD6,4.385796546936035
AGPVZ5LRWIOJTCHEZFYB5KK4XVEQ,B0BR2L1375,4.589152812957764
AGUG7ONCKL4JOYS6AILUT3AGOCWQ,B06XHM1C3B,4.4808430671691895
AFMOXNCYTYVRTZKJGVX4X7NHOU7Q,B06Y6BCX7B,4.460986614227295
AFZEJOGI4OODANIEO62OHDKU4HZA,B00B5LDMH6,4.531847953796387
AFYEWBPNJDVMVJHFR73JNQEBQ42A,B0BSR996X8,4.532042503356934
AGUSXHIHBHM453QTCP3O2BLGP7AA,B097FMTZCP,4.352822303771973
AHB7NX5MFSJ6W2NWR5UNUFEF7RNA,B0150YC54E,4.349034786224365
AG6ATLCKETNYRKL6GCQV35CSSGPA,B0BRSM5XBB,4.400521278381348
AFYA2BB2KC3RDRMZBGWVJIFUXRVA,B074JNWHZ4,4.445687770843506
AF7CC34DK36SQJS7WXI44DREGWJA,B07PM289SV,4.565083026885986
AHTQQIQONBBXF7WSHWJE32HRH2AQ,B0B16WH36J,4.620153903961182
AFXMPTECRN6BUOM65ZP7UXDZATBA,B00LGDYGSC,4.399379730224609
AGGA75GROPWR6Q5SURTTHTERSIEA,B01KDK4XF4,4.474264621734619
AEMCG3MJ7TMAMEJEWYD5GICKM3FQ,B07DL8BW6M,4.399339199066162
AGHETJ7PN7P2EEPPQZHFVHGV7TAA,B07WBZ1SFR,4.457927227020264
AHOTLXO4JZW4GNNHLYJ3Z2EQVV5Q,B07Q5GCY4M,4.482773780822754
AE6L3X5WMBDL6PVBIVB7UVMAFIXQ,B08T2N1WZR,4.493713855743408
AG5ZHK6XUYHCHSDTU7ZTNQ4T3BHA,B08BSFDY99,4.608585834503174
AEF2RX7ZF5KKRXYURVRY6AKZGLSQ,B0B8M5FJ9W,4.514794826507568
AGTBJVGF6Z6FTHBKFPZFUEGV3NRA,B0BKZ1GPM7,4.3887038230896
AHGYF6WPXSRKSINWX5RCOI65MHEA,B00LMC2HA6,4.423766613006592
AFTEWUV2FV7AEPP34WF522DN6ZHQ,B0002F6WR8,4.534172534942627
AERPP36RWS2WYRE44OCD56CZZ7LQ,B08BHWMKDN,4.439016819000244
AEN6QVGY7IYPDKZNGJWAQBGRAE2Q,B0BPLFP5P6,4.346238613128662
AHDO3Z2SFT3ONUF3WEIQDTSLSEJQ,B005ES7VSW,4.407029628753662
AEN6ANHOT5COUFKFIQUZMB4XGIEA,B003AYK14S,4.5272626876831055
AHCBAYMJVLTILRVTBKJIPB3VIDWQ,B01LQO3GGS,4.217484951019287
AH7UOQQDCPZIWK42EWAAPCGDPJ2Q,B015X3CXXA,4.403275966644287
AGFK6ZAZD5Y6WP5YUMHFYV7KVZSQ,B004UJO41S,4.3290181159973145
AGYRMCX4CHWWMEBXYY7BQIOT6ZWA,B0BHSG5C3G,4.544697284698486
AHFBALQTCIHW3OHR5WABW2EZIASQ,B0841BMTGZ,4.410858154296875
AG723UWMFMUICGE2QFUGPL3UUYIA,B07CZ8QC27,4.445346355438232
AEJ727Y7JSGHO3AJJBUKZX65NRMA,B06XW4SNFG,4.444858074188232
AG2DSSYTEPCQ5MBLH4L265J2LI6Q,B019NY2PKG,4.464425086975098
AHIVWIGXAM7DD4F5AKC5OCYO42JA,B016QUXTZU,4.321096897125244
AEZCTDIBXZVKKAKKKKWSXKPN2MVA,B07NBB4KRS,4.444145679473877
AFMQSX25IVEXUFMV4LBZFWTARSQA,B075GKTV88,4.409051418304443
AFY764TFOKIW7R6R3TF4SLTP3DYQ,B07BFT2B91,4.324677467346191
AHEMAURZYRCARVTVF6CQYTYE4I4Q,B000BUBF6M,4.470738887786865
AHMEIQYVEGHXBYOBMUQEVKPE3QUA,B0BSCF2FD7,4.466816425323486
AGV5EG6FOHTDDWOLXWMGQWQXDMWA,B07J341B3C,4.502445697784424
AGGCTCZBGFQEUFK2IMJLAG7T4QXA,B01AAX6KGY,4.388675212860107
AEMSFZ4NLED647BP3ZCQEY3FNGKA,B07217RS84,4.537813186645508
AHWA6UFI2V33J76UUQWQP6PHTQCQ,B092LF6RLS,4.481099605560303
AGP2P3VOGH7NNNH6CU7FKN4M62NA,B079TLFL33,4.518454551696777
AFTPUNQ4NGIKJHIEUAFA3GQBUY4Q,B0BPKH7FJ2,4.553205966949463
AH7GRHCAJCVNL6ROQOLIJT6PK2XQ,B0BM9BWB8B,4.436091423034668
AES7KU7JY6KI2MNQ4N4IP2YCMTZQ,B09RJZSQML,4.633847236633301
AFAAQVGMDINJAJNDD6HE2HFNJ7AA,B00LBKFYUO,4.431698322296143
AGBECCLTWXA2ZFFIS4KD3Q22PFRA,B0BCK6L7S5,4.3458051681518555
AGN5FDHWM7WRJKFO3CLNJ4D32U7A,B015WD6FIK,4.281546592712402
AF5PM3LODZ3TCXBESCMRC33V26SA,B00OO30CDE,4.456849098205566
AFJQQWO6VAZCTTY3GXNB3SEUU34Q,B00RVE9X06,4.549128532409668
AGTOFPT2HFCQOHY7VTF7ZLZFNN4A,B08178GMTF,4.4834885597229
AGF7TG2EIMWONOO3WRWONQJVKDNA,B07PZDBGCR,4.5289106369018555
AFBUMGG7XY5MQLB7HIXJQR5X34FQ,B09198262S,4.414541244506836
AETBRNPDURJZWOEQN5VR4BZD5C3Q,B0C4ZPNBYC,4.454519271850586
AHCBEOI3JFHG2DNP5USTZW2MPEJA,B01MD10XAU,4.307551860809326
AEZP5L6SPBC4WHUHBJEFCDDVB67A,B09QDL744G,4.41849946975708
AGR2HGNGBX6TFVFHQFKXRPP4B22Q,B0BT84L827,4.562458038330078
AEMBK5QLIOB6NHLJPH2GI3ZEW4EA,B007MY5BDI,4.532289028167725
AH2HKJL3HTZ7OHQPBKMANUB6XLBA,B00L75HGUY,4.437248229980469
AH6UKAFU6GC5PR45MMZMRAQIDM6A,B01FMKRG6I,4.446250915527344
AGZJ757HBQPRTEF3IFY37PMFPFIQ,B00M53HWQA,4.414315223693848
AF2HAUDZBKQZM5XZ2DM4UPO237UQ,B075CSHLYH,4.434937000274658
AE6JDIRVPTKC32Y7X3QQ3WAY2LIQ,B0BZJ3ZS8B,4.564506530761719
AHAR2WCDFYETREAF7SRKJ6T3RMKA,B0002F7IOO,4.461179733276367
AFPXIMJJAYJYB56PWZ5DSHAMVT6A,B092CVSQHR,4.405466556549072
AFUO5Z2K6MDX3SYTSIS5HBT47ISQ,B07Y3YB1DH,4.4065680503845215
AGDRNG3FGVONPV75CF5ZMZ4CARKA,B0BXCQ9CJN,4.508816719055176
AGMGW2AXSHFLEP2KKAQBOM6OOQGQ,B06XB3FQKB,4.485157012939453
AFLBNI74FPOZRZR7AH2PBY6WSMFQ,B0061RNE0E,4.6909637451171875
AFQDH4VJVLTDGFFZS4IAAG4VMBKA,B015XTFNP4,4.385846138000488
AGAGHJYANWY7FQDJRZ5XEVGHMB2Q,B0C4GJM9J4,4.402754306793213
AEYVPPWR4CIKWX4BGYKCBCDL2CZQ,B0C6R1FZNM,4.407477378845215
AEUXATQKIZHHXARX7DCMLD7LXG3A,B0B129LPD7,4.472133636474609
AH5VYONJC6AZLXGHCM32LEUVGWBQ,B0BKZ1KXLM,4.568502426147461
AF2HAUDZBKQZM5XZ2DM4UPO237UQ,B0B2Z13RCR,4.519777774810791
AEYSGCOJIR5X4PFUY7JGUOFCZVNA,B09RX2SYHJ,4.515717029571533
AFPEV76DW5AZ77YU6DXBX24YRD3Q,B07RYBJN7K,4.427713871002197
AECRFIY3HZZG5KMU424HTLAKDGFA,B07H8WXJNT,4.283159255981445
AEWVQYY4G6UMIFZD6QDPUDOYBU7Q,B000T5MQV2,4.474064826965332
AFGEE2G4XCML3OIVDBZU47XRZTDA,B09PWCF6T9,4.483021259307861
AHO5IPKZNXFFG2LYSCTINORZG7EQ,B01M15915O,4.426003456115723
AFXUKNAJ6DONF5K3HFFCVWIG7WUQ,B07PMLJ8PT,4.508530616760254
AEQWIQ5K6LLNVFPBJTPKK4J76SWA,B086QP7WM2,4.534886837005615
AFMG74ZXHJ2XIJW5OUELTC5KRPKA,B0B3VDFKB3,4.357062816619873
AET3AD34PERPEFPAFZ6LJV6ORW5Q,B0006IHLFI,4.559802055358887
AEOG5GP4YYOR6T7H4DTLTH5VXEVA,B09857JRP2,4.7666802406311035
AGTS4HKNL43FZW3MZMUNVRYLBCKQ,B097FMTZCP,4.349038124084473
AERLABCYH2N5GVQMRM2SC7I3LY3A,B0BK6PMJD2,4.55600643157959
AGMJISSDQ7DXH7AYMYZBRHWISKYQ,B01AIF4CL4,4.450253963470459
AG4V6SXKSVYO5TTRJQRPLBSK25HQ,B08BLKZS1H,4.417377948760986
AFSID347MNEO7BB4FDS7G5WFXFOQ,B0BCW884JL,4.442202091217041
AHBQCICNAHDBS47M6LFAPV6LBFRA,B092LF6RLS,4.494162559509277
AHDTJODSAMZBYCCS6I35H4V452UA,B00LGDYGSC,4.395050525665283
AF4DS7QH4EAGQ6QWYLTMEMVHNQ4Q,B00DY1F2CS,4.332672595977783
AEABO4WBVLZ6J3VVOA5XDJ7HDBQA,B0BFF85D9R,4.405379772186279
AHLW5Q4AJQMIGC4YGUHALFLAQLGQ,B09BGCRS9T,4.4772772789001465
AG5QJWMXSGR6QK7CTCJKXRD7OSOQ,B013MG2PPQ,4.323789596557617
AGFCZHTATBUI4HMETZZ5DXULTZJQ,B0C54RRCKG,4.534304141998291
AGSP5XAQPQBUUXZHEZSC65FD7NOQ,B01K2OLR28,4.458194255828857
AEICQU5QHFNKB2ROUABD2JNNPN5A,B000EEJKSA,4.590595722198486
AH5H3RK5Q2WAXHOCYTKNZFAV3UGQ,B0C3LHRRDV,4.455711841583252
AGZG7MB6QID6KRBUFHZSKIAOZENQ,B07DWM7Y6N,4.5896782875061035
AGIU5IUE47VOAR36ZMNGTCP5KXKQ,B08BH7KHSZ,4.404227256774902
AETRLZMHXJWHRPFLNPAT5KWVN2UQ,B093PZDB9W,4.512732028961182
AEA3NLDRDLTW7U6TDQT5GPQOOIDA,B074335YFQ,4.417715072631836
AF25N7GLN5FPPTJTP7KP5BNRV25Q,B0BPJ4Q6FJ,4.610452651977539
AFZV4SQHKPAL65VYRSQSKUKWMXXQ,B009YCI62Y,4.422275543212891
AG6XVM67COQE6IDXIWOXYJTPISKA,B00CDA0IUC,4.4957594871521
AHWG4EGOV5ZDKPETL56MAYGPLJRQ,B09TXP3FSK,4.527204990386963
AGCCTCFGWGVABEVFKC44HJPXHHRQ,B07QYVX5DK,4.41676139831543
AFQVJYB73FB4EMH4CHYJI6DQ64ZA,B00UTH51KI,4.420456409454346
AEQR6VWJVW32O4N3STXCPXVF7PSQ,B0BRQGJZXR,4.357278347015381
AFTVOIJFGYFC62ALDHKINLLDDFAA,B09NWCD36N,4.562764644622803
AGTHEJOM7XSVYDS5ITRS7WUQGMKQ,B08R5GM6YB,4.410231590270996
AGPFAMWJTPQSQEZMW5TUC7QY633A,B0018TDULI,4.494450092315674
AFSA6YD3ACC3VQQJRNN27YN537NQ,B07L5B64RG,4.28337287902832
AFSR5KAF5DWNQ5OXA7KEFPPTZJPQ,B01DPCONFM,4.545268535614014
AEIBHSLYC3NCXPUA7P4OVRWQEMSA,B00979RZ9O,4.460836887359619
AF7TTQT52OE7QACCNUOOOTZUMAQQ,B09JWL3BF9,4.547971248626709
AELR55A2JR25GIIZGNKE5LAE55AQ,B00356J8KE,4.245283126831055
AHSUFZF7WQMX6TJ6WC2LBBMGSYDQ,B000EEJ3S2,4.4279890060424805
AFCWX22LDG3CR5NHJDDWGXKRC3YA,B07K66F3N8,4.512397766113281
AF2BM6EMS6FKYSKZV5IBORZEXOKA,B095XZJ99J,4.558168411254883
AFTOYCLIMUB4A6TTSR6F2JINI4GQ,B00DYAAIAU,4.43953800201416
AFJ52QWR6Y5WPXK3MEZJJBHMUY7A,B08LRHL28Y,4.457452774047852
AG7NDDHQBGXQDQLHZPCWYMAWYM5A,B0C5BMZ1K9,4.425019264221191
AGDAX4BPTSLLAI63FKN6J5ZTFKOA,B08BSFDY99,4.597727298736572
AFAAJ4UTCN4SFXFVJ36RWKSOWCPQ,B01KHMUQ2M,4.387454986572266
AGEXOCVVUXJJZMX6AGI6LDVUC7SQ,B01DE4D4LU,4.557400703430176
AEJLXKSF7III3HR7ADY5TIWBOECQ,B01DQ2RFS8,4.441381931304932
AENNORCDOTT2KFT5WUIK7PJ2EXOA,B075MCRFYZ,4.46121072769165
AFI53ACNS6SYJPY3RKPA5NFOVRAQ,B08PMZQXN3,4.545522689819336
AGU46QHMBNY4242H5MCXGETTOMOA,B00S6251JY,4.388611793518066
AGS54MIP5XVBK7FM6QH7XNGFDVJQ,B0179C3Q20,4.459907054901123
AFPJGU2B476DH44PAROBTDQZQVPA,B076X9C7H1,4.301363468170166
AHJ733ZCG3SPN4NXNBP33SXN66TA,B0006NMUHM,4.553553581237793
AEQ26CZ7BTH3LGW4AMRVLEJKGOFA,0825603285,4.4292120933532715
AE6PGN2WW447FQCQ7CQFTCO4L36A,B0BKK3H2F5,4.4312310218811035
AERWQO4KG65FDWZTSAU44MKDCWFA,B097Q9W8MW,4.417375087738037
AGG7RMU6ECJHPQB2ZIQT7ESQEI5Q,B06XNBTLHC,4.450592517852783
AF3NQJJ4KIDA4GURLEALQBI4RKUQ,B09G5QS1VD,4.475554943084717
AG3HHGKGIZCIIQZ67ZGJ7SUBH22A,B0002F5C7Y,4.320013999938965
AEURYFHY5UKJWCTOYPJD3D2XLJLQ,B00CFEYN66,4.485860824584961
AHV7MPSPXX63ECNBQ3XQ4QHUOHFA,B00M6SI0X8,4.459287166595459
AF2NGUZ6QFZJUAAINQTWZL5WMXRA,B00A7KC9NO,4.327310085296631
AF3NOA47IJLZ3V5SQBOAJHUYDFJQ,B0BK6S7QF4,4.594007968902588
AHPLPI4RJDQMCN6Q7KREMZIL4HXQ,B005ZV5K0O,4.4471964836120605
AHLQFKLT3ROJTFS2P4GQ7CFHLXFQ,B09GZBTSV2,4.360472202301025
AFEZ6PH4W6I2W5NDBWKKFXAV2EDQ,B09ZP4SZ72,4.38068962097168
AGDT3NTRES47WHT26YWV2CVOLOYQ,B007534LFK,4.19406795501709
AFUDNFNY7SEDKBT36AH2LZDN4QTA,B0749K3CB5,4.455859184265137
AGGSBHWCFOI7BGAQ3YAGICGVRZGA,B098KXQJVY,4.581801891326904
AESY7BV434R2YQ4PUJCJG2YVUOOQ,B01EL2TFXA,4.3973565101623535
AFOZRALZ6GRV7B4Z2ZGUVNKI5DOA,B0B55ZJK68,4.439208984375
AE3JNYVYO3C3UXO6ICDIOZIKJYHQ,B0C37QCPS4,4.390607833862305
AF3NJDOTMG7BRKDLV6UM7GHFC7XQ,B0BGQZNQ53,4.385534286499023
AH5B6OGW62H7VQZYF3KNZDMKQP2Q,B007MY5BDI,4.533652305603027
AFOWDN6YUFGKPXH5ZJE5J57JE2TA,B0019FYE34,4.492501258850098
AGUSYMZGN5IIQZWHPTPH2S6D6KFA,B01DZ6FBBI,4.588105201721191
AFDIHKY33QA2NCPYPOGJRSBH5UCQ,B07YCMQBRT,4.445655822753906
AGSAGGYZSLPFCVOJ3XTIUN42A52A,B07BZ2FZ8V,4.523096084594727
AEP6VSEK3Y5MHGJCG2RGHM2EHCLA,B00RVE9X06,4.528398513793945
AGA4GTW7N7KT3VL6PYMHCRSBMRUQ,B000P5OULA,4.424047470092773
AH7BTSFO77CNNKQFU7FBWTV5DI5A,B0040YZEJ4,4.582187175750732
AE4QBSUQ4TQSHRDMXE6CIDICH4SQ,B00B5LDMH6,4.530982971191406
AFUENSIC7Y26UOKSUU2E746FZ7LA,B074WXM13T,4.491768836975098
AFZUL4Z3J5LTJYTWP6IZULSDVP4Q,B018FCZKR2,4.521131992340088
AF6PK3PJIARACNSAQNXC6DZMITIQ,B0BPJ4Q6FJ,4.607288360595703
AFLQJJ7C4PKUZJOXPIR2RFS5GSSQ,B00IZA1GI2,4.564324855804443
AH4AIWIVLN43SGJGK45W4FCJB5GQ,B07WTRFSMB,4.479626178741455
AFPG5F53DZFYCV4MUZZJMRNBCS6Q,B0BVVT8XV4,4.417386054992676
AE4FLJ7EL2L56IUWIAWZRNHJXAEA,B0BKZ3GCGR,4.5814409255981445
AFK2NWEVOB4BHP5V2XVAVE65B6CA,B0084CRYOG,4.44364070892334
AFMEK6HGMNRXS44ROKARI7467HAQ,B00DIGCE5C,4.379471302032471
AHV6QCNBJNSGLATP56JAWJ3C4G2A,B07711ZF5C,4.490847587585449
AGR66GB7J736YGNOEQXECJZENQXA,B07SCMRGW6,4.4200825691223145
AGSP5XAQPQBUUXZHEZSC65FD7NOQ,B004C4UQZE,4.3885273933410645
AFHPJTBQYQHQXIFBAODXDAIGCGMQ,B0C14SC57J,4.427485942840576
AE3HJ6CT7RAMP5XNGLYPEGDEMJJQ,B015JTEBN8,4.517791748046875
AG52TQ6F7NLG5WBLIK7Z4QIKVETQ,B09B45DLQG,4.417076587677002
AHFWSW4APYWHTKLSCLUQ7OOAXBDQ,B00XC2AQN4,4.465891361236572
AFS5GEDNULNRN4L576C7IKBC46WA,B086GNSNMC,4.404586315155029
AEVQES4DYXCIQMQL7KHTDM36Z6TA,B003OJE8LQ,4.450310230255127
AESJEFHJ2EDKWCAGDLHNIPG636DQ,B07ZN86ZFK,4.5460524559021
AGMADA7BVXWOPUYDHC3C3K3OKO5Q,B00H4PEMM6,4.590072154998779
AEIZXNH7FBJXMVY2CQLSSI2NZSZA,B0BXT3LKL4,4.543548107147217
AG437IVOHPYSB723CQHCTUIOPOUA,B000Y021NA,4.378396987915039
AH56VKWTOEVES33UCWBSJ4PNSTZQ,B097Q9W8MW,4.415375709533691
AG5SSLGUHBVW2WBIMICWOPQGV4MA,B00387G1MI,4.401972770690918
AGOORIF7OARBAL6HFDOLXUF7DBFQ,B0B4DB5QD5,4.395293235778809
AFZFOI4JUMS5UFMVWPLAVQ3ZM2QQ,B000068O4M,4.548739433288574
AHXJKALSQTNTY5FPUFFLHF7FOBDQ,B075VPGJCX,4.567692279815674
AFQK37VJADTSXECNN32K7O3ZWM3Q,B0040YZEJ4,4.581432342529297
AFKXPHJU332QCBEXRVZTY6K6B5HQ,B00BS1986M,4.565811634063721
AFLM7I2NCG3CEVZVMCMWN6SS2O7Q,B01K1EJQ9U,4.566834449768066
AGNZ55VEXGISWO3OH7F4CTP6HNRA,B00DY1F2CS,4.311262607574463
AE4HFI5J42AKFLFHZDE5D6LFGFCQ,B0012BPMHW,4.485132694244385
AE5EKWZ7BDIPUT2SQCCZ62H22ZTQ,B0C6H9T5T6,4.393277168273926
AFCTA7ADJVBKAOXVHUHMRZEEEE4Q,B071H41DFS,4.387944221496582
AFISTPNKN3EJKATATVLIFQMKQOXQ,B08R5M2FGY,4.471175670623779
AES7UWDI6OPAU4HN7336ZP75SITA,B098KXQJVY,4.595771312713623
AH2L4HXWXSECI3SMTHE6YB3T56KQ,B00H35YIJE,4.593133926391602
AHA27EHM74UI4VBZYCCOVUBUZNPA,B0B8LZKBN7,4.5009026527404785
AGJ73YUYEW6PWPIO3HOKTPLKW7GA,B0B4SGJRHR,4.442378044128418
AHJ2NJTRCWB3QQLDFPPMYCEYDFJQ,B00KG7CB2C,4.558199405670166
AFM2DSFXQRROQL75DRQ6J32PMRRQ,B08B6BF5RH,4.398161888122559
AHVMI7WN5IHRKUS5RR4MWRL5BROA,B071RL22PZ,4.5056538581848145
AGK7E6PYFPGPZ6MREYX4KANUCJGQ,B06XGS3D3S,4.475323677062988
AHBCMUMYBDO3DCWDT7RUSCSHVFSA,B07C91JT14,4.348783493041992
AHOGN6NSQV73UZ2PWVW5F4Q43Q3A,B0BX8HZ5RH,4.438199043273926
AHIXLMOB2ZZRRGEWCJXUZ7XND22A,B00OJHI6KQ,4.558141231536865
AF3BR6FQAGUDNKNFETNSU3KKHBOQ,B0C6H9T5T6,4.4290313720703125
AHIUXHZZ44ELXOD77N5XGO73ZIZA,B075R94JY5,4.316453456878662
AFVTV5IBZU7SCCUSTID3SQHYH2CA,B07N1RPV4J,4.524392127990723
AEBJOLNLS7IRLB7HGXXFBZSLXAWQ,B07J9JR6VP,4.546287536621094
AGJK6S6LFHIGTRRCPNYGMGFQ3F7Q,B014ZYPT34,4.294548511505127
AFVNE7YGLL4YBJNHHPHEO3ENOAUA,B01MG3QVCK,4.3339152336120605
AEYVPPWR4CIKWX4BGYKCBCDL2CZQ,B095QBH5ZB,4.368337631225586
AGMMFTC4LMPBUSCOSAPMQU4BQBJQ,B0BSGM6CQ9,4.519556522369385
AHK2JKHQ22EXZBQWCF6SAV3XYAYA,B08FHV6383,4.440313816070557
AFAT5EYIHBJC3AC5TZUKLLWLBPGA,B09BMTCQC2,4.439541816711426
AFWBENHWG6A6QJCJISR4IU7PO3UA,B072235GXG,4.460625648498535
AEAU46Z6SC3RRNCHFIB5RKUUGROQ,B07BHHDL37,4.42155122756958
AH74VAPB4EPE6DUCD5VNR7PQELQA,B00JL5I61A,4.552289962768555
AHJJGVQ5R6COEDIQTRKPH45IHDUA,B07MQK9168,4.306633949279785
AENHWLM7GME7SJX2RTO5JBPIUSZA,B07GXGXPBY,4.380253314971924
AHUIUCGSUO6B2KRQLQ2UWRYXTH5Q,B000TGSM6E,4.346945762634277
AHVRQ2F6723IXOL2VOYHCVYJLPKA,B08Z6TDJZ9,4.437662124633789
AFHPTJZIUVAIQYWANKXP6P3UVK7Q,B002Q0WSO8,4.362724304199219
AGQ3FPXZLJIHBHWM6BZYS3OCEKDQ,B07HMY1RWC,4.462640285491943
AEUAXVAUWJFDX44V2Q3OZFFYDZWQ,B004MN9746,4.498478412628174
AGJ2B223IQ4U6IAI3CUQRUX5IOCQ,B098KXQJVY,4.5966033935546875
AER6WLSJPBPNOZIQWVHQBVOKTNCA,B09PWCF6T9,4.473752975463867
AERXAGU6PAY74OIAVZQKU5ONB3NA,B07NDGTFJJ,4.555319786071777
AF7IWQ26I2RJXFXKGSPGNNRBLNEA,B016QUXTZU,4.325522422790527
AGAJSGWWB75VLSBMF6I3LUUTL4AQ,B01DEX3CHC,4.4527058601379395
AFKG57XVUDKCUGS7Y44EY677NBQQ,B072PWKPLW,4.367815017700195
AERWQO4KG65FDWZTSAU44MKDCWFA,B0772XDJX2,4.500699043273926
AHHHDPHIPV4CJY536D33OZV6LFPQ,B004XNK7AI,4.607149600982666
AFEZR2GVGMGGBMGG6WHCWRI3MK4Q,B00CHHUKY0,4.492766380310059
AFCGEML7F6W2U6YIW3BT5VVHAVSQ,B07CBT4SYD,4.602227210998535
AG7REFIGR4JHFZTYSHJGYFS6WYPA,B09Y1X5BSC,4.50403356552124
AEGEWZSJFQBTYZMFDTFAOCMGVAJQ,B01N5QJ0LE,4.450243949890137
AGJ5ZHY5Q43NH73NAAFRO3A2TQKA,B09857JRP2,4.740998268127441
AFLAAWHDSTPMYQDU55P7GKFY3ZHQ,B00PR8AW62,4.585733890533447
AH2H6UZNEA477XOPRQ3T37WXMBLA,B0002KYXTM,4.310715675354004
AEXXN5AQLXNN75TLPBTDPHVJKF4Q,B0BCXL2V52,4.533654689788818
AGG5VFUD4XK5TBLA4B724XEEV26Q,B000KN0BYM,4.391943454742432
AFUV6KLJPKFA6QQYGINR4D2MY2XQ,B00HTWQYSO,4.541776657104492
AFF7YUPAE6KRD2ELYPEQIWZYORHQ,B003LPTAYI,4.438155651092529
AGG3TGNIO4ULCWBMCUW4NHZZ4BGA,B07KDWXQ84,4.374154567718506
AFSPIN4QUVVAVW3HTX7L2J3KUR5Q,B00OO30CDE,4.442275524139404
AFXMSKCDLI6GRTDUC47LXZWZKIPQ,B00IWXMGH2,4.445396423339844
AFM2K5Z6FN65NXDAT3G7ZLFW33SA,B078H33C1W,4.414881229400635
AFB72OOKML6ATB33JXEUUYPQGMXQ,B00WTZRLOM,4.4408345222473145
AE6TF34R3XLNVEOUQ5XGGJLOBNQA,B073CZTQFM,4.361542224884033
AEFXLPLCZWRJRK4OVWRHX2YUPW6Q,B0B127PM6M,4.409113883972168
AG6VOE54BWQKIPPH66M25GME2S5Q,B09Q39C7W2,4.488558769226074
AFZ4UIQJHMYNZMKSDU2QA4F436WQ,B0C5BMZ1K9,4.429325580596924
AGVDSDJTAPD3VRDKZKEX5ICMTASA,B073T2YK2J,4.404473781585693
AG2Y6CDZNCG2ZJIUIGDIJYADCJ6Q,B0951C4RGR,4.48622465133667
AF3NJDOTMG7BRKDLV6UM7GHFC7XQ,B019OO4IY6,4.418128967285156
AFCLOTB3P3EXMIQAKAZIP3KGAYQQ,B074WXM13T,4.486854553222656
AGVTKJAYTPW447JEYNPPTT5TDDGQ,B01D53JG5I,4.523268699645996
AGKVQWUZ2RQAOWHJHMQQBGIDYASA,B07MCRMLF3,4.480088233947754
AG7TXC563E642KFHS5YINKSCWE6A,B076K32CH1,4.566884517669678
AFCFGYHKKOCM7XVCRNBG72BQOPYQ,B0006UGEOK,4.50427770614624
AFUYIME2PIVVNZFSSDULBBIWZD7A,B0B6P55RBN,4.386153697967529
AF5JC6AAADC4WZZONMI3PK5AGJNQ,B0BHSG5C3G,4.558669090270996
AFR6WKFQBTKBG7HH7MOIHP7Y4IJQ,B08JMQR2JK,4.484642505645752
AHZOWNQENHOHDPK234WOZVMLS2SA,B0795PNCBG,4.38290548324585
AGGESXOSTBKQQ2MZKYON3UGB4Y4Q,B085C1XP92,4.4133195877075195
AHENALE25EXP3M7QWZRXIYKTTFPQ,B09Y8KNXP9,4.398009777069092
AHRQCX6F7G5BXPNBEQ5MXPTRN25Q,B06XQ177ZN,4.292102336883545
AE6BYVUHZCRER7JBO5CFHJEOHAVQ,B0B69VXJ6G,4.490647792816162
AEXH3SBLTIIWZJ6LGBWKNXVDTRZA,B00B5LCADS,4.519737243652344
AGDWXEECHCW256RCMJKGTNJHQGIA,B000BYPJ1U,4.417577266693115
AF2CLARGDIRBOY2HMOPYSNCURNRQ,B07KPBVCKJ,4.414093494415283
AGEFZSKNCTSO4XQ5LU7MGYKQIEZA,B016XLLHCY,4.299020290374756
AFA4ZJGSTUWBV43E6FHQJV7ZWXDA,B098PJL986,4.456541061401367
AGFNMLVDG4FKJCSVW5MZDENDGZ4A,B0B1LK9SXB,4.401742458343506
AGBW7LZUPMPOBV4LJ7LO3TCTRVLA,B002QKRUJG,4.37754487991333
AFWHS5KMUDYBCMWKOLSLZZJR5HDQ,B07P67TV7T,4.470698356628418
AFHLBRCKVJX52YOOLP6G2MDRCGGA,B0075DO5K6,4.462372303009033
AFV7ODHDJYGFBCSQULUNPKZTC4EA,B091YFQGCJ,4.547958850860596
AENN2BGZN2YQ2OVGQTNXHLQ5W3JA,B00834KJ60,4.362718105316162
AE5XAHW2JPDP32P2BFJ7R3IFND6Q,B015HG7F3Q,4.448288917541504
AFTSNLQBX4R6BYTB337XHJIYS4SQ,B017VXNOK6,4.49183988571167
AGMRYSCYS4DGUW4QAISHDJSCHUUQ,B0BCK6L7S5,4.325314044952393
AE6TYSATATHUCWNO5ALASJCCV4UA,B07CQS5BMH,4.53573751449585
AHYDSH65ZAO5BMP5AFT4KYN7PAXQ,B00W7ZL4TM,4.465552806854248
AFQRD5USTZ62QENXGL2YDRIMPGGA,B0BR2PXCBW,4.532167911529541
AE4LWHIBYCREDXSNG3EOF3RLKKYA,B09R2TMLJR,4.567401885986328
AHAV4CADMBDGGHBQMBNTQX6YVXAA,B08NWG3F9L,4.406477928161621
AGA5ZXP7UELYMEEFPCM7Z3SVO5JQ,B0016H8S1O,4.515781402587891
AEXAQLGHLXRVILTEJQ66WITDGABQ,B07HHKV19H,4.517344951629639
AGHQFRCGHCGJIARSMRFJ3G4E5EXA,B014PEZVKU,4.496767044067383
AG5C4IBXOOHVYIGS4RUQSR5FLKNA,B0C6H9T5T6,4.400816440582275
AGVTKJAYTPW447JEYNPPTT5TDDGQ,B003WZ6VVM,4.445801258087158
AF3FBHCAUSTHXGTODQONDLTDVQ3A,B0C67HCGBR,4.734400272369385
AFNUD5CAN5NBVLUC6377NGRF2XEA,B07KR28VKS,4.440299034118652
AFID64NVSRMGS4FNVX6SQI23O4TA,B0919HG8S7,4.409515857696533
AFS5IBOOEKUZKI4MPWN25FGW76UA,B097FMTZCP,4.3563055992126465
AFBSSUJ7JS74UIR22W44TDNK26WA,B08Z6TDJZ9,4.438551425933838
AGXQAH4PJCCLZAUWEE2J7NYRBKCA,B07Q6J4S89,4.4987688064575195
AFU4WXFS3Y3OZ52E23YPAA2DIJRQ,B078KTV8L4,4.385998725891113
AG2DSSYTEPCQ5MBLH4L265J2LI6Q,B0C5BMZ1K9,4.426391124725342
AFDZ7Q3JWBSK3MEBNMHFMWINWDQA,B0B89ZSYS7,4.56122350692749
AEU5LBIAENNFA2SQXVQLFAT7PQ3A,B07VPLFNYM,4.247735023498535
AGZ3QMLZOWSZJPXAPSTGORHBPVQA,B00C5B26HC,4.518579959869385
AGTN6F4L6USRCJM6ZDIGVSRQMSWA,B0928HW2P4,4.6579461097717285
AHXFHAG5TRFROX6VPMJJBB3JJAYQ,B0BSGM6CQ9,4.554072856903076
AGP4JFXNUWNXGL55F25YPQ5ZGIDQ,B07BC4KMQK,4.411642551422119
AFCGMIXOBNAESB7TJIGGRYWAYOGQ,B0BQ4XYZLK,4.454407215118408
AGEQUBTRADUL3RIFSR5NMHWAQJ4Q,B078KX8YJD,4.556000709533691
AHPYQMRLEUCO5N3PMHQJGOX6SUJQ,B0BK6MQDZ8,4.508016109466553
AFUGYX2OIIUMI5C5DMYZHUYO2XVQ,B0BZ1XQX97,4.4956488609313965
AG477CZTN5DXXKI4PJQL33KQYQMQ,B07DFTWXL7,4.440642833709717
AGNRFLXG5P256TIYC7HM6I5IT2AA,B07NF16YKJ,4.468648433685303
AHDUKIDSK6ASLBFBUWVEQLJNKELA,B0BCXTPJR2,4.513480186462402
AHWPQARHTFJKRYID7IF7RUU5FXWQ,B0BHG58G2F,4.54197359085083
AEWHXZIO532D7GB3XK73JQO7V6XA,B018FCZKR2,4.524500370025635
AFFZTKH7UI4G5YTVEYBA232FY45A,B0BBPLFSCG,4.499866962432861
AG2FQVCSAPNCKC6M7GKCEQO4HFKA,B07SZLB9GM,4.457465171813965
AGYLR4VOLE334EGG5MER7CQKBCDA,B087TBKK97,4.429080009460449
AGKY277N64L5VISSLKOFR2EH3ZOQ,B06W2NS7RW,4.3918023109436035
AHNG3NRGEDYO7E44QMYDHMBADPBA,B002C741B8,4.389554977416992
AG6BIRUHFL3WJNN2ZEBGGVPMSRTQ,B0BMDK2JC3,4.479196071624756
AE7ZTBUNKGJ347SZHE3B7QAJTNGA,B015XLDQD8,4.4179368019104
AF3V3ZFYEYBEL4QWWSWJ4H75A77A,B00LTL0KLI,4.453875541687012
AH4YXFX7BU7VENLTLNKSYDVHQBIQ,B005H2007E,4.395181655883789
AGHUVPFNJ7FWT6T2CUGY3A75N6WA,B07L5B64RG,4.293568134307861
AEJYOYLHAPY3LCYQOKUS65LGOVRA,B07GFH8NTB,4.610398292541504
AFUDTHASFDLLVHJ7T3S7W3FMGNZA,B086QMZG22,4.483949184417725
AGSCKCPNKACD2BT5BE7IKCA6CPRA,B08YK9HWTF,4.45841646194458
AG4OWQNR7J4O6QGYIZV53XJAUF5Q,B0002D01IG,4.430457592010498
AGKOFLHULW2C32544ABJNOTXJE4A,B07MZVPJ4Q,4.308095932006836
AFUNJGQJTP3AICSDN3DK6L3NHMXQ,B003FXM6II,4.375652313232422
AG57ZCKN4CZOESBMSWZPL2CR77JQ,B08JMQR2JK,4.474215030670166
AGPOPRW2DUAEQX5GH5EBAPN57G7Q,B0BYXQHW7Y,4.402052402496338
AEYVPPWR4CIKWX4BGYKCBCDL2CZQ,B01G26TRW2,4.4210405349731445
AGC4DOJ7GIHCSOYUKXDDCTLDBAGA,B00V7YMOLG,4.434795379638672
AFJVICWQHTNH22HZHRQTPLDRMXXA,B07Q422FS6,4.476176738739014
AER62GONA24AVDCPUN7XUAXTFKTA,B07FTVKZB3,4.510524749755859
AF6HUMKJCWWTK4HJTVFA6HSZ7N3Q,B00MRNXJ06,4.440417289733887
AF5YR4OHQK33YIBQ4XRKW4RBTX5Q,B07DFSF3S5,4.483847618103027
AGTVZ7ZSDMTEDLMJGZRC7RFJNDWQ,B015HG7F3Q,4.4948811531066895
AHY2FKC33WL5D5RQ3QRIWPWGKY5A,B00IWU4BF0,4.444871425628662
AH2J57YBS2WIYAEGFZGJZ7XYB7GA,B01AZ0WPPC,4.457927703857422
AFA3VOK27DFN7UYIFO5CQSCIOCIA,B086PG669X,4.442767143249512
AEDK5T3VBOFLHQ5KJCGL5YCKI4PA,B0009G009G,4.440998077392578
AG4AJVSS6426E7F5XTBXOSXPSAOA,B09TGD5X27,4.565831661224365
AGPJA5QSBWOYXOCJQTXF54TRGKFQ,B078KTV8L4,4.379045009613037
AHWQJGQJBJTGKBNCLRNJH65SNMCQ,B098KXQJVY,4.580591201782227
AGOTWNV25MJTCWQJAKIK5EL24VNQ,B08VJ9VGPL,4.290164947509766
AHBV7TH4Z3WRRKXUIDAOPVUBIR4Q,B0B8F6LD9F,4.59183931350708
AG3NKKQ7ZFWTDAHDWKI4JSFRH4FA,B09R6GDRV4,4.573744773864746
AHERXW7PHUZB2VN6B5XNSRAI4Y6Q,B004ZKY10Q,4.440701961517334
AHEMAURZYRCARVTVF6CQYTYE4I4Q,B001CWWNPK,4.484862327575684
AFOVPAGIXZG3TRBLV44SK63ETBUQ,B093YGKPTS,4.568401336669922
AHYDVO5UKW3QHLF6UFSCEOGECGLQ,B01DN7OAWU,4.545597076416016
AHGNK7XIP6W4SOL4B3MYH6Q6YESQ,B01N01NYGY,4.4766926765441895
AGWW735D5YTMQYBMUDXC4KOZAXDQ,B0C4YHLT1M,4.448828220367432
AHK5FUZ6I2OXLSIJX4FZ44DF4FQQ,B00VNSOK2C,4.471161365509033
AETOD3RGKB4NR7F6ZX7Y4YQTJDDQ,B0098X01ZO,4.429803371429443
AE3Y65VROR3YICKMO6OJJ2LLN7RQ,B000TAHFCC,4.437939643859863
AEYPLXPGNUKJMHAPC3GONAXBIOSQ,B07GBQ4LGV,4.422060966491699
AEQAU7SKDC6BAFLH4NY5HGP2THCA,B00HTWQYSO,4.537953853607178
AG4EWD2WI4DTYGYZAMOJQ4DPSXGA,B002H3EZMC,4.5215020179748535
AHS4LB7DEDJWMCKIVTUMSBZUC34A,B01DN7OLJC,4.5305633544921875
AEVR5BUTA4MKV27LQINCRCM4WFAQ,B073VRMPDY,4.4152913093566895
AEWKZY6NU4TOYG4QOJ2UUIXYUIPQ,B08FYSGZD1,4.346198081970215
AFWBENHWG6A6QJCJISR4IU7PO3UA,B0099DMFK2,4.407715320587158
AGMIECBRRAHS3YUEBQNL7M766ZVQ,B08VWZHQV1,4.406703472137451
AFX6X5HDCAOHHZJRKU7ZRIWACF2A,B071YMYXHS,4.474743843078613
AFLPLZYHGAASHAYJSEJPYUBJVLPQ,B09MJWYTQW,4.419938087463379
AF3JMCAJ6IICLZJRLDYWCPSSEN2A,B002L2E1TQ,4.530363082885742
AE4ZTY6QRIF3UULZDVAU7V7UJWYA,B00RVE9X06,4.541086673736572
AHZW5LNAKDKCM5ANQFNAZLT3JBSQ,B0CCK4YYNM,4.4154462814331055
AEENWSVHLUOJFDM4HB2QEELDVEMQ,B0BSR996X8,4.531610012054443
AFBUMGG7XY5MQLB7HIXJQR5X34FQ,B07MJVGJSV,4.303638458251953
AEXY3DSSYKBHCGAMNYQRGD3GR4QA,B00B5LEAFE,4.528066158294678
AFO6SYZM7IXUOBJNBV6OEURF3DRQ,B00BFN58WQ,4.421153545379639
AG7SATUH2NYBLNGI45MURZJMCZKA,B01MTNCTCT,4.427516937255859
AGOHUZDWB7HUI6NQOLEY56QG6F7A,B0BKZ2S4PC,4.519376277923584
AEXLRZ34GTMM35NQRDZ4CDKKXLIA,B0BT8GVK6M,4.543243885040283
AFOWG7WVVQDQFY6MHOFL7MFPAG6A,B000UMFQHA,4.491885185241699
AH37ZV6A5UJW6A4PA62VDYOQSMKA,B073VRV6MS,4.478690147399902
AHVHBTIWRGYVFBVNVV7SSK2W2RYA,B09MQZ8VWH,4.431865215301514
AGSM75HHGVYI263VKMFQMK6GJQ7A,B0862G4SJ9,4.497454643249512
AEQIXOBGYVS2DIAO5XFBPPKNMA6A,B003AZ6KG0,4.438517093658447
AE5VICOXJ6XHMLISRION3NBJ54OA,B00INNJZPC,4.41834020614624
AGUNYCUTE2I2FQOSTZ6XZILKD6DA,B0C67HCGBR,4.723702430725098
AHJSYOIN4W5IZ4SW5LSHCHEBMPNQ,B086QMZG22,4.488100051879883
AESYGW72QCT4EU27P5PPM4X57MCA,B07KTVV4BC,4.465909481048584
AEA4WNCWOCN5W4GTQE4UMBFC6SUQ,B0002F7J7A,4.526664733886719
AFOKWBIT7ESXMZ5OOVEPVEY6AYRA,B0C4DG9Z5G,4.393092632293701
AE6PGN2WW447FQCQ7CQFTCO4L36A,B013VNHWAI,4.498687744140625
AHCOV6ID7GFK6ABVU35ZNEJAXT6A,B0C1ZYC5CK,4.4271392822265625
AHZHSRRNEBAWENEVOD7Y5GJJAF5Q,B0BJZZFSN9,4.39578914642334
AHI62NY2P2F7W6MNBBMELHNWGWZQ,B081PQR33C,4.376757621765137
AEV32P7R5QEYRDR4DXX7F7V4LOUA,B07JGCQYN8,4.517503261566162
AGXOVGCVMYWP2GS6F52ZTGFX6OUQ,B097ZNTLHH,4.417011737823486
AF4EY2RL5MCVIFTSNCGQ3SNR5RBQ,B08JQNQKLL,4.506866931915283
AGF2ARUNAO6IKVQHQRZFYC4TU5IA,B09TBDG73V,4.437380313873291
AGMQUIDKC252ZDT5P7G3INBI2WTA,B00WM21DY6,4.399423122406006
AFB6NAYAW425HDMUUAKDUPILM5XA,B07BSZNKTM,4.4356865882873535
AGN736WLG52SCARZJLYQGEM76DNA,B08DLK3GC9,4.544348239898682
AGXFELKL5OS2JLPR76CBZ467NA7Q,B08BHY6WWG,4.358657360076904
AFGDRNIMPVGMEICSWUU2AMBMPDOA,B07KJ1MVZH,4.4062628746032715
AEMOYADP2JOCWPFFSQD5XOHPNCCQ,B014QKWCAK,4.320879936218262
AF4AO67EAISRN4VKPQWPD5LDM3AQ,B07JNKY9T8,4.422173023223877
AFC24IBMCOC5G33XDBQTGBU4ULEQ,B08DM9NFLH,4.631230354309082
AGBXY7ARX32OBIY5AAMAXYJSVXKA,B00T5PNT9A,4.399126052856445
AFZ252AZNJJ5SYCMZ7TQBZQSQPJA,B0B31RCL2G,4.5312018394470215
AFUD46FQ5QP2KHEPMCNSWXMDZ5MA,B01D2GAKV2,4.293144226074219
AE53VDKFQ67YHCSPLIMTCFK2TBCA,B015XE0B7O,4.440556526184082
AGCKTXUY43QOGKGNIEHIXXZ5W4NA,B00EB11RLK,4.466626167297363
AHG2U7IGFWJNPHSU7HOTKCFLZKKA,B0002Z2C9A,4.416635513305664
AEOF2U5P3PEPOLGFUQBHOA64YJYA,B06XPJHYDH,4.368066310882568
AEZ6Z6F5RK6Y24QQVWADUZIOHKKQ,B0C2VGQYQ8,4.496387004852295
AHSXFPGEWTP6QM4CNETICMBUHODQ,B07B8WL33G,4.590973377227783
AFDIMXJ6FY6GX4G3UTLPXKVLVLVA,B00Y0CG9YA,4.469120502471924
AE6IF4LHZZFMPOUIQ2I4AMC6ZVPA,B09NDBVJXM,4.456088066101074
AFQ54FLISLOLXO2GO4EQA5DS7GBA,B00CIO6BEA,4.421988487243652
AFY62KFQD545JH4FWULTZ3CODYOA,B094JMK37C,4.442563533782959
AH3UBUKNUPJRPZ4MFG4JFE2BD2RA,B00CPLODUU,4.54046630859375
AFTPQXSU4KURGKWJGAKYLNJONTKQ,B00E3X5USC,4.448074817657471
AGID6DHXZOL34MVLPDSCO42D6GZA,B0BKZ59BQZ,4.480020046234131
AHCOQ6TOX2KVPHX2GMG5YCID57MQ,B00FPWRGAA,4.429759979248047
AGTJZXTCU2XYA2J3TDY6RIIO6TDQ,B00979RZ9O,4.470736026763916
AF2B7VXJHVVGGI2GPZVTRPWAI5NQ,B0BKZ51ZNF,4.502877235412598
AHQTWQXTBAXE2QSFOMEOGK4HH2MQ,B00GS82H86,4.402627944946289
AHOFAAC4SWSQKW6TO75RFASN7EXQ,B07CQPJSFM,4.402730464935303
AHGTX7G2RIY2EZJB23AM6H34HN4A,B07D9PJW32,4.459481239318848
AGRZYQTRG3YQCD2EISGFNSLHPOGA,B0BSCFTV2G,4.501159191131592
AHUYGNA2GEDE4I4CGQITS5RUZP5Q,B006QUGBVK,4.292967319488525
AF63XHUFXPDT7TIMND6IIJTDGZ2Q,B000NGVQKO,4.332225322723389
AH4NJIK7QV2YNYAUJAD7WCJW6BAQ,B079Y9L1G1,4.399030685424805
AFXRISBWQYPDQKEYLZ7VMKSDPDIQ,B01HCGWS2W,4.548402309417725
AH6HGW2QR5QVW56LUGSBXOLH3CTA,B00N5TGXOA,4.459489822387695
AGMOQRGZCULKJQE5GROUVEVGPEYQ,B00H4PEMM6,4.5782470703125
AEQKLE6U7TJCGBHR6ZJGSYBK53BA,B0B8M5FJB6,4.527061939239502
AHNGYELWDWTVPRTSMZ5HWCWDAUCQ,B0BSGM6CQ9,4.559005260467529
AHAYDMZW66Q5WZFEOC4AUJJ226SQ,B0183ITSB2,4.442249298095703
AHSNK6SYID66WDEXMNGDMK6JBT7A,B08T2N25MR,4.431015968322754
AGMCCXZIVMPJ5UZW2JKGMTHQXWXA,B091MZPYBQ,4.42294979095459
AGBQLDJQ42HII7EPMRVHHP2ESXCA,B07VMXTRQ7,4.373786926269531
AGRVMUVXUON36MP2UVCNPY6YULKA,B0002F5288,4.503897666931152
AGP6DVMFOPJAIJ2AU473OUN53ZGQ,B01H4Y186O,4.354202747344971
AHRYCNDY5S3V7LL3QVXYAT77CN6Q,B000LGA2K6,4.418637752532959
AFOH3RVBARU2R43PIPZIUD6PQQMQ,B0928FM4T3,4.558204174041748
AF4USQ6DYTGYTJPHHRKKL75RAFQA,B0BCK6L7S5,4.345402240753174
AHGRJF4ENU3XVPXWOJGC7WOVX25Q,B07GRG5SMB,4.5214104652404785
AGVVXVJW6ISULJ6YM5MMFPDCJ2XA,B00LMRNIUE,4.441431999206543
AFGBQJ4TCIXR7YL7DNUKAQ2RRK4Q,B00FUTXO8G,4.395290374755859
AHODETMZCUDFRNJQP4R2ZLEGSJVA,B003AYIKNW,4.541641712188721
AFSMS2MHAVKJDLOK3PHV3IU3YSSQ,B00CJ3AGU0,4.53378438949585
AGXCV25HDW4JXI5QQSJTIZUHPRHQ,B0BPLFP5P6,4.329647541046143
AEHDGDGGA3LRDSWZFJMT3WMH44YA,B07DWLYGKH,4.598076820373535
AEVP7UGAPHSSQMMMR7IXUUYLL6DQ,B0BJPLQDWD,4.443412780761719
AGXOFMADDY2O5MUGWYJLUIQ6XH7Q,B005Q1XR8U,4.408914566040039
AHUDHYMPKVYPTVUFMWLBMWJX67JA,B005U9GDD4,4.409669399261475
AEIZLW5DLZUBDSUGZYV45X3QDHEQ,B07DL1L3M7,4.417665004730225
AFK6Z4AW7CDH3IHSRAABCGTQYH6Q,B0939BV175,4.4366068840026855
AGBAM5RZQRUUMKQ4UPUNCOU22PPA,B07BVDGFSR,4.431802749633789
AHAYMBP2MO4GCR6ASHR43YV6D6TQ,B00IMB0Z4A,4.523971080780029
AGNEADFUKVX2GAUSR7OZAGIAYL7A,B01DE4DPSC,4.531022071838379
AGHVRG2HSUORQ4A3OHQFWKMIEOAA,B0080HYFTM,4.422787189483643
AGYVOONXBF4R24OWT67AA2UGSYXQ,B091G1LP41,4.377170562744141
AGC2D4ERWZFFC6TBEN7WVEVAYPCQ,B0C4QX4CQJ,4.4664177894592285
AH3LWB7J5AISEPHX56QBZGAF7RCA,B00IPH8MD2,4.573199272155762
AEBTCCMZCJOVYR5LHI2ESWKITQSA,B07P5GGK5X,4.439657688140869
AEJE4TOVBD5TOLVYRBJSFBJM7IZQ,B004XNK7AI,4.61607027053833
AH5RP72S7EOXYWPVIF5NJXGNICIA,B017VXNOK6,4.4882307052612305
AGPB7VMJFDRG6D5MIEIK5DLXQBQQ,B06X9KG3HW,4.545713424682617
AHRMYVXZC7MK5EBIO2XL3Q2GGEGA,B000VTFQCM,4.327653408050537
AEXZDLJQFKVDZIYYP7V6IUXBX7UQ,B08LW3YL8N,4.462910175323486
AFCSMQUEKOY3DW7IWIYZ4CW5XZIA,B01N2OBKIB,4.435838222503662
AF4BJRSGMCKQY5DFGB6KV3P5OY7A,B0BX8VJYMD,4.398788928985596
AHW2D5AFKMWOIVCEXUZJSB43TAHQ,B072FDH5X7,4.364695072174072
AGCRGA4K3TZYMVULSRLYGJILNJ6Q,B01KDK4QSI,4.475034236907959
AFZNG4THTEUTZC4XDEJS3U5WPOHQ,B001L8NGJ2,4.5893940925598145
AGICD2I7CV354HTIMIUWJEHP6VZA,B077LVNP89,4.421184539794922
AEX67ETQV7BEFGI7HZIMBUI3M27Q,B07H5HM6F6,4.452517509460449
AGYKBJXKGCM7FUQSK5JSIT35DOJA,B08BHY6WWG,4.367231369018555
AEA64TVHGKB3T5UHJGBBPAM5BBSQ,B002P45B62,4.47535514831543
AHEO3QE7OE27ZZ2TIJP2W7BCZE7A,B00UTELPGK,4.465768337249756
AHWXEOF3AV66R44YXMV6OL3GTLWQ,B0002D01JK,4.43300199508667
AHJUEBYCGXJEJ2LE6WUWHD3J47SA,B07WW5PKCP,4.554843425750732
AH55P2KUM6KXOW2KWG6CNFHRPW4A,B09RTZ26KV,4.495871067047119
AH7GRHCAJCVNL6ROQOLIJT6PK2XQ,B09YYB7MNN,4.429797649383545
AEQK6QPYSQNUNNZJ76ZMAPCJOHIQ,B0BSGM6CQ9,4.549767017364502
AGRRU2INDXQYIJ4DUSPNMX4YFJPA,B073RTT48C,4.471502780914307
AG2DWLNJ7PZ4CNF3HG5LQLUK34OA,B0B92LPGD2,4.510284900665283
AED2TSFSYFRTY4JJ7TSCMFJIVNCQ,B07H7WX6VH,4.478242874145508
AE6JEOKRGHXGAGA4FNO4YA6OZHNA,B0BTC9YJ2W,4.568817138671875
AE67TMIITWIE5JJ4B5AHMSVDCP3A,B097Q9W8MW,4.421844005584717
AFN65DDQQSOAHZOK7XDWIJPU5BPA,B006BST39E,4.513635158538818
AFKA6Y5FDB75J6BMYLJMBL56L5LQ,B09RN6MGZH,4.410051345825195
AG5S2VTNYS7B62JWNGBC57G3L3FQ,B07CWLS8D1,4.445096492767334
AHPG4YCQ74YJYZT2S7QWWIX3PDAQ,B011N57QG6,4.435314178466797
AHZER36Y6IL7USHGBCELVMN56VOQ,B08NVVLB16,4.595925807952881
AFZJHJPQL62CP4JHVSH7FRLHXVTQ,B00WE6INNY,4.454757213592529
AG3TSA7OBFJ3MRAEPIKD3RR3LQOA,B07M6T47WZ,4.530972003936768
AGLS7OCGP6FTLWOW6FG5LNSPQWRQ,B07FKKD86H,4.241168975830078
AFKAOSE742HF6XVNMKIFCZBJOEEQ,B076PN1263,4.442001819610596
AFLEPFSD4GD6B6C76US36CVYGT6A,B08T9CCXZB,4.525696754455566
AFMGBSMLPM3YL7LAM32CZPNXZ73A,B07MJCLK46,4.502506256103516
AHJOGKL3G262UFCW5UVYX7TOJ26Q,B00LOAAPKA,4.450711727142334
AG4UD2WKMI7VQ3WUQDK6RMYE4UBQ,B0B8NXV975,4.570104598999023
AGOS3OK5UXGNFIHI3E2A3IZBXBIA,B00I9FL3OA,4.535023212432861
AGKQIFYBIOZQGQ5EX7PD5SFVYCAA,B0BGQZNQ53,4.403467655181885
AFT34SUD4RUCCDGBHAK6SP3337QA,B00GXN20K6,4.4031572341918945
AHLW3QNXDTKSLISEZBY4RCE5KSNQ,B08JMQR2JK,4.473752498626709
AEPNCU3WSQM2TKWGFVECRCF3JAJA,B001R76D42,4.459049701690674
AGVPHZ24R2K6YEKM5BWFLYIG4IQQ,B07TDNWYSB,4.456826686859131
AHM4URAETRB7ZICHMC4ZSA2WYRBQ,B0B9XPLGMD,4.50157356262207
AGY3QOY2LKZBJI7U4D3KWVGIMOYA,B01HJCS88W,4.421462059020996
AH7EXT73SLCGBJC4OYS3MXIDCKCQ,B07D9LVCNG,4.411489009857178
AHQSOZB3PBOOCHTDN3IRCKU3RUCQ,B0BLZ458F2,4.385094165802002
AFC67DVPXIBVL5VESTV4PG7PHZGQ,B0151KT2B6,4.403163433074951
AH46X4UHBAV2KZ3UV77D4VG66TPA,B016CP76E4,4.433719158172607
AFKECPJOUIDKRR3I4RWPGW3BHE4Q,B0919825Z2,4.505130290985107
AFGQF3JZAPHICVRV6GMORUUFKYLA,B00L6C8PN0,4.395033359527588
AE2CZNPITZCAYXISFKZ4GUI5VY7Q,B09G7GH2FH,4.438232421875
AH7C6PK25WFNGZXDQD2XPQP2GAZA,B01LXTBO7B,4.45872688293457
AG6F7SPJH33LKPGZWM2CXHOSTVMA,B0BFKPWGQ6,4.477797508239746
AG6ATLCKETNYRKL6GCQV35CSSGPA,B000BYPJ1U,4.415111541748047
AG4MVQG34R5BYWDV6NBCPRAHEJHQ,B08DBDD6CM,4.528875827789307
AHZCZUD6GBJYNJVHADRVQJ5P4PZA,B00JKML35A,4.430766582489014
AEEAA65PKDSBS45WBX5IVQ6OFGCA,B017QAL24O,4.440479278564453
AGKNSAIF7C6Y4L4CXNBU4WY3L45Q,B074KSDLQS,4.440230846405029
AHR7HFWDNFQH54VYWKXSJZMMEQUQ,B0BLH2CBVK,4.376367568969727
AGZY4THIYHSTYU7CT6O5YXQB23JQ,B0B6P55RBN,4.38887357711792
AEQL3STSWQRT4OQNXKFKRA43MBMQ,B0939BV175,4.442088603973389
AHFYN5R2UHLO7ZONIAVVBNGC5ZGQ,B00CGFRJ2Y,4.565398693084717
AFDVTLUWYDVFN6YZ372K4B3HKSDA,B00OGMD0VE,4.449216842651367
AFXVOM24JL7OMMEJEY7HEA7DYH3A,B00HTWQYSO,4.543926239013672
AHZCCQFMMANDVOFLJ7FEWOYVFLMA,B0C3Q29DML,4.580344200134277
AGI3IDLFDCWG6B7HE6P7WWUP4PKA,B005OZE9SA,4.402688026428223
AEGAK36V5XS6MLBKBB5HGZPXSZXQ,B0BT2Q355P,4.5662994384765625
AHJ2NJTRCWB3QQLDFPPMYCEYDFJQ,B09HL8TQTF,4.563929080963135
AHD4P7SEH26JBMUVXF76ZY4ZO7VA,B0002F4YQY,4.436085224151611
AG5IRZQ7IYJ7HYHLPPE7FBYITT7Q,B09857JRP2,4.749619007110596
AGZQWNDQHJWRE4K6X554W4Q2MUJA,B0BG95DG2H,4.575474739074707
AGXTKJIZOEBEHRFT3SOZOPHAPPTA,B0B92Q5QTC,4.437567710876465
AHQKCRAIW6KOCBXNQQ2HCMDHPPCQ,B00FFVKM2U,4.355037689208984
AGRLJDWT6YCZ4SDXSZT7TZEC3MKA,B0040ZBI52,4.454230785369873
AG7EI3UOXIQXEL5QDZPVKPSVR4UQ,B0B59DLBMD,4.575395584106445
AHRTNXIDVTZPPET3MBLAMWML6WLA,B0002E1UDK,4.568549633026123
AHQKFLQUU5UH37DGEKVOKYZ6KQCA,B00TZH5DJW,4.462793350219727
AEHLARSBBEIYNM2ABDU6LHGE4QTQ,B003LPTAYI,4.438730716705322
AEIRBLA7WN4R3DFFWOUBDY6UYWEA,B015JTEBN8,4.5195488929748535
AESVETCZKXFJI5FQG7KUJQP5EHBA,B0002F78KS,4.431396961212158
AH74VAPB4EPE6DUCD5VNR7PQELQA,B007T8CUNG,4.23444128036499
AH75LYSHSNLVL3D4J4YPW3E2RE5A,B00O5EKZ9I,4.446227073669434
AEP4KJDGBH6XPJKFEHPYSAPUNDBQ,B09BS25NJM,4.430360794067383
AEZQ6B2ZLT6EQTG3LIN4OL2DTZ3Q,B0010KCP98,4.272667407989502
AHYAJGALLUEC74KNODG7TDLJLQJA,B0C1CX8K6F,4.392890930175781
AFZKJMDP6CGZJI2TGPCOG7PZDXSA,B0BT855NFQ,4.58114767074585
AFEGQEIXILE5NIYM3ALL22HPAVWQ,B0915DH3NK,4.425359725952148
AHT67F7YZT6C4DAZ4XC7ZXYCTAWQ,B0B8F6LD9F,4.593503475189209
AGMMFTC4LMPBUSCOSAPMQU4BQBJQ,B01DPCONFM,4.509414196014404
AGGA75GROPWR6Q5SURTTHTERSIEA,B07K34CPZG,4.512964725494385
AHLCWDLO3LZRSKKBRQ3RVIPYLHAQ,B07NSWD8BR,4.294515609741211
AFFN67NKO4FPXSPUZYCOTZWVRWLA,B07NDJZW9Y,4.431023120880127
AHIRNUANOYBBZ4T7SHSAB5TC6EHQ,B0002KYXTM,4.308224678039551
AEJWL2VCYD5DYYK5KTYHBTRTTUVA,B0BXT384GR,4.534084796905518
AGZ7LYWY74HB34CX5NJD75E5R53A,B000RXN6XI,4.463879585266113
AELCUQCNW5WBWISKDZWDRW6VIGEQ,B07H57VPKY,4.450479507446289
AG4KT7KJTW4KZZPNOGRB2W3G4OXA,B08R5GM6YB,4.3840413093566895
AF6NUCZR3MMBLJJCDNZS6PKZTOYQ,B00USQY0CK,4.477396011352539
AEFCF5DK4RWLR73TB4LHFQERA54A,B01M5CXA0N,4.407259941101074
AETSRSBYCGAWGUZ3BNSPEUXIQYGQ,B074JHPL8V,4.43103551864624
AEJIZI4BC2U7DCHW4LJI2VK27JPA,B01448TORS,4.389576435089111
AHZER36Y6IL7USHGBCELVMN56VOQ,B018W6KYOU,4.4043288230896
AFQVSSK5ENT3MDNA5M2UN3AIEVTQ,B08F9K24WG,4.415188789367676
AG7BHSVE5THHDWV5PUW6HIVXJ2LQ,B01HFRDEI0,4.430878162384033
AHW2G5R3FA7BBXBDIIGS6HFWX7LQ,B09LSK67XF,4.417337417602539
AF2QKTYLPEWJZVZCVOFYQZA2R54Q,B0C67HCGBR,4.747105598449707
AEN6ANHOT5COUFKFIQUZMB4XGIEA,B0B28X36H2,4.481964111328125
AEX6JWB5W37EJHWJSKYXBAP5DLIQ,B06X9KG3HW,4.54677677154541
AFHNGZ6NP3JRH6GB362SGJSJ4WMQ,B082WVMFYB,4.509624481201172
AFCUT6TLZBDQLXJAKOVJ65LARDFA,B0799734T4,4.464512348175049
AHSEOIZUN3Y4WCGAVYNOJW2S4S6A,B00L1LL7DQ,4.491220474243164
AFGWUUOIVYEBY6N2EBLZGZZQEFWQ,B0BT9R8MMV,4.529393196105957
AEHVF4A43236DDIY4KEN7XGQTA5Q,B0CCJ1BW4R,4.441184043884277
AGUEYTWVTYBRIKKOMZTQXD7OQXXA,B00005ML71,4.51676082611084
AGANKYJ6D2VIOOGVEFFWZRBSHLLA,B00CE1ZQ4S,4.280660152435303
AF2ISMZOUHTYR6KLLBUL2VED3DUQ,B00BJTGILG,4.421263217926025
AGV3WQAKB47WL6YGX3IYAVEEFU4Q,B072MLFW5B,4.443183898925781
AG6IBE7FYXFZOF3OZJQDY5R3WMQQ,B07T7ZSJXH,4.441205978393555
AHYHM7HGUQRENC22A67XTNVE6FSQ,B00615M2CC,4.447230339050293
AH2QI5E2JQF357AYYEQJSJGTVJTA,B07SPHH7TD,4.476163387298584
AF2S3FZP47TU7EEO73C26FBGGEDA,B0BXT6TL22,4.428889751434326
AGHDSQTG33WNHMJXFWSAJN5WA34A,B071HN5TQ5,4.438810348510742
AFGSM2IFWCMZCPCORIQEO7SGXIRQ,B072B9LFT6,4.395548343658447
AGHETJ7PN7P2EEPPQZHFVHGV7TAA,B087MLNCXW,4.484151840209961
AHIUJLOAXRE3NKZ5QGJ3S4C2AQ2A,B073TXJNHX,4.399851322174072
AGZVL5H3CUFV6K563BQ3Y7B6PPZA,B01BU6B4Q6,4.4535698890686035
AGKBMYYKA47EVKHM65BYZHTARYLQ,B075R94JY5,4.338891983032227
AFTM7UBMYY6WS36ZESQQQ3SHE2HQ,B00P0HHNJO,4.438349723815918
AFIRPPNO7RSBC6ZM6OILCILN5ZJA,B09367ZJMG,4.4865288734436035
AGGYEV5ST5S72PYKJPK2ASXOUM5Q,B0BSGM6CQ9,4.553267955780029
AFIPUOQA55DSYMSWGGKNQ6FXVXTQ,B07C9YCY5J,4.462464332580566
AEHS4OB3G7UHTHUCP3YVQE5V6BPQ,B07R1VSKL8,4.44904899597168
AFZIAUNJ5DNQDY524BRRVMFM6LBA,B09WF82F1V,4.456534385681152
AHHQMVOQSY4WOIU5AWA5AEAQPJ6Q,B093KWXYVZ,4.520399570465088
AF33Z3Y6ETQZV5LJI5N4NXV52KAQ,B002G1UT5C,4.333399295806885
AFDEXVHAVDWBJUKD3GUY64H4YZWQ,B0C159Y982,4.418765068054199
AH7WMY3V55DTEND6PA4TH3BVGGLQ,B0C6HZHZJJ,4.523172855377197
AGGGQEY2TCTVPBBRU4E7VCW57BOA,B00WFW2CZW,4.460574626922607
AFVCGMPCE75MWLFYLYN7ASTQEZ6A,B0002ZO5Z4,4.421815872192383
AFD7NQEFB5SXRNZ6T4HTKUAXQ33Q,B00BIPL9JW,4.236887454986572
AECFGXLEX3SU6D4T6C55X2NWMJVQ,B0016BFBO2,4.332047462463379
AFNPMZT7VRZGEI4ZG5LDSYUGHWRQ,B0BKZ5F8BS,4.560225009918213
AESX54YDSH4U4NJKDY34QDVGEXZQ,B0BPLFP5P6,4.344545841217041
AG26VSS7RPKXVTAUH5XE3SEVZYCA,B00KXQIU5S,4.4526896476745605
AFDSDZ4A6HKSIFVTISXLNY4KBTPQ,B0B58M32GZ,4.492368221282959
AFXBCEEH2IO5J72DZFDEGZXZGM7A,B0BHSG5C3G,4.557671070098877
AGIJKNB277PNPQ3NPETNXWN6YQ3Q,B07FTVKZB3,4.474103927612305
AH2KNTQFU4DWMQIMTDLFSMRQHRYA,B007MY5BDI,4.516174793243408
AG5IJZSS6AR5WICQDFBLP7JGHHDA,B07YM5ZHS9,4.427798748016357
AHWQWO3TDGHGSTCGTU77TE5AITKQ,B082WVKSNG,4.523407936096191
AH6JESOL3IE2HXVN75ODIOHNWJYA,B0B1N6LJPY,4.430844306945801
AGT4ZGSFFZBKHPY67NJKXVP3ADWA,B09QZJ57YW,4.584949970245361
AESURT3LG3G3CVUJDZMCXRJ2BGOQ,B0BPJ4Q6FJ,4.610091686248779
AESCPQD5RHHP65UTHAGCQDE7BUAQ,B08SJY4T7K,4.23684549331665
AE2BZY5FWI5KSBCEU4CRCDSX2XUQ,B089T4BHM5,4.448309421539307
AEOK4T53CV2V3HI4NFDOAOCRH3EQ,B07GJHX9W8,4.445258617401123
AFS24POYFUSC6BRTUFGSVF3ODRHA,B07YCMQBRT,4.444348335266113
AHNVZ5XVQJF6HHKVKUN44DXVI5BQ,B0B8V7C5N8,4.452264785766602
AHBIFGZDADPTOK7CCTSWXQYVY7IA,B00N5THDR6,4.445629596710205
AEPBPML6HZCNA2CN5QARQJCIIHSA,B0BT855NFQ,4.560856342315674
AHHZGNO2E4NAIBOKZ4CP4RMDHONA,B000DZXTFK,4.433239936828613
AHNY2MHCR3LYNLRKLZVLTUX553ZA,B07T3Z11QJ,4.482982635498047
AEOBNJFZNO3YZC76JOBDBXUAFVYA,B08R7V5S3X,4.522348403930664
AFPQPFMGLESPNSFDMVCZPWCGDAFA,B0BCXL2V52,4.52034330368042
AEQIN4M4HIAJV4LSFTGGTQ2KU6ZA,B0116TFMM4,4.400674343109131
AFFKWNAIQAYIWWRAMBH45SCGAJEA,B07Q38FWFJ,4.463118076324463
AEHVF4A43236DDIY4KEN7XGQTA5Q,B0188WO6OC,4.600521564483643
AHQPPPWBZCUEIKOIGEGXMBNDWQTA,B004Z8VQ2O,4.422339916229248
AEL275DNGFTFLIFSPTKDR6VJECUQ,B01BJNIFLC,4.404581069946289
AGCVCVBQ5PECVBEARVIAQKDWKV3A,B0085545YO,4.458260536193848
AFOOI5ACUEN6EQJGID72GT2LDZAA,B01M5F92GD,4.407954692840576
AH6G3YNWPVCXX3C76IM5B2QPFUJA,B0B2QG44CZ,4.548304557800293
AH74VAPB4EPE6DUCD5VNR7PQELQA,B0002Z2D08,4.3815813064575195
AHKPGMWJYPVJUZ3WKPO7WPRQOQFA,B07D533BY8,4.458479404449463
AGEJRGFQAE756CZAUY4OQLHQ534Q,B096BHMVN1,4.4166579246521
AFUAQQ6VNKIE775XCZXO6JWY4FRQ,B00VSYN25M,4.481290340423584
AG64SW2Z4TEZG4IWEGEUFEEZBTRQ,B0BR2WFYL6,4.532802581787109
AF5UYSBQUE7CZYB4XX4P62KIX5NQ,B0BMYZRY86,4.429246425628662
AH34OJILGDQ2AKX6WUTYD3W7ZAAQ,B077P9K2DV,4.564396381378174
AGTGKLYFHGWKNOMOMJSCTLCPPRPQ,B0C54RRCKG,4.536705017089844
AFJ6BNKTPZQXGEOAIOMMCSESJS2A,B0772STLBS,4.365962028503418
AFQEN3LGLPJJQPNATJMFW4ROBALQ,B017808XKS,4.570063591003418
AFUERYPQDEJGMFQ24OMVIKOAOWFQ,B01667IMKU,4.523557662963867
AE4LX3GCVHJIMCM4DIJZCWO7RCKQ,B078YMMBWC,4.336732387542725
AE23ZFVUOMPKR57BVSWXV34QLMVA,B000MVYOZY,4.342951774597168
AFIBH7WXO4EP7S7MPBNUSRTIGO3Q,B0BK6S8QDW,4.548375129699707
AFZSMLMBFEZVO3R444YHFYZANESA,B087W4WLKD,4.4865288734436035
AFQUMYRPKJJT5VFV3SXZX576Q4OQ,B00KMA0R38,4.4141387939453125
AFGNBP4CGZGNXB33LHNUQ7SJZQ5Q,B0925WNSYJ,4.552956581115723
AFES2HZGVZLGZO2LNH2YRMIW3EYQ,B074KG3QWG,4.421055793762207
AGE6VFVSIBY5MZIHSY3M65IN2LPA,B099NFZP4S,4.42820405960083
AEIP4QW665JJOGQUKPV2LPTCRNTA,B00EQ25MTW,4.403972625732422
AF62V5OQ5N6AXFIPEC5OW3BITFCQ,B08CMNXMZ1,4.4000468254089355
AEHMXMFC27SNQOSETCOQUVKFBCRQ,B0BT855NFQ,4.546777248382568
AG3HAPNQSMKOI362OW3D6I5XBUVA,B08DM9NFLH,4.619194030761719
AEYM4JF7CX4PXVZX6HBA5ELI544A,B0002E38BM,4.450169086456299
AGKFZT2MT5YRDKDTKWYKEAEGLUZQ,B00HTWQWFO,4.537315368652344
AEGDJDPBNZIWPY5VWOWMPW7ZJ6CQ,B07BZWB2Q6,4.40757942199707
AEIBZ72IEC2U3QK2COAAGN3IOJNA,B00WJ3HL5I,4.427813529968262
AG6UNPDBZCRVEBYEWGBIKOX7FV5A,B07KG1KPT3,4.457688808441162
AH7VVPGAXBTVXWJOKQS4FFLNLFWQ,B0B95V41NR,4.450881481170654
AFT5P5TGXEBFHQDQPSU7COEQGTPQ,B01E0TCCIO,4.503459930419922
AGH24MMACIIQCF5BY3Z2IPMQ6KSQ,B09QDL744G,4.421945571899414
AELW2KBTX6VJ6RO2OSAKBEBXZNLA,B00CIO6BEA,4.474874019622803
AEBCA4T6SNCNUEDXBKCX7ZFJQL4A,B0817CVBLV,4.53425931930542
AH3A75BKNRKPBNJZZ6IK3CEGBR5Q,B081BKLQJ7,4.413565158843994
AEOUOKA2NPLBOSG73KGJTVQIOK6Q,B0BB3LY92H,4.497995853424072
AENNORCDOTT2KFT5WUIK7PJ2EXOA,B01AIF4CL4,4.4369330406188965
AEXDJIXUAUGIQ2AE3PYDJI3G6VOQ,B06XGZ5Y5P,4.404284477233887
AGODDVRWGAQPWOIVFD4V76XIST3A,B07D5W5X3Z,4.498468399047852
AHUZL5QVP2SC6GOXSKGNAYUZQZ6A,B0B95V41NR,4.450986862182617
AF2BVC7G4GIJGTXCKNZBTXVYEFEQ,B00Y9AD4HS,4.462181568145752
AGQRL6XMEEY66MRXGBM6JSYF7AKA,B01FX69CHW,4.428254127502441
AEN6ANHOT5COUFKFIQUZMB4XGIEA,B07CQSZQZL,4.462423801422119
AFA5S5G5YODYDDKYA4I3GYFU27XA,B0C3LGQ9S5,4.552944660186768
AG4PK6HY6J3ZFZODPIT6ZB3VV4IQ,B0BJPNRP4V,4.4556498527526855
AHGYSJ5C6F7YUTGNX6EMVI5QLYUA,B0B8P1YW7L,4.510474681854248
AHDZKPPKUT7HD47LXCBN7RQNN6KQ,B08448RJNW,4.41860818862915
AG5F4B4NU6DRMAKP743BDE5S3T5Q,B00VEMPWVU,4.423231601715088
AFWBENHWG6A6QJCJISR4IU7PO3UA,B0BX8VV8Z2,4.41064977645874
AEKGQMZDSCDWHSP4KYEJHRNSTX6Q,B0C5BMZ1K9,4.42427396774292
AGRYONT5LYN4O3T555UX5TRUOBYA,B0BKZ7328F,4.512350082397461
AET3WWTDHC32X57Y3WR7C34L5MZQ,B078X3SSY7,4.357065677642822
AFXNEMBTXLBPE722NF3QI2OX6QFQ,B01KDK4UTI,4.491820812225342
AFIPUOQA55DSYMSWGGKNQ6FXVXTQ,B075SVQVVW,4.508151531219482
AFLYNE7DKJGOYOCNWPQ46WNP5KJA,B00IMB0Z4A,4.5212554931640625
AF4CELFQ3HMHZYWCKMITB6KSJFEQ,B00H8AOKO2,4.434027671813965
AFSMS4HPP75DQULTPV4E6CLL454Q,B0BSCF2FD7,4.471225738525391
AG4ZLTRHVAZRU33BPY5Y643IZXPQ,B0C3H7SNPQ,4.604783058166504
AE47C7UCH25CZOSDB3ER3YYW6ZJA,B00178LDW8,4.335229873657227
AGJE4HMAW5VELBJO2TVTVOH4OYTA,B099QSKMBP,4.406434059143066
AH7FBTPM4NURZRFIATVTWHJHRG3Q,B01BZTH3ZY,4.409352779388428
AHPWJQOL2OR454QAR6AHWS4HWNPQ,B08CNGNB7S,4.476553916931152
AGMF7KUX766SMMOL5OBOMUR3LHYA,B005H2007E,4.398238182067871
AEPAL3UKP57YJTELML3OBPLR7TVQ,B016MJ80PO,4.415644645690918
AGSM5OIJ35QCDVX6F36S4DBHKZCQ,B003MB7156,4.666414260864258
AEZZ2LUOLUH2FIIIV5SHAWRC7PKA,B004XNK7AI,4.606967926025391
AF52YYNCWCZXLKCCCC4JT6MWB6QA,B0BPJ4Q6FJ,4.608543872833252
AG7E5VMNQ67U4UMWHF2FOZNA4NTA,B0B8P1YW7L,4.568289756774902
AEWMZ6RHOOOX7FSGKLOJKQQ5EZOA,B087X1CF8G,4.459128379821777
AEKCJMQBLT3GBJA6JG2MY34B3T2Q,B00065Q1BQ,4.415223598480225
AE5JTZUAR74DEHJ5SQB7RS3SWQJQ,1423414357,4.380192756652832
AF4O6CFDOAPNEW63OPOZLJGZ5C2Q,B0C4CJND96,4.386631011962891
AEUKSU7GTIU6WHZHLKVDDXF3FMFA,B004UIFXRI,4.442309856414795
AGW556U5PWHKSJY44HOFU6J6Y2AA,B0BT855NFQ,4.570209503173828
AE7KLONBB6QE74EMTW7WWWFABNIA,B07CYRYQ8G,4.385646820068359
AF33HEDLD3R7575PIVJCBZVQ2SQQ,B09P3ZVLV8,4.449863433837891
AH5SU22TDKPZPA7V7VHL66CPV4ZQ,B0B7ZQPJ1X,4.426011562347412
AFGI5XVA5EBVOE2EOS42KHQSULXA,B005OZE9SA,4.407816410064697
AFASXE3IVLE6SLEIUL6MZLWZPSHA,B0BGQZNQ53,4.382572174072266
AHS3ISPBYRBX7O2VLTERGFW2MXHQ,B01M5CXA0N,4.400893688201904
AEQH3EXLP4OQR4XMXVDVITSKESQQ,B01J317H5M,4.4524922370910645
AG5QJWMXSGR6QK7CTCJKXRD7OSOQ,B07MJVGJSV,4.179505348205566
AFLPT4RYDWXLQ24OZU7RQETE4CKA,B08F9K24WG,4.415904998779297
AFDI3YPNNR6IN2BJIJS7RCC64V2Q,B00N4ZIWN0,4.525087833404541
AFG5CUW2ZXJHKIGDKYSPUSRCUS2A,B005SNMAWK,4.4287109375
AGUOHU3QINJE3M3WER7FBW3GNALA,B0BHG58G2F,4.538848400115967
AHEQMSP3LBFELE4QDJ4LXAD3LYAA,B07YB77XXD,4.448176383972168
AHV2XUY4DXHZD7RKGPWFEU74NBNQ,B00WB2401K,4.443521022796631
AEFWP7QQF5X4YDRF3U4LAXUO6PFA,B0BLLKKFR8,4.495147705078125
AHKVXBCLPRHVT6XJVQBU75JHG4XA,B0B8YVK5YC,4.405949115753174
AHICAEXRGOBNEKCK2KQYUI44SMVQ,B07MJVGJSV,4.286642074584961
AFHDHQ4RL34M4KLPBSN5FRJK4CDA,B0B8M2Q1DS,4.457520961761475
AEQENVDD5SGG3O6H6LFQVQY4PL5A,B08TVWY2WY,4.485518932342529
AER2KIKOGMGPCUESQTEQJGSVM2GQ,B07YJZGP5X,4.489992141723633
AG56GLTP5QGI3KRCHCFC7RGWQ4QA,B09DGSCGW8,4.567315101623535
AF63VW7YLF42A6STVGBLACD7RUWA,B08BN4G8GG,4.426718711853027
AERGPILRKONAH3OE4YYQOKRCSNMQ,B01AATMW38,4.46549654006958
AF3FBHCAUSTHXGTODQONDLTDVQ3A,B00L1E6NR8,4.459301471710205
AGHECGJA3S5TVQGZHJZREKKIHPIQ,B00VEMQQB0,4.415108680725098
AHD6HKJ4CNXV33UEHRJ4VY2ABMTA,B0BKZ61YJJ,4.550772190093994
AE4FN47IOPN63ZFGGYNMY7RLMODA,B005EU6KYG,4.407532691955566
AEMG6EP7KEMQNNP5C2ETNZ2A5DNA,B07NSND3FJ,4.360290050506592
AHAHOZT5TWLEYPYLP3UP2SMEKHYA,B00JER27MO,4.358353614807129
AGL3JNBPKKW22ET2KU6GFSE7Q22Q,B09BR11LYJ,4.380814075469971
AEGVLJIQBZBO6BWEALPMJPPQEZCA,B01E4MELN6,4.429052829742432
AHWBYKM4ZH2W3KCZFJSRU5ZAJE5A,B00D35CNL8,4.563365936279297
AGHQ2K3TT2J2TYTGJENKB736QD3A,B0BXT1HP18,4.419848442077637
AFHDXRVY6XZO6QVPIOOQRODJK54A,B003LPTAYI,4.437741756439209
AEDW7SQR47MF36I4WNHKGDBO6SXA,B0002H0KG0,4.4676055908203125
AG4UIV3BKJP4SYWONJ3RMWCPBHXQ,B0C53Z9TDF,4.475444793701172
AGLTZKRU7DBJUW2ETIYDCZTX35PQ,B0BT9R8MMV,4.5341796875
AFX66HHUFOEYU34TWTIJ5G6UMUBQ,B07F5PX9Y3,4.594734191894531
AHRJJ4TYII5MHJUTLCCOGMB466JA,B0C3J448FC,4.424757480621338
AGOE4EACWAS5GX6JQJA64IL2GOJQ,B09RSG3D9Y,4.472136974334717
AGRENY3LF3ZMX7Q4LLIFLWACQDNA,B0BJPLQDWD,4.444249629974365
AGLP2XILQOGYKU4SS24HUGYUUCOA,B00378GEAM,4.350971221923828
AFILAHKCMDQESN2SURI7F3IJB2LQ,B06XB3FQKB,4.480734825134277
AHFROC2LGESBRQYKHELKW4SHNSKA,B089ND6BCY,4.2698187828063965
AGVK34A2WS5EDKNW35GTRHSOA2XA,B0002GWNMU,4.5567097663879395
AFXWB2FZMZATXH727LV4BH7TQ6GQ,B014L9CCHO,4.454524993896484
AHIPKIT25JKKXMUL332SVAWYAKBA,B0B92LPGD2,4.550022125244141
AHECTAKZROG5ZLM3CABAAIBRS3NQ,B0BCK6L7S5,4.331809997558594
AHMY4433RXWWWIPLL52FFK3KA2BA,B07BHTDYGR,4.4608283042907715
AHO5IPKZNXFFG2LYSCTINORZG7EQ,B00RMCTTLA,4.529947757720947
AFIYLTZOVWCPKU4HWLRBJ55QYQGA,B015IJIO5U,4.415468692779541
AHQ57ITZAVCHJFVBDTPJC6GFZIGA,B07QH1B746,4.414527893066406
AGOALS5CC76GFFR2NIIYNIHHIABQ,B07FYL7LW1,4.497679233551025
AEH6HVH3KDBXPOCUBS3FU3EPDJNA,B0C6J1X7TD,4.531919956207275
AHB7NX5MFSJ6W2NWR5UNUFEF7RNA,B00OGMD0VE,4.478212833404541
AEPX34YWVIUCVH4NTQRTPWILHC6Q,B09NWCD36N,4.5687785148620605
AE3WKLUJVFL6MZVG4N6K3JDYRG5Q,B002GYWBKU,4.3679070472717285
AFPNXG7VP6RXRJ7JGETPK5RDB2OA,B00WJ3HL5I,4.425033092498779
AGT2TLMLIWZOIPRZ4ZANFYICIKDA,B09PBL98Q4,4.41591215133667
AH5D3TL2SIYIOBOHO6PK6HKB7IYA,B0C6J13QDT,4.54239559173584
AFD3SUBU6QV4WG3FUYMQNRHKHADQ,B00T631UTC,4.1938676834106445
AEXUKBVS6GXAUCTDCHL6AX3A6DOA,B0BKR2ZM9X,4.608325481414795
AF3WPB2U3INP4QLJ7LMFA2ZUBAIQ,B08Z5ZQB7F,4.685651779174805
AFYHJWIGHP4L6MNJXMWFDRM2PNJQ,B000CZ0RME,4.3133039474487305
AECSHKQ3FAAINVZZL4REOOWYIJGA,B072575CX4,4.5338358879089355
AH5QEH7VIRRWOQ7DHQ74CJ4FLRNQ,B09FSRVQ61,4.559363842010498
AERXMC47CCEV4V4ZFSZMQEEVBQDQ,B005QKNUOW,4.431486129760742
AH23J2XIYQYV4UR2G7LK3JG6TGCA,B01JRKPCG0,4.433961391448975
AFP3NWSV6FAVUJOBMED5Q2CA5VTA,B00IFOTSJW,4.587671756744385
AFZHRGPFPMKKAPUZ7UN6ETIKTP2A,B00P00C1UW,4.42628288269043
AHTRZPYHDLUDSPYWMFELSSY2F2KQ,B08VJC3GCM,4.275938034057617
AHPQ7WC7LTS4M3NMXHMGMCXHFBJQ,B0BJHZR65R,4.418168544769287
AH3KEIO5FWO67MSZBUDQJFDD2O5A,B07C9YCY5J,4.466104984283447
AGBBU5ZI6SNTPSVKYHUVUAPRXEHQ,B09G9DVTD3,4.381621837615967
AHK2JKHQ22EXZBQWCF6SAV3XYAYA,B08SJY4T7K,4.217857360839844
AE6BYVUHZCRER7JBO5CFHJEOHAVQ,B005OZE9SA,4.39948844909668
AGL755XXU2BKX6BRIRD54MUZTRKQ,B0BPKH4HB2,4.5488667488098145
AENQIPCGFGPVCMZYAJK7LIBIZNQQ,B00P6KJ4P6,4.491449356079102
AFGD2TUWHNIVK3UQJB2SK25U7ZBA,B00OYUSHJS,4.275361061096191
AGFB74WQOHVJP4PGF5QOXM5CXYQA,B004VSQ5Q0,4.535274982452393
AG6IBE7FYXFZOF3OZJQDY5R3WMQQ,1423414357,4.37145471572876
AFFPCRIHLQNCUF3UHZKFIO7TWK2A,B00IJQLZVK,4.446009159088135
AEATATWIJVRKLZHL4XQBAZTTVWGA,B00L9R9YVO,4.524834156036377
AETDJLRMEZGXMFP2UJMNCQOGMQJA,B019MF3U9Q,4.482043743133545
AHA3RWGZYBVOWOCD6NZ5U7SJPRVQ,B0BSCFTV2G,4.511585235595703
AH3NV4CV2XTSTD2APLWTU4RQY4WQ,B0151KT2B6,4.408484935760498
AGZXSZ3JSHVOVFSVIPJN2AZXAKDA,B07JKRBNWY,4.412473678588867
AHWVLOZPSUC5ZDUOTHL6MTPH44SQ,B00T3SKTCO,4.494117736816406
AH7YWZ4DE5LS66XEUKXJWBKN35AA,B016P20UC4,4.41200590133667
AG333H4F43U47DZL4GO5CFBLMU7Q,B0B7B9W8HP,4.46743631362915
AFH72LPZ4WR2NUKOX6VR2Z7HXIZQ,B07YTPVLV3,4.340087890625
AHJH3LLQPKTVUMUAGO4BJO5BPHJA,B00JQYUAQU,4.501410007476807
AHF24R5NP5RIVLACS63KEM7MQH6A,B0796CFWKG,4.458621025085449
AEW2LO2YEEIWZ2V7CPL7Q6JBM4HQ,B0B8Z5SW8Q,4.509933948516846
AFNTSVIYFEGL4LCVQ57LQLNT6FEA,B0BJ8WDC13,4.528471946716309
AHK5WUWBA4YLYDVBSEIOUL73A33Q,B00IPH8MD2,4.5725908279418945
AGDNOK4WENFWV3HIU6EWS3PGKFPQ,B019H1STZ0,4.376333236694336
AHVOTEEVDVGU72JTLCLMFW5LLY3Q,B0BR2HYQ18,4.5340070724487305
AGWQM2RDWHESGJBIMAO5YYYFMS6A,B00X7DEBXO,4.35349702835083
AEPIKVM4G45VPQVGYKTVQVCV42ZQ,B074WXM13T,4.491071701049805
AGNEABV223NAJ3T7MKZBTOMDSX5A,B004U0JTHG,4.45665168762207
AF4SXAHUFXPXFBBM333BSHEX52OA,B071ZHLFH2,4.345575332641602
AE6WNCV4K6LZDH325544MX5ODOTA,B0B59DLBMD,4.576249122619629
AGMD4FTETUZZRG5DAGD3ALQEMEQA,B0C9NGP88D,4.564239025115967
AFE77S5RFZS4KQJL6SVT5U52ASCA,B0B16WH36J,4.633754253387451
AHMIJ4JOTBVZX7ERWMM72CRSEQZA,B0BSGM6CQ9,4.554357051849365
AFLP3PAE3CNZ7ETSWRS34KDYMZAA,B00XBQ8UGG,4.398350715637207
AEK44DL2VPRLCOPLRUCGNGHBNY5Q,B01AH3RSAO,4.446809768676758
AEPNCQE67RNHL55MEZGPI653CNOA,B00JL5I57U,4.55303955078125
AFVXOXPDFHFXLCYM6H2HM5PUOCMQ,B005Q1XR8U,4.382978916168213
AEVUFBDEHWXHLGY3VNAET66A5ATA,B000CCSWPQ,4.32892370223999
AH2ZQVPKTAYCR67QNZ2BNYP47HAQ,B00OYUSHJS,4.281146049499512
AEBEWVBPH5MBXTRNXQR7WSQ2WWZQ,B08FHV6383,4.452940464019775
AE7FJY7OAOPE6MSGJLWVLQQRWMJQ,B0BYPSNQYG,4.538235664367676
AGKJNHXZ2RYFT4CN3ZTRGAGDPLCQ,B0BK6TR1M4,4.497298240661621
AGRT6VTGHZIQYDQKPWKQGMUXCGJQ,B097FMTZCP,4.349099159240723
AFQ2E6LDZCDURZ2WY6BJV5RYOLVA,B07DLBJKMR,4.598622798919678
AGDYPVIYB5CJTZSJ5H6ZTQHXPFBA,B099Z7ZKM1,4.462592124938965
AFASBYSUT2NHJH4M3PWBO4ZYZNTA,B0002F79E8,4.557017803192139
AGJ5ZHY5Q43NH73NAAFRO3A2TQKA,B0B154YB1X,4.405206680297852
AFW5SULKL2IZK53IEA7T3HJMQXZQ,B018FCZKR2,4.520742416381836
AE2NR3B5X5JKLKOZ3LTKABR3FMFQ,B0C3LKLKLR,4.4585161209106445
AG3S4FROO422V5KP7DJCBXVUQLJQ,B08P4W7NFP,4.5118207931518555
AGPE234Z5X3X73B4DSG2DE3ZTG3A,B07NDJ1HSG,4.582293510437012
AFUV6KLJPKFA6QQYGINR4D2MY2XQ,B08T2N1WZR,4.492524147033691
AGG4LCGNKY3EVBOSELGXMEDXFYEA,B00NARHNCS,4.479862213134766
AFKYUEIARYQHQBR3D7L4VNO7ELRQ,B00PKP3EG2,4.4085211753845215
AFROEQNCYABMPCZYZPJSQZALYZUQ,B093GY64S8,4.428112030029297
AHLCWDLO3LZRSKKBRQ3RVIPYLHAQ,B01DE4DEGK,4.576686859130859
AEEFBCECFWLMTV7INRRMZHWMYLOQ,B076ZNHZ59,4.6074419021606445
AHNUALEQSBJJGHXFMSEIHPPXJGPA,B01FF4L8Q0,4.4058122634887695
AGBCUPQNLHJ4MYDFKJSRB3ZX3MHA,B09BQWCDP8,4.430684566497803
AFF6IT5MM7GHW5HLHWHVMWPFNUPA,B0C53B85WZ,4.447781562805176
AGUQUN4TIWP46MPNHP5QOPOPRFPA,B009GS6Z3S,4.395218849182129
AGTY23JAMILFRITGRT5OIA4HKFSQ,B00JLPHKDA,4.570553779602051
AFQOWS53WHEFRW2W6AWOQ2MOEMZQ,B000LGA2K6,4.431768417358398
AHSKAICVSFGCKQNXY36HSJ2NH7JA,B07MVRZY88,4.466122150421143
AHITNRIG3XWBTZQ6NIWR3IIHA6PQ,B07BMWJBY2,4.417908191680908
AGOTB2JUTFNKGUG37SWAS4XVAPTQ,B014F1UKI6,4.443808555603027
AEPJXX4K5S4WEJ7EHNBIGZA65CGA,B008FDSWJ0,4.5495686531066895
AFSHECZQ35LO42UUW3XJSQOH2QKQ,B07FYPBL6K,4.514268398284912
AETH5XE2ZFEB54ARJBP35D2CZLPA,B08XMK3D28,4.4620819091796875
AHSSA3HG2J77L5CLVFOXMN2I6VSA,B00UQHLNDK,4.4375481605529785
AES7KU7JY6KI2MNQ4N4IP2YCMTZQ,B01N40YZZQ,4.408964157104492
AGZYIDZNKPDI7NJFATD4H5UKEIHQ,B07MZVHQXQ,4.47490930557251
AFEBTJ3TAS5F3OGU5NDX5EYGBP2A,B00EB123MM,4.476872444152832
AFRX43P7EYLAC2GPFFUU7XN6OL6A,B01N9CJDVE,4.400479316711426
AG2ELZ2DRRAACHKCN676XALIEI7Q,B0745KXRSL,4.503200531005859
AHJ77FMTOSG62L47HGC7U6NPAV5A,B08H1PVP9N,4.427110195159912
AHEAUBT2BHFMZZVR44BH5NKTU4KQ,B000GATTM4,4.419759273529053
AHOAKTHD5FA7MWLV4I2IBOYZCCAA,B07DVCVG94,4.540282249450684
AGL74F3QKUTVW6JAEHRM3DFXKBRA,B0BLH2CBVK,4.3865580558776855
AEW3RXLOEMYULYRIDHAKSVNM5KSA,B097Q9W8MW,4.4313859939575195
AFRHKO4374QYE6EFRHEGGSPVWJSQ,B003KX4SC0,4.446970462799072
AFFCH5I443XTDKKP6XVHFGRNRN2Q,B0B1LK9SXB,4.404719352722168
AF4KQTMWVCWCJN3MX2PX4JXCAHHQ,B00RX5HQS4,4.53710412979126
AF6IFSGJ6MZRYRS2TEDTSXHE5VXQ,B0BPKH4HB2,4.517988204956055
AEREY6SH7SQUHGC2ZE3QZLWNKVDQ,B07BLM53Z1,4.4145283699035645
AFJ64QKSQO4JS2RDTIM6R5RIAMBA,B09R3KNKKG,4.577491283416748
AHMYDJYCDBIVYE24FCGQQFPCG4LQ,B001E95KG0,4.372316837310791
AFO5NENKMIZMM4NNXRWML6JG2CWA,B0002I9MPO,4.462365627288818
AEOM4BJ3MA6T6Y2JD23KRHYMUOXA,B01N1UI8V7,4.462784767150879
AEUI4EM6UBCN6FUKBGISB7UJIFBA,B00BS1986M,4.5348687171936035
AGIQ2MENYEDXSL5VZHDKQTCC4ZSQ,B000CZ0RLU,4.331793785095215
AFRTO6XX4O7NOD6UYOMG3ISOYTDA,B01LYJMH9P,4.49458646774292
AGEYOG5C2ZNK32UKSRKALA6MFSYA,B09857JRP2,4.756567001342773
AH3M56TVSIIT635XXCL7ZXR44TYQ,B09N3PBT9S,4.444317817687988
AE23WLBRYKEC67DM43M6E2MF7GPQ,B00356J8KE,4.243036270141602
AF4VXIBLX7STK73A7PH3ECA4GBUQ,B07RL64LCG,4.405861854553223
AFVF5ZISRZDB4O7TWRAKFCX5RL6A,B00PZGTVAE,4.468238830566406
AFQD2EZ4O2ITFTDMWYBJOHSRJNJQ,B09R2TMLJR,4.569715976715088
AGN77Y4XMITXHDOOVYTIS5ARTU2Q,B0002EJNH0,4.45037317276001
AEHS4V3DRQ4ZIXBWECYJPRN5TFZA,B0928HW2P4,4.657187461853027
AF7VRLJZIRYWVNXMW2SAFC3LZWMA,B07N5J3GTB,4.385485649108887
AEYVYN2QKZKKFTW2LNJG3QKFGHPQ,B09BS25NJM,4.431018352508545
AEMLDUMRZRY3H5UQSTVOGIKOR6HQ,B00H7PWPQI,4.400548458099365
AE7GVDNRY5NABEP253Y3GMDUZOZA,B00HTWQVU0,4.540721416473389
AHVXKHLQUUSLMXEJHNULQ2IK6QKA,B09JMYM88H,4.43408727645874
AH37QN446MUICQOGTHU2R2EUKLXA,B071V3MY58,4.459872245788574
AH6MAK6PF2Y5LOQKNJCZBEXMKYSA,B015WD6FIK,4.298628330230713
AF4EY2RL5MCVIFTSNCGQ3SNR5RBQ,B00IFOTSJW,4.5267653465271
AH4PLW7QNHKGICQTUDLLLEGLRKFA,B0012BPMHW,4.507482528686523
AFYU7L6PPUGCEG4QKNLBLABGJSTA,B00Y3NG5HM,4.260511875152588
AFNBGFNNXC67NLYI54RYRDKFA2UA,B07T65XWM2,4.458276748657227
AHGIW4KOZ7GCGETIM5WLEGYIYPVQ,B00H8BRK0M,4.4179768562316895
AFJXYPYONCFB7NAUAUK6AVRHFTLQ,B08B6BF5RH,4.408974647521973
AH54RFRZZFYUNYDPEEZJQDXEVISA,B0C2X15CPH,4.543490886688232
AGQ6GRPMLRH6TUFSQLMCND27UTKQ,B07PPHHG34,4.410111904144287
AEYVWHALKMARVCXXX6XJOATQ5LHA,B09RN7GR8F,4.401200771331787
AGMAZX4H5TKOZODQJ7MVOBMS32OA,B07C91JT14,4.343074321746826
AEADVMHY7IFFYDMM2IINZGE7UDEQ,B0BXCXGCVN,4.449697971343994
AE5KMHTBVVH4B4TDRKLTR5HQXJVA,B0BZTB9B4X,4.502840995788574
AFNDHAODHIE4ZQLJGOA3PYY7FTUA,B077YGLM39,4.458489894866943
AFQKIGEYXZL76W7BIGLVR2RIPMZQ,B019OO4IY6,4.425594806671143
AHSYUEHHWA3FIZAUAZYFN54OHZWQ,B0BHG58G2F,4.540566444396973
AE534R5TF6WSI6SQTKUHLDSPUFIQ,B095XCZXNQ,4.448298454284668
AFOBLXDRYH2XKLUTRJ675NJGLLPQ,B00LU8K790,4.358570575714111
AHVFDHPFOJQU7QROTAEKIOTIAI5Q,B01LX96P3A,4.432223796844482
AENHAKVFOY7IOTVFZ427OOWIB66Q,B0002E1IW8,4.460059642791748
AHRQCX6F7G5BXPNBEQ5MXPTRN25Q,B00UXE3WOY,4.422713756561279
AHMZYSO7LAKS6M3D63FQIPQ6UPAQ,B07CQMZVYL,4.429230690002441
AHI3FR2LO3SB5SALPSQEFYVAY5TA,B0040YZEJ4,4.5400495529174805
AEDSQQJHX6LWSUUJEL76MQSYBELA,B00O6KT5HO,4.459969520568848
AHJ7KQRR6SH62UD4ESCUELE2BMZQ,B00HH4NO96,4.451623439788818
AEGQPKRSLGQQORW3OD4TGBYLPAHQ,B077J6ZGD5,4.579264163970947
AG3TPH4URP2435TBSYMQMEDWFVQA,B07CQ9VV6F,4.439332485198975
AFU65KF3HONQANSBDPJ24PMXDCHQ,B09RTZ26KV,4.523287773132324
AG3ML6ROY7CFJTLMPJYWIW7KXQ7A,B0036E8DE2,4.33760929107666
AFDVTLUWYDVFN6YZ372K4B3HKSDA,B0042EZH6W,4.531140327453613
AFZOKI2OHUU7CIDPTMUHNIRBT4OQ,B00E1P4LGE,4.436956405639648
AFUBUHRWHPHCEJXO2ECK335UGLWA,B07M6B3RDW,4.459123134613037
AEN5VFEOCM4ELH2ZTQHDGUZDWDHA,B00H8AOKO2,4.428513050079346
AEZNCOTOACFQXLFM4MXKSQW6SFKQ,B07WJ1FPX6,4.428117752075195
AH6STOAHH6WQEOX2LJHUIMNX5VVQ,B000RXN6XI,4.479376316070557
AHOBKBVHEAT4KPRVI7TYTF6MEJXA,B07NKMZJ5M,4.420068264007568
AHWAYCEX3NCWJD32JTFVBFXKUHOQ,B07DXQ1NP2,4.4689764976501465
AGT7E463C4DAGHWCWOPRZBMLYSRA,B01M1ESQ9A,4.462697505950928
AEDMWS2C47FQKX7YCUBF2AKGOUMA,B07B8WL33G,4.591969966888428
AHKJF7SU2DIXO7MG4SODYBOJWPWQ,B06XFYX3NH,4.394320964813232
AHMA7ASEUEDMYKTWHXZ22SLC46GQ,B06XDBGL88,4.499251365661621
AGSAA6D4WSVEO4G2JONYMQZGVCJQ,B018S20LB4,4.44174337387085
AHC5GG7MPPNIJ6WGMBE5PEQVCCSQ,B004MN9GWY,4.506621837615967
AEN326SBT64VHDX7FG2G7ETRXB3A,B098KXQJVY,4.590349197387695
AELBQJXOJ6S45HQ7IT5QOIZGDDGA,B08FYHSQTZ,4.463989734649658
AGBN5H6XSN2RUYI5DGFRDAURIUUA,B00FZJ25TU,4.374603748321533
AHJS6QDWCAHL75QZJAGW2VG3SZKQ,B0BK6S7QF4,4.579110622406006
AGAPF6VHHUW6PCF5XWW66RGE5QJQ,B075GKTV88,4.410192012786865
AFUHHLYX3FRBXN7T3V737VFKS2ZQ,B071VN1573,4.470714569091797
AGBB2ZXVQGP55MT6EFSXVDRBVKHA,B0BT84L827,4.557859420776367
AH3O36VZKKWCD5U7AWEQ3MYGWBKQ,B07NST2LSB,4.449094772338867
AH4VJK4THFGKS4DEP4ACMUYHLIKQ,B0073XCZ3C,4.48345422744751
AHEMAURZYRCARVTVF6CQYTYE4I4Q,B07CRLJWQ9,4.4670515060424805
AFKETZIETXOR3O3WQ2IEITFSYJ7A,B0BXBFG6BX,4.549349784851074
AEZCTDIBXZVKKAKKKKWSXKPN2MVA,B00H35YIJE,4.594187259674072
AGRSW6MPQOGFHVMYGV3X5LVHEQUQ,B00PH2M4KK,4.498662948608398
AFDGUCQSIXBG4HVA4BOYOY3VIRDA,B003JFVESA,4.407162189483643
AGF65W2AYMMX6AGTCI6FW6FVCYXA,B09C5XTVCD,4.456801891326904
AH6LZMLMHAU5AHGSA7G7E5VEIUNA,B0BSGM6CQ9,4.554572582244873
AGEDMQORKPTVJJHUOOW6USGHTUJQ,B00B6WZGHS,4.413450241088867
AELVAQBY4YVAMT24YPU6FYTK2I4Q,B00VTCBQS8,4.457940101623535
AF2NGUZ6QFZJUAAINQTWZL5WMXRA,B019OO4IY6,4.434060573577881
AFMMK575JLG32D3ZQMSSR3MX6R2A,B08JMQR2JK,4.457484245300293
AG7ZPB5T4ZGBEJXMUSVYO3B3WCPA,B0BZ5JK2GC,4.471961498260498
AFK2BXNXJHJAKDMSCRX6V6RZNX2A,B08BW2TBD7,4.480758190155029
AFZVBHPHF7PGY3EAVSLEDOGCA6NQ,B09VGM7F6Z,4.380127906799316
AEBKMSFD3VIXE6CJSSMV3SSPEF7A,B091F4D8NF,4.409984111785889
AEIXKVIOBX6AFYFRENWBSESOGMOQ,B06Y2W66F5,4.446521282196045
AHQCDCQ5VFDGM74DM7RQ737GTOYQ,B09SHCSSWM,4.558272838592529
AGU2MZU3LPS5YIY2CPDAMX3XXJOA,B0843PZHQ2,4.467931270599365
AGFO7J7AHSMMOZJCBP4B2UADWX5A,B0731K3M6Z,4.5738325119018555
AFVKWBQQ6VUMTZKTVXN4Z237ZMOA,B07BHWJMB2,4.406625747680664
AG3TURJ4DOPD3S6RHZRV2XRRJYPA,B004THB824,4.420225143432617
AFLT6YM6MG5IVAYHJRNVSQJIJXIA,B01MT5S67X,4.458713054656982
AEWSA55RYTVXGVCMPGGUMBHJKIMA,B01GW69IQ2,4.42201042175293
AG4HSLU5KO7KGCFCOUKKBXS2NGWQ,B07PSWC1XY,4.367505073547363
AGBN5H6XSN2RUYI5DGFRDAURIUUA,B0BSCGXCVP,4.437807083129883
AHR4N4IZKDYWKN7WB22HJF3TE5MQ,B0BKZ2F82F,4.408600330352783
AHLFJCO3SENFEDTOXOS5VC3GKSXA,B0002GXQ2Q,4.450619697570801
AH3DEAE4AW5D4AO67MNOXOI5YE7Q,B09396NY1C,4.3997392654418945
AHX2ASVMXSHSQDBYGTZFDMCGVCQA,B007MY5BII,4.520857334136963
AHLWV6FKLFZU7O46CIC4EPMK5NQQ,B08566SXNF,4.356853008270264
AHOTQQMMQDCYWZHF7HA3Y7DLVQVQ,B07CV6VYXQ,4.4232378005981445
AFITYUC3765LLGHMH4L6XJXCOWIA,B0BPNHG7M2,4.435178756713867
AGP3AB5E5WTGFFVJEYVSW2DYJI2A,B0041OU1X2,4.451704025268555
AFEXGGP2FKT5NOCTC5O4KAHEIVHA,B01FJZBI7E,4.424612998962402
AHGSGQ6GSGOIRZOG6YXTMXJIXKUA,B001L8IJDU,4.4560441970825195
AHW7ETGBKGX6DCG2LBAG5YAXU46A,B0B8NJBS3V,4.415664196014404
AGBC6LK4N4ANCY7GPBKSV73XQK4Q,B0BCK6L7S5,4.341770648956299
AEDUWOYVRIMELJMAH5D64RBYKKUQ,B004MNTIL8,4.6893134117126465
AEOAMGJVK4MXPWM3AYQ2RAVC43SA,B07N8V6K46,4.411865234375
AEKMHFZZ72OB26PKFPECASSLCBMA,B09N3K3KGT,4.454419136047363
AG65EMDZJ3RRQSYRZMMBUR7TBA7A,B00JER27MO,4.38641881942749
AGL62R6J2RX6ZL5FJRK46OZLJZAQ,B09PWCF6T9,4.4859538078308105
AHEAY4LVXGQBFORIT6TQ35RR57GA,B08JMQR2JK,4.465096950531006
AEBT5FUF3Z2Y4DDIJV5TCW43C63A,B0BRG35HYH,4.510429859161377
AHQBI36Z5MNGGQS22FDO5ETXLLNQ,B0C3LGQ9S5,4.548685073852539
AHQ5AL3NKAPUD6K7DL6EUC5XX3JA,B07FYPBL6K,4.5119147300720215
AGXZIOXJQITHVPEVRZL7AJO4TAYA,B00Q8KGL54,4.493460655212402
AHRRM3MQAP2ED5JAKBCLTJ5DQBAA,B09857JRP2,4.750792026519775
AEMMOYNKT6BNKNRUNRY3TH53DYOA,B005PGGU9O,4.405991554260254
AETU2L7GWTRUWX2FPHLAJEKC7EZA,B0002MS7NS,4.529277324676514
AE2A7NOBDCZP7RINLG5REL5I2GMA,B077GK1J7N,4.5575714111328125
AFLCKOPHSPEOXRM5HZQC6X62Q5AQ,B0002GX7XY,4.591734886169434
AG3S4FROO422V5KP7DJCBXVUQLJQ,B0002CZU56,4.535918235778809
AE7GVDNRY5NABEP253Y3GMDUZOZA,B00B5LDMH6,4.508709907531738
AFKVZFKWM3FJTWEDGJFSQMWR2KYA,B0B8M5FJ9W,4.509666919708252
AEBTJ5U5BUV3TSYAFMDHEZVEPHNA,B0002D0L4K,4.492194175720215
AFFYHATF3D7K36FDI5EMWOUXRXAQ,B0064BCRQE,4.597045421600342
AHGC6HXFKTGNC7UVJ2MXA2ZLMUCQ,B001MXCY58,4.437087535858154
AF4F5YORO5MADXZQC63MO65FQDGA,B076GHR7DN,4.454470634460449
AHY2QC53VJB2Q4WX7I5MYFXBFSGQ,B00GOIC1S6,4.454013824462891
AGVH6XX42P6SIONXKWBKGJODPMTA,B01LSHMR86,4.358426094055176
AHJYHZOBOSEBCUCJNMHN5DPZ5DRQ,B0B52FBC66,4.534626483917236
AGMADA7BVXWOPUYDHC3C3K3OKO5Q,B09CH8SDPD,4.45541524887085
AF2FHIOZUNV67HEU4MSXQ5DZ5A5A,B01GSVQM2E,4.404754161834717
AG4AVSOJINHN42XUE3Y5D5XSAHBA,B008YOMVDS,4.400400638580322
AGHLAYBLKOMA7JAM2PKTKEQ7EOMQ,B0C54RRCKG,4.535770893096924
AEH54Q5HTMEFTXWFJA4ONZK5UZNA,B011N2VC64,4.430756092071533
AGJ5ZJKUFS3F6QECAILM2J4L7ETA,B073RTT48C,4.4899187088012695
AFNY2S3YRSPY6NST2O2SQFMSFRIA,B004XNK7AI,4.614927768707275
AEZJFN2YIACVU5YHNMQVKNZ7W7VA,B085H22BGK,4.4824113845825195
AFKJVDSTDRAQZUEEWZUEYDUEDWDQ,B076346CZ9,4.487511157989502
AFY5LZPYVJ52XQRIBQ7JJVNS7TDQ,B09XQHQ5VF,4.430731773376465
AE3L6TIPOX3PCWWEKRRM32YPNTXQ,B0B949FD92,4.452510356903076
AF2ADEWSNFYF3BRXGP5KXRXULGKQ,B08448RJNW,4.452332496643066
AEJ4UHRQGA22XAKVA5QKWJ3ZIMMA,B0BLGC3C1W,4.406829833984375
AH5H3RK5Q2WAXHOCYTKNZFAV3UGQ,B07N5NMWXK,4.583078384399414
AHAWNAKRUGKRZR7F5TNJZWR77XPQ,B08T2MZVCJ,4.373554706573486
AHQXSURNHTA2ACNNVL6F7K5BDOZQ,B09857JRP2,4.7443318367004395
AHSVOKGVCE3MBLCCGXRLFPLLISJA,B07YQ4MWD1,4.438939094543457
AGS55F6CFFURDAUEXOEH6NTP2CBA,B07PPDY2NS,4.364534854888916
AHXZMBZM7TCTGR6YQ7MI7LEAZ7QA,B0007SL860,4.471500396728516
AFJL2PWGEZFPTWMAWAPCGYY2F4AA,B00RMJORJ2,4.48927116394043
AHHNBVPAODMOFE2SDZ7P4K2CEWOQ,B0C67HCGBR,4.727812767028809
AFND4WHBO6MV75PBKNHCBFZK6VWA,B0C6J1X7TD,4.5197248458862305
AH74S4ZHQIZ2HCY4CYQNNFD2EL7Q,B088WWS9GM,4.487096309661865
AEDW7SQR47MF36I4WNHKGDBO6SXA,B0BGL5H5Y3,4.499805927276611
AFHZXNYNK74PAWXKHPNHLMY5VJNQ,B0C2CBF3SK,4.434425354003906
AF6VHCT7J2T3FLU2BPMYWGVDG6HQ,B06XZ91CGG,4.617569446563721
AEN326SBT64VHDX7FG2G7ETRXB3A,B07FYJ7ZLJ,4.502965450286865
AHOTV4CLZXG5X653HKHCKHVAPG3Q,B00JL5I8H2,4.553500652313232
AEENWSVHLUOJFDM4HB2QEELDVEMQ,B09PRKZ6FN,4.442796230316162
AGL3XHUKQSHTUANT673GKEH5OU5Q,B077Z635YX,4.583459854125977
AGETR4QIMGHVFE3QCL3USO2DRGIA,B08SJY4T7K,4.235000133514404
AFUS6JTLJZK3Q62HGDKY2MUAVPHA,B07BHJH2Y8,4.531071662902832
AGZDVF63KXJBQEPNLNKCRDAH5OZA,B07CNY1HPX,4.380816459655762
AFN6353UFHPWCP6AA5V6XWDQKQPA,B00HTWQWWM,4.565777778625488
AGG4LCGNKY3EVBOSELGXMEDXFYEA,B07MJJ281Z,4.428956985473633
AHUXAPPM6WHJN2A3X5DOO4AQLKDQ,B09Y8DM5JZ,4.383440971374512
AGTGCRBYT2WQEGBDTCKLGNK4CXQA,B01JGQVQBU,4.39864444732666
AGUQUN4TIWP46MPNHP5QOPOPRFPA,B01ABJ036U,4.413788795471191
AGMGW2AXSHFLEP2KKAQBOM6OOQGQ,B00AV557UC,4.427478313446045
AHOEKHBS6FPANUZKASOIRVSCH7QA,B009BZAQQI,4.441371440887451
AHEBSXAOC7DZJ3Y2ICCM4R2RSYWA,B07WS6G634,4.515092372894287
AHRTNXIDVTZPPET3MBLAMWML6WLA,B0002F4YQY,4.435113906860352
AF4SPJ4OCL5VBNSZCVJWHX335EUQ,B0002GJHYM,4.462587833404541
AEWWKKSI3XGONPAWUPUVPXAACNHQ,B01DPCONFM,4.541755676269531
AGO4PWTACG5H4W63S3WT7CD7XDQA,B07VPLFNYM,4.269539833068848
AEZZYYV6UFTFOQ76YJ7RGL2JELHA,B00H35YIJE,4.569540977478027
AEHZO34D7CYLRZ5VFUPFI5IFKY5A,B015HG7HMA,4.415328025817871
AH2ADQH7UOGDTDAAOQMXQCUAGFQQ,B00WTZRLOM,4.445634365081787
AGCZUILWOTAOWI2SZRF4IOPREQYA,B0749WPC79,4.374755859375
AEPJL2A5CE2ST2ZBZXZFCBIGLSVA,B0B84XTJJP,4.398068904876709
AEIU63EAGJN2HD2JBPWHEVWT6THQ,B0BCK6L7S5,4.332060813903809
AHJDK246IF27VMB55EDYVVHPY6RA,B0BTC9YJ2W,4.563334941864014
AES62SVPMQKJVYREQRVKRBVODIGA,B0B8LMGQVX,4.50217342376709
AFDLX64MUTNBUHOU2L77J54QI4FA,B00V8URXSS,4.437212944030762
AGCMJUW3TAOMRRV6TL4V2SK56P7Q,B089QRBZQ8,4.4227614402771
AEBIEMNW4BPGOFLHZCE7TRXIQLAQ,B01HUCYOXE,4.483414649963379
AEDL6IQZVL3POCWKWQQEYCSYCPUQ,B014PEZVKU,4.503604412078857
AEJO75YNQXAOIKXC2PF4CZEORMUQ,B07B4XLP57,4.527630805969238
AF5OEII5AJLAWIS6QWTUP2J72EAA,B011R0XDYQ,4.451103210449219
AHCPG6UCDD3OKNGACZNLW3EXJXUQ,B07SZLB9GM,4.458546161651611
AHTIXMC45Z2WUMKNCPENUVEFP3BQ,B014JY7WGW,4.434154987335205
AH4JGVD5QVUSZZVGHSMR5SRGHVYA,B0B1T92VM6,4.386627674102783
AFWNIPDL72FP2UXKRYXN673BN7HA,B07Q75MDB8,4.587429046630859
AEPNUR3UKHG5JLGS6JLKXVXSMJ2A,B09BF8XDF4,4.616796493530273
AGOAOXZU4C2FYKKH4X4NPAYPOI4A,B0B14LN9H9,4.504762172698975
AH3Z6C3F2K4DHOJVCJPN4EWEKT2Q,B01J3S91WW,4.445774555206299
AGHQ6RPNVO7KEQHEI2HAQHAGCTVQ,B00OGMD0VE,4.4677910804748535
AEFICJTVERYBGXDBNCYY6LYBF6HA,B01DN7OLJC,4.542032241821289
AH5CRT5ZT3ESMYJUVDIH5RZPH2BQ,B000T9NKEU,4.317114353179932
AFJZIOVKFSIRFHER4BQIHMOA4ZYQ,B087WVJGQQ,4.4287109375
AGVMLHKYMOD35HC5XL5BN5ZSMUFQ,B07CBT4SYD,4.613487243652344
AF6N2DGSAXSNFBDROTSRYU6ADXRA,B00WJ3HL5I,4.419870376586914
AEIEKT6RZKZF2VX4R2UJHKMFLXEQ,B0822LB7CL,4.326498031616211
AH6HIGTF5ACPPHH5J7MP6GMRIFAQ,B0BG95DG2H,4.556446075439453
AHXYOGPYRBEVNJCESMCD6QN4CUYA,B005OZE9SA,4.407816410064697
AGUG7ONCKL4JOYS6AILUT3AGOCWQ,B019F9DR3S,4.41556453704834
AFGNBP4CGZGNXB33LHNUQ7SJZQ5Q,B07BLM53Z1,4.4081244468688965
AHYQNKECUJ7XNEOPQY7BBR3OYYLA,B0040O49OU,4.404471397399902
AGIGLCDBUMZT45LJEQR2EDJUDZUQ,B018VAQWEI,4.397521018981934
AEQ74J5XBTN2YQID7PBZMICSZL2Q,B07ZWHY5TD,4.443154811859131
AF5BNNFFASTI2LEXYRWROMIUJWYQ,B08R5GM6YB,4.405802249908447
AHV2RWTWUZDZB5VK62GU522U7N4A,B000FZ1KF4,4.4386749267578125
AGHEYBT2KQDX2I32KRBZ7D4RCZIQ,B07FYJ6K6L,4.4704365730285645
AF3QJZYZ67KTLYLZRRAIZTBG4L6A,B0002E37G8,4.513674736022949
AHMKYMQRIFIF2QGP46NCB5X2JN4A,B08MFCJMSZ,4.42714786529541
AHK65NE3TUTI6YOF5HK5AFC24XBA,B00F20MIC6,4.427969455718994
AFOV3YMGYHOVKW65ZOFVUITMT6SA,B078WNW4YW,4.376271724700928
AFMCJFEPXSDR6CBD6JAFUNDNIPUQ,B0BFKKVQZT,4.494776248931885
AGFTJ4ZNP62NDBCII3LLOWYIUVEA,B015M92GZ0,4.435177803039551
AGDEYWGZKNGR36MRO7ZT3AB45AXA,B0C3Q29DML,4.596418380737305
AHCWSKQIDST34SUY5LKWWLBPDRDA,B00W6WD12O,4.28755521774292
AE565UKB436TSU3TMFKFWM2RL4KQ,B0BTC9YJ2W,4.550018310546875
AHXVH3WID7DBJAYYL7G2NKPE2AIQ,B0B8Z34Y9M,4.536496162414551
AHOTV4CLZXG5X653HKHCKHVAPG3Q,B09QZJ57YW,4.5760955810546875
AFFMSQ2EX3FEFPRL2AH2L523WDMA,B0BG4BZC5L,4.481097221374512
AGBQ3TX4QYWQQOW2DBADLGOJHQGA,B0BT3B7GTY,4.596321105957031
AFYV2D4QBIJITGHQBWCURNGOX4JQ,B019MF3U9Q,4.496079444885254
AEMDDN7LCA2LR4KBPMCICXTG24TQ,B08R5GM6YB,4.41504430770874
AEZWO6JBHBOWFWDD3SHY3TPNB5AQ,B000UMFQHA,4.472480773925781
AHMVEV4AJPDOUQ73DMD7FMFIWOGQ,B00WJ3JUFM,4.52900505065918
AG4WQTH7Y5R6N5TNVVZJ6GJG5GGQ,B0C6H9T5T6,4.411139965057373
AEJSKR2NKPC4ZS65RIJL3V352K6Q,B0BWXY17MT,4.463596343994141
AHV7MPSPXX63ECNBQ3XQ4QHUOHFA,B014MQ22XU,4.46869421005249
AHXI5OYTSU227DFONJML5ZLE4MZQ,B0C4KH72T7,4.395052909851074
AGB3YZIRHOSAZGQF3NRHKQJWWQTA,B07R2X3GG9,4.476614952087402
AHEJ7L4IJOC3BQ37XCDJH32QP52Q,B07DPJS6DZ,4.45796537399292
AHRCC5CKEHASCA6B55G7NZBB4I7A,B09MNCSPHN,4.400484085083008
AEJQMZVE6HGW4SO52IRKWKQDB7XA,B07V46KRD8,4.5175886154174805
AFGIGAOI6AF77YD2KG3VLOZQS5LA,B07MTS57P4,4.409731388092041
AEQQOWGNLMIQ4QJUKX3PAFDQ3TXQ,B00JW286K8,4.465893268585205
AEUAXVAUWJFDX44V2Q3OZFFYDZWQ,B073DRTLPC,4.416585922241211
AFZXFSKN7FOEUCYHXT4GTK62RO5Q,B01E989SZQ,4.469250202178955
AF6TDFRJUSAUTLFZOVEGAOUCZTMA,B01M70SYSN,4.492917537689209
AHETQRJ33CMSEUL4SDS6CJMHDU6A,B0BXZFS2QH,4.493389129638672
AFRULV2NIZROJ3DN2F7ZVZE46FYQ,B000IO8XFM,4.390106678009033
AEHS4V3DRQ4ZIXBWECYJPRN5TFZA,B07B8WL33G,4.593374252319336
AFYEPSM6CEVCXCX3KH3HJZTCFYDQ,B0C18CV4TS,4.434966564178467
AEVIT6MYT5ATEMEMRAENZEEZHCTQ,B005T0L63Q,4.478806018829346
AE4LWHIBYCREDXSNG3EOF3RLKKYA,B0C6HZ3ZW6,4.5351243019104
AEIDGPYNI3VZUBMPGAOSX2R3K6HQ,B09G5KDVWW,4.50326681137085
AF62AMU6MZHZQGKUD4N2TIGO34SA,B07PRC5VQB,4.392327785491943
AENMRI3CNMP4P2KXNT6SB6ZD7FEA,B0098S1R9I,4.401144027709961
AEPOF2S7WD32ZGVOCCWVYNJTCGIA,B0BMLMCBMG,4.272247314453125
AFJVRGXC4HIVBWQT2IQMMVVPPQ2A,B09616T2BL,4.426222324371338
AFJQQWO6VAZCTTY3GXNB3SEUU34Q,B00IPH8MD2,4.58199405670166
AHWPCWQ2D66IJWQW5UOWEM32V7BQ,B000K69UM8,4.401143550872803
AFWVN3PP4WG4IPQUXVHS62ASS5XQ,B0C67HCGBR,4.72625207901001
AEJZB5NUC3M45CFBSEMTTELJB5OQ,B07GR69D9L,4.415791988372803
AHVW4W75DJAPTN6E2PJAMEDMABLQ,B00JER27MO,4.340609550476074
AE5HZNO6TKRU6CY3O4NDXPJB5KKA,B0BCK6L7S5,4.349181175231934
AEAL4MJGXLIH3VY2GEZJUT54KILA,B0047VIXBG,4.493768692016602
AFU73SX5DESEJTCUH4WYUUURP7MA,B00H7Y2X8O,4.450007915496826
AF6PG6UAMWJCKLF422AXF7B2CGHQ,B09RNG1MSF,4.511748790740967
AEDOO7I36DUZZUJT3IDCKDW7HXGQ,B0CBSQH75J,4.488593578338623
AGMYRILPTJDOK7WL5OYHYGRYVXMQ,B08NVVLB16,4.610668659210205
AFGAA7M6RD3TVIBWAM3GPAJACSJA,B0BBRMGRTS,4.43885612487793
AGYMZ3QSHADJABMWV5JF3QXR5QVQ,B00JKNS208,4.452169895172119
AGVK6BKGPFZRWV5UUWWJJUSANESA,B01DNC1FDM,4.455487251281738
AGNZ55VEXGISWO3OH7F4CTP6HNRA,B019G53ZJW,4.3883771896362305
AESBHEIAXYOTT2RRYMLA5ISYFFTQ,B091MZPYBQ,4.44465446472168
AF3JMCAJ6IICLZJRLDYWCPSSEN2A,B086QMZG22,4.477094650268555
AEDEPSTPVPEHNHQXQEJ5H63JR27A,B083FTGJ5Z,4.467926502227783
AEHGPRL2ZLF6TY6JWBNFJNIDTE6Q,B007D5DHQY,4.411959171295166
AEQVENEFPIYMYXJ7X2ALDWEXP2SQ,B01E5GGU7Q,4.440432071685791
AHR6YKXEXGIMXC4KZXITPYDZSIMQ,B01N48D32A,4.436440467834473
AGBG657C2PXD3YN4X6SHCCXKNYEQ,B07D1WM2G6,4.497054576873779
AE4CO6Z6BYGYMV76PHRMTSOFUG2Q,B003AM913M,4.344204425811768
AHJYHZOBOSEBCUCJNMHN5DPZ5DRQ,B08XCG2M41,4.533627510070801
AFEY5KP557F7QOHEVWE4ZG2RNK6Q,B08T2N25MR,4.446226119995117
AHGDGGMCSMMALHTX6WGLJFFUVJXA,B09S2Y4MMC,4.581399917602539
AFLTSBEC325L53VKAJOAI2UJNUUA,B09RJZSQML,4.622184753417969
AHWAHTNGQTZCXBUPWH5G7NYST6YA,B099NFZP4S,4.398741722106934
AFJI4EU53OHSJNXBYXCL3L4IQRVA,B01EJ0N5FS,4.438506126403809
AHAMGCWWXZ4QIZT6TMDUG2CSEKSQ,B01GY8I616,4.300479412078857
AE3HFOXOL5XSDTR6ZMM3KQLUKP4Q,B008O0RKVA,4.4153828620910645
AHVPG4SDTF2X3C4ZWYA7EUA453EA,B005N2E8A8,4.538607597351074
AH4KB2XWOWEIBTBVW6NVDX2PIBJA,B081H694YZ,4.440507411956787
AHETLAZWL7T3CFUQNU5VJIC7R6PA,B01H8E58SY,4.557158470153809
AF6IPYXSVTYOXYMAQTOUM5PXRN3Q,B0BHWP4RHD,4.451321601867676
AEQC5V4P7JXPI7M4COOZLIA3MUUQ,B07XW2Z5X1,4.448221683502197
AEAQF6SZ64S7N3IKHEJKQLMZHPGA,B00VIDJB76,4.24953031539917
AFNUD5CAN5NBVLUC6377NGRF2XEA,B003QTM9O2,4.423559665679932
AGIZ5JGA4QTX4SD5TFYZTP4E7LXQ,B095XCZXNQ,4.43848180770874
AGTD3IDTVYW5TDGYWPCUBDTAX76A,B08R5GM6YB,4.410037040710449
AEMR3TT6O5MSIMI56SR33RIWQQBA,B01DE4DVO0,4.569721221923828
AFMHKT2PXH7SLUMY2IQSP4HQWI3Q,B00RVE9X06,4.541263103485107
AGQA3F27NHCAMNBD6MD3PM5ETLHA,B00CIO6BEA,4.473635196685791
AHGBVAJ4O3RIADP4MWY66DN24EDA,B071LP49JQ,4.351412773132324
AFJBKMTRSW6PJOQT6PTIHRS64DWQ,B0B8YYJG2F,4.541762351989746
AGDBMDAL47YFZL6CT6HTOYG3JTYA,B07MDPF4SZ,4.477443695068359
AEESX3HNU65OOFXP7VYMTQG5OZLA,B0B2LSX437,4.434021472930908
AF6BJF7NTWXZHYV2R7EE5WN7GGOQ,B000TXZL4S,4.437511920928955
AEEWM3H4MGP5YEKKAWWN2K5GFDGA,B09KWWS7DH,4.44982385635376
AHJH5K24A5KB74WY34PC6ZN4L4IA,B07N2WWT61,4.471842288970947
AHETRIFNTQ5F7UICJDFWPCI4T7LQ,B07BQRDVYJ,4.423911094665527
AFTBLEAC2U7D4FW5GE26JE64FHTA,B015XDJB9E,4.403029918670654
AEG35XCAKNMYS6GUKKMQU4T7YXWA,B09SVD6M4Z,4.389571666717529
AEITZ6E4PPUZZLSVJ6DOWD6UDTEQ,B0B3VJ3TCJ,4.536854267120361
AHHZK5DNIEAX6Y3X3WBG6VZWSYKA,B01FJZBI7E,4.440425872802734
AEZ3FBYLAASU5N74SJSNU6G37WBA,B07DMS2QNL,4.453371047973633
AE6JDIRVPTKC32Y7X3QQ3WAY2LIQ,B0BHSG5C3G,4.557458877563477
AGDJVRV3ABHQOXKMFFLFE2LMIGXQ,B01C5TBS90,4.5034613609313965
AGKM3HSVVVKGTLWKFFPAZFKF6I5A,B09M7D9SC8,4.539121150970459
AFVSDHRXFBIUSK43W2LYIG3ZP66Q,B075LQDQTQ,4.37487268447876
AGEG5EQFBOW547MT2N4IB7E7SKCA,B01GH436CQ,4.431915283203125
AEATUKWZMVL6IAHCXM52752FTCFA,B0BYXJ6JKZ,4.385176181793213
AEZKOSSPZDQAQJEVAWYIMF2EBRGQ,B001V6BW4U,4.515135288238525
AG7EI3UOXIQXEL5QDZPVKPSVR4UQ,B0BCXTKY9H,4.550726890563965
AF7FYQUKWYAXMMDZWRA3JVBOEWUA,B06X9KG3HW,4.545734405517578
AELHX7KPUROWEK74AUNULSGCXBZQ,B0006O2WFQ,4.4718337059021
AGWQRQRURVWB6KYTP24WVQZO2QOA,B01LSLZEF0,4.4072418212890625
AEQJV6W3AGTTOF4M2EPZ5T23KPFA,B002Q0WSMK,4.439882278442383
AFTZ72IVVWEIQB3WIXESXZUTP2FA,B01MSKI46R,4.4000959396362305
AE3O7NJGWB7LCFQUAANZSHBUQHXQ,B0B818M2YN,4.539760112762451
AEYEMBWRA3OM2EGMDPCXDWKJM2IQ,B00DDXK1BE,4.451204776763916
AGZ7GIMAYG33FI3CNM7M4RHU4NTQ,B0749R51B1,4.450716495513916
AFR7RRVXPNEUTF2SPXIQXGQRDUNA,B008V1O0IS,4.435629844665527
AFKXLVV6Y223XWWFAGFRH7ZG5AVA,B00009W40L,4.426749229431152
AEPLHCEMDY74XNN6GUSZWQ74YQEA,B0BCHG293C,4.515379905700684
AEMISRDYQCHSNOXKV6TQ67X2TIOA,B09TR38L5L,4.405666828155518
AGHMOR4A4MZUIVGIMRCFLGWUSTXQ,B01N5KND14,4.4176740646362305
AEBS65ZJ4QFVZJFL2GDRDMKLIC6Q,B07FFNXF8W,4.484478950500488
AG3S4FROO422V5KP7DJCBXVUQLJQ,B0002E38UI,4.595321178436279
AHINZ5DFWVRC5V2LUPSDRJFO6P3A,B07K8H5FSX,4.438082695007324
AHALYOX63S6CACZTHN7R24RVEX2A,B075B1J56K,4.4935407638549805
AE4URMY2E5NTUACMDOMZXZPFJDWA,B002QZ402Q,4.461860656738281
AHCDHPEM4KAB5QQ37YWQ3NUMU25Q,B07VLJ2TXG,4.412794589996338
AHF4JEWQEROLVQZJJHSI67KKWTFA,B00O9S69BI,4.372115612030029
AHDF5QL5Q4ULQN46WRCHXHYHXO6A,B0927PV9V6,4.4647650718688965
AFZF76XTGJS4BDACJ3OGTNMZSZUQ,B01LYJMH9P,4.489408493041992
AHT6CZ4BD5P4I5VNBHCIT4Q2XIOQ,B0BKZ3GCGR,4.574456214904785
AELQRDWDYF4TSS63UZRNJ6D4YQWA,B074KPCGYL,4.33067512512207
AEGBCPJTA56WDBVUJIEJFWZG5OVQ,B09V91H5XM,4.503842830657959
AF54HMG2ULNSYJ7Y34Y5HSKICFVA,B000BUBF6M,4.42850923538208
AFUTTKU42VYSAO62XUBBFGKX5SLA,B08R5GM6YB,4.393189907073975
AE6ITZOLS4L3GX7SO2EVSZ6OP3BA,B0796CFWKG,4.412189960479736
AHLT67F2LH3MBY7LX35LYJL7RSDQ,B0C9NGP88D,4.569056034088135
AFUTPGDAL4QUPHCACPKBRQETO7HA,B000EEL7OA,4.419286727905273
AESCE6MX7H65VKLRAXRSEJTB5TMQ,B0B8CF62K8,4.446817874908447
AHMVEV4AJPDOUQ73DMD7FMFIWOGQ,B0BR2G8WYG,4.542412757873535
AESILTLC6225Y5HLJB5QVMYXBDMQ,B004CLFOK4,4.439785480499268
AG5ZVXXHEXDYUUODSEQC4XXV7DPA,B07NKMZJ5M,4.51413631439209
AHFN5MACWZPKYN3B4DZ7ZLGK3J4A,B06XPNRNF6,4.437636852264404
AH7LMWVUNU47H2UGVA5YL54LYT2Q,B0BK6PMJD2,4.541015148162842
AF7DRHZN7CDCVGL5PJPIADURT6KA,B01DMIB3CA,4.458703517913818
AF2HJDLUACCM3KD53SFDC4UXOJ3A,B088WMVDZB,4.391748428344727
AFMJOKJ7N62TYTB4FMPZJUJQSTAQ,B0BCXRJCL2,4.538876056671143
AH2O3QU4KENCEUNWEIUG6O2IXYLQ,B084RPXXBQ,4.47653865814209
AH3LKUHBM2UJSVIOJ6E5ACAQHRCQ,B07QXDH6HN,4.439480304718018
AFTPUNQ4NGIKJHIEUAFA3GQBUY4Q,B0BR2G8WYG,4.56264066696167
AHGTBVKLKSVZPI6FGJH7XYUHSEDA,B01J52X9UG,4.441091537475586
AF3QD6BGMCYADLFK4DMKZS6OZKGA,B00SDLZFFS,4.460378646850586
AG5AHJEHXXLCWZTSYXJO4SFUPGOQ,B0C6J1BN77,4.526794910430908
AFBLIAES35IGAZQJZLCLOWAS3SXQ,B09SD4CD5Y,4.552186965942383
AG5KQ4QD5FRXYAK7JJKBL3Z6RRZA,B00X7DDGBW,4.4638214111328125
AGULNOJI6U4V4FUK2EYV6CJ3H2EQ,B00F0GQ8QE,4.383913993835449
AGXZUI6UMMRVO5EEXJZUOWJFFPHQ,B00RX5HQS4,4.521873474121094
AFE5ST46VVB7RX455VBMCQKKU5PQ,B07V8C74S9,4.5315985679626465
AEWSA55RYTVXGVCMPGGUMBHJKIMA,B0721LHDJD,4.443717002868652
AEMJC7OXZIKFZOZIWF6ZIOAAJATQ,B07YD57169,4.529613494873047
AE75QLRJUIWMVYPI36WBEVBU2JZQ,B0BKK8N4HQ,4.401586532592773
AES3GEKX6ZMJZG46HAXJP5WYMIFA,B0058MJX4O,4.431430816650391
AGOHUZDWB7HUI6NQOLEY56QG6F7A,B0B6JP6KZ6,4.3796586990356445
AGG6UQALZBTMJJ6CVDSHOGWYHIBQ,B071L9FKNZ,4.439938068389893
AESUWA2UPKIC7PXXIMI5AJI2DG2A,B0996R6MFQ,4.529063701629639
AE5BBWH4LVBB64GNWI3OYK73YYDA,B094FDSW2C,4.387200355529785
AHIY5JCLWOQVYAWJY6W7EB3C52CQ,B06XV9J1DD,4.455200672149658
AGBOR6PH7AXGNDKU4UQ5Y5KF2EXA,B075MXJXYX,4.448718070983887
AEXL5EIHZE4PJ22225FWU7RBPLCQ,B000E0TVDI,4.2673540115356445
AEQJHICBCKYVFPI3SEDAX5GHCITA,B082NLXYBL,4.467809200286865
AGBXV2ITIUNKFPPCLLWF6YLF57NQ,B08D9WNM39,4.499443054199219
AF5OPCBDJUGP5FPKIGCQPNIYCIQA,B0002D01K4,4.439600467681885
AHL6FWCH4VJV4DGR2NDNCZ2GFK2Q,B0832WNN4P,4.394961833953857
AEVFWS7JFEKHYDZKH4SI5YDSNGJQ,B0B1DM3XD8,4.4266462326049805
AE7ZTBUNKGJ347SZHE3B7QAJTNGA,B07CBT4SYD,4.591869354248047
AHFZAFS6N6PCSICYG5P3BEEBO57Q,B01EQ6LDCM,4.427684783935547
AEXZWQINYACSZXKPYWXTVBG3IZFA,B0B28ZK2NK,4.503577709197998
AE6L5XPMAN7FCPWHMJF4COE4HU4Q,B07S61KXPQ,4.563211441040039
AFKXLVV6Y223XWWFAGFRH7ZG5AVA,B015HG8E86,4.488104343414307
AEXYJXWBE6RJJWH6FSJQLZ5BM7BA,B07MFYHKLH,4.410778522491455
AGC7JK5YYGE5T6XIPGSIRLNKOUHQ,B0C1Y5KJPX,4.377452850341797
AGNLHFQGCYCHERL2WXDOFMHWIIZQ,B00HZH4D04,4.485739707946777
AEM3IWNBZTERT6RQFK7KEDL4NZVQ,B07G37S6S9,4.487574100494385
AEFPHVJL4U6PLUZT32SZCAV244FQ,B078KTV8L4,4.376687526702881
AEZ43GMRWM7Z5RJC7MKYGQYWADIQ,B09NLV5LBK,4.387903213500977
AGHRZX6QQEINSDMUBBXHA5JQFAYQ,B09857JRP2,4.746443271636963
AG25SX4KSZSNKETP62HEK2GAB7HQ,B09PBL98Q4,4.416391849517822
AHWU6CCZ2GHRUXSYYFHWQYUASDIQ,B08Q36MHJG,4.439299583435059
AGKKQOI7JPGFA25HGLVGVMC6QBGQ,B00T3GL2XQ,4.5342278480529785
AGXCV25HDW4JXI5QQSJTIZUHPRHQ,B09X8TQNNQ,4.543198108673096
AGTS4HKNL43FZW3MZMUNVRYLBCKQ,B07Q5G54XF,4.480403900146484
AGKCRUJK7URMDM2CGQGSZWH5KC5Q,B08SJY4T7K,4.231899261474609
AFPQPFMGLESPNSFDMVCZPWCGDAFA,B075R9DNGF,4.320927143096924
AH55IBNS32OBFM37T2AUX4JR5P6Q,B09DR91XCS,4.4838972091674805
AFPQEZKBEMAQKRZIX64WX73WICUQ,B07FYXMKP4,4.545297622680664
AHOBKBVHEAT4KPRVI7TYTF6MEJXA,B00IY0BLB0,4.507784366607666
AHXC7JEUXRETZUDFXR3SAD336P7A,B093YKLWVN,4.583775043487549
AFDLRPTS3IT4XBACV2J2GFLWEHXQ,B07YM5ZHS9,4.440251350402832
AEQQOWGNLMIQ4QJUKX3PAFDQ3TXQ,B09NH8PG5W,4.428159236907959
AEUGDXOV5ISVKRHJ5HUEVRI6R6CA,B08R5GM6YB,4.409444332122803
AG3522I4PO6OL7CJFXNYDZB5EUSA,B078MHS3SC,4.3954033851623535
AFSVH5BFJNLMW53ABDVECJKIXWOQ,B0771NSMYP,4.418188571929932
AGPWFIBAUZAC3CMJUD73YYJQ22OA,B00DKAQGTG,4.586757183074951
AF6LBRKK5RSD3TBYPDXMMDP3PX5A,B09M7DPHCS,4.547876358032227
AH2KNTQFU4DWMQIMTDLFSMRQHRYA,B003HGFRO8,4.558210372924805
AFR6WKFQBTKBG7HH7MOIHP7Y4IJQ,B00WB2401K,4.447556018829346
AFXADZU7WCSR4KXGS35Y33INRSNA,B0B8V7C5N8,4.450163841247559
AGGUQMWTQHAYLFBW6QND4KKVV4XA,B00B3PB0PK,4.393298149108887
AFJJWM45JXP7ONUSAYQWWEIVDLDQ,B07F5PX9Y3,4.601045608520508
AHKYSWGAUYXDRDRDVPJF2IXTBQBQ,B09857JRP2,4.747574329376221
AES4G2G6GLODMHQI3OWXWZKYMVUA,B09V9172YN,4.483149528503418
AEGDREA3STZJTUULI4GPQOPIUQLA,B00N4ZIWN0,4.52666711807251
AHPE2VIQMN4QQMY6FDOBTI5MDHTA,B0BSGM6CQ9,4.547994136810303
AHSBOSQBGM6R25L7P3EM3KG7QXWQ,B07QL85Y56,4.4475531578063965
AGKYAVDS6LE7DD2FVDSRKE56R64Q,B016QUXTZU,4.339513301849365
AGXCV25HDW4JXI5QQSJTIZUHPRHQ,B004OK1G64,4.406434059143066
AGZSQYZQTPMYEMP3XJH7WU5VQARQ,B00T38U7HQ,4.495169162750244
AHW6YFBKYIN5XRPR3KVBB77LKNZA,B0799734T4,4.462339878082275
AEMJZIL5Y5YRX5JNTZKNOV3V23AQ,B06X9YYRVZ,4.438828468322754
AHMM6WYPXJDZYF3U7AULIES6BPRA,B077J6ZGD5,4.567192077636719
AHK7LBEMWADRVGREBBS6ACHQYFEQ,B0002E3D9Y,4.442009925842285
AEEATBN5EQ44LM65IAU6S4GSBWHA,B07RRQG6LJ,4.478774070739746
AFFRCOTU354SFF2TWTMJSVJ3T5HA,B005T800V2,4.343371391296387
AGZZXSMMS4WRHHJRBUJZI4FZDHKQ,B07S9D9JYN,4.437446117401123
AEL7BTGBCNEOZY5WN6HLCQWCBL7Q,B00CA89IAI,4.538280010223389
AFQBFVHUVNE6ESFITVXT7ICA4P6Q,B00HZZ60T8,4.568286895751953
AGCI4677JEAQIMY2DOT3Z2FVHI3A,B0BT2Q355P,4.5715012550354
AH2WNIY22BZFD7BKGOHOC4TM7EPQ,B0B927ZR1X,4.4062724113464355
AG5G4JJOBDKQSOQSMBRVR6MJ3VGA,B0195NQSTO,4.467438220977783
AG6VKVBTKQBK7PBRMY3YIQL4HWHQ,B089NJV8Z5,4.4302167892456055
AERWH5YEBILRHRNUYMXAVAHLIFYQ,B004GR9MOI,4.437270641326904
AGNEJAU2YSULDNEJHFJKZ3WLDIQA,B000HZGFMA,4.411449909210205
AE7P4BKELMLMT2LYFCC3FZMFC2TA,B06XBB9FPF,4.4555559158325195
AF65N4WSTNBO2V4VJDML2RE73ROA,B0B52FBC66,4.555312156677246
AG6HOO4VHEZGO64JCVOGXTI7OPAQ,B07SJHDL97,4.43596076965332
AFBFIVH32NPCDO5PE5DKWZXDKA5A,B003YJQX1O,4.429853439331055
AEG7VAZE2DPIKLI54MUNPFDK4PNA,B0002GJGUM,4.473827838897705
AGTVWLQL3Q3XMAIKFJ35ELNANSTA,B0CCK4YYNM,4.418574810028076
AELB6HYZWMIW76ZECZ7WXY6SON7Q,B003RPK4BK,4.428753852844238
AHLWV6FKLFZU7O46CIC4EPMK5NQQ,B01D4P2OI8,4.618713855743408
AEQJ4C6IRPWITBGZ3PVJJB6DLW3Q,B0C1MHGKHN,4.44337797164917
AFFC7LSYXECAEHCRLCLBMGFCVWDA,B07Q6P5FNF,4.45756196975708
AE4GDR74FW232GB2EN52B3DM3L6A,B09PGYXPHV,4.537528991699219
AFSAKXT76KFR6MLO2EMI6ETXOAGA,B00HZH4D04,4.477055072784424
AEVCUMPKWQKFIF7NYMUG2XSYL6QA,B07WS2BBVR,4.5023884773254395
AGMPCB3TGA6MNNISDWYIOGQETCWA,B078KX8YJD,4.566561698913574
AFJ66RVSHHQWD3MZRM6JNQB5NGXA,B09Y8KNXP9,4.399940013885498
AHXBHGYV4SEVPVSNIDWNFSZ6AECA,B091MZPYBQ,4.453486919403076
AF2ENGUTLYO2BINRBO5JEA2NWYUA,B00MXUJ394,4.491147994995117
AGAW672ZXYYIKQXOGMTBF5INS2UQ,B07MZVPJ4Q,4.295118808746338
AFVEPOZYED4XUGN743TM3RQAH3BQ,B0002E51UI,4.436064720153809
AFAJYIWFPZCXCTA4UQV74N22SKKA,B00O5ELFU6,4.452298164367676
AF24D5VEYMR7IXEOCC7Z2ACZDD2A,B015JTEBN8,4.509172439575195
AH2P7BA2OBY6D4KRCOGP6ZEGPT2A,B0BKZ6JR1L,4.448327541351318
AF63VW7YLF42A6STVGBLACD7RUWA,B09PWCF6T9,4.465033054351807
AHCHW2CQHUSBPPNXHFE4RPGIXXDA,B0007L8BQW,4.230489253997803
AHWVLFKCGMR3ZBOMSNM4LWQINLTQ,B09RTZ26KV,4.50527811050415
AGEH26RB4Y7AXDGN3IL4UZ7PO6LQ,B07VQ6ND1D,4.4546799659729
AEJ354XETZRIGFKZSCQ77RWYN2ZQ,B0BK6JCZ9V,4.439640522003174
AHSKY4JX2O5XMG4HYW4IEYGORSRA,B09SD4CD5Y,4.5473527908325195
AHHGE6FWXCATJQMU4VDV32VNM53Q,B09YXXHCCZ,4.472263336181641
AGMKPH5IY4GNNCOARIN5VKYKYJNA,B07B8WL33G,4.589569568634033
AGEWQAG36O2T7UQULMCPTXYRXKIQ,B09BGCRS9T,4.476541519165039
AH6NR2Q7F323VVUTIBCZA27BPEGA,B06XFMY9ZB,4.430484294891357
AHYZYJHCUREP7YXJBMOKBX3XGGXA,B09JGR9ZG7,4.399073600769043
AEZRFF2AWH66Z7KRPON4YBGTPZAQ,B0BSGM6CQ9,4.544992923736572
AG5QJWMXSGR6QK7CTCJKXRD7OSOQ,B0889BBTX7,4.3369951248168945
AFH6VTF4HK7G6XEPGKMJS54HS2BA,B07F3TDWSW,4.4730377197265625
AFODI5ZOLF55V7ZZDXCX5RYJUU2A,B0BLLKKFR8,4.497931957244873
AEAFQYME2KKDDFIA7IJGHX7Z7GHA,B0BBT9T4PJ,4.465039253234863
AH5JR6SYFSYSUV3LIPKY7SSMA7IQ,B00M53HWQA,4.396141529083252
AFATLLVPDSAZLT2HUI7VFWHLBV6Q,B0C6H9T5T6,4.408724784851074
AHPMJNUYUX4QOZCKLN5R34BB5EQQ,B07CL6Y82R,4.505781173706055
AGLS3LXZRF3S6AHDXUNPUKPFSFSQ,B00LYFFW9O,4.543435096740723
AEQTZ66XVTKZAJLIQILNHY3FDWCQ,B075ZDCFFX,4.4459357261657715
AGPQAFCHG2MCVQQ2W6UOOUG7DKVA,B0BTC9YJ2W,4.545905113220215
AENNORCDOTT2KFT5WUIK7PJ2EXOA,B07KRZ1HH8,4.435322284698486
AHUCKAEMSP4F26GMTI5BNB3OBZGQ,B07QS26TVM,4.3939690589904785
AGEVFSIPLANARTZMAXHWIF4W2YYA,B0BHSG5C3G,4.5675530433654785
AEBII22L2OFKOYGXYC3PYMQSVPJQ,B0BKZ2BPGS,4.528954982757568
AGEDVIBZ4U3WNWUYK2VKGDJEWPNQ,B0BT3D5TZT,4.584508895874023
AHSUVRZ5X445VSTUV4NS2UYSPNFA,B0BT8FDL8B,4.494957447052002
AEDDH5EWHB2XBARG3BIJLUMOZGCA,B01KDK4VO2,4.497550964355469
AHJUQQX457HFPPIOXQ6YYNNB7SKQ,B0006ZXFWO,4.453097343444824
AFBE5DXQJ65JQOVBLSQBU6VN3G4A,B014GR0KYI,4.449540138244629
AHSKAICVSFGCKQNXY36HSJ2NH7JA,B017NT392Q,4.442434310913086
AFV3QJ26JCDGYUCCGROO2SZ5ZX2Q,B0051M6J48,4.433461666107178
AEGPOBKV7TLHDCJ6E42JVDKOBE7Q,B0192F765K,4.455122947692871
AEBF2QAX2TLFF4T5ZKMXAIRKVSEQ,B095QBH5ZB,4.397457122802734
AHNO2QUOKU56ZIYEZZHX7PEGY3JA,B01DK40R3M,4.522735118865967
AGPIE6PK5ZJKF6C4NB6NDPSAZQ2Q,B0BCXRG3QQ,4.568059921264648
AFMTD2O4ST2NJG53TQ4LIVG6GCEA,B0B2QG44CZ,4.54179573059082
AFEH255TPEXWR63YIUX4LVP6SKLA,B000TZTPQ6,4.542570114135742
AEQ37F2GDPGB4LVQT3QVPQSGP5MA,B09MK4X8YN,4.393795490264893
AHDRXYOFULH6PJHMYGASCRLETELA,B00WJ3HL5I,4.431402206420898
AFUHM5DZ6UOWY4JFKOEVWX6UNMTQ,B08SJY4T7K,4.19430685043335
AHF24GKKXGAKQLPBYVZHEMHHNQDA,B0BT855NFQ,4.577345371246338
AHL67QIBKSTRQMFTJPJK3RJ4KJFQ,B0002D0MI0,4.448878288269043
AGPWTBAKWEXJIJLZXKEV7T2E37AQ,B07TDNWYSB,4.449410915374756
AGIRR5URNJEVZXCRP3HS6LQKIEIA,B09S2VB3KW,4.568605422973633
AHD5N6UPSIDZ6H4MKRA62ZYJNCGQ,B08ZBSMFFK,4.4538187980651855
AEFJCRMP67BBIQGEYO3XDHVQDUZQ,B017DO08L6,4.473132133483887
AE6B3FP6UAR66D3J2MIWDAKONHWQ,B09BF8XDF4,4.6178131103515625
AGSY2FST7UU7SSOBJ3HCG2NJGNSQ,B07K58QSGC,4.455163478851318
AGV63VVUG26GQTNG2GTJEAFVC2JQ,B0BWVR4S6H,4.318408966064453
AFGRWJPHTOPNJPPXZ4A667EBHMGA,B07L9RKT41,4.468078136444092
AH2QKH3MOVXR2DHAUY4TXMFFLW7Q,B0731XJ2WN,4.4603705406188965
AE6FEBZWJDO4DJDWIDCRXSMFVQCQ,B0002E57D4,4.326779365539551
AE5NWEATKNGPC2F5AUDU4G7COV5Q,B071GTNM6D,4.436354637145996
AGXCV25HDW4JXI5QQSJTIZUHPRHQ,B00JL5I70K,4.546400547027588
AHNOYSM6BGMCXVETNQNOKQBSXGTA,B098LHYD3K,4.425439357757568
AF6MVWJFHQT2OX2TSWXSU7L2D6XA,B07B8WL33G,4.60001802444458
AFOOSGLWVEYRI3BTTAYUZZRGPLFA,B0BX8HZ5RH,4.430337429046631
AE45WDXXXZ4KORRG4QC26I6TNVSA,B003AM913M,4.348556995391846
AFV3FCAYHRCOC2A52AGKK2RPPEYQ,B09T82W1SN,4.559689998626709
AG4NUQQOZOZMVC2NVNLWBTIVSOBQ,B001FSZR4U,4.414011001586914
AHX2MR6NLBEPURAZZUYFARJVHSEA,B0BFKN3472,4.500121116638184
AHITNRIG3XWBTZQ6NIWR3IIHA6PQ,B07N2WWT61,4.468875885009766
AHTFYXTJ7M7MDPVFP7XOP5HNVIGA,B0BR2PXCBW,4.527277946472168
AGPV44OWAIBX4EIPZYJSXLQPBZGQ,B00NTMTV88,4.332197189331055
AGWJ3WOKO6JPVGAPDSYZJCAOAD2Q,B002P9LCYM,4.445082187652588
AF3TUPL3CN4WOARNMBEUMEFEJW3Q,B0C6ZG7MQ9,4.4074320793151855
AEAGSWW4RVIR4L5BH4MVOV4X23ZA,B0C5PRQ9K6,4.732333183288574
AFXXJKOQ7QN3VZSVKRMAKB4PSKYQ,B091YFQGCJ,4.551799774169922
AHXPMQ7YOOHFIKJKAKBCJ2AF7UDA,B071X5GC87,4.4276275634765625
AE4OL5LGNMZXDJWENP32PLH4KXDA,B01CL3JXLA,4.401269912719727
AFJ6BNKTPZQXGEOAIOMMCSESJS2A,B0C6HXYY4R,4.551457405090332
AHV4SKXGCWKAT4NRPWQDWERJQLXQ,B07J5FVQNT,4.4237260818481445
AESTCLTPG2A6OTAH55KHCMEVFL5Q,B0839119FS,4.4081130027771
AHSCKDESSXRZL6RQK4FHOFJGDDDQ,B00HTWQWFO,4.5222039222717285
AEWNI7WO3QS5KWRKBAB4FLWGKYVA,B0B4WPYKSZ,4.400305271148682
AGJGTZRZCLFSCVVMBNDXVPHSIHVA,B00JJNFP54,4.401241302490234
AERO573NK4DRWCKS3JJ53TGSMB6A,B013ZHK4DM,4.561284065246582
AHF4GF6ZASGEYRWYWLW2U4RNN2BQ,B00UN8PH4I,4.442432880401611
AHLFYDRLX6L6LLJ4L25C5XFNEWKA,B0BPKH4HB2,4.544750213623047
AF7QY2ZO3X4CDJGV4ACGHYSSUMAA,B0799734T4,4.463781356811523
AFCIVS44DHRDBJKC763CZ6ILP5GA,B015QK3GUO,4.524496555328369
AG4XNEAB4VFRH7DYQWIJGL75KVDA,B09RJZSQML,4.619763374328613
AHEA7BJ6ZQXRD2TT6IZA5D7IRONA,B004XNK7AI,4.613980293273926
AF77F3QYN5GSD7OBRNXYP5QGI6GQ,B000T9L7W2,4.366543292999268
AEG3S2JSG7WW3BXOWKWYPVSTED3Q,B09WJ596LC,4.516718864440918
AEVBAPYXHRLDJOO6YH2DMRC56HXQ,B09S2VB3KW,4.574481010437012
AGVM3U55VHWHEJXRQ4IKLK7NCAAQ,B0BSCGXCVP,4.4209699630737305
AGZYNSF4BAY5PVTF5ZPIUHE7C5OA,B07DCLVKBC,4.319421768188477
AEH6QOPVX3MEIJ3RM44DOXH7VTQQ,B07BSHS3BX,4.4019365310668945
AFJUQ54UN2LAAU6QQYZNCTG4HMYQ,B07Y9Z4XQX,4.484206199645996
AHZOWNQENHOHDPK234WOZVMLS2SA,B0775CBC5R,4.331634998321533
AFC4BQEUEQWVU6TXMVVS47XZ6TJA,B003A7GM20,4.451011657714844
AFKGIJLJXTOW3I4R7TFM6RN6XBRA,B0BKZ6RT8Q,4.5224289894104
AH246HVN5MKGWAB7PMKHSPDREWOA,B087D91DN4,4.447321891784668
AG43KQOKOO573AON6M3W5TYWWE6Q,B097Q9W8MW,4.43635892868042
AHWAHTNGQTZCXBUPWH5G7NYST6YA,B00DCJ9DCW,4.415668487548828
AG3B2CFSOW2BJ74UFTCSTDLJ275A,B0C5RBP34V,4.4250054359436035
AHZ5CFCVZLEBSPWWANJBCHP3B4AQ,B01DPCONFM,4.541439056396484
AGCPST7H7JLEUJIEECK2H5MYWOKQ,B019NY2PKG,4.459285259246826
AE3TDVF6M5MAB6UK34376XCCHBBA,B01H8E58SY,4.574571132659912
AF3CM6ZQAJLOVS3UW3XZORVEGVHA,B07MJQH1LT,4.522704124450684
AE2G7LHNL4YQI5EQHO6RIGHESR7A,B00Y0CG9YA,4.487457752227783
AFZUK7RCANY3O3S5Y4CUJ236A72Q,B0B8Z76J32,4.5446648597717285
AEKUCQMVDAHN34ZQDYMU7PNBZR2Q,B01LWWYCRN,4.478302955627441
AFBSCZMVEQPP4CQHLZ6LYUB32UAA,B00IFOTSJW,4.596220970153809
AEPZV4R6ZGAHXLDCYXFBFQREWO7Q,B0002OP87E,4.5257391929626465
AG4N4RGBHZCUXXIOISMGZ46VSJNA,B017AFVU7Y,4.437110900878906
AEDZCUIOKFTDVAQVJHQ5P2TU764Q,B01A0D3SSC,4.309606552124023
AEKQHCEMXQF7OW3LWKVAYJJHNZKQ,B002LTFTO0,4.427118301391602
AETCDHEOKEQREMRIBZJDTKL6YXQQ,B08T2DMFKD,4.584942817687988
AFURKYEZVRORWYCOZO7BPR2U65XQ,B0B2Z13RCR,4.499062538146973
AFRWXBFR2HE3ZHWU6QFFGSPR2QXA,B0BY8SWQ1W,4.431375026702881
AHDBO7QJ4EGECUDQKNVAW32Z3V6Q,B01N5QJ0LE,4.461736679077148
AEJVWNXW55ISA3OATOA64QX5WXYQ,B004XITWCM,4.438174247741699
AFQJOUEBNCCZXFELH5UR3ADP3BXA,B08KWM37GM,4.4744553565979
AFZ63RGQSNBQJQJQM3MHRBKRGGCQ,B01DECWM0G,4.376561164855957
AG5N7JCAWUWY2YH6BIGJC34EG4SQ,B00M9BSZMI,4.448068141937256
AG6GAO6LQQXN5N4QKX3ZQPLIYXEA,B0150YC54E,4.341974258422852
AHK7B6UG26R2QW427SGYW5HW4EIA,B07X624YB5,4.529443740844727
AHT7ULEGSWNWLMFIENNTIELDXKUQ,B075R58Q4Y,4.366089820861816
AHJZP422GCGGNTVER7Q3GJIR7ODA,B00V8URXSS,4.44525671005249
AFXTOZFT76UHKIYU7CZIRAKYIK5Q,B08BW2TBD7,4.47314977645874
AHKYG3ZX7SWW4K3KHIXVW5ZLMNJQ,B016E9HCTW,4.450395584106445
AGBC6LK4N4ANCY7GPBKSV73XQK4Q,B07QYPY3PC,4.341066360473633
AHSBOSQBGM6R25L7P3EM3KG7QXWQ,B0BCXRG3QQ,4.573544502258301
AEQZCIHPL376ZN3LRVIK7LKIO6IA,B07PFM41FN,4.447969913482666
AGKTHO5CAI2NK4V7HSCUIKJLYX4A,B088DD5M4V,4.541008949279785
AGAO3DXMEMNWQ475FJA6DEPJDM6A,B073ZH1FNX,4.370954513549805
AF3BR6FQAGUDNKNFETNSU3KKHBOQ,B082XMFWFK,4.559319972991943
AEOQMBKMCAUY3EQ2CFEYDB252GPA,B000CPSGD6,4.415157794952393
AFJ6THBTHGTJWWK7OIW2P2TWSBCA,B0BYXVCSGG,4.273499011993408
AHOAWBCSTIAMPQ5NXRG55NPC53XQ,B0B7C2NM84,4.465569496154785
AE7ZIKA2CKZOIKONML4BJ22X4QYA,B07CYRYQ8G,4.389763832092285
AHXALPBICGW4TP72ZXYN5AHAA6NQ,B07CRMZQTF,4.5202555656433105
AEZUZF3QBV2XAOXEPVACVNDWYTOQ,B015I0WXAQ,4.461065769195557
AESGJFLYGVHQNH46NGWZI5NQC62A,B00GG20DJ4,4.455531120300293
AG3C6CXDXFVZO4ULKDAQDWOMKMWQ,B00L1E6NR8,4.454382419586182
AFY45KTDPSXXG26TP6Z2QFJZDIAQ,B08XMGNB3W,4.37660551071167
AGKIRTDMGIQN3WRMFLQSKXH4CVJA,B0794JD1DJ,4.46755313873291
AE7BAST2UTRFTYAP7V4OONCCFQTQ,0879309210,4.466813564300537
AEABO4WBVLZ6J3VVOA5XDJ7HDBQA,B09W9ZJBKC,4.400726795196533
AGG3BYW5FNAOLFRE2WUOT6LNHBDQ,B003GEJ5J4,4.263503551483154
AEIJO7WWMCD7DE6YQAFIB2L2QGZA,B0742RB7JK,4.490768909454346
AFURKYEZVRORWYCOZO7BPR2U65XQ,B00IFOTSJW,4.588244915008545
AHT742VUDQGIVZSKPHCKEOFEEG4A,B09T8HDBYK,4.538025856018066
AERTZGEIDREQYMZTMBUZQZVGDSWQ,B00KLLKE04,4.404732704162598
AGCLXVSLJN7TUGJI6YWQW46XEJSA,B001E0CK3K,4.45112943649292
AEQSMBSD5HP3LSYXFGQW2N3Y3CEA,B095M2K5KP,4.439970016479492
AEYAJCNIHP7FW3URXY3AOLYTY2WA,B001XJBWXG,4.412952899932861
AHYRQOSD7KNYDKRSURB5B4HBWBUQ,B0BKZ5DJZ2,4.505822658538818
AHDIPBNAP355S2TELPMBHBBN5TEA,B09G5KLKX2,4.526165008544922
AFOHCSWHO2N27LSXIATOMCFZM67Q,B00FUTXO8G,4.407552719116211
AGC7CFOW5DZ4EX2QVNP6ZRSDDLFQ,B07NST2LSB,4.4495368003845215
AHNLWRU4FBQBR5KGHFV6OIM5DVBA,B0BKZ7FHHW,4.537374973297119
AERLXMBYKQGUWBDDQLVA4XX3R6JA,B091YFQGCJ,4.5446391105651855
AFQKAEURQDE3GKD4HBW4VDZOZ22Q,B097Y8M21C,4.4066009521484375
AGWVA2PPESBPQ5XK32DPGGH7KHRQ,B000M74WXM,4.442358016967773
AF6MBPLQMTFYIPFKY6PQOH7WCKEA,B09JC3Q3TH,4.407883167266846
AGX24YN4HZ73DCPZH2VCZ36MDMIQ,B004OK1G64,4.418943881988525
AEE6H6VC6RTWJS2RMXUJCDPOY6NQ,B00TV90MT0,4.583473205566406
AHGBHUGSYBGF7ZITSQXRPZESB33Q,B0B9BP315L,4.485048770904541
AG4ZB6GMF5W2K5OOBYH2LLQMAMOQ,B077Y4JGQ1,4.483356475830078
AEYM4JF7CX4PXVZX6HBA5ELI544A,B0C5PRQ9K6,4.754362106323242
AFMG74ZXHJ2XIJW5OUELTC5KRPKA,B07B9W2XFS,4.483736515045166
AEJHSV5VEW6DTNUIIQRBTCQGXFHQ,B07HM8Q5FR,4.460790157318115
AGT2TLMLIWZOIPRZ4ZANFYICIKDA,B000K69UM8,4.405913352966309
AFOXLAJLPADIV5NXYE6CLSTBAC4Q,B09HWJRQQ4,4.343256950378418
AHO2NGQECJA3SONZARFPZKKUH6UQ,B07CQQXQ4T,4.521548748016357
AEG2A2SPGLIATB3BP72NQT4MBK7A,B008OEWZ5M,4.453740119934082
AHDMFMMBOWVOTXAQMIV2KOPM346Q,B0158GWWJ2,4.526044845581055
AHP6UXQUXLRXD7ITXH55CBGVBLGA,B003YJQX1O,4.412052631378174
AGBFN7JJDKK3RURUIIXTLESUBSCA,B0B3LLNVNC,4.446566581726074
AFJZQ7ZK67AXFCA7GYLHVSBI4LHA,B012VQ5A7S,4.414953231811523
AENWSEPERMG6DSLCD2X27BGBWQAA,B0BK6MQF3Z,4.300436973571777
AFNPVYGE5OUMBZBC274J3V2UUXFQ,B07FQCQM4D,4.493191242218018
AF6EJYBF33I6ZOJWPS6SKJCN2DQA,B074P6SCS6,4.456451416015625
AHQKYENUOHAXZG6CNSBUU6X7BI6Q,B0064BCRQE,4.594148635864258
AH74S4ZHQIZ2HCY4CYQNNFD2EL7Q,B09BF8XDF4,4.640210151672363
AFJFIPK3DGPDXQAOPLESEBHIWZJA,B0BBPQGSZ6,4.4307332038879395
AHWS7CTKOVDDBIP2PCJAY3QFTZTA,B0BWVR4S6H,4.324265003204346
AFBFEQ63CH3PADWCT52FIYQLG7XA,B00IFOTSJW,4.60732889175415
AFH6AUO7HH5PMJBRBQGQQKDV5HLQ,B091KVXGPH,4.489135265350342
AHCV5Z6U2C3B76UVSBEZYVWQNJ5Q,B07Y7ST6BF,4.510049343109131
AE3TS5R65QSFTYKTSRHFXQKVR5IQ,B0007WLWMG,4.5707879066467285
AEHL4256MLAXKYTZGAPQL75WZ6AA,B01F6WIX5K,4.440464973449707
AEZWO6JBHBOWFWDD3SHY3TPNB5AQ,B06Y6BCX7B,4.4230804443359375
AG4IBVQSLXLZFIBFE3EDMOJMVLHA,B0BHSG5C3G,4.557464599609375
AGCBIRCCOOCRQVVCM3LTOA365FNQ,B07M81HC4C,4.422356605529785
AFG6BOX7SFWFTWNRMO7LSMDLA6CA,B079Y7XKW2,4.387479782104492
AGVT5E2C6WNOCFYSLOCPAPBJOIKQ,B08F93KSDY,4.17674446105957
AFET7FPF4IJYOCCCQBKKGWLYEETA,B00A7KC9NO,4.313440799713135
AFGSM2IFWCMZCPCORIQEO7SGXIRQ,B00B9060X6,4.372522354125977
AG4WPSHRJ7W4UF6IKZJ2FMYUVGCQ,B00G6CMP1S,4.4329071044921875
AEH5BNAS47KL2BMWVV6GKD7JDUDA,B07NBMCG9T,4.418041706085205
AHXYSMCKABR6O4W37Q6YIF6NWVYA,B00M1L1ADM,4.4726243019104
AEWH7JMFZ3SQI4UE3DU6VRYD2BGQ,B00L9R9YVO,4.516481399536133
AH544NICZBHWPHVOLJZNMEQKS6IQ,B07NDJ1HSG,4.583435535430908
AHGRMWOGEUJ356QVBRO6TVVJWI4Q,B07RYQ1X42,4.41053581237793
AEINHEPGMZVLGFEWFQY5ZNTKS3XQ,B09DYS2DDT,4.397489070892334
AEZTH2WTKDOJPZIT3GIFZ62OJLSA,B09R2TMLJR,4.575384616851807
AH7JAXK4CMAKGB2I7X2BIW4OMXGQ,B09S2VB3KW,4.532371997833252
AFKTMWUJ22FQFWTT4V3IKQNJWN2A,B017NT392Q,4.433438777923584
AEZRDBBVRRHFM2LTK3WW4RJNHOQA,B00E8CEW7I,4.414335250854492
AESVKFHONG5B25UZH7DRJ56ARJJQ,B005EHINSK,4.329805850982666
AF4MGMYWV6VLEQQ7E7M27JALDF3A,B000M23OQ8,4.570508003234863
AH4MENCROTJQK7T4D3NVIK3E7KZA,B0012BPMHW,4.502640724182129
AH3RE2HDYHA7C22F5VCYQLCWVDYA,B074T6YNSK,4.441644191741943
AHSPUN3WFKKPR2W3B2S73NSYFATQ,B00O2BISAM,4.343870639801025
AHDALDGFNPUZN5ZQGSPWZPVG67KA,B01CFNML9W,4.4012651443481445
AG6FYGUMXO4TSTPFWPFTNHJXC7WQ,B095XZJ99J,4.592629909515381
AGOIXNAZLPTROLAJK7A6AEFKB3OA,B014F1UKI6,4.45875883102417
AG3LFN3BICH2V5RPI2XFRKQSEDZA,B07DWM2XSS,4.587257385253906
AGI2HHZK7SWM76BROAC5EYEFKCKQ,B0951C4RGR,4.483062744140625
AFBEGCILG53ZZXPI6FF5UN6UI3FA,B019ONS4TC,4.480109691619873
AHLVMWREGLYAOXZW3YPMPGU555ZQ,B0048F0QWA,4.415543079376221
AGSUZIVP3CBSFA24S3UGGREDGYCA,B015TBAAT0,4.5228705406188965
AF3TUPL3CN4WOARNMBEUMEFEJW3Q,B01FHM1DNS,4.385359287261963
AECJK6QUF6XDRW5KDS2OB6TJ4VYQ,B004XNK7AI,4.598516464233398
AGH7F3VLUYMLE52O7FHD7X2B5RAA,B079DRQ4ZV,4.453464031219482
AHSN74GHQIXDIZTRGY2W22DCQYDA,B09JWL3BF9,4.532382011413574
AHNG3NRGEDYO7E44QMYDHMBADPBA,B0731YLWY8,4.425580024719238
AE3LXT2NVT6I4JHOXL5U6D33U5RA,B093YGS1F1,4.523777484893799
AGBX4BNES3BBJ2FFZIBA5763LLBA,B07CQS5DJV,4.344143390655518
AHZL2ZGOCP7VUX4RCTNTTQ7JNRHA,B09PBL98Q4,4.415797233581543
AEJVWNXW55ISA3OATOA64QX5WXYQ,B0BTC9YJ2W,4.582855224609375
AEDMLGFTCQT7ZADAK5CKMT2T2T4A,B0B8Z6192W,4.556128978729248
AFTBXQNBI6S63NJO36DBALW5M67A,B0BSCF2FD7,4.468659400939941
AEUFWFA3TBVVD67HVO7FOLWNXUSA,B08GZH46GW,4.547240257263184
AFWUY7OEQ3NRSEADRQ6PMRLOLP7Q,B071YTY3QS,4.462429523468018
AGDQCAX573GEXWKTJ4INUD7NSH2Q,B01F543PAW,4.43300724029541
AF626HHXSBCNSMN7NKVKP6UVWEXQ,B000J4I9VO,4.3887553215026855
AFHTKUVUNIJ3R6NFVVPKWDTVX7DQ,B074QKLW4N,4.467672824859619
AFUWIHK23WPEEPBRRSPULFMYMP7Q,B07MZYNZ1C,4.516153812408447
AGSVLMHAE6DKL34BW5AJANZ2HP3A,B0BLSGXGPF,4.377589702606201
AFMXSST3YJL3H5IBCU7JRZGSCMFA,B07B9W2XFS,4.517848014831543
AHXGOXDCTF7J3ALC2ENH2LBGIB7A,B0BXT5BYPN,4.559175491333008
AH45K3P2YBR4JXYQ5TSH52BYL6OQ,B09RTZ26KV,4.50484561920166
AGENT7K7THM6Q5VKHKH2PUACREHQ,B077YJ3H6R,4.436801433563232
AFLMACQKFSUNVBSPPBFXV4AVMRIQ,B0BPBMBL6B,4.376166820526123
AHGYSJ5C6F7YUTGNX6EMVI5QLYUA,B0BK6S7QF4,4.528975963592529
AGHPBBUCMU72JNN57OKEFJ472UUA,B09617MLP2,4.488224983215332
AH4UVAVFFRYIYJIBREZK4WP5NKWA,B08C9YWGNM,4.4152655601501465
AEBXDQP3DYUQMQUTAUIMYMOMSRZQ,B076ZSHQ47,4.423944473266602
AEGAA3WMX5TUOTVJUJJUNPOZVODQ,B07Y8FGXDF,4.437256813049316
AHJIN67MPL7OZPJ3HINXNP7BOCEQ,B077YGLM39,4.450610637664795
AG2VMRQG7CPHKGWNP3TT5V7I4JJA,B0BRQGJZXR,4.308332920074463
AETYS626OQR6IWDN7UJPGDA4NNLQ,B0B8FSCM9L,4.400303363800049
AGNME7F4IAJUQ7OIEIHDUXS2IFVQ,B09MBW81X3,4.45803689956665
AHYKZAUJXW3OCM5UZCKRVHAPQMLA,B07BC8DCC1,4.4569244384765625
AHIUWHWGM4ZYDRKZHUNIKOJVLYCA,B08H75RJZV,4.441368103027344
AGKTPA4K3NKKVKX3RHSW7ZBLZEXA,B007T8OGLK,4.251817226409912
AFQK7EQ7D6ZPX7DJ5UOWB56BZWPA,B09RN7GR8F,4.411714553833008
AGDHBVAVHDE6JTAWUBENA2IXHIJQ,B09DJZK72G,4.420068264007568
AFZXFNKXADRAUQ2NEDYY267QINIA,B07DGW4H5Q,4.451939105987549
AHB7NX5MFSJ6W2NWR5UNUFEF7RNA,B000V1K7FG,4.317242622375488
AE77LTJF2VGJAZFPCJYL3RFAPZFA,B019NY2PKG,4.459436893463135
AFELGLT57C4JEDRENY5FBZBYXRPA,B0002CZT2A,4.521123886108398
AEHPI7DGK45GM4JO4PP25BE3RZJQ,B09396NY1C,4.351011753082275
AETYS626OQR6IWDN7UJPGDA4NNLQ,B0BXT384GR,4.476978302001953
AH7K6J4O5D7ZE5QZAJQJ7V4JJR4A,B08BJGBHN7,4.436956405639648
AHM6XU5UR2N6ONEAFVPHJKEN4BUQ,B0889FMRNL,4.458859443664551
AG7A4AVEW6FTLSQCEBRIXLGYTM5A,B001H3EV9K,4.296889305114746
AENN7ZX3EMGG3JKILEMJSYLBX4FQ,B004OK1G64,4.40459680557251
AEYBXANH4M5NRPMA5WGMTLN2XR3Q,B06XF6NF5Y,4.4299798011779785
AEEDYZE7SWKKVMVWYZD35VYCMAWQ,B00PR8AW62,4.477687358856201
AFAFI6N2OEHEZMADEFS6BN4XMGRA,B00MJLZIDW,4.4361701011657715
AEJXBPZPKA62VIDWND77RDR2LFXQ,B09V91H5XM,4.501378536224365
AFKVQRYREQIOY53LVNLH2MMIMQSA,B083Q5T15W,4.412774085998535
AEFE5OPBDT3RILFM3R3IX7XO7HGA,B09PRKZ6FN,4.444834232330322
AE7HFNHDMZFWK4FQ2NZDBVJ2LD7A,B077J6ZGD5,4.590083122253418
AGOIXNAZLPTROLAJK7A6AEFKB3OA,B091YFQGCJ,4.5530266761779785
AHX3BWXWKDWSIOIANV5JZ6TY2WTA,B00T38U7HQ,4.49847412109375
AHI4HEBT7APLICJPKX2WXSSTEPZA,B09VBWXMBC,4.417257308959961
AGKU6OTPLHUFMEUZQCKLLC7SU7HQ,B09W9KRSHQ,4.4571099281311035
AHL67QIBKSTRQMFTJPJK3RJ4KJFQ,B07RLVH6H4,4.265918731689453
AGR66GB7J736YGNOEQXECJZENQXA,B07D5W5X3Z,4.5478196144104
AGQ5FPALHWB627LAP4WZIMIWRJUA,B01J4PU7TK,4.4564409255981445
AE3SOV2D5KXSUM3BXEQO7HXO55SA,B0BTC9YJ2W,4.566071033477783
AHNICXK2GA645SEALR3E762ILAYA,B0B8L1H6H5,4.279845714569092
AF4VAHTAJUP5UY6BOZG623H7KOEA,B000VBH2IG,4.417064666748047
AFGJOLXILLOCUFG64OFU2FQVNFOA,B0BSCFTV2G,4.50580358505249
AFFES2GI2HRUKJ666T7BBGQPICXQ,B07BSZNKTM,4.445326805114746
AE4UJ34DIERPH2M4MGBRWATWJY4Q,B0BQ48G9Q2,4.4752020835876465
AFH6AUO7HH5PMJBRBQGQQKDV5HLQ,B09DVHGJSG,4.403749942779541
AFWB7XHYZWK7SPBQRQZQSO4YXTAA,B0BCK6L7S5,4.3491010665893555
AFLI3BM2AJOV7JK6P2CWU2Y3QFQQ,B07FYCGSFJ,4.474480152130127
AFJ7FVPPYKTZGX6PY4KNUJQ7OOMA,B06XXRRGTY,4.469393730163574
AGXTFGO7KXIW257RRFLSA3C5VRWA,B0983RZ6P3,4.4802775382995605
AHGYLAWJXRB5F3YQ6Y5HRV3GY4QQ,B000FZ1KF4,4.442812919616699
AH5JR6SYFSYSUV3LIPKY7SSMA7IQ,B0BPNHG7M2,4.3967204093933105
AEKTPUZTC3F4YZG3YAU3UH3NYKQA,B0C4YN3MMY,4.465023994445801
AFH6EYTOJWTQ5XJIO7OER5HCQC7Q,B07SZLTL1W,4.252323150634766
AF3D3CKUZ3ESHEWI67ZXZO7RHGBA,B0BL8X66ZY,4.442874908447266
AFFTXDA5L7I2HYGFFKHBMGUWW3GA,B000ETOUAS,4.4349684715271
AGTG2UZYJCVVX7QDE4IW2I4JGB4A,B077Y6MY66,4.413580894470215
AGVITHXYWGKAMYWZ54F2UZWHMY6A,B07B16JL73,4.537623882293701
AFLL4CT7RVP2BTO2TBEOWXKYPGHQ,B09ZTBMWRK,4.501825332641602
AENFQD5EQBOPKB6TB7AOAD5QQCOA,B09V92RNL3,4.503401279449463
AFXOJVXLBLYD2KJCO2MV3TVEPEOA,B09X8TQNNQ,4.5694098472595215
AEDBU4UHNM6F5BEWRO2LY2LGYAJA,B08LVQKMKZ,4.217599391937256
AEBE6ZW3F7MFDQI6LMM7OPAKGOCA,B08KKF5RW7,4.416753768920898
AHPJUTQ3YBWZYP3HHH5EN6ZKHQQA,B075FSQFPY,4.482245445251465
AGJJC3UVE2J5TFAG5AGCIFSMKZIA,B0165KH7GS,4.380097389221191
AHF4JEWQEROLVQZJJHSI67KKWTFA,B08DM9NFLH,4.61667013168335
AHAEDB7FPXJBM523PXFWBS6SWPRA,B07SB4413B,4.423863887786865
AE5D3UKKN4THMV55GGAARPRXHFCA,B001CWWNPK,4.435873985290527
AHHAZWP7DDUCLTBD2YOHLSGOWA7A,B08H7VTXWK,4.467263698577881
AHPVKP6B4O27XLL2I44H7ILH33SA,B00N5THBGO,4.450014591217041
AGLPJOIU5TK67LFND3AUIWMCAF3A,B07M7XDW33,4.516937255859375
AGFXATQGNYBKELFQPRMA7IGEMACA,B0BSGM6CQ9,4.55285120010376
AGJBLM6O43DUUTQI52GRVVR6YDFA,B09TXP3FSK,4.5194597244262695
AFRQHCPK4TP7CKDVVRWR524DVW3Q,B014H8AWGC,4.361604690551758
AGUGDFZRH2G72L23E4WIB7BGMOVA,B077J6ZGD5,4.582525253295898
AFRMUNBPGSPKWWIAB5W5OBNT4O3Q,B07B9W2XFS,4.526476860046387
AHF7TPHK72VNTRAA675SXPJ2NVKQ,B09KRR7C6R,4.439193248748779
AEVNCPAF4GHJPW2QRQBUTV7U5JBQ,B08T2KB92L,4.476219654083252
AEKS23KTJWPSSKWVWNUPKQMKOVGQ,B0B8P1YW7L,4.555174350738525
AG65H3KESUARZW3IYMRXVITV42TA,B00X7YJUGG,4.467483997344971
AGOHUZDWB7HUI6NQOLEY56QG6F7A,B06ZY6D39R,4.339969158172607
AEOYITVO4RHHLQUN3VQANSVDIN2Q,B0002IP47Y,4.4451704025268555
AHEG7C3WGLIFZ6KICEYYTTVB56TQ,B0035FZMYG,4.481616973876953
AFJ6SQSBNT2QNP2BTPXIFHDAL6CQ,B01C5TBX68,4.528283596038818
AG5JI7Y3IEBQNGD322UVZCXH4SAA,B01M8M90YJ,4.44707727432251
AECFLUVBH26B6DW5DNXN2S3TDG4A,B09JMYM88H,4.431315898895264
AFLX2VPV66I3RSCOSL2OPXLYZDJQ,B085H22BGK,4.494719505310059
AFZOLZJRFK54RYWXE2IADK2D5NUQ,B01142PFMA,4.412657737731934
AHPE2VIQMN4QQMY6FDOBTI5MDHTA,B09DVHGJSG,4.385563850402832
AFXTPN3SBU4JC4P3IZCFFNTXYQJA,B09SD4CD5Y,4.554465293884277
AF6TUHLWCEOMYDFENVEGKYKSHZZA,B0006NDF6C,4.460222244262695
AHS5EQSUTQIS6CCNXQEFCGK7XJ3A,B086W93GHN,4.490377902984619
AGUAR5LOTVA6SHQBEM5NYSO2EAWA,B00B5LDMH6,4.531309127807617
AERVJNZ5RKBWB4V5B74MU5LMZVEA,B0B5KX2882,4.448139190673828
AF6BGLFASHKUPEWPXBWFJKRMP3EQ,B07HGRFG5J,4.438426971435547
AFVFAY7JETKKWXAQBOPJTSALSAXA,B073VRMPDY,4.430693626403809
AFHHIAVPXFYRPDQYDE2OW4YO6FCQ,B08YK9HWTF,4.4356865882873535
AFZMYX6OPU3UF2637SDLHZLWYDVA,B01CFGB8KM,4.428775310516357
AER3THLOZ7KZ6X6L3ACFZTTHDTCA,B07PGMGJPN,4.445683002471924
AFVSDHRXFBIUSK43W2LYIG3ZP66Q,B01M0KBF9F,4.440770149230957
AE6XZHWP7GCYYMB3KMFGBUMEQOMA,B07ZW1GBVT,4.461452960968018
AGADQZLASMTW3AVWPQIS7EDRAKTA,B07RS1QKGK,4.48423433303833
AGOLR5ENOMVPT2UONE22M4YIQDAA,B01K1EJQ9U,4.553958892822266
AEY5RIKJ4WW2AV2RF36I6XHCXOLA,B004FEBS8K,4.293795585632324
AGOUQ73XWQY73FW3Q3BXYN7HXG2A,B0BSCGBBX5,4.521847248077393
AEGXN3ZQSG42J3F3APJQKTTPLTBQ,B0C67HCGBR,4.702569961547852
AEYMJEI6E6LOPJPL4OU6Z4T5FOWA,B015IJIO5U,4.402697563171387
AFHET3OYTMIYN4EAJ4AOAZSZBPXA,B0036FFKE2,4.458799839019775
AEEL5H2C5ALPNBR3N67HM3HTBFCA,B06Y6BCX7B,4.439016342163086
AEWTYTLUBCTWDPCKMTKUFN4SRADA,B0BXT6TM6N,4.576530933380127
AGZ3EEUWPVVLQX5LMBBYHNKNBSNQ,B0BPLFP5P6,4.3475775718688965
AH4ZEMKEG2WV7UHRLS6NGVBO5HKQ,B0BXX3MYXT,4.502991676330566
AGOYR4GPBPKPJRFMMGNOKALDT2RQ,B07DMS2QNL,4.427246570587158
AFXFBPCW7M5OYUSORHV6HQASVQWQ,B07YMGPV7P,4.574525833129883
AFRHPC7CFZICVH4IROAQCO7RL2GQ,B01F8BY2AO,4.473156929016113
AETNDIMM6EQH7SCFUYLUHJLBFKNA,B075R58Q4Y,4.359365463256836
AGNP5VOARWMYZYMNSQYQND4NB7TA,B0B31RCL2G,4.533909320831299
AGX5QVR6UPVGT4OYU5JCPSKN5X3Q,B004UDM37Q,4.5144524574279785
AHCHW2CQHUSBPPNXHFE4RPGIXXDA,B0007OGTGS,4.458240509033203
AHAVMJ7OKLRLFKHUSZEZQHPQCHWQ,B00WE6INNY,4.450229167938232
AHFIIUGZRRSUV74WTKV7GK3P4EPA,B0B9LKKBHK,4.421672821044922
AEZWVY7SNYXITG2YVXG4CWWGKJDQ,B07HFLRCR4,4.427664756774902
AFKCIAGGH7KHMU7JCN6ZGWX3ITYA,B0BR2G8WYG,4.559593677520752
AG25BHPXN3IJ53EHA7JCLMPPQUDA,B0BLH2CBVK,4.380415916442871
AFNKANPQUS5G3ENXFLAJ4CHWQGFQ,B07H6WG4CG,4.400275707244873
AFVQQLENFSRWGERDSJAIIEPSGCIQ,B00B5LDMH6,4.515678882598877
AGJ4XF6MVSXI2HMTCU4EF3JWNMBA,B00EOAF0G6,4.555566310882568
AFXRISBWQYPDQKEYLZ7VMKSDPDIQ,B00145EVJ6,4.491071701049805
AFYFTNZQOU3VO7KX7ORJ3Y5X4L2A,B071P9JVKN,4.374427795410156
AHUDHYMPKVYPTVUFMWLBMWJX67JA,B0BPLFP5P6,4.292410850524902
AGY4LSANTCTFGGXVHUO6BBDARX7A,B00W7ZL4TM,4.491907596588135
AG7TXC563E642KFHS5YINKSCWE6A,B0018TBECU,4.428175449371338
AHJUKDLBKDLRZWZ2OFNOSAYOCTZA,B07G37S6S9,4.481721878051758
AFIWXMQJNT65JSZVB3KM2EYVMKKA,B0BCK6L7S5,4.343989372253418
AFQK7EQ7D6ZPX7DJ5UOWB56BZWPA,B016ZHLN7K,4.450230598449707
AHVC53MIZ3LKW6OZXLC3O3F2OQMQ,B09857JRP2,4.747957229614258
AEJO75YNQXAOIKXC2PF4CZEORMUQ,B07MJ3KSVS,4.441823482513428
AEEPQGUUCOYUMX43HWU2JIINBSUA,B09V91H5XM,4.495006561279297
AHCHNJXZ6Y3IH7QNDRV5VQGVVADA,B07N2WWT61,4.44475793838501
AELE432LWG6NBGFTGTGVLMNILSWQ,B075MPFFRV,4.444174766540527
AHNXP6YEKG5ZEOEQU6M4K6Y2OM5A,B004TM31QK,4.456531524658203
AGGRPYA34S7CHDII6NQWKUXV2HCQ,B08DBDD6CM,4.522468566894531
AHNQUGN2YMD3VM6LSJESF73OMGPQ,B07KY75YGF,4.409904479980469
AEAPENO2NBGU2UVLRBSH77V2CIOQ,B09ZTH7BCS,4.41887092590332
AGUIRJTR5DFHIQP26TDUJVJNQVTA,B0BHXYL8BT,4.474092960357666
AEUHHZV7XCP7O6WIJWSYBCTFOV7A,B07SZLTL1W,4.256286144256592
AHP54DEEFACVFPIFX7KZ3P32ZYVQ,B09Y5NZ8PN,4.453189849853516
AFJKBXS63DTOIVPXS244TKEEFGWQ,B011NJRM48,4.452341079711914
AHKONMGJWJK5I4QUQ2ZCAGWIEYXQ,B00HJOTMT0,4.439785003662109
AEN36LLBEDJ7NFDSKJFQFV6GMSFQ,B00IY0BLB0,4.52649450302124
AEUAZXMQOTNMJM7QUXLCHLYB5AZA,B01M1GG05L,4.4255781173706055
AG7EI3UOXIQXEL5QDZPVKPSVR4UQ,B0089NNAFW,4.426390647888184
AFWZAOGMC5HAEDQAOX5MUN67T64Q,B015XDU5C6,4.423679351806641
AEIBMIYUP6WPZRTCVDSHQ5KNVIHQ,B08C9Z3BTS,4.488895893096924
AF6DCSQ2GVNG6DAKRDYPUCW74YCA,B0B1989GQS,4.467111587524414
AHAHIH6DC7KVK2DD3OX4VWX5Y5GQ,B004OK1G64,4.418231964111328
AFKMX6JZ655VPVYHBTATZQS4IBOQ,B085D7Y3JV,4.476434230804443
AFJFZ6GLBPK74N3SK5OCFJWPME4A,B01MD10XAU,4.294401168823242
AFESMXB2DZ2KFRQXDNW3DWDGS7WA,B07DX95KP2,4.429762840270996
AEYGPK264S4ZZEKDRL5VW7QFBUPQ,B00WJ3HL5I,4.423182487487793
AHMG3ALUBE3FEBHODTBHP5J24YDA,B0B312JZJG,4.4404377937316895
AHPIRROBFYQ2UMS7FLWJKMOWYIBQ,B07CBT4SYD,4.614704608917236
AGJU7X3JKHJKEK3CYRYDTRY7OEVQ,B01CQQMLKC,4.532252311706543
AHREWZTRX6ATMNDH6CLATXMKIINA,B08DBDD6CM,4.5215983390808105
AF4VYLI2QY2N7S65KZHMIET7OGOQ,B00AHEW7W8,4.372349739074707
AEXP37S7YKZSVJ26DLTWH3AYHTKQ,B08G8W9HJX,4.403728485107422
AF3BB3ZKONXGWB7PWVSJBXIPFUOQ,B0C61YYGT9,4.399757385253906
AHYICNHO5KASNWVVEGAZHUM3LNVA,B01AW50ADE,4.418149471282959
AEDTPBZP4AQMS7RZKEZKZYHDPT6Q,B06XPCNFRQ,4.430539131164551
AGBD57DOENI7Z45BUDSSNWUZB7IQ,B07PKL11N3,4.427971839904785
AEH52AKWVKZCLB6TLF7SYDFOFMCQ,B09BF8XDF4,4.639731407165527
AFLNJEKYTPPZDLQ4PSQ7UH3N6OMQ,B01MRJUB7Z,4.38913106918335
AHLWBN3XMEJUKJQECDTG4PZYDI7Q,B07BHM7RKB,4.270780086517334
AFTM6NO5MNIUK5GNNXPYZSHSSIRQ,B001LXMXU0,4.486952304840088
AHWEBH3KB6T6BTSHWJNFHOYZA74Q,B000RXN6XI,4.471555709838867
AHEMAURZYRCARVTVF6CQYTYE4I4Q,B082DBGJHM,4.4036478996276855
AFWYGASZ6IGNFBSGEOUTEAQ54TWQ,B01AH3RSAO,4.449204444885254
AFDV5K3VD23LQNRZZONVHGJUVCLQ,B012V1TG9G,4.418201923370361
AGFCZHTATBUI4HMETZZ5DXULTZJQ,B00IFOTSJW,4.591078281402588
AGRCVTGVKU6I4WAR4WJGCAQZM6XA,B07FSD3CP4,4.419778823852539
AHBJS5XJDFWKWPLRDNP2GGKCHHCA,B088WMVDZB,4.3870954513549805
AH2GKTYXSNROUD6VA6IH3IP3XRIA,B09R3CJSR1,4.44737434387207
AGOHUZDWB7HUI6NQOLEY56QG6F7A,B018S20LB4,4.406243324279785
AHWOHCJDFWFEM4PGOZB4NP7D4AVA,B08XZH8DTM,4.381265163421631
AEU4ZKO7CCFVXMEKTRVCO5CRN3QQ,B008PIVRY2,4.4967546463012695
AG4NCPCLWH3ZWUCXA7HLVRQ2XLNA,B071XBX2HW,4.446761608123779
AFFIKTHLF35JXNMYR3GSG4HJRYAQ,B014ZZW8QE,4.323085784912109
AGTKP6UKPCRCX7DN3BRMOXKI3EIA,B079P9LDHN,4.510700225830078
AHYZGTJ4E4TS3IE24HF6IQRJV24Q,B0BR2NW577,4.529186725616455
AG4KTMEI5K6SATAUEUJ2LELQYBRA,B075MPFFRV,4.463737487792969
AFQFEJJS3JP7MIHAPIDLWQHKBWEQ,B09Y1QWK5W,4.436940670013428
AGKWSSS7E3YKKUJSQZJZXI5ZE5KA,B07PRC5VQB,4.3965630531311035
AHOVBMETSKJH7C2RPYQFETIBUMLA,B00UAKWHB0,4.403735637664795
AE53AVIEMEFU245TVANDSUXTHP3Q,B0B16WH36J,4.632222652435303
AESVKFHONG5B25UZH7DRJ56ARJJQ,B01DBS3WJS,4.4577317237854
AHAXTKZXG64KPAV6TPVUASJ33E4A,B007LEV86S,4.4869794845581055
AFKB2ICK554PA2D3H5ONFC3VL3GA,B0784PVZWN,4.4124064445495605
AERNB7KZPZZGGM4BIHCV6KAAARKA,B003GEJ5J4,4.257983207702637
AERQYULSHI3ZZFNI7XJOKFYYEEBA,B0047VIXBG,4.471176624298096
AEUOVHII7R2OLOQIOMVO5JFCRWOQ,B01G35TZAG,4.49171781539917
AF7CC34DK36SQJS7WXI44DREGWJA,B0B81D5BB4,4.544839382171631
AHYZHJQR66MRI2KKUWA3OG4BFJZA,B07GFH8NTB,4.5979509353637695
AHWKSJ62EEEXSRG3ZHRNWBEXWFXA,B0BGHR251K,4.410505294799805
AFBFIVH32NPCDO5PE5DKWZXDKA5A,B01I6EHKL8,4.3810272216796875
AGJSFZPZUX63MGYM3TCLXEPLTIKQ,B0185B3CC8,4.482176780700684
AFPOTFD5RRB6MHZQ5P5UIVG7QTBA,B0BR2THBR2,4.513216495513916
AFIJ75JQSAJKRL6RFKMSLPMHA5AA,B0BXBG7VRD,4.417829513549805
AEHGPRL2ZLF6TY6JWBNFJNIDTE6Q,B0BPJ4Q6FJ,4.566612243652344
AGSE3WV7SGP44ULL3HPGIDU6BY5Q,B0BR2ND5SV,4.4873528480529785
AFXVOM24JL7OMMEJEY7HEA7DYH3A,B0010GKX0K,4.447484970092773
AGE5YXPVOTT7B2DW5B4LPLL4GL5A,B01DXVB4RU,4.528950214385986
AFQ4E2UCAYIG6LU7UP4EZMMKNYFQ,B00IZA1GI2,4.537981986999512
AEI4K2NEMJ2UZLNR73JRGWEDU7AA,B0C6J1X7TD,4.52858829498291
AG2CCIXDW6TXDNC64A5422PFL67A,B07YPXFDTS,4.4807939529418945
AEN5K6M24BIRZAYWNS7LDH65I43A,B000FLHSAY,4.45035457611084
AEKS23KTJWPSSKWVWNUPKQMKOVGQ,B001ANI6FW,4.480093002319336
AGDHUM4WRPOAECBDRPRDIJ6BEYKA,B006BST39E,4.51790189743042
AE3GCADR2HTGRNXWR33YGTZ6XW6Q,B0B8M5FJ9W,4.516759872436523
AHKXGOAE46LEG27N25E5KZONL77Q,B09T4TND5G,4.454051971435547
AEXJUIGHYYB3Y5RWBAYB2EIUENAQ,B09MXDPD57,4.449274063110352
AEE6Z622I6B7FO37VS3WLJIDBG5A,B008H51464,4.398594856262207
AEMOYADP2JOCWPFFSQD5XOHPNCCQ,B0C6HZ3ZW6,4.546411514282227
AGDJZFFQ2ARQJQOPZ4LCAJA5TCRA,B083MWZ1DN,4.45320463180542
AEAETBOZH2YG3Q5K73YLQSKVSD5A,B0002H0M7W,4.44528341293335
AGOAOXZU4C2FYKKH4X4NPAYPOI4A,B0749T9HMM,4.480189800262451
AGYVQXISNIURL4AIOHGR526WXLZA,B00TV0SA7U,4.509511947631836
AEAOAPF3OQV4VSD4BCQGS33IPJKQ,B018FCZKR2,4.519756317138672
AGV3WQAKB47WL6YGX3IYAVEEFU4Q,B07FZ5XBCJ,4.362060070037842
AGXOXA6HK2C4NUP4ADQCGLLQ234A,B0002F4Y78,4.458745002746582
AEWZDYB2M3BYZEF4BFP3VE2FNS5A,B07MX64M6L,4.463976860046387
AHSKOQWXLLQEV4YYMFNWBQQMWZBA,B0BX8SSNYP,4.332335948944092
AHFI6EVQKDDMROI4RSVPWF2Y6ADQ,B0C9NGP88D,4.554337024688721
AET3S3QXEZM7Y7MDGCJTFTTOPAHQ,B073S9BHBV,4.515599250793457
AHLRGX2BFGLQ4JCYSS5DB2AK2ZQQ,B000BYPJ1U,4.422966957092285
AGKR74DLGAXCX37YVUNAFND6QKQA,B07NDGTFJJ,4.560225486755371
AGUMJHIDCBW2XGASEMJIHD26JN3Q,B09F2HJKHR,4.457913875579834
AEXX7CEHGXHPKKA63HPYS3JR53EQ,B07K2J841D,4.4454498291015625
AHVFEBH4PD2V3XK2AZ44LFXTPZUA,B097FMTZCP,4.30226469039917
AGKQLSTQJOGWRWV6GHIZXSLB4VQA,B09Y1X5BSC,4.520707130432129
AGSP5UQZMOO4U4VWUL2CVBV35NDA,B07BHTDYGR,4.436845302581787
AG3SNVZAJVFMX5WPHZIDVAPO6YBA,B0B1DNT9HT,4.409108638763428
AG5FEKWGQDLOPZPCCVTDEL5TWMLQ,B01LQM3534,4.322401523590088
AF6JSVPJ2DCT5CECPNXDU5PWBMEQ,B09857JRP2,4.740720748901367
AFPR4KLOEJKVJKQ2HDNYKIUFOZNQ,B0BCXKFMKD,4.539381504058838
AFKUVBPUO5PIIBCJYBKMQABF4VJA,B078X3SSY7,4.368370056152344
AF5WH2KQNQ23M7NVENH7F5ORQ6NA,B071P23N7Q,4.399549961090088
AGQ4KUC5JAXB3A6UGXUM5DIPW4LQ,B08718Q5J3,4.408285140991211
AEMLDUMRZRY3H5UQSTVOGIKOR6HQ,B0073B587E,4.409974098205566
AFZIQSQJWTGIF5JPJXUSHLEPWROA,B0CC665SQH,4.47472620010376
AFA6BGHQNJZBSW5VM342TSSCPFXQ,B08BTH6VJ8,4.406976222991943
AGLS3LXZRF3S6AHDXUNPUKPFSFSQ,B0006ZNAZ6,4.543663024902344
AGTY3O2EKBN5YXIM26GX7FDP4BCQ,B09WJ596LC,4.531476974487305
AEER2N4OMRBWAG7BWDUO2DOVBICA,B09YRWWW7L,4.442647457122803
AEEDYZE7SWKKVMVWYZD35VYCMAWQ,B0BT855NFQ,4.476522922515869
AFUZR6TRZXN3X2ZRRPFB3BQMI3VA,B08R5GM6YB,4.415831089019775
AHCPG6UCDD3OKNGACZNLW3EXJXUQ,B07TN2CHPZ,4.443016052246094
AEQNSBGTU3I3VAIGJUOE56OM26BQ,B099NYHNRG,4.688783168792725
AEUB3AAUYNXUO6DFNVU465ED2F4A,B0C3RC7WWX,4.451606273651123
AGZQD37YMBU4CNUZBI2JU3MLXG7Q,B0BPKH4HB2,4.533535003662109
AG662TUAT4KJA67XSMAKRIIRF7QQ,B07NLKL6N9,4.395965099334717
AGZYNSF4BAY5PVTF5ZPIUHE7C5OA,B00VOQQDHI,4.493699073791504
AHXZMBZM7TCTGR6YQ7MI7LEAZ7QA,B07WW5PKCP,4.594877243041992
AF7S6K2LJFYM5UXGVQ5VVFCGA65A,B0BKZ5NP3K,4.502777576446533
AGVRYUDMQMBAJA3U6U7Q4WECPRNA,B0C6HZHZG9,4.555285453796387
AHK3GB2AAC6VO2ZUJV3MAIC5ZCPQ,B0085545YO,4.4547810554504395
AH3ZYF275M4EUI5TZFJ4OZ6DSUYA,B005NZ05J8,4.344268321990967
AHGUGE7UGFA25SLUIXAHIVGXNEPQ,B07S1SP7LY,4.403500556945801
AEGNNCCRQPA57ZYBT3IO44I2VAPA,B0BR2HWY75,4.409601211547852
AHEMIIDJNI5YOZXFEFFBQAEY5QOQ,B0B8CWRSFG,4.370781421661377
AEH3PVS3ATD4V36TYF4TQWHSQYBQ,B007Q0C3RU,4.4621357917785645
AGEKML3B3AXH5J42LHHD5H2UGZBQ,B000BBQPBG,4.406627655029297
AGHE2EDF3FFNNWAVGAQ4S6K7PBKQ,B0BLV556W7,4.4427618980407715
AFDS5HV3F3ONORE7U7PMXMVMZAUA,B0BL8897K3,4.586614608764648
AGISLAL2FVA52GBP2CQYQ4TFGSTQ,B0B6P55RBN,4.39716100692749
AHFKHAG5UQQQGJWTD2C7A6NJHVEA,B071W1J3WR,4.447054862976074
AEDBU4UHNM6F5BEWRO2LY2LGYAJA,B002G1UT5C,4.244394779205322
AEYVE4K36ZVU3OCAGOGH3GL3JFPQ,B018FCZKR2,4.50638484954834
AFFCCV37Z32PXRMUD7KANRJ4OBWQ,B00005ML71,4.525223255157471
AHD6HKJ4CNXV33UEHRJ4VY2ABMTA,B081T39QJS,4.455048561096191
AH7ZNBHNNGX7KN4JFOB53G3Q5WGQ,B07BLKHLPK,4.416326999664307
AFBBHTNRJHWRCWTCGXE54MJWVX7Q,B0002II66U,4.502808094024658
AFCXJHXCH3WOXI7C2WIUSEKMHYXQ,B088JYK3ZL,4.452569007873535
AHIE3AXU3OL7AJHSRPSDNC53Q23A,B09KS976VL,4.442707538604736
AF5XBYLOZUWJLVK7F7ZQDL6OZPJA,B07V3NL6JD,4.3239827156066895
AGZYJ2ZZTZUYPVH3JUSEDFY24SEQ,B0BFKQGWZ7,4.4694952964782715
AHW7ETGBKGX6DCG2LBAG5YAXU46A,B08YN4F15G,4.448070049285889
AFRQ5Q5OIRGZ4ED2XWF3CMLZVW4A,B005IHLSTM,4.443023204803467
AHUPJSMPURGM4QXXHW7VZLHZHITQ,B00CE20J3K,4.277158260345459
AHA5GU6ZUSCVSK2VNE6364ZRDJNA,B01B1IBSIM,4.357044696807861
AF3KN3WD7YOQI7G633UMGOQUQDOQ,B0BPJ4Q6FJ,4.608530044555664
AEBGYELMA4BKQPPWGIREPQXDLGQA,B01LB3T45G,4.467042922973633
AGBUFE4F746573LDJ65QKCODIDCQ,B075R9BMF5,4.334988594055176
AGZS2D53KAOXXASMVM6RY5KBRQHQ,B06Y19G8WD,4.4092841148376465
AH6LYS5Y3M7WNKZ2VVBZUKUNWYKQ,B07HHKV19H,4.5239033699035645
AFVMTWBWIB5HH4Y352HP7XS65WSQ,B07CQS5BMH,4.542504787445068
AGRLBP36CVERCY4ZWEP3EWGF4JZA,B09857JRP2,4.756371974945068
AGHIMWAIM6LO7YDHL2CEV6NVRWWA,B07SWF48CY,4.39946174621582
AHTCW5VTIHGE4NVJRTZ5TRV5PFDA,B000J5WB4E,4.322068691253662
AFLCMXOFCVAMVRAU75DUP5AHXXFA,B002N4GBLI,4.4275007247924805
AGM6KNEL26JNB7DRQKFK5AZZXVTA,B0014STI7S,4.435644626617432
AEU4ZKO7CCFVXMEKTRVCO5CRN3QQ,B001G3XRVE,4.446696758270264
AEEFEPZ4HBVZ47W7VUOSW7JNX4MA,B0BHG58G2F,4.542487144470215
AF4WHAAZO2VKSW6GJJG5R5G2TXUQ,B08H7VTXWK,4.455569744110107
AHQGNHYEMY2THNZXZZJAT3VS4FIA,B0002E2TTO,4.448622703552246
AHMUAUOHLITDKIKI4C3KVRWIBMAQ,B0BX8VJYMD,4.324801445007324
AH4RORLGCUXFWGQT2EAB5G7UH7VA,B015X3CXXA,4.418881893157959
AF5BJKEIHNGBPJBFWGW75ELTVRNQ,B07C91JT14,4.351860046386719
AGJJ5YX3GKPBX22A2DKXRPX57MUA,B07SFYY1VJ,4.534636974334717
AFWE7V3NYN4D7OKBSFYLF6KPSIAQ,B0BKR2ZM9X,4.6067118644714355
AF6LG365X7TL2DPS7HGYK5BOIVTA,B0B3VQ8DY8,4.5432257652282715
AFDSVXNRE2LCL6KR76GDPSVAUEXQ,B0002Z2CZY,4.4183807373046875
AG2CYX4ICATMPE465ZDZ6RQQRLLA,B0B5N91GLB,4.415668487548828
AHL6UZNIFDSOKASI2VECZG2QJO2Q,B017808XKS,4.587395668029785
AEQ2MOHAZIIMHROOS5VRWJC2T3BQ,B01J317H5M,4.447957515716553
AEEFDB5HGXZPRAVTHRBJOUKMWXIA,B0BCL7N4MB,4.31542444229126
AFOKRVF2NCLL5AUDCDDXVWDKO6WQ,B00EM5UOE6,4.522120475769043
AHFPXB2URVT5XNVXG54QIEM4Z2DQ,B09YYB7MNN,4.442826271057129
AEWSTSKVSAZIWM6TBKXZRHK5NFJA,B098DLRBXR,4.439091205596924
AF4ANWLDVQRE4MM7UMLBQNFJAX4A,B0C3VVNXPF,4.416091442108154
AEZXWNGHCKWX74CZNLY5E724HBLQ,B07BQRDVYJ,4.423091888427734
AGZYM4VIZUW2D6KCPB7D52O7E4MQ,B00WJ3HL5I,4.425293445587158
AF4F5YORO5MADXZQC63MO65FQDGA,B09857JRP2,4.746787071228027
AGF7GPI5ZHALTTZMU74STRMGRJTA,B0749X9R8J,4.436196327209473
AHMG3ALUBE3FEBHODTBHP5J24YDA,B07XFNJL66,4.452422142028809
AE5URYH3HQE4N5WYARBDJSMMWCOQ,B09396NY1C,4.399033546447754
AG3ML6ROY7CFJTLMPJYWIW7KXQ7A,B0BPLFP5P6,4.353778839111328
AH2ZDSONTKASCAR4RDCD5SEPTPNA,B0BPJ4Q6FJ,4.619257926940918
AETEDS6HQJWX2EQYEQFUIAHTTJXQ,B00N0EPZU8,4.369576454162598
AGHQJW3LPG3HCBOB7YWKEYA4KWRQ,B00009W40G,4.402164936065674
AHMUFF5EOXLXLQW54WQMGDGWVDSQ,B0006ZXFWO,4.45824670791626
AEOSQV627LGYW2ZHUPCFZTYSSRXA,B0BZTB9B4X,4.515777587890625
AF3C2LCNGH35OK6HLCMX7RTG3HEA,B08MZTBDV1,4.423702239990234
AH7EXT73SLCGBJC4OYS3MXIDCKCQ,B07LCRPFW2,4.495150566101074
AG52TGAEELTPZNJOS72J33VALWEQ,B00OGNDKEA,4.470882892608643
AEU6AFGJV7RWYKXGGONYMF4GOGBA,B001PGXIVG,4.387421607971191
AGSAGGYZSLPFCVOJ3XTIUN42A52A,B00L5R5W2I,4.398711204528809
AFRHPTCG4SZVWT7QOV7G6TW3GXPA,B078L11275,4.401353359222412
AGZB437NN6DJ6CBJLPBIO2CG4NEA,B0BFF85D9R,4.394984722137451
AHWJXB2NGYU4QVDQGXXASEMTCRDA,B0007XRMO2,4.439446926116943
AH4I7EG2GI4L35NZBNZONB7BDYXA,B000TGSM6E,4.346468448638916
AG6ATLCKETNYRKL6GCQV35CSSGPA,B01N13O0N5,4.37574577331543
AHJTFIUDE3J4S2YMRXGTEHQK6MBQ,B07281RLMX,4.535325527191162
AHMWUDNW4LCB7NSSIZUMNSHYFWXA,B08GZH46GW,4.549184322357178
AFC37H5DNDOQKBJSCEETE6T7JTGA,B09LYNWVPC,4.424877643585205
AHMA7ASEUEDMYKTWHXZ22SLC46GQ,B00VNSOK2C,4.480234146118164
AG2R6QX4BQPXG5LZLRQMRXMXRLLA,B08ZKGSL4D,4.447408676147461
AGIH5L56GRLWMJ7L4TLTXPN6SA2A,B09WJ35129,4.537832260131836
AHDZKHRJWZJ22G7JY6NX7TTCEOTQ,B019ONS4TC,4.457235813140869
AECRFIY3HZZG5KMU424HTLAKDGFA,B08LRFCDTK,4.464474201202393
AGCML7EM4QFDKXX7WKPZ5XXY3PRQ,B07M6B3RDW,4.458164691925049
AFXGSPUGWEKJENYDNCYEHUOLMPUQ,B09R3KNKKG,4.554751873016357
AHWPWNFLXL7W4KGXBI7CLXNK7REQ,B09CSNM1YM,4.531014919281006
AFNPD5FM2TPEJNP3DIHSGRKUOUVA,B08JMQR2JK,4.472741603851318
AHBKIH4KMVEHIWF4ZAES4DZUTS7A,B003VYBNLW,4.45427942276001
AEFEKAUOKJGCDC6MGYJHGUOF76LQ,B07V2JKL3M,4.458425521850586
AE4VA3LICLS3K5F2Z3EG6YYW7J2A,B0002E3DNK,4.441860675811768
AHMDBI54P7X4K4YRWKYC2XD73CNA,B07M7XDW33,4.509420394897461
AH6NWVW3W4RUQ34GIN2XFX5C2OGQ,B0BXX1RRNT,4.532516956329346
AGRBVW3SOLA34DPI24SNBQDSKK2Q,B00NPAMDQ6,4.548458099365234
AFG7DJM5DPJBHJD5QAX7GXECNFTA,B00EB121KG,4.461007118225098
AFFHKWRLXMUNAJP6Q3X3PBIFFKDQ,B0002GWRIK,4.556886672973633
AHMR6LWHM2P6SFZHQLVO4VOENEWA,B0BTC9YJ2W,4.569604873657227
AENKFLBSFB4IJCQNML2GSJMXDRBQ,B001LYDI6C,4.448009490966797
AFYXC6LKP472MEO5OS2ICSPIUNOA,B087WVJGQQ,4.430819034576416
AESSUWJ57ZQ6VRMWJYR53UJT2H6A,B09VP6F1DV,4.443408012390137
AHGTJA2GQU4VEMRCUSHCWG6KBVRQ,B0BYXQHW7Y,4.3966264724731445
AHZQPH7HHSWLUIQFWEQ54NNKKN6A,B07VPLFNYM,4.255359172821045
AEVI3IWEFPFSW3XVSOSXOTXUENHQ,B0863H1DN7,4.491262435913086
AHHOVCJCDCAVW23ULQBBAGKUHYMA,B09QM4ZYRV,4.407647132873535
AHLYHY5UA5XWTXG7ZNN4DMYEXNRA,B0179A4ILK,4.446485996246338
AFCPOLPR7FDDEPMS2ZSJKAPMCJQQ,B0C4DG9Z5G,4.4043755531311035
AHRIIQ5JK3SM4KX2ZPCI4SZL23XA,B074WXM13T,4.491096019744873
AFQRADPBJBT3FQPLY3DLXYDZYNFQ,B075R58Q4Y,4.364121437072754
AEHHK2RNICHW2UIC62SQB3HMRYOQ,B075Q8WNG9,4.468722820281982
AEJSAI4YKNWNMXHTUKTJH7WEBGDQ,B01HN41Y2I,4.440657615661621
AGGLA4XVPGU3OQSHL4VJ7QD7DEZA,B06XK7WQK3,4.393284320831299
AE6TYSATATHUCWNO5ALASJCCV4UA,B00005ML71,4.520278453826904
AEGKJ7WJCHGWAAUC6CRMKUEZYKWA,B08XMMFQ27,4.4611711502075195
AHR2T6WRBZHZQDINIP4FEKFMJLGA,B019OO4IY6,4.451385021209717
AGYKBJXKGCM7FUQSK5JSIT35DOJA,B0B3VR19HS,4.587571620941162
AEMXGB4ZOBCCTEB73OXEDAITLCAA,B00K17YFC6,4.424722671508789
AGHKWLNKR3YTHTYZZCFTKDICRV3Q,B004THBG3A,4.420011520385742
AEENGR3NSQCF7Q5GDBXAQXWXSCQQ,B007YFWTXU,4.432938575744629
AEBO6XPHTBYVBGL2XXLMTUI5YL6Q,B09S2VB3KW,4.567861557006836
AEYZ2RBVCX7RAUVJ7ZWEGBCWWKVA,B00L0X8ATE,4.462189674377441
AGMO25NSI27D64W37GCW2T7W3R4A,B088GN7LPT,4.522063732147217
AHBLH67EE2QDH34EJI642YUJ5J3Q,B07N2WWT61,4.4802565574646
AFQOJI577L2A64VC676GX457NUXA,B0817CVBLV,4.52593994140625
AGNPQSAJGJ72E5OPR2NHS4CEA4BA,B07122K1X4,4.442150115966797
AEQVLVI3JUHYSVHO45F7CJ5NGY5A,B09857JRP2,4.747219562530518
AFZSMLMBFEZVO3R444YHFYZANESA,B01NAV3253,4.493927478790283
AEADVMHY7IFFYDMM2IINZGE7UDEQ,B074T1SZGQ,4.425140380859375
AGVJXUBDRIXMPXZRVHZIL6AFIJ3Q,B07MJVGJSV,4.303420066833496
AE32OUD2ECEL5QO4NPPT23BAT6MA,B015IJIO5U,4.405454158782959
AG6Y5E4F6CFUDIINMDTXIE4L4VXA,B091MZPYBQ,4.45668363571167
AEVKLTY6WVGWFBUFNPQPPBBJJEXA,B06ZZ3YR46,4.330092430114746
AHBGGY6ZT6ROC5OQFXIBKGL4TJSQ,B000EENO2S,4.5968732833862305
AECYDZGJO6K6MMZIWTQA4RTK6QZA,B01EGV6UJ8,4.487713813781738
AH5IKWFPOCFRFA3RCWSUEUCZY25A,B0BHSG5C3G,4.557193756103516
AGV2SDA2PDL4BHFY4AQVYRETU3IA,B07STM2JNJ,4.440728664398193
AGQBXAZWYG3Y3QUON7MFLKQPF7VQ,B07CC51PMN,4.527201175689697
AGB5CRFACFQG6C3OB2TSE5JC5FHA,B00A9K386E,4.468317031860352
AE2NWSTL7JJJWOCBKZCZF6KDQIZQ,B0BLZD2X18,4.549304485321045
AFQBQXS26P44XI4LLUZHOQQCVDZQ,B004K1UKH8,4.491252899169922
AEU4ZKO7CCFVXMEKTRVCO5CRN3QQ,B00GOIC1S6,4.449203968048096
AG2WY45W3ZZ7FJHO36GRV2VSO6DQ,B079P9LDHN,4.544532775878906
AHA4C72NXTSR4V2TQQUIBOQMWYPQ,B002UXS4JO,4.467267990112305
AHMM3SULKEN7UHFRSLVQ67BCKIJA,B01AFHSS92,4.422844886779785
AFDY3YK7KL7STMYZLEDJ7WYNWYLQ,B0C53Z9TDF,4.47318696975708
AF3FYICX6MT2J3E7RBI6WGC2DSVA,B07KDYH2DF,4.416730880737305
AGXCH2LCCUKRTTDKCHZPNHNDVBIQ,B005M0CK9M,4.278015613555908
AFYHLB2VSKHODIMERHWHKEVNEK6Q,B09Q39C7W2,4.484794616699219
AECV7C3OLRHG443BVO7ABZI3GHYA,B07V4GG652,4.536092758178711
AELA5OUVEKLLQW7MHMZ7NYMTOSCQ,B07JZBH686,4.440816402435303
AH3UBUKNUPJRPZ4MFG4JFE2BD2RA,B006UOSUW0,4.552975654602051
AFVDSO7FDJY6PZTIVD4GQC4BI5JQ,B00181T20O,4.31043004989624
AH5D4TGHJYMBAAJAQUYH5E2OHAFQ,B005Q1XR8U,4.421083450317383
AFQ7VJBUAFMCD6WLRMNJVL5IZGUA,B07GFH8NTB,4.619888782501221
AETYS626OQR6IWDN7UJPGDA4NNLQ,B00724YJJ0,4.489294528961182
AHGHMXKZP7RLWP5BATYVEJ2I4TDA,B09S2VB3KW,4.571020603179932
AGKRNNH3IAWPL4TX5MZBC7TMM7XQ,B06ZZ375CD,4.545079708099365
AHETPYRS55HBETNZJ7ACESF5QNCQ,B09TRX519R,4.588953018188477
AEVIFWQIE6IT26354QCYQ3MYXDHQ,B06XK7WQK3,4.408681869506836
AF5WGXXX4SL4PKFN7AU23HDQWVRQ,B07Y863YT7,4.429213523864746
AHL4CAHXRDV56YKGU6E3OIXIVUGQ,B0C4RBG7N1,4.484104156494141
AE2ZMLACD5CPEMTXPRPHFHSJG6OA,B09JFZ3CKY,4.4116106033325195
AEKBROPSAIVCFRQDXYRMBSY6SHYQ,B075MPFFRV,4.462479114532471
AGAZPMNPPQLZ75YRCHEKYHB65VZA,B0BKZ7LF6F,4.37442684173584
AF3FXB3DJ6UZ3WQKPBDGWRSYSBSQ,B076346CZ9,4.4954400062561035
AE7HFNHDMZFWK4FQ2NZDBVJ2LD7A,B0BT9R8MMV,4.545160293579102
AEKUQFFCCUATJUR242AUVNNEMCEA,B09DY5162V,4.456778049468994
AGLM7F2WLHQ4B3PTAIWHKRF5YLPA,B0057FXCOE,4.452332019805908
AFHRPCWEWPAAA2ZVLDTJHDIFR3VA,B09RZR7QYC,4.4376540184021
AE2BCWBDERZKN3ACIXQQISI3LHPA,B07NDHXQQV,4.5116777420043945
AGIEKLTWZL63QZ7YJXTOGJWADVEQ,B06XZ59PPS,4.6197919845581055
AFMEABMXB2346O6T7C7ZCYFGX3XA,B08T13DP55,4.4159135818481445
AFH6SP67XWRJPVGNF37PPFMELPVA,B07PSWC1XY,4.3881916999816895
AGPS3ATD4MZWB2MNG3GZ2GOLBDGQ,B06XW9MTTV,4.443183422088623
AHUAXFKMPTODFNHJRRDSNCHKGUPQ,B0B8Z6XZ8P,4.410518646240234
AGK7YMB73MWEM3E6LTIDR2OW225Q,B0B47KFZCG,4.442759990692139
AEZPYVYVDCU6K2JBBSU33PGJQGQQ,B0BT2Q355P,4.560036659240723
AFBHZWYSP7A5KILYEILKRC5HDZFA,B07MDPF4SZ,4.464382648468018
AHGDGUCZQWIECGRE3LJRI5PLTXJA,B06XGS3ZD3,4.437811374664307
AEYVWHALKMARVCXXX6XJOATQ5LHA,B08XMK3D28,4.466190814971924
AG7NDDHQBGXQDQLHZPCWYMAWYM5A,B000J5XS3C,4.314211845397949
AG3FOCUC5MJAFY63RNQSRDSZAICQ,B074K56PFT,4.500516891479492
AFIENCUIHMROWDUODFRALNXMYGPQ,B01N9V0GV5,4.468549728393555
AEQNSBGTU3I3VAIGJUOE56OM26BQ,B09FQ2LWR9,4.4391045570373535
AE3FAEGMA6K2A7N44AF7VEHMEQCA,B01F7GQ8DY,4.390566349029541
AFWIFQAR524D4CLYLL7RIQX74JJQ,B093YKC48W,4.282683849334717
AE353MBNVOAUGAX6GEHR7S7GNMAQ,B08R5GM6YB,4.403409481048584
AFEHPC5MSRUR2QWD6IRZ4KB42VRQ,B01C6YZN90,4.459503650665283
AEHP4UUNN2YJ74TCSRCZ76U2FLMA,B000CZ0R3S,4.5616278648376465
AFXA4I44KYAST2OMETQBFTDTJI2A,B0B8FSCM9L,4.444827556610107
AF2GNRUCCIC5DYCDJQ6XF45STO3Q,B0018A5R5O,4.45443868637085
AHQPPPWBZCUEIKOIGEGXMBNDWQTA,B016QUXTZU,4.326770305633545
AFE22TU6VNOILTKLAIRVLBYKYZNA,B01N2W837N,4.4127726554870605
AERBXYCVD6YTQ6I2JV2SFSQRODHQ,B000N5MK8M,4.390049934387207
AGYK2YYS35CDU2Z77ZQR7L3IAX4Q,B09QCPLYJ2,4.355005741119385
AGSTYKEKF5C2L4KHWKEKCYZC7Y2A,B0BT862N4P,4.543491363525391
AGGC2NUD4OH4CW2EV7ESFUAAPCIA,B008OEWZ5M,4.4542059898376465
AH5JR6SYFSYSUV3LIPKY7SSMA7IQ,B0BQ2ZB5JX,4.389832496643066
AHQKFLQUU5UH37DGEKVOKYZ6KQCA,B00LOAASPC,4.47468376159668
AH3M56TVSIIT635XXCL7ZXR44TYQ,B005ETZBCY,4.435703754425049
AFUMN3VI5ZJLQ2DDJ2GBRRCH3WKQ,B0B8LW5KJM,4.453273773193359
AHCBAX4LOMZVVIZTC4FMKDLJTJWA,B0B4RDZ88X,4.390511512756348
AEPLHCEMDY74XNN6GUSZWQ74YQEA,B001R2O0BK,4.437820911407471
AGSWTRJPZ7AVS2C33JGND5BQ6SMQ,B0B7C7PYVC,4.4730000495910645
AFWUAQXCBZOOS3ATVLTXPMJEPEQA,B07C3BKLD5,4.456461429595947
AGJY2PI4JDBLJCSAK6BMEBG5FR3A,B0009G009G,4.4417619705200195
AHL4BCH2O33HFN7KSBTIJUHCJYDA,B09SH9C3S1,4.488336086273193
AFFYC346GQWLWCWVTPNBIHK4QDIA,B08DM9NFLH,4.638530254364014
AH44K3RPIQMVWG2G4EB5FPVIVUEQ,B074KPCGYL,4.343456745147705
AHBLX7LQNWI4JT7YGUE5I2VHGJPQ,B0CCK4YYNM,4.392882347106934
AHMUAUOHLITDKIKI4C3KVRWIBMAQ,B0BYNM15YB,4.298938274383545
AF2HAUDZBKQZM5XZ2DM4UPO237UQ,B0B949FD92,4.467104434967041
AF4IJMVZHPMUQMVPAUSENZRJFPBA,B00KND95KK,4.367844104766846
AEVIDOETQTYGFWUVJGTIDMWH4YFQ,B01AJV71F6,4.339319229125977
AHZH6A7SOLVJWYYVF7IA446ZC45A,B098PKTTRQ,4.421555995941162
AGOCJ6OBH4PHTFMTCXSATWY3RSWA,B07BRK2M2Q,4.409770965576172
AEG4UODHFEOZAWUPC5CJVONTQNVQ,B09PWCF6T9,4.481930255889893
AFVPTT34R7Q5LTSLB36DQBSHMVAQ,B09TXP3FSK,4.535158634185791
AFEPLHWMMPUHJCXBCDWHIDLE2A6Q,B096K2LZKH,4.536577224731445
AFEU72LBPQ6KPZM6WG23YI5DURKA,B07L6RCDP7,4.518997669219971
AFNH3KVRKGZ3RENJGQ5NUX6KNVYA,B016E9HCTW,4.43963098526001
AEIORZCHRBVERYFCQZTGPTVUYIWQ,B00S9GPS7M,4.436049938201904
AEA2TT5QTGCAS3N3HRTGKYXJFBRA,B07TWWT1KP,4.347912788391113
AGIS2VFFRNC2ZUF5LKWZ7TQGTHGQ,B000P1RB9C,4.5265703201293945
AGMTCMP27WCMMXZ3R3FJ5F4KDABA,B0B8F6LD9F,4.586295127868652
AEXL5EIHZE4PJ22225FWU7RBPLCQ,B0C67HCGBR,4.725117206573486
AG24A7D2ZL3IT6I4CMXUA2N5YX6Q,B000EENMUC,4.50504207611084
AGKTBKXWB7TSHCSCALSFSEL36QNQ,B075PXZX7R,4.424925804138184
AFKQDKDIZX7G5QJH3LDYG56O3NXQ,B00EW5I30I,4.447718620300293
AGHEYBT2KQDX2I32KRBZ7D4RCZIQ,B0011FQK5C,4.416778087615967
AEATATWIJVRKLZHL4XQBAZTTVWGA,B0853X3VDC,4.543575763702393
AGWXAKH4744POOCZS4ZOG3WEN2HQ,B00AHL2ZBO,4.435810089111328
AF3QEXJDDPZECUV5SC2GRK2WSAQA,B018FCZKR2,4.489800453186035
AEAKPSBHSYTSRSGBSOPXJPXFDQ4A,B014ZZW8QE,4.318455696105957
AGT2TLMLIWZOIPRZ4ZANFYICIKDA,B07795XHLH,4.4501953125
AGRCWLVIIB5CO53366VJCJPGRZUQ,B0C38LLMXG,4.6759352684021
AE5CG5J32MEINSPVKINSGFE3XUMA,B079QDMQHF,4.536477565765381
AEH7VS4MCJOUSC7774ERGEXJKA2Q,B0BG95DG2H,4.594903945922852
AHJQBCXVWZJZ6KYC75PBDXVDOCXA,B003QTM9O2,4.444737434387207
AFFRCOTU354SFF2TWTMJSVJ3T5HA,B079Z72D57,4.338278770446777
AGXR535FSKQK3R3ZEVM3HZXYQCTQ,B082WVKSNG,4.521568775177002
AHMSDSXPHL3OVE3ESLK5SAYFWGBQ,B0C6MW897N,4.523587703704834
AGG2QQ2TPFEBHWNTVYO5ICVDGHCQ,B0BSCFTV2G,4.5188751220703125
AFUKO6YITJTYTXDGLAZHDXMWOBFQ,B0010SHU18,4.407138347625732
AGNFY5ACCGPN76PP73JZE2NKUQ7Q,B016QUXTZU,4.330521583557129
AFUC7GTWCVAJJEZ5UX2FUYNTX56Q,B00PIQMT7S,4.400274276733398
AFB2ANUCQUKOSZJCGY2FWEW7IIBA,B0B16WH36J,4.631131172180176
AF2GDED2NQYCKO2XPT2OIXTMXOXQ,B07DGZFZBK,4.4204487800598145
AFA52JPRDGOBHYA56MQCHTIUPYHA,B0B81FBRNV,4.540294170379639
AENBPEIFKODS2DZB7JNJMYQTZ46A,B00EM5UOE6,4.523910999298096
AECW3WUSGA2I4KVJCHZG5XUHXV6A,B08GX2PGDX,4.383857250213623
AEPM4UP3I247AI3TVKGTE4NNR7WQ,B01DE4DPSC,4.532958984375
AGTZNQAFNN3NQROPNHH7667W6FIQ,B0C3R6T7K6,4.567216396331787
AHXKDYQYHMVBVUAPFQGJDEZU7K3A,B01DPCONFM,4.54347562789917
AF25EHEIRYH66UGEPXAUH245J2QA,B00XHGVHL0,4.411537170410156
AHXYSMCKABR6O4W37Q6YIF6NWVYA,B00C86FA0E,4.363130569458008
AE3MF4QMOAWZRGCARXHIR73MKI6A,B00B1YOENI,4.389700889587402
AHDZKHRJWZJ22G7JY6NX7TTCEOTQ,B093KWXYVZ,4.5021443367004395
AFNXM5S42H2WOW74OLJHHQJC62OQ,B08BX54VRQ,4.438336372375488
AGRJCUNI5ELSANQJD7BOPENIL4GQ,B0BKZ3GCGR,4.572234630584717
AHZHDVJR4IYIOXMPRQ35RYKBYKFA,B0010HCI66,4.449631214141846
AHMO7X3QGRNEGQ7CKZQ5ABAEERMQ,B0757Q45NK,4.53721809387207
AEWAHTRVKR3QZ43JFR4BEXRXCSEQ,B016B6YFDO,4.364073753356934
AF4DU7X56M2S6NM3SDKVWNMTHOOA,B00BLQ0D2C,4.435022354125977
AEYVWHALKMARVCXXX6XJOATQ5LHA,B06Y5L3CYJ,4.477187633514404
AERFFADRI3I6WIWDV3U6CV5OB4TQ,B0C4FTG56T,4.466302394866943
AGGXU6K4SOJYPGW3I7TD3NESEUNQ,B07MMJX9T7,4.440374374389648
AFSBX23YWCK6UMDKJPDEE3JSHRTQ,B09ZTH7BCS,4.374960899353027
AHL4QBECTPYZ76BAWTW3WDEPCLRQ,B000VTPR08,4.534972667694092
AGJZ4WKDOSWXXEMCI57NHE43A6AQ,B016B6YFDO,4.350368499755859
AHBV7TH4Z3WRRKXUIDAOPVUBIR4Q,B0C67HCGBR,4.726607322692871
AG5E6SWEN57XW4VNEED2HWJS3NEA,B007IE5JGG,4.40988826751709
AFA5EB7XANQVGT5L7JJ5SZW4WRXQ,B07FXPMKHW,4.419190406799316
AGNCFORXDUR6UGNKHMTYXQHKY5XQ,B09857JRP2,4.725268363952637
AGKRWGW5XKPBVWHIM73U33DMZGQQ,B0002D0JX8,4.381837844848633
AGXY65KBB7VEXRKE5KT2JWNXS7YA,B0C6MBLTKK,4.443596839904785
AG7NTVOQZ5NOWVD3BFPILSM4LYGQ,B0BXT385TL,4.567198753356934
AEPSSRGHHNMBSJ7ZAU4YQFX6HTTA,B00RVE9X06,4.537370204925537
AE3O7NJGWB7LCFQUAANZSHBUQHXQ,B077VMFY81,4.3939008712768555
AHON7PNDSUL6P64IDXNOK6O4U5IA,B00SKI0HSO,4.45692253112793
AFCW3I4HL6FLOYFDC4PVL6AE4VLQ,B00RVC1UA4,4.443343162536621
AF7ZZZMFPAUVTL62FVUJ5GACOK7A,B07MQPQH7F,4.477738857269287
AHVI43NDUURIE32PAEBBA6XGXGOA,B0C6HZ2BJ4,4.546966552734375
AFNNJDGN45QK6EXOWGRSZ4J7YRQA,B0B1SF7C4M,4.394561767578125
AEFK4A22W4P6TW7ZVV2UJN7Z53RA,B0002E3DNK,4.453637599945068
AEBXDQP3DYUQMQUTAUIMYMOMSRZQ,B01MAYL1J3,4.3911848068237305
AGSNBOFW3OLPB3BAS6IVI365OQNA,B00BVH7C66,4.510168552398682
AF2QKTYLPEWJZVZCVOFYQZA2R54Q,B07BZX9BCS,4.476214408874512
AHOBKBVHEAT4KPRVI7TYTF6MEJXA,B0BG95DG2H,4.554520130157471
AHKWMDVIQDZ43FRLBQQ37PY5RLEQ,B01I0T5H6E,4.387106418609619
AGXKROS7PUCF5FTKJP2V3Z2DVI6A,B08XMLRVSN,4.463565826416016
AFFYSCZKCCXDX2FFF3EBRFR3ZGVQ,B07TDNWYSB,4.457655429840088
AFNDIHLGOYAQ2LA2M5BK4DLW2JAQ,B0C86HZ22X,4.439720630645752
AFX7IPGBJFBI6ANG5ITI5GSWDKIQ,B00BFN58WQ,4.4269819259643555
AGS2TDMTAC2L4AB277W52RWJNHVA,B01H8E58SY,4.557192325592041
AFDA7US2RKW23R5HL2DHIY6SDJ6A,B016QUXTZU,4.3186163902282715
AHXENOIUMYCG343UZOHPZ662WZWA,B016QUXTZU,4.3262128829956055
AFVYUY54LTCJKKEJFS65HOZ753ZA,B078X58WN5,4.347894191741943
AH6MAK6PF2Y5LOQKNJCZBEXMKYSA,B07S8WR748,4.46005916595459
AECYYG5NBWST4O77HOD7AQWS3PHQ,B087X1CF8G,4.463059902191162
AFFC6YHF2JNPQRDNCOKO2MFUCATQ,B017808XKS,4.595749855041504
AHDALDGFNPUZN5ZQGSPWZPVG67KA,B07YK57N2M,4.595290184020996
AFOD2RS4CU7CGW6FE47EKKEOE43A,B004Z0JH3M,4.449377059936523
AHRSXDWMMGBPIAF7FLEPJHM2VBEQ,B07MCZ9S8X,4.353439807891846
AH4CKDTXBSDQ5HF6EYLK56OZMQMQ,B09G9DVTD3,4.3819074630737305
AG4FSWXIYRAWD4GVRIYXCARYASVQ,B0B8M2Q1DS,4.467131614685059
AHQVTTTWERJAIWXSI7SDOTI3LBOQ,B0BPJ4Q6FJ,4.609565258026123
AGRLPOX6E5PRCUFDB6DHC2TGXLBA,B000F3HK7I,4.467861652374268
AFO6XWHY7FAH6UL6LXPNPRCHTTRQ,B0BJF97MDV,4.495245933532715
AEASCHUDTX5JWM75PYJW56POA3EQ,B0C6HYPS5F,4.5375590324401855
AHMC24HUJLMQYCPV3L3MFBDGYGUA,B07NQ8X3FV,4.42039155960083
AFW5AUC6SZSAVD66GAKREB7EQAUQ,B000P5OULA,4.429964065551758
AEZG4SHN6EDH7X2I4NPMCSN7MN7Q,B06Y6BCX7B,4.435207843780518
AGMSWNQ5N6MJEVF6CGG3O5XENX5Q,B07DWY7R2X,4.589030742645264
AF4WMXLSWQUD4A3FI6PNLZFKEWOA,B0B1SF7C4M,4.396284103393555
AGOLT3TFBJSH7BN4V3D2M4UJOAVA,B0BG4BZC5L,4.457411766052246
AE7TFCX7HWKKUCNMKUWHNC7DGB7Q,B0006ZXFWO,4.45890998840332
AHOEU2CY756M4YAEZXRCBZXP3AZA,B0BDL88TM3,4.44453763961792
AHZVZO3RJZCQA5BSOKX2TRPEEUGA,B0C6H9T5T6,4.407376289367676
AFPJYASOJQKODUQWQSXLU7WPVXUA,B07SZLB9GM,4.4619059562683105
AEAZSCPKLB5FYVXWRCGLX3RFNMYQ,B08F3PSF6P,4.390960216522217
AGQDHJRFX6KKCS3PD25FWB7E7VDQ,B08JMQR2JK,4.47169303894043
AFRTXLSLVRLIYMUGOAGX2PA6URHA,B07P2CZDTZ,4.4493021965026855
AGQLFZBLL2HTPOLTXLYYRYNYQMDQ,B00O5EKZ9I,4.4454169273376465
AEAMKS4TLLFDJGAGQRDRVWQKTTQQ,B0BGQKNDP2,4.51061487197876
AFHQZEUUODBBUMOO3HTA5B6FKKVA,B008L3SXE8,4.540805339813232
AELSEEC2HSNYVGVDB6K2H3CMBOUQ,B00UZ7JADG,4.5524983406066895
AEJATLF6ZB6TWPLQFAVF6P7YXFKQ,B00178JDCK,4.302038669586182
AGDCN7V4CLBI6HR6LQPPGKW76K4A,B017DNZ3XK,4.471592426300049
AHFAK3G452QCBWIMOQRDDFO3DHXQ,B089XFMQ5W,4.479687690734863
AGDJTMH4HPG35M2T3CBDUTGK35GA,B07BFZ2KSJ,4.311493396759033
AESROLI3HHXTGZIJOGBJYE6GSRRQ,B0813D5BFL,4.426991939544678
AGZXN4EM6PCRLAKT4VKOVT2CWJAA,B00WJ3HL5I,4.422511577606201
AHMBCU537QJAK732K33QSX7UR2XQ,B01F6WIX5K,4.441817283630371
AH2TSWZJNFCFAXVDWNCDUJRHAZTQ,B00NP8GYVS,4.439581394195557
AELD5XB7WAKU4T75C7K7A7BDCBQA,B082QLTZD2,4.396919250488281
AHELBGAFUBMQNPNU62HZLW6XVG5Q,B0BCK6L7S5,4.34959602355957
AHIEDM55SZ5V4UCWULFONXOT3DTQ,B07CQS5BMH,4.538071155548096
AGC7NEILXYL3VBI2KZN3OUZBYJZQ,B07QL29XXZ,4.412864685058594
AHK7B6UG26R2QW427SGYW5HW4EIA,B07MQBPZG8,4.46988582611084
AHWD2NSHVOEG4HA6HYHH7DVMC6HQ,B076ZSHQ47,4.47532844543457
AF6Q4K2NTL27IAOJGCI6TFJQUEZQ,B004XNK7AI,4.605202674865723
AGIGR25MN37ED7XZL4U3BCARE4XA,B01MRLGZTQ,4.444028377532959
AETHTA4WA3EPEQMS7KCQP6ZLQLEA,B0002CZZGA,4.415897846221924
AHY3J5NAJ3DAJBXXJPWNNUNCG3JQ,B077Z635YX,4.578521251678467
AG5QJWMXSGR6QK7CTCJKXRD7OSOQ,B0BKR2ZM9X,4.483856678009033
AE6FEBZWJDO4DJDWIDCRXSMFVQCQ,B003POF3R8,4.649059772491455
AG7C5GJSOGRHGPGT62KAZNJ3GODQ,B07YMGPV7P,4.556125640869141
AHMDWPOFULHEO76MIILWJAEGA6VQ,B01C5TC9LQ,4.508025169372559
AHWKSJ62EEEXSRG3ZHRNWBEXWFXA,B09MNCSPHN,4.4202070236206055
AFXXPUL3WUJA5N7OHL2WSCZUJORQ,B009L4VZ3C,4.374109268188477
AFB4JAD3CWQARKHXOGSSOASYQNNA,B09PBL98Q4,4.418675422668457
AHMKOZYPGVBGUTG3A5NO3M64WFJQ,B003AYNHGW,4.555184841156006
AHDWGSLY5F6AL4WLGCL2YSSTJQLQ,B0B31RCL2G,4.544012069702148
AFPMUO3RPUOKALQCSHLET5YVLMGA,B088GN7LPT,4.522802829742432
AHJCDOPTP3TS3AKN3WXVWSQR322A,B09Z2SLPJC,4.416326999664307
AG3PDUNNZGSQI45FEUZEKSPBXT6Q,B01M1GG05L,4.4276533126831055
AGKOQNSCJN4AAVPAIGFBU7AIU4UA,B0195NQSTO,4.4660420417785645
AFU6LE4MN4VRK3MJRTLCYLPSRBJA,B0B16WH36J,4.627877235412598
AGBE6ETAIKPQXBYYRAUXXWKKU7QA,B0B29JY4BG,4.5641655921936035
AH42LJKFB2OQC2J4MDGC4MQ6MLIA,B0002D0CCQ,4.510562896728516
AHJ4JYJ2YIL7JSDDG444JJAQFHTQ,B005EHILV4,4.353041172027588
AGJAAVMYOSWYRC3HRWGAWHJFS4WA,B09Q39C7W2,4.459908485412598
AGOIZPY7VKQUIV4QBR6APEELOBBQ,B09MR13TS1,4.432883262634277
AEVQES4DYXCIQMQL7KHTDM36Z6TA,B085RZ5X57,4.379644393920898
AHA3IJGM6TVWGJBOW4HM4UY2H5OQ,B09PGXJHVD,4.497844696044922
AHOZE2QEB5JLLAG3FB4BJKGUE2BA,B0B8V7C5N8,4.4628424644470215
AGDEYWGZKNGR36MRO7ZT3AB45AXA,B07FS8N773,4.429925918579102
AGGGVYN6UWSDL6N37L77RAJLFHTQ,B0B9BP315L,4.488435745239258
AGGZLLBDARIQDZYZVKDHFNQHMHBA,B0B8L1H6H5,4.266369342803955
AFFD2UVMFK6ERQ5IEVQTRLTJ5CEQ,B08XYTW5S2,4.3912506103515625
AGF2ARUNAO6IKVQHQRZFYC4TU5IA,B09PNF6NGG,4.447811126708984
AEAPGDW6CTHQ2YHAEVPWOU5XDEBA,B09YD44J6Y,4.343745708465576
AFITBSL7YZ34TYWR4E7I67ASN27Q,B07SB4413B,4.421057224273682
AFCUV5FE3VT2MS4LYAUFHYBQCP3A,B0BPLFP5P6,4.307088851928711
AHNWRU63FXLY6XHTA2Q2WCK3RWIQ,B07JZQBNDG,4.3472185134887695
AHQCDCQ5VFDGM74DM7RQ737GTOYQ,B005ZV5K0O,4.439901828765869
AFLHFZVJG5BOHMDGWC3SS32O3YDA,B0012BPMHW,4.502828121185303
AF2O4GMP7Z6ZV7WZGJM5MGT27GAA,B004HZDFXI,4.5438714027404785
AHVDJ54NGWPYG5SIQWJLUP4SESWA,B0812LVR55,4.459719181060791
AEM3RQF4LFUBUJKD4XXSYOZ3Y5NQ,B08VHZ4FFW,4.396629810333252
AHU6A7FS55M6NEWWY5Y3KQ4OUARQ,B003FXO8MK,4.4553704261779785
AEK5ENP4GNKULEKWEVFCGY3V25XA,B0BPKH7FJ2,4.544221878051758
AGBG3KK74IKWJNQVMQAGVBWJ7FAQ,B0BW3BKL4K,4.474332332611084
AGGCZSRBYNP7SGYHFFHXV2V5FJBA,B000RYUUD6,4.6659979820251465
AHWLYM4ONOHUGDWONJ4F4FTIGAMA,B0BGQG84Y4,4.378009796142578
AHG6A25NEHTHEN5ZY2XERTRYUHWQ,B09N3K3KGT,4.457894325256348
AFZV77C2B43TKQSJAH54J5CIVBIA,B002M8GBT2,4.460187911987305
AGBWY2Q4KM2IH3WA45BSPOCKRJOA,B09R6GDRV4,4.546423435211182
AEGNQC6SO5SG7UUQ2CIYJWG2YU6Q,B07CRLJWQ9,4.437186241149902
AHPKSVZSZ2AGO4Y7ON2XSDC6OF5Q,B075KNF6GZ,4.591067314147949
AGSH3BOYIC3UJLYIAUDLNZYTXFNQ,B00QDHK69O,4.45736837387085
AGYEAB4XOJZKJBZFGFQPZSIUL3VA,B0009G009G,4.439456462860107
AHXTZ6TQJPPTLUPDXLS6DNAJ6GYQ,B00EBJ0JPW,4.434357643127441
AGKO5OGFXXCN354PFOSNIXFTYOXA,B07MZYNZ1C,4.531221389770508
AEZOQMNB3BOUTZIFWDELZPB3JXOA,B09BF8XDF4,4.633269786834717
AFMG74ZXHJ2XIJW5OUELTC5KRPKA,B06XV9J1DD,4.412421703338623
AHCXKCUYZ3EHECVF4EP5FMVMRS2A,B07CL6Y82R,4.501713752746582
AE2K2JVGQP57HIPAXURIFLXLJILA,B09NNCSVQW,4.386833190917969
AHJH4JENJNV2WIBEOIXHQEF2GQIA,B0006NDF6C,4.441492080688477
AHDTJODSAMZBYCCS6I35H4V452UA,B07G4H21PM,4.435105800628662
AEORHVIBAWHUO7JWEGFDVP3Q4Q4Q,B0B8Z6GZZ5,4.546151638031006
AGY7CYYTVW3BXZMZKVJ43LUEN4BA,B00BVH7C66,4.515359401702881
AG6UNPDBZCRVEBYEWGBIKOX7FV5A,B09PWCF6T9,4.486495018005371
AEQJJSAZIFWJKYQUGL6P7KR55P6Q,B0928HW2P4,4.636904239654541
AEJ7S5C53PDEYNGKTSJPCZCT3RZA,B0C5PRQ9K6,4.722945690155029
AFA645RBPM3DQ7M456ER3ACPTPHA,B07C9LSNQK,4.464122772216797
AHX7A37P6PKOD7W3PHI7OASXEOZA,B0BGN92PJM,4.456716537475586
AE3NUJULISR56KJZB6XPD2KO76KQ,B004TPDHJ8,4.4267377853393555
AED4QB2WMSEKWT5RXAVNI6YHOWUA,B07QLGB4D8,4.453228950500488
AGFNIFCC5UDQGL2BN727UV2Q3ATA,B001L5U0Y4,4.443393707275391
AGVT5E2C6WNOCFYSLOCPAPBJOIKQ,B06Y2W66F5,4.23358678817749
AGFSPZ7XOYCABXF6VYXQVWQRMO4A,B00PZGTVAE,4.473597049713135
AF2QKTYLPEWJZVZCVOFYQZA2R54Q,B07RBZHDT7,4.470724105834961
AGH4UMD4PDQ2J3Q4PYX627TKEJZQ,B00PTAD7QU,4.675998210906982
AGXY65KBB7VEXRKE5KT2JWNXS7YA,B0B3QHY7GB,4.44962215423584
AGWSL6RCSUEPR5RGTVMO5HERQUEA,B09M7D9SC8,4.520976543426514
AHYAO24VSRJF47XSA3XNLHHDE4VA,B07QDN6Z83,4.398743629455566
AFYZSWEYWH2O7SZ3XROG6DYZ5SBQ,B09PWCF6T9,4.464961051940918
AHOFZCHFULZ2SZTOXOCMV6FWHMAA,B0919HG8S7,4.40291690826416
AGFMFD2HKXUJZ4UTF7DCEVCMUTKA,B0C4QX4CQJ,4.47468376159668
AEOGO4EUQ4SODCLNQAF2QE2246VA,B013OFJVPW,4.413928031921387
AFZNG4THTEUTZC4XDEJS3U5WPOHQ,B06XW9MTTV,4.446605682373047
AF65N4WSTNBO2V4VJDML2RE73ROA,B0002OKGNK,4.465405464172363
AEUMH56TGXJR2KRLS2OTNPPLJRMQ,B0025V1REU,4.354135513305664
AHLNHRYQZKCISQM4XMJMA2V5MV7Q,B09198262S,4.41323184967041
AEYSYCXFIB4OBSAJ6DXVYHD4JJIQ,B071NN4WSC,4.439975738525391
AEYB2G3AM66RHK4ONMQYWVLCI3TQ,B0178QB9I0,4.345331192016602
AFPJLBVVR6SLETMKYKEJ4FQBJPTA,B07CBT4SYD,4.611656188964844
AEL6LHHM5XOECBA3MAPB32W4DLOQ,B0002E56IA,4.4425530433654785
AGSXFQ5EIJKOWUWKGK6VYAOJXXZQ,B07J9JR6VP,4.51140022277832
AEVQYOU7JYIXIVXIUDRSOSGWCGFA,B00GESEQ4S,4.302441120147705
AHEDE2SI6D32L6OKL6B5QCB42ZLA,B00WHLLDWO,4.285654544830322
AGYSS3SBEZELT25CMOQ3VVAJUP5Q,B07FBD8F7C,4.4019670486450195
AEB3X3OFSF6CY2VPUN6NN72DVZFA,B00DY1F2CS,4.33935022354126
AHTUJMOFO73XXJHADHZ7JOZ6XNLQ,B07CRTCXDV,4.392363548278809
AFIMPB6NJRER6XOJECJLPEVZ376Q,B00ADHKKZK,4.369452476501465
AFFMTXZ6ZKG7PV3BO6UKZBSLXYPA,B07MMJX9T7,4.3420515060424805
AEJLELEWFD3SNKK6ER6DDUKRCXNA,B01JJP7NII,4.467010498046875
AFKLIW5727DBZBNQ6R675TM4VRFA,B0B819R6CN,4.5464630126953125
AEGGYBBQ5FVWI4QGTTVB3BTH37VQ,B077C5BNJB,4.4894795417785645
AFQ7VA3GZLNTRUXFYOTYZ6YYC3PQ,B0C5BMZ1K9,4.402392864227295
AGVRLUFL4ZEIFPCUS3MO3TYW337Q,B00DD5WWQE,4.4340081214904785
AG3LFN3BICH2V5RPI2XFRKQSEDZA,B077Y4J6LK,4.437419414520264
AEEXUQ2ILOMASMA47VXXDCJAHUGA,B01MQKIZ4M,4.406518459320068
AH6RYMKOBLZISW2TKST2EI6G4PTQ,B07KG1KPT3,4.4573750495910645
AFD637UMCLE7CMXD547PBEXNAMWA,B01DN7OC00,4.536950588226318
AGBW5G33ZMRHXPLAK6BF5GZGTUKQ,B00H35YIJE,4.600265979766846
AF3ZZBMYBGPUI3O3RZXBSNH3YEUQ,B07MZYNZ1C,4.510835647583008
AGEK2Q27LYVZUVUJLUCXSYV5DANQ,B081JR2H8Z,4.350219249725342
AH3C54XADC2RQX5D753WWL4DNYGA,B0BMZ3PZ3G,4.450751304626465
AHDZKPPKUT7HD47LXCBN7RQNN6KQ,B07STTRGFW,4.398149490356445
AEDK5T3VBOFLHQ5KJCGL5YCKI4PA,B09DR91XCS,4.446426868438721
AGVWNNRU3RCSDNTOJ6DCFDIQSYLA,B000T9L7W2,4.36614990234375
AFLSR6TUF3KPOYGNIHXHODNAZUEQ,B0B4S1WY6K,4.421921730041504
AELBL3GHBDNBYAXPFC6MNPPWG4YQ,B017DNZ3XK,4.472313404083252
AFQ3MI5EMRY3KXDLZX3QHEQVGQOQ,B01N9V0GV5,4.451001167297363
AH4A5EHENGUKTMJ7CT4TP437BAPQ,B000ZMYRJS,4.452154636383057
AHST2SDR2IPRKGNB47AKL63MKKCA,B09R6PRMMY,4.56912899017334
AGBW7LZUPMPOBV4LJ7LO3TCTRVLA,B000T9L7W2,4.36543083190918
AH6RUAIDE4DPFNXNDON6QRLCEQDA,B003OYOXDO,4.453652381896973
AEJ6PSXEQFQXW6PSSGOMAHGT7YUQ,B09B45DLQG,4.402008056640625
AHRMYVXZC7MK5EBIO2XL3Q2GGEGA,B01LW9BF92,4.44930362701416
AHTVJL3FJH5CHBAPBR6EPIGJZOEA,B002YL81RW,4.416830539703369
AHSA453Q27HVVDN3XTR3WKCN6AQA,B0BT855NFQ,4.584262847900391
AGKVCWOKPPT3ODIMW2QZPX3BKRQA,B09MMT45P1,4.264159679412842
AECIT3NMW6RKABFS6YOCYX4YUYOQ,B09M78T485,4.52135705947876
AFIEQ7BNYXBQTLYIJRTBNKWQTKEQ,B083J614C5,4.37505578994751
AER6WLSJPBPNOZIQWVHQBVOKTNCA,B0BSGM6CQ9,4.539693355560303
AGFSF44SBWIXPONDUSNCKXDJHYNQ,B0BSGM6CQ9,4.511775493621826
AFPPCR5EZVS6J62MTQLNUE33LTVQ,B0002GXPRM,4.446630477905273
AHX35XPY547VAN6XET42HCKD75HQ,B00OGMD0VE,4.445544719696045
AH2KNTQFU4DWMQIMTDLFSMRQHRYA,B07M6H5RM9,4.49311637878418
AG2ZGELVABDJPU5S2YRWM6EE7VIA,B01NBP7MS2,4.444164752960205
AE7GVDNRY5NABEP253Y3GMDUZOZA,B00CPLODUU,4.512028694152832
AEJW2SZLBG45RD3BL5WOZQGLGF3A,B0BKZ4RCV3,4.418862819671631
AG6ADHHJ2MHUP3ZBBTGMZVJ47Z4Q,B09V4JQTN4,4.458548545837402
AFMLPEM5ZNCYJ45CZZ7K7GIR2LIQ,B07MTFY4TL,4.529369354248047
AFJXFJ3DMG7IRI76BBIBCY2HVLAA,B016QUXTZU,4.320117950439453
AFFFDZ3YLAYSMDK356X7KIAJESXA,B000BBEQZ8,4.438807487487793
AG3S4FROO422V5KP7DJCBXVUQLJQ,B0179C3V7K,4.54044771194458
AHMEXIGTXRS4HEO2VW3GEQITMMCA,B01CBC5ZE0,4.437790870666504
AHWUG5BIUQWHO6KPODY2QJFFQYWQ,B0002M72JS,4.420875072479248
AHMVEVZHJALGYHHVMDMIAAWHLUDQ,B0C6J1X7TD,4.5238356590271
AFUJ72Z6MXB237FUGMSVQJFFRLEQ,B096K2LZKH,4.545254707336426
AE3MLVJ2OOZ3WLVKQG42G3AQ2KZQ,B000PAPO9W,4.233972072601318
AE6ZV37Y2BVKSZCMJTZOK73AUCJQ,B072VH61FV,4.550661087036133
AFH7AQN4DHER236MDPEFHTOKFKHA,B07NWZSBF3,4.5060858726501465
AFABFPPQO7PSIFNQWK46LY7RREGA,B0BTR12G3V,4.246825218200684
AEKMNAJE6DA7ETYWCBVCOL3YCPIQ,B00N4ZHQ14,4.482616424560547
AGVT5E2C6WNOCFYSLOCPAPBJOIKQ,B0CBSQC51Y,4.235095500946045
AEOQMBKMCAUY3EQ2CFEYDB252GPA,B07DWY7R2X,4.587869644165039
AFHHXA727PPOUUVXOSYLR3DSIHMQ,B00HH62VB6,4.413546085357666
AFAP7A6P3TICUUAOBBRXPHUXNCZA,B08C2TBWGV,4.488821506500244
AFBOEGM4O3PNLUVYWVDCLD2FJLUQ,B0BKZ1G3P3,4.564951419830322
AET4U35AEFIVWAGCKF4KVUAQXDRA,B073XXLVWT,4.466536521911621
AHR2T6WRBZHZQDINIP4FEKFMJLGA,B00SM1IWHC,4.439472198486328
AE72GJCOI37UD7IOD67B3XZBD5NQ,B0839119FS,4.413206577301025
AHUTJQWZUJEBOJOFMRJ34TKWOO7Q,B0B81HB47Q,4.542564868927002
AENQIPCGFGPVCMZYAJK7LIBIZNQQ,B0B2Q55RM6,4.442933559417725
AEV32P7R5QEYRDR4DXX7F7V4LOUA,B07N2WWT61,4.472189903259277
AGRE76ZT4VB7Z2BIOFV7WVHGIVQQ,B0BRSHC796,4.565429210662842
AG7R5DXVDILMBIFSFDT7PIUWIFQQ,B09857JRP2,4.754018783569336
AHUWS6MJOUVKCRS63HJ4LSB56OPQ,B01AH3RSAO,4.451606273651123
AGN65FCMRQSRXS6PWIVSUYIDZXFA,B081592T7F,4.509011745452881
AGMNAMH77QXBOAWQRR62V3NMOZ5Q,B0BVLJTMV2,4.437941074371338
AGIVMGPIL54BA6GYBNOWNUZUE2TA,B001MQ9Y5I,4.44852876663208
AFXXPUL3WUJA5N7OHL2WSCZUJORQ,B071G734F5,4.374078273773193
AF4RVRGYJTFGFSMAXGB7KCSUTCHQ,B01LKYTQOK,4.462055206298828
AHHGHZWN7DV5HP3CUCZZLRV7RB4Q,B016QUXTZU,4.319920063018799
AENL5UR65X7N4Y4J5DIFVV2ZAJXQ,B00721BB44,4.531703472137451
AFL2UCRKEQUKNNO27IUNUDKTZN3A,B004L66AM6,4.492109775543213
AFFEOK6DMOUVS5IK4NM76VPYXA3Q,B00DUKP37C,4.4407782554626465
AGK6346KRVUN3QFXSGWMWGZTR2UQ,B0BK6MQF3Z,4.313896656036377
AEZWUCUVYKFHY4O2XE4DVDHJYKVA,B00HF07D6M,4.384964942932129
AGY7CYYTVW3BXZMZKVJ43LUEN4BA,B07KYX3S8X,4.4851765632629395
AEQ7VNICYNT6W6MCWGQOMFNEQ2ZQ,B0B8Z4YV4T,4.541289806365967
AGUIWCE3TEQX32UQAXRPKSM4Y5CA,B074FL1CP1,4.450204372406006
AG7IN5L7BFVBNE2TNWW3P3A5RF7A,B075NTZ5CK,4.468170642852783
AFCCN4LECS2S7CZ4CHXK33YXY7IA,B0BPLFP5P6,4.337785243988037
AEGI4CAWOBX4MLNWUIY3IP7CNZ7A,B00ANTTSFQ,4.461964130401611
AGT5BUYMUIX54NNCXSJPWYNJ7E4Q,B01MRJUB7Z,4.424588203430176
AHQO2Q2Z66EGYUYBELDADP4L2XEQ,B00K7VDMJS,4.535401821136475
AH5CRT5ZT3ESMYJUVDIH5RZPH2BQ,B00IFHCOAE,4.557525634765625
AFQ54FLISLOLXO2GO4EQA5DS7GBA,B0C6J1BN77,4.470311164855957
AHI6DFB2N6SA5BR3CPLOCCN77XZA,B07YMFXRX5,4.5656962394714355
AEQZFV6M3QLDV2IAFVDGNM7CNMTQ,B079TLFL33,4.516687870025635
AGKDT74ZP33B4O6LY76GYKMUZGGQ,B000V1K7FG,4.295734405517578
AHAIHFJL6RGSQRFSI7RXMRJF3VJQ,B00646MZHK,4.629504680633545
AHP7C5XFGXHJQ7L6BK3SNPGOPQIA,B005A09I7Q,4.459381103515625
AEPPHMNCAV77NB5KRFV7NKMYYXOA,B06ZZ2S6ZS,4.441410541534424
AGAO3DXMEMNWQ475FJA6DEPJDM6A,B0BYCG24L7,4.426791191101074
AGU5KKDWKCVSHEQIKNRI5HLGSJ6Q,B08BJGBHN7,4.442925453186035
AEHLM3EAXPMXVEZTG4F6ERRRLOMA,B01M6C8X57,4.433165073394775
AHXMKLMWQVVRA6IAKL63EK7U6YHA,B0046A04LU,4.569347381591797
AEWL6EFLEQXOQMB77RH6GKOG6UWA,B003ZKLP4W,4.447803974151611
AGFYUNPN5IMCAN7C45KXDXYHNGCA,B076PF19FQ,4.452400207519531
AEVIHE2VEXHVIUYQZLYJREFCQTYQ,B06XDBGL88,4.489228248596191
AEUPIYW4A4SYHXRJAGEP4ZG6YPRA,B077GH8LF6,4.568384170532227
AHGQWA6ZHRH4I2PIDDXBWDI3CTRQ,B0C67HCGBR,4.731968879699707
AGLNBCX3AKNOFAANHVU4V6YKPQSQ,B0046LGS0A,4.405121326446533
AEYML2YFNYT3MWAD23KAME7HQUHA,B079FGN89H,4.407104015350342
AEFLZATUAA6YR7UNZXMP2UKIFQ2Q,B0B5D7JW6B,4.410506248474121
AFRQPDPDS265WAXYUCEBRM5DMAOQ,B076ZSHQ47,4.488860130310059
AEHC3XG7CT7UP5TTPFPWIOG6ACDQ,B0BTC9YJ2W,4.555902481079102
AGEUWSL3XES6EGG2B43CDIEQRYRA,B002Q0WSO8,4.363365650177002
AGQ4NTOQIHY47KVMCWOHYFYFQ6KQ,B0C5D8X3JT,4.459413528442383
AHEJWKUYOCGSVI5KTPKKGCSJV2CQ,B019H1STZ0,4.354836463928223
AFSIFH65UCU5GE4GK7AUZHWUVJRQ,B0BXBFG6BX,4.551557540893555
AE6PYJX3K5T4WCDVMYYA6C2EA7OQ,B07BF7ZLKY,4.303068161010742
AF6HBNODXC27WE6BRERWS42VWW6Q,B0B6P55RBN,4.389255523681641
AHHZGNO2E4NAIBOKZ4CP4RMDHONA,B0C3WPPB5B,4.426780700683594
AFID5ARIFYCNYC77W4TLN76YEL2Q,B072JVYTHS,4.454322814941406
AFJSY47SWGUSSJWPFEY4ALCI75RA,B01ISNU3X4,4.374159812927246
AEATP53UFSJQN4EWMZEG6TPTOBHA,B00IYGR316,4.412168979644775
AH5PPNPBIL5VFASDP5QMDCUNXRPA,B01M18LT95,4.51497220993042
AF6L5ZQD3WBL2P7ZN5VAFMABWMHQ,B0BKZ66FRY,4.456879615783691
AHETLAZWL7T3CFUQNU5VJIC7R6PA,B001HGOXDG,4.5575785636901855
AGUJVWL2H2ULK24GNKGTM7MBQ5OA,B00VMZLCTA,4.447817325592041
AE6IC2GMOK7D5GKCYMFBS47XYRZA,B017NT392Q,4.441844940185547
AFWHS5KMUDYBCMWKOLSLZZJR5HDQ,B07PPHHG34,4.4176411628723145
AH2M5U7UKPQPDMMU2URAUE74Z4MA,B07KVV674K,4.444438934326172
AEFK4A22W4P6TW7ZVV2UJN7Z53RA,B0BG95DG2H,4.6032609939575195
AFJBPPUHABKT3NK4CCTZGI22UDVQ,B07BMWJBY2,4.41981840133667
AGUT4BSZDABF2TKPWTP7QJTWARHA,B06XDBGL88,4.489408016204834
AET4IUQ2PMMKZOMRGNCTSTEGKQLA,B07BYGWHZ3,4.4592132568359375
AFSMS2MHAVKJDLOK3PHV3IU3YSSQ,B00WJ3HL5I,4.434683322906494
AEKF2YJ5ZXHTZEQSF7ALVYR2VJFA,B08R5M2FGY,4.472585201263428
AF62AMU6MZHZQGKUD4N2TIGO34SA,B0BCXMFM46,4.535421848297119
AHECXORNR3TAFF5SXLTY5EKCRQ7Q,B01DK40R3M,4.529146194458008
AFBPLMDM7IR2MY4EH7BHUK2AVPNA,B0BGMVH3GS,4.440234661102295
AG4ZLTRHVAZRU33BPY5Y643IZXPQ,B096K2LZKH,4.585026264190674
AHNG3NRGEDYO7E44QMYDHMBADPBA,B0C3Q29DML,4.568041801452637
AGSVLMHAE6DKL34BW5AJANZ2HP3A,B09DCVN1M4,4.417709827423096
AFAMP3QF2V4E3VOFKBVG7KMBBJEQ,B0BLM2DG9F,4.554819583892822
AEYPLXPGNUKJMHAPC3GONAXBIOSQ,B09KR857F4,4.407829761505127
AGTD7IKL26LTOZAUHBEV5JEQJHCA,B0BPKH4HB2,4.544749736785889
AFBHZWYSP7A5KILYEILKRC5HDZFA,B074KPCGYL,4.340491771697998
AEAO7MGTW5ZXQBBPPW7ZW5JU7OFA,B06XWLXCFC,4.419569969177246
AENU4KR3TL5KDFNSL4U5BG7RRN5A,B0141IN4CW,4.484116554260254
AGHECGJA3S5TVQGZHJZREKKIHPIQ,B01J9AD1GQ,4.476003646850586
AE6BRKNVK4LQXEDHYKHPDDEB5U5Q,B0BPLFP5P6,4.352100372314453
AHZDRM3HOZLSWFXSQ5P3BFBB5O7Q,B00WBCBQF8,4.517757415771484
AE5D2G63BJ3IOHMYE7DT5DTSSMTQ,B076ZSHQ47,4.488755702972412
AHIZ52ZDJJRFKA2Y3AYLOLRJDSZA,B001D2TPZU,4.4394025802612305
AHDEDVH2IWSYQR4Z2HHY66EHXWIA,B07PPHHG34,4.411469459533691
AFKQQ5JGFWT6YINVGI6NVKPR7QNQ,B00WJ3HL5I,4.426410675048828
AFGQ5MDMML62FYXYJSFD5QJ3M3WQ,B07DLCDT3N,4.431750774383545
AHEMAURZYRCARVTVF6CQYTYE4I4Q,B0006LXW9E,4.414059638977051
AGMPCB3TGA6MNNISDWYIOGQETCWA,B07DLWYV8D,4.451709747314453
AEL77WRPLWQFXSFTPQQIBLHS362A,B009AQZM30,4.287761211395264
AFXROWEZMRY3EHZFCIOF27DVOGEQ,B08R5GM6YB,4.400270938873291
AEAR7RK4H75BYXFVGZKA4MOCFDTA,B01K1EJQ9U,4.566988945007324
AG6XTTBGDOTVNHT22X76U27Y34VQ,B09DJVRZGS,4.471197605133057
AGA5WK3RYRITT6YLBM2IZWORS3LA,B0BFKQ9QXD,4.460958003997803
AEKIL7TYYHSE5YRHA7WLDVCHW6PQ,B00646MZHK,4.61669921875
AHKYW62DZ3QJE67TO2PKF2NR6FJQ,B005A09I7Q,4.461987495422363
AEFDYT6GBQN2D7X2ZHHZT63EPIRQ,B07M81HC4C,4.437215805053711
AGTVZ7ZSDMTEDLMJGZRC7RFJNDWQ,B00CIO6BEA,4.516035556793213
AEUAXVAUWJFDX44V2Q3OZFFYDZWQ,B000CCS3UA,4.329767227172852
AFND4WHBO6MV75PBKNHCBFZK6VWA,B09MSQBZFJ,4.445898056030273
AG5SXV4XRKBOZMKDGST7LB3C643A,B0BR2VHR6T,4.458103656768799
AECFGXLEX3SU6D4T6C55X2NWMJVQ,B01KPYGBR6,4.182927131652832
AG4WPSHRJ7W4UF6IKZJ2FMYUVGCQ,B0B16WH36J,4.635748863220215
AE6IXMUN5V3WECZERXLUQTKPK6YA,B07PPHHG34,4.414681911468506
AEXUDYZQ6UWJHNPKVSVI3FI4IBZQ,B0C67HCGBR,4.729528903961182
AHEMAURZYRCARVTVF6CQYTYE4I4Q,B07KDYH2DF,4.460951805114746
AEALTR3WRLHHAJKW2AHUSVXM4HBQ,B09396NY1C,4.3955769538879395
AFG4ECOVR5MACEQKTP4CMSKS3AHQ,B07N5J3GTB,4.393185615539551
AHYGBZX3XJDZUC7A7VNQATLM3UGQ,B018FCZKR2,4.523077011108398
AER5XQROGISYKN6ABH7EAK7OHGTQ,B071J3CB4X,4.44805908203125
AG6HOO4VHEZGO64JCVOGXTI7OPAQ,B0002CZWRW,4.445221424102783
AGKBMYYKA47EVKHM65BYZHTARYLQ,B07Y9X6YZ5,4.49106502532959
AEGP5AQJUETI6VTX3ZFX33KO2WPA,B00EB11XTQ,4.468450546264648
AHXHOPYV5ZR7PT47GK66FJZIQBEA,B091C1BDYV,4.373325347900391
AFNX464EORGQMDR2OGWOLWJEHDRA,B087PWLP4N,4.424348831176758
AHWVLFKCGMR3ZBOMSNM4LWQINLTQ,B01KBCUPFG,4.4509429931640625
AELUT73PSKWAQ3D5L6SDD72TCPNA,B00VSYN25M,4.473392963409424
AGDDHRF3GVF7FXDLXU76JCRKVB5A,B01E6T56CM,4.38980770111084
AHWAJPIGZTDRDSCOICE5YWUDPJTQ,B08R8FSFRB,4.298126697540283
AFVCGMPCE75MWLFYLYN7ASTQEZ6A,B0BLM1W9XH,4.538521766662598
AH7IHB7THIV6KVXC5O737F33WHEQ,B099NYHNRG,4.660130977630615
AF2B7VXJHVVGGI2GPZVTRPWAI5NQ,B0C3VVNXPF,4.425017833709717
AE2YVL3KUQJM645F4OYOEG4EVHIA,B004W7ZWB4,4.498115062713623
AGHPBBUCMU72JNN57OKEFJ472UUA,B000RXN6XI,4.481614589691162
AEU53MEPI6E5AEKW6SQH4J2HR4OA,B0C4FVS3L7,4.514997482299805
AGA76RB5YI46IRNJFAIGOCGHHF3Q,B07L5B64RG,4.289897441864014
AEJDUT4MZ2N5JQKUCHABBP3D22VA,B071G734F5,4.416783809661865
AHINVBXOV747R4UROFCTCE4CQTHQ,B08DLK3GC9,4.541915416717529
AFRFYELVMFERMILMAIN3NY7YOPSA,B00N4ZHQ14,4.47047758102417
AGN7KMV3GSGCBANTJAKIHDQYEFJQ,B00743L6V8,4.464501857757568
AFN2EUCH43NLAXRSCQTS2VWAXVCQ,B09PH4DV67,4.3985276222229
AFHER2NWLJQHNQ4BRB4NZAG46VCQ,B005M0CK9M,4.287873268127441
AEIIRIHLIYKQGI7ZOCIJTRDF5NPQ,B09895PBVZ,4.431605815887451
AGOGNMQ567OLCAP6QHNF3Q37FUCA,B01M4ICDNE,4.461641788482666
AFMX5QJIJMQUBJWDE3CSQA776X6A,B08R5GM6YB,4.408180236816406
AE3WYKKSK5ZZ2S3O7KHSJ4UKG4CA,B07RK5HF9D,4.4308953285217285
AHH2UCSRPPENBT7U5II5HKFYV52Q,B00FC4YTZQ,4.540199279785156
AFDBGQ77DIENSIIBMKK3HM4X52DA,B014W0L7ZU,4.430825233459473
AHUWTBLGZWOIE4OYFO56IOXKJMOQ,B0BXZFS2QH,4.4975457191467285
AEG3P7S6QTKVI3P5LQJRSS665FOQ,B09G5QS1VD,4.477970123291016
AF6ELLW7NT5WNL447YQWXJOFYLUA,B08PPBGVK8,4.434654235839844
AH5S4XKENHVECUH4CNLWHQYIP2NA,B093YKC48W,4.285499095916748
AHFHIEY2BIDWDNA46D5W7RWFX24A,B00WFHBJH4,4.425576210021973
AF5JOUT2RD3EZI7G553AWPKGDGLA,B07BSZNKTM,4.4419636726379395
AESCPQD5RHHP65UTHAGCQDE7BUAQ,B08NSVV6FZ,4.449209213256836
AH342PH6NCKCD5UMGQRP2VNTBS5A,B017KFVBGY,4.41264009475708
AHGYK6Y2LA4GIKZURFNWD2XXEJWQ,B076YPR9PH,4.4365363121032715
AHT7ULEGSWNWLMFIENNTIELDXKUQ,B0BX8SSNYP,4.339905738830566
AEQD3ZBLPEQEKPSKXQDLDFPGK32Q,B08Z5ZQB7F,4.681911468505859
AGWWCX5J7MNO6HLHGPDUWISE2SDA,B00Y0IV8AO,4.4341936111450195
AGEKML3B3AXH5J42LHHD5H2UGZBQ,B06XHYLXZ8,4.457364082336426
AERXAGU6PAY74OIAVZQKU5ONB3NA,B01NAZMWZK,4.49937105178833
AHW4NQZJXTFN5UHC3SDKQPYTFZNA,B089QY6YYQ,4.522119998931885
AGOFEC5HKNFNOGAMR6ZDACVQOFMA,B00356J8KE,4.266684532165527
AF6Z2TQ5BOCRCNQUNPUBP5XCYZMQ,B081P1SQGG,4.524519920349121
AF5UYSBQUE7CZYB4XX4P62KIX5NQ,B0154JSY68,4.428187847137451
AEAXMPFMBBZTPBSGKDGQGBOYXDBA,B015HG7HMA,4.417977333068848
AFKMRDJ3QAUQB65MCAQHLKTJNPPA,B0002GIVIK,4.4372711181640625
AECH7O3ROJKU66LUU6S6VLO3EAHA,B008TNAHX0,4.413099765777588
AFXABTTWQTMQTCFESJ75437ATYXQ,B07175TMXS,4.449491024017334
AE5CFFYYB6ZF5KWXQDULCTXOUSNQ,B0BLBZDZTX,4.435429096221924
AGR2HGNGBX6TFVFHQFKXRPP4B22Q,B0BJ3BBTXH,4.509541034698486
AHSX5YF55LYO3M2ODEKTHCHGYQ4A,B07N5GZ2MF,4.496512413024902
AEHVR6WKEXENV637D3LEOOBECPBA,B08NYZM99L,4.465834617614746
AEUGRGHOWY23GCKG6LLYUJERZBQA,B0B59363YK,4.463853359222412
AH5E2TAIZPV7HKZ3M3S44UIQRMCQ,B00RVE9X06,4.526285648345947
AFZV4SQHKPAL65VYRSQSKUKWMXXQ,B0BTC9YJ2W,4.562986373901367
AGXWBFBAKLMJWMQIC25BQF3IU7TQ,B08MWSS6SL,4.362117767333984
AHVKGDD2OV6WLV2KGSSVEGRHZLCA,B08DBDD6CM,4.511565685272217
AHEEE2KB2EVXIUCUXEVKVGVKJIGQ,B07NP7HF7X,4.556360721588135
AE6BWNMYSUWC7KOOGI4IE475U2LQ,B01J5A06OU,4.438630104064941
AEU5GN766HQJG2WCFWWLJSL7EPTQ,B00ADHKKZK,4.374717712402344
AG5UQM2HGELE5HUDREGA5BDL7CWA,B00HU25WSQ,4.548041343688965
AEYQWVFYGHQ6YRM4NSMCPI544CPA,B09XQRVFC3,4.394548416137695
AHZWCCGZFVFQCXB3CAFAIKQZFIRA,B07Q6L4YMC,4.520620346069336
AFNR4DU37IAIYRYQSCO5LD3SR3OA,B07ZPSCW5K,4.450028419494629
AE23LDQTB7L76AP6E6WPBFVYL5DA,B0006V6SB8,4.420521259307861
AGRBVW3SOLA34DPI24SNBQDSKK2Q,B0B44VTPS1,4.398533821105957
AG5ZVXXHEXDYUUODSEQC4XXV7DPA,B01ANNNKMI,4.327311992645264
AH7BTSFO77CNNKQFU7FBWTV5DI5A,B0072LXG2Y,4.460691452026367
AGCML7EM4QFDKXX7WKPZ5XXY3PRQ,B084HLG86T,4.461512088775635
AHZCVYEEYWXLFNFDYHAWZNTVW74Q,B06XX417G6,4.5349884033203125
AHHXUCKVUSI7A5ECJMAV6KU2HOHQ,B003YJQX1O,4.437503814697266
AF2WT5HLSFDRZLZXCMBQL4DT2FBQ,B00N4ZHQ14,4.476594924926758
AHMNA5UK3V66O2V3DZSBJA4FYMOA,B01FHJLE6M,4.348819255828857
AFONTBXNXRGS5WJO57UBKW4A2UEA,B0B24RR2MV,4.300509452819824
AE2FR7SKS6WTM5HLF6Z7JAUJEYLQ,B09YDBKT7M,4.494012832641602
AFPFQUNXMIBSHK3ESA7RA4CCB6MQ,B072DXPHC3,4.48579216003418
AGBQKWXYGWQUURLKTF2S5FPTJF4A,B010NAIE1I,4.455524921417236
AFRX6Z2R32E5KHKQVJTTBMYHE22Q,B075VHF7DQ,4.374732494354248
AFJ6BNKTPZQXGEOAIOMMCSESJS2A,B0C621L9FB,4.3950324058532715
AF52VJ73TUZISUIW4H36R7IFY6DA,B09JJQR4LF,4.399807453155518
AGH2R6V52CPCK7ZOYE26G6XZPC2A,B0B27PZV1D,4.37856912612915
AF46VJOZTEVDEWQECUVX22FZXGGA,B0BCK6L7S5,4.328360557556152
AHBAALGJM3WOUSOXXUXVGXMY46IQ,B0B92LPGD2,4.515328884124756
AGEAPQKCIAXEDWFYKW2TEAJ42PHA,B0731JGPBT,4.412534713745117
AE4HL6GTIQJ7HRI53XDKIGVJSPRQ,B073T2YK2J,4.428842544555664
AE4KQ45U5PV2LEKFZP3RUM5L7JYA,B07NDZSF2M,4.380541801452637
AFJLV7O56674QAXNCZKDUMRTQ24A,B016133LAK,4.454415798187256
AH2T4ILXGUB4NIANK6XPC4L7EO6Q,B0002E4Y2E,4.564826965332031
AEE6H6VC6RTWJS2RMXUJCDPOY6NQ,B09WQTXJRK,4.408926486968994
AGIGR25MN37ED7XZL4U3BCARE4XA,B01BU6B4Q6,4.445746898651123
AEAENCVJGSC5KSHMTWYFAUG2J3VQ,B08KWM37GM,4.455173969268799
AH2G2C2AD5EHI7NW5VVSKENNWCTQ,B08R5GM6YB,4.383378982543945
AE73Z644LPIBCCFQ5GFXVNMAFXBA,B000TGSM6E,4.373049736022949
AGRT6VTGHZIQYDQKPWKQGMUXCGJQ,B00N4ZHQ14,4.477017879486084
AGJGLCZKE5735HGK27G2B7QZB5UA,B000LQLDM2,4.502596855163574
AGPFCVE36JI4PXFC627LXEQTBD2Q,B08PPBGVK8,4.438192367553711
AHLCWDLO3LZRSKKBRQ3RVIPYLHAQ,B0BPLFP5P6,4.341589450836182
AEJGORR5LABAQGREISJHB36GTD6Q,B09ZTJH58K,4.550292015075684
AHDEOEDSIXUHKXUDNA3KR5BMHRKQ,B00N5THDR6,4.449693202972412
AELS7RFFR5L5YUKQ6TOR6MBA7ETQ,B07GFH8NTB,4.612675666809082
AHEMAURZYRCARVTVF6CQYTYE4I4Q,B012V1TG9G,4.489146709442139
AEQ3XKG6ZOJNIPA7EQNMONUDHKRQ,B07CZ8QC27,4.4279680252075195
AH4TRI62M3DQDEIPLWI5BDBDIUKQ,B0BS1QYSFS,4.320516109466553
AEU6AFGJV7RWYKXGGONYMF4GOGBA,B09V91H5XM,4.488034248352051
AGY3WTXVAKWR4KGCW3DJHZR5Y76A,B00CGFRJ2Y,4.579731464385986
AGA3UZAMOM33JZ5QFAPVV5QW42UA,B004G7O1Z8,4.428289890289307
AF7SOHKHVL3AUZ5WJDUMPOFDS5NQ,B07DLC8CQZ,4.48762321472168
AERG7PAAOYKH3RMANNHJ2PMOQ2DQ,B0C21BG2KZ,4.427112579345703
AHV4SKXGCWKAT4NRPWQDWERJQLXQ,B0919G5ZTY,4.518454074859619
AGHAFZQSZLIALFSCHDYHAZPW24FA,B018FCZKR2,4.512615203857422
AEGNNCCRQPA57ZYBT3IO44I2VAPA,B0002DNUWK,4.418334007263184
AHX2MR6NLBEPURAZZUYFARJVHSEA,B07B4XLP57,4.545896530151367
AFD4VCHPTEWZVXBCCILDLHU6SSEA,B0002GH8X4,4.457845687866211
AEVIDOETQTYGFWUVJGTIDMWH4YFQ,B06WVXN1YQ,4.478883743286133
AES2BBDYMUFVFNRLDPD2WTKS7A2A,B012VQ5A7S,4.416447162628174
AHQIX3TQQCQRG4VLAEKKURPGW7EQ,B0BPJ4Q6FJ,4.622995853424072
AGSVLMHAE6DKL34BW5AJANZ2HP3A,B0BTPB6GRM,4.337939262390137
AEWVU5J4PG33DCCBEUU3NC2GLBFA,B0BTC9YJ2W,4.567193031311035
AE5JOCZ3MGV3MS5FTISYD6T3D3ZA,B095BQ6T33,4.430966854095459
AH7YS622MC7QXBBAFEBQLY6PVTGA,B0002DV0CC,4.399261474609375
AEMXGB4ZOBCCTEB73OXEDAITLCAA,B0BHG58G2F,4.540207386016846
AGFZZZQOQBBYYU63HYX5YJRDB2DA,B07M6T47WZ,4.527322292327881
AHQSLUIQE2S6RTEJHPKQTLQY6ILQ,B00O9S69BI,4.3855366706848145
AG32CG3V4PGAJGAQMRADO2QOAJOQ,B00TH48HUK,4.516513824462891
AE5VPKX64CVOPH6X75C7EQXAIGLA,B0BZ1XQX97,4.491157054901123
AEB6QK54PZDMGSGTZ43QGPNG7HEA,B092LF6RLS,4.498810768127441
AHLD7UDM67OZJZVX3MNHQVTP4JCA,B07B8WL33G,4.5896992683410645
AEWYKSYOUQSUSRCMJALU6SQMNTUA,B09998RDGC,4.4321818351745605
AENRVEVFEOOUT3CSPWXBRHTV7DNA,B00B6KMDU8,4.443688869476318
AHALYOX63S6CACZTHN7R24RVEX2A,B0B8M1RZWV,4.507913589477539
AEZE4LZURVM2QWHLRMB7D54T3MAA,B0002DV0CW,4.47242546081543
AGVRLUFL4ZEIFPCUS3MO3TYW337Q,B07T3GZVMD,4.456228733062744
AFO24CAUCZQKEVDR6FMRJHOLEE5A,B009N3VDBA,4.451633453369141
AFV3FCAYHRCOC2A52AGKK2RPPEYQ,B001VO7FPC,4.449866771697998
AGKZ2ZB2D7CCGKIUW2EHZ7HPQOIQ,B096K2LZKH,4.543379783630371
AGHIMWAIM6LO7YDHL2CEV6NVRWWA,B07RG6P3N1,4.594117164611816
AEMLDUMRZRY3H5UQSTVOGIKOR6HQ,B0BBPLFSCG,4.480904579162598
AHIRWKIA4JWTMPDXNI6ZTUCUQ5NA,B0BT8FDL8B,4.499055862426758
AFA52JPRDGOBHYA56MQCHTIUPYHA,B07DWY7R2X,4.585601329803467
AHSHEQGI4K56JQBSWBXQAB5UDHFQ,B07L5B64RG,4.295467376708984
AF5LA2ZA24TKFPGE54QQK7LV52XQ,B0BPJ4Q6FJ,4.588598728179932
AGPQV76FD2ZADKYY3AORROQCEXPA,B08JMQR2JK,4.466162204742432
AGIZAXPBONK53PAVEEILT5YKYINQ,B00I03OGKY,4.330967903137207
AFROAABFKVW3IEIVRSHAIA7VR2EA,B07HM16JZB,4.312017440795898
AFQQRHNOS2AJSMORGOJQTDOWF6EA,B07VKYKXDZ,4.474686145782471
AEOOMMRNOICCQAIPTXNDSX3M6WYA,B0B55ZJK68,4.4375152587890625
AFWVN3PP4WG4IPQUXVHS62ASS5XQ,B0BKZ51ZN4,4.528701305389404
AHUNAIVAYBPPDBVW2WOKRATDRQPA,B0BPJ4Q6FJ,4.610635757446289
AFDSQDYICQ3ZUK6K66IKKURLEKGQ,B07CRFB66G,4.476127624511719
AFZUIWPRDEKD7XPVABNXN764RFEA,B085QKS9LZ,4.253347873687744
AEC4JX3YOS6V5AOJMU3YD7X5BUXQ,B0B4SGJRHR,4.444530963897705
AGX34SAPG26BUKKPPRKRXAAUKBWQ,B01FJZBI7E,4.4226179122924805
AGQ2FSQ2EJJXXJDWNXNLRAQCQLVQ,B07GV85N58,4.381068706512451
AEBIEMNW4BPGOFLHZCE7TRXIQLAQ,B07YMGPV7P,4.572967052459717
AEVPSBSO2FUNFP4I6GMZMM5WFC5Q,B0B95V41NR,4.464202880859375
AEPFMCRRSJJXQCYS463NU355VGZA,B07T1P4V9V,4.455129146575928
AG3QPT6XXHWPA6BFADE5XSVAVYOA,B07685T8FT,4.49359130859375
AFITYUC3765LLGHMH4L6XJXCOWIA,B09ZTK33ZC,4.595013618469238
AH2KEO2XP7LXZ5OHOP2M64SJO6UQ,B07CQS5DJV,4.351620674133301
AGP5W4XNLLC32Q5ZPAQB6EMK3RTQ,B095WG3LWV,4.4485297203063965
AFKZTCN4BNEKHAJQARBTQ4RZVETQ,B00BQ91V48,4.443386077880859
AHXZMBZM7TCTGR6YQ7MI7LEAZ7QA,B00HWMG44U,4.438950538635254
AFZHRGPFPMKKAPUZ7UN6ETIKTP2A,B08NK7LFV3,4.503365516662598
AFADSIHYNNSBDX73K7YVB6Y2MCHA,B0002E4YI8,4.369778633117676
AE5MXJ2USMZKM3XOPWONVYUEAUUA,B095XZJ99J,4.526350021362305
AHEYMCHDEQZ7TLMUCRRSNZNFDWSA,B07NSWD8BR,4.29207706451416
AGWPL75LA3K2XKGE6NIKTHOVLJEQ,B0071ML4N2,4.45428991317749
AE4RY4OBRREKXFXI32SR47R3SXGQ,B00USQY0CK,4.49254035949707
AEJDUT4MZ2N5JQKUCHABBP3D22VA,B0006UGEOK,4.523247718811035
AEJ6HNHF32QL6ZB2UOFMCYJNT4RA,B001L8NFZW,4.539390563964844
AH4VH7HDF2ANWCFABECA7ZXPL3LQ,B07B4WXVTZ,4.536456108093262
AG7IN5L7BFVBNE2TNWW3P3A5RF7A,B07MJ844DM,4.5304460525512695
AEWBPGHXAWZU45S26IQNREVTZRMA,B08XTNS9T5,4.441186904907227
AFUD46FQ5QP2KHEPMCNSWXMDZ5MA,B075B67HFY,4.482826232910156
AH7YPVRYKYOEFIO2KAADU3AAXXTQ,B08R5M2FGY,4.471593856811523
AEAFOCTHO3YMMX5M3YVUGAU5S3VQ,B01LQO3GGS,4.224130630493164
AGCML7EM4QFDKXX7WKPZ5XXY3PRQ,B0B2M1GPR7,4.425400257110596
AELBSC427YP3XNO3L4ULNIASKB6A,B015HG7HMA,4.412561893463135
AESCRGAOM4FMUCDGGPUIRSW62JPQ,B08T2PK2DG,4.385361671447754
AFB6XAMKLLNH7JVIJ42QJ7TZNG7A,B0BL2W52CK,4.322383403778076
AGMTCMP27WCMMXZ3R3FJ5F4KDABA,B01C5TBX68,4.522727012634277
AGFSPZ7XOYCABXF6VYXQVWQRMO4A,B003AYIKNW,4.5425310134887695
AF7TFOXQFNNFVM2IIFSSVXTNGFNA,B017DBD44C,4.452840328216553
AFEHZC64FEDKDTMFEAP6VABWIO5A,B00TH3YPDE,4.533931732177734
AE2G7LHNL4YQI5EQHO6RIGHESR7A,B06X3XT47P,4.456987380981445
AHCLEFILWZQNDMN4L3LC3DJLZNSQ,B07MQBPZG8,4.502655029296875
AFCCQ65LWHZZ35ZA5BR25DVKLNZQ,B01LYV68RY,4.463074207305908
AGYV6AFXZR5TFYH7B5FLJX3DPYNA,B08HRZ15QB,4.445957660675049
AF2ADEWSNFYF3BRXGP5KXRXULGKQ,B002M8GBT2,4.458625793457031
AERNRI6KSDC5MTIFVRSJGJYVLBZA,B07T4TKLW2,4.351741790771484
AE4ZHMTUJZKVNPRTAVPTOTMMTHQA,B001LXMXU0,4.486548900604248
AF7OYQHKRXAWHQDLDOVMRNX6V6RA,B01DN7OC00,4.532016754150391
AHGYRKOFMG4EM45YSZBUTWUX3KJQ,B087D91DN4,4.374139785766602
AH7YMO4TVV6ZNDCST3A5SSR633CA,B01EPWGF8O,4.3519511222839355
AEQJG2LA2SCOGALBII4XVQ5DCOKA,B0071YXCVM,4.444151878356934
AGE4MJI4ACCVR2HUDBPA27GVIZFA,B07ZMCH5PB,4.545197010040283
AEXY3DSSYKBHCGAMNYQRGD3GR4QA,B01NBNM97K,4.458417892456055
AGMIECBRRAHS3YUEBQNL7M766ZVQ,B07GQDYWWB,4.526630878448486
AE4OL5LGNMZXDJWENP32PLH4KXDA,B01FF4FX2U,4.438199520111084
AG6ADHHJ2MHUP3ZBBTGMZVJ47Z4Q,B01HN41Y2I,4.4475555419921875
AHACHAD3DDY3NKK6BCN7RWH5XWTQ,B0BPLFP5P6,4.347200393676758
AHSYUEHHWA3FIZAUAZYFN54OHZWQ,B0C5Y549L5,4.289090633392334
AHJSYOIN4W5IZ4SW5LSHCHEBMPNQ,B07X2LN3FV,4.565000057220459
AG4IBVQSLXLZFIBFE3EDMOJMVLHA,B0779ST115,4.497381687164307
AGE5YXPVOTT7B2DW5B4LPLL4GL5A,B00EBK6C20,4.422311782836914
AHR4N4IZKDYWKN7WB22HJF3TE5MQ,B003GEJ5SK,4.284575462341309
AE3TDVF6M5MAB6UK34376XCCHBBA,B081P1SQGG,4.539201259613037
AHOPM2RGN6VXHKOR2NCYQ6EGTAYQ,B000K9JPB6,4.454002857208252
AEGO3MGGYGTJZINMKJ4UZ5LR4SAA,B01J5M2GO6,4.368810176849365
AFAAQVGMDINJAJNDD6HE2HFNJ7AA,B009MAB0S0,4.530928611755371
AF7IDWLJAS3YD3QYSBECQLZ5PYKA,B016QUXTZU,4.34283447265625
AG3PQBC2VIMREI2WXU7IFYRIGTPQ,B0BK5CXZBT,4.542511463165283
AGSZ34I5SMWFEZ4ORPYAAOALSV6Q,B09R6PRMMY,4.569169521331787
AHYOPNWLGYLSKSBUQKAIWYDOSV5A,B0BYNM15YB,4.3711042404174805
AGRCXV4NM763VGZGD6BQ2VGNCJNA,B09Y53WDDY,4.429884433746338
AHNXWNFZIZLK2A3OGVF62FGR6SFQ,B00VKI4YDA,4.407095432281494
AG3FI4LLMISCHAOGWQT6TCP4ORHQ,B002CMLQ0M,4.452151298522949
AHB7UA5R3C2NUJTZWPJPR6SNOGQA,B000TGSM6E,4.3682732582092285
AFSKOXGAKKYKA2UDMHUGHPPT7W7A,B0B1ZW83N8,4.4110307693481445
AFLABIBLTVBHSWCDT6CVWJ2BPTFQ,B0BK6Q2HDN,4.501708984375
AGQEZMUPBTC6K5PQNIUXB57MMSIA,B01DTGCMFC,4.382577896118164
AFXGSPUGWEKJENYDNCYEHUOLMPUQ,B0BZ5JK2GC,4.46263313293457
AHQIX3TQQCQRG4VLAEKKURPGW7EQ,B00IWU2CBA,4.4822001457214355
AEYVNF74XFFZ6UDVWDZVCTFFICNA,B07GSJNMBQ,4.412057399749756
AEKELSFZ6K5E5W3BHUWIJAZ2BW2Q,B003WY26VM,4.548168182373047
AFH22HRJGMLKZUDI2UN5APR5YIAQ,B074TNDXM2,4.390861988067627
AFKOCLGNVPBGV32N3QBZRUAZHOLA,B091YFQGCJ,4.547435283660889
AFKICODOC3GQGWHGEYDUBNFHJWOQ,B09GTV6QZQ,4.445047378540039
AGXKC72DZQZZXSYAKCMTSLRGUS5A,B083FTGJ5Z,4.471144676208496
AGSB65UVLST44NVCLYYW67CJAV5Q,B06XW9MTTV,4.442862510681152
AHW4G6FPXYTHSCVVU4DC42L63IQQ,B08VWZHQV1,4.422466278076172
AGJY5ZQ56LDNXBGSQ6UWS7WUJXHA,B015HG7ZR2,4.410554885864258
AGGZ7UAJ5H632KVEBRZJX4TH37SQ,B0002KYXTM,4.278541088104248
AHDF5QL5Q4ULQN46WRCHXHYHXO6A,B0787H2XHY,4.446438312530518
AHTOCSUMQGOABZ6Y6MR7XL6ICETA,B07CQQXQ4T,4.522990703582764
AFPJNWATIEOD6OYRPC4BI65KUPZQ,B095XZJ99J,4.563182830810547
AEXQXXYJKOGNFK4BIA7CNTZ53ZMQ,B00HX40OL6,4.3901801109313965
AER2QRZUIRFMMQHUKONI6X2CASSA,B092LF6RLS,4.4954352378845215
AFDTO24ABREOG7VZHGM5MUINEONQ,B000T9L7W2,4.368916034698486
AENFFWFS25A7LLXCXTK5P2NDTS6Q,B09YYF4X1Y,4.454272747039795
AEQZCIHPL376ZN3LRVIK7LKIO6IA,B0BYPSNQYG,4.542762279510498
AHZVNE4T643FNNMVG73UHCN3EM4A,B08T2N25MR,4.434471607208252
AEQIE2USMD5JWF7BFPFSB2TEEKVQ,B07VHZFD6Q,4.4350481033325195
AHF5NTSGVKI7CPBJ4IAFOIABKZOQ,B00DY1F2CS,4.342305660247803
AGFI4RKJONGNCQLVN7JQUO6YYOXQ,B09Q39C7W2,4.480643272399902
AFGQTSA5VSAM326LO6ZKAIWIFK5A,B00HZH4D04,4.481540203094482
AF5HGFNU4OVZIZEWCTWQLTK2HMNQ,B07C91JT14,4.352456092834473
AGZH25VPWSNSD4E5IERFYWMEBOWQ,B0BXT1HP18,4.416759490966797
AHF24GKKXGAKQLPBYVZHEMHHNQDA,B0B8NXV975,4.5800299644470215
AEBLVOJUISLAIOWLTIXTJEYBE3HA,B0002GZV5Q,4.522001266479492
AHIU3GE2TRI4ORRL7LLFAEQTJAYQ,B0BFKPM8MQ,4.458786487579346
AHEIHSN5VJYUIV73TEU6VIK7ZDNQ,B01CS87OLO,4.512871265411377
AFTWTCVFKL5GDM6YHN5ZLLXS4DOA,B01MRJUB7Z,4.414375305175781
AFF5XKPT3SWRRPWQW4WKIVQ5QGAA,B000T9L7W2,4.364823818206787
AEVXZ5HNDHIRVO7AGCSTPLFI3OHA,B075PPKM28,4.447196006774902
AFOD3ZGWBE5VCJ4KGH2OWQP3QDGQ,B003OYOXDO,4.45208740234375
AHIR3YSOUWL2ZU45WVOXTO7JGE2Q,B01448TS1U,4.356876850128174
AEIVZRLV4V53ON6VTC2U4TVBZF6Q,B09ZDMFDW5,4.483814716339111
AES2ZTXMTM2USYRA6JS7MPAMZ3ZA,B097Q9W8MW,4.420335292816162
AFQJYVZJRRJKT73QEQYX657RRIOA,B00557KN28,4.437431812286377
AF7SO6JG76JZKBKRBXAVQJOJBPHQ,B0B7B9W8HP,4.460002422332764
AEFT4MMHBTLSDAH65OHIQGKVNBQQ,B00GESEQ4S,4.295811176300049
AHUYGNA2GEDE4I4CGQITS5RUZP5Q,B07MCM2DCZ,4.531688213348389
AEPNDOJU3WRZU4C4BPTUTJTA74TQ,B008BPI2OW,4.442503929138184
AHAHOZT5TWLEYPYLP3UP2SMEKHYA,B0BT2Z1DF1,4.454651832580566
AGNRFLXG5P256TIYC7HM6I5IT2AA,B01DPCONFM,4.541883945465088
AHQXZXO3N2WPKJCIUWXLBD4HU66A,B07VWSB34H,4.436178684234619
AEVAZYJYKF7GQKK5BA4Q67I2TC5A,B008TNAFZK,4.42409086227417
AF677ONY3CIUZSPX65QTI7AWREWQ,B07Y2Q3RJ4,4.560977458953857
AGCWPLTK3SHPNH3T2RNITANQJ7UA,B0C18CV4TS,4.426583766937256
AHZUM5IKWN7PMCQOVZZ3KIWZIOQA,B0007SL856,4.455029010772705
AEXUUT6Q3B7KIV576X6RZDSZ46QA,B004S8AU2I,4.358164310455322
AEHV7MX3RQEWNYLQYANYEKZCJKAA,B077KGX7W8,4.4787774085998535
AHVCAMIWNQNSJ5ZEEHS7M6MML5PQ,B0095DRRFO,4.3863959312438965
AHM6XU5UR2N6ONEAFVPHJKEN4BUQ,B09Z933SNY,4.482509136199951
AEJOVM2ALRKRJRWVSDE3PYRVUOJQ,B004C4UQZE,4.391621112823486
AF4KIR2XI5YIEI4BUP77DBCUKTNA,B076322LP4,4.531000137329102
AE6BF2OU43AYS3JCBNVWV557TCMQ,B0BPKH7FJ2,4.54721736907959
AEVIDOETQTYGFWUVJGTIDMWH4YFQ,B001FB5Z1C,4.54188346862793
AGX2AP2EVUVFTBGCGS4K7JXT5XMA,B093YGM3KQ,4.506715297698975
AGGK3X3WGTH6W5DBGC3QH55HKJ7A,B01E4MELN6,4.427820205688477
AGTJMPFA4UFAU5ESGIUL7UH5OENA,B07N5K2V9H,4.5117902755737305
AGKNSAIF7C6Y4L4CXNBU4WY3L45Q,B07S1LKQMB,4.452976703643799
AEIBKB5PUUEGL4KKJI3JX5XBWIQA,B07CTD883P,4.4428510665893555
AFS673IRZOY3VOUOVTEN46GJ6ILA,B086RHFW8Q,4.454679012298584
AFAFI6N2OEHEZMADEFS6BN4XMGRA,B0C67HCGBR,4.725117206573486
AEKBBT67IL2I6N4BWLSBRL2AIECA,B00BKXN9LS,4.4139204025268555
AGYWUC3S7UKKPS7TUSNVDSB4L3BQ,B093YLCJVH,4.421648979187012
AHYKDZQIJSFNDBGMKREOKXQ3CNLA,B07KNJSD49,4.4825873374938965
AGXQG72Y6EIMUAUYDEY7IGJUQPMQ,B08T1TWV29,4.425534725189209
AFPWFNBSJ2BTR5JFERVM3G36OGYA,B092LF6RLS,4.496427059173584
AGTHNNXKJS4JBP6OAHE4J3BYXK7Q,B093YKLWVN,4.592570781707764
AHOPENJEX6Q33FXYLE5UA6FLFQ2Q,B08R5GM6YB,4.3860979080200195
AFKQDKDIZX7G5QJH3LDYG56O3NXQ,B08HRZ15QB,4.445328712463379
AGYKOOS6KFMDEQ2PGJ4C5GZFVJYA,B001B16ATC,4.455363750457764
AGWRKFZHFPPHHO5LGEUI5Q5V5YFA,B0B8LMGQVX,4.5060858726501465
AHN7YYV2JL4BFTMIJRYAI5PF3A7A,B00WJ3K3QW,4.495729923248291
AE5GU6FB5WPUSX37JGGNXLS5MNLQ,B09VVV7CZ8,4.4424333572387695
AEQ4WIM7ULSVAK7HRV5U3LLC6QHA,B08H1PVP9N,4.438485145568848
AHCYDRGR5OLYTFQL4OPDHOUJ2Y3A,B0C3WPPB5B,4.441346168518066
AHGDGGMCSMMALHTX6WGLJFFUVJXA,B007MY5BDI,4.5474467277526855
AEJX567KHPDJBTADR5WCKVVXORRA,B0759JQ57Q,4.418846607208252
AFCNKGMC2A6IKLW4OALP7RD34FSA,B0B2LMZ9RT,4.2720208168029785
AHWMAINY2QSKJBVYDTNANQQBP2NQ,B01G26TRW2,4.4216227531433105
AH4U5I4KI6JDPIAFHYQE672SBUAA,B0BT9R8MMV,4.534566402435303
AHR6YKXEXGIMXC4KZXITPYDZSIMQ,B0BPNMSDGB,4.436708927154541
AEEGBXTASTDNNZE2QXR5IIGX725A,B00N12WYUS,4.41989803314209
AELYPSLZVDD2H3VFIKHBMMXV3SBQ,B002YL81RW,4.409933090209961
AFQZQTVMHCRV3OLIWVWAHUZIQG7A,B07NDFFKJZ,4.423117637634277
AFVUOJI7RCDL5XTF5RPKZYSEGOVQ,B07DLCDT3N,4.439207077026367
AGMHYG4CTWKILTZWCZ7QM3JPVGXA,B0787H2XHY,4.451168537139893
AF6ELLW7NT5WNL447YQWXJOFYLUA,B0002GKYZI,4.495574474334717
AF4IJ7EGPU2LWQAZTYBA26KY4UVQ,B017NT392Q,4.415541648864746
AEQIXOBGYVS2DIAO5XFBPPKNMA6A,B018SA2CPE,4.490908622741699
AH4CKDTXBSDQ5HF6EYLK56OZMQMQ,B0BLJSQF7R,4.306037425994873
AG7IYY7DBVJGLXBDW7VOZSLYS2QA,B0002GNSUQ,4.468269348144531
AHLT5ZI2KDKZPDKOHWZNHNQMDFYA,B0BXT43MN3,4.523176670074463
AEKS23KTJWPSSKWVWNUPKQMKOVGQ,B016X2ELIU,4.5083746910095215
AG2VMRQG7CPHKGWNP3TT5V7I4JJA,B0BYXQHW7Y,4.325544357299805
AEX7FVG2DT54ZTSPX3E5PIYURQGA,B07BSL26ZW,4.3957061767578125
AHTLRQ7HCERAHBTOD4QGJ4CE6WUA,B0002F5C7Y,4.310924053192139
AET3S3QXEZM7Y7MDGCJTFTTOPAHQ,B005M0CK9M,4.284674167633057
AHXXM67KZP5QLRJXRK2X3VPJIVGQ,B01DECWM0G,4.356349468231201
AHHO3PFPFK5PZMYWZMKQIIMLGOFQ,B08ZS312RW,4.437814235687256
AHKCSUGN4Z7LGDRN3YPANQBGOBUQ,B0089NNAZ2,4.445194721221924
AHDA2HXHNPLZLKLZGCDZCCTQOFHA,B07L5B64RG,4.289363861083984
AEVI7UHYFLB3IR4ZXWZSDLUH4ZAA,B08JMQR2JK,4.472385883331299
AG5JUX7FXX2LHPVNLMPUVLKMQNGQ,B01KQ29Q4C,4.500576496124268
AFAC3WZ54MY5GPJ3AZMZYHHP2RIQ,B0010XSZ3A,4.455070972442627
AHNH5HCKCICNCS42TDTL4NDSPCMA,B0BRG26SYG,4.488839626312256
AFOLEJG76QYTV6QYU7GQDPHBAKQQ,B01KNZOYBC,4.441938400268555
AEA2NBRBGJ7YCMWFUBDJ4TUW6PJA,B08BJ37FNS,4.454318523406982
AHCTTD6GVQ5S4SDLBCMLIXEFH62Q,B0010HCI66,4.440562725067139
AE4B2GFN54FFRAJ6PKTMFN2BI35Q,B015X3CXXA,4.412837028503418
AHJ7A4GFTLZBIWG2NBUAJWK6B77A,B004ISK4AQ,4.546699523925781
AHNBFV3L62BHBMX6V4NFRT7PR47A,B0BNCDVD4M,4.405548572540283
AGUMX4MREHVOVE3I2DZAOSBF43ZA,B09CGJ6XK2,4.3994035720825195
AG545MMHYSJ5GUXAXDOVIC6IZ7ZA,B0C6J2DPBW,4.558711051940918
AFFRCOTU354SFF2TWTMJSVJ3T5HA,B001U0ORN0,4.4130730628967285
AGX2AP2EVUVFTBGCGS4K7JXT5XMA,B09G5QS1VD,4.45890474319458
AH2ADQH7UOGDTDAAOQMXQCUAGFQQ,B07M6H5RM9,4.516650676727295
AFZUL4Z3J5LTJYTWP6IZULSDVP4Q,B01CUZ857W,4.52726411819458
AHCBCGJUYWKLVCHVXNU4TUSZHFNQ,B09T82W1SN,4.551881790161133
AG3YSGTHAD3XS22MCYKNMVKVIKGA,B00VRPHV2M,4.3953537940979
AFTRBS7WXYEYEKN67P5GBLKBXFEA,B00BXE4R6U,4.465771675109863
AFDINRMUT6ZYV2P5SAJHGDWWYCDQ,B08R5GM6YB,4.402760982513428
AGMRYSCYS4DGUW4QAISHDJSCHUUQ,B09M7CK2WK,4.538369178771973
AFVWWNWNSTEY5P6JAPQPESCVSLWA,B00H35YIJE,4.593250751495361
AH6CH7YIZY2EWT7UENH73RZVWUTQ,B013ZHK4DM,4.568324089050293
AEUH4L52LUHVPTST3WLZIWTLTDWQ,B078X3SSY7,4.358595848083496
AEM3SC4PPHGA7KAR2YIGUEC4FUEA,B08T9CCXZB,4.5417351722717285
AGUZJ3UUDPR4RYAP4C6R3SJUXQ2Q,B074FL1CP1,4.448258876800537
AEK3AZJGYPN25QIZM6WXRFG3HO7A,B097Q9W8MW,4.417309284210205
AFL3PZUHVXQES2NB25YCAYJ44X5A,B07Y94MSG9,4.4242401123046875
AGUBV3YUSN2CPPH4OQBNF25FLZGQ,B01DPCONFM,4.53434419631958
AHXTVTZ5AXDYH2ZXBOCSODALZROQ,B00GKBFII2,4.434325695037842
AHJTMJYE6S55L3I7CVDRFQFKVS6A,B098KXQJVY,4.593148231506348
AELW2KBTX6VJ6RO2OSAKBEBXZNLA,B07FZBF5HY,4.449151992797852
AEBFEHMBWTPBUVIGMLJC5AIILUNQ,B07TSGLPLY,4.501605987548828
AF6IPYXSVTYOXYMAQTOUM5PXRN3Q,B071Y4HJWX,4.564249515533447
AGS2TDMTAC2L4AB277W52RWJNHVA,B00WRJM5NC,4.278292655944824
AGQA5BRX2ERUST4AUMTLVC3JMWRQ,B08HHVYGV5,4.44433069229126
AH4TXKB3XTGBGU4NY3M3S5JSCEXA,B004AE3W7U,4.545298099517822
AGFTIABCQLO57WAANY32UAELMT2A,B076LRN23J,4.4649834632873535
AERTAT3QNBMZ37Q2QXE7LSZQNBZQ,B07541NT4L,4.427318096160889
AE7GFCKWYXDFXWJGRCVZO3QFMXIA,B074MBD643,4.45228910446167
AFTRYPOFRCX65QE5BOHMW7GRYAOA,B0BCK6L7S5,4.273694038391113
AFOOI5ACUEN6EQJGID72GT2LDZAA,B0146YTJOI,4.489886283874512
AHC46G7YQEC37VOLPDIWZQEWXE4A,B07TXL153N,4.499244689941406
AE4KQ45U5PV2LEKFZP3RUM5L7JYA,B09RN6MGZH,4.404982089996338
AFBZUTNSJAW5GQJZORPGE5B5NPVQ,B000DZXTFK,4.4481353759765625
AFNT2D5HWVLYXB2OWLMEV6ZJPVPQ,B07NKRZ1KQ,4.620108127593994
AFC3O5Z27ZZ5BOZEPDDE5LTIFXIA,B00AXEDVJA,4.410336017608643
AGZ4FRR2ODBHJWUCPET42AMRU5NQ,B09WQTXJRK,4.418960094451904
AEMX4QQHS3HDQGM6IPOFJMM3534Q,B07NDHS7FN,4.4100213050842285
AGTQ4XU4K3HRG4A26IKNCCIEX4KQ,B07BFZ2KSJ,4.275715351104736
AFPTMVT5EH3PJZHK3LUE5SEIP3UA,B06XBB9FPF,4.465394973754883
AHX5CCO3VSCRLZ46HN4EB2OCAZBA,B06WVFRW4H,4.470036506652832
AFWS4JNT66C4CCYBGOYFLTJXJDPA,B01M5DF38P,4.433234214782715
AEVNV4O74H2AN5PJ3OAYYH3T7AMA,B0B5TBHFLW,4.434498310089111
AFQKIGEYXZL76W7BIGLVR2RIPMZQ,B075R94JY5,4.324087142944336
AEVAWGTR5FUYEO3WRMUI6SMGR2TA,B0BCXL2V52,4.51204252243042
AHNIDSZTL7HFLSNY7WA7YF3ZWKOA,B005SUT0BC,4.469915866851807
AER5XQROGISYKN6ABH7EAK7OHGTQ,B003B1BOFK,4.462012767791748
AHAUV465EY5R5K4KRUNC3Q6MRA3Q,B005OZE9SA,4.396442413330078
AGZXAIGW4CJNWEY7WL66MSGGVBQQ,B00H4J7WLU,4.415094375610352
AFXVXYBWXDV7NT4GGRRNFT56NONQ,B00126HUGS,4.418286323547363
AEZD2WTGKS5BQCHHLPVO3SSL7HBQ,B00VIDJBSU,4.274956226348877
AHDORHGOBGGQFUSOKSPIMK23A7IQ,B0002F74IE,4.532986640930176
AHVKGDD2OV6WLV2KGSSVEGRHZLCA,B09DR91XCS,4.438082218170166
AEI4K2NEMJ2UZLNR73JRGWEDU7AA,B09396NY1C,4.400850296020508
AFVP3KR3HBOXYMXIBL3ZGAZVDQMQ,B00IFOTSJW,4.590750694274902
AGZABQWQQ5BECURSRGYLNQWTZBIQ,B00JJ18U6W,4.471839904785156
AEVP2C4BSOO2TLDDUACWGGJURQIA,B07K7VC41S,4.3728861808776855
AHA53E3UYPIUKH3CMQ3NMZRCTTBQ,B07MG8PHF2,4.533135414123535
AGTF4QKF4QKW4OJSHDMTFWPIU2JQ,B07B8WL33G,4.572389125823975
