ReviewerID,ProductID,Star
AFKP7GPURJA6SIE2IQAPMQVFZYWA,B01K9AMG8E,4.474560772499398
AEHJ3SL5NHVDUH7ACAAJD3JYXTFA,B07N5K2V9H,3.938581924279174
AFLKS523NY36AY6WTAAKFAHYT7BA,B09P7LVYDR,4.770414770641517
AEB6NY4IDOJQTFCHNUGKOKLXCZJQ,B0BK5CXZBT,3.9853919051586857
AHSYUEHHWA3FIZAUAZYFN54OHZWQ,B077Y4JGQ1,4.578293050583881
AHRPH3DCPDNWEDZJAP7L4UJ6USOQ,B009WS7V5I,4.600115760674445
AGKGURGEUE4BGKGRI7AYW6TIKUBA,B0BKZ3GCGR,4.806128320116981
AGFB74WQOHVJP4PGF5QOXM5CXYQA,B000RXN6XI,4.490755608963925
AGPFCVE36JI4PXFC627LXEQTBD2Q,B00HX9F3ZS,4.9346380287388545
AF6LC3PL7ATCSC6VQ2SX4PS2JNTA,B075R9DNGF,3.5931348763244353
AE53UBM6H6SDUWZTV3Q6OJMJDB3A,B016CK4Q0G,4.67632673910833
AGWW735D5YTMQYBMUDXC4KOZAXDQ,B0BGXSRTB2,4.937762652952229
AHJUKDLBKDLRZWZ2OFNOSAYOCTZA,B0002E3FBA,4.748169864345342
AGV2HFYUYPDTCKHXP2VUSKKR43AQ,B0002OJPE6,4.167171404740348
AHYDVO5UKW3QHLF6UFSCEOGECGLQ,B002HJ9PTO,3.9904597185443755
AH535Z72NTQFY4YZ7TXSYFP53ALA,B00CA8982Q,4.096996230990569
AGXGOWEGH57GQAL7MFXUJYTDYVIA,B08G7X73ZN,4.696041941448085
AGSUOVNK6FSW4EFQVPRMN4IMWJWA,B001E95KEC,4.720602710172736
AELSGY4WCLESJ7VLUYUHAJT4BHBQ,B0799734T4,4.572437753681882
AHQDVOYHBY33A6ARDSAA3AHORBJQ,B08CSQNMN5,4.785271931909545
AESPIYN2KPFNMATAZNRXTGG2RTUQ,B0089NNAFW,4.010722755873441
AGTDFPFY44MJBGGG754JMRA44TKQ,B07BC4KMQK,4.402321402246686
AEW3WN45BO5QRGK3RPQ2DREV4NGA,B000G3MV1W,4.802108873111951
AFV3OQHHDBYYDDQT7XU44VPQRLCQ,B0BKKZT1BQ,3.9557033597138926
AEC5RGUIQ3DZMJFZEPST5R4O7PPA,B08R5GM6YB,4.48410733212118
AH6WGAEBHJQJLZJMQI6NM74ZKFGA,B07FZ5XBCJ,4.303429152440126
AF7SOBRJNAC5ORUZAMT2EJNH3RNQ,B00FPXDRQQ,4.128698957879688
AFQVJYB73FB4EMH4CHYJI6DQ64ZA,B08ZFQ8GLV,3.6610572018188527
AHFJIW6GUHWLNDE6KIME3JB7GYVA,B0002KX5E6,4.45777018846311
AGNPTJJ3IN3Z6HMZAJECSJES7BBA,B08PMZQXN3,4.646475234301628
AEYIGWWXTT5AD4ZONPSHMK53WR2Q,B0002FO8CY,4.046409688387053
AF5XVNQXEWRDQHIEK4RIJU5JZGWQ,B00TV90MT0,4.823468995075682
AEIYX25CEO6PSO7NQUMSSIIXBMWQ,B0BT2Q42DV,4.842599528738855
AHQUW4WT7RGDAEWOMG7FZ3EKMINQ,B0046LGS0A,3.769177976376957
AF6AWOX5OCZXE4XLWROTNPEZWVLA,B09HCVN9M9,4.38235998517051
AHNG3NRGEDYO7E44QMYDHMBADPBA,B06XZ91CGG,4.495890611332898
AFOQTBFBJWHAZM2DSCVN4GIFZWVA,B0C61YCRKM,4.006081366783399
AGSFWUWZB4NXQHKWYKBYB7JIGRJA,B07W44SZ95,4.012728937288076
AGU3467K6OPI2HEDABM5P2APPM5Q,B000NGVQKO,3.997234834396605
AFHI666HJMKCI4K6KYN72NLG6ZQQ,B07DWLYGKH,4.784266091401129
AGTUP64TUDREXZLFMZXLVWJQD4UA,B004EBR5VI,4.489021965236419
AEJFHFNVYIIZIDHJHDPGPKGYTQHQ,B09YDBKT7M,4.806598158819729
AFRGWN2OQMXTMFUCW7DBTJXXZC5A,B0BLLZYYPK,4.583951787212826
AENVRY2ODR5XXL24FXQFBQMXFM3A,B08BJGBHN7,4.559653056186351
AFQ7VJBUAFMCD6WLRMNJVL5IZGUA,B000WKW8EY,4.6940554376537
AG3S4FROO422V5KP7DJCBXVUQLJQ,B019OO4IY6,4.789837887898763
AHWKKYJLZGHYBTMB74R5TRNY5JRA,B075MRMFM8,4.459961318037752
AHNOYSM6BGMCXVETNQNOKQBSXGTA,B095JMYLPZ,4.951939252623044
AFLKPJZCNDA7M5RHJXFQZQYTJXZA,B07N5NPKRW,4.913476804074833
AHY4BIN6TICBUHIUNKJTLVJ6WOMA,B00WGDS77C,4.3180267533865475
AGSM4LM5MKYYD3CJPXAF3MIFGAEA,B01M9GJC5V,4.335386915471847
AHAMWA6AJD7RPNUGVOHWODNKI32A,B092LF6RLS,4.839565181323318
AEIORZCHRBVERYFCQZTGPTVUYIWQ,B0BLLXXT6F,4.52851427577815
AGQLFAMQA7WJBPRVDSZATYNGAGKQ,B0BCK6L7S5,4.419859645851533
AHTQJFXQNPHYWI6NCGNOLMNWHOMA,B0002D0JX8,3.8697025287594284
AGAKSCBPVTFI7CXR6L3UI66AHL4Q,B0071ML4N2,4.555458151066
AHEMAURZYRCARVTVF6CQYTYE4I4Q,B01EY7NNSK,4.897963841721895
AGN6YXFPLQOIVURKG5LGZ76J4UWQ,B07N1RPV4J,4.708141293773945
AGGGVYN6UWSDL6N37L77RAJLFHTQ,B0B89ZSYS7,4.921981426410738
AFLI3BM2AJOV7JK6P2CWU2Y3QFQQ,B0BYXVCSGG,4.003706895638842
AHNPHPHF4TT5JPHYHNPI3OHTO36Q,B09RJZSQML,4.868182830380628
AHX2CMSXBTB7L72QUQPXNSQRD26A,B0002M72JS,4.117490946865414
AG2L77BTIVSYYB6ORTCR5HWPDZOQ,B09T7P2RNC,4.681151308024841
AEXUUT6Q3B7KIV576X6RZDSZ46QA,B00LOAAME4,3.991096559811221
AEXYZU6XCODDBB67J6MAJSN2NXIA,B0C5M1WZ9V,4.366677399801738
AHJ7KQRR6SH62UD4ESCUELE2BMZQ,B00AV557UC,4.2604686068420925
AFK6CXFGEKRFSCV7ZY2VIJNDJLQA,B0938MMWSV,4.859129642588312
AEH7IOTDSZGSZLE74R7YMFXFZD6A,B0C61T841P,4.906776060118807
AHBQCICNAHDBS47M6LFAPV6LBFRA,B0C3LDN2TN,3.9460482926378004
AG3S3WPA3YRI666NTL3Y4TINWYWQ,B083YRNPSR,4.7148062806441775
AEQP2NXBADXJISSIYTTUXUBBKVEA,B0CBK1WSMR,3.9713279619314488
AGYUMKBBYKOVQKT2BDG6P76CXPSQ,B07MMKMKC1,4.248042699249423
AFV5UDD5Q4FBR57QCJGLL2SE7OHQ,B07WJ1FPX6,4.565234029406453
AEHWRW3PWRFQOIXVKEPJCY33O7BQ,B07KDYH2DF,4.079534459286782
AGTBJVGF6Z6FTHBKFPZFUEGV3NRA,B004FPEGT2,3.549969828889767
AHE47OSHXNOJBJSUATR77ZKFXKDQ,B07SK3YRF2,4.4449703018799305
AG3ML6ROY7CFJTLMPJYWIW7KXQ7A,B0BCK6L7S5,4.5665678963626535
AHJ6I5S2GY3SD3HNECB4PK75BT3Q,B014MQ22XU,4.448460726439476
AHCPWTP2HVKZWDFJ2ESPXS6OJKHQ,B0C3PGFZ3H,4.301844751964271
AG33SC352BGAEXJJGKUGEYAOZJZQ,B01BZTGSC8,4.4957846100979175
AFOAF2ZM5JEUC4HEXDCSQVRN4VBA,B07112LZSM,4.190988639524666
AERSZ2M6JUHJEJ27PX5SS5JGHCHQ,B095BQ6T33,4.192372744995165
AFOF3QHFHEPGQ7QQJBGWFJAC7RMQ,B00FSDBTHW,4.197845492933122
AHLBYQU25Y3KOTNGDXLQG4QTI2VQ,B01GMWH5PC,4.102350296304612
AHJBRDZIS3BYBISIRTW4ONRLNJMA,B0B8Z5SW8Q,4.438471058105794
AHIAM5SDVPJAM67HKUJHCSWLVMFQ,B0C6HZ2BJ4,4.457437211418068
AHT5VICCGHXRSEGPZZZOCIN2KF4A,B009756KE4,3.310029836621049
AFTISDTHOS27BWGSWKZ2S27ABVGQ,B07FYJNJJH,4.698387644678168
AHP45X564BZWISH5MADW4Z24ACHQ,B002NGMBGA,4.52654145702501
AEOM4BJ3MA6T6Y2JD23KRHYMUOXA,B0B2T32W46,4.935775431301461
AG236DA5TDMWWP4NCFS7HWJ23HYQ,B091YFQGCJ,4.886972971028869
AEBCO7YV3RWXD7SIH57FFGWKENUA,B00OYUSHJS,4.480524775457646
AHAVMJ7OKLRLFKHUSZEZQHPQCHWQ,B00INZY55K,4.278503059899522
AGQMTPWXG6UUCT6VFJBXBLWONEFA,B00NPAMDQ6,4.730640953396808
AFQ3H6LDLAE47OMXF67GWCCRUIOA,B071YBCYQQ,4.771757326313942
AGTSSEXHZYERJYNWF2UYM7PBHTOQ,B0BP3MNJKN,4.068394887328807
AFASAOSH3DUTLSA4DWSQGJR25GWA,B09PJ3N73Y,4.777049937273466
AGWJ3WOKO6JPVGAPDSYZJCAOAD2Q,B00KXQIY86,4.217397684686442
AHHTYXG5DLE4VN7NQLY5LP6USH5A,B07RG6P3N1,4.321208458607279
AGFGZYNZBXCGUPAOIXDZGH7ZHN2Q,B0002E3GO6,4.136385687455135
AHCWSKQIDST34SUY5LKWWLBPDRDA,B00YJ5C46K,4.705798090207388
AF4RDK3DARVW2FRALUHV5BMHMCGQ,B00P2EKHDO,4.565180113250856
AHZNQTN4Q5TKNSVNKIXJU64LJEAQ,B06XHCSY28,4.57858729092848
AGLTOOTGDPFOHALWBAIXHBE42FRQ,B0C6HZ3ZVT,4.247921556214722
AE3D7XQZGHDYL7IAZHVBOES772ZA,B00X87FAOI,3.9030800517009365
AGYVIJCXTIRUKHIIJBRWW4ZYCCRQ,B0C6HZHZJJ,4.808970967583766
AEWUW6NYZW7533JCI6UJWDZAIPJA,B0002T67K6,4.797888048122866
AE7U4PM3XC5EL3Z5UITQR2E2DD2Q,B077DJBDZZ,4.3192591219391705
AEVIDOETQTYGFWUVJGTIDMWH4YFQ,B00N5TH2H2,4.701729706548464
AGH6SW7MNE4SSGACMJTHYLIKLIFA,B01B23BA98,4.2667672473957285
AHHG3FREHN4EZOSRVIH2UD5YM46Q,B0B3VQQ6XY,4.408765639156721
AHNG3NRGEDYO7E44QMYDHMBADPBA,B01DPCONFM,4.2510004283816265
AH2LUXXMIH4QXRDFOSLGZA6R7CMA,B076PN1263,4.7495146408060585
AEZNY25GTTQBWES2TRWYEZGDM32A,B0B9S8G4HD,4.122099609338616
AHXKSJKTLH4DNQ57FCNOH6MYOTLQ,B07T3Z11QJ,4.760036633180816
AE5YND4EAVEPMNPKPXODEBVHSG5Q,B004U2HT9Y,4.300352422787147
AH4AIWIVLN43SGJGK45W4FCJB5GQ,B08LRLRRKM,4.581963305617121
AG64SW2Z4TEZG4IWEGEUFEEZBTRQ,B09BF8XDF4,4.440961456583732
AFPG7J4AME6QVSARKPXTOXWUR6DA,B09V4N515D,4.291976439293561
AHBYNOMVJ37DFQK2322JKNXW37VA,B017DNZ3XK,4.6778698732777535
AG3QPT6XXHWPA6BFADE5XSVAVYOA,B0BKZ6FK4D,3.904788410288795
AHI2JCT4QVCJLQICAO64CYXQ3NVQ,B0BKZ6M28F,4.4952037579876345
AGCBRKJSQECOQJM23WHBKDDOXCGQ,B083MWZ1DN,4.267472501206264
AGOVVFMZ7IPENJBVNAFQ33S7O3TA,B0B9T61HDX,4.810023191814258
AHLXIZ3CXU5UZKHT2EWIHO3KHGDA,B09857JRP2,4.7809249355579455
AEV4SAI37FLJ6NK4M55NWKYVMDAQ,B0C6H9T5T6,4.40704724404543
AEAU2KDIKNMONDRX5Y6DV5F73F3A,B015WSCNHW,4.711497739001469
AEK5452BSJUE5N23GU6PPAGM4MEQ,B0BTLZMMFT,4.389380270770815
AFKYUEIARYQHQBR3D7L4VNO7ELRQ,B01F7GQ8DY,4.361413415248615
AFPOTFD5RRB6MHZQ5P5UIVG7QTBA,B09G9DVTD3,4.3086527830923504
AEHG2FL2VTCX6K77GJZ5DBODFE2A,B075VPGJCX,4.850897896905156
AGYKBJXKGCM7FUQSK5JSIT35DOJA,B07BKYBTNJ,4.394106153299205
AEC7TBNDVCE3O4TLCEEDNWTM6RJQ,B01J38RW9Q,4.041028438599045
AFRUTEYFUJDAUASSQADZ3UQJHXAA,B0BK9YKQFR,4.106241175565421
AFQDQ7355KHCZLER45SETZZ3RBAA,B08DTH6M77,4.600084180101984
AGFXPATACXLGNXETSYZRD4QAHUTA,B07BC4KMQK,4.650453561021212
AGXQG72Y6EIMUAUYDEY7IGJUQPMQ,B0768R4GHS,4.9412980064875835
AE5WEF3RO4QRTJDMRXUEF3JB5FOA,B0002D0L5E,4.312556523264691
AET5WDQG4RMZYUACS75QGTR5DN2A,B08T2DMFKD,4.815503974179228
AGGCBQMBTI76TAQ35ISJR24OQH7Q,B06Y2W66F5,4.572979456307243
AFYKOOYILZJDSJKTSJKEQYILFLOQ,B07C3BKLD5,4.564374326134635
AE6TF34R3XLNVEOUQ5XGGJLOBNQA,B0165KH7GS,3.480585930807667
AE4PX7WPFYOKQ7JY2XCDJIXQG6NQ,B09JJ586GD,4.548840402248055
AH7VFEVL3IOVGXVGA6NCV5FK5EBA,B073W2Y8NJ,4.65850348496344
AFAPQJJSMGJIP72FIGH33BNET6KA,B0BKZ61YJJ,4.702994153859564
AF3MDNGUNU6IDVBYNELKDFH4M7HA,B099NFZP4S,4.6050025222291096
AFFZO6PEJS5E3J7YISHHNOTA6RWQ,B08KHSBL34,4.20031366941121
AGP2BAEBBIE6P7XZAOAIUFYCEHNA,B072LXH1V4,3.9232706287961694
AH7UMWKEKWHRAACBVZQVJGOP2DCA,B016D7KIWS,4.8241684371040465
AHX64VD7FLIT3KB2U67MRWOEQHPQ,B09Y1X5BSC,4.145897922213081
AH7VFEVL3IOVGXVGA6NCV5FK5EBA,B09V915Q6P,4.128555779022836
AGUJ2VW5XM5ASOR5KLP27YBW3C3Q,B00BNVHCYM,4.807774666223337
AF7IWQ26I2RJXFXKGSPGNNRBLNEA,B000CZ0RME,4.124875453195631
AHELX7UOIDURULSSVA52BNVTMT7A,B0BSCDNQT1,4.842234028589709
AFCUV5FE3VT2MS4LYAUFHYBQCP3A,B002C741BI,3.258450746641242
AGQLFZBLL2HTPOLTXLYYRYNYQMDQ,B000H58HN0,4.267920279367145
AE6PYJX3K5T4WCDVMYYA6C2EA7OQ,B0BKZ2W81F,4.118663485223429
AEFOUHISLMQKQKXRMICVYMS6YF3A,B07TD9NX9F,4.091603779146847
AEZG4SHN6EDH7X2I4NPMCSN7MN7Q,B07FZBF5HY,4.37757147014357
AHFWSW4APYWHTKLSCLUQ7OOAXBDQ,B09MTHTMBB,4.857672146899466
AEKHOFU35JS3BOIWZSEM7DKSTEVA,B00HTWQWWM,4.30396145654874
AFKXPHJU332QCBEXRVZTY6K6B5HQ,B06X9KG3HW,4.880171793695081
AHCRUMAU2ZAZ6EP6RVSXNHJSEVYQ,B003XKIY3E,4.4827432062365515
AHH7NFK7CPZCLCX2YO3TBNLVSVJA,B01N6448Q4,3.8738539199688224
AF66OCN2Z5V3FKFOAVUKWHPQ3BHA,B00GG20DJ4,4.270309527994363
AGHZXVOSR6BUBEGP6K3BDYLSOJ3Q,B09MLLNDB9,4.945589497813774
AHNO5YFCPLGHET6VHUICVPTN4LMQ,B00P0HIZXM,4.371260519803354
AGQ3CRIH64J5HUPGKKZEYMUKKR2A,B08R5GM6YB,4.30451664221221
AETEDS6HQJWX2EQYEQFUIAHTTJXQ,B0BHSG5C3G,4.052550643369333
AF7CC34DK36SQJS7WXI44DREGWJA,B003B1PETC,4.755715822254997
AFGAABVW3PF4YATBL5EX5EGUVZ4Q,B09997NM44,4.616656579568437
AFW3N4C3DTYHREJ3K7X3THVUVJEQ,B08KRJ578Q,4.679439263033936
AEBPFXOLYES5XQEQPR43HLGX2HVA,B01DN7OC00,4.569414177021631
AFHEYIB5M5MYLROKZ5IEMZSJDD2A,B015HG82EW,4.6594459288899595
AFBC7PUOJGJPJKAZZZVTIAW4UQ7Q,B0BL2W52CK,4.259373378891315
AH7K6J4O5D7ZE5QZAJQJ7V4JJR4A,B0002F519I,3.9689913083235124
AFFWTNREAP77LMBFKJVS526IWD4A,B095XZJ99J,4.781704485762951
AHGDIK37BK2KKLH75FXYZFFWP5IA,B08B6BR4KG,4.698962341361604
AEZNCOTOACFQXLFM4MXKSQW6SFKQ,B07VPLFNYM,3.975623095876136
AFCUT6TLZBDQLXJAKOVJ65LARDFA,B00ETP9FFI,4.411117606587297
AFVQ23JNGVSAXVFEM2ZRPQ6HUUDA,B00646MZHK,4.422226784141629
AFADWJP75FQZ24GRNBIIWTFNUU4Q,B07W3NQLX3,4.62900166359235
AHOBKBVHEAT4KPRVI7TYTF6MEJXA,B0015B0EB8,3.4941612904387025
AHB2C67YEIUJBM7WRNKVPYRUIHFQ,B0BSR996X8,4.857054726290585
AGXMYC3U7AF4LBADRZAZUAVAJNYA,B00RWDSILG,3.9524888777793956
AGSSF4YIHPCP2MIUITM34RWOCOWA,B0CFD7WW4N,4.870218215261114
AE6ZQXU4UDWTLQAGLW6AR3BTJ2PQ,B00OGNDKEA,4.51226830863278
AEJH4HUMFAN62AII4PTCGRGGAE7Q,B092LF6RLS,4.271735604691159
AEFJEW5GQ5A5PG27ZXJ2ZZ33VCAQ,B0BR2HYQ18,4.4850913812224
AEOGRG7N4WAUYTPHEZ4QMHNZJ3MQ,B0BXT384GR,4.309031269277344
AG4PVZMW3G6CBH2RV5CZE7HJMT5A,B014W0L7ZU,4.389285419477896
AGIGLCDBUMZT45LJEQR2EDJUDZUQ,B0B863M78X,4.812395443397602
AHP3UQWZWRJBESHIOGGNP525A6RQ,B00127HZG2,4.547041404676761
AFG7DJM5DPJBHJD5QAX7GXECNFTA,B088Q6XF9J,4.7474503668025125
AHMUGCUTGCXKXMATCIJ5QAZHJ66A,B07685T8FT,4.479949868111384
AEMJ2W2VK5D54J6XZFHALLBMHDZA,B09HCVN9M9,4.875387599044168
AGXL56TLDRWEENDVD5QV3U4H6EDQ,B06XH7487S,4.055536555402492
AGW7SUXC7FRQYEDORCMJEIBFFO2Q,B009O7CE5O,3.6829238278268868
AHZDFAFJYWCHQ6TD26DGE5GTVEXA,B08HMM1PVT,4.298153784812545
AE6FQUL47GYURP65UOAKUUZT6A6Q,B07BC4KMQK,4.674145553213999
AE2W7OBJ45J4J52CGH7OFWHQZJQA,B002NG7DEK,4.0831788338377635
AG2Y6CDZNCG2ZJIUIGDIJYADCJ6Q,B0B8NXV975,4.704121985546601
AFU6WBRZTAJVURT36WRAOGXXJ4ZA,B0791VK6D9,4.24693707522186
AFPTQLGMPPI4KEUDO7ZWRBYP254Q,B004XNK7AI,4.837550830741144
AEQBKUKRDYBAFYRSA4OHINKIHY2A,B07HHZ3X4M,4.463408548110481
AF5KUQ4UMS74JRNRSNG7PRILECPA,B01G2KH9SW,4.840595684891729
AFG2FNXFLUYZCY7UJQVXPQQHVDUQ,B00OIA3QNQ,4.357021438933067
AGZEDKJEUXQ3KK5D462HQZYTQWXA,B0BXBBGTGL,4.547554095799456
AEA3DMA2VE4KGEE3XBVEOCRS47IA,B0002F4MKC,3.9576466729099797
AG4WBOI27FQQ7JEY6CWCK3UEQG5Q,B07KB9QBQ1,4.533336436651237
AEYSJZB6V2XGE7EH4YTAPXWX7PLQ,B0002E2S1I,4.342950035960813
AHP2UGRBLKHCHX43ZDAOMH74675A,B09NDBVJXM,4.935099335755887
AEU5GN766HQJG2WCFWWLJSL7EPTQ,B0002D0EII,4.7873068659159195
AGHY2O33XXIXWLCU5A7SMPADK4UA,B09VGM7F6Z,4.358848519862576
AHUVBCTKQQ34MIMPNVH6N67MK7OA,B07PPDR5NT,4.005389952548059
AHAERNE47GD7KUT42ZDYVNJ7454Q,B07MCRMLF3,4.483106772009684
AEO6QT73E5MQ3SXXA34IH4JP4JZA,B079HP2PFK,4.412931594080318
AE2UOZSYKRVSGWNG4AU5AFJ752JA,B09T82W1SN,4.221466328983946
AFGAABVW3PF4YATBL5EX5EGUVZ4Q,B08JMQR2JK,4.6832546305544795
AGLQFICRV4ADTC5C5XNDBATOKJTA,B07MZYNZ1C,4.5847147983943985
AHAW3SX75UIROZFBFFEQDLG4LNGQ,B01H0PACWI,4.809187865808118
AGHPBBUCMU72JNN57OKEFJ472UUA,B007EWHXM0,4.716705537483586
AECRT3TVTXJX4RPQM5BVGJQNLTFQ,B00J4A70M8,4.313417086768624
AFUVQSIHX2ZFBTV6JZYZW56SXXLQ,B015QK3GUO,4.828123453642148
AFYSLU4BTTUCFRDL7GSN64Y2XOKA,B0853X3VDC,4.331319974263453
AGZGFTWAUS73D7WKUU2ZYYOIACTA,B07B9W25ZK,4.658818459887267
AF5WH2KQNQ23M7NVENH7F5ORQ6NA,B019NY2PKG,4.34045845778166
AGXTZT3VSWHFJT2Z6KTQWT4ILX5A,B06X9QRQ71,4.237689468418036
AGCT56C3MLESH3DUYFDG7D7ME4SA,B07WJYTDMH,4.66670046148754
AGZC34D3ATKE4SJ6V63B3VWBKNHA,B01CQ01SPM,4.876066398839175
AGLSNCKCAMBZTZKPFN3BY2ANTARQ,B01LXTBO7B,4.770833827946811
AF33HEDLD3R7575PIVJCBZVQ2SQQ,B07TJX692W,4.349063621790046
AFJFIPK3DGPDXQAOPLESEBHIWZJA,B0BR2V8V9B,3.8446274353963945
AH7YWZ4DE5LS66XEUKXJWBKN35AA,B00CGFRJ2Y,4.9125868215979684
AF6EOHGMVZ5ATEEXTSFSUJOGIXDQ,B00005ML71,4.704575383764173
AF4H7MSDHSUVEMA2BPLP6MWGITGQ,B0B9LLF1CN,4.686747491589749
AEFK4A22W4P6TW7ZVV2UJN7Z53RA,B07BLM53Z1,4.849503180699544
AGL2ZWEA33BCBPOZ3T7QRJ56XDGQ,B075MPFFRV,4.443899864595647
AFEVRXXYRPUOVSFNMCYIQDFS765A,B000J4I9VO,4.5524736796080685
AGPU4VYZDXTREL2FJVIJG7VEIC4Q,B072271GQ7,4.721128029968031
AHSMYOSEDSDIQ7UCAJSDQAHPV4IA,B0002D01KO,4.640454743150011
AEFJEW5GQ5A5PG27ZXJ2ZZ33VCAQ,B09R3CJSR1,4.369109186583389
AHJDJLCEUDPAII3A3L4TXVNBFKZA,B06WPBKDBW,4.5238505730154435
AECTK5H3C3DQG7LIFPDHUVZIOAVQ,B0BKZ22NHL,4.318657343343975
AGPS5K4IOLONOQXRCKCE2PQTW5LA,B001ELVCDS,3.5234752218627734
AFJBKMTRSW6PJOQT6PTIHRS64DWQ,B01AA6BNCC,4.647276358062733
AHCIO4Y7MASS5GHGAZNOPPTXFTVA,B07PWKHPFG,4.604757843811587
AHD4DUQXQZWPVSYBWMNFCFRPK7BQ,B0853X3VDC,4.734056020008401
AG5OPRT747NAJPFQSSXAUBLCUVTQ,B07DLC9KYG,4.742394260682641
AEIFNJPLBHG7YN5IKRWCHRSO3W4A,B07KGF3MHC,4.356318028353554
AH7JOU3OXKPMYOBK4JGJJI4BCLMA,B0BT8FDL8B,4.01415843518596
AG2XBVVPXRIUYH4IETE3DZT667LA,B00ON9WQ1A,3.494427136355868
AHSAY2WIS63JDIV62RAQ63QGD2NA,B092LF6RLS,4.644992546761435
AENTHU4L3BLWQQ2EIOT3BPSX4MJQ,B075RB1KN7,4.352388776519659
AEOS2ALLIKEV7WLIPXWG2346HAZQ,B092SC4XNB,4.590487466478299
AF77F3QYN5GSD7OBRNXYP5QGI6GQ,B071L8C6MW,4.669657348597735
AHH5KSC5O5SEK7ANLMEXUD6ZAHDA,B07FYCQZWD,4.786315018357312
AEGXGQ46AQIHMGYZSTBTFW5G2XXA,B09RN7GR8F,4.424671985277778
AERGPILRKONAH3OE4YYQOKRCSNMQ,B082WVKSNG,4.8643733693313385
AFBCC4UQDHZRJO4QROXQXC2HVA4Q,B01M3P777W,3.681547377478114
AEOBVIDGSRKUGVMRGE3LYPVC3KYA,B07427ZHRK,4.467125432604
AF74NQZGZTQG6CRKBJUSNCBAJNQA,B0BKZ3GCGR,4.383745550630037
AHNXVAEDE22CRTDXPIPFLAXTINKA,B0B8NXV975,4.459180372023698
AH5DNYOJOCIFAQLMZLGY3EQ6LA3A,B0B8DHDVJZ,4.129553906835515
AFMY6F6WJOAKCGFGT4P7XUNPWWKQ,B07WW5PKCP,4.828254527427056
AGV5EG6FOHTDDWOLXWMGQWQXDMWA,B0C5QKBX9F,4.4706118562897785
AHJJQRLMCY4I7OOIUHI26OHAX5IQ,B015HG7HMA,4.663499564138396
AFU3TK3ERDCF2NTBO5BCE3U2LXFA,B0BHSG5C3G,4.339652021512672
AFDTO24ABREOG7VZHGM5MUINEONQ,B0BPLFP5P6,4.479945284419447
AFHXAZFQLN6RWIKMW2NJGBOHSRYQ,B09Q5HWYG1,4.411119313018741
AFOD2RS4CU7CGW6FE47EKKEOE43A,B0777QWVG9,4.916812608405252
AHMNTISHI3GTTMZI4SRCBMCSEKFQ,B08GGYMGY3,4.209709018615914
AFQBCVTAHQG6HXDPN7NCOHY2YS4Q,B0BFKR6YDJ,4.8423851223587775
AHUG47XGDRMNC2JUIIPN6W6CYE2A,B098KXQJVY,4.811431352196397
AEXACMZGHMCNZ5IW26NWR3TF7M7A,B09V91H5XM,4.745954169683559
AHP2UGRBLKHCHX43ZDAOMH74675A,B07Z8JCBG3,4.510369951300152
AEYAHEVIBJLOT2XEBJTVB6TFAEEQ,B07FM97YFY,4.440865151816428
AGDPMG3RMPOWLR6C3OOE5H6SNF3Q,B01BHPZQ1O,3.5962231309260693
AGXOVGCVMYWP2GS6F52ZTGFX6OUQ,B016GNPTZ0,4.183479999597646
AHRTP6RH7TC32Y3A6KBR7VFGMURA,B07MZYNZ1C,4.247640374095079
AGYNPTCSVWDIHSPRI3W4BHC4TXPQ,B07MVRZY88,4.16930368490281
AHDXXEF5PEIQDJWO4YHUNLKIHL2A,B00B3PB0PK,3.711488169109105
AEIR2PDJQKP6MSWZW2UGJDDSFKFA,B012P7NEW6,4.887859124684018
AEHEQUPVU7V3JOAMO22LARHBOSXQ,B00B5LCADS,4.060675318240679
AEGXDB7JPODQ2VIAIO5CQL4TVCTQ,B000OR5928,4.750499605925148
AEI72WLRE7LRYOAXJ6BSBCIZ355A,B0BPLFP5P6,3.9871244246197035
AHTCY2ZWS6KG6MDPVGHZIM3FYTIQ,B0013YGMRC,4.886834026237669
AFJESFZNXTENLY7JFE4XFJPLH5XA,B083JVJFLJ,4.01194509925485
AHBHS2NCMHS2QHUU2Y7YLD3XNNBA,B0BR2JC947,4.591290859513912
AGZFHWJLEXSNQAGPKLJTRIR3XIDQ,B005FG34F2,3.891835939147394
AF6KMQEODG3TRGHTHI3NIZ7CVD2Q,B06Y6BCX7B,4.3897636478980555
AGOA27EHDRLFV72SKDTUT5YNR7LQ,B09JFGY35Z,4.713597241061851
AFBJE4L3HTPQ6HY2VHIWRN3CV6BA,B0179C3V7K,4.911020328827699
AF7IFDKD45ASPFXC4LOYESEA47KA,B0192JRA2A,4.603577945317369
AHHTYXG5DLE4VN7NQLY5LP6USH5A,B083NZZ712,4.336847284933139
AEIPOYTRQ3WFQ3BPH2MME2QKT6UQ,B00BVH7C66,4.410393614532911
AHHHU6X343PMH2VY6SJIWTPSC74Q,B07V46KRD8,4.707702665338172
AEUONQ4YBHYWOKZUYAPLRTPBVJEQ,B00178JDCK,4.197576992568461
AHKZV2B3L3WPHVMNAZWK4YB2TQOA,B07FXPMKHW,4.741468901710386
AGCBRKJSQECOQJM23WHBKDDOXCGQ,B015QK3GUO,4.447233760249161
AG5ZVXXHEXDYUUODSEQC4XXV7DPA,B07Q6Z5VK9,4.951474725490015
AG3OUTHXSZ3WBMJLNKV7VLJV5NSQ,B016E9HCTW,4.154542506279634
AH7WMY3V55DTEND6PA4TH3BVGGLQ,B07F2NZWY5,4.109917669321842
AHO3QW4O6JLMYHDH5IXMXYJK2GHQ,B00B5LDMH6,4.652940773006105
AGSVLMHAE6DKL34BW5AJANZ2HP3A,B08D4YXD33,4.416003052864281
AE6E6N27YBWM3PPG4QJ24AQOXH4Q,B00P6ZOPP0,4.333727102923676
AEK5Z5IGCZC3BOIAHEZKJ5LALEHA,B0C4FVS3L7,4.297918503857609
AEKVPWOJMYF5L5VLHTG4CLCEB7QA,B06XZYD4NJ,4.804614186966172
AEHL4256MLAXKYTZGAPQL75WZ6AA,B07TG9RWST,4.532206301206021
AF34CA4KPGWTVWQQBK4G3N4MUTXQ,B0BS8PZNGK,4.415589333156538
AGVEW3UDHY4TFUWSKPOHJGRCYCBQ,B09S2VB3KW,4.435580399825885
AFO6G74UZDWO4UYRBLXEAHR6EUKA,B07MW198RZ,4.532920950107301
AGFYUNPN5IMCAN7C45KXDXYHNGCA,B08F2QZ9XX,4.55566080198637
AHMGRS7F7IA4HM2AYAEU42MFFDCQ,B09396NY1C,4.186843106616766
AE4B3FG6SRTDDJG4T2CIYDM7HHNQ,B003LPTAYI,4.666314416075788
AEBZKYDJAA4322KPKQGOPZAYIYQQ,B000XYFBMK,4.452296670148346
AH2ZUW3SZDGAPPJXOWSTS2LIKLNQ,B00XD6EJ2I,4.482530457669716
AGID6DHXZOL34MVLPDSCO42D6GZA,B075MLS97V,4.075745004719815
AEXJAKRK3BULCVCWLEQD4TZMYWFQ,B09WQTXJRK,4.592963754981744
AF4WGPVVGGAVX22URXDVKYL7JK3Q,B07D5TR3R2,4.552608708258604
AHAQPHIBI4MGNCKOVM56NOZSOM3A,B0BHSG5C3G,4.531327819803612
AHVJZIPGKB6EENMRVZGXZRWEQWTA,B09F98MG91,4.701680564618702
AHRYPIV4HCXR343WAJYXC45LRVKQ,B00CGFRJ2Y,4.718155280955536
AFJLUJRHMALFEUHTNV7DSSJJ623Q,B09LSKPP2L,4.791683589476646
AEN5VFEOCM4ELH2ZTQHDGUZDWDHA,B075KL6ZLC,4.561758061606854
AHWAYCEX3NCWJD32JTFVBFXKUHOQ,B07WGKJY1D,4.494884017917748
AHBV7TH4Z3WRRKXUIDAOPVUBIR4Q,B0BT9R8MMV,4.724283973496933
AFZTZTIUKWVBHZWWXHP5GDF6QODQ,B08HC8HTH3,4.770506917691801
AFZVUXBT3TNDBLT6MFQOAJ4I55YQ,B08R5GM6YB,4.577531911966778
AHV6QCNBJNSGLATP56JAWJ3C4G2A,B071JHJ9RV,4.339245387255431
AHDORHGOBGGQFUSOKSPIMK23A7IQ,B07N5J1YNN,3.853202640481626
AHNISDQL2AYLH6KQOLPOHO4UDJKQ,B01MQSAU6P,4.285746469056604
AFN3R5AOXYR3BIDWAZWABBCFYJUA,B079L5G8FK,4.343502065498988
AH3QWAFMDYN7SGP3QF4YIM4YS26A,B075GQ4YP5,3.859317398487396
AGBG3KK74IKWJNQVMQAGVBWJ7FAQ,B081T636X2,4.733606615157441
AEVSFJBESKDRNM74LZNGODJRERRA,B0C3LJM9F7,4.894905159993467
AEMNS2DOUVR6KZO3JN75GP44QRJA,B01E6T56CM,4.497236831100333
AE7GFJWCHUHU5XXNXSQERG52SD3Q,B0B4RWYV1D,4.471456734118846
AEN6ANHOT5COUFKFIQUZMB4XGIEA,B07WJYTDMH,4.112984926296974
AEJHTN7ARNOUDTWEPAVQP6FB4ICA,B002R9ILOY,3.871374800604729
AHLWV6FKLFZU7O46CIC4EPMK5NQQ,B0B7C52N2F,4.796643926695321
AE6PGN2WW447FQCQ7CQFTCO4L36A,B0BKKLR2Y8,4.072477960521537
AEN63GCGPS5MXJ44PS2DOU5UKYSA,B01CFGB8KM,3.7227540216197816
AHMF3CETOSFHORGNDO7D6X32GUUQ,B07HHPVHYF,4.1028269202840715
AEAB4LQBBULU6HIFVOOFFIPWDRQA,B08XVVC2C1,3.987381644009562
AHGQWA6ZHRH4I2PIDDXBWDI3CTRQ,B00DY1F2CS,4.315005560006403
AG26VSS7RPKXVTAUH5XE3SEVZYCA,B07RRQG6LJ,4.699570054236914
AEOSGY7IDZQ7YS32FCMO6LJTTXEA,B0B81J9HDM,4.61573193571229
AFTPUNQ4NGIKJHIEUAFA3GQBUY4Q,B07DWKWLW1,4.925173672611178
AFA2RE2FHTN4VMX5HKI6YDBKWRUA,B0BKZ7328F,4.586938458421904
AGBB6RRNC5RI6PIQJI7JEQ5GPMNA,B0C5CTX5LZ,3.4357427151725464
AEQWIQ5K6LLNVFPBJTPKK4J76SWA,B009DAHPLU,4.585625189054449
AGKO2DKAZ4JOGXIFYPDM5AZXU3RA,B00GGN4NXA,4.5955044466170705
AHW2G5R3FA7BBXBDIIGS6HFWX7LQ,B00HV8F694,4.258692841482761
AGNUSBUMRYEQCOVGPUQPEOSZ5WRQ,B07CQ919R3,3.9630188213581223
AGBRYKFKK2VTUEGQZB6BM4Z6B54A,B0749K3CB5,4.823496770769754
AEW2LO2YEEIWZ2V7CPL7Q6JBM4HQ,B074VRW7PP,4.733935964349662
AE4QG7BGTHU5R5U3GJEY2N2GCHEA,B07BWMQFMT,4.408929295051861
AFUUITGBIEU2J72MYFZXPRBY4BPA,B09TXQ22KG,4.8107832564482695
AE6LBUCRJA4BYSOSQZRYQ7DCR6BQ,B003552MFI,4.26859680042933
AH6IJPT5AGQ2REQG6M7HT5SAX5QQ,B0002ZO5Z4,3.860532107553029
AHYDSH65ZAO5BMP5AFT4KYN7PAXQ,B00A7KC9NO,4.2961543552118115
AEPBFQ3U5RDTWMZJHZ2UXQEZZ54A,B0BYP5CC5T,4.795431728317897
AGBQLDJQ42HII7EPMRVHHP2ESXCA,B08LVRB74Q,4.031648999938927
AH54WSBMTMNXGHWVWXMKST7AW6BA,B0B92LPGD2,4.101717796020946
AFKCNXEIXNHATVJDGJHI6GY6UXAQ,B0BXZFS2QH,4.724004604953752
AHCTXCBORWAVSGY3WDDKO7SU2TAQ,B019FAKN4I,4.55168515446935
AFUZSTHGF4TSNO4WHZTJRQXAITKA,B018FCZKR2,4.292022917928639
AHWJ4MYIREGTA2FCTJMYFGGJ2ERA,B07FYRDYRZ,3.584804873628898
AG35W6GDZ6L4HFCDMMJEKO45S2AQ,B00GS41CHW,3.9357476063192274
AHWSZB7RGTT7VKF5ZLHFE35KAJRA,B004XNK7AI,4.662220081701041
AHCLEFILWZQNDMN4L3LC3DJLZNSQ,B00B5LDMH6,4.525021573192912
AEBRAOXMNRPNF4LWT3FICZ7KRP7Q,B0BK6MQDZ8,4.803995437382661
AEVIDOETQTYGFWUVJGTIDMWH4YFQ,B07234PV7Q,4.828444078038546
AF2CBWLZWCLXR3NKUNW3RWFY3QMQ,B0BFKQ9QXD,4.7156805443566086
AEJ354XETZRIGFKZSCQ77RWYN2ZQ,B0BCW884JL,4.337609374556392
AFSBX23YWCK6UMDKJPDEE3JSHRTQ,B06X9YBVXS,3.6761629732473278
AEMPFCS7HQ2Y6NGNT77N7LPZBUXA,B0CC665SQH,4.901964895902914
AGDSRUXYPJXPQ7RPI3CAHSS6PQHQ,B01GGUTOFE,4.573789813486168
AF3NJDOTMG7BRKDLV6UM7GHFC7XQ,B00BAYRLBG,4.534785237005817
AFDSDZ4A6HKSIFVTISXLNY4KBTPQ,B0731J628Q,4.488472475753749
AFPUPFU2NB4XSBE4EAHYFE6OCRSQ,B0BPJ4Q6FJ,4.844544513692808
AEACBSG6VLBDVF4LZ745X6IQS5EA,B00TSCFIDA,4.696231321016102
AH2IGNRPNCVDZH3RZLOHZG3Y5OOA,B082285YXD,3.8444074952089613
AEVH5YZ3L44XXUNLZQH27N7K7QNA,B01BCQ12C0,4.267441235193889
AHL457VUDF43IDVOQBXFPGWTDYMQ,B0C5LYJXLR,4.28735736763039
AFCNM3YI5C2PJ7RGSJO7ULK45GXQ,B0016OIIX0,4.714065329722571
AFLXHZ2VWT2UBCBWEFZST7BWTQ6Q,B0036ECH1M,4.622636320679698
AH7UOQQDCPZIWK42EWAAPCGDPJ2Q,B077DJBDZZ,3.6686568325395
AHOYUUCJQC2AISSMC3CEDCPJ4CCA,B078L11275,4.725531398880301
AHOYB35WGREZCTDLU5UK7RB4635Q,B07RPW4PSS,4.4674313766382605
AE46JXESDQQOX3CPKT4SU6UE66OA,B01DBHC9U2,4.237224594648781
AHSMTWPUYFJQEQKGDC5JQKF3WBDQ,B07PR9DHPP,4.522457748012999
AHJSQLOO6QGKKTISN4MESXX4KIHA,B015WUVA5G,4.639662516804775
AFFF67RV3HP77VQ5APIA5IBUNYAQ,B0002OSCPO,4.407400534966404
AEJFDCNUNEUBA3QZTWMKL2QIYOPQ,B00Y0CG9YA,4.463783903927347
AHBERUF4M2B6RH5GWANC7POHYIWA,B07795XHLH,4.111309452990537
AHY3P536MRDP65BQ7425KJIC765Q,B0043NQVJY,4.557824892983934
AEYVHL5XEPNEA2XJGVG2PUWROHMA,B0BPJ4Q6FJ,4.787749189705532
AG4KW6SDOPLIZ2Q4ZMG7CXYA2XCQ,B075H3NK7R,4.373332230558348
AEMCTOWA4Y7TVDDMMQB6PTBT7WTA,B0B5D7JW6B,4.534108244933925
AG32TQXMHJ7SQIEIC7NPE4SI6AYQ,B07DWY44X8,4.788525341844985
AER5QDAS73DK4YQMARYZKXQDDCIA,B09Y1QWK5W,4.6456252773956725
AF7PHXT3XKR4T5OY6VLNPSLIIMFA,B07T9NM5QR,4.576117236604602
AHOUKQ3IRAEAMEHDB6U4AMB366NQ,B07T19X6YP,4.067679833619167
AFTWTCVFKL5GDM6YHN5ZLLXS4DOA,B076ZQYPTY,4.708929776413443
AEGRFNR75LHVGYTL3S7KM6GK46QA,B07NDFFKJZ,4.403449451086882
AHCLGHTHPTV3ODGOQUSJI5KT5KXQ,B005DM7G84,4.540292442768353
AGSS2AHFN2Q453OGXRQCWBAWMFSA,B000WKW8EY,4.528452677386827
AEU6XHKEJAVSZBGL2YK4II2OUSEQ,B0C67HCGBR,4.926522091881861
AGVCM3R5WP4HKBBZZ5LTCO6U7CZA,B0894RHK93,4.863894860338059
AFNM7GF3MJDZY6V5JXN7BCCP557Q,B06Y3MBRJS,4.400829525585512
AHU3JRE5VZZ2UJ4WWXYBJ7FKUM4A,B091YFQGCJ,4.779702956456333
AE5NHYE7QHY5NDUJTMYQIUT4GPZQ,B09MQZ8VWH,4.4112664288171715
AHSAPOPT4FEV2BSC64GQUHU5PAKQ,B09CF6CL5Z,4.312918909423321
AFOOI5ACUEN6EQJGID72GT2LDZAA,B0007TYPZA,4.879776795572696
AFTTEV6XOTXQ63ZHYDUOSJ73N6WA,B0BCK6L7S5,4.4802750373539215
AEJRAI75WPYAHLU7P7NQVQDYQW3A,B01AFHSS92,3.0936164671358886
AEMUWOGQ7TO6DJKFAKMBPZ2TEDHQ,B07NWZSBF3,4.923203948776919
AGIJFL4R5TAGREX3P4MRA7IG3CRQ,B001EW5YQS,3.94932836816931
AHOOMRPHHCRSWE7ILQ3FA5MLZAUQ,B004GWQM1Y,4.034363723543409
AG4IZRO7BIHOZQDCH65GF2N4OJRQ,B00C5GZU2K,4.414323677428952
AGYZUXIZBE722EPVMRXGM7GMFWYA,B0BBPQGSZ6,4.664416213812251
AF7CC34DK36SQJS7WXI44DREGWJA,B00G964BUY,4.894720814714395
AHU4TGHXLUATFJ2AYXXXCCCZOQ6Q,B07Q9JB3CF,4.946215327889778
AHNSPXAYSM6UVQ22WMIUMSJUCVDA,B0002MSQVQ,4.593847640311912
AHQYKFQSALRRFQIZLR7QQZTXP5HQ,B07J4Y1XZ3,4.556302989105994
AGAHOWH4BZ35HBTGXRRC7P35LEOA,B00ICIUZXY,4.339890598627085
AFYGFCJC43J2XHGJPLBPPACRLCRA,B0035LCFRW,4.755347589697813
AH4PCTM7BHVUX6WCGJB5PNS6K3JQ,B088DNMHKZ,4.246074550224122
AHJBRDZIS3BYBISIRTW4ONRLNJMA,B0C61T841P,4.7563987246997295
AH2WPG5KN5BDQ2OFGSCFPZR24UCQ,B00G3785WO,4.6409416534645995
AFP2W5EO5KUKR65IEVIOPK4YBXCQ,B0B7C2NM84,3.9841666754803953
AGN7KMV3GSGCBANTJAKIHDQYEFJQ,B008BPI2OW,4.716405808916336
AEUTHNALJONDC2QCK4AOXDN7RLGA,B00B5LDMH6,4.638444520543194
AG2PW23TNWB4BYACHY7DDDTHCDYQ,B00646MZHK,4.779145095208968
AFHABO3IHDSN4KN4GZLDNFGSVSNA,B07TXTJ9CN,4.500785315105792
AE7GVDNRY5NABEP253Y3GMDUZOZA,B0002E1VUW,4.386386341818863
AFTLM7TQ32JZRHMPTIIULBY6DA4Q,B0BFKKVQZT,4.049333973636653
AE7EVXVTRZV7QON23BTOMC7L7W3A,B00HSP6KGS,4.417559460214813
AFH6AUO7HH5PMJBRBQGQQKDV5HLQ,B09TZWTFQJ,4.478631733245166
AE3K3YK34ZBYG5JEV2YJ6NQQWTAA,B01DK1ZGSQ,4.7117509913021
AGW4GB2VIHMPVRKK35QXA5PY5O7A,B00I6JGPHY,4.133181292942786
AFG2SJMPR5KW3BMFTOXGVBTDQW3Q,B000EELBQ4,4.166417378208129
AFUOTG3XTETQ62JX4RBG535YHF5Q,B08Q42TDNX,4.083625502257211
AFPIRSAROIQJGPSBTYYFZ6LCFSDQ,B00460AIY8,4.46439400048959
AEZCTDIBXZVKKAKKKKWSXKPN2MVA,B08M5GP4R4,4.603958612980142
AEHAOAYZZPRN6AGCPB57Y64JRHGA,B08T9CCXZB,4.793489273279448
AFUC7GTWCVAJJEZ5UX2FUYNTX56Q,B00T38U7HQ,4.819959907751553
AELPZ4L6SBDGVM6LTOQFTBJNHTTQ,B0B863M78X,4.65196831211253
AHAIHFJL6RGSQRFSI7RXMRJF3VJQ,B000CZ0RME,4.324814707881972
AEPIBDY5VZBDD46DVEAA5YDTJ6BQ,B00UTD0YG8,4.624887195853457
AGDGE45XMVECKBID7RUI5DYSARRQ,B004SX1BCG,4.3285780091708705
AGUGTCTCOHWX27GP4HY7DXJWA42A,B07DWLYGKH,4.619861360853825
AHZKNVTNLZUHNYE56UALW5L376FA,B01E6ATMVC,4.547566179836369
AGMAQW3YOWHJHUEQ7XLVKCXEQ5LA,B0B4SGJRHR,4.570362709439314
AGU7QPHJEV3I223SCEK6WUYKWCQA,B085JXWDPC,4.335531867718791
AF7Q3BESM2J4ZGMO33U22NOH5N4Q,B08T2GKXNG,4.117853783702215
AG6DCMMH6QAKQBX5R32MBRHYPEUA,B09JYHK3KF,4.388385094531304
AGKK2ESNN5YDPLEM723AYXM6Q57A,B0764G5LLF,4.1754950717774175
AFIQINUQGWBM2V77C6RACX6CB2KA,B09NLV5LBK,4.485561097291901
AHICPR4QVQ5FMDFSESYDMTT3BDZQ,B01C189D3S,4.50348571496477
AEC5F6TB3IB5HVKMUBAK7IHJ5APA,B019GYKGRC,4.582192621925018
AFZF6TKKPUMKKB63FCUUCNYUMUXQ,B0002D01KO,4.610829247652742
AGTW6EIKVNWE4ZGPPO4BOIBIEYMQ,B001GH4H3W,4.606852659908891
AEPETAF7OIZ533QUDAMCY7TZVS6A,B010AFGUXK,4.455331884133882
AE4YPIJSDXWSKOUGYF4SDK4SBLFA,B0BXT384GR,4.452474863330759
AFXFM5NXAVT4XKG2KKN2VKJNELLQ,B00LOAAPKA,4.3394212086556285
AGDLSEHQJIHHVM4WEZW4TZ3UP2EA,B0BZD23GWH,4.754524137829778
AHROUXIVZXJZW4MO2AFN3ONK6DTA,B00HX9F3ZS,4.830930074902023
AF3NOA47IJLZ3V5SQBOAJHUYDFJQ,B000CCSWQA,4.451856818349238
AGTTMVW43RNZJSHQU6XL72TTTJJQ,B0B8SNVK5K,4.64843709690695
AGZ3QMLZOWSZJPXAPSTGORHBPVQA,B09Y1QWK5W,4.638733211935598
AG5VPLIV35AA6PZ26WYOLICVDSOA,B079SBHJG2,3.9841983051159495
AEZIIYLOX32LD5NZCQHC6RM5FJPQ,B00MS7GAXE,4.787175937019686
AGUL5JPSQGFI3L577EYSVVN6UW4A,B00MW47D52,3.666698723586852
AFDSDZ4A6HKSIFVTISXLNY4KBTPQ,B07KYX3S8X,4.621480260034918
AFNKBT43T4ZU57H4SVLWIEB2RBIA,B009756KE4,3.8148843429630506
AFZXFNKXADRAUQ2NEDYY267QINIA,B096N9VDL5,4.198026832218714
AFEJWAUYO65ISM7466PZBVNE6AWA,B0891WVCNV,4.750374878212348
AGQDLCYLRHEYZCPRSIASZ6O5IH7Q,B004WFXM8Q,4.596876873217095
AEP6P3KJKABIZ2XBA3OQKRHEB3WQ,B08DG2LV8D,4.9492098024461475
AEL5CQ3X6KXRV5WYDVVDLDRSVXKA,B081F899LF,4.247562721247727
AHHGMWJB7XA6STPOVKYABUZ3X46A,B0BHSG5C3G,4.67621907336367
AGLNYIXGIWLM6XPIARAHD2MHUJQQ,B076GHR7DN,4.638010961792249
AHJLIZ2I33CYSBMESAQRJ6QOIKKQ,B07CLJ3X9V,4.833905754715758
AGCZ3QLNT5PPADTVY7CUGUI3VNPQ,B09KWWS7DH,4.731597006230893
AHVTPXABLBUBOHIQYQ3QQG6WR6LA,B0BNVFLP64,4.518972863358927
AE4PQQ2BQO6IGXVLTI6GBFCNC7YQ,B015XTFNP4,4.753066609275456
AFF6IT5MM7GHW5HLHWHVMWPFNUPA,B086RHFW8Q,4.748810188568068
AECHOIKAEH2LO65T5MXU2VEYDXLA,B0BKQ6GJ4Q,4.046465629002758
AHQD6POMHRBDXXOFWU7URVQADS4A,B07V3G21HX,4.340110395010856
AH523GWJBQYNOABIP2MMVG52UDJA,B01K1EJQ9U,4.581214648979863
AEENSLZS6WAJQE7GRMNHI74TIYYA,B077Y4J6LK,4.474319132851598
AE7H6JSPLCW25AV2FFZWUOMK4Z7Q,B0BRQGJZXR,4.141201051814846
AEEGBXTASTDNNZE2QXR5IIGX725A,B009B3QK1K,3.796643671091439
AEAMKS4TLLFDJGAGQRDRVWQKTTQQ,B07Y6TM959,4.792262690136918
AGTTMRIFEHUY465FSDBKHC7VO3QQ,B0817CVBLV,4.505208023467436
AGFYJV3I5PY4BEVYZ7ZF5M2TQ2MA,B00H7Y2ZXM,4.370838745383564
AFLQPQYPYU37DCI5FTQVUS3LRHAQ,B0C6J2DPBW,4.9374807863759935
AEJZFZFWZWXIG7HSGPV7HHQXU47A,B07DKXHD23,4.356728489669293
AE7IOTV5KHC6JJOWIRCTXGRLPXLA,B0B5K9HNRZ,4.804184446773424
AEAGSWW4RVIR4L5BH4MVOV4X23ZA,B076ZSHQ47,4.492127418269327
AF7L5HEKBLHA2ZJV3W3WEJHAS6RQ,B07FY3DN6Z,4.749146468987242
AEI4IG2E3DB6EG77RG7QTQWIO7PA,B07DKZZPMK,4.134909492451287
AGMVV3CK2WFPFKXOMYX6F7KVQOCQ,B0BSGM6CQ9,4.766416043076831
AECRFIY3HZZG5KMU424HTLAKDGFA,B006Y2FUW6,4.414274332027969
AFDTKZQWHY7X7WCXKNI7I5OMV24Q,B09ZTWQPCH,4.103249226667534
AEHTWU2WWGU6QC77IAKXIEKJVDZQ,B0002ZPK0S,3.8304430278613095
AEDUXNERFORVFJZGC54KAAYSVA3A,B06XPJHYDH,4.346553881788719
AEVXF65DTCWQ6CRAJNNOAIQRLNTA,B08NYC91V2,4.319365384188183
AH7XO376URXXCSK332KEPQOX4CKA,B0002E2O2Q,4.4827435753499785
AGVIE3SEBXB423WTCXJXXU6GJHWA,B002AKVQK6,4.9048213572398955
AEUGTL4YUP7YPR5GR6EEWVUBV72Q,B00RVE9X06,4.239471373407081
AFB6ZBPMGBPQ4P6AUSRS5A5DNHHQ,B00RWF76NK,4.396400963795539
AGRIXMGJZX63BYJKHN3B2MFPCSZQ,B003QTM9O2,4.5141960382877935
AGMD22ISCSNBD7MO5OHF4X4OZAYA,B0BZK3X11C,4.530260225715251
AHDDXHXK7YKEQAT4XUIFOPHGXPOA,B07JCW1KGG,4.2737248551608875
AGNUX6FLI5B35IF3BOO5UMHR2DMQ,B09CSNM1YM,4.6549490502970725
AEVMUYW4QOI2KRXFKTAD6XHBOTEA,B0BPKH4HB2,4.515285828936845
AFT6HB5DLOBCIEFNEHW7LC7I5EEQ,B00BKXN9LS,4.220658138038544
AFGDL6B7XAOXCKQCPE3VIKORLA7A,B07H29JSW2,4.553577253060627
AHZHSRRNEBAWENEVOD7Y5GJJAF5Q,B07XW3XD9M,3.871894758747528
AG5NEBS3VFNQPNWGGXYQNRNAHQTA,B0BKR2ZM9X,4.9277992651046105
AHI6VKDBMMW3SFIELB7FTNA23GLQ,B08MX4Z69S,4.106118397824999
AH2TYI3CFL4OKNP3UZ7LFILYMODA,B00C86FA0E,4.360732755018752
AHWXEOF3AV66R44YXMV6OL3GTLWQ,B082Q2Y9VY,4.074675224896902
AFGQTSA5VSAM326LO6ZKAIWIFK5A,B0B1989GQS,4.138888316583401
AELKTYI3IJD72NC2XNTKIBQXISFQ,B07Q1GKMHW,4.908285269811399
AE6BYVUHZCRER7JBO5CFHJEOHAVQ,B01M6C0Y4T,4.10968046244332
AE76MPFI6EGHS7HMMTW3SXCLVVKA,B0BKR2ZM9X,4.804358670127851
AFLCRJREMULJV5T7IK6CBKWUTJEQ,B015JTEBN8,4.545433912373705
AF6F2APVKRIOUONGEZECMR2B3CVA,B0BS6HRTYM,4.902667115790214
AGHYA4YWNDRQCRJIYMIETBE5GOQA,B077Z635YX,4.81215212061051
AFSBX23YWCK6UMDKJPDEE3JSHRTQ,B00YJ5C46K,3.7838346721690606
AFESQMXWP4XIRXTUYYBEQYFUGVDA,B09LTZ1QXP,4.868012200906259
AG25BHPXN3IJ53EHA7JCLMPPQUDA,B0BKZ3GCGR,4.287030738484466
AHB23CY7FVVDASDABSXKUQBMGMEQ,B005KR15HU,4.150313364922218
AHXTCFJKNZFKU7LCHHP3X52UGHYQ,B0BGHMQJGC,4.880061242442873
AFUHPP3DU74RKKXMDTXDKRSQ2BEA,B0B3VKD9YG,4.124660111144696
AEY2NVJC7XMQF5GKEN3SAIPBN6FA,B0899N9BYZ,4.474347351571725
AH24AXIG2WSMXXKEJWCZOCCBYP4A,B07KDSZ2TJ,4.582302182249119
AGJ4XF6MVSXI2HMTCU4EF3JWNMBA,B0089NNAZ2,4.941603907449466
AG5SZTGY7NOOTMAAINWQFF6ABKOQ,B0006IHLFI,4.786754043948198
AFCLOTB3P3EXMIQAKAZIP3KGAYQQ,B0776RXV87,4.203782335181703
AHCCPJ5DAAMUBK4K4AM56752Q47Q,B07ZG6ZB6K,4.9178142003051
AGR2HGNGBX6TFVFHQFKXRPP4B22Q,B01LKYTQOK,4.779939702708268
AEGY4M2W2G7TDWBR5YPPSLPSKWUA,B0BKR2ZM9X,4.894953039774104
AEQP2NXBADXJISSIYTTUXUBBKVEA,B0BKZ51ZNF,4.041890409933449
AHPVI3OB4ACS2O5IZHURWVZBW5GA,B0BCK6L7S5,4.051465554578594
AFOMZPIYSXVAK3NJUCP6O5SXVV6Q,B0BKZ3GCGR,4.855406326622523
AFIMPB6NJRER6XOJECJLPEVZ376Q,B01DN7OC00,4.347057818868652
AEQKLE6U7TJCGBHR6ZJGSYBK53BA,B09Y5NZ8PN,4.619985046199355
AHQ7UIJUCTKYWL6SHF444WJYBZPA,B07T7ZSJXH,4.8917489602830635
AFERHIL333KWT5WU7YKEOPSUPNSQ,B09TSX4LRR,3.6527973470502224
AFBVKQ4TBCCIG7N5BOIREJ47BGEA,B0006I935Y,4.099337318321464
AHMISJPGXHEYASCQVCZF7HRA3HXA,B015HG7HMA,4.604156669673001
AHVI43NDUURIE32PAEBBA6XGXGOA,B015XDJB9E,4.109578661661287
AFYARBZU7G5SNM376QLB2LAN26EQ,B06X9KG3HW,4.8529033041968646
AF4KMM2FTBZGXA73A2GREYOBPUWA,B012F2891C,4.57598890089654
AHCDQKCODVZFMU37AXNWP4ZO5DWA,B094CH1B9Q,4.216475100267574
AF45I3GRZOWVCAOUZTZP5GWKYACQ,B09BF8XDF4,4.908946961172607
AFVKFJG4GS3B5ZRY5WP4ZD4QRMHQ,B09857JRP2,4.9146247467741695
AF3HCCRD73O3FDIBO2MGDFGSP6YQ,B07YK57N2M,4.948616901197623
AFPWFNBSJ2BTR5JFERVM3G36OGYA,B00JXOCJDK,4.6998961914630915
AEFE5OPBDT3RILFM3R3IX7XO7HGA,B0C5CTX5LZ,4.28772396418276
AFVMYR2FFXAFJFA6PH4DKH74VWZQ,B00R2IPGAM,4.901217841809694
AFOXIZ6JE4V3UQTNXLLYRQBQP65A,B074G53Q94,4.328387005549047
AF6BJF7NTWXZHYV2R7EE5WN7GGOQ,B09857JRP2,4.9146247467741695
AERBQKR3V6LV57PTQVWP23Y6GRQQ,B09T7NX5K7,4.746074518523282
AE66ZE44XDI6BJCJSOSKG6MBWGGQ,B08JMQR2JK,4.579021259271327
AGGNUHX7SHFNTW2BXMX3L6IQMVJA,B01KHP70Q4,3.4738613839216157
AFQTVVXBTAVRD62ZRIY4VEKJAXCQ,B08R5GM6YB,4.4513720908594525
AGF3S7SP4POWQFRMEHW3EKQLDQEQ,B07RYFLMKR,4.462196927445888
AE3AHNSAV2PKUMPM6VJDZVQBI24A,B07BFZ2KSJ,4.601734540069073
AFJTLZY2NBAFQGLY2WO3EXQ57IMA,B08JMQR2JK,4.716750230387742
AEGMU3LN7XWD4BZBYRUI3H3P2PTA,B07T1NNR9J,4.906345436006627
AHIC5S5WEMJBL4CTQTEQMMPXYHOQ,B00TXC247S,4.7047340227916425
AFMLW345SNBGK3JEAORUARDH2XCA,B015XDU5C6,4.606578547066453
AEHEDFYDQJCBL4NAZQNLL77LZKLA,B09PWCF6T9,4.826113667058922
AHNHO36HHQWJMDOE4WCC6MQP6IQQ,B08BN4G8GG,4.621125274440502
AHOAWBCSTIAMPQ5NXRG55NPC53XQ,B09R2XFGH4,4.693999814068468
AEHZGXSDEAGUASHTS4WCKIZ2RAWQ,B01LEEWO7C,4.259575734627327
AEQZCIHPL376ZN3LRVIK7LKIO6IA,B0BFKQ9QXD,4.60225188988961
AF5C267YUPX3E6BS5SVVTOJ7MZRA,B015TBAAT0,4.767181649433528
AGWJ3WOKO6JPVGAPDSYZJCAOAD2Q,B08DBDD6CM,4.802959541153019
AHOIXO4BNOZJEF34VCBF2623OR7Q,B072HMBSND,4.430123609640371
AFSVCKU6P4HUUJKHLWQC5MSI6NAQ,B0BK9ZT28X,4.901937175300414
AFFQDI5IDC56MNBDE26K4N67JNZQ,B015WYRWYA,4.810458956282677
AGKYAVDS6LE7DD2FVDSRKE56R64Q,B072L1GZS1,4.464244583339205
AGACPCDVQI5PYLAMRF4N42CZ5JYQ,B07DWS1PTN,4.588506992939442
AHRHPM3CBEFVTPT7K3QMG2H5N4GA,B0BKZ6JR1L,4.621034044064986
AE7XSUWVSIIVOMXCCM5UA33WEGMA,B074QKLW4N,4.470906764811517
AHFFQF7F54OARQ2OOKA3ILYMRK2A,B09KWWS7DH,4.727376457158284
AGSE3WV7SGP44ULL3HPGIDU6BY5Q,B0151KT2B6,4.561644862374896
AHJ5E6U3NZBRT5TDYJIDVAR4WMVQ,B0C1Y5KJPX,3.910751602256438
AG5ZVXXHEXDYUUODSEQC4XXV7DPA,B0872CS1BX,4.9406124373974105
AGASE3XTUSEWWXX6RV5KD4NDXFAA,B0002KZH9C,4.696941201782359
AHLFISEX2ZHKDZEVQ6JJUQW2FP6Q,B077GK1J7N,4.703518710197512
AHNIRBHHFJRLSXMGAII6GIZS6KJQ,B0B8LYBTXZ,4.740626290107146
AFPBAKD7M3P6L6C6M6OQZYEAJ5OA,B0072LXG2Y,4.896576769380567
AFUA6OB6SCWBKSYUGQD36JYUG6EA,B081T5GXGT,4.614470587115372
AETTWO5NLVUFBUSLI4ERXLEBEAXQ,B07CQMZVYL,4.450845455097082
AHN4URYKUCQ4N4H6ALR2A3W64GIQ,B08V4NHDD1,4.43513984649436
AG4V5XXWHDNHNDQB7LC53EMMVBBQ,B0C6LGVWBR,4.346333997443026
AHWRM6MTDIISQLIKSQ7WG6JYPXFA,B0BRSK33BC,4.6249528996221585
AGNEJAU2YSULDNEJHFJKZ3WLDIQA,B001P33HVK,3.9336385309725923
AFSPQJJT2RCSSSO3O4MO4IJPETLA,B0007Y18UA,4.3121826513042345
AGFXIC7CBCZ7S6TAQSMYJTX25T7A,B00HU260SW,4.220978818847405
AHGKRZ7262OXWYK3MW7SRF6II34Q,B00724YJJ0,4.002842632738089
AGA4R2ZGTSIJHDIBLG23AMNKJ73Q,B0BT9R8MMV,4.816156439222522
AH44K3RPIQMVWG2G4EB5FPVIVUEQ,B08FYHSQTZ,4.281821754286801
AEMOOALRVX5GJZFIDTWBE6LD77CQ,B00DY1F2CS,4.415895065482491
AGBX2M3IT2QUEK7FH7FBJX3IIKUA,B0002H0BZU,4.841879466556797
AGOVHGOTW22CLVIRUIW4JG6BB66A,B01DBS2U9G,4.423414864434666
AHQ72YFKLA3Z7CUMMDNNVDPLR7WA,B003K16N0C,4.445052478377536
AFH6VTF4HK7G6XEPGKMJS54HS2BA,B00ABMCHOO,4.5455497272134995
AHQCDCQ5VFDGM74DM7RQ737GTOYQ,B0B16WH36J,4.670554205718496
AEAO7MGTW5ZXQBBPPW7ZW5JU7OFA,B07DM7T23J,4.035656333768694
AG5QH47JHVYT2XEZI7TPJZIDRCJA,B00IFOTSJW,4.809511818452307
AHMRQ5BGO5EBOFVVGOECBWCNEESQ,B07S9X47LT,4.564365604074716
AG6FYGUMXO4TSTPFWPFTNHJXC7WQ,B0BK2ZTCWF,4.809761039074423
AGBJAE2I4KB4GCVNGK3CVXCPGGYA,B09RTZ26KV,4.278336446839994
AGPU4ANHDRQEW2M6F7AWFLXSXFNA,B08SJY4T7K,3.7804032339984723
AFO6QHRGRZDTKQC6SI7V3F23EPYQ,B08R5GM6YB,4.418490289902607
AEY2D6S47J7ZNE5B5WHDGOMTBDRA,B06XB3FQKB,4.598613128907927
AHNG3NRGEDYO7E44QMYDHMBADPBA,B0B2LSX437,4.467155672896315
AHHHU6X343PMH2VY6SJIWTPSC74Q,B01LYV68RY,4.731082333060309
AHLFNMCO2C6QX2MXA67OMESJWMJA,B00X9OM9AI,4.217011046062312
AEDJWFGRV2TQQ4MBPEW2HWXBIJQQ,B0BT84L827,4.840440536978792
AHOEAFR76BBEHYKBUJOARRUUZXUQ,B0C5D8X3JT,4.213200732962873
AHEMAURZYRCARVTVF6CQYTYE4I4Q,B0BK5CXZBT,4.898081539039761
AFU3UIBFZ27X4ND7JL4WDM4BWWUQ,B0B927ZR1X,4.683220483239478
AEY7XWU3UUYRDIZRWS3BOL5WCXMQ,B01E6T56EA,4.926166093222864
AH7WTH5WIOSENLQKENY7ZFUKFFOA,B06X3R93JH,4.893265472351235
AHAR2WCDFYETREAF7SRKJ6T3RMKA,B01LYM0TU7,4.565280564180409
AGOTIZH7DO5TBSSAKDOMYQKDMDSA,B0BWSLC95X,4.753278687045802
AHT4MIYEH2QRDBU6EZSLLSR6DHGA,B07C91W874,4.382894392415109
AGZ3LEJIBPYXZZQ4PCMSOBFEKBEQ,B00WHLLDWO,4.531011352671303
AHWEFDLYUK65S6GKOH2OB5EZXK2Q,B08F8NV6JP,4.732064034303173
AGBIJYZ7IEINJTEABKHPXZYE3XCA,B00IYGR316,4.459481794872044
AG7OXBZLYEUB2RGFJE3M4YSODTQA,B01GV1ROPA,4.813886176634577
AGEJBHASBLTFJKEFNWWWQUY4BZBA,B00WJ3HL5I,4.088921823995127
AHJ6CRIQ43EJYLQZ6NA3BH5K76WA,B00L1LL7DQ,4.7457629950781275
AFXAOSP6DVC5SKYKKZ7YWCLSZXVA,B001PGXKE6,4.543029920539809
AGY4LSANTCTFGGXVHUO6BBDARX7A,B0BMDF94FH,4.9603214209769755
AHQZ2NS5S3ABY7JYVNXD4LCOD5MA,B000VJZOLK,4.562771068625654
AHSIQ6XXQM27XS53U5KJXPJQM7QA,B0713YCK3Y,3.736466135563572
AELR7SP5EGJFQ4CK6PEKBOXY3IXQ,B08R8FSFRB,4.492690597071286
AEZKUSCAQI233DQ5QHO33MLVQWYQ,1423414357,4.224388889286336
AFN6N6Q7OHAEP7FXRONUUN2WFO7A,B0BTC9YJ2W,4.81659094566364
AFMPAORO46YEZSKP237NKNPARFCQ,B07CBT4SYD,4.687634225123965
AHOEAFR76BBEHYKBUJOARRUUZXUQ,B0BSCF2FD7,4.3183485579882195
AHQ44RQY4L6L5JFMEP6XZMRC7WXA,B0983RZ6P3,4.800226260517487
AFUDTLQNMIHNKJPLEEGTYG7JU3WQ,B0002F5IJ6,4.083638736440711
AGDUZDJQUH2MA6Q6RBVBVV7FIAIA,B088RC37QK,3.639632646808599
AEMUY3R5V2OTJGLA3HKDDYTHN6QQ,B08Y5QMCYQ,4.483030280509688
AECINQ2KJWDR5GR2JWVIAEPGR2SA,B091MZPYBQ,4.577044171879663
AE5ZMMF66YZVYG2JZLE3UDAGVYTA,B005SUS2YS,4.945982961711518
AGEJWLMA7VCEWQQFI4FOPYIMFW7Q,B0C3LHCRJ6,4.270048272019267
AFXCILHG52QQU6OVFOX6RNAWA4CQ,B01NBT5ZP5,4.78782274244697
AE4X6EDOWQIX7OUSMRWSAHHJ7HAA,B08JMQR2JK,4.456697152620377
AH4AZOJ2PGCRKTDED2SGZXOOKRGQ,B00TV90MT0,4.484731735848797
AGTIWTOM2GUUFVUU3FBFTFZBI6HA,B098LHYD3K,4.541628423918082
AHFZAFS6N6PCSICYG5P3BEEBO57Q,B07QKTLN2Z,4.459127506105284
AGOFGZANYMUDHB2NTVTOW63TG2RA,B09JMYM88H,4.5275884033383225
AEQK6QPYSQNUNNZJ76ZMAPCJOHIQ,B08VCYR3T9,4.571107548129664
AF5XVNQXEWRDQHIEK4RIJU5JZGWQ,B0002VSRR0,4.879059492895239
AF6UOGIEDOPIQQVIVG4LISE7QJMQ,B09BFBHQ1T,4.548336932481592
AG4ZLTRHVAZRU33BPY5Y643IZXPQ,B009IWNWGU,4.759602908319458
AG5EBSOOD75MB3YZVBKH2Q5GDYKQ,B00466HLWO,4.364041526297463
AGXZVBAQ7O5AXLHRTNEZ4RPULYSQ,B07TDNWYSB,4.620320395209388
AGNM5MOSGUVFVLSCZHUDEMSAYIAQ,B01NAZMWZK,4.462475720241814
AH2OBRZXXMVOFKUQQUGXFSGIMYPA,B09G5KLKX2,4.335428901842597
AH7WMY3V55DTEND6PA4TH3BVGGLQ,B06XXND94L,4.581949740640555
AFNY2S3YRSPY6NST2O2SQFMSFRIA,B06XGSXWKH,4.66437663617362
AEZJ2TGHQC2AYUZFDM4Q6YX4LOHA,B0002CZVU0,4.45368074472497
AEDUKEXOU3LRYCIRYKYBXA72HGBQ,B089QRBZQ8,4.2988431382483165
AEYZHA3LZJHOZJPB7AU75VO6DYSA,B01NCBLF4M,4.69572593912941
AENN2BGZN2YQ2OVGQTNXHLQ5W3JA,B00KZQ1VXY,4.924930502165239
AGBXV2ITIUNKFPPCLLWF6YLF57NQ,B07KDWXQ84,4.275908516143817
AHNLGFONIDYSUIPCHGTHAMDIRIYA,B0BHSG5C3G,4.559277103993906
AEBID3HKBMGORBEBUBAZWS2FFQPA,B074T6YNSK,4.370959080231781
AEYTL6EEQHOMLGJM323OWT7BENEA,B015G2AFTW,4.007376183524384
AHPD47TVAIQ2JBQNAYV7UOONY2VQ,B016B6YFDO,4.419090828715671
AFVSSJ5QSQBZBTAVR5XHF6UQQVBA,B097Q9W8MW,4.168936406859647
AGDLJP5QN4VUKOF7QJOTCCUVUGJA,B019OO4IY6,4.242552159351092
AEARB6VONAYLG7F3CJU234XIGWWQ,B0C3DPLVHB,4.401066438637223
AGHLAYBLKOMA7JAM2PKTKEQ7EOMQ,B06XG21X1X,4.7006756915043955
AFDZ7Q3JWBSK3MEBNMHFMWINWDQA,B0BZQ1KTY1,4.519785391115061
AFFD2UVMFK6ERQ5IEVQTRLTJ5CEQ,B0C3BSXX6N,4.355313697863178
AFZFOI4JUMS5UFMVWPLAVQ3ZM2QQ,B000J5UEGQ,4.721579459146835
AHL4BCH2O33HFN7KSBTIJUHCJYDA,B075VHF7DQ,4.630620612405142
AGVA2XYHJXQQF27PYZPFTMFHH2UQ,B0BZTB9B4X,4.242738262458223
AF4QLGCACAZ67CKQBMSQNC6TIOSA,B0B8M2Q1DS,4.091856369102914
AGFSF44SBWIXPONDUSNCKXDJHYNQ,B09ZTWQPCH,3.6978132023616004
AFPEIQYVFZWLQZZKR3OXZSMGSCTQ,B01LZ7ET20,4.46886410128714
AEY67UM6R2R2XFEAXAXMWTZ4Z5UA,B0919GK359,4.858897901123111
AH7ZHIIHLTW6SQQXSG4EHYYWTAAQ,B0BPLFP5P6,4.119943761860019
AGETR4QIMGHVFE3QCL3USO2DRGIA,B09M7F7LFB,4.887865917366762
AEAQIMWMCUGLGDAM3BRQ5LCN3CEQ,B00J989VV8,4.4037576201238275
AECRC2FDBKONKCHSH7GPRZ4M2CVQ,B0041T53JY,4.690017827305811
AH6QSJEXBISHMQ3M3THWZAKMB72A,B018FCZKR2,4.36284840692924
AG2PW23TNWB4BYACHY7DDDTHCDYQ,B09G5KLKX2,4.734555642134918
AFGATCB23OJ4PTUAPGTIT2YZIELQ,B07YMGPV7P,4.860212326240948
AFZJTKAUHOMRSPYPQD5IHUVDML4Q,B09LJ2796G,4.684897534707396
AGFLLRNTYZI2ZIBXZFWZKDHOJ6PQ,B00HK1MLKY,4.642182583346964
AGJDAPR767ZLTFPQ2EH7SKIWCVBQ,B0BLJVX35M,4.41575197462231
AGY4LSANTCTFGGXVHUO6BBDARX7A,B00LMC2PNA,4.883906953925554
AH5D3TL2SIYIOBOHO6PK6HKB7IYA,B08R5GM6YB,4.503040013905528
AFCCD5FKMJUMFTWE3OYSV5TZEGEA,B07BSHS3BX,4.412819299811176
AFHIAAZ52G52AQAAJYBA72ZM67GQ,B09WHG3TX4,3.500892695976563
AFROGD4V43PJTAAXM7VM65I7MSNQ,B07S19XSPV,4.916520874881423
AGUQK3H25TSBTIMF3Q7DS7GPIJ6Q,B0BMT74KX1,4.921674858105709
AFB6ZBPMGBPQ4P6AUSRS5A5DNHHQ,B0B8Z76J32,4.714341857777752
AGR4KDJHASNF7ZOGNENQLAIKNYIQ,B095ZXXS1R,4.541306459281831
AEOFOAZVKGLSKNYRWXNP6JJXAE3Q,B00SX2L4RA,4.55396936680444
AFK3FEP4IDCJVYD5P3FISE4SIM2Q,B07CQPBPHH,4.264684771374945
AEXY6JTA6SOJZ5JDOXCHV76CDJ5Q,B01AZ0WPPC,4.665305236781233
AES6T2HMZFWRQW5ECR6H5PWLZUWQ,B0B8FSCM9L,4.697848641187788
AEM2SIMFDE3SQ4HS5QZROFANOY5Q,B09SHNT5B1,4.68633930020597
AEFS3IWS4TSNEFFNYGAMVG2ZHIRA,B00LIW7N9U,4.78105857676496
AEJ4F44RE3N236XNJBRKBGPPZSNQ,B0B8LYBTXZ,4.520241186759034
AGXYBAI6TANWRZ2Z3K2AJ6REMICQ,B08NW2SYPZ,4.031750013413774
AEIDDQKJTJKBLHHGL2PLHQJ3MBFA,B0BJ8WDC13,4.586335842067318
AENQIPCGFGPVCMZYAJK7LIBIZNQQ,B00378GEAM,4.775155295374371
AFHPCOEDC6RQVI7BKSRAWEBXLCDA,B00UTD0YG8,4.51707179658643
AFIZEMKLVYIDJJ5IJMBUU2VAVK6Q,B075R9BMF5,4.399482027605112
AHAMEWQLPTRHWH3L4Y3YQZCZXWVQ,B0BRSK33BC,4.808964713576641
AFTLHK6QS7EJ25AWSCYSJB6G6KBA,B07C3TXJM6,4.753183667808186
AG23AW56WZ7KPYYAS4A3YUDTYWCQ,B004THB99Q,4.546148197758752
AF7UCCPZPJPW76PNE2ICQPJUQEYQ,B002LJPL5W,4.307336009311262
AEIBJXOMYHYM2GHFZWFVH4OYSVWQ,B00BQ6KSN6,4.394501632233958
AGGESXOSTBKQQ2MZKYON3UGB4Y4Q,B088RC37QK,4.036501472109224
AGVMESCB42ALLXMQ2ZBMZKK4FCOQ,B07JCW1KGG,4.494184267103664
AG6YXEPL6ENWE4CTSAOR3HHPX6BQ,B0BPLFP5P6,3.960381116444333
AHL2XDBDBBVA2Z5LJO5HEJJ2KSKA,B0002GH8X4,4.842258548636014
AHAJHM77GJYG3R2V5324MAJAEYCQ,B004THB824,3.812356883271243
AGODW5MVZYO2NQ62TGD5JX2WPPUQ,B01EGPJ67C,4.269694970388946
AGNJ65DORLK5QTA3DVYWNSSUQ4XA,B092LF6RLS,4.773656479108761
AHVMIRIICYQJG2Q5VPS2IODOYWSA,B0C3LJ8962,4.8808514290879
AEHPI7DGK45GM4JO4PP25BE3RZJQ,B01BU6B4Q6,3.9238251091210143
AHNF7ALJJC6AR2JJKRZKJ4ATQZUA,B000P5OULA,4.825045125095649
AERIMUQMCVUEN3D5WMGN7JER747A,B07CZ8QC27,4.04481926812289
AFCW3I4HL6FLOYFDC4PVL6AE4VLQ,B09BF8XDF4,4.8048118200131995
AHA3ADHFLHTQLYAI5JUGNL2LZENA,B00AV557UC,4.480256436207668
AHWRNYOWY4IRKGIMFKZGO55XSKQQ,B07VSYFG26,4.4568744965055975
AEJ3ZHB5WCOY7JEAKTNKGHL6KYVA,B000V1K7FG,4.694507488128119
AEIRBLA7WN4R3DFFWOUBDY6UYWEA,B003WZS2KU,4.602693718439481
AEXDLP2NUCSK7Y2O46Z4VIN2A65Q,B09857JRP2,4.817728012612166
AEP5MYJIGIGVOGCZ57SRBD27MIGA,B098QGM3JR,4.459119240436579
AGZXN4EM6PCRLAKT4VKOVT2CWJAA,B0064RTS0G,4.670439103236273
AHMQPD2G6YNBES42KF42BUNLXJKQ,B07N5J3GTB,4.583235884192211
AF3QYX47IGHZOZBFMSVMG4KQUDWQ,B0BK6T14KN,4.5482806012393375
AF2RJAKC5JG7U5MUR67ALQ55GUTQ,B00RVE9X06,4.452752656612227
AFQMFCPCNAIEFZ6XYAOKNT5GNBTQ,B074JF4CMN,4.565467730749727
AFHER2NWLJQHNQ4BRB4NZAG46VCQ,B0BL2ZJ4B8,4.5362635283625306
AEFWUZWVPTT6LVIPHMGXH3MJRYCA,B0179A4ILK,3.79572670710866
AEXAF72EML4UPYS4KTSBUDKBMTBA,B0BHSG5C3G,4.552083924254211
AGULNOJI6U4V4FUK2EYV6CJ3H2EQ,B0BSB9249S,4.091009309621819
AHP4SAPZJLPTWUNDEFRAW4B7QFDA,B08R5GM6YB,3.9348817141568633
AG6SNOJ6RE3EYKRZ3TUMF5SGSKLA,B071V3MY58,4.151853505231766
AHZXMBKQJTVG2J7P7EB5WCYTOLDQ,B008TNAHXA,4.381716764637479
AFKA5LZ7M4GJMI5TG7F7NPAUGZYQ,B0BX8J1P8C,4.542124866137426
AESVETCZKXFJI5FQG7KUJQP5EHBA,B0822X83YJ,4.660804991561815
AEAE5ZVBWJCRQICGZHSE6QT3UCIQ,B074K1N1NB,4.115359828956253
AHDL4IHGUSE36PHTIS7YUMQM6EBQ,B0C67HCGBR,4.434723095459252
AG3HAPNQSMKOI362OW3D6I5XBUVA,B0B8NXV975,4.275872441320363
AHCLJLP7CSBBARBY5X77TUVRV3MA,B0002D03ZC,4.593779235123838
AFHIS4F6WUTSE2ECHM6MCDWRZB5Q,B00145EVJ6,4.315614622460716
AH2UN5Q4S5IPLNIUYX7BVJOXQG2A,B0BBNCY2VC,4.757520948985878
AFGBQJ4TCIXR7YL7DNUKAQ2RRK4Q,B0BXT6TM6N,4.160890137965026
AHEDAKOGZVW6FL6WOPJRYZTPSRLQ,B08BN8S4NM,4.210246925342828
AE7T6GD5KZP5TM2GFOZ2GAYBLK7A,B0B8M5FJ9W,3.8348501807957502
AG6B35K3D2EOJQZC3E3ZLCRG5HTQ,B09857JRP2,4.92636486812498
AGC5BK42YHPDHB5BNMKTMADPBURA,B07CXK6MDQ,4.792264264434998
AGWRNWBMWLPNUYBD3GGO5LV4V2KQ,B00IPHSRN2,4.830078629959944
AGDF4EFI3JK6VZMPSZ5XILKZN24Q,B079TLFL33,4.799013016107022
AHZT6MVWNF4GG6FISMZMORKZKK4A,B08GGYMGY3,4.41837843557663
AH2A3MAH6GIWUIZJEOFXW2HBDURQ,B07D8WXDTC,4.488603617187179
AHDJSYNKXNWW2MQQPABYYMH7RTRQ,B0BPLFP5P6,4.67571548996791
AGCZN4DI7XPQZZGXKCHF3AQ7ZWEA,B00T275IR2,4.475581893654869
AEPBPML6HZCNA2CN5QARQJCIIHSA,B0BKZ1S7G8,3.876041369571441
AEXQ274ZUBUV3L33AKGLYEVVXUAQ,B00NPAMDQ6,4.564832826175213
AFT3YREYEF7HVUAP2SMI55RZDCJA,B07FZ5XBCJ,4.690013306899168
AGMOQRGZCULKJQE5GROUVEVGPEYQ,B01AH3RSAO,4.4885185368756355
AEYKUQGCDH5A22ULXMYPWRQ5GAWA,B09857JRP2,4.9115684072160555
AEIFVI6AID42FB33YBVLA63CJT2Q,B00WJ3HL5I,4.45330442320134
AHRTPQHFKDUQEAN36WDEY4BPTBAQ,B0B4STBJZW,4.795692264808569
AGWD6ZH66GXJDVRNQEGY77HOYEJQ,B08F9K24WG,4.689671842070306
AHKJHMFU4DUVYZDOPUA6VEKKM5QA,B08XYTW5S2,4.216893246190825
AFQYQWAIBLVTKHALRHNI7MVSBHOA,B087B6MMYR,3.4705871137454443
AG4FC7EWZL5AU5M667BERCSVNHKQ,B07685T8FT,4.552303630865506
AFO6EBINMPEYJ4RFIZFB2UHUP2PA,B00615M2CC,4.277680040702253
AFMK4SIFYYQISG2YVU2U2FOCQIVA,B0B8Z6192W,4.824193862905847
AG5ZDKP2LXSP4RG3P4UJKAEPFKWA,B00IFOTSJW,4.249445793589553
AGK2NQ6CYM2O4ACVI6GOXCGAI35Q,B09R6W3B2Y,4.121264325015886
AHK2GPONUS4HZYDUVTK3AWLZZ5QQ,B0BZTB9B4X,4.811547948116821
AHBIFGZDADPTOK7CCTSWXQYVY7IA,B0987C2TBZ,4.691122826545959
AFGDTX6XTSPB3GYWZNA3UHXRISIA,B07NKRZ1KQ,4.789783025890182
AFOBBYP2YQDB66SOFEFONDKZUOSQ,B0BT8FDL8B,4.131431818246741
AEM5IKW5US4UFYTUGVJNYC3LD4WQ,B09M7CK2WK,4.909709436704446
AG7F7UFF5VDMEK72PAB7NRISLVZQ,B08R5GM6YB,4.493704818305039
AFPK6ZJ5T6IV5LGXOSF7BNR3MCFA,B000ZU4GTQ,4.719935654101127
AFGQH4JD5QBDF27M4MG6OJ7IXWBQ,B0B8M5FJ9W,4.670848377224782
AG6Q4C5BBGFEHIKKPWGACT4ALGAQ,B0B47KFZCG,4.659136114846543
AFC2DAKRFMKGNS5XXFUKY5P7TZCQ,B00WJ3HL5I,4.5779510288198875
AHPWEIREBCNF6KADWSLLJFOTIY5Q,B082WVV4SF,4.923447272838218
AFOAW4ZUVJN3JNZEY5WXMZJWIFIA,B00O4GF3L2,4.331909755685331
AHUTI635VGXW43UNQRALJR6PURWQ,B08JMQR2JK,4.452154978135958
AFAADQEJDYJ2D6P5UY73XTRZICUA,B073W2Y8NJ,4.800335024745154
AHFFQF7F54OARQ2OOKA3ILYMRK2A,B00P0HHNJO,4.466366125145473
AFYU7L6PPUGCEG4QKNLBLABGJSTA,B06XDDXZQ8,3.822911326347508
AGPPGPYSRZIR32TZC3PWWHHK5BRQ,B09MMT45P1,4.466280030298182
AGBN34VVOPNSM4ZVUQWDVGJYA2AA,B07L6RCDP7,4.614893311764382
AGYHHLZIQQM7KVVBS7R6U7JKMUIQ,B00JER27MO,4.545676482424642
AHAR2WCDFYETREAF7SRKJ6T3RMKA,B07DL1L3M7,4.544597849104755
AH5HBA76JNM2MTAU7IJGFXEQEQAQ,B0951C4RGR,4.441567636690088
AHWSPVFV7CNKCRH4PKUILHJSS3AA,B0BPJ4Q6FJ,4.82585632524353
AEHIRJJMIKUH3JVDTUPRY4L2GFDQ,B01C5TBX68,4.756530360722307
AHGIBSFUX75SKXE57B3GHITHYR5Q,B078WLKYZZ,4.783314251402323
AFISKED3TW44RJXZH4FB7A3WWCKA,B000Q847M8,4.395487424138665
AHPLBHLPKEWMHIYGC24RK7BVWNLA,B003LPTAYI,4.544412485836916
AGA3UZAMOM33JZ5QFAPVV5QW42UA,B009AQZM30,4.203506441286903
AEST4VTEXAUUNNH3IJVJORDVZBNA,B08PBNXZYP,4.8680041776175855
AEKHURS6TJTJMT7HBTG6TOTDJPKQ,B0BCK6L7S5,4.170982856012392
AF2ISMZOUHTYR6KLLBUL2VED3DUQ,B07CQ19T1J,4.887274587198888
AGASE3XTUSEWWXX6RV5KD4NDXFAA,B0C1S8XK38,4.4052925672572
AE677ZVP4VXXSIBJF4HLMB4WB2PQ,B0BR2WB9JY,4.907050884381141
AHOSMYGEURJT3QUKNKSVWHXBWZWQ,B0928HW2P4,4.869165516527298
AGOQL2C3KGTUCQCYUPNNCWEMPMYQ,B0BKZ5F8BS,4.582014755888118
AHH2KJPYNZUMU5FNTIM5J45DBR6A,B00S0E7268,4.3059705198302165
AEQ5XB6DPQ5BJ5D6R2JCPHYBWGHQ,B0006GSEME,4.134439356020577
AGKH3QAKXJMSDEE2C6JZULGKESYA,B003BGXW50,4.840701531492495
AGUG5C2WFEGSACVXYG6AU556RERQ,B09KWWS7DH,4.640571281151825
AFL567XYUWWT4WOL4FEIADS6NZIQ,B0BSGM6CQ9,4.7674131193396185
AHCOL6TTS5TK7LG7T2LYVIMHJSEQ,B07CC51PMN,4.709255629111976
AE4C22KHQVAJGNPGQWCMVW3Y5ADA,B0C4VSM51M,4.141055557241776
AFEO7UYE735OCSN7TC2WBQWERQAQ,B09PBL98Q4,3.9541824930694687
AHYJCQYCHHT5FH6RGLT4PWUR6PZA,B07TV7J574,4.381853189078091
AEOPWU2ZHY73ZI26E4E2LVOCIN3A,B0BK9YKQFR,3.740228356016365
AGLE47TRG6WQ4SOAWUTKYVZYU3VA,B0718SMQXN,4.87138110675801
AGZ6OOWN2V53LYU73RT7ZDQCQV6Q,B005OZE9SA,4.570496828708061
AFOGOIQFHOLRR4I3NCUB33WFHDBA,B00JL5I8H2,4.643093348058107
AF2NRER4ZB2JIIMAA5ORIB5RGOCA,B09857JRP2,4.916255916153036
AEB3T7FT5VNOG2L4KJPRMIOLF3SA,B08XYTW5S2,4.044969286613064
AHHP427ENW2EDKHO2BJZDVKTIQNA,B09VVS2RYK,4.075323217200205
AFRQZ4GJKCECPIFZS7XIEHYLEWDA,B00UZ7JADG,4.556329355797304
AGOWSJ4ZAWXI37BO7ZQ4ACUFXWEA,B00IPGY11K,4.729304224448394
AFO5DUSEVD3OREGSEEPFDKVYV2AQ,B0007Y8GSM,4.825525700439422
AHD74WLDYHD2UVZ5NIYTLY3HRHGQ,B0925F8LPD,4.776678612618097
AFLAP3F65TW7PVSU6ASIF4F5QXTQ,B07FMRQVPN,4.184167449983979
AGHIR4KWLXYVMFC55FQAEW5PM5GA,B09JFZ3CKY,4.459127547097301
AEW23TPKWNRCLGGPK6P6MS3PLHFQ,B000K67VRO,4.748983014494477
AHPWEIREBCNF6KADWSLLJFOTIY5Q,B00UTELPGK,4.537176380384251
AFXLVYW7RDMXH2Z3I3Y4BY2634MA,B07NPR1S6T,4.840913285988391
AELTKUOPJKGE77UV2WFRTRSNZ62A,B0C67HCGBR,4.854385954088202
AEAJ5WLUZIZRMSRTJ4NZUKYTXCHQ,B00N19LGZ0,4.250280950033565
AF6EJ2XGS7POVJ6OHJUXOVWJN75A,B015HG7HMA,4.559543919474359
AECIT3NMW6RKABFS6YOCYX4YUYOQ,B07DLBZWXS,4.2979548820687965
AHRSFWM7HT2Z3HIWSAOQ3XPRUO2Q,B00BQYODWK,4.838870596163682
AE3YNEQPU3BX7JSGG72XU5V2GZTA,B08T6X2974,4.37162427989328
AF6PIY6PZCGBM6HFZB6D7OWORVHA,B091MZPYBQ,4.518003481480493
AH55BBF7YI26IG2SQ4UVOC6UJZUA,B077PSQQVH,3.6824253778582445
AHTTV4K2AG3ULVGME2UD6R2UFE2A,B003XKFHFM,3.8096073566176605
AGRXVSLZ5ADADS2MPR55BHXGV36Q,B09PWCF6T9,4.583889982326303
AGWNI2VJFJGRZZEQFUEEAMJOZI3Q,B01F4QCP84,4.406641871199062
AFT5P5TGXEBFHQDQPSU7COEQGTPQ,B002CMLPYE,3.918044094783959
AEHWRW3PWRFQOIXVKEPJCY33O7BQ,B0BT84L827,4.480375058112176
AFSRUMHD6AOGSR5LMOG7AQJMTMGA,B000AAGM0M,4.453205551788059
AFAUI5YDY5SFUUER3ICUDP7DNABA,B0027V760M,3.7939960995396484
AFCYUWDZ2F3DZB3S6FURGYD2VADA,B01F6WIX5K,3.8989695216614746
AFYWORNWI66UAEXO5TTXFAP3HKEQ,B01AAX6KGY,4.357731523521769
AHITTEAFYKSFWHQDK6LQ3K7RBM6A,B01LF4C2QY,4.569981178706773
AFHDWGZWTHJNQIRYSW23WQM4Z2TQ,B016C4ZG74,4.197006842332376
AHPWWZH7QS2FIHAHNQJNRVOPVZEQ,B00G33N1F4,4.078923682390899
AGJGLCZKE5735HGK27G2B7QZB5UA,B004DE1K5S,4.638717024764512
AGPE234Z5X3X73B4DSG2DE3ZTG3A,B01EHJL652,4.499376910035027
AH6XAWAUUU7SDPRRVV3FALQE7WMA,B0BKQ3DPPL,4.634250547758434
AECEM4ZNK43ZUOJ7UO7FNOYIBG5A,B081P1SQGG,4.472847232374496
AE34NU2IK7BLZXXQ43STKR5W5JOQ,B0BSGM6CQ9,4.793219527212317
AGRM3B2N2NGKGNJMLYVGH6STQA4Q,B01H7B1JD6,4.72986522316536
AGN6JJ6HBB54CDDMDTPQF2BHYYHQ,B07DWLYGKH,4.770635626029394
AECDFP3R73WCEN6RFLPGUSU3DNMQ,B07G98F55T,4.613880523124102
AHI7BFFVBFZAQMUTWX7XVRX5AFUQ,B0BBRMGRTS,4.435564882933664
AF2O4GMP7Z6ZV7WZGJM5MGT27GAA,B07R3S93K8,4.190809919564799
AG5ZVXXHEXDYUUODSEQC4XXV7DPA,B0C4SQBLC4,4.925457487612526
AHRPB4XLKDWSAYBFEQF3M5YPGWUA,B079T9KWGQ,4.306000804309141
AETMPCLTYYDZPKDQOMHFVN2CFM7Q,B009YRL4OG,4.756614604347655
AHSAI3EDUQ7HRB2W2SOWGEXQF2JQ,B0037JT95I,4.4370597111745
AF5VDKIJH5MWPGQWBNEAOXEJQ5JQ,B00HK1LQ28,4.48188614924339
AHNP4UU7OJ6JDANT5Y67QGMCIABQ,B076ZNHZ59,4.86075584944713
AFANAS6ZJNZQ4H7OFWZF7LTQNIHQ,B09S2VB3KW,4.843445019211086
AGBBU5ZI6SNTPSVKYHUVUAPRXEHQ,B0B2C6TK2Z,4.6212933069774875
AFVZZZQPULQQHTFSOK2MF5QYGZTA,B094NDQRJQ,4.649761048042448
AFGGL36KJJXEQTMHPERGAJ3ETG7A,B0C1Y5KJPX,4.3315468155337395
AFGC3CVTWDXINUBXXD2YPCD5RHCA,B01K1EJQ9U,4.729612595829339
AHKNJUO7L4KX66JTJFCL7TDYPWTQ,B0864N9HRK,4.910561554609579
AGXCV25HDW4JXI5QQSJTIZUHPRHQ,B01CQQMLKC,3.5086512681105964
AGUS46T3NLZERFSFY6634ON4HETQ,B06Y2W66F5,4.12247369690996
AEFCFMUN235NIXAZX6FDFT2JUEQQ,B001C9R5P6,3.796931043761274
AF7YHF2VCYZJP3ARK6J5GXZ7HZEA,B0928HW2P4,4.946069046033665
AHLKEQRAWNFROS6AKMQK7WACLJZQ,B07YJZGP5X,4.78150409414534
AGVKIQJCRMTLZWG2V6FTD3E4ZZDA,B08SJY4T7K,3.963425105936211
AF7E6RHOZNHXMOTVQVTGVYETOQMQ,B07DVX841V,3.684343122355753
AGVM3U55VHWHEJXRQ4IKLK7NCAAQ,B01BLE4SU6,3.7352545174250027
AFJN3DGVOEXNJO4IZLXQBQXMYNNQ,B01CS87RGQ,4.571856219158095
AHNUN6MBXIGLPXDFX57V56LB3D6Q,B08B3L6MGL,4.480897748543576
AFAFGXMIMBAKH4MT77XPTTHE5VUA,B09NXQ86L1,4.568055689356408
AEAERSACQKLS4M54KOWSSPJVWHLQ,B07BVDGFSR,4.6498079142202435
AFDSVXNRE2LCL6KR76GDPSVAUEXQ,B0B58HH8XN,4.861791241660619
AH7GTGJLT4EWVEX2R6FFKULCNDQQ,B00CPLODUU,4.216191852467768
AEGAK36V5XS6MLBKBB5HGZPXSZXQ,B07B9W2XFS,4.393333712301314
AHBGT6Y2NTDTMPCV4OGK4BJM7EYQ,B0B92LPGD2,4.655787917924924
AH4EBXBCNHNVQ5MKFUO62MZEVPKA,B0BFKKVQZT,4.587443588194498
AEPI32BVUBYNYBHBEY3IFIQF4CEQ,B075FSQFPY,4.474048387971379
AEAO7MGTW5ZXQBBPPW7ZW5JU7OFA,B08BJ37FNS,4.44574699510259
AFSMS4HPP75DQULTPV4E6CLL454Q,B0928JXFNF,4.461923054956211
AF56NQKSEMS5Z5BSWD6YFOBFJP3A,B00JL5I61A,4.658891283835688
AHMUFF5EOXLXLQW54WQMGDGWVDSQ,B0C6HZHZG9,4.634226867065351
AE5GKEAWEDM6RG75MEOIXB5QPZTA,B0BLLKKFR8,4.237773770599944
AFAJZUT63QMOLXZ657YAISCLHBYA,B0BCK6L7S5,3.9518103297624902
AHQEBEMXOE2LUB3GSASWX7MENGIA,B0C3Q29DML,4.824775927312082
AGYVINGW4VBWAX5UHWUCW6AEJSWQ,B0C53Z9TDF,4.868516572374588
AFIMFNL4UWGNY3H2YOIA57JYINYQ,B004B470XG,4.819272202166493
AFWRDEJJALWBO6KHOOBCBY6DAXHQ,B0BHG58G2F,4.6670505399252225
AH2H6UZNEA477XOPRQ3T37WXMBLA,B07KDWXQ84,4.543615849742721
AHEDCHTTKJDLZZ6Z3FTYKSIWAJMQ,B0BCL4K9GF,4.506158610963688
AGKANGAWO52ADFIGSOFLLBIV6TCA,B0C5PRQ9K6,4.838935132981435
AGMNAMH77QXBOAWQRR62V3NMOZ5Q,B08GPH33QR,4.556158299171516
AE5IB4R6UZSREN4KRIGC743OIZSA,B00BKXN9LS,4.518830945768675
AGIA3ZNA7OJDRHNPWVATX5FDCEHQ,B0B2YZYGMQ,4.257862309042702
AE45WDXXXZ4KORRG4QC26I6TNVSA,B0C62DP9WQ,4.4145221489493025
AED4QAIZU74PMJLMYBF3SY55EC4A,B0B58JSMB7,4.490911701360032
AGRPTP4PEIYDDNEBAQU4FEY6KTNQ,B00WJ3HL5I,4.509271980352996
AHF7Z76TLU5TWM3UTOYQMQGFLFYA,B002H3EZMC,4.899096676353574
AF6B2MHYX44NXIJKLOQHXTUE54EA,B078GNPZ6X,4.898578886322028
AHVJ7UVESCIEXJDPRIYMIIBQEM6A,B007X60AZ4,4.862683092067101
AFGDL7A3J5VVF6VYJRHRJ7UKTSGA,B002LJPL5W,4.4583052845672295
AHLM7WOXORQPFRE64ZHN2IV52REA,B0BT84L827,4.849701258705856
AFWFHC6WQSA7LQZVY4QKFX62EHOQ,B07B4ZZVDV,4.94936338471439
AHPCRMQVQYOVIYGCFBURHPSW4LPQ,B07SG2SGZ5,4.030327698653403
AEYN2ATYIHPXKL3JEC6FLXK73JAA,B0BCHG293C,4.875864807833864
AFBXPXZXOBJZI7N33THA2W5JGJEA,B0064RTS0G,3.9576393007620405
AFC7CN3GHCUXCUS6EXYASLDZYS2Q,B01EB5SYDY,4.936261614898497
AHRPOGWS4FDBIU6LHAYGE3FOMEVQ,B0BKZ3GCGR,4.23232713084986
AHSRMNZAUSJKKHQM2Y5SFLXPXYEQ,B0C5CTX5LZ,3.8813236149831574
AFX66HHUFOEYU34TWTIJ5G6UMUBQ,B08R5GM6YB,4.569007639197665
AHXN24SQSFO4TJAXQSERXXGLO5FA,B0B8Z6HSK5,4.593186241613264
AGK6REQW2NDSSDVNRVXXCNEQZMEA,B0BPJ4Q6FJ,4.879074465930756
AHMY4433RXWWWIPLL52FFK3KA2BA,B0872CS1BX,4.9005234414652055
AHT6CZ4BD5P4I5VNBHCIT4Q2XIOQ,B09BF8XDF4,4.785925003981239
AG5FEKWGQDLOPZPCCVTDEL5TWMLQ,B0BPKH4HB2,4.56462975062256
AG5NEBS3VFNQPNWGGXYQNRNAHQTA,B0BCW884JL,4.477261523018502
AE4X6EDOWQIX7OUSMRWSAHHJ7HAA,B000J4I9VO,4.265009185225546
AGHARSG3LRWDNOAM3HVDWKJJMS3Q,B0B16WH36J,4.943040889445346
AGIORBOULYLRAG7GKTJGV5YEEMZQ,B087PKH93S,4.364233768513767
AGFSPZ7XOYCABXF6VYXQVWQRMO4A,B00117TFL6,4.634478004736106
AGLKS7VMMPLSNP2NANAUOBZBHGJQ,B01ANNNKMI,4.258244111691973
AGCC2TT463H4XT4GVMOXI2DPP7AA,B0C9NGP88D,4.228737187512651
AGNDNH6DN46HBFSB5IAFHIOO7DKA,B0095D5BF2,4.396994315496417
AHPWO7MKOQMC5DMP44MVALDZKWUA,B082WVKSNG,4.565917247873683
AGVH6XX42P6SIONXKWBKGJODPMTA,B01K9AMG8E,4.555294135872288
AFVYTABRIESKZ2WUA6XLENKB5QCA,B0C6K471PB,4.043342660996762
AF6MPNSZKXAGY24F7BGTGH2LZI4Q,B08XMGNB3W,4.6297148317048595
AGARMVTKQUMBK2XJH2OSGVOBCCCQ,B01HCGWS2W,4.806580068909687
AGMDMA6XA22SNTEHKWHFQ2D2YN6A,B07MZYNZ1C,4.69056242517232
AGC5BK42YHPDHB5BNMKTMADPBURA,B01HUCYOXE,4.687958768521762
AHZAWZBAEVLGKNBGGTZII3JNHRGQ,B01DE4DPSC,4.750054134355823
AG2CPGYQOVZMGVEZ7QPN5NXB5ACA,B09397FWYW,4.909926294194112
AHSRMNZAUSJKKHQM2Y5SFLXPXYEQ,B00GESEQ4S,4.2518366941868715
AED7CZI2A4UFHHKBLM2T55BK7W7Q,B0BT9R8MMV,4.348805685566497
AGZXSMUGUCUPIHVCQ6DFP52BVPQQ,B07NXZCM9S,4.669634524692423
AH5MY3FGKF67EXOLB7S2NXQBBIMA,B088P5X4RQ,4.751908294731933
AEI4IG2E3DB6EG77RG7QTQWIO7PA,B0BKZ1G3P3,4.636227644230804
AGZMJNIBVOGUJC5VGQ3EXLRUINSQ,B01HFRDEI0,4.759218351070457
AECLUCEGCHCODEK2QSY2UZFESGJQ,B0799734T4,4.716470027046114
AEVSTHVHASQP4BSETOKS5L42ZU3A,B0002H0LDW,4.350473067646993
AGP2BAEBBIE6P7XZAOAIUFYCEHNA,B00PZGTVAE,4.750863806057417
AFHLVH6VXUGE7VFXVZHQ5JEQWOCA,B07Y6TSTS2,4.705420894950137
AESDNHQRRZEWTZF7A7TFFFTSNY5Q,B00HZH4D04,4.584811056242444
AEMAZ536TDHVN3TB7NI6AWRO2RFQ,B08R5M2FGY,4.742831872708367
AHLVMWREGLYAOXZW3YPMPGU555ZQ,B0099DNZMY,4.328146795069225
AG676CNM5GFRUZQUFQCIWAWHKZLQ,B0012BPMHW,4.805500747340032
AFKXLVV6Y223XWWFAGFRH7ZG5AVA,B007BR5PWI,4.407494835591499
AECK5JRGPRBVXS5BV36PBXG4UVWA,B0B63DPVDK,3.8903503792893543
AGDR5UXGHUY2HYK276OUE7J4T73Q,B008YGONR8,4.685169356478094
AFKEYQICSZOJF2UUKZK6QW2P3C3Q,B07QQLLXBG,4.294275433408242
AHCIO4Y7MASS5GHGAZNOPPTXFTVA,B0BKZ3GCGR,4.455875148871426
AG52A6Q7CTQXG244EUIS7KWFVOGA,B0B8NXV975,4.2536795502416735
AEJ354XETZRIGFKZSCQ77RWYN2ZQ,B00WE6INNY,4.716912402161748
AEOAVQQMRY652RTKHFB3L6Y5TYIQ,B07DLBJKMR,4.2604955501539425
AHDPEFTXF4GWDD57WJRM5SVE5MDA,B0B9LKKBHK,4.513561028165863
AHUWTBLGZWOIE4OYFO56IOXKJMOQ,B0BSCF2FD7,4.8157003876771345
AFA465EKUHASW6EOIJZERMAKI66A,B01HRLREKI,4.741832399446924
AHIHHALU5BBSJTZDS2KKQJNYJGMQ,B07N1RPV4J,4.182697151066581
AEOF2U5P3PEPOLGFUQBHOA64YJYA,B0C3Q29DML,4.297012732117009
AEI3JK3NJTVVB6RQVVJXFYWBNEYQ,B08MTVC27F,4.732755728940803
AG6MB6ECQOKI5LMTUXYE7NCQYQQA,B08881TP55,4.369524831899696
AGCPKJ6ERXDP7M3AI45P3WMW7KAQ,B00IFOTSJW,4.866306242647463
AH7UMWKEKWHRAACBVZQVJGOP2DCA,B0BPLFP5P6,4.488828518050928
AFFPCRIHLQNCUF3UHZKFIO7TWK2A,B07D4QCBX4,4.337036179541991
AH2L4HXWXSECI3SMTHE6YB3T56KQ,B00E3X5USC,4.320960183018845
AF7IKYKBWRTMMRKSY6EX6XUVROSQ,B09V91H5XM,4.547800946801015
AHWRZNV5QVHOIMWAVYREEKJLKSHA,B002Q0WU3W,4.626093414220244
AGGU6YCHY6BLNPTJ2YAU4Y5IKJJQ,B008FDSWJ0,4.58778570469751
AFBIB5XMB27ZIUM3YDTESOKSLLQA,B093YKLWVN,4.5467726188054876
AFVRNSWCGZBFH6ZSULIFIHW55DGA,B07KDWXQ84,3.848819115778854
AGPOYZY5YU4FD5PJPXT3UFCRBK7Q,B0C3BSXX6N,4.622464734822383
AGRYDY7V7RLYLKDBPMIOCLIZB35Q,B076H8SGMB,4.21286182387316
AFWI2VMSLJZKN7ECI2GDNC3CX6DQ,B07B4XLP57,4.799958397619052
AEQFIGS5UJKWTXXLHOE4KJ32RYIA,B005SUY9H2,4.789167699164988
AGEIH53JJO4GZZVOM3UQVWVXJAIA,B00JER27MO,4.398679613545587
AGG3TGNIO4ULCWBMCUW4NHZZ4BGA,B001BYLWD8,4.514565882568819
AHE7II3TJOEA3VFD4GBUOSJCIGCA,B0BCXKYXVN,4.128150917574322
AF53AY2WWHOPWSOXUIEV6NFQLMUQ,B000G3MV1W,4.653581343737284
AGLTZKRU7DBJUW2ETIYDCZTX35PQ,B00YJ5C46K,4.690530655793706
AHRQYYKEOUWW5HJU3RNRCXTXKAMA,B01M7TE7LX,3.7520742419489532
AF72QOH3CCCECJGIBMH3ZZQZ3M2Q,B0BRZ92P9Q,3.554028170406261
AHTCJK6Q37Q2W33CSKNPKZGTII3Q,B002Q0WU3W,4.702890554236914
AEE6H6VC6RTWJS2RMXUJCDPOY6NQ,B06Y275GHN,4.004816641480371
AEZIWY5MGFWEIWELVGYQBFWPK4IA,B0BHSG5C3G,4.724106441395437
AEB6NY4IDOJQTFCHNUGKOKLXCZJQ,B08R5GM6YB,3.7939295073389
AHJYXFSJIGSKWCQ6IIB2GW5SN7WQ,B073RQ3DQX,4.4741720051447125
AHABCXD4YCPXXENKKC344EURZCCQ,B002KI8X40,4.765688742762167
AEGFQ5OD5RN4XKYGLAWEDH6JLQXQ,B00B5LDMH6,4.689754350014136
AF7X6XLGYRQI5U7QKL3ZMNMICILQ,B0BPNMSDGB,4.359755092320377
AF3FBHCAUSTHXGTODQONDLTDVQ3A,B01DN7OI40,4.8339609243468935
AEQFTHWRKZ2T2LMV47WVHRSOKZGQ,B0B3VKD9YG,4.6330881802074195
AFBYX46MQBPS42YYFRO6QHRKKJEA,B083KJ7FKH,4.485742442302271
AEOS2ALLIKEV7WLIPXWG2346HAZQ,B08P76P2K3,4.6238115389330545
AF3NOA47IJLZ3V5SQBOAJHUYDFJQ,B0BK6S8QDW,4.7942310063798015
AHLWBN3XMEJUKJQECDTG4PZYDI7Q,B01CS87RGQ,4.779783567002735
AHPVFKJE6V7RH7SNKDP5VK5GGCKQ,B0CCK4YYNM,4.144691270566431
AFDBKFO3VADYLJ73J6P57DEBPEKQ,B0928HW2P4,4.434077509386535
AET6JD7MK2QJAPGVTAML2L7TB5HA,B07Z63HSZ3,4.58031182271312
AGVBT7ERKE3PKMRFD3SC6ST3QAQA,B0BSR996X8,4.45933869916796
AFJQQWO6VAZCTTY3GXNB3SEUU34Q,B0002KZHTW,4.916357917059548
AH4MENCROTJQK7T4D3NVIK3E7KZA,B00B2N3XU8,4.741863304966561
AE6PGN2WW447FQCQ7CQFTCO4L36A,B0002GYVZW,4.111855039227239
AE4KCU73O4KSJOQKPLC5BG4B7RKQ,B07CQS5DJV,4.424490159038921
AHXGY5M5CQQMIEJZTSGIHGV7SO5Q,B0BTC9YJ2W,4.018433077172343
AGWVA2PPESBPQ5XK32DPGGH7KHRQ,B0C3PGFZ3H,4.135312424662477
AHFBAA35TCBSDKD6GKRIZG7IGQGQ,B00T275IR2,4.65324324468574
AFFCNEJLNMAUSBFDTVL7TDS76HHA,B0BJPLQDWD,4.579054153379975
AGENKZMKGVCQIKH4A62NSRPH3TSQ,B01MRJUB7Z,3.8636958708490856
AEQN6LLSZSPI4O7MABHJXYA53RXA,B00CPLODUU,4.044650644236955
AF7DRHZN7CDCVGL5PJPIADURT6KA,B0BSGM6CQ9,4.7319997197652075
AG24WNAXFQL7GMVNARKGAZMKBBJQ,B00I9FL3OA,3.826003139267481
AHJTAHSOTD635R6J2KKZG6WVR3BQ,B07S19XSPV,4.713370434175122
AH5UCNVRO2WQGUDHO27YM67VRUOA,B07S61KXPQ,4.517929744072976
AEXWONTZWMNRENRFG6ASVUCWNXLA,B078KTV8L4,3.8483258209116835
AFVSSJ5QSQBZBTAVR5XHF6UQQVBA,B072MRBN4G,4.127818113183265
AHENU2XO6JW65OCUTQ6VBDFM2ZHA,B0B9SJFKY1,4.894390110613525
AHEZMZ7VYB4BF2DE5QV4QFNQIWGA,B00BBPKZIU,4.318054460912148
AF7CC34DK36SQJS7WXI44DREGWJA,B076K32CH1,4.827792844480042
AFOWG7WVVQDQFY6MHOFL7MFPAG6A,B012VQ5A7S,4.650201444063036
AH7B7WKKAQETZ4U7ZIVHFR7IZGKA,B08N325W3L,3.8199842536757727
AHDONNGPHQ62BJNMUCDN3V6WQMEQ,B0BR2G8WYG,4.457720631303022
AGCVCVBQ5PECVBEARVIAQKDWKV3A,B0C4GJM9J4,4.616417796537714
AG5SXV4XRKBOZMKDGST7LB3C643A,B00WBCBQF8,4.757508595414791
AFHPDLXI5LH52OFLZSP4KUBTZ2UQ,B00X7DCM4Y,4.115383626786199
AEDCSOZMB6ZTI55JIPKJXEKB7K6A,B0002D00FK,4.586478550448408
AEFMUJVOH4TJSOXWZS2TEJXEGMKA,B0002E4YI8,3.7306735105843645
AH3C3NEQAIGMBODE5BMXKSRNDFZQ,B0B3VQQ6XY,4.1599765647408535
AFNHOWRHARD3M6T2NVPQ775AH4MA,B0009G009G,4.684861854904623
AGEJZX3P4KTM6A63XW7IS6KYAKZA,B016CKAVRI,4.710336342960391
AF6K6IGXD3OMCVNWQEP7CYUZXYSQ,B004MN9GWY,4.796993350123705
AF7VRLJZIRYWVNXMW2SAFC3LZWMA,B00WB244XY,3.977882090946527
AGPWTBAKWEXJIJLZXKEV7T2E37AQ,B082WVKSNG,4.476481271043065
AGYNPZM3W54EX4GURQLXCNJOT6KQ,B07MQK9168,4.646087081732178
AHX2MR6NLBEPURAZZUYFARJVHSEA,B083BT49BX,4.580331597928627
AHAE46AEKDCLIR564PEQWOO4H4VA,B078KX8YJD,4.791438465850012
AHDMFMMBOWVOTXAQMIV2KOPM346Q,B07BJ728GP,4.202613318868888
AGETR4QIMGHVFE3QCL3USO2DRGIA,B0049BKIF8,4.921992485318512
AHSCFIE2HGELN2X4RRAPIRZYZLDQ,B00F20MIC6,4.199825746381183
AF7QMGYZK5HO7NP62SFS3NFGZW3A,B00H35YIJE,4.712328971779858
AGB6YJDQ3IJ2F2RVS5GLNRHOKRYQ,B09CD32F7Q,4.7453249828324555
AE5ZMMF66YZVYG2JZLE3UDAGVYTA,B0BKZ61YJJ,4.9038205232697365
AE4OEJMTMMN67HAFXYTGCW5LDVBA,B08SJY4T7K,4.129712127107663
AGBQ3TX4QYWQQOW2DBADLGOJHQGA,B008TNAHXU,4.597036103040756
AGELXEQ7HQL4564TYOBFJSOPBAVA,B07DVX841V,4.509960703069959
AHZAWZBAEVLGKNBGGTZII3JNHRGQ,B001383XT8,4.68876701246398
AEZ43GMRWM7Z5RJC7MKYGQYWADIQ,B0002H06X2,4.736757404771604
AFO4VO3EMAEWPOST4DIAMAEB7ICQ,B071V3MY58,4.879780962608183
AE6QHO4W443XFTAAWORXJNE2DSQA,B000PGMSZY,4.697973883729558
AH44B5QNONVHQIKM4BOLW2YF63YA,B0B8M5FJ9W,4.853790853214671
AFSV7TNCJP7V2OUPWNVO6YWM2HZQ,B00WB242X6,4.162998166643549
AE7IRQM2JRJU6YZ23HD36B54LBQQ,B09PGW1W7R,4.719877952477912
AGFB74WQOHVJP4PGF5QOXM5CXYQA,B001XWD3LC,4.118289829010181
AFTPUNQ4NGIKJHIEUAFA3GQBUY4Q,B00646MZHK,4.9376471389703145
AHA4C72NXTSR4V2TQQUIBOQMWYPQ,B09H1JQ8L5,4.4586365367744225
AESEUN6IBHLP34ZCQFUXJ3ODEUJQ,B07CQMZVYL,4.47939152476124
AHK2NL4CMRVKTZO2ZZ2JFPES6WZQ,B0919GCCBW,4.017391471648358
AFPYPYWWBNPQKOGF3SANF3ZDQ6PQ,B0992VZVKN,4.035254385543583
AGNEOQLGQPD2NKSKBGFCXAZ3AW2Q,B0B3LJZXK7,4.6291698992644905
AGWK6CDT6HOBXS6JJEWZJUQRUTZA,B0002E3FBA,4.77342775185422
AFGFNA3PKGMAQWQVH5A4Z5CD2QFA,B074FL1CP1,4.638003147184265
AEY73SCG2WZ5KCSL5WN6T75P25UQ,B06XWLXCFC,4.028059942151477
AHLEUWSV62G45HPULLFAIUFLWEJQ,B0002Q2DE8,4.678754269201908
AED3BMXQT7LFTKWZCNTVOKEE4GDA,B07Q6Z5VK9,4.854827627135554
AE242ZZNGN76NJGBHE5ATA73NBTQ,B01N5QJ0LE,4.605865017382737
AEL275DNGFTFLIFSPTKDR6VJECUQ,B00Y4TY3JM,3.898296130481703
AFRGWN2OQMXTMFUCW7DBTJXXZC5A,B099NYHNRG,4.853030999287879
AHC2LMWC3UATTZVVLQCXG63ZS3SQ,B07ND4MZMW,4.3157156438104725
AH6CSA4SAY5PP6VXEE2MLQU2UZTA,B0010XSZ3A,4.1609803944050725
AFRUTEYFUJDAUASSQADZ3UQJHXAA,B08NVVLB16,4.965377383547214
AGVDWRJMULIAELDXB6WAOO27RYPA,B0006ZJ48I,4.386845677868382
AHWUVM45AU54BXX7DEEQTEHVPWKQ,B01CNAN5OC,3.9750805703603964
AEMPFCS7HQ2Y6NGNT77N7LPZBUXA,B0BQM98L6D,4.72596741318616
AHIZ52ZDJJRFKA2Y3AYLOLRJDSZA,B09WVFZPLS,4.090257499039082
AHP54DEEFACVFPIFX7KZ3P32ZYVQ,B09LSLS83Y,4.070540573405374
AG5IDHF3GQJ66NX4SUVVMD6AJCWQ,B08YJ5GQ9R,4.658767317092266
AE4PQQ2BQO6IGXVLTI6GBFCNC7YQ,B01N40YZZQ,4.140058863928548
AGMYRILPTJDOK7WL5OYHYGRYVXMQ,B01HFLKO6G,4.924179597504828
AHKPGJ5HFA4I7IKUHBTMOSFSKUWQ,B00XC2AQN4,4.602699941390902
AG224IRACLTGD3CO745GKS3UQIVQ,B001MQ9Y5I,4.728442700353968
AH5HQDMJMUHNEFQ6HSU5C7WCS75Q,B0179C3SQO,4.627689274917019
AFT5P5TGXEBFHQDQPSU7COEQGTPQ,B0002GY10M,3.849837500702992
AEHZ2XPBR3DD7KQKP5QLUMNEJEJQ,B000W348OO,4.799933265966663
AF4YDYJHJGEIVVUG3BHTZ7DCQY5Q,B01DE4DTAG,4.4743989684975745
AHW6YFBKYIN5XRPR3KVBB77LKNZA,B06XTW2R98,4.5196209102182525
AE6JEOKRGHXGAGA4FNO4YA6OZHNA,B09NLHX8VR,4.527403965763128
AE5VICOXJ6XHMLISRION3NBJ54OA,B07DK59QNR,4.742089398190933
AFMF64BUD7BO2FCMXDY6VYF65POA,B09JGR9ZG7,4.4679000585211925
AHIBMAOLVIYSJGHVEVN3TJLCAXBA,B0BKZ67C9F,4.882852963327823
AG34MRPZANUVEV5QIJEZ4JEQ6O5A,B0BCL4K9GF,4.512846722303624
AFBLIAES35IGAZQJZLCLOWAS3SXQ,B074WXM13T,4.675286264720603
AHLEUWSV62G45HPULLFAIUFLWEJQ,B008L3SXE8,4.780088494655903
AFAWEQ7RYCWPUSBA7SRPFWREWOCA,B0002KZB8E,4.457303217234835
AE4BRUKTU5WDWF7UTC2B5Z2GTZKQ,B07N83Z3W7,4.547250681736575
AHQGNHYEMY2THNZXZZJAT3VS4FIA,B000B6FADU,4.50063102474927
AHDXU7C43XRQRNTX4FBNY2YHDQOQ,B09CPZ2QS9,4.803596492965965
AGYEKWJYOPP3NHI7QRNVOPTOGTNQ,B0BLSLKBCQ,3.787370309208886
AEOG5GP4YYOR6T7H4DTLTH5VXEVA,B07BSSS8VZ,4.957761047545386
AH7TL6PVUTX5BIN72WT5G3DENC5Q,B07D4QCBX4,4.610740916640918
AGUQUN4TIWP46MPNHP5QOPOPRFPA,B00CALHPGY,4.576629923265276
AGC7CFOW5DZ4EX2QVNP6ZRSDDLFQ,B01JJP71Y4,4.114369050641553
AGBB2ZXVQGP55MT6EFSXVDRBVKHA,B0BT9R8MMV,4.743567507930653
AEELYEJTMEJC2Q7TLM6B7SODDPEQ,B09B45DLQG,4.504488191212416
AFXXPUL3WUJA5N7OHL2WSCZUJORQ,B0BRSCCL39,4.195308041027031
AHELCEBAXB4RHDYFRDA2BAY7B3GQ,B072WPD8MY,4.787624939192732
AFOLIN4WBEQKBXBI7TONI72PXJWQ,B01N5QJ0LE,4.206127903597128
AGWI452C24HVTPJSA7KWM3HNOUBQ,B09GF6NX3X,4.675137486808961
AF5XVNQXEWRDQHIEK4RIJU5JZGWQ,B015IJIO5U,4.517598018824101
AFE2ED3TOKZKTVVMV26F7DO7THZQ,B09DR91XCS,4.402583240315989
AFRTBHHXZAQDCTONAS632OGYDJOQ,B0B8YWPB3K,4.949267413476042
AEQGGWXHGCZIDMJB2Q5D4VS5TH3A,B07KG3SDZK,4.408624672986875
AG3XSRIN4MQBL2AUGOPEU6TGCF4Q,B09BF8XDF4,4.863164447485218
AGS5T2BWF5GLMFHWDASCPV5VDOEQ,B07PRBM1QJ,4.715860531806641
AGSIYEJTA3W3WHYOMO3GZ4LFDQ5A,B072FQ4D31,4.694946994095567
AGI3F3UMKKPXGAQ474BDITAS3FDA,B07JNKY9T8,4.723221848255123
AEZBBZPGTXZF2JQ6S2PNOOSHZFPQ,B0C3LKF6VL,4.337948175804155
AGKJNGVNDATZRQH4WSSN4OJSIQKQ,B00UTD0YG8,4.79323303440224
AGNE3LTUI7OD5OEK2K3K6NHMBUOQ,B01MG3QVCK,3.9474126227147215
AF37R5H65LWFM44HTVZUH5WNWA6A,B07RG6P3N1,4.626251316465657
AFSKOXGAKKYKA2UDMHUGHPPT7W7A,B0BW8L9WF2,4.481426411511946
AHXOER5GYRVR4LHHXTDAPROJKQGQ,B0046A04LU,4.292005828798489
AG52TQ6F7NLG5WBLIK7Z4QIKVETQ,B07D9NK1S1,4.562506668513544
AHVWPYPNAPJ4H4YHHPCXRX5MVETA,B0BTC9YJ2W,4.727145478551048
AHRJGEBB6MS7KB3PFZOXLGM6S5HQ,B00T0S0SPU,4.833512883230922
AGNVDPYCZJ26J44AIEI5BZ3ZPR5A,B0BHSG5C3G,4.115982015203007
AG7JPPWSBNXRF6BJXMCXYPM3ENBA,B003AYRK1K,4.883343259662576
AGELPWHIAKFSOSPQHTLHLK64XBYQ,B07PYQM5RY,4.253832674234339
AG3ONYTMKA2UJNUBSMMD5YG2NS3A,B0C3BSXX6N,4.497687299705458
AH7WMY3V55DTEND6PA4TH3BVGGLQ,B0872CS1BX,4.34183122415246
AECH6FKMNPEVOR27FIUZR75DDMPA,B08C9YWGNM,4.522921129367787
AGKSVIURJH4HT2U76B25XBTWALOA,B003XJ4O2A,3.6340612654250837
AGDFJXOHM2MEED3KPC7CRRLQPNVA,B07GBQ4LGV,4.2918822506194
AEVBHGRN6HBLVJIVMW75XOG3KGRQ,B074W6S6K9,4.903512000181147
AGHRTUDVQTCLQXO4QQ3PBNCL7EOQ,B0B8M2Q1DS,4.362437809992862
AFTU5SMQVGVFIYFGD26EO7OMVB6Q,B00X7DDGBW,4.241190537054106
AGXWPCGLCV23BLX7CDUE2R3ZHKQA,B09SH423ZY,4.654717407367676
AHJN4WZBHT3PRYJQOXM5K5TWZEIA,B0C5BMZ1K9,4.736320129113748
AEIJ5TAWHBJYV5SRKSYTO6RGSQ6Q,B00MXUIYNA,4.307290667359487
AGWD6ZH66GXJDVRNQEGY77HOYEJQ,B0010SHU18,4.475085221392849
AFCLOTB3P3EXMIQAKAZIP3KGAYQQ,B00T3SR9ZO,4.3618575873714684
AFRUEAFOS7NHZ6FXCVPJZS2N3W2Q,B0071NO7I0,4.091659083961021
AHMMD7VGJIM2NEEJVA2VZZU4S7RA,B074QKLW4N,4.650439162679378
AH4A5EHENGUKTMJ7CT4TP437BAPQ,B074VRW7PP,4.395486954582731
AGDEUEHXRVCWANF6PENBUO3PDUKA,B00VYQABEE,4.717414632572828
AFQRTUCR7DFM5VF7B22WKF7YEKUQ,B08R5GM6YB,4.4866748983421045
AETTWO5NLVUFBUSLI4ERXLEBEAXQ,B0BZQ1KTY1,4.595958268606455
AGKTBKXWB7TSHCSCALSFSEL36QNQ,B0002D0LBI,4.67408079354869
AGQR5XCLTZ74WOY755VEO22L6N4A,B0192JRA2A,4.286963404879327
AHFNLFAN42RAZONLGPPS66YTUEBQ,B07NF23KMM,4.85719570270634
AHKNE44SB2XXRTY5A2ZWFK4M7Y2Q,B001EL6I8W,4.659550050168489
AG6GUKKGVG5WSI6QTH7S6JW54NMQ,B01HTG4WG0,4.188409436286113
AHXV5FF4VTCGDLSZNOWWB3Z3MGGA,B07ZW9R1XK,4.548182927937589
AGGMEERVIX4WNT4TIQ2A2ZMTCCKQ,B0062NUUW2,4.435641402344403
AGPS4MKW2SPRUBQTEXHH2EM6V36Q,B001GDJQTG,3.9496235659055348
AEFJHW4IR337Q33F42JL3QMCMRCQ,B000WGJ71U,4.489068665323915
AGP7L5XOQOBUV4R3UZ64ES7F3YPQ,B07KW6VM9X,4.074923294364207
AER7II5DJUTMN7NZM2OQDRG7TMCA,B07CJJV5BR,4.653419713884713
AFPG7J4AME6QVSARKPXTOXWUR6DA,B075RB1KN7,4.43407281591496
AFUGO6TJPE6FMFDFFGT3UUTHTHVQ,B07MQJQTR7,4.698731782716145
AHVGICSVXM66E4SXX23PH7R3Q74Q,B07VPLFNYM,3.6999435239595564
AHA7W3VGHBJTMU46T2RM752HJY2A,B01DK1ZGSQ,4.7877950170837575
AHPASVFRV2SQFYLCAZSEKB4FOGIA,B07C91JT14,4.247988246495909
AG76LKUDAVTICNQWJZ5V4LILAN3A,B075GQ4YP5,4.105918550343384
AGVT5E2C6WNOCFYSLOCPAPBJOIKQ,B00IFOTSJW,2.992133009542564
AFZ7XFQI7X7LQBKVIIPVNTMLGI3A,B09HD48CZN,4.7864455932830134
AG6XP7YKD35LKMAUTT2SPLCKKXCA,B00CPLODUU,4.834233855395715
AGUAR5LOTVA6SHQBEM5NYSO2EAWA,B07Q6J4S89,4.402192093742215
AGFWN5S6I4QHRUDQYYS7YRLUGIIA,B09Y65YVMY,4.091828248301696
AHDSPCS2KLFJZYAWCB33VTXCBUWQ,B071JZNWRM,4.929479411626096
AFYF4XHHCBIOT52VMRZ6W7FOJAOA,B09TL1FRLY,4.567921914107436
AERXAGU6PAY74OIAVZQKU5ONB3NA,B003OJE8LQ,4.910925864367826
AHTDSZE4JNAV4Q2W6ARS6R7DSBGQ,B01FG29LFQ,3.8068008272632907
AF5KJIMQXNEY7M5U5YM43QPCO4PA,B09V91H5XM,4.827194825779608
AEOBE4N2IOVEVU7RAFPCVLBBFBQA,B08MVNHBMZ,3.9186045080701177
AGY2DCIBLZTHBQHNFL7BGGHKIMFQ,B003HGFRO8,4.93923824275736
AGULNOJI6U4V4FUK2EYV6CJ3H2EQ,B08BH7KHSZ,4.042281867439126
AFFN43XNWDLKRHFQQZJR6IDI3FEA,B08NVVLB16,4.8322380100564715
AEZBPDYHMCAJJ3Y6EM2ACUAOZIEA,B018DMSNQ4,4.159843957345608
AHD7BRPWD76N2HAKPHG7GQC2LQ3A,B0BLJWTB36,4.411262383506961
AGFX4QLI5ATB7UTCF225IURSJY4A,B08T2N27DG,4.561334415002086
AEDGH4ZJ4WGGFP2OACMNEFL6XK7A,B0002F73YY,4.739207785077564
AFYLZIHVNNEAOJTF5UPHYCNHHROA,B0002E57D4,4.31431779389716
AF2HAUDZBKQZM5XZ2DM4UPO237UQ,B01LXTBO7B,4.859336567142807
AGJBLM6O43DUUTQI52GRVVR6YDFA,B07MZ9DGMP,4.132007421047662
AHQSUITFFVARCQ4GGCH4EBYGOWIA,B009EM7MZG,4.456045179519327
AF4VXDAABTQBQVYTY66KGI3OQKZA,B07NDJ1HSG,4.709776910229884
AEJWL2VCYD5DYYK5KTYHBTRTTUVA,B0B52FBC66,4.928956062535809
AER6WLSJPBPNOZIQWVHQBVOKTNCA,B06XB3FQKB,4.271767005199338
AG6EDKW4LTUP3EKVJUFQWJTF3AYA,B09KR857F4,4.5766135417126135
AEST4VTEXAUUNNH3IJVJORDVZBNA,B07Q6L4YMC,4.917753625679502
AFVQQLENFSRWGERDSJAIIEPSGCIQ,B015XDJB9E,3.984874940773092
AEUQMRMTSPH4W52T2FDAGM2ES4RQ,B002GRBA2M,4.12638211833159
AEHUX7BFZJVA3DFYPTN4OCGUG2JA,B0C6HZ2BJ4,4.715894046505472
AHICFG7RTZ5XSIGBUFK5XVOLZIJQ,B00PVBOTI2,4.954487429226439
AFWS4PIMKK4IFMMFQ3X2X72MLFGA,B09RTZ26KV,4.602561154913914
AGHGBNYNCAABS3ZNGCSDOJIGMDQA,B081PSNDCV,4.344278542734086
AEA3NLDRDLTW7U6TDQT5GPQOOIDA,B00EB11ZN0,4.444723621061405
AHRPODCFJ7UNWQKCLLBKN6BQIN7A,B07C183K1R,4.345511614989839
AGRSHARPM4IR54RKYQXZB7F7D76A,B0BFKQ9QXD,4.186711851731788
AEWAQMVRQBUGFTQIK5FR52QZFO2A,B01LSHMR86,4.5307629503740845
AHVAHCU3H4OPODN642O4SRINRAFQ,B06W2NS817,4.429724039184372
AE3Z4ZV2QZYZUDS6XQHLH52JYJRQ,B09HCRTKL4,4.194646121261389
AFIZSMCB7TIH7APWCJ2AV3V6OSFA,B0887SDCS9,4.72442237291276
AEKTVFSI4N5H64XNZOKJOEBBYVSQ,B074WXM13T,4.826933352991745
AGMZDEWHNIE36ZAU46RRT2P2Y6VQ,B097Q9W8MW,4.463153547467937
AECVQSYPP6C7I2FYFUICHPYVIXNA,B07KDSZ2TJ,4.911323338225213
AETUAGATWF4MPA37VOMGRRBGKQHQ,B0002E520C,4.442271340894607
AFGP3BNMCLSVIVJJW7YKW26HL7AA,B0C54RRCKG,4.139973167605529
AFXVOM24JL7OMMEJEY7HEA7DYH3A,B08T9CCXZB,4.891807872142461
AHKEPQU5OXUSN2573LYB2VHN6H5Q,B0002KZHP6,4.630679738544851
AFTSORKZ5J7TPFF4EHDBW73SHI7Q,B00VU75AA2,4.2777630230816595
AGBW7LZUPMPOBV4LJ7LO3TCTRVLA,B000G0ATGE,4.569422887972776
AHYKSRZPZKIYUDQGKDW6667SQ77Q,B00CPLODUU,4.727349197046761
AHLWEN2DZAEXDCA35IPSMOBP3WQQ,B0836RLZ46,4.190055395487834
AERTVBSRSK6AA4OQEV7R6OUHAEHA,B0BCHPSV1X,4.348701184413677
AGXZ6KUKS2VXHYLLTS6W655MQQ3Q,B07MQQM33D,4.731551901310476
AEKXSP43WOJHRPOLIG5FUPLYALUQ,B0BR7Q74PC,4.380963715239918
AEISIG7H44OUAQQDNSLOFCIIK4MA,B00M9BSZMI,4.373141422508766
AEMF5UMRCEBQ6IQCEMROGSAIV4XA,B0BK5CXZBT,4.348228872761781
AEXH4ZE6XAKI4YMN4NA2NYJRFV2A,B0BYNM15YB,4.220604330141788
AGPYG5JL3SNWMJL4WZ4RUNVV6J3Q,B00G059CRQ,4.507764016341438
AGZTAMAUIY5SSSKSYPEBVXBU373Q,B0002OOMWQ,4.543151252471139
AF5XT4SZRB7BLH6FB3RXQJBPW4PQ,B0075DMYC2,4.720128680187031
AE23WLBRYKEC67DM43M6E2MF7GPQ,B0BT9R8MMV,4.743514668543727
AG5WE3XGSKHUP326YESVMB52VDYQ,B01JO7AEK0,4.170094499114933
AEDVFQGEMRPBB6AP5GTCHKPBH2UQ,B075BDNHZB,4.085266090195851
AGCK7XANFA53YJYYNHQY6MIZM2VA,B00HY657E2,4.274893274897343
AHEATNFOOUXTJU7NL3Y3GLO4O3UQ,B00JXOCJDK,4.711032722256437
AEOVNIHTK6YWGM35ZUSAFUIRH7PQ,B0BCMPP7F7,4.705547855759793
AEOWDZHMPA75S4CB4OLVC2357SSQ,B019IMEX44,4.038269129403007
AFU4W2TZRAXIM5JQZ573E4VBNLSQ,B004XDQFJ0,4.240644567026786
AFDRV44BJLVSWMXE6V5NZDYC64ZQ,B0B7896KQT,4.170287437722207
AGNTBJ7AAPSMV3O5F7THNJRKGM4A,B004XNK7AI,4.590065742180968
AFZUK7RCANY3O3S5Y4CUJ236A72Q,B07CPW22H8,4.563758539167949
AECRC2FDBKONKCHSH7GPRZ4M2CVQ,B073W2Y8NJ,4.931906488936164
AH7YJ7LV42LQKXZ3YDIRY6G4S3EQ,B015XDJB9E,3.998812910137536
AHNQDDX4XIZEQM66ZLWWIEBG7JOA,B00VEMPWVU,4.103456935325822
AFWRDEJJALWBO6KHOOBCBY6DAXHQ,B09V91H5XM,4.492987243150055
AEDED7TTPX3SRGVYPSYFLJZJ5UDA,B07K7VC41S,3.721960761445618
AGACWHSNB43GEOHKG2EUDLOSMIEQ,B09S2Y4MMC,4.841233586575585
AFXBFI2F5WNLTIOVDM5PKEFOAI3Q,B00B5LDMH6,4.361589573480943
AEJQ7YOQQQL6WAAGALAPQECSQHUQ,B000RLI76G,4.310765750406617
AFD4HEOW3XSZS3IOLY5HKDZA6UWQ,B08MWVX9JD,4.3582083304415065
AE7654C4N5SIUGLBWUVCZIIANB7A,B000F9J5GQ,4.213580916397493
AGPA33SKOCJTWTGFFT57MKFWHOJQ,B000CCSWQA,4.277543258070725
AFPFGEXYZ5C457R3VIQMP47RKJDQ,B00L0X8ATE,4.5254584209769755
AER3THLOZ7KZ6X6L3ACFZTTHDTCA,B0C4R9CTV8,4.473397416644495
AHLQVPOCQKVXGIVMZTJLSTMCS63Q,B00IPH8MD2,4.792454017924677
AFGWUUOIVYEBY6N2EBLZGZZQEFWQ,B0BSCF2FD7,4.434047132042869
AG344D46XM2XAMSPN4IGM4DORUHA,B082WVMFYB,4.423286235634315
AEFAKDENKTWXF2RQU6RTA7AWZZCQ,B07CQQXQ4T,3.9449999120253247
AHGYSJ5C6F7YUTGNX6EMVI5QLYUA,B08DBDD6CM,4.108243661138266
AHIPKIT25JKKXMUL332SVAWYAKBA,B0B2445LLL,4.978789665103927
AHHKJOSTEB6PFRPDSK6SXWFZI6NQ,B01F6WIX5K,4.344768976062278
AHDXMXSQPZX6TXVDHXV7PQWAKS5A,B004XNK7AI,4.774182411640449
AFU5IERTHDNTX7STHYPRFZFKHONQ,B0BPKTYTPQ,4.443025025150183
AEZRFF2AWH66Z7KRPON4YBGTPZAQ,B06XTW2R98,4.202952209548821
AHIJOIUM2UOE6QTENQKWZ4LDOZCQ,B077Z9HF27,4.377822332289432
AFTKKUXXNUYCGVEUCNH7RISTVX5A,B0C4FVS3L7,4.734941912529898
AHXV5VPSODDUC6ZHGPUDKQNXZ3YQ,B081592T7F,4.508989949571765
AHJTFIUDE3J4S2YMRXGTEHQK6MBQ,B0002GO8NM,4.903988693385447
AFVTV5IBZU7SCCUSTID3SQHYH2CA,B078Y89GRT,4.5254942671965805
AEWVOHW6H6U6UAJAUTKRSET4QFRQ,B01NAZMWZK,4.199171383746142
AH4PST3O2RSB2MKEQSQDVGGQ7LKA,B09857JRP2,4.92636486812498
AFYGNUWRCNB7ZVGFAQES5EC4IS3A,B09D74VBJF,4.243087285625068
AGVT5E2C6WNOCFYSLOCPAPBJOIKQ,B07NSWD8BR,3.014500698622364
AF6Y32ENW4DHLHN2AOT7DF3L6PYQ,B0002CZVWS,4.813911020148842
AGR6WMSQRGC5UIXMOIPSTOCL3E6Q,B09TXP3FSK,4.328959574111044
AGTIWTOM2GUUFVUU3FBFTFZBI6HA,B077PSQQVH,4.393556754636299
AH7LLWX47LHBPP3VAKO6MGTGOAQA,B078XDMKWM,4.940884826765347
AHI3FR2LO3SB5SALPSQEFYVAY5TA,B00JER27MO,3.4573484915337707
AG5G6CFL2C6KFLMBAEZRTQGHRGJQ,B000RNB720,4.142310359518274
AHRJONWXD46T3DWKR2UJG4RB44SA,B07NDJ1HSG,4.778384328000512
AF5VGANSNUJ6DMLXGIEOPGRXIODQ,B07FM97YFY,4.646210492131319
AF67IH7LKCKADW6VCGNFUKRAREAQ,B0002F6ZJS,4.550233166402521
AFDBBJTCNY6WUQQVIZ6QNZJEZBUA,B0C1YB7KFH,3.8458546001304024
AGO7VCK6FT7PMZ3MK4MI3Y7R55IA,B07T96ZKRS,4.665119205590759
AFBJYXI756RJ7PNDD6RI7SEIZAFQ,B011AJ8KHO,4.7713734306361975
AEVV53KKJFALWH75EY7LFE5NTQOQ,B07T41F22R,4.673894352198097
AETM34MLWJDDYMFNNTWXVYOGPCMA,B07N5NKMFM,4.882983335347694
AGSM4LM5MKYYD3CJPXAF3MIFGAEA,B00FQ10MWY,4.762530301834824
AFNN6U672YPXSWNPCBUXSLYBDQXA,B07D5W5X3Z,4.528117113269029
AEENSLZS6WAJQE7GRMNHI74TIYYA,B06XJ53JLJ,4.58004052412225
AHJS6QDWCAHL75QZJAGW2VG3SZKQ,B0019QABGW,4.667280552182448
AEWF4NEN6QUFTMF4P4RXGC7BVJ6A,B07RSSBZC2,3.7502876926293043
AFJCMXTTCBPMARCHD6EVWL5WW2YA,B08XMK3D28,4.145826511763758
AEBJ66PMIIS3HX6ITE57SG5HQYZA,B00UJHFD2Y,4.285156418765698
AF7CC34DK36SQJS7WXI44DREGWJA,B0B81HB47Q,4.628662551301961
AGFFYBEJ7PPHHQE3CXR6B4FBS6CA,B07BQRDVYJ,3.884031791963522
AGRHJQVFM4WWYZULXXSZHCCLUMRA,B09M7CK2WK,4.417369167497364
AE53AVIEMEFU245TVANDSUXTHP3Q,B08PZ5FQ3H,4.479307804793098
AF2P3RLNKQGTDFRBGQPS6QKZC3FQ,B00L1LL7DQ,4.801076134263236
AH7YS622MC7QXBBAFEBQLY6PVTGA,B07SR3TDZQ,3.0733275972060325
AFVZ6EHLAF5MXXRU2CHNIKZCTENQ,B07KNJSD49,4.570888016485068
AGGF6WC6ORV6VV6IBPBPS7VDPREA,B00LCY77NG,4.749202607689799
AH7KUHFPD2SO4PZCNXVSY3XRLTFQ,B0BKZ61YJJ,4.728854411021492
AFITBSL7YZ34TYWR4E7I67ASN27Q,B01MSVSA4X,4.133433825726385
AGGWVXEA7MU6H63OVAPUL6XX7JFQ,B07FYYV6Q9,4.741320107022188
AENFQD5EQBOPKB6TB7AOAD5QQCOA,B09857JRP2,4.7572503333417515
AFROAABFKVW3IEIVRSHAIA7VR2EA,B00USQY0CK,4.550537117336447
AEESX3HNU65OOFXP7VYMTQG5OZLA,B005H2007E,4.459068286188316
AELDUQBFBGYWSPXFJ5Z3HJ3YL65Q,B00VYQABQ2,4.410533163910946
AHGPS6M64DTATP53YBSK2SPY2QOQ,B07GFH8NTB,4.818021276730249
AF3Z6NIK6HCVQSPUKRFMHRHLDJOA,B0CB98SMQR,4.804269955494865
AGPWFIBAUZAC3CMJUD73YYJQ22OA,B01MT72S9A,4.134392101081346
AE2N26XNOMBRGFNU72Q4FOCZFA7A,B0BFKN9P7R,4.437188508506191
AGRAOA7QVG7JT5JIVSEO3ES54HBQ,B000J5WB4E,4.186287646016863
AFN6HSXIFGJROQZ2NN3FSUNNM6QA,B0039ONN5S,4.323012040912397
AFQJYVZJRRJKT73QEQYX657RRIOA,B09PWCF6T9,4.435469402452546
AETRLZMHXJWHRPFLNPAT5KWVN2UQ,B0B8Z76J32,4.484516026028599
AEG6OB47J2PRTMCZ23S52PWW2BSQ,B0713YCK3Y,4.1233157954694715
AGYVIJCXTIRUKHIIJBRWW4ZYCCRQ,B08VF4K987,4.844882585047273
AEHZLERK7MKZNMJ73WK7HN3CCS3A,B0936WZT3J,4.627752965298507
AEK46MKUYWGIC32UGOGJ5XNCHGUQ,B07KVT68WY,4.471163063567094
AE2Z3OU36GTOAEVZNCFHULNC4SEQ,B07D9BW8ZT,4.756482546804601
AFNKH2Q4B4UWDWJN73UODTARAN6A,B0BZ166MLS,4.7628309528627035
AESVFN67IDLTGZUQEMSPJAESH3KA,B0723D2759,4.792156745756758
AHRYD3RNVS6Z6KNQQFLIOI3XLZ6Q,B0051IE05W,4.398496630676231
AGE6QCQA3IDXEVSSUWVWNIGYVV2Q,B01D42PQCW,4.597215707777368
AHWAYCEX3NCWJD32JTFVBFXKUHOQ,B06W2NS7RW,4.89007104381742
AEK3J4P3VZSXTFCRPYKCMRG6562Q,B07N5NMWXK,4.790725808463766
AE7WTZD7ARI23J6UYS3VD2R4MKBQ,B0050P09WY,3.848959010550546
AFG7GOJ4XZ6MQA7EXJQ6BCK3Y2YQ,B00DJWO85E,4.947708281021612
AGXNHM6FE6RNTARQVPQSHUNC5UYA,B08P4W7NFP,4.008945536932494
AE5GU6FB5WPUSX37JGGNXLS5MNLQ,B07G8J1XQ3,4.608094290330792
AENPMEUT6ZWW3V3QVBLKWX45TG2Q,B075R58Q4Y,4.480631481828695
AF5XBYLOZUWJLVK7F7ZQDL6OZPJA,B0002J6H2Y,4.26176078893454
AGRANUNQRSXU32PTYKNNGLT4QGUA,B01DZ6FBBI,4.370840140545339
AFWYJRXR3ZC5QWD2CPDL762HWI6A,B0B6P55RBN,4.3342508981512005
AHO5LUPMSZT2ISIN24MT3W37CYHQ,B015BKBGZG,4.554910295355199
AGDLSEHQJIHHVM4WEZW4TZ3UP2EA,B09YW3PJ7V,4.747697545986755
AG2BNWGHZ7E53YD7US73TKEQY7ZQ,B0BFKQGWZ7,3.8170755737604805
AFES2HZGVZLGZO2LNH2YRMIW3EYQ,B07MC4N6P9,4.462979488891295
AFYRL4FOQ56QKA6VZOBVMIKVYH6Q,B01N40M4KK,4.805397656041023
AHTNI7C4ANON2I2LZVL7KDO6PTEA,B0BW41MRGK,4.720812256664955
AEQKLE6U7TJCGBHR6ZJGSYBK53BA,B00JA8QD40,3.491936832227414
AHYAJSJYNJNYY675NJFTNOQE3OQA,B0B8LWBTH9,4.590619577612129
AE4CLE7HXMRP3XPZAHXEDMYCNEJA,B01199MA9Y,4.550771041829473
AEC22VJTGBP2NSSEFFE4436KBOMQ,B088GF12PC,4.0798854101497675
AEAPGDW6CTHQ2YHAEVPWOU5XDEBA,B0BPNMSDGB,3.7654725607950237
AGVT5E2C6WNOCFYSLOCPAPBJOIKQ,B003B06IMA,3.049240162368654
AEYVYN2QKZKKFTW2LNJG3QKFGHPQ,B0BWXY17MT,4.81518808901854
AFEPLHWMMPUHJCXBCDWHIDLE2A6Q,B0179A4ILK,4.3692311206703565
AGWWFKFSK3KYPQFSEOUVAVCDFBKQ,B0C4SQBLC4,4.80120946674606
AGENT7K7THM6Q5VKHKH2PUACREHQ,B09NLV5LBK,4.177211996279882
AGPWPQZFGLIGJJDQR3WFVKLODSUA,B00AQ4U76M,4.037087425322769
AFZ3C46427HBPAJPNFHWADDIBGXA,B0BKZ685H4,4.344621909000994
AEXHOH3UTHYIRRTX6U7LDAZHLMPA,B07N3Z1289,4.795351545362713
AE4RQ6OMDFEXLU5Q37ZQFW524J5Q,B08T2N1WZR,4.689780323106863
AFFZNXPPX2MF7F6WSX4KYASX3TLQ,B0BT84L827,4.916510402531932
AFOHCSWHO2N27LSXIATOMCFZM67Q,B01LMDLNAY,4.697628618591651
AGZB437NN6DJ6CBJLPBIO2CG4NEA,B0B626J6MT,4.346203775749627
AEPBPML6HZCNA2CN5QARQJCIIHSA,B000EB68VK,3.6493959952028883
AHNG3NRGEDYO7E44QMYDHMBADPBA,B0033PSLSM,3.513422116925584
AETKHJE5RREYGLLOHPOQEC77ECEQ,B08JMQR2JK,4.699892689296739
AE74LXAR2UTNMY4Z4ADURC2TXWQA,B07MG8PHF2,4.806936889476814
AHEDE2SI6D32L6OKL6B5QCB42ZLA,B0BRWSYSJS,3.838281419181701
AGJX6XVM4R33WWI4R4PNSXVFZ7RA,B0002F4V30,3.938794202161758
AHPSEAIJQPOW7IWRQL4KH5ZM5BMA,B07WJYTDMH,4.72409938602998
AGAVAGDERIBPSIQPFQWIC7URSNOQ,B094DT88S9,4.859448549530246
AEN4JVIBT24RAPMWEHX7UGOX5CMA,B08GZH46GW,4.5976282312360315
AHGEZE3BVNV4PBLJHQ747Z6FUIZA,B0183ITSB2,4.587731170228317
AFKC56ZSSFHF5XCYFFY52C3ZLFZQ,B0BDMP3CW5,3.9128411552091413
AGX3GMJ24TNG7OZWWDYSXH46ATMA,B000T5PPQA,4.1466680600951165
AHW2G5R3FA7BBXBDIIGS6HFWX7LQ,B072235GXG,4.634898529450892
AF5OTK7QRYLFXITBWKD5AYH2Y4BQ,B0BXX3MYXT,4.943834069112617
AEZWVY7SNYXITG2YVXG4CWWGKJDQ,B0BXBG7VRD,3.956304956332278
AEVQYOU7JYIXIVXIUDRSOSGWCGFA,B009A3JEZK,4.530274238138995
AGM6T4Z6E7NEWKUQIW34DDBHYT5Q,B0002F6WR8,4.918252852155042
AERKATJE467MEOYHBLICXUTG2F2Q,B075MRW285,3.9737346451674314
AE5XF7B3YXXLCP2TIYR3A5WXZR6Q,B09PWCF6T9,4.4716229024525465
AEMVIRJQCGVVYBFMIGX5UNRGPRWA,B07MFYHKLH,4.463764380368221
AF4HL3ZLQ4TINY2YWENTVTBP2ZGA,B002CMLQ0M,4.160900423311153
AFAJWSAW4JGIMIWNK5VQH36YKYTQ,B0BT2RP11L,4.662198669344452
AEP6P3KJKABIZ2XBA3OQKRHEB3WQ,B06XWLXCFC,4.648996889451045
AFCIVS44DHRDBJKC763CZ6ILP5GA,B0BKZ3GCGR,4.597320001695497
AFD3SUBU6QV4WG3FUYMQNRHKHADQ,B0919GCCBW,4.435757317113144
AGTFEXWAKKGB3P25NJU57G2JXWNA,B000EEL50Q,4.294454282298242
AFIGN7XBI6JWQG7G22JQEDZAAOUA,B0BCXS7X26,4.596941786564505
AEZVM4MTRYYVQHX3O2HTA4LSPBZA,B0BPJ4Q6FJ,4.781804189705532
AEAU4KJFIXGZODX4R23HMUVUZV7Q,B06X9KG3HW,4.9140398666055045
AFNC4AEF5EWJOT73I7V2LKMWOOEQ,B0C61YQFHH,4.369164978918002
AFDAU5M5NRUN4LYLI7N4YROKYLWA,B076LRN23J,4.738772368741291
AELAJ6D4JXOZ25T62VNQEOERFWQA,B07QQLLXBG,3.779334734364945
AHBK2MB5HZGAIKP2DM3VUCOOQ23A,B06Y1KSVDK,4.695026598380594
AGHA4OJMCWUO27UTPY2JHNGYXB5Q,B01DE4DPSC,4.782931125435592
AGNPXZERD2EQJICAHX2VHBRTDNFQ,B0BZ166MLS,4.790352333567619
AG6BU665T6DKOUYJQNO3IAZCJ25Q,B0BS8PZNGK,4.505029057045892
AH6ZOJ5KTN23MYCHYUMFNWCDDCQA,B0C6HZ2BJ4,3.7730510372176376
AFVCAHAMFK5OJQQPDJ5LUXH5FSPQ,B01MSZ25L9,4.417832082914671
AFQJVHDJWJR7MESW77B5XJ2CJ7BA,B01L3JPLWI,3.9365668433289924
AF3EBMSD7BBGXKFCGDHDT5ACGJIA,B01MF9H516,4.664458943853068
AGLKS7VMMPLSNP2NANAUOBZBHGJQ,B00HSP6KGS,4.374814664181131
AEIWCG52NFSOZUVGLQ47BD3RRCGQ,B094RD529N,4.604294740296702
AG65EMDZJ3RRQSYRZMMBUR7TBA7A,B0002E3AHY,4.934685373991382
AE2W7OBJ45J4J52CGH7OFWHQZJQA,B07N5MJDBF,4.862845263675469
AEZG4SHN6EDH7X2I4NPMCSN7MN7Q,B079NS31NK,4.549105582919117
AFO6XWHY7FAH6UL6LXPNPRCHTTRQ,B014ZYPT34,4.54120334161111
AHGXIQPLSY6BOS66R3V4RMEIM2OA,B01AAX6KGY,4.259576012916947
AFUAQQ6VNKIE775XCZXO6JWY4FRQ,B07T4FM8C5,4.264168326597185
AGGR6BAOXEUYRBR37SXH3OS73V4Q,B09RN6MGZH,4.649667806284207
AHJOVCWIY7VHL3GA544JONCJNSEQ,B0BKZ66FRY,4.75339058492367
AHQMEESXZDL2LPUFFMO7DDAXMMJA,B07XP6MHQT,4.616707018694182
AGMTCMP27WCMMXZ3R3FJ5F4KDABA,B07NZ14SP2,4.339097297687253
AGN5FDHWM7WRJKFO3CLNJ4D32U7A,B0BNCDVD4M,4.0876744842383745
AEUFKX3YWACB5WMCIKX3DQJK2EKQ,B079TLFL33,4.614652121750053
AHAMNFZUBWQDDKPCIU5MHVPCWZEQ,B00O2LT4F0,4.492421905767111
AFKCIJWTRGR4PW3KWUMWP7L5OIWA,B07BSZNKTM,4.358247582858809
AFGC3CVTWDXINUBXXD2YPCD5RHCA,B07P67TV7T,4.328447457259254
AEZEVMIL7CWPAMT462JJC2AAVTTA,B0002F73KI,4.832083129209601
AGKQIFYBIOZQGQ5EX7PD5SFVYCAA,B01NBOF5MD,4.395560216659979
AF4IJ7EGPU2LWQAZTYBA26KY4UVQ,B00TQZN1LU,4.0605008788731105
AHC32FZVPNMEWOEJGLTZYNJ65ZSQ,B076BW4ZRP,4.7781145208158815
AGELXEQ7HQL4564TYOBFJSOPBAVA,B0BSGM6CQ9,4.786609032323733
AEU5LBIAENNFA2SQXVQLFAT7PQ3A,B005ZV5K0O,4.532785098527343
AG3S4FROO422V5KP7DJCBXVUQLJQ,B00F3D9ZQE,4.197943558189728
AHOFX2QE5YBKLO6GRP5ATWGDH4NA,B0BFFTRRRG,4.189952994823637
AEU2O7FSZ6PPNCECOVQSC25OLJ3Q,B07175TMXS,4.581721972062461
AERJUD4NREPMW7VM26CSV32KJZJQ,B0BTC9YJ2W,4.572219330275082
AF3NJDOTMG7BRKDLV6UM7GHFC7XQ,B076346CZ9,4.399374424730441
AEKE5PFGZXJF7WY3UCLPX76KDHLA,B00N5TGXOA,4.752316597615862
AENOIMGIPZ2LPSOS4YCUUR56C3TA,B082285YXD,4.414429505703447
AFATIZMBMCY47EOUEPCV3TCNLNZQ,B074RL7WQJ,4.699535950279726
AF2QKTYLPEWJZVZCVOFYQZA2R54Q,B005OZE9SA,4.815801184097651
AHOFWP4LITEBFBWVQDV25AZK6C3A,B0BSGM6CQ9,4.656008155427495
AFMOXNCYTYVRTZKJGVX4X7NHOU7Q,B0BSC9T1BY,4.39781766223264
AG3HHGKGIZCIIQZ67ZGJ7SUBH22A,B0CCK4YYNM,4.294338138952325
AF3QU2YYPZLQSXRYSEGLWMXIOV6A,B072MLFW5B,4.000934433614684
AGRUH2FJR2BIFFEA77I6ILXY6P5Q,B01N6LKIO4,4.6455711583706885
AEZI7MUZKOSYAQITXWI6GWJC53IQ,B00WBCBQF8,4.8884164440567375
AEQDBGBIFHPMU6FFAZQ25U7BTGQA,B00346LJ2A,3.9602755998709904
AFHQZEUUODBBUMOO3HTA5B6FKKVA,B0749R51B1,4.833531644978795
AE7BAST2UTRFTYAP7V4OONCCFQTQ,B07KYX3S8X,4.951929667730489
AE3SOV2D5KXSUM3BXEQO7HXO55SA,B0BK9TXQ7Y,4.899156586704446
AHLWBN3XMEJUKJQECDTG4PZYDI7Q,B07Y9P1CR9,4.932542609654259
AHAOKT34FB2OVB7UTCVRRPWDFIOQ,B08VF4K987,4.422233916850861
AFTQXMXNFZAGW2YWFCH3SPHYIIDQ,B000EENHJ8,3.7780579667483707
AGNLHFQGCYCHERL2WXDOFMHWIIZQ,B00JWVVHAK,4.555652804162105
AGN7KMV3GSGCBANTJAKIHDQYEFJQ,B076H8RBPC,4.741824527385768
AHXNINWNEGPRI6RIHBQIDIWJCBSA,B0BPLFP5P6,4.376098850000431
AHKFANAOLSIEMTIM7ILBTUUDEFHA,B00DH4Q668,4.69041291951676
AFRHPTCG4SZVWT7QOV7G6TW3GXPA,B00RVE9X06,4.413890031076461
AFUZLLFBTEMFFNHEXPEMTWWFU65A,B00IY0BLB0,4.75202303033271
AFF5DXDGZWYXZ6BDDLOPFFPLKKQA,B0107BCV1M,4.774288389196672
AEJWUXWEO2PPCM2UOVJNN24S4MIA,B09N3PBT9S,4.114917489812251
AGQ5CAQDCCR7HN63DJNQBIYRGQEQ,B07ZCJJKRG,4.163888996859377
AEMT6J7LNK3BZYPCMUHZQJ2IN5PQ,B01MRJUB7Z,4.345878268471987
AED3UVQUX4DN4DOUQJQN3AR3QUDQ,B09VP6F1DV,4.646640840440223
AE2XNFCTZXR5ATG2B62NBED5YVKQ,B0BJ8WDC13,4.791235144759815
AHBUGHHFS3VT3ICT3XO35WJEDO5Q,B07MDT5WJX,4.782842406382164
AG5JSCSMRBS6A2UL3CSWQVUFAAVQ,B000Q847M8,4.598626269221386
AE7CZRB46NV6QFMFBV2KO773ZMPA,B00CALHPGY,4.682347016414225
AFFYR2A7MHOFGXKXOAS6NYCGEFSQ,B076322LP4,4.19463356642659
AEI6W3CJO4FEQT2UWAYWJBAGNJHQ,B01M5CXH65,4.775009332483444
AHAGDQE6VTTDDSDDIEOVJSSGH3LA,B0C6J1T616,4.5594240947060385
AHRMYVXZC7MK5EBIO2XL3Q2GGEGA,B00OYUSHJS,4.39848748401234
AHCWJFAMVFJ52YERNU3A6QMYH7PA,B01LDTXWKQ,4.488555584622457
AHLQVPOCQKVXGIVMZTJLSTMCS63Q,B09857JRP2,4.916419028108311
AFGQ6RLFIIRFLQZKIUMJNFZABWPQ,B07PPDY2NS,3.416513070892191
AHYW5HKXV2VYBDQKXWXZAKXPVMRQ,B08R5GM6YB,4.249235450980659
AG5WE3XGSKHUP326YESVMB52VDYQ,B088DT926Q,4.360483500438927
AGAGQDT6HCJJCPQQNXYWPTXKJYDQ,B0C5CT47DX,4.092951115108125
AGXFEN4ZCEDWOKWWM62WHABQJTVA,B071DH8PW9,4.459704292878428
AG477CZTN5DXXKI4PJQL33KQYQMQ,B06XJ19VWG,4.702413273241254
AFCESPIEZZMNAOIUYWFTVRXDY4NA,B01DE4DEGK,4.882745132961639
AFEYKY4PX6MMT64Q4L57K5VWZ6LA,B0088DXS14,4.2837889557075215
AEUFCTMP25QBJ4AB2AN5LKHR53WA,B0BPJ4Q6FJ,4.792294090091671
AHPPNXBRVHYJ4U5ULMVS62PKMWWA,B08P4W7NFP,3.8561536189673618
AHC7I2RQ6MAL3UUOMHTOVKQQX4GA,B00WJ3GS16,4.617001800045955
AGB3CWNAGKSYFS5HSMIEGF4MU3HA,B00OGMD0VE,4.682077374538737
AHQQRRBAO2QYRA5LG5E7OJYAQE6A,B07K66L4VL,4.929220133089278
AF3NJDOTMG7BRKDLV6UM7GHFC7XQ,B0027V760M,3.931479638273032
AHJOGKL3G262UFCW5UVYX7TOJ26Q,B0C67HCGBR,4.691625908591094
AGXCV25HDW4JXI5QQSJTIZUHPRHQ,B07NKRZ1KQ,4.700967901992835
AHSJ73XC3DMN6FGEHNJ6HI2L2WLQ,B0C9D7W4SM,4.415666077949163
AHCDQKCODVZFMU37AXNWP4ZO5DWA,B0B9XP5VFW,3.9337265788939364
AGDX76QOOHVAXJJMSBNSJHJV6LKQ,B00OGMD0VE,4.709499251684678
AHT2FXCCVPDKKIMQ6S7AVHQ4ZNSA,B0B7WSSX8T,3.4768132151685496
AFUA3AH4YS6GAL2QJCM6TLUMIPEQ,B0BM71QK8M,4.758176318793352
AE2OU3FDXOGNHVIXGRKRHY6YTMMQ,B015JTEBN8,4.706768030869904
AFVSFT434NS24FVRSL3E32JMPNAQ,B099NYHNRG,4.924695573105819
AEY2D6S47J7ZNE5B5WHDGOMTBDRA,B0BRSKMZVV,4.827038486049579
AE5VUD3ZALJSYNWAHP3AEWSFJQ3A,B01LVXY4GF,4.7829554001878964
AGODDVRWGAQPWOIVFD4V76XIST3A,B0BCXRJCL2,4.181156664212857
AF67UFXPM24ELQQMDH7UVQLDRJVQ,B07YMGPV7P,4.6133647744071755
AHTWAINQI4ZDZA7GPISHQGC6LH6Q,B00INK6PIU,4.770858639583724
AFLCWNNFONDAF7WYBT6BHG22ITRA,B09BF8XDF4,4.922325162276862
AHOPM2RGN6VXHKOR2NCYQ6EGTAYQ,B085HGYN4C,4.91713362772535
AEIPLIP6FHRY6D3IMF4MM4ANWLYQ,B002MWIVNM,4.906585571341828
AE4XDOLOLDHCE3JLFPIOCU2CDPVQ,B0B819R6CN,4.257113006875299
AG6ATLCKETNYRKL6GCQV35CSSGPA,B06Y6BCX7B,4.337997066314348
AE2ML65H4XYB6KGEUWIPA6KQJXLQ,B000ARHGSC,4.566217978635944
AEH7IOTDSZGSZLE74R7YMFXFZD6A,B0B3NJ1TDB,4.720095438880456
AHYU5PQSGXDZ6V7F6UUG6LX5HJRA,B005H2007E,4.33837138292658
AF3XBNK46KFV5SZF5WYV6Z4EFIWQ,B07S1SP7LY,4.400493267068999
AFQY322LW2MXVICDXMZ4QFWAGP7Q,B0B291RR9J,4.481369328106954
AH5BGSPUSM5ZKUHBSEHRDPDSNLJQ,B004HR892I,4.880870848969338
AHSZYTQBIGNBWEXCZV4YMR3A5CCQ,B003XNTQWO,4.7586829507995905
AEO6OEASYX5JVYAWEGXFZ5UPBDIA,B08T9CCXZB,4.944987127061605
AEL275DNGFTFLIFSPTKDR6VJECUQ,B003Y5BVN8,4.06137823939146
AGGRZR7RQQXUDJIVEWFEBD2CNTVQ,B0BYXJ6JKZ,4.688130093474963
AF7HJLFM2MIP6HPGUFFQFRPITXDQ,B01FS4JNVY,4.505150915259284
AFJC44PF7YHE6P47UU5LX2NDOEZA,B003B07LI0,4.609742222428192
AEAFJUXBROINGNN4KCQGS3V2EMAA,B08HHVYGV5,4.119070195890792
AEOWIXLCWGPLFJ5FAAIVMNJKZTSA,B0064RTSUQ,4.81441227966172
AG5CLB4M2P4GCGANQS4WS3JGHFOQ,B078KGLKH3,3.820284154068565
AHKFXYFQXGWQPZ22R34O6P6YSMBA,B07CYRYQ8G,4.792507680469747
AGTIWTOM2GUUFVUU3FBFTFZBI6HA,B07HKYZTX6,4.933162371197055
AGKFP6RGI2I45OUK4CHQ3YZO524Q,B09V91H5XM,4.475646576377107
AESOEDJVQQA5P7WROKE4ZLCMD7CQ,B09TPZN5JJ,4.252793316634011
AFAQBC3T4TZUBO2BZJFSGQX7ZT5Q,B0BXT6TL22,3.888647856077654
AGNAP3VRTXIECI3MGMEMF3B6V4XQ,B0BZK3X11C,4.03018299200989
AHXC7JEUXRETZUDFXR3SAD336P7A,B015IJIO5U,4.259581666112272
AHOKAI6XL4KDSK2EZRV6J2XDIXLA,B09857JRP2,4.919692020629919
AFQGRZFAOTLBDPYOLT462I732ICQ,B0B92LPGD2,4.751712788950462
AHXRF6W7ESUNDFKBSQJSP6VJ2F2A,B09T7NX5K7,4.4306655607405645
AE3SKTQCCNKB4GYG5RUDUJCGXQCA,B079QHC29R,4.32814258467392
AFI35SPJJX54G2T3CW4CRH7D3WLA,B00CP3GQQW,4.57311984497373
AE2UV6XH56H44OZBF3FY3IBS37TA,B0B56MCNBL,4.610664942495635
AGTQQMW7HNFMXJILBOBFZAAA5D5A,B01LXTBO7B,4.754035742086461
AEISZPMG4E633J4IM4ZGFLUVCGWA,B07FYL7LW1,4.8869847178763415
AHGPT5QIALNVAPT4FQBEUBWKEHOQ,B003YJQX1O,4.281766283125945
AEJHSRQR2RW2BG4LUTTZMXBCOJWA,B07FYCR5H2,4.933859973561958
AEMF56577VPVKT6SBZRQROSTEL7Q,B001V6BW4U,4.909648982256023
AGP4ZPYZGTJEYLYSKCQJBE5WYGSA,B0BJ3B8TXN,4.582455566617375
AHYQKMLIXHKFDHC7K2Y4JXM4YLOQ,B00M53H80K,4.542390535164092
AGIS7IZ2KTZTD7RYTKZIYAKIR67Q,B01GGUTOFE,4.48337465154174
AHXOER5GYRVR4LHHXTDAPROJKQGQ,B01DN7OI40,4.250567572213335
AGY4LSANTCTFGGXVHUO6BBDARX7A,B09WVFZPLS,4.513005454890823
AEGCEISD77PLJ5CDAXN5MLL4FPAQ,B075MCRFYZ,4.943541392436599
AFSA6YD3ACC3VQQJRNN27YN537NQ,B07CQS5DJV,4.518199874743898
AEIJO7WWMCD7DE6YQAFIB2L2QGZA,B07DK59QNR,4.740066330654654
AGCLDTIX6BEN6YTPL2ZNULFQDQCA,B003VYBNIU,4.049181204547402
AHYKDZQIJSFNDBGMKREOKXQ3CNLA,B017VXNOK6,4.042258193553045
AHVIEHUW2JKP35YI3YAMQNTQGJXA,B00BESRB8Q,4.544019833084081
AHBWDWVH5WANPTQ4GF2M5F46S3PA,B09RNG1MSF,4.824735441050169
AGBOSU3X2EFARU6PRHGZVYHLUKLQ,B09TPW5HSK,4.687913407306306
AEKP3YMONZP4GFRTLXJLTSEGXXFA,B0002H0BZU,4.869903013786911
AGSWTRJPZ7AVS2C33JGND5BQ6SMQ,B072LXH1V4,3.8238833522718467
AFPON4DBYQNDCNYOC2UM5LXFYJIQ,B0BNCDVD4M,3.9460335196551926
AHGIW4KOZ7GCGETIM5WLEGYIYPVQ,B00YIKO4CI,4.335950043242333
AHBGT6Y2NTDTMPCV4OGK4BJM7EYQ,B099NFZP4S,4.906245590582534
AFZV75N7D6JB6GXICYEYS6NOHA3A,B01DN7O97G,4.722718410475027
AE6M7H4LZHW4SPTZIDFHYYDYPAEQ,B08BJ37FNS,4.884117102711582
AHRVFOLGXQO3PSAAF7XTRWO4ZENQ,B0127V93D4,4.269762495259881
AGEDVIBZ4U3WNWUYK2VKGDJEWPNQ,B0C3LKRRFZ,4.667082045407227
AEPIBDY5VZBDD46DVEAA5YDTJ6BQ,B00646MZHK,4.670072171418443
AGTD3IDTVYW5TDGYWPCUBDTAX76A,B004SX1BCG,4.425910874598954
AFDLRPTS3IT4XBACV2J2GFLWEHXQ,B0BLLKKFR8,4.6793270737577615
AEEE6HXPTVNXEJAAL7GWHXTSU3EQ,B014F1UKI6,4.571505862521271
AE5VICOXJ6XHMLISRION3NBJ54OA,B0002H0SWQ,4.364002840418729
AEOWIXLCWGPLFJ5FAAIVMNJKZTSA,B09R2TMLJR,4.739471103867405
AEIBJXOMYHYM2GHFZWFVH4OYSVWQ,B0BG95DG2H,4.857230278571473
AEAJFQMXRKKLUVQ3CKLPOMYPM7MA,B081H694YZ,4.644636562413349
AHWJXB2NGYU4QVDQGXXASEMTCRDA,B0002GYX5K,4.621006704602924
AEHBVSNQHWSBV5RXVHMGN3YOO4LA,B0B81D5BB4,4.814230934219733
AHI2TEVNDZXRO4VCOPF3RXRAU4ZA,B074K56PFT,4.409860743744209
AFHPDLXI5LH52OFLZSP4KUBTZ2UQ,B07G98F55T,4.530440097291917
AFT7ZNJFMLEFNPUU4FI5MATSZCKQ,B00A2H01IW,4.081980548625964
AFPOTFD5RRB6MHZQ5P5UIVG7QTBA,B00RVE9X06,4.64506965330631
AECUZZA7GWAAL7BMAEXNOTLRKVFQ,B09VP6F1DV,4.359724530488173
AG2LR6OTKY3TOO4CIH56E6JBYPWQ,B001L8NGJ2,4.486927735838181
AGENKWPB5FFH3375MDFYOGJ73QMQ,B01M72N0A6,4.417056796471648
AG2G5F3GABGI6CPVD4EL76ERFZNA,B07DWM2XSS,4.4507838421580725
AGJ7RLVCMTUBOVBIHLK2TXPNJL3A,B00SZT4TTQ,4.593042455460655
AGTFVU24EZKHXUFYKLSRPB2ZUG6Q,B004UJWBL8,4.460835028767948
AGJWH7NGBBLGJBRDYD3SQ4STKN7A,B000WIPGG8,4.663730453499099
AGY53AAWLQK5O77H2YKXCURQHNTQ,B0BSGM6CQ9,4.593689076784711
AEO56G3OFK7ACPYFK57RQZPHC3MQ,B0C43X1YDH,4.095215759701652
AH2KNTQFU4DWMQIMTDLFSMRQHRYA,B0BNCDVD4M,4.03558680843787
AHNCGYAQJFC2W5N33AOVBPCOP2WQ,B07CRK35NG,4.579984888026138
AFDI3YPNNR6IN2BJIJS7RCC64V2Q,B000EAKZJ2,4.177120287636225
AEKFPM26FPOBYQO24ZSDMAW6TC7A,B0B6P55RBN,4.500040591356959
AE2ZQZNGYDIR6KW2TTLMZUD7NSBA,B095XCZXNQ,4.594937611363114
AFAOI3QN4UWTNNWNVQOE6QQAJKBA,B018FCZKR2,4.781917679693423
AHOUKQ3IRAEAMEHDB6U4AMB366NQ,B07R28FF44,4.271639978256125
AG7PTH6BRNGOAKYFR2KUSMPVO73Q,B09857JRP2,4.866344321825019
AF63VW7YLF42A6STVGBLACD7RUWA,B09R2XFGH4,4.103931179167818
AE2GJDEGL4G6J4VCIWD2WA6FONFA,B0002KZB5C,4.5517784202534886
AH6JESOL3IE2HXVN75ODIOHNWJYA,B0002E3830,4.421556626519658
AHXOBRO2VTZ2WUA2CGIR3JXHZ7HA,B09MTHTMBB,4.914412441410558
AEG5IJCEK4RXXLTMQDHBKXKZ4LCQ,B07R3S93K8,4.470926214141899
AGK5J33TK5YZJZNMTXRINKBZ6MTQ,B00N4ZHQ14,4.610068711982245
AHNWTDM2BHT4KVCKGSQVEKXZJCBA,B0B9S8G4HD,4.669166826247356
AFMEX6I3YRYORJRHNM67XPKTSNRQ,B06XFYX3NH,3.3895046290293345
AFSSGMMR4TVPLP6XTNIAHQTRB2VA,B06W9NGW7Z,4.530575493092051
AGJRSSCJDOJTCM5JPFMFWP7DNHWQ,B0BPLFP5P6,4.003387195434766
AEZZEFAXH7SOS46D4THTU3IL3D3Q,B09JJQR4LF,4.730267761018781
AGOJMG7H4PTWB3PXU46ESY6FSTDA,B00F912X96,4.462167335861131
AFHDHVQNIJO4RTZSJDPJMVLM7RNA,B015XDJB9E,4.556336502984744
AEZIWY5MGFWEIWELVGYQBFWPK4IA,B015CO3U14,4.4400735359346895
AHFPGYQJW6ZOMWCS7PBJJZEZ6NVA,B07F1H422Y,4.591367403175935
AFBMVBSWVLA44QKWJPRXI4P46FFA,B003YKSKBE,4.592872688273106
AFLCXIOIKSV4RSDYOBQMA5IFYVAA,B0C4FVS3L7,4.511161621196644
AFBO4HWHVJPJUOVJXDVPHX5SOHBQ,0825603285,4.5975069389786345
AF5N5ERK4YHMLXBXFXPEI5ZRS5BA,B0002F79E8,4.535309337880008
AGXWPCGLCV23BLX7CDUE2R3ZHKQA,B09VGM7F6Z,4.122809704964754
AHYEUIJWZ2KNFA3G4OPBRTVO5TKA,B001FSZR4U,3.8312313642647142
AGSNQ7JEBI4O2XKWGXEIDNFYMGUQ,B000V1K7FG,4.823327279630778
AFLDO6CCUQ6JJHFAVR3GIFNXUKEQ,B0C1MHGKHN,4.5332367192089755
AEYHALMBBXTLHMCBZTNNDW7A4PXA,B015WUVA5G,4.414628144545744
AFJW6DSMMDZF45UIFAT6VPYL74HA,B000NUXNWE,3.956965885929482
AETH35ROJEF7T2FERRHTTSSQY4OQ,B07MG78TDT,4.441973444859706
AFKXLVV6Y223XWWFAGFRH7ZG5AVA,B09DR91XCS,4.686089196774798
AH5MZVAOBU2PWPJ2G663BY5S2R5A,B0049SBVLG,3.8899548677681355
AHQ3WFXQLPDHTV3BPXJH3COHLUHQ,B09TRX519R,4.796273292105124
AFND2J7ISWIQT2WGEBO6OQA422AQ,B01JJP7NII,4.323553767209463
AGBDQQNDS4TSYXHOB3WCWARDO5OQ,B01M8N618U,4.479695553581427
AEWLK6HFFQ44AJIC4YHECUU7L4QA,B001CIZA8G,4.146761989177312
AHU4TGHXLUATFJ2AYXXXCCCZOQ6Q,B0002D01K4,4.93736607271958
AGQGQNKQEUZLXVMAD37CUFLLGMMA,B08CMHD5HG,4.599650598766004
AETH5XE2ZFEB54ARJBP35D2CZLPA,B07Z63HSZ3,4.475711120214088
AFHURQAVXVFY6SNPFIJGQPGF76SA,B01EUTJ4IK,4.365546161266456
AF4JAA4MOJFTMLCC4754CWXJBUSQ,B013NDP2TY,4.694342668988307
AHNC3B46PPIQWP6XOAQPIRP6SLNQ,B06XNBTLHC,4.534940864388636
AHWAYCEX3NCWJD32JTFVBFXKUHOQ,B0B8Z5LTZ2,4.9370481044534085
AGVZDCTSOOTVZRWGFFGHDFBGM4PA,B07D5W5X3Z,4.777503168527031
AFOLSP6IGSO6M7NB43OTQIH3BG7Q,B09NWCD36N,4.869303633167468
AEWBPLYRC5TPLQ4ZASZFKZSVAJMQ,B07K2KX3P8,4.925385282998883
AGO4PWTACG5H4W63S3WT7CD7XDQA,B0C6MW897N,4.792095599392215
AF63XHUFXPDT7TIMND6IIJTDGZ2Q,B079GW2PNY,4.011227024983879
AEGKJTQWHGBIOTO34OB3GKIGCN7A,B0B1ZW83N8,4.35522648226393
AFMK4SIFYYQISG2YVU2U2FOCQIVA,B09857JRP2,4.9308379649159635
AFWH2ZHBRF7EKVOCO5QLDI6XWNXA,B07BLZX73S,4.52750581367119
AEWZE5LGZEF6Q6TJC2LJKOSKIWQQ,B09R72Y5G6,4.271070976654828
AGYV6AFXZR5TFYH7B5FLJX3DPYNA,B08DJC4SYP,4.796017498678955
AH4HLCDFTQ3ZZVAR7SBVN3MCZESQ,B071KTZ35D,4.841617345470054
AEDCV22P7AK6YFEWB2UU6XD4OBAQ,B07FYL7LW1,4.737964877876364
AH7W2JX47IXC5XFHOQQEV3IYJKSQ,B017NT392Q,4.579949528818168
AEVSFWRNQ32ALSVAVBSBT2C5RARA,B07QCMSZSN,4.327879461692838
AFO6G74UZDWO4UYRBLXEAHR6EUKA,B073NZDH1J,4.543954929103746
AGNEJAU2YSULDNEJHFJKZ3WLDIQA,B001T9O60Q,3.6262134294418575
AFOGHZMFR7M2CNXJLX3YK6UV22JQ,B003BGXW50,4.515831205248886
AHKFVHWN2TKMOHOZH2VKUVOCMUSQ,B002P9LCYM,4.5611194165593645
AF6B2MHYX44NXIJKLOQHXTUE54EA,B07KFNST7G,4.707090215634022
AFGSTWVYRRQY7XSNKMVPLEAX4UEA,B01JJQA4M4,4.043695452479392
AF5PM3LODZ3TCXBESCMRC33V26SA,B00C5QMVI6,4.345096141020036
AEB5NDWYIGALIJTOMT6ZSYN6AJDA,B007CRBQPW,3.834812497707399
AHZNM2IO247WOE2HB6HFHNCK46IQ,B09SNBQCM8,4.455111704659243
AED6Y66JGGJEBPEBHU637IJMNAOQ,B06X9VC2VP,4.560931221310932
AHMJHVELMSTY3G3EGBGAIBACNORA,B00WJ3K3QW,4.0639257450491915
AFRCFSZ5JBGD4BKHAEJB64QGGLHA,B014U5O8NA,4.374062229387972
AHNSPXAYSM6UVQ22WMIUMSJUCVDA,B0B41JFP9C,4.555112025306836
AG5RBEM2ZWF4A6QLBNCGV7FJKWNQ,B01IP4ENCS,3.748404856339998
AHKV3LJQFB3P6EX6VYJBCKB2CLRQ,B00Q0OWR9M,4.578290014220244
AHCZPXH25LJYENL4VJGYRB4AKGOA,B00IZA1GI2,4.775220760866194
AGU422YBQTIXMFR3WYLVUXUXCXHA,B00HY657E2,3.5994225470585715
AHODQCCIMHNRFD2VGSHLFOBRN5HQ,B097Q9W8MW,4.500880851304096
AFGDOWXYBXW46W56NEVSOPWFKLWA,B08M3Z4WD6,4.207713728538449
AER3THLOZ7KZ6X6L3ACFZTTHDTCA,B0BCXL2V52,4.3735063657979225
AFMCJFEPXSDR6CBD6JAFUNDNIPUQ,B07GDTH9RF,4.215739708830185
AGD3XHJMPIXR572HP2NKUKPBAZFQ,B0716DK86D,4.3491420651255925
AFLYGYD5JBG32JDSBOQIGJTBL3OQ,B00T0S0SPU,3.8946596775568105
AHX5YR6R6MXIMS557XKXSE5WHUIA,B071HN5TQ5,4.788705122088687
AFFG2JPG26ZBNF7GPDSPPBVBXOIA,B0BS1QYSFS,4.220591370083591
AFO6T767OXV24YU65XUACO4O6DJQ,B097FMTZCP,4.336968288527391
AEDJWFGRV2TQQ4MBPEW2HWXBIJQQ,B00E3X5USC,4.393266824908365
AGTCUHA2OI32ONK5LE4CFG6JZFUQ,B079QDMQHF,4.784692387285246
AEZNCOTOACFQXLFM4MXKSQW6SFKQ,B0B9XPLGMD,4.690243289445499
AGBCLRMS7OW3N3T44GO6W6M6RNBA,B0002F71RI,4.241032857345214
AHICPR4QVQ5FMDFSESYDMTT3BDZQ,B0BKZ22NHL,4.645355990161261
AEVGXRRI7C6LGQI54Z73I6CNORZQ,B0BW43P2H7,3.9267870658820696
AFYWMY47CRZXSP4PJYTOQX5BCEDA,B07KG3SDZK,4.704923727115856
AFQL4A6YCBYDIPUPWTIH6VRIJ4IQ,B015WD6FIK,4.328878671784997
AFVSSJ5QSQBZBTAVR5XHF6UQQVBA,B07ND4BBX3,4.110815374685982
AFR53WLNPUC3EQFBXCGL2NU3YEWQ,B0149GFCX0,4.892921702366013
AG2WY45W3ZZ7FJHO36GRV2VSO6DQ,B0BTC9YJ2W,4.818943656218986
AE3CYBE7XGSBDNQPILWXQ253LHXQ,B0B8F6LD9F,4.957109002759326
AG5PP3I6IT3W633ME2FGKGG3SDAA,B0BJ8WDC13,4.244510220375668
AGM3CUPVBROSWBFPGWSNUXHLPL4Q,B088DD5M4V,4.749059587922253
AEQT2EJM64SZEGP7E36GKCAYZQOA,B01DN7OLJC,4.841358269465497
AFLHFZVJG5BOHMDGWC3SS32O3YDA,B01DK40R3M,4.68404074628139
AEQC4GLQROXYW36PX5IVD4AQKMRA,B095XZJ99J,4.755661695241006
AFUGYX2OIIUMI5C5DMYZHUYO2XVQ,B0749K3CB5,4.706782352396555
AENNSMZVV5RYNFMIVY757EXBYLQA,B07SJ1Q4GP,4.7709458119452055
AF2RWUHNSVTHNBRI2UEE7PBQXJMQ,B00SVRLQSE,4.636265596242322
AG3FOC23LZJXWOVFAADAFZWSX73Q,B014W0L7ZU,4.784443504379745
AF7LX5UI7Y7KKCAW7UKW3JUZKTEQ,B072PWKPLW,4.229214686571046
AHLTZFMLFGCDEDDGBNX6YPMQIMPQ,B072MLFW5B,4.409504553304766
AFBS7KQ5Q7H3GFT3GA6OQA6EJUEQ,B07RBZHDT7,4.810532951667129
AGAPBHWCP4ZRSGTPHPWJCCRXYTOQ,B0871YN75N,4.611876537202399
AE3YJLLDWOWFD5RY3HVYZCZKUMIA,B01NANTPE9,4.237382606556799
AES2EMOE2IMYPHWUU2EBRMLF5V7Q,B0007U9SOC,4.54489856405557
AHWQWO3TDGHGSTCGTU77TE5AITKQ,B074CM9YNY,4.569045175684797
AHMYVVPBU7WI6SP5MNABEHF3LEKQ,B0BLLKKFR8,4.437996278339756
AE4SCUJHWKFLMXTAJNZ266VZTS2A,B07BSZNKTM,4.172713327255062
AGU6IQXE2QIAP2HSVICFNCYV6VDQ,B096K2LZKH,4.652105456079603
AEAZAEUOYT2WUSTFLXI5Q7R2CSFA,B08LVRB74Q,4.2144609657266106
AFFRCOTU354SFF2TWTMJSVJ3T5HA,B0794JD1DJ,4.143365306309255
AGF4HJUL2X2KSJ3DBYZVSBYSNXUQ,B00F0GQ6TS,3.8392370799924866
AGYUWXZSOKQS2IEGKKTXD7EEBRDQ,B07N3146QF,4.160330868391558
AHLERLIKFEZ7VZPC6SVYMVSRPRYA,B0BKQ2VGP1,4.839047381512829
AHN535MBJTI4BGLTUORFR3TLABLA,B015WUVA5G,4.406043170174099
AE5XWGBISMIFLQR5SQHX5GR22HRA,B06X3XT47P,4.720669454219481
AHHNKFG33VHQKC2DMXQOXDUFJXVA,B08QTSGNNQ,3.5790209242795283
AEMOYADP2JOCWPFFSQD5XOHPNCCQ,B073C9Z8HV,4.8317509810553165
AE72UOL7UVRMIPJRHY6A4FSQKJVA,B0158GWWJ2,4.516346814144639
AEGFQ5OD5RN4XKYGLAWEDH6JLQXQ,B07RYBJN7K,4.591496906123276
AFDTO24ABREOG7VZHGM5MUINEONQ,B07FM97YFY,4.617376490882041
AG6HQSBJPDWOKGKM6F5V2NAZ273A,B08BW2TBD7,4.100055303388679
AEYGHK2XKWN6SJ3ZDSSP4CSKDZIA,B08HHVYGV5,4.09814376626019
AET456SV5KEEOBGGHEAHTRNEG52Q,B096FZ5TKG,4.221253517776579
AF5C2VN2T3YFMG37IF6UNYL32GCA,B001OICJCE,4.243455621121376
AFM2K5Z6FN65NXDAT3G7ZLFW33SA,B01N5QJ0LE,4.061781736494667
AEVDN7DRDHN53ZPMTZPRZKGNGMMQ,B0057IVKT0,4.671529212731939
AEASD7QIONBITO7SNEDXKJEEACEQ,B07HF4ZCGS,4.578657962786158
AEMOKFRDML3SWYB7DCLK6ZW7544A,B003D3OCD2,3.697742163696013
AFSHT66OVN4NTDOFPDUZEVBLBJDA,B09SH9C3S1,4.302155146225097
AE4N5XPX57OH6MC5A6I7YMQ2WCFA,B00X7DDGBW,4.78296098071459
AEW2LO2YEEIWZ2V7CPL7Q6JBM4HQ,B014F1UKI6,4.485565670863208
AFOBI6TL5KJZ4PXECZXGF23V6JPA,B00X7DCM4Y,4.292652408666051
AH5PPNPBIL5VFASDP5QMDCUNXRPA,B07N5NMWXK,4.802296930094045
AESCPQD5RHHP65UTHAGCQDE7BUAQ,B0BT2XJDBM,4.467568964438531
AEOK4T53CV2V3HI4NFDOAOCRH3EQ,B096X4XB5N,4.348993974093204
AE62AMAAHZN3XHVPSHWXPWHVPYIA,B0BHSG5C3G,4.851015210406922
AEOGRG7N4WAUYTPHEZ4QMHNZJ3MQ,B07MDPF4SZ,4.706550184262044
AFSTKZ46JMFZCWEDBL76K6B5OLKQ,B0BQ4WFDFS,4.545304570769163
AHINDSRNO2KD7WSUIYLNE6FJ42QQ,B0107BCV1M,4.813283526636383
AHOEAFR76BBEHYKBUJOARRUUZXUQ,B00FI2PE1U,4.17266666757209
AEURYFHY5UKJWCTOYPJD3D2XLJLQ,B00BYI3UMC,4.374899741989809
AFBU2OKYDAWEKQZSGU4KWUMXUTOQ,B0C67HCGBR,4.861093146969006
AG23AW56WZ7KPYYAS4A3YUDTYWCQ,B00JL5IECG,4.548000486089286
AFXVBB7QDI45CCQ36S3NDGP5JXZQ,B07JNKY9T8,4.657256545693588
AHWSQSOLW3R4BI2CGU76ZR37CJ4A,B0942NY5J9,4.512501844994054
AGWLUHYZ2M4P4NPMOJCJGKL4UXEQ,B00NPAMDQ6,4.809934296061596
AHMO7X3QGRNEGQ7CKZQ5ABAEERMQ,B07S9X47LT,4.752748356121971
AGNOV6KYFMFE746R43PI27PCMTBQ,B07CQS5BMH,4.81475474862093
AETHP2JY3WDR3UG7KPK56LIWJQVA,B01DXVB4RU,4.76020201247651
AEMR3TT6O5MSIMI56SR33RIWQQBA,B0BDQVNX4K,4.941851346073658
AGYVINGW4VBWAX5UHWUCW6AEJSWQ,B0046VXQQE,4.426154856391739
AE4YC2QFG5TC3AE4FH52VWIKLBZQ,B00FSSU41Y,4.614501987741747
AEQQZFX3NNGWSP26RJ5KPECI45KA,B01N1UI8V7,3.868325000918434
AE4LK4DLHJSEYO2HJ6NONKZUGOKA,B00TWHTFSU,4.92976295381678
AHNLPXSGHTX3G72AKOF4CXARGDPQ,B000UV8I7Q,4.084760620113722
AE6E6YBBMXS5CQLQ3ML5DQJPNWJA,B0C61GDMJL,4.95589647982224
AGXFCJEB7DMPI4TWBCCG5SRU4NHQ,B0002CZYHK,4.641616099083299
AEPLYYM44R77PXEBCICPCGEKCO3Q,B00646MZHK,4.796224420217358
AGTNSOHIGESRMHSBEE7OZHP5X2LA,B01JB0SPEC,4.867616927266434
AEOBPIPUOOQUGQEXNMBWZYEC2XIA,B00H05ZVZ2,4.664702079402074
AEVZHIZGHRVIPJBVV67RVR7GGYZQ,B0BTC9YJ2W,4.755963096134721
AELA7SBKIKMMMFOSMPOM55GE7GEA,B01HCHDOTM,4.904335645303022
AEBF2QAX2TLFF4T5ZKMXAIRKVSEQ,B09SNBQCM8,4.358065950141096
AHWRNYOWY4IRKGIMFKZGO55XSKQQ,B075RB1KN7,4.483968503853026
AHMOULZUCO4KAUY65VQ6JXCHBNSQ,B09R6KV6QX,4.710061997701851
AHHHSIYHURY6KKWGLTMN7Q3JSBPA,B078Q678C9,4.383790328972509
AFKVKVRQRTZLQ4B2MBRH6IEAZK4Q,B0B1DPY481,4.417038689252292
AHTYMUVELACPSPGNXH2TH4WEQWVQ,B015JTEBN8,4.831264449625133
AHP5XNYCMUTWMYVSJVAKWF663ZFA,B01E6T56EA,4.25293522813577
AGF2BWWRJBXNSO6N3YHTFFCWCL7A,B01MYTO85F,4.147676846066988
AF736W3YRCLMP6KMKVZV5HN2KC6Q,B017P7Z2QC,4.390519011207025
AE52EI65PJ5YA3CQ6HEFTQSRK7AA,B00WJ3HL5I,4.031089347680579
AEIGSLLO5UNOBNT353NGRYGORJLQ,B06Y2W66F5,4.650101598950666
AHROMV7LJFWNQYS3U7N2ULAMO5MQ,B000J5UEGQ,3.9719868606651225
AHQMOFC4UGTF2S5NS73PPOG2T2YA,B08RXRQFRJ,4.48644736476518
AFKZTCN4BNEKHAJQARBTQ4RZVETQ,B0BTC9YJ2W,4.55179684970347
AE67KRP7JRFPJCOOMV2YPN7KIABA,B01MROS266,4.749273947600401
AGSJH7NWOOEERC2GJAWK2MM7HZUA,B007T8CUNG,4.187757905416769
AG5F4B4NU6DRMAKP743BDE5S3T5Q,B0BT9R8MMV,4.610248085873098
AHUWTBLGZWOIE4OYFO56IOXKJMOQ,B00OGZVTZA,4.714696984247631
AGT4KD3LUBVFSDI4WG2W2YW5GMNQ,B0002F6W1Y,4.042516985296552
AFJC44PF7YHE6P47UU5LX2NDOEZA,B00WJ3HL5I,4.431122591657781
AGUNY4JT3NXKCFYWAZ7O6SF22MPQ,B0BXT2WN33,4.843273270171151
AHRFTXV4YF7A7C3V2I7JNZIJ4OBQ,B01N5QJ0LE,4.718851468106931
AFVDSO7FDJY6PZTIVD4GQC4BI5JQ,B0C15FYC5V,3.6555261437641446
AEX76EATB2LATCHN6WDMPBHRJHWA,B08C7QF9DT,4.434783580783959
AG3OCQFEBTOET7ZBF5LVSBKLDA6A,B073RTT48C,4.885586728300624
AHQOMLZZJAA7TWN4XUHON6RIRC4A,B00SKI0HSO,4.774376301396523
AF3TDYWL7K5SP5QCBPPUDK5U3N3Q,B07BC4KMQK,4.3466648612770955
AFTTSALKKCUNXGMGV2LGQUP5SXYA,B008AWPI1Q,4.876957093809107
AGOI33LLDPZDPGEEZ7YYC3YHZXJQ,B00IPGXZMG,4.222839964430562
AFEOZ2IHJAKVNIAWLKJRFLTPNCQA,B09PRKZ6FN,4.375144862310021
AGMNTBFYYGI66QEZJ4KX5ZMHSRXA,B0002F519I,4.394354874104206
AEHEOPLYLFLYGKX7YR42SGHAVTVA,B07T4TKLW2,3.9350179143892015
AFKGRP4MXTNT4YFHIWX67RNARIJA,B09NNCSVQW,4.538384403074733
AH6LZMLMHAU5AHGSA7G7E5VEIUNA,B01K1EJQ9U,4.745077598027437
AHQXZXO3N2WPKJCIUWXLBD4HU66A,B07T3GZVMD,4.214625223806218
AGUBDGORAUUMXUWCP636WEUVYSFA,B077Y6MY66,4.513140723390208
AFUI2YSEV5HZ2PTVF5UF6OO3L5GQ,B07BZ2FZ8V,4.465016090690806
AE6LEIMRX3UITDDKY2HLBITPFXCA,B004XNK7AI,4.842195090561105
AGYBMTZDIVSRQ3KD43OAYPHJY6SQ,B00WE6INNY,4.723862089101333
AHFLBU62G7X62WE6T7C2HHK2G2IA,B0B755Y6DB,4.208647457632923
AETXBM35I6ZQSJIRG5WNJOQURSWQ,B01LYJMHXV,3.920034084806992
AGYK2YYS35CDU2Z77ZQR7L3IAX4Q,B07KRZ1HH8,4.403591331626615
AGC4PLLCQH7KL42INYQDANWLJDCQ,B09YYB7MNN,4.889033545093064
AHG3AYMNGTARJCPKJWXYHRD4LNYA,B072226Z5Q,4.083271806954483
AFZYOSEV23R7RSHV7GX2WORLJSMQ,B0BSGM6CQ9,4.813598056783099
AF7LDTPGNFMGMP3YLBCCBQG3PVIA,B0040FJ27S,4.5804624598489525
AGYZBADUFDGUWJZ2SHEZAU5LVPNQ,B017MHXV3G,4.210441756866624
AG7LQUQVFTQT4Z7O7R4ZW3QHDTEQ,B005M0CK9M,4.395421991634938
AFY6S76BX5UYVS3ADFKJOWISF33A,B00TQZN1LU,4.80138521128983
AHWUG5BIUQWHO6KPODY2QJFFQYWQ,B0BLZD2X18,4.728004655322955
AHF4JEWQEROLVQZJJHSI67KKWTFA,B006XXT8EW,3.328038158617298
AFKVQRYREQIOY53LVNLH2MMIMQSA,B07BZX9BCS,4.651003224053758
AFJBPPUHABKT3NK4CCTZGI22UDVQ,B07NDLJJSM,4.777005577856608
AEFGZF5QAI7IQGZBFPBES2TPTRLA,B07N83Z3W7,4.54900921923596
AGMKC4KFENDHDKVSQ63X6Z6T26NQ,B004XNK7AI,4.500299624369671
AFWET6TGZFBZOJUGGD6MVRCS7ZKQ,B0C5CTX5LZ,4.357525956876938
AHJ3SHJX5Z5T2KPEAHQSFDQB5KIA,B07711ZF5C,4.370058668217372
AFYXC6LKP472MEO5OS2ICSPIUNOA,B0C13HVDVZ,4.590343119879399
AHO3TW34BLH3DMMGC76PPSBHLCNA,B007ZXWQ8E,4.651575243165988
AEP2JJUCKG6NBVBQHCL3NVQ56WGA,B0BPKH7FJ2,4.756144499003152
AERBARCVGO4LQ7S3GH4V54N7RLWA,B07F7NXL8V,2.5425656198272115
AG6ATLCKETNYRKL6GCQV35CSSGPA,B0185B3CC8,4.412728900279771
AEHIXSVSO4RBFXKO6MHNNBRQGQ3A,B00IFOTSJW,4.712792965877831
AHZ6MKX4PCYOZVXLCONRCQSJ44BA,B07FYYS5ZP,4.838852731434632
AEWMLY6PKKJ4CSTYPEKASWTFQKNQ,B006UOSUDE,4.675838404580668
AH3GNKLWTDPCG42PLQ2SRYMK3KEA,B01E6T50GY,4.518815405898234
AFP72GJTYILTZLC6PNWWFK5GSUZA,B0179A4ILK,4.694031163703489
AH3GZCPR5LYWRN2IOMZUU3RGWRJA,B09KR857F4,4.145525991985286
AEXDYLC23FPJTOSHWXNWSKQXNNWA,B0BKZ7M5VG,4.8212438163600595
AHWGBAKH7QDCPMELIEXWWO7NBK7A,B0791FNPTK,4.309718104937838
AELHFSFNZGMUKRQ6Q2MYN367HZUA,B074WXM13T,4.926352839379604
AH62HWTT7MJCJM7V2B5LS2VTQBRQ,B01DN7OLJC,4.249599865122944
AF6R3LIPXBFWYQ4LORVCRLABXEYQ,B09BF8XDF4,4.325764441271126
AE7QA3XEZT6PIARLAAMXT7CQ2ZPA,B0C4S58NLX,4.8338885312500475
AGTZNQAFNN3NQROPNHH7667W6FIQ,B0CCK4YYNM,4.575181515727625
AHSX5YF55LYO3M2ODEKTHCHGYQ4A,B072FDH5X7,4.3489416882106
AE6J5SM42A2IFBSSJYIJUPAQKZPA,B00IFOTSJW,4.77590080520117
AGER7EQMAWQFG62IC6MVLVZ4DRXA,B07H87XJ19,4.2046554400154985
AHLCZHLUH342KHICKOLCIHQ5CY3Q,B005FIFM14,4.835574782051097
AGB5Y66IQLZTKJIL5F4OSVP3QB2Q,B0BYXVCSGG,4.206649184961348
AEC6HKN4R2TU4G3ZZX726K7CKV3A,B0BX8VJYMD,4.134367695147133
AHBTL2SUNMBXHTYOVE6KMIKWX4RQ,B09P3ZVLV8,3.9511353986903814
AHYQKMLIXHKFDHC7K2Y4JXM4YLOQ,B0C5CTX5LZ,4.310577732089255
AERXAGU6PAY74OIAVZQKU5ONB3NA,B074KPCGYL,4.140548936078999
AH4RCREW6GITBHUORQSYDFJ2LATQ,B09857JRP2,4.921908530830086
AFFIQP6E3XTFNIZZL7VXRBSPMUCA,B095F3NRQW,4.502841570325559
AGOTIZH7DO5TBSSAKDOMYQKDMDSA,B0C59PH5R1,4.786964213652745
AGM6UGKARSLRPCQME3Q2VEQ7IP7Q,B01LEZVYZO,4.391188470893013
AF6NGFPCRFC2H2DNAUQGLTSNSDMQ,B081YCXDFF,3.760442386669589
AG5IDHF3GQJ66NX4SUVVMD6AJCWQ,B0BKZ6JR1L,4.521209657176598
AEBC453QY3X2W74ZLA4Y2GXS7F3Q,B00N19LGZ0,4.681938121585609
AGMF7KUX766SMMOL5OBOMUR3LHYA,B00N5TH2H2,4.502584224073162
AECCI3ZAQSDKRBTIG2BWZSCHYY6Q,B008L3SXE8,4.144808928895283
AETT5NPJAVOQMSCUYMTAVCYIXEFQ,B0002D0KG4,4.22079654176358
AEFVKIUKD6UM4GULEUGTGMFHATKA,B00B0AQHVA,4.860763608659742
AF4WQYIS54RCMKCU4W4OTSHUM3YA,B09XHQF17H,4.499958638400033
AGMTCMP27WCMMXZ3R3FJ5F4KDABA,B01N5KND14,4.428566280444998
AEIGNQD2PURKBD57LI4CYPUF2SNA,B005GJIV2Y,4.924577079571957
AHLPCSTKZELWVAFPEYEPO4DEO7JA,B0BLM3QHRL,4.927812166030792
AHSXBC5P55TQZXDNPWOVXQWCCWDQ,B0C1MHGKHN,4.187792684606029
AHEA7BJ6ZQXRD2TT6IZA5D7IRONA,B001LTZZSG,4.690835186778911
AF43J3HR4DGZRQBRCLPAOCPMRVOA,B01LYJMH9P,4.657528317294476
AEOG5GP4YYOR6T7H4DTLTH5VXEVA,B09M7P8SBH,4.882918280571394
AGNK3RRZXRG4YBKIVOD4ACN2LEVQ,B001RNOHHG,3.896750552302728
AF2WG7KCZB65GI6JZQ7ZKZNODHZA,B06Y17CPDF,4.633657860261737
AG7FHTSKKWZB234EAOMCSKNZU3OQ,B00B6WZGHS,4.192160445658986
AGDD5QGNAAFBEIVL7YFCCK7K66PQ,B015M92GZ0,3.9145707291816523
AGOZQASAETUICMSSSZFV2JETPRHQ,B075CSHLYH,4.409009802003701
AF2GPIP26H7E5EHDWC6P7RKZ3OUQ,B0BGQZNQ53,3.989986505031405
AGW4GB2VIHMPVRKK35QXA5PY5O7A,B0161CIA4S,4.345218610587388
AE23WLBRYKEC67DM43M6E2MF7GPQ,B06X9YBVXS,4.505871944165736
AEHRLD5AHMB24TKVH2GPF3J4DITQ,B00T3SR9ZO,4.261119835476015
AEAKXE5BOXEQ7TWLHV7FSN7RBMYA,B08Y6PVK2L,4.5104471023747905
AGRYDY7V7RLYLKDBPMIOCLIZB35Q,B000EEHKVY,4.4652061826057245
AEXXLUPKAUXOW3H2CAYAJ2HUTZ7A,B016X2ELIU,4.764951566087613
AFTSLSIU54LZW6QUBJSGCT3XIO6Q,B07GFH8NTB,4.851859644431226
AGEIEJ2JRX24OMQOGY6MNJBWUL7Q,B0002KYXTM,3.8890344694884202
AFDJSTTQE46AM53MEJHPPHLLXV5A,B095T7S12G,4.661752382035743
AFYOJ4GGMPJF6RQZR5SIO6VHVU7Q,B072JVYTHS,4.196945685903042
AGGV2GVENYI34JRAGOSUUEFNDXUA,B004XNK7AI,4.828981798038622
AF6L5ZQD3WBL2P7ZN5VAFMABWMHQ,B07MG59N55,4.504683479045772
AECIT3NMW6RKABFS6YOCYX4YUYOQ,B08CGCWGH8,4.2026526951718735
AHIGZMUGQ4GXV6NJYZZI6H6D2XIQ,B0BT2ZRCY2,4.293952478367743
AHTYFGUR2T4BVOCZL4AKNRAPS3AA,B00WJ3HL5I,4.574199285710684
AHJBRDZIS3BYBISIRTW4ONRLNJMA,B06WRTGSFR,4.238019631464871
AGMYRILPTJDOK7WL5OYHYGRYVXMQ,B08T9CCXZB,4.950329741273087
AFUI2YSEV5HZ2PTVF5UF6OO3L5GQ,B004J0A264,4.3752957684927445
AFCIKDOY5R5VUPEJWABYXT2G4OQA,B00XH2Q9TO,4.605089616711415
AHSHUIZHSPWYY3OD3PI56MSBKZ4Q,B0BLLKKFR8,3.9778880190931547
AFKDAELWZIYXQVIHJ26ZQNZ3YYFA,B0C61YVW2S,4.534125248476314
AFEZOYIBJEQRPPIKLS4GYEZMPPQQ,B00LTDOL02,4.618447491303044
AHUXXNY2JWBI6E5TXSK6TABTFZFA,B07CPW22H8,3.7975950149711304
AGMFWVTOPGGJ372CLWZJZSAIVTGQ,B075MPFFRV,4.528780106988613
AFJLRQ5GNY7J4FOI2ERRIF44XUOA,B07DV6NLYF,4.795581156342633
AHQGNOWJSKABAXNAK4KZ7SMBP46A,B09S2Y4MMC,4.679998602959737
AGXTFGO7KXIW257RRFLSA3C5VRWA,B0BKZ1KXLM,4.651859904069973
AFHDRQARWLYK6JXI3MX2A7YS3L4Q,B0002ZO3LU,4.603433152391988
AHI65GFGKZCOZW6XX2TNNADXA7AA,B07G7HLSS1,4.282688046950373
AFO3EVBFEP7ZQG3IE7BLT7W2F5KQ,B09WCL5QKV,4.865426800766485
AFUSXKAOKI3SI37XQSR7DQO74YOQ,B0BT352YQ8,4.275380905354577
AFZFAXZHDVNKI5DUH6FB5V7JKFAQ,B0C5Y549L5,4.005733300273142
AGKK2ESNN5YDPLEM723AYXM6Q57A,B0002E4YI8,3.451423623072661
AEGBZMCFJFBATEIPDQX6NDYX4NHA,B094DR9724,4.58518614891552
AHHPKZ3F4WPTUYZQYYAGB6UQNT4A,B0B3VF84DL,3.872411013676306
AFWH3K72CR65SENLSGJWEILW4SNQ,B0BRG6ZYZ2,4.917717861332493
AGYCKFZ3PHB54FOHEMGBMGVTQBHQ,B01I4AXG7G,3.9891023280884372
AHZT6MVWNF4GG6FISMZMORKZKK4A,B0BKZ3GCGR,4.480053207416622
AFYHXURBG65PEOSGHZD4CIDEJ2TA,B0002VB8AS,4.358934842288971
AHFDBUGMPA2ETFINXOYIVAZPNZAQ,B008TNAGQS,4.339778020539903
AGKTBKXWB7TSHCSCALSFSEL36QNQ,B09XDY3TYN,4.577185679900859
AGQT6IN635UD4LQ5THQHXV56P6YQ,B00WJ3HL5I,4.0871797996311905
AGNIGDHWK5VNATR76JI7CHODDUJA,B077MJTG4K,3.8526429783979568
AHRB2TPKEBMBZ2XUTEYE66MGFZXQ,B00B5LEAFE,4.122337127164169
AHXPMQ7YOOHFIKJKAKBCJ2AF7UDA,B0B4SGJRHR,4.489993972738333
AEMN357KYMFZXPEZGYRKMS5CUWVQ,B01E6T50LY,4.46018028459572
AHJ3CX5T437SPYIUYQQVCE2HSXNQ,B07N83Z3W7,4.695462868318891
AFSIVX5M2AC4KQ3EK772WFNNJPGA,B00H35YIJE,4.793249135476003
AGZEDKJEUXQ3KK5D462HQZYTQWXA,B0097WDJZA,4.592756087599197
AERE4WE4ZXZUK2TWOR33P6XWHPHQ,B08JMQR2JK,4.662012630660094
AGWJ2NEW7EMYKLBTPLN4KIKAHOKA,B07DWLYGKH,4.683626289869917
AGGLE6KYMOVTLW2O26COKPUEEAVA,B00T3FTEMS,4.888049940979638
AGQOPNQ67XVWKJFVCYJGZHI5P4XQ,B06Y2W66F5,4.718671773603049
AH35SZXQWWGHRFNOK2G6GMP4XHHQ,B07GS5R4TX,4.0676776910165895
AGE5EPC7QA2NEDRFC7OJNTPQWBJA,B000AS7QJU,4.850505072933243
AFPTPTM5OKLYHOCNKILC6GC2RWOQ,B01LE49PTC,4.309752400009809
AF2NDCB5HLWYEC76MB4ZKFJGRLTA,B00G69FBQM,4.625307120044794
AFSWIMPWON5PRF345TI6JUMWBA2A,B06XH7487S,4.327697471191431
AHL67QIBKSTRQMFTJPJK3RJ4KJFQ,B07KYX3S8X,3.9360340264132745
AGKK2ESNN5YDPLEM723AYXM6Q57A,B00101WA4C,3.935479535629973
AH7I57UVCR75DY4O5MDVVGWT2CJQ,B0B59DLBMD,4.92830935063264
AECKX5ZDW6FW4MBP3QKTPWTWUROQ,B0BSGM6CQ9,4.884749781127054
AF7FS6PDNV5QOJHBCL4NKVSGVPUA,B012VQ5A7S,3.9177253259560887
AF3FYICX6MT2J3E7RBI6WGC2DSVA,B01KJOJQ06,4.09019237269826
AHZ6MKX4PCYOZVXLCONRCQSJ44BA,B0BWXY17MT,4.805225609587804
AF2SLE2H5QRPH3UO4BTO62YCLM2Q,B015X3CXXA,3.838152042064388
AG4GSXL3NEJPMZOVMFYGZNVURM7Q,B0C5PRQ9K6,4.968244444247091
AHCLGZ3I4XLXRTK7FSSJFBEVTABQ,B015JTEBN8,4.33666964382649
AF2YGYDJAH7YDQOPEBYWWKV333UA,B0BSCDNQT1,4.818910119013694
AFEU72LBPQ6KPZM6WG23YI5DURKA,B07NDC53ZK,4.910502019165556
AHG5I3CA5TI43765KB43YLFPEQXA,B08VJC3GCM,4.596997841257509
AG4GB3YM2T6XH7JS7JD5D5S6S54Q,B07DRMB6X1,4.639688632476888
AHRSXDWMMGBPIAF7FLEPJHM2VBEQ,B0925WNSYJ,4.7293721299330205
AEL7BTGBCNEOZY5WN6HLCQWCBL7Q,B09M7F7LFB,4.643014779792615
AGOYA73U7NSVWD33OLBWZSHDLSZA,B09PGXB1BH,4.355910841445537
AFQ3MI5EMRY3KXDLZX3QHEQVGQOQ,B07VWSB34H,4.1189976503120285
AEENGB3F5NPUGBBQUPOTSHZ4JUTQ,B00I3TP9JM,4.555091936023808
AH32F32TJIOZKQ5YVMXQEMTKHGOQ,B00EB11OHC,4.703987584037814
AE72CWXP2K7ZZH4LNBRX4PDGZIWQ,B0002E50MC,4.177108961914763
AFVABWMVYYXSI4RBOE3GFITNRV5A,B096FZXRM4,4.637213236864987
AFH6FKTW5XD2TJFJESFEPFDS56SQ,B078Q678C9,4.356272890393297
AFSWCMYXW7NHM4IHL7K2VNCPX22A,B09S2VB3KW,4.725592856330934
AH5D4W76WTWVES3BKJKJPOHLBJ2Q,B0B2TND26L,4.668131017148909
AELVQZD526TCYZLFPERIGGHNQQBQ,B00EQ2558U,4.944567397843681
AHSRMNZAUSJKKHQM2Y5SFLXPXYEQ,B0C4GJM9J4,4.274160818857931
AFGOG2ZIDC2JXUVEXWN2YMVSJSXQ,B01N5PRRY8,4.56855707779391
AG2BNWGHZ7E53YD7US73TKEQY7ZQ,B077Z635YX,4.345226253489054
AEPJL2A5CE2ST2ZBZXZFCBIGLSVA,B0C4CJND96,4.3555067995458865
AE7GVDNRY5NABEP253Y3GMDUZOZA,B07NDJ1HSG,4.51465553897426
AED7W27UDLS3CUTBNPNLTBZGOD5Q,B0BKR9BCVK,4.675169602491142
AFIEY7TA5YNMOWUPNTGRX2SF4OPQ,B0BWTPR1W9,4.791085049323504
AFVKWBQQ6VUMTZKTVXN4Z237ZMOA,B093YLLJX9,4.575705010815585
AEM7J236BRUHMVBVSAQJQNFRBWIQ,B0771PMLFX,4.907147015766746
AGV25JJ522CLBJIOGMAWNW4KYQKA,B0009EQMZE,4.318262171323276
AGVGP2XURE6A54ZUEBLRMFGHA2TA,B00UJHFD2Y,4.353172468765699
AEGLGY2SSXUNZ3HCG7XPISN7F2GQ,B00T3G1164,4.877421235634318
AGBQ3TX4QYWQQOW2DBADLGOJHQGA,B0BCK6L7S5,4.463615190266355
AESZ4KE372S7N2KIGYZXTBV37RAQ,B0BBNCY2VC,4.403207354872408
AH73DRVHIQJSPYS6XZVVIB7RXURA,B0C67HCGBR,4.499862849046201
AEYEK5LKDSFIWV36C3Z2LT4CB5EA,B016QUXTZU,4.37835740617801
AGR5I4KTN3NSHVPV7IA6GOVM3FTQ,B00USQY0CK,4.502046343240631
AELSB7HQSUYTNHOCXTINKVOCYBNA,B0C9NGP88D,4.236048561566329
AFHACMOT6DXHVGKAHKLC2XVHCHSQ,B00N4ZHQ14,4.772199070388268
AG5RILLGMYUOSW6RO4QQ32N5FZRA,B09857JRP2,4.7516408353499315
AE5OTSYIJLVZKOBCNLFJXTU7P3OA,B08DZZ89Z9,4.940169637269963
AESVJIPLFNLZ2CWOSKNWBP4KE6XA,B00SW15C9S,4.810201015452116
AEICL4I62FLVLMNJMFSAZE2VI5CA,B016QUXTZU,4.278905779343685
AFWGYK2GNHYMT4SBAGLT4G25PKAA,B005DUR7U8,4.155740679501837
AFMAFDEOM3RER4W55EZCYXV7I74Q,B09RN7GR8F,3.9937298432221597
AEIC64XPFPXOWL624SR4XBRW3MUA,B09YDBKT7M,4.813629992699916
AGVINP36J5E4IH6QFNGGNYI6T2YQ,B07FYPBL6K,4.8748444746682695
AF2VQ2P7UISQFZUVQOONNNV2Y4SA,B08L3K1T2T,4.649012233606925
AFFYSCZKCCXDX2FFF3EBRFR3ZGVQ,B0BKR2ZM9X,4.826387442279042
AF6NYDOZGEN2FNPVEYMEM6DEVIQA,B07N5J3GTB,4.810364488412924
AFGO4HSI76RTBBRNPJTRS55ATLZA,B0089EUZ4A,4.138068264985678
AFYMBYRQILQMD4YEWDEBUJHRXBAQ,B0179C3SQO,4.51614481718603
AHOMQZDT4EPMWI7IAZMMFXJG2CUA,B08T2N25MR,4.643780986160723
AEAXIDPWNA75VUGVVL4E6KYX4R7A,B00AV557UC,4.2549787568420925
AEXLRZ34GTMM35NQRDZ4CDKKXLIA,B0BSGM6CQ9,4.758218637018075
AGKNEMZUFP4BVRFN3FXUAB7FZMFA,B00KZQ1VXY,4.9127852703947825
AH2L274GMVOWVAC5MF5IXUF3UHOQ,B074JNWHZ4,4.6603022202902995
AGTLI7233IWUHM6Y5UBUUQKF7E4A,B005SUSXGA,4.559573112296703
AHV23IZTZL3UH74JOPICIUQYCXOA,B07WW5PKCP,4.902042501584923
AG6KMZ4N7N643SS7YNDQS4DFGQRA,B097JDV3FW,4.877604409781892
AH5S4XKENHVECUH4CNLWHQYIP2NA,B00AV557UC,4.376030052608126
AGEWXW526KOH5743XNOIKVCMVJQA,B0C9NGP88D,4.8926921404381565
AHHDLIT4BPZAFDKKTCXETFZDV4FQ,B0BYNM15YB,4.238766974515038
AHVEVF3K7UWTPZJQ6J45MOWBRRPQ,B081PQR33C,3.809269513318971
AEZTKJGIOQA2ALYBJ3I4QEEAETUQ,B082285YXD,4.0475667404692075
AFVEGE6MCTDWLG2CAR7O4AHL26MQ,B004VDD4SW,4.605329301893037
AH3XHJCHHLVURHVDWHRIXWPQTPWA,B01C5TC6O6,4.274350364288525
AFGQH4JD5QBDF27M4MG6OJ7IXWBQ,B0BCK6L7S5,4.517914238765462
AFH6AUO7HH5PMJBRBQGQQKDV5HLQ,B09SVL9PW6,4.926843482052894
AEUZ6EWZPJ7MHL2G4S7VCSDXRMWQ,B0B2QG44CZ,4.921259610062965
AEK52OVGR4LXYABHNINSHSBS23ZA,B08SJY4T7K,4.357662150955688
AG6CZXXQXXL3L7TE7XVHTW3DYKYA,B0BLBTT86L,4.47541630991771
AGC4PLLCQH7KL42INYQDANWLJDCQ,B00WJ3HL5I,4.732528716751661
AFUOGVGBKB2PYSHBVSN5S3ZX3ORQ,B0925WNSYJ,4.524816985886112
AGF2BWWRJBXNSO6N3YHTFFCWCL7A,B015ZDDF0S,4.340015082960987
AH3HUVC6ODJXIG2MACTMS7RHEFPA,B0BP78F7CC,4.5525008205312965
AEL6LHHM5XOECBA3MAPB32W4DLOQ,B00RVE9X06,4.8758055863687275
AEXAF72EML4UPYS4KTSBUDKBMTBA,B07RS1QKGK,4.411505198532367
AGLS3LXZRF3S6AHDXUNPUKPFSFSQ,B000WIPGG8,4.755091059982615
AHHVKDA6ZVQGESNMFJDHKOJIG6WQ,B06Y5GKJQK,4.803479039948696
AFFPQSDGBJC5Q2POUYOP24WKMV7Q,B0C6K471PB,4.594187267732383
AGCDMYMIU4NTLTJJ5AQZVELD4ZLQ,B0753PSL2D,4.731355479651972
AH6KUZJXTBQY2WWVRBJ5UOTV2ODQ,B07NDHXQQV,4.506338527871511
AHRQCTRBR4IR6R4IAC55SCW5QH7Q,B08JMQR2JK,4.194437483284647
AGOFEC5HKNFNOGAMR6ZDACVQOFMA,B00NL2XSD0,4.792343672050051
AEMZLP5VHZNKE2T3TW3MPEK3OJIQ,B0B2Z13RCR,4.59539723386413
AGCKPDUZTEZAGOLCCG3DQV4J5XXQ,B076H8RBPC,4.703272486441032
AEP4KJDGBH6XPJKFEHPYSAPUNDBQ,B07WBZ1SFR,4.692660318083837
AE2XOYSW22GQYCFJCHLWZRUQ767Q,B07MG8PHF2,4.493562602730176
AGZDAHTALWUZYOSTCBFEDNACMDGQ,B00HJOTNBC,4.70520274357518
AHR5GDAC7LREPV2SYJGAGCBNH5AA,B0BPLFP5P6,4.4137192305441335
AHCAUSSLWUYO35DHO3ACJA6UD7ZQ,B0149IWDS0,4.654042626144919
AHSCA5GKZMVKAYKINVSXB6E3XMTQ,B06XPJHYDH,4.287142092194565
AFE5LE7HE7RJBMXHZN3XF6HSJPBA,B00N5THBGO,4.22569273804158
AH3QWAFMDYN7SGP3QF4YIM4YS26A,B00G33N29O,4.067434081913046
AEJ7GWF2F47PHU7L26RHYYO42NZA,B0B12H4PD9,4.612197769723574
AHWGL6LQA7CVBMZRTXK3V6UYL2BQ,B015X3CXXA,4.475871457587889
AFB5UR5STNM4EQGCWPEPKUPKTYJA,B07FYYS5ZP,4.87395591653048
AHTIZIO3VNXKLENDE3TMIUUSINHQ,B09RN7GR8F,4.250733210692228
AFO4VO3EMAEWPOST4DIAMAEB7ICQ,B0032UYJ98,4.793894180679317
AHYRMUBJNAYHJRHJALTXJL4FBHSA,B005FIFM14,4.940785201843464
AFYRQ23ENSDEFSFPOX4ZQH6ZH2GQ,B0BL2ZJ4B8,4.573400906716243
AHMNR47GKOYYXWB4IMSRZLZSBY5A,B00646MZHK,4.312498638613579
AF7ZZZMFPAUVTL62FVUJ5GACOK7A,B0BCL4K9GF,4.530603235309501
AEGK5HULJVZSSTILECMF76DA7HFQ,B07YD57169,4.700485418289938
AHRPATCCBUSBFNJ3U5JEIYTXYCAA,B08PMZQXN3,4.900912805195542
AGBG3KK74IKWJNQVMQAGVBWJ7FAQ,B09895PBVZ,4.815817698681943
AHXUKKTRTEEQAWREA6Q7MA6ZKOCA,B00U43T1KI,4.901838156090395
AG56DTGKN5OVA5CYYYFGBFVGXHDQ,B010GPFRUQ,4.255176099320888
AEXDQ3ET3KGPPTZNC5U72WED6HEA,B08XMGSLMJ,4.430785867260461
AH4T2SPL4QMPJOTF667RYLK7WAEA,B0C3PX32HD,4.7101585605744045
AFBYEI2ABDAV55KZXU76MHGLUYDQ,B0B8M2Q1DS,4.036215939258826
AELEI3CA5BYLVHSCI2TIYVRIKD2Q,B09Q39C7W2,4.419114794863723
AEU6JFGIA7ZYZYICE4XWSGURZUYQ,B0071NO7I0,4.381624751857834
AF63VW7YLF42A6STVGBLACD7RUWA,B07YKTQWSL,3.7602138432152215
AEQT2EJM64SZEGP7E36GKCAYZQOA,B0BT9R8MMV,4.948707410101649
AENYBPVASWQRXKHOIAV43ZXKVEUQ,B009DAHPLU,3.868571223001628
AE7P3HIBI3UDLCJLUPUZQWYVPEWA,B07DMZWYXV,3.8959895490950265
AEIQSLRLI7R7FHPNFDEQRDZ23RFQ,B08R5GM6YB,4.03223251699694
AGNJFKRUT2SCSJMIS67A4HZ3L23A,B0B4G3QM3L,4.626648764505843
AEIPGKRHCENK75ZJOGGIRTO6CTZQ,B08N4FK85X,4.419834656699415
AHDZKPPKUT7HD47LXCBN7RQNN6KQ,B089LQVQ32,4.2406886712711
AGCVD55ETDBSHYS2CCQE42P4J3NA,B0B92LPGD2,4.4888584679243815
AHGAJ6EAHD3CEFVFKMC2OO2IVHTQ,B005F5TP6U,4.34321498214803
AGIBAXUNJ4PSY34SL5OCL5GQLUDQ,B000P1RB9C,4.932506259740997
AGK5J33TK5YZJZNMTXRINKBZ6MTQ,B01AA6B5WU,4.61187926489455
AFBAOL7MOE7AIOADKAXH5QTSBM5Q,B09MJWYTQW,4.334204223596778
AEROATPHZS4Z42BB3BERTYS24GAA,B07H5HM6F6,4.196105133966322
AETEDS6HQJWX2EQYEQFUIAHTTJXQ,B0002D01KO,3.9817931187179783
AHO6JZJO74RBYK6KAPCPQ5WW3VEQ,B07KDSZ2TJ,4.86041386337021
AE57MRF2R2ALCC6H5WQLFKT7KSSA,B08R5GM6YB,4.5153081345488
AGNZ55VEXGISWO3OH7F4CTP6HNRA,B0BR2PXCBW,3.908687576003665
AHPJUTQ3YBWZYP3HHH5EN6ZKHQQA,B015OP6OOG,4.952978651169122
AG2AUKULKSMNFTIVVK5773MTGOIA,B004FEBS8K,4.271330890693772
AF3ZWOXSL3LOV2IX3A7JK2ERNXOA,B09TQ5K47S,4.942170042826595
AFCLNMP25HCXSDNKE3JSISGIRA6Q,B0C5S47TT9,4.363268507409285
AHTRBTORBRFFIMLSERT4ZQMJTADQ,B0B8Z76J32,4.512318328317057
AHCTXCBORWAVSGY3WDDKO7SU2TAQ,B073CZTQFM,4.315971138827162
AFWVAGRFA2IMCAAW44JLS35DSBYQ,B09G5XH5YD,4.376195130992391
AFVYKHHOJPUWETNZJ77GFIBM7GEA,B0B6P55RBN,4.433016917959544
AFEH52MVAUDMFICQ4OHPHLIRAUGA,B08VHZ4FFW,3.812503588675051
AGCSIPN6UMKXCMLEVLC2PSK3Q4EA,B0BXCW6SP3,4.342332414566622
AFU5HZB6IXKS4FFAJEY7LBQROVGQ,B00X7DD6GW,3.8141834704757134
AENDXV3UMAX33LIPUBWD45OQEIAA,B01HCGWS2W,4.731058981256809
AEUPTKRM33A7FDZJJRLKPHQNWKNQ,B09J4M3KQG,4.805333103739509
AFDWXKZS3YVT7GOXREHCEZLPEQ5Q,B0002FO9RI,3.8975149592732152
AES4RSOTLVGA7PFLP3HUHFS57VKQ,B00CPLODUU,4.082890144344294
AGA3I7V3SYQ223OIO3CY7UCSKXAQ,B08MF7Q9RW,4.3274637753811085
AFX6RYPCNFUEPT62B42ZPZXIDJAQ,B0BKR9BCVK,4.587071193275458
AGZZXSMMS4WRHHJRBUJZI4FZDHKQ,B0BHYWJVFW,4.508532305619217
AF2GCTNO7F4SVEBDXYZ64IVLLRHQ,B07B9W2XFS,4.397989047033837
AGNZ55VEXGISWO3OH7F4CTP6HNRA,B078PG7NBY,4.216349398550662
AET2MY4AL52Q4DTADBW44OBWGYIQ,B015WSCNHW,4.000900361709503
AEMDDN7LCA2LR4KBPMCICXTG24TQ,B00I6JGPHY,4.247301178714084
AG3S4FROO422V5KP7DJCBXVUQLJQ,B07CQQXQ4T,4.962182688532154
AG23AW56WZ7KPYYAS4A3YUDTYWCQ,B08JMQR2JK,4.504090628214227
AH4EBXBCNHNVQ5MKFUO62MZEVPKA,B07Q9JB3CF,4.731301310084326
AF7OD3F2V4E64XZJBQLMVEOKTKXQ,B00B5LDMH6,4.00857071147089
AGD5RHGRJRKT7OXASOUYBBU7KDRA,B09V91H5XM,4.608725805182996
AEV27VCRIQRDWAJ57U5EZMYAFYOA,B0BCXRJCL2,4.806609646518604
AH7I57UVCR75DY4O5MDVVGWT2CJQ,B09857JRP2,4.9308379649159635
AHALYOX63S6CACZTHN7R24RVEX2A,B009AS1FLG,4.2495744992618585
AHRRF2ITLZ42FQ7RKVPW2KN2363A,B01LXWI3T0,4.185733076075076
AHIDM2DCMJZVSROBSFCWWKZBDHHQ,B07Q5G54XF,4.568273426722752
AGD2M4ILXY46NJDCD4ADCYQFZGZA,B08DHMJYLD,4.518742194629919
AFNI6GZFGS4A72K6LX6Q4VI4WWZQ,B0BHSG5C3G,4.451960709309207
AF74F2YZDVP4HFDWZXXRVEQVSSUA,B08DVPJSX9,4.705691087064292
AGBG64QTSJJR6IDUZEV6CLVSMUDQ,B005DM7G84,4.2163783083582995
AH5L4JOS5H4ZPJ4K43VTWJYBUPOQ,B00M5DWB5W,4.427334970982435
AGBG3KK74IKWJNQVMQAGVBWJ7FAQ,B07Y9WZ9XY,4.897511321425247
AG44UYFDZHI6FRBQSLDWOGIEOY4A,B08LVW75N5,4.854061044831926
AHMMRMBNKFL47QWGXRS2227X4K5Q,B005H2007E,4.415092886860352
AE2NWSTL7JJJWOCBKZCZF6KDQIZQ,B015WUVA5G,4.306502387455332
AHOUKQ3IRAEAMEHDB6U4AMB366NQ,B0BSGM6CQ9,4.137432433854966
AHXX4HAGLIPKZ7TM7GSLS2JBZKNQ,B01I1NKJAS,3.7147013808835587
AG5ZVXXHEXDYUUODSEQC4XXV7DPA,B07JKRBNWY,4.90349907427006
AFGDRNIMPVGMEICSWUU2AMBMPDOA,B0B38VK2BX,4.758695724703432
AH4PST3O2RSB2MKEQSQDVGGQ7LKA,B003OYLGWA,4.613065069405358
AEYM4JF7CX4PXVZX6HBA5ELI544A,B00WJ3HL5I,4.755459338673074
AHDZKPPKUT7HD47LXCBN7RQNN6KQ,B0BGCMQWPF,4.334173223209182
AECKX5ZDW6FW4MBP3QKTPWTWUROQ,B018FCZKR2,4.92087626910799
AE6B3FP6UAR66D3J2MIWDAKONHWQ,B08NZ14V6P,4.5011852170946
AEWRX6BE2CASVQF4ZOWKS77NKBAA,B009WS7TSW,4.872263690439225
AG65H3KESUARZW3IYMRXVITV42TA,B084P99JLP,4.542136339104177
AG3ACUVHP2XSQUEGZRIIZC4X7YDQ,B00CTKI5QA,4.028049748866099
AGOWSJ4ZAWXI37BO7ZQ4ACUFXWEA,B07L6ZR9V9,4.754872184262044
AG4II62W4SSRUUOT2GWQQKUDEGRQ,B0928H9QXC,4.49040104847635
AFQQRHNOS2AJSMORGOJQTDOWF6EA,B081W3MH7Q,4.553119698445295
AEM2JD5JQSDXA5YBZLKVTGXDQ2NA,B003YJQX1O,4.6772003637816075
AHRN4W52E3M4TZQMWTYLFZGXNMHQ,B00N5THBGO,4.745614179689573
AGYGRX7UYSPDON7UURJJTTMARK4A,B087X1CF8G,4.7339792123978714
AHT5LYU53R5RY6DIEZYSG27SJ3PQ,B06XTW2R98,4.6035020333874375
AGNCVLVE7QHYAMIPJSV7F3WMAEJQ,B07KXHBBGS,4.0965134048011835
AH37ZV6A5UJW6A4PA62VDYOQSMKA,B09SD4CD5Y,3.9567552306835307
AHLR33LQJ67RQLCHCEQJJGJDXNSA,B076PBCM2H,4.375599435120268
AHBFM7TTBHFPQHPWVXTANBO5BDPQ,B015WD6FIK,3.809868046252808
AE7IRGN5QWIIIPASDW4WG5LD7HNA,B09T4RH56Q,4.786605439223726
AFRQJYTU5RDVVWXINMHTNE26C2YA,B08BSFDY99,4.839528415951247
AE4EZF2M5WVUHXZD7OIMAZTWETXA,B09PRKZ6FN,4.517081290887854
AHKFFS6MZ6BOEWNBXPCHEYGNHWCA,B01GO7PHSC,4.434782850583881
AFEYB24M4HNZQQHWPJYMJ22PLNYA,B0BXX1RRNT,4.952446484847269
AHDFPBWC4J7AK2CL7FBNQPA3QP3Q,B074JNWHZ4,4.651745619647766
AFWS4PIMKK4IFMMFQ3X2X72MLFGA,B0BJ3BBTXH,4.646258062946425
AHY3ZZMHIMZXA3SRUN2UGS44R5PQ,B0BHY52P8D,4.60087468947923
AE4RQ6OMDFEXLU5Q37ZQFW524J5Q,B00Z9TIXOC,4.651969426427412
AFEMDCWJO2OM6RADJRL37G46VSPA,B004XNK7AI,4.282873288641673
AH277J7WPXVU4WKVOCNPLPB5OEQA,B0B8P1YW7L,4.532706367228215
AGDCEPSZFC64MVUXPBIQ6MPBUZSQ,B07KJ3Z9RJ,4.288424370346796
AGZUKNR3MEGGPFUALRKBVCUTOFLQ,B0041T4DK4,4.5877741931014855
AFA45AUS3WMXAUTS7IDGWESA5HFQ,B074JNWHZ4,4.6877775641200845
AGNQNKAAMVG6PQQISO7MKJGFRJYA,B07JGCQYN8,3.98168612351978
AHDFQBP2ZC7W37647DUANZ3HJTIA,B00HV7U4CY,4.66433783730035
AHFCJTMNLVV6EDUL2IQBR6PBRDTQ,B07P5GGK5X,4.520340035123838
AF7UCCPZPJPW76PNE2ICQPJUQEYQ,B00E9SWQ3S,4.242045875120702
AFBLIAES35IGAZQJZLCLOWAS3SXQ,B015DKZXXA,4.502821492674926
AFKFJDNRMX5RUG6DLAY7362NOA7Q,B07MZYNZ1C,4.814119990695002
AH5MP4D5AWPQCPLYSFOQHSIJYVSQ,B000BSMKPY,4.149814296328662
AHRLCH6R2Y7JNEPVPCJRT6FHCC3Q,B074MBD643,4.148702442766646
AHSNUB4FPRGR5TNLK5BO3BHFNFFA,B074N8W3GL,4.8014918700665685
AHP2UGRBLKHCHX43ZDAOMH74675A,B00TH3YPDE,4.924696363241381
AEQWCT2DSCQIT4E4I4KNG3EITYSQ,B09VVS2RYK,3.707482142437898
AEBDVELV5QUZNVMFRSX2OILTNGDQ,B09RBFKS1X,4.939078636073293
AERWGD4OLR7FS3VPO6QHVZCDQLSQ,B0052S3YC6,4.54792533877094
AECFGXLEX3SU6D4T6C55X2NWMJVQ,B00I3TP9JM,3.719871037807793
AHWYWGQZZ24MQP5VNBOCPFWUNMCQ,B01G26SEJO,4.302354551902965
AE3JTMU2ZWD7SQVK3EIMCPMMBXFA,B07KGF3MHC,4.368692279801751
AGTUM3TLHZIYIW6A7JLL6BZODZDA,B0B3VDVLQJ,4.784017390190559
AGM2HNRQUHZFOLAP2WTIUH6R5TIA,B0B9LLF1CN,4.572385144183247
AHK6CM5EYRKB2LKUMO2HO2KWAWNA,B0742RB7JK,4.759395449588746
AHHDLIT4BPZAFDKKTCXETFZDV4FQ,B0938MMWSV,4.830038823026527
AEB3FFGFI5H37NBEIROPDUR2HDPA,B015X3CXXA,4.132683984048867
AESDNHQRRZEWTZF7A7TFFFTSNY5Q,B01M0HV7SC,4.459087234626258
AHVKGDD2OV6WLV2KGSSVEGRHZLCA,B0010KGD4Q,4.215042624644871
AEPNBKCSTUAN265ABWRJEUQK6Y3A,B08T9CCXZB,4.69853480091024
AF7S6K2LJFYM5UXGVQ5VVFCGA65A,B0BBP71K6M,4.874513592580583
AFA3Y2SOHSJ2MBGZR2VNVB2LGISQ,B071KZ892W,4.943637400272433
AH2QGOLSFLD75CXS5IGPYRCBYY2A,B07BVFTLFW,4.807200278841393
AF6MSSCLAPGEDSJSEHUJWFR7K4GQ,B0722QJS3J,4.7288847724895895
AEN4JVIBT24RAPMWEHX7UGOX5CMA,B01DPCONFM,4.422357625395229
AEZKWI7QRZ2BOO4J5ZIRNY5YIL2Q,B0BYKZPD3W,4.828683780993531
AH44K3RPIQMVWG2G4EB5FPVIVUEQ,B0BHSG5C3G,4.39447883813001
AGQW2ZO6LOYZMRZ7JKDM6LIGM44A,B07N1RPV4J,4.105120910039677
AFYLSXOKKOKTZYKFAK33GAXNLIMQ,B0BVHFTP4P,4.227458288703496
AH2CQZM76NVZCBGL4QZDTQ32XMUA,B006BST39E,3.98597964184758
AFTYUC2644SXODMOUAOCS3EUXLNQ,B018FCZKR2,4.69608710859024
AHMMA4WU554YWFMEYDYU4S3KMQHQ,B07D9V7RCL,4.610325575541146
AEBDVELV5QUZNVMFRSX2OILTNGDQ,B07D4SR8GZ,4.822709002219943
AE5URYH3HQE4N5WYARBDJSMMWCOQ,B01AJGC27I,4.764463861226476
AHIO4BIYAYENSKTI3Z52DU6H5BIQ,B00T8I9QXW,4.216071008251044
AGMHEZ7SN2RNVJCMIHIRRSKLQ2AA,B0161WG9ZA,3.8296545384139593
AGZO33RFLPWJFDIHJ2IHRJ2CA26Q,B0B5SJVY85,4.751230906244288
AE23ZFVUOMPKR57BVSWXV34QLMVA,B07N2WWT61,4.83202123681159
AH5XMLDWX6USQHW7XC56ZRKGTRBA,B0002GO8NM,4.715963215859761
AHLFNMCO2C6QX2MXA67OMESJWMJA,B016QUXTZU,3.9602994265635143
AGN7PZXO4DA4KUC3RLI4SUSYXELQ,B091MZPYBQ,3.8806399020840825
AEZIIYLOX32LD5NZCQHC6RM5FJPQ,B01C5TBVH4,4.660549987479409
AGLBP6NQ3TRDCBEW5MT333YSQA5A,B0B9XPLGMD,4.855626068824707
AHZPSAULSXTEOMRSCTIC6WLMOMBA,B0BDMR3TD7,3.898400223409795
AEYPKSPNG53NP7OUQRAQZRLHHB7A,B00CPLODUU,4.152922019131923
AGZOGWXQN72ULW5XRX4JGUA3CH5A,B01DE4DPSC,4.468355877574533
AHAZ2XJXODADLAHTIV3S4TY3BNJA,B0CF797FLB,4.28669026774993
AFKMX6JZ655VPVYHBTATZQS4IBOQ,B07ZW1GBVT,4.596239558618614
AHA7ZZSLTORYTZH7P7G47EL5D3KQ,B07MV2ZQ9F,4.666276975037775
AENMAJH6XMM2ZEMELRB6HSG4CDFA,B0010SR8G0,4.700388415695105
AHI4HEBT7APLICJPKX2WXSSTEPZA,B07VRY5ZPD,4.566737822922111
AEFS674M75WS32DB3CNTBNCVCBQA,B00DZJ5ZTE,4.299008187328157
AFHRS46OEQQJYQXRARFMOO3TVN4Q,B00J1T5BLY,4.1140480912500745
AG6F7SPJH33LKPGZWM2CXHOSTVMA,B07Q28P6JM,3.6788721716833717
AFCNYEP35Q74SXUUFZG6VLH2LZZQ,B00646MZHK,4.826641391117116
AFF5LX3AMWROBQ5OONG4W7HF2QOQ,B0002GZSNQ,4.327368897108547
AH7ACAJJVDR5MZZZNMBAGQNEXEHQ,B072PQT2DM,4.328978292413085
AGY7CYYTVW3BXZMZKVJ43LUEN4BA,B078W6PTK6,4.656288973949911
AFMUJ2QQGFHDQYXZKGAKJ2Z3GKGA,B0925F8LPD,4.735908298020484
AF2V6KV3PPKRJQUNQ2STLVN4ULCQ,B00CK2FOZM,4.892292976207896
AHHT2ZWTTM26NTB6Y65DNPXIKT2A,B0C67HCGBR,4.9351372759604155
AEUAXVAUWJFDX44V2Q3OZFFYDZWQ,B00SXZBLXE,4.043336654181424
AEBK56BDUH23KP5TALYH2UBMT4TQ,B00CMUE76O,4.413866929317397
AH2SOOHUAEQ736UFTV4YRUWXYOZQ,B0B2CWTP43,4.854939041898607
AFDSDZ4A6HKSIFVTISXLNY4KBTPQ,B095FVTV98,4.670793472851493
AH7PIDQFLYQEO5CNCL2E26IHP2VQ,B01EY7O0A0,4.6546746641145
AE43XP4GKKW35I4NEHOIFE4KEEMA,B078JGMF6M,4.389577110021223
AG3S7LEUWNKV4765DN3RQY3CFYLA,B003VYBNLW,4.294123259395208
AGACWRMANGN7YVCQ7BHFP7H24F3Q,B07G4Y7QYP,4.796927250215266
AHJET2TASMZN4J7B7PCY36RBJRWQ,B0087UPSLQ,3.668846554582069
AESPIYN2KPFNMATAZNRXTGG2RTUQ,B06XG4BJFW,4.480530906174916
AHKZVNRRZWYZHQ3TZJVQG6QS66VA,B003AQ1X7A,4.41098542375517
AFJUEJD4K6TCPOMWLOYABXHG6JLA,B001JJFR8Q,3.603716726497084
AFMVV6BV2S3M55OLSGMNMIHWKBXA,B008MUPALY,4.022823990773798
AEJX3VGSJVI4IBSY2JVYJYEXJ2PQ,B07L6RCDP7,4.856281402739993
AHM4URAETRB7ZICHMC4ZSA2WYRBQ,B007723JF2,4.058221278901065
AG7QOJYFHZHLK2FH3QDDFMUXDYUA,B09857JRP2,4.900636178108311
AEP6HZO2OUHEYGMDLZ5OXZ3EIGKA,B000M74WXM,4.560178899179874
AEK3AZJGYPN25QIZM6WXRFG3HO7A,B07PSWC1XY,4.372006692609424
AF5XJLMWDP7FHGFOYMNJJIHQCPRA,B01MDU5U60,4.316324948883297
AGUFOFR5JJLYZDECXZPSOV7TMZPA,B08H5845YF,4.785324198790214
AE6OJSLUGINECA3R5K5ZXCGDXZ6A,B00O5EL4MA,4.542346140497186
AFDSDZ4A6HKSIFVTISXLNY4KBTPQ,B0BKNYGC3V,4.330571271554438
AHYUYW4OYMCDYOY3KK2OTIW2GDIQ,B00N4ZHQ14,4.314368281243762
AFGGL36KJJXEQTMHPERGAJ3ETG7A,B01J5A06OU,4.57973833408988
AH6PJZAAL265XW6QBMTLZLNYVI3A,B00BYI3UMC,4.268679517881372
AG7UBV3IXQAV2BSKDSKJYZ3Q36AQ,B01LYV68RY,4.733296476277916
AF3NJDOTMG7BRKDLV6UM7GHFC7XQ,B000G0ATGE,4.21937600293883
AFMNSKAAAPVFNPNY55G7QRBZS57A,B00646MZHK,4.492261698062418
AFQSGCTOHFIJRR3TFZ2YGU764W3A,B09QBYTMYN,4.600017351152646
AEE3F2XA7I3WFVWAV2VZI2YLLELA,B0BPKH4HB2,4.778721454103798
AFTPQXSU4KURGKWJGAKYLNJONTKQ,B07P2CZDTZ,4.85431393015133
AGVTKJAYTPW447JEYNPPTT5TDDGQ,B072575CX4,4.529830046936364
AEKE5PFGZXJF7WY3UCLPX76KDHLA,B07L91TJTT,4.668826499283201
AFAUI5YDY5SFUUER3ICUDP7DNABA,B09TPW5HSK,4.333742585322035
AF4EKDP5NU2UH5TGQOEGW2ULSMYQ,B071KGBWK5,4.323612484610155
AHZHTMIJ2DVI5YINPJYJXUK3N6BA,B07BH4GFV6,4.865964649482288
AHQKCRAIW6KOCBXNQQ2HCMDHPPCQ,B00WJ3HL5I,3.8654923898140505
AFBXPXZXOBJZI7N33THA2W5JGJEA,B07MJVGJSV,3.372906401269804
AGWNNXFVI2WRVFTPXZMFUYPMRRBA,B08R5GM6YB,4.130890449744895
AHTH3BYSBOY7EBENMTAWYWWQXPNA,B000SZVZ74,4.499967357807209
AHGYK6Y2LA4GIKZURFNWD2XXEJWQ,B008BPI2OW,4.370734937266313
AEZG4SHN6EDH7X2I4NPMCSN7MN7Q,B09RJZSQML,4.769089969079585
AFGG7OFYIXEGXLJFMHCJ4CP7RDPA,B0C698B5WR,4.620098347842847
AH4EBXBCNHNVQ5MKFUO62MZEVPKA,B00IPH8MD2,4.672139831715381
AGQOZER7UNMZIJE2SYIL3WGLBZRQ,B0BSR996X8,4.719377163030105
AHAEDB7FPXJBM523PXFWBS6SWPRA,B07BSZNKTM,4.096520207206652
AHRXOMUDZ2OFIZEUPWWIFX74EG4A,B09857JRP2,4.540663768263488
AFPSGOUZDBRH5FUTUU5526JVYMPA,B09PWCF6T9,4.582116304107808
AEEQ7UESBPQYBPBJ6JKP5CFWPBTA,B07L5B64RG,3.690027322344805
AEMPWVEFRXQAC4RVAEEFHMFYA3LQ,B07QL29XXZ,4.777371451425481
AFK4HVPTJ46LKD7CA7HSNPJQNNGA,B09SHCMRW2,4.581343574061551
AFQFEJJS3JP7MIHAPIDLWQHKBWEQ,B099SK5QZ4,4.588073826657638
AEJG7X2JPSSZWWLTEOW2YNDQW53Q,B079TLFL33,4.8331458732589665
AHWQIKVDRYNQLJODTCSKUL3WZKHA,B07L5B64RG,3.9619741814723026
AFFKWNAIQAYIWWRAMBH45SCGAJEA,B07BK9VCT4,4.694231924448394
AF4SXAHUFXPXFBBM333BSHEX52OA,B00H4PEMM6,4.735300003791735
AGKHDZNI4XVSWKG7HAW3XMGICRDQ,B00GK73HI4,4.719115879701317
AFKMQ4PILRHGC4N6CABVZXMTVH5Q,B00RVE9X06,4.903255650144445
AGUG5C2WFEGSACVXYG6AU556RERQ,B075PY9KF2,4.0151443707189225
AFK2WLVMSL2MW3H3HJT5WMTXRTBA,B01DK1RHK6,4.379701950660304
AGD53WYWQZKCVIIJEGVFN2XLXYRA,B09VT45772,4.780932216956838
AHIMLKZOHAUPH3YUPGP7SWAANJBA,B017JK7O7K,4.1308470730315445
AFGIGAOI6AF77YD2KG3VLOZQS5LA,B0002E5266,4.0864478542950256
AG43KQOKOO573AON6M3W5TYWWE6Q,B00AJHE5E6,4.065459723403887
AHSRMNZAUSJKKHQM2Y5SFLXPXYEQ,B0099DNZMY,4.071519699338616
AFUWIHK23WPEEPBRRSPULFMYMP7Q,B0BHSG5C3G,4.538538424254211
AFURZWZGZUGPGCRFXTNHOMU4YODA,B0BT9R8MMV,3.674602290200358
AGTJMPFA4UFAU5ESGIUL7UH5OENA,B08KHZXLDJ,4.578613935512992
AHMV4A3ECLZ35GBHW22RN7AKYPMA,B00JL5I61A,4.342872229693677
AGYO5KEPETGKJRCVLTNP5R7TMRVA,B09PWCF6T9,4.548720069827969
AE4TOI5QIX3CJNFPXKIUMNY5WQ4A,B0B3VF84DL,4.251412128366985
AGC2D4ERWZFFC6TBEN7WVEVAYPCQ,B003GEJ5SK,4.053262996213896
AGMWVGV6R44F4CB5QU7GUKDGVJGA,B01MRJUB7Z,4.538601926251438
AGE4MJI4ACCVR2HUDBPA27GVIZFA,B0BZ166MLS,4.7145337288019995
AFHBA3XXVMYAHM3TVI5I6LIFVUHA,B002NG7DEK,3.7638533701538996
AFWCHDUAQGDBY64GWKKF2HSF6DLA,B01E4MELN6,4.453865753599449
AEIC64XPFPXOWL624SR4XBRW3MUA,B0BKZ3GCGR,4.799753855883356
AEA6EC4Q4NZVCH6EXKJPAFDPS56Q,B075SVWJ6K,4.430200045205337
AGZMJJPHOH3O5R5AG2WNODLXW5GA,B0B89ZSYS7,4.471340008699835
AFF6DVV7X33O2CGVMEZHESC4XWLA,B00A2H01IW,4.846065335180938
AEOJHU6GSSVCEZAM6FEODEONVFOQ,B093F6V4YD,4.925958248457062
AFC265XYEH7HU2X2IROZFOJNHJSQ,B07W17441F,4.558157317953159
AFRYJ75AYEES6IRLVELYFADHCN5A,B00F20MIC6,4.070486516488531
AH3XHJCHHLVURHVDWHRIXWPQTPWA,B076H8RBPC,4.332589180594745
AG7BKYVUQPRDJYOEEJFA7CABODPA,B000J5UEGQ,4.314126794965588
AHZAHAU5BSZV62Z2TNQZDJC7SMQA,B0BCFR3ZNL,3.9418430918676135
AFGXMICVBMHATS3XS5QMMW7WZ4VQ,B0035LCFRW,4.554338761096384
AEGGHCKB32ZBMXYLDF2BZVWUIOTQ,B01M4ICDNE,4.380294688852159
AGBR6PZW32IC3DKHJRFUOOOFLINA,B00IPHIPS4,3.922528758980457
AFWDQHCMEOZMGWK3S47XD33T37YA,B07SPHH7TD,4.827967395735419
AEAF2JYA5RYKZDPKCXOJB46DDZGA,B074WXM13T,4.338174727858874
AEI6W3CJO4FEQT2UWAYWJBAGNJHQ,B00RX5HQS4,4.7815810015423255
AEJH4HUMFAN62AII4PTCGRGGAE7Q,B08ZNY3SZ3,3.7107185219000325
AGQE7GBNTL2D5CRGSEWA3IMXYXQA,B0BKZ5F8BS,4.882955220639852
AF3F36AQYFSFIAIH2XMIUH5WY4LA,B01MQSAU6P,4.348083081531749
AEJATLF6ZB6TWPLQFAVF6P7YXFKQ,B071RYWF1X,4.0114842677733185
AHLM3EPKW4KDTZWLD5IAMHOCWUKQ,B07QLYKVQR,4.573089224392277
AF77JPPQC3YQDVFLFE6I7UU3EVPQ,B07BFZ2KSJ,4.576479677844224
AHCDPMD24SBS4MR62JA3F7HC3AUA,B0B9XPLGMD,4.506103419342179
AFFC7LSYXECAEHCRLCLBMGFCVWDA,B07P72FCR5,3.3976790773242094
AHTCFI5OJALGN4MNRADWEOXMYKNQ,B0BF4L13DT,4.348003071953643
AHYAJSJYNJNYY675NJFTNOQE3OQA,B09VT45772,4.905943955573351
AHOJB6TPWSUGREQVWUHBXUVRZKGA,B0C8MDSZP6,4.355333471420966
AEP6P3KJKABIZ2XBA3OQKRHEB3WQ,B01C5TBX68,4.951758011812538
AH46X4UHBAV2KZ3UV77D4VG66TPA,B002GYWBJ6,4.418381667726341
AG7AIZBTTJWJIPTRXHIFZB5MUMLQ,B07QDCBRKL,4.5569840122902585
AFZDYVNE7K3L7FE4RMJUBLCYM3KQ,B087YNF8BY,3.669319395439853
AF4W622Q3ZWEEVIKHPEJADCCQSTA,B09MSQBZFJ,4.350253424675378
AEPBC5VE2OKFDLG22CSXHKN5VCNA,B09TRX519R,4.795646507674494
AGNCRXC7PNYQJW335W7D4KFZMGHA,B0C6HXYY3R,4.674385400393335
AFM6P2DMLWLE4QM45XLNENPDCANQ,B005NACC6M,4.12069048430253
AHFZ4K77UQRUXMECV54VEEEVUUPQ,B00T3SR9ZO,4.759735487156755
AHBLH67EE2QDH34EJI642YUJ5J3Q,B08H5845YF,4.852383841466546
AFUZSTHGF4TSNO4WHZTJRQXAITKA,B01E7FQ03O,3.951953911254411
AG2PW23TNWB4BYACHY7DDDTHCDYQ,B009O7CE5O,4.347704068103998
AFHZDQPD2TDHI7HGWNYRBD3E4SRA,B071J84X1J,3.8905299642684117
AHZT6MVWNF4GG6FISMZMORKZKK4A,B01H8E51CC,4.6462551641079575
AGQ3O6VTMDBP4SUY5HR2STHEZIZA,B06XN6QWFC,4.6291571013225425
AESEGTNVGIM67XSHIBRIUDRKYQJA,B0BQ4FJWYZ,4.7223024406666365
AENGAOA6V2UAM3NAGJAGLWJ7FZFQ,B07JNKY9T8,4.840003810966637
AEQSMBSD5HP3LSYXFGQW2N3Y3CEA,B00UZ7JADG,4.708467406167955
AFWFZBPFSKNEYFMY42YDXUZUJTDQ,B06XYXMN72,4.492932158172598
AGUT4BSZDABF2TKPWTP7QJTWARHA,B003HPQDYC,3.8823319384294637
AFV3FCAYHRCOC2A52AGKK2RPPEYQ,B0B6HQR6H3,4.529345818334285
AGNPXZERD2EQJICAHX2VHBRTDNFQ,B07FSD3CP4,4.466731704169927
AGXFJ5MHUDCERSROHV6SIFEXGT6Q,B00DZJ5ZTE,4.504802540168471
AERO573NK4DRWCKS3JJ53TGSMB6A,B01ID7LB6S,4.1429726379715355
AG6ATLCKETNYRKL6GCQV35CSSGPA,B093T1Y12B,4.54015285002856
AHZ73ZAIN522UIXPHNZLJNJ4TWWA,B073DH77YP,3.8161466544238545
AHQCDCQ5VFDGM74DM7RQ737GTOYQ,B07KJ1YFPC,4.150390824240673
AHHLPVE6EZSVKQGVAZDJXENDPGEA,B012VQ5A7S,4.649425160543647
AHLD3BAM5XXNSUGS3QICCDK6PR6Q,B07PSWC1XY,4.1801568819546375
AHUSCCJO4YMU4JD32SNDWMG5BZDQ,B06XB55D1M,4.6300475424738625
AFEICWMWPP3K4POH3LJJXF7AVEYA,B08DZZ89Z9,4.900047495746981
AHBQKNRANQY2ZBBVENAS5IXL6CUQ,B00K1WIAV8,4.447469952228177
AHZDRM3HOZLSWFXSQ5P3BFBB5O7Q,B098PK65WX,4.7534867446768985
AFQRADPBJBT3FQPLY3DLXYDZYNFQ,B01NAZMWZK,4.842198811105048
AHUCON5LFRGMY6ZBBR5LBERZ3ZLQ,B08T9CCXZB,4.930749502488236
AGCB4LPCEEZX2MJNPGSRSOWWLQLA,B0064RTS0G,4.875992982544615
AED6HJUVBCHOCZSU7TVSUGSXH6KA,B00646MZHK,4.268417434229562
AGG4TIH76JJJ65G66W6UBTLKSE4Q,B00OYUSHJS,4.547499864469862
AHKPDHLJXOUJQDLDCREEHZ24OBZA,B000CZ0RLU,4.811712934066154
AFQFYEPQJ4K56CHFXATZBQ3IGLHA,B0BT9R8MMV,4.81186090822554
AEOGO4EUQ4SODCLNQAF2QE2246VA,B09G5QS1VD,4.071070243652114
AFH3AUYGMXY6NFLHCWZ4HUJIS54A,B07N5J3GTB,4.288614882547879
AFOH5MZFOA5QOYWAUC3GNJJ2RLYA,B00H5XQH20,4.778907224448394
AGH4UMD4PDQ2J3Q4PYX627TKEJZQ,B07VWSB34H,4.460650091594172
AE4QHKV4QJCQBDCEFVIFB2XQIKTQ,B0817CVBLV,4.644190305030305
AEK5Z5IGCZC3BOIAHEZKJ5LALEHA,B00HZH4D04,4.364107970405714
AEUZWYCNH3XRU3SL4RGNVQDWNBDA,B005SUSXGA,3.595972064144597
AHXXM67KZP5QLRJXRK2X3VPJIVGQ,B076CF9234,4.02259566569895
AFFYSCZKCCXDX2FFF3EBRFR3ZGVQ,B078S136R7,4.747297347586079
AHY5LOOHEJS2PBAU6TBGVE3A5KLA,B06ZXX8M6K,4.4021721130020435
AECEYRS5X2CFMDC43NZWL3KGVVUA,B00F20MIC6,4.367723704652186
AG22ARBXBZEHDEGORR5CV4YU2YAQ,B013VNHWAI,4.134930626068316
AETZFMN57JCHIPVEHXRQABYXJYWQ,B08DBDD6CM,4.944170580829814
AG23AW56WZ7KPYYAS4A3YUDTYWCQ,B01C5TBS90,4.537569592018093
AFUMAGJW5ZKDFR4TDENXUFOV33TQ,B07L5B64RG,4.337920861317663
AF3HPF5WQCTM6CMW6RDZR2CLU2BQ,B09HN5T4X2,3.6266930315435206
AE7HRPX4YO7IU4EJ25ZNC5DPUXDQ,B01NGWFQLI,4.3788692307618975
AGVT5E2C6WNOCFYSLOCPAPBJOIKQ,B00771QSA6,2.81620017556072
AGC4T6HKARBWXWIETWXQ3NCO5BDA,B0B1LK9SXB,4.42416324953517
AHV2RWTWUZDZB5VK62GU522U7N4A,B0C58M767M,4.203380649802187
AHXWA2LX62UCCRZLUYIVH5SQOIPA,B08BW72YHB,4.403764366561678
AEBBCGPAQQIP5TEFXM4UKLAL6ICQ,B0002CZVU0,3.7913580388221755
AE2XOYXCYD7XZYEJKRRN73HQWZWQ,B07Z5KGCBX,4.689759416616813
AE4PX7WPFYOKQ7JY2XCDJIXQG6NQ,B0018TG8HQ,4.61969516524488
AFJA2TIE36MA34NTU4X2AYDASXBA,B084F2HHWW,4.908068649095027
AHGIYCYEO52KREJSMUG4HVRWXNYA,B0BT2QH7V5,4.589839650970009
AHIDTWUTSFPG2UWJMPLVB2WG2JQA,B00WB244XY,4.198433846262663
AGTSCOC7DUIMJRTVNMKIOMYYE2JA,B085JXWDPC,4.359655738277137
AHB5ERKDN3N6XGMPRH3BSS6FPJ3Q,B006I387UI,3.372746228746144
AEI3JK3NJTVVB6RQVVJXFYWBNEYQ,B08LYV9BCZ,4.932186190738307
AHWUG5BIUQWHO6KPODY2QJFFQYWQ,B09PBL98Q4,4.333692938057625
AECFGXLEX3SU6D4T6C55X2NWMJVQ,B08R5M2FGY,3.854849720757321
AEBDVELV5QUZNVMFRSX2OILTNGDQ,B00D353N5I,4.163216757243907
AHG4BKFPRKPCA76UXYE32EEW377Q,B0BHG58G2F,4.763098061304145
AFC647CM7TNBTPSPPM2EXPJWBNYQ,B06W2NS7RW,4.280494205738641
AGFSPZ7XOYCABXF6VYXQVWQRMO4A,B004LG93KC,4.622647383055038
AG6XP7YKD35LKMAUTT2SPLCKKXCA,B010CI6M88,4.539161759895533
AE2SNEBKDHQIZCKJIBV5JOPUWJ4Q,B001R76D42,4.5178431987591265
AECH6FKMNPEVOR27FIUZR75DDMPA,B0B3F96MH2,4.8117169397237864
AHYYJPAALMRAGRBUY3XGB46RDLLQ,B0BXZFS2QH,3.8721239688649147
AHOFWP4LITEBFBWVQDV25AZK6C3A,B0071YXCVM,4.69054954419378
AHIC5S5WEMJBL4CTQTEQMMPXYHOQ,B0BK5CXZBT,4.71505078779993
AGY6RRN2DDWDKITFMFZBTBJ25M2Q,B000J5UEGQ,4.1282201688662745
AFGI5XVA5EBVOE2EOS42KHQSULXA,B0C38LLMXG,4.704924295268663
AHY6GIC4JE6U7L6GPZ4GVK23YFVA,B09G7GH2FH,4.560369363763977
AEZENY5LLEUSCC3JQC2F3GJ4HMZA,B01FMKRG6I,4.580762246295981
AE3C2M62HHDRFDW6E2XADFQUXCGQ,B0919GK359,4.6433440595191495
AGPWTBAKWEXJIJLZXKEV7T2E37AQ,B075MLS97V,4.531455656173469
AFQFUOUDCVTQ4F5OYM66HTMHVOUQ,B087Q1LY8Z,4.3762856318968515
AFWYQQAFUAWPVAX5HOXR3WSAN5BA,B016QUXTZU,4.446611507899678
AFCANIN6FS52VKITA7YMONU6S3EA,B01CTWVIY8,4.029995797573724
AG6BBIGPA7TIOM4BGES6SSGZHIKA,B07NWG39JM,4.57644592999131
AGP2NR66453AJZJAYKZGSMONZ4KQ,B0002H06X2,4.502856640424312
AFR4T3JVNVCDWIOE4J2UKMBYPOEQ,B0B89ZSYS7,4.846010461619095
AFX7V34VOABD3RMN6Q7QNDOFWOOA,B01H0PACWI,4.871560404274744
AFVYTABRIESKZ2WUA6XLENKB5QCA,B011AJ8KHO,4.245729067612336
AGBW7LZUPMPOBV4LJ7LO3TCTRVLA,B0BR2Q367S,4.541305328019636
AFLLD4HIWPJGLLBNJXCZ4OWH64DQ,B07B9W25ZK,4.640316448096385
AFOI7DJOGJ3FDEYYXCDWZKYB4IQA,B0002D03VG,4.588673250333233
AHV3PKYYDJIQCEKAVLVIHM27U2YQ,B00M4M9RF6,4.759784492258444
AFBPVAR4I2B5EZTHKW5QZCXTERHA,B00IFOTSJW,4.701303898004049
AGIGTISGZA4LRJ34FG3FZSLXFS3Q,B005SUT9I6,4.794261793858833
AEUFWFA3TBVVD67HVO7FOLWNXUSA,B098LHYD3K,4.2515495990452825
AH2F6A7VS6CDBSJA24NWYKBEWPOA,B07MHL48V6,4.468026451853112
AEZIQZZSUVSU4UAQAZQJWUR4NHRQ,B0BZ5K6XPN,4.680843435741576
AHDHVYDPFXKSLOV3WCYUYDNCCWRA,B008L3SXE8,4.712620017056924
AE3H2GO6RH2ZL6OHLBAVSKEFDIHA,B08Q7HQHNX,4.478228229874087
AH45TR3BV6T3QVMWHGXDSUL3TQXA,B00RWF76NK,4.276692557925955
AERGXYG6NYIWY3VIBK7ZUQMQQQVA,B008B83SY8,3.8448695200493828
AEBID3HKBMGORBEBUBAZWS2FFQPA,B0C67HCGBR,4.566196481276202
AFEWXSPZBD4YB373PB6Y3NA476CQ,B01N8SXS2H,4.9346380287388545
AHSBERFD4KPEBMI7GW7QL3IJRHJQ,B0015B0EB8,3.541235557615825
AFOF3QHFHEPGQ7QQJBGWFJAC7RMQ,B01H8E59FQ,4.419823920896114
AHRQLNYKGQKNDZI2DKRSST6JDQ4Q,B0B8YWPB3K,4.939268648328058
AGODDVRWGAQPWOIVFD4V76XIST3A,B072PWKPLW,3.666035725733198
AFSTKZ46JMFZCWEDBL76K6B5OLKQ,B07DLVDV7P,4.501546088806638
AEZKOSSPZDQAQJEVAWYIMF2EBRGQ,B0C3JJ2WLM,4.100666263080901
AG5QJWMXSGR6QK7CTCJKXRD7OSOQ,B0BTC9YJ2W,3.5914840639941956
AGPJWCUWLVIR2VXLJANPYHHZ7VQA,B0983RTWDV,4.276362603150888
AGBQ3TX4QYWQQOW2DBADLGOJHQGA,B07Q6L4YMC,4.868485013071872
AHUIUCGSUO6B2KRQLQ2UWRYXTH5Q,B01AQNIOO4,3.8136580615419975
AHJEYA3QHJSUWT4UN6FXYWDX3OZA,B0002E2O2Q,4.178733612998733
AFKA6Y5FDB75J6BMYLJMBL56L5LQ,B0049S9FVE,3.90822234943931
AGWS2UTABX6UIBLDKBBUN3Y73YPQ,B0BZ5JK2GC,4.753973413659691
AE3HJ6CT7RAMP5XNGLYPEGDEMJJQ,B00IZA1GI2,4.6113390669178145
AFUSHAI2F56KYEMOTGFW3WZ7OECA,B082WVKSNG,4.557729601489214
AGPE7ME5O2UO3IKHIAVFQ6C4JKNQ,B09SH9C3S1,4.069786125840309
AHGPQ4KSNZBWGDSFBMAOBSWAZBUA,B0BCHG293C,4.407263944962731
AGQE6XJ6T2AYF6LTIH3E2VOK4UXA,B0C2X15CPH,4.812694350907851
AH2HT6SO37BPQ4EKOTAZ7A6WDWZA,B072WPD8MY,4.9166374958009005
AGMYY55Q5EIYMCNQF5DAYXSB4WHQ,B0BXT5BXFL,4.321539244023241
AHL6CT3IX5344QT4S3GSBUVZFNAA,B015XDJB9E,4.543756187921089
AH5S4XKENHVECUH4CNLWHQYIP2NA,B000J5UEGQ,4.52810238052796
AFFZNXPPX2MF7F6WSX4KYASX3TLQ,B07L5B64RG,4.3537393200425045
AFBXI47K73AAHBTFJYX6T7QIEVFA,B09PWCF6T9,4.689378480420657
AG5S2EQFQ76MEDNWNKXD27VBGQBA,B07CYRYQ8G,4.218145081573203
AEWRQF227ST6I3DXCM2AJQ7QGXJQ,B09M7P8SBH,4.362259156957816
AFHDHVQNIJO4RTZSJDPJMVLM7RNA,B00WM21DY6,4.514007852863955
AHIPKIT25JKKXMUL332SVAWYAKBA,B07Z3GVQFZ,4.946649755956915
AHROUXIVZXJZW4MO2AFN3ONK6DTA,B00BQYODWK,4.713433195004266
AF6FOQSBPWCC6LBUJ5E7M5EWZI5A,B019MIPZ8M,4.319276622994938
AFZ5JLS76NTQNWVF654CNXF3SEHQ,B0B949FD92,4.496445676425903
AHF3YGM54O5RAXYBAV4FRG2FQWDQ,B09V91H5XM,4.772500556914171
AFDPDHHU54M5M67PI7ZA6SEGANEQ,B07D4QCBX4,4.5700635879587
AHFSZBRXW3JCT4BGEDMR5LXKFCJA,B00R5VZXKY,4.588759104197171
AFOKWBIT7ESXMZ5OOVEPVEY6AYRA,B09JFZ3CKY,4.247977871701554
AFVSSJ5QSQBZBTAVR5XHF6UQQVBA,B086QP7WM2,4.388499229036949
AFOV3YMGYHOVKW65ZOFVUITMT6SA,B000BNG668,4.457379953219849
AGUS2NZDI5C26OUO3OKRKDCYI2SA,B0002BG2R2,4.660987384656433
AFA4ZJGSTUWBV43E6FHQJV7ZWXDA,B09397FWYW,4.912696566362358
AHH2S6RQ5UCCSGDC4YSFGIRBXTTQ,B00DKAQGTG,4.723936975957008
AFSAEAZMJRB3KQF2EX5DXLCHFMUA,B075ZDCFFX,4.656195154367323
AFHNWGO25QKIPAEMLJ7ZLAXVXXYA,B09VBWXMBC,4.706263301115531
AFI2Q4HGBSVHDT7N3DYGZBZNLOOA,B01M8N618U,4.392714042341497
AGAOQLKN74M6NEVHNV3BLTJDNRJA,B004XNK7AI,4.744214473314644
AHWSZB7RGTT7VKF5ZLHFE35KAJRA,B001MX3WWC,4.2209800148648515
AG64SW2Z4TEZG4IWEGEUFEEZBTRQ,B000A7PQIO,4.095065798662185
AFLKS523NY36AY6WTAAKFAHYT7BA,B08Z6TDJZ9,4.618429269846853
AEXSJRCAW5RDAOCGSRNV7BSK26QQ,B09JC3Q3TH,4.336951710166858
AFRHKO4374QYE6EFRHEGGSPVWJSQ,B005OEM43S,4.344166851941998
AGN62QQ3G4QRVVDCJQ6F6Q264M7A,B0BK5CXZBT,4.634624592804853
AG57ZCKN4CZOESBMSWZPL2CR77JQ,B07WTBV69J,4.650199655646077
AE3JDWVNPCOENCG57MBK66UHQCMQ,B0B8M5FJ9W,4.568166434629093
AFTZQD5DUX4N2BQY3QJ4WCGIL3WA,B002G1UT5C,4.150288448309964
AE4OEJMTMMN67HAFXYTGCW5LDVBA,B0052S3T9O,3.4101327240904604
AHLGPPI5LLPXUYFAPN6VGRHMFNQQ,B01AW5068S,4.499061242989912
AHUPCY2JBC25O6H556TRJZWZMFXQ,B0050CEEIW,4.083366562216201
AGIBXQUC5LU5WP6V6NWJYHKLLG3A,B009DYPWBG,4.587544243846893
AHDWGSLY5F6AL4WLGCL2YSSTJQLQ,B09ZDMFDW5,4.381929159226814
AGSUOYF2YX33MWSX4BUAW5LFETTQ,B0BR2NW577,4.707407144582314
AGZDUBW56W3GTKFCJ7VUDSHVUB2A,B00X7F1LQ2,2.8032484375809257
AG4JFCTSTDDLSYABQYGKRGV2F6NQ,B07ZKP1KF4,4.330461685651551
AGNPXZERD2EQJICAHX2VHBRTDNFQ,B01N5KND14,4.629508885393052
AED7CZI2A4UFHHKBLM2T55BK7W7Q,B016133LAK,4.0670271059122545
AGN5JKC76NLF2PUJYOGMWH4EZR6A,B0C39H86Q1,4.896238759057777
AHTAJ2OUVWDB4RPWSJQRK6WBNN3Q,B00646MZHK,4.596834734851288
AFJ6BNKTPZQXGEOAIOMMCSESJS2A,B002RVQTR8,4.683898280030526
AG545MMHYSJ5GUXAXDOVIC6IZ7ZA,B003AYJU5O,3.9985444312338965
AF7UGFJC7H3PBAJ44UTW4MCWFCSA,B07MMJX9T7,4.270376511792961
AHVJ7UVESCIEXJDPRIYMIIBQEM6A,B015OP6OOG,4.917062087546871
AHWODSX3VEDWXPOIMZFIWCUXSVTQ,B0BS6HRTYM,4.773353261511396
AELBSC427YP3XNO3L4ULNIASKB6A,B07883GRPL,4.190132027648307
AEC5F6TB3IB5HVKMUBAK7IHJ5APA,B09T7Z8VB2,4.875048682395198
AGLGKDWYUI3QG54WUNJ7EWYXXHLQ,B06Y6BCX7B,4.36198884587201
AFGJC5TF3BY7ZZSHWY2ONSPU7VIA,B0B9JZP4BQ,4.680353497107101
AEEGTK6WKYOWLE57UPJYL4ZOZ7RA,B07Q75MDB8,4.637671827513241
AF275ZFFGX7UOQR2F3VTUPPDOCEA,B0BT2W3TTM,4.92521815305253
AHSXY2RE3D43XV3NAQXJFZ3FEFMQ,B0B9LKKBHK,4.61028234624764
AG3GKTRAHOZP7J6XHVZ74EO4GJZQ,B00O5EL7S6,4.879484521480485
AFODRXNLEQI45IJTZOSHP2H2AMMQ,B074T1SZGQ,3.8708879543583063
AFQAITIWHYF277C64BWNAQODYE7A,B07B16JL73,4.76202620680033
AHW5L5NONM2GMDBDOMAWICXCLOJQ,B017808XKS,4.703094996847416
AFZPLBJIKNDIJAYC34RG7MYJS6DQ,B00P1GZ39G,4.641980400786478
AFZUSTESN2HG2A2VIEJC53WXSQCQ,B0C4SP3PH1,4.4046407667365965
AHVL6NLW2ETK2KCNUGI6OTQ6IDQQ,B07T9W146S,4.585100420051321
AFBW6R5V7AL57BMCUYFK5ZQRHU3A,B00504BLJU,4.547977757188578
AF2GNRUCCIC5DYCDJQ6XF45STO3Q,B07MG78TDT,4.17559542903305
AHQCQOYWUBEIRMSJVIAY62ZX3GSQ,B0CHMQ9H9Q,4.775416696750275
AFUDNFNY7SEDKBT36AH2LZDN4QTA,B000Y021NA,4.297457491187396
AFMWSJXVD2ITRLSHTOVKET5IF3SA,B0B8M2Q1DS,4.552679885040179
AGTOYBZBFDWXXD32G3TKF3IOTLBA,B0002F59ZY,4.746136201897031
AGRCVTGVKU6I4WAR4WJGCAQZM6XA,B00HTWQWFO,3.881241169443938
AEDKWF6D2KIBJDGAWTXGMLCR3WMA,B095XCZXNQ,4.180516326042918
AGDPYGKE6ZOXBMUDUOLHKMZHCJ3A,B07MFYHKLH,4.553306654830591
AEG6JSCCSPLNC3WDSNULLRNVWOXQ,B0B7C7PYVC,4.428520364804486
AGQ2FSQ2EJJXXJDWNXNLRAQCQLVQ,B07HGRFG5J,4.157379965252385
AHUFMBH5VMD7UKPLSWAGMYSFHMUA,B09HCRTKL4,4.577366276948821
AFM7D2H5LRVJUVMGLUUS5MNYR5WQ,B07BH4GFV6,4.865524943496127
AFAQSQ5NDDBKAWTJBFS45OSCAW4Q,B0BQ4G4JYQ,4.539216011570148
AFG4O5LTIHBOWSQ4LBYQLY4TBJDA,B0BW8L9WF2,4.4180950027175525
AEYJ4BWSPRCLEJQIMDL7BH53TYGQ,B09NDBVJXM,4.861921855700594
AEUSNVRZQLPKRERL4EJ3HXR7X3LA,B07KK8XL44,4.30626581248516
AGLGD4PSAOA6W6AEZIQ7PT74RJ2Q,B0BSGM6CQ9,4.72442904352147
AEDHDFUNQQHHO4IV57N5YHW6IVGA,B08FC4P2F6,4.4547295286273325
AGJRMIF3LHVDBHMCEYRL7GWCVMRA,B083MWZ1DN,4.771444914713912
AEKHOFU35JS3BOIWZSEM7DKSTEVA,B0C3QWRH66,4.434185066519042
AGCV5GUWIDXH53ENHCIXSZN7OBHA,B0002D0M94,4.673465223086016
AEENSLZS6WAJQE7GRMNHI74TIYYA,B0006UGEOK,4.570836356691558
AGBELFRDXNHI2I4WWUM2WPEAM7UQ,B01CQ01SPM,4.696722588085427
AGDATDMAB2JQFVOC5BSRRIGFILVA,B06XVX7BHJ,4.116151266347549
AGJAAVMYOSWYRC3HRWGAWHJFS4WA,B01NBIW57O,3.9181546159505762
AGBG3KK74IKWJNQVMQAGVBWJ7FAQ,B0B2MTYQJP,4.300406267890091
AHO6JZJO74RBYK6KAPCPQ5WW3VEQ,B09857JRP2,4.934435288193176
AGID6DHXZOL34MVLPDSCO42D6GZA,B08WB1VLRJ,3.843554197312396
AEXNTI6B2RAU4KEAXHXAYKKI23HA,B075B1J56K,4.468741470116905
AGZ6AX5RT2WKRJYCYVT27ZIMMGMA,B0195NQSTO,4.8223899706845845
AFU4WXFS3Y3OZ52E23YPAA2DIJRQ,B015WYRWYA,4.922626153189176
AHZP4EGVGXAQYU6NONQW7WZTPEZA,B0085545YO,4.687487015437107
AFGQH4JD5QBDF27M4MG6OJ7IXWBQ,B07MDT5WJX,4.832482236724212
AFR2QCLNJZYL3R3JDCNNBGLH75QA,B006UOSUW0,4.850662182769874
AHJCDOPTP3TS3AKN3WXVWSQR322A,B095QDDCKN,4.316683738084758
AGHGEAJWZF4K5ZD3AVJMVR4VTIVQ,B09G5QS1VD,4.302326594204795
AEPQMXHOMG5ZBK3X223A6E367KLA,B073NPJF54,4.60912989111506
AG5QJWMXSGR6QK7CTCJKXRD7OSOQ,B01N6U2EJ1,3.49550008204963
AER47L3AWJNSW7S2YC6UI6V77RAQ,B09857JRP2,4.870751820629918
AGEA7N4MSNAK7ANYT2RPCY676KNQ,B0035LCFRW,4.916118185617499
AFBVKQ4TBCCIG7N5BOIREJ47BGEA,B06X1C3GWZ,4.261146702481673
AEIW3FPJYRTL2ABJQNZRVELSDIHA,B004XDQFJ0,4.29107322639054
AH5D4W76WTWVES3BKJKJPOHLBJ2Q,B08F2QZ9XX,4.508108119147698
AEKS23KTJWPSSKWVWNUPKQMKOVGQ,B0BSGM6CQ9,4.60938395468491
AEGPB5P5RTPWTVSARDZCY4NIITKQ,B00KND95KK,4.433552971562644
AGONUN3SQ3DQUX62IHQE5HCAXT4Q,B0BDMR3TD7,4.434209194215277
AH665SQ6SQF6DXAGYIQFCX76LALA,B0B8LYBTXZ,4.287884484282893
AFRGWN2OQMXTMFUCW7DBTJXXZC5A,B00CK2FOZM,4.7391650036649065
AG4FSWXIYRAWD4GVRIYXCARYASVQ,B008MI70QE,4.397594472510118
AFSCF6RFBDYMGTDCGT7BZ4Y7G3SA,B071ZQK57R,4.067098139558228
AEX7IVE3YZLESAPRDVOPTUMVD4FQ,B00P6ZOPP0,4.028758497806803
AHMBTMDNL6YETYVEVAX5JCIWWNCQ,B07Q38FWFJ,4.72177248984087
AGTFVU24EZKHXUFYKLSRPB2ZUG6Q,B01DE4DTAG,4.621300381833189
AFC3LUU6EQ2CJDKUOVUANLP2JJOQ,B011EXBCMQ,3.9055067783145145
AFZISTRYDPBLS4IDSBZTKRIGKDOQ,B00WJ3HL5I,4.587596744738691
AFKRDWMANJ6YAYLX5LLJTPI2NXBA,B088DD5M4V,4.624833812594317
AGWAWVRXUKLL64QUQZUHNHMNFKMA,B0BFKKVQZT,3.9883042962863957
AEOAVQQMRY652RTKHFB3L6Y5TYIQ,B001GDJQTG,4.0502945884815285
AEMJGS26JFHL24UXI2Y4IN42MUQA,B09ZTJH58K,4.936216624684793
AF2SSK423YDGF5C5EVEWDZFV2TQQ,B0B95V41NR,4.761287965750342
AFOCHHI44XKMG44TIDXRHY7R2H2Q,B0B8M2Q1DS,4.055584729747328
AENLVOY3BCY4AXHOB5WIGE65SRHQ,B08R8FSFRB,4.60904870842438
AEWH7JMFZ3SQI4UE3DU6VRYD2BGQ,B0872CS1BX,4.28461929102332
AF6JSVPJ2DCT5CECPNXDU5PWBMEQ,B08BW2TBD7,4.5918491289175325
AERERSWI7SYRKB5A5K6N3VSWWS5A,B0777KT21W,4.416475863676654
AFO4VO3EMAEWPOST4DIAMAEB7ICQ,B0032UYIQM,4.798818481873624
AFJ5GUZSFBLA2K6DI4XHMSG2ANJQ,B00KLLKE04,3.546134404446399
AGJNQM3DSVQLJISEL4NSWE5JOOSQ,B0BKZ3GCGR,4.305548460849541
AG3YM7FMYVGQ4UKSE4LQGJTXD5FQ,B07TJX2K8G,4.758592540783159
AGVO65TAROWVIZVT227P76LOBEPQ,B08XMJVW2D,4.411732906231466
AEV42PMIPV5O2GR7XEEVAKNPJF6Q,B01B15JPCQ,4.414180485677081
AGB5HMEVDU6ZTYLFVUSDBISX3U7A,B07DMZ4B7N,4.674776303104977
AF6EJYBF33I6ZOJWPS6SKJCN2DQA,B0016H8S1O,4.84334222480707
AGUUZPBKG7FN3UFJIS4IXRDZWVMQ,B0161MMX4G,4.665950011447232
AGXMTHMKZG3QKW6UZPY54A6225ZQ,B01MSNIVKE,4.757524185841794
AHNUALEQSBJJGHXFMSEIHPPXJGPA,B077YGLM39,4.5040948979196855
AHK2JKHQ22EXZBQWCF6SAV3XYAYA,B0B7C7PYVC,3.920192888050014
AHR4QTZAOVEE5Y4RZ2PRDEWZ6SBQ,B09RTZ26KV,4.756807307502679
AH2POAHDXXWBO6AJYISIC5WO35RA,B08C2TBWGV,3.5612785694258857
AFTYUC2644SXODMOUAOCS3EUXLNQ,B0925WNSYJ,4.623267756054954
AFH6VTF4HK7G6XEPGKMJS54HS2BA,B01M0RWZSB,4.698205186937081
AH7B4LZKXIRVOKMQABH4TYJWKYPA,B07BK1KRMZ,4.841475045079267
AE7BOZUENUHTO74ZOFS2MCV2OIPQ,B01K1EJQ9U,4.322897850260901
AEPJXX4K5S4WEJ7EHNBIGZA65CGA,B008BPI2OW,4.382015051090894
AFIE5BI2QPM355FG7JOUDUL3MOQA,B07234PV7Q,4.719043615446419
AGUT4BSZDABF2TKPWTP7QJTWARHA,B000V6E01I,4.926803061332493
AFQSGCTOHFIJRR3TFZ2YGU764W3A,B00RX5HQS4,4.821877228686969
AGZF6BB2D5R6EMB4P4353LFKR4PA,B0B59HT4CW,3.882825363046939
AGEZ4NC2DGLNTGW4WK5PB4PVPQ7A,B07Y6TSTS2,3.985504558720761
AFXSSSNW7ZJY5LZTDXHURSA7I3WA,B008DCOOA4,4.59858978241861
AHJPWPHCWZ5MX2UY6CNGJUNBWP3A,B0B8YY3M18,4.2877431600221305
AH7JAXK4CMAKGB2I7X2BIW4OMXGQ,B07PMLJ8PT,3.8243417408237335
AHSLQLTCTL7BXJCKPC4CS5WZ6P3A,B09857JRP2,4.920354150066426
AH6WLUR6WYU5G3UNQDCHKDTBGEGQ,B087B6MMYR,3.4099191359517684
AHCKFEE2OR3IUWX3C4GSR3BTXTSA,B001B850DM,3.6064424913505446
AFA2XGIBDVRKJW5TUJ4XBSFRKD4A,B0BZPVZC89,4.078667955356764
AF73XBA3ZP4WT5PJ35HOIH7RCX6A,B003KVKT0W,3.330076713396279
AHAVMJ7OKLRLFKHUSZEZQHPQCHWQ,B015HG82EW,4.482182006224152
AEJWL2VCYD5DYYK5KTYHBTRTTUVA,B074KPCGYL,4.4060740119375765
AFQFO4MXAJX3BTIPTQGSKIOAJ7IQ,B001NTX914,4.473728121076574
AHITPAZLFZ6MUAIRVQ7O5P5XGBBA,B00VYQABQ2,4.013821170042206
AGPDZTRIIRXHFAPGHUR6WG3NFD7Q,B072HMBSND,3.7155141065583517
AHWPCWQ2D66IJWQW5UOWEM32V7BQ,B017GSAT0E,4.796992285054454
AGXFIFO4VWNHPAX3VJPRQ2QJSCSQ,B06XHXTNK6,3.4562194746642008
AE4XDOLOLDHCE3JLFPIOCU2CDPVQ,B09DY5162V,4.3103022512167355
AGMLFM5LJZ6NWOQ5SKUTHJZ3WMCQ,B06XXND94L,4.93963431070624
AGXTFGO7KXIW257RRFLSA3C5VRWA,B00IFOTSJW,4.564292423247775
AHGIBSFUX75SKXE57B3GHITHYR5Q,B07GBPF914,4.589487317321494
AHHT2CP2KHNLPRBP3QFHWA445TFA,B09PJ3N73Y,4.509470602307998
AHQRMJ276MO2DYT6Y35GUTUZUQEA,B0BT9R8MMV,4.925839862273731
AEAGSWW4RVIR4L5BH4MVOV4X23ZA,B0BPLFP5P6,4.420718782533351
AGRMBKF2SDE2UFCVGX3C3YU7UVIA,B0884DCBGJ,4.464770590376356
AEQCZKNMWZW72YG5ROSWVBGOXHWA,B00FFVLKJE,4.274680487808061
AH6MAK6PF2Y5LOQKNJCZBEXMKYSA,B0BW41MRGK,4.74481699180528
AFFCNEJLNMAUSBFDTVL7TDS76HHA,B09NC8HCRS,4.65355515956595
AGHGEAJWZF4K5ZD3AVJMVR4VTIVQ,B0769VKBTZ,4.91227549258266
AFHXGVSCCIAZUZKLKFO4SF23HOEA,B002AKVQK6,4.80091130606575
AHSDVLG6RG7X75WCJSRNBW52INCQ,B08KRDKZ6K,4.755899215003281
AEJWL2VCYD5DYYK5KTYHBTRTTUVA,B00WJ3HL5I,4.585604369896522
AGEJRGFQAE756CZAUY4OQLHQ534Q,B08XL4NHL3,4.5967772450459785
AG5ARKH5DHRZD4H3SGD5IYTY654A,B0BXDSJT52,4.27718170929688
AHNWYYSU37USMKUNI2XSTHCD2VZA,B07MHL48V6,3.8858581532717875
AGUIKU6A43BXYLTYZXNODQRHZ7EA,B0BR7Q74PC,4.541693679375324
AFKDPE3P5ZL7WWTHLJGPGHLFLEDQ,B08T9CCXZB,4.827518633406923
AHGFANFHSMQOHSDTHKO52DWZFYAQ,B00GG20DJ4,4.235356648746942
AGNDXQMA54YLPLIRSJ4CRPHH324Q,B0BT3B7GTY,4.7226393543843015
AHHIVSLNNBQTWQ2PQJMOFF4IPURQ,B0796CFWKG,4.714436476545902
AHF5MC62OR5WJKQ44L6CWWBAJIDA,B09JZQ67LR,4.58631964144289
AGDEUEHXRVCWANF6PENBUO3PDUKA,B07B9W2XFS,4.545413213839312
AEIGZOWPIU3PMS72QQVOSPK5DSWQ,B09G5QS1VD,4.281754070934758
AGXKROS7PUCF5FTKJP2V3Z2DVI6A,B09398HH18,4.6313636925220125
AFQ7VJBUAFMCD6WLRMNJVL5IZGUA,B07K58QSGC,4.807770762916915
AGWS2UTABX6UIBLDKBBUN3Y73YPQ,B0BCK6L7S5,4.6394208670633486
AEQZCIHPL376ZN3LRVIK7LKIO6IA,B077RL5S6L,4.75218092693299
AHQ7UIJUCTKYWL6SHF444WJYBZPA,B008BPI2OW,4.850761763285933
AGN3MQNSNQNYLWDVVGL5RTDA2DHA,B00XWLVDUU,4.135008919414212
AFUZLLFBTEMFFNHEXPEMTWWFU65A,B07GFH8NTB,4.646453378181908
AHSCZVYJIQ4N5YJQDGCIZZN3CFJQ,B09BF8XDF4,4.115467668376185
AEIZ2AYL7ATS6TTBKCC2SO67YCYA,B01B7N8P5A,4.552291189819783
AE7PQEPFCV7OBKK2FZ5HNRKZE7KA,B000JWTWCQ,3.937012919031976
AEW7WXMSL3KZ6ICVWN4S5I7PEUKA,B08T9CCXZB,4.811162383420745
AHLLDYLLXIAPQN7DJCA4BVYPPEFQ,B0CBSSC46G,4.463496493449284
AHWKSJ62EEEXSRG3ZHRNWBEXWFXA,B0BWXY17MT,4.890975719180702
AFPQPRIZXHHOVL5VYHPKQYMEPHQQ,B00P0HIZXM,4.466749376801095
AFWQ5JUXYJJQDJNYLVVOQDDW2C7A,B0006IQNES,4.5117369354024355
AE3KSV543QVC7GAKJGAE6F5TS7WA,B00F4MYC5I,3.5368912810826236
AHZZX3DQ6IZHVV7GI77GL4PAQKCA,B0B8M2Q1DS,4.390266956517632
AGE3YAKMNHECBEAFUIJ7NNLO5RTQ,B000637LVC,4.5385957354162
AHNG3NRGEDYO7E44QMYDHMBADPBA,B0B8LZKBN7,4.013221508307811
AG43KQOKOO573AON6M3W5TYWWE6Q,B09D9HYFYY,4.582881194105402
AGGC2NUD4OH4CW2EV7ESFUAAPCIA,B004XNK7AI,4.723176784703416
AEK7KBA4LVW6N7422XG2NSSRSJAA,B0BXT3YHW7,4.478287400049332
AEUFCTMP25QBJ4AB2AN5LKHR53WA,B00H35YIJE,4.748062097992772
AFBW6R5V7AL57BMCUYFK5ZQRHU3A,B0B76W9CDF,4.91425556119921
AHKYSWGAUYXDRDRDVPJF2IXTBQBQ,B075YF8VTV,3.984433048263697
AGFVP2RIKQMCJOWPEFL2YOQKSUGA,B00Z9TIXOC,4.731964077652974
AFKK7F5DY6QVQMPGYFXJUJMH5GDA,B096QV18NX,4.548303815389247
AEUL7J5DOLN5C2TNYN6WLR7VK7CQ,B09R6PRMMY,4.893870661954647
AGORB27V52BOPCJGRI3QPQZ7SF6Q,B003KJ0ZD0,4.779261317896626
AHYU5PQSGXDZ6V7F6UUG6LX5HJRA,B009J8DXQW,4.771762941645241
AGH7F3VLUYMLE52O7FHD7X2B5RAA,B0C61YQFHH,4.204354048139615
AEPUDI6BXIIFIBDD6HN66DFSXXIQ,B08DLK3GC9,4.758909666283246
AH374ITGDQXQGVBJ5ZSW5LVEX2IQ,B0BKR2ZM9X,4.888060426725171
AFJPB6LUARRD2IM4HZKYPSVC3FAA,B0BBG39TZ9,4.71651502550031
AHTRLPO6Q7FNLBNB5SQSDPLC6I3A,B07PSWC1XY,4.568349998594847
AFZQH5XG2U7PUV4ESRY7IA26VMPA,B074WXM13T,4.664794432428039
AEHGYB4EMFSAOJVQSYG2QD6HMGYA,B01KBCUPFG,4.18368398632391
AFZTZTIUKWVBHZWWXHP5GDF6QODQ,B0819XW78V,4.757105981645163
AGEXOCVVUXJJZMX6AGI6LDVUC7SQ,B006UOSUW0,4.660020749884312
AEVB5BSDA5OASLEFI37PGC2XHIIA,B07CRK35NG,4.454976145979739
AE57MRF2R2ALCC6H5WQLFKT7KSSA,B07YXY9L3T,4.499805224125298
AH6JESOL3IE2HXVN75ODIOHNWJYA,B0C3LK9886,4.355508509424142
AEVP7D4FN334JKBYDZ2EP5AQPKFA,B07MQJQTR7,4.657632679396075
AHHXUCKVUSI7A5ECJMAV6KU2HOHQ,B00OO0XTB4,4.653745541115061
AF7PSUJM2OPFVDSI53L2EKYUPZKQ,B00USQY0CK,4.226278813088032
AEVYZFKOMNX4DOSBR7SI6PSU6JJA,B01LYIRO3H,4.121026375842372
AHMVWBJ4FNFOXJ6BXA5M7CEDHSNA,B08S3X7WMR,3.6041429110284717
AF2OOLUOKOYQ2HOAECQPBVCIIUVQ,B07PPHHG34,4.569562385944821
AEEWM3H4MGP5YEKKAWWN2K5GFDGA,B00CGFRJ2Y,4.901992335658063
AEZ25O3HQYWEXVANIUM6VHNRDAWA,B000GASJF2,4.216079367488186
AEZEQQAJOBZ5B7QVPWXBXZ33LAJA,B078KTV8L4,4.00190204953528
AEKIBDMB3G3V2F3S7UTCCKDMR3YA,B00US6YYMG,4.390898926354481
AF2GWXZDIXTBHQD6Z35SR26KSGYQ,B0CBK1WSMR,4.477772504697352
AHFFHYIW76RJQMCGMNNOHD35W5DA,B07SPHH7TD,4.831439761080766
AGHVRG2HSUORQ4A3OHQFWKMIEOAA,B06XXRRGTY,4.914030202740978
AF6QJEYUUAUD7J4D6V4NW6TWX7DA,B003KX4SC0,4.304700661198458
AEFJPCWWQJOL4HBWQXYQ775IBTJQ,B01822J05S,4.43639486319695
AFW6ISKFJUM5ZDRGSDJCJF7TW4IQ,B00H35YIJE,4.774210948872442
AF6LBRKK5RSD3TBYPDXMMDP3PX5A,B0B8DHDVJZ,4.534152225881849
AEBPH5OGFZWNYAOE4EL2Y4MDPKDQ,B071WMKJMY,4.662601259551718
AGUAR5LOTVA6SHQBEM5NYSO2EAWA,B07BS497RX,4.721823638722325
AFLE6K7Y7L53CS7SV6JR5IPXJQ7A,B0002F51DO,4.2757665774075875
AHNXWNFZIZLK2A3OGVF62FGR6SFQ,B00IWXMGH2,4.471080997752937
AGKMKTMMN3RT4CSD6P4TAWTWYPIQ,B08BSFDY99,4.350002797702135
AEN326SBT64VHDX7FG2G7ETRXB3A,B0002CZTIO,4.433140365278701
AHHWYG7BHH4KL2NMB7SRQBRLZBXA,B00KBCOWL0,4.015949829464678
AHLV6WPBIKRRVRV7ATUGZVVPY24A,B01FH89Q5O,4.849113314218988
AEVWFJBKJSOPAP6RKLA62OZNCEGA,B015X3CXXA,4.498785987278096
AGY4QLGJ3WS572EJXYILMZP6U5XQ,B0C61YRZ1H,4.457895799778246
AGCKPDUZTEZAGOLCCG3DQV4J5XXQ,B0BT2ZRCY2,4.824511753006651
AENG2XOGTZ5PWTWKRPDZP2S62IOQ,B0B31RCL2G,4.606277951578305
AFYQ5ERCXJW4T6D7VSCXP4BL535A,B0BJYS4BQT,4.61314853531956
AE53VDKFQ67YHCSPLIMTCFK2TBCA,B0B8M1RZWV,4.7334091658696735
AEYLNJLX7GYF4NXNAVBDL73VEYPQ,B0CBC8FHVD,3.991433965127643
AG7YOQATPK3IWI5WQHMNQSGNYQ7Q,B000H18RYS,3.7603925796493014
AG553SGZBEHRCZMXNXWJINFND4YQ,B01I6EHKL8,4.634797827327898
AF4R3QHJTOOHMJXQROF7MA2RM2QQ,B00M9BSZMI,4.679803786987816
AHB7NX5MFSJ6W2NWR5UNUFEF7RNA,B00N5THDR6,4.6157001017538315
AEG3S2JSG7WW3BXOWKWYPVSTED3Q,B07NDJ1HSG,4.072954384626155
AF7CC34DK36SQJS7WXI44DREGWJA,B004P4MLMW,4.622380409804791
AFQGOHTGJDVQ7PWB3MGLRTG7YHDQ,B07226MCY6,4.313385794946096
AEQN4YUQXU27N3EXVSGUEWRSY6IQ,B093YGS1F1,4.25961379897758
AG3S4FROO422V5KP7DJCBXVUQLJQ,B07MQPMS7S,4.830604532560871
AHDZKPPKUT7HD47LXCBN7RQNN6KQ,B09997NM44,3.9868750229370087
AF4FA6MXKUITCOOQCHJZH3EDEW6Q,B0BSGM6CQ9,4.643308129303678
AFTEZGXRBCAE4WOKUTABLKG6GHCA,B075JNW6BK,4.186488467742991
AEZVMCJMXA4ZJWUTFHQCLZIQO3LA,B00CRQWMYM,4.2040277012911265
AFD2MJZTOT57DPG42CDZ6J3ZW3XA,B0B4SGJRHR,4.698888828108371
AGFUJJJTJMQXQT2PGDBAJE6DIPQA,B09857JRP2,4.695573413628805
AEFTOJ4ZJ77AZONVSHEJENIC2JUQ,B0BJYS4BQT,4.330146018863094
AG6Q7E7GGX643JLMRMPISRS4ZGOA,B005H2007E,3.723614019755162
AGP2NR66453AJZJAYKZGSMONZ4KQ,B0853X3VDC,4.602389074231004
AENJN3SAZXVRKSYKW57MJLXAUI6A,B0179A4ILK,4.119364650797783
AEZFHZS4BLIBM2BZVUWZ3PO4VFXQ,B0007L8BQW,3.6679737604677185
AFXOJVXLBLYD2KJCO2MV3TVEPEOA,B0723B2GNR,4.948964562431485
AHLQP6LTDDC5HOP5TELA473KFRDQ,B01C6YZFY8,4.767991022977204
AGNJGGJ7ZVWUJ2CPLO2FCI6UKTFA,B0BQYH4Y5L,4.3220856795069755
AGZXSZ3JSHVOVFSVIPJN2AZXAKDA,B0B4SGJRHR,4.640864769925699
AF6PBG7LLN5RCHTOHZ7XQSU6JKYQ,B00WJ3GS16,4.10710162066928
AF7TNRCWEV4U5PMRMSMUOULNQWFQ,B01GKX638S,4.220291790046657
AHVMNUYCMLPJIGPR7BKLLJLX57PQ,B00IFOTSJW,4.609828638015953
AHC2TT2NQZJDTZG56UF3GGLO3WCQ,B08PZ5FQ3H,4.501001849107951
AF746O6B6UNT4OC4TS7CL3Z7TAFQ,B0002E3D9Y,4.365284817133742
AF7UCCPZPJPW76PNE2ICQPJUQEYQ,B01JM0WCYA,4.510329850286462
AG7SOAQOQ46YSE3DL24EILYE4XWA,B071ZQK57R,4.212010287163963
AHJPWPHCWZ5MX2UY6CNGJUNBWP3A,B0B8YX1H2H,4.409400616055561
AEIORS6YPYMQBLYQVTB6OLRC45UA,B01DK40R3M,4.732267237535883
AGP6DVMFOPJAIJ2AU473OUN53ZGQ,B004X7OIRC,4.175090566563224
AGEHREYYWFDH6O3NOOJSPWC4JSXA,B0002ORP8O,3.8701573853952915
AF62V5OQ5N6AXFIPEC5OW3BITFCQ,B00WQI2TM6,4.384155047218217
AGQGQNKQEUZLXVMAD37CUFLLGMMA,B0BKB22QPB,4.574033089203735
AFH7JZJO6B5MCIS5RII5J7JG5QOQ,B0018T62KE,3.370452305371193
AHZER36Y6IL7USHGBCELVMN56VOQ,B07MLM8TGT,4.13487675089438
AFOAF2ZM5JEUC4HEXDCSQVRN4VBA,B0BK6MQF3Z,4.154521773974376
AGXCLEGTACWVEW5H6T4S3Q54Q7DA,B0745KXRSL,4.528557674691076
AHJMSTODUTOUDOTDQUB3W3UUL6MQ,B0BSR996X8,4.959191263079001
AFHEYIB5M5MYLROKZ5IEMZSJDD2A,B097JDV3FW,4.888954002443637
AE5GU6FB5WPUSX37JGGNXLS5MNLQ,B0179A4ILK,4.769795124729494
AH4AIWIVLN43SGJGK45W4FCJB5GQ,B01MF9H516,4.731700284309862
AHBZTWSVWOVGZACP3DOO4IVRVBLQ,B0BFVMLVWB,4.619065284393944
AG7D7FLX2VNKHIEPOEAYLPKEPRDQ,B0C67HCGBR,4.875842846976589
AFUAJBFLBR2QNLGZJHPH4NXW6TTA,B07WTBV69J,4.684577042524905
AHR2T6WRBZHZQDINIP4FEKFMJLGA,B08R5GM6YB,4.76160104489176
AE5MM5FGVZCIPU5325CBSL6BL76A,B074QKLW4N,4.779859287872546
AFEJOKVEBOJR2MZEDPCEMXEV5C5A,B013RX1IJI,4.625496153762199
AE6DSAVSFEUJXG6Y6OXSNBF2GR2A,B003YJQX1O,4.626477166127728
AFUVULLBBA42PQXUQ3OIHUJULV4A,B0BSGM6CQ9,4.614881325394654
AF6KNY5JSYLUFJB4LCANTACTXPFA,B09Z68J6P8,4.53086445147661
AHGC4VVFAHJ2CYX2C4HYRZCRJGCQ,B0179C3V7K,4.86734192537348
AG2BUODRLIQFESF7NG5QHFDK2KEQ,B004HNZZCY,4.563953831646968
AGS3RJXAVACT2S5EKGAFSWADHY7Q,B07WWK46Q9,3.9760849184443128
AGN7PZXO4DA4KUC3RLI4SUSYXELQ,B0BSC983V7,4.01650043075418
AFN3OV2D5SKJPE2XHIENADGPW7YA,B0BK5CXZBT,4.643201570639567
AGTN3NRGMYAX236N4FCZV3G5A5HA,B07V2JKL3M,4.590126029427996
AGIBAXUNJ4PSY34SL5OCL5GQLUDQ,B000CCN152,4.518441823739131
AFQGYW6TLQ7IOG475GG6WDXHPY5Q,B095XCZXNQ,4.193089196251357
AFMZRMZM6IRXS2JNBEZ5AYQMPDJA,B0002D0LCM,4.580757864654418
AFWH2ZHBRF7EKVOCO5QLDI6XWNXA,B0BQ4HSKC9,4.708190296593944
AEOZYGYVOZH56BYIKIHSZ5VLO27A,B01M9D2C5L,4.712530146358166
AEOJHU6GSSVCEZAM6FEODEONVFOQ,B0006676A0,4.1850702785988645
AHOLXWCFOWHLDA64LCMFGD4J4PDQ,B01MCUYAZ1,4.865663772649083
AFZUAJ5PMJGGOVOTKPVCIMQLO4KQ,B00P0HIZXM,4.402965432062933
AGYHFN4XDNHUITNETIXMII65Y7CQ,B0C5NX9VCH,4.700883417851645
AEQJ4C6IRPWITBGZ3PVJJB6DLW3Q,B0BSR996X8,4.867624315807385
AETZB7U7X35AY44OUKBASKP6TDYA,B000BYPJ1U,4.582605132485959
AFSJBRLZNDADGSXJ7QFLIQVU576A,B0BCK6L7S5,4.483863948538744
AHV7MPSPXX63ECNBQ3XQ4QHUOHFA,B012VQ5A7S,4.65436562847119
AFKFJDNRMX5RUG6DLAY7362NOA7Q,B004XDQFJ0,4.361528431019651
AFFN67NKO4FPXSPUZYCOTZWVRWLA,B01DPCONFM,4.663573496804006
AHPKNOIDJLQBTSKV6OYC6TGDPGMQ,B0BYXVCSGG,4.247477982369702
AE3KYIL2STVS4RZEBPXGPIJWVIZQ,B09KR857F4,4.60275039572155
AHO7ZCW3BZ3GJQXQ74M6LGJNO7VA,B019NY2PKG,4.666438966194681
AHG32NYWESLOGB6OYVPRTO5BJMKQ,B06X1C3GWZ,4.044419257849604
AGNJ65DORLK5QTA3DVYWNSSUQ4XA,B06XF6NF5Y,4.71421305693954
AHJUKDLBKDLRZWZ2OFNOSAYOCTZA,B00282WZG0,3.7967337347216876
AGDUZDJQUH2MA6Q6RBVBVV7FIAIA,B083ZWDTXW,3.567694991764964
AE47BLFQQB354YHT25DB5AK5CYBA,B07B9W2XFS,4.084154184085558
AH6NZEBZS5W7DZHLITK6B5KBHQOQ,B0C6HZHZJJ,4.42288421472955
AHJPWPHCWZ5MX2UY6CNGJUNBWP3A,B076JH5YJK,4.066521696016455
AG6CAX2ARLBEGBRWNL2BPPOOPHLA,B08RYV2ZJP,3.5458019282474225
AGWKQRZOH2KLRB3W72ZFRMOTZRXQ,B0928HW2P4,4.779910689040717
AFUS6JTLJZK3Q62HGDKY2MUAVPHA,B07QCQ55YM,4.777551434489563
AHICPR4QVQ5FMDFSESYDMTT3BDZQ,B0BR2VHR6T,4.467198643126045
AFER5T4ZS5YH5EKB7LNOGN45ER2Q,B08P34KV3X,4.137762010879965
AHV2XUY4DXHZD7RKGPWFEU74NBNQ,B0B7C7PYVC,4.716056458189504
AHV7LCY27PDOW6O6ALGAAK3YW7OQ,B0BPKH4HB2,4.105092381800649
AFHIS6C62UGA2SKV3M37TVTMEEJQ,B005NACC6M,3.8827427121698266
AFWNIPDL72FP2UXKRYXN673BN7HA,B096K4CPC7,4.682154752440355
AFWB3VZAKJWI4UMADRMOKAQ5LNUA,B07JGCQYN8,4.447936212907493
AED4QB2WMSEKWT5RXAVNI6YHOWUA,B0BWPTCWM7,4.326868699707024
AGXQG72Y6EIMUAUYDEY7IGJUQPMQ,B0B8FSCM9L,4.882156454560953
AHFI6EVQKDDMROI4RSVPWF2Y6ADQ,B0C3J448FC,4.0652278472577965
AFCLOTB3P3EXMIQAKAZIP3KGAYQQ,B001OAGQ80,4.238928070188248
AHVI7QLSKPBIW75FEW2HYEVT6YEQ,B07QL29XXZ,4.736356463464899
AHK4KM746PZ75TTKIXKIGK5MZWPA,B01K9AMG8E,4.155413378600403
AEWMRA77SLIB4SBUM3KEETKZDQTA,B077XXXZDY,4.544430868377086
AEJLDE2NMFTUMKBOMFJSS7O5SKVA,B07NP7HF7X,4.011607543024766
AETB62XZJ5WVKESTF7USQPQWW7KQ,B076F5W8Q5,4.188977919933185
AFO6RUIVRV4PUYTGNAGY4NLYYYJQ,B0763ZF7FZ,3.8863685212134116
AEZDB22RA2Q6IVC7KQHPZQK2MHDQ,B0713R6CY5,4.885461896038426
AGAM4YMLO2I3H573MRATCQBVH64A,B002NG7DEK,4.162640710681934
AEBBQOWNSQ63MFMGO4TTXL3SVOXA,B0B56Z5G3V,3.8037317922902547
AER2QRZUIRFMMQHUKONI6X2CASSA,B00008W2LW,4.661528145219245
AHRPH3DCPDNWEDZJAP7L4UJ6USOQ,B07C4HLT8X,4.399122151721121
AFDVTLUWYDVFN6YZ372K4B3HKSDA,B015HG7F3Q,4.297010148453467
AFJBVD32IH6ZX5BNLILRZIPUJZZA,B08R5GM6YB,4.613224478204678
AFZ3C46427HBPAJPNFHWADDIBGXA,B0BKZ5N3PC,4.1826811612108195
AHJTAHSOTD635R6J2KKZG6WVR3BQ,B08NVVLB16,4.800188656015139
AGHPBBUCMU72JNN57OKEFJ472UUA,B0777214NC,4.939091945726978
AHU7SOTUAYWHKXXEFAB4IPX6LJEA,B0C6H9T5T6,4.588385846975422
AEWWKKSI3XGONPAWUPUVPXAACNHQ,B015WUVA5G,4.7515432288359385
AFAECBWSG2ANSNDXNRJVIEEYJ2CQ,B09V91H5XM,4.614800729745122
AFXVOM24JL7OMMEJEY7HEA7DYH3A,B08LRLRRKM,4.446116502846196
AGSQ22VXCACZVWJ4XXFTNVMEBQYQ,B07D1WM2G6,4.58180197954786
AH3ING3LIZEANVWVY3QBYYB6EMSA,B09M7P8SBH,4.693621655947591
AEQHY2FHST4SMN26QCWYA5VEWOPA,B00WJ3GS16,4.377719373300814
AG5A36LEGWKOSS6FKTBMH5QM6PHA,B09HCRTKL4,4.405683909255675
AFGQTSA5VSAM326LO6ZKAIWIFK5A,B01DE4D4LU,4.4934167422624665
AHPNDZ62QLYS6OQRQ7UGZ4P36QQA,B0BBRMGRTS,4.480937804489189
AFEYB24M4HNZQQHWPJYMJ22PLNYA,B00WHLLDWO,4.558244806393892
AHRQPFLXCGZAB57SGBOJA5JLOEKA,B08KHSBL34,3.704925403447498
AHMIJ4JOTBVZX7ERWMM72CRSEQZA,B00BNVHCYM,4.768440804330888
AFJ6BNKTPZQXGEOAIOMMCSESJS2A,B09857JRP2,4.952692327328741
AFLUYFO2OX32ABMQAGQZDRCFT4BA,B00557KN28,4.518400612111458
AFCTA7ADJVBKAOXVHUHMRZEEEE4Q,B07226MCY6,4.062225487958106
AHTNHU6RK7ECI3WRIT4KORNYQPOQ,B08BHXRGML,4.642686646038427
AHQO2Q2Z66EGYUYBELDADP4L2XEQ,B0BZKBPRVM,4.584608615621004
AESJNJSZZ7STVVZE46RTE2OFYISQ,B01LWWYCRN,4.690267833411342
AF6LC3PL7ATCSC6VQ2SX4PS2JNTA,B08RS1NGLM,4.377972223958845
AHRP6TT5VE2NFIKXCBU24SD4PRGQ,B010GPFRUQ,3.815769842823433
AG7SIPR7YPAEQ6WNUUMD7M2YUEXA,B09857JRP2,4.6197625704823935
AEPT6TMOHTPA6V644QQVM5G3PJBQ,B082WVKSNG,4.937439127082803
AFFHJNYPY6JKYNB3UHWETGBAHFUA,B0B41JFP9C,4.135959477149029
AFLZHVQKCWSLQM5I2Q2UZFHDRSBQ,B0B7Z4Z88L,4.386322480608069
AFKP7GPURJA6SIE2IQAPMQVFZYWA,B0BXT41XC6,4.917388703472671
AGC7JARZMJSMJFFKT7LQXZ6QFZ2Q,B0C2X15CPH,4.278420214979679
AFTQL5KFH752LH35SF5UALIXNSXQ,B09PWCF6T9,4.689554714636688
AFK5JSKYDDZ5I7EZGR67F7ZW64VA,B003IJ3WIW,3.557266374701739
AFZHQXVBWWHO3F5JF2CEUCABVAHA,B00CPLODUU,4.750371864601238
AHO5LUPMSZT2ISIN24MT3W37CYHQ,B0009FUUOC,4.112835448939842
AH2F6A7VS6CDBSJA24NWYKBEWPOA,B0B9T61HDX,4.834144411829053
AE5OSZOY7GGHPWRN5V66YTEY5FMA,B0006LXW80,4.36284219038795
AEC6SU2J4YKKWPYWR23LZX6MARNQ,B0023BYDHK,4.134665340330011
AEZC3BZA4JBY4JC2EYAX36FLTMZQ,B00MCBVY2S,4.9103174271355545
AH2J57YBS2WIYAEGFZGJZ7XYB7GA,B07BQ8JQZ4,4.340456635324026
AHPG3HA4SKQBIGAPE64RAQ7XQQYQ,B0776RBZF1,4.603020411185872
AHZKE7W7FCLQLRXILNZZBNW2SBSQ,B0B8P1YW7L,4.61143159298572
AEF57CDFWDBRC4QJ3RPLBAHB2JGA,B01DK40R3M,4.504321849872094
AEJD6FDFMB7DIJQER7XLWZFDNMXQ,B0BLP3WRKX,4.6219592221133325
AG5XY2G6FGRKC5B46QB7DJVWBK4Q,B07KJ3TD6W,3.863309492953266
AHLCWSDDDARN63GR24EPLCPAO6NA,B07CYRYQ8G,4.4845856786323495
AGMQD2OLQTMWCPA23Q4WE6TTSKVQ,B00F20MIC6,4.237628343768323
AFALDYQX7GLWJOTNR2IEZ7EUFCBA,B01BNTYSKO,4.425879933215511
AGHZISWZBPUB2LLPQLT34LBJQWBA,B07Y6TSTS2,4.588481957136262
AE7HSNODYHJTFA44QPRBOTYATBJA,B0B3VDFKB3,4.11278659349944
AHBV7TH4Z3WRRKXUIDAOPVUBIR4Q,B00IPHISW2,4.732101005924707
AEZG4SHN6EDH7X2I4NPMCSN7MN7Q,B003GEBGA0,4.303500069719784
AG56XLFPO5ANKABQHXMGQB2DACMQ,B0C67HCGBR,4.799772220660634
AGMT3DM7RJH3CDMI2LSTWGOF7KNA,B004XNK7AI,4.428771900046368
AG34YJOTCJWCEA6XGG3NWWHDSQIQ,B074QGK1F5,3.9392411814899684
AHFVDOBDHD55X4YG64AXNIVLJAJA,B09VBWXMBC,4.563074044231984
AEGMDORZJ7HGMQNUKQVFCLHXIE2A,B017NT392Q,4.126831044276953
AHT5LYU53R5RY6DIEZYSG27SJ3PQ,B07DSY3GGH,4.471222489824434
AFKMX6JZ655VPVYHBTATZQS4IBOQ,B0B3CYX8N9,4.505384091801662
AHYCLVA25UCDXZWWVHAD3JWBA52Q,B00VK4YXF8,3.734929785156133
AECTWJ6K5LCAIIW6HQW5YJRKGMSA,B08SB7FY7P,4.516397895189439
AEHBB2XPFWP2KFLNNWJGV5QZFOHA,B09616T2BL,4.39881712019759
AH5ORMMLXAON6NCWWCAZTZZVZRGQ,B079G694KL,4.65463604972116
AEHMXLUUSBFY74Y4VH6O2SNPSXVA,B0BK9Y7NCC,4.601949872100368
AGX5IZ5OO65C7AHLP67KZAZ3F6GA,B00UZY2YQE,3.7691569308576236
AHF6DQZL6IPVSACVH44QPVXOPZAA,B095XCZXNQ,4.645989424124663
AE4PRPPY6FJU4EUMDIVESE4SFYCA,B0BK9YKQFR,3.2247192208341993
AGILX5KKY2LVWR72IKBQRYAIJCRA,B07DDJ8N3M,4.308806611496082
AGPXR7X4MR7MLO5ZZ4TTT3ER4BXQ,B09GVP7N5Y,4.526507897352813
AFGDL6B7XAOXCKQCPE3VIKORLA7A,B00IXPXEN4,4.878406815035287
AGIGTISGZA4LRJ34FG3FZSLXFS3Q,B0B59363YK,4.868301602976906
AFSJBRLZNDADGSXJ7QFLIQVU576A,B007VOGU8O,4.243111223203412
AEZVMCJMXA4ZJWUTFHQCLZIQO3LA,B00F3D9ZQE,3.4375179823193287
AG3XMZGR2PAJAAHNRN3QZJUMHEXA,B00N4ZHQ14,4.7511158838905825
AG7SZ44BL2TGI5OGPXTHWYRXMIOA,B07X7HW32M,4.523551707709281
AF62FR3Y4HMPLGE3OTB3GMDKRW7A,B079GW2PNY,4.395816983119714
AGK53XQORMWLVMAMB6WLQFTQDJSA,B00RVE9X06,4.791446496589669
AEYVYMQW7JWQWYLWLCI7ZXFCLIIA,B09857JRP2,4.913110557753921
AFPIRSAROIQJGPSBTYYFZ6LCFSDQ,B000EEHP78,4.077364444557626
AELGLFMUZF6XHXTBNOCRFOWP6DIQ,B01LZBHHC2,4.255587418679378
AE7EVXVTRZV7QON23BTOMC7L7W3A,B000RNB720,4.790973608208565
AEO4O2TQI2LKLRC47RZZRPVUEXLQ,B00378GEAM,4.264217544978975
AGHY2ZA2YQFVD2NG6OROP3AAIYAA,B01AMQYS3Q,3.988679451920126
AGHTHSP5N2CZB2SMRT7JXTTNIDRA,B00YJ5C46K,4.757772590001298
AGFUJJJTJMQXQT2PGDBAJE6DIPQA,B0CBSSQ6RC,4.536053022007987
AHBMTFEMUPPC7CM2Y5BZM4WQFUHA,B005FIFM14,4.9290612345512095
AGDZBOHI5WXKABQJS4HMIEDWAVHQ,B07YYZY148,4.351524209032668
AFJJYEJZACV5G2MCS3RBGDJ4AC2Q,B07R3S93K8,4.707570513930236
AF76RS5R5QLSFXIOOD2SLCHYB4DQ,B0002E1UEO,4.834603098208418
AG6XTTBGDOTVNHT22X76U27Y34VQ,B08KRFGST9,4.560042689366693
AFYSLU4BTTUCFRDL7GSN64Y2XOKA,B00006I51S,3.6803274339290404
AEHDYSX54B3NYUIIEIHEGHIGJNMQ,B00ZTRVA80,4.723995476467076
AEV4B2IL77KB6DZHMSAWCXYBJDKQ,B0BN8QN32K,4.613646695265686
AGBR6PZW32IC3DKHJRFUOOOFLINA,B01K1EJQ9U,4.019481592606584
AGZPN4A5HMCS3LSMETBT5IOSVQQA,B07FL9G2J2,4.675774044684257
AHVJ7UVESCIEXJDPRIYMIIBQEM6A,B01K1EJQ9U,4.645466035815689
AH4ELMHTLOKAN7TQWQY4C55HWCKQ,B0BFKQ9QXD,4.671736393823105
AGDHWM2D3GOHKSVBRYUD7VLPTTOQ,B0CBK1WSMR,3.917709983509253
AEJD6FDFMB7DIJQER7XLWZFDNMXQ,B00WUMGDZC,4.238029423875792
AG6BIRUHFL3WJNN2ZEBGGVPMSRTQ,B088WMVDZB,4.333093293127568
AHPJUTQ3YBWZYP3HHH5EN6ZKHQQA,B00FBRUSAE,4.619483756078635
AGW7ZRW7XXPS36TJIALXQ32TCM4A,B000RNB720,4.803572846831974
AHLT5ZI2KDKZPDKOHWZNHNQMDFYA,B08M5GP4R4,3.9853707320789127
AEYVPPWR4CIKWX4BGYKCBCDL2CZQ,B07DWM2XSS,4.012373624014147
AHEILSHIJWNRC55HWDWLFHGGBXGA,B07L5B64RG,4.108696919429633
AHGNZ5ROTYE6R5MXH4MW2MAXMFWQ,B07X624YB5,4.913170070322022
AFMMJAAETXOAM3FMIQHUXVX3ZWHA,B0BHSG5C3G,4.784156893707283
AGZ3EEUWPVVLQX5LMBBYHNKNBSNQ,B0BR2VNH4X,4.876301216068983
AF6D54BW67RAYIS57D56S4WBEQZQ,B00LTDOL02,4.417854802586265
AF33OYOQ5AYCFNGO366EGRKJQ46A,B0BHSG5C3G,4.181935764146587
AHSSHPP7VQRWVDRV2SX3DGX5MELA,B019NY2PKG,4.482226557196096
AG5L3GD7NG2YX7SU6PPFZ6QRTVPA,B0817CVBLV,4.911058127029498
AFQZL7EVDH43BBKNITQYGGDMWEYQ,B003VYBD58,4.293112296187484
AF7IW7GVLVT5TDXUX62HTHR2VCFQ,B0080HYFTM,4.595192853366052
AGSQKU4Q2KI6P3UWL4W54U7JTCOQ,B0753PSL2D,4.391533336822117
AGMHEZ7SN2RNVJCMIHIRRSKLQ2AA,B00BVH7C66,4.408897114532911
AHNUJ3HAVDKMXMIARLFQJS62VKTQ,B00CPLODUU,4.692080194173342
AGGR6BAOXEUYRBR37SXH3OS73V4Q,B004GTED7C,4.377582830290769
AEOGM6IKVQXQUUMQSLR2DCLDFFUA,B0B14LN9H9,4.37140550100597
AEAX2B23TVTFR32NCTVKUVXTRH3Q,B0085545YO,4.641911535365365
AEQP2AGR3VBXEL62GSEHN77AI5FQ,B012VQ5A7S,4.571615381697555
AFWQ5JUXYJJQDJNYLVVOQDDW2C7A,B07BSQ44T2,4.417342369091836
AEZL252UNZT5P6JOVHEI5YUQQZWA,B00F9SWK9M,4.38619011773095
AGWD6ZH66GXJDVRNQEGY77HOYEJQ,B09JJ784V5,4.590389379741974
AHOLXWCFOWHLDA64LCMFGD4J4PDQ,B093YKR8NH,4.5329484354017735
AEQKSNITTVTBWAO4DF2QX4AEEGFQ,B08JMQR2JK,4.636061909044109
AERJUD4NREPMW7VM26CSV32KJZJQ,B00VOQQDHI,4.759024899398477
AGH6SW7MNE4SSGACMJTHYLIKLIFA,B00AHEW7W8,4.187963002198506
AEDGH4ZJ4WGGFP2OACMNEFL6XK7A,B07MTS57P4,4.637849571477879
AHK627Y42PZ5QCH3KLFPDILDERAQ,B01LVXOO61,4.640719829841508
AELQZABAMLATSSMW2HZ7UVHP4NUQ,B09X2WHS7H,4.887899874654475
AGKTPA4K3NKKVKX3RHSW7ZBLZEXA,B07MMJX9T7,4.634347959036916
AG3P3IEYHP4X3XSJF2O5POYE3JOA,B0BR2PXCBW,4.652869198836706
AGNTBJ7AAPSMV3O5F7THNJRKGM4A,B0C5LYJXLR,4.474104156122303
AHWPWNFLXL7W4KGXBI7CLXNK7REQ,B0BSGM6CQ9,4.737982421282565
AENNPX2DQMPLJ3MXV55ICO2JVFEQ,B0BT84L827,4.930929339339585
AHJTJWGYGHVERCNQ6D74ARPC3QUA,B072WPD8MY,4.850940661971846
AGSATHGY2JEFLGFJCRVLS7P2ZAZQ,B0BG3QZCJN,4.371519272211414
AHREJSWTG7ZCOIR5UQGH64VFN7LA,B0B7Z4Z88L,4.667747900221568
AFNTZARWHIT27SDRJ6W7K5L6PJHQ,B01MXOLC2U,4.073815512302127
AGP2NR66453AJZJAYKZGSMONZ4KQ,B08R5GM6YB,4.174977550276214
AH3HK4DWLRUQGGMDARSGQUCFH5SQ,B093YGS1F1,4.38932530693837
AGQRZRABGRFROFNJTQZMDDCTYEGA,B00P0HNZIM,4.927203229437966
AEHDGDGGA3LRDSWZFJMT3WMH44YA,B00KBMLAV0,4.672024288445234
AEHKE5RUMRAGDMP46FET5XXO764Q,B0B7C7PYVC,4.638604179222741
AEALTR3WRLHHAJKW2AHUSVXM4HBQ,B0876XPKF2,4.768758255120457
AE2UV6XH56H44OZBF3FY3IBS37TA,B0BRSK33BC,4.895480879599326
AGJMEVYSO7X5NK2AJQE3EJ4WXA5Q,B00JL5I61A,4.728570733353231
AHHJ6TAJ2A5C2ERCASYIVDZ2MPLQ,B07DLWYV8D,4.572745310180975
AF7IKYKBWRTMMRKSY6EX6XUVROSQ,B00X8MTF8A,4.8764761027532515
AEIDDQKJTJKBLHHGL2PLHQJ3MBFA,B00CPLODUU,4.716731678302867
AEH3ZU2NCEOSSG5U6A7E2IUAXTSA,B001ELVCDS,3.5372779718627734
AFNNEAHKPJUUZYP7P4OQLYZRNBGA,B00N5THDR6,3.9395272654497946
AF4VYLI2QY2N7S65KZHMIET7OGOQ,B0BZ5QTMKT,3.7041329138720007
AHLFJCO3SENFEDTOXOS5VC3GKSXA,B072B9LFT6,4.036249846538914
AEUXDHRV2CR5QPISL7NDDA53633Q,B0BKZ3CWFB,4.67170100617904
AFNG6UYRKINSI3XFGEQQCUEM4TIQ,B07DLVDV7P,4.623654361085714
AFFEU3PAMNMMVAU4GIR5C6ZTWEUA,B098HKC55W,4.355717637109838
AFROGD4V43PJTAAXM7VM65I7MSNQ,B07CYRYQ8G,4.734880383714948
AG55KFZWEFWIAKRCFI26DSGFWWIA,B01N7H2MC9,4.456370840298618
AGP4UN72BALWFNKE3HRVAD4QJPHA,B08D3FJ89Z,4.631392263454902
AE6R5VSHXSCOZJBEJY7BCRM7A6OQ,B00USQY0CK,4.789016008747732
AG6FEJBYZG6XENCU4HMJDCA6JDEQ,B01KZ2FNC2,4.71992370532586
AHCMBNTJJSO5GFOY237MCSUWF6EA,B0938Z4GL9,4.8255063987602025
AE4JPPM4YPZ4EONHBXME6VWPVS2Q,B09B23G7CV,4.511333351771555
AH6SYHVVXBIGMJ64CYW5WAMWBN4Q,B00CRQWMYM,4.752552345691413
AFBHHG3G72P27CDV2NYZZNOPY3FA,B0002II7H8,4.801608220625322
AG54UZUGNVHJ6PMWR2UNOLT6JBUA,B079P9LDHN,4.5667270973110705
AEM3GBSGBAZAIXMLJPZWLTGZLKUQ,B09RJZSQML,4.470944677161871
AHIPKIT25JKKXMUL332SVAWYAKBA,B000RVWY42,4.6104528228811805
AEWVY5ZRJMTOERFYDSSK7DLIHB4Q,B00LIW74US,4.2760785607714595
AHWDSJPG6MXWPQ7QHW6ULI2TON5Q,B07T2JQQWL,4.061692830647001
AGOLHEMWGJZDPJH5VEDE4BAX2Q5Q,B082NLXYBL,4.931830950088049
AF727T5FSA22URRDLEXAXCN3WANA,B0002OOMWQ,4.578316478156187
AFAENYGNEYSKTWHB4TJS4LOWEOEA,B0B2LSX437,4.789807413754474
AH2KNTQFU4DWMQIMTDLFSMRQHRYA,B0919HG8S7,4.2569659264403
AGNPLC45E6ZHOAPYIFBXMWN7D4WQ,B00NKD1PUI,4.629707066971101
AGYTZHAQIH35F5453PC7TJPJANTQ,B088FKR9DL,4.805982827363243
AENIOTT3B3SCW5FULPGUQVXIQNTA,B0006IQNES,4.341567192014013
AHQ542HBGYLNPQF4RI6RO6QOURUQ,B01LQWRGQG,4.804423478078255
AEMISRDYQCHSNOXKV6TQ67X2TIOA,B07D4SR8GZ,4.511973610503958
AGH6OS2UAGJBXXQTRSAFZMYNZQBA,B0741SXP2K,4.911851627636609
AGG27DPSZPNB4PJCYVJQAHYAFUUQ,B07DWVGJFJ,3.8884610053766293
AFRXHIJEZEIJ2RR27QFNY5ZUXUZA,B00JER27MO,4.424396928020908
AEFMUJVOH4TJSOXWZS2TEJXEGMKA,B0002GH8X4,4.551426665440289
AH4SBH5P2GRF3ATR6ZFDDWJVOAUQ,B07MZVLGK2,4.111907193525973
AHAVMJ7OKLRLFKHUSZEZQHPQCHWQ,B0064RGVH4,4.723572862021182
AG6DCMMH6QAKQBX5R32MBRHYPEUA,B073PXWMJ5,4.598344000672675
AF3TDYWL7K5SP5QCBPPUDK5U3N3Q,B07MBRKNJY,4.475522365657791
AHDSPCS2KLFJZYAWCB33VTXCBUWQ,B00ADHKKZK,4.576923585157747
AGJGLCZKE5735HGK27G2B7QZB5UA,B07N5J7CVC,4.69168908166538
AHZCAF6J3GPLENOR4J3QDYROIORQ,B07593G916,4.156171561967974
AHJSTQD24P73OAMTTNU3PSKTIVFQ,B07MFYHKLH,4.733336440723182
AH62HWTT7MJCJM7V2B5LS2VTQBRQ,B00BSUHNWY,4.340116966349845
AENFQD5EQBOPKB6TB7AOAD5QQCOA,B07ZW1GBVT,4.16772292940162
AESSUWJ57ZQ6VRMWJYR53UJT2H6A,B001CWWNPK,4.8280557144799845
AFUH5PW5JCRI3ZK5T7YOVH2L2PJQ,B094DT5HKF,4.558657885340082
AFC47CMQFYQHAJCVJDTX66O5UMXQ,B00I9FL3OA,4.421067682773
AGVXCUZHUPKIIGZ4E6A65YW2VQ5A,B01ID5PSQE,3.8147856122098034
AECYVZ2FQMWVZ2OCKJH4DD3MKRSQ,B0BPLFP5P6,3.7853071049223415
AHDJXLYTHRFPB4SM2MPEPKKFZXTA,B0150ZL6ZC,3.8712919084545945
AH2KNTQFU4DWMQIMTDLFSMRQHRYA,B004L66AM6,4.454360018996175
AHUUUJHGOH3CGI2ZIESN73P236DA,B002PAY3WY,4.1146165443708815
AFM6772ZVF5RAG2G6FNSDPTPPA6A,B00724ZD40,4.054407781901089
AGYIZFZNV2I7BED4TZPYYES2WSVQ,B0C5LYJXLR,4.405723070227805
AEDZCUIOKFTDVAQVJHQ5P2TU764Q,B09NYGRGZG,4.777661835892162
AEVK2LOLAR5L6ASVKZ5JCIZFUFEA,B00UN8PH4I,4.564877916222251
AE6F6FUF2XLO7544DKKS3PJQCSPA,B09R3KNKKG,4.286664357068964
AEPSSRGHHNMBSJ7ZAU4YQFX6HTTA,B08B9H12NJ,4.725338399876707
AEN3VO4XP37YOHDZPO7LBPDMZV7A,B00NS76420,4.816081095200673
AGXFCJEB7DMPI4TWBCCG5SRU4NHQ,B075YF8VTV,3.9252371823209846
AHTRLPO6Q7FNLBNB5SQSDPLC6I3A,B00LOAASPC,4.859860912792447
AFJKBA2YPHYNG6RCLWEHU7SPHP3A,B0B7C7PYVC,4.342028986918189
AGACR42ZBWUG3LEZXWPINXEI632A,B0C3LH1GK8,4.570585129741905
AH6PPA7VXXYIJGZQTWTNJKWNT7HA,B08CSQNMN5,4.730091339824645
AEDJWFGRV2TQQ4MBPEW2HWXBIJQQ,B09LS8JNPL,4.289770201524883
AEZJ4NN57GXPSGHZSRLJQBI7VIEA,B01K9COJZK,4.67496249737683
AHGTJA2GQU4VEMRCUSHCWG6KBVRQ,B07KDSZ2TJ,4.848251332342143
AHPVEYNYRWIWUR6ALVV6SXWJHTPA,B0BG4BZC5L,4.5166466157344916
AFUXMV3TZHUGSHBTAVORFUPWPCMQ,B08PMZQXN3,4.670069343525666
AFBIB5XMB27ZIUM3YDTESOKSLLQA,B0002D0CEO,4.4291065662609235
AEL3H73S6LPVYZMX4XNIJKLAN5LQ,B09WF82F1V,4.236488347381519
AHXPXPEVFEHR4IDBFODOUJ655RCQ,B08H7VTXWK,4.919417408480664
AF4VAHTAJUP5UY6BOZG623H7KOEA,B005N2RGJ8,4.1324377017205
AHTLRQ7HCERAHBTOD4QGJ4CE6WUA,B086543FTN,4.354244498949592
AE57MRF2R2ALCC6H5WQLFKT7KSSA,B01MDTKJL6,4.800430852265489
AHVHBTIWRGYVFBVNVV7SSK2W2RYA,B07KJCRYN8,4.290704286763769
AHAQCRGX5LDTNECMI7QBBDW2PNPA,B0BMLK658H,4.003786651361917
AFCX4S7V3JE5PYVC35ODD2QFQDMQ,B0107BCV1M,4.784864060576647
AF3MFUM3LYI3NJ6CIDOP55YQUFTQ,B0BCXKFMKD,4.263990835572692
AFXJQJSOXXAJPJZWDUOFGVMMODDA,B01N4OMRVG,3.8919325559412115
AEH3PVS3ATD4V36TYF4TQWHSQYBQ,B0B8LK7MTH,4.5924838279755615
AEJCALFWLC5EMGDUDBO56UBJM5KQ,B00LA10IUU,4.098249192178411
AHO5IPKZNXFFG2LYSCTINORZG7EQ,B0BX8HZ5RH,4.148245537603291
AFUW5HBGLM3ZZIBCPECGAZJM7TZA,B0B863M78X,4.302735138364623
AGOE4EACWAS5GX6JQJA64IL2GOJQ,B09WN62986,4.291209529272848
AEGXBV24JARO5YODOIXVJHUSAMLA,B00FFVKM2U,4.519654919030657
AHFI6EVQKDDMROI4RSVPWF2Y6ADQ,B07CBNBTDX,4.112701900273712
AE7MQDANIJHUB4ZJAEAS4VW5H2BQ,B09PRKZ6FN,4.893327805003059
AENI7OCA44OPD5AYJKLT4GGVJ42Q,B00HZZ60T8,4.395284723000488
AGGBMOAWS3H67EXZE3HLYZELWTHA,B0035FZMYG,4.381889761160026
AFVESKR5OLU4YPHQ7IOZEX4NMTZA,B09Y1X5BSC,4.940865356260963
AFO24CAUCZQKEVDR6FMRJHOLEE5A,B0BPLFP5P6,4.39835361406357
AGY53AAWLQK5O77H2YKXCURQHNTQ,B01AKRA4PS,4.629309384079013
AHCJBJK676NVLJIT2ZVJGTUHYFUA,B07B9W25ZK,4.273013177895958
AFSZFCI46YYKGFOLMIC2HVK3GEBA,B0007ZCHKE,4.751340439769983
AH6HRKTAVOLZCRLMSUZZXGG433XQ,B01LF4CK16,4.822529657143594
AFOLVUCMQX2AWNFNL2MXNJREMRTQ,B00CGFRJ2Y,4.467198884937499
AEUXBWFT5BBSRCEMCENVYKF6FBJA,B08DM9NFLH,4.8038200003887646
AHUPJSMPURGM4QXXHW7VZLHZHITQ,B01N5KND14,4.247830247787282
AGN77Y4XMITXHDOOVYTIS5ARTU2Q,B07N1RPV4J,4.390388205083413
AHVGICSVXM66E4SXX23PH7R3Q74Q,B076BMTW9P,4.5601049417672295
AGNCRXC7PNYQJW335W7D4KFZMGHA,B09M7F7LFB,4.880574173630194
AEPECTTZL5ZGQFXORB7SEIZPI2VA,B01LF4D8M6,4.679954724210322
AHYLUUYP3BCGFDZI3WDZCTBJOTGQ,B0B7J6G482,4.517664991193275
AEPHL5DLBHV6ODQFGHNFGTF4ICRQ,B0B962GTW6,4.52432817348247
AHUXXNY2JWBI6E5TXSK6TABTFZFA,B003Y569DA,3.6083405748001924
AG3ONVHLOS2J6G74JMYOUZUCO3HQ,B09RJZSQML,4.883568672473314
AFJOM3QSBWP235SSF2LLJILM7IYQ,B08LRFCDTK,4.734923665027921
AGPA33SKOCJTWTGFFT57MKFWHOJQ,B001FSZR4U,4.395006087247861
AEUCUEBGAFLLTG6WQAJ5ZLEAPP4A,B00ZA3FXEU,4.68071298654969
AFAECBWSG2ANSNDXNRJVIEEYJ2CQ,B078KTV8L4,4.457636490374595
AGSEJS735DIWWMUNQZ5U5SBVBFRQ,B0BXX1RRNT,4.9275153093356705
AGSS2AHFN2Q453OGXRQCWBAWMFSA,B06VWY2VGQ,4.82080132532619
AHCDQKCODVZFMU37AXNWP4ZO5DWA,B01N5QPY11,4.58650773108849
AF7Y5TEAHQVUWVVRC546CEUAEV3A,B079TLFL33,4.2720040445725385
AGCLZ35MK2SSUC45HURQPQSA3H4Q,B0928FMP3T,4.056971006558115
AHIPYFGEXWYKTWY4AQRE64CYHYJA,B07ND5PQTP,4.566044813267072
AHH3LW4BOPFAI6XNV72G5X4V37GQ,B00MB5F33Q,3.472962819633918
AF5KJIMQXNEY7M5U5YM43QPCO4PA,B07CBT4SYD,4.9521007480185055
AHFJ7EQIZZ63YU7QCPV2G3YRUXVQ,B003AQ1X7A,4.319391738584911
AHZDPIFULOIQLQQL2OCN75SJ6DDA,B075FW24C5,4.618082974173963
AFF337BUMTSPVALCH5ANDUFQBMOA,B0919BN3QJ,4.5399488117372115
AHYZYJHCUREP7YXJBMOKBX3XGGXA,B09XT7G5D9,4.4198900972095405
AHSHT3LCIEZ4A7BANW7CH4VZZ7IA,B000M23OQ8,4.410340751320277
AENNORCDOTT2KFT5WUIK7PJ2EXOA,B0BCK6L7S5,4.045605271542522
AFJSSKOR2YN7U3ZPEMD6LMDR27YA,B001E95KEC,4.021421091945539
AEITDL63LVSM7VYKAZ3Z5DXM7ZOQ,B0B5DW6F95,4.642684869242247
AEG6NGV3ZYGSVEXM3UPPTB3EJ5IA,B0BPNMSDGB,4.9229067630470595
AFH6AUO7HH5PMJBRBQGQQKDV5HLQ,B0C2XTZ1FG,4.652436494285517
AGYKIAGDM4VSGMIOYEO53W32U4TQ,B09397FWYW,4.922755912209697
AE5XF7B3YXXLCP2TIYR3A5WXZR6Q,B07BW2JNNL,4.429527130509
AHO22GV5T3DVTJFKC3KZEH44LBKQ,B081P1SQGG,4.0274080341884355
AHUTJQWZUJEBOJOFMRJ34TKWOO7Q,B0002H0KG0,4.64149724102878
AFNIJGBQBLX3YMZ55X7HXJODEW3A,B0BR2N43GC,4.889202378300624
AG5QJWMXSGR6QK7CTCJKXRD7OSOQ,B007MY5BII,3.457731254279092
AFTEWUV2FV7AEPP34WF522DN6ZHQ,B00RMCTTLA,4.94710934020049
AEZL6LMUCBRQXIMXHRDKTS3BDT4A,B00USQY0CK,4.771044249759578
AG47VD7CFGFF3JTPR2TJ77E7YFWQ,B08CMHD5HG,4.805097862405021
AE4CZOBNIA2JBHSCGWURXDSFXFFA,B07CRK35NG,4.138744599765755
AGTN3NRGMYAX236N4FCZV3G5A5HA,B09CH8SDPD,4.589891898556138
AHTZI4VQW2QEL7SIMD76QED2FZBQ,B08FDBCYHL,3.885328994927031
AG5G6CFL2C6KFLMBAEZRTQGHRGJQ,B00OYUSHJS,3.903367702196215
AHHLI3DUBKFOJVM67KO5MCJYB2CQ,B07GFH8NTB,4.93516871157226
AGOI33LLDPZDPGEEZ7YYC3YHZXJQ,B07DWLYGKH,4.46962813100608
AG5ZHK6XUYHCHSDTU7ZTNQ4T3BHA,B0BCXL2V52,4.688738726558257
AE3C65KC5Z5EFPTLXUVX3USBCJ6A,B08ZS312RW,4.52106934270801
AG2PXLWDUI2UYFBTYP6HVWRPGHBA,B0BLS86TMC,3.731356952892214
AG5SV4UPCDKZAVM2SOW6CSWR4EKA,B09QDL744G,4.589130150486984
AH3GHCF4DAUITRH54A2PYKITUUUA,B0C79QRDQV,4.928465855700593
AE7DH2WBBBVXYONNKZB44RWHPFHQ,B08R5GM6YB,4.43966345745821
AE7I55SG6HP2PAJJM43P6SCUGZHQ,B0007OGTGS,4.421449490859217
AEYCKX4UG7JTHM6IEAXSCDFIMS7A,B016P20UC4,4.630182671361002
AGGRPYA34S7CHDII6NQWKUXV2HCQ,B07CQMWWLV,4.328137421942937
AHY32JW7XO24ION2N7XRFFTEPDZQ,B00WJ3HL5I,3.9791006196452243
AEIRJK6XP4IQL6LQRYY3MB4ACPZA,B09B15BDHS,4.81499815461788
AFQOBDTUZ6K577Z5JII45DAEE3QA,B00NPAMDQ6,4.29361931158239
AFRUEAFOS7NHZ6FXCVPJZS2N3W2Q,B07TMJX85D,4.299469106351454
AFRHNWS4YBZWFQ4NKQR3Y3Q6KRPQ,B08NVVLB16,4.073597422536722
AGD25H7BIT2JUXSIOPYCYB23J3ZQ,B0BKZ49HY7,4.085660514117215
AFGRXXJJJICG4TODNZ76JDIREHMQ,B07MM2MB36,4.463329077617796
AHPT5VH6DDMZ53ZIQLHI43IKWD5Q,B0BZ1J3BW3,4.116546028415418
AHWHUI3ITEZ6AZCCNNS2J3NJ3V7Q,B07795XHLH,4.4137092974551475
AE2OU3FDXOGNHVIXGRKRHY6YTMMQ,B0BJZZFSN9,4.41097476512793
AH7LMWVUNU47H2UGVA5YL54LYT2Q,B07C9YCY5J,4.139786899502155
AGEKFUJBRKMYZNGEQKXRLT7BZHYQ,B01M9GJC5V,4.097836609216649
AHEWHPQAQCJLSMYNCMCO6BE3Z35A,B00AKHACKQ,4.650881308800174
AFHNY4XQJCFWMJVHGKHLM2HWRCEQ,B0BRQ9TQSV,4.779058034641711
AHUGRXKGM5SXNLCLDPVM2ORW2ETA,B015JTEBN8,4.726389732868855
AHCIO4Y7MASS5GHGAZNOPPTXFTVA,B0BXZFS2QH,4.452722858986118
AGSAX2LKQSD72DSW2L6SCMD4EP3Q,B01DXVB4RU,4.323390808124654
AG25IEYUMS6V4XO2X4GUWVSPELOA,B01KDK4Y0S,4.25623612859151
AGGA75GROPWR6Q5SURTTHTERSIEA,B00EB11ZN0,4.112789399916922
AGSWTRJPZ7AVS2C33JGND5BQ6SMQ,B00JA8QD40,3.2922859554548607
AG5UDX7F74B3F3C3HLXUYZ7DLHSA,B000BBRZ3S,4.031056613540537
AGAYXXFHOG2JKZIOECPCKEXXFFHA,B000VBH2IG,4.40158441560124
AGWSL6RCSUEPR5RGTVMO5HERQUEA,B0C3J448FC,3.979438154736968
AGGZLLBDARIQDZYZVKDHFNQHMHBA,B00A2H0F06,4.338026857910407
AH7EHJZ7VFDDVGAKECCTD2LE37ZA,B0BKZ6M28F,4.801276806119999
AHSZTRTGI7PXRM6A7BAKGDAM4UEA,B001E95KEC,4.710121822354903
AG7XGCZBVPKOESEH36KTS5EB2HTQ,B01N41SI41,4.5329967328789
AGPGFAWEV6DMUQTM4O75474IQW6A,B0BXBG7VRD,4.743339493712191
AFWDUPX3IRJ2Q7EG4XASQCFVKD2A,B017DNZKZ6,4.0351946197758775
AFVDGBU4XGTVU5SSHTGT7WZ6TAIA,B0B9XK9WV6,4.57332426990294
AGXC6I5KLD55XTKY3MVT36GEXOYQ,B0BG95DG2H,4.7863931948865694
AH4X7UMPWHH3CEEXAEV5IRPYLWEA,B001OIDXVU,3.8972663494822983
AHS2IURF4TMP7GGTLVQA2IITYLWQ,B0BFRR25MY,4.185709734755019
AEBGYELMA4BKQPPWGIREPQXDLGQA,B073RBWJM5,4.801136423179895
AH3LWB7J5AISEPHX56QBZGAF7RCA,B01DE4DTAG,4.4591204949318
AFF6DVV7X33O2CGVMEZHESC4XWLA,B07HYSYXTT,4.510863806227643
AF677ONY3CIUZSPX65QTI7AWREWQ,B0BK9ZT28X,4.968886155477038
AESPIYN2KPFNMATAZNRXTGG2RTUQ,B01HCHDOTM,4.307525335333128
AHSOKJ6LW3KSZSLP2ZTGJI5KP24Q,B0BLGC3C1W,4.45296308003959
AH7EHJZ7VFDDVGAKECCTD2LE37ZA,B0BKZ3GCGR,4.7461792624758825
AHX2MR6NLBEPURAZZUYFARJVHSEA,B09TRX519R,4.923243674800591
AEOJU3MJ5EJDUXV6N2OJJCIIT3JA,B002AT4UJQ,4.61103482784712
AFCXY64SNU4ZEGUUPYB47GTK6EKA,B0B2D98XV8,4.548007400234836
AFIJ75JQSAJKRL6RFKMSLPMHA5AA,B00NL2XSD0,4.507914334551906
AEKWBJWW7BOYFKFPF6JA4GTM45ZA,B01AH3RSAO,4.440539682095649
AGWYFSFSBGELWEVIJSTNQFP5QOZQ,B0B9XPLGMD,4.9588000085843476
AE23WLBRYKEC67DM43M6E2MF7GPQ,B07JL1KFT3,4.562294285505484
AGKHNAF7EW4PWLMY7ADZ4RD2QHVQ,B004XNK7AI,4.862918452762297
AEZ2WBDBIEQYG462G2YONYBGZVZQ,B09YDBKT7M,4.795341245924664
AGXWBFBAKLMJWMQIC25BQF3IU7TQ,B0B23JC8PD,3.8851266501131763
AFN7RMFT2BS6WD3R2E7GRHL36BXA,B0BL38ZMVZ,4.824627813473263
AGUQUN4TIWP46MPNHP5QOPOPRFPA,B00RYESS7M,4.3674116529641935
AFJUEJD4K6TCPOMWLOYABXHG6JLA,B09ZSKK72G,4.60138087508239
AEMT6J7LNK3BZYPCMUHZQJ2IN5PQ,B0B7QWDRKW,4.390521760719622
AFUENSIC7Y26UOKSUU2E746FZ7LA,B07MJJ281Z,4.752777245688775
AFP4F2GUVJSNPRNCQA7DFDJRPV4A,B011N2VC64,4.631820183787154
AEZRHGN3PPKROE7XAYOIA6PDJUOA,B0BTC9YJ2W,4.657141973031948
AHHOIY2ECN3U5FBXUEG3ZIQ44MXA,B00N4ZHQ14,4.3910218297848465
AGIJG2YRPFZJAF4QR2XMXAQ6BSFQ,B07C9YCY5J,4.694558481219126
AEJNAAJJQTE2G5BRC3G6EE4WTW3A,B0741MZ579,4.351017438405913
AHRPODCFJ7UNWQKCLLBKN6BQIN7A,B006QUGBVK,4.453901218760339
AEYO67OSVKLYD2D3AG5HNEA7IMVA,B07NDJ1HSG,4.819240750074743
AEZ2WBDBIEQYG462G2YONYBGZVZQ,B00CK2DM7Y,4.16592908332072
AEOJU3MJ5EJDUXV6N2OJJCIIT3JA,B0C67HCGBR,4.92816237885684
AEAXAJACFMXIAAH4WOHRMXPSZWFA,B00DUKP37C,4.663241914515928
AH6PFPNL6Y7ZGHCKZIIFPCITYN7A,B0BLLKKFR8,4.649748607954373
AERO2X3UKXVIUEF26U5PKLV4OQAQ,B0061OPQK8,4.737643752709609
AFDM2QBXR6TIAHRT4FMXXWHKIEBA,B0BQ4HSKC9,4.2332394385912675
AHVJETUIVOX67X5KWFJE6WSD2VNQ,B07DM15V6P,4.876019795146005
AGHGVYWM42DGOOTZAAZ2TCBOWQKA,B07R3S93K8,4.127665122176703
AFY5TUCEFE3ANITHUXSRWTZ53UWQ,B07624MRT1,4.816608880045675
AG6ANM7XF22BQPWJZZI5TGVZ2BJQ,B07JCW1KGG,4.626521342995323
AFAQZYGOFDSTN3VL4ZBOEF5NJYHA,B01DN7OC00,4.761718909184847
AFSBFTCD4LW6WSHA3C3FMQVLNTIA,B00OQ3APKC,4.569302096100344
AEXA7NTPDY2UXZRU24M53A25SERA,B0BHSG5C3G,4.759472432597313
AEE3F2XA7I3WFVWAV2VZI2YLLELA,B0064RTS0G,4.915740132970204
AFBCN2VOZS4B64F7FKKWDK23WJ5A,B009CPFPFO,4.194506045091214
AHZCMDWRRLNVO4S7S55JDJQVLUVQ,B07281RLMX,4.419315267816146
AGCI4677JEAQIMY2DOT3Z2FVHI3A,B083BJKJ3G,4.378989368765699
AEAJFQMXRKKLUVQ3CKLPOMYPM7MA,B06XFMN8DC,4.738138820322039
AFVWG3A6UGWJZTL53HR4N32I2OYQ,B0BMDK2JC3,4.932310314353314
AFYM5NNIBINVTHU35YTWZOLBA5KQ,B07T2BVDZ3,4.0736938783763375
AHVYUR3K3RKLXCE2BJHRA6DJ4QPQ,B00F1WLBTG,4.847399146038426
AEVPSBSO2FUNFP4I6GMZMM5WFC5Q,B00WHLLDWO,4.535535622568323
AHT4FUHPQHJVD4LCQVE4UYOUOCNQ,B00OC1LP6G,4.290780240594467
AEE6WOMUFCVC3VLRTLORF2IGICCQ,B0C159Y982,4.6452135438104625
AEFWP7QQF5X4YDRF3U4LAXUO6PFA,B07D5W5X3Z,4.846873959198896
AGENT7K7THM6Q5VKHKH2PUACREHQ,B01M0IQ5QI,4.406932388137746
AG4Y7N32RELFN6TGWBGKSV2SKWWA,B07YD4HH65,3.839838182407889
AFH5PKKWDDAXPAVAQ4DY47CAP4IA,B0041T53JO,4.5036466430386835
AFU6LE4MN4VRK3MJRTLCYLPSRBJA,B0002D0CAI,4.793711370507536
AG6EDKW4LTUP3EKVJUFQWJTF3AYA,B0BZJNPDJS,4.8007120196794375
AEO3Q7XPILWJPQSWIRP2PWZIAINA,B01G26TRW2,4.584918224629795
AE6KNHYGPWBZGQTNIT3NZ742JUNQ,B0836RLZ46,4.732017382202405
AHCR5CDP5ESJE42CDD4FJQWK2UKQ,B07CC51PMN,4.686292135981276
AFXCZEZOLAHC3N5QQRJV5SQU27XQ,B00XHGVHL0,4.726936007562957
AHJSYOIN4W5IZ4SW5LSHCHEBMPNQ,B002HFFUGK,4.79071412274351
AGVT5E2C6WNOCFYSLOCPAPBJOIKQ,B00T38U7HQ,3.076990068808957
AF6277K7Q44XN464Q472ZB3X6UHQ,B01M72N0A6,4.44016981372952
AHDALDGFNPUZN5ZQGSPWZPVG67KA,B07B16JL73,4.759127227998395
AFYFPINXBMKZTJSLUWWPQ26TLYRA,B079W7NWNH,4.907298520895225
AFKC56ZSSFHF5XCYFFY52C3ZLFZQ,B09P3ZVLV8,4.280438646078695
AF66QBHHYBPJJV4DYGRUWPG7YRWQ,B0002ZPK0S,4.275081182081417
AGJDQVD67X3OSVONKW3EQDPJBBRQ,B003LPTAYI,4.309344256462962
AGUG7ONCKL4JOYS6AILUT3AGOCWQ,B015XDJB9E,4.044222373431023
AGHJMMZCZKGM2XC7E32JDSAGRWHQ,B01N7KF0T2,3.674504154607094
AEKRGPSDDTZMEZAYCBIM5YMIIZWQ,B00H8BRK0M,3.8286357357994873
AFUA3AH4YS6GAL2QJCM6TLUMIPEQ,B0B8P1YW7L,4.7057759822337415
AHT7ULEGSWNWLMFIENNTIELDXKUQ,B0C8MDSZP6,4.699040857809996
AF3E2MVT42F7OZNO4ALCNO7ZKHCA,B005PQ1AIU,3.75899337941751
AE23ZFVUOMPKR57BVSWXV34QLMVA,B00CP3GQQW,4.614575072314641
AHAFUIEUSEKYD34JJIJLRVJLGFZA,B01667IMKU,4.916007001945028
AGOFGZANYMUDHB2NTVTOW63TG2RA,B07GSJNMBQ,4.690773155903168
AERIIOUEUQBPYUJMGARLPNMFKKWQ,B0CBK1WSMR,4.550066040910508
AGF3VSDDBFGT7IQNKN6FTNXYFFBA,B095FVTV98,4.851835077856608
AHMYVVPBU7WI6SP5MNABEHF3LEKQ,B07BH4GFV6,4.688397905603081
AEEDYZE7SWKKVMVWYZD35VYCMAWQ,B076ZSHQ47,3.426145379832538
AGJGTZRZCLFSCVVMBNDXVPHSIHVA,B0BR2NC7ZL,4.356988235598125
AE4SCUJHWKFLMXTAJNZ266VZTS2A,B00H8BRK0M,4.1600358400303445
AGJVN7BSF2WKOTFY5WKJBLF6RSWA,B0C6J1X7TD,4.8371843400252486
AG5FEKWGQDLOPZPCCVTDEL5TWMLQ,B07D9PJW32,4.239013457919144
AHO5LUPMSZT2ISIN24MT3W37CYHQ,B08JGBHM72,3.6890401214378032
AEAL4MJGXLIH3VY2GEZJUT54KILA,B095XZJ99J,4.939437460403572
AE3VXLLR4KYOJNMM6BGMVTSC5YCQ,B0C5BMZ1K9,4.387662300578805
AGSBFSEOGP5DIUCNJMPHJGQZDY2Q,B01DK1RHK6,4.541781072492016
AERCJ3T3QF2MOPLDNME2F4SQG2GQ,B00GN4VP6A,4.051580199999032
AE2BCWBDERZKN3ACIXQQISI3LHPA,B0BT34475K,4.528372470822189
AEWUJDNWZUABDIIGSGKDVO4EO2XQ,B09PH4DV67,4.385500148109832
AHK4QBZMKEAAR6DFQY4QY37EBLWQ,B07NDGTFJJ,4.7142899895229515
AFSIFH65UCU5GE4GK7AUZHWUVJRQ,B07KW6VM9X,4.379300889669293
AHEJYPLN7DMCYRQ2KCWQ5YIY6JDA,B0731KPCCZ,4.810229428231413
AE6SMJZ225MI4KJD4S766T5YYCJA,B08YYKNRJ4,4.208810424704275
AH5L2ZWXT6BSAUYQCH52NWFD6BVA,B097Q9W8MW,4.242960036499907
AG74MZMWBRESS5NOSUWUE67LQ66A,B0064BCRQE,4.925635387701688
AEDEWDQ2TF4CTOLZGSNW4IGVONCQ,B0116TFMM4,3.973780692838916
AETTPKKDAHWCURKJZQD5RRPGOC2A,B09RTZ26KV,3.9440011007174296
AGZKGEHOCLS6GB73NNABNIEWGLYQ,B07JF27NGM,3.639544563855126
AHKGRIKKRDBYFX4QF7O5AZA5FTXQ,B00BESRB8Q,4.7984170046336985
AGUQUN4TIWP46MPNHP5QOPOPRFPA,B001ANI6FW,3.963192235356031
AHY3UKWN7JLP4AHAQ7NKZTCFOUNQ,B0B6P55RBN,4.4260597578255485
AH4SSR6JQUMQAR7F5COKOYD2F7AA,B01J5A06OU,4.190162197886375
AGU46QHMBNY4242H5MCXGETTOMOA,B003HGFRO8,4.6700402409319155
AFYFTNZQOU3VO7KX7ORJ3Y5X4L2A,B07DWY7R2X,4.540873459706593
AGSSF4YIHPCP2MIUITM34RWOCOWA,B09MT2JQ53,4.920933146918144
AGAXMCCVSHVNHW2IF6TOTZCXFA5Q,B07S82LVW1,4.653862990212982
AG3EF6QEUZ5337KFWDBIOEQKSWLQ,B088GF12PC,4.5934689525897845
AHFJIW4HWEHRRWNBIHSJP6SM2IEA,B00KMDVKUO,4.255587715970142
AHOZGJTOUGNLCTEL74RCZ32PBOPQ,B09YDBKT7M,4.8592795903688115
AGTOCWUOQPBBIFRI3UYYHJZNOMVQ,B08R5GM6YB,4.182504126018307
AHKHM6O6MSZMQOZXBDUJ2MC2J26Q,B00HCPTXJA,3.83931880834467
AE23WLBRYKEC67DM43M6E2MF7GPQ,B00VEMS03W,4.084911630067605
AGVBPKC2WQYF7ZGFXOVTT45KKC6Q,B0BLLXXT6F,4.676336585396392
AFRTXLSLVRLIYMUGOAGX2PA6URHA,B00HTWQVU0,4.526051061952701
AEYVYMQW7JWQWYLWLCI7ZXFCLIIA,B0C5PRQ9K6,4.940478145679953
AEUAR37M2GSBYMQLR76YSAOCP42Q,B07SZLB9GM,4.773715279801255
AGARMVTKQUMBK2XJH2OSGVOBCCCQ,B096FZ5TKG,4.366495729073339
AGXNHM6FE6RNTARQVPQSHUNC5UYA,B06XGS3ZD3,4.032471896975898
AFMUOYI53LJ5QGID3ABH2ZUFENHQ,B07HSGS27X,4.643024003074556
AEPN2RD5DNLVBU4OQPDDZLM5EAMA,B00X8N7XKG,3.7799700189357637
AHBXCIZUBZU2EKLKRUDCQS7RZSAQ,B06XTW2R98,4.213081055754527
AEMTI3LLBJMTEVBYU3ZDEWIXJJUQ,B08LRLRRKM,4.058190169062732
AHPYQMRLEUCO5N3PMHQJGOX6SUJQ,B01B15JPCQ,4.531663682809685
AHSOKJ6LW3KSZSLP2ZTGJI5KP24Q,B0179A4ILK,4.522840848192642
AEWAPYKHTEXOLKI557Z2CYVHE23Q,B0B6P55RBN,4.316057779373457
AFTQL5KFH752LH35SF5UALIXNSXQ,B00WJ3HL5I,4.613021105636795
AEGS5YYS2NROXETUW5RPBN6DSEFA,B01M8N618U,4.722761206476138
AGRGLPIRFOMTUIBIYJOUTTGZHABA,B07HQG7YW6,4.357175323684821
AHMZYSO7LAKS6M3D63FQIPQ6UPAQ,B0749XX4KW,4.487767979447573
AE7GFJWCHUHU5XXNXSQERG52SD3Q,B00WE6INNY,4.932016828059294
AF2LHJ26ZRYYHDEVI3WZGUZ4NCGQ,B091MZPYBQ,4.503619701579856
AF7BFLZBXWO6TGTVSTARL73UJX2A,B0C5LYJXLR,4.822192070025919
AHXZ3VXHMIMKQYK7MAKAKEWWYHJA,B0BT2ZRCY2,4.7309604686499025
AFH6AUO7HH5PMJBRBQGQQKDV5HLQ,B0BBRBFHK5,4.700449172100674
AGZOX4VGSMPDBKP47XYDVKBJAQ2Q,B071WMKJMY,4.661832733137977
AFEHPC5MSRUR2QWD6IRZ4KB42VRQ,B0179C3SQO,4.132211821899464
AHG2CAKQ74WFM7W7BWIVGV26OSVQ,B00LMRNIUE,4.905310657187461
AGF3MM2QRKLZMQLTTEGVKCFQISXQ,B06XX92Z8Y,4.646148800162026
AGDB44CQUCWRDULI7FJMEFUS3UBQ,B0B1WMLNBX,4.881779845106939
AF2GPIP26H7E5EHDWC6P7RKZ3OUQ,B0BXB8QTLD,3.557920832834613
AETIZWCOFGGE42ZUTCFUL37OJQPQ,B08SJY4T7K,4.14832864898384
AEEU7CICRRS3G3YBNW3DDPSRSRAQ,B09TGD5X27,4.805969183626788
AHQF4GMPT6H5XMVYGAGBKYN5V66Q,B08VHZ4FFW,4.1694445644779305
AEO5TLC5WHQ6HED6RXQS6Y77NUGQ,B0BSGM6CQ9,4.828235192459479
AH7WTH5WIOSENLQKENY7ZFUKFFOA,B0002GYYD6,4.01233952190865
AGPVZ5LRWIOJTCHEZFYB5KK4XVEQ,B0BR2L1375,4.854157010805093
AGUG7ONCKL4JOYS6AILUT3AGOCWQ,B06XHM1C3B,4.283777385365804
AFMOXNCYTYVRTZKJGVX4X7NHOU7Q,B06Y6BCX7B,4.559552231121364
AFZEJOGI4OODANIEO62OHDKU4HZA,B00B5LDMH6,4.684860619797294
AFYEWBPNJDVMVJHFR73JNQEBQ42A,B0BSR996X8,4.918740526290584
AGUSXHIHBHM453QTCP3O2BLGP7AA,B097FMTZCP,4.400974676064146
AHB7NX5MFSJ6W2NWR5UNUFEF7RNA,B0150YC54E,4.724837034938437
AG6ATLCKETNYRKL6GCQV35CSSGPA,B0BRSM5XBB,4.341730355513333
AFYA2BB2KC3RDRMZBGWVJIFUXRVA,B074JNWHZ4,4.485793284476598
AF7CC34DK36SQJS7WXI44DREGWJA,B07PM289SV,4.584342523403894
AHTQQIQONBBXF7WSHWJE32HRH2AQ,B0B16WH36J,4.352209512939807
AFXMPTECRN6BUOM65ZP7UXDZATBA,B00LGDYGSC,3.769277814523814
AGGA75GROPWR6Q5SURTTHTERSIEA,B01KDK4XF4,4.602908570285733
AEMCG3MJ7TMAMEJEWYD5GICKM3FQ,B07DL8BW6M,4.565870729816352
AGHETJ7PN7P2EEPPQZHFVHGV7TAA,B07WBZ1SFR,4.759673227294414
AHOTLXO4JZW4GNNHLYJ3Z2EQVV5Q,B07Q5GCY4M,4.886292507155214
AE6L3X5WMBDL6PVBIVB7UVMAFIXQ,B08T2N1WZR,4.745897309543043
AG5ZHK6XUYHCHSDTU7ZTNQ4T3BHA,B08BSFDY99,4.973055229510809
AEF2RX7ZF5KKRXYURVRY6AKZGLSQ,B0B8M5FJ9W,4.43108834296288
AGTBJVGF6Z6FTHBKFPZFUEGV3NRA,B0BKZ1GPM7,3.852103488261017
AHGYF6WPXSRKSINWX5RCOI65MHEA,B00LMC2HA6,4.032020331619085
AFTEWUV2FV7AEPP34WF522DN6ZHQ,B0002F6WR8,4.9412980064875835
AERPP36RWS2WYRE44OCD56CZZ7LQ,B08BHWMKDN,4.660845360899438
AEN6QVGY7IYPDKZNGJWAQBGRAE2Q,B0BPLFP5P6,4.422040425187879
AHDO3Z2SFT3ONUF3WEIQDTSLSEJQ,B005ES7VSW,3.6683170561553613
AEN6ANHOT5COUFKFIQUZMB4XGIEA,B003AYK14S,4.350170703004817
AHCBAYMJVLTILRVTBKJIPB3VIDWQ,B01LQO3GGS,3.6188741466338805
AH7UOQQDCPZIWK42EWAAPCGDPJ2Q,B015X3CXXA,3.9025161144285745
AGFK6ZAZD5Y6WP5YUMHFYV7KVZSQ,B004UJO41S,3.7942273074669437
AGYRMCX4CHWWMEBXYY7BQIOT6ZWA,B0BHSG5C3G,4.247181999861882
AHFBALQTCIHW3OHR5WABW2EZIASQ,B0841BMTGZ,4.093081046248374
AG723UWMFMUICGE2QFUGPL3UUYIA,B07CZ8QC27,4.418863486021804
AEJ727Y7JSGHO3AJJBUKZX65NRMA,B06XW4SNFG,4.437170702743405
AG2DSSYTEPCQ5MBLH4L265J2LI6Q,B019NY2PKG,4.502039026002832
AHIVWIGXAM7DD4F5AKC5OCYO42JA,B016QUXTZU,3.9217860771861863
AEZCTDIBXZVKKAKKKKWSXKPN2MVA,B07NBB4KRS,3.6888565529160537
AFMQSX25IVEXUFMV4LBZFWTARSQA,B075GKTV88,4.559867178135732
AFY764TFOKIW7R6R3TF4SLTP3DYQ,B07BFT2B91,4.598924810841343
AHEMAURZYRCARVTVF6CQYTYE4I4Q,B000BUBF6M,4.268060119564893
AHMEIQYVEGHXBYOBMUQEVKPE3QUA,B0BSCF2FD7,4.55920466008328
AGV5EG6FOHTDDWOLXWMGQWQXDMWA,B07J341B3C,4.775315081107502
AGGCTCZBGFQEUFK2IMJLAG7T4QXA,B01AAX6KGY,4.392519254095324
AEMSFZ4NLED647BP3ZCQEY3FNGKA,B07217RS84,4.612736750236092
AHWA6UFI2V33J76UUQWQP6PHTQCQ,B092LF6RLS,4.293237204960332
AGP2P3VOGH7NNNH6CU7FKN4M62NA,B079TLFL33,4.5974739435365315
AFTPUNQ4NGIKJHIEUAFA3GQBUY4Q,B0BPKH7FJ2,4.885047690984683
AH7GRHCAJCVNL6ROQOLIJT6PK2XQ,B0BM9BWB8B,4.237634962455816
AES7KU7JY6KI2MNQ4N4IP2YCMTZQ,B09RJZSQML,4.9492676993056435
AFAAQVGMDINJAJNDD6HE2HFNJ7AA,B00LBKFYUO,4.189507176018517
AGBECCLTWXA2ZFFIS4KD3Q22PFRA,B0BCK6L7S5,4.478531892245613
AGN5FDHWM7WRJKFO3CLNJ4D32U7A,B015WD6FIK,4.038931148122397
AF5PM3LODZ3TCXBESCMRC33V26SA,B00OO30CDE,4.830975671602742
AFJQQWO6VAZCTTY3GXNB3SEUU34Q,B00RVE9X06,4.840792042490408
AGTOFPT2HFCQOHY7VTF7ZLZFNN4A,B08178GMTF,4.441920857438519
AGF7TG2EIMWONOO3WRWONQJVKDNA,B07PZDBGCR,4.936455470144896
AFBUMGG7XY5MQLB7HIXJQR5X34FQ,B09198262S,4.5108686481820275
AETBRNPDURJZWOEQN5VR4BZD5C3Q,B0C4ZPNBYC,4.76295374447022
AHCBEOI3JFHG2DNP5USTZW2MPEJA,B01MD10XAU,4.230674794498924
AEZP5L6SPBC4WHUHBJEFCDDVB67A,B09QDL744G,3.960976714810376
AGR2HGNGBX6TFVFHQFKXRPP4B22Q,B0BT84L827,4.921999905253708
AEMBK5QLIOB6NHLJPH2GI3ZEW4EA,B007MY5BDI,4.54444256044828
AH2HKJL3HTZ7OHQPBKMANUB6XLBA,B00L75HGUY,4.421731913138039
AH6UKAFU6GC5PR45MMZMRAQIDM6A,B01FMKRG6I,4.692169001920904
AGZJ757HBQPRTEF3IFY37PMFPFIQ,B00M53HWQA,4.002281580210756
AF2HAUDZBKQZM5XZ2DM4UPO237UQ,B075CSHLYH,4.560151456238005
AE6JDIRVPTKC32Y7X3QQ3WAY2LIQ,B0BZJ3ZS8B,4.635112974765395
AHAR2WCDFYETREAF7SRKJ6T3RMKA,B0002F7IOO,4.880182800990803
AFPXIMJJAYJYB56PWZ5DSHAMVT6A,B092CVSQHR,4.233821707456775
AFUO5Z2K6MDX3SYTSIS5HBT47ISQ,B07Y3YB1DH,4.685069627138254
AGDRNG3FGVONPV75CF5ZMZ4CARKA,B0BXCQ9CJN,4.458798851180797
AGMGW2AXSHFLEP2KKAQBOM6OOQGQ,B06XB3FQKB,4.767383284344696
AFLBNI74FPOZRZR7AH2PBY6WSMFQ,B0061RNE0E,4.947704441073061
AFQDH4VJVLTDGFFZS4IAAG4VMBKA,B015XTFNP4,4.564898699143247
AGAGHJYANWY7FQDJRZ5XEVGHMB2Q,B0C4GJM9J4,4.569964657633815
AEYVPPWR4CIKWX4BGYKCBCDL2CZQ,B0C6R1FZNM,4.090630977880895
AEUXATQKIZHHXARX7DCMLD7LXG3A,B0B129LPD7,4.553649496874158
AH5VYONJC6AZLXGHCM32LEUVGWBQ,B0BKZ1KXLM,4.924967695599647
AF2HAUDZBKQZM5XZ2DM4UPO237UQ,B0B2Z13RCR,4.927597246055403
AEYSGCOJIR5X4PFUY7JGUOFCZVNA,B09RX2SYHJ,4.236698075137642
AFPEV76DW5AZ77YU6DXBX24YRD3Q,B07RYBJN7K,4.526721596476668
AECRFIY3HZZG5KMU424HTLAKDGFA,B07H8WXJNT,3.9777703395353985
AEWVQYY4G6UMIFZD6QDPUDOYBU7Q,B000T5MQV2,4.441239063715958
AFGEE2G4XCML3OIVDBZU47XRZTDA,B09PWCF6T9,4.559026097935212
AHO5IPKZNXFFG2LYSCTINORZG7EQ,B01M15915O,3.752605799297209
AFXUKNAJ6DONF5K3HFFCVWIG7WUQ,B07PMLJ8PT,4.731064076563619
AEQWIQ5K6LLNVFPBJTPKK4J76SWA,B086QP7WM2,4.9462682442154975
AFMG74ZXHJ2XIJW5OUELTC5KRPKA,B0B3VDFKB3,3.2487391726180315
AET3AD34PERPEFPAFZ6LJV6ORW5Q,B0006IHLFI,4.84452316029752
AEOG5GP4YYOR6T7H4DTLTH5VXEVA,B09857JRP2,4.948523933069217
AGTS4HKNL43FZW3MZMUNVRYLBCKQ,B097FMTZCP,4.255421234075431
AERLABCYH2N5GVQMRM2SC7I3LY3A,B0BK6PMJD2,4.568598870455283
AGMJISSDQ7DXH7AYMYZBRHWISKYQ,B01AIF4CL4,4.708815804236914
AG4V6SXKSVYO5TTRJQRPLBSK25HQ,B08BLKZS1H,4.045958194704848
AFSID347MNEO7BB4FDS7G5WFXFOQ,B0BCW884JL,3.8631457872962383
AHBQCICNAHDBS47M6LFAPV6LBFRA,B092LF6RLS,4.6040171649367885
AHDTJODSAMZBYCCS6I35H4V452UA,B00LGDYGSC,3.5972500017093267
AF4DS7QH4EAGQ6QWYLTMEMVHNQ4Q,B00DY1F2CS,3.865880253039789
AEABO4WBVLZ6J3VVOA5XDJ7HDBQA,B0BFF85D9R,4.525993430096749
AHLW5Q4AJQMIGC4YGUHALFLAQLGQ,B09BGCRS9T,4.915087893273537
AG5QJWMXSGR6QK7CTCJKXRD7OSOQ,B013MG2PPQ,3.592054562795693
AGFCZHTATBUI4HMETZZ5DXULTZJQ,B0C54RRCKG,4.518989402403216
AGSP5XAQPQBUUXZHEZSC65FD7NOQ,B01K2OLR28,4.580217064748135
AEICQU5QHFNKB2ROUABD2JNNPN5A,B000EEJKSA,4.135531072603737
AH5H3RK5Q2WAXHOCYTKNZFAV3UGQ,B0C3LHRRDV,4.637314246336073
AGZG7MB6QID6KRBUFHZSKIAOZENQ,B07DWM7Y6N,4.84395065991925
AGIU5IUE47VOAR36ZMNGTCP5KXKQ,B08BH7KHSZ,4.20373658612141
AETRLZMHXJWHRPFLNPAT5KWVN2UQ,B093PZDB9W,4.338470425191363
AEA3NLDRDLTW7U6TDQT5GPQOOIDA,B074335YFQ,4.297600968433413
AF25N7GLN5FPPTJTP7KP5BNRV25Q,B0BPJ4Q6FJ,4.762870243799471
AFZV4SQHKPAL65VYRSQSKUKWMXXQ,B009YCI62Y,4.289964281385101
AG6XVM67COQE6IDXIWOXYJTPISKA,B00CDA0IUC,4.68412551118989
AHWG4EGOV5ZDKPETL56MAYGPLJRQ,B09TXP3FSK,4.615340592416328
AGCCTCFGWGVABEVFKC44HJPXHHRQ,B07QYVX5DK,4.017021843280062
AFQVJYB73FB4EMH4CHYJI6DQ64ZA,B00UTH51KI,3.8508850422142418
AEQR6VWJVW32O4N3STXCPXVF7PSQ,B0BRQGJZXR,3.9400347975927374
AFTVOIJFGYFC62ALDHKINLLDDFAA,B09NWCD36N,4.340914527493501
AGTHEJOM7XSVYDS5ITRS7WUQGMKQ,B08R5GM6YB,4.532538265104578
AGPFAMWJTPQSQEZMW5TUC7QY633A,B0018TDULI,4.712977153761616
AFSA6YD3ACC3VQQJRNN27YN537NQ,B07L5B64RG,3.9780653020158256
AFSR5KAF5DWNQ5OXA7KEFPPTZJPQ,B01DPCONFM,4.6877471848847705
AEIBHSLYC3NCXPUA7P4OVRWQEMSA,B00979RZ9O,4.6537306897153705
AF7TTQT52OE7QACCNUOOOTZUMAQQ,B09JWL3BF9,4.781870703436796
AELR55A2JR25GIIZGNKE5LAE55AQ,B00356J8KE,4.103748086539557
AHSUFZF7WQMX6TJ6WC2LBBMGSYDQ,B000EEJ3S2,4.20800469496233
AFCWX22LDG3CR5NHJDDWGXKRC3YA,B07K66F3N8,4.929740477635783
AF2BM6EMS6FKYSKZV5IBORZEXOKA,B095XZJ99J,4.62992704991545
AFTOYCLIMUB4A6TTSR6F2JINI4GQ,B00DYAAIAU,4.336512468765699
AFJ52QWR6Y5WPXK3MEZJJBHMUY7A,B08LRHL28Y,4.268732175349536
AG7NDDHQBGXQDQLHZPCWYMAWYM5A,B0C5BMZ1K9,4.641578455728603
AGDAX4BPTSLLAI63FKN6J5ZTFKOA,B08BSFDY99,4.95347480768625
AFAAJ4UTCN4SFXFVJ36RWKSOWCPQ,B01KHMUQ2M,4.3302331252941
AGEXOCVVUXJJZMX6AGI6LDVUC7SQ,B01DE4D4LU,4.729192601608007
AEJLXKSF7III3HR7ADY5TIWBOECQ,B01DQ2RFS8,4.304095977411745
AENNORCDOTT2KFT5WUIK7PJ2EXOA,B075MCRFYZ,4.542655821404356
AFI53ACNS6SYJPY3RKPA5NFOVRAQ,B08PMZQXN3,4.848578743818846
AGU46QHMBNY4242H5MCXGETTOMOA,B00S6251JY,3.7412983644071787
AGS54MIP5XVBK7FM6QH7XNGFDVJQ,B0179C3Q20,4.640666194243327
AFPJGU2B476DH44PAROBTDQZQVPA,B076X9C7H1,4.660940682331482
AHJ733ZCG3SPN4NXNBP33SXN66TA,B0006NMUHM,4.730483195414929
AEQ26CZ7BTH3LGW4AMRVLEJKGOFA,0825603285,4.200833752973306
AE6PGN2WW447FQCQ7CQFTCO4L36A,B0BKK3H2F5,4.053410620942662
AERWQO4KG65FDWZTSAU44MKDCWFA,B097Q9W8MW,4.412564447043886
AGG7RMU6ECJHPQB2ZIQT7ESQEI5Q,B06XNBTLHC,4.60352673627761
AF3NQJJ4KIDA4GURLEALQBI4RKUQ,B09G5QS1VD,4.437004631358703
AG3HHGKGIZCIIQZ67ZGJ7SUBH22A,B0002F5C7Y,4.35223211548109
AEURYFHY5UKJWCTOYPJD3D2XLJLQ,B00CFEYN66,3.876808118462491
AHV7MPSPXX63ECNBQ3XQ4QHUOHFA,B00M6SI0X8,4.7078912343662775
AF2NGUZ6QFZJUAAINQTWZL5WMXRA,B00A7KC9NO,4.080373882102312
AF3NOA47IJLZ3V5SQBOAJHUYDFJQ,B0BK6S7QF4,4.957133235999697
AHPLPI4RJDQMCN6Q7KREMZIL4HXQ,B005ZV5K0O,4.644216464100506
AHLQFKLT3ROJTFS2P4GQ7CFHLXFQ,B09GZBTSV2,4.065863531432456
AFEZ6PH4W6I2W5NDBWKKFXAV2EDQ,B09ZP4SZ72,3.533775537240793
AGDT3NTRES47WHT26YWV2CVOLOYQ,B007534LFK,3.5252008768371477
AFUDNFNY7SEDKBT36AH2LZDN4QTA,B0749K3CB5,4.676137649820803
AGGSBHWCFOI7BGAQ3YAGICGVRZGA,B098KXQJVY,4.384404306344493
AESY7BV434R2YQ4PUJCJG2YVUOOQ,B01EL2TFXA,4.432004933788596
AFOZRALZ6GRV7B4Z2ZGUVNKI5DOA,B0B55ZJK68,4.664631240573692
AE3JNYVYO3C3UXO6ICDIOZIKJYHQ,B0C37QCPS4,4.0772645298397
AF3NJDOTMG7BRKDLV6UM7GHFC7XQ,B0BGQZNQ53,4.187269021342506
AH5B6OGW62H7VQZYF3KNZDMKQP2Q,B007MY5BDI,4.650108971890342
AFOWDN6YUFGKPXH5ZJE5J57JE2TA,B0019FYE34,3.877797653723467
AGUSYMZGN5IIQZWHPTPH2S6D6KFA,B01DZ6FBBI,4.823102187662383
AFDIHKY33QA2NCPYPOGJRSBH5UCQ,B07YCMQBRT,4.574118782875173
AGSAGGYZSLPFCVOJ3XTIUN42A52A,B07BZ2FZ8V,4.691852451721122
AEP6VSEK3Y5MHGJCG2RGHM2EHCLA,B00RVE9X06,4.352420289005705
AGA4GTW7N7KT3VL6PYMHCRSBMRUQ,B000P5OULA,4.123302080636147
AH7BTSFO77CNNKQFU7FBWTV5DI5A,B0040YZEJ4,4.729640729751086
AE4QBSUQ4TQSHRDMXE6CIDICH4SQ,B00B5LDMH6,4.588581990132704
AFUENSIC7Y26UOKSUU2E746FZ7LA,B074WXM13T,4.674199124921969
AFZUL4Z3J5LTJYTWP6IZULSDVP4Q,B018FCZKR2,4.8447847397395165
AF6PK3PJIARACNSAQNXC6DZMITIQ,B0BPJ4Q6FJ,4.675794645008363
AFLQJJ7C4PKUZJOXPIR2RFS5GSSQ,B00IZA1GI2,4.8610982720384275
AH4AIWIVLN43SGJGK45W4FCJB5GQ,B07WTRFSMB,4.707908940292991
AFPG5F53DZFYCV4MUZZJMRNBCS6Q,B0BVVT8XV4,4.16750442048011
AE4FLJ7EL2L56IUWIAWZRNHJXAEA,B0BKZ3GCGR,4.819581576953823
AFK2NWEVOB4BHP5V2XVAVE65B6CA,B0084CRYOG,4.4961413198267035
AFMEK6HGMNRXS44ROKARI7467HAQ,B00DIGCE5C,3.968866433498481
AHV6QCNBJNSGLATP56JAWJ3C4G2A,B07711ZF5C,4.3837052728808965
AGR66GB7J736YGNOEQXECJZENQXA,B07SCMRGW6,4.411045296241249
AGSP5XAQPQBUUXZHEZSC65FD7NOQ,B004C4UQZE,4.105298732731125
AFHPJTBQYQHQXIFBAODXDAIGCGMQ,B0C14SC57J,4.660766529727571
AE3HJ6CT7RAMP5XNGLYPEGDEMJJQ,B015JTEBN8,4.646036381477565
AG52TQ6F7NLG5WBLIK7Z4QIKVETQ,B09B45DLQG,4.613770821795104
AHFWSW4APYWHTKLSCLUQ7OOAXBDQ,B00XC2AQN4,4.635252478897898
AFS5GEDNULNRN4L576C7IKBC46WA,B086GNSNMC,4.766335498304488
AEVQES4DYXCIQMQL7KHTDM36Z6TA,B003OJE8LQ,4.8274517799391266
AESJEFHJ2EDKWCAGDLHNIPG636DQ,B07ZN86ZFK,4.211697187668548
AGMADA7BVXWOPUYDHC3C3K3OKO5Q,B00H4PEMM6,4.866975777491625
AEIZXNH7FBJXMVY2CQLSSI2NZSZA,B0BXT3LKL4,4.5833993416424255
AG437IVOHPYSB723CQHCTUIOPOUA,B000Y021NA,4.396083632633257
AH56VKWTOEVES33UCWBSJ4PNSTZQ,B097Q9W8MW,4.589282390634317
AG5SSLGUHBVW2WBIMICWOPQGV4MA,B00387G1MI,3.982788857674074
AGOORIF7OARBAL6HFDOLXUF7DBFQ,B0B4DB5QD5,4.238523445537208
AFZFOI4JUMS5UFMVWPLAVQ3ZM2QQ,B000068O4M,4.478752934148222
AHXJKALSQTNTY5FPUFFLHF7FOBDQ,B075VPGJCX,4.7886734958009
AFQK37VJADTSXECNN32K7O3ZWM3Q,B0040YZEJ4,4.689502855266566
AFKXPHJU332QCBEXRVZTY6K6B5HQ,B00BS1986M,4.621035774731736
AFLM7I2NCG3CEVZVMCMWN6SS2O7Q,B01K1EJQ9U,4.767648938872208
AGNZ55VEXGISWO3OH7F4CTP6HNRA,B00DY1F2CS,3.700365529321794
AE4HFI5J42AKFLFHZDE5D6LFGFCQ,B0012BPMHW,4.208352458232458
AE5EKWZ7BDIPUT2SQCCZ62H22ZTQ,B0C6H9T5T6,3.967269512182349
AFCTA7ADJVBKAOXVHUHMRZEEEE4Q,B071H41DFS,4.40306519223682
AFISTPNKN3EJKATATVLIFQMKQOXQ,B08R5M2FGY,4.710462651517515
AES7UWDI6OPAU4HN7336ZP75SITA,B098KXQJVY,4.78689430880223
AH2L4HXWXSECI3SMTHE6YB3T56KQ,B00H35YIJE,4.505299311691928
AHA27EHM74UI4VBZYCCOVUBUZNPA,B0B8LZKBN7,4.377883196655348
AGJ73YUYEW6PWPIO3HOKTPLKW7GA,B0B4SGJRHR,4.590886737960398
AHJ2NJTRCWB3QQLDFPPMYCEYDFJQ,B00KG7CB2C,4.806288644723998
AFM2DSFXQRROQL75DRQ6J32PMRRQ,B08B6BF5RH,4.5704794228506245
AHVMI7WN5IHRKUS5RR4MWRL5BROA,B071RL22PZ,4.786069119416661
AGK7E6PYFPGPZ6MREYX4KANUCJGQ,B06XGS3D3S,4.775476620949108
AHBCMUMYBDO3DCWDT7RUSCSHVFSA,B07C91JT14,4.2861657362482095
AHOGN6NSQV73UZ2PWVW5F4Q43Q3A,B0BX8HZ5RH,4.553003503595546
AHIXLMOB2ZZRRGEWCJXUZ7XND22A,B00OJHI6KQ,4.29949170797663
AF3BR6FQAGUDNKNFETNSU3KKHBOQ,B0C6H9T5T6,4.744168905815109
AHIUXHZZ44ELXOD77N5XGO73ZIZA,B075R94JY5,3.971957965030764
AFVTV5IBZU7SCCUSTID3SQHYH2CA,B07N1RPV4J,4.734112375733374
AEBJOLNLS7IRLB7HGXXFBZSLXAWQ,B07J9JR6VP,4.822114596492905
AGJK6S6LFHIGTRRCPNYGMGFQ3F7Q,B014ZYPT34,3.8851410271086846
AFVNE7YGLL4YBJNHHPHEO3ENOAUA,B01MG3QVCK,4.432333927093268
AEYVPPWR4CIKWX4BGYKCBCDL2CZQ,B095QBH5ZB,3.8063693952542197
AGMMFTC4LMPBUSCOSAPMQU4BQBJQ,B0BSGM6CQ9,3.9094139679024487
AHK2JKHQ22EXZBQWCF6SAV3XYAYA,B08FHV6383,4.155881359855856
AFAT5EYIHBJC3AC5TZUKLLWLBPGA,B09BMTCQC2,4.516006439374825
AFWBENHWG6A6QJCJISR4IU7PO3UA,B072235GXG,4.716472855070403
AEAU46Z6SC3RRNCHFIB5RKUUGROQ,B07BHHDL37,4.531216173901443
AH74VAPB4EPE6DUCD5VNR7PQELQA,B00JL5I61A,4.154293115918424
AHJJGVQ5R6COEDIQTRKPH45IHDUA,B07MQK9168,3.9572946176326864
AENHWLM7GME7SJX2RTO5JBPIUSZA,B07GXGXPBY,4.619640577343205
AHUIUCGSUO6B2KRQLQ2UWRYXTH5Q,B000TGSM6E,3.8465313876236342
AHVRQ2F6723IXOL2VOYHCVYJLPKA,B08Z6TDJZ9,4.575908880052081
AFHPTJZIUVAIQYWANKXP6P3UVK7Q,B002Q0WSO8,4.369250255901713
AGQ3FPXZLJIHBHWM6BZYS3OCEKDQ,B07HMY1RWC,4.532605309302374
AEUAXVAUWJFDX44V2Q3OZFFYDZWQ,B004MN9746,4.209230640660941
AGJ2B223IQ4U6IAI3CUQRUX5IOCQ,B098KXQJVY,4.86206595880223
AER6WLSJPBPNOZIQWVHQBVOKTNCA,B09PWCF6T9,4.1813529195012205
AERXAGU6PAY74OIAVZQKU5ONB3NA,B07NDGTFJJ,4.692679754078064
AF7IWQ26I2RJXFXKGSPGNNRBLNEA,B016QUXTZU,4.109841649895593
AGAJSGWWB75VLSBMF6I3LUUTL4AQ,B01DEX3CHC,4.325263650481331
AFKG57XVUDKCUGS7Y44EY677NBQQ,B072PWKPLW,3.681500037321743
AERWQO4KG65FDWZTSAU44MKDCWFA,B0772XDJX2,3.880935674081545
AHHHDPHIPV4CJY536D33OZV6LFPQ,B004XNK7AI,4.334560276132884
AFEZR2GVGMGGBMGG6WHCWRI3MK4Q,B00CHHUKY0,4.5640477937694275
AFCGEML7F6W2U6YIW3BT5VVHAVSQ,B07CBT4SYD,4.3886595959383286
AG7REFIGR4JHFZTYSHJGYFS6WYPA,B09Y1X5BSC,4.549681552468618
AEGEWZSJFQBTYZMFDTFAOCMGVAJQ,B01N5QJ0LE,4.50993654620885
AGJ5ZHY5Q43NH73NAAFRO3A2TQKA,B09857JRP2,4.732618303582696
AFLAAWHDSTPMYQDU55P7GKFY3ZHQ,B00PR8AW62,4.676635463473171
AH2H6UZNEA477XOPRQ3T37WXMBLA,B0002KYXTM,4.200015229502603
AEXXN5AQLXNN75TLPBTDPHVJKF4Q,B0BCXL2V52,4.673509075367346
AGG5VFUD4XK5TBLA4B724XEEV26Q,B000KN0BYM,3.6799987556155824
AFUV6KLJPKFA6QQYGINR4D2MY2XQ,B00HTWQYSO,4.642407929935287
AFF7YUPAE6KRD2ELYPEQIWZYORHQ,B003LPTAYI,4.462672868862255
AGG3TGNIO4ULCWBMCUW4NHZZ4BGA,B07KDWXQ84,4.4448884356517215
AFSPIN4QUVVAVW3HTX7L2J3KUR5Q,B00OO30CDE,4.462876754246017
AFXMSKCDLI6GRTDUC47LXZWZKIPQ,B00IWXMGH2,4.800626356839677
AFM2K5Z6FN65NXDAT3G7ZLFW33SA,B078H33C1W,3.6688227964593434
AFB72OOKML6ATB33JXEUUYPQGMXQ,B00WTZRLOM,4.526656100583881
AE6TF34R3XLNVEOUQ5XGGJLOBNQA,B073CZTQFM,3.6789629822085494
AEFXLPLCZWRJRK4OVWRHX2YUPW6Q,B0B127PM6M,4.043897194889423
AG6VOE54BWQKIPPH66M25GME2S5Q,B09Q39C7W2,4.957119057335344
AFZ4UIQJHMYNZMKSDU2QA4F436WQ,B0C5BMZ1K9,4.581694167282453
AGVDSDJTAPD3VRDKZKEX5ICMTASA,B073T2YK2J,3.9266417885568927
AG2Y6CDZNCG2ZJIUIGDIJYADCJ6Q,B0951C4RGR,4.604875065530658
AF3NJDOTMG7BRKDLV6UM7GHFC7XQ,B019OO4IY6,4.29467985273647
AFCLOTB3P3EXMIQAKAZIP3KGAYQQ,B074WXM13T,4.2187509057483865
AGVTKJAYTPW447JEYNPPTT5TDDGQ,B01D53JG5I,4.554013916074343
AGKVQWUZ2RQAOWHJHMQQBGIDYASA,B07MCRMLF3,4.408638423806295
AG7TXC563E642KFHS5YINKSCWE6A,B076K32CH1,4.828002826396618
AFCFGYHKKOCM7XVCRNBG72BQOPYQ,B0006UGEOK,4.082666259433606
AFUYIME2PIVVNZFSSDULBBIWZD7A,B0B6P55RBN,4.250881097748872
AF5JC6AAADC4WZZONMI3PK5AGJNQ,B0BHSG5C3G,4.771868887579171
AFR6WKFQBTKBG7HH7MOIHP7Y4IJQ,B08JMQR2JK,4.759529951686698
AHZOWNQENHOHDPK234WOZVMLS2SA,B0795PNCBG,4.192808853406274
AGGESXOSTBKQQ2MZKYON3UGB4Y4Q,B085C1XP92,3.94366298415065
AHENALE25EXP3M7QWZRXIYKTTFPQ,B09Y8KNXP9,4.587581674291771
AHRQCX6F7G5BXPNBEQ5MXPTRN25Q,B06XQ177ZN,4.436995033739006
AE6BYVUHZCRER7JBO5CFHJEOHAVQ,B0B69VXJ6G,4.191150914687226
AEXH3SBLTIIWZJ6LGBWKNXVDTRZA,B00B5LCADS,4.488536404967063
AGDWXEECHCW256RCMJKGTNJHQGIA,B000BYPJ1U,4.152486679937593
AF2CLARGDIRBOY2HMOPYSNCURNRQ,B07KPBVCKJ,3.94011101997879
AGEFZSKNCTSO4XQ5LU7MGYKQIEZA,B016XLLHCY,4.144774614074587
AFA4ZJGSTUWBV43E6FHQJV7ZWXDA,B098PJL986,4.759396126760064
AGFNMLVDG4FKJCSVW5MZDENDGZ4A,B0B1LK9SXB,4.384614129481019
AGBW7LZUPMPOBV4LJ7LO3TCTRVLA,B002QKRUJG,4.294587585241386
AFWHS5KMUDYBCMWKOLSLZZJR5HDQ,B07P67TV7T,4.341225060931123
AFHLBRCKVJX52YOOLP6G2MDRCGGA,B0075DO5K6,4.4145670114955635
AFV7ODHDJYGFBCSQULUNPKZTC4EA,B091YFQGCJ,4.779314009729837
AENN2BGZN2YQ2OVGQTNXHLQ5W3JA,B00834KJ60,4.3030761763425875
AE5XAHW2JPDP32P2BFJ7R3IFND6Q,B015HG7F3Q,4.430040627109375
AFTSNLQBX4R6BYTB337XHJIYS4SQ,B017VXNOK6,3.9577806590191473
AGMRYSCYS4DGUW4QAISHDJSCHUUQ,B0BCK6L7S5,3.887011136770147
AE6TYSATATHUCWNO5ALASJCCV4UA,B07CQS5BMH,4.734956054085378
AHYDSH65ZAO5BMP5AFT4KYN7PAXQ,B00W7ZL4TM,4.697118596457523
AFQRD5USTZ62QENXGL2YDRIMPGGA,B0BR2PXCBW,4.244530332970424
AE4LWHIBYCREDXSNG3EOF3RLKKYA,B09R2TMLJR,4.331568189527614
AHAV4CADMBDGGHBQMBNTQX6YVXAA,B08NWG3F9L,3.878443600710857
AGA5ZXP7UELYMEEFPCM7Z3SVO5JQ,B0016H8S1O,4.585916590516311
AEXAQLGHLXRVILTEJQ66WITDGABQ,B07HHKV19H,4.309628685843412
AGHQFRCGHCGJIARSMRFJ3G4E5EXA,B014PEZVKU,4.251826504619658
AG5C4IBXOOHVYIGS4RUQSR5FLKNA,B0C6H9T5T6,4.095911634959155
AGVTKJAYTPW447JEYNPPTT5TDDGQ,B003WZ6VVM,4.197081456319136
AF3FBHCAUSTHXGTODQONDLTDVQ3A,B0C67HCGBR,4.980007522500832
AFNUD5CAN5NBVLUC6377NGRF2XEA,B07KR28VKS,4.042859557806848
AFID64NVSRMGS4FNVX6SQI23O4TA,B0919HG8S7,4.72441988563971
AFS5IBOOEKUZKI4MPWN25FGW76UA,B097FMTZCP,4.423580535073343
AFBSSUJ7JS74UIR22W44TDNK26WA,B08Z6TDJZ9,4.581433503552408
AGXQAH4PJCCLZAUWEE2J7NYRBKCA,B07Q6J4S89,4.546234559132294
AFU4WXFS3Y3OZ52E23YPAA2DIJRQ,B078KTV8L4,4.597505815187507
AG2DSSYTEPCQ5MBLH4L265J2LI6Q,B0C5BMZ1K9,4.581643346824672
AFDZ7Q3JWBSK3MEBNMHFMWINWDQA,B0B89ZSYS7,4.75892066244038
AEU5LBIAENNFA2SQXVQLFAT7PQ3A,B07VPLFNYM,4.069305198162947
AGZ3QMLZOWSZJPXAPSTGORHBPVQA,B00C5B26HC,4.658873785519422
AGTN6F4L6USRCJM6ZDIGVSRQMSWA,B0928HW2P4,4.90138066718189
AHXFHAG5TRFROX6VPMJJBB3JJAYQ,B0BSGM6CQ9,4.779948799108215
AGP4JFXNUWNXGL55F25YPQ5ZGIDQ,B07BC4KMQK,4.452634923295714
AFCGMIXOBNAESB7TJIGGRYWAYOGQ,B0BQ4XYZLK,4.376126557520926
AGEQUBTRADUL3RIFSR5NMHWAQJ4Q,B078KX8YJD,4.311520455885437
AHPYQMRLEUCO5N3PMHQJGOX6SUJQ,B0BK6MQDZ8,4.5737693035925275
AFUGYX2OIIUMI5C5DMYZHUYO2XVQ,B0BZ1XQX97,4.623649046934776
AG477CZTN5DXXKI4PJQL33KQYQMQ,B07DFTWXL7,4.718299319181151
AGNRFLXG5P256TIYC7HM6I5IT2AA,B07NF16YKJ,4.854598588455541
AHDUKIDSK6ASLBFBUWVEQLJNKELA,B0BCXTPJR2,4.0879135521015915
AHWPQARHTFJKRYID7IF7RUU5FXWQ,B0BHG58G2F,4.80507830654257
AEWHXZIO532D7GB3XK73JQO7V6XA,B018FCZKR2,4.749843269927709
AFFZTKH7UI4G5YTVEYBA232FY45A,B0BBPLFSCG,4.622903146038427
AG2FQVCSAPNCKC6M7GKCEQO4HFKA,B07SZLB9GM,4.45321641247701
AGYLR4VOLE334EGG5MER7CQKBCDA,B087TBKK97,4.453939540400066
AGKY277N64L5VISSLKOFR2EH3ZOQ,B06W2NS7RW,4.383162655150619
AHNG3NRGEDYO7E44QMYDHMBADPBA,B002C741B8,3.7646144669641166
AG6BIRUHFL3WJNN2ZEBGGVPMSRTQ,B0BMDK2JC3,4.920280256151945
AE7ZTBUNKGJ347SZHE3B7QAJTNGA,B015XLDQD8,3.7973877615024376
AF3V3ZFYEYBEL4QWWSWJ4H75A77A,B00LTL0KLI,4.582939506630514
AH4YXFX7BU7VENLTLNKSYDVHQBIQ,B005H2007E,3.9608487379146062
AGHUVPFNJ7FWT6T2CUGY3A75N6WA,B07L5B64RG,4.4073333322693085
AEJYOYLHAPY3LCYQOKUS65LGOVRA,B07GFH8NTB,4.743694537825435
AFUDTHASFDLLVHJ7T3S7W3FMGNZA,B086QMZG22,4.477523660743253
AGSCKCPNKACD2BT5BE7IKCA6CPRA,B08YK9HWTF,4.674022056273939
AG4OWQNR7J4O6QGYIZV53XJAUF5Q,B0002D01IG,4.664520008873482
AGKOFLHULW2C32544ABJNOTXJE4A,B07MZVPJ4Q,4.039358413974752
AFUNJGQJTP3AICSDN3DK6L3NHMXQ,B003FXM6II,3.64019702857832
AG57ZCKN4CZOESBMSWZPL2CR77JQ,B08JMQR2JK,4.651229370480712
AGPOPRW2DUAEQX5GH5EBAPN57G7Q,B0BYXQHW7Y,4.675243150930939
AEYVPPWR4CIKWX4BGYKCBCDL2CZQ,B01G26TRW2,3.9449288379859127
AGC4DOJ7GIHCSOYUKXDDCTLDBAGA,B00V7YMOLG,4.6683736081863
AFJVICWQHTNH22HZHRQTPLDRMXXA,B07Q422FS6,4.79938417752771
AER62GONA24AVDCPUN7XUAXTFKTA,B07FTVKZB3,4.947530526319637
AF6HUMKJCWWTK4HJTVFA6HSZ7N3Q,B00MRNXJ06,4.697540587353883
AF5YR4OHQK33YIBQ4XRKW4RBTX5Q,B07DFSF3S5,4.508612111472647
AGTVZ7ZSDMTEDLMJGZRC7RFJNDWQ,B015HG7F3Q,4.986770021497019
AHY2FKC33WL5D5RQ3QRIWPWGKY5A,B00IWU4BF0,4.094272171008535
AH2J57YBS2WIYAEGFZGJZ7XYB7GA,B01AZ0WPPC,4.638374787412475
AFA3VOK27DFN7UYIFO5CQSCIOCIA,B086PG669X,4.35550664518781
AEDK5T3VBOFLHQ5KJCGL5YCKI4PA,B0009G009G,4.726290623897772
AG4AJVSS6426E7F5XTBXOSXPSAOA,B09TGD5X27,4.834242966743632
AGPJA5QSBWOYXOCJQTXF54TRGKFQ,B078KTV8L4,4.505565123142
AHWQJGQJBJTGKBNCLRNJH65SNMCQ,B098KXQJVY,4.455034432080849
AGOTWNV25MJTCWQJAKIK5EL24VNQ,B08VJ9VGPL,3.9569357766389883
AHBV7TH4Z3WRRKXUIDAOPVUBIR4Q,B0B8F6LD9F,4.908521235997683
AG3NKKQ7ZFWTDAHDWKI4JSFRH4FA,B09R6GDRV4,4.782649834501718
AHERXW7PHUZB2VN6B5XNSRAI4Y6Q,B004ZKY10Q,4.066709025380828
AHEMAURZYRCARVTVF6CQYTYE4I4Q,B001CWWNPK,4.848589675074512
AFOVPAGIXZG3TRBLV44SK63ETBUQ,B093YGKPTS,4.766404203846204
AHYDVO5UKW3QHLF6UFSCEOGECGLQ,B01DN7OAWU,4.548724452670174
AHGNK7XIP6W4SOL4B3MYH6Q6YESQ,B01N01NYGY,4.7957917547191595
AGWW735D5YTMQYBMUDXC4KOZAXDQ,B0C4YHLT1M,4.580924947650814
AHK5FUZ6I2OXLSIJX4FZ44DF4FQQ,B00VNSOK2C,4.557025255849363
AETOD3RGKB4NR7F6ZX7Y4YQTJDDQ,B0098X01ZO,4.017730210267807
AE3Y65VROR3YICKMO6OJJ2LLN7RQ,B000TAHFCC,4.435693420147544
AEYPLXPGNUKJMHAPC3GONAXBIOSQ,B07GBQ4LGV,4.610435672801903
AEQAU7SKDC6BAFLH4NY5HGP2THCA,B00HTWQYSO,4.462799567866259
AG4EWD2WI4DTYGYZAMOJQ4DPSXGA,B002H3EZMC,4.812978162030172
AHS4LB7DEDJWMCKIVTUMSBZUC34A,B01DN7OLJC,4.091088875498109
AEVR5BUTA4MKV27LQINCRCM4WFAQ,B073VRMPDY,4.317268243375629
AEWKZY6NU4TOYG4QOJ2UUIXYUIPQ,B08FYSGZD1,3.522058043752093
AFWBENHWG6A6QJCJISR4IU7PO3UA,B0099DMFK2,4.338942079066084
AGMIECBRRAHS3YUEBQNL7M766ZVQ,B08VWZHQV1,4.243208771595228
AFX6X5HDCAOHHZJRKU7ZRIWACF2A,B071YMYXHS,4.849064210394436
AFLPLZYHGAASHAYJSEJPYUBJVLPQ,B09MJWYTQW,4.804728344956175
AF3JMCAJ6IICLZJRLDYWCPSSEN2A,B002L2E1TQ,4.391938674656758
AE4ZTY6QRIF3UULZDVAU7V7UJWYA,B00RVE9X06,4.782125436595445
AHZW5LNAKDKCM5ANQFNAZLT3JBSQ,B0CCK4YYNM,4.448376852030613
AEENWSVHLUOJFDM4HB2QEELDVEMQ,B0BSR996X8,4.835438922183025
AFBUMGG7XY5MQLB7HIXJQR5X34FQ,B07MJVGJSV,4.08717834465276
AEXY3DSSYKBHCGAMNYQRGD3GR4QA,B00B5LEAFE,4.167614493678794
AFO6SYZM7IXUOBJNBV6OEURF3DRQ,B00BFN58WQ,4.516070880266528
AG7SATUH2NYBLNGI45MURZJMCZKA,B01MTNCTCT,4.206134364204124
AGOHUZDWB7HUI6NQOLEY56QG6F7A,B0BKZ2S4PC,3.9361013519977712
AEXLRZ34GTMM35NQRDZ4CDKKXLIA,B0BT8GVK6M,4.732726168355677
AFOWG7WVVQDQFY6MHOFL7MFPAG6A,B000UMFQHA,4.9065314724397435
AH37ZV6A5UJW6A4PA62VDYOQSMKA,B073VRV6MS,4.191841647099343
AHVHBTIWRGYVFBVNVV7SSK2W2RYA,B09MQZ8VWH,4.560850996400013
AGSM75HHGVYI263VKMFQMK6GJQ7A,B0862G4SJ9,4.700407543725847
AEQIXOBGYVS2DIAO5XFBPPKNMA6A,B003AZ6KG0,4.193919619103256
AE5VICOXJ6XHMLISRION3NBJ54OA,B00INNJZPC,4.0480897618133
AGUNYCUTE2I2FQOSTZ6XZILKD6DA,B0C67HCGBR,4.712294152196701
AHJSYOIN4W5IZ4SW5LSHCHEBMPNQ,B086QMZG22,4.600885553152196
AESYGW72QCT4EU27P5PPM4X57MCA,B07KTVV4BC,4.837522520922796
AEA4WNCWOCN5W4GTQE4UMBFC6SUQ,B0002F7J7A,4.915471441492971
AFOKWBIT7ESXMZ5OOVEPVEY6AYRA,B0C4DG9Z5G,4.265485999677388
AE6PGN2WW447FQCQ7CQFTCO4L36A,B013VNHWAI,3.903548022195179
AHCOV6ID7GFK6ABVU35ZNEJAXT6A,B0C1ZYC5CK,4.58338009637718
AHZHSRRNEBAWENEVOD7Y5GJJAF5Q,B0BJZZFSN9,3.902068595544807
AHI62NY2P2F7W6MNBBMELHNWGWZQ,B081PQR33C,3.831016134200956
AEV32P7R5QEYRDR4DXX7F7V4LOUA,B07JGCQYN8,4.554634619615155
AGXOVGCVMYWP2GS6F52ZTGFX6OUQ,B097ZNTLHH,3.8007506319962325
AF4EY2RL5MCVIFTSNCGQ3SNR5RBQ,B08JQNQKLL,3.772248903359098
AGF2ARUNAO6IKVQHQRZFYC4TU5IA,B09TBDG73V,4.328468543924811
AGMQUIDKC252ZDT5P7G3INBI2WTA,B00WM21DY6,4.454344038028715
AFB6NAYAW425HDMUUAKDUPILM5XA,B07BSZNKTM,4.361601772552506
AGN736WLG52SCARZJLYQGEM76DNA,B08DLK3GC9,4.805008869457998
AGXFELKL5OS2JLPR76CBZ467NA7Q,B08BHY6WWG,3.8041835022056985
AFGDRNIMPVGMEICSWUU2AMBMPDOA,B07KJ1MVZH,4.630968309360636
AEMOYADP2JOCWPFFSQD5XOHPNCCQ,B014QKWCAK,4.5834461811590765
AF4AO67EAISRN4VKPQWPD5LDM3AQ,B07JNKY9T8,4.830331282835811
AFC24IBMCOC5G33XDBQTGBU4ULEQ,B08DM9NFLH,4.323868574388043
AGBXY7ARX32OBIY5AAMAXYJSVXKA,B00T5PNT9A,4.555002848934285
AFZ252AZNJJ5SYCMZ7TQBZQSQPJA,B0B31RCL2G,4.481593394993647
AFUD46FQ5QP2KHEPMCNSWXMDZ5MA,B01D2GAKV2,4.35587681192087
AE53VDKFQ67YHCSPLIMTCFK2TBCA,B015XE0B7O,4.8766338281015695
AGCKTXUY43QOGKGNIEHIXXZ5W4NA,B00EB11RLK,4.803016141146732
AHG2U7IGFWJNPHSU7HOTKCFLZKKA,B0002Z2C9A,4.129321581159901
AEOF2U5P3PEPOLGFUQBHOA64YJYA,B06XPJHYDH,3.8321333510357647
AEZ6Z6F5RK6Y24QQVWADUZIOHKKQ,B0C2VGQYQ8,4.925595324299435
AHSXFPGEWTP6QM4CNETICMBUHODQ,B07B8WL33G,4.771257941046174
AFDIMXJ6FY6GX4G3UTLPXKVLVLVA,B00Y0CG9YA,3.9702655955077795
AE6IF4LHZZFMPOUIQ2I4AMC6ZVPA,B09NDBVJXM,4.928465855700593
AFQ54FLISLOLXO2GO4EQA5DS7GBA,B00CIO6BEA,3.697818300818838
AFY62KFQD545JH4FWULTZ3CODYOA,B094JMK37C,4.775015211375075
AH3UBUKNUPJRPZ4MFG4JFE2BD2RA,B00CPLODUU,4.8138733561037945
AFTPQXSU4KURGKWJGAKYLNJONTKQ,B00E3X5USC,4.496160438715388
AGID6DHXZOL34MVLPDSCO42D6GZA,B0BKZ59BQZ,3.76629083527153
AHCOQ6TOX2KVPHX2GMG5YCID57MQ,B00FPWRGAA,4.398616529294309
AGTJZXTCU2XYA2J3TDY6RIIO6TDQ,B00979RZ9O,4.920367053912178
AF2B7VXJHVVGGI2GPZVTRPWAI5NQ,B0BKZ51ZNF,4.581234876521215
AHQTWQXTBAXE2QSFOMEOGK4HH2MQ,B00GS82H86,4.127712219764436
AHOFAAC4SWSQKW6TO75RFASN7EXQ,B07CQPJSFM,3.974819319496669
AHGTX7G2RIY2EZJB23AM6H34HN4A,B07D9PJW32,4.3334810819702785
AGRZYQTRG3YQCD2EISGFNSLHPOGA,B0BSCFTV2G,4.564435836572157
AHUYGNA2GEDE4I4CGQITS5RUZP5Q,B006QUGBVK,4.419682293800465
AF63XHUFXPDT7TIMND6IIJTDGZ2Q,B000NGVQKO,3.8330679026818038
AH4NJIK7QV2YNYAUJAD7WCJW6BAQ,B079Y9L1G1,4.445071014018212
AFXRISBWQYPDQKEYLZ7VMKSDPDIQ,B01HCGWS2W,4.7217255185203975
AH6HGW2QR5QVW56LUGSBXOLH3CTA,B00N5TGXOA,4.339902194511048
AGMOQRGZCULKJQE5GROUVEVGPEYQ,B00H4PEMM6,4.5720313474437955
AEQKLE6U7TJCGBHR6ZJGSYBK53BA,B0B8M5FJB6,4.811182595120124
AHNGYELWDWTVPRTSMZ5HWCWDAUCQ,B0BSGM6CQ9,4.829971958026218
AHAYDMZW66Q5WZFEOC4AUJJ226SQ,B0183ITSB2,4.117180747689991
AHSNK6SYID66WDEXMNGDMK6JBT7A,B08T2N25MR,4.169702247817518
AGMCCXZIVMPJ5UZW2JKGMTHQXWXA,B091MZPYBQ,3.8450259901096384
AGBQLDJQ42HII7EPMRVHHP2ESXCA,B07VMXTRQ7,3.951837876531632
AGRVMUVXUON36MP2UVCNPY6YULKA,B0002F5288,4.87018030216524
AGP6DVMFOPJAIJ2AU473OUN53ZGQ,B01H4Y186O,3.548094013142388
AHRYCNDY5S3V7LL3QVXYAT77CN6Q,B000LGA2K6,3.0856064769357303
AFOH3RVBARU2R43PIPZIUD6PQQMQ,B0928FM4T3,4.259869991966232
AF4USQ6DYTGYTJPHHRKKL75RAFQA,B0BCK6L7S5,4.374776252500984
AHGRJF4ENU3XVPXWOJGC7WOVX25Q,B07GRG5SMB,4.559468894733275
AGVVXVJW6ISULJ6YM5MMFPDCJ2XA,B00LMRNIUE,4.234998894152178
AFGBQJ4TCIXR7YL7DNUKAQ2RRK4Q,B00FUTXO8G,3.98290624104198
AHODETMZCUDFRNJQP4R2ZLEGSJVA,B003AYIKNW,4.766364398760202
AFSMS2MHAVKJDLOK3PHV3IU3YSSQ,B00CJ3AGU0,4.8236763310137505
AGXCV25HDW4JXI5QQSJTIZUHPRHQ,B0BPLFP5P6,4.067412175263844
AEHDGDGGA3LRDSWZFJMT3WMH44YA,B07DWLYGKH,4.73329903285784
AEVP7UGAPHSSQMMMR7IXUUYLL6DQ,B0BJPLQDWD,4.66035307983209
AGXOFMADDY2O5MUGWYJLUIQ6XH7Q,B005Q1XR8U,4.3119416051772
AHUDHYMPKVYPTVUFMWLBMWJX67JA,B005U9GDD4,3.8219141512885786
AEIZLW5DLZUBDSUGZYV45X3QDHEQ,B07DL1L3M7,4.412256117361068
AFK6Z4AW7CDH3IHSRAABCGTQYH6Q,B0939BV175,4.263367775752473
AGBAM5RZQRUUMKQ4UPUNCOU22PPA,B07BVDGFSR,4.469926481497193
AHAYMBP2MO4GCR6ASHR43YV6D6TQ,B00IMB0Z4A,4.769091196161755
AGNEADFUKVX2GAUSR7OZAGIAYL7A,B01DE4DPSC,4.463261308764101
AGHVRG2HSUORQ4A3OHQFWKMIEOAA,B0080HYFTM,4.742911330550255
AGYVOONXBF4R24OWT67AA2UGSYXQ,B091G1LP41,4.46207059715686
AGC2D4ERWZFFC6TBEN7WVEVAYPCQ,B0C4QX4CQJ,4.622606860812031
AH3LWB7J5AISEPHX56QBZGAF7RCA,B00IPH8MD2,4.678058606497251
AEBTCCMZCJOVYR5LHI2ESWKITQSA,B07P5GGK5X,4.487067532402062
AEJE4TOVBD5TOLVYRBJSFBJM7IZQ,B004XNK7AI,4.91114262950391
AH5RP72S7EOXYWPVIF5NJXGNICIA,B017VXNOK6,3.8936778607233267
AGPB7VMJFDRG6D5MIEIK5DLXQBQQ,B06X9KG3HW,4.861345295756088
AHRMYVXZC7MK5EBIO2XL3Q2GGEGA,B000VTFQCM,4.281553019835166
AEXZDLJQFKVDZIYYP7V6IUXBX7UQ,B08LW3YL8N,4.925210766000808
AFCSMQUEKOY3DW7IWIYZ4CW5XZIA,B01N2OBKIB,3.8984229061500675
AF4BJRSGMCKQY5DFGB6KV3P5OY7A,B0BX8VJYMD,4.265945918712596
AHW2D5AFKMWOIVCEXUZJSB43TAHQ,B072FDH5X7,4.08759183976532
AGCRGA4K3TZYMVULSRLYGJILNJ6Q,B01KDK4QSI,4.629239232228682
AFZNG4THTEUTZC4XDEJS3U5WPOHQ,B001L8NGJ2,4.961544022326054
AGICD2I7CV354HTIMIUWJEHP6VZA,B077LVNP89,3.8840721591577196
AEX67ETQV7BEFGI7HZIMBUI3M27Q,B07H5HM6F6,4.127299063616826
AGYKBJXKGCM7FUQSK5JSIT35DOJA,B08BHY6WWG,4.196050716298744
AEA64TVHGKB3T5UHJGBBPAM5BBSQ,B002P45B62,4.554141795827117
AHEO3QE7OE27ZZ2TIJP2W7BCZE7A,B00UTELPGK,4.605633500019592
AHWXEOF3AV66R44YXMV6OL3GTLWQ,B0002D01JK,4.695300864492442
AHJUEBYCGXJEJ2LE6WUWHD3J47SA,B07WW5PKCP,4.09458400056919
AH55P2KUM6KXOW2KWG6CNFHRPW4A,B09RTZ26KV,3.9483614476792104
AH7GRHCAJCVNL6ROQOLIJT6PK2XQ,B09YYB7MNN,4.482505935297134
AEQK6QPYSQNUNNZJ76ZMAPCJOHIQ,B0BSGM6CQ9,4.559310870895542
AGRRU2INDXQYIJ4DUSPNMX4YFJPA,B073RTT48C,4.2434792667095556
AG2DWLNJ7PZ4CNF3HG5LQLUK34OA,B0B92LPGD2,4.635452118084039
AED2TSFSYFRTY4JJ7TSCMFJIVNCQ,B07H7WX6VH,4.662251669373775
AE6JEOKRGHXGAGA4FNO4YA6OZHNA,B0BTC9YJ2W,4.8293800664419
AE67TMIITWIE5JJ4B5AHMSVDCP3A,B097Q9W8MW,4.660658444233205
AFN65DDQQSOAHZOK7XDWIJPU5BPA,B006BST39E,4.398801749235412
AFKA6Y5FDB75J6BMYLJMBL56L5LQ,B09RN6MGZH,4.825754304094156
AG5S2VTNYS7B62JWNGBC57G3L3FQ,B07CWLS8D1,4.565389930509
AHPG4YCQ74YJYZT2S7QWWIX3PDAQ,B011N57QG6,4.0755387616669525
AHZER36Y6IL7USHGBCELVMN56VOQ,B08NVVLB16,4.7279189275219355
AFZJHJPQL62CP4JHVSH7FRLHXVTQ,B00WE6INNY,4.830922066293272
AG3TSA7OBFJ3MRAEPIKD3RR3LQOA,B07M6T47WZ,4.731277001432376
AGLS7OCGP6FTLWOW6FG5LNSPQWRQ,B07FKKD86H,3.983319754430385
AFKAOSE742HF6XVNMKIFCZBJOEEQ,B076PN1263,4.35442372734346
AFLEPFSD4GD6B6C76US36CVYGT6A,B08T9CCXZB,4.576645855734801
AFMGBSMLPM3YL7LAM32CZPNXZ73A,B07MJCLK46,4.628696353421859
AHJOGKL3G262UFCW5UVYX7TOJ26Q,B00LOAAPKA,4.481355683423518
AG4UD2WKMI7VQ3WUQDK6RMYE4UBQ,B0B8NXV975,4.291861173563484
AGOS3OK5UXGNFIHI3E2A3IZBXBIA,B00I9FL3OA,4.046936579034007
AGKQIFYBIOZQGQ5EX7PD5SFVYCAA,B0BGQZNQ53,4.529261373684856
AFT34SUD4RUCCDGBHAK6SP3337QA,B00GXN20K6,4.296669081025032
AHLW3QNXDTKSLISEZBY4RCE5KSNQ,B08JMQR2JK,4.769316274516523
AEPNCU3WSQM2TKWGFVECRCF3JAJA,B001R76D42,4.335336410253236
AGVPHZ24R2K6YEKM5BWFLYIG4IQQ,B07TDNWYSB,4.610873313299376
AHM4URAETRB7ZICHMC4ZSA2WYRBQ,B0B9XPLGMD,4.523437419628846
AGY3QOY2LKZBJI7U4D3KWVGIMOYA,B01HJCS88W,4.779816331622236
AH7EXT73SLCGBJC4OYS3MXIDCKCQ,B07D9LVCNG,3.8938451586590723
AHQSOZB3PBOOCHTDN3IRCKU3RUCQ,B0BLZ458F2,4.46828750678873
AFC67DVPXIBVL5VESTV4PG7PHZGQ,B0151KT2B6,4.3907988721018505
AH46X4UHBAV2KZ3UV77D4VG66TPA,B016CP76E4,3.9128433965624
AFKECPJOUIDKRR3I4RWPGW3BHE4Q,B0919825Z2,4.803927666215255
AFGQF3JZAPHICVRV6GMORUUFKYLA,B00L6C8PN0,4.496838181763913
AE2CZNPITZCAYXISFKZ4GUI5VY7Q,B09G7GH2FH,4.661383532668537
AH7C6PK25WFNGZXDQD2XPQP2GAZA,B01LXTBO7B,4.816221783211921
AG6F7SPJH33LKPGZWM2CXHOSTVMA,B0BFKPWGQ6,4.101963042363083
AG6ATLCKETNYRKL6GCQV35CSSGPA,B000BYPJ1U,4.30299329049533
AG4MVQG34R5BYWDV6NBCPRAHEJHQ,B08DBDD6CM,4.930244612736497
AHZCZUD6GBJYNJVHADRVQJ5P4PZA,B00JKML35A,4.63346047166481
AEEAA65PKDSBS45WBX5IVQ6OFGCA,B017QAL24O,4.577680056956261
AGKNSAIF7C6Y4L4CXNBU4WY3L45Q,B074KSDLQS,4.35815555298516
AHR7HFWDNFQH54VYWKXSJZMMEQUQ,B0BLH2CBVK,3.9128564246206476
AGZY4THIYHSTYU7CT6O5YXQB23JQ,B0B6P55RBN,4.256426981304665
AEQL3STSWQRT4OQNXKFKRA43MBMQ,B0939BV175,4.4153591772421965
AHFYN5R2UHLO7ZONIAVVBNGC5ZGQ,B00CGFRJ2Y,4.570640691501072
AFDVTLUWYDVFN6YZ372K4B3HKSDA,B00OGMD0VE,4.1967456076639
AFXVOM24JL7OMMEJEY7HEA7DYH3A,B00HTWQYSO,4.4822870091212685
AHZCCQFMMANDVOFLJ7FEWOYVFLMA,B0C3Q29DML,4.2687262124826475
AGI3IDLFDCWG6B7HE6P7WWUP4PKA,B005OZE9SA,4.115070183394731
AEGAK36V5XS6MLBKBB5HGZPXSZXQ,B0BT2Q355P,4.529772609161109
AHJ2NJTRCWB3QQLDFPPMYCEYDFJQ,B09HL8TQTF,4.81045077831801
AHD4P7SEH26JBMUVXF76ZY4ZO7VA,B0002F4YQY,4.696695887450312
AG5IRZQ7IYJ7HYHLPPE7FBYITT7Q,B09857JRP2,4.919215477093782
AGZQWNDQHJWRE4K6X554W4Q2MUJA,B0BG95DG2H,4.328093848753392
AGXTKJIZOEBEHRFT3SOZOPHAPPTA,B0B92Q5QTC,4.667785888180244
AHQKCRAIW6KOCBXNQQ2HCMDHPPCQ,B00FFVKM2U,4.138880339633296
AGRLJDWT6YCZ4SDXSZT7TZEC3MKA,B0040ZBI52,4.632987141267586
AG7EI3UOXIQXEL5QDZPVKPSVR4UQ,B0B59DLBMD,4.796599992940145
AHRTNXIDVTZPPET3MBLAMWML6WLA,B0002E1UDK,4.854597452243138
AHQKFLQUU5UH37DGEKVOKYZ6KQCA,B00TZH5DJW,4.654464283376466
AEHLARSBBEIYNM2ABDU6LHGE4QTQ,B003LPTAYI,4.369400268837034
AEIRBLA7WN4R3DFFWOUBDY6UYWEA,B015JTEBN8,4.691367380189722
AESVETCZKXFJI5FQG7KUJQP5EHBA,B0002F78KS,3.4719318171314457
AH74VAPB4EPE6DUCD5VNR7PQELQA,B007T8CUNG,3.59511797761646
AH75LYSHSNLVL3D4J4YPW3E2RE5A,B00O5EKZ9I,4.612594816388404
AEP4KJDGBH6XPJKFEHPYSAPUNDBQ,B09BS25NJM,4.693856513866109
AEZQ6B2ZLT6EQTG3LIN4OL2DTZ3Q,B0010KCP98,4.199450331228887
AHYAJGALLUEC74KNODG7TDLJLQJA,B0C1CX8K6F,4.598791937440968
AFZKJMDP6CGZJI2TGPCOG7PZDXSA,B0BT855NFQ,4.658634643181295
AFEGQEIXILE5NIYM3ALL22HPAVWQ,B0915DH3NK,4.543907619057643
AHT67F7YZT6C4DAZ4XC7ZXYCTAWQ,B0B8F6LD9F,4.9358132328526905
AGMMFTC4LMPBUSCOSAPMQU4BQBJQ,B01DPCONFM,3.8701350531197827
AGGA75GROPWR6Q5SURTTHTERSIEA,B07K34CPZG,4.421871215449036
AHLCWDLO3LZRSKKBRQ3RVIPYLHAQ,B07NSWD8BR,4.495198344498203
AFFN67NKO4FPXSPUZYCOTZWVRWLA,B07NDJZW9Y,4.530376796016508
AHIRNUANOYBBZ4T7SHSAB5TC6EHQ,B0002KYXTM,4.07540625765745
AEJWL2VCYD5DYYK5KTYHBTRTTUVA,B0BXT384GR,4.539056997831425
AGZ7LYWY74HB34CX5NJD75E5R53A,B000RXN6XI,4.62627005946092
AELCUQCNW5WBWISKDZWDRW6VIGEQ,B07H57VPKY,4.665930308717605
AG4KT7KJTW4KZZPNOGRB2W3G4OXA,B08R5GM6YB,3.8407415855178657
AF6NUCZR3MMBLJJCDNZS6PKZTOYQ,B00USQY0CK,4.488239881788149
AEFCF5DK4RWLR73TB4LHFQERA54A,B01M5CXA0N,4.030330918064349
AETSRSBYCGAWGUZ3BNSPEUXIQYGQ,B074JHPL8V,4.4886949248095664
AEJIZI4BC2U7DCHW4LJI2VK27JPA,B01448TORS,4.493427572037338
AHZER36Y6IL7USHGBCELVMN56VOQ,B018W6KYOU,3.9342199376678484
AFQVSSK5ENT3MDNA5M2UN3AIEVTQ,B08F9K24WG,4.689099141669362
AG7BHSVE5THHDWV5PUW6HIVXJ2LQ,B01HFRDEI0,4.677369175145038
AHW2G5R3FA7BBXBDIIGS6HFWX7LQ,B09LSK67XF,4.31840518621047
AF2QKTYLPEWJZVZCVOFYQZA2R54Q,B0C67HCGBR,4.996671312804573
AEN6ANHOT5COUFKFIQUZMB4XGIEA,B0B28X36H2,4.297939314560283
AEX6JWB5W37EJHWJSKYXBAP5DLIQ,B06X9KG3HW,4.926466339095726
AFHNGZ6NP3JRH6GB362SGJSJ4WMQ,B082WVMFYB,4.172607639808336
AFCUT6TLZBDQLXJAKOVJ65LARDFA,B0799734T4,4.672308414514621
AHSEOIZUN3Y4WCGAVYNOJW2S4S6A,B00L1LL7DQ,4.781348835988051
AFGWUUOIVYEBY6N2EBLZGZZQEFWQ,B0BT9R8MMV,4.572712507733117
AEHVF4A43236DDIY4KEN7XGQTA5Q,B0CCJ1BW4R,4.8906559738251625
AGUEYTWVTYBRIKKOMZTQXD7OQXXA,B00005ML71,4.3087649163770845
AGANKYJ6D2VIOOGVEFFWZRBSHLLA,B00CE1ZQ4S,3.4850227464731365
AF2ISMZOUHTYR6KLLBUL2VED3DUQ,B00BJTGILG,4.417453963145893
AGV3WQAKB47WL6YGX3IYAVEEFU4Q,B072MLFW5B,4.408952460688438
AG6IBE7FYXFZOF3OZJQDY5R3WMQQ,B07T7ZSJXH,4.484180761360081
AHYHM7HGUQRENC22A67XTNVE6FSQ,B00615M2CC,4.175806040702254
AH2QI5E2JQF357AYYEQJSJGTVJTA,B07SPHH7TD,4.709790536463574
AF2S3FZP47TU7EEO73C26FBGGEDA,B0BXT6TL22,4.0561688560507285
AGHDSQTG33WNHMJXFWSAJN5WA34A,B071HN5TQ5,4.280596229516265
AFGSM2IFWCMZCPCORIQEO7SGXIRQ,B072B9LFT6,3.475422757542467
AGHETJ7PN7P2EEPPQZHFVHGV7TAA,B087MLNCXW,4.908729452740978
AHIUJLOAXRE3NKZ5QGJ3S4C2AQ2A,B073TXJNHX,4.323827966062963
AGZVL5H3CUFV6K563BQ3Y7B6PPZA,B01BU6B4Q6,4.701364176422787
AGKBMYYKA47EVKHM65BYZHTARYLQ,B075R94JY5,4.617336084493252
AFTM7UBMYY6WS36ZESQQQ3SHE2HQ,B00P0HHNJO,4.341309921168111
AFIRPPNO7RSBC6ZM6OILCILN5ZJA,B09367ZJMG,4.611553206329525
AGGYEV5ST5S72PYKJPK2ASXOUM5Q,B0BSGM6CQ9,4.7532297089048265
AFIPUOQA55DSYMSWGGKNQ6FXVXTQ,B07C9YCY5J,4.475113746006921
AEHS4OB3G7UHTHUCP3YVQE5V6BPQ,B07R1VSKL8,4.488002755467226
AFZIAUNJ5DNQDY524BRRVMFM6LBA,B09WF82F1V,4.229024541843902
AHHQMVOQSY4WOIU5AWA5AEAQPJ6Q,B093KWXYVZ,4.532836201568211
AF33Z3Y6ETQZV5LJI5N4NXV52KAQ,B002G1UT5C,4.257165946631537
AFDEXVHAVDWBJUKD3GUY64H4YZWQ,B0C159Y982,4.515290445369432
AH7WMY3V55DTEND6PA4TH3BVGGLQ,B0C6HZHZJJ,4.207466544795425
AGGGQEY2TCTVPBBRU4E7VCW57BOA,B00WFW2CZW,4.559251363214598
AFVCGMPCE75MWLFYLYN7ASTQEZ6A,B0002ZO5Z4,3.6724715397061676
AFD7NQEFB5SXRNZ6T4HTKUAXQ33Q,B00BIPL9JW,3.6878564190981766
AECFGXLEX3SU6D4T6C55X2NWMJVQ,B0016BFBO2,3.854804703185926
AFNPMZT7VRZGEI4ZG5LDSYUGHWRQ,B0BKZ5F8BS,4.876033919048356
AESX54YDSH4U4NJKDY34QDVGEXZQ,B0BPLFP5P6,4.351006495715293
AG26VSS7RPKXVTAUH5XE3SEVZYCA,B00KXQIU5S,4.826242822663781
AFDSDZ4A6HKSIFVTISXLNY4KBTPQ,B0B58M32GZ,4.699718080909851
AFXBCEEH2IO5J72DZFDEGZXZGM7A,B0BHSG5C3G,4.575838708911933
AGIJKNB277PNPQ3NPETNXWN6YQ3Q,B07FTVKZB3,4.228350107807293
AH2KNTQFU4DWMQIMTDLFSMRQHRYA,B007MY5BDI,4.453899733698674
AG5IJZSS6AR5WICQDFBLP7JGHHDA,B07YM5ZHS9,4.120025578396115
AHWQWO3TDGHGSTCGTU77TE5AITKQ,B082WVKSNG,4.711413259414387
AH6JESOL3IE2HXVN75ODIOHNWJYA,B0B1N6LJPY,4.531721021145873
AGT4ZGSFFZBKHPY67NJKXVP3ADWA,B09QZJ57YW,4.900177202316668
AESURT3LG3G3CVUJDZMCXRJ2BGOQ,B0BPJ4Q6FJ,4.59081365280811
AESCPQD5RHHP65UTHAGCQDE7BUAQ,B08SJY4T7K,4.171706142692959
AE2BZY5FWI5KSBCEU4CRCDSX2XUQ,B089T4BHM5,4.662525648990049
AEOK4T53CV2V3HI4NFDOAOCRH3EQ,B07GJHX9W8,4.645275873545216
AFS24POYFUSC6BRTUFGSVF3ODRHA,B07YCMQBRT,4.415385142026466
AHNVZ5XVQJF6HHKVKUN44DXVI5BQ,B0B8V7C5N8,4.566592026376843
AHBIFGZDADPTOK7CCTSWXQYVY7IA,B00N5THDR6,4.382164589615037
AEPBPML6HZCNA2CN5QARQJCIIHSA,B0BT855NFQ,4.262882394662157
AHHZGNO2E4NAIBOKZ4CP4RMDHONA,B000DZXTFK,4.2377025396740535
AHNY2MHCR3LYNLRKLZVLTUX553ZA,B07T3Z11QJ,4.903770485199216
AEOBNJFZNO3YZC76JOBDBXUAFVYA,B08R7V5S3X,4.2675281413752355
AFPQPFMGLESPNSFDMVCZPWCGDAFA,B0BCXL2V52,4.519076968885731
AEQIN4M4HIAJV4LSFTGGTQ2KU6ZA,B0116TFMM4,4.36143332135467
AFFKWNAIQAYIWWRAMBH45SCGAJEA,B07Q38FWFJ,4.79301516081203
AEHVF4A43236DDIY4KEN7XGQTA5Q,B0188WO6OC,4.921110437585307
AHQPPPWBZCUEIKOIGEGXMBNDWQTA,B004Z8VQ2O,4.256515452559764
AEL275DNGFTFLIFSPTKDR6VJECUQ,B01BJNIFLC,3.878861629373649
AGCVCVBQ5PECVBEARVIAQKDWKV3A,B0085545YO,4.71702355133105
AFOOI5ACUEN6EQJGID72GT2LDZAA,B01M5F92GD,4.3243328711290685
AH6G3YNWPVCXX3C76IM5B2QPFUJA,B0B2QG44CZ,4.920877314455156
AH74VAPB4EPE6DUCD5VNR7PQELQA,B0002Z2D08,3.5373481347648985
AHKPGMWJYPVJUZ3WKPO7WPRQOQFA,B07D533BY8,4.662809035343956
AGEJRGFQAE756CZAUY4OQLHQ534Q,B096BHMVN1,4.643613478914514
AFUAQQ6VNKIE775XCZXO6JWY4FRQ,B00VSYN25M,4.238229279458958
AG64SW2Z4TEZG4IWEGEUFEEZBTRQ,B0BR2WFYL6,4.319335160571804
AF5UYSBQUE7CZYB4XX4P62KIX5NQ,B0BMYZRY86,3.9705586666417285
AH34OJILGDQ2AKX6WUTYD3W7ZAAQ,B077P9K2DV,4.596502703415403
AGTGKLYFHGWKNOMOMJSCTLCPPRPQ,B0C54RRCKG,4.581060973302904
AFJ6BNKTPZQXGEOAIOMMCSESJS2A,B0772STLBS,4.461446347026266
AFQEN3LGLPJJQPNATJMFW4ROBALQ,B017808XKS,4.366267937199476
AFUERYPQDEJGMFQ24OMVIKOAOWFQ,B01667IMKU,4.9183614734437455
AE4LX3GCVHJIMCM4DIJZCWO7RCKQ,B078YMMBWC,4.1945921394745
AE23ZFVUOMPKR57BVSWXV34QLMVA,B000MVYOZY,4.504411579682031
AFIBH7WXO4EP7S7MPBNUSRTIGO3Q,B0BK6S8QDW,4.473006059923138
AFZSMLMBFEZVO3R444YHFYZANESA,B087W4WLKD,4.21797154371375
AFQUMYRPKJJT5VFV3SXZX576Q4OQ,B00KMA0R38,4.269962637627114
AFGNBP4CGZGNXB33LHNUQ7SJZQ5Q,B0925WNSYJ,4.518328601858742
AFES2HZGVZLGZO2LNH2YRMIW3EYQ,B074KG3QWG,4.031337177396054
AGE6VFVSIBY5MZIHSY3M65IN2LPA,B099NFZP4S,4.595117277381917
AEIP4QW665JJOGQUKPV2LPTCRNTA,B00EQ25MTW,3.86430868047003
AF62V5OQ5N6AXFIPEC5OW3BITFCQ,B08CMNXMZ1,4.35813435900698
AEHMXMFC27SNQOSETCOQUVKFBCRQ,B0BT855NFQ,4.044062081755758
AG3HAPNQSMKOI362OW3D6I5XBUVA,B08DM9NFLH,4.282334163003538
AEYM4JF7CX4PXVZX6HBA5ELI544A,B0002E38BM,4.949129719087964
AGKFZT2MT5YRDKDTKWYKEAEGLUZQ,B00HTWQWFO,4.501728147204178
AEGDJDPBNZIWPY5VWOWMPW7ZJ6CQ,B07BZWB2Q6,4.563402503788101
AEIBZ72IEC2U3QK2COAAGN3IOJNA,B00WJ3HL5I,4.510515564059203
AG6UNPDBZCRVEBYEWGBIKOX7FV5A,B07KG1KPT3,4.755640875421359
AH7VVPGAXBTVXWJOKQS4FFLNLFWQ,B0B95V41NR,4.553076952389932
AFT5P5TGXEBFHQDQPSU7COEQGTPQ,B01E0TCCIO,4.168554374647824
AGH24MMACIIQCF5BY3Z2IPMQ6KSQ,B09QDL744G,4.074256174080238
AELW2KBTX6VJ6RO2OSAKBEBXZNLA,B00CIO6BEA,4.618223232357022
AEBCA4T6SNCNUEDXBKCX7ZFJQL4A,B0817CVBLV,4.934019877029497
AH3A75BKNRKPBNJZZ6IK3CEGBR5Q,B081BKLQJ7,4.405733718589602
AEOUOKA2NPLBOSG73KGJTVQIOK6Q,B0BB3LY92H,4.42494600844759
AENNORCDOTT2KFT5WUIK7PJ2EXOA,B01AIF4CL4,4.502392547238917
AEXDJIXUAUGIQ2AE3PYDJI3G6VOQ,B06XGZ5Y5P,3.751360236873968
AGODDVRWGAQPWOIVFD4V76XIST3A,B07D5W5X3Z,4.019941983156179
AHUZL5QVP2SC6GOXSKGNAYUZQZ6A,B0B95V41NR,4.458618794346409
AF2BVC7G4GIJGTXCKNZBTXVYEFEQ,B00Y9AD4HS,4.575601670833385
AGQRL6XMEEY66MRXGBM6JSYF7AKA,B01FX69CHW,4.550634387040512
AEN6ANHOT5COUFKFIQUZMB4XGIEA,B07CQSZQZL,4.2125569652460655
AFA5S5G5YODYDDKYA4I3GYFU27XA,B0C3LGQ9S5,4.8291378294379665
AG4PK6HY6J3ZFZODPIT6ZB3VV4IQ,B0BJPNRP4V,4.554578796677183
AHGYSJ5C6F7YUTGNX6EMVI5QLYUA,B0B8P1YW7L,3.9430496004009115
AHDZKPPKUT7HD47LXCBN7RQNN6KQ,B08448RJNW,4.288969298678566
AG5F4B4NU6DRMAKP743BDE5S3T5Q,B00VEMPWVU,4.104799825475605
AFWBENHWG6A6QJCJISR4IU7PO3UA,B0BX8VV8Z2,4.413650099299656
AEKGQMZDSCDWHSP4KYEJHRNSTX6Q,B0C5BMZ1K9,4.483978612189775
AGRYONT5LYN4O3T555UX5TRUOBYA,B0BKZ7328F,4.087740201974738
AET3WWTDHC32X57Y3WR7C34L5MZQ,B078X3SSY7,4.557024835577055
AFXNEMBTXLBPE722NF3QI2OX6QFQ,B01KDK4UTI,4.910780218458315
AFIPUOQA55DSYMSWGGKNQ6FXVXTQ,B075SVQVVW,4.755725688258856
AFLYNE7DKJGOYOCNWPQ46WNP5KJA,B00IMB0Z4A,4.616028226901393
AF4CELFQ3HMHZYWCKMITB6KSJFEQ,B00H8AOKO2,4.657859814491161
AFSMS4HPP75DQULTPV4E6CLL454Q,B0BSCF2FD7,4.6843831642746965
AG4ZLTRHVAZRU33BPY5Y643IZXPQ,B0C3H7SNPQ,4.985798117783618
AE47C7UCH25CZOSDB3ER3YYW6ZJA,B00178LDW8,4.3922065941961925
AGJE4HMAW5VELBJO2TVTVOH4OYTA,B099QSKMBP,4.322518096148459
AH7FBTPM4NURZRFIATVTWHJHRG3Q,B01BZTH3ZY,3.90571692134562
AHPWJQOL2OR454QAR6AHWS4HWNPQ,B08CNGNB7S,4.875280218300334
AGMF7KUX766SMMOL5OBOMUR3LHYA,B005H2007E,4.329697064807661
AEPAL3UKP57YJTELML3OBPLR7TVQ,B016MJ80PO,4.207637741446488
AGSM5OIJ35QCDVX6F36S4DBHKZCQ,B003MB7156,4.533373438425921
AEZZ2LUOLUH2FIIIV5SHAWRC7PKA,B004XNK7AI,4.425748382819008
AF52YYNCWCZXLKCCCC4JT6MWB6QA,B0BPJ4Q6FJ,4.448635354227166
AG7E5VMNQ67U4UMWHF2FOZNA4NTA,B0B8P1YW7L,4.897876101750027
AEWMZ6RHOOOX7FSGKLOJKQQ5EZOA,B087X1CF8G,4.708227402355234
AEKCJMQBLT3GBJA6JG2MY34B3T2Q,B00065Q1BQ,4.006737531123749
AE5JTZUAR74DEHJ5SQB7RS3SWQJQ,1423414357,4.10378955054011
AF4O6CFDOAPNEW63OPOZLJGZ5C2Q,B0C4CJND96,3.5801682527870513
AEUKSU7GTIU6WHZHLKVDDXF3FMFA,B004UIFXRI,4.287662506025856
AGW556U5PWHKSJY44HOFU6J6Y2AA,B0BT855NFQ,4.576613620162743
AE7KLONBB6QE74EMTW7WWWFABNIA,B07CYRYQ8G,4.487179293002578
AF33HEDLD3R7575PIVJCBZVQ2SQQ,B09P3ZVLV8,4.22406208355965
AH5SU22TDKPZPA7V7VHL66CPV4ZQ,B0B7ZQPJ1X,4.582659197097698
AFGI5XVA5EBVOE2EOS42KHQSULXA,B005OZE9SA,4.445716476873677
AFASXE3IVLE6SLEIUL6MZLWZPSHA,B0BGQZNQ53,3.872260632635741
AHS3ISPBYRBX7O2VLTERGFW2MXHQ,B01M5CXA0N,4.050789284407822
AEQH3EXLP4OQR4XMXVDVITSKESQQ,B01J317H5M,4.491420481084404
AG5QJWMXSGR6QK7CTCJKXRD7OSOQ,B07MJVGJSV,3.2046831970985767
AFLPT4RYDWXLQ24OZU7RQETE4CKA,B08F9K24WG,4.766806595455463
AFDI3YPNNR6IN2BJIJS7RCC64V2Q,B00N4ZIWN0,4.387910083355441
AFG5CUW2ZXJHKIGDKYSPUSRCUS2A,B005SNMAWK,4.020220610939765
AGUOHU3QINJE3M3WER7FBW3GNALA,B0BHG58G2F,4.579740342131443
AHEQMSP3LBFELE4QDJ4LXAD3LYAA,B07YB77XXD,4.572586711459708
AHV2XUY4DXHZD7RKGPWFEU74NBNQ,B00WB2401K,4.920102416945168
AEFWP7QQF5X4YDRF3U4LAXUO6PFA,B0BLLKKFR8,4.7746366291038616
AHKVXBCLPRHVT6XJVQBU75JHG4XA,B0B8YVK5YC,4.412461344325926
AHICAEXRGOBNEKCK2KQYUI44SMVQ,B07MJVGJSV,3.624446350104111
AFHDHQ4RL34M4KLPBSN5FRJK4CDA,B0B8M2Q1DS,3.966850085301277
AEQENVDD5SGG3O6H6LFQVQY4PL5A,B08TVWY2WY,4.810324098554418
AER2KIKOGMGPCUESQTEQJGSVM2GQ,B07YJZGP5X,4.836534477450261
AG56GLTP5QGI3KRCHCFC7RGWQ4QA,B09DGSCGW8,4.8448336126541545
AF63VW7YLF42A6STVGBLACD7RUWA,B08BN4G8GG,4.2250719578860725
AERGPILRKONAH3OE4YYQOKRCSNMQ,B01AATMW38,4.842297346037709
AF3FBHCAUSTHXGTODQONDLTDVQ3A,B00L1E6NR8,4.703994153677207
AGHECGJA3S5TVQGZHJZREKKIHPIQ,B00VEMQQB0,4.246075211877426
AHD6HKJ4CNXV33UEHRJ4VY2ABMTA,B0BKZ61YJJ,4.418848777215696
AE4FN47IOPN63ZFGGYNMY7RLMODA,B005EU6KYG,3.8635498960955026
AEMG6EP7KEMQNNP5C2ETNZ2A5DNA,B07NSND3FJ,4.474456539321542
AHAHOZT5TWLEYPYLP3UP2SMEKHYA,B00JER27MO,3.711922798490926
AGL3JNBPKKW22ET2KU6GFSE7Q22Q,B09BR11LYJ,4.230713815149505
AEGVLJIQBZBO6BWEALPMJPPQEZCA,B01E4MELN6,4.607558766360379
AHWBYKM4ZH2W3KCZFJSRU5ZAJE5A,B00D35CNL8,4.433807094233051
AGHQ2K3TT2J2TYTGJENKB736QD3A,B0BXT1HP18,3.9685512937528267
AFHDXRVY6XZO6QVPIOOQRODJK54A,B003LPTAYI,4.300300895754899
AEDW7SQR47MF36I4WNHKGDBO6SXA,B0002H0KG0,4.848335752381207
AG4UIV3BKJP4SYWONJ3RMWCPBHXQ,B0C53Z9TDF,4.673196448907256
AGLTZKRU7DBJUW2ETIYDCZTX35PQ,B0BT9R8MMV,4.845554077321221
AFX66HHUFOEYU34TWTIJ5G6UMUBQ,B07F5PX9Y3,4.921971045224848
AHRJJ4TYII5MHJUTLCCOGMB466JA,B0C3J448FC,4.644412997851584
AGOE4EACWAS5GX6JQJA64IL2GOJQ,B09RSG3D9Y,4.887402584544303
AGRENY3LF3ZMX7Q4LLIFLWACQDNA,B0BJPLQDWD,4.6447780464457065
AGLP2XILQOGYKU4SS24HUGYUUCOA,B00378GEAM,4.74233390762987
AFILAHKCMDQESN2SURI7F3IJB2LQ,B06XB3FQKB,4.737284624746621
AHFROC2LGESBRQYKHELKW4SHNSKA,B089ND6BCY,4.575660565357598
AGVK34A2WS5EDKNW35GTRHSOA2XA,B0002GWNMU,4.261957989331771
AFXWB2FZMZATXH727LV4BH7TQ6GQ,B014L9CCHO,4.647902421762654
AHIPKIT25JKKXMUL332SVAWYAKBA,B0B92LPGD2,4.9050821910528
AHECTAKZROG5ZLM3CABAAIBRS3NQ,B0BCK6L7S5,4.050257545993822
AHMY4433RXWWWIPLL52FFK3KA2BA,B07BHTDYGR,4.9352558531725785
AHO5IPKZNXFFG2LYSCTINORZG7EQ,B00RMCTTLA,4.378300110271116
AFIYLTZOVWCPKU4HWLRBJ55QYQGA,B015IJIO5U,4.536219058140724
AHQ57ITZAVCHJFVBDTPJC6GFZIGA,B07QH1B746,3.6846483076395833
AGOALS5CC76GFFR2NIIYNIHHIABQ,B07FYL7LW1,4.639615827380494
AEH6HVH3KDBXPOCUBS3FU3EPDJNA,B0C6J1X7TD,4.706594740674802
AHB7NX5MFSJ6W2NWR5UNUFEF7RNA,B00OGMD0VE,4.8403927329822185
AEPX34YWVIUCVH4NTQRTPWILHC6Q,B09NWCD36N,4.804821144661544
AE3WKLUJVFL6MZVG4N6K3JDYRG5Q,B002GYWBKU,4.461575627882418
AFPNXG7VP6RXRJ7JGETPK5RDB2OA,B00WJ3HL5I,4.477328739042459
AGT2TLMLIWZOIPRZ4ZANFYICIKDA,B09PBL98Q4,4.440233373168931
AH5D3TL2SIYIOBOHO6PK6HKB7IYA,B0C6J13QDT,4.754653130881238
AFD3SUBU6QV4WG3FUYMQNRHKHADQ,B00T631UTC,4.135995617631266
AEXUKBVS6GXAUCTDCHL6AX3A6DOA,B0BKR2ZM9X,4.885024289774104
AF3WPB2U3INP4QLJ7LMFA2ZUBAIQ,B08Z5ZQB7F,4.91139863526734
AFYHJWIGHP4L6MNJXMWFDRM2PNJQ,B000CZ0RME,4.273411612784713
AECSHKQ3FAAINVZZL4REOOWYIJGA,B072575CX4,4.782765196117478
AH5QEH7VIRRWOQ7DHQ74CJ4FLRNQ,B09FSRVQ61,4.738956316892786
AERXMC47CCEV4V4ZFSZMQEEVBQDQ,B005QKNUOW,4.3059549492939
AH23J2XIYQYV4UR2G7LK3JG6TGCA,B01JRKPCG0,4.702311801589496
AFP3NWSV6FAVUJOBMED5Q2CA5VTA,B00IFOTSJW,4.229429942893477
AFZHRGPFPMKKAPUZ7UN6ETIKTP2A,B00P00C1UW,3.947318979946757
AHTRZPYHDLUDSPYWMFELSSY2F2KQ,B08VJC3GCM,4.385737755976078
AHPQ7WC7LTS4M3NMXHMGMCXHFBJQ,B0BJHZR65R,4.3344021696486035
AH3KEIO5FWO67MSZBUDQJFDD2O5A,B07C9YCY5J,4.741036081295975
AGBBU5ZI6SNTPSVKYHUVUAPRXEHQ,B09G9DVTD3,4.43537404716321
AHK2JKHQ22EXZBQWCF6SAV3XYAYA,B08SJY4T7K,3.5759233587637076
AE6BYVUHZCRER7JBO5CFHJEOHAVQ,B005OZE9SA,4.107347648672336
AGL755XXU2BKX6BRIRD54MUZTRKQ,B0BPKH4HB2,4.655950955991618
AENQIPCGFGPVCMZYAJK7LIBIZNQQ,B00P6KJ4P6,4.870209906311823
AFGD2TUWHNIVK3UQJB2SK25U7ZBA,B00OYUSHJS,4.520676047289062
AGFB74WQOHVJP4PGF5QOXM5CXYQA,B004VSQ5Q0,4.210674886641705
AG6IBE7FYXFZOF3OZJQDY5R3WMQQ,1423414357,3.9347429290396754
AFFPCRIHLQNCUF3UHZKFIO7TWK2A,B00IJQLZVK,3.7538308035536976
AEATATWIJVRKLZHL4XQBAZTTVWGA,B00L9R9YVO,4.700277433115296
AETDJLRMEZGXMFP2UJMNCQOGMQJA,B019MF3U9Q,4.336239973534921
AHA3RWGZYBVOWOCD6NZ5U7SJPRVQ,B0BSCFTV2G,4.844962159976048
AH3NV4CV2XTSTD2APLWTU4RQY4WQ,B0151KT2B6,4.536675786489836
AGZXSZ3JSHVOVFSVIPJN2AZXAKDA,B07JKRBNWY,4.682579427298459
AHWVLOZPSUC5ZDUOTHL6MTPH44SQ,B00T3SKTCO,4.672899603504556
AH7YWZ4DE5LS66XEUKXJWBKN35AA,B016P20UC4,4.605674361265405
AG333H4F43U47DZL4GO5CFBLMU7Q,B0B7B9W8HP,4.945448202353229
AFH72LPZ4WR2NUKOX6VR2Z7HXIZQ,B07YTPVLV3,3.953679438331792
AHJH3LLQPKTVUMUAGO4BJO5BPHJA,B00JQYUAQU,4.950114506641021
AHF24R5NP5RIVLACS63KEM7MQH6A,B0796CFWKG,4.692795920105505
AEW2LO2YEEIWZ2V7CPL7Q6JBM4HQ,B0B8Z5SW8Q,4.417678715072075
AFNTSVIYFEGL4LCVQ57LQLNT6FEA,B0BJ8WDC13,4.523694681167277
AHK5WUWBA4YLYDVBSEIOUL73A33Q,B00IPH8MD2,4.662167221121764
AGDNOK4WENFWV3HIU6EWS3PGKFPQ,B019H1STZ0,3.9155743939243317
AHVOTEEVDVGU72JTLCLMFW5LLY3Q,B0BR2HYQ18,4.689660048987936
AGWQM2RDWHESGJBIMAO5YYYFMS6A,B00X7DEBXO,4.059626613490982
AEPIKVM4G45VPQVGYKTVQVCV42ZQ,B074WXM13T,4.655954559519193
AGNEABV223NAJ3T7MKZBTOMDSX5A,B004U0JTHG,4.101145871291236
AF4SXAHUFXPXFBBM333BSHEX52OA,B071ZHLFH2,4.204482662964841
AE6WNCV4K6LZDH325544MX5ODOTA,B0B59DLBMD,4.91369550063264
AGMD4FTETUZZRG5DAGD3ALQEMEQA,B0C9NGP88D,4.4212909694849145
AFE77S5RFZS4KQJL6SVT5U52ASCA,B0B16WH36J,4.891068444214747
AHMIJ4JOTBVZX7ERWMM72CRSEQZA,B0BSGM6CQ9,4.676509568854074
AFLP3PAE3CNZ7ETSWRS34KDYMZAA,B00XBQ8UGG,4.517622383696384
AEK44DL2VPRLCOPLRUCGNGHBNY5Q,B01AH3RSAO,4.430436357072198
AEPNCQE67RNHL55MEZGPI653CNOA,B00JL5I57U,4.305209920979675
AFVXOXPDFHFXLCYM6H2HM5PUOCMQ,B005Q1XR8U,3.890927023820002
AEVUFBDEHWXHLGY3VNAET66A5ATA,B000CCSWPQ,4.634738482394551
AH2ZQVPKTAYCR67QNZ2BNYP47HAQ,B00OYUSHJS,4.6315281002617965
AEBEWVBPH5MBXTRNXQR7WSQ2WWZQ,B08FHV6383,4.777914427982525
AE7FJY7OAOPE6MSGJLWVLQQRWMJQ,B0BYPSNQYG,4.616169040886971
AGKJNHXZ2RYFT4CN3ZTRGAGDPLCQ,B0BK6TR1M4,4.225742552940768
AGRT6VTGHZIQYDQKPWKQGMUXCGJQ,B097FMTZCP,4.32162173065495
AFQ2E6LDZCDURZ2WY6BJV5RYOLVA,B07DLBJKMR,4.450078933052188
AGDYPVIYB5CJTZSJ5H6ZTQHXPFBA,B099Z7ZKM1,4.0583178853386705
AFASBYSUT2NHJH4M3PWBO4ZYZNTA,B0002F79E8,4.668858181793761
AGJ5ZHY5Q43NH73NAAFRO3A2TQKA,B0B154YB1X,4.496468879810358
AFW5SULKL2IZK53IEA7T3HJMQXZQ,B018FCZKR2,4.782490239739516
AE2NR3B5X5JKLKOZ3LTKABR3FMFQ,B0C3LKLKLR,4.658105565104201
AG3S4FROO422V5KP7DJCBXVUQLJQ,B08P4W7NFP,4.797743569782649
AGPE234Z5X3X73B4DSG2DE3ZTG3A,B07NDJ1HSG,4.815874401396675
AFUV6KLJPKFA6QQYGINR4D2MY2XQ,B08T2N1WZR,4.771839668938018
AGG4LCGNKY3EVBOSELGXMEDXFYEA,B00NARHNCS,4.69338783417378
AFKYUEIARYQHQBR3D7L4VNO7ELRQ,B00PKP3EG2,4.331511333850806
AFROEQNCYABMPCZYZPJSQZALYZUQ,B093GY64S8,4.607831956783828
AHLCWDLO3LZRSKKBRQ3RVIPYLHAQ,B01DE4DEGK,4.766159623028113
AEEFBCECFWLMTV7INRRMZHWMYLOQ,B076ZNHZ59,4.734369674044643
AHNUALEQSBJJGHXFMSEIHPPXJGPA,B01FF4L8Q0,4.565076301091036
AGBCUPQNLHJ4MYDFKJSRB3ZX3MHA,B09BQWCDP8,4.548322051374756
AFF6IT5MM7GHW5HLHWHVMWPFNUPA,B0C53B85WZ,4.566252719796222
AGUQUN4TIWP46MPNHP5QOPOPRFPA,B009GS6Z3S,4.219911189156278
AGTY23JAMILFRITGRT5OIA4HKFSQ,B00JLPHKDA,4.688200344121837
AFQOWS53WHEFRW2W6AWOQ2MOEMZQ,B000LGA2K6,3.3504237683361824
AHSKAICVSFGCKQNXY36HSJ2NH7JA,B07MVRZY88,4.568928196318764
AHITNRIG3XWBTZQ6NIWR3IIHA6PQ,B07BMWJBY2,4.35355641428948
AGOTB2JUTFNKGUG37SWAS4XVAPTQ,B014F1UKI6,4.225449126274042
AEPJXX4K5S4WEJ7EHNBIGZA65CGA,B008FDSWJ0,4.242661496869559
AFSHECZQ35LO42UUW3XJSQOH2QKQ,B07FYPBL6K,4.842638462214323
AETH5XE2ZFEB54ARJBP35D2CZLPA,B08XMK3D28,4.324313990672472
AHSSA3HG2J77L5CLVFOXMN2I6VSA,B00UQHLNDK,3.817961068233254
AES7KU7JY6KI2MNQ4N4IP2YCMTZQ,B01N40YZZQ,4.085882736876413
AGZYIDZNKPDI7NJFATD4H5UKEIHQ,B07MZVHQXQ,4.906768356970648
AFEBTJ3TAS5F3OGU5NDX5EYGBP2A,B00EB123MM,4.749942141512091
AFRX43P7EYLAC2GPFFUU7XN6OL6A,B01N9CJDVE,4.44491829805837
AG2ELZ2DRRAACHKCN676XALIEI7Q,B0745KXRSL,4.666353515154291
AHJ77FMTOSG62L47HGC7U6NPAV5A,B08H1PVP9N,4.57955235718255
AHEAUBT2BHFMZZVR44BH5NKTU4KQ,B000GATTM4,4.570071082404478
AHOAKTHD5FA7MWLV4I2IBOYZCCAA,B07DVCVG94,4.528736631050359
AGL74F3QKUTVW6JAEHRM3DFXKBRA,B0BLH2CBVK,4.262134091633103
AEW3RXLOEMYULYRIDHAKSVNM5KSA,B097Q9W8MW,4.694674527544634
AFRHKO4374QYE6EFRHEGGSPVWJSQ,B003KX4SC0,4.484584126363618
AFFCH5I443XTDKKP6XVHFGRNRN2Q,B0B1LK9SXB,4.416969570943529
AF4KQTMWVCWCJN3MX2PX4JXCAHHQ,B00RX5HQS4,4.791426833982788
AF6IFSGJ6MZRYRS2TEDTSXHE5VXQ,B0BPKH4HB2,3.9399883693067084
AEREY6SH7SQUHGC2ZE3QZLWNKVDQ,B07BLM53Z1,4.459134977016934
AFJ64QKSQO4JS2RDTIM6R5RIAMBA,B09R3KNKKG,4.9061289150056115
AHMYDJYCDBIVYE24FCGQQFPCG4LQ,B001E95KG0,4.68685153048464
AFO5NENKMIZMM4NNXRWML6JG2CWA,B0002I9MPO,4.696257722595617
AEOM4BJ3MA6T6Y2JD23KRHYMUOXA,B01N1UI8V7,4.672236966606276
AEUI4EM6UBCN6FUKBGISB7UJIFBA,B00BS1986M,3.8210870004271538
AGIQ2MENYEDXSL5VZHDKQTCC4ZSQ,B000CZ0RLU,4.35219194601352
AFRTO6XX4O7NOD6UYOMG3ISOYTDA,B01LYJMH9P,4.716969331887299
AGEYOG5C2ZNK32UKSRKALA6MFSYA,B09857JRP2,4.934435288193176
AH3M56TVSIIT635XXCL7ZXR44TYQ,B09N3PBT9S,4.5345617424999265
AE23WLBRYKEC67DM43M6E2MF7GPQ,B00356J8KE,4.197392583853473
AF4VXIBLX7STK73A7PH3ECA4GBUQ,B07RL64LCG,3.782591479476136
AFVF5ZISRZDB4O7TWRAKFCX5RL6A,B00PZGTVAE,4.635643247093441
AFQD2EZ4O2ITFTDMWYBJOHSRJNJQ,B09R2TMLJR,4.612521022014036
AGN77Y4XMITXHDOOVYTIS5ARTU2Q,B0002EJNH0,4.706442235519116
AEHS4V3DRQ4ZIXBWECYJPRN5TFZA,B0928HW2P4,4.9368612056371735
AF7VRLJZIRYWVNXMW2SAFC3LZWMA,B07N5J3GTB,4.230428993042599
AEYVYN2QKZKKFTW2LNJG3QKFGHPQ,B09BS25NJM,4.795687829970307
AEMLDUMRZRY3H5UQSTVOGIKOR6HQ,B00H7PWPQI,3.7374498616277263
AE7GVDNRY5NABEP253Y3GMDUZOZA,B00HTWQVU0,4.365232143630136
AHVXKHLQUUSLMXEJHNULQ2IK6QKA,B09JMYM88H,4.574897858634306
AH37QN446MUICQOGTHU2R2EUKLXA,B071V3MY58,4.465510266839519
AH6MAK6PF2Y5LOQKNJCZBEXMKYSA,B015WD6FIK,4.46232165963584
AF4EY2RL5MCVIFTSNCGQ3SNR5RBQ,B00IFOTSJW,3.7287450789736813
AH4PLW7QNHKGICQTUDLLLEGLRKFA,B0012BPMHW,4.840743393532458
AFYU7L6PPUGCEG4QKNLBLABGJSTA,B00Y3NG5HM,4.270884723456941
AFNBGFNNXC67NLYI54RYRDKFA2UA,B07T65XWM2,4.3150051877727424
AHGIW4KOZ7GCGETIM5WLEGYIYPVQ,B00H8BRK0M,4.34707402787147
AFJXYPYONCFB7NAUAUK6AVRHFTLQ,B08B6BF5RH,4.66199575377704
AH54RFRZZFYUNYDPEEZJQDXEVISA,B0C2X15CPH,4.938637400272433
AGQ6GRPMLRH6TUFSQLMCND27UTKQ,B07PPHHG34,4.385638380514549
AEYVWHALKMARVCXXX6XJOATQ5LHA,B09RN7GR8F,4.452360318348289
AGMAZX4H5TKOZODQJ7MVOBMS32OA,B07C91JT14,4.533976373423098
AEADVMHY7IFFYDMM2IINZGE7UDEQ,B0BXCXGCVN,4.41582319605431
AE5KMHTBVVH4B4TDRKLTR5HQXJVA,B0BZTB9B4X,4.286416255317603
AFNDHAODHIE4ZQLJGOA3PYY7FTUA,B077YGLM39,4.807264334135368
AFQKIGEYXZL76W7BIGLVR2RIPMZQ,B019OO4IY6,4.35068340547193
AHSYUEHHWA3FIZAUAZYFN54OHZWQ,B0BHG58G2F,4.766481746038426
AE534R5TF6WSI6SQTKUHLDSPUFIQ,B095XCZXNQ,4.58009534570288
AFOBLXDRYH2XKLUTRJ675NJGLLPQ,B00LU8K790,4.335877216186516
AHVFDHPFOJQU7QROTAEKIOTIAI5Q,B01LX96P3A,4.561652745524956
AENHAKVFOY7IOTVFZ427OOWIB66Q,B0002E1IW8,4.754674461180992
AHRQCX6F7G5BXPNBEQ5MXPTRN25Q,B00UXE3WOY,4.420131819660094
AHMZYSO7LAKS6M3D63FQIPQ6UPAQ,B07CQMZVYL,4.034673201420751
AHI3FR2LO3SB5SALPSQEFYVAY5TA,B0040YZEJ4,3.8280550515298826
AEDSQQJHX6LWSUUJEL76MQSYBELA,B00O6KT5HO,4.5818648636470005
AHJ7KQRR6SH62UD4ESCUELE2BMZQ,B00HH4NO96,4.343800919647384
AEGQPKRSLGQQORW3OD4TGBYLPAHQ,B077J6ZGD5,4.807398192314912
AG3TPH4URP2435TBSYMQMEDWFVQA,B07CQ9VV6F,4.627560336031072
AFU65KF3HONQANSBDPJ24PMXDCHQ,B09RTZ26KV,4.668257191518633
AG3ML6ROY7CFJTLMPJYWIW7KXQ7A,B0036E8DE2,4.768074151311019
AFDVTLUWYDVFN6YZ372K4B3HKSDA,B0042EZH6W,4.10693165532152
AFZOKI2OHUU7CIDPTMUHNIRBT4OQ,B00E1P4LGE,4.608325600539967
AFUBUHRWHPHCEJXO2ECK335UGLWA,B07M6B3RDW,4.7517616304375
AEN5VFEOCM4ELH2ZTQHDGUZDWDHA,B00H8AOKO2,4.3355971585002155
AEZNCOTOACFQXLFM4MXKSQW6SFKQ,B07WJ1FPX6,4.515151926071981
AH6STOAHH6WQEOX2LJHUIMNX5VVQ,B000RXN6XI,4.859047739513985
AHOBKBVHEAT4KPRVI7TYTF6MEJXA,B07NKMZJ5M,3.990513538262876
AHWAYCEX3NCWJD32JTFVBFXKUHOQ,B07DXQ1NP2,4.238350036251813
AGT7E463C4DAGHWCWOPRZBMLYSRA,B01M1ESQ9A,4.798424231551156
AEDMWS2C47FQKX7YCUBF2AKGOUMA,B07B8WL33G,4.759402441747749
AHKJF7SU2DIXO7MG4SODYBOJWPWQ,B06XFYX3NH,3.5093793448947297
AHMA7ASEUEDMYKTWHXZ22SLC46GQ,B06XDBGL88,4.972061195829067
AGSAA6D4WSVEO4G2JONYMQZGVCJQ,B018S20LB4,4.889448458884377
AHC5GG7MPPNIJ6WGMBE5PEQVCCSQ,B004MN9GWY,4.841536166603296
AEN326SBT64VHDX7FG2G7ETRXB3A,B098KXQJVY,4.704724225749753
AELBQJXOJ6S45HQ7IT5QOIZGDDGA,B08FYHSQTZ,4.417817518765698
AGBN5H6XSN2RUYI5DGFRDAURIUUA,B00FZJ25TU,3.6855407264624613
AHJS6QDWCAHL75QZJAGW2VG3SZKQ,B0BK6S7QF4,4.927366044074234
AGAPF6VHHUW6PCF5XWW66RGE5QJQ,B075GKTV88,4.519425575567579
AFUHHLYX3FRBXN7T3V737VFKS2ZQ,B071VN1573,4.721657100658216
AGBB2ZXVQGP55MT6EFSXVDRBVKHA,B0BT84L827,4.846261627384728
AH3O36VZKKWCD5U7AWEQ3MYGWBKQ,B07NST2LSB,4.787947665034496
AH4VJK4THFGKS4DEP4ACMUYHLIKQ,B0073XCZ3C,3.852500901087444
AHEMAURZYRCARVTVF6CQYTYE4I4Q,B07CRLJWQ9,4.530980557130169
AFKETZIETXOR3O3WQ2IEITFSYJ7A,B0BXBFG6BX,4.925590940120372
AEZCTDIBXZVKKAKKKKWSXKPN2MVA,B00H35YIJE,4.740880132232961
AGRSW6MPQOGFHVMYGV3X5LVHEQUQ,B00PH2M4KK,4.39483838590327
AFDGUCQSIXBG4HVA4BOYOY3VIRDA,B003JFVESA,4.530529019309006
AGF65W2AYMMX6AGTCI6FW6FVCYXA,B09C5XTVCD,4.718550071845247
AH6LZMLMHAU5AHGSA7G7E5VEIUNA,B0BSGM6CQ9,4.818020417250082
AGEDMQORKPTVJJHUOOW6USGHTUJQ,B00B6WZGHS,3.773601537229074
AELVAQBY4YVAMT24YPU6FYTK2I4Q,B00VTCBQS8,4.268593040379578
AF2NGUZ6QFZJUAAINQTWZL5WMXRA,B019OO4IY6,4.455398283165966
AFMMK575JLG32D3ZQMSSR3MX6R2A,B08JMQR2JK,4.1592808638060985
AG7ZPB5T4ZGBEJXMUSVYO3B3WCPA,B0BZ5JK2GC,4.285680710404504
AFK2BXNXJHJAKDMSCRX6V6RZNX2A,B08BW2TBD7,4.765557302265413
AFZVBHPHF7PGY3EAVSLEDOGCA6NQ,B09VGM7F6Z,4.25517662701552
AEBKMSFD3VIXE6CJSSMV3SSPEF7A,B091F4D8NF,4.362606393168431
AEIXKVIOBX6AFYFRENWBSESOGMOQ,B06Y2W66F5,4.143325766780036
AHQCDCQ5VFDGM74DM7RQ737GTOYQ,B09SHCSSWM,4.582103267602575
AGU2MZU3LPS5YIY2CPDAMX3XXJOA,B0843PZHQ2,4.583548599512703
AGFO7J7AHSMMOZJCBP4B2UADWX5A,B0731K3M6Z,4.680595552786292
AFVKWBQQ6VUMTZKTVXN4Z237ZMOA,B07BHWJMB2,4.1439279799440065
AG3TURJ4DOPD3S6RHZRV2XRRJYPA,B004THB824,4.5920016389814355
AFLT6YM6MG5IVAYHJRNVSQJIJXIA,B01MT5S67X,4.7103228675170605
AEWSA55RYTVXGVCMPGGUMBHJKIMA,B01GW69IQ2,4.8396405439892165
AG4HSLU5KO7KGCFCOUKKBXS2NGWQ,B07PSWC1XY,3.844677511205258
AGBN5H6XSN2RUYI5DGFRDAURIUUA,B0BSCGXCVP,4.377678969346382
AHR4N4IZKDYWKN7WB22HJF3TE5MQ,B0BKZ2F82F,4.632203771331541
AHLFJCO3SENFEDTOXOS5VC3GKSXA,B0002GXQ2Q,4.730178698471091
AH3DEAE4AW5D4AO67MNOXOI5YE7Q,B09396NY1C,4.167103171545419
AHX2ASVMXSHSQDBYGTZFDMCGVCQA,B007MY5BII,4.429404695346502
AHLWV6FKLFZU7O46CIC4EPMK5NQQ,B08566SXNF,4.578324363453804
AHOTQQMMQDCYWZHF7HA3Y7DLVQVQ,B07CV6VYXQ,3.9878937211963437
AFITYUC3765LLGHMH4L6XJXCOWIA,B0BPNHG7M2,4.403481706149478
AGP3AB5E5WTGFFVJEYVSW2DYJI2A,B0041OU1X2,4.734268471368534
AFEXGGP2FKT5NOCTC5O4KAHEIVHA,B01FJZBI7E,4.175509989328733
AHGSGQ6GSGOIRZOG6YXTMXJIXKUA,B001L8IJDU,4.65904561686591
AHW7ETGBKGX6DCG2LBAG5YAXU46A,B0B8NJBS3V,4.896291561612393
AGBC6LK4N4ANCY7GPBKSV73XQK4Q,B0BCK6L7S5,4.296577180459445
AEDUWOYVRIMELJMAH5D64RBYKKUQ,B004MNTIL8,4.914692240227365
AEOAMGJVK4MXPWM3AYQ2RAVC43SA,B07N8V6K46,4.6382733955877375
AEKMHFZZ72OB26PKFPECASSLCBMA,B09N3K3KGT,4.651812535123838
AG65EMDZJ3RRQSYRZMMBUR7TBA7A,B00JER27MO,4.516344493413798
AGL62R6J2RX6ZL5FJRK46OZLJZAQ,B09PWCF6T9,4.627043162594496
AHEAY4LVXGQBFORIT6TQ35RR57GA,B08JMQR2JK,4.1792925651602735
AEBT5FUF3Z2Y4DDIJV5TCW43C63A,B0BRG35HYH,4.26036052854177
AHQBI36Z5MNGGQS22FDO5ETXLLNQ,B0C3LGQ9S5,4.68785326990294
AHQ5AL3NKAPUD6K7DL6EUC5XX3JA,B07FYPBL6K,4.758741465737614
AGXZIOXJQITHVPEVRZL7AJO4TAYA,B00Q8KGL54,4.4472219632443135
AHRRM3MQAP2ED5JAKBCLTJ5DQBAA,B09857JRP2,4.896747520629919
AEMMOYNKT6BNKNRUNRY3TH53DYOA,B005PGGU9O,4.420386247460193
AETU2L7GWTRUWX2FPHLAJEKC7EZA,B0002MS7NS,4.493374008898728
AE2A7NOBDCZP7RINLG5REL5I2GMA,B077GK1J7N,4.319507081791424
AFLCKOPHSPEOXRM5HZQC6X62Q5AQ,B0002GX7XY,4.937426097604594
AG3S4FROO422V5KP7DJCBXVUQLJQ,B0002CZU56,4.955339977275406
AE7GVDNRY5NABEP253Y3GMDUZOZA,B00B5LDMH6,4.32401435852365
AFKVZFKWM3FJTWEDGJFSQMWR2KYA,B0B8M5FJ9W,3.9511346765755837
AEBTJ5U5BUV3TSYAFMDHEZVEPHNA,B0002D0L4K,4.60940056061089
AFFYHATF3D7K36FDI5EMWOUXRXAQ,B0064BCRQE,4.9485070340658055
AHGC6HXFKTGNC7UVJ2MXA2ZLMUCQ,B001MXCY58,4.309244149536198
AF4F5YORO5MADXZQC63MO65FQDGA,B076GHR7DN,4.536039522910915
AHY2QC53VJB2Q4WX7I5MYFXBFSGQ,B00GOIC1S6,4.37514453113778
AGVH6XX42P6SIONXKWBKGJODPMTA,B01LSHMR86,4.6761093805967295
AHJYHZOBOSEBCUCJNMHN5DPZ5DRQ,B0B52FBC66,4.715646455450955
AGMADA7BVXWOPUYDHC3C3K3OKO5Q,B09CH8SDPD,4.7668376429280634
AF2FHIOZUNV67HEU4MSXQ5DZ5A5A,B01GSVQM2E,4.308159358525423
AG4AVSOJINHN42XUE3Y5D5XSAHBA,B008YOMVDS,4.073577011300882
AGHLAYBLKOMA7JAM2PKTKEQ7EOMQ,B0C54RRCKG,4.608587252147723
AEH54Q5HTMEFTXWFJA4ONZK5UZNA,B011N2VC64,4.120697912835821
AGJ5ZJKUFS3F6QECAILM2J4L7ETA,B073RTT48C,4.825474944214747
AFNY2S3YRSPY6NST2O2SQFMSFRIA,B004XNK7AI,4.7503238451862035
AEZJFN2YIACVU5YHNMQVKNZ7W7VA,B085H22BGK,4.315419965984671
AFKJVDSTDRAQZUEEWZUEYDUEDWDQ,B076346CZ9,4.616739978179262
AFY5LZPYVJ52XQRIBQ7JJVNS7TDQ,B09XQHQ5VF,4.152226898253606
AE3L6TIPOX3PCWWEKRRM32YPNTXQ,B0B949FD92,4.49230408821947
AF2ADEWSNFYF3BRXGP5KXRXULGKQ,B08448RJNW,4.537276315357484
AEJ4UHRQGA22XAKVA5QKWJ3ZIMMA,B0BLGC3C1W,4.139550566614454
AH5H3RK5Q2WAXHOCYTKNZFAV3UGQ,B07N5NMWXK,4.860542778165128
AHAWNAKRUGKRZR7F5TNJZWR77XPQ,B08T2MZVCJ,4.066342590446716
AHQXSURNHTA2ACNNVL6F7K5BDOZQ,B09857JRP2,4.57295689394181
AHSVOKGVCE3MBLCCGXRLFPLLISJA,B07YQ4MWD1,4.410891059016286
AGS55F6CFFURDAUEXOEH6NTP2CBA,B07PPDY2NS,3.6847609229587297
AHXZMBZM7TCTGR6YQ7MI7LEAZ7QA,B0007SL860,4.662632971094676
AFJL2PWGEZFPTWMAWAPCGYY2F4AA,B00RMJORJ2,4.783808695228817
AHHNBVPAODMOFE2SDZ7P4K2CEWOQ,B0C67HCGBR,4.894444051617754
AFND4WHBO6MV75PBKNHCBFZK6VWA,B0C6J1X7TD,4.377701017862671
AH74S4ZHQIZ2HCY4CYQNNFD2EL7Q,B088WWS9GM,4.8116584789844445
AEDW7SQR47MF36I4WNHKGDBO6SXA,B0BGL5H5Y3,4.943637400272433
AFHZXNYNK74PAWXKHPNHLMY5VJNQ,B0C2CBF3SK,4.467973898689124
AF6VHCT7J2T3FLU2BPMYWGVDG6HQ,B06XZ91CGG,4.937439127082803
AEN326SBT64VHDX7FG2G7ETRXB3A,B07FYJ7ZLJ,4.562344301502363
AHOTV4CLZXG5X653HKHCKHVAPG3Q,B00JL5I8H2,4.390175602836411
AEENWSVHLUOJFDM4HB2QEELDVEMQ,B09PRKZ6FN,4.686536341454989
AGL3XHUKQSHTUANT673GKEH5OU5Q,B077Z635YX,4.816881973589403
AGETR4QIMGHVFE3QCL3USO2DRGIA,B08SJY4T7K,4.322394807994429
AFUS6JTLJZK3Q62HGDKY2MUAVPHA,B07BHJH2Y8,4.5931231895422915
AGZDVF63KXJBQEPNLNKCRDAH5OZA,B07CNY1HPX,4.491653865027251
AFN6353UFHPWCP6AA5V6XWDQKQPA,B00HTWQWWM,4.641346458918127
AGG4LCGNKY3EVBOSELGXMEDXFYEA,B07MJJ281Z,4.7221262235163675
AHUXAPPM6WHJN2A3X5DOO4AQLKDQ,B09Y8DM5JZ,4.325242147133534
AGTGCRBYT2WQEGBDTCKLGNK4CXQA,B01JGQVQBU,3.9256590522157078
AGUQUN4TIWP46MPNHP5QOPOPRFPA,B01ABJ036U,4.030991899170411
AGMGW2AXSHFLEP2KKAQBOM6OOQGQ,B00AV557UC,4.616810302621969
AHOEKHBS6FPANUZKASOIRVSCH7QA,B009BZAQQI,3.623073811042341
AHEBSXAOC7DZJ3Y2ICCM4R2RSYWA,B07WS6G634,4.035887763950762
AHRTNXIDVTZPPET3MBLAMWML6WLA,B0002F4YQY,4.739733868957727
AF4SPJ4OCL5VBNSZCVJWHX335EUQ,B0002GJHYM,3.8322697114906195
AEWWKKSI3XGONPAWUPUVPXAACNHQ,B01DPCONFM,4.6745892697351765
AGO4PWTACG5H4W63S3WT7CD7XDQA,B07VPLFNYM,4.334758387891153
AEZZYYV6UFTFOQ76YJ7RGL2JELHA,B00H35YIJE,4.127299092636475
AEHZO34D7CYLRZ5VFUPFI5IFKY5A,B015HG7HMA,4.206944939127606
AH2ADQH7UOGDTDAAOQMXQCUAGFQQ,B00WTZRLOM,4.5141866906005506
AGCZUILWOTAOWI2SZRF4IOPREQYA,B0749WPC79,3.9139099068721706
AEPJL2A5CE2ST2ZBZXZFCBIGLSVA,B0B84XTJJP,4.512722788662932
AEIU63EAGJN2HD2JBPWHEVWT6THQ,B0BCK6L7S5,4.071664466584735
AHJDK246IF27VMB55EDYVVHPY6RA,B0BTC9YJ2W,4.757425304430508
AES62SVPMQKJVYREQRVKRBVODIGA,B0B8LMGQVX,3.9288011185971126
AFDLX64MUTNBUHOU2L77J54QI4FA,B00V8URXSS,4.165876058313188
AGCMJUW3TAOMRRV6TL4V2SK56P7Q,B089QRBZQ8,4.050804615026696
AEBIEMNW4BPGOFLHZCE7TRXIQLAQ,B01HUCYOXE,4.600361662795029
AEDL6IQZVL3POCWKWQQEYCSYCPUQ,B014PEZVKU,4.374613731593961
AEJO75YNQXAOIKXC2PF4CZEORMUQ,B07B4XLP57,4.27432769042846
AF5OEII5AJLAWIS6QWTUP2J72EAA,B011R0XDYQ,4.47373147230934
AHCPG6UCDD3OKNGACZNLW3EXJXUQ,B07SZLB9GM,4.45862633325199
AHTIXMC45Z2WUMKNCPENUVEFP3BQ,B014JY7WGW,4.536687042885186
AH4JGVD5QVUSZZVGHSMR5SRGHVYA,B0B1T92VM6,3.876890273993709
AFWNIPDL72FP2UXKRYXN673BN7HA,B07Q75MDB8,4.80859451895469
AEPNUR3UKHG5JLGS6JLKXVXSMJ2A,B09BF8XDF4,4.340889349754709
AGOAOXZU4C2FYKKH4X4NPAYPOI4A,B0B14LN9H9,4.583141561355613
AH3Z6C3F2K4DHOJVCJPN4EWEKT2Q,B01J3S91WW,4.475436458599784
AGHQ6RPNVO7KEQHEI2HAQHAGCTVQ,B00OGMD0VE,4.642777726171982
AEFICJTVERYBGXDBNCYY6LYBF6HA,B01DN7OLJC,4.6775843262311145
AH5CRT5ZT3ESMYJUVDIH5RZPH2BQ,B000T9NKEU,3.536349371581316
AFJZIOVKFSIRFHER4BQIHMOA4ZYQ,B087WVJGQQ,4.407021531851074
AGVMLHKYMOD35HC5XL5BN5ZSMUFQ,B07CBT4SYD,4.878262364513594
AF6N2DGSAXSNFBDROTSRYU6ADXRA,B00WJ3HL5I,4.129091138281099
AEIEKT6RZKZF2VX4R2UJHKMFLXEQ,B0822LB7CL,3.6774833044262585
AH6HIGTF5ACPPHH5J7MP6GMRIFAQ,B0BG95DG2H,4.020802019739682
AHXYOGPYRBEVNJCESMCD6QN4CUYA,B005OZE9SA,4.417299176873677
AGUG7ONCKL4JOYS6AILUT3AGOCWQ,B019F9DR3S,4.03805563338738
AFGNBP4CGZGNXB33LHNUQ7SJZQ5Q,B07BLM53Z1,4.370395586938325
AHYQNKECUJ7XNEOPQY7BBR3OYYLA,B0040O49OU,3.300203939916766
AGIGLCDBUMZT45LJEQR2EDJUDZUQ,B018VAQWEI,4.879114024238113
AEQ74J5XBTN2YQID7PBZMICSZL2Q,B07ZWHY5TD,4.703070396594015
AF5BNNFFASTI2LEXYRWROMIUJWYQ,B08R5GM6YB,4.1551869242273725
AHV2RWTWUZDZB5VK62GU522U7N4A,B000FZ1KF4,4.100378206978963
AGHEYBT2KQDX2I32KRBZ7D4RCZIQ,B07FYJ6K6L,3.8541638680377366
AF3QJZYZ67KTLYLZRRAIZTBG4L6A,B0002E37G8,4.3970477831808
AHMKYMQRIFIF2QGP46NCB5X2JN4A,B08MFCJMSZ,3.674998812274872
AHK65NE3TUTI6YOF5HK5AFC24XBA,B00F20MIC6,4.215312917447323
AFOV3YMGYHOVKW65ZOFVUITMT6SA,B078WNW4YW,4.152587592308983
AFMCJFEPXSDR6CBD6JAFUNDNIPUQ,B0BFKKVQZT,4.439491893908135
AGFTJ4ZNP62NDBCII3LLOWYIUVEA,B015M92GZ0,4.433581581828006
AGDEYWGZKNGR36MRO7ZT3AB45AXA,B0C3Q29DML,4.937781105697831
AHCWSKQIDST34SUY5LKWWLBPDRDA,B00W6WD12O,4.76040871487278
AE565UKB436TSU3TMFKFWM2RL4KQ,B0BTC9YJ2W,4.3086283332116935
AHXVH3WID7DBJAYYL7G2NKPE2AIQ,B0B8Z34Y9M,4.553864023518496
AHOTV4CLZXG5X653HKHCKHVAPG3Q,B09QZJ57YW,4.665280927690718
AFFMSQ2EX3FEFPRL2AH2L523WDMA,B0BG4BZC5L,4.759434544507766
AGBQ3TX4QYWQQOW2DBADLGOJHQGA,B0BT3B7GTY,4.775848733733213
AFYV2D4QBIJITGHQBWCURNGOX4JQ,B019MF3U9Q,4.53346183926902
AEMDDN7LCA2LR4KBPMCICXTG24TQ,B08R5GM6YB,4.595450666514978
AEZWO6JBHBOWFWDD3SHY3TPNB5AQ,B000UMFQHA,4.441715194801204
AHMVEV4AJPDOUQ73DMD7FMFIWOGQ,B00WJ3JUFM,4.522157364712403
AG4WQTH7Y5R6N5TNVVZJ6GJG5GGQ,B0C6H9T5T6,4.524353389677282
AEJSKR2NKPC4ZS65RIJL3V352K6Q,B0BWXY17MT,4.710514271883378
AHV7MPSPXX63ECNBQ3XQ4QHUOHFA,B014MQ22XU,4.761648659191534
AHXI5OYTSU227DFONJML5ZLE4MZQ,B0C4KH72T7,3.6907785942729845
AGB3YZIRHOSAZGQF3NRHKQJWWQTA,B07R2X3GG9,4.101042420892169
AHEJ7L4IJOC3BQ37XCDJH32QP52Q,B07DPJS6DZ,4.9090239491019
AHRCC5CKEHASCA6B55G7NZBB4I7A,B09MNCSPHN,4.42818280702431
AEJQMZVE6HGW4SO52IRKWKQDB7XA,B07V46KRD8,4.707178765482025
AFGIGAOI6AF77YD2KG3VLOZQS5LA,B07MTS57P4,4.2433777700671325
AEQQOWGNLMIQ4QJUKX3PAFDQ3TXQ,B00JW286K8,4.783035353916006
AEUAXVAUWJFDX44V2Q3OZFFYDZWQ,B073DRTLPC,4.019871482702856
AFZXFSKN7FOEUCYHXT4GTK62RO5Q,B01E989SZQ,4.295620604203224
AF6TDFRJUSAUTLFZOVEGAOUCZTMA,B01M70SYSN,4.855439038488093
AHETQRJ33CMSEUL4SDS6CJMHDU6A,B0BXZFS2QH,4.688061847609937
AFRULV2NIZROJ3DN2F7ZVZE46FYQ,B000IO8XFM,3.7522296489236746
AEHS4V3DRQ4ZIXBWECYJPRN5TFZA,B07B8WL33G,4.76815660897134
AFYEPSM6CEVCXCX3KH3HJZTCFYDQ,B0C18CV4TS,4.616089791197444
AEVIT6MYT5ATEMEMRAENZEEZHCTQ,B005T0L63Q,4.944328163393919
AE4LWHIBYCREDXSNG3EOF3RLKKYA,B0C6HZ3ZW6,4.106412612829352
AEIDGPYNI3VZUBMPGAOSX2R3K6HQ,B09G5KDVWW,4.8323291655493
AF62AMU6MZHZQGKUD4N2TIGO34SA,B07PRC5VQB,4.352499923259915
AENMRI3CNMP4P2KXNT6SB6ZD7FEA,B0098S1R9I,4.47421149743562
AEPOF2S7WD32ZGVOCCWVYNJTCGIA,B0BMLMCBMG,3.976487842547315
AFJVRGXC4HIVBWQT2IQMMVVPPQ2A,B09616T2BL,4.346515354701188
AFJQQWO6VAZCTTY3GXNB3SEUU34Q,B00IPH8MD2,4.7578518792591105
AHWPCWQ2D66IJWQW5UOWEM32V7BQ,B000K69UM8,4.523262664962488
AFWVN3PP4WG4IPQUXVHS62ASS5XQ,B0C67HCGBR,4.770132207261262
AEJZB5NUC3M45CFBSEMTTELJB5OQ,B07GR69D9L,4.659103534272359
AHVW4W75DJAPTN6E2PJAMEDMABLQ,B00JER27MO,3.6195877228893263
AE5HZNO6TKRU6CY3O4NDXPJB5KKA,B0BCK6L7S5,4.484940519536892
AEAL4MJGXLIH3VY2GEZJUT54KILA,B0047VIXBG,4.940491478848895
AFU73SX5DESEJTCUH4WYUUURP7MA,B00H7Y2X8O,4.235557710990209
AF6PG6UAMWJCKLF422AXF7B2CGHQ,B09RNG1MSF,4.766731848048314
AEDOO7I36DUZZUJT3IDCKDW7HXGQ,B0CBSQH75J,4.8477847499239015
AGMYRILPTJDOK7WL5OYHYGRYVXMQ,B08NVVLB16,4.948935134248126
AFGAA7M6RD3TVIBWAM3GPAJACSJA,B0BBRMGRTS,4.66678325763378
AGYMZ3QSHADJABMWV5JF3QXR5QVQ,B00JKNS208,4.090193352711385
AGVK6BKGPFZRWV5UUWWJJUSANESA,B01DNC1FDM,3.818019627888329
AGNZ55VEXGISWO3OH7F4CTP6HNRA,B019G53ZJW,3.7478096250007984
AESBHEIAXYOTT2RRYMLA5ISYFFTQ,B091MZPYBQ,4.175773694930255
AF3JMCAJ6IICLZJRLDYWCPSSEN2A,B086QMZG22,4.256457239672486
AEDEPSTPVPEHNHQXQEJ5H63JR27A,B083FTGJ5Z,4.700569899747466
AEHGPRL2ZLF6TY6JWBNFJNIDTE6Q,B007D5DHQY,2.93078386392027
AEQVENEFPIYMYXJ7X2ALDWEXP2SQ,B01E5GGU7Q,4.203306502181069
AHR6YKXEXGIMXC4KZXITPYDZSIMQ,B01N48D32A,4.037196237311475
AGBG657C2PXD3YN4X6SHCCXKNYEQ,B07D1WM2G6,4.7347304123276555
AE4CO6Z6BYGYMV76PHRMTSOFUG2Q,B003AM913M,4.310830044131206
AHJYHZOBOSEBCUCJNMHN5DPZ5DRQ,B08XCG2M41,4.386471090245461
AFEY5KP557F7QOHEVWE4ZG2RNK6Q,B08T2N25MR,4.7195333263746
AHGDGGMCSMMALHTX6WGLJFFUVJXA,B09S2Y4MMC,4.9188939065266055
AFLTSBEC325L53VKAJOAI2UJNUUA,B09RJZSQML,4.893764830380628
AHWAHTNGQTZCXBUPWH5G7NYST6YA,B099NFZP4S,4.127268521873782
AFJI4EU53OHSJNXBYXCL3L4IQRVA,B01EJ0N5FS,4.6114515785219705
AHAMGCWWXZ4QIZT6TMDUG2CSEKSQ,B01GY8I616,4.3246802956345
AE3HFOXOL5XSDTR6ZMM3KQLUKP4Q,B008O0RKVA,3.8671943494282237
AHVPG4SDTF2X3C4ZWYA7EUA453EA,B005N2E8A8,4.477242512441872
AH4KB2XWOWEIBTBVW6NVDX2PIBJA,B081H694YZ,4.179105379753882
AHETLAZWL7T3CFUQNU5VJIC7R6PA,B01H8E58SY,4.838049185804596
AF6IPYXSVTYOXYMAQTOUM5PXRN3Q,B0BHWP4RHD,4.745620157430267
AEQC5V4P7JXPI7M4COOZLIA3MUUQ,B07XW2Z5X1,4.117024303591912
AEAQF6SZ64S7N3IKHEJKQLMZHPGA,B00VIDJB76,4.0633414122027975
AFNUD5CAN5NBVLUC6377NGRF2XEA,B003QTM9O2,3.9628132721879386
AGIZ5JGA4QTX4SD5TFYZTP4E7LXQ,B095XCZXNQ,4.145165921201268
AGTD3IDTVYW5TDGYWPCUBDTAX76A,B08R5GM6YB,4.576511327858719
AEMR3TT6O5MSIMI56SR33RIWQQBA,B01DE4DVO0,4.741734220939463
AFMHKT2PXH7SLUMY2IQSP4HQWI3Q,B00RVE9X06,4.788923943843377
AGQA3F27NHCAMNBD6MD3PM5ETLHA,B00CIO6BEA,4.798363484631716
AHGBVAJ4O3RIADP4MWY66DN24EDA,B071LP49JQ,4.259176845426959
AFJBKMTRSW6PJOQT6PTIHRS64DWQ,B0B8YYJG2F,4.735424984434074
AGDBMDAL47YFZL6CT6HTOYG3JTYA,B07MDPF4SZ,4.896153296746526
AEESX3HNU65OOFXP7VYMTQG5OZLA,B0B2LSX437,4.840982684660492
AF6BJF7NTWXZHYV2R7EE5WN7GGOQ,B000TXZL4S,4.864826577647522
AEEWM3H4MGP5YEKKAWWN2K5GFDGA,B09KWWS7DH,4.856456239806647
AHJH5K24A5KB74WY34PC6ZN4L4IA,B07N2WWT61,4.714035863141883
AHETRIFNTQ5F7UICJDFWPCI4T7LQ,B07BQRDVYJ,4.287828608354701
AFTBLEAC2U7D4FW5GE26JE64FHTA,B015XDJB9E,3.9717634683768517
AEG35XCAKNMYS6GUKKMQU4T7YXWA,B09SVD6M4Z,4.098830078234204
AEITZ6E4PPUZZLSVJ6DOWD6UDTEQ,B0B3VJ3TCJ,4.742514420409245
AHHZK5DNIEAX6Y3X3WBG6VZWSYKA,B01FJZBI7E,4.397153453305657
AEZ3FBYLAASU5N74SJSNU6G37WBA,B07DMS2QNL,4.890080960532513
AE6JDIRVPTKC32Y7X3QQ3WAY2LIQ,B0BHSG5C3G,4.475092035068099
AGDJVRV3ABHQOXKMFFLFE2LMIGXQ,B01C5TBS90,4.648862838288764
AGKM3HSVVVKGTLWKFFPAZFKF6I5A,B09M7D9SC8,4.740376730959962
AFVSDHRXFBIUSK43W2LYIG3ZP66Q,B075LQDQTQ,4.55933523702476
AGEG5EQFBOW547MT2N4IB7E7SKCA,B01GH436CQ,4.55865415136501
AEATUKWZMVL6IAHCXM52752FTCFA,B0BYXJ6JKZ,4.648469056268885
AEZKOSSPZDQAQJEVAWYIMF2EBRGQ,B001V6BW4U,4.301013215821575
AG7EI3UOXIQXEL5QDZPVKPSVR4UQ,B0BCXTKY9H,4.663599658192799
AF7FYQUKWYAXMMDZWRA3JVBOEWUA,B06X9KG3HW,4.881330481223723
AELHX7KPUROWEK74AUNULSGCXBZQ,B0006O2WFQ,4.512422643859332
AGWQRQRURVWB6KYTP24WVQZO2QOA,B01LSLZEF0,4.564409398566617
AEQJV6W3AGTTOF4M2EPZ5T23KPFA,B002Q0WSMK,4.239223044165062
AFTZ72IVVWEIQB3WIXESXZUTP2FA,B01MSKI46R,4.084477224471321
AE3O7NJGWB7LCFQUAANZSHBUQHXQ,B0B818M2YN,4.587555813831887
AEYEMBWRA3OM2EGMDPCXDWKJM2IQ,B00DDXK1BE,3.7157418100990136
AGZ7GIMAYG33FI3CNM7M4RHU4NTQ,B0749R51B1,4.588189469525319
AFR7RRVXPNEUTF2SPXIQXGQRDUNA,B008V1O0IS,4.146026806972905
AFKXLVV6Y223XWWFAGFRH7ZG5AVA,B00009W40L,4.715971080509947
AEPLHCEMDY74XNN6GUSZWQ74YQEA,B0BCHG293C,4.582487350402834
AEMISRDYQCHSNOXKV6TQ67X2TIOA,B09TR38L5L,4.460274040669853
AGHMOR4A4MZUIVGIMRCFLGWUSTXQ,B01N5KND14,3.993837329427781
AEBS65ZJ4QFVZJFL2GDRDMKLIC6Q,B07FFNXF8W,4.617219981227824
AG3S4FROO422V5KP7DJCBXVUQLJQ,B0002E38UI,4.947778528561093
AHINZ5DFWVRC5V2LUPSDRJFO6P3A,B07K8H5FSX,4.482665418809369
AHALYOX63S6CACZTHN7R24RVEX2A,B075B1J56K,4.548206028453496
AE4URMY2E5NTUACMDOMZXZPFJDWA,B002QZ402Q,4.387302956190153
AHCDHPEM4KAB5QQ37YWQ3NUMU25Q,B07VLJ2TXG,4.453270852015095
AHF4JEWQEROLVQZJJHSI67KKWTFA,B00O9S69BI,3.1925829449138203
AHDF5QL5Q4ULQN46WRCHXHYHXO6A,B0927PV9V6,4.581644356440318
AFZF76XTGJS4BDACJ3OGTNMZSZUQ,B01LYJMH9P,4.588681881203235
AHT6CZ4BD5P4I5VNBHCIT4Q2XIOQ,B0BKZ3GCGR,4.672646103112811
AELQRDWDYF4TSS63UZRNJ6D4YQWA,B074KPCGYL,3.696206658060173
AEGBCPJTA56WDBVUJIEJFWZG5OVQ,B09V91H5XM,4.494819446412489
AF54HMG2ULNSYJ7Y34Y5HSKICFVA,B000BUBF6M,3.6925429549354103
AFUTTKU42VYSAO62XUBBFGKX5SLA,B08R5GM6YB,3.9014523999791484
AE6ITZOLS4L3GX7SO2EVSZ6OP3BA,B0796CFWKG,3.7729201194656388
AHLT67F2LH3MBY7LX35LYJL7RSDQ,B0C9NGP88D,4.815342850319049
AFUTPGDAL4QUPHCACPKBRQETO7HA,B000EEL7OA,3.6853379762432654
AESCE6MX7H65VKLRAXRSEJTB5TMQ,B0B8CF62K8,4.922173065426868
AHMVEV4AJPDOUQ73DMD7FMFIWOGQ,B0BR2G8WYG,4.290900866209277
AESILTLC6225Y5HLJB5QVMYXBDMQ,B004CLFOK4,4.423056701483368
AG5ZVXXHEXDYUUODSEQC4XXV7DPA,B07NKMZJ5M,4.939326732744373
AHFN5MACWZPKYN3B4DZ7ZLGK3J4A,B06XPNRNF6,4.314396472506053
AH7LMWVUNU47H2UGVA5YL54LYT2Q,B0BK6PMJD2,4.401646454440693
AF7DRHZN7CDCVGL5PJPIADURT6KA,B01DMIB3CA,4.59762533618569
AF2HJDLUACCM3KD53SFDC4UXOJ3A,B088WMVDZB,4.288670572779173
AFMJOKJ7N62TYTB4FMPZJUJQSTAQ,B0BCXRJCL2,4.423368836617231
AH2O3QU4KENCEUNWEIUG6O2IXYLQ,B084RPXXBQ,4.50598659070052
AH3LKUHBM2UJSVIOJ6E5ACAQHRCQ,B07QXDH6HN,4.561001621083902
AFTPUNQ4NGIKJHIEUAFA3GQBUY4Q,B0BR2G8WYG,4.84144507659746
AHGTBVKLKSVZPI6FGJH7XYUHSEDA,B01J52X9UG,4.242738563691248
AF3QD6BGMCYADLFK4DMKZS6OZKGA,B00SDLZFFS,4.6836928901034485
AG5AHJEHXXLCWZTSYXJO4SFUPGOQ,B0C6J1BN77,4.5901880223497145
AFBLIAES35IGAZQJZLCLOWAS3SXQ,B09SD4CD5Y,4.541278925511072
AG5KQ4QD5FRXYAK7JJKBL3Z6RRZA,B00X7DDGBW,4.428516295143001
AGULNOJI6U4V4FUK2EYV6CJ3H2EQ,B00F0GQ8QE,3.5979562335316535
AGXZUI6UMMRVO5EEXJZUOWJFFPHQ,B00RX5HQS4,4.506048740698219
AFE5ST46VVB7RX455VBMCQKKU5PQ,B07V8C74S9,4.806795918236367
AEWSA55RYTVXGVCMPGGUMBHJKIMA,B0721LHDJD,4.238413908187972
AEMJC7OXZIKFZOZIWF6ZIOAAJATQ,B07YD57169,4.639406065959158
AE75QLRJUIWMVYPI36WBEVBU2JZQ,B0BKK8N4HQ,4.037514511807899
AES3GEKX6ZMJZG46HAXJP5WYMIFA,B0058MJX4O,4.512990947229822
AGOHUZDWB7HUI6NQOLEY56QG6F7A,B0B6JP6KZ6,3.561634344458497
AGG6UQALZBTMJJ6CVDSHOGWYHIBQ,B071L9FKNZ,3.9123129354731314
AESUWA2UPKIC7PXXIMI5AJI2DG2A,B0996R6MFQ,4.416342567309642
AE5BBWH4LVBB64GNWI3OYK73YYDA,B094FDSW2C,4.1650281090970385
AHIY5JCLWOQVYAWJY6W7EB3C52CQ,B06XV9J1DD,4.880644614614573
AGBOR6PH7AXGNDKU4UQ5Y5KF2EXA,B075MXJXYX,4.749069689201323
AEXL5EIHZE4PJ22225FWU7RBPLCQ,B000E0TVDI,4.248392925221575
AEQJHICBCKYVFPI3SEDAX5GHCITA,B082NLXYBL,4.907512178683562
AGBXV2ITIUNKFPPCLLWF6YLF57NQ,B08D9WNM39,4.18804499351317
AF5OPCBDJUGP5FPKIGCQPNIYCIQA,B0002D01K4,4.76044499987843
AHL6FWCH4VJV4DGR2NDNCZ2GFK2Q,B0832WNN4P,4.361326194168781
AEVFWS7JFEKHYDZKH4SI5YDSNGJQ,B0B1DM3XD8,3.7413832018774813
AE7ZTBUNKGJ347SZHE3B7QAJTNGA,B07CBT4SYD,4.177574639559558
AHFZAFS6N6PCSICYG5P3BEEBO57Q,B01EQ6LDCM,4.1737521527573636
AEXZWQINYACSZXKPYWXTVBG3IZFA,B0B28ZK2NK,4.9060679348014595
AE6L5XPMAN7FCPWHMJF4COE4HU4Q,B07S61KXPQ,4.674428402513604
AFKXLVV6Y223XWWFAGFRH7ZG5AVA,B015HG8E86,4.968080034356837
AEXYJXWBE6RJJWH6FSJQLZ5BM7BA,B07MFYHKLH,4.574508474138607
AGC7JK5YYGE5T6XIPGSIRLNKOUHQ,B0C1Y5KJPX,4.074854458915131
AGNLHFQGCYCHERL2WXDOFMHWIIZQ,B00HZH4D04,4.768360126007598
AEM3IWNBZTERT6RQFK7KEDL4NZVQ,B07G37S6S9,4.777644378465039
AEFPHVJL4U6PLUZT32SZCAV244FQ,B078KTV8L4,4.420417104223884
AEZ43GMRWM7Z5RJC7MKYGQYWADIQ,B09NLV5LBK,4.335695770298496
AGHRZX6QQEINSDMUBBXHA5JQFAYQ,B09857JRP2,4.838325656925731
AG25SX4KSZSNKETP62HEK2GAB7HQ,B09PBL98Q4,4.532881740826214
AHWU6CCZ2GHRUXSYYFHWQYUASDIQ,B08Q36MHJG,3.8769897952597665
AGKKQOI7JPGFA25HGLVGVMC6QBGQ,B00T3GL2XQ,4.640315580637246
AGXCV25HDW4JXI5QQSJTIZUHPRHQ,B09X8TQNNQ,4.289307178415031
AGTS4HKNL43FZW3MZMUNVRYLBCKQ,B07Q5G54XF,4.366017570518149
AGKCRUJK7URMDM2CGQGSZWH5KC5Q,B08SJY4T7K,4.283920991059307
AFPQPFMGLESPNSFDMVCZPWCGDAFA,B075R9DNGF,3.9031393863900075
AH55IBNS32OBFM37T2AUX4JR5P6Q,B09DR91XCS,4.69838075999351
AFPQEZKBEMAQKRZIX64WX73WICUQ,B07FYXMKP4,4.732905948800715
AHOBKBVHEAT4KPRVI7TYTF6MEJXA,B00IY0BLB0,4.224938813333675
AHXC7JEUXRETZUDFXR3SAD336P7A,B093YKLWVN,4.571148013376552
AFDLRPTS3IT4XBACV2J2GFLWEHXQ,B07YM5ZHS9,4.588752466465983
AEQQOWGNLMIQ4QJUKX3PAFDQ3TXQ,B09NH8PG5W,4.637091379100191
AEUGDXOV5ISVKRHJ5HUEVRI6R6CA,B08R5GM6YB,4.483695866439861
AG3522I4PO6OL7CJFXNYDZB5EUSA,B078MHS3SC,4.100117958430976
AFSVH5BFJNLMW53ABDVECJKIXWOQ,B0771NSMYP,3.4925137644945936
AGPWFIBAUZAC3CMJUD73YYJQ22OA,B00DKAQGTG,4.303762390951377
AF6LBRKK5RSD3TBYPDXMMDP3PX5A,B09M7DPHCS,4.790299954550424
AH2KNTQFU4DWMQIMTDLFSMRQHRYA,B003HGFRO8,4.723717188907383
AFR6WKFQBTKBG7HH7MOIHP7Y4IJQ,B00WB2401K,4.9138280133741885
AFXADZU7WCSR4KXGS35Y33INRSNA,B0B8V7C5N8,4.411119319409956
AGGUQMWTQHAYLFBW6QND4KKVV4XA,B00B3PB0PK,3.94206602217057
AFJJWM45JXP7ONUSAYQWWEIVDLDQ,B07F5PX9Y3,4.930746813145927
AHKYSWGAUYXDRDRDVPJF2IXTBQBQ,B09857JRP2,4.861980528108311
AES4G2G6GLODMHQI3OWXWZKYMVUA,B09V9172YN,4.357301162171682
AEGDREA3STZJTUULI4GPQOPIUQLA,B00N4ZIWN0,4.3653369542593765
AHPE2VIQMN4QQMY6FDOBTI5MDHTA,B0BSGM6CQ9,4.5889184916813
AHSBOSQBGM6R25L7P3EM3KG7QXWQ,B07QL85Y56,4.414017455573351
AGKYAVDS6LE7DD2FVDSRKE56R64Q,B016QUXTZU,4.5371680234406435
AGXCV25HDW4JXI5QQSJTIZUHPRHQ,B004OK1G64,4.214508986521327
AGZSQYZQTPMYEMP3XJH7WU5VQARQ,B00T38U7HQ,4.652013846632726
AHW6YFBKYIN5XRPR3KVBB77LKNZA,B0799734T4,4.617848514145944
AEMJZIL5Y5YRX5JNTZKNOV3V23AQ,B06X9YYRVZ,4.25449411535363
AHMM6WYPXJDZYF3U7AULIES6BPRA,B077J6ZGD5,4.515536613452272
AHK7LBEMWADRVGREBBS6ACHQYFEQ,B0002E3D9Y,3.902815958818966
AEEATBN5EQ44LM65IAU6S4GSBWHA,B07RRQG6LJ,4.635178214220244
AFFRCOTU354SFF2TWTMJSVJ3T5HA,B005T800V2,3.621290378740696
AGZZXSMMS4WRHHJRBUJZI4FZDHKQ,B07S9D9JYN,4.060552418493723
AEL7BTGBCNEOZY5WN6HLCQWCBL7Q,B00CA89IAI,4.553632486670978
AFQBFVHUVNE6ESFITVXT7ICA4P6Q,B00HZZ60T8,4.822466144703268
AGCI4677JEAQIMY2DOT3Z2FVHI3A,B0BT2Q355P,4.674563097736728
AH2WNIY22BZFD7BKGOHOC4TM7EPQ,B0B927ZR1X,4.15708518268124
AG5G4JJOBDKQSOQSMBRVR6MJ3VGA,B0195NQSTO,4.756893255162417
AG6VKVBTKQBK7PBRMY3YIQL4HWHQ,B089NJV8Z5,4.312761592658228
AERWH5YEBILRHRNUYMXAVAHLIFYQ,B004GR9MOI,4.670018484571182
AGNEJAU2YSULDNEJHFJKZ3WLDIQA,B000HZGFMA,4.238591046567537
AE7P4BKELMLMT2LYFCC3FZMFC2TA,B06XBB9FPF,4.516278236457002
AF65N4WSTNBO2V4VJDML2RE73ROA,B0B52FBC66,4.945205221532843
AG6HOO4VHEZGO64JCVOGXTI7OPAQ,B07SJHDL97,4.726304502992057
AFBFIVH32NPCDO5PE5DKWZXDKA5A,B003YJQX1O,4.309773538541772
AEG7VAZE2DPIKLI54MUNPFDK4PNA,B0002GJGUM,4.849737262240344
AGTVWLQL3Q3XMAIKFJ35ELNANSTA,B0CCK4YYNM,4.578535013189423
AELB6HYZWMIW76ZECZ7WXY6SON7Q,B003RPK4BK,3.2922576949543707
AHLWV6FKLFZU7O46CIC4EPMK5NQQ,B01D4P2OI8,4.690995422046372
AEQJ4C6IRPWITBGZ3PVJJB6DLW3Q,B0C1MHGKHN,4.418447346580795
AFFC7LSYXECAEHCRLCLBMGFCVWDA,B07Q6P5FNF,4.115243790280988
AE4GDR74FW232GB2EN52B3DM3L6A,B09PGYXPHV,4.4718587992786425
AFSAKXT76KFR6MLO2EMI6ETXOAGA,B00HZH4D04,4.584525948838827
AEVCUMPKWQKFIF7NYMUG2XSYL6QA,B07WS2BBVR,4.339943935834631
AGMPCB3TGA6MNNISDWYIOGQETCWA,B078KX8YJD,4.807630335705671
AFJ66RVSHHQWD3MZRM6JNQB5NGXA,B09Y8KNXP9,4.562575406150761
AHXBHGYV4SEVPVSNIDWNFSZ6AECA,B091MZPYBQ,4.487646995196444
AF2ENGUTLYO2BINRBO5JEA2NWYUA,B00MXUJ394,4.651239744225965
AGAW672ZXYYIKQXOGMTBF5INS2UQ,B07MZVPJ4Q,3.8773765628810146
AFVEPOZYED4XUGN743TM3RQAH3BQ,B0002E51UI,4.71017319366373
AFAJYIWFPZCXCTA4UQV74N22SKKA,B00O5ELFU6,4.655478014145167
AF24D5VEYMR7IXEOCC7Z2ACZDD2A,B015JTEBN8,4.547760761971132
AH2P7BA2OBY6D4KRCOGP6ZEGPT2A,B0BKZ6JR1L,4.203808370012137
AF63VW7YLF42A6STVGBLACD7RUWA,B09PWCF6T9,3.980479034464657
AHCHW2CQHUSBPPNXHFE4RPGIXXDA,B0007L8BQW,3.3847212279371965
AHWVLFKCGMR3ZBOMSNM4LWQINLTQ,B09RTZ26KV,4.182206242858879
AGEH26RB4Y7AXDGN3IL4UZ7PO6LQ,B07VQ6ND1D,4.874011841227302
AEJ354XETZRIGFKZSCQ77RWYN2ZQ,B0BK6JCZ9V,4.3051209493049605
AHSKY4JX2O5XMG4HYW4IEYGORSRA,B09SD4CD5Y,4.397090972553311
AHHGE6FWXCATJQMU4VDV32VNM53Q,B09YXXHCCZ,4.451084744958599
AGMKPH5IY4GNNCOARIN5VKYKYJNA,B07B8WL33G,4.71925146807776
AGEWQAG36O2T7UQULMCPTXYRXKIQ,B09BGCRS9T,4.929962736055096
AH6NR2Q7F323VVUTIBCZA27BPEGA,B06XFMY9ZB,4.2425727445863854
AHYZYJHCUREP7YXJBMOKBX3XGGXA,B09JGR9ZG7,3.8386939498718817
AEZRFF2AWH66Z7KRPON4YBGTPZAQ,B0BSGM6CQ9,4.396963365520738
AG5QJWMXSGR6QK7CTCJKXRD7OSOQ,B0889BBTX7,3.420432650355112
AFH6VTF4HK7G6XEPGKMJS54HS2BA,B07F3TDWSW,4.692025052117301
AFODI5ZOLF55V7ZZDXCX5RYJUU2A,B0BLLKKFR8,4.7642889104816994
AEAFQYME2KKDDFIA7IJGHX7Z7GHA,B0BBT9T4PJ,4.882936206506818
AH5JR6SYFSYSUV3LIPKY7SSMA7IQ,B00M53HWQA,3.794825162797313
AFATLLVPDSAZLT2HUI7VFWHLBV6Q,B0C6H9T5T6,4.446591592103669
AHPMJNUYUX4QOZCKLN5R34BB5EQQ,B07CL6Y82R,4.89963231603581
AGLS3LXZRF3S6AHDXUNPUKPFSFSQ,B00LYFFW9O,4.662071022347413
AEQTZ66XVTKZAJLIQILNHY3FDWCQ,B075ZDCFFX,4.822027341693718
AGPQAFCHG2MCVQQ2W6UOOUG7DKVA,B0BTC9YJ2W,4.092670639077127
AENNORCDOTT2KFT5WUIK7PJ2EXOA,B07KRZ1HH8,4.53091727001522
AHUCKAEMSP4F26GMTI5BNB3OBZGQ,B07QS26TVM,4.1916125792302505
AGEVFSIPLANARTZMAXHWIF4W2YYA,B0BHSG5C3G,4.75677562547709
AEBII22L2OFKOYGXYC3PYMQSVPJQ,B0BKZ2BPGS,4.344101427193046
AGEDVIBZ4U3WNWUYK2VKGDJEWPNQ,B0BT3D5TZT,4.702669883428738
AHSUVRZ5X445VSTUV4NS2UYSPNFA,B0BT8FDL8B,3.9218472106213067
AEDDH5EWHB2XBARG3BIJLUMOZGCA,B01KDK4VO2,4.929890378300624
AHJUQQX457HFPPIOXQ6YYNNB7SKQ,B0006ZXFWO,3.3633052029988946
AFBE5DXQJ65JQOVBLSQBU6VN3G4A,B014GR0KYI,4.462783466537246
AHSKAICVSFGCKQNXY36HSJ2NH7JA,B017NT392Q,4.461266186156571
AFV3QJ26JCDGYUCCGROO2SZ5ZX2Q,B0051M6J48,4.148702436573233
AEGPOBKV7TLHDCJ6E42JVDKOBE7Q,B0192F765K,4.6725521938645835
AEBF2QAX2TLFF4T5ZKMXAIRKVSEQ,B095QBH5ZB,4.068582928422684
AHNO2QUOKU56ZIYEZZHX7PEGY3JA,B01DK40R3M,4.16859789924377
AGPIE6PK5ZJKF6C4NB6NDPSAZQ2Q,B0BCXRG3QQ,4.876071190298103
AFMTD2O4ST2NJG53TQ4LIVG6GCEA,B0B2QG44CZ,4.488536879169773
AFEH255TPEXWR63YIUX4LVP6SKLA,B000TZTPQ6,4.419000680382893
AEQ37F2GDPGB4LVQT3QVPQSGP5MA,B09MK4X8YN,4.376534085440861
AHDRXYOFULH6PJHMYGASCRLETELA,B00WJ3HL5I,4.585949668817262
AFUHM5DZ6UOWY4JFKOEVWX6UNMTQ,B08SJY4T7K,3.400686555847763
AHF24GKKXGAKQLPBYVZHEMHHNQDA,B0BT855NFQ,4.433466838470002
AHL67QIBKSTRQMFTJPJK3RJ4KJFQ,B0002D0MI0,4.002484843830654
AGPWTBAKWEXJIJLZXKEV7T2E37AQ,B07TDNWYSB,4.189561137785393
AGIRR5URNJEVZXCRP3HS6LQKIEIA,B09S2VB3KW,4.793643087483555
AHD5N6UPSIDZ6H4MKRA62ZYJNCGQ,B08ZBSMFFK,4.871159338201087
AEFJCRMP67BBIQGEYO3XDHVQDUZQ,B017DO08L6,4.326870585877376
AE6B3FP6UAR66D3J2MIWDAKONHWQ,B09BF8XDF4,4.519560749259686
AGSY2FST7UU7SSOBJ3HCG2NJGNSQ,B07K58QSGC,4.816740106937045
AGV63VVUG26GQTNG2GTJEAFVC2JQ,B0BWVR4S6H,4.188022255740295
AFGRWJPHTOPNJPPXZ4A667EBHMGA,B07L9RKT41,4.911227097774364
AH2QKH3MOVXR2DHAUY4TXMFFLW7Q,B0731XJ2WN,4.689012672699571
AE6FEBZWJDO4DJDWIDCRXSMFVQCQ,B0002E57D4,4.262688750820726
AE5NWEATKNGPC2F5AUDU4G7COV5Q,B071GTNM6D,4.602300136065924
AGXCV25HDW4JXI5QQSJTIZUHPRHQ,B00JL5I70K,4.350485968881088
AHNOYSM6BGMCXVETNQNOKQBSXGTA,B098LHYD3K,4.67331542125277
AF6MVWJFHQT2OX2TSWXSU7L2D6XA,B07B8WL33G,4.815016006388009
AFOOSGLWVEYRI3BTTAYUZZRGPLFA,B0BX8HZ5RH,4.3475787616734545
AE45WDXXXZ4KORRG4QC26I6TNVSA,B003AM913M,4.661441925843332
AFV3FCAYHRCOC2A52AGKK2RPPEYQ,B09T82W1SN,4.712874516815868
AG4NUQQOZOZMVC2NVNLWBTIVSOBQ,B001FSZR4U,4.3624383623334015
AHX2MR6NLBEPURAZZUYFARJVHSEA,B0BFKN3472,4.735914663010903
AHITNRIG3XWBTZQ6NIWR3IIHA6PQ,B07N2WWT61,4.558994180595935
AHTFYXTJ7M7MDPVFP7XOP5HNVIGA,B0BR2PXCBW,3.9976721785022997
AGPV44OWAIBX4EIPZYJSXLQPBZGQ,B00NTMTV88,4.156193506717914
AGWJ3WOKO6JPVGAPDSYZJCAOAD2Q,B002P9LCYM,4.573064155678511
AF3TUPL3CN4WOARNMBEUMEFEJW3Q,B0C6ZG7MQ9,4.350068722433111
AEAGSWW4RVIR4L5BH4MVOV4X23ZA,B0C5PRQ9K6,4.930735951501571
AFXXJKOQ7QN3VZSVKRMAKB4PSKYQ,B091YFQGCJ,4.878247721028869
AHXPMQ7YOOHFIKJKAKBCJ2AF7UDA,B071X5GC87,4.556472640548895
AE4OL5LGNMZXDJWENP32PLH4KXDA,B01CL3JXLA,4.439837350583881
AFJ6BNKTPZQXGEOAIOMMCSESJS2A,B0C6HXYY4R,4.893516889461024
AHV4SKXGCWKAT4NRPWQDWERJQLXQ,B07J5FVQNT,4.747927422873511
AESTCLTPG2A6OTAH55KHCMEVFL5Q,B0839119FS,4.046246277344199
AHSCKDESSXRZL6RQK4FHOFJGDDDQ,B00HTWQWFO,4.080194853776161
AEWNI7WO3QS5KWRKBAB4FLWGKYVA,B0B4WPYKSZ,4.8482657955250925
AGJGTZRZCLFSCVVMBNDXVPHSIHVA,B00JJNFP54,3.6528449081669674
AERO573NK4DRWCKS3JJ53TGSMB6A,B013ZHK4DM,4.752848477711661
AHF4GF6ZASGEYRWYWLW2U4RNN2BQ,B00UN8PH4I,4.136527376646748
AHLFYDRLX6L6LLJ4L25C5XFNEWKA,B0BPKH4HB2,4.3215171643463615
AF7QY2ZO3X4CDJGV4ACGHYSSUMAA,B0799734T4,4.644673509614808
AFCIVS44DHRDBJKC763CZ6ILP5GA,B015QK3GUO,4.678809388473438
AG4XNEAB4VFRH7DYQWIJGL75KVDA,B09RJZSQML,4.878001177728374
AHEA7BJ6ZQXRD2TT6IZA5D7IRONA,B004XNK7AI,4.7634944458381705
AF77F3QYN5GSD7OBRNXYP5QGI6GQ,B000T9L7W2,4.72465113855756
AEG3S2JSG7WW3BXOWKWYPVSTED3Q,B09WJ596LC,3.9223605247828557
AEVBAPYXHRLDJOO6YH2DMRC56HXQ,B09S2VB3KW,4.672906578556519
AGVM3U55VHWHEJXRQ4IKLK7NCAAQ,B0BSCGXCVP,3.8870311427123436
AGZYNSF4BAY5PVTF5ZPIUHE7C5OA,B07DCLVKBC,4.687255435277498
AEH6QOPVX3MEIJ3RM44DOXH7VTQQ,B07BSHS3BX,4.1671552716671965
AFJUQ54UN2LAAU6QQYZNCTG4HMYQ,B07Y9Z4XQX,4.854918719228609
AHZOWNQENHOHDPK234WOZVMLS2SA,B0775CBC5R,4.58383850222871
AFC4BQEUEQWVU6TXMVVS47XZ6TJA,B003A7GM20,4.923527470143986
AFKGIJLJXTOW3I4R7TFM6RN6XBRA,B0BKZ6RT8Q,4.110777674239549
AH246HVN5MKGWAB7PMKHSPDREWOA,B087D91DN4,4.642912887566636
AG43KQOKOO573AON6M3W5TYWWE6Q,B097Q9W8MW,4.7902528837473
AHWAHTNGQTZCXBUPWH5G7NYST6YA,B00DCJ9DCW,4.030679724312014
AG3B2CFSOW2BJ74UFTCSTDLJ275A,B0C5RBP34V,4.099266100514583
AHZ5CFCVZLEBSPWWANJBCHP3B4AQ,B01DPCONFM,4.7042044890491965
AGCPST7H7JLEUJIEECK2H5MYWOKQ,B019NY2PKG,4.223014831703374
AE3TDVF6M5MAB6UK34376XCCHBBA,B01H8E58SY,4.895693428235394
AF3CM6ZQAJLOVS3UW3XZORVEGVHA,B07MJQH1LT,4.559376246803211
AE2G7LHNL4YQI5EQHO6RIGHESR7A,B00Y0CG9YA,4.4066855871480595
AFZUK7RCANY3O3S5Y4CUJ236A72Q,B0B8Z76J32,4.835711839087123
AEKUCQMVDAHN34ZQDYMU7PNBZR2Q,B01LWWYCRN,4.421604929615513
AFBSCZMVEQPP4CQHLZ6LYUB32UAA,B00IFOTSJW,4.782466840860959
AEPZV4R6ZGAHXLDCYXFBFQREWO7Q,B0002OP87E,4.939052480966177
AG4N4RGBHZCUXXIOISMGZ46VSJNA,B017AFVU7Y,4.507016265636847
AEDZCUIOKFTDVAQVJHQ5P2TU764Q,B01A0D3SSC,4.443547329785474
AEKQHCEMXQF7OW3LWKVAYJJHNZKQ,B002LTFTO0,3.838843722611471
AETCDHEOKEQREMRIBZJDTKL6YXQQ,B08T2DMFKD,4.674240154730146
AFURKYEZVRORWYCOZO7BPR2U65XQ,B0B2Z13RCR,4.41322581274625
AFRWXBFR2HE3ZHWU6QFFGSPR2QXA,B0BY8SWQ1W,4.421920272423906
AHDBO7QJ4EGECUDQKNVAW32Z3V6Q,B01N5QJ0LE,4.724905242941864
AEJVWNXW55ISA3OATOA64QX5WXYQ,B004XITWCM,4.571580261663593
AFQJOUEBNCCZXFELH5UR3ADP3BXA,B08KWM37GM,4.848792879852538
AFZ63RGQSNBQJQJQM3MHRBKRGGCQ,B01DECWM0G,4.435563266887563
AG5N7JCAWUWY2YH6BIGJC34EG4SQ,B00M9BSZMI,4.333171085636442
AG6GAO6LQQXN5N4QKX3ZQPLIYXEA,B0150YC54E,4.671483399386972
AHK7B6UG26R2QW427SGYW5HW4EIA,B07X624YB5,3.988690155759124
AHT7ULEGSWNWLMFIENNTIELDXKUQ,B075R58Q4Y,4.646154492849772
AHJZP422GCGGNTVER7Q3GJIR7ODA,B00V8URXSS,4.181845233030987
AFXTOZFT76UHKIYU7CZIRAKYIK5Q,B08BW2TBD7,4.3997824542327315
AHKYG3ZX7SWW4K3KHIXVW5ZLMNJQ,B016E9HCTW,4.397944648778995
AGBC6LK4N4ANCY7GPBKSV73XQK4Q,B07QYPY3PC,4.2072534163652815
AHSBOSQBGM6R25L7P3EM3KG7QXWQ,B0BCXRG3QQ,4.947959624486138
AEQZCIHPL376ZN3LRVIK7LKIO6IA,B07PFM41FN,4.779059999819409
AGKTHO5CAI2NK4V7HSCUIKJLYX4A,B088DD5M4V,4.674940725567847
AGAO3DXMEMNWQ475FJA6DEPJDM6A,B073ZH1FNX,3.7384297010157264
AF3BR6FQAGUDNKNFETNSU3KKHBOQ,B082XMFWFK,4.948909881096573
AEOQMBKMCAUY3EQ2CFEYDB252GPA,B000CPSGD6,4.393295851474578
AFJ6THBTHGTJWWK7OIW2P2TWSBCA,B0BYXVCSGG,4.152936555611524
AHOAWBCSTIAMPQ5NXRG55NPC53XQ,B0B7C2NM84,4.225847116232629
AE7ZIKA2CKZOIKONML4BJ22X4QYA,B07CYRYQ8G,4.497527481924434
AHXALPBICGW4TP72ZXYN5AHAA6NQ,B07CRMZQTF,4.870418477201712
AEZUZF3QBV2XAOXEPVACVNDWYTOQ,B015I0WXAQ,4.035139893832394
AESGJFLYGVHQNH46NGWZI5NQC62A,B00GG20DJ4,4.618433102015837
AG3C6CXDXFVZO4ULKDAQDWOMKMWQ,B00L1E6NR8,4.609022508699292
AFY45KTDPSXXG26TP6Z2QFJZDIAQ,B08XMGNB3W,4.463856960698621
AGKIRTDMGIQN3WRMFLQSKXH4CVJA,B0794JD1DJ,4.739376641030518
AE7BAST2UTRFTYAP7V4OONCCFQTQ,0879309210,4.878347599869384
AEABO4WBVLZ6J3VVOA5XDJ7HDBQA,B09W9ZJBKC,4.486157757427572
AGG3BYW5FNAOLFRE2WUOT6LNHBDQ,B003GEJ5J4,4.393863126864984
AEIJO7WWMCD7DE6YQAFIB2L2QGZA,B0742RB7JK,4.873903764366865
AFURKYEZVRORWYCOZO7BPR2U65XQ,B00IFOTSJW,4.279523290034447
AHT742VUDQGIVZSKPHCKEOFEEG4A,B09T8HDBYK,4.5365852766137955
AERTZGEIDREQYMZTMBUZQZVGDSWQ,B00KLLKE04,4.198275421585645
AGCLXVSLJN7TUGJI6YWQW46XEJSA,B001E0CK3K,4.841941288999216
AEQSMBSD5HP3LSYXFGQW2N3Y3CEA,B095M2K5KP,4.29887021123981
AEYAJCNIHP7FW3URXY3AOLYTY2WA,B001XJBWXG,4.57652324622366
AHYRQOSD7KNYDKRSURB5B4HBWBUQ,B0BKZ5DJZ2,4.906984476068557
AHDIPBNAP355S2TELPMBHBBN5TEA,B09G5KLKX2,4.600117531048859
AFOHCSWHO2N27LSXIATOMCFZM67Q,B00FUTXO8G,4.497034497591647
AGC7CFOW5DZ4EX2QVNP6ZRSDDLFQ,B07NST2LSB,4.779294669796293
AHNLWRU4FBQBR5KGHFV6OIM5DVBA,B0BKZ7FHHW,4.594695139214259
AERLXMBYKQGUWBDDQLVA4XX3R6JA,B091YFQGCJ,4.668384721992593
AFQKAEURQDE3GKD4HBW4VDZOZ22Q,B097Y8M21C,3.9055492813805825
AGWVA2PPESBPQ5XK32DPGGH7KHRQ,B000M74WXM,4.182260901406614
AF6MBPLQMTFYIPFKY6PQOH7WCKEA,B09JC3Q3TH,4.518855662481625
AGX24YN4HZ73DCPZH2VCZ36MDMIQ,B004OK1G64,4.185649117385664
AEE6H6VC6RTWJS2RMXUJCDPOY6NQ,B00TV90MT0,4.248564041160923
AHGBHUGSYBGF7ZITSQXRPZESB33Q,B0B9BP315L,4.754662124456139
AG4ZB6GMF5W2K5OOBYH2LLQMAMOQ,B077Y4JGQ1,4.664253978495365
AEYM4JF7CX4PXVZX6HBA5ELI544A,B0C5PRQ9K6,4.961192532589733
AFMG74ZXHJ2XIJW5OUELTC5KRPKA,B07B9W2XFS,3.667345932040706
AEJHSV5VEW6DTNUIIQRBTCQGXFHQ,B07HM8Q5FR,4.829301299473885
AGT2TLMLIWZOIPRZ4ZANFYICIKDA,B000K69UM8,4.608480671667818
AFOXLAJLPADIV5NXYE6CLSTBAC4Q,B09HWJRQQ4,3.702388413757988
AHO2NGQECJA3SONZARFPZKKUH6UQ,B07CQQXQ4T,4.872057866693989
AEG2A2SPGLIATB3BP72NQT4MBK7A,B008OEWZ5M,4.367705815548026
AHDMFMMBOWVOTXAQMIV2KOPM346Q,B0158GWWJ2,4.360545740210707
AHP6UXQUXLRXD7ITXH55CBGVBLGA,B003YJQX1O,4.04610684211332
AGBFN7JJDKK3RURUIIXTLESUBSCA,B0B3LLNVNC,4.505162372651162
AFJZQ7ZK67AXFCA7GYLHVSBI4LHA,B012VQ5A7S,4.621767132948499
AENWSEPERMG6DSLCD2X27BGBWQAA,B0BK6MQF3Z,4.024374222801978
AFNPVYGE5OUMBZBC274J3V2UUXFQ,B07FQCQM4D,4.927841523933884
AF6EJYBF33I6ZOJWPS6SKJCN2DQA,B074P6SCS6,4.354879880633055
AHQKYENUOHAXZG6CNSBUU6X7BI6Q,B0064BCRQE,4.944387725967273
AH74S4ZHQIZ2HCY4CYQNNFD2EL7Q,B09BF8XDF4,4.8671374457563354
AFJFIPK3DGPDXQAOPLESEBHIWZJA,B0BBPQGSZ6,4.195982535231104
AHWS7CTKOVDDBIP2PCJAY3QFTZTA,B0BWVR4S6H,4.45400372082114
AFBFEQ63CH3PADWCT52FIYQLG7XA,B00IFOTSJW,4.780037135611844
AFH6AUO7HH5PMJBRBQGQQKDV5HLQ,B091KVXGPH,4.523241198628265
AHCV5Z6U2C3B76UVSBEZYVWQNJ5Q,B07Y7ST6BF,4.899618993385447
AE3TS5R65QSFTYKTSRHFXQKVR5IQ,B0007WLWMG,4.569938276419405
AEHL4256MLAXKYTZGAPQL75WZ6AA,B01F6WIX5K,4.52969508988817
AEZWO6JBHBOWFWDD3SHY3TPNB5AQ,B06Y6BCX7B,4.040208619139076
AG4IBVQSLXLZFIBFE3EDMOJMVLHA,B0BHSG5C3G,4.661829901960583
AGCBIRCCOOCRQVVCM3LTOA365FNQ,B07M81HC4C,4.0831116990171035
AFG6BOX7SFWFTWNRMO7LSMDLA6CA,B079Y7XKW2,4.620877480870776
AGVT5E2C6WNOCFYSLOCPAPBJOIKQ,B08F93KSDY,2.8325542409945603
AFET7FPF4IJYOCCCQBKKGWLYEETA,B00A7KC9NO,3.7667933136599423
AFGSM2IFWCMZCPCORIQEO7SGXIRQ,B00B9060X6,4.089776124047731
AG4WPSHRJ7W4UF6IKZJ2FMYUVGCQ,B00G6CMP1S,4.103684592217988
AEH5BNAS47KL2BMWVV6GKD7JDUDA,B07NBMCG9T,4.041350322374407
AHXYSMCKABR6O4W37Q6YIF6NWVYA,B00M1L1ADM,4.7372857565339554
AEWH7JMFZ3SQI4UE3DU6VRYD2BGQ,B00L9R9YVO,4.282460470214306
AH544NICZBHWPHVOLJZNMEQKS6IQ,B07NDJ1HSG,4.745053169796
AHGRMWOGEUJ356QVBRO6TVVJWI4Q,B07RYQ1X42,4.531634265615283
AEINHEPGMZVLGFEWFQY5ZNTKS3XQ,B09DYS2DDT,4.17356028808601
AEZTH2WTKDOJPZIT3GIFZ62OJLSA,B09R2TMLJR,4.807392786229846
AH7JAXK4CMAKGB2I7X2BIW4OMXGQ,B09S2VB3KW,3.946510672455085
AFKTMWUJ22FQFWTT4V3IKQNJWN2A,B017NT392Q,4.3941803119574185
AEZRDBBVRRHFM2LTK3WW4RJNHOQA,B00E8CEW7I,3.984905899524521
AESVKFHONG5B25UZH7DRJ56ARJJQ,B005EHINSK,4.872853866641723
AF4MGMYWV6VLEQQ7E7M27JALDF3A,B000M23OQ8,4.436406671487474
AH4MENCROTJQK7T4D3NVIK3E7KZA,B0012BPMHW,4.784405902736927
AH3RE2HDYHA7C22F5VCYQLCWVDYA,B074T6YNSK,4.471279605411432
AHSPUN3WFKKPR2W3B2S73NSYFATQ,B00O2BISAM,4.165595305284615
AHDALDGFNPUZN5ZQGSPWZPVG67KA,B01CFNML9W,4.818694809919251
AG6FYGUMXO4TSTPFWPFTNHJXC7WQ,B095XZJ99J,4.945994856329801
AGOIXNAZLPTROLAJK7A6AEFKB3OA,B014F1UKI6,4.6914144033561085
AG3LFN3BICH2V5RPI2XFRKQSEDZA,B07DWM2XSS,4.784253004538057
AGI2HHZK7SWM76BROAC5EYEFKCKQ,B0951C4RGR,4.370073010262471
AFBEGCILG53ZZXPI6FF5UN6UI3FA,B019ONS4TC,4.8535898713612085
AHLVMWREGLYAOXZW3YPMPGU555ZQ,B0048F0QWA,3.6423725308364396
AGSUZIVP3CBSFA24S3UGGREDGYCA,B015TBAAT0,4.705405418537561
AF3TUPL3CN4WOARNMBEUMEFEJW3Q,B01FHM1DNS,3.9438915095545184
AECJK6QUF6XDRW5KDS2OB6TJ4VYQ,B004XNK7AI,4.318726641332317
AGH7F3VLUYMLE52O7FHD7X2B5RAA,B079DRQ4ZV,4.192533966493501
AHSN74GHQIXDIZTRGY2W22DCQYDA,B09JWL3BF9,4.301708069079243
AHNG3NRGEDYO7E44QMYDHMBADPBA,B0731YLWY8,4.479166450631787
AE3LXT2NVT6I4JHOXL5U6D33U5RA,B093YGS1F1,4.244520907660354
AGBX4BNES3BBJ2FFZIBA5763LLBA,B07CQS5DJV,4.73150004154034
AHZL2ZGOCP7VUX4RCTNTTQ7JNRHA,B09PBL98Q4,4.539977076588933
AEJVWNXW55ISA3OATOA64QX5WXYQ,B0BTC9YJ2W,4.927366355586662
AEDMLGFTCQT7ZADAK5CKMT2T2T4A,B0B8Z6192W,4.7633492032792235
AFTBXQNBI6S63NJO36DBALW5M67A,B0BSCF2FD7,4.589093523902057
AEUFWFA3TBVVD67HVO7FOLWNXUSA,B08GZH46GW,4.615582954425507
AFWUY7OEQ3NRSEADRQ6PMRLOLP7Q,B071YTY3QS,4.540735682402062
AGDQCAX573GEXWKTJ4INUD7NSH2Q,B01F543PAW,4.4118630293887104
AF626HHXSBCNSMN7NKVKP6UVWEXQ,B000J4I9VO,4.058512039032221
AFHTKUVUNIJ3R6NFVVPKWDTVX7DQ,B074QKLW4N,4.06801215254516
AFUWIHK23WPEEPBRRSPULFMYMP7Q,B07MZYNZ1C,4.54630532640141
AGSVLMHAE6DKL34BW5AJANZ2HP3A,B0BLSGXGPF,3.928545952709017
AFMXSST3YJL3H5IBCU7JRZGSCMFA,B07B9W2XFS,4.452850982935968
AHXGOXDCTF7J3ALC2ENH2LBGIB7A,B0BXT5BYPN,4.398836008972957
AH45K3P2YBR4JXYQ5TSH52BYL6OQ,B09RTZ26KV,4.233674439413873
AGENT7K7THM6Q5VKHKH2PUACREHQ,B077YJ3H6R,4.382882016348296
AFLMACQKFSUNVBSPPBFXV4AVMRIQ,B0BPBMBL6B,4.653636800495901
AHGYSJ5C6F7YUTGNX6EMVI5QLYUA,B0BK6S7QF4,4.301696628204258
AGHPBBUCMU72JNN57OKEFJ472UUA,B09617MLP2,4.882864149335884
AH4UVAVFFRYIYJIBREZK4WP5NKWA,B08C9YWGNM,4.326043367076422
AEBXDQP3DYUQMQUTAUIMYMOMSRZQ,B076ZSHQ47,3.5819474424710984
AEGAA3WMX5TUOTVJUJJUNPOZVODQ,B07Y8FGXDF,4.4827174477273
AHJIN67MPL7OZPJ3HINXNP7BOCEQ,B077YGLM39,4.653109711103881
AG2VMRQG7CPHKGWNP3TT5V7I4JJA,B0BRQGJZXR,3.5108505156947665
AETYS626OQR6IWDN7UJPGDA4NNLQ,B0B8FSCM9L,3.6956472079954352
AGNME7F4IAJUQ7OIEIHDUXS2IFVQ,B09MBW81X3,4.8310171986998895
AHYKZAUJXW3OCM5UZCKRVHAPQMLA,B07BC8DCC1,4.56487830461316
AHIUWHWGM4ZYDRKZHUNIKOJVLYCA,B08H75RJZV,4.302770591435053
AGKTPA4K3NKKVKX3RHSW7ZBLZEXA,B007T8OGLK,3.8368397979247932
AFQK7EQ7D6ZPX7DJ5UOWB56BZWPA,B09RN7GR8F,4.700616609618572
AGDHBVAVHDE6JTAWUBENA2IXHIJQ,B09DJZK72G,4.6274441510278965
AFZXFNKXADRAUQ2NEDYY267QINIA,B07DGW4H5Q,4.4938692561447535
AHB7NX5MFSJ6W2NWR5UNUFEF7RNA,B000V1K7FG,4.862057659625228
AE77LTJF2VGJAZFPCJYL3RFAPZFA,B019NY2PKG,4.131141984501422
AFELGLT57C4JEDRENY5FBZBYXRPA,B0002CZT2A,4.670175804203447
AEHPI7DGK45GM4JO4PP25BE3RZJQ,B09396NY1C,3.5330394778524647
AETYS626OQR6IWDN7UJPGDA4NNLQ,B0BXT384GR,3.4562516932588525
AH7K6J4O5D7ZE5QZAJQJ7V4JJR4A,B08BJGBHN7,4.256425720867849
AHM6XU5UR2N6ONEAFVPHJKEN4BUQ,B0889FMRNL,4.429528818125972
AG7A4AVEW6FTLSQCEBRIXLGYTM5A,B001H3EV9K,4.189912177541219
AENN7ZX3EMGG3JKILEMJSYLBX4FQ,B004OK1G64,3.9244166228213304
AEYBXANH4M5NRPMA5WGMTLN2XR3Q,B06XF6NF5Y,4.156168259516589
AEEDYZE7SWKKVMVWYZD35VYCMAWQ,B00PR8AW62,3.612424312086741
AFAFI6N2OEHEZMADEFS6BN4XMGRA,B00MJLZIDW,4.286008213434099
AEJXBPZPKA62VIDWND77RDR2LFXQ,B09V91H5XM,4.449618064882488
AFKVQRYREQIOY53LVNLH2MMIMQSA,B083Q5T15W,4.407627837328823
AEFE5OPBDT3RILFM3R3IX7XO7HGA,B09PRKZ6FN,4.8602372711564215
AE7HFNHDMZFWK4FQ2NZDBVJ2LD7A,B077J6ZGD5,4.934592585635052
AGOIXNAZLPTROLAJK7A6AEFKB3OA,B091YFQGCJ,4.895200721028869
AHX3BWXWKDWSIOIANV5JZ6TY2WTA,B00T38U7HQ,4.877355823205571
AHI4HEBT7APLICJPKX2WXSSTEPZA,B09VBWXMBC,4.4522191593003875
AGKU6OTPLHUFMEUZQCKLLC7SU7HQ,B09W9KRSHQ,4.259889749578342
AHL67QIBKSTRQMFTJPJK3RJ4KJFQ,B07RLVH6H4,3.6245914504399748
AGR66GB7J736YGNOEQXECJZENQXA,B07D5W5X3Z,4.846134759018586
AGQ5FPALHWB627LAP4WZIMIWRJUA,B01J4PU7TK,4.4750015217623655
AE3SOV2D5KXSUM3BXEQO7HXO55SA,B0BTC9YJ2W,4.811624602519502
AHNICXK2GA645SEALR3E762ILAYA,B0B8L1H6H5,4.779329102845504
AF4VAHTAJUP5UY6BOZG623H7KOEA,B000VBH2IG,4.289971625792142
AFGJOLXILLOCUFG64OFU2FQVNFOA,B0BSCFTV2G,4.75916925850603
AFFES2GI2HRUKJ666T7BBGQPICXQ,B07BSZNKTM,4.595726362099
AE4UJ34DIERPH2M4MGBRWATWJY4Q,B0BQ48G9Q2,4.802065591160273
AFH6AUO7HH5PMJBRBQGQQKDV5HLQ,B09DVHGJSG,4.372934349041849
AFWB7XHYZWK7SPBQRQZQSO4YXTAA,B0BCK6L7S5,4.531823395237963
AFLI3BM2AJOV7JK6P2CWU2Y3QFQQ,B07FYCGSFJ,3.9122724966487743
AFJ7FVPPYKTZGX6PY4KNUJQ7OOMA,B06XXRRGTY,4.557861713063446
AGXTFGO7KXIW257RRFLSA3C5VRWA,B0983RZ6P3,4.495267795261247
AHGYLAWJXRB5F3YQ6Y5HRV3GY4QQ,B000FZ1KF4,4.080288927624671
AH5JR6SYFSYSUV3LIPKY7SSMA7IQ,B0BPNHG7M2,3.4889572001704905
AEKTPUZTC3F4YZG3YAU3UH3NYKQA,B0C4YN3MMY,4.871246282375442
AFH6EYTOJWTQ5XJIO7OER5HCQC7Q,B07SZLTL1W,4.211779634839225
AF3D3CKUZ3ESHEWI67ZXZO7RHGBA,B0BL8X66ZY,4.564265115357484
AFFTXDA5L7I2HYGFFKHBMGUWW3GA,B000ETOUAS,4.440335662254451
AGTG2UZYJCVVX7QDE4IW2I4JGB4A,B077Y6MY66,4.58141134143694
AGVITHXYWGKAMYWZ54F2UZWHMY6A,B07B16JL73,4.788844154749826
AFLL4CT7RVP2BTO2TBEOWXKYPGHQ,B09ZTBMWRK,4.336259614288828
AENFQD5EQBOPKB6TB7AOAD5QQCOA,B09V92RNL3,4.5922764970260435
AFXOJVXLBLYD2KJCO2MV3TVEPEOA,B09X8TQNNQ,4.887511857245849
AEDBU4UHNM6F5BEWRO2LY2LGYAJA,B08LVQKMKZ,2.947825923497642
AEBE6ZW3F7MFDQI6LMM7OPAKGOCA,B08KKF5RW7,4.062560665740883
AHPJUTQ3YBWZYP3HHH5EN6ZKHQQA,B075FSQFPY,4.869133105308123
AGJJC3UVE2J5TFAG5AGCIFSMKZIA,B0165KH7GS,3.7845279124133357
AHF4JEWQEROLVQZJJHSI67KKWTFA,B08DM9NFLH,4.193168930513508
AHAEDB7FPXJBM523PXFWBS6SWPRA,B07SB4413B,4.162095562181552
AE5D3UKKN4THMV55GGAARPRXHFCA,B001CWWNPK,4.307464714966791
AHHAZWP7DDUCLTBD2YOHLSGOWA7A,B08H7VTXWK,4.85166050932624
AHPVKP6B4O27XLL2I44H7ILH33SA,B00N5THBGO,4.374936201008715
AGLPJOIU5TK67LFND3AUIWMCAF3A,B07M7XDW33,4.81186391560947
AGFXATQGNYBKELFQPRMA7IGEMACA,B0BSGM6CQ9,4.704736898983924
AGJBLM6O43DUUTQI52GRVVR6YDFA,B09TXP3FSK,4.318056275376461
AFRQHCPK4TP7CKDVVRWR524DVW3Q,B014H8AWGC,4.458654392998849
AGUGDFZRH2G72L23E4WIB7BGMOVA,B077J6ZGD5,4.885810759838109
AFRMUNBPGSPKWWIAB5W5OBNT4O3Q,B07B9W2XFS,4.656305488572777
AHF7TPHK72VNTRAA675SXPJ2NVKQ,B09KRR7C6R,4.670918274771722
AEVNCPAF4GHJPW2QRQBUTV7U5JBQ,B08T2KB92L,3.7804445526332904
AEKS23KTJWPSSKWVWNUPKQMKOVGQ,B0B8P1YW7L,4.64983119416093
AG65H3KESUARZW3IYMRXVITV42TA,B00X7YJUGG,4.841704226069825
AGOHUZDWB7HUI6NQOLEY56QG6F7A,B06ZY6D39R,3.8035007650757384
AEOYITVO4RHHLQUN3VQANSVDIN2Q,B0002IP47Y,4.329693968765699
AHEG7C3WGLIFZ6KICEYYTTVB56TQ,B0035FZMYG,4.5949859947111875
AFJ6SQSBNT2QNP2BTPXIFHDAL6CQ,B01C5TBX68,4.807296625514928
AG5JI7Y3IEBQNGD322UVZCXH4SAA,B01M8M90YJ,4.61258319642932
AECFLUVBH26B6DW5DNXN2S3TDG4A,B09JMYM88H,4.328971702167859
AFLX2VPV66I3RSCOSL2OPXLYZDJQ,B085H22BGK,4.793714956091877
AFZOLZJRFK54RYWXE2IADK2D5NUQ,B01142PFMA,4.91626263182761
AHPE2VIQMN4QQMY6FDOBTI5MDHTA,B09DVHGJSG,4.108611497094866
AFXTPN3SBU4JC4P3IZCFFNTXYQJA,B09SD4CD5Y,4.668494972210862
AF6TUHLWCEOMYDFENVEGKYKSHZZA,B0006NDF6C,4.249598246081612
AHS5EQSUTQIS6CCNXQEFCGK7XJ3A,B086W93GHN,4.899791624878133
AGUAR5LOTVA6SHQBEM5NYSO2EAWA,B00B5LDMH6,4.62116191262427
AERVJNZ5RKBWB4V5B74MU5LMZVEA,B0B5KX2882,4.725134898086234
AF6BGLFASHKUPEWPXBWFJKRMP3EQ,B07HGRFG5J,4.435195439329032
AFVFAY7JETKKWXAQBOPJTSALSAXA,B073VRMPDY,4.853456947330274
AFHHIAVPXFYRPDQYDE2OW4YO6FCQ,B08YK9HWTF,4.328343588509833
AFZMYX6OPU3UF2637SDLHZLWYDVA,B01CFGB8KM,4.145783281053642
AER3THLOZ7KZ6X6L3ACFZTTHDTCA,B07PGMGJPN,4.5009916727670465
AFVSDHRXFBIUSK43W2LYIG3ZP66Q,B01M0KBF9F,4.659354018136334
AE6XZHWP7GCYYMB3KMFGBUMEQOMA,B07ZW1GBVT,4.077704359314317
AGADQZLASMTW3AVWPQIS7EDRAKTA,B07RS1QKGK,4.16365014582229
AGOLR5ENOMVPT2UONE22M4YIQDAA,B01K1EJQ9U,4.272121611149239
AEY5RIKJ4WW2AV2RF36I6XHCXOLA,B004FEBS8K,4.305980494275394
AGOUQ73XWQY73FW3Q3BXYN7HXG2A,B0BSCGBBX5,4.669112665346173
AEGXN3ZQSG42J3F3APJQKTTPLTBQ,B0C67HCGBR,4.242970747871472
AEYMJEI6E6LOPJPL4OU6Z4T5FOWA,B015IJIO5U,4.1257884597062136
AFHET3OYTMIYN4EAJ4AOAZSZBPXA,B0036FFKE2,4.7144968037781965
AEEL5H2C5ALPNBR3N67HM3HTBFCA,B06Y6BCX7B,4.549474500818672
AEWTYTLUBCTWDPCKMTKUFN4SRADA,B0BXT6TM6N,4.623831047836683
AGZ3EEUWPVVLQX5LMBBYHNKNBSNQ,B0BPLFP5P6,4.495223994460838
AH4ZEMKEG2WV7UHRLS6NGVBO5HKQ,B0BXX3MYXT,4.9318958484840705
AGOYR4GPBPKPJRFMMGNOKALDT2RQ,B07DMS2QNL,4.4079352826846545
AFXFBPCW7M5OYUSORHV6HQASVQWQ,B07YMGPV7P,4.624940309417102
AFRHPC7CFZICVH4IROAQCO7RL2GQ,B01F8BY2AO,4.07411324953118
AETNDIMM6EQH7SCFUYLUHJLBFKNA,B075R58Q4Y,4.508999478082911
AGNP5VOARWMYZYMNSQYQND4NB7TA,B0B31RCL2G,4.402074291573941
AGX5QVR6UPVGT4OYU5JCPSKN5X3Q,B004UDM37Q,4.919629911002468
AHCHW2CQHUSBPPNXHFE4RPGIXXDA,B0007OGTGS,4.490194437482496
AHAVMJ7OKLRLFKHUSZEZQHPQCHWQ,B00WE6INNY,4.675537318191402
AHFIIUGZRRSUV74WTKV7GK3P4EPA,B0B9LKKBHK,4.539860187185747
AEZWVY7SNYXITG2YVXG4CWWGKJDQ,B07HFLRCR4,4.034553943938452
AFKCIAGGH7KHMU7JCN6ZGWX3ITYA,B0BR2G8WYG,4.755368626681875
AG25BHPXN3IJ53EHA7JCLMPPQUDA,B0BLH2CBVK,3.819808389803476
AFNKANPQUS5G3ENXFLAJ4CHWQGFQ,B07H6WG4CG,4.006252551357311
AFVQQLENFSRWGERDSJAIIEPSGCIQ,B00B5LDMH6,4.106641706369335
AGJ4XF6MVSXI2HMTCU4EF3JWNMBA,B00EOAF0G6,4.88093902125275
AFXRISBWQYPDQKEYLZ7VMKSDPDIQ,B00145EVJ6,4.769911006725098
AFYFTNZQOU3VO7KX7ORJ3Y5X4L2A,B071P9JVKN,4.163613998345502
AHUDHYMPKVYPTVUFMWLBMWJX67JA,B0BPLFP5P6,3.454932641197078
AGY4LSANTCTFGGXVHUO6BBDARX7A,B00W7ZL4TM,4.875363083903546
AG7TXC563E642KFHS5YINKSCWE6A,B0018TBECU,3.891579545145646
AHJUKDLBKDLRZWZ2OFNOSAYOCTZA,B07G37S6S9,4.672798030987596
AFIWXMQJNT65JSZVB3KM2EYVMKKA,B0BCK6L7S5,4.497636575027169
AFQK7EQ7D6ZPX7DJ5UOWB56BZWPA,B016ZHLN7K,4.937762652952229
AHVC53MIZ3LKW6OZXLC3O3F2OQMQ,B09857JRP2,4.916419028108311
AEJO75YNQXAOIKXC2PF4CZEORMUQ,B07MJ3KSVS,4.361897953603785
AEEPQGUUCOYUMX43HWU2JIINBSUA,B09V91H5XM,4.180309372904541
AHCHNJXZ6Y3IH7QNDRV5VQGVVADA,B07N2WWT61,4.244755336765728
AELE432LWG6NBGFTGTGVLMNILSWQ,B075MPFFRV,3.903038497184418
AHNXP6YEKG5ZEOEQU6M4K6Y2OM5A,B004TM31QK,4.653206779236953
AGGRPYA34S7CHDII6NQWKUXV2HCQ,B08DBDD6CM,4.81882171852174
AHNQUGN2YMD3VM6LSJESF73OMGPQ,B07KY75YGF,4.46015524142411
AEAPENO2NBGU2UVLRBSH77V2CIOQ,B09ZTH7BCS,4.471989702618962
AGUIRJTR5DFHIQP26TDUJVJNQVTA,B0BHXYL8BT,4.791341599199546
AEUHHZV7XCP7O6WIJWSYBCTFOV7A,B07SZLTL1W,4.249187373887577
AHP54DEEFACVFPIFX7KZ3P32ZYVQ,B09Y5NZ8PN,4.511270598917557
AFJKBXS63DTOIVPXS244TKEEFGWQ,B011NJRM48,3.675214772164252
AHKONMGJWJK5I4QUQ2ZCAGWIEYXQ,B00HJOTMT0,4.555186372418731
AEN36LLBEDJ7NFDSKJFQFV6GMSFQ,B00IY0BLB0,4.270611401650642
AEUAZXMQOTNMJM7QUXLCHLYB5AZA,B01M1GG05L,4.25601546888411
AG7EI3UOXIQXEL5QDZPVKPSVR4UQ,B0089NNAFW,4.554196826907733
AFWZAOGMC5HAEDQAOX5MUN67T64Q,B015XDU5C6,4.676798601813411
AEIBMIYUP6WPZRTCVDSHQ5KNVIHQ,B08C9Z3BTS,4.560229460502943
AF6DCSQ2GVNG6DAKRDYPUCW74YCA,B0B1989GQS,4.0895703297326085
AHAHIH6DC7KVK2DD3OX4VWX5Y5GQ,B004OK1G64,4.36753399860479
AFKMX6JZ655VPVYHBTATZQS4IBOQ,B085D7Y3JV,4.811080892176955
AFJFZ6GLBPK74N3SK5OCFJWPME4A,B01MD10XAU,3.8475548409776565
AFESMXB2DZ2KFRQXDNW3DWDGS7WA,B07DX95KP2,4.613980557216861
AEYGPK264S4ZZEKDRL5VW7QFBUPQ,B00WJ3HL5I,4.467745480944481
AHMG3ALUBE3FEBHODTBHP5J24YDA,B0B312JZJG,4.831857795372933
AHPIRROBFYQ2UMS7FLWJKMOWYIBQ,B07CBT4SYD,4.917955371164483
AGJU7X3JKHJKEK3CYRYDTRY7OEVQ,B01CQQMLKC,3.8683406337429176
AHREWZTRX6ATMNDH6CLATXMKIINA,B08DBDD6CM,4.859554116554742
AF4VYLI2QY2N7S65KZHMIET7OGOQ,B00AHEW7W8,3.4779320070167623
AEXP37S7YKZSVJ26DLTWH3AYHTKQ,B08G8W9HJX,4.090571764735818
AF3BB3ZKONXGWB7PWVSJBXIPFUOQ,B0C61YYGT9,4.732346938304131
AHYICNHO5KASNWVVEGAZHUM3LNVA,B01AW50ADE,4.452731782975551
AEDTPBZP4AQMS7RZKEZKZYHDPT6Q,B06XPCNFRQ,4.314016351554024
AGBD57DOENI7Z45BUDSSNWUZB7IQ,B07PKL11N3,4.136247217742554
AEH52AKWVKZCLB6TLF7SYDFOFMCQ,B09BF8XDF4,4.79948965165707
AFLNJEKYTPPZDLQ4PSQ7UH3N6OMQ,B01MRJUB7Z,3.8678313945095066
AHLWBN3XMEJUKJQECDTG4PZYDI7Q,B07BHM7RKB,4.410066181970173
AFTM6NO5MNIUK5GNNXPYZSHSSIRQ,B001LXMXU0,4.685559288652865
AHWEBH3KB6T6BTSHWJNFHOYZA74Q,B000RXN6XI,4.582272585256959
AHEMAURZYRCARVTVF6CQYTYE4I4Q,B082DBGJHM,4.280790285348438
AFWYGASZ6IGNFBSGEOUTEAQ54TWQ,B01AH3RSAO,4.4999173922691735
AFDV5K3VD23LQNRZZONVHGJUVCLQ,B012V1TG9G,3.8295836908103205
AGFCZHTATBUI4HMETZZ5DXULTZJQ,B00IFOTSJW,4.6007112554833896
AGRCVTGVKU6I4WAR4WJGCAQZM6XA,B07FSD3CP4,4.002424289451351
AHBJS5XJDFWKWPLRDNP2GGKCHHCA,B088WMVDZB,3.836885418655058
AH2GKTYXSNROUD6VA6IH3IP3XRIA,B09R3CJSR1,4.651948969634974
AGOHUZDWB7HUI6NQOLEY56QG6F7A,B018S20LB4,4.16696276411529
AHWOHCJDFWFEM4PGOZB4NP7D4AVA,B08XZH8DTM,3.974691408398766
AEU4ZKO7CCFVXMEKTRVCO5CRN3QQ,B008PIVRY2,4.856536257053628
AG4NCPCLWH3ZWUCXA7HLVRQ2XLNA,B071XBX2HW,4.729222512246768
AFFIKTHLF35JXNMYR3GSG4HJRYAQ,B014ZZW8QE,4.637105410528734
AGTKP6UKPCRCX7DN3BRMOXKI3EIA,B079P9LDHN,4.101750828317699
AHYZGTJ4E4TS3IE24HF6IQRJV24Q,B0BR2NW577,4.455195313305234
AG4KTMEI5K6SATAUEUJ2LELQYBRA,B075MPFFRV,4.540400847096456
AFQFEJJS3JP7MIHAPIDLWQHKBWEQ,B09Y1QWK5W,4.3485617497325295
AGKWSSS7E3YKKUJSQZJZXI5ZE5KA,B07PRC5VQB,4.436592823351537
AHOVBMETSKJH7C2RPYQFETIBUMLA,B00UAKWHB0,3.4344616341521164
AE53AVIEMEFU245TVANDSUXTHP3Q,B0B16WH36J,4.800837656504568
AESVKFHONG5B25UZH7DRJ56ARJJQ,B01DBS3WJS,4.479680080208504
AHAXTKZXG64KPAV6TPVUASJ33E4A,B007LEV86S,4.327090639642329
AFKB2ICK554PA2D3H5ONFC3VL3GA,B0784PVZWN,4.259704818773538
AERNB7KZPZZGGM4BIHCV6KAAARKA,B003GEJ5J4,4.3342229242807715
AERQYULSHI3ZZFNI7XJOKFYYEEBA,B0047VIXBG,4.7945451223895175
AEUOVHII7R2OLOQIOMVO5JFCRWOQ,B01G35TZAG,4.83712054737793
AF7CC34DK36SQJS7WXI44DREGWJA,B0B81D5BB4,4.778300215411704
AHYZHJQR66MRI2KKUWA3OG4BFJZA,B07GFH8NTB,4.345876923555282
AHWKSJ62EEEXSRG3ZHRNWBEXWFXA,B0BGHR251K,4.297777185459866
AFBFIVH32NPCDO5PE5DKWZXDKA5A,B01I6EHKL8,4.299047935756805
AGJSFZPZUX63MGYM3TCLXEPLTIKQ,B0185B3CC8,4.681434708354244
AFPOTFD5RRB6MHZQ5P5UIVG7QTBA,B0BR2THBR2,4.52883118517283
AFIJ75JQSAJKRL6RFKMSLPMHA5AA,B0BXBG7VRD,4.466479131380243
AEHGPRL2ZLF6TY6JWBNFJNIDTE6Q,B0BPJ4Q6FJ,3.910984880689125
AGSE3WV7SGP44ULL3HPGIDU6BY5Q,B0BR2ND5SV,4.669775643816185
AFXVOM24JL7OMMEJEY7HEA7DYH3A,B0010GKX0K,4.297854969920801
AGE5YXPVOTT7B2DW5B4LPLL4GL5A,B01DXVB4RU,4.135891631092415
AFQ4E2UCAYIG6LU7UP4EZMMKNYFQ,B00IZA1GI2,4.384890119324295
AEI4K2NEMJ2UZLNR73JRGWEDU7AA,B0C6J1X7TD,4.689583826800991
AG2CCIXDW6TXDNC64A5422PFL67A,B07YPXFDTS,4.123098669764552
AEN5K6M24BIRZAYWNS7LDH65I43A,B000FLHSAY,4.479614174065368
AEKS23KTJWPSSKWVWNUPKQMKOVGQ,B001ANI6FW,4.121300905419551
AGDHUM4WRPOAECBDRPRDIJ6BEYKA,B006BST39E,4.679052813000363
AE3GCADR2HTGRNXWR33YGTZ6XW6Q,B0B8M5FJ9W,4.462102779080804
AHKXGOAE46LEG27N25E5KZONL77Q,B09T4TND5G,4.612548055699554
AEXJUIGHYYB3Y5RWBAYB2EIUENAQ,B09MXDPD57,4.779648641764202
AEE6Z622I6B7FO37VS3WLJIDBG5A,B008H51464,4.7597329220333915
AEMOYADP2JOCWPFFSQD5XOHPNCCQ,B0C6HZ3ZW6,4.719530583845455
AGDJZFFQ2ARQJQOPZ4LCAJA5TCRA,B083MWZ1DN,4.728202354217408
AEAETBOZH2YG3Q5K73YLQSKVSD5A,B0002H0M7W,4.518867144448446
AGOAOXZU4C2FYKKH4X4NPAYPOI4A,B0749T9HMM,4.856974194616264
AGYVQXISNIURL4AIOHGR526WXLZA,B00TV0SA7U,4.20191440933237
AEAOAPF3OQV4VSD4BCQGS33IPJKQ,B018FCZKR2,4.768923315784066
AGV3WQAKB47WL6YGX3IYAVEEFU4Q,B07FZ5XBCJ,4.763103240756349
AGXOXA6HK2C4NUP4ADQCGLLQ234A,B0002F4Y78,4.81145442321167
AEWZDYB2M3BYZEF4BFP3VE2FNS5A,B07MX64M6L,4.784756417985302
AHSKOQWXLLQEV4YYMFNWBQQMWZBA,B0BX8SSNYP,4.332121789488357
AHFI6EVQKDDMROI4RSVPWF2Y6ADQ,B0C9NGP88D,4.418832084462922
AET3S3QXEZM7Y7MDGCJTFTTOPAHQ,B073S9BHBV,4.92181365991925
AHLRGX2BFGLQ4JCYSS5DB2AK2ZQQ,B000BYPJ1U,4.465921257114973
AGKR74DLGAXCX37YVUNAFND6QKQA,B07NDGTFJJ,4.911859931220482
AGUMJHIDCBW2XGASEMJIHD26JN3Q,B09F2HJKHR,4.670524202631897
AEXX7CEHGXHPKKA63HPYS3JR53EQ,B07K2J841D,4.587632369048531
AHVFEBH4PD2V3XK2AZ44LFXTPZUA,B097FMTZCP,3.456603039565227
AGKQLSTQJOGWRWV6GHIZXSLB4VQA,B09Y1X5BSC,4.8331094983536484
AGSP5UQZMOO4U4VWUL2CVBV35NDA,B07BHTDYGR,4.486118101021729
AG3SNVZAJVFMX5WPHZIDVAPO6YBA,B0B1DNT9HT,4.145280547051998
AG5FEKWGQDLOPZPCCVTDEL5TWMLQ,B01LQM3534,4.284317810714427
AF6JSVPJ2DCT5CECPNXDU5PWBMEQ,B09857JRP2,4.815293089514057
AFPR4KLOEJKVJKQ2HDNYKIUFOZNQ,B0BCXKFMKD,4.603988551961694
AFKUVBPUO5PIIBCJYBKMQABF4VJA,B078X3SSY7,4.77056050033632
AF5WH2KQNQ23M7NVENH7F5ORQ6NA,B071P23N7Q,4.437113894171486
AGQ4KUC5JAXB3A6UGXUM5DIPW4LQ,B08718Q5J3,4.527059372881234
AEMLDUMRZRY3H5UQSTVOGIKOR6HQ,B0073B587E,3.119635663702206
AFZIQSQJWTGIF5JPJXUSHLEPWROA,B0CC665SQH,4.923250581528857
AFA6BGHQNJZBSW5VM342TSSCPFXQ,B08BTH6VJ8,4.317514828833275
AGLS3LXZRF3S6AHDXUNPUKPFSFSQ,B0006ZNAZ6,4.419425671487474
AGTY3O2EKBN5YXIM26GX7FDP4BCQ,B09WJ596LC,4.530492718387027
AEER2N4OMRBWAG7BWDUO2DOVBICA,B09YRWWW7L,4.52967666919524
AEEDYZE7SWKKVMVWYZD35VYCMAWQ,B0BT855NFQ,3.739093407634429
AFUZR6TRZXN3X2ZRRPFB3BQMI3VA,B08R5GM6YB,4.627544271904206
AHCPG6UCDD3OKNGACZNLW3EXJXUQ,B07TN2CHPZ,4.326558252054863
AEQNSBGTU3I3VAIGJUOE56OM26BQ,B099NYHNRG,4.87516784294333
AEUB3AAUYNXUO6DFNVU465ED2F4A,B0C3RC7WWX,4.720540530781609
AGZQD37YMBU4CNUZBI2JU3MLXG7Q,B0BPKH4HB2,4.112781110317741
AG662TUAT4KJA67XSMAKRIIRF7QQ,B07NLKL6N9,3.9876446792781244
AGZYNSF4BAY5PVTF5ZPIUHE7C5OA,B00VOQQDHI,4.948139509122331
AHXZMBZM7TCTGR6YQ7MI7LEAZ7QA,B07WW5PKCP,4.7729288694530805
AF7S6K2LJFYM5UXGVQ5VVFCGA65A,B0BKZ5NP3K,4.9515501322772275
AGVRYUDMQMBAJA3U6U7Q4WECPRNA,B0C6HZHZG9,4.784373490393412
AHK3GB2AAC6VO2ZUJV3MAIC5ZCPQ,B0085545YO,4.5490996107123705
AH3ZYF275M4EUI5TZFJ4OZ6DSUYA,B005NZ05J8,3.876343100583668
AHGUGE7UGFA25SLUIXAHIVGXNEPQ,B07S1SP7LY,4.379266576275597
AEGNNCCRQPA57ZYBT3IO44I2VAPA,B0BR2HWY75,4.437038108411016
AHEMIIDJNI5YOZXFEFFBQAEY5QOQ,B0B8CWRSFG,4.298757794085704
AEH3PVS3ATD4V36TYF4TQWHSQYBQ,B007Q0C3RU,4.576239726255901
AGEKML3B3AXH5J42LHHD5H2UGZBQ,B000BBQPBG,4.163911618836439
AGHE2EDF3FFNNWAVGAQ4S6K7PBKQ,B0BLV556W7,4.498565075634257
AFDS5HV3F3ONORE7U7PMXMVMZAUA,B0BL8897K3,4.969437365500147
AGISLAL2FVA52GBP2CQYQ4TFGSTQ,B0B6P55RBN,4.551434883738107
AHFKHAG5UQQQGJWTD2C7A6NJHVEA,B071W1J3WR,4.569814074384855
AEDBU4UHNM6F5BEWRO2LY2LGYAJA,B002G1UT5C,3.096157862185364
AEYVE4K36ZVU3OCAGOGH3GL3JFPQ,B018FCZKR2,4.142056330165671
AFFCCV37Z32PXRMUD7KANRJ4OBWQ,B00005ML71,4.571975519891986
AHD6HKJ4CNXV33UEHRJ4VY2ABMTA,B081T39QJS,4.3959788818680785
AH7ZNBHNNGX7KN4JFOB53G3Q5WGQ,B07BLKHLPK,4.5643414184091
AFBBHTNRJHWRCWTCGXE54MJWVX7Q,B0002II66U,4.338182799347184
AFCXJHXCH3WOXI7C2WIUSEKMHYXQ,B088JYK3ZL,4.4180436857501775
AHIE3AXU3OL7AJHSRPSDNC53Q23A,B09KS976VL,4.621984409725172
AF5XBYLOZUWJLVK7F7ZQDL6OZPJA,B07V3NL6JD,3.480319524247969
AGZYJ2ZZTZUYPVH3JUSEDFY24SEQ,B0BFKQGWZ7,4.295695823610766
AHW7ETGBKGX6DCG2LBAG5YAXU46A,B08YN4F15G,4.386399483304066
AFRQ5Q5OIRGZ4ED2XWF3CMLZVW4A,B005IHLSTM,4.440432335460203
AHUPJSMPURGM4QXXHW7VZLHZHITQ,B00CE20J3K,3.5915819092403005
AHA5GU6ZUSCVSK2VNE6364ZRDJNA,B01B1IBSIM,4.592659609825834
AF3KN3WD7YOQI7G633UMGOQUQDOQ,B0BPJ4Q6FJ,4.592790590345274
AEBGYELMA4BKQPPWGIREPQXDLGQA,B01LB3T45G,4.492080449169876
AGBUFE4F746573LDJ65QKCODIDCQ,B075R9BMF5,4.048669414659286
AGZS2D53KAOXXASMVM6RY5KBRQHQ,B06Y19G8WD,4.613871902875216
AH6LYS5Y3M7WNKZ2VVBZUKUNWYKQ,B07HHKV19H,4.80980998126508
AFVMTWBWIB5HH4Y352HP7XS65WSQ,B07CQS5BMH,4.918533385123839
AGRLBP36CVERCY4ZWEP3EWGF4JZA,B09857JRP2,4.934435288193176
AGHIMWAIM6LO7YDHL2CEV6NVRWWA,B07SWF48CY,4.648813244641057
AHTCW5VTIHGE4NVJRTZ5TRV5PFDA,B000J5WB4E,4.145231401487251
AFLCMXOFCVAMVRAU75DUP5AHXXFA,B002N4GBLI,4.029394364440344
AGM6KNEL26JNB7DRQKFK5AZZXVTA,B0014STI7S,4.450997018308836
AEU4ZKO7CCFVXMEKTRVCO5CRN3QQ,B001G3XRVE,4.485403359248627
AEEFEPZ4HBVZ47W7VUOSW7JNX4MA,B0BHG58G2F,4.866425202165239
AF4WHAAZO2VKSW6GJJG5R5G2TXUQ,B08H7VTXWK,4.398720093811232
AHQGNHYEMY2THNZXZZJAT3VS4FIA,B0002E2TTO,4.324848952425542
AHMUAUOHLITDKIKI4C3KVRWIBMAQ,B0BX8VJYMD,3.2567478107146144
AH4RORLGCUXFWGQT2EAB5G7UH7VA,B015X3CXXA,4.337123013177442
AF5BJKEIHNGBPJBFWGW75ELTVRNQ,B07C91JT14,4.592500208632828
AGJJ5YX3GKPBX22A2DKXRPX57MUA,B07SFYY1VJ,4.810768768051368
AFWE7V3NYN4D7OKBSFYLF6KPSIAQ,B0BKR2ZM9X,4.886720755884248
AF6LG365X7TL2DPS7HGYK5BOIVTA,B0B3VQ8DY8,4.719205128764639
AFDSVXNRE2LCL6KR76GDPSVAUEXQ,B0002Z2CZY,4.512229489037358
AG2CYX4ICATMPE465ZDZ6RQQRLLA,B0B5N91GLB,4.674716084799899
AHL6UZNIFDSOKASI2VECZG2QJO2Q,B017808XKS,4.815951935201864
AEQ2MOHAZIIMHROOS5VRWJC2T3BQ,B01J317H5M,4.353053425019781
AEEFDB5HGXZPRAVTHRBJOUKMWXIA,B0BCL7N4MB,4.701434756812802
AFOKRVF2NCLL5AUDCDDXVWDKO6WQ,B00EM5UOE6,4.73408844605499
AHFPXB2URVT5XNVXG54QIEM4Z2DQ,B09YYB7MNN,4.768635228465559
AEWSTSKVSAZIWM6TBKXZRHK5NFJA,B098DLRBXR,4.5099307876179076
AF4ANWLDVQRE4MM7UMLBQNFJAX4A,B0C3VVNXPF,4.634670566160878
AEZXWNGHCKWX74CZNLY5E724HBLQ,B07BQRDVYJ,4.255328129307921
AGZYM4VIZUW2D6KCPB7D52O7E4MQ,B00WJ3HL5I,4.45689069791281
AF4F5YORO5MADXZQC63MO65FQDGA,B09857JRP2,4.846829045518736
AGF7GPI5ZHALTTZMU74STRMGRJTA,B0749X9R8J,3.692625670280342
AHMG3ALUBE3FEBHODTBHP5J24YDA,B07XFNJL66,4.464335324385196
AE5URYH3HQE4N5WYARBDJSMMWCOQ,B09396NY1C,4.20294748212328
AG3ML6ROY7CFJTLMPJYWIW7KXQ7A,B0BPLFP5P6,4.551638377977024
AH2ZDSONTKASCAR4RDCD5SEPTPNA,B0BPJ4Q6FJ,4.781801327384578
AETEDS6HQJWX2EQYEQFUIAHTTJXQ,B00N0EPZU8,3.607194544810266
AGHQJW3LPG3HCBOB7YWKEYA4KWRQ,B00009W40G,3.840097308922471
AHMUFF5EOXLXLQW54WQMGDGWVDSQ,B0006ZXFWO,3.8781815718451997
AEOSQV627LGYW2ZHUPCFZTYSSRXA,B0BZTB9B4X,4.57670155008604
AF3C2LCNGH35OK6HLCMX7RTG3HEA,B08MZTBDV1,4.677524555224698
AH7EXT73SLCGBJC4OYS3MXIDCKCQ,B07LCRPFW2,4.16326663224352
AG52TGAEELTPZNJOS72J33VALWEQ,B00OGNDKEA,4.315185494703333
AEU6AFGJV7RWYKXGGONYMF4GOGBA,B001PGXIVG,3.549969327068473
AGSAGGYZSLPFCVOJ3XTIUN42A52A,B00L5R5W2I,4.3505295590200905
AFRHPTCG4SZVWT7QOV7G6TW3GXPA,B078L11275,4.407981199622072
AGZB437NN6DJ6CBJLPBIO2CG4NEA,B0BFF85D9R,4.2977955702698
AHWJXB2NGYU4QVDQGXXASEMTCRDA,B0007XRMO2,4.580300846298849
AH4I7EG2GI4L35NZBNZONB7BDYXA,B000TGSM6E,3.7077667559232883
AG6ATLCKETNYRKL6GCQV35CSSGPA,B01N13O0N5,4.370656178142738
AHJTFIUDE3J4S2YMRXGTEHQK6MBQ,B07281RLMX,4.917233042567818
AHMWUDNW4LCB7NSSIZUMNSHYFWXA,B08GZH46GW,4.785908031542663
AFC37H5DNDOQKBJSCEETE6T7JTGA,B09LYNWVPC,4.578453368867008
AHMA7ASEUEDMYKTWHXZ22SLC46GQ,B00VNSOK2C,4.69721176413006
AG2R6QX4BQPXG5LZLRQMRXMXRLLA,B08ZKGSL4D,4.681896101721121
AGIH5L56GRLWMJ7L4TLTXPN6SA2A,B09WJ35129,4.4488082318766216
AHDZKHRJWZJ22G7JY6NX7TTCEOTQ,B019ONS4TC,4.338991009722831
AECRFIY3HZZG5KMU424HTLAKDGFA,B08LRFCDTK,4.798101793394842
AGCML7EM4QFDKXX7WKPZ5XXY3PRQ,B07M6B3RDW,4.831504513723022
AFXGSPUGWEKJENYDNCYEHUOLMPUQ,B09R3KNKKG,4.265138641518092
AHWPWNFLXL7W4KGXBI7CLXNK7REQ,B09CSNM1YM,4.583234661799491
AFNPD5FM2TPEJNP3DIHSGRKUOUVA,B08JMQR2JK,4.688930303062857
AHBKIH4KMVEHIWF4ZAES4DZUTS7A,B003VYBNLW,3.9020404265356152
AEFEKAUOKJGCDC6MGYJHGUOF76LQ,B07V2JKL3M,4.457463241756904
AE4VA3LICLS3K5F2Z3EG6YYW7J2A,B0002E3DNK,4.3066702940937525
AHMDBI54P7X4K4YRWKYC2XD73CNA,B07M7XDW33,4.3010415755119045
AH6NWVW3W4RUQ34GIN2XFX5C2OGQ,B0BXX1RRNT,4.953647878588867
AGRBVW3SOLA34DPI24SNBQDSKK2Q,B00NPAMDQ6,4.895613001072269
AFG7DJM5DPJBHJD5QAX7GXECNFTA,B00EB121KG,4.693305511469104
AFFHKWRLXMUNAJP6Q3X3PBIFFKDQ,B0002GWRIK,4.423058403614576
AHMR6LWHM2P6SFZHQLVO4VOENEWA,B0BTC9YJ2W,4.8681200664419
AENKFLBSFB4IJCQNML2GSJMXDRBQ,B001LYDI6C,4.391969420786254
AFYXC6LKP472MEO5OS2ICSPIUNOA,B087WVJGQQ,4.452850208477038
AESSUWJ57ZQ6VRMWJYR53UJT2H6A,B09VP6F1DV,4.699263429568874
AHGTJA2GQU4VEMRCUSHCWG6KBVRQ,B0BYXQHW7Y,4.633540177114355
AHZQPH7HHSWLUIQFWEQ54NNKKN6A,B07VPLFNYM,4.0336262368279225
AEVI3IWEFPFSW3XVSOSXOTXUENHQ,B0863H1DN7,4.3701877212663875
AHHOVCJCDCAVW23ULQBBAGKUHYMA,B09QM4ZYRV,4.831759137953382
AHLYHY5UA5XWTXG7ZNN4DMYEXNRA,B0179A4ILK,4.614517254575395
AFCPOLPR7FDDEPMS2ZSJKAPMCJQQ,B0C4DG9Z5G,4.40471902535703
AHRIIQ5JK3SM4KX2ZPCI4SZL23XA,B074WXM13T,4.636970498600004
AFQRADPBJBT3FQPLY3DLXYDZYNFQ,B075R58Q4Y,4.675181207687412
AEHHK2RNICHW2UIC62SQB3HMRYOQ,B075Q8WNG9,4.893790524744719
AEJSAI4YKNWNMXHTUKTJH7WEBGDQ,B01HN41Y2I,4.713951987673314
AGGLA4XVPGU3OQSHL4VJ7QD7DEZA,B06XK7WQK3,4.083855307845169
AE6TYSATATHUCWNO5ALASJCCV4UA,B00005ML71,4.509012288250937
AEGKJ7WJCHGWAAUC6CRMKUEZYKWA,B08XMMFQ27,4.775929158227518
AHR2T6WRBZHZQDINIP4FEKFMJLGA,B019OO4IY6,4.82542501607508
AGYKBJXKGCM7FUQSK5JSIT35DOJA,B0B3VR19HS,4.882956779603539
AEMXGB4ZOBCCTEB73OXEDAITLCAA,B00K17YFC6,4.351197465927278
AGHKWLNKR3YTHTYZZCFTKDICRV3Q,B004THBG3A,4.293250145142482
AEENGR3NSQCF7Q5GDBXAQXWXSCQQ,B007YFWTXU,4.324573248310231
AEBO6XPHTBYVBGL2XXLMTUI5YL6Q,B09S2VB3KW,4.67455233791524
AEYZ2RBVCX7RAUVJ7ZWEGBCWWKVA,B00L0X8ATE,4.156073622200132
AGMO25NSI27D64W37GCW2T7W3R4A,B088GN7LPT,4.760948736774626
AHBLH67EE2QDH34EJI642YUJ5J3Q,B07N2WWT61,4.85038476590121
AFQOJI577L2A64VC676GX457NUXA,B0817CVBLV,4.702166175573392
AGNPQSAJGJ72E5OPR2NHS4CEA4BA,B07122K1X4,4.12122398742625
AEQVLVI3JUHYSVHO45F7CJ5NGY5A,B09857JRP2,4.898446528108311
AFZSMLMBFEZVO3R444YHFYZANESA,B01NAV3253,4.776210151168096
AEADVMHY7IFFYDMM2IINZGE7UDEQ,B074T1SZGQ,4.127226234883517
AGVJXUBDRIXMPXZRVHZIL6AFIJ3Q,B07MJVGJSV,4.301414456851825
AE32OUD2ECEL5QO4NPPT23BAT6MA,B015IJIO5U,4.051571152425844
AG6Y5E4F6CFUDIINMDTXIE4L4VXA,B091MZPYBQ,4.527655277253342
AEVKLTY6WVGWFBUFNPQPPBBJJEXA,B06ZZ3YR46,4.162547228300625
AHBGGY6ZT6ROC5OQFXIBKGL4TJSQ,B000EENO2S,4.5292583859932485
AECYDZGJO6K6MMZIWTQA4RTK6QZA,B01EGV6UJ8,4.907720770176624
AH5IKWFPOCFRFA3RCWSUEUCZY25A,B0BHSG5C3G,4.630829135877839
AGV2SDA2PDL4BHFY4AQVYRETU3IA,B07STM2JNJ,4.514459188975547
AGQBXAZWYG3Y3QUON7MFLKQPF7VQ,B07CC51PMN,4.734500868634784
AGB5CRFACFQG6C3OB2TSE5JC5FHA,B00A9K386E,4.947023645344655
AE2NWSTL7JJJWOCBKZCZF6KDQIZQ,B0BLZD2X18,4.415568219784804
AFQBQXS26P44XI4LLUZHOQQCVDZQ,B004K1UKH8,4.099192942197489
AEU4ZKO7CCFVXMEKTRVCO5CRN3QQ,B00GOIC1S6,4.2817626784244105
AG2WY45W3ZZ7FJHO36GRV2VSO6DQ,B079P9LDHN,4.800138826912658
AHA4C72NXTSR4V2TQQUIBOQMWYPQ,B002UXS4JO,4.900917722729325
AHMM3SULKEN7UHFRSLVQ67BCKIJA,B01AFHSS92,3.544175622761916
AFDY3YK7KL7STMYZLEDJ7WYNWYLQ,B0C53Z9TDF,4.607066007314403
AF3FYICX6MT2J3E7RBI6WGC2DSVA,B07KDYH2DF,4.334643805332922
AGXCH2LCCUKRTTDKCHZPNHNDVBIQ,B005M0CK9M,4.1795895373337135
AFYHLB2VSKHODIMERHWHKEVNEK6Q,B09Q39C7W2,4.9516585707059075
AECV7C3OLRHG443BVO7ABZI3GHYA,B07V4GG652,4.031585444326051
AELA5OUVEKLLQW7MHMZ7NYMTOSCQ,B07JZBH686,4.5426548760125485
AH3UBUKNUPJRPZ4MFG4JFE2BD2RA,B006UOSUW0,4.830940807335167
AFVDSO7FDJY6PZTIVD4GQC4BI5JQ,B00181T20O,3.763291882287933
AH5D4TGHJYMBAAJAQUYH5E2OHAFQ,B005Q1XR8U,4.878826390457792
AFQ7VJBUAFMCD6WLRMNJVL5IZGUA,B07GFH8NTB,4.859163644431225
AETYS626OQR6IWDN7UJPGDA4NNLQ,B00724YJJ0,3.5728516638539123
AHGHMXKZP7RLWP5BATYVEJ2I4TDA,B09S2VB3KW,4.803055233977497
AGKRNNH3IAWPL4TX5MZBC7TMM7XQ,B06ZZ375CD,4.8127992348166355
AHETPYRS55HBETNZJ7ACESF5QNCQ,B09TRX519R,4.936588210678757
AEVIFWQIE6IT26354QCYQ3MYXDHQ,B06XK7WQK3,4.45147048276508
AF5WGXXX4SL4PKFN7AU23HDQWVRQ,B07Y863YT7,3.758099447951691
AHL4CAHXRDV56YKGU6E3OIXIVUGQ,B0C4RBG7N1,4.801314136878497
AE2ZMLACD5CPEMTXPRPHFHSJG6OA,B09JFZ3CKY,4.2880371227594445
AEKBROPSAIVCFRQDXYRMBSY6SHYQ,B075MPFFRV,4.477618972434923
AGAZPMNPPQLZ75YRCHEKYHB65VZA,B0BKZ7LF6F,3.8335244899728336
AF3FXB3DJ6UZ3WQKPBDGWRSYSBSQ,B076346CZ9,4.770767520005391
AE7HFNHDMZFWK4FQ2NZDBVJ2LD7A,B0BT9R8MMV,4.94015079935116
AEKUQFFCCUATJUR242AUVNNEMCEA,B09DY5162V,4.889015181864981
AGLM7F2WLHQ4B3PTAIWHKRF5YLPA,B0057FXCOE,4.790488294814951
AFHRPCWEWPAAA2ZVLDTJHDIFR3VA,B09RZR7QYC,4.384406129395092
AE2BCWBDERZKN3ACIXQQISI3LHPA,B07NDHXQQV,4.619662824863361
AGIEKLTWZL63QZ7YJXTOGJWADVEQ,B06XZ59PPS,4.917278536005371
AFMEABMXB2346O6T7C7ZCYFGX3XA,B08T13DP55,4.502235746166707
AFH6SP67XWRJPVGNF37PPFMELPVA,B07PSWC1XY,4.439122425517009
AGPS3ATD4MZWB2MNG3GZ2GOLBDGQ,B06XW9MTTV,4.476804756546482
AHUAXFKMPTODFNHJRRDSNCHKGUPQ,B0B8Z6XZ8P,4.596781157346797
AGK7YMB73MWEM3E6LTIDR2OW225Q,B0B47KFZCG,4.718169372468518
AEZPYVYVDCU6K2JBBSU33PGJQGQQ,B0BT2Q355P,4.459731513365954
AFBHZWYSP7A5KILYEILKRC5HDZFA,B07MDPF4SZ,4.555602681897413
AHGDGUCZQWIECGRE3LJRI5PLTXJA,B06XGS3ZD3,4.670818223487637
AEYVWHALKMARVCXXX6XJOATQ5LHA,B08XMK3D28,4.5873451931231
AG7NDDHQBGXQDQLHZPCWYMAWYM5A,B000J5XS3C,4.508526238524058
AG3FOCUC5MJAFY63RNQSRDSZAICQ,B074K56PFT,4.940282421917454
AFIENCUIHMROWDUODFRALNXMYGPQ,B01N9V0GV5,4.506454693849166
AEQNSBGTU3I3VAIGJUOE56OM26BQ,B09FQ2LWR9,4.756206498929343
AE3FAEGMA6K2A7N44AF7VEHMEQCA,B01F7GQ8DY,4.4258023445346115
AFWIFQAR524D4CLYLL7RIQX74JJQ,B093YKC48W,4.447067985842764
AE353MBNVOAUGAX6GEHR7S7GNMAQ,B08R5GM6YB,4.0734646723068595
AFEHPC5MSRUR2QWD6IRZ4KB42VRQ,B01C6YZN90,4.387158776196872
AEHP4UUNN2YJ74TCSRCZ76U2FLMA,B000CZ0R3S,4.93229983765049
AFXA4I44KYAST2OMETQBFTDTJI2A,B0B8FSCM9L,4.14318849174307
AF2GNRUCCIC5DYCDJQ6XF45STO3Q,B0018A5R5O,4.402917587860422
AHQPPPWBZCUEIKOIGEGXMBNDWQTA,B016QUXTZU,4.1388171856210025
AFE22TU6VNOILTKLAIRVLBYKYZNA,B01N2W837N,4.122619881171743
AERBXYCVD6YTQ6I2JV2SFSQRODHQ,B000N5MK8M,3.9200778216642465
AGYK2YYS35CDU2Z77ZQR7L3IAX4Q,B09QCPLYJ2,3.9209612847163307
AGSTYKEKF5C2L4KHWKEKCYZC7Y2A,B0BT862N4P,4.6571454255407945
AGGC2NUD4OH4CW2EV7ESFUAAPCIA,B008OEWZ5M,4.27408261699234
AH5JR6SYFSYSUV3LIPKY7SSMA7IQ,B0BQ2ZB5JX,3.645767052246149
AHQKFLQUU5UH37DGEKVOKYZ6KQCA,B00LOAASPC,4.809103864577113
AH3M56TVSIIT635XXCL7ZXR44TYQ,B005ETZBCY,4.395405901992139
AFUMN3VI5ZJLQ2DDJ2GBRRCH3WKQ,B0B8LW5KJM,4.7606579137080445
AHCBAX4LOMZVVIZTC4FMKDLJTJWA,B0B4RDZ88X,4.074719882871766
AEPLHCEMDY74XNN6GUSZWQ74YQEA,B001R2O0BK,4.623058870263556
AGSWTRJPZ7AVS2C33JGND5BQ6SMQ,B0B7C7PYVC,4.3786252924628535
AFWUAQXCBZOOS3ATVLTXPMJEPEQA,B07C3BKLD5,4.8509239855749176
AGJY2PI4JDBLJCSAK6BMEBG5FR3A,B0009G009G,4.652747941287312
AHL4BCH2O33HFN7KSBTIJUHCJYDA,B09SH9C3S1,4.68850841817876
AFFYC346GQWLWCWVTPNBIHK4QDIA,B08DM9NFLH,4.823649564364669
AH44K3RPIQMVWG2G4EB5FPVIVUEQ,B074KPCGYL,3.9540199855954246
AHBLX7LQNWI4JT7YGUE5I2VHGJPQ,B0CCK4YYNM,3.8882720512507385
AHMUAUOHLITDKIKI4C3KVRWIBMAQ,B0BYNM15YB,3.2056055296108994
AF2HAUDZBKQZM5XZ2DM4UPO237UQ,B0B949FD92,4.604416938708762
AF4IJMVZHPMUQMVPAUSENZRJFPBA,B00KND95KK,3.679079116824811
AEVIDOETQTYGFWUVJGTIDMWH4YFQ,B01AJV71F6,4.579645173456966
AHZH6A7SOLVJWYYVF7IA446ZC45A,B098PKTTRQ,3.7460637338637683
AGOCJ6OBH4PHTFMTCXSATWY3RSWA,B07BRK2M2Q,4.34026550843486
AEG4UODHFEOZAWUPC5CJVONTQNVQ,B09PWCF6T9,4.466868116072314
AFVPTT34R7Q5LTSLB36DQBSHMVAQ,B09TXP3FSK,4.84325879307433
AFEPLHWMMPUHJCXBCDWHIDLE2A6Q,B096K2LZKH,4.501110667202731
AFEU72LBPQ6KPZM6WG23YI5DURKA,B07L6RCDP7,4.903885776283215
AFNH3KVRKGZ3RENJGQ5NUX6KNVYA,B016E9HCTW,3.9574531214244724
AEIORZCHRBVERYFCQZTGPTVUYIWQ,B00S9GPS7M,4.386813253585203
AEA2TT5QTGCAS3N3HRTGKYXJFBRA,B07TWWT1KP,4.56848422779424
AGIS2VFFRNC2ZUF5LKWZ7TQGTHGQ,B000P1RB9C,4.925877269567657
AGMTCMP27WCMMXZ3R3FJ5F4KDABA,B0B8F6LD9F,4.874920146422964
AEXL5EIHZE4PJ22225FWU7RBPLCQ,B0C67HCGBR,4.712842208591095
AG24A7D2ZL3IT6I4CMXUA2N5YX6Q,B000EENMUC,4.563509917023836
AGKTBKXWB7TSHCSCALSFSEL36QNQ,B075PXZX7R,4.464001181197856
AFKQDKDIZX7G5QJH3LDYG56O3NXQ,B00EW5I30I,4.119169681924584
AGHEYBT2KQDX2I32KRBZ7D4RCZIQ,B0011FQK5C,3.4231039772731227
AEATATWIJVRKLZHL4XQBAZTTVWGA,B0853X3VDC,4.73163582060187
AGWXAKH4744POOCZS4ZOG3WEN2HQ,B00AHL2ZBO,4.715742951918652
AF3QEXJDDPZECUV5SC2GRK2WSAQA,B018FCZKR2,4.114174181290998
AEAKPSBHSYTSRSGBSOPXJPXFDQ4A,B014ZZW8QE,4.536917484394233
AGT2TLMLIWZOIPRZ4ZANFYICIKDA,B07795XHLH,4.3352501076125876
AGRCWLVIIB5CO53366VJCJPGRZUQ,B0C38LLMXG,4.656264341457899
AE5CG5J32MEINSPVKINSGFE3XUMA,B079QDMQHF,4.677213077486883
AEH7VS4MCJOUSC7774ERGEXJKA2Q,B0BG95DG2H,4.832037380810566
AHJQBCXVWZJZ6KYC75PBDXVDOCXA,B003QTM9O2,4.519799029723256
AFFRCOTU354SFF2TWTMJSVJ3T5HA,B079Z72D57,4.09665219279763
AGXR535FSKQK3R3ZEVM3HZXYQCTQ,B082WVKSNG,4.2575024763679865
AHMSDSXPHL3OVE3ESLK5SAYFWGBQ,B0C6MW897N,4.6132184929173885
AGG2QQ2TPFEBHWNTVYO5ICVDGHCQ,B0BSCFTV2G,4.880695169473663
AFUKO6YITJTYTXDGLAZHDXMWOBFQ,B0010SHU18,4.312749409594203
AGNFY5ACCGPN76PP73JZE2NKUQ7Q,B016QUXTZU,4.447547045543743
AFUC7GTWCVAJJEZ5UX2FUYNTX56Q,B00PIQMT7S,4.352859607180294
AFB2ANUCQUKOSZJCGY2FWEW7IIBA,B0B16WH36J,4.873186691492972
AF2GDED2NQYCKO2XPT2OIXTMXOXQ,B07DGZFZBK,4.374179425254599
AFA52JPRDGOBHYA56MQCHTIUPYHA,B0B81FBRNV,4.6067949631193255
AENBPEIFKODS2DZB7JNJMYQTZ46A,B00EM5UOE6,4.824730231854884
AECW3WUSGA2I4KVJCHZG5XUHXV6A,B08GX2PGDX,3.6018175580822804
AEPM4UP3I247AI3TVKGTE4NNR7WQ,B01DE4DPSC,4.670041192040216
AGTZNQAFNN3NQROPNHH7667W6FIQ,B0C3R6T7K6,4.469042061884915
AHXKDYQYHMVBVUAPFQGJDEZU7K3A,B01DPCONFM,4.588440167679792
AF25EHEIRYH66UGEPXAUH245J2QA,B00XHGVHL0,4.655768521069547
AHXYSMCKABR6O4W37Q6YIF6NWVYA,B00C86FA0E,4.326004233019432
AE3MF4QMOAWZRGCARXHIR73MKI6A,B00B1YOENI,3.864733743320542
AHDZKHRJWZJ22G7JY6NX7TTCEOTQ,B093KWXYVZ,4.156020841057998
AFNXM5S42H2WOW74OLJHHQJC62OQ,B08BX54VRQ,4.367326184113537
AGRJCUNI5ELSANQJD7BOPENIL4GQ,B0BKZ3GCGR,4.617333351695496
AHZHDVJR4IYIOXMPRQ35RYKBYKFA,B0010HCI66,4.498875871047275
AHMO7X3QGRNEGQ7CKZQ5ABAEERMQ,B0757Q45NK,4.9254509740183865
AEWAHTRVKR3QZ43JFR4BEXRXCSEQ,B016B6YFDO,4.165204846646362
AF4DU7X56M2S6NM3SDKVWNMTHOOA,B00BLQ0D2C,3.8972357639708317
AEYVWHALKMARVCXXX6XJOATQ5LHA,B06Y5L3CYJ,4.530471441869427
AERFFADRI3I6WIWDV3U6CV5OB4TQ,B0C4FTG56T,4.77663395140698
AGGXU6K4SOJYPGW3I7TD3NESEUNQ,B07MMJX9T7,4.560351912897311
AFSBX23YWCK6UMDKJPDEE3JSHRTQ,B09ZTH7BCS,3.6507824435372465
AHL4QBECTPYZ76BAWTW3WDEPCLRQ,B000VTPR08,4.084073752723127
AGJZ4WKDOSWXXEMCI57NHE43A6AQ,B016B6YFDO,3.8573762073560536
AHBV7TH4Z3WRRKXUIDAOPVUBIR4Q,B0C67HCGBR,4.812019314544157
AG5E6SWEN57XW4VNEED2HWJS3NEA,B007IE5JGG,4.2721399621519485
AFA5EB7XANQVGT5L7JJ5SZW4WRXQ,B07FXPMKHW,4.525442359905718
AGNCFORXDUR6UGNKHMTYXQHKY5XQ,B09857JRP2,4.433872029187857
AGKRWGW5XKPBVWHIM73U33DMZGQQ,B0002D0JX8,3.9395226911898886
AGXY65KBB7VEXRKE5KT2JWNXS7YA,B0C6MBLTKK,4.430344743244744
AG7NTVOQZ5NOWVD3BFPILSM4LYGQ,B0BXT385TL,4.261025954714191
AEPSSRGHHNMBSJ7ZAU4YQFX6HTTA,B00RVE9X06,4.469029377965256
AE3O7NJGWB7LCFQUAANZSHBUQHXQ,B077VMFY81,4.055805529871307
AHON7PNDSUL6P64IDXNOK6O4U5IA,B00SKI0HSO,4.764774232909838
AFCW3I4HL6FLOYFDC4PVL6AE4VLQ,B00RVC1UA4,4.784367328239155
AF7ZZZMFPAUVTL62FVUJ5GACOK7A,B07MQPQH7F,4.835359379437966
AHVI43NDUURIE32PAEBBA6XGXGOA,B0C6HZ2BJ4,4.452401363265054
AFNNJDGN45QK6EXOWGRSZ4J7YRQA,B0B1SF7C4M,3.9574179419420226
AEFK4A22W4P6TW7ZVV2UJN7Z53RA,B0002E3DNK,4.656924928753878
AEBXDQP3DYUQMQUTAUIMYMOMSRZQ,B01MAYL1J3,3.7925163826194996
AGSNBOFW3OLPB3BAS6IVI365OQNA,B00BVH7C66,4.579704335230902
AF2QKTYLPEWJZVZCVOFYQZA2R54Q,B07BZX9BCS,4.87530927674967
AHOBKBVHEAT4KPRVI7TYTF6MEJXA,B0BG95DG2H,4.073567127982296
AHKWMDVIQDZ43FRLBQQ37PY5RLEQ,B01I0T5H6E,4.110063263548061
AGXKROS7PUCF5FTKJP2V3Z2DVI6A,B08XMLRVSN,4.561004893351145
AFFYSCZKCCXDX2FFF3EBRFR3ZGVQ,B07TDNWYSB,4.59210131560339
AFNDIHLGOYAQ2LA2M5BK4DLW2JAQ,B0C86HZ22X,4.408674185803488
AFX7IPGBJFBI6ANG5ITI5GSWDKIQ,B00BFN58WQ,4.658328923833915
AGS2TDMTAC2L4AB277W52RWJNHVA,B01H8E58SY,4.858544906808705
AFDA7US2RKW23R5HL2DHIY6SDJ6A,B016QUXTZU,3.8369739346808984
AHXENOIUMYCG343UZOHPZ662WZWA,B016QUXTZU,4.294233428949175
AFVYUY54LTCJKKEJFS65HOZ753ZA,B078X58WN5,4.316545974121013
AH6MAK6PF2Y5LOQKNJCZBEXMKYSA,B07S8WR748,4.74641521495256
AECYYG5NBWST4O77HOD7AQWS3PHQ,B087X1CF8G,4.747850922652496
AFFC6YHF2JNPQRDNCOKO2MFUCATQ,B017808XKS,4.9448697702298965
AHDALDGFNPUZN5ZQGSPWZPVG67KA,B07YK57N2M,4.9439384560002155
AFOD2RS4CU7CGW6FE47EKKEOE43A,B004Z0JH3M,4.924930502165239
AHRSXDWMMGBPIAF7FLEPJHM2VBEQ,B07MCZ9S8X,3.6950318556168424
AH4CKDTXBSDQ5HF6EYLK56OZMQMQ,B09G9DVTD3,4.578399380468213
AG4FSWXIYRAWD4GVRIYXCARYASVQ,B0B8M2Q1DS,4.559715274921806
AHQVTTTWERJAIWXSI7SDOTI3LBOQ,B0BPJ4Q6FJ,4.651005519008524
AGRLPOX6E5PRCUFDB6DHC2TGXLBA,B000F3HK7I,4.762543843770654
AFO6XWHY7FAH6UL6LXPNPRCHTTRQ,B0BJF97MDV,4.668614715237119
AEASCHUDTX5JWM75PYJW56POA3EQ,B0C6HYPS5F,4.610497238098015
AHMC24HUJLMQYCPV3L3MFBDGYGUA,B07NQ8X3FV,4.283691150201264
AFW5AUC6SZSAVD66GAKREB7EQAUQ,B000P5OULA,4.218898981772272
AEZG4SHN6EDH7X2I4NPMCSN7MN7Q,B06Y6BCX7B,4.446190669712854
AGMSWNQ5N6MJEVF6CGG3O5XENX5Q,B07DWY7R2X,4.838692465873182
AF4WMXLSWQUD4A3FI6PNLZFKEWOA,B0B1SF7C4M,4.352154277338705
AGOLT3TFBJSH7BN4V3D2M4UJOAVA,B0BG4BZC5L,4.108954225958731
AE7TFCX7HWKKUCNMKUWHNC7DGB7Q,B0006ZXFWO,3.816297803015726
AHOEU2CY756M4YAEZXRCBZXP3AZA,B0BDL88TM3,4.54657973335892
AHZVZO3RJZCQA5BSOKX2TRPEEUGA,B0C6H9T5T6,4.3514044766187725
AFPJYASOJQKODUQWQSXLU7WPVXUA,B07SZLB9GM,4.735549815112504
AEAZSCPKLB5FYVXWRCGLX3RFNMYQ,B08F3PSF6P,4.091810340446849
AGQDHJRFX6KKCS3PD25FWB7E7VDQ,B08JMQR2JK,4.65318324769426
AFRTXLSLVRLIYMUGOAGX2PA6URHA,B07P2CZDTZ,4.7442189439085025
AGQLFZBLL2HTPOLTXLYYRYNYQMDQ,B00O5EKZ9I,4.570501448517588
AEAMKS4TLLFDJGAGQRDRVWQKTTQQ,B0BGQKNDP2,4.826292862778875
AFHQZEUUODBBUMOO3HTA5B6FKKVA,B008L3SXE8,4.809649344501819
AELSEEC2HSNYVGVDB6K2H3CMBOUQ,B00UZ7JADG,4.252668925836782
AEJATLF6ZB6TWPLQFAVF6P7YXFKQ,B00178JDCK,3.6188137061731815
AGDCN7V4CLBI6HR6LQPPGKW76K4A,B017DNZ3XK,4.593243064118926
AHFAK3G452QCBWIMOQRDDFO3DHXQ,B089XFMQ5W,4.188514608705132
AGDJTMH4HPG35M2T3CBDUTGK35GA,B07BFZ2KSJ,4.343868272802361
AESROLI3HHXTGZIJOGBJYE6GSRRQ,B0813D5BFL,4.711981922605943
AGZXN4EM6PCRLAKT4VKOVT2CWJAA,B00WJ3HL5I,4.404533441657781
AHMBCU537QJAK732K33QSX7UR2XQ,B01F6WIX5K,4.555958124823643
AH2TSWZJNFCFAXVDWNCDUJRHAZTQ,B00NP8GYVS,4.519895581103906
AELD5XB7WAKU4T75C7K7A7BDCBQA,B082QLTZD2,4.737101055046923
AHELBGAFUBMQNPNU62HZLW6XVG5Q,B0BCK6L7S5,4.5685664377514925
AHIEDM55SZ5V4UCWULFONXOT3DTQ,B07CQS5BMH,4.874261786735658
AGC7NEILXYL3VBI2KZN3OUZBYJZQ,B07QL29XXZ,3.9812138370146806
AHK7B6UG26R2QW427SGYW5HW4EIA,B07MQBPZG8,4.083151027911255
AHWD2NSHVOEG4HA6HYHH7DVMC6HQ,B076ZSHQ47,3.8318712427763737
AF6Q4K2NTL27IAOJGCI6TFJQUEZQ,B004XNK7AI,4.317857329655682
AGIGR25MN37ED7XZL4U3BCARE4XA,B01MRLGZTQ,4.162668452677574
AETHTA4WA3EPEQMS7KCQP6ZLQLEA,B0002CZZGA,4.395721726666359
AHY3J5NAJ3DAJBXXJPWNNUNCG3JQ,B077Z635YX,4.655790653110237
AG5QJWMXSGR6QK7CTCJKXRD7OSOQ,B0BKR2ZM9X,3.742181207268139
AE6FEBZWJDO4DJDWIDCRXSMFVQCQ,B003POF3R8,4.518262644257151
AG7C5GJSOGRHGPGT62KAZNJ3GODQ,B07YMGPV7P,4.288126986020912
AHMDWPOFULHEO76MIILWJAEGA6VQ,B01C5TC9LQ,4.716850656342798
AHWKSJ62EEEXSRG3ZHRNWBEXWFXA,B09MNCSPHN,4.641663296352977
AFXXPUL3WUJA5N7OHL2WSCZUJORQ,B009L4VZ3C,4.054068331597316
AFB4JAD3CWQARKHXOGSSOASYQNNA,B09PBL98Q4,4.590400106242724
AHMKOZYPGVBGUTG3A5NO3M64WFJQ,B003AYNHGW,4.509936034950023
AHDWGSLY5F6AL4WLGCL2YSSTJQLQ,B0B31RCL2G,4.702854122045409
AFPMUO3RPUOKALQCSHLET5YVLMGA,B088GN7LPT,4.933311644897422
AHJCDOPTP3TS3AKN3WXVWSQR322A,B09Z2SLPJC,4.206624227607994
AG3PDUNNZGSQI45FEUZEKSPBXT6Q,B01M1GG05L,4.316227742608374
AGKOQNSCJN4AAVPAIGFBU7AIU4UA,B0195NQSTO,4.80209626262406
AFU6LE4MN4VRK3MJRTLCYLPSRBJA,B0B16WH36J,4.819875091559
AGBE6ETAIKPQXBYYRAUXXWKKU7QA,B0B29JY4BG,4.651559621158983
AH42LJKFB2OQC2J4MDGC4MQ6MLIA,B0002D0CCQ,4.9375873136964366
AHJ4JYJ2YIL7JSDDG444JJAQFHTQ,B005EHILV4,4.672722077400341
AGJAAVMYOSWYRC3HRWGAWHJFS4WA,B09Q39C7W2,4.280562352210822
AGOIZPY7VKQUIV4QBR6APEELOBBQ,B09MR13TS1,4.5629834201928485
AEVQES4DYXCIQMQL7KHTDM36Z6TA,B085RZ5X57,4.210521872926496
AHA3IJGM6TVWGJBOW4HM4UY2H5OQ,B09PGXJHVD,4.610967439934979
AHOZE2QEB5JLLAG3FB4BJKGUE2BA,B0B8V7C5N8,4.754170584291993
AGDEYWGZKNGR36MRO7ZT3AB45AXA,B07FS8N773,4.474671106929602
AGGGVYN6UWSDL6N37L77RAJLFHTQ,B0B9BP315L,4.834261163457512
AGGZLLBDARIQDZYZVKDHFNQHMHBA,B0B8L1H6H5,4.404102889761603
AFFD2UVMFK6ERQ5IEVQTRLTJ5CEQ,B08XYTW5S2,4.185268570601519
AGF2ARUNAO6IKVQHQRZFYC4TU5IA,B09PNF6NGG,4.480217863708921
AEAPGDW6CTHQ2YHAEVPWOU5XDEBA,B09YD44J6Y,3.516380219114578
AFITBSL7YZ34TYWR4E7I67ASN27Q,B07SB4413B,4.094627074260429
AFCUV5FE3VT2MS4LYAUFHYBQCP3A,B0BPLFP5P6,3.6683992412212563
AHNWRU63FXLY6XHTA2Q2WCK3RWIQ,B07JZQBNDG,4.26416363094398
AHQCDCQ5VFDGM74DM7RQ737GTOYQ,B005ZV5K0O,4.477042351789498
AFLHFZVJG5BOHMDGWC3SS32O3YDA,B0012BPMHW,4.711702408792723
AF2O4GMP7Z6ZV7WZGJM5MGT27GAA,B004HZDFXI,4.609220053930234
AHVDJ54NGWPYG5SIQWJLUP4SESWA,B0812LVR55,4.109953091703799
AEM3RQF4LFUBUJKD4XXSYOZ3Y5NQ,B08VHZ4FFW,4.461149554022365
AHU6A7FS55M6NEWWY5Y3KQ4OUARQ,B003FXO8MK,4.358337643295972
AEK5ENP4GNKULEKWEVFCGY3V25XA,B0BPKH7FJ2,4.705679379959864
AGBG3KK74IKWJNQVMQAGVBWJ7FAQ,B0BW3BKL4K,4.842002193015693
AGGCZSRBYNP7SGYHFFHXV2V5FJBA,B000RYUUD6,4.408771418189427
AHWLYM4ONOHUGDWONJ4F4FTIGAMA,B0BGQG84Y4,3.9728300692637046
AHG6A25NEHTHEN5ZY2XERTRYUHWQ,B09N3K3KGT,4.666701169209715
AFZV77C2B43TKQSJAH54J5CIVBIA,B002M8GBT2,4.625564195894374
AGBWY2Q4KM2IH3WA45BSPOCKRJOA,B09R6GDRV4,4.347886404350006
AEGNQC6SO5SG7UUQ2CIYJWG2YU6Q,B07CRLJWQ9,4.3978254288921494
AHPKSVZSZ2AGO4Y7ON2XSDC6OF5Q,B075KNF6GZ,4.263411662071668
AGSH3BOYIC3UJLYIAUDLNZYTXFNQ,B00QDHK69O,3.4198743418208664
AGYEAB4XOJZKJBZFGFQPZSIUL3VA,B0009G009G,4.521562704966559
AHXTZ6TQJPPTLUPDXLS6DNAJ6GYQ,B00EBJ0JPW,4.505984899875317
AGKO5OGFXXCN354PFOSNIXFTYOXA,B07MZYNZ1C,4.8616124331718575
AEZOQMNB3BOUTZIFWDELZPB3JXOA,B09BF8XDF4,4.5207066427878235
AFMG74ZXHJ2XIJW5OUELTC5KRPKA,B06XV9J1DD,3.9124135051552784
AHCXKCUYZ3EHECVF4EP5FMVMRS2A,B07CL6Y82R,4.893743073105819
AE2K2JVGQP57HIPAXURIFLXLJILA,B09NNCSVQW,4.6273933973693335
AHJH4JENJNV2WIBEOIXHQEF2GQIA,B0006NDF6C,3.9232896754078794
AHDTJODSAMZBYCCS6I35H4V452UA,B07G4H21PM,4.128960553439272
AEORHVIBAWHUO7JWEGFDVP3Q4Q4Q,B0B8Z6GZZ5,4.401549215713102
AGY7CYYTVW3BXZMZKVJ43LUEN4BA,B00BVH7C66,4.61931041761592
AG6UNPDBZCRVEBYEWGBIKOX7FV5A,B09PWCF6T9,4.572338804554779
AEQJJSAZIFWJKYQUGL6P7KR55P6Q,B0928HW2P4,4.420349008339759
AEJ7S5C53PDEYNGKTSJPCZCT3RZA,B0C5PRQ9K6,4.741005075809578
AFA645RBPM3DQ7M456ER3ACPTPHA,B07C9LSNQK,4.883803208825555
AHX7A37P6PKOD7W3PHI7OASXEOZA,B0BGN92PJM,4.661706634700473
AE3NUJULISR56KJZB6XPD2KO76KQ,B004TPDHJ8,4.536726468190125
AED4QB2WMSEKWT5RXAVNI6YHOWUA,B07QLGB4D8,4.6891376112840355
AGFNIFCC5UDQGL2BN727UV2Q3ATA,B001L5U0Y4,4.436378183392734
AGVT5E2C6WNOCFYSLOCPAPBJOIKQ,B06Y2W66F5,2.998962950542372
AGFSPZ7XOYCABXF6VYXQVWQRMO4A,B00PZGTVAE,4.829962736055096
AF2QKTYLPEWJZVZCVOFYQZA2R54Q,B07RBZHDT7,4.9596861812352255
AGH4UMD4PDQ2J3Q4PYX627TKEJZQ,B00PTAD7QU,4.462848789649401
AGXY65KBB7VEXRKE5KT2JWNXS7YA,B0B3QHY7GB,4.684940362513954
AGWSL6RCSUEPR5RGTVMO5HERQUEA,B09M7D9SC8,4.14752699913553
AHYAO24VSRJF47XSA3XNLHHDE4VA,B07QDN6Z83,4.160602263602547
AFYZSWEYWH2O7SZ3XROG6DYZ5SBQ,B09PWCF6T9,3.9357418651933314
AHOFZCHFULZ2SZTOXOCMV6FWHMAA,B0919HG8S7,4.546924096845869
AGFMFD2HKXUJZ4UTF7DCEVCMUTKA,B0C4QX4CQJ,4.908576856493308
AEOGO4EUQ4SODCLNQAF2QE2246VA,B013OFJVPW,3.816011665070635
AFZNG4THTEUTZC4XDEJS3U5WPOHQ,B06XW9MTTV,4.541673537017255
AF65N4WSTNBO2V4VJDML2RE73ROA,B0002OKGNK,4.914452383376963
AEUMH56TGXJR2KRLS2OTNPPLJRMQ,B0025V1REU,4.320170545966101
AHLNHRYQZKCISQM4XMJMA2V5MV7Q,B09198262S,4.657074858561478
AEYSYCXFIB4OBSAJ6DXVYHD4JJIQ,B071NN4WSC,4.486790422947373
AEYB2G3AM66RHK4ONMQYWVLCI3TQ,B0178QB9I0,4.681937359445384
AFPJLBVVR6SLETMKYKEJ4FQBJPTA,B07CBT4SYD,4.811669934565776
AEL6LHHM5XOECBA3MAPB32W4DLOQ,B0002E56IA,4.546342742621686
AGSXFQ5EIJKOWUWKGK6VYAOJXXZQ,B07J9JR6VP,4.130443277859623
AEVQYOU7JYIXIVXIUDRSOSGWCGFA,B00GESEQ4S,4.561918811767298
AHEDE2SI6D32L6OKL6B5QCB42ZLA,B00WHLLDWO,3.6123968929890626
AGYSS3SBEZELT25CMOQ3VVAJUP5Q,B07FBD8F7C,4.646033688838102
AEB3X3OFSF6CY2VPUN6NN72DVZFA,B00DY1F2CS,4.334700704282525
AHTUJMOFO73XXJHADHZ7JOZ6XNLQ,B07CRTCXDV,4.381061072227624
AFIMPB6NJRER6XOJECJLPEVZ376Q,B00ADHKKZK,4.131180985464455
AFFMTXZ6ZKG7PV3BO6UKZBSLXYPA,B07MMJX9T7,3.650581430458516
AEJLELEWFD3SNKK6ER6DDUKRCXNA,B01JJP7NII,4.5217108324020625
AFKLIW5727DBZBNQ6R675TM4VRFA,B0B819R6CN,4.84103415991925
AEGGYBBQ5FVWI4QGTTVB3BTH37VQ,B077C5BNJB,4.7790607397294895
AFQ7VA3GZLNTRUXFYOTYZ6YYC3PQ,B0C5BMZ1K9,4.064569698192919
AGVRLUFL4ZEIFPCUS3MO3TYW337Q,B00DD5WWQE,4.758550464306924
AG3LFN3BICH2V5RPI2XFRKQSEDZA,B077Y4J6LK,4.578233345707466
AEEXUQ2ILOMASMA47VXXDCJAHUGA,B01MQKIZ4M,4.414448540084697
AH6RYMKOBLZISW2TKST2EI6G4PTQ,B07KG1KPT3,4.775228437508817
AFD637UMCLE7CMXD547PBEXNAMWA,B01DN7OC00,4.621988338611481
AGBW5G33ZMRHXPLAK6BF5GZGTUKQ,B00H35YIJE,4.81407518324657
AF3ZZBMYBGPUI3O3RZXBSNH3YEUQ,B07MZYNZ1C,4.474645640459045
AGEK2Q27LYVZUVUJLUCXSYV5DANQ,B081JR2H8Z,4.119852741885564
AH3C54XADC2RQX5D753WWL4DNYGA,B0BMZ3PZ3G,4.43282798097335
AHDZKPPKUT7HD47LXCBN7RQNN6KQ,B07STTRGFW,3.777489305067742
AEDK5T3VBOFLHQ5KJCGL5YCKI4PA,B09DR91XCS,4.48314017248758
AGVWNNRU3RCSDNTOJ6DCFDIQSYLA,B000T9L7W2,4.735727076916001
AFLSR6TUF3KPOYGNIHXHODNAZUEQ,B0B4S1WY6K,4.74964241271035
AELBL3GHBDNBYAXPFC6MNPPWG4YQ,B017DNZ3XK,4.703280113019879
AFQ3MI5EMRY3KXDLZX3QHEQVGQOQ,B01N9V0GV5,4.350368143145175
AH4A5EHENGUKTMJ7CT4TP437BAPQ,B000ZMYRJS,4.244861902367923
AHST2SDR2IPRKGNB47AKL63MKKCA,B09R6PRMMY,4.8412035555207344
AGBW7LZUPMPOBV4LJ7LO3TCTRVLA,B000T9L7W2,4.786180238211323
AH6RUAIDE4DPFNXNDON6QRLCEQDA,B003OYOXDO,4.8069613990390625
AEJ6PSXEQFQXW6PSSGOMAHGT7YUQ,B09B45DLQG,3.9941405695125494
AHRMYVXZC7MK5EBIO2XL3Q2GGEGA,B01LW9BF92,4.626360135680713
AHTVJL3FJH5CHBAPBR6EPIGJZOEA,B002YL81RW,4.327752919198565
AHSA453Q27HVVDN3XTR3WKCN6AQA,B0BT855NFQ,4.89035238457541
AGKVCWOKPPT3ODIMW2QZPX3BKRQA,B09MMT45P1,3.7907257415112445
AECIT3NMW6RKABFS6YOCYX4YUYOQ,B09M78T485,4.314851736067006
AFIEQ7BNYXBQTLYIJRTBNKWQTKEQ,B083J614C5,4.082668745655493
AER6WLSJPBPNOZIQWVHQBVOKTNCA,B0BSGM6CQ9,4.255991161304147
AGFSF44SBWIXPONDUSNCKXDJHYNQ,B0BSGM6CQ9,3.9241102686137115
AFPPCR5EZVS6J62MTQLNUE33LTVQ,B0002GXPRM,4.1933127115748645
AHX35XPY547VAN6XET42HCKD75HQ,B00OGMD0VE,4.24586739808181
AH2KNTQFU4DWMQIMTDLFSMRQHRYA,B07M6H5RM9,4.615715641977555
AG2ZGELVABDJPU5S2YRWM6EE7VIA,B01NBP7MS2,3.816089834999808
AE7GVDNRY5NABEP253Y3GMDUZOZA,B00CPLODUU,4.541018477960839
AEJW2SZLBG45RD3BL5WOZQGLGF3A,B0BKZ4RCV3,4.543189128824758
AG6ADHHJ2MHUP3ZBBTGMZVJ47Z4Q,B09V4JQTN4,4.614732267144303
AFMLPEM5ZNCYJ45CZZ7K7GIR2LIQ,B07MTFY4TL,4.337316574194848
AFJXFJ3DMG7IRI76BBIBCY2HVLAA,B016QUXTZU,4.0031312565290635
AFFFDZ3YLAYSMDK356X7KIAJESXA,B000BBEQZ8,4.688297644238602
AG3S4FROO422V5KP7DJCBXVUQLJQ,B0179C3V7K,4.9813416429274255
AHMEXIGTXRS4HEO2VW3GEQITMMCA,B01CBC5ZE0,4.426856436266461
AHWUG5BIUQWHO6KPODY2QJFFQYWQ,B0002M72JS,4.570611775891213
AHMVEVZHJALGYHHVMDMIAAWHLUDQ,B0C6J1X7TD,4.532765435563007
AFUJ72Z6MXB237FUGMSVQJFFRLEQ,B096K2LZKH,4.7471590831035435
AE3MLVJ2OOZ3WLVKQG42G3AQ2KZQ,B000PAPO9W,2.8236681015273017
AE6ZV37Y2BVKSZCMJTZOK73AUCJQ,B072VH61FV,4.83279997141032
AFH7AQN4DHER236MDPEFHTOKFKHA,B07NWZSBF3,4.913651525218646
AFABFPPQO7PSIFNQWK46LY7RREGA,B0BTR12G3V,3.8610748661111316
AEKMNAJE6DA7ETYWCBVCOL3YCPIQ,B00N4ZHQ14,4.7595782518906615
AGVT5E2C6WNOCFYSLOCPAPBJOIKQ,B0CBSQC51Y,3.0817413467097827
AEOQMBKMCAUY3EQ2CFEYDB252GPA,B07DWY7R2X,4.680419966985834
AFHHXA727PPOUUVXOSYLR3DSIHMQ,B00HH62VB6,4.151074538873312
AFAP7A6P3TICUUAOBBRXPHUXNCZA,B08C2TBWGV,4.174980660316248
AFBOEGM4O3PNLUVYWVDCLD2FJLUQ,B0BKZ1G3P3,4.686966485691396
AET4U35AEFIVWAGCKF4KVUAQXDRA,B073XXLVWT,4.376766846697632
AHR2T6WRBZHZQDINIP4FEKFMJLGA,B00SM1IWHC,4.471034174000263
AE72GJCOI37UD7IOD67B3XZBD5NQ,B0839119FS,4.495023811112093
AHUTJQWZUJEBOJOFMRJ34TKWOO7Q,B0B81HB47Q,4.630896821111918
AENQIPCGFGPVCMZYAJK7LIBIZNQQ,B0B2Q55RM6,4.564935704251489
AEV32P7R5QEYRDR4DXX7F7V4LOUA,B07N2WWT61,4.714619169706214
AGRE76ZT4VB7Z2BIOFV7WVHGIVQQ,B0BRSHC796,4.563975807167862
AG7R5DXVDILMBIFSFDT7PIUWIFQQ,B09857JRP2,4.9308379649159635
AHUWS6MJOUVKCRS63HJ4LSB56OPQ,B01AH3RSAO,4.669840873178384
AGN65FCMRQSRXS6PWIVSUYIDZXFA,B081592T7F,4.556787586851531
AGMNAMH77QXBOAWQRR62V3NMOZ5Q,B0BVLJTMV2,4.561672185676369
AGIVMGPIL54BA6GYBNOWNUZUE2TA,B001MQ9Y5I,4.611605623604392
AFXXPUL3WUJA5N7OHL2WSCZUJORQ,B071G734F5,3.7904957350577315
AF4RVRGYJTFGFSMAXGB7KCSUTCHQ,B01LKYTQOK,4.716499698053648
AHHGHZWN7DV5HP3CUCZZLRV7RB4Q,B016QUXTZU,3.7991052316058758
AENL5UR65X7N4Y4J5DIFVV2ZAJXQ,B00721BB44,4.950749747771213
AFL2UCRKEQUKNNO27IUNUDKTZN3A,B004L66AM6,4.790239595902206
AFFEOK6DMOUVS5IK4NM76VPYXA3Q,B00DUKP37C,4.554417241135802
AGK6346KRVUN3QFXSGWMWGZTR2UQ,B0BK6MQF3Z,4.16461392614152
AEZWUCUVYKFHY4O2XE4DVDHJYKVA,B00HF07D6M,3.8078937464256692
AGY7CYYTVW3BXZMZKVJ43LUEN4BA,B07KYX3S8X,4.898947624050125
AEQ7VNICYNT6W6MCWGQOMFNEQ2ZQ,B0B8Z4YV4T,4.395384156317278
AGUIWCE3TEQX32UQAXRPKSM4Y5CA,B074FL1CP1,4.608625805562891
AG7IN5L7BFVBNE2TNWW3P3A5RF7A,B075NTZ5CK,4.19188094648833
AFCCN4LECS2S7CZ4CHXK33YXY7IA,B0BPLFP5P6,3.9323090122673485
AEGI4CAWOBX4MLNWUIY3IP7CNZ7A,B00ANTTSFQ,4.437010045827977
AGT5BUYMUIX54NNCXSJPWYNJ7E4Q,B01MRJUB7Z,4.673018967458647
AHQO2Q2Z66EGYUYBELDADP4L2XEQ,B00K7VDMJS,4.449483510799372
AH5CRT5ZT3ESMYJUVDIH5RZPH2BQ,B00IFHCOAE,4.491388369427022
AFQ54FLISLOLXO2GO4EQA5DS7GBA,B0C6J1BN77,3.4447134962703956
AHI6DFB2N6SA5BR3CPLOCCN77XZA,B07YMFXRX5,4.712511651285096
AEQZFV6M3QLDV2IAFVDGNM7CNMTQ,B079TLFL33,4.392996050674929
AGKDT74ZP33B4O6LY76GYKMUZGGQ,B000V1K7FG,4.498635838233504
AHAIHFJL6RGSQRFSI7RXMRJF3VJQ,B00646MZHK,4.88535534932346
AHP7C5XFGXHJQ7L6BK3SNPGOPQIA,B005A09I7Q,4.423079506697768
AEPPHMNCAV77NB5KRFV7NKMYYXOA,B06ZZ2S6ZS,4.802374396830001
AGAO3DXMEMNWQ475FJA6DEPJDM6A,B0BYCG24L7,4.232139159029655
AGU5KKDWKCVSHEQIKNRI5HLGSJ6Q,B08BJGBHN7,4.58690520618635
AEHLM3EAXPMXVEZTG4F6ERRRLOMA,B01M6C8X57,4.5010862605785205
AHXMKLMWQVVRA6IAKL63EK7U6YHA,B0046A04LU,4.4538038274103755
AEWL6EFLEQXOQMB77RH6GKOG6UWA,B003ZKLP4W,4.907842295648173
AGFYUNPN5IMCAN7C45KXDXYHNGCA,B076PF19FQ,4.447525027843129
AEVIHE2VEXHVIUYQZLYJREFCQTYQ,B06XDBGL88,4.745450126040106
AEUPIYW4A4SYHXRJAGEP4ZG6YPRA,B077GH8LF6,4.731365959182452
AHGQWA6ZHRH4I2PIDDXBWDI3CTRQ,B0C67HCGBR,4.843956386266106
AGLNBCX3AKNOFAANHVU4V6YKPQSQ,B0046LGS0A,3.8328079929808316
AEYML2YFNYT3MWAD23KAME7HQUHA,B079FGN89H,3.9802045021545105
AEFLZATUAA6YR7UNZXMP2UKIFQ2Q,B0B5D7JW6B,4.413779613681273
AFRQPDPDS265WAXYUCEBRM5DMAOQ,B076ZSHQ47,4.554459569663935
AEHC3XG7CT7UP5TTPFPWIOG6ACDQ,B0BTC9YJ2W,4.278375827842231
AGEUWSL3XES6EGG2B43CDIEQRYRA,B002Q0WSO8,4.402700790207401
AGQ4NTOQIHY47KVMCWOHYFYFQ6KQ,B0C5D8X3JT,4.712017501113209
AHEJWKUYOCGSVI5KTPKKGCSJV2CQ,B019H1STZ0,3.650882922727668
AFSIFH65UCU5GE4GK7AUZHWUVJRQ,B0BXBFG6BX,4.931294138528877
AE6PYJX3K5T4WCDVMYYA6C2EA7OQ,B07BF7ZLKY,4.251461105180697
AF6HBNODXC27WE6BRERWS42VWW6Q,B0B6P55RBN,4.396723947015946
AHHZGNO2E4NAIBOKZ4CP4RMDHONA,B0C3WPPB5B,4.507449565552821
AFID5ARIFYCNYC77W4TLN76YEL2Q,B072JVYTHS,4.496042726241347
AFJSY47SWGUSSJWPFEY4ALCI75RA,B01ISNU3X4,3.9634334868160974
AEATP53UFSJQN4EWMZEG6TPTOBHA,B00IYGR316,4.421223958088683
AH5PPNPBIL5VFASDP5QMDCUNXRPA,B01M18LT95,4.600964769548794
AF6L5ZQD3WBL2P7ZN5VAFMABWMHQ,B0BKZ66FRY,4.295543523729173
AHETLAZWL7T3CFUQNU5VJIC7R6PA,B001HGOXDG,4.523830220038856
AGUJVWL2H2ULK24GNKGTM7MBQ5OA,B00VMZLCTA,4.092390853475155
AE6IC2GMOK7D5GKCYMFBS47XYRZA,B017NT392Q,4.536047500983676
AFWHS5KMUDYBCMWKOLSLZZJR5HDQ,B07PPHHG34,4.605173085320991
AH2M5U7UKPQPDMMU2URAUE74Z4MA,B07KVV674K,4.563438431119593
AEFK4A22W4P6TW7ZVV2UJN7Z53RA,B0BG95DG2H,4.928744100786567
AFJBPPUHABKT3NK4CCTZGI22UDVQ,B07BMWJBY2,4.521658464266989
AGUT4BSZDABF2TKPWTP7QJTWARHA,B06XDBGL88,4.853302347944091
AET4IUQ2PMMKZOMRGNCTSTEGKQLA,B07BYGWHZ3,4.3885327710504
AFSMS2MHAVKJDLOK3PHV3IU3YSSQ,B00WJ3HL5I,4.63922658502729
AEKF2YJ5ZXHTZEQSF7ALVYR2VJFA,B08R5M2FGY,4.717686975407481
AF62AMU6MZHZQGKUD4N2TIGO34SA,B0BCXMFM46,4.511016027440572
AHECXORNR3TAFF5SXLTY5EKCRQ7Q,B01DK40R3M,4.319195556403253
AFBPLMDM7IR2MY4EH7BHUK2AVPNA,B0BGMVH3GS,4.271116885965607
AG4ZLTRHVAZRU33BPY5Y643IZXPQ,B096K2LZKH,4.917583137178381
AHNG3NRGEDYO7E44QMYDHMBADPBA,B0C3Q29DML,4.524667560144829
AGSVLMHAE6DKL34BW5AJANZ2HP3A,B09DCVN1M4,4.470641723653577
AFAMP3QF2V4E3VOFKBVG7KMBBJEQ,B0BLM2DG9F,4.893584411626096
AEYPLXPGNUKJMHAPC3GONAXBIOSQ,B09KR857F4,4.565216003662224
AGTD7IKL26LTOZAUHBEV5JEQJHCA,B0BPKH4HB2,4.421930604303089
AFBHZWYSP7A5KILYEILKRC5HDZFA,B074KPCGYL,3.8102273688407
AEAO7MGTW5ZXQBBPPW7ZW5JU7OFA,B06XWLXCFC,4.00639824556476
AENU4KR3TL5KDFNSL4U5BG7RRN5A,B0141IN4CW,4.7106825736258475
AGHECGJA3S5TVQGZHJZREKKIHPIQ,B01J9AD1GQ,4.419747355696569
AE6BRKNVK4LQXEDHYKHPDDEB5U5Q,B0BPLFP5P6,4.4731589789854205
AHZDRM3HOZLSWFXSQ5P3BFBB5O7Q,B00WBCBQF8,4.8041890803859415
AE5D2G63BJ3IOHMYE7DT5DTSSMTQ,B076ZSHQ47,4.53682438999812
AHIZ52ZDJJRFKA2Y3AYLOLRJDSZA,B001D2TPZU,4.238808340261538
AHDEDVH2IWSYQR4Z2HHY66EHXWIA,B07PPHHG34,4.539155771368019
AFKQQ5JGFWT6YINVGI6NVKPR7QNQ,B00WJ3HL5I,4.462238868064166
AFGQ5MDMML62FYXYJSFD5QJ3M3WQ,B07DLCDT3N,4.084630890018901
AHEMAURZYRCARVTVF6CQYTYE4I4Q,B0006LXW9E,4.464504870759834
AGMPCB3TGA6MNNISDWYIOGQETCWA,B07DLWYV8D,4.653050358397424
AEL77WRPLWQFXSFTPQQIBLHS362A,B009AQZM30,3.645477084684845
AFXROWEZMRY3EHZFCIOF27DVOGEQ,B08R5GM6YB,4.042801046935617
AEAR7RK4H75BYXFVGZKA4MOCFDTA,B01K1EJQ9U,4.673523055427162
AG6XTTBGDOTVNHT22X76U27Y34VQ,B09DJVRZGS,4.783753545080549
AGA5WK3RYRITT6YLBM2IZWORS3LA,B0BFKQ9QXD,4.526390008116238
AEKIL7TYYHSE5YRHA7WLDVCHW6PQ,B00646MZHK,4.5038988098038475
AHKYW62DZ3QJE67TO2PKF2NR6FJQ,B005A09I7Q,4.529031686625
AEFDYT6GBQN2D7X2ZHHZT63EPIRQ,B07M81HC4C,4.722299808020253
AGTVZ7ZSDMTEDLMJGZRC7RFJNDWQ,B00CIO6BEA,4.988416049887233
AEUAXVAUWJFDX44V2Q3OZFFYDZWQ,B000CCS3UA,4.042893057998402
AFND4WHBO6MV75PBKNHCBFZK6VWA,B09MSQBZFJ,4.392955755700781
AG5SXV4XRKBOZMKDGST7LB3C643A,B0BR2VHR6T,4.504683951539635
AECFGXLEX3SU6D4T6C55X2NWMJVQ,B01KPYGBR6,3.4875092065964477
AG4WPSHRJ7W4UF6IKZJ2FMYUVGCQ,B0B16WH36J,4.920960944214746
AE6IXMUN5V3WECZERXLUQTKPK6YA,B07PPHHG34,4.509746542934648
AEXUDYZQ6UWJHNPKVSVI3FI4IBZQ,B0C67HCGBR,4.943510589335309
AHEMAURZYRCARVTVF6CQYTYE4I4Q,B07KDYH2DF,4.709317091973594
AEALTR3WRLHHAJKW2AHUSVXM4HBQ,B09396NY1C,4.099001480363243
AFG4ECOVR5MACEQKTP4CMSKS3AHQ,B07N5J3GTB,4.52829101221378
AHYGBZX3XJDZUC7A7VNQATLM3UGQ,B018FCZKR2,4.7927049731367255
AER5XQROGISYKN6ABH7EAK7OHGTQ,B071J3CB4X,4.65041626990294
AG6HOO4VHEZGO64JCVOGXTI7OPAQ,B0002CZWRW,4.5115385417968215
AGKBMYYKA47EVKHM65BYZHTARYLQ,B07Y9X6YZ5,4.920461297159165
AEGP5AQJUETI6VTX3ZFX33KO2WPA,B00EB11XTQ,4.789179306643178
AHXHOPYV5ZR7PT47GK66FJZIQBEA,B091C1BDYV,3.8591240126838002
AFNX464EORGQMDR2OGWOLWJEHDRA,B087PWLP4N,4.395339967445786
AHWVLFKCGMR3ZBOMSNM4LWQINLTQ,B01KBCUPFG,4.610849966342224
AELUT73PSKWAQ3D5L6SDD72TCPNA,B00VSYN25M,4.053702522114987
AGDDHRF3GVF7FXDLXU76JCRKVB5A,B01E6T56CM,4.142728639351448
AHWAJPIGZTDRDSCOICE5YWUDPJTQ,B08R8FSFRB,4.246749873751427
AFVCGMPCE75MWLFYLYN7ASTQEZ6A,B0BLM1W9XH,4.347588682749
AH7IHB7THIV6KVXC5O737F33WHEQ,B099NYHNRG,4.217954316557215
AF2B7VXJHVVGGI2GPZVTRPWAI5NQ,B0C3VVNXPF,4.8763754989855705
AE2YVL3KUQJM645F4OYOEG4EVHIA,B004W7ZWB4,4.4713254919457395
AGHPBBUCMU72JNN57OKEFJ472UUA,B000RXN6XI,4.863713130940548
AEU53MEPI6E5AEKW6SQH4J2HR4OA,B0C4FVS3L7,4.9024025835678025
AGA76RB5YI46IRNJFAIGOCGHHF3Q,B07L5B64RG,4.158660314688205
AEJDUT4MZ2N5JQKUCHABBP3D22VA,B071G734F5,4.546011445341031
AHINVBXOV747R4UROFCTCE4CQTHQ,B08DLK3GC9,4.6970736039700345
AFRFYELVMFERMILMAIN3NY7YOPSA,B00N4ZHQ14,4.303307577459094
AGN7KMV3GSGCBANTJAKIHDQYEFJQ,B00743L6V8,4.339701190024977
AFN2EUCH43NLAXRSCQTS2VWAXVCQ,B09PH4DV67,4.09426417144102
AFHER2NWLJQHNQ4BRB4NZAG46VCQ,B005M0CK9M,4.26616816776834
AEIIRIHLIYKQGI7ZOCIJTRDF5NPQ,B09895PBVZ,4.545177818788148
AGOGNMQ567OLCAP6QHNF3Q37FUCA,B01M4ICDNE,4.767484925178632
AFMX5QJIJMQUBJWDE3CSQA776X6A,B08R5GM6YB,4.487654605280415
AE3WYKKSK5ZZ2S3O7KHSJ4UKG4CA,B07RK5HF9D,4.382413565470632
AHH2UCSRPPENBT7U5II5HKFYV52Q,B00FC4YTZQ,4.329157847429418
AFDBGQ77DIENSIIBMKK3HM4X52DA,B014W0L7ZU,4.764406461245441
AHUWTBLGZWOIE4OYFO56IOXKJMOQ,B0BXZFS2QH,4.812793627796249
AEG3P7S6QTKVI3P5LQJRSS665FOQ,B09G5QS1VD,4.388607057737264
AF6ELLW7NT5WNL447YQWXJOFYLUA,B08PPBGVK8,4.6376221374239055
AH5S4XKENHVECUH4CNLWHQYIP2NA,B093YKC48W,4.451995739147629
AHFHIEY2BIDWDNA46D5W7RWFX24A,B00WFHBJH4,3.9263702551064235
AF5JOUT2RD3EZI7G553AWPKGDGLA,B07BSZNKTM,4.522643810532333
AESCPQD5RHHP65UTHAGCQDE7BUAQ,B08NSVV6FZ,4.409279468661046
AH342PH6NCKCD5UMGQRP2VNTBS5A,B017KFVBGY,4.402712115685008
AHGYK6Y2LA4GIKZURFNWD2XXEJWQ,B076YPR9PH,4.108342261024042
AHT7ULEGSWNWLMFIENNTIELDXKUQ,B0BX8SSNYP,4.48022651069757
AEQD3ZBLPEQEKPSKXQDLDFPGK32Q,B08Z5ZQB7F,4.893156786882618
AGWWCX5J7MNO6HLHGPDUWISE2SDA,B00Y0IV8AO,3.86929313670971
AGEKML3B3AXH5J42LHHD5H2UGZBQ,B06XHYLXZ8,4.402914495322667
AERXAGU6PAY74OIAVZQKU5ONB3NA,B01NAZMWZK,4.592763231204385
AHW4NQZJXTFN5UHC3SDKQPYTFZNA,B089QY6YYQ,4.747359018321522
AGOFEC5HKNFNOGAMR6ZDACVQOFMA,B00356J8KE,4.490293728105074
AF6Z2TQ5BOCRCNQUNPUBP5XCYZMQ,B081P1SQGG,4.790073557930449
AF5UYSBQUE7CZYB4XX4P62KIX5NQ,B0154JSY68,4.002088647889708
AEAXMPFMBBZTPBSGKDGQGBOYXDBA,B015HG7HMA,4.567267377559914
AFKMRDJ3QAUQB65MCAQHLKTJNPPA,B0002GIVIK,4.327916608927573
AECH7O3ROJKU66LUU6S6VLO3EAHA,B008TNAHX0,4.382181604148947
AFXABTTWQTMQTCFESJ75437ATYXQ,B07175TMXS,4.5738475776501915
AE5CFFYYB6ZF5KWXQDULCTXOUSNQ,B0BLBZDZTX,4.277744860131178
AGR2HGNGBX6TFVFHQFKXRPP4B22Q,B0BJ3BBTXH,4.610817347647242
AHSX5YF55LYO3M2ODEKTHCHGYQ4A,B07N5GZ2MF,4.685999804739907
AEHVR6WKEXENV637D3LEOOBECPBA,B08NYZM99L,4.371705987434216
AEUGRGHOWY23GCKG6LLYUJERZBQA,B0B59363YK,4.680513724193433
AH5E2TAIZPV7HKZ3M3S44UIQRMCQ,B00RVE9X06,4.450002392729494
AFZV4SQHKPAL65VYRSQSKUKWMXXQ,B0BTC9YJ2W,4.699301462759176
AGXWBFBAKLMJWMQIC25BQF3IU7TQ,B08MWSS6SL,3.817410648329665
AHVKGDD2OV6WLV2KGSSVEGRHZLCA,B08DBDD6CM,4.623442820937296
AHEEE2KB2EVXIUCUXEVKVGVKJIGQ,B07NP7HF7X,4.416969006462466
AE6BWNMYSUWC7KOOGI4IE475U2LQ,B01J5A06OU,4.483644899780497
AEU5GN766HQJG2WCFWWLJSL7EPTQ,B00ADHKKZK,4.500870116459547
AG5UQM2HGELE5HUDREGA5BDL7CWA,B00HU25WSQ,4.18908005841106
AEYQWVFYGHQ6YRM4NSMCPI544CPA,B09XQRVFC3,4.281962749327746
AHZWCCGZFVFQCXB3CAFAIKQZFIRA,B07Q6L4YMC,4.865315867968839
AFNR4DU37IAIYRYQSCO5LD3SR3OA,B07ZPSCW5K,4.435934056696098
AE23LDQTB7L76AP6E6WPBFVYL5DA,B0006V6SB8,4.768871055290313
AGRBVW3SOLA34DPI24SNBQDSKK2Q,B0B44VTPS1,4.317689300181145
AG5ZVXXHEXDYUUODSEQC4XXV7DPA,B01ANNNKMI,4.621781187963064
AH7BTSFO77CNNKQFU7FBWTV5DI5A,B0072LXG2Y,4.782922704909929
AGCML7EM4QFDKXX7WKPZ5XXY3PRQ,B084HLG86T,4.774488442787392
AHZCVYEEYWXLFNFDYHAWZNTVW74Q,B06XX417G6,4.4498246242190325
AHHXUCKVUSI7A5ECJMAV6KU2HOHQ,B003YJQX1O,4.45624584605431
AF2WT5HLSFDRZLZXCMBQL4DT2FBQ,B00N4ZHQ14,4.705966221841157
AHMNA5UK3V66O2V3DZSBJA4FYMOA,B01FHJLE6M,4.04713829131588
AFONTBXNXRGS5WJO57UBKW4A2UEA,B0B24RR2MV,4.659145435606996
AE2FR7SKS6WTM5HLF6Z7JAUJEYLQ,B09YDBKT7M,4.220300210607055
AFPFQUNXMIBSHK3ESA7RA4CCB6MQ,B072DXPHC3,4.630014715268384
AGBQKWXYGWQUURLKTF2S5FPTJF4A,B010NAIE1I,4.874290909940664
AFRX6Z2R32E5KHKQVJTTBMYHE22Q,B075VHF7DQ,4.668167569847533
AFJ6BNKTPZQXGEOAIOMMCSESJS2A,B0C621L9FB,4.565170045086274
AF52VJ73TUZISUIW4H36R7IFY6DA,B09JJQR4LF,4.512318049721104
AGH2R6V52CPCK7ZOYE26G6XZPC2A,B0B27PZV1D,4.720108127195951
AF46VJOZTEVDEWQECUVX22FZXGGA,B0BCK6L7S5,3.859407090178303
AHBAALGJM3WOUSOXXUXVGXMY46IQ,B0B92LPGD2,4.724908299107694
AGEAPQKCIAXEDWFYKW2TEAJ42PHA,B0731JGPBT,4.2227561984454365
AE4HL6GTIQJ7HRI53XDKIGVJSPRQ,B073T2YK2J,4.645741589975442
AE4KQ45U5PV2LEKFZP3RUM5L7JYA,B07NDZSF2M,4.075780362121888
AFJLV7O56674QAXNCZKDUMRTQ24A,B016133LAK,4.29291373642846
AH2T4ILXGUB4NIANK6XPC4L7EO6Q,B0002E4Y2E,4.430716386977039
AEE6H6VC6RTWJS2RMXUJCDPOY6NQ,B09WQTXJRK,3.9883251955002423
AGIGR25MN37ED7XZL4U3BCARE4XA,B01BU6B4Q6,4.092599314993335
AEAENCVJGSC5KSHMTWYFAUG2J3VQ,B08KWM37GM,4.148931497317099
AH2G2C2AD5EHI7NW5VVSKENNWCTQ,B08R5GM6YB,3.8923397250307668
AE73Z644LPIBCCFQ5GFXVNMAFXBA,B000TGSM6E,4.462481567815126
AGRT6VTGHZIQYDQKPWKQGMUXCGJQ,B00N4ZHQ14,4.68394280520468
AGJGLCZKE5735HGK27G2B7QZB5UA,B000LQLDM2,4.9024966838348005
AGPFCVE36JI4PXFC627LXEQTBD2Q,B08PPBGVK8,4.6825173279795615
AHLCWDLO3LZRSKKBRQ3RVIPYLHAQ,B0BPLFP5P6,4.2378076013846835
AEJGORR5LABAQGREISJHB36GTD6Q,B09ZTJH58K,4.700192014248829
AHDEOEDSIXUHKXUDNA3KR5BMHRKQ,B00N5THDR6,4.48540214504022
AELS7RFFR5L5YUKQ6TOR6MBA7ETQ,B07GFH8NTB,4.7209658721057135
AHEMAURZYRCARVTVF6CQYTYE4I4Q,B012V1TG9G,4.588548102003888
AEQ3XKG6ZOJNIPA7EQNMONUDHKRQ,B07CZ8QC27,4.171131841015633
AH4TRI62M3DQDEIPLWI5BDBDIUKQ,B0BS1QYSFS,3.8438029775917295
AEU6AFGJV7RWYKXGGONYMF4GOGBA,B09V91H5XM,4.031364271286458
AGY3WTXVAKWR4KGCW3DJHZR5Y76A,B00CGFRJ2Y,4.9253043460573345
AGA3UZAMOM33JZ5QFAPVV5QW42UA,B004G7O1Z8,4.725147438701382
AF7SOHKHVL3AUZ5WJDUMPOFDS5NQ,B07DLC8CQZ,4.906832897145165
AERG7PAAOYKH3RMANNHJ2PMOQ2DQ,B0C21BG2KZ,4.126550688868917
AHV4SKXGCWKAT4NRPWQDWERJQLXQ,B0919G5ZTY,4.942438094405447
AGHAFZQSZLIALFSCHDYHAZPW24FA,B018FCZKR2,4.5240801931348
AEGNNCCRQPA57ZYBT3IO44I2VAPA,B0002DNUWK,4.494271662077195
AHX2MR6NLBEPURAZZUYFARJVHSEA,B07B4XLP57,4.881748898848652
AFD4VCHPTEWZVXBCCILDLHU6SSEA,B0002GH8X4,4.836020919222266
AEVIDOETQTYGFWUVJGTIDMWH4YFQ,B06WVXN1YQ,4.718944989701079
AES2BBDYMUFVFNRLDPD2WTKS7A2A,B012VQ5A7S,4.64958226363591
AHQIX3TQQCQRG4VLAEKKURPGW7EQ,B0BPJ4Q6FJ,4.873910332746774
AGSVLMHAE6DKL34BW5AJANZ2HP3A,B0BTPB6GRM,4.215809897683559
AEWVU5J4PG33DCCBEUU3NC2GLBFA,B0BTC9YJ2W,4.766915129167825
AE5JOCZ3MGV3MS5FTISYD6T3D3ZA,B095BQ6T33,4.257551900299916
AH7YS622MC7QXBBAFEBQLY6PVTGA,B0002DV0CC,3.7392852218291286
AEMXGB4ZOBCCTEB73OXEDAITLCAA,B0BHG58G2F,4.727149093349827
AGFZZZQOQBBYYU63HYX5YJRDB2DA,B07M6T47WZ,4.669262731392573
AHQSLUIQE2S6RTEJHPKQTLQY6ILQ,B00O9S69BI,3.290996575775178
AG32CG3V4PGAJGAQMRADO2QOAJOQ,B00TH48HUK,4.404494415967781
AE5VPKX64CVOPH6X75C7EQXAIGLA,B0BZ1XQX97,4.40826986896624
AEB6QK54PZDMGSGTZ43QGPNG7HEA,B092LF6RLS,4.776137959138769
AHLD7UDM67OZJZVX3MNHQVTP4JCA,B07B8WL33G,4.521998649461365
AEWYKSYOUQSUSRCMJALU6SQMNTUA,B09998RDGC,4.506878038897846
AENRVEVFEOOUT3CSPWXBRHTV7DNA,B00B6KMDU8,4.407032189358022
AHALYOX63S6CACZTHN7R24RVEX2A,B0B8M1RZWV,4.277083802087976
AEZE4LZURVM2QWHLRMB7D54T3MAA,B0002DV0CW,4.50785121194466
AGVRLUFL4ZEIFPCUS3MO3TYW337Q,B07T3GZVMD,4.716280080698612
AFO24CAUCZQKEVDR6FMRJHOLEE5A,B009N3VDBA,4.308966036692851
AFV3FCAYHRCOC2A52AGKK2RPPEYQ,B001VO7FPC,4.631507269558871
AGKZ2ZB2D7CCGKIUW2EHZ7HPQOIQ,B096K2LZKH,4.6599054194826
AGHIMWAIM6LO7YDHL2CEV6NVRWWA,B07RG6P3N1,4.861022002820909
AEMLDUMRZRY3H5UQSTVOGIKOR6HQ,B0BBPLFSCG,4.372620466431491
AHIRWKIA4JWTMPDXNI6ZTUCUQ5NA,B0BT8FDL8B,4.134878984591992
AFA52JPRDGOBHYA56MQCHTIUPYHA,B07DWY7R2X,4.6467442368854455
AHSHEQGI4K56JQBSWBXQAB5UDHFQ,B07L5B64RG,4.403645096116627
AF5LA2ZA24TKFPGE54QQK7LV52XQ,B0BPJ4Q6FJ,4.19562812245848
AGPQV76FD2ZADKYY3AORROQCEXPA,B08JMQR2JK,4.307262532668444
AGIZAXPBONK53PAVEEILT5YKYINQ,B00I03OGKY,4.72033453219169
AFROAABFKVW3IEIVRSHAIA7VR2EA,B07HM16JZB,3.8645223898794367
AFQQRHNOS2AJSMORGOJQTDOWF6EA,B07VKYKXDZ,4.474971106511348
AEOOMMRNOICCQAIPTXNDSX3M6WYA,B0B55ZJK68,4.669077342988193
AFWVN3PP4WG4IPQUXVHS62ASS5XQ,B0BKZ51ZN4,4.505969094552619
AHUNAIVAYBPPDBVW2WOKRATDRQPA,B0BPJ4Q6FJ,4.713251668473764
AFDSQDYICQ3ZUK6K66IKKURLEKGQ,B07CRFB66G,4.7891015017812
AFZUIWPRDEKD7XPVABNXN764RFEA,B085QKS9LZ,3.5771374257055806
AEC4JX3YOS6V5AOJMU3YD7X5BUXQ,B0B4SGJRHR,4.642284998538617
AGX34SAPG26BUKKPPRKRXAAUKBWQ,B01FJZBI7E,4.100972689328733
AGQ2FSQ2EJJXXJDWNXNLRAQCQLVQ,B07GV85N58,3.6531600122417864
AEBIEMNW4BPGOFLHZCE7TRXIQLAQ,B07YMGPV7P,4.620823057497585
AEVPSBSO2FUNFP4I6GMZMM5WFC5Q,B0B95V41NR,4.770603798585249
AEPFMCRRSJJXQCYS463NU355VGZA,B07T1P4V9V,4.658851491745917
AG3QPT6XXHWPA6BFADE5XSVAVYOA,B07685T8FT,3.8924515360833665
AFITYUC3765LLGHMH4L6XJXCOWIA,B09ZTK33ZC,4.905263567373474
AH2KEO2XP7LXZ5OHOP2M64SJO6UQ,B07CQS5DJV,4.758155591198555
AGP5W4XNLLC32Q5ZPAQB6EMK3RTQ,B095WG3LWV,4.842038476466042
AFKZTCN4BNEKHAJQARBTQ4RZVETQ,B00BQ91V48,4.344856395646781
AHXZMBZM7TCTGR6YQ7MI7LEAZ7QA,B00HWMG44U,4.3335921741615575
AFZHRGPFPMKKAPUZ7UN6ETIKTP2A,B08NK7LFV3,4.665552956061649
AFADSIHYNNSBDX73K7YVB6Y2MCHA,B0002E4YI8,4.209190426199818
AE5MXJ2USMZKM3XOPWONVYUEAUUA,B095XZJ99J,3.9322719665484023
AHEYMCHDEQZ7TLMUCRRSNZNFDWSA,B07NSWD8BR,4.459926912152119
AGWPL75LA3K2XKGE6NIKTHOVLJEQ,B0071ML4N2,4.740473351842237
AE4RY4OBRREKXFXI32SR47R3SXGQ,B00USQY0CK,4.6512743604418105
AEJDUT4MZ2N5JQKUCHABBP3D22VA,B0006UGEOK,4.7109293170232345
AEJ6HNHF32QL6ZB2UOFMCYJNT4RA,B001L8NFZW,4.655373645299545
AH4VH7HDF2ANWCFABECA7ZXPL3LQ,B07B4WXVTZ,4.642554492488585
AG7IN5L7BFVBNE2TNWW3P3A5RF7A,B07MJ844DM,4.460833263877019
AEWBPGHXAWZU45S26IQNREVTZRMA,B08XTNS9T5,4.841573524382399
AFUD46FQ5QP2KHEPMCNSWXMDZ5MA,B075B67HFY,4.325008467736717
AH7YPVRYKYOEFIO2KAADU3AAXXTQ,B08R5M2FGY,4.6288521216854726
AEAFOCTHO3YMMX5M3YVUGAU5S3VQ,B01LQO3GGS,3.9271176535807593
AGCML7EM4QFDKXX7WKPZ5XXY3PRQ,B0B2M1GPR7,4.798256090238093
AELBSC427YP3XNO3L4ULNIASKB6A,B015HG7HMA,4.263773370434462
AESCRGAOM4FMUCDGGPUIRSW62JPQ,B08T2PK2DG,4.438386601544232
AFB6XAMKLLNH7JVIJ42QJ7TZNG7A,B0BL2W52CK,4.056012435491055
AGMTCMP27WCMMXZ3R3FJ5F4KDABA,B01C5TBX68,4.6661742956918
AGFSPZ7XOYCABXF6VYXQVWQRMO4A,B003AYIKNW,4.829962736055096
AF7TFOXQFNNFVM2IIFSSVXTNGFNA,B017DBD44C,4.390641719988762
AFEHZC64FEDKDTMFEAP6VABWIO5A,B00TH3YPDE,4.6076921514261215
AE2G7LHNL4YQI5EQHO6RIGHESR7A,B06X3XT47P,4.39323440333872
AHCLEFILWZQNDMN4L3LC3DJLZNSQ,B07MQBPZG8,4.773281690866977
AFCCQ65LWHZZ35ZA5BR25DVKLNZQ,B01LYV68RY,4.681300758843097
AGYV6AFXZR5TFYH7B5FLJX3DPYNA,B08HRZ15QB,4.556930118053918
AF2ADEWSNFYF3BRXGP5KXRXULGKQ,B002M8GBT2,4.510954227057669
AERNRI6KSDC5MTIFVRSJGJYVLBZA,B07T4TKLW2,4.003596339584375
AE4ZHMTUJZKVNPRTAVPTOTMMTHQA,B001LXMXU0,4.696955603123888
AF7OYQHKRXAWHQDLDOVMRNX6V6RA,B01DN7OC00,4.507651995216111
AHGYRKOFMG4EM45YSZBUTWUX3KJQ,B087D91DN4,3.7275614419168575
AH7YMO4TVV6ZNDCST3A5SSR633CA,B01EPWGF8O,4.084278918974665
AEQJG2LA2SCOGALBII4XVQ5DCOKA,B0071YXCVM,4.109980424774574
AGE4MJI4ACCVR2HUDBPA27GVIZFA,B07ZMCH5PB,4.791152388751177
AEXY3DSSYKBHCGAMNYQRGD3GR4QA,B01NBNM97K,4.588146647511175
AGMIECBRRAHS3YUEBQNL7M766ZVQ,B07GQDYWWB,4.227842448157773
AE4OL5LGNMZXDJWENP32PLH4KXDA,B01FF4FX2U,4.3306395187656985
AG6ADHHJ2MHUP3ZBBTGMZVJ47Z4Q,B01HN41Y2I,4.886988137682842
AHACHAD3DDY3NKK6BCN7RWH5XWTQ,B0BPLFP5P6,4.45338430475789
AHSYUEHHWA3FIZAUAZYFN54OHZWQ,B0C5Y549L5,4.414274327822906
AHJSYOIN4W5IZ4SW5LSHCHEBMPNQ,B07X2LN3FV,4.65415387517168
AG4IBVQSLXLZFIBFE3EDMOJMVLHA,B0779ST115,4.771075284031104
AGE5YXPVOTT7B2DW5B4LPLL4GL5A,B00EBK6C20,3.8840538749074582
AHR4N4IZKDYWKN7WB22HJF3TE5MQ,B003GEJ5SK,4.332236342644088
AE3TDVF6M5MAB6UK34376XCCHBBA,B081P1SQGG,4.801723000751532
AHOPM2RGN6VXHKOR2NCYQ6EGTAYQ,B000K9JPB6,4.657684681759047
AEGO3MGGYGTJZINMKJ4UZ5LR4SAA,B01J5M2GO6,4.356953357874428
AFAAQVGMDINJAJNDD6HE2HFNJ7AA,B009MAB0S0,3.5990456733745866
AF7IDWLJAS3YD3QYSBECQLZ5PYKA,B016QUXTZU,4.511737628321874
AG3PQBC2VIMREI2WXU7IFYRIGTPQ,B0BK5CXZBT,4.9387623861052345
AGSZ34I5SMWFEZ4ORPYAAOALSV6Q,B09R6PRMMY,4.856044146518604
AHYOPNWLGYLSKSBUQKAIWYDOSV5A,B0BYNM15YB,4.234391327354096
AGRCXV4NM763VGZGD6BQ2VGNCJNA,B09Y53WDDY,4.139960324001594
AHNXWNFZIZLK2A3OGVF62FGR6SFQ,B00VKI4YDA,3.6378499778252698
AG3FI4LLMISCHAOGWQT6TCP4ORHQ,B002CMLQ0M,4.200586623311153
AHB7UA5R3C2NUJTZWPJPR6SNOGQA,B000TGSM6E,4.024471270288264
AFSKOXGAKKYKA2UDMHUGHPPT7W7A,B0B1ZW83N8,4.372932038135755
AFLABIBLTVBHSWCDT6CVWJ2BPTFQ,B0BK6Q2HDN,4.674465339041413
AGQEZMUPBTC6K5PQNIUXB57MMSIA,B01DTGCMFC,4.467176406071895
AFXGSPUGWEKJENYDNCYEHUOLMPUQ,B0BZ5JK2GC,3.9791551895490582
AHQIX3TQQCQRG4VLAEKKURPGW7EQ,B00IWU2CBA,4.799425703181365
AEYVNF74XFFZ6UDVWDZVCTFFICNA,B07GSJNMBQ,4.399682745048622
AEKELSFZ6K5E5W3BHUWIJAZ2BW2Q,B003WY26VM,4.6987496979015875
AFH22HRJGMLKZUDI2UN5APR5YIAQ,B074TNDXM2,3.8471287253588646
AFKOCLGNVPBGV32N3QBZRUAZHOLA,B091YFQGCJ,4.827272983196668
AFKICODOC3GQGWHGEYDUBNFHJWOQ,B09GTV6QZQ,4.796339312134046
AGXKC72DZQZZXSYAKCMTSLRGUS5A,B083FTGJ5Z,4.767985431732718
AGSB65UVLST44NVCLYYW67CJAV5Q,B06XW9MTTV,4.587029095091744
AHW4G6FPXYTHSCVVU4DC42L63IQQ,B08VWZHQV1,4.708029525334551
AGJY5ZQ56LDNXBGSQ6UWS7WUJXHA,B015HG7ZR2,4.030892727583321
AGGZ7UAJ5H632KVEBRZJX4TH37SQ,B0002KYXTM,3.316495928858652
AHDF5QL5Q4ULQN46WRCHXHYHXO6A,B0787H2XHY,4.558307003949866
AHTOCSUMQGOABZ6Y6MR7XL6ICETA,B07CQQXQ4T,4.902928504222669
AFPJNWATIEOD6OYRPC4BI65KUPZQ,B095XZJ99J,4.818349720854119
AEXQXXYJKOGNFK4BIA7CNTZ53ZMQ,B00HX40OL6,3.9873053846597113
AER2QRZUIRFMMQHUKONI6X2CASSA,B092LF6RLS,4.623290940497089
AFDTO24ABREOG7VZHGM5MUINEONQ,B000T9L7W2,4.779989597336703
AENFFWFS25A7LLXCXTK5P2NDTS6Q,B09YYF4X1Y,3.957121170756332
AEQZCIHPL376ZN3LRVIK7LKIO6IA,B0BYPSNQYG,4.833486488879837
AHZVNE4T643FNNMVG73UHCN3EM4A,B08T2N25MR,4.4557912382681835
AEQIE2USMD5JWF7BFPFSB2TEEKVQ,B07VHZFD6Q,4.092860535146766
AHF5NTSGVKI7CPBJ4IAFOIABKZOQ,B00DY1F2CS,4.307136387643206
AGFI4RKJONGNCQLVN7JQUO6YYOXQ,B09Q39C7W2,4.828684057224928
AFGQTSA5VSAM326LO6ZKAIWIFK5A,B00HZH4D04,4.457396350662654
AF5HGFNU4OVZIZEWCTWQLTK2HMNQ,B07C91JT14,4.64501136181381
AGZH25VPWSNSD4E5IERFYWMEBOWQ,B0BXT1HP18,3.8979392515771
AHF24GKKXGAKQLPBYVZHEMHHNQDA,B0B8NXV975,4.392009938913161
AEBLVOJUISLAIOWLTIXTJEYBE3HA,B0002GZV5Q,4.601975331829079
AHIU3GE2TRI4ORRL7LLFAEQTJAYQ,B0BFKPM8MQ,4.349811884292804
AHEIHSN5VJYUIV73TEU6VIK7ZDNQ,B01CS87OLO,4.648597386422258
AFTWTCVFKL5GDM6YHN5ZLLXS4DOA,B01MRJUB7Z,4.333203068471986
AFF5XKPT3SWRRPWQW4WKIVQ5QGAA,B000T9L7W2,4.803359459310068
AEVXZ5HNDHIRVO7AGCSTPLFI3OHA,B075PPKM28,4.520452444809615
AFOD3ZGWBE5VCJ4KGH2OWQP3QDGQ,B003OYOXDO,4.80997545502356
AHIR3YSOUWL2ZU45WVOXTO7JGE2Q,B01448TS1U,4.511313747499555
AEIVZRLV4V53ON6VTC2U4TVBZF6Q,B09ZDMFDW5,4.027035587729049
AES2ZTXMTM2USYRA6JS7MPAMZ3ZA,B097Q9W8MW,4.65558301953398
AFQJYVZJRRJKT73QEQYX657RRIOA,B00557KN28,4.460624967309913
AF7SO6JG76JZKBKRBXAVQJOJBPHQ,B0B7B9W8HP,4.887591862945435
AEFT4MMHBTLSDAH65OHIQGKVNBQQ,B00GESEQ4S,4.136529759045523
AHUYGNA2GEDE4I4CGQITS5RUZP5Q,B07MCM2DCZ,4.761357101067601
AEPNDOJU3WRZU4C4BPTUTJTA74TQ,B008BPI2OW,4.333969676446669
AHAHOZT5TWLEYPYLP3UP2SMEKHYA,B0BT2Z1DF1,4.152032246794157
AGNRFLXG5P256TIYC7HM6I5IT2AA,B01DPCONFM,4.705359162861231
AHQXZXO3N2WPKJCIUWXLBD4HU66A,B07VWSB34H,4.217367850370962
AEVAZYJYKF7GQKK5BA4Q67I2TC5A,B008TNAFZK,4.548560353305657
AF677ONY3CIUZSPX65QTI7AWREWQ,B07Y2Q3RJ4,4.798132513440674
AGCWPLTK3SHPNH3T2RNITANQJ7UA,B0C18CV4TS,4.427516080923979
AHZUM5IKWN7PMCQOVZZ3KIWZIOQA,B0007SL856,4.518904692717787
AEXUUT6Q3B7KIV576X6RZDSZ46QA,B004S8AU2I,3.5887016931740194
AEHV7MX3RQEWNYLQYANYEKZCJKAA,B077KGX7W8,4.399894131212626
AHVCAMIWNQNSJ5ZEEHS7M6MML5PQ,B0095DRRFO,4.6670569501508785
AHM6XU5UR2N6ONEAFVPHJKEN4BUQ,B09Z933SNY,4.741137787875598
AEJOVM2ALRKRJRWVSDE3PYRVUOJQ,B004C4UQZE,4.20211832429589
AF4KIR2XI5YIEI4BUP77DBCUKTNA,B076322LP4,4.6868542853348725
AE6BF2OU43AYS3JCBNVWV557TCMQ,B0BPKH7FJ2,4.847106830432487
AEVIDOETQTYGFWUVJGTIDMWH4YFQ,B001FB5Z1C,4.67537462438483
AGX2AP2EVUVFTBGCGS4K7JXT5XMA,B093YGM3KQ,4.116040556737344
AGGK3X3WGTH6W5DBGC3QH55HKJ7A,B01E4MELN6,4.521137766722824
AGTJMPFA4UFAU5ESGIUL7UH5OENA,B07N5K2V9H,4.37868112178016
AGKNSAIF7C6Y4L4CXNBU4WY3L45Q,B07S1LKQMB,4.252430593233177
AEIBKB5PUUEGL4KKJI3JX5XBWIQA,B07CTD883P,4.36468921139215
AFS673IRZOY3VOUOVTEN46GJ6ILA,B086RHFW8Q,4.828036181365811
AFAFI6N2OEHEZMADEFS6BN4XMGRA,B0C67HCGBR,4.739356558591094
AEKBBT67IL2I6N4BWLSBRL2AIECA,B00BKXN9LS,4.429159369096965
AGYWUC3S7UKKPS7TUSNVDSB4L3BQ,B093YLCJVH,4.507063131438006
AHYKDZQIJSFNDBGMKREOKXQ3CNLA,B07KNJSD49,4.856426869256593
AGXQG72Y6EIMUAUYDEY7IGJUQPMQ,B08T1TWV29,4.7942447814830516
AFPWFNBSJ2BTR5JFERVM3G36OGYA,B092LF6RLS,4.735334060366516
AGTHNNXKJS4JBP6OAHE4J3BYXK7Q,B093YKLWVN,4.794964864593862
AHOPENJEX6Q33FXYLE5UA6FLFQ2Q,B08R5GM6YB,3.8900111764702707
AFKQDKDIZX7G5QJH3LDYG56O3NXQ,B08HRZ15QB,4.435868533867185
AGYKOOS6KFMDEQ2PGJ4C5GZFVJYA,B001B16ATC,4.709363686647042
AGWRKFZHFPPHHO5LGEUI5Q5V5YFA,B0B8LMGQVX,4.368455734646059
AHN7YYV2JL4BFTMIJRYAI5PF3A7A,B00WJ3K3QW,4.292774833447337
AE5GU6FB5WPUSX37JGGNXLS5MNLQ,B09VVV7CZ8,4.5965640200705655
AEQ4WIM7ULSVAK7HRV5U3LLC6QHA,B08H1PVP9N,4.7991379244512125
AHCYDRGR5OLYTFQL4OPDHOUJ2Y3A,B0C3WPPB5B,4.80780001961276
AHGDGGMCSMMALHTX6WGLJFFUVJXA,B007MY5BDI,4.719521554445281
AEJX567KHPDJBTADR5WCKVVXORRA,B0759JQ57Q,4.14259830418025
AFCNKGMC2A6IKLW4OALP7RD34FSA,B0B2LMZ9RT,3.947427485634654
AHWMAINY2QSKJBVYDTNANQQBP2NQ,B01G26TRW2,3.8228508951342484
AH4U5I4KI6JDPIAFHYQE672SBUAA,B0BT9R8MMV,4.905509413382698
AHR6YKXEXGIMXC4KZXITPYDZSIMQ,B0BPNMSDGB,4.33578338813635
AEEGBXTASTDNNZE2QXR5IIGX725A,B00N12WYUS,3.985640699602684
AELYPSLZVDD2H3VFIKHBMMXV3SBQ,B002YL81RW,4.142245926015108
AFQZQTVMHCRV3OLIWVWAHUZIQG7A,B07NDFFKJZ,4.127803525735458
AFVUOJI7RCDL5XTF5RPKZYSEGOVQ,B07DLCDT3N,4.422773667524275
AGMHYG4CTWKILTZWCZ7QM3JPVGXA,B0787H2XHY,4.60105372374491
AF6ELLW7NT5WNL447YQWXJOFYLUA,B0002GKYZI,4.942436895956012
AF4IJ7EGPU2LWQAZTYBA26KY4UVQ,B017NT392Q,3.890846118525435
AEQIXOBGYVS2DIAO5XFBPPKNMA6A,B018SA2CPE,4.570483490508206
AH4CKDTXBSDQ5HF6EYLK56OZMQMQ,B0BLJSQF7R,4.433380895372389
AG7IYY7DBVJGLXBDW7VOZSLYS2QA,B0002GNSUQ,4.8618517401987305
AHLT5ZI2KDKZPDKOHWZNHNQMDFYA,B0BXT43MN3,3.871083703711843
AEKS23KTJWPSSKWVWNUPKQMKOVGQ,B016X2ELIU,4.6262987075467095
AG2VMRQG7CPHKGWNP3TT5V7I4JJA,B0BYXQHW7Y,3.521433796557549
AEX7FVG2DT54ZTSPX3E5PIYURQGA,B07BSL26ZW,3.957562139526947
AHTLRQ7HCERAHBTOD4QGJ4CE6WUA,B0002F5C7Y,3.9246485402433064
AET3S3QXEZM7Y7MDGCJTFTTOPAHQ,B005M0CK9M,4.3538259586784065
AHXXM67KZP5QLRJXRK2X3VPJIVGQ,B01DECWM0G,3.853334687568621
AHHO3PFPFK5PZMYWZMKQIIMLGOFQ,B08ZS312RW,4.095693650266666
AHKCSUGN4Z7LGDRN3YPANQBGOBUQ,B0089NNAZ2,4.34144350219532
AHDA2HXHNPLZLKLZGCDZCCTQOFHA,B07L5B64RG,4.317953073195525
AEVI7UHYFLB3IR4ZXWZSDLUH4ZAA,B08JMQR2JK,4.629825233784921
AG5JUX7FXX2LHPVNLMPUVLKMQNGQ,B01KQ29Q4C,4.553404883059686
AFAC3WZ54MY5GPJ3AZMZYHHP2RIQ,B0010XSZ3A,4.507856184269519
AHNH5HCKCICNCS42TDTL4NDSPCMA,B0BRG26SYG,4.7873787867497
AFOLEJG76QYTV6QYU7GQDPHBAKQQ,B01KNZOYBC,4.4193914562295005
AEA2NBRBGJ7YCMWFUBDJ4TUW6PJA,B08BJ37FNS,4.846904029187657
AHCTTD6GVQ5S4SDLBCMLIXEFH62Q,B0010HCI66,3.9674799716793085
AE4B2GFN54FFRAJ6PKTMFN2BI35Q,B015X3CXXA,4.202292785288168
AHJ7A4GFTLZBIWG2NBUAJWK6B77A,B004ISK4AQ,4.40649916269744
AHNBFV3L62BHBMX6V4NFRT7PR47A,B0BNCDVD4M,4.268801266186242
AGUMX4MREHVOVE3I2DZAOSBF43ZA,B09CGJ6XK2,4.165754096013755
AG545MMHYSJ5GUXAXDOVIC6IZ7ZA,B0C6J2DPBW,4.9374807863759935
AFFRCOTU354SFF2TWTMJSVJ3T5HA,B001U0ORN0,3.9765032115743244
AGX2AP2EVUVFTBGCGS4K7JXT5XMA,B09G5QS1VD,3.9683277248426916
AH2ADQH7UOGDTDAAOQMXQCUAGFQQ,B07M6H5RM9,4.879900052721762
AFZUL4Z3J5LTJYTWP6IZULSDVP4Q,B01CUZ857W,4.753345001323689
AHCBCGJUYWKLVCHVXNU4TUSZHFNQ,B09T82W1SN,4.275284782732746
AG3YSGTHAD3XS22MCYKNMVKVIKGA,B00VRPHV2M,4.652565370235315
AFTRBS7WXYEYEKN67P5GBLKBXFEA,B00BXE4R6U,4.870537320186708
AFDINRMUT6ZYV2P5SAJHGDWWYCDQ,B08R5GM6YB,4.36941543631557
AGMRYSCYS4DGUW4QAISHDJSCHUUQ,B09M7CK2WK,4.438847051570578
AFVWWNWNSTEY5P6JAPQPESCVSLWA,B00H35YIJE,4.552863016410228
AH6CH7YIZY2EWT7UENH73RZVWUTQ,B013ZHK4DM,4.904743106313554
AEUH4L52LUHVPTST3WLZIWTLTDWQ,B078X3SSY7,4.6765414265629595
AEM3SC4PPHGA7KAR2YIGUEC4FUEA,B08T9CCXZB,4.940809510395551
AGUZJ3UUDPR4RYAP4C6R3SJUXQ2Q,B074FL1CP1,4.563356471057684
AEK3AZJGYPN25QIZM6WXRFG3HO7A,B097Q9W8MW,4.5138451377307085
AFL3PZUHVXQES2NB25YCAYJ44X5A,B07Y94MSG9,4.651424300488834
AGUBV3YUSN2CPPH4OQBNF25FLZGQ,B01DPCONFM,4.3571514839032215
AHXTVTZ5AXDYH2ZXBOCSODALZROQ,B00GKBFII2,3.907012337385156
AHJTMJYE6S55L3I7CVDRFQFKVS6A,B098KXQJVY,4.788790457737164
AELW2KBTX6VJ6RO2OSAKBEBXZNLA,B07FZBF5HY,4.320725716125612
AEBFEHMBWTPBUVIGMLJC5AIILUNQ,B07TSGLPLY,4.538130517124024
AF6IPYXSVTYOXYMAQTOUM5PXRN3Q,B071Y4HJWX,4.818759977707105
AGS2TDMTAC2L4AB277W52RWJNHVA,B00WRJM5NC,4.551641644104084
AGQA5BRX2ERUST4AUMTLVC3JMWRQ,B08HHVYGV5,4.608733779608457
AH4TXKB3XTGBGU4NY3M3S5JSCEXA,B004AE3W7U,4.74819697427334
AGFTIABCQLO57WAANY32UAELMT2A,B076LRN23J,4.602209741921553
AERTAT3QNBMZ37Q2QXE7LSZQNBZQ,B07541NT4L,4.447105112955367
AE7GFCKWYXDFXWJGRCVZO3QFMXIA,B074MBD643,4.2549729833647785
AFTRYPOFRCX65QE5BOHMW7GRYAOA,B0BCK6L7S5,3.362165499991359
AFOOI5ACUEN6EQJGID72GT2LDZAA,B0146YTJOI,4.651158997850407
AHC46G7YQEC37VOLPDIWZQEWXE4A,B07TXL153N,4.762480228058033
AE4KQ45U5PV2LEKFZP3RUM5L7JYA,B09RN6MGZH,4.623738507040619
AFBZUTNSJAW5GQJZORPGE5B5NPVQ,B000DZXTFK,4.511299171487474
AFNT2D5HWVLYXB2OWLMEV6ZJPVPQ,B07NKRZ1KQ,4.930681849211281
AFC3O5Z27ZZ5BOZEPDDE5LTIFXIA,B00AXEDVJA,4.358295093101166
AGZ4FRR2ODBHJWUCPET42AMRU5NQ,B09WQTXJRK,4.4788989593119855
AEMX4QQHS3HDQGM6IPOFJMM3534Q,B07NDHS7FN,4.68267731144506
AGTQ4XU4K3HRG4A26IKNCCIEX4KQ,B07BFZ2KSJ,3.689614784074188
AFPTMVT5EH3PJZHK3LUE5SEIP3UA,B06XBB9FPF,4.639784675344023
AHX5CCO3VSCRLZ46HN4EB2OCAZBA,B06WVFRW4H,4.721012750101199
AFWS4JNT66C4CCYBGOYFLTJXJDPA,B01M5DF38P,4.570882216395217
AEVNV4O74H2AN5PJ3OAYYH3T7AMA,B0B5TBHFLW,4.420297689942748
AFQKIGEYXZL76W7BIGLVR2RIPMZQ,B075R94JY5,4.181773227389536
AEVAWGTR5FUYEO3WRMUI6SMGR2TA,B0BCXL2V52,4.037678355894008
AHNIDSZTL7HFLSNY7WA7YF3ZWKOA,B005SUT0BC,4.723938075186811
AER5XQROGISYKN6ABH7EAK7OHGTQ,B003B1BOFK,4.618014606791807
AHAUV465EY5R5K4KRUNC3Q6MRA3Q,B005OZE9SA,4.118793180538102
AGZXAIGW4CJNWEY7WL66MSGGVBQQ,B00H4J7WLU,3.960138312397574
AFXVXYBWXDV7NT4GGRRNFT56NONQ,B00126HUGS,4.185341983944465
AEZD2WTGKS5BQCHHLPVO3SSL7HBQ,B00VIDJBSU,4.495949689342116
AHDORHGOBGGQFUSOKSPIMK23A7IQ,B0002F74IE,4.938840622358777
AHVKGDD2OV6WLV2KGSSVEGRHZLCA,B09DR91XCS,4.2028624649678115
AEI4K2NEMJ2UZLNR73JRGWEDU7AA,B09396NY1C,4.119793946589947
AFVP3KR3HBOXYMXIBL3ZGAZVDQMQ,B00IFOTSJW,4.4107935737272985
AGZABQWQQ5BECURSRGYLNQWTZBIQ,B00JJ18U6W,4.259412554542131
AEVP2C4BSOO2TLDDUACWGGJURQIA,B07K7VC41S,4.313780269163131
AHA53E3UYPIUKH3CMQ3NMZRCTTBQ,B07MG8PHF2,4.944958513581336
AGTF4QKF4QKW4OJSHDMTFWPIU2JQ,B07B8WL33G,4.152171624338159
