id,text,text_original,label,label_first,label_tran
eecwqtt,"I’m really sorry about your situation :( Although I love the names Sapphira, Cirilla, and Scarlett!","I’m really sorry about your situation :( Although I love the names Sapphira, Cirilla, and Scarlett!",25,25,5
ed5f85d,It's wonderful because it's awful. At not with.,It's wonderful because it's awful. At not with.,0,0,3
een27c3,"Kings fan here, good luck to you guys! Will be an interesting game to watch! ","Kings fan here, good luck to you guys! Will be an interesting game to watch! ",13,13,3
eelgwd1,"I didn't know that, thank you for teaching me something today!","I didn't know that, thank you for teaching me something today!",15,15,3
eem5uti,They got bored from haunting earth for thousands of years and ultimately moved on to the afterlife.,They got bored from haunting earth for thousands of years and ultimately moved on to the afterlife.,27,27,4
ef2nq7i,Thank you for asking questions and recognizing that there may be things that you don’t know or understand about police tactics. Seriously. Thank you.,Thank you for asking questions and recognizing that there may be things that you don’t know or understand about police tactics. Seriously. Thank you.,15,15,3
efdbh17,You’re welcome,You’re welcome,15,15,3
ef0ec3b,100%! Congrats on your job too!,100%! Congrats on your job too!,15,15,3
ee8utmi,I’m sorry to hear that friend :(. It’s for the best most likely if she didn’t accept you for who you are,I’m sorry to hear that friend :(. It’s for the best most likely if she didn’t accept you for who you are,24,24,5
eeni74k,"Girlfriend weak as well, that jump was pathetic.","Girlfriend weak as well, that jump was pathetic.",25,25,5
eeaf7fg,[NAME] has towed the line of the Dark Side. He wouldn't cross it by doing something like this.,[NAME] has towed the line of the Dark Side. He wouldn't cross it by doing something like this.,"3,10",3,0
ee3yyz3,Lol! But I love your last name though. XD,Lol! But I love your last name though. XD,"1,18",1,3
eegij2q,Translation }}} I wish I could afford it.,Translation }}} I wish I could afford it.,8,8,3
edk4e66,I've also heard that intriguing but also kinda scary,I've also heard that intriguing but also kinda scary,14,14,2
eemuu4u,I never wanted to punch osap harder after seeing that However not too hardly I cant afford them taking everything away,I never wanted to punch osap harder after seeing that However not too hardly I cant afford them taking everything away,10,10,0
ed2e00i,The thought of shooting anything at asylum seekers is appalling.,The thought of shooting anything at asylum seekers is appalling.,14,14,2
eearbor,Triggered:: Welp guess it's time for me to re-up lol,Triggered:: Welp guess it's time for me to re-up lol,1,1,3
ee5usgu,I'm autistic and I'd appreciate if you remove that comment. Thanks.,I'm autistic and I'd appreciate if you remove that comment. Thanks.,15,15,3
eeyh5zd,"I know you're joking, but there are people here either stupid or desperate enough to believe and perpetuate such idiocy. ","I know you're joking, but there are people here either stupid or desperate enough to believe and perpetuate such idiocy. ",1,1,3
edl0qqn,May regret asking but foid ?,May regret asking but foid ?,24,24,5
edqu2eu,"After he left the bus, the two harpies sat next to each other and discussed why they were unable to find a decent man.","After he left the bus, the two harpies sat next to each other and discussed why they were unable to find a decent man.",27,27,4
edr2ac7,"Well, there's cubs and otters too.","Well, there's cubs and otters too.",27,27,4
efcweyl,"Again, overall, not just for me. ","Again, overall, not just for me. ",27,27,4
edlolx7,This guy is a little turd but I love him so dearly. I'll pass on your kisses :),This guy is a little turd but I love him so dearly. I'll pass on your kisses :),"0,18",0,3
edud7ko,"Possibly, but not if it actually succedes","Possibly, but not if it actually succedes",27,27,4
ed2owpy,Same here but it seems like that will make it more rewarding to actually build a base with gardens and stuff.,Same here but it seems like that will make it more rewarding to actually build a base with gardens and stuff.,27,27,4
ed7xq99,What's your source for that? Just curious (and yes I know it sounds like a tired contrarian statement).,What's your source for that? Just curious (and yes I know it sounds like a tired contrarian statement).,7,7,6
edlt8ec,NJ has zero of their own picks from the 2010 draft still in the org,NJ has zero of their own picks from the 2010 draft still in the org,27,27,4
ed8llym,What's that like? Like what's the thought process? I dunno. I know what's a weird question..i just can't imagine,What's that like? Like what's the thought process? I dunno. I know what's a weird question..i just can't imagine,27,27,4
efbc6vs,Imagine having to pretend you didn't edit your link. The inferiority is dripping off you.,Imagine having to pretend you didn't edit your link. The inferiority is dripping off you.,27,27,4
ef40zom,I'm going to hold out hope for something minor even though it looked really bad. Just going to wait for the official news.,I'm going to hold out hope for something minor even though it looked really bad. Just going to wait for the official news.,20,20,3
eexh9wg,"""We need more content."" ""OK. here's some ballerina shoes.""","""We need more content."" ""OK. here's some ballerina shoes.""",27,27,4
effp5yy,"I totally thought the same thing! I was like, oh honey nooooo!","I totally thought the same thing! I was like, oh honey nooooo!",27,27,4
ee2k9xt,Hey that's a thought! Maybe we need [NAME] to be the celebrity vaccine endorsement!,Hey that's a thought! Maybe we need [NAME] to be the celebrity vaccine endorsement!,27,27,4
eebevzm,I like to bring up the fact that all of these pyramid schemes have corporate offices that have the exact same structure they are railing against.,I like to bring up the fact that all of these pyramid schemes have corporate offices that have the exact same structure they are railing against.,27,27,4
eewl3mr,in what universe? lol the mr. blue sky cover is one of the best on the album imo.,in what universe? lol the mr. blue sky cover is one of the best on the album imo.,"0,1",0,3
ed79rh8,You didn't watch it to the end.,You didn't watch it to the end.,10,10,0
ed3fb5o,please dont bring a woman in as a sex toy for you both. hire a sex worker instead,please dont bring a woman in as a sex toy for you both. hire a sex worker instead,5,5,3
ee1veao,I think the fan base is mostly past that at this point. Almost everyone has MASSIVE problems with some of the decisions Nintendo makes.,I think the fan base is mostly past that at this point. Almost everyone has MASSIVE problems with some of the decisions Nintendo makes.,27,27,4
edmjk91,so wont back up your words? thats how i thought this would go.justifies *everything* I HAVE SAID.,so wont back up your words? thats how i thought this would go.justifies *everything* I HAVE SAID.,27,27,4
eeq3vim,"Despite having lived here for 10 years, i've never been to portillos, and given this, it's somewhat unlikely i start going now...","Despite having lived here for 10 years, i've never been to portillos, and given this, it's somewhat unlikely i start going now...",27,27,4
ecznohs,You sure? They seem so much brighter on screen lol,You sure? They seem so much brighter on screen lol,1,1,3
efh4i9q,This is honestly the cherry on top of the cake with this story. That's absolutely hilarious!,This is honestly the cherry on top of the cake with this story. That's absolutely hilarious!,1,1,3
ed9tl7w,You take that back right now! [NAME] does not deserve this.,You take that back right now! [NAME] does not deserve this.,27,27,4
eeb3qct,OP is just a kid. Let's just move on.,OP is just a kid. Let's just move on.,4,4,3
effpzpj,"They started seeling alcohol a while ago, when she called her mafia friend to get help for the speakeasy.","They started seeling alcohol a while ago, when she called her mafia friend to get help for the speakeasy.",27,27,4
ee91vnl,Get back on your meds mate..You aren't funny at all...,Get back on your meds mate..You aren't funny at all...,"3,10",3,0
eergt89,Even the royals aren't immune to it.,Even the royals aren't immune to it.,27,27,4
edwusd2,It's real and it plays SO OFTEN I CAN'T STAND IT!!,It's real and it plays SO OFTEN I CAN'T STAND IT!!,27,27,4
edu3ej8,Yea... I'll have to pass on the carpool with a username like that,Yea... I'll have to pass on the carpool with a username like that,8,8,3
edh4bh0,HUGE difference e b/t “seniors housing” and “nursing home.” HUGE DIFFERENCE.,HUGE difference e b/t “seniors housing” and “nursing home.” HUGE DIFFERENCE.,27,27,4
ee6r3z3,I'm sorry that's what you read because it isn't what I said.,I'm sorry that's what you read because it isn't what I said.,24,24,5
eelcrmi,Thank you for articulating this for me. It's just like that.,Thank you for articulating this for me. It's just like that.,15,15,3
ee4i1fa,"I didn't know this was a ""reveal"" he'd been talking about for awhile. ","I didn't know this was a ""reveal"" he'd been talking about for awhile. ",27,27,4
eenqt5a,Loving everyone so far. This is going to be a great season.,Loving everyone so far. This is going to be a great season.,18,18,3
edw7914,If you have any other links handy I'd love to see them.,If you have any other links handy I'd love to see them.,18,18,3
eduhsgm,And some of us wish to die first so we don't have to deal with the loneliness.,And some of us wish to die first so we don't have to deal with the loneliness.,27,27,4
ed6i4q3,Thanks will check them out!,Thanks will check them out!,15,15,3
edafngg,I’m so sorry 🤪,I’m so sorry 🤪,25,25,5
ee5s4hc,"Help, help, I'm being repressed!","Help, help, I'm being repressed!",14,14,2
ef2d4r4,Crap. I need more Excedrin. STAT.,Crap. I need more Excedrin. STAT.,9,9,5
ef9jsun,Borrowed time is stupid,Borrowed time is stupid,3,3,0
eel5zy8,My only issue with private schooling is it discourages those with children in private schools from wanting money to go towards public education.,My only issue with private schooling is it discourages those with children in private schools from wanting money to go towards public education.,3,3,0
eepas3b,Boomers ruined the world,Boomers ruined the world,27,27,4
eddtkaz,It’s Woosh with 4 o’s r/woooosh (The most popular one),It’s Woosh with 4 o’s r/woooosh (The most popular one),27,27,4
edv9e8a,Lol looks delicious,Lol looks delicious,"0,1",0,3
eeq65gb,"You gotta work on you dude!! If you're not confident you're not ready, get yourself straight And all will fall into place. ","You gotta work on you dude!! If you're not confident you're not ready, get yourself straight And all will fall into place. ","5,20",5,3
ee2miso,death of fear is certain.,death of fear is certain.,14,14,2
edlghte,"I agree. His parents were very supportive then. When they did a cast change, they decided to make his parents jerks! ","I agree. His parents were very supportive then. When they did a cast change, they decided to make his parents jerks! ",4,4,3
ee3cjuy,Eff your video - love Canada 🇨🇦 Stupid geolock,Eff your video - love Canada 🇨🇦 Stupid geolock,"2,3",2,0
efez3zf,New Haven has tons of locations that have strong cyber punk-y vibes at night!,New Haven has tons of locations that have strong cyber punk-y vibes at night!,0,0,3
efew04b,"If he was stuttering the words ""I sell to others and we need to do your time on.","If he was stuttering the words ""I sell to others and we need to do your time on.",20,20,3
ef36pjp,Thanks for the good news!,Thanks for the good news!,15,15,3
ee61xwb,If there is no goal on this powerplay it will be difficult not to be hopeless,If there is no goal on this powerplay it will be difficult not to be hopeless,3,3,0
eeknym4,I'm not sure I have heard of this. Really interesting.,I'm not sure I have heard of this. Really interesting.,6,6,6
edzpqou,Not at all. I'm not going to argue with someone who doesn't understand what a strawman is.,Not at all. I'm not going to argue with someone who doesn't understand what a strawman is.,10,10,0
edpy7ic,I feel you mate,I feel you mate,27,27,4
effht3y,Fucking love [NAME]. [NAME] best couple don't @ me,Fucking love [NAME]. [NAME] best couple don't @ me,0,0,3
eduzgrd,Thank you! I call on Monday to find out when I have court,Thank you! I call on Monday to find out when I have court,15,15,3
eem0tr0,Not really cringey. Its not really embarrassing for you i think people might just feel bad upon reading it.,Not really cringey. Its not really embarrassing for you i think people might just feel bad upon reading it.,10,10,0
ed2270m,Papa Johns in my area basically gives away their pizza. I can smell the desperation in the store,Papa Johns in my area basically gives away their pizza. I can smell the desperation in the store,27,27,4
efe4dav,I had to write in the Swangas. Seems far better than the choices given.,I had to write in the Swangas. Seems far better than the choices given.,22,22,6
ees8ic1,I thought this allegation was squashed when it came out. I was surprised to see it still making headlines. Poor guy.,I thought this allegation was squashed when it came out. I was surprised to see it still making headlines. Poor guy.,26,26,6
eeglc1u,BOOM BOOM BOOM (not Bitton related),BOOM BOOM BOOM (not Bitton related),27,27,4
ed99kw8,Because of this bad situation some people are afraid of becoming youtubers because of this,Because of this bad situation some people are afraid of becoming youtubers because of this,14,14,2
ef6bmgl,Incoming 20m a year contract [NAME] !!!,Incoming 20m a year contract [NAME] !!!,27,27,4
eeefyb7,"I’m so proud of you for taking care of you and your babies, mama! We love you and stay strong.","I’m so proud of you for taking care of you and your babies, mama! We love you and stay strong.","5,18",5,3
ef7nqh3,Not sure how anyone whos been paying attention could,Not sure how anyone whos been paying attention could,6,6,6
eczpg76,😂😂😂😂😂😂😂😂😂😂😂😂😂 you got the wrong [NAME] —,😂😂😂😂😂😂😂😂😂😂😂😂😂 you got the wrong [NAME] —,27,27,4
eepd52b,Lovely places to buy from but very hard to get a good price as a seller because of their high rents (and bargaining expertise!),Lovely places to buy from but very hard to get a good price as a seller because of their high rents (and bargaining expertise!),9,9,5
eesstwu,That's too many pills,That's too many pills,2,2,0
edpnfan,it is actually called a mechanical bull,it is actually called a mechanical bull,4,4,3
ed7101k,No point in getting rid of Keemun for another Keemun.,No point in getting rid of Keemun for another Keemun.,10,10,0
edfa1xi,Talk about an oldddd school shit coin.,Talk about an oldddd school shit coin.,2,2,0
ef034gw,You could still pay them... Just saying.,You could still pay them... Just saying.,27,27,4
edhi0is,I'm on board the Saints hype train. [NAME] is an amazing QB.,I'm on board the Saints hype train. [NAME] is an amazing QB.,0,0,3
edcbf6y,TFW a sorceror cuts you root and stem and you hear someone's voice in flames as your junk burns.,TFW a sorceror cuts you root and stem and you hear someone's voice in flames as your junk burns.,27,27,4
ed9g2pm,All the ladies can stay at my place.,All the ladies can stay at my place.,5,5,3
edgzi2r,"My girl has slowly been getting more and more into different [NAME] music, but she will always make it a point to play this track. I love it","My girl has slowly been getting more and more into different [NAME] music, but she will always make it a point to play this track. I love it","17,18",17,3
eemvyc7,"No no she was ""[NAME]""","No no she was ""[NAME]""",27,27,4
edhyt2k,You have a nice bro.,You have a nice bro.,0,0,3
edw8ngq,[NAME] ruled out due to injury. [NAME] starts. [NAME] to bench. Doubtful of a win now.,[NAME] ruled out due to injury. [NAME] starts. [NAME] to bench. Doubtful of a win now.,27,27,4
ednv08m,"I would hope the guy is genuine and honest, but in my circumstances, there's not much closure. ","I would hope the guy is genuine and honest, but in my circumstances, there's not much closure. ",20,20,3
ef8zi31,"Hi, [NAME]! I thought I would stop by and wish you a wonderful and prosperous year! Have a good one! -HappyFriendlyBot","Hi, [NAME]! I thought I would stop by and wish you a wonderful and prosperous year! Have a good one! -HappyFriendlyBot","5,18,20",5,3
edj2w4y,Ghost them. It’ll drive them crazy and give you the satisfaction,Ghost them. It’ll drive them crazy and give you the satisfaction,27,27,4
edz6ueh,"Wow, an [NAME] sighting","Wow, an [NAME] sighting",26,26,6
edgh3zs,get the packages sent to your work or a relatives or trusted friends home nearby ???? parcel locker ??,get the packages sent to your work or a relatives or trusted friends home nearby ???? parcel locker ??,27,27,4
eel4gs7,i love how the caption implies that the only unrealistic thing/ the only thing that gives away the photoshop is the sleeve lol,i love how the caption implies that the only unrealistic thing/ the only thing that gives away the photoshop is the sleeve lol,1,1,3
eeshw8b,I agree with the concealer part for the cut crease but that's it.,I agree with the concealer part for the cut crease but that's it.,4,4,3
ed3yh0x,Ha. Do you have evidence of his cheating? Send it to his family and don’t say another word.,Ha. Do you have evidence of his cheating? Send it to his family and don’t say another word.,7,7,6
ee6yip2,When I die Im gonna ask satan for a job in hell whipping all these cunts,When I die Im gonna ask satan for a job in hell whipping all these cunts,8,8,3
eeqrehq,I don’t think that would be an issue with [NAME]. He doesn’t seem like work ethic is his problem,I don’t think that would be an issue with [NAME]. He doesn’t seem like work ethic is his problem,4,4,3
eey7nln,> one of the better diss tracks out there Lol okay,> one of the better diss tracks out there Lol okay,1,1,3
edafb8b,"It depends on who you ask. i didnt downvote you, im answering now","It depends on who you ask. i didnt downvote you, im answering now",3,3,0
ee8yo65,What happened to one of your star players?? i saw the headline 'freak injury' or someting like that.. but i was too scared to see someting gruesome..,What happened to one of your star players?? i saw the headline 'freak injury' or someting like that.. but i was too scared to see someting gruesome..,27,27,4
ee72nwi,I've found that carrying 21 chromosome's is the sweet spot,I've found that carrying 21 chromosome's is the sweet spot,22,22,6
eeaneup,"Hope gallery for sure, had [NAME] do mine and a good friend back in 2015. Not sure if he’s still there, however.","Hope gallery for sure, had [NAME] do mine and a good friend back in 2015. Not sure if he’s still there, however.",20,20,3
edlh3uc,men who drink almond milk regularly have more ejaculate fluid and experience multiple orgasms.,men who drink almond milk regularly have more ejaculate fluid and experience multiple orgasms.,27,27,4
ed4bex7,"Wow that’s scary, she’s so young and healthy. I hate that. ","Wow that’s scary, she’s so young and healthy. I hate that. ",14,14,2
eerxgyw,The worst bbq in Texas Edit: Some of you are getting seriously r/wooooshed It's their slogan.,The worst bbq in Texas Edit: Some of you are getting seriously r/wooooshed It's their slogan.,10,10,0
efegrrd,How dare you! Don’t you know seatbelts cause autism!,How dare you! Don’t you know seatbelts cause autism!,2,2,0
edarr34,I just need a quiet place to hide.,I just need a quiet place to hide.,27,27,4
eedca2p,i think people are just getting more and more fed up with playing against him,i think people are just getting more and more fed up with playing against him,27,27,4
edoylkl,Only bet on games you like. Sometimes go a couple days without action. Betting just for the sake of staking something is never smart.,Only bet on games you like. Sometimes go a couple days without action. Betting just for the sake of staking something is never smart.,10,10,0
edt4eie,Life Hack Attack has become Attack Everyone's Life and Hack. I love it.,Life Hack Attack has become Attack Everyone's Life and Hack. I love it.,18,18,3
edzabio,"Ok, fair enough. From your original post, it wasn't really clear that you looked at sources other than YouTube.","Ok, fair enough. From your original post, it wasn't really clear that you looked at sources other than YouTube.",6,6,6
ed4wohn,"Exactly, but I guess I've gotten used to people forgetting the club exists haha","Exactly, but I guess I've gotten used to people forgetting the club exists haha",1,1,3
ee3er1y,This sounds an awful lot like khorne......,This sounds an awful lot like khorne......,11,11,1
ee8f04x,I’m glad you had a great time here! Wishing you safe travels!,I’m glad you had a great time here! Wishing you safe travels!,"17,20",17,3
ed3az8l,"Did they really have overhead projectors in the late 00s/early 10s? If so, how underfunded was your school?","Did they really have overhead projectors in the late 00s/early 10s? If so, how underfunded was your school?",27,27,4
efdvxbg,"Just rumors online, it most likely won't happen","Just rumors online, it most likely won't happen",20,20,3
eeylnbj,"Don't say ""no comment"". Say ""I would like to talk with an attorney before talking with you.""","Don't say ""no comment"". Say ""I would like to talk with an attorney before talking with you.""",27,27,4
eetll9u,What? A [NAME] supporter purposefully misrepresenting the facts? You don't say.,What? A [NAME] supporter purposefully misrepresenting the facts? You don't say.,27,27,4
edwigye,My dog is less uglier than this.,My dog is less uglier than this.,27,27,4
ed0wflq,I was teased for being a virgin when I was a 6th grader- in 2005,I was teased for being a virgin when I was a 6th grader- in 2005,12,12,5
ednydkc,"I love that quote, thank you ","I love that quote, thank you ","15,18",15,3
eeo4tmk,[NAME] $120 million grift allegations in bombshell Forbes report - Business Insider,[NAME] $120 million grift allegations in bombshell Forbes report - Business Insider,27,27,4
ee3f3rb,Works for me. The video is called : The great porn experiment | [NAME] | TEDxGlasgow,Works for me. The video is called : The great porn experiment | [NAME] | TEDxGlasgow,27,27,4
ef8bvwo,Oh boy 🤣🤣,Oh boy 🤣🤣,27,27,4
ed8dzji,Unfortunately for us it’s not too early. But if you want way too early 2020 draft discussion I’m really high on [NAME] from Wisconsin,Unfortunately for us it’s not too early. But if you want way too early 2020 draft discussion I’m really high on [NAME] from Wisconsin,27,27,4
edms25d,helpful quad helped him to his feet!,helpful quad helped him to his feet!,27,27,4
efg4yc0,Me too buddy,Me too buddy,27,27,4
ef9e6q1,You also can’t prove it happened so logically this doesn’t exist and is a paradox that never happened therefore pi = 3.14159,You also can’t prove it happened so logically this doesn’t exist and is a paradox that never happened therefore pi = 3.14159,10,10,0
ef140vi,"So she spat in the face of [NAME], nature and you by violating your health.","So she spat in the face of [NAME], nature and you by violating your health.",27,27,4
eel6gvc,I have a bad feeling I’m gonna regret not tuning into this,I have a bad feeling I’m gonna regret not tuning into this,24,24,5
eevyxqa,How was the problem resolved??? Having the same issue????,How was the problem resolved??? Having the same issue????,27,27,4
ed6qwkd,"Damnit Morty! D'you see wha-rrrgh-t you've done!? We're fucked Morty, the squirrels - they're recruiting dolphins now Morty. ","Damnit Morty! D'you see wha-rrrgh-t you've done!? We're fucked Morty, the squirrels - they're recruiting dolphins now Morty. ",2,2,0
ee6pk8e,Does that work for the WSJ? I haven’t read an article from there in a year.,Does that work for the WSJ? I haven’t read an article from there in a year.,7,7,6
ed6baxy,I can't watch Isco rotting on the bench and LV playing instead.,I can't watch Isco rotting on the bench and LV playing instead.,27,27,4
ef4byo4,Fuck you.,Fuck you.,2,2,0
efhc56l,"$15 a month for a music service is more than Netflix. Thank u, next!","$15 a month for a music service is more than Netflix. Thank u, next!",15,15,3
eennz0q,The goodnight sir cracks me up every time,The goodnight sir cracks me up every time,27,27,4
edokp85,Well what would make us special? He's vouching for his friend.,Well what would make us special? He's vouching for his friend.,7,7,6
eeveo5j,"The original is funnier... or at least it's funny, to begin with.","The original is funnier... or at least it's funny, to begin with.","1,4",1,3
ee5t62n,Wow what a disappointing game. Wish we would have showed up,Wow what a disappointing game. Wish we would have showed up,9,9,5
edlcpd2,Point proven. Thanks,Point proven. Thanks,"4,15",4,3
efh1if9,"That’s normal for girls, lol.","That’s normal for girls, lol.",1,1,3
edvbkon,"Wife just had our baby, and this story freaked me out. I can't imagine going through something like that.","Wife just had our baby, and this story freaked me out. I can't imagine going through something like that.",26,26,6
ee2728j,Proud of you.,Proud of you.,0,0,3
edlrjtg,I pulled over at a Walmart on my way home from work to chat with all you beautiful faggots while I listen to the speech.,I pulled over at a Walmart on my way home from work to chat with all you beautiful faggots while I listen to the speech.,27,27,4
eejn8qt,"No, what’s sad is saying the same message like it’s news. He’s a copy paste machine. No original thought.","No, what’s sad is saying the same message like it’s news. He’s a copy paste machine. No original thought.",25,25,5
eemdkb8,"Yeah, even though I give it to him that it was confusing that they designed Crysis 1 for PCs that wouldn't come out for like 5 years.","Yeah, even though I give it to him that it was confusing that they designed Crysis 1 for PCs that wouldn't come out for like 5 years.",6,6,6
ef5jr6d,"And [NAME], would again like to apologize for any misunderstanding.","And [NAME], would again like to apologize for any misunderstanding.","24,25",24,5
ed81xss,He has a girlfriend. Unfortunately she is not thick. He needs to take a page out of [NAME] book.,He has a girlfriend. Unfortunately she is not thick. He needs to take a page out of [NAME] book.,27,27,4
ed8goyk,"I hid there just about everytime. Was often the person complaining about, ""stop dying"", and, ""hide BEFORE he hits 4 meat"".","I hid there just about everytime. Was often the person complaining about, ""stop dying"", and, ""hide BEFORE he hits 4 meat"".",27,27,4
ed7zetw,"I didn't know that, thanks for the clarification.","I didn't know that, thanks for the clarification.",15,15,3
ef86g11,That's a weird way of spelling Disenchanted,That's a weird way of spelling Disenchanted,26,26,6
eedb4yi,He was so close to me x,He was so close to me x,27,27,4
eer3ivh,Hey! Your mom sucks.,Hey! Your mom sucks.,3,3,0
ee5gb4z,"Yea, very rude. Avoid anything with a strong smell like fish and popcorn, curry is just as strong. ","Yea, very rude. Avoid anything with a strong smell like fish and popcorn, curry is just as strong. ",10,10,0
ef14jkh,I got a lot of withholding to throw me into anxiety.,I got a lot of withholding to throw me into anxiety.,19,19,2
ed6kkav,"Nah, he's much smarter than I am about soccer.","Nah, he's much smarter than I am about soccer.",0,0,3
edh8fue,"My friend and I have been having good fun queuing Mei/Winston, trololo, and 2 bottles of whisky.","My friend and I have been having good fun queuing Mei/Winston, trololo, and 2 bottles of whisky.",17,17,3
ed47cy9,Praying for me family.,Praying for me family.,5,5,3
ef7mlrx,[NAME]. Gave up in October and haven’t looked back. I can’t believe how easy I’ve found it.,[NAME]. Gave up in October and haven’t looked back. I can’t believe how easy I’ve found it.,26,26,6
efa7iej,Call it whatever you want. I’m just clearing a meaning that many atheists aren’t aware of or don’t consider.,Call it whatever you want. I’m just clearing a meaning that many atheists aren’t aware of or don’t consider.,27,27,4
eetgtfg,Hhhhhaaarrryyy [NAME]!,Hhhhhaaarrryyy [NAME]!,27,27,4
ef86fm9,Gotta keep losing to make sure 5th is our worst case scenario,Gotta keep losing to make sure 5th is our worst case scenario,3,3,0
eer8az4,Who needs sciences. It's most fake news they peddle in anyways...,Who needs sciences. It's most fake news they peddle in anyways...,27,27,4
edrxr2g,[NAME] can’t space and [NAME] is getting worse defensively,[NAME] can’t space and [NAME] is getting worse defensively,11,11,1
eewz7n5,Hes a daywalker!,Hes a daywalker!,27,27,4
ed01hr6,Remindme! 243 days,Remindme! 243 days,27,27,4
ef8rr6k,that's why r/theredpill is such a thing. you arnt the first. you're showing a few nice guy warming signs bud.,that's why r/theredpill is such a thing. you arnt the first. you're showing a few nice guy warming signs bud.,27,27,4
eea0yiz," Students: North and South Dakota have finally settled their differences and become one big D, for Dakota.”"," Students: North and South Dakota have finally settled their differences and become one big D, for Dakota.”",27,27,4
eczf1y3,"I am generally a happy person. If you like to pay millions of dollars to semi-literates to represent your government, it's up to you!","I am generally a happy person. If you like to pay millions of dollars to semi-literates to represent your government, it's up to you!",17,17,3
ee764ok,"That's what I'd hope for! Retool the D day 1, if we could find a gem at QB day 2. ","That's what I'd hope for! Retool the D day 1, if we could find a gem at QB day 2. ",20,20,3
edxwxqq,"Yes, oops ","Yes, oops ",27,27,4
eey5v8c,"Tl, dr - Take the abuse. Squirming only gets them off more.","Tl, dr - Take the abuse. Squirming only gets them off more.",14,14,2
ef7jyoy,You're probably joking but [NAME] has been pretty insightful regarding the yellow vests in France. I was impressed.,You're probably joking but [NAME] has been pretty insightful regarding the yellow vests in France. I was impressed.,17,17,3
edgd27r,Thanks! Do you think I should talk to her or drop it for now?,Thanks! Do you think I should talk to her or drop it for now?,15,15,3
ed5wo2w,FLY EAGLES FLY!!!,FLY EAGLES FLY!!!,27,27,4
edyixqx,Ride in trunk,Ride in trunk,27,27,4
ee6f4rc,I love koln,I love koln,18,18,3
edbu11g,That’s cool. I had a few baby teeth dipped in gold and made into charms for a bracelet. Gorgeous work.,That’s cool. I had a few baby teeth dipped in gold and made into charms for a bracelet. Gorgeous work.,0,0,3
edeyffz,"Thank you, that is interesting!","Thank you, that is interesting!",15,15,3
efe9gy5,I only eat cronuts cuz I'm sophisticated!,I only eat cronuts cuz I'm sophisticated!,21,21,3
ed27gpt,"Fascism doesn't even exist in America. [NAME], these kids are so sheltered. ","Fascism doesn't even exist in America. [NAME], these kids are so sheltered. ",5,5,3
ee3qxfa,This viral video of her gets posted every once in a while too: Her legs are ridiculously strong.,This viral video of her gets posted every once in a while too: Her legs are ridiculously strong.,27,27,4
effn3uq,"[NAME]... I'm sorry. This is just wrong. I, can't.","[NAME]... I'm sorry. This is just wrong. I, can't.",10,10,0
effpgd8,"Better ye, make some Pho and use lots of sriracha. Things will definitely get heated.","Better ye, make some Pho and use lots of sriracha. Things will definitely get heated.",27,27,4
ee1gdzz,"She also takes it off to shower, work out, wash dishes, etc. ","She also takes it off to shower, work out, wash dishes, etc. ",27,27,4
ednzj77,"Hate to be that guy, but that's not DDR, that's Pump It Up, the Korean DDR rip-off.","Hate to be that guy, but that's not DDR, that's Pump It Up, the Korean DDR rip-off.",11,11,1
edbs8eq,"It turns out he works for [NAME], so maybe your instinctive distrust might not have been the worst first reaction.","It turns out he works for [NAME], so maybe your instinctive distrust might not have been the worst first reaction.",27,27,4
ee7nmgv,"The paradox is not working, then also collecting entitlements is still theft.","The paradox is not working, then also collecting entitlements is still theft.",27,27,4
edwz3b6,>if your car is so great why do you have to fill it with petrol all the time This is how stupid you sound,>if your car is so great why do you have to fill it with petrol all the time This is how stupid you sound,3,3,0
eevddj9,I dunno. Backhanded compliments in girl world are like professional sports.,I dunno. Backhanded compliments in girl world are like professional sports.,27,27,4
edvyqrk,Not sad enough fo here the skeleton is dead so he can't comit sucide,Not sad enough fo here the skeleton is dead so he can't comit sucide,27,27,4
eent12k,"Well done dude! Seriously :) But keep it up, don't lose this momentum.","Well done dude! Seriously :) But keep it up, don't lose this momentum.",0,0,3
edjzy2m,who tf is the middle guy? [NAME] is supposed to have sunglasses and a clown car like in FE6,who tf is the middle guy? [NAME] is supposed to have sunglasses and a clown car like in FE6,27,27,4
ee1gut4,*holy shit* I'm pretty sure the panther thought the same thing,*holy shit* I'm pretty sure the panther thought the same thing,27,27,4
edu8kdb,"Wait, you don't believe he's infallible? Give an important instance where he has been wrong to prove that please.","Wait, you don't believe he's infallible? Give an important instance where he has been wrong to prove that please.",27,27,4
eeqv1qh,"Also, allow athletes to come and train during the year, but grant a blackout period before the Olympics or something,","Also, allow athletes to come and train during the year, but grant a blackout period before the Olympics or something,",27,27,4
eem9882,One does not simply Steal kidneys on my watch,One does not simply Steal kidneys on my watch,27,27,4
eeiz4az,We need another goal to show for it. Come on boys.,We need another goal to show for it. Come on boys.,27,27,4
edkhvns,*10 minutes of awkward roleplay*,*10 minutes of awkward roleplay*,12,12,5
eergeej,"I love you, brother. ","I love you, brother. ",18,18,3
eei0qn6,"Oh because all fruiting plants were bred by humans, ok TIL","Oh because all fruiting plants were bred by humans, ok TIL",27,27,4
eevxvpw,It's on here daily. Karma whores eh?,It's on here daily. Karma whores eh?,3,3,0
eeoqkey,It’s a problem because that box of apparent bone fragments could literally have been found anywhere.,It’s a problem because that box of apparent bone fragments could literally have been found anywhere.,27,27,4
edio3tc,Pretty shit tbh with you,Pretty shit tbh with you,11,11,1
eezxxj1,thats amazing!! Congrats!,thats amazing!! Congrats!,"0,17",0,3
edv7vga,CAPTAIN!! ye-yeah? LOOK!!!,CAPTAIN!! ye-yeah? LOOK!!!,27,27,4
edxysbg,I did twist my ankle trying to play that on DDR.,I did twist my ankle trying to play that on DDR.,25,25,5
een6y2q,I genuinely think that would be an iconic shot if it was in a famous horror film. The way the legs just keep on coming is terrifying.,I genuinely think that would be an iconic shot if it was in a famous horror film. The way the legs just keep on coming is terrifying.,14,14,2
eetaj2w,Not journalists...media activists.,Not journalists...media activists.,27,27,4
ee7v0sm,"I’m only denying what’s not true, and [NAME] being my name isn’t true. ","I’m only denying what’s not true, and [NAME] being my name isn’t true. ",9,9,5
edbp4ac,"i know there were talks about it, but its doubtful :( ","i know there were talks about it, but its doubtful :( ",6,6,6
ees8pe7,As a Kentucky fan I’ve watched [NAME] all year and he is legit. Just wish there were a scenario that GB could pick him up.,As a Kentucky fan I’ve watched [NAME] all year and he is legit. Just wish there were a scenario that GB could pick him up.,27,27,4
eex60my,The sad part about this is that these memes are more Gen Z if anything...,The sad part about this is that these memes are more Gen Z if anything...,25,25,5
eec6zh5,> it will not make her look like an idiot It would be hard to make her look any more like an idiot than she already does.,> it will not make her look like an idiot It would be hard to make her look any more like an idiot than she already does.,2,2,0
ee923dm,This happens to me a lot. I'll also sing the same phrase over and over.,This happens to me a lot. I'll also sing the same phrase over and over.,27,27,4
eejkbxh,In my experience its always [NAME]' Mine,In my experience its always [NAME]' Mine,27,27,4
edzup6c,Clearly not well enough,Clearly not well enough,10,10,0
eehwczq,"If everybody put down their camera to help, what would you be doing right now?","If everybody put down their camera to help, what would you be doing right now?",7,7,6
ed68l0m,From [NAME]: I T ' S S P E L L E D O U I J A Goodbye,From [NAME]: I T ' S S P E L L E D O U I J A Goodbye,27,27,4
edo16o4,Yikes that's cringe,Yikes that's cringe,14,14,2
ed953v8,No I wish. They don't come to Texas very often.,No I wish. They don't come to Texas very often.,8,8,3
eenxh4a,Ouch. That hurt the ego. And that’s not easy to do.,Ouch. That hurt the ego. And that’s not easy to do.,9,9,5
ee7tr51,"Yeah, without the music that scene would have been much worse.","Yeah, without the music that scene would have been much worse.",11,11,1
eczctf2,Interesting. I thought so too. I’m just thankful I have another parish I can easily drive to for mass. Thanks again,Interesting. I thought so too. I’m just thankful I have another parish I can easily drive to for mass. Thanks again,15,15,3
efe7dhe,Honestly I agree. We should shun vegetarians regardless of the [NAME] thing. /s,Honestly I agree. We should shun vegetarians regardless of the [NAME] thing. /s,4,4,3
eexokuy,Thank you! I ended up assigning a dbq and paired students up,Thank you! I ended up assigning a dbq and paired students up,15,15,3
eegmyvu,Combination of lapses in defense and the continuing saga of the Sabres' god awful PP.,Combination of lapses in defense and the continuing saga of the Sabres' god awful PP.,11,11,1
ef7vttg,"I'm sorry you fell for the carnie, bro.","I'm sorry you fell for the carnie, bro.",24,24,5
ef7o72y,I've always wanted one of those but like worry it'll make a huge mess in my washer,I've always wanted one of those but like worry it'll make a huge mess in my washer,"8,20",8,3
eenaucw,[NAME] YOU SLIME,[NAME] YOU SLIME,27,27,4
ed0doqm,You don't have to watch it if you don't want to. Nobody is holding a gun to your head.,You don't have to watch it if you don't want to. Nobody is holding a gun to your head.,27,27,4
ed3zbgg,I ate my mommy and daddy,I ate my mommy and daddy,27,27,4
eff0n0r,"I’m a fan of them in the wild, weasels are interesting. Not as pets, nope. ","I’m a fan of them in the wild, weasels are interesting. Not as pets, nope. ",0,0,3
edv6jlh,The hell? That’s like one-in-a-million chance! Only thing that’d make it crazier is if we’re in the same city lol,The hell? That’s like one-in-a-million chance! Only thing that’d make it crazier is if we’re in the same city lol,1,1,3
eex03jb,"Holy no punctuation, [NAME]! ","Holy no punctuation, [NAME]! ",27,27,4
edqzozq,"MeToo is about sharing personal stories of sexual assault. Reframing it as accusation based, and as furthering a kidnap, is fucking disgusting.","MeToo is about sharing personal stories of sexual assault. Reframing it as accusation based, and as furthering a kidnap, is fucking disgusting.",11,11,1
eczi9zh,"If [NAME] is being considered for all defense, [NAME] needs more love too","If [NAME] is being considered for all defense, [NAME] needs more love too",5,5,3
ed73ats,Yeah cuz it's not like eggs ever roll over or anything. /s,Yeah cuz it's not like eggs ever roll over or anything. /s,27,27,4
ee21fcc,I have a really nice tempurpedic one and about 6 king sized fluffy ones that I use to just fall asleep hugging,I have a really nice tempurpedic one and about 6 king sized fluffy ones that I use to just fall asleep hugging,0,0,3
eduhfmn,It's actually remarkable how universally disliked [NAME] is as a commentator in the community but he still commentates at practically every big melee tournament,It's actually remarkable how universally disliked [NAME] is as a commentator in the community but he still commentates at practically every big melee tournament,0,0,3
effzsws,Today is the only day I really hate my job as a dog walker,Today is the only day I really hate my job as a dog walker,11,11,1
ed5xupu,That jawn looks lactose free. Get that cheese mixed in that jawn.,That jawn looks lactose free. Get that cheese mixed in that jawn.,27,27,4
edm818l,"For games starting at 7, the bus was leaving the hotel around 4:30, I think.","For games starting at 7, the bus was leaving the hotel around 4:30, I think.",27,27,4
ed21rmg,What was he “healing” you from?,What was he “healing” you from?,7,7,6
edih1gx,"Now I'm wondering if [NAME] drinks, and if he's ever been inebriated during one of his deals.","Now I'm wondering if [NAME] drinks, and if he's ever been inebriated during one of his deals.",26,26,6
edlkuf1,wh is that undertale,wh is that undertale,27,27,4
eepfpfw,This has already been posted on this subreddit but thanks.,This has already been posted on this subreddit but thanks.,15,15,3
eemlaus,I'm confused. Where did I propose anything? I'm just describing how things currently work and what to consider...,I'm confused. Where did I propose anything? I'm just describing how things currently work and what to consider...,6,6,6
edcco5v,They NEVER guard against that!,They NEVER guard against that!,27,27,4
ef98ha3,"Let it go, look to the future, do not live in the past","Let it go, look to the future, do not live in the past",5,5,3
edgyot7,">it promotes the idea that an individual's vote doesnt matter An individual's vote doesn't matter, though. That's just fact. ",">it promotes the idea that an individual's vote doesnt matter An individual's vote doesn't matter, though. That's just fact. ",27,27,4
edkna0p,"They're off thinking about ways they can avoid topics and deflect more, since they seem so good at that lately.","They're off thinking about ways they can avoid topics and deflect more, since they seem so good at that lately.",27,27,4
efdeq8k,"So she knows of 3 languages, Wonder what they are?","So she knows of 3 languages, Wonder what they are?","7,26",7,6
efc47mw,"Well i know this much is true, there’s unspoken truth amoung us men, we secretly love hairy vaj. No? Just me?","Well i know this much is true, there’s unspoken truth amoung us men, we secretly love hairy vaj. No? Just me?",6,6,6
eebycs1,just when you think it can't get worse...,just when you think it can't get worse...,27,27,4
ee0tsrm,[NAME] will never do anything to help you. You must stand up for yourself.,[NAME] will never do anything to help you. You must stand up for yourself.,27,27,4
ef7rklz,It’s endless the amount of white papers written in the last 3/4 years. Not one has been any good or any use,It’s endless the amount of white papers written in the last 3/4 years. Not one has been any good or any use,9,9,5
ee3q2de,I just see two inflated peacocks with a dumb and disgusting look in their face. But unfortunately I am not the gender evaluating them.,I just see two inflated peacocks with a dumb and disgusting look in their face. But unfortunately I am not the gender evaluating them.,27,27,4
edlstd9,Oh [NAME] it's happening again!,Oh [NAME] it's happening again!,26,26,6
eei0gvc,I'm going Saints and Chiefs. Although I think the Chiefs-Pats game could go either way,I'm going Saints and Chiefs. Although I think the Chiefs-Pats game could go either way,22,22,6
efenjqc,I **LOVE** that the players are finally getting into the game. People feel invested! I like that!,I **LOVE** that the players are finally getting into the game. People feel invested! I like that!,18,18,3
ee6jq3a,[NAME] was actually asked whether he’s peaked by a Philly sportswriter last season. His response was pretty interesting:,[NAME] was actually asked whether he’s peaked by a Philly sportswriter last season. His response was pretty interesting:,27,27,4
edrdw3q,"Verisimilitude, which here means, utter bs meant to help justify terrible favouritism.","Verisimilitude, which here means, utter bs meant to help justify terrible favouritism.",27,27,4
edhk9up,"When religious freedom is limited, then you don't have religious freedom. Secularism is a religion, and trumps other religions in secular lands. ","When religious freedom is limited, then you don't have religious freedom. Secularism is a religion, and trumps other religions in secular lands. ",27,27,4
eduatr1,"Despite all the [NAME] hate in/on /Melbourne, here is a beautiful Indian song for you all ","Despite all the [NAME] hate in/on /Melbourne, here is a beautiful Indian song for you all ",0,0,3
ee8wr0s,Our father will protect us <3,Our father will protect us <3,5,5,3
eczfxm4,Everyone knows the good [NAME] are the dirty little devil's,Everyone knows the good [NAME] are the dirty little devil's,27,27,4
edimk97,“For the holidays” you’ve been in America ages Im guessin..,“For the holidays” you’ve been in America ages Im guessin..,27,27,4
ed4vtot,Looks like he has a history of being an awful human:,Looks like he has a history of being an awful human:,11,11,1
ee0m92o,Thank you for this. This sub isn’t a rating or selfie sub. There’s literally no poly content on this post.,Thank you for this. This sub isn’t a rating or selfie sub. There’s literally no poly content on this post.,15,15,3
ednc0w3,I think teams will still cut the cross-seam that made [NAME] and [NAME] so deadly last year. This is awesome nonetheless.,I think teams will still cut the cross-seam that made [NAME] and [NAME] so deadly last year. This is awesome nonetheless.,"0,20",0,3
edm50mu,I mean they still managed to say [NAME].,I mean they still managed to say [NAME].,27,27,4
eeeublc,Less than 75 years ago my grandparents had swastikas burned on their front lawn in South Carolina after fleeing from Germany.,Less than 75 years ago my grandparents had swastikas burned on their front lawn in South Carolina after fleeing from Germany.,27,27,4
edjpabe,"Seeing how I was as a teen and how most teens are, nope! Dont want to deal with that.","Seeing how I was as a teen and how most teens are, nope! Dont want to deal with that.",10,10,0
edmnrao,I think the real reason is good press and booze,I think the real reason is good press and booze,0,0,3
edeufe4,It’s a joke.,It’s a joke.,1,1,3
eehfwa0,No! They’re still on the sidewalk right there! With literally absolutely no way around them!,No! They’re still on the sidewalk right there! With literally absolutely no way around them!,10,10,0
ed96j9t,Time flies when you're a semiprofessional quotemaker. I wonder what he's up to these days.,Time flies when you're a semiprofessional quotemaker. I wonder what he's up to these days.,26,26,6
edw4s1x,thank you !,thank you !,15,15,3
ef8avyw,I live here! Apparently I need to be keeping my eyes open.,I live here! Apparently I need to be keeping my eyes open.,27,27,4
edu1eit,I much prefer when the CB is given a taste of their own medicine. Far more satisfying than being polite. This one is great!,I much prefer when the CB is given a taste of their own medicine. Far more satisfying than being polite. This one is great!,"0,4",0,3
eezp9ua,Claw since AW and logged a fuck ton of hours and no discomfort,Claw since AW and logged a fuck ton of hours and no discomfort,27,27,4
edpq3n3,Bit like Dundee United trying to not concede 5 against Ayr United.,Bit like Dundee United trying to not concede 5 against Ayr United.,27,27,4
eeok732,"And then you're stuck on that medication for life, sounds like a scary trade-off.","And then you're stuck on that medication for life, sounds like a scary trade-off.",14,14,2
ee5fhjg,"I'd love to collab with some reddit folks on NFL Draft prospect scouting, rankings and mock drafts if anyone is interested.","I'd love to collab with some reddit folks on NFL Draft prospect scouting, rankings and mock drafts if anyone is interested.",8,8,3
efdzhjo,Well I heard advice everyone to listen to this episode it was extremely interesting.,Well I heard advice everyone to listen to this episode it was extremely interesting.,0,0,3
ef54cd2,"I downloaded this album yesterday, and love it!","I downloaded this album yesterday, and love it!","4,18",4,3
edoi0c4,Thank you; I tried.,Thank you; I tried.,15,15,3
ednn21r,Me either. But I sometimes fantasize about it.,Me either. But I sometimes fantasize about it.,8,8,3
eeay7pk,"Ahh, so the exact same place he was last time. wonderful lol","Ahh, so the exact same place he was last time. wonderful lol",1,1,3
ef2cx6f,Please explain “Hoover/ed”. Not familiar with the term. Thank you-,Please explain “Hoover/ed”. Not familiar with the term. Thank you-,15,15,3
ee0euqi,"Probably, I knew this lawn chair was a bad idea.","Probably, I knew this lawn chair was a bad idea.",10,10,0
ee33hfo,Get ready for one of those tail butt plug things,Get ready for one of those tail butt plug things,27,27,4
eedhkjf,He’s going to the Bengals at 11 and I hate it so much,He’s going to the Bengals at 11 and I hate it so much,2,2,0
ee2nxtg,100 chapters of relationship + 50 of build up after [NAME] left [NAME]. Damn you Sasuga T.T,100 chapters of relationship + 50 of build up after [NAME] left [NAME]. Damn you Sasuga T.T,27,27,4
eeabf0x,Have you tried having wealthy parents?,Have you tried having wealthy parents?,27,27,4
eeu3o3n,Before all of the BS lol,Before all of the BS lol,1,1,3
edh6ugg,Make fun of them all you want; fact is they won during the regular season when we couldn't.,Make fun of them all you want; fact is they won during the regular season when we couldn't.,1,1,3
ed4wv7r,"At that point [NAME] was no longer a virgin! No seriously, ask [NAME]! ","At that point [NAME] was no longer a virgin! No seriously, ask [NAME]! ",27,27,4
edl8i5w,Sounds good.,Sounds good.,0,0,3
edw4ttk,[NAME].,[NAME].,27,27,4
eczy6qb,Excitement for new regulation and taxation in the ancap reddit?!?,Excitement for new regulation and taxation in the ancap reddit?!?,6,6,6
edg4dgb,I've picked scabs bigger than most aborted fetuses get. I don't see the police knocking on my door for committing assault against a human being.,I've picked scabs bigger than most aborted fetuses get. I don't see the police knocking on my door for committing assault against a human being.,27,27,4
ed7l3ek,Ours came today too :). We got 22 hbu?,Ours came today too :). We got 22 hbu?,27,27,4
eenghno,If this thread turns into a shitshow like the last it will also be locked. Fair warning...,If this thread turns into a shitshow like the last it will also be locked. Fair warning...,5,5,3
edyazgo,Welcome home!,Welcome home!,15,15,3
ed2km2n,"[NAME], [NAME] is starting a marriage with infidelity and drunk proposals. I hope a happy and long married life for him.","[NAME], [NAME] is starting a marriage with infidelity and drunk proposals. I hope a happy and long married life for him.","5,8,20",5,3
ed075k7,It's kinda odd that people are downvoting you without providing well-sourced counter-arguments to the points you're making.,It's kinda odd that people are downvoting you without providing well-sourced counter-arguments to the points you're making.,3,3,0
edpemfy,"I wish this was real but for girls, so I don't have to taste the bitter of being rejected because ""You are not my kind"".","I wish this was real but for girls, so I don't have to taste the bitter of being rejected because ""You are not my kind"".",8,8,3
eezhhq0,Welcome to the freedom and democracy circus that is 'mercuh! 👍,Welcome to the freedom and democracy circus that is 'mercuh! 👍,13,13,3
eepmpua,[NAME] from HR is drinking again guys..,[NAME] from HR is drinking again guys..,27,27,4
edhr160,"Rematch against UVA, eh? First one to 40 wins!","Rematch against UVA, eh? First one to 40 wins!",7,7,6
edzzt4w,Yeah. Basically Sky Germany and Sky Sports aren't reliable at all,Yeah. Basically Sky Germany and Sky Sports aren't reliable at all,10,10,0
eexopg6,The UN said the election was a sham. The man is causing death destruction and starvation. Your morals are completely and utterly fucked.,The UN said the election was a sham. The man is causing death destruction and starvation. Your morals are completely and utterly fucked.,"9,25",9,5
edvsbyt,You should take the time and go to the doctor.,You should take the time and go to the doctor.,5,5,3
eduylqg,This just reminded me to continue designing that bloody website.,This just reminded me to continue designing that bloody website.,2,2,0
ef8teke,Now it's 7,Now it's 7,27,27,4
eelnjmz,When [NAME] pisses off his daughter and wife. Daughter: “You’re not my Daddy anymore” [NAME]: “You’re not my Daddy anymore either”,When [NAME] pisses off his daughter and wife. Daughter: “You’re not my Daddy anymore” [NAME]: “You’re not my Daddy anymore either”,"2,3",2,0
eeyqqk8,lol why don't you read about the Iceland one and get back to me.,lol why don't you read about the Iceland one and get back to me.,1,1,3
ee79mi6,"I have no faith, but the theodicy problem has multiple answers, I’m not too concerned with it.","I have no faith, but the theodicy problem has multiple answers, I’m not too concerned with it.",27,27,4
efevjno,Holy shit that’s nothing,Holy shit that’s nothing,26,26,6
efh7js0,Kind of strange when one country was nuked and the other wasn't.,Kind of strange when one country was nuked and the other wasn't.,27,27,4
edcmhdm,Oh god another injury,Oh god another injury,25,25,5
eeihmpa,(*ﾉωﾉ) O-okay senpai OWO *Nuzzles* Frick off I write whatever I want!,(*ﾉωﾉ) O-okay senpai OWO *Nuzzles* Frick off I write whatever I want!,27,27,4
ee7qsxc,Thank you for sharing this. I found my house in 1938. Very fascinating stuff :),Thank you for sharing this. I found my house in 1938. Very fascinating stuff :),15,15,3
edtiht5,"Narrator: ""They did not""","Narrator: ""They did not""",10,10,0
eecsm3r,Loook all around youuuu. All throughout Nature is evidence of a creator and his love ❤️for us,Loook all around youuuu. All throughout Nature is evidence of a creator and his love ❤️for us,27,27,4
edvb95p,"Yes, you selfish prick. ","Yes, you selfish prick. ","2,3",2,0
edy6ats,[NAME] so cool,[NAME] so cool,0,0,3
ee3xlfx,it's hurting my heart :( why did you leave me,it's hurting my heart :( why did you leave me,25,25,5
eczghwg,Not alone my friend,Not alone my friend,27,27,4
edhzgg4,You need to recheck your science. A simple Google search will yield research articles showing a biological and genetic basis for being LGBT. Happy reading!,You need to recheck your science. A simple Google search will yield research articles showing a biological and genetic basis for being LGBT. Happy reading!,17,17,3
eehujyb,[NAME] fucking practice and watch some tutorials before fucking up a $100 bottle of French champagne,[NAME] fucking practice and watch some tutorials before fucking up a $100 bottle of French champagne,3,3,0
eekopnk,While that is cute-try to do critical thinking while u are reading. Prove your god exsists-let him smite me. That mighty smiter.,While that is cute-try to do critical thinking while u are reading. Prove your god exsists-let him smite me. That mighty smiter.,27,27,4
efc94jc,"yep, you don't hate Mondays, you hate capitalism. ","yep, you don't hate Mondays, you hate capitalism. ",27,27,4
efflffk,This counts as a problem if you have that many in one day or something,This counts as a problem if you have that many in one day or something,27,27,4
ed9tkng,To me it’s sounds like he is trying to find fault in her to make himself feel better about leaving her.,To me it’s sounds like he is trying to find fault in her to make himself feel better about leaving her.,27,27,4
ed6v57b,Yes. Ignore and move on,Yes. Ignore and move on,"4,5",4,3
ef6faxz,"Naaah, that is and always will be [NAME], especially since her redesign in MKX. perfect waifu.","Naaah, that is and always will be [NAME], especially since her redesign in MKX. perfect waifu.",4,4,3
efbok4w,Lmfao lonzo? That guy is not nba talent. World is gonna spank that ass,Lmfao lonzo? That guy is not nba talent. World is gonna spank that ass,2,2,0
edq8ihl,I though [NAME] was the offensive guru? Why would he get an established guy who has an offense?,I though [NAME] was the offensive guru? Why would he get an established guy who has an offense?,27,27,4
edcrm0x,This sub doesn’t like the pro sports teams until they win a championship. Then everyone becomes a die hard fan.,This sub doesn’t like the pro sports teams until they win a championship. Then everyone becomes a die hard fan.,0,0,3
eedrfyd,"Had one good year that was it, then joins a god squad that struggles to qualify","Had one good year that was it, then joins a god squad that struggles to qualify",17,17,3
eczz9lx,That would look enormous if [NAME] ordered it!,That would look enormous if [NAME] ordered it!,27,27,4
ee0x781,I’m not a fan of that hire at all... I’m also not a fan about how that all came out. All around bad.,I’m not a fan of that hire at all... I’m also not a fan about how that all came out. All around bad.,10,10,0
eesysv3,Thats absolutely disgusting.,Thats absolutely disgusting.,11,11,1
ee1a9hm,"No, that looks h*ckin delicious ","No, that looks h*ckin delicious ",13,13,3
edv7ojx,"Don't listen to the idiot, we love your posts!","Don't listen to the idiot, we love your posts!",5,5,3
ees1nd6,Ha! Getting him back with his own schtick!,Ha! Getting him back with his own schtick!,27,27,4
ee4yow2,Open a ticket and wait. These next two weeks will be very telling. All we can do is wait.,Open a ticket and wait. These next two weeks will be very telling. All we can do is wait.,27,27,4
eehvitg,I want to see this a a movie!!,I want to see this a a movie!!,27,27,4
edv18gz,"Man, never underestimate the power of a crock pot, some frozen chicken, veggies and cottage cheese.","Man, never underestimate the power of a crock pot, some frozen chicken, veggies and cottage cheese.",4,4,3
edy6a74,Where were they? I was trying to track them down and couldn’t remember where I saw them.,Where were they? I was trying to track them down and couldn’t remember where I saw them.,6,6,6
edh5c6b,There is also no dog in the white house. Why? Because dogs can smell an asshole a mile away.,There is also no dog in the white house. Why? Because dogs can smell an asshole a mile away.,4,4,3
edk5o03,Sorry to be the bearer of bad tidings.,Sorry to be the bearer of bad tidings.,24,24,5
eff32wi,Lmao I hope I’m not the only one who gets this,Lmao I hope I’m not the only one who gets this,20,20,3
ee9nsuj,*looks at YouTube comments sections* Um. I'm not so sure.,*looks at YouTube comments sections* Um. I'm not so sure.,6,6,6
ee0wuyn,This man makes aggressive grunts while breathing,This man makes aggressive grunts while breathing,3,3,0
eebhluq,My boy [NAME] <3,My boy [NAME] <3,27,27,4
ef0droi,Wow! Now that's some propaganda we could use more of!,Wow! Now that's some propaganda we could use more of!,"13,20",13,3
ee10e8l,They seceded because [NAME] was elected despite not appearing on any slave owning states. How is this anything but under representation of ideology.,They seceded because [NAME] was elected despite not appearing on any slave owning states. How is this anything but under representation of ideology.,27,27,4
eemln9t,Yes! My Big Fat Fabulous Life,Yes! My Big Fat Fabulous Life,0,0,3
efdy6el,Author thinks that a guy who bounced back and forth between a bench role and AAA will bounce back and forth between a bench role and AAA.,Author thinks that a guy who bounced back and forth between a bench role and AAA will bounce back and forth between a bench role and AAA.,27,27,4
ed9hd1q,"Ironically, I just sense that they are working in an area where this is a ready stream of revenue just waiting for them.","Ironically, I just sense that they are working in an area where this is a ready stream of revenue just waiting for them.",27,27,4
edmzsyx,My mom used to think [NAME] was the handsomest NFL coach for what that’s worth.,My mom used to think [NAME] was the handsomest NFL coach for what that’s worth.,0,0,3
ee0e4rq,No if anything the exact opposite. Couldn’t be further from the truth,No if anything the exact opposite. Couldn’t be further from the truth,27,27,4
ef5l89z,Sorry your right,Sorry your right,24,24,5
ees4p28,"Well, 1/2 has been done already!","Well, 1/2 has been done already!",27,27,4
ef84xai,I trust Safeway over Great Canadian Superstore for my meats. I know I'm not alone in that regard. Safeway has some pretty good cheaper meats.,I trust Safeway over Great Canadian Superstore for my meats. I know I'm not alone in that regard. Safeway has some pretty good cheaper meats.,0,0,3
eetfhzg,I missed that part unfortunately,I missed that part unfortunately,9,9,5
edm8tm6,Market ≠ Capitalism Just because something operates within the Capitalist system doesn't make it Capitalist. Just because [NAME] was (supposedly) elected didn't make him democratic,Market ≠ Capitalism Just because something operates within the Capitalist system doesn't make it Capitalist. Just because [NAME] was (supposedly) elected didn't make him democratic,10,10,0
eel3nj4,"Takes all characteristics, good and bad ","Takes all characteristics, good and bad ",27,27,4
ee2hhgz,This.. im sorry but this is a dumb reply. Ofc it was fake kindness golly,This.. im sorry but this is a dumb reply. Ofc it was fake kindness golly,24,24,5
efe50zd,I hieaa i just trip out how your lds and not know or here. Nevermo here a d hears when i was a kid,I hieaa i just trip out how your lds and not know or here. Nevermo here a d hears when i was a kid,27,27,4
efcqnig,Yes had the problem a month or so ago but has since gone away,Yes had the problem a month or so ago but has since gone away,27,27,4
ee91wv3,China cheating the rest of the world is horrible for the economy and society.,China cheating the rest of the world is horrible for the economy and society.,10,10,0
edyi8ik,I'm not apologizing for it. I just didn't think there was something this blatantly immoral in the new testament.,I'm not apologizing for it. I just didn't think there was something this blatantly immoral in the new testament.,3,3,0
efet3er,So handsome,So handsome,0,0,3
edt007n,Are they dead? I don’t recall this bit of the Nativity play.,Are they dead? I don’t recall this bit of the Nativity play.,7,7,6
ed42h26,I am embarrassed to admit that I was shocked to find out that his books all had the same exact weight and that you knew what that weight was...,I am embarrassed to admit that I was shocked to find out that his books all had the same exact weight and that you knew what that weight was...,12,12,5
efdir11,No superbowl @ lambo for this generation; hopefully global warming will make an impact in the next 30 years. :),No superbowl @ lambo for this generation; hopefully global warming will make an impact in the next 30 years. :),"4,8",4,3
eebee19,The only thing that stops a depressed guy with a gun is a physiologist with a gun. << [NAME],The only thing that stops a depressed guy with a gun is a physiologist with a gun. << [NAME],22,22,6
edncf9f,"Wow, 5 downvotes in 3 minutes. Go you!","Wow, 5 downvotes in 3 minutes. Go you!",26,26,6
ed5g4ed,All I want for Christmas is a broken home,All I want for Christmas is a broken home,8,8,3
ee82uiv,"Well I'm trying to improve, man ","Well I'm trying to improve, man ",20,20,3
edepc9e,Thanks a bunch <3,Thanks a bunch <3,15,15,3
edvk5pr,I just want tk be a random scumbag,I just want tk be a random scumbag,8,8,3
edtquk8,Very possible but there's absolutely zero indication were working on a deal to trade [NAME] currently. We're not just going to trade him away for peanuts.,Very possible but there's absolutely zero indication were working on a deal to trade [NAME] currently. We're not just going to trade him away for peanuts.,27,27,4
edh4s1c,I agree that you need more time in the later turns. But most games it feels like people wait until it is their turn to start thinking.,I agree that you need more time in the later turns. But most games it feels like people wait until it is their turn to start thinking.,4,4,3
eelbvc2,Hopefully you saved that letter!,Hopefully you saved that letter!,20,20,3
ed1lgh1,LIGHT THE BEACONS!,LIGHT THE BEACONS!,27,27,4
eeeybsp,Would I love to be a fly on your wall right now and watch this whole debacle.,Would I love to be a fly on your wall right now and watch this whole debacle.,18,18,3
eds7ima,How do you know this?,How do you know this?,27,27,4
ee1e4w3,"What do you think women do? I’m quiet as a churchmouse when I mastrubate, too","What do you think women do? I’m quiet as a churchmouse when I mastrubate, too",4,4,3
ednced6,"That's what they want though. So if you really want to 'win' their battles, simply ignore them :)","That's what they want though. So if you really want to 'win' their battles, simply ignore them :)",27,27,4
ee4jziv,He keeps saying this in my playthrough when that's definitely NOT what I'm doing. I just suck at hunting!!,He keeps saying this in my playthrough when that's definitely NOT what I'm doing. I just suck at hunting!!,3,3,0
eep85vg,One dumbass who hasn’t watched Hereditary complaining about meaningless awards on the Internet means... eh. I lost my point. Go watch Hereditary,One dumbass who hasn’t watched Hereditary complaining about meaningless awards on the Internet means... eh. I lost my point. Go watch Hereditary,2,2,0
ed3vol0,This was so touching ❤️❤️❤️,This was so touching ❤️❤️❤️,18,18,3
edz1wjs,"Has he done this with other world leaders, too? Or only [NAME]?","Has he done this with other world leaders, too? Or only [NAME]?",7,7,6
edrffyl,Wait... dogs can’t use ladders!,Wait... dogs can’t use ladders!,10,10,0
edcqmf1,That’s just fucked lol talk about cheap.,That’s just fucked lol talk about cheap.,1,1,3
eemtapo,What the fuck is this about?,What the fuck is this about?,2,2,0
ef6aj01,"You could notice he was a little bit nervous, i think that was the main reason for his way of playing in this game.","You could notice he was a little bit nervous, i think that was the main reason for his way of playing in this game.",4,4,3
efh977t,I didn't realise this was happening! Thank you! It was hard to tell from OPs photo what the changes were,I didn't realise this was happening! Thank you! It was hard to tell from OPs photo what the changes were,15,15,3
eds2ocr,Lol omg yesssss. Probably the best suggestion anyone ever told me 🙌🏼,Lol omg yesssss. Probably the best suggestion anyone ever told me 🙌🏼,"0,1,4",0,3
ef1clqa,Wich stinks for you,Wich stinks for you,27,27,4
eek393l,Why would I do that?,Why would I do that?,7,7,6
ee43x8n,"Another day, another Newsweek article reporting what some commentator said on TV.","Another day, another Newsweek article reporting what some commentator said on TV.",27,27,4
edtidcz,Thanks so much for the advice! Will definitely keep that in mind,Thanks so much for the advice! Will definitely keep that in mind,15,15,3
ed3vxxb,"Subscribed to sjwstories, thanks for informing me about that one!","Subscribed to sjwstories, thanks for informing me about that one!",15,15,3
edlf8fc,I wonder if truly might be work stress. He works long hours at a prestigious law firm. I need to five him more credit.,I wonder if truly might be work stress. He works long hours at a prestigious law firm. I need to five him more credit.,7,7,6
ee94rnu,I like this feeling,I like this feeling,"0,18",0,3
ed4ejz5,Trusting readers is something we cannot afford in this day and age.,Trusting readers is something we cannot afford in this day and age.,10,10,0
eewupcb,"Not really, just wanted to know why specifically you thought he was on gear. (Because I honestly don't see it)","Not really, just wanted to know why specifically you thought he was on gear. (Because I honestly don't see it)",10,10,0
eetfp2o,Don't include me in this us! Just kidding.. We need some love and fast.,Don't include me in this us! Just kidding.. We need some love and fast.,"17,18",17,3
edjfjqz,Why would they stop magicking away their shit. That seems more practical than a giant plumbing network.,Why would they stop magicking away their shit. That seems more practical than a giant plumbing network.,3,3,0
ee4pr5r,[NAME] can’t hurt us anymore.,[NAME] can’t hurt us anymore.,27,27,4
edifobn,You beat nerfed [NAME]. Sounds like tier lists do matter.,You beat nerfed [NAME]. Sounds like tier lists do matter.,27,27,4
ee7vkp6,"The [RELIGION] Church has been raping children for decades, that we know about. More likely hundreds of years. Probably since they've existed. ","The [RELIGION] Church has been raping children for decades, that we know about. More likely hundreds of years. Probably since they've existed. ",27,27,4
efek7uc,"Other than the jerseys, optic merch is like an after thought. Wish they would step it up more.","Other than the jerseys, optic merch is like an after thought. Wish they would step it up more.",27,27,4
edux6vl,"She's not an hero we deserve, she's an hero we have. ","She's not an hero we deserve, she's an hero we have. ",10,10,0
ed10ntc,out of everyone why AC?,out of everyone why AC?,7,7,6
efefxzk,SO MUCH.,SO MUCH.,27,27,4
edri4at,[NAME] and [NAME] going on a bike tour is awesome IDK why I love it so much,[NAME] and [NAME] going on a bike tour is awesome IDK why I love it so much,18,18,3
eezjon7,Putting on head phones with a neutral song,Putting on head phones with a neutral song,27,27,4
edj1n44,Are you fucking serious? That’s a foul??,Are you fucking serious? That’s a foul??,2,2,0
eff9bb4,Surely you meant isn't. XD,Surely you meant isn't. XD,27,27,4
ee2k0ji,This man looks so much older without the cap,This man looks so much older without the cap,22,22,6
ed73m7e,how does asperger feel like,how does asperger feel like,7,7,6
edp5bb3,#cooking #uni #urchin #local #tidetotable #truecooks #seafood #cheflife,#cooking #uni #urchin #local #tidetotable #truecooks #seafood #cheflife,27,27,4
efel74t,Agreed. There is r/clevercomebacks but this is just not even that.,Agreed. There is r/clevercomebacks but this is just not even that.,4,4,3
edklp5u,"Dark Crystal, Neverending Story, Labyrinth. My holy trinity of movies I both loved and was intimidated by as a child.","Dark Crystal, Neverending Story, Labyrinth. My holy trinity of movies I both loved and was intimidated by as a child.",18,18,3
eept4ci,All it takes is just a bit Practice and thanks!,All it takes is just a bit Practice and thanks!,"5,15",5,3
edw8b9h,"As a lifelong single person, [NAME] offends me. Feels like I'm apart of some demographic that they can live without :(","As a lifelong single person, [NAME] offends me. Feels like I'm apart of some demographic that they can live without :(",9,9,5
ee8wf77,[NAME] I hate my hometown,[NAME] I hate my hometown,2,2,0
ee3mw0h,You shut your mouth,You shut your mouth,2,2,0
edz34j0,>I mean look at socialist Germany. Look at Night of the Long Knives.,>I mean look at socialist Germany. Look at Night of the Long Knives.,27,27,4
edu79o2,Oof that’s terrible,Oof that’s terrible,14,14,2
edo1ya2,People like you with premature ejaculation and poor hygiene should not write long posts. Am I doing it right?,People like you with premature ejaculation and poor hygiene should not write long posts. Am I doing it right?,10,10,0
eem0wy9,If only buses had lights or something,If only buses had lights or something,27,27,4
eegnf2r,"yikes I am not reading that, the napkins are over there sir, have a nice day","yikes I am not reading that, the napkins are over there sir, have a nice day",20,20,3
eews46j,"No, it's not that one","No, it's not that one",10,10,0
eevo422,ah maybe next time,ah maybe next time,27,27,4
edu2flk,Well someone posted the ingredients in the comments below. I’m still new to the whole vegan thing.,Well someone posted the ingredients in the comments below. I’m still new to the whole vegan thing.,27,27,4
eefbq4h,You're in luck!,You're in luck!,0,0,3
edbsb6a,"Go look at the top posts of those subs. How far do you have to scroll to get to a ""men are trash"" post?","Go look at the top posts of those subs. How far do you have to scroll to get to a ""men are trash"" post?",6,6,6
efalldq,Whammer!,Whammer!,27,27,4
edkf4cp,Of course I remember a time when I didn't know what calories were. I was a child.,Of course I remember a time when I didn't know what calories were. I was a child.,27,27,4
ee605ki,"I've had a few blisters from hot welds, but nothing that bad...","I've had a few blisters from hot welds, but nothing that bad...",27,27,4
eeerkum,"Thank you, its like if you looked a camera that was taking a picture of your ear, you wouldn’t be able to see it.","Thank you, its like if you looked a camera that was taking a picture of your ear, you wouldn’t be able to see it.",15,15,3
efc8c95,Just know that you are the man. Go Isles. Go Flames.,Just know that you are the man. Go Isles. Go Flames.,27,27,4
ef12166,"Who says they weren’t? If they were, they were probably ignored, or drowned out by the [NAME].","Who says they weren’t? If they were, they were probably ignored, or drowned out by the [NAME].",27,27,4
ee66rq1,:) thank you!,:) thank you!,15,15,3
ed0oz6z,"Maybe try living a little longer before you talk about things you don't know about, sweaty. NEXT!","Maybe try living a little longer before you talk about things you don't know about, sweaty. NEXT!",3,3,0
ee39k86,Well if you read my other posts you’d know I did try to end it in a responsible mature way and he refused sooo,Well if you read my other posts you’d know I did try to end it in a responsible mature way and he refused sooo,27,27,4
efbmw16,"Awesome, love the input! I totally get what you’re saying!","Awesome, love the input! I totally get what you’re saying!",0,0,3
edej0vb,I would hate to see another [NAME] situation where [NAME] gets hurt again because he wasn't fully recovered.,I would hate to see another [NAME] situation where [NAME] gets hurt again because he wasn't fully recovered.,2,2,0
eellfv0,Much love half purple homie,Much love half purple homie,18,18,3
eege7y2,Molon labe!!!,Molon labe!!!,27,27,4
edxd17l,The [NAME] did send his only son to score for our Pens! We are REDEEMED!,The [NAME] did send his only son to score for our Pens! We are REDEEMED!,27,27,4
eenni73,I know a couple of people who are. It's amazing to watch.,I know a couple of people who are. It's amazing to watch.,17,17,3
eenv1pb,Must be a tough life when all you can think about is sad stories to keep you from enjoying anything.,Must be a tough life when all you can think about is sad stories to keep you from enjoying anything.,25,25,5
eenz3h9,Should I watch this? Will it aggravate me?,Should I watch this? Will it aggravate me?,7,7,6
edg9n6e,I believe in you. Do what is right for you. I hope you feel better soon too. ♥️🙂,I believe in you. Do what is right for you. I hope you feel better soon too. ♥️🙂,"5,20",5,3
ed4p72d,That was one of the things that I didn't think about and I already gave a delta for that.,That was one of the things that I didn't think about and I already gave a delta for that.,27,27,4
ed2u7fp,That's sad. I'm 16 and where I am there are loads of athiests my age. It's great.,That's sad. I'm 16 and where I am there are loads of athiests my age. It's great.,0,0,3
eevmy2i,"Same here! I thought too long and hard about whether or not la jolla/Encinitas was known as the ""treasure coast""","Same here! I thought too long and hard about whether or not la jolla/Encinitas was known as the ""treasure coast""",4,4,3
edm27fi,"Do you have any non anecdotal stuff to say or? Also burden of proof is a thing, you made a claim, prove it or fuck off","Do you have any non anecdotal stuff to say or? Also burden of proof is a thing, you made a claim, prove it or fuck off",2,2,0
ee34akk,"I think they are being sarcastic, notice the /s ","I think they are being sarcastic, notice the /s ",3,3,0
ees0kpt,"i suppose it did, but the kick follow up whiff is what i was really pointing out","i suppose it did, but the kick follow up whiff is what i was really pointing out",27,27,4
ee60k0m,Toxic feminism is ti blame,Toxic feminism is ti blame,2,2,0
eelxyfq,Turns out they weren't wrong about [NAME] either,Turns out they weren't wrong about [NAME] either,27,27,4
edwxzep,Now we need [NAME] to reunite with [NAME],Now we need [NAME] to reunite with [NAME],8,8,3
ee92f0s,"Yea, I'm willing to bet the auto makers have known about this technology for quite a while.","Yea, I'm willing to bet the auto makers have known about this technology for quite a while.",20,20,3
eexljrs,"Rest in peaches J2D or whatever his name was, nice meme","Rest in peaches J2D or whatever his name was, nice meme",0,0,3
ed90bpw,Raise them early in the way of the Braves! Congratulations!,Raise them early in the way of the Braves! Congratulations!,0,0,3
eetta44,so glad we picked this guy up. was absolutely terrified when we played against him. dude was in the zone.,so glad we picked this guy up. was absolutely terrified when we played against him. dude was in the zone.,17,17,3
edirpg9,You completely missed the point of the meme...,You completely missed the point of the meme...,22,22,6
ef2ddbx,I was there in 89-91. Some of the best years of my life.,I was there in 89-91. Some of the best years of my life.,"0,17",0,3
ee69cgm,"Wow, you folks sure are salty about losing the midterms! Pathetic?","Wow, you folks sure are salty about losing the midterms! Pathetic?",25,25,5
ef0smtv,I'm using mine on the Consumer Cellular customers that come in mad at me because they have to set up an Apple Account to use their IPhone.,I'm using mine on the Consumer Cellular customers that come in mad at me because they have to set up an Apple Account to use their IPhone.,11,11,1
eey9qv3,"Lol what a terrific audience. Maybe rich people saying ""come beg"" is kinda like wtf bro.","Lol what a terrific audience. Maybe rich people saying ""come beg"" is kinda like wtf bro.",1,1,3
edvqpif,for full video,for full video,27,27,4
edpq7bd,Yep...this sub blasted me for hating the casey hire and still refuses to admit his big faults,Yep...this sub blasted me for hating the casey hire and still refuses to admit his big faults,10,10,0
eew1pd6,"Hey, you ever watch the sopranos before?","Hey, you ever watch the sopranos before?",7,7,6
edil1da,"""I will do what I must.""","""I will do what I must.""",27,27,4
edkyrqt,I would love to see some encouragement and smiles on the sideline instead of yelling and whining.,I would love to see some encouragement and smiles on the sideline instead of yelling and whining.,4,4,3
edd71rs,Thank you.,Thank you.,15,15,3
edajeqf,I want to be a sister ♥️ I have lots of nail polish I'll help!!,I want to be a sister ♥️ I have lots of nail polish I'll help!!,"5,8",5,3
eez0k0k,It’s a terrible thing when someone who doesn’t let themselves laugh has a reddit account,It’s a terrible thing when someone who doesn’t let themselves laugh has a reddit account,9,9,5
eemui59,"Thank You, that does seem to be the consensus. ","Thank You, that does seem to be the consensus. ",15,15,3
eebn6kt,"Did anyone else read this and say ""Fuck yeah!""?","Did anyone else read this and say ""Fuck yeah!""?",3,3,0
ee4hcgp,"I'll pass the ""I'm not crying you're crying!"" part. Yeah I'm crying. ","I'll pass the ""I'm not crying you're crying!"" part. Yeah I'm crying. ",25,25,5
ef44r29,Thank you very much I appreciate the enthusiasm btw do you know more or less how much space will I need to install it?,Thank you very much I appreciate the enthusiasm btw do you know more or less how much space will I need to install it?,15,15,3
edci2zk,Oh ok that makes sense then! Thanks for taking the time to explain. 😊,Oh ok that makes sense then! Thanks for taking the time to explain. 😊,15,15,3
efa3w8w,When is the battle point for squad spawning back?,When is the battle point for squad spawning back?,27,27,4
edfayxy,He’s a way worse version of [NAME]. I don’t think anyone is putting him in their top 15 besides Bears fans.,He’s a way worse version of [NAME]. I don’t think anyone is putting him in their top 15 besides Bears fans.,10,10,0
ef6yq1b,You're disgusting,You're disgusting,11,11,1
ee238im,1. Use chicken thighs 2. Dryness doesn't matter with this much fat.,1. Use chicken thighs 2. Dryness doesn't matter with this much fat.,27,27,4
ee5j15q,"Exactly. We’re only here for the money, assholes. ","Exactly. We’re only here for the money, assholes. ",2,2,0
eey42p5,She is probably cheating on you. :(,She is probably cheating on you. :(,25,25,5
eenzmkg,at least you’re getting hit on,at least you’re getting hit on,27,27,4
ef9wj5f,"It would be mostly home-grown terrorism, angry at all the people fleeing from overseas terrorism.","It would be mostly home-grown terrorism, angry at all the people fleeing from overseas terrorism.",2,2,0
eedw8w1,Ah good call - I dont plan to take submissions for that reason,Ah good call - I dont plan to take submissions for that reason,4,4,3
edhe14w,Personal insults aren't allowed around here. 1 week ban for first offense.,Personal insults aren't allowed around here. 1 week ban for first offense.,10,10,0
ed65k7z,I've been watching it recently and it is such an amazing show!,I've been watching it recently and it is such an amazing show!,0,0,3
ef4i1lz,Why would you mention [NAME]? Lol,Why would you mention [NAME]? Lol,1,1,3
ef72r1h,Don’t tempt me!,Don’t tempt me!,10,10,0
efba01h,I hope you get the help you need. Truly.,I hope you get the help you need. Truly.,20,20,3
ef0px5w,Not sure if we can call him ginger anymore. That hairline went into a recession that'd put 2009 to shame.,Not sure if we can call him ginger anymore. That hairline went into a recession that'd put 2009 to shame.,6,6,6
edashqi,I love this ahahah,I love this ahahah,18,18,3
eczx51l,U guys are like match made in heaven ♥️♥️♥️,U guys are like match made in heaven ♥️♥️♥️,0,0,3
eetnybb,Ah yes I used to enjoy those. Before the dark times. Before the days of a FOX less Netflix.,Ah yes I used to enjoy those. Before the dark times. Before the days of a FOX less Netflix.,"4,17",4,3
ed67zzx,"First [NAME], now [NAME]. Stop the conks. Please. ","First [NAME], now [NAME]. Stop the conks. Please. ",3,3,0
ee0hr0f,This is one of the worst I've seen...,This is one of the worst I've seen...,11,11,1
ee2yb0w,"[NAME] for reasons of his ACL. Although, assuming everyone on the list was fit to play, I'll say [NAME].","[NAME] for reasons of his ACL. Although, assuming everyone on the list was fit to play, I'll say [NAME].",4,4,3
ee0ffkt,Almost like being in Love by [NAME].,Almost like being in Love by [NAME].,18,18,3
eeikul8,"[NAME] was *actually blacklisted* by the ""victims"" but yeah *he* must have had the power to blacklist *them*... what?","[NAME] was *actually blacklisted* by the ""victims"" but yeah *he* must have had the power to blacklist *them*... what?",27,27,4
efe1coq,RemindMe!,RemindMe!,27,27,4
efaua62,"I regale them with stories of times when the dfaq runs out of chocolate cake, reminding them that we too can sometimes have it rough. ","I regale them with stories of times when the dfaq runs out of chocolate cake, reminding them that we too can sometimes have it rough. ",27,27,4
eejjai3,Your username makes me think you would appreciate this joke of mine.,Your username makes me think you would appreciate this joke of mine.,1,1,3
eelhdw9,SCREENSHOT THIS.,SCREENSHOT THIS.,27,27,4
eebt0yo,"Apparently, you'd want an Alberta with a censor on what we read. Bully for you.","Apparently, you'd want an Alberta with a censor on what we read. Bully for you.",3,3,0
ee85inb,I sure hope so,I sure hope so,20,20,3
edm3gzx,You seriously reposted your repost of the same repost you reposted again.,You seriously reposted your repost of the same repost you reposted again.,3,3,0
ee8wvo4,Let’s gooooo WHI,Let’s gooooo WHI,27,27,4
edbeb0s,thats some very advanced way of thinking - and I dont think I was able to do that when I was 18,thats some very advanced way of thinking - and I dont think I was able to do that when I was 18,0,0,3
efe2hql,Mmmmm tasty 🅱️estrogens,Mmmmm tasty 🅱️estrogens,27,27,4
edcgi6l,Damn. I'm sorry. What misery.,Damn. I'm sorry. What misery.,24,24,5
ed27j06,Oh interesting username,Oh interesting username,"0,4",0,3
ed2vaih,Thank you for saying this. It is disrespectful to me. And it hurts.,Thank you for saying this. It is disrespectful to me. And it hurts.,15,15,3
edmu7gq,You should've smashed his head into it.,You should've smashed his head into it.,2,2,0
eepqi96,Looks like emotionally and physically beating the shit out of his wife and children was not wasted then.,Looks like emotionally and physically beating the shit out of his wife and children was not wasted then.,27,27,4
efd2msq,> don't tax anyone what a stupid idea.,> don't tax anyone what a stupid idea.,3,3,0
ef82snz,I just tell myself that I'll be put together for some girl. She won't have to treat me like a fixer upper.,I just tell myself that I'll be put together for some girl. She won't have to treat me like a fixer upper.,27,27,4
edzihoy,The only cringe is some of y'all obsessing over every little thing Eureka does.,The only cringe is some of y'all obsessing over every little thing Eureka does.,27,27,4
eeavssc,Don’t wait. Take control of your life back and leave. You know that’s what’s going to happen.,Don’t wait. Take control of your life back and leave. You know that’s what’s going to happen.,27,27,4
eehu5wm,"Aww, thank you [NAME] for capturing me!!","Aww, thank you [NAME] for capturing me!!",15,15,3
eena42i,Ohh.. Thank you!,Ohh.. Thank you!,15,15,3
eerznkk,And *they are the ones* talking about NPCs!,And *they are the ones* talking about NPCs!,27,27,4
eei8lrq,Well thanks for sharing. I loved it. Do you know of any others from them that aren't well known?,Well thanks for sharing. I loved it. Do you know of any others from them that aren't well known?,"15,18",15,3
ed4h20w,Petey ot [NAME]. Let's go. Hockey gods cannot forsake us this much,Petey ot [NAME]. Let's go. Hockey gods cannot forsake us this much,27,27,4
ef7new6,And yet it looks like one thing you can't is read. Shame shame.,And yet it looks like one thing you can't is read. Shame shame.,12,12,5
ed3v7di,Shit you are right! I can't believe I forgot to mention that as well! Thanks for pointing that out ;),Shit you are right! I can't believe I forgot to mention that as well! Thanks for pointing that out ;),15,15,3
eeztbjr,I get wound up over completely imagined conversations too 😅 I'm trying to meditate and learn to stop myself from going down the rabbit hole.,I get wound up over completely imagined conversations too 😅 I'm trying to meditate and learn to stop myself from going down the rabbit hole.,20,20,3
efg3j94,"If a woman forces a man's penis into her vagina, that ABSOLUTELY IS a crime. Not sure what you're smoking. ","If a woman forces a man's penis into her vagina, that ABSOLUTELY IS a crime. Not sure what you're smoking. ",6,6,6
eemadmb,"[NAME], he’s who I’m most excited to see develop ","[NAME], he’s who I’m most excited to see develop ",13,13,3
edlpdy6,no one cares my guy,no one cares my guy,"9,25",9,5
efdimd9,Contractions is equivalent....body can only deal with...us women with labor.....I don’t like the way this person speaks.,Contractions is equivalent....body can only deal with...us women with labor.....I don’t like the way this person speaks.,10,10,0
efgtm33,"As a Jeep driver, I constantly have to remind other Jeep drivers that 4WD/AWD only makes a difference when driving. Everyone has 4-wheel stop.","As a Jeep driver, I constantly have to remind other Jeep drivers that 4WD/AWD only makes a difference when driving. Everyone has 4-wheel stop.",27,27,4
eevt039,making photos look pretty,making photos look pretty,0,0,3
ed5u59i,Maybe [NAME].,Maybe [NAME].,2,2,0
ee0lkrn,But they are spectacular.,But they are spectacular.,0,0,3
eeg8jrj,She's absolutely stunning in that photo,She's absolutely stunning in that photo,0,0,3
eerbx5k,Dummy I'm disagreeing with you,Dummy I'm disagreeing with you,10,10,0
eengnap,"I would try rubbing alcohol, high percentage. Looks greasy to me.","I would try rubbing alcohol, high percentage. Looks greasy to me.",20,20,3
ee3lw19,"Gross. I hate using those reusable cloth ones because they retain smells. You've got cats? I know, I can smell them. ","Gross. I hate using those reusable cloth ones because they retain smells. You've got cats? I know, I can smell them. ",11,11,1
ed7rdog,I don't know any but my own I'm afraid.,I don't know any but my own I'm afraid.,14,14,2
edvsund,Most valuable comment,Most valuable comment,0,0,3
efct7bs,"[NAME], learn some fucking grammar and punctuation. Maybe use some paragraphs. Just an idea.","[NAME], learn some fucking grammar and punctuation. Maybe use some paragraphs. Just an idea.",3,3,0
ee4elj6,Yeah. If you try not to ignore the photos it's right there.,Yeah. If you try not to ignore the photos it's right there.,4,4,3
ee8tvi8,This internet stranger is also super proud of you! Way to go!!!,This internet stranger is also super proud of you! Way to go!!!,"0,21",0,3
edbtica,"Man, I assumed it was already out and I'd missed it.","Man, I assumed it was already out and I'd missed it.",6,6,6
eczt8co,Idiots are downvoting your correct comment.,Idiots are downvoting your correct comment.,9,9,5
edm95ms,If that’s true it’s very desperate. You would think he had some better way of communicating.,If that’s true it’s very desperate. You would think he had some better way of communicating.,25,25,5
ed8xf9t,I believe that you can search for providers here. Good luck and good on ya.,I believe that you can search for providers here. Good luck and good on ya.,15,15,3
eedop51,Because the hierarchy is afraid they’ll get burned.,Because the hierarchy is afraid they’ll get burned.,14,14,2
eenndaw,Nah I dont think the panthers are good enough,Nah I dont think the panthers are good enough,10,10,0
ee809qh,[NAME] what a dork you are to think the above comment means I am daft to the behavior endured by women for way too long.,[NAME] what a dork you are to think the above comment means I am daft to the behavior endured by women for way too long.,27,27,4
eezocyj,It's cool.,It's cool.,27,27,4
ee7xtqd,I came here to say this.,I came here to say this.,27,27,4
ed9auy9,"Oh man, what was the name of that show. It feels so familiar. Haven't watched MTV in, I don't know, 15 years? ","Oh man, what was the name of that show. It feels so familiar. Haven't watched MTV in, I don't know, 15 years? ",7,7,6
ed1nwrl,Life beat you to it by years,Life beat you to it by years,27,27,4
eczoh1h,I hope so but doubt it...,I hope so but doubt it...,20,20,3
ed982u9,Oooh. Look! Big man over here!,Oooh. Look! Big man over here!,13,13,3
ef4x8ta,"2010. [NAME] being all desperate, [NAME] return. Shit was gold","2010. [NAME] being all desperate, [NAME] return. Shit was gold",27,27,4
edonf85,"I wouldnt go that far, but paranoid schizophrenia can definitely do that to someone. Even mild social anxiety can also cause it, though","I wouldnt go that far, but paranoid schizophrenia can definitely do that to someone. Even mild social anxiety can also cause it, though",27,27,4
eetd9cu,This almost certainly should not have gone to OT. SEC refs are bad CBB refs are bad,This almost certainly should not have gone to OT. SEC refs are bad CBB refs are bad,10,10,0
eeluyf8,Normally drop n roll. In this case I would remove my clothes because I doubt rolling would help.,Normally drop n roll. In this case I would remove my clothes because I doubt rolling would help.,6,6,6
edlj3i9,Let's go boys,Let's go boys,27,27,4
eeitn01,"Not at all. It's great of course for financial reasons, but it then makes me worried about how much time she'll have for a relationship.","Not at all. It's great of course for financial reasons, but it then makes me worried about how much time she'll have for a relationship.",25,25,5
ede5aoj,"Matchroom squad dismiss [NAME] as not existing anymore, the sky media influence is scary ","Matchroom squad dismiss [NAME] as not existing anymore, the sky media influence is scary ",14,14,2
edmdodp,[NAME] didn't want to deal with [NAME] (reasonable) and [NAME] had more foreign policy experience and credentials than [NAME] did at the time.,[NAME] didn't want to deal with [NAME] (reasonable) and [NAME] had more foreign policy experience and credentials than [NAME] did at the time.,27,27,4
ef7y6bm,I love you guys. Beers on me,I love you guys. Beers on me,18,18,3
ef4n4vp,"Unfortunately for you, no one of importance cares about your absurd views. ","Unfortunately for you, no one of importance cares about your absurd views. ",25,25,5
ee5xnm0,"making us look like punks, disappointing","making us look like punks, disappointing",9,9,5
edfqijd,"I’ve legitimately never heard anything about disabled men relying on prostitution, nor have I heard any arguments using disabled men as a rationalization for prostitution.","I’ve legitimately never heard anything about disabled men relying on prostitution, nor have I heard any arguments using disabled men as a rationalization for prostitution.",27,27,4
edxnwx5,"Ah, the old [NAME] to [NAME] to [NAME] to [NAME] pipeline.","Ah, the old [NAME] to [NAME] to [NAME] to [NAME] pipeline.",27,27,4
eedn3aw,"iirc they were changing a few servers names, tht might have caused a few issues","iirc they were changing a few servers names, tht might have caused a few issues",27,27,4
eeunffh,[NAME] vs. Being an actual coach,[NAME] vs. Being an actual coach,27,27,4
efh31r3,Probably the most rational way to look at this entire scenario - thanks for posting this my dude. That comment set me straight again.,Probably the most rational way to look at this entire scenario - thanks for posting this my dude. That comment set me straight again.,"15,20",15,3
eevyzvq,"I provoked by breathing too hard. And yes, I hate that. ","I provoked by breathing too hard. And yes, I hate that. ",2,2,0
eeckgaz,Someone made a similar joke and got 500 down votes.,Someone made a similar joke and got 500 down votes.,22,22,6
efh3kzm,[NAME] was a great coach,[NAME] was a great coach,0,0,3
eempufb,Fuuuuuck. That’s the worst I’ve seen.,Fuuuuuck. That’s the worst I’ve seen.,2,2,0
eeclq2b,It is. You generally need 5 down and 5 up to play reliably. Also wired.,It is. You generally need 5 down and 5 up to play reliably. Also wired.,3,3,0
edmjehl,"[NAME] that website is cancer. Also I love how the main ""entertainment"" in it is straight up harassment.","[NAME] that website is cancer. Also I love how the main ""entertainment"" in it is straight up harassment.",18,18,3
eeotqy6,This is really cool and well made!,This is really cool and well made!,0,0,3
edgtz8g,Surprise my what now?,Surprise my what now?,"7,26",7,6
ee8wanj,I will always love ohare because it is the home alone airport,I will always love ohare because it is the home alone airport,18,18,3
eczszn6,Go play Farmville if you can't keep it up.,Go play Farmville if you can't keep it up.,3,3,0
eejp20m,"He is nearly 25, can't shoot, can't dribble and does nothing great. He wont improve much.","He is nearly 25, can't shoot, can't dribble and does nothing great. He wont improve much.",10,10,0
eduujnn,So [NAME] is really a fan of playing the bench vs the other team's starters at the end of halves. Really finding every tanking edge possible.,So [NAME] is really a fan of playing the bench vs the other team's starters at the end of halves. Really finding every tanking edge possible.,4,4,3
ed5yi9d,"yeah, those seem like they'll flop around quite safely... ","yeah, those seem like they'll flop around quite safely... ",4,4,3
eew3bph,"Glad you enjoyed man, yeah it was pretty spontaneous too, I was praying I wasnt about to pull some bartard move and get jammed lol.","Glad you enjoyed man, yeah it was pretty spontaneous too, I was praying I wasnt about to pull some bartard move and get jammed lol.","0,1,17",0,3
eespqla,I'm here again to say I love your art and it brings me joy when you post it on this sub bye!,I'm here again to say I love your art and it brings me joy when you post it on this sub bye!,"17,18",17,3
edp8x4k,Hmm... [NAME] looks like [NAME] from Nickelodeon,Hmm... [NAME] looks like [NAME] from Nickelodeon,27,27,4
edodczo,"Too easy. I’m selling at $18k on Jan 12, 2021 so I can be pissed at myself for not selling the top","Too easy. I’m selling at $18k on Jan 12, 2021 so I can be pissed at myself for not selling the top",3,3,0
eev5q9y,"College is a very lonely place. Very stressful, very lonely. [NAME]. Good luck out there man.","College is a very lonely place. Very stressful, very lonely. [NAME]. Good luck out there man.",25,25,5
ef1tkad,That feeling when your mascot is there but none of his players. Sorry Youppi,That feeling when your mascot is there but none of his players. Sorry Youppi,27,27,4
ee1ttjn,"Omg, thank you!","Omg, thank you!",15,15,3
ee7zrpo,"Interesting. Even if most disagree with it, I'd love to aee a resurrection of some sorts in IX.","Interesting. Even if most disagree with it, I'd love to aee a resurrection of some sorts in IX.",18,18,3
edzgaty,True! He probably is just lonely. Thank you for the kind words :),True! He probably is just lonely. Thank you for the kind words :),"5,15",5,3
eezvo4a,This is amazing,This is amazing,0,0,3
ee402xr,"It looks like how [NAME] is introducing the comedians in ""Whose line is it anyway ?""","It looks like how [NAME] is introducing the comedians in ""Whose line is it anyway ?""",27,27,4
eczqqm9,Adoration is definitely something I could do more of. Thank you!,Adoration is definitely something I could do more of. Thank you!,15,15,3
edpl1wg,That’s pretty accurate,That’s pretty accurate,4,4,3
edcny62,Also one of my favorite parts of this story.,Also one of my favorite parts of this story.,27,27,4
ed85llg,What was the end result of this?,What was the end result of this?,7,7,6
eein07r,They have directly targeted civilians. It's disgusting.,They have directly targeted civilians. It's disgusting.,11,11,1
eewx2q3,"looks cool, i want it now.","looks cool, i want it now.",0,0,3
ee24fws,The applause came from [NAME] and his group.,The applause came from [NAME] and his group.,0,0,3
efalm4g,"Um, excuse me? I'm a *rolling* rabbit hole, thank you","Um, excuse me? I'm a *rolling* rabbit hole, thank you",15,15,3
edqzxj4,In the first combo if you just do the b+k instead of even bothering to kick it does 1 more damage Not much obviously but yeah just a thought,In the first combo if you just do the b+k instead of even bothering to kick it does 1 more damage Not much obviously but yeah just a thought,22,22,6
een1kbk,I don't find anything about women appealing.,I don't find anything about women appealing.,10,10,0
ef856f5,"-30°, then again I'm only 16. Been a while since these temps have come around so it's not pleasant.","-30°, then again I'm only 16. Been a while since these temps have come around so it's not pleasant.",11,11,1
eeguj4w,TOO. MUCH. HESITATION. [NAME] should've gotten that on net a second earlier,TOO. MUCH. HESITATION. [NAME] should've gotten that on net a second earlier,27,27,4
efcjwz1,How did you get them for free?,How did you get them for free?,27,27,4
eff040g,Very cool.,Very cool.,27,27,4
eedek9c,Resetting a dislocated knee hurts like hell but it feels a lot better immediately after.,Resetting a dislocated knee hurts like hell but it feels a lot better immediately after.,23,23,3
edits51,I know I am still going to frequent Argonaut and my other neighborhood family owned liquor store.,I know I am still going to frequent Argonaut and my other neighborhood family owned liquor store.,22,22,6
efbbztw,Someone with erectile dysfunction already can't (conventionally) orgasm. What the fuck are you talking about?,Someone with erectile dysfunction already can't (conventionally) orgasm. What the fuck are you talking about?,2,2,0
ee4kouf,Furry and scaly damn,Furry and scaly damn,27,27,4
eee2806,This whole comment is just reeeing about reeeing. Reeeception,This whole comment is just reeeing about reeeing. Reeeception,27,27,4
efh9gkq,"Maybe with spelling, but his dad watches SNL every week I betcha.","Maybe with spelling, but his dad watches SNL every week I betcha.",27,27,4
efeht6w,Wow! I’m barely 2 cities over and it isn’t even nearly that cold :o,Wow! I’m barely 2 cities over and it isn’t even nearly that cold :o,22,22,6
ed00rv5,This is creepy.,This is creepy.,14,14,2
eegigu8,Would love to donate as well!,Would love to donate as well!,18,18,3
eeysutm,"I think my worry would be if another dog attacks mine, they wouldn't be able to defend themselves","I think my worry would be if another dog attacks mine, they wouldn't be able to defend themselves",7,7,6
edmy2mc,What a charming puddle of smegma.,What a charming puddle of smegma.,0,0,3
efgg034,I'm flattered but I'm a good [RELIGION] scarf,I'm flattered but I'm a good [RELIGION] scarf,0,0,3
eenfw90,"Result of ""I have camera so I'm invincible"" syndrome.","Result of ""I have camera so I'm invincible"" syndrome.",27,27,4
eepnmkt,Why is neighbour spelt incorrectly?,Why is neighbour spelt incorrectly?,7,7,6
edk0ccg,"That would be okay, I guess.","That would be okay, I guess.",4,4,3
eecbj0i,That's interesting. Have you used it to register on many sites/services?,That's interesting. Have you used it to register on many sites/services?,7,7,6
edxy4ze,"And big boobs! Like, what?","And big boobs! Like, what?",27,27,4
efgwcxf,You’re not a loser. You’re a whole and complete person unto yourself.,You’re not a loser. You’re a whole and complete person unto yourself.,0,0,3
ee6p1b3,"We've been linking that dodgy-as-hell Ukrainian site for years, so go nuts.","We've been linking that dodgy-as-hell Ukrainian site for years, so go nuts.",27,27,4
edy6nlz,"For liquids I might leave the ""7"" out and make sure your citizens are the only race that can spawn in highly savage areas.","For liquids I might leave the ""7"" out and make sure your citizens are the only race that can spawn in highly savage areas.",27,27,4
efflnhg,"Excellent collage, I learned so much from all these guys. The community is great, the unconfiscatable conference was awesome 🙏🏽🙏🏽","Excellent collage, I learned so much from all these guys. The community is great, the unconfiscatable conference was awesome 🙏🏽🙏🏽",0,0,3
edn5qfd,"Lol you're so close to getting it, dude. So close. ","Lol you're so close to getting it, dude. So close. ",1,1,3
edcydnj,Yeah mason wasps are nasty little Tucker’s.,Yeah mason wasps are nasty little Tucker’s.,27,27,4
ef73dfc,Thank you for clarifying. I was just thinking about how picky a lot of my family is (adults as much as kids).,Thank you for clarifying. I was just thinking about how picky a lot of my family is (adults as much as kids).,15,15,3
edl6kwq,"Actually maybe the OP is not an INTP, have you thought about that!!","Actually maybe the OP is not an INTP, have you thought about that!!",7,7,6
eecrcld,"With [NAME] and [NAME] back, and [NAME] waiting in the wings, would you still want an EDGE in round 1?","With [NAME] and [NAME] back, and [NAME] waiting in the wings, would you still want an EDGE in round 1?",27,27,4
ee0wpbb,So this is what edging feels like,So this is what edging feels like,27,27,4
ed8yt80,Sorry you had to live there. Good news is they are demolishing it in 2020.,Sorry you had to live there. Good news is they are demolishing it in 2020.,25,25,5
edvwy7r,"Considering how beautiful every single person is, there is far too much ugliness on Earth. ","Considering how beautiful every single person is, there is far too much ugliness on Earth. ",0,0,3
ee1fnks,/u/897w346354365fdddfs said: > You're funny You're shilly,/u/897w346354365fdddfs said: > You're funny You're shilly,1,1,3
eecu1b6,"Yes, I'm just banking on the fact that there will be a bigger idiot than me out there. :-)","Yes, I'm just banking on the fact that there will be a bigger idiot than me out there. :-)",27,27,4
eey30n5,Perfect! Put it in a form they can understand!,Perfect! Put it in a form they can understand!,27,27,4
edyehs2,Because your considered “boring”. Girls love drama. It’s a thing.,Because your considered “boring”. Girls love drama. It’s a thing.,27,27,4
eeyda6m,"That made me smile. Thank you!! And yes, definitely replacing her on my reference list lol. ","That made me smile. Thank you!! And yes, definitely replacing her on my reference list lol. ","1,15",1,3
eddd3g8,Logic and facts are verboten on that sub. Truly bizarre that people are that sensitive.,Logic and facts are verboten on that sub. Truly bizarre that people are that sensitive.,27,27,4
edqxehq,Well the good news is once all the boomers die off you won't have any pesky old people to blame anymore.,Well the good news is once all the boomers die off you won't have any pesky old people to blame anymore.,17,17,3
edwxq8e,Just wanted to mention--Brazos Bend is closed due to flooding until next week.,Just wanted to mention--Brazos Bend is closed due to flooding until next week.,27,27,4
ed0y9tc,Because making 44% of the team's total TD catches is not enough!?! Please tell me this is BS.,Because making 44% of the team's total TD catches is not enough!?! Please tell me this is BS.,27,27,4
ed3h3xi,Oh bb please tell me about possible sanctions,Oh bb please tell me about possible sanctions,27,27,4
eenby1p,I’ve been using the Greiss poke check on [NAME] as mine since it happened.,I’ve been using the Greiss poke check on [NAME] as mine since it happened.,27,27,4
efcwwfj,Yeah thank you you ungrateful bast.....,Yeah thank you you ungrateful bast.....,2,2,0
eep4519,I don’t know who the hell [NAME] is but I am now curious after seeing the word “again”.,I don’t know who the hell [NAME] is but I am now curious after seeing the word “again”.,7,7,6
eeoi9p4,Great idea! Thanks :),Great idea! Thanks :),15,15,3
ee1vj38,Yeah I sympathize with this sentiment. The flow of Michigan fans into the cfb subreddit this year was overwhelming. Even as a fan I was irritated.,Yeah I sympathize with this sentiment. The flow of Michigan fans into the cfb subreddit this year was overwhelming. Even as a fan I was irritated.,3,3,0
eduwluz,Well [NAME] made me laugh,Well [NAME] made me laugh,17,17,3
ef5ivf7,"Ah, a classy man","Ah, a classy man",0,0,3
eedx8pb,"I swear to [NAME], I'm going to approach you. Instead of running away, I'll come right to you.","I swear to [NAME], I'm going to approach you. Instead of running away, I'll come right to you.",27,27,4
eemni1u,I always give my disclaimer when he asks for my phone number. I understand and respect my situation could be a deal breaker for some.,I always give my disclaimer when he asks for my phone number. I understand and respect my situation could be a deal breaker for some.,27,27,4
ed9z8oy,My coworker got cheated on by her boyfriend of 8 years and needs a night out so I can't even get out of it sigh.,My coworker got cheated on by her boyfriend of 8 years and needs a night out so I can't even get out of it sigh.,27,27,4
edzl27n,The DPRK is ethno fascism,The DPRK is ethno fascism,27,27,4
ef74knm,Da real MVP,Da real MVP,27,27,4
ednjeux,Best NYG draft pick EVER!!!!,Best NYG draft pick EVER!!!!,27,27,4
eej5sao,"Holy smokes, good jobs!!!","Holy smokes, good jobs!!!",15,15,3
edwzg9i,We finally lost a game while I was shuffling my tarot deck and now I can’t decide if I should try again or if the luck ran out,We finally lost a game while I was shuffling my tarot deck and now I can’t decide if I should try again or if the luck ran out,9,9,5
ee8ukyq,Stick your head in a blender and leave it on for all year. Turn it off for October and half of November...then right back into it,Stick your head in a blender and leave it on for all year. Turn it off for October and half of November...then right back into it,27,27,4
ee05w1z,"I got bad news for ya'll. I picked Chargers, Colts, Saints, and Cowboys to win. So Eagles might be winning :/ ","I got bad news for ya'll. I picked Chargers, Colts, Saints, and Cowboys to win. So Eagles might be winning :/ ",9,9,5
ee09ex6,At least she's correct,At least she's correct,4,4,3
ef1r54h,I believe the term is grill inspector,I believe the term is grill inspector,27,27,4
edts5dr,[NAME] death is just so..... senseless. Why? WHY??? The based gods have forsaken us,[NAME] death is just so..... senseless. Why? WHY??? The based gods have forsaken us,16,16,5
efg3dbn,You're not really pissing anyone off. Mostly we just pity you.,You're not really pissing anyone off. Mostly we just pity you.,27,27,4
edtlhba,Interesting. Such a different approach than the evangelist efforts I’ve experienced from “mainline” [RELIGION].,Interesting. Such a different approach than the evangelist efforts I’ve experienced from “mainline” [RELIGION].,27,27,4
eenqp48,"Of course man, I really appreciate this. But it's okay, I can just message you through here. It's fine:)","Of course man, I really appreciate this. But it's okay, I can just message you through here. It's fine:)",15,15,3
edixgej,Dave & Buster’s is a great suggestion!,Dave & Buster’s is a great suggestion!,0,0,3
efarezk,"I can’t help but notice they didn’t show [NAME], [NAME], or the most dramatic transformation of all, [NAME]","I can’t help but notice they didn’t show [NAME], [NAME], or the most dramatic transformation of all, [NAME]",27,27,4
edq6kuk,In other news; Water is still wet.,In other news; Water is still wet.,27,27,4
ee9b5a6,"""Here's your fucking well done with pink in the center [NAME], jsut like youre stupid fucking table wants!""","""Here's your fucking well done with pink in the center [NAME], jsut like youre stupid fucking table wants!""",2,2,0
edwkpe7,Same. Right after I replaced the screen. So now I have a cracked phone,Same. Right after I replaced the screen. So now I have a cracked phone,27,27,4
eczfslj,Saying that combo with a straight face after the fucking mess that went into the last UFC event should be hard.,Saying that combo with a straight face after the fucking mess that went into the last UFC event should be hard.,27,27,4
ee53vg3,Got it. Sorry you feel that way man. I hope you find your own way to impact the game or enjoy it next year.,Got it. Sorry you feel that way man. I hope you find your own way to impact the game or enjoy it next year.,20,20,3
ef82uux,Good luck and have fun,Good luck and have fun,"17,20",17,3
ef9xt3b,"Honestly, I'm just happy I got traded to you guys, rather than a team like the Leafs or H*bs","Honestly, I'm just happy I got traded to you guys, rather than a team like the Leafs or H*bs",17,17,3
ed1h3xz,Right now it sucks ass I gotta squat in snow in the freezing cold in the back yard of my apartment complex holding a little bong,Right now it sucks ass I gotta squat in snow in the freezing cold in the back yard of my apartment complex holding a little bong,11,11,1
eegqlt6,"Ah yes, downvoted somebody for being different. Ever acceptant.","Ah yes, downvoted somebody for being different. Ever acceptant.",27,27,4
ed1amhd,If it's true i'm sad he's leaving but I wish him nothing but the best.,If it's true i'm sad he's leaving but I wish him nothing but the best.,25,25,5
ef1b5sp,"I mean, they did just that in Djibouti I believe, and Sri Lanka before. Hopefully Kenya can avoid the debt trap","I mean, they did just that in Djibouti I believe, and Sri Lanka before. Hopefully Kenya can avoid the debt trap",20,20,3
eevyfss,"Congrats! Enjoy a free slice, I think you know what to do with this 🍕","Congrats! Enjoy a free slice, I think you know what to do with this 🍕","15,17",15,3
eeyn44s,[NAME] is pretty cute...,[NAME] is pretty cute...,0,0,3
ed8ao7n,"Interesting read, but horrible format on mobile.","Interesting read, but horrible format on mobile.",13,13,3
ee8lxo6,30 bombs won’t be enough for me to feel good running [NAME] and his career .291 OBP out there every day,30 bombs won’t be enough for me to feel good running [NAME] and his career .291 OBP out there every day,27,27,4
edtosu3,You mean I shouldn't be doing treating it that way now?,You mean I shouldn't be doing treating it that way now?,7,7,6
ed429gc,Oh hell no,Oh hell no,26,26,6
ef0pn76,"[NAME]! Fun fact, it was [NAME]. who led the stacked 86 Mets rotation in wins with 18.","[NAME]! Fun fact, it was [NAME]. who led the stacked 86 Mets rotation in wins with 18.",27,27,4
eex3krx,[NAME] wept.,[NAME] wept.,25,25,5
eds5juy,I hear you buddy. I rage so hard my jaws lock,I hear you buddy. I rage so hard my jaws lock,27,27,4
edled8h,I haven't seen a single [NAME] article. But there have been a few [NAME] articles around recently.,I haven't seen a single [NAME] article. But there have been a few [NAME] articles around recently.,22,22,6
eddtdfn,It still wouldn't make sense. The problem isn't the looks,It still wouldn't make sense. The problem isn't the looks,10,10,0
eczkg1x,they already ruined their own lives by having an affair. the other spouse knowing is just a consequence of their selfish actions.,they already ruined their own lives by having an affair. the other spouse knowing is just a consequence of their selfish actions.,3,3,0
edvey02,"If I ever see that in my area, that will be a bullet to the head. Fuck Reddit's rules.","If I ever see that in my area, that will be a bullet to the head. Fuck Reddit's rules.",2,2,0
eddkv5t,I will thanks :),I will thanks :),15,15,3
edu3jvz,He's protecting and defending the angels now 💚,He's protecting and defending the angels now 💚,"4,5",4,3
edcscw4,Fixed That For You,Fixed That For You,5,5,3
eefbymp,And then they got shot down,And then they got shot down,27,27,4
ed4d87o,Maybe it’s flaccid and shaking it makes sense when you’re being put under in the comments. loool read a few pounds.,Maybe it’s flaccid and shaking it makes sense when you’re being put under in the comments. loool read a few pounds.,27,27,4
ee74zuj,... [NAME] derangement syndrome sufferer spotted. What drivel you crazy lunatics say... The lies and falsehoods along with the out of place fearmongering is getting really annoying...,... [NAME] derangement syndrome sufferer spotted. What drivel you crazy lunatics say... The lies and falsehoods along with the out of place fearmongering is getting really annoying...,3,3,0
ee6syp5,Those fingers disturb me the most,Those fingers disturb me the most,3,3,0
eeb4yor,Thanks man 🙏🏽,Thanks man 🙏🏽,15,15,3
edfxikv,Do not use logic dude. Not cool.,Do not use logic dude. Not cool.,10,10,0
ee1gp80,AOC used the exact version that [NAME] had been pushing for years. So it's no surprise that its nuclear-phobic.,AOC used the exact version that [NAME] had been pushing for years. So it's no surprise that its nuclear-phobic.,27,27,4
edx4pft,4. Go out and show [NAME] is still a stud and free agents should want to come here and play with our young core,4. Go out and show [NAME] is still a stud and free agents should want to come here and play with our young core,27,27,4
edp1czr,Maybe she'll finish Wardenclyffe Tower and stop Slappy and his monsters!,Maybe she'll finish Wardenclyffe Tower and stop Slappy and his monsters!,27,27,4
edscggi,Want too big and lean to be naturally achievable.,Want too big and lean to be naturally achievable.,8,8,3
edpnfkz,Absolute queens! ❤🏳️‍🌈🏳️‍🌈🏳️‍🌈,Absolute queens! ❤🏳️‍🌈🏳️‍🌈🏳️‍🌈,"0,13,18",0,3
eebxv46,Drive safely now.,Drive safely now.,5,5,3
eeyuikk,Uhhh I want someone to do this for me!,Uhhh I want someone to do this for me!,8,8,3
ee1otog,Really? First I’ve heard of it lol.,Really? First I’ve heard of it lol.,1,1,3
ed2sr3w,Team Hina FTW!!!!,Team Hina FTW!!!!,27,27,4
ed3w5cd,"It will be carefully tailored to piss their parents off, which I will enjoy greatly :-)","It will be carefully tailored to piss their parents off, which I will enjoy greatly :-)",17,17,3
ef3k0ad,Please treat me with modern medicine. I have gastroparisis.,Please treat me with modern medicine. I have gastroparisis.,5,5,3
eeudvxm,Again it's weed not heroin. Smoke it. Or sell it.,Again it's weed not heroin. Smoke it. Or sell it.,3,3,0
ed0jr9i,"Try nonchalantly handing them your card as if they had dropped it. I think its normal to be shy. *handing on exit, otherwise it could get awkward","Try nonchalantly handing them your card as if they had dropped it. I think its normal to be shy. *handing on exit, otherwise it could get awkward",12,12,5
edcyz60,"My ETL been trying to tell us every box should take us 30 seconds max, and everyone ive asked about that has laughed and called it bullshit","My ETL been trying to tell us every box should take us 30 seconds max, and everyone ive asked about that has laughed and called it bullshit",11,11,1
edci7fb,Praise the [NAME] for REALITY! WOOF!!!!!,Praise the [NAME] for REALITY! WOOF!!!!!,23,23,3
eeizlx0,"No, it means you have a problem with homophobia and paranoia. A big one. No pun intended.","No, it means you have a problem with homophobia and paranoia. A big one. No pun intended.",10,10,0
eehospg,You have to have a high IQ to understand Rick and Morty.,You have to have a high IQ to understand Rick and Morty.,27,27,4
ef29fk2,One of the most posted things on reddit. Please delete,One of the most posted things on reddit. Please delete,27,27,4
eel1zmu,Not sure if guys like that are better or worse than regular Incels.,Not sure if guys like that are better or worse than regular Incels.,6,6,6
edsax4n,xD Add it to the meme list guys,xD Add it to the meme list guys,27,27,4
eeybb5p,Then why isn't he the one wanding people?,Then why isn't he the one wanding people?,7,7,6
edd1nib,The [NAME] finger wag was sexy as hell.,The [NAME] finger wag was sexy as hell.,0,0,3
ef11mv6,What a finish,What a finish,"0,13",0,3
eetsb9g,That’s funny to me because all of the teachers of the month this year (with 1 exception) have been science.,That’s funny to me because all of the teachers of the month this year (with 1 exception) have been science.,1,1,3
edclugt,These refs are remarkably terrible tonight. So are the sabres but wow some terrible calls.,These refs are remarkably terrible tonight. So are the sabres but wow some terrible calls.,14,14,2
ef1d12n,I'm glad you have someone to help you out! Perhaps over time you'll find it easier.,I'm glad you have someone to help you out! Perhaps over time you'll find it easier.,"17,23",17,3
eewdo8l,What a nutbar lol,What a nutbar lol,1,1,3
ed69snb,Oh I wish. 40.,Oh I wish. 40.,8,8,3
edji25m,Guilty as well!,Guilty as well!,24,24,5
eenuscg,I have crowns and I thought I needed a mouth guard but it seems like I don’t anymore.,I have crowns and I thought I needed a mouth guard but it seems like I don’t anymore.,22,22,6
eemohrm,"Thanks so much, I appreciate the feedback and will send it along the way.","Thanks so much, I appreciate the feedback and will send it along the way.","0,15",0,3
edp5e4b,I'll be surprised if *Monty Python's Life of Brian* wasn't one of those.,I'll be surprised if *Monty Python's Life of Brian* wasn't one of those.,26,26,6
eea7ug9,Well that's disgusting,Well that's disgusting,11,11,1
ee8wtlr,"Like at the time, he wasn't one of the best defenders in the league. But grew into one. ","Like at the time, he wasn't one of the best defenders in the league. But grew into one. ",0,0,3
eddkzk4,"Yeah, and in Brazil we write only in cursive so I don't get those people.","Yeah, and in Brazil we write only in cursive so I don't get those people.",4,4,3
efeu9xi,It hasn’t happened yet. Just talk to the supervisor or HR. In the meantime don’t borrow trouble.,It hasn’t happened yet. Just talk to the supervisor or HR. In the meantime don’t borrow trouble.,5,5,3
eezvlxt,Also looks pretty ♭,Also looks pretty ♭,0,0,3
ef0450f,It'll get you 9125 CENTS. Poor soul multiplied 365 by 25 without realizing the mistake,It'll get you 9125 CENTS. Poor soul multiplied 365 by 25 without realizing the mistake,27,27,4
eet7bbk,They are both good in their own way. But the us is funnier lol,They are both good in their own way. But the us is funnier lol,1,1,3
eey3ql1,Did you kill the shark to get the shark teeth for your necklace yourself or was it premade? Thanks [NAME]!,Did you kill the shark to get the shark teeth for your necklace yourself or was it premade? Thanks [NAME]!,15,15,3
edbj8cc,I’m starting to worry that [NAME] is not okay,I’m starting to worry that [NAME] is not okay,5,5,3
ed3l8bw,"I'll see what I can do, thanks man.","I'll see what I can do, thanks man.",15,15,3
eda0l6x,Sign my name to it too lol it was so awful we deserve pain and suffering for that!,Sign my name to it too lol it was so awful we deserve pain and suffering for that!,11,11,1
eevz5y5,"well, most of them won't even get that far because the second you start explaining it they plug their ears and start screaming about socialism.","well, most of them won't even get that far because the second you start explaining it they plug their ears and start screaming about socialism.",27,27,4
ed3iidx,"""Moose killed my parents.""","""Moose killed my parents.""",2,2,0
edcgo3h,I’ve exposed on social media. It made me feel better so I don’t care what anyway has to say about it.,I’ve exposed on social media. It made me feel better so I don’t care what anyway has to say about it.,23,23,3
een9ayy,"It doesn’t work as well as you’d think, but thanks either way","It doesn’t work as well as you’d think, but thanks either way",15,15,3
eeam5rd,This was very helpful to me. Thanks for explaining it so well.,This was very helpful to me. Thanks for explaining it so well.,15,15,3
edkk0e0,This made my rainy day,This made my rainy day,17,17,3
edi13bd,I was hoping you could. :),I was hoping you could. :),27,27,4
eevdv05,Softest fans in sports,Softest fans in sports,27,27,4
ednts8v,"Before the camera was on him, he noticed the atrocious fake jersey on the nimrod beside him. ","Before the camera was on him, he noticed the atrocious fake jersey on the nimrod beside him. ",27,27,4
eer5zb1,at least it wasn’t the evil [NAME].,at least it wasn’t the evil [NAME].,23,23,3
ednd9yt,"Thanks for having that self awareness, as a physician in training I feel stupid daily. It's a very humbling job","Thanks for having that self awareness, as a physician in training I feel stupid daily. It's a very humbling job",15,15,3
ee0h640,"Yes, your trolling is very good. You’re so brave for giving us the opportunity to downvote your sock account to hell.","Yes, your trolling is very good. You’re so brave for giving us the opportunity to downvote your sock account to hell.",27,27,4
ef2264s,"me too, always smoke a cig with the joint, they are best friends","me too, always smoke a cig with the joint, they are best friends",27,27,4
ef3e29u,It's real enough sadly. Kin have been around for awhile in their own corners of the net.,It's real enough sadly. Kin have been around for awhile in their own corners of the net.,27,27,4
edpyywe,Yeah I wish they could just finish 9th every year in the conference,Yeah I wish they could just finish 9th every year in the conference,20,20,3
ee38mjm,"Thanks, saved. Will watch it tomorrow morning :) ","Thanks, saved. Will watch it tomorrow morning :) ",15,15,3
ed6drzr,oh cool! Must be tiring for [NAME] though. Looking forward to watching them!,oh cool! Must be tiring for [NAME] though. Looking forward to watching them!,"0,13,20",0,3
efdn5v6,">Pay workers more and charge customers less. I mean, they're a publicly traded company",">Pay workers more and charge customers less. I mean, they're a publicly traded company",27,27,4
eet86w3,Apologize to [NAME],Apologize to [NAME],27,27,4
edthdsn,That took a turn.,That took a turn.,27,27,4
eefo59u,Seems like [NAME] got shot by the **japanising beam**,Seems like [NAME] got shot by the **japanising beam**,27,27,4
ed1gu2v,The [NAME] story is pretty amazing. Excellent stuff! My ears are both firmly attached. Thanks.,The [NAME] story is pretty amazing. Excellent stuff! My ears are both firmly attached. Thanks.,0,0,3
ef0jlbi,So no. All you have is lies and delusions. Thanks for the confirmation,So no. All you have is lies and delusions. Thanks for the confirmation,15,15,3
efetssk,Ouch. Hurts because it's true.,Ouch. Hurts because it's true.,25,25,5
edkt3gv,"> no money at what normal, un-secterian people want! Surely not being sectarian should be considered normal in a civilised democratic society","> no money at what normal, un-secterian people want! Surely not being sectarian should be considered normal in a civilised democratic society",27,27,4
edmozbw,No worries! 😊,No worries! 😊,"4,5",4,3
ef9oizq,Added to my meme folder. Thanks!,Added to my meme folder. Thanks!,15,15,3
edcrmiq,"Thank you for the great recommendation. I'll get on that as soon as I can, and keep you updated.","Thank you for the great recommendation. I'll get on that as soon as I can, and keep you updated.",15,15,3
eewocqj,Protestantism never cease to amaze me with its joke of theology and non existent historical justification.,Protestantism never cease to amaze me with its joke of theology and non existent historical justification.,27,27,4
edv3o9n,Feels good man,Feels good man,17,17,3
edfrs3s,I'm legit posting this everywhere. It's hilarious. I've given you many chances.,I'm legit posting this everywhere. It's hilarious. I've given you many chances.,1,1,3
effo18i,So... she just won the lottery!!,So... she just won the lottery!!,13,13,3
eend4fy,"I'm struggling to find what you're referring to here, could you maybe add something that points to it?","I'm struggling to find what you're referring to here, could you maybe add something that points to it?",6,6,6
ed1504w,"Thank you, I know you’re right, I’m just overthinking for sure ","Thank you, I know you’re right, I’m just overthinking for sure ",15,15,3
eeklqtw,Wait so I shouldn't try to sell my shavers by telling my customers that they aren't good enough and could do better? Damn.,Wait so I shouldn't try to sell my shavers by telling my customers that they aren't good enough and could do better? Damn.,3,3,0
edu6av8,I’ve woken up next to some shocking things but just imagine finding the top of a police car in your room.,I’ve woken up next to some shocking things but just imagine finding the top of a police car in your room.,27,27,4
edqpzth,"Not really, more of a fence...","Not really, more of a fence...",27,27,4
ef10sk3,"He did. He needs the facial hair, and that haircut is horrible he should just shave it and start over.","He did. He needs the facial hair, and that haircut is horrible he should just shave it and start over.",27,27,4
eelagbr,Saints Moderators are busy banning tonight!!,Saints Moderators are busy banning tonight!!,27,27,4
edx4z1u,Tell me a couple,Tell me a couple,27,27,4
edje5q9,"Best not let [NAME] near him, what with her oils and all...","Best not let [NAME] near him, what with her oils and all...",10,10,0
eej0p9v,Too many injuries. I predict he will be off the roster by September.,Too many injuries. I predict he will be off the roster by September.,20,20,3
edcgwf4,"What was that behind the back nonsense, criminy. TO THE BENCH","What was that behind the back nonsense, criminy. TO THE BENCH","2,3",2,0
ef1m9la,Trinity: Ru: >THIS IS THE TOP LEVEL DRAG YOURE DOING IT HERE RIGHT NOW,Trinity: Ru: >THIS IS THE TOP LEVEL DRAG YOURE DOING IT HERE RIGHT NOW,27,27,4
eeuz29s,"I’ve learned to just laugh these off, and try not to dwell on them. ","I’ve learned to just laugh these off, and try not to dwell on them. ",27,27,4
ee3kag6,It’s a nice basket.,It’s a nice basket.,0,0,3
eekdonu,"Maybe he *did* leave the building. If you can't find him, he could've left without you knowing. Is that better or worse?","Maybe he *did* leave the building. If you can't find him, he could've left without you knowing. Is that better or worse?","6,7",6,6
edvdy44,Threatening to drive your sisters into the ocean is illegal. It's called making a terroristic threat or menacing and can cause her to lose access to your sisters,Threatening to drive your sisters into the ocean is illegal. It's called making a terroristic threat or menacing and can cause her to lose access to your sisters,14,14,2
eelmvui,Ok google it then. 🤦🏼‍♀️,Ok google it then. 🤦🏼‍♀️,27,27,4
efam1r7,Haha yes! Ill do that to my cat all the time. He seeems to appreciate the assist,Haha yes! Ill do that to my cat all the time. He seeems to appreciate the assist,1,1,3
eeenvvq,"Yep, minimizing massively","Yep, minimizing massively",4,4,3
ef91a2o,But a worker who earns wealth can invest it and become a capital investor. In that case he is literally providing the capital.,But a worker who earns wealth can invest it and become a capital investor. In that case he is literally providing the capital.,4,4,3
edmuxrd,"Thanks very much, so do I! :)","Thanks very much, so do I! :)",15,15,3
eczlc6s,"To be fair, I’m not slaughtering my own food ","To be fair, I’m not slaughtering my own food ",27,27,4
edjcva3,"Yeah, I always thought [NAME] would be an improved [NAME]. It's a damn shame we haven't thrown to him more often.","Yeah, I always thought [NAME] would be an improved [NAME]. It's a damn shame we haven't thrown to him more often.",12,12,5
ee3dz69,Been saying horford has been overrated since he got that fat contract,Been saying horford has been overrated since he got that fat contract,10,10,0
ee2f59i,Wow you think 15 downvotes in Reddit from the YIMBY cult has any meaning? I didn't say anything pertaining to economics.,Wow you think 15 downvotes in Reddit from the YIMBY cult has any meaning? I didn't say anything pertaining to economics.,7,7,6
ee7d0w7,It’s funny because this is the summary of most discussion posts on this sub,It’s funny because this is the summary of most discussion posts on this sub,1,1,3
eei41e2,Wow they got them [NAME]? Those US agents are some lucky guys,Wow they got them [NAME]? Those US agents are some lucky guys,26,26,6
ed4mye9,The black beans were there hidden within the rice!! :) gotta love those legumes,The black beans were there hidden within the rice!! :) gotta love those legumes,18,18,3
edpt47k,I’m sorry but [NAME] has better memes,I’m sorry but [NAME] has better memes,25,25,5
ee7oraz,"Ranked #3 edge defender in the NFL, 25 years old, and makes our division rival weaker","Ranked #3 edge defender in the NFL, 25 years old, and makes our division rival weaker",27,27,4
efe4nw7,Loved it!,Loved it!,18,18,3
ed19k48,"“[NAME], I tried to make ramen in the coffee pot and I broke everything” - [NAME]","“[NAME], I tried to make ramen in the coffee pot and I broke everything” - [NAME]","9,24",9,5
ed3fkca,This made me snort while laughing. Well done!,This made me snort while laughing. Well done!,1,1,3
ee2v6ac,Congratulations mate!!,Congratulations mate!!,15,15,3
ed8hesy,She looks just like that dude from Santa Clarita Diet,She looks just like that dude from Santa Clarita Diet,27,27,4
eeu4dq8,> pushed all of them Hey dumbass you pushed the emergency button,> pushed all of them Hey dumbass you pushed the emergency button,2,2,0
ef4d4wa,shes married to the [NAME] the singer from silverchair,shes married to the [NAME] the singer from silverchair,27,27,4
eejple1,The edit... what? Why is he playing on an account that was registered by someone else?,The edit... what? Why is he playing on an account that was registered by someone else?,27,27,4
edocl7i,"It's still interesting to watch though ... from far away, with no personal involvement whatsoever.","It's still interesting to watch though ... from far away, with no personal involvement whatsoever.",4,4,3
ed8wetr,"Shaving her legs, hoping the video didn’t cut short and that’s all she shaved in there....","Shaving her legs, hoping the video didn’t cut short and that’s all she shaved in there....",20,20,3
ee4oii3,THE PACK RUNS DEEP AND HARD. I WOULD SHARE MY KRAFT MAC AND CHEESE WITH YOU ANY DAY. AROOOOOOOOO,THE PACK RUNS DEEP AND HARD. I WOULD SHARE MY KRAFT MAC AND CHEESE WITH YOU ANY DAY. AROOOOOOOOO,27,27,4
ee51m6c,"I know, there isn't even a 7 in it.","I know, there isn't even a 7 in it.",27,27,4
ediocbf,Great post thank you ❤️,Great post thank you ❤️,"0,15",0,3
ed8o43a,"""what you want"" is a populated, limited set, and thus discrete.","""what you want"" is a populated, limited set, and thus discrete.",9,9,5
edi6635,"Thanks man, my brother and my girlfriend just told me to laugh it off; but the thought doesn't stop haunting me. ","Thanks man, my brother and my girlfriend just told me to laugh it off; but the thought doesn't stop haunting me. ",15,15,3
ee9wi54,I dont think thats too far off. There are 200k homes in most suburbs.,I dont think thats too far off. There are 200k homes in most suburbs.,27,27,4
ecziwwe,It would be really bad for relations between the two cities if we took Memphis' NBA team.,It would be really bad for relations between the two cities if we took Memphis' NBA team.,10,10,0
edrdmm0,"Really? wow. I just reinstalled chrome from scratch, again. So it was Ghostery that caused the full screen issues?","Really? wow. I just reinstalled chrome from scratch, again. So it was Ghostery that caused the full screen issues?","22,26",22,6
edjhfz7,At home with a viral infection right now! Praying for death and to the god of paracetamol. Ugh.,At home with a viral infection right now! Praying for death and to the god of paracetamol. Ugh.,25,25,5
eesem2o,Thank you for posting this. I never heard this particular interview before.,Thank you for posting this. I never heard this particular interview before.,15,15,3
ef3w6ic,Just got a bit worried because it's always showed up instantly for me before,Just got a bit worried because it's always showed up instantly for me before,19,19,2
ee9jihh,"As a Cardinals man i agree, makes me want to deck the cunt but hes huge and i love him, so conflicted","As a Cardinals man i agree, makes me want to deck the cunt but hes huge and i love him, so conflicted","4,18",4,3
ed6zzxx,That windshield crack from his skull!,That windshield crack from his skull!,27,27,4
edx3pze,"Yay, coming out is hard, you're lucky that they didnt avoid you for the next month, I'm happy for you","Yay, coming out is hard, you're lucky that they didnt avoid you for the next month, I'm happy for you","5,17,23",5,3
eea2j7t,i hate [NAME] and 20 good men,i hate [NAME] and 20 good men,2,2,0
ee43ak8,Personally I would take some time to myself and work on spending time with my family since I love them more than my job.,Personally I would take some time to myself and work on spending time with my family since I love them more than my job.,"5,18",5,3
edppe95,"She is during her week of taking sugar pills. Yea I do wish she had mentioned it anyway, I can’t sleep","She is during her week of taking sugar pills. Yea I do wish she had mentioned it anyway, I can’t sleep",8,8,3
eepff84,She’s gonna spend all her time whining about [NAME],She’s gonna spend all her time whining about [NAME],27,27,4
ednq034,Thank you. Edit: I have cancer now,Thank you. Edit: I have cancer now,15,15,3
ee4vo6e,As it should be. Great.,As it should be. Great.,0,0,3
efgeqx2,i should just quit yikes,i should just quit yikes,27,27,4
ee5c4dn,That was what was most nauseating for me honestly. Not a single period used once.,That was what was most nauseating for me honestly. Not a single period used once.,11,11,1
edhho0z,"Well that sucks. But still if you refuses the test you'd probably have been charged, which is worse.","Well that sucks. But still if you refuses the test you'd probably have been charged, which is worse.","2,3",2,0
ed038bu,I didn’t know I’m sorry,I didn’t know I’m sorry,25,25,5
ef8kq3e,Tbh I think there are a lot of parts of chicago that are way shittier than memphis,Tbh I think there are a lot of parts of chicago that are way shittier than memphis,3,3,0
ee7ewg0,You always choose mum bro. What are you thinking,You always choose mum bro. What are you thinking,27,27,4
ed9sga6,We need [NAME] to take a 7 year deal or less. I can picture the Dodgers giving [NAME] 7 years,We need [NAME] to take a 7 year deal or less. I can picture the Dodgers giving [NAME] 7 years,27,27,4
eefgwlh,This is too accurate 😂,This is too accurate 😂,4,4,3
eeu0qsq,Cheers for the reply ;),Cheers for the reply ;),"13,17",13,3
ednj5ty,"*DRAINS, CLOGS, BACKED UP LOGS [NAME]!* *OH, NO, TOILET OVERFLOW [NAME]!*","*DRAINS, CLOGS, BACKED UP LOGS [NAME]!* *OH, NO, TOILET OVERFLOW [NAME]!*",3,3,0
eesm0z4,"Yeah, that changes everything.","Yeah, that changes everything.",4,4,3
edckiqb,Is that a tooter lol,Is that a tooter lol,1,1,3
eeb3v0t,"Don't apologize. Go grab your favorite drink, some popcorn and watch 500 days of summer instead","Don't apologize. Go grab your favorite drink, some popcorn and watch 500 days of summer instead",5,5,3
ed6myuv,"oh.. actual physical mail, hehehe I hear ya","oh.. actual physical mail, hehehe I hear ya",1,1,3
efgl49z,"Ah, good old single level LAX. I barely remember it except traffic was a nightmare.","Ah, good old single level LAX. I barely remember it except traffic was a nightmare.",3,3,0
edegdbo,"None, I know nobody or have anyone nearby who can help.","None, I know nobody or have anyone nearby who can help.",25,25,5
ed220iq,[NAME]. Go on Chapo.,[NAME]. Go on Chapo.,27,27,4
ee8mtp0,Hi Mom I accidentally adopted 20 traumatized nerds. -Betty Darkness Dementia Raven Way,Hi Mom I accidentally adopted 20 traumatized nerds. -Betty Darkness Dementia Raven Way,27,27,4
edka0jo,"You have to live for you. Go get that education, go get that career. Rediscover yourself.","You have to live for you. Go get that education, go get that career. Rediscover yourself.","5,20",5,3
ef36euz,I felt bad for laughing,I felt bad for laughing,12,12,5
ee8n7ct,Lol you could have just said that,Lol you could have just said that,1,1,3
ed2xw22,"Ah yes, the United States Mutant Ninja Turtles. They would dominate every sport.","Ah yes, the United States Mutant Ninja Turtles. They would dominate every sport.",4,4,3
ef7h8ez,Lol just leave it bruh it adds character,Lol just leave it bruh it adds character,1,1,3
efcwt1n,I'M ON A HIIIIIIGHWAY TO HELL,I'M ON A HIIIIIIGHWAY TO HELL,27,27,4
ed9n6zg,just wait till [NAME] gets his less than 10 years deal.,just wait till [NAME] gets his less than 10 years deal.,27,27,4
edo0ozh,"Link pls, I need to see this! ( I bet he dropped it)","Link pls, I need to see this! ( I bet he dropped it)",8,8,3
edqt0o0,"Back up, [NAME]!","Back up, [NAME]!",27,27,4
ee8a1uj,cant wait to go through a rebranded version of this pain again in college too,cant wait to go through a rebranded version of this pain again in college too,13,13,3
ed9kbjb,Baby rape. Can’t make a funny joke about it.,Baby rape. Can’t make a funny joke about it.,"2,3",2,0
eeu6ikb,"For unrelated reasons, school is another mess. But vaccine injury in definitely represented through absurd levels of special ed. ","For unrelated reasons, school is another mess. But vaccine injury in definitely represented through absurd levels of special ed. ",27,27,4
edvozwa,Laxatives in brownies. Itching powder in shoes. Remove toilet paper from bathroom. Kill him Sharpie his face when he goes to sleep Put a stink bomb in his booksack Steal his girl.,Laxatives in brownies. Itching powder in shoes. Remove toilet paper from bathroom. Kill him Sharpie his face when he goes to sleep Put a stink bomb in his booksack Steal his girl.,27,27,4
ednif10,What's the streamer's name? I want to find the aftermath of this,What's the streamer's name? I want to find the aftermath of this,7,7,6
efehzh4,Hope so but deadshot was her man too bad they had to kill him smh,Hope so but deadshot was her man too bad they had to kill him smh,20,20,3
ee3fa7x,The complete series is on Hulu just finished watching it. Definitely recommend,The complete series is on Hulu just finished watching it. Definitely recommend,27,27,4
ed3yi2i,Yeah... I get that. it's like the conversion has already been had before you entered the room and your opinion has been disregarded...,Yeah... I get that. it's like the conversion has already been had before you entered the room and your opinion has been disregarded...,27,27,4
eeyfudv,He's really likeable but has some flaws. I hope I'm wrong but i don't see him being a phenom like [NAME],He's really likeable but has some flaws. I hope I'm wrong but i don't see him being a phenom like [NAME],20,20,3
eec4yxi,"Any one of us could be a journalist, and that level of journalism feeding the masses is mildly scary.","Any one of us could be a journalist, and that level of journalism feeding the masses is mildly scary.",14,14,2
eez8hak,Somehow I got banned for replying to a troll. The mods over there have itchy trigger fingers.,Somehow I got banned for replying to a troll. The mods over there have itchy trigger fingers.,3,3,0
edf9nth,How tf do you not expect people to find them they're the first things that show up when you search joji,How tf do you not expect people to find them they're the first things that show up when you search joji,2,2,0
ee3o76x,"says you, too bad you're totally wrong.","says you, too bad you're totally wrong.",10,10,0
eczd20f,Thanks for giving advice to the people who need it 👌🙏,Thanks for giving advice to the people who need it 👌🙏,15,15,3
eeao7ln,Where did I state I wanted to keep Syria going? Is making things up just a usual part of your arguements?,Where did I state I wanted to keep Syria going? Is making things up just a usual part of your arguements?,27,27,4
eedjls2,Good kid.,Good kid.,0,0,3
edygcq1,What a legend,What a legend,0,0,3
eevzcvn,the knock off names are super cringey but i love looking for them,the knock off names are super cringey but i love looking for them,18,18,3
eecp2nd,It WaSn'T TrUe CoMuNiSm !!!!! Derp It WaS StAtE CaPiTaLiSm!!! /s,It WaSn'T TrUe CoMuNiSm !!!!! Derp It WaS StAtE CaPiTaLiSm!!! /s,27,27,4
edvha8c,They literally don’t have enough time on the planet to regret their actions.,They literally don’t have enough time on the planet to regret their actions.,4,4,3
eewszvh,"The best advice I have, which it seems most people completely overlook: Have fun.","The best advice I have, which it seems most people completely overlook: Have fun.",4,4,3
ef07txs,"But one-third jokey, one-third pissed and one-third dead serious just doesnt have the same ring does it?","But one-third jokey, one-third pissed and one-third dead serious just doesnt have the same ring does it?",7,7,6
ed12ob1,I love miramar,I love miramar,18,18,3
eelix3n,Don't you're making me paranoid man,Don't you're making me paranoid man,14,14,2
eertwes,Lmao the brigading is real,Lmao the brigading is real,1,1,3
efdferj,The barriers in large only exist with respect to Canadian oil. Other producers (with the exclusion of Venezuela ) seem to be enjoying a very profitable time.,The barriers in large only exist with respect to Canadian oil. Other producers (with the exclusion of Venezuela ) seem to be enjoying a very profitable time.,"4,20",4,3
ednmjwe,I can't wait to tell my daughter how she used to love me so much she even wanted to watch me poop.,I can't wait to tell my daughter how she used to love me so much she even wanted to watch me poop.,18,18,3
ed8f6i1,"Thank you, I will tackle those too!","Thank you, I will tackle those too!",15,15,3
ed9ifsz,"Was she? Oh, never been good at picking up on stuff like that. Thanks for letting me know!","Was she? Oh, never been good at picking up on stuff like that. Thanks for letting me know!",15,15,3
eds2vl1,From super smash bros melee?,From super smash bros melee?,27,27,4
efdet2x,Isn't she like a worse version of [NAME]? I always hear from everyone that she is pretty trash.,Isn't she like a worse version of [NAME]? I always hear from everyone that she is pretty trash.,11,11,1
ef2jb8m,I was using story of the tower of Babel to say that from a [RELIGION] side people would all have the same skin colour anyway,I was using story of the tower of Babel to say that from a [RELIGION] side people would all have the same skin colour anyway,4,4,3
edhl6hb,[NAME] will love [NAME]. I wonder what the deal will look like if it happens.,[NAME] will love [NAME]. I wonder what the deal will look like if it happens.,26,26,6
ed1ca46,"He's not interested, blessim...","He's not interested, blessim...",27,27,4
edwnx2u,LN is flawed by design and BTCs limited on-chain capacity cannot carry mainstream LN onboarding.,LN is flawed by design and BTCs limited on-chain capacity cannot carry mainstream LN onboarding.,27,27,4
edv7wf3,Where can you watch community? I can’t find it anywhere and it looks great.,Where can you watch community? I can’t find it anywhere and it looks great.,15,15,3
ef4oqrq,Gotta pay sincere condiments for this rant... if I mustard the strength I'll ketchup to the topic.,Gotta pay sincere condiments for this rant... if I mustard the strength I'll ketchup to the topic.,27,27,4
edga87b,For free? Tell him you ain no prude. You want $100,For free? Tell him you ain no prude. You want $100,27,27,4
eebot5y,"Thank you, I hope you do too. You can always message me if you need to talk.","Thank you, I hope you do too. You can always message me if you need to talk.","15,20",15,3
ed9qsmb,"Nope, you're right, it's the same tweet you're thinking of, check the date. ","Nope, you're right, it's the same tweet you're thinking of, check the date. ",4,4,3
edksa1d,Your hairline is further away than [NAME] hope of gaining subscribers while still having beef with you.,Your hairline is further away than [NAME] hope of gaining subscribers while still having beef with you.,27,27,4
ed1pp1w,Is this a mood?,Is this a mood?,27,27,4
efa7ud6,what does dw mean?,what does dw mean?,7,7,6
ef02d6a,Because they're having to compete and so we get exposed to the weakest of the bunch.,Because they're having to compete and so we get exposed to the weakest of the bunch.,27,27,4
edl6ox3,Same old b.s.,Same old b.s.,27,27,4
ee9baxg,oh pls no,oh pls no,10,10,0
ee1ppz2,My son isn't old enough to remember his brother and my husband and I feel like that's a blessing.,My son isn't old enough to remember his brother and my husband and I feel like that's a blessing.,18,18,3
edxqq5l,Is she single?,Is she single?,7,7,6
ef5lv2c,Still haven't heard a good reason why the delay isn't shorter,Still haven't heard a good reason why the delay isn't shorter,27,27,4
ee3956l,We really didn’t!,We really didn’t!,27,27,4
ee47wii,Wtf? Really?,Wtf? Really?,2,2,0
ed8ra07,But but r/49ers said it was just bad luck!,But but r/49ers said it was just bad luck!,"9,25",9,5
ef2bgwu,"You're right, it's relatable. Hope everything's OK for you ","You're right, it's relatable. Hope everything's OK for you ",20,20,3
edy363e,So You're going to become India... Because immigrants... Dude... If you got nothing just say so.,So You're going to become India... Because immigrants... Dude... If you got nothing just say so.,27,27,4
ee18t09,then never drive because the person in the other lane could swerve over and kill you,then never drive because the person in the other lane could swerve over and kill you,27,27,4
eemsqn0,In collage. Now tell me that ain't insecurrr...,In collage. Now tell me that ain't insecurrr...,27,27,4
edeoxjd,Thanks for your response,Thanks for your response,15,15,3
ee0mk7b,"I'm concerned for my fellow redditor. You seem to not be feeling well, and hallucinating. Shall we have a mod come check on you? ","I'm concerned for my fellow redditor. You seem to not be feeling well, and hallucinating. Shall we have a mod come check on you? ",7,7,6
ee83d4j,That’s impressive you can tell that from the back of his head,That’s impressive you can tell that from the back of his head,0,0,3
eds5rgs,I like you.,I like you.,18,18,3
efdng15,What's where the underwater level is.,What's where the underwater level is.,27,27,4
eexdp15,Sorry. I am avoiding arguments today. Enjoy the video.,Sorry. I am avoiding arguments today. Enjoy the video.,24,24,5
ed1k0vz,Nope. Don't need rewards at all.,Nope. Don't need rewards at all.,3,3,0
eezxv8v,I had the biggest smile!,I had the biggest smile!,"0,17",0,3
eeyopvd,Welcome to religion 101,Welcome to religion 101,27,27,4
eeu7oxg,"I'm gonna think of a jojo reference for every situation, just you wait reddit. Just you wait...","I'm gonna think of a jojo reference for every situation, just you wait reddit. Just you wait...",20,20,3
ed1a52y,Says the guy not replying to any counter points lmao,Says the guy not replying to any counter points lmao,27,27,4
edwgcw4,So word is we have eyes on [NAME]... I would be pretty amped to see him with a Jet on his shirt.,So word is we have eyes on [NAME]... I would be pretty amped to see him with a Jet on his shirt.,27,27,4
eewc0cn,What was I expecting smh,What was I expecting smh,6,6,6
eehji3d,"Yup, the cammer is at fault here.","Yup, the cammer is at fault here.",27,27,4
eeo17rw,"Truth. If he had time for another relationship, he has time to pay for it. ","Truth. If he had time for another relationship, he has time to pay for it. ",4,4,3
ee67iw9,They are new but got over 100 reviews in less than a month so I'm assuming they are just slammed. Thanks for the input,They are new but got over 100 reviews in less than a month so I'm assuming they are just slammed. Thanks for the input,"0,15",0,3
ed5kjbn,"I didn't say it was proof that anything was a scam with no future, perhaps you're projecting.","I didn't say it was proof that anything was a scam with no future, perhaps you're projecting.",3,3,0
edi3w9p,"Anti-vaxers aren't funny anymore, now they're just scary...","Anti-vaxers aren't funny anymore, now they're just scary...",14,14,2
ee7yldq,I can see why you’ll never be in a leadership position.,I can see why you’ll never be in a leadership position.,10,10,0
ee85xvq,"I'm sorry, I can't hear your useless badgering over me drinking my 38' from a wine bottle and enjoying my extra $200.","I'm sorry, I can't hear your useless badgering over me drinking my 38' from a wine bottle and enjoying my extra $200.",24,24,5
ee7kl2a,It was a tweet a while back.,It was a tweet a while back.,27,27,4
edn3z5j,No! You can't have that one! That's a coconut cake!,No! You can't have that one! That's a coconut cake!,10,10,0
efed730,Thank fucking [NAME].,Thank fucking [NAME].,15,15,3
eeasaly,I’m sure the hornet will be happy if their curse is over!,I’m sure the hornet will be happy if their curse is over!,20,20,3
edndi1z,"i’n on a diet for my disease AND to lose weight therefore it cancels out boys, i’m scot free","i’n on a diet for my disease AND to lose weight therefore it cancels out boys, i’m scot free",27,27,4
edbz5xm,I do have few friends from there and it's a lovely nation too.,I do have few friends from there and it's a lovely nation too.,0,0,3
efavg4a,I never think someone is sincere when they say why “would I care if I’m being lied to” constantly?,I never think someone is sincere when they say why “would I care if I’m being lied to” constantly?,27,27,4
eek35cr,NEVER RUNNING FROM A REAL FIGHT!,NEVER RUNNING FROM A REAL FIGHT!,2,2,0
ef472ul,You should call the police and tell your friend maybe you can Stay over at his place,You should call the police and tell your friend maybe you can Stay over at his place,27,27,4
ee096or,[NAME] being 50-33 against winning teams kinda suggests it wouldn't matter that much if their division were better. Maybe have gone to 7 superbowls instead of 8.,[NAME] being 50-33 against winning teams kinda suggests it wouldn't matter that much if their division were better. Maybe have gone to 7 superbowls instead of 8.,27,27,4
edxcc90,"I LOVE IT, I would love if they will make season 2... I really enjoyed it","I LOVE IT, I would love if they will make season 2... I really enjoyed it","17,18",17,3
edjp3a4,It really do be like that,It really do be like that,27,27,4
ef92xbv,I don't need to tell you how you're a paranoid conspiracy theorist you are doing an awesome job of that already!,I don't need to tell you how you're a paranoid conspiracy theorist you are doing an awesome job of that already!,0,0,3
efeuxmi,I love this. you get a favorite.,I love this. you get a favorite.,18,18,3
effudcr,As a Florida girl I have no clue how you all have not died. I could never live there.,As a Florida girl I have no clue how you all have not died. I could never live there.,26,26,6
edxyu9t,So what you are saying is that you are not a serious guitarist is you use finger guards?,So what you are saying is that you are not a serious guitarist is you use finger guards?,2,2,0
ef59l6q,"I want to keep [NAME], [NAME], and [NAME] (also [NAME], but he doesn't want to stay). Everyone else can go. ","I want to keep [NAME], [NAME], and [NAME] (also [NAME], but he doesn't want to stay). Everyone else can go. ",27,27,4
ed1d6a4,Knowing [NAME] he’d probably give [NAME] up for a 5th rounder smh,Knowing [NAME] he’d probably give [NAME] up for a 5th rounder smh,27,27,4
edlk9z2,I miss [NAME],I miss [NAME],25,25,5
eebfurv,"I have no objection to nudity, but why is this a thing? So dumb. ","I have no objection to nudity, but why is this a thing? So dumb. ",3,3,0
edhi274,you're hilarious. Thanks for the entertainment this morning.,you're hilarious. Thanks for the entertainment this morning.,"1,15",1,3
efde96j,Unexpected Hail corporate.,Unexpected Hail corporate.,26,26,6
ee7u02r,Myers Briggs test is like the star sign for a different kind of nerd,Myers Briggs test is like the star sign for a different kind of nerd,27,27,4
eed88oh,Leave it to a maintenance technician to not do it right the first time.,Leave it to a maintenance technician to not do it right the first time.,27,27,4
ef9471y,This is a new level of entitlement. THE BATHROOM IS OUT OF ORDER! What makes you so entitled to use an OUT OF ORDER bathroom!,This is a new level of entitlement. THE BATHROOM IS OUT OF ORDER! What makes you so entitled to use an OUT OF ORDER bathroom!,3,3,0
eehh7vq,Damn Replays was pretty solid last year. But maybe he should go back to coaching.,Damn Replays was pretty solid last year. But maybe he should go back to coaching.,0,0,3
ee61x6c,If a greedy and powerful few can make a buck they will.,If a greedy and powerful few can make a buck they will.,27,27,4
edw4wz4,Thank you! And yet he's called about 5 of the same on Laca,Thank you! And yet he's called about 5 of the same on Laca,15,15,3
efgeoye,Reading this made me happy and I don't even know you. Keep doing your thing!🙌🏼,Reading this made me happy and I don't even know you. Keep doing your thing!🙌🏼,17,17,3
edpnqu4,I wanna die!,I wanna die!,25,25,5
ee6e7v1,You make it hard,You make it hard,27,27,4
eevsx1j,"What about, hear me out now, 2max? It doesn't sound cool though. Could probably call it something else.","What about, hear me out now, 2max? It doesn't sound cool though. Could probably call it something else.",10,10,0
eedflie,"thanks for the reply jzplayinggames, have a great weekend.","thanks for the reply jzplayinggames, have a great weekend.",15,15,3
efed1vi,Now go to Gulag!!!!,Now go to Gulag!!!!,27,27,4
edsjw97,"This post made me smile, cute doggo ","This post made me smile, cute doggo ","0,17",0,3
ed2w5dd,those comments are perplexing,those comments are perplexing,27,27,4
ednfwr4,He already has a baby with his girlfriend who’s gorgeous,He already has a baby with his girlfriend who’s gorgeous,4,4,3
efgdova,"Video games are great, but sometimes it’s nice to unplug and play a game of Jenga with your cat","Video games are great, but sometimes it’s nice to unplug and play a game of Jenga with your cat",0,0,3
ef86dml,Dipo always be in our hearts. The one that got away,Dipo always be in our hearts. The one that got away,18,18,3
edzn2fp,"Because they claim to be against [NAME], and they need something called ""votes"" to beat him?","Because they claim to be against [NAME], and they need something called ""votes"" to beat him?",27,27,4
ee3hrd0,"I love [NAME], but man I wish I knew what [NAME] would have been like here.","I love [NAME], but man I wish I knew what [NAME] would have been like here.",18,18,3
ee9lgzk,stay strong!,stay strong!,5,5,3
edraswx,[NAME].,[NAME].,27,27,4
ef9o63l,I meant I wouldn't bring up wanting it to be vanilla and changing terms.,I meant I wouldn't bring up wanting it to be vanilla and changing terms.,10,10,0
ee57wmh,"Parliament won't let a hard brexit go through, there are far too few MPs who would accept it.","Parliament won't let a hard brexit go through, there are far too few MPs who would accept it.",27,27,4
eer7ups,Wow... I’m so glad that my dog is lazy like me.,Wow... I’m so glad that my dog is lazy like me.,17,17,3
efdfhc7,This really tickled my anxiety. I hate it,This really tickled my anxiety. I hate it,"2,3",2,0
ede7nap,That’s great! I hope s/he gets better!,That’s great! I hope s/he gets better!,0,0,3
edeobt7,Peak Ancap,Peak Ancap,27,27,4
eehvzdn,Trade up for Haskins. If that doesn't happen give me Greedy.,Trade up for Haskins. If that doesn't happen give me Greedy.,27,27,4
ef8he5z,Good Job,Good Job,0,0,3
ed6defq,"If ""everything is political"" then nothing is political because it's all the same. You know what I meant by ""political"".","If ""everything is political"" then nothing is political because it's all the same. You know what I meant by ""political"".","3,10",3,0
eeg8gj7,Themmuns have everywhere infiltrated so they do !,Themmuns have everywhere infiltrated so they do !,27,27,4
edcxtrt,From an Instagram post about the judge critiquing [NAME] look,From an Instagram post about the judge critiquing [NAME] look,27,27,4
efctryo,When is EVO,When is EVO,7,7,6
edud150,No wonder why their logo always looks pissed,No wonder why their logo always looks pissed,3,3,0
efaxbrd,I love it when people assume things.,I love it when people assume things.,18,18,3
ed4ibis,Can’t wait to go to the Kings game. Especially if they bring this level of fire.,Can’t wait to go to the Kings game. Especially if they bring this level of fire.,13,13,3
edu6bfe,Oh I know. I was just pointing out that our current number one has consistency issues as well so we are used to it.,Oh I know. I was just pointing out that our current number one has consistency issues as well so we are used to it.,3,3,0
ee5ulcx,Thanks for the info! Great pic. I’ve saved it.,Thanks for the info! Great pic. I’ve saved it.,"0,15",0,3
edluqx4,cause he constantly hates on [NAME] for no reason other than Petry having the puck on his stick more than anyone else on the team,cause he constantly hates on [NAME] for no reason other than Petry having the puck on his stick more than anyone else on the team,11,11,1
edvl240,Should be Colt Wesley Small Johnson,Should be Colt Wesley Small Johnson,27,27,4
edygxot,"Lmao. Fuck, you got me good.","Lmao. Fuck, you got me good.",1,1,3
ednluk3,I went to your profile to see the other pics & saw your kitty. He's super cute!,I went to your profile to see the other pics & saw your kitty. He's super cute!,0,0,3
eduzjxs,Don’t I know it! I can’t believe this breading station thing is so enormous.,Don’t I know it! I can’t believe this breading station thing is so enormous.,26,26,6
ed97v0m,That whole chart looks like something someone made up to post on incels.,That whole chart looks like something someone made up to post on incels.,27,27,4
eegkwux,Well let’s hope so.,Well let’s hope so.,20,20,3
edylb0w,r/patrig Edit: looks like someone already cross posted it there. That was fast.,r/patrig Edit: looks like someone already cross posted it there. That was fast.,27,27,4
ed7t8y6,Beast milk. My favourite!,Beast milk. My favourite!,17,17,3
eeuot8z,"[NAME] was such a nice and calm person, he makes everything wholesome He was just like his paintings Realistic, Hard worked, and with tons of love","[NAME] was such a nice and calm person, he makes everything wholesome He was just like his paintings Realistic, Hard worked, and with tons of love",0,0,3
ee8ts7k,Happy Birthday [NAME]. You wont read this message but itll be here.,Happy Birthday [NAME]. You wont read this message but itll be here.,5,5,3
edzr8jl,I think I’ll go ahead and continue criticizing silly unfounded and harmful beliefs,I think I’ll go ahead and continue criticizing silly unfounded and harmful beliefs,4,4,3
ee83x46,"She's still looking for her [NAME], maybe? :)","She's still looking for her [NAME], maybe? :)",27,27,4
edihyzp,"Oscars are trying to be more hip and contemporary now, so don't be surprised if [NAME] and [NAME] win. ","Oscars are trying to be more hip and contemporary now, so don't be surprised if [NAME] and [NAME] win. ",26,26,6
edoce1w,that offense averaged 20 points a game. the same as this year and look where we are.,that offense averaged 20 points a game. the same as this year and look where we are.,27,27,4
efgqmll,-9 and I’m out shopping. Sun is out feels great.,-9 and I’m out shopping. Sun is out feels great.,17,17,3
ef81mtz,Having good people around you is the most important part i am glad you found some good friends:),Having good people around you is the most important part i am glad you found some good friends:),"0,5",0,3
edtikix,I heard the ostrich was sick.,I heard the ostrich was sick.,25,25,5
edw6wjq,"ah, it does me heart good to see NIMBYs in the wild","ah, it does me heart good to see NIMBYs in the wild",17,17,3
effqek4,Tf is a smartpass+?,Tf is a smartpass+?,6,6,6
efbqwh3,"Mongoose actually mate for life, and he can't leave his girl behind!","Mongoose actually mate for life, and he can't leave his girl behind!",27,27,4
ee8k1r5,I'M HERE,I'M HERE,27,27,4
edt6gpu,I listened to this song the other day for the first time and... oh boy yeah,I listened to this song the other day for the first time and... oh boy yeah,27,27,4
efbtrnn,that's awesome-sometimes getting in the shower seems like an impossible undertaking but you did it,that's awesome-sometimes getting in the shower seems like an impossible undertaking but you did it,0,0,3
eecry2n,>!Did the name of the trophy gave away the twist to you?!<,>!Did the name of the trophy gave away the twist to you?!<,27,27,4
ee5j9wk,"I will, Thank you!!","I will, Thank you!!",15,15,3
ediwfql,WHAT!?,WHAT!?,27,27,4
ee579yx,"Nice, I saw them during the Demo and was pretty impressed ","Nice, I saw them during the Demo and was pretty impressed ","0,4",0,3
edlqbl6,Thank you! Very cool!! 😎,Thank you! Very cool!! 😎,15,15,3
efewql8,When [NAME] dated the nurse just for drama with the STI....,When [NAME] dated the nurse just for drama with the STI....,27,27,4
edie08i,For my next magic trick; watch me turn this bottle of fireball into domestic abuse,For my next magic trick; watch me turn this bottle of fireball into domestic abuse,27,27,4
edf07n2,>slaps windshield This bad boy can fit so many Leds on it,>slaps windshield This bad boy can fit so many Leds on it,27,27,4
ed0wlth,Surprised he's in. Imagined he was concussed. He was on another planet for a bit.,Surprised he's in. Imagined he was concussed. He was on another planet for a bit.,26,26,6
eeq6y1y,Hunting would at least be more rewarding and fun. Every time I wanna meal prep in RDO I just horseback ride and lock-on to deer.,Hunting would at least be more rewarding and fun. Every time I wanna meal prep in RDO I just horseback ride and lock-on to deer.,1,1,3
ef9ybl8,"At some point, we all hate it. Hey it feels good to be real sometimes. ","At some point, we all hate it. Hey it feels good to be real sometimes. ",4,4,3
edm7efb,Can we forget that this moment happened,Can we forget that this moment happened,12,12,5
ef6wfio,It smelled even worse than it sounds. You learn just how quickly someone's feet can rot and really stink up an entire bay.,It smelled even worse than it sounds. You learn just how quickly someone's feet can rot and really stink up an entire bay.,11,11,1
eevqty9,Who said that,Who said that,27,27,4
eekggka,He looks like [NAME] in Jackass 2 when they glued pubes to his face.,He looks like [NAME] in Jackass 2 when they glued pubes to his face.,27,27,4
efgk4br,Awe that one was just for me but I really like the post,Awe that one was just for me but I really like the post,0,0,3
edz7nsf,So they are up thanks,So they are up thanks,15,15,3
eezzv3d,Lmao. I still sing fun with the funk sometimes.,Lmao. I still sing fun with the funk sometimes.,1,1,3
ed0o4jo,"Oh sorry my bad, didmt know","Oh sorry my bad, didmt know",22,22,6
eei5bwu,[NAME] career ended after he broke his foot when he kicked a seat while blacked out on a party after a Vikings game.,[NAME] career ended after he broke his foot when he kicked a seat while blacked out on a party after a Vikings game.,27,27,4
edfz71x,"I would hope that Cartoon Network would have nothing to do with it. Would hate to see them ""Teen Titan"" ASOIAF. ","I would hope that Cartoon Network would have nothing to do with it. Would hate to see them ""Teen Titan"" ASOIAF. ",3,3,0
ee2t4ek,That’s exactly how mine is ! Wow that’s sort of funny there is an actual name For it 😳😔,That’s exactly how mine is ! Wow that’s sort of funny there is an actual name For it 😳😔,1,1,3
eer1jkc,"It’s showing up on mobile aswell, the double slash is weird for me though, probably on his end","It’s showing up on mobile aswell, the double slash is weird for me though, probably on his end",3,3,0
ee400k7,And no fall damage,And no fall damage,27,27,4
eemn50s,Same here. There's so much good to discover in any decade really.,Same here. There's so much good to discover in any decade really.,4,4,3
edod3qy,I LOVED having him; every time [NAME] takes that 18 footer I expect to be automatic only to be very disappointed.,I LOVED having him; every time [NAME] takes that 18 footer I expect to be automatic only to be very disappointed.,0,0,3
eelyoln,is your dad very wealthy by any chance [NAME],is your dad very wealthy by any chance [NAME],1,1,3
ed9h1fn,Our soil needs the help! That would be a really unpleasant job.,Our soil needs the help! That would be a really unpleasant job.,9,9,5
ed6f0es,Haha I was thinking Utah but... Florida makes sense too. There’s a few crazy states 🤷🏼‍♀️,Haha I was thinking Utah but... Florida makes sense too. There’s a few crazy states 🤷🏼‍♀️,1,1,3
effv230,"By not using Facebook as a barometer of success. Look at Facebook as a highlight reel and not what people are actually living,","By not using Facebook as a barometer of success. Look at Facebook as a highlight reel and not what people are actually living,",27,27,4
ef52l3i,Wiggins midrange magic!,Wiggins midrange magic!,27,27,4
edw2nto,I do remember this and wanted nothing more than to kill that guy,I do remember this and wanted nothing more than to kill that guy,2,2,0
eevsblv,For drunks is a paradise!!,For drunks is a paradise!!,27,27,4
ed6tecx,Ignorance is unfortunately a part of mankind. We are still so Un-evolved,Ignorance is unfortunately a part of mankind. We are still so Un-evolved,3,3,0
edk0nru,nice!! I'll try this one,nice!! I'll try this one,0,0,3
eegtsz4,giving great [NAME] vibes,giving great [NAME] vibes,0,0,3
eeedlzc,The good [NAME],The good [NAME],0,0,3
edsu2su,"Yes, would love a list of your favorites! I downloaded the app and it’s pretty great. ","Yes, would love a list of your favorites! I downloaded the app and it’s pretty great. ",0,0,3
ef4m860,"I'm talking about statement in 11 july, not 14 july. I think you are confused. I posted 11 july statement","I'm talking about statement in 11 july, not 14 july. I think you are confused. I posted 11 july statement",6,6,6
edql0mu,Pretty nice to see CONCACAF signing for the CPL.,Pretty nice to see CONCACAF signing for the CPL.,0,0,3
ef5yp80,They were just gonna do a review parody of their favorite movie. What’s hard to understand?,They were just gonna do a review parody of their favorite movie. What’s hard to understand?,7,7,6
edb7a8k,Into another environment?,Into another environment?,27,27,4
ee1q7fn,Man up and get yourself a date with a different woman.,Man up and get yourself a date with a different woman.,27,27,4
ef9fmh0,I think it’s [NAME],I think it’s [NAME],22,22,6
eerrpwy,Yes because there is an optimal level that does not occur naturally.,Yes because there is an optimal level that does not occur naturally.,27,27,4
eekf9g9,They don’t. Conservatives want to characterize any scoopy news organization as unreliable because they can’t get ahead of them easily.,They don’t. Conservatives want to characterize any scoopy news organization as unreliable because they can’t get ahead of them easily.,10,10,0
ed3oh9f,Did he actually knock himself out?!,Did he actually knock himself out?!,7,7,6
eetbdl3,She’s way too gangly to be thrashing around - I was waiting for her to take out a light fixture.,She’s way too gangly to be thrashing around - I was waiting for her to take out a light fixture.,27,27,4
ef1aggg,"Yeah, I took it more like “not us, but the radicals” mb.","Yeah, I took it more like “not us, but the radicals” mb.",27,27,4
eea39ji,Left or center is more aesthetically pleasing than right justified.,Left or center is more aesthetically pleasing than right justified.,27,27,4
ed5u01p,not writing some stats today [NAME]? just curious xD,not writing some stats today [NAME]? just curious xD,7,7,6
edi0gpp,"I wasn’t being sarcastic, I was just asking if you are morbidly obese. ","I wasn’t being sarcastic, I was just asking if you are morbidly obese. ",27,27,4
ed407nf," You're welcome, I think."," You're welcome, I think.",15,15,3
ed0286s,"[NAME], just keep doing exactly what you’re doing. I LOVE YOU SO MAAAACH.","[NAME], just keep doing exactly what you’re doing. I LOVE YOU SO MAAAACH.",18,18,3
edcgt55,Pick them up and put them outside.,Pick them up and put them outside.,27,27,4
ed2nh3m,Omfg. I meant [NAME],Omfg. I meant [NAME],26,26,6
eevfjuy,Waiting to see angry “pedos” or whatever they call themselves thinking this is fact and melting down over at t_d,Waiting to see angry “pedos” or whatever they call themselves thinking this is fact and melting down over at t_d,27,27,4
eefpe1v,Because [NAME] base are also the kind of folk who like [NAME]. In the end it only helps him.,Because [NAME] base are also the kind of folk who like [NAME]. In the end it only helps him.,27,27,4
ee5ijot,"A horrendous amount of Sesame oil, god, that would be awful.","A horrendous amount of Sesame oil, god, that would be awful.",11,11,1
ed70nb5,"Bet you $20 she had more in her than 0.05 hell, more than 0.08 hmm...","Bet you $20 she had more in her than 0.05 hell, more than 0.08 hmm...",27,27,4
ee6eyoy,"Sorry, realized I hadn’t answered the question lol. Was typing that when your response popped. ","Sorry, realized I hadn’t answered the question lol. Was typing that when your response popped. ",24,24,5
edfhagx,His plan would have worked if [NAME] was not teleported by the writters for that dramatic (And nonsensical) part of the episode.,His plan would have worked if [NAME] was not teleported by the writters for that dramatic (And nonsensical) part of the episode.,27,27,4
eed0ric,"[NAME] is not fascist. Heck,she's not even alt-right","[NAME] is not fascist. Heck,she's not even alt-right",10,10,0
ed39e3u,[NAME] you are a freak...,[NAME] you are a freak...,27,27,4
eehcw51,You conveniently aren't speaking to my assertion.,You conveniently aren't speaking to my assertion.,27,27,4
edcjfei,Can't relate because the sadness and loneliness is constant 😎,Can't relate because the sadness and loneliness is constant 😎,25,25,5
ef74c6h,"I love the night shift environment, but hate the lifestyle. I just can't do it. ","I love the night shift environment, but hate the lifestyle. I just can't do it. ",18,18,3
edl3cvd,I think you should nourish it with activated almonds.,I think you should nourish it with activated almonds.,4,4,3
eemhmre,I wish that too.,I wish that too.,20,20,3
ed4ujtl,You know a giant lady as a character would be very interesting in my opinion.,You know a giant lady as a character would be very interesting in my opinion.,4,4,3
ee37vj6,I always keep my purse by my side. She is asking for trouble.,I always keep my purse by my side. She is asking for trouble.,27,27,4
efaol2v,Stop crying already,Stop crying already,5,5,3
ede98uc,That theater is huge,That theater is huge,27,27,4
ee8gmer,Great! I love hotsssssssssssss,Great! I love hotsssssssssssss,"0,18",0,3
eda64bx,I wanna see her debate [NAME]. He would shit all over her.,I wanna see her debate [NAME]. He would shit all over her.,27,27,4
ee26ysz,oh gosh [NAME] had issues as well with someone and his leg i forgot.,oh gosh [NAME] had issues as well with someone and his leg i forgot.,27,27,4
edhnt15,I THOUGHT I HAD MY WILL ALREADY COPIED AND FORGOT I HAD THIS IN MY CLIPBOARD,I THOUGHT I HAD MY WILL ALREADY COPIED AND FORGOT I HAD THIS IN MY CLIPBOARD,22,22,6
edf2uzy,"In da club- 50 cent, when you need that extra motivation to finish the cake in a time crunch","In da club- 50 cent, when you need that extra motivation to finish the cake in a time crunch",27,27,4
ee968yt,"Heya, how would u rate this story? Esp compared to 2 before? ;)","Heya, how would u rate this story? Esp compared to 2 before? ;)",7,7,6
edhfomd,"It's good though because itll make you cherish the happy times while youre in them, instead of lookinf back on them.","It's good though because itll make you cherish the happy times while youre in them, instead of lookinf back on them.",17,17,3
ef8pm2j,"Meditate. You may need to seek medical help. Good luck, friend.","Meditate. You may need to seek medical help. Good luck, friend.","5,15",5,3
eel3qgk,"I mean, it’s kind of her problem. She blithely makes so many mental errors. ","I mean, it’s kind of her problem. She blithely makes so many mental errors. ",9,9,5
eelmuh7,You are neither.,You are neither.,27,27,4
ee21bvo,Why do you feel like you have to figure out what life is alone?,Why do you feel like you have to figure out what life is alone?,7,7,6
ed905b5,Can't decide if that's because we're playing gritty basketball late or getting kinda lucky and an inevitable regression to the mean,Can't decide if that's because we're playing gritty basketball late or getting kinda lucky and an inevitable regression to the mean,27,27,4
eel659s,"Pretty much yeah, it’s crazy that 2 years later that someone picked 56 picks later is better as a player","Pretty much yeah, it’s crazy that 2 years later that someone picked 56 picks later is better as a player",27,27,4
edj3f5m,Holy shit bro,Holy shit bro,2,2,0
efcy3uj,"If the answer is No, the kid dies. If the answer is yes, the kid also dies","If the answer is No, the kid dies. If the answer is yes, the kid also dies",27,27,4
eekx4xa,That poster is amazing. He needs to sell these online!,That poster is amazing. He needs to sell these online!,0,0,3
edcyqvs,I hate people,I hate people,10,10,0
edg5atb,I guess u were right since [NAME] just posted on ig the Dress made of tampons and pads lol,I guess u were right since [NAME] just posted on ig the Dress made of tampons and pads lol,1,1,3
eelzrkz,What makes you say that?,What makes you say that?,27,27,4
eekww76,[NAME] has the same amount of points as [NAME],[NAME] has the same amount of points as [NAME],27,27,4
edrbpty,"Alright OP here, I'm an [NAME] and this is not even close to how coupons work here. Didn't realise you [NAME] had such extreme coupons","Alright OP here, I'm an [NAME] and this is not even close to how coupons work here. Didn't realise you [NAME] had such extreme coupons",27,27,4
eevy5kh,I love [NAME] as well! He seems like a genuinely nice celebrity,I love [NAME] as well! He seems like a genuinely nice celebrity,"0,18",0,3
ed4lnr9,"You should watch DS9. It's fantastic, and has a long story arc to follow.","You should watch DS9. It's fantastic, and has a long story arc to follow.",0,0,3
eeq94lu,"The people that use the image and leave that braindead comment are sheep, nothing more nothing less.","The people that use the image and leave that braindead comment are sheep, nothing more nothing less.",3,3,0
eev6gpc,Just reading this makes me sick,Just reading this makes me sick,25,25,5
edry576,You can't jelly a ding-a-ling up the buttocks,You can't jelly a ding-a-ling up the buttocks,27,27,4
edhbcb6,Bruh if y’all haven’t seen ‘Into the Spider-Verse’ yet you gotta stop what you’re doing and go see it.,Bruh if y’all haven’t seen ‘Into the Spider-Verse’ yet you gotta stop what you’re doing and go see it.,27,27,4
ed1dmki,Right? Most days I wish I had really small ones so guys would look at ME instead of look at my body.,Right? Most days I wish I had really small ones so guys would look at ME instead of look at my body.,8,8,3
ef7ml84,"Wait, you don't love reading people's blog posts on Reddit?","Wait, you don't love reading people's blog posts on Reddit?",7,7,6
edktm3z,Thanks Harvard!,Thanks Harvard!,15,15,3
ed9hw2m,What makes it ok as it is?,What makes it ok as it is?,6,6,6
edgxxic,i am a man and i disagree. i mean you logic is worse if you believe it.,i am a man and i disagree. i mean you logic is worse if you believe it.,10,10,0
ef8b06u,Thanks. And wow! Nice burn.,Thanks. And wow! Nice burn.,"0,13,15",0,3
edb7bv6,"Wow those girls in the corner ""twerking"" were the best (worst?) part. ","Wow those girls in the corner ""twerking"" were the best (worst?) part. ",0,0,3
edcj5l9,I love this contract structure especially since [NAME] is only 31.,I love this contract structure especially since [NAME] is only 31.,"0,18",0,3
edf3kd3,Who wrote the IQ tests?,Who wrote the IQ tests?,7,7,6
ee6qy6d,I remember running into teachers at the grocery store or whatever when I was a little kid and having that same feeling!,I remember running into teachers at the grocery store or whatever when I was a little kid and having that same feeling!,17,17,3
ed34dnz,I'm impressed you found a non troll post of theirs.,I'm impressed you found a non troll post of theirs.,0,0,3
ee54l4s,You can always tell from the vote counts lol. They're way too blatant,You can always tell from the vote counts lol. They're way too blatant,1,1,3
edq8dsp,> Iturriaga (Mexico) Oh yeah. that was a thing. How was we?,> Iturriaga (Mexico) Oh yeah. that was a thing. How was we?,27,27,4
ed3frbd,"He also lost a QB battle to a 40 year old and rookie ""project"" QB that everyone thought needed to sit a year pre-draft.","He also lost a QB battle to a 40 year old and rookie ""project"" QB that everyone thought needed to sit a year pre-draft.",8,8,3
eez0e8z,"""Freedom is a cage"" -[NAME]","""Freedom is a cage"" -[NAME]",27,27,4
edcy0mu,Hope his bare hands are as clean as the griddles. Ready to eat foods need to be handled with gloves . Very cool machine though .,Hope his bare hands are as clean as the griddles. Ready to eat foods need to be handled with gloves . Very cool machine though .,20,20,3
edl0jsu,Yeah I think this is a well rounded pov. Agree.,Yeah I think this is a well rounded pov. Agree.,4,4,3
edrbjfh,Disgusting of you [NAME] you filthy who're you pedophilic scum trying to beguile our children it's not gonna work I got [NAME] castorated,Disgusting of you [NAME] you filthy who're you pedophilic scum trying to beguile our children it's not gonna work I got [NAME] castorated,11,11,1
eesfw7d,"Oh, it's definitely working and that worries me a lot. ","Oh, it's definitely working and that worries me a lot. ",19,19,2
eeczkm0,"It's a repost but this space is too kindness for a downvote, take care ","It's a repost but this space is too kindness for a downvote, take care ",5,5,3
eenaj9c,> Sure it might make the population 4:1 [RELIGION] but it's still an awefully large mibority The population already is 4:1 [RELIGION].,> Sure it might make the population 4:1 [RELIGION] but it's still an awefully large mibority The population already is 4:1 [RELIGION].,27,27,4
eevkp4l,Everyone except [NAME] dying and [NAME] doesn’t know what happened,Everyone except [NAME] dying and [NAME] doesn’t know what happened,27,27,4
edt9zur,When giving birth is the only thing you’ve ever accomplished,When giving birth is the only thing you’ve ever accomplished,4,4,3
eexx3yd,Can some hero type out all the rosters?,Can some hero type out all the rosters?,27,27,4
ednobom,IM DEAD WHERE DID U FIND THE HS MATE PART,IM DEAD WHERE DID U FIND THE HS MATE PART,27,27,4
eeaenba,22s. Good save. Doing [NAME] work.,22s. Good save. Doing [NAME] work.,0,0,3
ef75u4b,r/forhonor leaking again?,r/forhonor leaking again?,7,7,6
ed50vzo,"No problem at all! If you ever want to talk to some internet random again, feel free to talk to me.","No problem at all! If you ever want to talk to some internet random again, feel free to talk to me.",5,5,3
eert8li,They’re both in Austin..I don’t see [NAME] being someone to hang out with [NAME] more than the other way around.,They’re both in Austin..I don’t see [NAME] being someone to hang out with [NAME] more than the other way around.,27,27,4
ef9itcb,She is :(,She is :(,27,27,4
ee64upj,"Lol for real tho. But hey, we’re a football, soccer, and tennis school now","Lol for real tho. But hey, we’re a football, soccer, and tennis school now",4,4,3
eehztyx,Legit I just go to places and tell them to surprise me. That way I get to keep trying new types of food 🥘,Legit I just go to places and tell them to surprise me. That way I get to keep trying new types of food 🥘,"13,20",13,3
eebzfvp,[NAME] is the worst coach in bulls history,[NAME] is the worst coach in bulls history,"3,10",3,0
ed5bpyn,No one drinks Old Style,No one drinks Old Style,27,27,4
edj4jnz,No like its legit cgi Edit: this comment has some value the entire thread has things to pick apart in it,No like its legit cgi Edit: this comment has some value the entire thread has things to pick apart in it,27,27,4
ed4vnhz,"When [NAME] and [NAME] left because they were a bit too male, I guess. Get woke; go broke.","When [NAME] and [NAME] left because they were a bit too male, I guess. Get woke; go broke.",27,27,4
ee2907w,This is terrifying,This is terrifying,14,14,2
edvjj3s,"Joining the server when everyone's at 1/4hp and out of ammo, with no damage to your...uh...living room. Yeah, ggwp.","Joining the server when everyone's at 1/4hp and out of ammo, with no damage to your...uh...living room. Yeah, ggwp.",27,27,4
eduwbj8,not in the slightest. im actually dumbfounded.,not in the slightest. im actually dumbfounded.,6,6,6
edh3b7s,He's talking about the semifinal game between Bama and Clemson which Bama won 24-6,He's talking about the semifinal game between Bama and Clemson which Bama won 24-6,27,27,4
edx945w,I was there on the opposite side of the field. I did not believe he made that catch until we saw it later on tv. Unreal.,I was there on the opposite side of the field. I did not believe he made that catch until we saw it later on tv. Unreal.,26,26,6
edqso6b,"I don't know who wrote what, but good call - the d's are completely different from one to the other.","I don't know who wrote what, but good call - the d's are completely different from one to the other.","0,4",0,3
ed936ao,So you're male then. Ps ur wrong bud,So you're male then. Ps ur wrong bud,3,3,0
ed6vnkm,"Is that [NAME] as the commentator? EDIT: just finished the video, feel stupid now","Is that [NAME] as the commentator? EDIT: just finished the video, feel stupid now",3,3,0
edmqhp4,This movie is highly underrated. Part of the problem it has is that Rogue One was SO FREAKING AWESOME!,This movie is highly underrated. Part of the problem it has is that Rogue One was SO FREAKING AWESOME!,0,0,3
ed6d09m,*oh god oh fuck*,*oh god oh fuck*,27,27,4
ef58yvp,"So you're gay, but you hate men? Yeah, good luck with that working out for you.","So you're gay, but you hate men? Yeah, good luck with that working out for you.",5,5,3
ed46je0,"[NAME], with his 8th appearance he's the most veteran player there","[NAME], with his 8th appearance he's the most veteran player there",0,0,3
edosqlh,I literally just finished watching the second episode of Daredevil. This pains me,I literally just finished watching the second episode of Daredevil. This pains me,27,27,4
edkts4d,Yikes. This kind of freaks me out.,Yikes. This kind of freaks me out.,14,14,2
ee0d6oo,"Nope, my current response is that both the means and the ends are independently justified on their own accords.","Nope, my current response is that both the means and the ends are independently justified on their own accords.",4,4,3
edrh0yz,Super excited to watch them in Syracuse next year. Might actually spring for season tickets,Super excited to watch them in Syracuse next year. Might actually spring for season tickets,13,13,3
een43n1,"It's ok, it's just Gypsy Danger","It's ok, it's just Gypsy Danger",4,4,3
eeahopi,"becasue [NAME] is a propaganda meister, its his job. Come on now ","becasue [NAME] is a propaganda meister, its his job. Come on now ",27,27,4
edlaygd,"Yeah, considering guns by themselves aren’t an issue (like I so thoroughly explained to you), that’s a valid argument. ","Yeah, considering guns by themselves aren’t an issue (like I so thoroughly explained to you), that’s a valid argument. ",4,4,3
efbr7ck,"Oh I thought this was about the Pistons making the playoffs. Since I wasn't paying attention to them, I actually thought it was possible. Ahahahahaha!","Oh I thought this was about the Pistons making the playoffs. Since I wasn't paying attention to them, I actually thought it was possible. Ahahahahaha!","22,26",22,6
eehu2ja,They’re just idiots parking there. No clue that it is a designated bike lane.,They’re just idiots parking there. No clue that it is a designated bike lane.,27,27,4
edf5hi9,"You got the true ending don't worry, you would only get the bad ending if you rat out your friends or accepted the deal","You got the true ending don't worry, you would only get the bad ending if you rat out your friends or accepted the deal",5,5,3
ed6rodh,Read divorce busting and kill all marriage counselors. As much as it sucks...youve been given a gift by him giving you time.,Read divorce busting and kill all marriage counselors. As much as it sucks...youve been given a gift by him giving you time.,2,2,0
ee6xf7i,There are plans to widen Parmer during the next few years.,There are plans to widen Parmer during the next few years.,27,27,4
eeg9919,There is no assuming the worst. Its experience and taking things at face value.,There is no assuming the worst. Its experience and taking things at face value.,27,27,4
edwux5m,Fcking disgusting.,Fcking disgusting.,11,11,1
eeavw2m,Expected that. Thanks for your valuable feedback.,Expected that. Thanks for your valuable feedback.,15,15,3
edrwj9z,That’s how I outfitted my team in that awesome red and black colossus armor.,That’s how I outfitted my team in that awesome red and black colossus armor.,0,0,3
eez7z2q,You know that mista mista lady? I think I just killed her. - [NAME],You know that mista mista lady? I think I just killed her. - [NAME],27,27,4
edctzg2,"Me too, [NAME]. Me too... ","Me too, [NAME]. Me too... ",4,4,3
ed8lrwp,"Thank you for the info and source. My source is only from guides, experience, [NAME] videos, and [NAME] videos.","Thank you for the info and source. My source is only from guides, experience, [NAME] videos, and [NAME] videos.",15,15,3
ed2vc9p,"They will be more than happy to hand you the matches, followed by the cuffs. ","They will be more than happy to hand you the matches, followed by the cuffs. ",27,27,4
ee7ezvs,It is genuinely hard to imagine what the Magic basketball experience will be like when these two legends are no longer in their roles.,It is genuinely hard to imagine what the Magic basketball experience will be like when these two legends are no longer in their roles.,25,25,5
ef3hqcr,you’re too lazy to google,you’re too lazy to google,3,3,0
ed5ny4m,But I do I still love him and he still loves me but he says im too immature,But I do I still love him and he still loves me but he says im too immature,18,18,3
edz4kf2,would be US Biggest error ever,would be US Biggest error ever,27,27,4
eemhiji,"She can take her boring, drunk husband with her. He's not interesting at all.","She can take her boring, drunk husband with her. He's not interesting at all.",3,3,0
ef3llww,Petition to smite BuzzFeed and Vice off the face of the internet for the bs they post Thank you,Petition to smite BuzzFeed and Vice off the face of the internet for the bs they post Thank you,15,15,3
eegouvj,I honestly hope you do that,I honestly hope you do that,20,20,3
ed70zjm,Shouldn't be getting downvoted that's exactly what I thought the motive was,Shouldn't be getting downvoted that's exactly what I thought the motive was,27,27,4
edft99z,Difficult to see how this video wouldn’t have been much more interesting if properly shot in landscape.,Difficult to see how this video wouldn’t have been much more interesting if properly shot in landscape.,10,10,0
eekerdv,“An eye for an eye” Proceeds to take 2 things away from killers,“An eye for an eye” Proceeds to take 2 things away from killers,27,27,4
ednjqz8,"Yes, we are going to kink shame you. ","Yes, we are going to kink shame you. ",12,12,5
eenajtc,"You must be wrong, because this is the sub for intelligent people!!! ","You must be wrong, because this is the sub for intelligent people!!! ",10,10,0
ed0hkj6,Happy cake day!,Happy cake day!,13,13,3
edlmq4r,Fantastic thanks! If there’s anything I can do to help you out with the interview or your first year teaching let me know!,Fantastic thanks! If there’s anything I can do to help you out with the interview or your first year teaching let me know!,"5,15",5,3
eezix0c,Just get him out of my sight I’m tired of losing and those who contribute to it,Just get him out of my sight I’m tired of losing and those who contribute to it,2,2,0
efeq6yg,">Dumb, but wonderful. That's my kind of a pet. Silly,soft and adorable. ",">Dumb, but wonderful. That's my kind of a pet. Silly,soft and adorable. ",0,0,3
edotntk,"Yo where they at, I want to celebrate with them.","Yo where they at, I want to celebrate with them.",17,17,3
eeljowd,Shut up about the sun! SHUT UP ABOUT THE SUN!!!,Shut up about the sun! SHUT UP ABOUT THE SUN!!!,3,3,0
edg5ose,Please post any news you may find about her fate. This is so sad and so wrong. We need to know what happens to her.,Please post any news you may find about her fate. This is so sad and so wrong. We need to know what happens to her.,25,25,5
ee172da,"Why pay so much character and it feels so good. In the humble of 1996, the website was a skinny stoner with long hair.","Why pay so much character and it feels so good. In the humble of 1996, the website was a skinny stoner with long hair.",0,0,3
ed9f92q,F then.,F then.,27,27,4
ed5bwl0,I’m so happy for you. Congrats and thanks for the advice,I’m so happy for you. Congrats and thanks for the advice,15,15,3
eeaico8,Except it seems like the constant jerking off about DMC was one of the several things that could have led to them drifting apart.,Except it seems like the constant jerking off about DMC was one of the several things that could have led to them drifting apart.,9,9,5
edwf9b0,Those words you used. I don't want to believe that exists.,Those words you used. I don't want to believe that exists.,10,10,0
efev9va,I have the worst memory ever. Idk if it's from all the weed I smoked but I also have a blank mind like all the time.,I have the worst memory ever. Idk if it's from all the weed I smoked but I also have a blank mind like all the time.,11,11,1
edlo5n4,oooops... now you tell me???,oooops... now you tell me???,27,27,4
ef3t7ww,Upvote for buttfuckme.,Upvote for buttfuckme.,27,27,4
ef7gyn0,He used to be a science teacher!,He used to be a science teacher!,4,4,3
eej4x5t,Calm down or we need to call the Senate to take further actions.,Calm down or we need to call the Senate to take further actions.,27,27,4
efgdymd,[NAME]. Im sorry,[NAME]. Im sorry,24,24,5
edxaf6n,I must've missed them. Looking again but if you have a moment can you link it?,I must've missed them. Looking again but if you have a moment can you link it?,"6,7",6,6
eeu33cz,Ain’t nothin good enough for her,Ain’t nothin good enough for her,9,9,5
eegcof4,"I have stories about some, lived in one that was $3500 a month and you had to sign a 3 month contract. Also not covered by insurance","I have stories about some, lived in one that was $3500 a month and you had to sign a 3 month contract. Also not covered by insurance",27,27,4
eed3i6e,If you don't enjoy watching sonicfox compete can you really be a fan of the competitive scene?,If you don't enjoy watching sonicfox compete can you really be a fan of the competitive scene?,27,27,4
eepoq40,Easy breezy beautiful cover girl,Easy breezy beautiful cover girl,0,0,3
eeq5v95,Generally you are still a “teacher” but I’m not sure 100%. I know my instructional coach role is still “teacher” contract/pay.,Generally you are still a “teacher” but I’m not sure 100%. I know my instructional coach role is still “teacher” contract/pay.,6,6,6
edch3qc,I love your username...,I love your username...,18,18,3
eeyssse,His sister likes his Cox,His sister likes his Cox,27,27,4
ef0c1vh,THIS IS TRAUMATISING,THIS IS TRAUMATISING,25,25,5
eejzyq6,What in the actual fuck are these refs doing right now.,What in the actual fuck are these refs doing right now.,27,27,4
edxd6no,Can you please update me! I'm in the exact position! 24FHL with 21MLL,Can you please update me! I'm in the exact position! 24FHL with 21MLL,7,7,6
edojis0,Or getting lucky. Most [NAME] have jobs so their must be a way.,Or getting lucky. Most [NAME] have jobs so their must be a way.,7,7,6
ed9ytvv,They did that already,They did that already,27,27,4
eeceqn4,"I'll take PVZ. Your flair: ""Maybe necks time""","I'll take PVZ. Your flair: ""Maybe necks time""",27,27,4
ef22fuy,Thank you. Yeah this makes sense too. I could be blaming myself more than I should,Thank you. Yeah this makes sense too. I could be blaming myself more than I should,15,15,3
eev5pak,"Get it out of the way as quickly as possible. Some people claim to like it, so maybe you'll be one of those weirdos.","Get it out of the way as quickly as possible. Some people claim to like it, so maybe you'll be one of those weirdos.",5,5,3
ef4lyyq,"Getting outplayed by the Cavaliers LOL. Maybe [NAME] and [NAME] can take more bricks this quarter, seems to be working so far ","Getting outplayed by the Cavaliers LOL. Maybe [NAME] and [NAME] can take more bricks this quarter, seems to be working so far ",1,1,3
edmcs0g,I don't know why you even talk to human trash like this. Instead you should motivate him to leave her - at least that would be productive.,I don't know why you even talk to human trash like this. Instead you should motivate him to leave her - at least that would be productive.,27,27,4
ed37dzj,Excited for this project to be finished when I retire in 30 something years.,Excited for this project to be finished when I retire in 30 something years.,13,13,3
ee93vfb,So you’ve never had a fwb situation and if you have it made you worthless for a real relationship to other women? Hope this goes both ways,So you’ve never had a fwb situation and if you have it made you worthless for a real relationship to other women? Hope this goes both ways,7,7,6
ed9z7qm,What’s the motive for doing this? To save on fuel by transporting as many people as possible in one go?,What’s the motive for doing this? To save on fuel by transporting as many people as possible in one go?,"6,7",6,6
eev5hpa,Thank you...next,Thank you...next,15,15,3
eee5guq,"I saw in another thread that the kid had previously pranked the barber, and this was his way of getting back at him. ","I saw in another thread that the kid had previously pranked the barber, and this was his way of getting back at him. ",27,27,4
edh2hzv,Are you an [NAME] or [NAME]?,Are you an [NAME] or [NAME]?,27,27,4
eeoulo9,Wack. Oh heard some 17 year olds are doing it too.,Wack. Oh heard some 17 year olds are doing it too.,26,26,6
ef7twad,"Lol I always go with public speaking (""but I'm trying to be better at it!!""). ","Lol I always go with public speaking (""but I'm trying to be better at it!!""). ",1,1,3
eebwep1,"Oh right I was for reason thinking it was just made out with. Sleep with is even better. Sleep with [NAME], [NAME]! ","Oh right I was for reason thinking it was just made out with. Sleep with is even better. Sleep with [NAME], [NAME]! ",4,4,3
eeuvlhk,Interesting. Never heard of it. Do you like it?,Interesting. Never heard of it. Do you like it?,13,13,3
edyy95w,Then I'll be accused of being a racist.,Then I'll be accused of being a racist.,22,22,6
eeqw6jo,"Yet, the Blue Bell crowd still worships this half ass ice cream, full of artificial flavors and HFCS.","Yet, the Blue Bell crowd still worships this half ass ice cream, full of artificial flavors and HFCS.",27,27,4
eesptz5,"Lol it's a public sidewalk, I wouldn't call it their set ","Lol it's a public sidewalk, I wouldn't call it their set ",10,10,0
eeh4hjb,Love me some sushi! Have yo give this a try!,Love me some sushi! Have yo give this a try!,18,18,3
edsoyjt,That's literally impossible.,That's literally impossible.,10,10,0
ee3b3om,What a game.,What a game.,26,26,6
eesw882,"Hey quick brag, this post was read by [NAME], episode 63! I'm actually really excited, he's one of my favorites.","Hey quick brag, this post was read by [NAME], episode 63! I'm actually really excited, he's one of my favorites.",13,13,3
ef5kfio,"Ah TDS victim, got it.","Ah TDS victim, got it.",4,4,3
edqm84u,It still hurts 15 years later. I don't know how people can be so callous their own child,It still hurts 15 years later. I don't know how people can be so callous their own child,27,27,4
eemmm7m,So he is half decent. Glad to see your finally making some sense.,So he is half decent. Glad to see your finally making some sense.,15,15,3
edexigy,[NAME] I wish that was a more active sub :(,[NAME] I wish that was a more active sub :(,8,8,3
eeptpbk,"Asides from the max number of choices each share, probably being shamed on the internet","Asides from the max number of choices each share, probably being shamed on the internet",27,27,4
ef9w70e,"Just borrow against your 401k, it would be stupid not to. Unless you plan to retire in hell.","Just borrow against your 401k, it would be stupid not to. Unless you plan to retire in hell.",3,3,0
ed2a2kf,Recently Retired cop here. I love to see this. This is what he’s fighting to stop.,Recently Retired cop here. I love to see this. This is what he’s fighting to stop.,18,18,3
ee89dm9,Best sub ever,Best sub ever,0,0,3
edc7mxw,I want Cowboys and Bears to win so the Raiders draft picks are at best picks 25 & 26,I want Cowboys and Bears to win so the Raiders draft picks are at best picks 25 & 26,8,8,3
efbap5u,oh the irony,oh the irony,1,1,3
ed6wzjl,They would be part of a nation controlled by the media.,They would be part of a nation controlled by the media.,27,27,4
edzorzo,You can't expect him to like food,You can't expect him to like food,10,10,0
edlbell,"Good idea, brought to the table by a questionable at best minister, likely for the purpose of shifting focus away from his failures. ","Good idea, brought to the table by a questionable at best minister, likely for the purpose of shifting focus away from his failures. ",0,0,3
eduppyb,i think the telekinesis could make a great card. sth like: move an enemy card to another position and stun its new neighbors for this round.,i think the telekinesis could make a great card. sth like: move an enemy card to another position and stun its new neighbors for this round.,0,0,3
eedhapw,"Thoughts and Prayers... Go get fucked, fascist redneck scum!","Thoughts and Prayers... Go get fucked, fascist redneck scum!",2,2,0
eea5j35,"Maybe you can't, but plenty of other people would be able to.","Maybe you can't, but plenty of other people would be able to.",4,4,3
eda4fz8,Trier is low key an awful defender,Trier is low key an awful defender,10,10,0
eczopuk,I cant wait. I'm curious if it will give us any more insight into the incident other than what we already know.,I cant wait. I'm curious if it will give us any more insight into the incident other than what we already know.,7,7,6
eepa77e,"I remember when wall Wal Mart tried to ""overtake"" the German market. Eat this Wal Mart.","I remember when wall Wal Mart tried to ""overtake"" the German market. Eat this Wal Mart.",27,27,4
edrfm6u,Omg I just looked it up and all the places look so beautiful there 😍 also I’m sorry that it’s homophobic,Omg I just looked it up and all the places look so beautiful there 😍 also I’m sorry that it’s homophobic,0,0,3
edw7tfe,"This is something kids do on their twitch streams to get subs, pretty sad.","This is something kids do on their twitch streams to get subs, pretty sad.",25,25,5
eemx4xv,Yikes I cringed hard,Yikes I cringed hard,26,26,6
edxcvu6,"Every time, lots of people overwhelm me. I have light sensitivity to florescents so that doesn't help. ","Every time, lots of people overwhelm me. I have light sensitivity to florescents so that doesn't help. ",9,9,5
efedj58,What does Obamacare have to do with that? [NAME] dropped the employer mandate because he was afraid that [NAME] wouldn't like it.,What does Obamacare have to do with that? [NAME] dropped the employer mandate because he was afraid that [NAME] wouldn't like it.,27,27,4
edmtw2i,Wow you really can’t handle losing can you?,Wow you really can’t handle losing can you?,"7,26",7,6
ed69opz,ATTACH THE STONE OF TRIUMPH!!,ATTACH THE STONE OF TRIUMPH!!,27,27,4
edh3koj,No idea but as of last year there was a cat that liked to hang out there. Hope he’s okay ❤️,No idea but as of last year there was a cat that liked to hang out there. Hope he’s okay ❤️,20,20,3
eeatwen,[NAME] can be my friend!,[NAME] can be my friend!,27,27,4
edku2ui,"Cheers to that, girl. 🥂 ","Cheers to that, girl. 🥂 ","0,17",0,3
ee00nbw,It inhales you ignorant octorok,It inhales you ignorant octorok,3,3,0
edi0iyi,"How dare you, she's in your flair too!","How dare you, she's in your flair too!",2,2,0
eewqead,You don’t know how many screens it’s playing on in his room,You don’t know how many screens it’s playing on in his room,27,27,4
eezysgj,But the best part is the struggle snuggle as we like to call it.,But the best part is the struggle snuggle as we like to call it.,0,0,3
eekmrq2,Seriously?,Seriously?,7,7,6
edckc5y,That's a maryland fan comment. You should be ashamed of yourself.,That's a maryland fan comment. You should be ashamed of yourself.,12,12,5
edocjeg,Bless you.,Bless you.,5,5,3
edk8sml,"The wage, you Fucking troll. But you don't care do you? See your post history.","The wage, you Fucking troll. But you don't care do you? See your post history.",2,2,0
ee07cnm,Happy MLK day,Happy MLK day,17,17,3
edqugi0,Good point. Thank you. My condolences for your own loss.,Good point. Thank you. My condolences for your own loss.,15,15,3
efdo0kd,Same.. If I'm particularly stressed out someone just walking down the same road as me feels like they're invading my space.,Same.. If I'm particularly stressed out someone just walking down the same road as me feels like they're invading my space.,4,4,3
edg883j,Why yes that ass is flawless,Why yes that ass is flawless,"0,4",0,3
ef15dzw,im done with my break im going to make more i promise,im done with my break im going to make more i promise,27,27,4
eebhh3i,"No, he's fine. It doesnt compact","No, he's fine. It doesnt compact",27,27,4
ee28cvi,RNG-based access to very important mechanics is frustrating for some people.,RNG-based access to very important mechanics is frustrating for some people.,3,3,0
edhe80f,It is. It’s so bad. Then I start blaming myself for liking them. It’s like I have no control over this.,It is. It’s so bad. Then I start blaming myself for liking them. It’s like I have no control over this.,9,9,5
eej1u9h,"True.. but it just seems weird that of all the ways [NAME] could have died in that throne room, he was killed by being cut in half. ","True.. but it just seems weird that of all the ways [NAME] could have died in that throne room, he was killed by being cut in half. ",27,27,4
edfx9dj,"As in when totalitarians show up in solidarity with those ""normal"" people? If you're attracting ANTIFA, you're not normal.","As in when totalitarians show up in solidarity with those ""normal"" people? If you're attracting ANTIFA, you're not normal.",27,27,4
ef61iop,Yes I keep hearing it’s a great and eye opening read so it on my to read list. thanks 👍,Yes I keep hearing it’s a great and eye opening read so it on my to read list. thanks 👍,15,15,3
edpqr05,It is certainly interesting.....but is it anything?.....,It is certainly interesting.....but is it anything?.....,7,7,6
ecznnld,2010: The Year We Made the Super Bowl,2010: The Year We Made the Super Bowl,27,27,4
eeiq3ag,I love this cross-over,I love this cross-over,18,18,3
ef3ti8c,"I’m scared of shots, but I’m more scared of dying. What Anti-vaxxers are scared of is autism","I’m scared of shots, but I’m more scared of dying. What Anti-vaxxers are scared of is autism",14,14,2
edlk5b6,"Have you pulled an updated Batch Guidance sheet? If your tossing a lot of coffee out, it sounds like you might be brewing too much.","Have you pulled an updated Batch Guidance sheet? If your tossing a lot of coffee out, it sounds like you might be brewing too much.",27,27,4
edhrxvs,It would be cool but I like his commentating too much lol,It would be cool but I like his commentating too much lol,1,1,3
eexntdi,Gotta love acid,Gotta love acid,18,18,3
ed518pl,nothing special? I drop stuff like this mate,nothing special? I drop stuff like this mate,7,7,6
eesh37s,This does not have to be juice I don’t think. Six months is a long time,This does not have to be juice I don’t think. Six months is a long time,10,10,0
eejm66x,"Some very fine, well developed grade school humor right there.","Some very fine, well developed grade school humor right there.",0,0,3
ed9vdk1,[NAME] is clearly our 5th best player,[NAME] is clearly our 5th best player,4,4,3
edz8oyc,Thanks [NAME] for holding on to our $17.5M. We will be needing that back though.,Thanks [NAME] for holding on to our $17.5M. We will be needing that back though.,15,15,3
ed6rggk,Wow. Thanks for this.,Wow. Thanks for this.,15,15,3
ee0v4vb,Maybe I’m unsure of that,Maybe I’m unsure of that,6,6,6
efdtck5,"I agree with this, but I'm guessing it's because he works from home and can work anywhere while she can't.","I agree with this, but I'm guessing it's because he works from home and can work anywhere while she can't.",4,4,3
editctb,Well everyone is entitled to their opinion but I think you need to be a bit more mature about everyone having different bodies,Well everyone is entitled to their opinion but I think you need to be a bit more mature about everyone having different bodies,5,5,3
eetpk59,"Try honing I’m on your art skills! Wood carving, wood burning, mosaics, stained glass, painting, etc. Sell your work!","Try honing I’m on your art skills! Wood carving, wood burning, mosaics, stained glass, painting, etc. Sell your work!",27,27,4
eesiv1o,"I'm as big a packers fan as the next guy, but that car is ugly lol","I'm as big a packers fan as the next guy, but that car is ugly lol",1,1,3
edmz6i7,I'm guessing that it maybe due to being overwhelmed w/ responses and having a relatively small staff to go through all the forms.,I'm guessing that it maybe due to being overwhelmed w/ responses and having a relatively small staff to go through all the forms.,27,27,4
eek84mm,American democracy is weak but it's not dead. If the intention of your comment was to discourage people from voting then you are the problem.,American democracy is weak but it's not dead. If the intention of your comment was to discourage people from voting then you are the problem.,"3,10",3,0
ef4kdji,This will not happen bru,This will not happen bru,27,27,4
ee6fjot,Well done! Keep it going mate. If you’re struggling reach out to whoever you can!,Well done! Keep it going mate. If you’re struggling reach out to whoever you can!,0,0,3
eeu0cdq,Glad someone brought that up.,Glad someone brought that up.,17,17,3
ed7v95i,"Ahhh, I see it now. Thanks.","Ahhh, I see it now. Thanks.",15,15,3
eddch4h,"You’re a life saver, wish you a blessed new year ","You’re a life saver, wish you a blessed new year ",0,0,3
edv0wb8,Congrats on the sex!,Congrats on the sex!,0,0,3
ed3kh4x,"Nasty, nasty, nasty... Really *can't* understand why she is a 300lb human. s/","Nasty, nasty, nasty... Really *can't* understand why she is a 300lb human. s/",27,27,4
efh5cxc,"yeah I agree w you, just annoying that the limit is so small","yeah I agree w you, just annoying that the limit is so small",4,4,3
efe6lvg,"I'm sorry you needed to add this. I thought your humour was pretty obvious, but this is reddit....","I'm sorry you needed to add this. I thought your humour was pretty obvious, but this is reddit....",10,10,0
edxjj1s,"Firm, but gentle. Baby hamsters or live goldfish. Soft female hands caressing my balls is a wonderful feeling. ","Firm, but gentle. Baby hamsters or live goldfish. Soft female hands caressing my balls is a wonderful feeling. ",17,17,3
ee81x6o,All the people in this thread are fucking disgusting,All the people in this thread are fucking disgusting,11,11,1
ee2zm4w,Sadly enough I was thinking the same.,Sadly enough I was thinking the same.,24,24,5
eeykr1i,you dirty karma theft,you dirty karma theft,2,2,0
ee2t6h9,I do but I like my job. I just hate the fact I HAVE to go do it.,I do but I like my job. I just hate the fact I HAVE to go do it.,27,27,4
eehmhml,College basketball just big leagued the UFC. We've to wait for it to finish I think.,College basketball just big leagued the UFC. We've to wait for it to finish I think.,27,27,4
edfkdv6,I've seen that profile picture before..this guy is a repeat offender,I've seen that profile picture before..this guy is a repeat offender,10,10,0
edoerl4,"Yes! My SO does that, unfortunately the requirements are stricter and I can't :(","Yes! My SO does that, unfortunately the requirements are stricter and I can't :(",9,9,5
ee2n1yl,No because thats stupid,No because thats stupid,2,2,0
ed157d1,I feel a sense of unease tbh,I feel a sense of unease tbh,19,19,2
eeq0hvh,"middle of lane is dumb that’s where all the oil pools, lane split seems like no one likes it but that’s more understandable","middle of lane is dumb that’s where all the oil pools, lane split seems like no one likes it but that’s more understandable",10,10,0
eel8rcb,"That doesn’t even look like her! Except the [NAME] in the background, now that’s the one we know and love.","That doesn’t even look like her! Except the [NAME] in the background, now that’s the one we know and love.",10,10,0
ee2deqk,Oh that's good!,Oh that's good!,0,0,3
ee8d53d,I believe it was clear I disagreed. And I don’t play wow.,I believe it was clear I disagreed. And I don’t play wow.,10,10,0
eczc44a,Let's get things back on track! Happy new year!,Let's get things back on track! Happy new year!,13,13,3
edhaghb,This is exactly what it's been like. I feel personally victimised by it all,This is exactly what it's been like. I feel personally victimised by it all,25,25,5
edbyeqs,Enjoy it! You have a good one for your first!,Enjoy it! You have a good one for your first!,17,17,3
eefr21i,When I get real pissed I just do R2 then R3 after lol.,When I get real pissed I just do R2 then R3 after lol.,1,1,3
edy3eip,I love how their comparing [NAME] one shtick (not including highlighter) to the comedy skills of queens with actual performance talents.,I love how their comparing [NAME] one shtick (not including highlighter) to the comedy skills of queens with actual performance talents.,18,18,3
ee5e2ch,You mean anti-intelligent,You mean anti-intelligent,22,22,6
ee4ghbt,That's not cute,That's not cute,10,10,0
eetydf3,I'm glad you did because this was the comment where I stopped my fast scroll haha.,I'm glad you did because this was the comment where I stopped my fast scroll haha.,15,15,3
edbhns9,damn that kid can jump,damn that kid can jump,13,13,3
edy0cv2,Trade [NAME] and see if he plays [NAME] over [NAME]. let's see what kinda coach we're dealing with here.,Trade [NAME] and see if he plays [NAME] over [NAME]. let's see what kinda coach we're dealing with here.,27,27,4
ee1za9n,He’s had nightmares ever since the storm,He’s had nightmares ever since the storm,27,27,4
ee5r8iv,you in the wrong *childhood*,you in the wrong *childhood*,3,3,0
edenhhr,shockingly close to reality.,shockingly close to reality.,26,26,6
ed4k8p6,Hold up you saying you wouldnt do that to the necromancer?,Hold up you saying you wouldnt do that to the necromancer?,27,27,4
een4igj,Don't chase after out of position teammates. Your life as a Mercy is more important. Let them fools die and learn their lesson.,Don't chase after out of position teammates. Your life as a Mercy is more important. Let them fools die and learn their lesson.,3,3,0
eezqut1,But what’s the point of not having the brakes?,But what’s the point of not having the brakes?,7,7,6
edff0vj,Everyone’s ageing on here like the milk my flatmate left on the kitchen counter over the holidays,Everyone’s ageing on here like the milk my flatmate left on the kitchen counter over the holidays,3,3,0
eethju6,GINO!!!,GINO!!!,27,27,4
eeuhwe8,Out the playoffs [NAME] already showed he can't lead that Pacers team when [NAME] went down.,Out the playoffs [NAME] already showed he can't lead that Pacers team when [NAME] went down.,27,27,4
eezyqc9,Still can't see. Thanks.,Still can't see. Thanks.,15,15,3
ee3rlc5,Your TLDR sucks,Your TLDR sucks,9,9,5
eedglkc,I wondered the same thing. I never knew that this is a thing.,I wondered the same thing. I never knew that this is a thing.,"22,26",22,6
eeiiqqy,I like this new trend,I like this new trend,18,18,3
ef7zuz6,"I'd buy this and use the ""wash, dry, fold"" setting exclusively. Sounds great to me. ","I'd buy this and use the ""wash, dry, fold"" setting exclusively. Sounds great to me. ",0,0,3
edfn647,Best bedtime Christmas story ever.,Best bedtime Christmas story ever.,0,0,3
ed41kh0,"Hey it’s not bad though! Quick recovery, just follow their rules! Good luck!","Hey it’s not bad though! Quick recovery, just follow their rules! Good luck!",20,20,3
eee4pu3,"Hmm, I didn't notice that change ... will pay attention ..","Hmm, I didn't notice that change ... will pay attention ..",22,22,6
edftlbc,... that's simply wrong.,... that's simply wrong.,10,10,0
eddznws,I think for some reason she thinks the money out weighs a normal childhood for her daughter.,I think for some reason she thinks the money out weighs a normal childhood for her daughter.,27,27,4
ed77gkb,This is like the timeline from hell.,This is like the timeline from hell.,3,3,0
ee9uyrp,"Really worried about NISA translating it, but at this point I don't care any more, as long as we get an english version of it.","Really worried about NISA translating it, but at this point I don't care any more, as long as we get an english version of it.",19,19,2
edg7f4i,Don’t forget to re-equip them for every specialist every time you prestige too! Oh and the emotes too if you like donating kills!,Don’t forget to re-equip them for every specialist every time you prestige too! Oh and the emotes too if you like donating kills!,27,27,4
efbgsvp,It's also complicated because a lot of videogame media outlets quote him,It's also complicated because a lot of videogame media outlets quote him,22,22,6
ed57fbo,It was some other girls,It was some other girls,27,27,4
ef6apnc,No because it's been a steady decline over 20 months.,No because it's been a steady decline over 20 months.,22,22,6
eek943o,"Witness me, I will ride historic, dusty and lacquered, on the country road","Witness me, I will ride historic, dusty and lacquered, on the country road",27,27,4
ef6a67r,The food you are putting in your mouth is causing obesity. Stop abusing it. A higher body weight is the cause of your increased risk of ILLNESSES,The food you are putting in your mouth is causing obesity. Stop abusing it. A higher body weight is the cause of your increased risk of ILLNESSES,5,5,3
ed4q326,She's been fired and shamed out of existence. Good riddance.,She's been fired and shamed out of existence. Good riddance.,3,3,0
edrfn03,They r playing,They r playing,27,27,4
edsg1hv,There's no excuse for him not reciprocating it's pure laziness. What about a 69?,There's no excuse for him not reciprocating it's pure laziness. What about a 69?,7,7,6
ef60nhs,Mmm... chocolate weekends are my favorite.,Mmm... chocolate weekends are my favorite.,18,18,3
edo5ajh,"R4, 9. You’ve had many chances. Banned. ","R4, 9. You’ve had many chances. Banned. ",27,27,4
efbq35w,Aw thanks!!!,Aw thanks!!!,15,15,3
ef2jec1,I love music but I haven't given a shit about the Triple J's Hottest 100 in at least 10 years,I love music but I haven't given a shit about the Triple J's Hottest 100 in at least 10 years,18,18,3
ee1e2ur,Does windows xp count as odd or even?,Does windows xp count as odd or even?,6,6,6
efawt35,"Quite superpower you got there, op. Reminds me of [NAME] in Unbreakable. U beautiful person!","Quite superpower you got there, op. Reminds me of [NAME] in Unbreakable. U beautiful person!",0,0,3
ef1wsmt,Keep going man. I’ve been enjoying reading your posts. All the best!,Keep going man. I’ve been enjoying reading your posts. All the best!,17,17,3
eczd32o,This thread was actually inspired by one of your comments,This thread was actually inspired by one of your comments,0,0,3
eeyvqsj,"I saw it when it was at the Mackintosh Church in Glasgow, it’s pretty impressive. ","I saw it when it was at the Mackintosh Church in Glasgow, it’s pretty impressive. ",0,0,3
edijcfx,Ghostbusters 2: ghost-bustier ?,Ghostbusters 2: ghost-bustier ?,27,27,4
eeuvx9l,Cheers! :),Cheers! :),27,27,4
edf5kgz,That’s better:-) now go get em tiger,That’s better:-) now go get em tiger,"4,20,21",4,3
ed84nf6,This would be very much appreciated.,This would be very much appreciated.,0,0,3
ef88l23,"Damn, sometimes I love people here. ","Damn, sometimes I love people here. ",18,18,3
efa66c6,"> If you actually believe they are still a threat oh, if only it *were* up to me...","> If you actually believe they are still a threat oh, if only it *were* up to me...",27,27,4
eelf3mi,ha ha LOL guys aren't we so QuIrKyyyy,ha ha LOL guys aren't we so QuIrKyyyy,1,1,3
eep7icf,"Grant us pies, grant us pies.","Grant us pies, grant us pies.",27,27,4
ede19cv,"That's what I came here for, thanks","That's what I came here for, thanks",15,15,3
ef6nz0w,"He doesn't actually run a 4.49. It's a little deceiving because he's pretty sneaky, so I can understand you being confused.","He doesn't actually run a 4.49. It's a little deceiving because he's pretty sneaky, so I can understand you being confused.",6,6,6
ee7om6v,Please enlighten us,Please enlighten us,27,27,4
eejmvk0,i got the auto reply a day ago,i got the auto reply a day ago,22,22,6
eddb1k5,I like her too! I hope she does well and stays away from [NAME].,I like her too! I hope she does well and stays away from [NAME].,18,18,3
eda3f69,What u doing dame,What u doing dame,7,7,6
ee54usn,Thank you so much. I fixed it,Thank you so much. I fixed it,15,15,3
eecefqy,"I have already played with one friend, and we get along. But there was another guy i haven't played with before.","I have already played with one friend, and we get along. But there was another guy i haven't played with before.",27,27,4
ee7zve6,No thanks probably stank af.,No thanks probably stank af.,10,10,0
eevm994,". I’m a dude so I took sleeping medication and meditation alike, not respect/reverence for one day dammit.",". I’m a dude so I took sleeping medication and meditation alike, not respect/reverence for one day dammit.",27,27,4
eev17hg,I love [NAME] already,I love [NAME] already,18,18,3
eeuenby,I really like this ring so I’m glad to hear that.,I really like this ring so I’m glad to hear that.,"0,17",0,3
ee64day,I'm just really sad all that cake was wasted.,I'm just really sad all that cake was wasted.,"9,25",9,5
ef78dhw,"wow this seems like a huge ᴡᴀsᴛᴇ ᴏ- ᴡᴀɪᴛ ᴀ ᴍɪɴᴜᴛᴇ. ɴᴏ, ᴛʜɪs ɪs ɢᴏᴏᴅ","wow this seems like a huge ᴡᴀsᴛᴇ ᴏ- ᴡᴀɪᴛ ᴀ ᴍɪɴᴜᴛᴇ. ɴᴏ, ᴛʜɪs ɪs ɢᴏᴏᴅ",0,0,3
ee3am6p,Okay rude. Leave [NAME] alone and where he is please. I’ve been rooting for this kid since his first match.,Okay rude. Leave [NAME] alone and where he is please. I’ve been rooting for this kid since his first match.,27,27,4
eei9k22,Thank you :),Thank you :),15,15,3
eeykk40,there's a lot of lol revs people whenever [NAME] tweets something like this,there's a lot of lol revs people whenever [NAME] tweets something like this,1,1,3
edrb874,Keep your head up,Keep your head up,27,27,4
eed5kj3,"If you sprinkle when you tinkle, be a sweetie and wipe the seatie. #peetoo","If you sprinkle when you tinkle, be a sweetie and wipe the seatie. #peetoo",27,27,4
eezf4l0,Not sure why [NAME] didn't foul to stop the fast break there,Not sure why [NAME] didn't foul to stop the fast break there,27,27,4
efcjfhv,*french canadian fuck. They are the only ones who use it even though pretty much any french speaker knows what it means,*french canadian fuck. They are the only ones who use it even though pretty much any french speaker knows what it means,27,27,4
ef0ekxx,What a beautiful memory for you to have found. So sorry for your loss ❤️,What a beautiful memory for you to have found. So sorry for your loss ❤️,25,25,5
eetji37,Thank god I'm not dating anymore. I wouldn't want to risk some girl I'm trying to bang seeing my reddit history.,Thank god I'm not dating anymore. I wouldn't want to risk some girl I'm trying to bang seeing my reddit history.,15,15,3
edwby1b,"Yes, thank [NAME] the wisest of [NAME] live outside your country","Yes, thank [NAME] the wisest of [NAME] live outside your country",15,15,3
edyp9kw,Dam 😣 that was awesome!,Dam 😣 that was awesome!,0,0,3
eesrvl4,"Yes owe I believe 13,000$ something on it currently.","Yes owe I believe 13,000$ something on it currently.",4,4,3
eds4we5,You give me too much credit... That comment is as trash as the meme,You give me too much credit... That comment is as trash as the meme,11,11,1
ef1e1yw,Just keep a spray bottle of rubbing alcohol on hand! It melts the ice and doesn't freeze.,Just keep a spray bottle of rubbing alcohol on hand! It melts the ice and doesn't freeze.,27,27,4
eeu00m5,"“I couldn’t, I wouldn’t” you said it ;)","“I couldn’t, I wouldn’t” you said it ;)",27,27,4
eel3kty,Is this coming to ps4 at same time?,Is this coming to ps4 at same time?,27,27,4
ed9rp2v,"No thanks, he’s already been flushed","No thanks, he’s already been flushed",10,10,0
edi86iy,Honestly his post was a little sad. The fact that it got upvotes makes me want to avoid this sub over the summer.,Honestly his post was a little sad. The fact that it got upvotes makes me want to avoid this sub over the summer.,25,25,5
edvvxsi,At my job I can/Do get laid a lot so the second one!!,At my job I can/Do get laid a lot so the second one!!,4,4,3
ee595r5,Wtfffff why can’t I have all of the benefits and none of the consequences :( :(,Wtfffff why can’t I have all of the benefits and none of the consequences :( :(,7,7,6
ef8g3xn,Yeah that was inexcusable,Yeah that was inexcusable,2,2,0
eegllgr,"I made one comment, and you came in to call it childish..... like, what else are you doing besides badgering?","I made one comment, and you came in to call it childish..... like, what else are you doing besides badgering?",3,3,0
ee5k87m,How generous :) you must really make them happy. Good on you for that,How generous :) you must really make them happy. Good on you for that,"0,20",0,3
eeas1ww,Thank [NAME] for the person walking down the sidewalk otherwise i would have thought it was a loop immidiately,Thank [NAME] for the person walking down the sidewalk otherwise i would have thought it was a loop immidiately,15,15,3
efeypoc,"Taking deep, measured breaths usually helps me regain my composure ","Taking deep, measured breaths usually helps me regain my composure ",27,27,4
ed0g64t,Lol they’re so caught. “It’s not what it looks like! We hate each other!”,Lol they’re so caught. “It’s not what it looks like! We hate each other!”,27,27,4
edin9x8,Haha I didnt even notice. I guess it does.,Haha I didnt even notice. I guess it does.,1,1,3
edopst7,Thanks fam jam.,Thanks fam jam.,15,15,3
eep1n34,"You will have symptoms for a few more weeks while it kicks in, good luck, glad to see youre doing better","You will have symptoms for a few more weeks while it kicks in, good luck, glad to see youre doing better",0,0,3
edlwtmi,"Omg actually?! I mean no judgment , I am just SHOOK ","Omg actually?! I mean no judgment , I am just SHOOK ","7,26",7,6
eexpxup,He loves buying people beer. He got into that industry to buy people beer.,He loves buying people beer. He got into that industry to buy people beer.,18,18,3
edpp00u,Nuh uh. She didn't go to Gudger College.,Nuh uh. She didn't go to Gudger College.,10,10,0
ef0if98,"Online gaming is toxic. If those cuts were ever tapped, there would be lots of people in jail.","Online gaming is toxic. If those cuts were ever tapped, there would be lots of people in jail.",10,10,0
ee6ezx6,Thanks. I'll be phoning the psych tomorrow (maybe) about med increase since I'm on the lowest anyways.,Thanks. I'll be phoning the psych tomorrow (maybe) about med increase since I'm on the lowest anyways.,15,15,3
eet2ewq,"CANADA! HOW ARE YA, NOW?","CANADA! HOW ARE YA, NOW?",13,13,3
eeisdww,I can see the place where I grew up on here :),I can see the place where I grew up on here :),13,13,3
eev1ezo,TURN OFF YOUR ELECTRICAL DEVICES AS FAST AS YOU CAN,TURN OFF YOUR ELECTRICAL DEVICES AS FAST AS YOU CAN,27,27,4
efe156e,"...I mean, that part isn't necessarily wrong. It's Iowa...","...I mean, that part isn't necessarily wrong. It's Iowa...",4,4,3
ef5twgn,Nor are they common in the UK. Never seen one in the middle.,Nor are they common in the UK. Never seen one in the middle.,27,27,4
ef6qkdz,They should just give us the cup now and save everyone some time,They should just give us the cup now and save everyone some time,27,27,4
edmkm90,"I think bluey is quite possibly the greatest kids s how I've ever seen So quintessentially Aussie, nails family life, funny as hell. Love it","I think bluey is quite possibly the greatest kids s how I've ever seen So quintessentially Aussie, nails family life, funny as hell. Love it",0,0,3
edoifzo,This is gonna get worse before it gets better.,This is gonna get worse before it gets better.,27,27,4
ee2r02p,Do you.....have a certificate showing you're not a donkey-brained man?,Do you.....have a certificate showing you're not a donkey-brained man?,27,27,4
edyy1ug,"As a whole, yes, if it wasn't for Classified being the greatest thing to come to zombies since bo1, then I'd have to agree.","As a whole, yes, if it wasn't for Classified being the greatest thing to come to zombies since bo1, then I'd have to agree.",4,4,3
edb7ayh,what a beast,what a beast,0,0,3
ee0tuha,"Love this guy, love this team","Love this guy, love this team",18,18,3
ededips,"Right on [NAME] having a big year, but [NAME] was super disappointing this year.","Right on [NAME] having a big year, but [NAME] was super disappointing this year.",9,9,5
ef5y9zz,"It’s not even bad. Some people love dark humor, especially when delivered in a super serious way.","It’s not even bad. Some people love dark humor, especially when delivered in a super serious way.",4,4,3
efbnehf,I only watch bad animes sorry,I only watch bad animes sorry,24,24,5
ee07snh,Thanks for this.,Thanks for this.,15,15,3
eenppj1,"You have a talent use it, take your time would love some pop kids melodies etc subscribers will come for sure","You have a talent use it, take your time would love some pop kids melodies etc subscribers will come for sure",0,0,3
edsf1m0,woah this is a reversal of the norm you took a meme from instagram to reddit,woah this is a reversal of the norm you took a meme from instagram to reddit,26,26,6
edpuk1k,"[NAME] and [NAME] = The hero's we need, but not the hero's we deserve.","[NAME] and [NAME] = The hero's we need, but not the hero's we deserve.",0,0,3
ee9tj5y,"Yep, just back to how it was before, but this time with little public support as we are all pissed of with it all","Yep, just back to how it was before, but this time with little public support as we are all pissed of with it all",27,27,4
edz2ad6,Dude this is a repost from [NAME] you can see When you go into the comments,Dude this is a repost from [NAME] you can see When you go into the comments,27,27,4
eeyqq0n,Nice try Mommy shark,Nice try Mommy shark,0,0,3
ee5wijm,"And ignoring how ""magic"" works in the same way you support your arguments.","And ignoring how ""magic"" works in the same way you support your arguments.",27,27,4
ed10lme,I’ve still not noticed the kid,I’ve still not noticed the kid,10,10,0
ed7s5q2,"But for real. Like, phones, you guys. Am I right?","But for real. Like, phones, you guys. Am I right?",6,6,6
ee0ot74,Wonder if it’s possible for [NAME] to engage with a polite fan in a magnanimous way.,Wonder if it’s possible for [NAME] to engage with a polite fan in a magnanimous way.,26,26,6
ed71zss,I for one am happy for [NAME] ballin out. Now let's go win this game !!!!,I for one am happy for [NAME] ballin out. Now let's go win this game !!!!,17,17,3
ef2f4rk,If you think all manufactured foods haven't got those contaminants then you're sadly mistaken.,If you think all manufactured foods haven't got those contaminants then you're sadly mistaken.,10,10,0
ef7xtx1,Just search her in this group you will find tons of info to see why people think that. I don’t have time to type everything out,Just search her in this group you will find tons of info to see why people think that. I don’t have time to type everything out,27,27,4
ed9048c,4 x zero traction is still zero traction.,4 x zero traction is still zero traction.,27,27,4
eem32qe,I love how he looks around for a flag and doesn’t celebrate at first,I love how he looks around for a flag and doesn’t celebrate at first,18,18,3
ee8pp9d,This a very obvious joke. Also the old facepalm picture doesn't make your post better.,This a very obvious joke. Also the old facepalm picture doesn't make your post better.,"1,17",1,3
ee9uqp0,"Stay in bed and binge watch a new show, my suggestion Brooklyn 99","Stay in bed and binge watch a new show, my suggestion Brooklyn 99",27,27,4
ed1ueow,Way to go! I know who this couple is! they appear really happy!,Way to go! I know who this couple is! they appear really happy!,"13,17",13,3
eevt49v,He is but he's a normie. A 2/10 would be treated like a pariah at a dance class.,He is but he's a normie. A 2/10 would be treated like a pariah at a dance class.,27,27,4
ee62pd0,O cool noworries ya I don't actually hate [NAME] he's now my favorite player for Vegas.,O cool noworries ya I don't actually hate [NAME] he's now my favorite player for Vegas.,"0,4",0,3
eetmkpj,"Could you explain what you mean by ""both sides"" crap?","Could you explain what you mean by ""both sides"" crap?",27,27,4
ef2iwau,Omg I commented on your original post. I hope you’re doing better and I’m glad this all came out and you got closure.,Omg I commented on your original post. I hope you’re doing better and I’m glad this all came out and you got closure.,"13,20",13,3
eekvv10,Right. He didn't even say a word. I feel like I've seen this before tho.,Right. He didn't even say a word. I feel like I've seen this before tho.,22,22,6
eedhn01,And we'll be surrounded by friends,And we'll be surrounded by friends,27,27,4
eezbeey,The Future is BIG!,The Future is BIG!,27,27,4
ee5si11,[NAME] have a solid minute lol. [NAME] can’t sit at all tonight,[NAME] have a solid minute lol. [NAME] can’t sit at all tonight,27,27,4
eex001x,"Intersectionality might seem strange at first, but it really is a good framework for understanding people’s individual struggles within the context of society’s biases.","Intersectionality might seem strange at first, but it really is a good framework for understanding people’s individual struggles within the context of society’s biases.",0,0,3
efb6i6p,"We’re used to crazy cold weather but this is much worse, a lot of people are just staying inside till Thursday.","We’re used to crazy cold weather but this is much worse, a lot of people are just staying inside till Thursday.",11,11,1
efh991r,ironic/profoundly tragic. tomato/to-mah-to,ironic/profoundly tragic. tomato/to-mah-to,27,27,4
edpjecw,Personally really enjoyed it. Have it in my top 3 AC games with AC2 and Black Flag in there too.,Personally really enjoyed it. Have it in my top 3 AC games with AC2 and Black Flag in there too.,"13,17",13,3
eei49lr,Your friend must have had a horrible time writing papers if adjectives like that were off limits,Your friend must have had a horrible time writing papers if adjectives like that were off limits,27,27,4
eeruwjf,That's quite a lot worse tbh,That's quite a lot worse tbh,11,11,1
eeo1z6a,Listening to his speeches are truly moving!,Listening to his speeches are truly moving!,0,0,3
ef10f3j,I know right. It feels really good when someone acknowledges your existence. I hope more moments like these come for you.,I know right. It feels really good when someone acknowledges your existence. I hope more moments like these come for you.,"4,20",4,3
edp09u3,"Sad, but American","Sad, but American",25,25,5
edd0336,Wish they would of given air vehicles some love. A lot of ace pilots hated the game.,Wish they would of given air vehicles some love. A lot of ace pilots hated the game.,8,8,3
ed5q5vt,I love it,I love it,18,18,3
eexn2nw,Not in the slightest. Who would have guessed the [NAME] would do this LMAO.,Not in the slightest. Who would have guessed the [NAME] would do this LMAO.,1,1,3
ee3d1ba,Wow. Did u say yes?,Wow. Did u say yes?,"7,26",7,6
ed22chg,Wouldn't the powder be derived from the crystalline MDMA?,Wouldn't the powder be derived from the crystalline MDMA?,27,27,4
ee1it4r,Omg two little blankets for your penis. LOVE THAT.,Omg two little blankets for your penis. LOVE THAT.,18,18,3
eeuib3e,I like how people are downvoting when this is how so many military coups have happened. I challenge those who downvote to prove me wrong,I like how people are downvoting when this is how so many military coups have happened. I challenge those who downvote to prove me wrong,18,18,3
ednrzku,Yep. In Sixth grade a boy named [NAME] just stabbed me in the stomach with a pencil.,Yep. In Sixth grade a boy named [NAME] just stabbed me in the stomach with a pencil.,27,27,4
edvaz3h,"Wow, I remember having this kind of meal a lot as a kid. ","Wow, I remember having this kind of meal a lot as a kid. ",22,22,6
ee7m9oa,Wow that’s like - sound porn.,Wow that’s like - sound porn.,0,0,3
ed9b9rk,"if only we could blast this type of stuff out there for everyone to hear, then we might just get get those neo libs to the realization.","if only we could blast this type of stuff out there for everyone to hear, then we might just get get those neo libs to the realization.",22,22,6
eehrx63,"lmao I love this, I love speaking nonsense to myself as well","lmao I love this, I love speaking nonsense to myself as well",18,18,3
efd87fw,R&M is still a good show but it's fans have driven it to Fortnite levels of annoyance.,R&M is still a good show but it's fans have driven it to Fortnite levels of annoyance.,3,3,0
eeie58f,Personally though I like to think of myself as a normy or a snowflake just without negative correlation. C;,Personally though I like to think of myself as a normy or a snowflake just without negative correlation. C;,27,27,4
ef4jqg0,Download it again.,Download it again.,3,3,0
edhvqgi,Being lonely without him is far better than being lonely with him. Good line. I'm stealing that one!,Being lonely without him is far better than being lonely with him. Good line. I'm stealing that one!,3,3,0
ee2stul,some people just want attention..lol,some people just want attention..lol,27,27,4
edhqcy6,Youre right...shes one of my least fav characters. I think they use her as a straight foil in alot of episodes.,Youre right...shes one of my least fav characters. I think they use her as a straight foil in alot of episodes.,18,18,3
ednpjrt,i'll take 2,i'll take 2,27,27,4
ee9fkxa,"FANTASTIC, was watching this episode last night. [NAME] is great.","FANTASTIC, was watching this episode last night. [NAME] is great.",0,0,3
ef38hb3,BUT SHE WENT TO A HISTORICALLY BLACK COLLEGE AND IS PART OF A BLACK GREEK SORORITY!,BUT SHE WENT TO A HISTORICALLY BLACK COLLEGE AND IS PART OF A BLACK GREEK SORORITY!,27,27,4
ed52bpo,"PS4 with pure vanilla setting, after a little practice counter GB and feint is the easiest thing to do","PS4 with pure vanilla setting, after a little practice counter GB and feint is the easiest thing to do",4,4,3
efals5d,We’re a second half team. We got this. COYG!!,We’re a second half team. We got this. COYG!!,27,27,4
eeg5e0m,"I mean, sept is a prefix for seven. Even if it isn’t the right one for that problem...","I mean, sept is a prefix for seven. Even if it isn’t the right one for that problem...",27,27,4
eedvdw2,"""Correlation is causation as long as it doesn't lump me in with them!""","""Correlation is causation as long as it doesn't lump me in with them!""",27,27,4
eeb4nc1,"Canada is full of nice people, but has also produced some pretty gnarly serial killers, so...","Canada is full of nice people, but has also produced some pretty gnarly serial killers, so...",0,0,3
ee3hy4t,Nobody should keep any around that is this ass-cracked to oblivion.,Nobody should keep any around that is this ass-cracked to oblivion.,27,27,4
efgetp6,Presuming you are in the mitten as well. Solidarity sister. My house too looks like a bomb went off and my toddler hates clothes.,Presuming you are in the mitten as well. Solidarity sister. My house too looks like a bomb went off and my toddler hates clothes.,27,27,4
ef5rhti,This. This is too realistic man. Too late for this too.,This. This is too realistic man. Too late for this too.,27,27,4
ednka3u,Organs are literal superfoods and it weirds me out there hasn't been some fad diet with them yet.,Organs are literal superfoods and it weirds me out there hasn't been some fad diet with them yet.,3,3,0
eejyw93,You too huh?,You too huh?,7,7,6
ef4dty9,toxic players will sure show you the ways soon enough. Hope you got the game for free.,toxic players will sure show you the ways soon enough. Hope you got the game for free.,20,20,3
edh8rqu,[NAME] is Television. Got it. He's too misogynistic to be the Patti Smith Group.,[NAME] is Television. Got it. He's too misogynistic to be the Patti Smith Group.,3,3,0
edhb7vy,Great! I hope we can make our loan system work better,Great! I hope we can make our loan system work better,20,20,3
ef77a77,Super glad this is now all nice and official! Really looking forward to working the NGS peeps!,Super glad this is now all nice and official! Really looking forward to working the NGS peeps!,13,13,3
ed99sin,I have 3 words. More Material Needed.,I have 3 words. More Material Needed.,27,27,4
eewa5x8,I could but it's been a few months so you'll have to one,I could but it's been a few months so you'll have to one,27,27,4
educxt4,"Rice grad here, can confirm, am owl.","Rice grad here, can confirm, am owl.",4,4,3
edqr2i2,I’ll join your cause brother!,I’ll join your cause brother!,4,4,3
ef8nzih,Yea no problem just be aware that when you are trying to aim at someone it can lock onto the wrong target because of the bigger lock on area,Yea no problem just be aware that when you are trying to aim at someone it can lock onto the wrong target because of the bigger lock on area,5,5,3
ed17zbx,It's good if you hate workers and love pollution,It's good if you hate workers and love pollution,"0,18",0,3
efg1yib,Is anyone forced to work in prison?,Is anyone forced to work in prison?,7,7,6
edbrb0h,Has he?,Has he?,7,7,6
ee5ml7l,"""You should be so lucky."" Bonus points if they get confused. ","""You should be so lucky."" Bonus points if they get confused. ",0,0,3
eek85lm,Outrage over something that isnt even true. Thats sad man Edit: well the bandwaggoning part is true,Outrage over something that isnt even true. Thats sad man Edit: well the bandwaggoning part is true,25,25,5
ee8x4ik,he's a con artist. they're pretty good at making themselves sound smart and capable.,he's a con artist. they're pretty good at making themselves sound smart and capable.,0,0,3
ef40wdc,"Some Leftist ideologies frown upon SocDems as counterrevolutionary. Don’t agree with it, but that’s the thought process.","Some Leftist ideologies frown upon SocDems as counterrevolutionary. Don’t agree with it, but that’s the thought process.",27,27,4
eeb5zu1,Same...except that I'm not good looking :,Same...except that I'm not good looking :,10,10,0
ee11xcz,Dump her. Shes not committed to you,Dump her. Shes not committed to you,27,27,4
eehej6e,[NAME] sweetie i’m so sorry,[NAME] sweetie i’m so sorry,24,24,5
edlnuv8,His army of Swedish blondes are going to be upset.,His army of Swedish blondes are going to be upset.,9,9,5
ee48sp2,">Sorry, but any city that had any kind of ~~epidemic in its~~ history will have bunches of dead people buried under it.",">Sorry, but any city that had any kind of ~~epidemic in its~~ history will have bunches of dead people buried under it.",24,24,5
eek1z6m,I agree. There was just a big disconnect. They weren't talking specifically about masculinity but about certain situations that are toxic.,I agree. There was just a big disconnect. They weren't talking specifically about masculinity but about certain situations that are toxic.,4,4,3
ee0xvmh,This makes me so happy!,This makes me so happy!,17,17,3
edanmu0,Yeah... THEY are the one looking for attention. This type of comments should be ignored. I hate troll comments.,Yeah... THEY are the one looking for attention. This type of comments should be ignored. I hate troll comments.,2,2,0
edjoq9b,"I saw a lot of it on Tumblr. A lot of young girls doing the ""ana-butterfly"" thing. ","I saw a lot of it on Tumblr. A lot of young girls doing the ""ana-butterfly"" thing. ",27,27,4
eett24v,"[NAME] fan mad, very mad","[NAME] fan mad, very mad",27,27,4
eelzr6g,I disagree. In that I believe that season 3 was also very good. I think it's better than season 4.,I disagree. In that I believe that season 3 was also very good. I think it's better than season 4.,10,10,0
ed22fxd,Nobody likes you nonhuman mimics and everyone knows what you are.,Nobody likes you nonhuman mimics and everyone knows what you are.,3,3,0
ee7s1jk,"Hold my wine, I have to go vomit in sorrow. ","Hold my wine, I have to go vomit in sorrow. ",25,25,5
ef9247g,The Mavs would probably have to give up some picks as well,The Mavs would probably have to give up some picks as well,27,27,4
ed9m8n5,Good. They can afford it.,Good. They can afford it.,"0,4",0,3
edm5gw8,"You'll find a few down South, too. No surprise.","You'll find a few down South, too. No surprise.",27,27,4
eeb9saw,"I know, I know, but CAN YOU BLAME ME FOR BEING NERVOUS","I know, I know, but CAN YOU BLAME ME FOR BEING NERVOUS",19,19,2
edi90li,You are. It's the cat. She looked away right when you turned the camera over towards her. She'd deliberately trying to mislead you.,You are. It's the cat. She looked away right when you turned the camera over towards her. She'd deliberately trying to mislead you.,27,27,4
ee4nerr,My wife would say that all of the above and another dozen more are cheating...and she wonders why I’ve fucked other women...,My wife would say that all of the above and another dozen more are cheating...and she wonders why I’ve fucked other women...,26,26,6
eec3w8z,"Please correct me if I'm wrong, but I thought that the name changes had more to do with legal issues then geographical ones.","Please correct me if I'm wrong, but I thought that the name changes had more to do with legal issues then geographical ones.",27,27,4
ed3bjn7,Exactly. So many people live here because they love public transit. It is an ammenity. NJ is not trying to make a profit from the PATH.,Exactly. So many people live here because they love public transit. It is an ammenity. NJ is not trying to make a profit from the PATH.,18,18,3
ee3056i,And that he’s not white,And that he’s not white,27,27,4
eeixbxm,"Didn't even take a sip of the wine, and he still got wasted. ","Didn't even take a sip of the wine, and he still got wasted. ",27,27,4
edilkoj,I try to get close but I get pushed away. I try to back away and now I've just backed away.,I try to get close but I get pushed away. I try to back away and now I've just backed away.,27,27,4
eenkjpw,To match the Mets green st paddy’s jerseys,To match the Mets green st paddy’s jerseys,27,27,4
ee7cppv,Got me spitted coffee all over my phone🤣,Got me spitted coffee all over my phone🤣,1,1,3
ef25n7n,I'm my parents' first and only child.,I'm my parents' first and only child.,27,27,4
eeq098c,I honestly loved her performance as [NAME] in Scott Pilgrim. But then again I also love Scott Pilgrim so...,I honestly loved her performance as [NAME] in Scott Pilgrim. But then again I also love Scott Pilgrim so...,"0,18",0,3
edjw23t,"Just like that fucking idiot that was just trying to kidnap that woman, and chased her into a Karate studio... turned out just about the same.","Just like that fucking idiot that was just trying to kidnap that woman, and chased her into a Karate studio... turned out just about the same.",2,2,0
edhg1ez,Love the alliteration here.,Love the alliteration here.,18,18,3
edio9lx,Try Venezuela. It's your communist utopia in action.,Try Venezuela. It's your communist utopia in action.,20,20,3
ef1r7bj,"I'm not saying to hate them, I'm wondering why this sub just started worshiping them.","I'm not saying to hate them, I'm wondering why this sub just started worshiping them.",26,26,6
edbejsl,"Had to sober up before I could figure out YouTube, but that was amazing.","Had to sober up before I could figure out YouTube, but that was amazing.",0,0,3
ee17ydn,Ugh. [NAME] [NAME] (another British celeb),Ugh. [NAME] [NAME] (another British celeb),27,27,4
ed6jdms,Why is it that EVERY SINGLE TIME ONE OF THESE HAPPENS I’m only like a day late,Why is it that EVERY SINGLE TIME ONE OF THESE HAPPENS I’m only like a day late,3,3,0
eeglpk0,">Shouldn’t the Bible be infallible No. That would be idolatry. Only [NAME] is infallible,",">Shouldn’t the Bible be infallible No. That would be idolatry. Only [NAME] is infallible,",27,27,4
eejyop4,Thanks for the help.,Thanks for the help.,15,15,3
eek6uzl,It’s the format. It’s like one of those bad [NAME] memes,It’s the format. It’s like one of those bad [NAME] memes,10,10,0
eeatz37,He's not sure it's still relevant.,He's not sure it's still relevant.,6,6,6
eeb4jqw,My jersey has the great number 10 on it!!,My jersey has the great number 10 on it!!,21,21,3
ed75faf,No doubt would start at wing. We need help there and it would help ease him in,No doubt would start at wing. We need help there and it would help ease him in,27,27,4
edjh8yp,She was 100% more likable on the tell-all than she was in the show. She may deserve that sweet husband of hers yet!,She was 100% more likable on the tell-all than she was in the show. She may deserve that sweet husband of hers yet!,27,27,4
eeoi9xd,This just makes me feel inferior at this point.,This just makes me feel inferior at this point.,25,25,5
eevmcy1,Terrible shade of lipstick she's wearing...,Terrible shade of lipstick she's wearing...,11,11,1
eemxweq,"If a crime is committed, you can contact the police and report it.","If a crime is committed, you can contact the police and report it.",27,27,4
edlg2g9,"Right. The mantra at my school is that we don't give grades, kids earn them.","Right. The mantra at my school is that we don't give grades, kids earn them.",27,27,4
edgdc1b,"Lmao, your joke did not go unnoticed to me!","Lmao, your joke did not go unnoticed to me!",1,1,3
eew2h48,All I can say is.. good luck bro,All I can say is.. good luck bro,20,20,3
eeozdy2,"Hm, I haven’t heard that opinion before but it sounds good. Thanks for the advice!","Hm, I haven’t heard that opinion before but it sounds good. Thanks for the advice!","0,15",0,3
efczfib,We were all that way when we were 17 too,We were all that way when we were 17 too,27,27,4
ee6ygil,I think most of these pictures would be much scarier if we had the perspective of the guy,I think most of these pictures would be much scarier if we had the perspective of the guy,27,27,4
eejga22,Hurr durr everyone needs to worry about other people’s problems,Hurr durr everyone needs to worry about other people’s problems,25,25,5
ed0eze5,Before he was riding a Bronco he was riding your mom.,Before he was riding a Bronco he was riding your mom.,22,22,6
ef335nm,Physical copies at my preffered online retailer actually sold out. Its crazy. For all platforms.,Physical copies at my preffered online retailer actually sold out. Its crazy. For all platforms.,0,0,3
ef4bv31,Parents drugging their kids to prove a point. I love it.,Parents drugging their kids to prove a point. I love it.,18,18,3
ed6dtg0,Wasnt much to ruin.,Wasnt much to ruin.,27,27,4
ef8yr9t,"Wait, they're not? *looks closer* Huh.","Wait, they're not? *looks closer* Huh.",27,27,4
ee4qza1,Article is behind a pay wall,Article is behind a pay wall,27,27,4
edk98na,In many states the law prosecutes the server just as harsh as the lawbreakers when it comes to alcohol. Dram shop law,In many states the law prosecutes the server just as harsh as the lawbreakers when it comes to alcohol. Dram shop law,9,9,5
eejhkyi,You're in the wrong subs,You're in the wrong subs,27,27,4
edx6l0q,"Haha, some days I channel Dory from finding nemo- ""Just keep swimming, just keep swimming"". Glad to hear you have a break coming. ","Haha, some days I channel Dory from finding nemo- ""Just keep swimming, just keep swimming"". Glad to hear you have a break coming. ",17,17,3
ee2hvy8,"[NAME] being discussed as top 15-20 pick, [NAME] top 5 and [NAME] early round 2. This would be the most amazing draft ever though lol","[NAME] being discussed as top 15-20 pick, [NAME] top 5 and [NAME] early round 2. This would be the most amazing draft ever though lol","0,1",0,3
ee48rqi,Yet we keep supporting this race to the bottom to the worst tolerable option...,Yet we keep supporting this race to the bottom to the worst tolerable option...,4,4,3
ees63et,Yeah that's what I just got. Fkin annoying.,Yeah that's what I just got. Fkin annoying.,3,3,0
edvintk,"I love reading positive stories!! Happy for you, OP!","I love reading positive stories!! Happy for you, OP!","17,18",17,3
eddiw7j,You’ll struggle to get premier league tickets (without paying a hefty premium) so concentrate on the lower leagues.,You’ll struggle to get premier league tickets (without paying a hefty premium) so concentrate on the lower leagues.,5,5,3
eeur211,"Between POM, Mata and Stockdale for me","Between POM, Mata and Stockdale for me",27,27,4
efckr9y,"I believe it was the ""Master Batters.""","I believe it was the ""Master Batters.""",27,27,4
eejtxit,And I taught my room was dirty and that I was not taking care of my self. Good job op,And I taught my room was dirty and that I was not taking care of my self. Good job op,"0,21",0,3
eenoif4,Pretty sure it was New Orleans.,Pretty sure it was New Orleans.,"4,20",4,3
edusj67,KUBIAK WHY HAVE YOU FORSAKEN US???,KUBIAK WHY HAVE YOU FORSAKEN US???,27,27,4
ed5lr80,I agree. I was merely attacking the fragility and ineffectiveness of democracy. Thanks for the example!,I agree. I was merely attacking the fragility and ineffectiveness of democracy. Thanks for the example!,15,15,3
ee4t39c,Oh alright fair enough haha. If the sabres dont pan out I'll root for him also!,Oh alright fair enough haha. If the sabres dont pan out I'll root for him also!,1,1,3
edzj0ad,Please tell me that's not real... I haven't played the Assassin's Creed games... But do they really include such an obnoxious disclaimer?,Please tell me that's not real... I haven't played the Assassin's Creed games... But do they really include such an obnoxious disclaimer?,7,7,6
ee3ys82,"Eh, says who? Anyway, I like being by myself. I'm by myself right now.","Eh, says who? Anyway, I like being by myself. I'm by myself right now.",7,7,6
efasb98,Ur a silly goose,Ur a silly goose,1,1,3
ee82djo,"Funny how that works! Thanks for digging up the link, I've been on a 90s ska nostalgia trip ever since I clicked it :P","Funny how that works! Thanks for digging up the link, I've been on a 90s ska nostalgia trip ever since I clicked it :P","1,15",1,3
edxn2in,"It's actually pretty cool in here today, not hot at all","It's actually pretty cool in here today, not hot at all",0,0,3
eeocaf7,"Thanks, I find your poor implementation of punctuation to be very amusing. It's good that there's something we can enjoy about each other.","Thanks, I find your poor implementation of punctuation to be very amusing. It's good that there's something we can enjoy about each other.","1,15,17",1,3
ef5wqst,This has to be a joke. Your written word is atrocious.,This has to be a joke. Your written word is atrocious.,1,1,3
eecq3gq,Hey mods... let's not allow articles pushing unsubstantiated rumour from poor sources,Hey mods... let's not allow articles pushing unsubstantiated rumour from poor sources,10,10,0
efgxh3e,Why not? Just go for it. It'll make a great story to tell at your 50th wedding anniversary party.,Why not? Just go for it. It'll make a great story to tell at your 50th wedding anniversary party.,0,0,3
efesg4v,"I've said it before, and I'll say it again. ""I don't want fucking unity with racists who put children in cages"".","I've said it before, and I'll say it again. ""I don't want fucking unity with racists who put children in cages"".","2,3",2,0
ee39888,This is an uninformed and incorrect statement. It doesn’t take even close to that long.,This is an uninformed and incorrect statement. It doesn’t take even close to that long.,10,10,0
eeeod2e,Nah man I prefer endless cause of the part where he goes WOMWOMWOMWOMWOMWOM WOOOOOO REEEEEEEEE like that's lyrical genius right there,Nah man I prefer endless cause of the part where he goes WOMWOMWOMWOMWOMWOM WOOOOOO REEEEEEEEE like that's lyrical genius right there,10,10,0
ed7bg31,Feeling is exhausting. They used to feel those things and now they feel nothing because they're so burnt out and tired,Feeling is exhausting. They used to feel those things and now they feel nothing because they're so burnt out and tired,27,27,4
ef3dwfh,"lol, as he goes down on you he suddenly screams into your vagina ""THE BEES THE BEES"".","lol, as he goes down on you he suddenly screams into your vagina ""THE BEES THE BEES"".",1,1,3
edsfhji,Same outfit as the cute art school barista that works at my coffee shop,Same outfit as the cute art school barista that works at my coffee shop,27,27,4
edlgwyi,That looks like food for a 12 year old.,That looks like food for a 12 year old.,27,27,4
eduq0t7,"""I have been abusive."" This was before I even realised his narcissistic characteristics. ","""I have been abusive."" This was before I even realised his narcissistic characteristics. ",22,22,6
ef6xdiq,What GDP growth? The one that barely broke 3-4% since 1984 and has dwindled to 1-2% to 0 to negative 1%?,What GDP growth? The one that barely broke 3-4% since 1984 and has dwindled to 1-2% to 0 to negative 1%?,7,7,6
efabhr7,"Ah man I finished RDR2 twice, so decided to try out GTA V and ran into [NAME] last night! Awesome character!","Ah man I finished RDR2 twice, so decided to try out GTA V and ran into [NAME] last night! Awesome character!",0,0,3
ed0rtw0,"Ah yes, the poison. The worst part of any poisoning. ","Ah yes, the poison. The worst part of any poisoning. ",27,27,4
ef45pxs,"Surprised to not see Three Arrows on the list when he went from no videos at all to over 100,000 subscribers just in the course of 2018.","Surprised to not see Three Arrows on the list when he went from no videos at all to over 100,000 subscribers just in the course of 2018.",26,26,6
efeharq,"I don't remember, it was all very hazy...","I don't remember, it was all very hazy...",9,9,5
eemvd5h,Scary stuff.,Scary stuff.,14,14,2
ee0t7sw,I love this!!! You got it!,I love this!!! You got it!,18,18,3
efh2ure,Do you think the kid was crazy or was the mom crazy? Or do you think it was a bit of both?,Do you think the kid was crazy or was the mom crazy? Or do you think it was a bit of both?,27,27,4
edplddm,But he makes her vagina sing! How else is she supposed to act around him. Haha,But he makes her vagina sing! How else is she supposed to act around him. Haha,1,1,3
ee4tyqq,are you a genji main cause i feel the same way,are you a genji main cause i feel the same way,27,27,4
ed42lw0,He was a part owner but did he also make videos promoting the sites?,He was a part owner but did he also make videos promoting the sites?,"7,22",7,6
ed2a1zc,"I like your style, let's not wait on any historians to miss any opportunities. ","I like your style, let's not wait on any historians to miss any opportunities. ",18,18,3
eeqqssr,Huskies are better than Malamutes fight me [NAME],Huskies are better than Malamutes fight me [NAME],27,27,4
ee10wv2,"Starving in the belly, starving in the belly, starving in the belly of a whale","Starving in the belly, starving in the belly, starving in the belly of a whale",27,27,4
eermq7j,They had a similar panel last year. It's definitely worth a watch.,They had a similar panel last year. It's definitely worth a watch.,27,27,4
ee5lxcm,Better hope nobody steals your keys,Better hope nobody steals your keys,20,20,3
edtsc6r,"What about fees? Much of the hit for a payday loan isn't interest, technically, it's fees. ","What about fees? Much of the hit for a payday loan isn't interest, technically, it's fees. ",7,7,6
eeavwqh,that's really good,that's really good,0,0,3
edpz1mo,"Every time I see someone walking around with their toddler now all I can think is *poor basrard, he has no idea what's coming*. ","Every time I see someone walking around with their toddler now all I can think is *poor basrard, he has no idea what's coming*. ",27,27,4
edgi7as,But I think his feelings care about the fact that he's still not tall enough to ride any of the roller coasters at Disneyland,But I think his feelings care about the fact that he's still not tall enough to ride any of the roller coasters at Disneyland,5,5,3
efgk9m7,I love how serious and mad cats get when the dog starts messing around with them all playful,I love how serious and mad cats get when the dog starts messing around with them all playful,18,18,3
ee3jc0f,"Ah ok, that makes more sense. I don’t think most [NAME] would see your last name and try to make it French, lol.","Ah ok, that makes more sense. I don’t think most [NAME] would see your last name and try to make it French, lol.",10,10,0
ed5qov9,"Doubt that. Skins for [NAME], [NAME] and [NAME] don't change the shape of their wings, so why should they for [NAME]?","Doubt that. Skins for [NAME], [NAME] and [NAME] don't change the shape of their wings, so why should they for [NAME]?","6,7",6,6
edeeh2k,"More accurate, relevant map","More accurate, relevant map",27,27,4
ed3slrg,1.283 on a comment but I don't really go after normal posts for karma,1.283 on a comment but I don't really go after normal posts for karma,27,27,4
edti4u8,"I sure hope so! Otherwise, I've been in the wrong sub.","I sure hope so! Otherwise, I've been in the wrong sub.",20,20,3
edp9hn5,"Yeah, sadly, looks like this champ will be pretty opressive. ","Yeah, sadly, looks like this champ will be pretty opressive. ",25,25,5
edz3irq,Just a minute... I’m late for GOLF!!,Just a minute... I’m late for GOLF!!,27,27,4
ed3b3sy,[NAME] is another worthless [NAME]. Utah is unbelievably stupid for voting for him.,[NAME] is another worthless [NAME]. Utah is unbelievably stupid for voting for him.,27,27,4
eejmajm,Can’t wait for the saas drama!!! 😂😂,Can’t wait for the saas drama!!! 😂😂,13,13,3
edt92z8,"Yeah I know what you meant. Fuck the police, most of them are vile pieces of shit, they deserve every kick in the back they get.","Yeah I know what you meant. Fuck the police, most of them are vile pieces of shit, they deserve every kick in the back they get.",2,2,0
efbh146,What a turnaround.,What a turnaround.,26,26,6
eepo2rm,Meanwhile my sister won’t even hug my goodbye when I drop her off at school.,Meanwhile my sister won’t even hug my goodbye when I drop her off at school.,25,25,5
ee8a7k2,I definitely saw a tweet where someone threw their razor in their toilet. They’re gonna have to fish it out sometime...,I definitely saw a tweet where someone threw their razor in their toilet. They’re gonna have to fish it out sometime...,27,27,4
eeks080,"It's not free, though. It's ridiculously expensive.","It's not free, though. It's ridiculously expensive.",3,3,0
ef6p64v,"Heh, don't know how it was back then but I'd really suggest giving it a spin now - it's like life-consumingly good!","Heh, don't know how it was back then but I'd really suggest giving it a spin now - it's like life-consumingly good!",0,0,3
ee126pg,"That is patently false, considering his history of driving multiple businesses into the ground.","That is patently false, considering his history of driving multiple businesses into the ground.",10,10,0
edsvfti,"Pretty sure you could do that with a cargo ship too, so I'm not sure I buy that argument.","Pretty sure you could do that with a cargo ship too, so I'm not sure I buy that argument.",6,6,6
efa1b7s,[NAME] has some great videos on the guy. He's definitely a piece of work.,[NAME] has some great videos on the guy. He's definitely a piece of work.,0,0,3
ef1wajp,"Hahahahahahahaa (Sorry, that is all I can say, it does not require a more intelligible comment.) ","Hahahahahahahaa (Sorry, that is all I can say, it does not require a more intelligible comment.) ",1,1,3
ed2c3q5,A lot of software guys are. Source: in software,A lot of software guys are. Source: in software,27,27,4
edzncyf,Oh. Damn.,Oh. Damn.,3,3,0
eess7e4,Don't do that.,Don't do that.,27,27,4
ef0f3mn,[NAME] damn hippies,[NAME] damn hippies,3,3,0
eee2bou,Haha fair enough. Lucky you :P,Haha fair enough. Lucky you :P,1,1,3
edkdcgk,I'm happy I live in a country where machete attacks don't have to be a real concern.,I'm happy I live in a country where machete attacks don't have to be a real concern.,17,17,3
eehdhcm,Game of the conference season so far and ESPN screws up the stream with only a link to the game in Spanish?,Game of the conference season so far and ESPN screws up the stream with only a link to the game in Spanish?,7,7,6
eehxep8,Right like interacting with each other having a normal evening? Ugh they’re both so trashy I’m sorry.,Right like interacting with each other having a normal evening? Ugh they’re both so trashy I’m sorry.,24,24,5
edrrcnt,Thanks so much! Im not sure if its directly from youtube its,Thanks so much! Im not sure if its directly from youtube its,15,15,3
eeldqa8,Now this REALLY sucks,Now this REALLY sucks,3,3,0
eet5xym,Looks like this person just solved the world’s starvation problem. Get a Nobel Prize ready for them!,Looks like this person just solved the world’s starvation problem. Get a Nobel Prize ready for them!,0,0,3
ed96s6s,I wish I had known this when my kitty ran off years ago. 😭,I wish I had known this when my kitty ran off years ago. 😭,20,20,3
eefdruy,he's still alive?? didn't he die?,he's still alive?? didn't he die?,27,27,4
eexwew2,"Pfft, you should see fortnite. I know people who have spent thousands of dollars on llamas and skins. ","Pfft, you should see fortnite. I know people who have spent thousands of dollars on llamas and skins. ",27,27,4
ee9elfg,"That would involve reading, and redhats aren't so good at that.","That would involve reading, and redhats aren't so good at that.",27,27,4
ef86qeu,"This makes me very happy, thank you for sharing!","This makes me very happy, thank you for sharing!","15,17",15,3
edn5knk,I was just gonna say this look like fake karma.,I was just gonna say this look like fake karma.,"9,25",9,5
eec1l0d,Furthermore the kids are staying with you and wife can move out of the family home and back in with MIL.,Furthermore the kids are staying with you and wife can move out of the family home and back in with MIL.,27,27,4
eemg9u4,Sooner or later you're both going to have to make some choices about your priorities.,Sooner or later you're both going to have to make some choices about your priorities.,27,27,4
edzvs4m,Thank you for your service,Thank you for your service,15,15,3
ef9k7r1,*OOH* *AH* *OW*,*OOH* *AH* *OW*,13,13,3
ed0jl4d,They just need to clean the bathroom better.,They just need to clean the bathroom better.,27,27,4
edaxkmo,"I don't mean at Blizzcon but shortly after, like a week, imo that would have been for the best for the players and everyone involved","I don't mean at Blizzcon but shortly after, like a week, imo that would have been for the best for the players and everyone involved",20,20,3
ee8yyum,Hello fellow Nashville Lions Fan!!!,Hello fellow Nashville Lions Fan!!!,27,27,4
eeus3jw,He said sexist not sexiest.,He said sexist not sexiest.,27,27,4
eeea7wj,"Anyway, it's 00:33 am here at the moment, so I'm gonna head to bed. Thank you for reading and good night :)","Anyway, it's 00:33 am here at the moment, so I'm gonna head to bed. Thank you for reading and good night :)",15,15,3
edcj1jc,On PS4 it's very toxic. I would imagine it is the same over on Xbox One aswell,On PS4 it's very toxic. I would imagine it is the same over on Xbox One aswell,27,27,4
edvhzyv,Did you maybe get Tag and Hide and Seek confused ?,Did you maybe get Tag and Hide and Seek confused ?,"6,7",6,6
eezro69,Honestly could be faster to just install ublock real quick.,Honestly could be faster to just install ublock real quick.,27,27,4
edmsjfe,No it’s definitely you. Time for you to grow up.,No it’s definitely you. Time for you to grow up.,3,3,0
ee6i2te,"Butter bronzer-physicians formula and I HATE the smell. I haven’t really played w it but wow, so scented.","Butter bronzer-physicians formula and I HATE the smell. I haven’t really played w it but wow, so scented.",22,22,6
ef4ygk9,I wanna take the hardware out of that guy's face with a pair of pliers.,I wanna take the hardware out of that guy's face with a pair of pliers.,27,27,4
eebwv1e,[NAME] follows me on Instagram so it's ok.,[NAME] follows me on Instagram so it's ok.,27,27,4
eer97tb,Girls super-like?,Girls super-like?,7,7,6
ed3klo0,Couldn't have happened to a nicer person.,Couldn't have happened to a nicer person.,25,25,5
edezsgg,Some aren't. Either way it's a mystery how they obrained so many M1s.,Some aren't. Either way it's a mystery how they obrained so many M1s.,27,27,4
eesyt7m,"They don't even have that anymore, since [NAME] up and left the party.","They don't even have that anymore, since [NAME] up and left the party.",27,27,4
ed5osdg,Definitely not just on this sub. I keep seeing them on Instagram too.,Definitely not just on this sub. I keep seeing them on Instagram too.,27,27,4
ef8wc1p,"Do your research = listen to anecdotal evidence from users(totally reliable!) and try it out, just be comfy!","Do your research = listen to anecdotal evidence from users(totally reliable!) and try it out, just be comfy!",27,27,4
eecdxs6,A good therapist can lead you to talking about what you need to talk about once they get to know you and your emotions and trends,A good therapist can lead you to talking about what you need to talk about once they get to know you and your emotions and trends,0,0,3
eempnn3,As soon as I read the title the music for this game started playing in my head.,As soon as I read the title the music for this game started playing in my head.,27,27,4
eejj25r,We're not a democracy. WE'RE A COUNTRY,We're not a democracy. WE'RE A COUNTRY,10,10,0
eeghi3f,Needed a good laugh today 😂,Needed a good laugh today 😂,"1,8",1,3
eeoqbcy,I'd rather die than drive a Volvo!,I'd rather die than drive a Volvo!,"2,10",2,0
ef9zolt,"cars don't start, sometimes car doors are frozen shut. that's the worst of what i've experienced.","cars don't start, sometimes car doors are frozen shut. that's the worst of what i've experienced.",3,3,0
ed36xje,Best of luck mate. I’ve yet to reach my limit but this brought me closer,Best of luck mate. I’ve yet to reach my limit but this brought me closer,"0,5,20",0,3
ed38yof,These damn kids with their Rage Against the Machine and their nae-naeing.,These damn kids with their Rage Against the Machine and their nae-naeing.,27,27,4
edk8mgw,This is absolutely precious,This is absolutely precious,5,5,3
eewvup2,"Lol that’s incredible! PLO is such an amazing game, so much more entertaining than NLH. Good job pal. ","Lol that’s incredible! PLO is such an amazing game, so much more entertaining than NLH. Good job pal. ",15,15,3
ee45v47,"Unpack it, spread it around, share your fatphobia with everyone!","Unpack it, spread it around, share your fatphobia with everyone!",27,27,4
ee7biqd,Lol nope. She helped me alot through it. I'd say [RELIGION]/parents made me miserable,Lol nope. She helped me alot through it. I'd say [RELIGION]/parents made me miserable,1,1,3
eetpdun,You really shouldn’t just pat wolves you know...,You really shouldn’t just pat wolves you know...,9,9,5
ef3nn64,thank you SO SO much for your help <3,thank you SO SO much for your help <3,15,15,3
ee7wq9f,How autistic.,How autistic.,27,27,4
ed1hwvq,You say only other escape but it's almost guaranteed to save you and makes [NAME] way safer than any other assassin,You say only other escape but it's almost guaranteed to save you and makes [NAME] way safer than any other assassin,27,27,4
ed1295i,I appreciate it! I spent a lot of time crafting a story I wanted to tell.,I appreciate it! I spent a lot of time crafting a story I wanted to tell.,0,0,3
edx5lpp,"oh yah, no worries. I appreciate your time and thoughtfulness. ","oh yah, no worries. I appreciate your time and thoughtfulness. ",15,15,3
eepefiy,THIS MADE ME CRY,THIS MADE ME CRY,25,25,5
eea2kfj,This is the most high school post I’ve ever seen on this subreddit.,This is the most high school post I’ve ever seen on this subreddit.,0,0,3
ef6o6b3,Oh I know lol I overdid it w that comparison. The point is singers have shit vocal nights but that doesn’t make them unprofessional. Shit happens.,Oh I know lol I overdid it w that comparison. The point is singers have shit vocal nights but that doesn’t make them unprofessional. Shit happens.,3,3,0
eec4i8e,Idk it’s your choice,Idk it’s your choice,27,27,4
edqxcj1,"He’s gone soon I would imagine, hope we can get a late-mid round pick for him, like a 5th","He’s gone soon I would imagine, hope we can get a late-mid round pick for him, like a 5th",20,20,3
eeonaib,"I like him 1.thats why I agree to go on a 2nd and 3rd date, 2. we text a lot. I just take things slow.","I like him 1.thats why I agree to go on a 2nd and 3rd date, 2. we text a lot. I just take things slow.","0,18",0,3
efaxb11,""" Alright Little orphan [NAME], it's time for you to start earning your keep around here!""",""" Alright Little orphan [NAME], it's time for you to start earning your keep around here!""","5,20",5,3
ede8zm7,Yeah that's not nearly as dramatic and aggressive as the ball in the above video.,Yeah that's not nearly as dramatic and aggressive as the ball in the above video.,10,10,0
ef87x7q,"I doubt I'll ever own one of those, I'm a bookworm and I love the smell of old books. Thanks for the info, nonetheless.","I doubt I'll ever own one of those, I'm a bookworm and I love the smell of old books. Thanks for the info, nonetheless.","15,18",15,3
ee17nw4,Lol there you go. Forgot to switch back from your alt for a second there.,Lol there you go. Forgot to switch back from your alt for a second there.,1,1,3
edtp2zb,"I love [NAME], but this sounds like he’s claiming signing a 26 year old superstar is stupid. Come on.","I love [NAME], but this sounds like he’s claiming signing a 26 year old superstar is stupid. Come on.",18,18,3
ee066hi,This is his speculation or a leak?,This is his speculation or a leak?,6,6,6
ees2ln3,I live downtown and walk around at odd hours of the night all the time. Love the empty and abandoned feel of the city.,I live downtown and walk around at odd hours of the night all the time. Love the empty and abandoned feel of the city.,"0,17",0,3
ef4d93d,Got a good laugh out of that. Plenty of wall of shame material.,Got a good laugh out of that. Plenty of wall of shame material.,1,1,3
eeu1xl8,FYI… the [NAME] has these in their kitchen in “ That 70s Show.”,FYI… the [NAME] has these in their kitchen in “ That 70s Show.”,27,27,4
eddu6n4,Some of them will have to get new vehicles to meet the requirements. That means we get cleaner air. Where's the problem exactly?,Some of them will have to get new vehicles to meet the requirements. That means we get cleaner air. Where's the problem exactly?,4,4,3
ee96koq,Awesome! Thank you!,Awesome! Thank you!,15,15,3
ed3f888,They cannot bypass racial discrimination without facing a serious backlash.,They cannot bypass racial discrimination without facing a serious backlash.,27,27,4
edzlk7h,Probably vallied out man haha,Probably vallied out man haha,1,1,3
eda0zli,Maybe you'll get lucky and it will fall apart before they go through with it.,Maybe you'll get lucky and it will fall apart before they go through with it.,20,20,3
eeqsuhz,He's 38 he should retire I hope he at least gets traded to a contender,He's 38 he should retire I hope he at least gets traded to a contender,20,20,3
eef7siy,Thank [NAME] she did the math for us,Thank [NAME] she did the math for us,15,15,3
edzk8qa,Y’all out here really believing this and I think that’s the funniest part,Y’all out here really believing this and I think that’s the funniest part,1,1,3
ee8dyhp,They were barely given a chance,They were barely given a chance,27,27,4
ef5qexv,how blurry this photo is r/mildlyinfuriating,how blurry this photo is r/mildlyinfuriating,3,3,0
edua0xk,We also one because [NAME] straight took that game over late.,We also one because [NAME] straight took that game over late.,4,4,3
eefl3t6,Always thought [NAME] spear look lethal...especially compared to someone like [NAME].,Always thought [NAME] spear look lethal...especially compared to someone like [NAME].,27,27,4
eezadz8,Lol I can’t wait to end up on this sub one day.,Lol I can’t wait to end up on this sub one day.,1,1,3
ee7ogvy,And why would I do that? Edit: Thanks for setting up that Walder Frey line for me,And why would I do that? Edit: Thanks for setting up that Walder Frey line for me,15,15,3
eevkb8g,Plot twist: they don‘t Want to Go To school,Plot twist: they don‘t Want to Go To school,10,10,0
eesj4xr,Firemen make roughly 30000£ in UK today.,Firemen make roughly 30000£ in UK today.,27,27,4
edp6mce,Total non-reaction by the trio of guys. ‘There goes [NAME] again. Every time we come out here.’,Total non-reaction by the trio of guys. ‘There goes [NAME] again. Every time we come out here.’,27,27,4
efcsywh,[NAME] and [NAME] Funny thing is they both had a feud too and were in the ring at same time a lot,[NAME] and [NAME] Funny thing is they both had a feud too and were in the ring at same time a lot,27,27,4
edsmp9z,"That's not a healthy way of thinking. Obviously that dude was troubled and, without proper help, he would have done these things regardless.","That's not a healthy way of thinking. Obviously that dude was troubled and, without proper help, he would have done these things regardless.",10,10,0
ed80l3h,Unless you're the type of person who rolls through relationships every 3-6 months like clockwork,Unless you're the type of person who rolls through relationships every 3-6 months like clockwork,22,22,6
eebz30i,I’m glad I’m not the only one who was pedantic enough to notice.,I’m glad I’m not the only one who was pedantic enough to notice.,15,15,3
eczkjma,Are you daft ... ? That is and always has been the proposal. [NAME] don't listen and don't care though. Fucking dumbass.,Are you daft ... ? That is and always has been the proposal. [NAME] don't listen and don't care though. Fucking dumbass.,2,2,0
edkpjxg,"Fun fact. If you combined North Dakota, South Dakota, Wyoming and Montana into one state it would have roughly the same population as Puerto Rico!","Fun fact. If you combined North Dakota, South Dakota, Wyoming and Montana into one state it would have roughly the same population as Puerto Rico!",1,1,3
eeoenuz,[NAME]. Think there’s some controversy over how common that was though,[NAME]. Think there’s some controversy over how common that was though,27,27,4
eeubbji,"This is the reason why I don't have friends. Not even skinny ones, you never know how they will be in the furure","This is the reason why I don't have friends. Not even skinny ones, you never know how they will be in the furure",27,27,4
ed19gjz,learn to say no more. After a few times you have something you like destroyed it gets easier.,learn to say no more. After a few times you have something you like destroyed it gets easier.,5,5,3
eebhcn9,My favourite is peeing in restrooms and your feet can't touch the floor while sitting on the toilet.,My favourite is peeing in restrooms and your feet can't touch the floor while sitting on the toilet.,27,27,4
edjpk2k,I love how many penguins stopped and waited for him 😍,I love how many penguins stopped and waited for him 😍,18,18,3
eezkc62,"ok? dont really know what that has to do with it. [NAME] designs the offense, [NAME] just runs it","ok? dont really know what that has to do with it. [NAME] designs the offense, [NAME] just runs it",27,27,4
eda1qmv,Sounds like he's lying to you both. You probably would have a lot of heart ache if you continue to be involved with this one.,Sounds like he's lying to you both. You probably would have a lot of heart ache if you continue to be involved with this one.,27,27,4
eesv6eg,"Thank you, next! ","Thank you, next! ",15,15,3
eennia4,Going to the doctor tomorrow for a checkup to make sure everything is normal and hopefully this shit is just in my head.,Going to the doctor tomorrow for a checkup to make sure everything is normal and hopefully this shit is just in my head.,20,20,3
edkj6zy,DAE hate unnecessarily salty people like OP?,DAE hate unnecessarily salty people like OP?,27,27,4
eeylwuu,That’s adorable! He probably wants them all in one spot so he can make sure they’re ok and not getting lost or hurt.,That’s adorable! He probably wants them all in one spot so he can make sure they’re ok and not getting lost or hurt.,"0,5",0,3
ed5w5wr,I think you'll find that dating is really difficult for poly men. It's the biggest reason why I'm monogamous.,I think you'll find that dating is really difficult for poly men. It's the biggest reason why I'm monogamous.,4,4,3
edj70fv,It’s perfect. You’re perfect. Never change.,It’s perfect. You’re perfect. Never change.,0,0,3
efficjb,"""are you related?"" ""No"" ""Are you <more specific type of related>?""","""are you related?"" ""No"" ""Are you <more specific type of related>?""",27,27,4
edihf3r,“Lol that’s Sammie coates replacement not minds take it how you want to I am back”- [NAME] - AB,“Lol that’s Sammie coates replacement not minds take it how you want to I am back”- [NAME] - AB,1,1,3
ee7bp2v,"Apparently, they couldn't believe a massive corporation (that they're loyal to) finally called them out.","Apparently, they couldn't believe a massive corporation (that they're loyal to) finally called them out.",27,27,4
efe1uuq,THIS IS SO GOOD. Thank you!!!,THIS IS SO GOOD. Thank you!!!,"0,15",0,3
ee9h84t,Nobody is mad about that.,Nobody is mad about that.,27,27,4
ee3ggkk,Mr. Met is a legend! Outrageous. Now... If you wanna talk about hateworthy mascots... The Phanatic fits the bill.,Mr. Met is a legend! Outrageous. Now... If you wanna talk about hateworthy mascots... The Phanatic fits the bill.,10,10,0
efc0ayt,In the letter I told her she was disrespectful and that we will not ask her to housesit again.,In the letter I told her she was disrespectful and that we will not ask her to housesit again.,27,27,4
eemo4po,So true! My brain always goes to these places when buying a car...,So true! My brain always goes to these places when buying a car...,4,4,3
eevmp24,This is the worst take I have ever heard on cooking ever.,This is the worst take I have ever heard on cooking ever.,11,11,1
eeah80k,Glad he survived or it might have become a *dead*lift.,Glad he survived or it might have become a *dead*lift.,17,17,3
ee3o8d7,> It's not like Bonds use was worse or anything list would beg to differ.,> It's not like Bonds use was worse or anything list would beg to differ.,10,10,0
eesj7jd,A little too old to be skateboarding,A little too old to be skateboarding,22,22,6
eexi9i3,I will absolutely tell him this. Thank you. Congrats for making it out of the fog yourself.,I will absolutely tell him this. Thank you. Congrats for making it out of the fog yourself.,15,15,3
ed8mm3m,"I usually say , DON'T BE EMBARRASSED ! They don't know you anyway...mm","I usually say , DON'T BE EMBARRASSED ! They don't know you anyway...mm",5,5,3
ed47cr1,It is a kayak,It is a kayak,27,27,4
edfjgzp,that's the only thing i remember from this book,that's the only thing i remember from this book,27,27,4
eeoieth,What Internet?,What Internet?,7,7,6
ed1olu5,There’s always that one friend 😂,There’s always that one friend 😂,"1,4",1,3
ef9il6m,"This is a very good point, which I hadn't thought of. Thanks dull!","This is a very good point, which I hadn't thought of. Thanks dull!","0,15",0,3
edaw77j,Was he transporting animals?,Was he transporting animals?,7,7,6
edtasgx,Awesome! I look forward to updating.,Awesome! I look forward to updating.,0,0,3
ed6l8a7,He must smell terrible when he sweats. That's honestly pretty gross.,He must smell terrible when he sweats. That's honestly pretty gross.,11,11,1
eff5msb,"No R movies or tv shows, no buy from me. But I’m sure people with kids will love it.","No R movies or tv shows, no buy from me. But I’m sure people with kids will love it.",18,18,3
ef03a0q,lol classic [NAME],lol classic [NAME],1,1,3
edybjan,Awesome! Welcome aboard! I'm glad your first game was a win!,Awesome! Welcome aboard! I'm glad your first game was a win!,"0,15",0,3
edlxi1r,"I am proud of you random internet stranger, you peopled good today.","I am proud of you random internet stranger, you peopled good today.","0,21",0,3
eehd1g7,Well that explains why [NAME] was able to win,Well that explains why [NAME] was able to win,4,4,3
edkdio9,Thanks for this.😊 I like to learn new things. #experiencematters **Themoreyouknow**🌈 ,Thanks for this.😊 I like to learn new things. #experiencematters **Themoreyouknow**🌈 ,"15,18",15,3
edrhxjz,"I never really thought of myself as an ex-[RELIGION] until recently, so many no.","I never really thought of myself as an ex-[RELIGION] until recently, so many no.",22,22,6
edyq7iu,Thanks,Thanks,15,15,3
efdk5pm,"I never went back to the post to see if it was BOA, but I’m not surprised if it was. That was my first guess. ","I never went back to the post to see if it was BOA, but I’m not surprised if it was. That was my first guess. ",22,22,6
edv1vds,I like it. Ending made me cry happy tears. I don't cry often,I like it. Ending made me cry happy tears. I don't cry often,18,18,3
eeyygnj,It's a contract / vendor management position more than anything,It's a contract / vendor management position more than anything,27,27,4
edlyyye,I just came,I just came,27,27,4
edga65y,I just found my new flair. Thanks [NAME].,I just found my new flair. Thanks [NAME].,15,15,3
ee76pl8,Usually they dont even show up when you call them and they are a rare sight in the city. Good luck finding one.,Usually they dont even show up when you call them and they are a rare sight in the city. Good luck finding one.,20,20,3
eeyb62a,I hope everyone has a nice day.,I hope everyone has a nice day.,20,20,3
edarftv,Oh I wasn't offended. ITA with you on the rest.,Oh I wasn't offended. ITA with you on the rest.,10,10,0
eec2ltm,"They are high pressure hoses, think about getting waterboarded.","They are high pressure hoses, think about getting waterboarded.",27,27,4
eelr0wx,"I stand corrected. As I said, wonderful charities. I will always enjoy GDQ, just not revalant to my experience.","I stand corrected. As I said, wonderful charities. I will always enjoy GDQ, just not revalant to my experience.",17,17,3
ee5spsi,my god quit getting blocked,my god quit getting blocked,3,3,0
eeb7z0h,"This. It IS a minority here, but they are very vocal and very active, exactly what you would expect from a PR team","This. It IS a minority here, but they are very vocal and very active, exactly what you would expect from a PR team",27,27,4
edxcm6p,You're* Stay in school lol,You're* Stay in school lol,1,1,3
eeyn8fi,I'm sure that's a really important issue to you that consumes your daily life...,I'm sure that's a really important issue to you that consumes your daily life...,27,27,4
ed9pqgu,Wow I’m sorry. Can you take pictures of your bruises? What was she nagging you about?,Wow I’m sorry. Can you take pictures of your bruises? What was she nagging you about?,27,27,4
edf2v09,"What part of ""Yeah but still"" do you not understand dude?","What part of ""Yeah but still"" do you not understand dude?",6,6,6
edhoces,Your link won't load and are you seriously citing fucking Syria as a successful example of anything? [NAME] holy motherfucking pecker.,Your link won't load and are you seriously citing fucking Syria as a successful example of anything? [NAME] holy motherfucking pecker.,"2,10",2,0
ed18xer,Well one of them is a dirty kimono wearing weirdo,Well one of them is a dirty kimono wearing weirdo,11,11,1
edz9kyy,No one wants the wrong person executed for a crime fool,No one wants the wrong person executed for a crime fool,10,10,0
edrbi3g,Also wanna point out that it’s just for like 10mil+ iirc,Also wanna point out that it’s just for like 10mil+ iirc,27,27,4
ef4vv03,I totally thought that this match would be a draw due to [NAME] interfering. I should never make any picks in the pick'em contest ever again.,I totally thought that this match would be a draw due to [NAME] interfering. I should never make any picks in the pick'em contest ever again.,4,4,3
ed91bx4,"Excellent, I was wondering about [NAME] the moron recently.","Excellent, I was wondering about [NAME] the moron recently.",0,0,3
eeo4bnk,I hate you for that title. Thanks a lot. /s Right as I’m about to go to sleep too.,I hate you for that title. Thanks a lot. /s Right as I’m about to go to sleep too.,15,15,3
eekp5gi,"Wow. Forget the separation, lawyer up and go straight to divorce. ","Wow. Forget the separation, lawyer up and go straight to divorce. ",26,26,6
ed9cf9h,"Eh, it'll be alright. Just another battle scar haha. Best of luck to the both of us! ","Eh, it'll be alright. Just another battle scar haha. Best of luck to the both of us! ",1,1,3
ef2mfzy,I don't feel so financially secure,I don't feel so financially secure,14,14,2
eddrt3j,Dude you really like The Strokes.,Dude you really like The Strokes.,"4,18",4,3
ef6779u,"It' kinda ironic that ""Winners"" are actually losers (they haven't realised that yet)","It' kinda ironic that ""Winners"" are actually losers (they haven't realised that yet)",22,22,6
edegxbh,You still didn’t answer the question. Sorry it’s bugging me :),You still didn’t answer the question. Sorry it’s bugging me :),24,24,5
edmmoje,"Because I am a human, and I can do whatever I want, as long as it's not against the law","Because I am a human, and I can do whatever I want, as long as it's not against the law",4,4,3
eew47wk,I cant think of anything funny to say so upvote to give me free karma,I cant think of anything funny to say so upvote to give me free karma,10,10,0
eegkwrq,"How did [NAME] just give that beatdown to Attach, the other player was so far away.","How did [NAME] just give that beatdown to Attach, the other player was so far away.",27,27,4
edsnzm6,"It's great! And it's his own choice, you don't force him.","It's great! And it's his own choice, you don't force him.",0,0,3
eeu19sp,So true. The chicks I pick up from clubbing are nothing compared to the love of a good woman.,So true. The chicks I pick up from clubbing are nothing compared to the love of a good woman.,"4,18",4,3
edy80jz,"100% correct. Seriously, listen to [NAME] talking points when she mentions Syria. Matches RT propaganda exactly.","100% correct. Seriously, listen to [NAME] talking points when she mentions Syria. Matches RT propaganda exactly.",27,27,4
edxnv6e,"Oh, I don’t work there. My bf is in a band that plays there often. ","Oh, I don’t work there. My bf is in a band that plays there often. ",27,27,4
ee5aehd,I DO NOT NEGOTIATE WITH TERRORISTS this is what I tell my 3.5 year old on the daily,I DO NOT NEGOTIATE WITH TERRORISTS this is what I tell my 3.5 year old on the daily,27,27,4
edyzi8t,"That's nothing, before BSE we did horrible things with bone meal animal feed. Cannibal cows.","That's nothing, before BSE we did horrible things with bone meal animal feed. Cannibal cows.",21,21,3
eejid1r,"They’re not exactly tiny creatures. Patch that hole up, my dude.","They’re not exactly tiny creatures. Patch that hole up, my dude.",10,10,0
eeiqkjv,"😂 i need one too i’m on break and honestly my life revolves around reddit at this point, cake day is special enjoy it! ","😂 i need one too i’m on break and honestly my life revolves around reddit at this point, cake day is special enjoy it! ",17,17,3
eefjcyz,I shook a hand that shook his hand once,I shook a hand that shook his hand once,27,27,4
eeu42e3,Despite the fact that they've been writing it for millennia.,Despite the fact that they've been writing it for millennia.,27,27,4
eduqqv2,Uh... What's stopping you from just throwing it away?,Uh... What's stopping you from just throwing it away?,7,7,6
eejaqiz,"I've tried the ""peanut butter""...I almost vomited. NASTY! It went straight to the trash.","I've tried the ""peanut butter""...I almost vomited. NASTY! It went straight to the trash.",11,11,1
eeg781u,[NAME] would be really pissed off to lose c3po and r2 to the fucking destroy ending,[NAME] would be really pissed off to lose c3po and r2 to the fucking destroy ending,3,3,0
edj0ga3,Episode IX is apparently about [NAME] going back to Jakku,Episode IX is apparently about [NAME] going back to Jakku,27,27,4
eebsu7m,I really love how this team responds to injuries,I really love how this team responds to injuries,18,18,3
eejklz1,His opponent got DQ for pinching off [NAME] air tube. His first opponent is why [NAME] had the air tube in the first place.,His opponent got DQ for pinching off [NAME] air tube. His first opponent is why [NAME] had the air tube in the first place.,27,27,4
ed4hwr5,Politics are boring. Vote for everyone. -[NAME],Politics are boring. Vote for everyone. -[NAME],27,27,4
edivcys,Take him to a family holiday and I'm sure your family will do all of the work to hint that you guys should get married.,Take him to a family holiday and I'm sure your family will do all of the work to hint that you guys should get married.,27,27,4
edklulr,"If you can't see how the mass killing of Landlords is related to Communist ideology, there is really no point discussing further.","If you can't see how the mass killing of Landlords is related to Communist ideology, there is really no point discussing further.",3,3,0
ed1158i,I... don‘t see anything wrong with that?,I... don‘t see anything wrong with that?,4,4,3
edj4jw9,y i k e s,y i k e s,27,27,4
ed5ph3r,Franchise QB's are leaders who set the tone for the entire lockerroom. [NAME] is a terrible leader.,Franchise QB's are leaders who set the tone for the entire lockerroom. [NAME] is a terrible leader.,0,0,3
efecbk3,[NAME] FIRED.,[NAME] FIRED.,2,2,0
ef96jyy,"I grew up in the south and we ate casseroles all the time. So I share your ""what?!?!""","I grew up in the south and we ate casseroles all the time. So I share your ""what?!?!""",27,27,4
ee5oo2m,Except [NAME] still went with the happy ending instead of ending it at the Aningaaq scene.,Except [NAME] still went with the happy ending instead of ending it at the Aningaaq scene.,17,17,3
edwd76c,Yeah this is downright spooky; she's not even using that face mask.,Yeah this is downright spooky; she's not even using that face mask.,27,27,4
ed2c5f7,"""You can't stop me"" Ah yes, those playful words when referring to a sexual act...","""You can't stop me"" Ah yes, those playful words when referring to a sexual act...",2,2,0
eepcswq,"Yeah, I wouldn't be too surprised by that either. I'm so excited to see or hear SOMETHING though. ","Yeah, I wouldn't be too surprised by that either. I'm so excited to see or hear SOMETHING though. ",13,13,3
edf2dl2,[NAME]? Y’all [NAME] are weird AF (and I love it).,[NAME]? Y’all [NAME] are weird AF (and I love it).,27,27,4
edbjz5j,"Well, he promised [NAME] it was over and he was out for good, right. So, no.","Well, he promised [NAME] it was over and he was out for good, right. So, no.",27,27,4
ef74ndd,"Wow that's amazing, I hope my situation is as good next year. ","Wow that's amazing, I hope my situation is as good next year. ","0,20",0,3
edd2cj3,My dad loves playing sport......the sport of slam dunking my arse for a touchdown,My dad loves playing sport......the sport of slam dunking my arse for a touchdown,18,18,3
ee2pt5b,I did this v recently and now my legs are covered in ingrown hairs >.<,I did this v recently and now my legs are covered in ingrown hairs >.<,27,27,4
eex15d6,I feel so bad for [NAME]. It was probably hard to concentrate on this match with the things going on in his personal life,I feel so bad for [NAME]. It was probably hard to concentrate on this match with the things going on in his personal life,25,25,5
edlekh7,You credit yourself with acheivment you do not deserve. Not a first and defenitely wont be the last time.,You credit yourself with acheivment you do not deserve. Not a first and defenitely wont be the last time.,10,10,0
eebyh8p,I needed this today. Thanks stranger,I needed this today. Thanks stranger,15,15,3
ee0psc2,Coming for dat golden state ass!,Coming for dat golden state ass!,27,27,4
ef1xbnb,"I said to myself ""It's going to be reefer madness"" Clicked the link and it was Reefer Madness.","I said to myself ""It's going to be reefer madness"" Clicked the link and it was Reefer Madness.",12,12,5
ef16doh,shaved definitely makes things more swampy for me. I need the hair to soak up the swamp,shaved definitely makes things more swampy for me. I need the hair to soak up the swamp,27,27,4
edbmho6,I get hella pissed when people who are shorter than me complain about being too tall.,I get hella pissed when people who are shorter than me complain about being too tall.,3,3,0
ef6kojt,I would play the fuck out of this game,I would play the fuck out of this game,2,2,0
eeme0j0,It's fairly modern.. It opened in 2007.,It's fairly modern.. It opened in 2007.,27,27,4
ed50yyw,"Those are different, you don't tie that shit to the weakest part, they just stay on there by magic","Those are different, you don't tie that shit to the weakest part, they just stay on there by magic",2,2,0
efh8gxu,I never knew cringing could be so ...cathartic.,I never knew cringing could be so ...cathartic.,12,12,5
edit0pj,Wtf if this is true it’s the funniest thing I’ve read all day.,Wtf if this is true it’s the funniest thing I’ve read all day.,1,1,3
ee2xvkh,"Change your mindset to not expect anything in return, if they do great if not...their loss","Change your mindset to not expect anything in return, if they do great if not...their loss",8,8,3
edqzvxf,"I agree with you, I just don't believe it will happen.","I agree with you, I just don't believe it will happen.",4,4,3
ef6lhov,You missed the point 🙃,You missed the point 🙃,3,3,0
eeiyx66,"Wow, so he was pulling his own little mini [NAME] scam. Explains why he couldn't use your reporting tool.","Wow, so he was pulling his own little mini [NAME] scam. Explains why he couldn't use your reporting tool.",17,17,3
eetjtcd,"I just renewed my license today and they didn't check my proof of address, just looked at my us passport, license, and debit card","I just renewed my license today and they didn't check my proof of address, just looked at my us passport, license, and debit card",22,22,6
eew3wq2,Watching now. Oh wow we both didn't realize how much we hated this guy. This is one of the most quotable episodes by far.,Watching now. Oh wow we both didn't realize how much we hated this guy. This is one of the most quotable episodes by far.,22,22,6
edpy3r8,WHO WON THIS FIGHT My thoughts: neither side did a good job at explaining their positions and this entire interview was mostly useless,WHO WON THIS FIGHT My thoughts: neither side did a good job at explaining their positions and this entire interview was mostly useless,9,9,5
edoxf8e,Thanks lol someone else just filled me in on the backstory haha 😂,Thanks lol someone else just filled me in on the backstory haha 😂,"1,15",1,3
ee7sylj,"Best form of government is 150 people tribe in a situation where there are no non-perishable goods, just food an clothes. ","Best form of government is 150 people tribe in a situation where there are no non-perishable goods, just food an clothes. ",27,27,4
ee4ws36,And they went to therapy. At least they made active steps to work on their problems unlike a lot of other people.,And they went to therapy. At least they made active steps to work on their problems unlike a lot of other people.,0,0,3
eekllqp,Why GPL instead of AGPL?,Why GPL instead of AGPL?,27,27,4
ee6kqn7,"No one is holding a gun to their heads telling them to moderate the sub, either. ","No one is holding a gun to their heads telling them to moderate the sub, either. ",27,27,4
efbi2bv,I'm really happy he and [NAME] are finding success,I'm really happy he and [NAME] are finding success,17,17,3
eenn9ut,I just say I don't know shit. I'm just a ape man on a rock.,I just say I don't know shit. I'm just a ape man on a rock.,3,3,0
ee7a9n6,"Mexico didn't start the war. Thats probably where you are confused. The US invaded Mexico in both occasions, Mexico only defended itself in both occasions.","Mexico didn't start the war. Thats probably where you are confused. The US invaded Mexico in both occasions, Mexico only defended itself in both occasions.",27,27,4
ed1jqzi,Thank you thank you!,Thank you thank you!,15,15,3
edi37q6,What is everybody obsession with trading away young players in this sub?,What is everybody obsession with trading away young players in this sub?,7,7,6
ef0xcg0,I would not recommend contacting her. That would probably creep her out.,I would not recommend contacting her. That would probably creep her out.,10,10,0
ed3kv5y,Audio on RiF. You have to manually turn it on,Audio on RiF. You have to manually turn it on,27,27,4
eehk3jx,I suppose it is quite frustrating to have someone telling you the sky isn't blue,I suppose it is quite frustrating to have someone telling you the sky isn't blue,3,3,0
ef8zsc2,"Yeah, sure, but it's beatable. It's made to be beaten, not otherwise. That's what I meant with my speech.","Yeah, sure, but it's beatable. It's made to be beaten, not otherwise. That's what I meant with my speech.",4,4,3
eelisuj,"I love your art style, that looks fantastic!","I love your art style, that looks fantastic!",18,18,3
edv49e5,Actually the Bills’ current uniforms make them look like the 1980-1999 Giants,Actually the Bills’ current uniforms make them look like the 1980-1999 Giants,27,27,4
efg8nxz,"Welcome to The Church of Jesus Christ of Latter Day Saints, where families can be SEPARATED forever","Welcome to The Church of Jesus Christ of Latter Day Saints, where families can be SEPARATED forever",15,15,3
eelmnid,Kinda reminds me of that pluto pic from nasa,Kinda reminds me of that pluto pic from nasa,22,22,6
edirn2i,"You know it doesn't use the word ""boycott"" at all, right?","You know it doesn't use the word ""boycott"" at all, right?",27,27,4
ed3z4b8,"This happens to me all the time I’m so sorry 😣 it’s always with burgers, too. So painful. ","This happens to me all the time I’m so sorry 😣 it’s always with burgers, too. So painful. ",25,25,5
eeky3lo,my good girl,my good girl,0,0,3
edf1gzs,"BEN ""[NAME]"" LOVEJOY!","BEN ""[NAME]"" LOVEJOY!",2,2,0
edewsxd,Guy got the looks,Guy got the looks,27,27,4
ee5avin,Can’t stand that dwarfism [NAME] she is so cringe,Can’t stand that dwarfism [NAME] she is so cringe,3,3,0
edc8jzv,I punch them in the throat before they get the chance to speak.,I punch them in the throat before they get the chance to speak.,2,2,0
ee8xs45,Congratulations! Hard work always pays off! :) Hope you enjoy your new job!!,Congratulations! Hard work always pays off! :) Hope you enjoy your new job!!,20,20,3
eekxhyr,This is awesome. But also r/dontdeadopeninside,This is awesome. But also r/dontdeadopeninside,0,0,3
edt1jzo,Oh my [NAME] that's so awkward,Oh my [NAME] that's so awkward,12,12,5
eduqbfa,[NAME] and [NAME] are my favorite gay couple,[NAME] and [NAME] are my favorite gay couple,"0,18",0,3
ee93xw8,"Nice bosses are still just bosses here to exploit you, just to also make you feel bad for, instead of afraid of, defying them","Nice bosses are still just bosses here to exploit you, just to also make you feel bad for, instead of afraid of, defying them",9,9,5
edy7ngu,"Very cool toys, very cool video, very cool hostd","Very cool toys, very cool video, very cool hostd",17,17,3
ef3hloa,">the decades after WWII That includes 1950. If you want to insult me, read your own fucking post first",">the decades after WWII That includes 1950. If you want to insult me, read your own fucking post first",2,2,0
ed5b1pb,Its mr. Clean your room. This guys pretty whatever but comments from people who love him read like copy pasta,Its mr. Clean your room. This guys pretty whatever but comments from people who love him read like copy pasta,27,27,4
edd4sml,!remindme 7 months,!remindme 7 months,27,27,4
ee4sz2x,Its a half baked RP. If they wanted to kill each other they oculd have just started shooting.,Its a half baked RP. If they wanted to kill each other they oculd have just started shooting.,27,27,4
edi91jt,Thanks for the heads up! I’ve been wanting to see this for a while.,Thanks for the heads up! I’ve been wanting to see this for a while.,15,15,3
eex6ckn,and the duck shaped nozzle makes it easy to slam entire bottles!,and the duck shaped nozzle makes it easy to slam entire bottles!,27,27,4
ed3udbr,I left the business never to come back. Then I met the owner of this place. I love this job.,I left the business never to come back. Then I met the owner of this place. I love this job.,18,18,3
ed0qarb,He’s 60 and never had a HC gig. That should worry folks!,He’s 60 and never had a HC gig. That should worry folks!,27,27,4
ed0097g,Why? You can tell me all about it.,Why? You can tell me all about it.,7,7,6
edf6q95,I really havent found any of these so far that funny. Although his backflips and other stuff are pretty impressive,I really havent found any of these so far that funny. Although his backflips and other stuff are pretty impressive,0,0,3
eeg14j5,"I want to go scuba diving so bad, but swimming in anything bigger than a pool terrifies me.","I want to go scuba diving so bad, but swimming in anything bigger than a pool terrifies me.",14,14,2
eekml9b,I'll see if I can find it Found it!,I'll see if I can find it Found it!,27,27,4
ee96t99,I like how everyone is being so mysterious about the proof that has convinced them,I like how everyone is being so mysterious about the proof that has convinced them,0,0,3
ed18lna,"Ha ha ha, thank you so much, he is a total gentleman. Ok, bull by the horns time!","Ha ha ha, thank you so much, he is a total gentleman. Ok, bull by the horns time!","1,15",1,3
ef9c6cj,It's a tool that idiots install so they can tag users who post in subreddits they disagree with and immediately discount or attack said users,It's a tool that idiots install so they can tag users who post in subreddits they disagree with and immediately discount or attack said users,27,27,4
ee81uoy,"Funny how some people criticize people for not following those laws, when they don't either.","Funny how some people criticize people for not following those laws, when they don't either.",27,27,4
edqcsac,"I love how you only see these types of comments on Japanese games, brings out the inner weep.","I love how you only see these types of comments on Japanese games, brings out the inner weep.",18,18,3
edi1qc1,I dont get into politics much but if they want to echo chamber leave them alone it wont change them they will only get more angry,I dont get into politics much but if they want to echo chamber leave them alone it wont change them they will only get more angry,27,27,4
ef90fsm,"We don't know what would have happened if she'd said no, which is why most guys wouldn't ask.","We don't know what would have happened if she'd said no, which is why most guys wouldn't ask.",6,6,6
ef51mm3,"Don't worry, [NAME] is there.","Don't worry, [NAME] is there.",5,5,3
eel43kl,i actually laughed at that lol good one man,i actually laughed at that lol good one man,"1,17",1,3
edkt0tm,"He meant if the comedian made a joke specifically about his grandpa, not any old grandpa, its when it is personal.","He meant if the comedian made a joke specifically about his grandpa, not any old grandpa, its when it is personal.",27,27,4
edmwy22,"Ive got these too, any tips on how to remove/make them less obvious?","Ive got these too, any tips on how to remove/make them less obvious?",27,27,4
ee5wcxp,> the ruts laid out for you by the people who raised you I like that. It's the perfect imagery.,> the ruts laid out for you by the people who raised you I like that. It's the perfect imagery.,0,0,3
ed054lq,I did something along those lines almost 2 years ago and got to 67 upvotes before I got banned,I did something along those lines almost 2 years ago and got to 67 upvotes before I got banned,27,27,4
ee1ik99,I don't mind posts bashing NOED or DS. But I wish this one would make sense or would be funny.,I don't mind posts bashing NOED or DS. But I wish this one would make sense or would be funny.,8,8,3
edacekn,Sorry. I know I should be grateful and happy.,Sorry. I know I should be grateful and happy.,24,24,5
eev3a17,That is so cool!,That is so cool!,0,0,3
edlzkq1,I enjoy that general area. Sections 203-205 are good sections pricewide and view wise,I enjoy that general area. Sections 203-205 are good sections pricewide and view wise,17,17,3
ee34q02,"KNC is [NAME] syrian political party and a manifestation of the KRG, so yes indirectly.","KNC is [NAME] syrian political party and a manifestation of the KRG, so yes indirectly.",27,27,4
eespvyc,"I mean, a lot of animals I've seen get terrified of regular stuffed animals, imagine having your fears super sized like that","I mean, a lot of animals I've seen get terrified of regular stuffed animals, imagine having your fears super sized like that","14,19",14,2
eealhhy,"Same here. I just don't understand how NOBODY at Lucasfilm said during the production, ""Hey maybe this is a bad idea.""","Same here. I just don't understand how NOBODY at Lucasfilm said during the production, ""Hey maybe this is a bad idea.""",6,6,6
effqmde,They've provided plenty of evidence that you have only supported so far.,They've provided plenty of evidence that you have only supported so far.,4,4,3
ee1bllh,Fine. I hope he has a fine wife and she’s fine if he shall need to pay a fine.,Fine. I hope he has a fine wife and she’s fine if he shall need to pay a fine.,20,20,3
eddn0dd,It's refreshing to not see comments with anti-china sentiments here every once in a while.,It's refreshing to not see comments with anti-china sentiments here every once in a while.,27,27,4
eelexo7,"Sphh, that was badass. I say that went well.","Sphh, that was badass. I say that went well.",27,27,4
edxiew8,Arguing the semantics of the word argument. Clever girl...,Arguing the semantics of the word argument. Clever girl...,0,0,3
eebx2v5,"Seriously, I’ve been catching and loving this one since it first came out.","Seriously, I’ve been catching and loving this one since it first came out.","0,4,18",0,3
ee6bxrc,Was not expecting that spongebob reference,Was not expecting that spongebob reference,10,10,0
edni2jh,I do not trust our defense at all. I do not believe you can increase the range of Andujar.,I do not trust our defense at all. I do not believe you can increase the range of Andujar.,26,26,6
eeqeawv,"At the same time, if the camera quality is so shitty you can be certain the mic is too.","At the same time, if the camera quality is so shitty you can be certain the mic is too.",27,27,4
ef7l4x4,Meth and booze.,Meth and booze.,27,27,4
ee6hpsf,I love it when kids shut down these tired lines we adults feed them. She probably needed that. Well done.,I love it when kids shut down these tired lines we adults feed them. She probably needed that. Well done.,18,18,3
edxcfwb,Pam Beesly and Jim... What a waste.,Pam Beesly and Jim... What a waste.,3,3,0
efacndm,They lived a good life! I honor them by using all their parts,They lived a good life! I honor them by using all their parts,0,0,3
ef6q4f1,I think that had to do more with not wanting to hurt the old man lol,I think that had to do more with not wanting to hurt the old man lol,1,1,3
edtrxas,The banana speaks! Do you just type one to three words in your comments or do you get an integer overflow if you go for four?,The banana speaks! Do you just type one to three words in your comments or do you get an integer overflow if you go for four?,7,7,6
ee0l2l1,"I don’t cry, either. It’s weird. I think it’s a personality/mentality thing. Just depends on how your brain is wired I think","I don’t cry, either. It’s weird. I think it’s a personality/mentality thing. Just depends on how your brain is wired I think",22,22,6
edpvd21,"Oh no that's so awkward, I don't understand how people don't understand how weird things like that are! ","Oh no that's so awkward, I don't understand how people don't understand how weird things like that are! ",12,12,5
ee3vofx,"She had really bad chronic back pain from what I can remember, so was self treating with alcohol","She had really bad chronic back pain from what I can remember, so was self treating with alcohol",27,27,4
ed9l1gm,Oh [NAME]...,Oh [NAME]...,27,27,4
edcriqi,"You freakin wizard, I love this. ","You freakin wizard, I love this. ",18,18,3
efbtxiv,a weird way to spell Boys Don’t Turbo Grafx 16,a weird way to spell Boys Don’t Turbo Grafx 16,11,11,1
ee1f6qp,"Cheers, mate! I know you can do it! :)","Cheers, mate! I know you can do it! :)",20,20,3
eeq4atl,K... I guess I'll just take your work for it.,K... I guess I'll just take your work for it.,4,4,3
eelyasx,"This was not only true, but pleasing to watch.","This was not only true, but pleasing to watch.",22,22,6
edl25v3,I know he comes with a lot of baggage but i’d probably go with [NAME]. Just look what he did for [NAME].,I know he comes with a lot of baggage but i’d probably go with [NAME]. Just look what he did for [NAME].,27,27,4
ee7x0ql,"I doesn't have nudity so i didnt NSFW it, but i get why you'd say that. thanks for the compliment tho","I doesn't have nudity so i didnt NSFW it, but i get why you'd say that. thanks for the compliment tho",15,15,3
edrxkj3,He looks so dapper.,He looks so dapper.,0,0,3
eespbm5,"Ohhh lol, gross and funny","Ohhh lol, gross and funny",1,1,3
edg1lqs,> Clothing predates religions though Can you cite that? It seems like a somewhat interesting question.,> Clothing predates religions though Can you cite that? It seems like a somewhat interesting question.,7,7,6
efh6hdh,Yeah I can understand there their confusion more but yeah. Reminds me of [NAME] haha.,Yeah I can understand there their confusion more but yeah. Reminds me of [NAME] haha.,1,1,3
eeleh99,The more unattractive the leader looks now the more attractive the new one will look come 2020,The more unattractive the leader looks now the more attractive the new one will look come 2020,27,27,4
edqvigr,I’d go [NAME]. [NAME] gets raked on any mistake I throw personally,I’d go [NAME]. [NAME] gets raked on any mistake I throw personally,27,27,4
ef0hwog,I have always found them grating,I have always found them grating,3,3,0
ee2gc6b,"sadly it would take wayyyyyy more than this to ever change custody agreements. documenting it for her own sanity is a good idea, though.","sadly it would take wayyyyyy more than this to ever change custody agreements. documenting it for her own sanity is a good idea, though.",25,25,5
eeqogg9,"It was SO hard to click the upvote button on this one. It's one of those ""I hate it. Well done"" moments.","It was SO hard to click the upvote button on this one. It's one of those ""I hate it. Well done"" moments.",2,2,0
eexl0ks,hahahaha!! the seedy underbelly of the competitve choir world - exposed!!,hahahaha!! the seedy underbelly of the competitve choir world - exposed!!,1,1,3
edostdm,Lol maybe he is not but I think my point still stands 😄,Lol maybe he is not but I think my point still stands 😄,1,1,3
eerdtoj,They needed to insert the phrase “over maintenance” in there.,They needed to insert the phrase “over maintenance” in there.,27,27,4
edmyiph,My best friend missed the play using the restroom too. He thought there was a halftime-like break between the 4th and OT.,My best friend missed the play using the restroom too. He thought there was a halftime-like break between the 4th and OT.,27,27,4
edojzsn,Holy shit nice block [NAME],Holy shit nice block [NAME],0,0,3
eeozjib,This is amazing. WTF.,This is amazing. WTF.,26,26,6
ee94zml,That’s the chelsea board will all know and hate.,That’s the chelsea board will all know and hate.,3,3,0
eejwopn,"This whole episode is one of my favorites; it has this AND ""Requiem for a Tuesday"" AND ""the Low-Cal Calzone Zone"" ","This whole episode is one of my favorites; it has this AND ""Requiem for a Tuesday"" AND ""the Low-Cal Calzone Zone"" ",18,18,3
eev5azd,Clearly not Cubs fans.,Clearly not Cubs fans.,10,10,0
edrm2lc,Then feel free to link to that data rather than politico.,Then feel free to link to that data rather than politico.,27,27,4
edqafg8,"Hell yeah, i agree ☺","Hell yeah, i agree ☺",4,4,3
ed022d4,He wants to be free to hit on other women. He may not take it any farther but that’s what it looks like to me.,He wants to be free to hit on other women. He may not take it any farther but that’s what it looks like to me.,27,27,4
edc8vp2,"I doubt people are *happy*, but they probably aren’t sad about someone who was potentially endangering others through their anti-science views.","I doubt people are *happy*, but they probably aren’t sad about someone who was potentially endangering others through their anti-science views.",25,25,5
eeqe1qg,What a quote. Very perceptive.,What a quote. Very perceptive.,0,0,3
ef1s50b,I'm glad I could contribute some positivity! All the best to you and your kids!,I'm glad I could contribute some positivity! All the best to you and your kids!,15,15,3
eds2a10,"I love this; now when commies say they had the word ""libertarian"" first, we can say we had class analysis first!","I love this; now when commies say they had the word ""libertarian"" first, we can say we had class analysis first!",18,18,3
edifeiq,When they hire him,When they hire him,27,27,4
efa9so9,Sexy teeth.,Sexy teeth.,0,0,3
ed4wp95,"If the cops arrested him, he must be guilty! (Good luck!! You got this!)","If the cops arrested him, he must be guilty! (Good luck!! You got this!)",27,27,4
eepf3hk,he left the company 2 years ago. he is not listed as a shareholder in the parent company.,he left the company 2 years ago. he is not listed as a shareholder in the parent company.,27,27,4
eew2773,What a grim statistic for Canada.,What a grim statistic for Canada.,0,0,3
ee18h2k,And I’m just sitting here wishing my cat would come at least sit by me.,And I’m just sitting here wishing my cat would come at least sit by me.,27,27,4
edmamza,I just want to live. You're the sad loser for going out of your way to comment something so completely stupid,I just want to live. You're the sad loser for going out of your way to comment something so completely stupid,"2,3",2,0
ee7eze4,I wanna die I don't wanna live anymore I really wanna die so bad Please return me to the dark abyss I long for death’s sweet kiss,I wanna die I don't wanna live anymore I really wanna die so bad Please return me to the dark abyss I long for death’s sweet kiss,25,25,5
ef76kvr,"You look the same to me, but I'm happy you had a goal and accomplished it!! You're a cutie !! ","You look the same to me, but I'm happy you had a goal and accomplished it!! You're a cutie !! ","0,17",0,3
ee6n7kk,"Nope, it’s love. ","Nope, it’s love. ",18,18,3
efe75h7,"Lol I didn’t mind group projects much, I only did when I didn’t have friends in the class.","Lol I didn’t mind group projects much, I only did when I didn’t have friends in the class.",1,1,3
ef9zjbx,And here I am thinking that the animation after surrender/Victory is annoying ;-;,And here I am thinking that the animation after surrender/Victory is annoying ;-;,3,3,0
edamkri,"I clearly recall being told the same thing in ‘97, when I was driving a ‘74...except the years were different obv.","I clearly recall being told the same thing in ‘97, when I was driving a ‘74...except the years were different obv.",27,27,4
edlp1c6,I actually do that,I actually do that,27,27,4
edqr7ka,Sure but the news article with [NAME] vanishing has been there since the very beginning.,Sure but the news article with [NAME] vanishing has been there since the very beginning.,4,4,3
ed8mbgy,YOU GOT FAT!,YOU GOT FAT!,27,27,4
eec8tfu,i said first world :),i said first world :),27,27,4
edlzlhf,"Xers and [NAME] would be more of age in the 90’s doh, signed [NAME]. ","Xers and [NAME] would be more of age in the 90’s doh, signed [NAME]. ",27,27,4
edy973x,Maybe so. Should I try to ask her about it? I'm worried that will only scare her more,Maybe so. Should I try to ask her about it? I'm worried that will only scare her more,14,14,2
edeh8k8,"Is that you, [NAME]?","Is that you, [NAME]?",7,7,6
edks7bu,"I'm guessing ""Corporate Stooge"" didn't focus group well.","I'm guessing ""Corporate Stooge"" didn't focus group well.",27,27,4
ef250o1,Buttons by PCD. I never stopped playing that song during summer of 2006.,Buttons by PCD. I never stopped playing that song during summer of 2006.,27,27,4
ef32pow,#RejectingIslam because it is the *ideas* [RELIGION] promotes that turned me away from it.,#RejectingIslam because it is the *ideas* [RELIGION] promotes that turned me away from it.,22,22,6
eek42mp,abattoir = slaughterhouse,abattoir = slaughterhouse,27,27,4
edyussc,How close I was to retaining last year,How close I was to retaining last year,27,27,4
efeueo2,Stands to reason. Those with the biggest stick(weapon) and all...,Stands to reason. Those with the biggest stick(weapon) and all...,27,27,4
eeeu1e9,More camo pants!,More camo pants!,27,27,4
ee67x4u,Did the words get unbanned?!,Did the words get unbanned?!,7,7,6
ee9rbeu,I am removing this post because of sourcing. Read the sidebar.,I am removing this post because of sourcing. Read the sidebar.,10,10,0
ee71nxv,Read his post again. 'It's more fact based than Fox.' I'm sorry but you might have some extra chromosomes.,Read his post again. 'It's more fact based than Fox.' I'm sorry but you might have some extra chromosomes.,24,24,5
eewt1i5,"Thanks for further justifying my support for Tulsi, Daily Gross.","Thanks for further justifying my support for Tulsi, Daily Gross.",27,27,4
eetqms2,Ahhhhh you should start screaming and flailing. What a piss poor argument. Now I believe in invisible dragons.,Ahhhhh you should start screaming and flailing. What a piss poor argument. Now I believe in invisible dragons.,10,10,0
edahwir,"No he's right, and you're deflecting from his argument.","No he's right, and you're deflecting from his argument.",4,4,3
ee1eyjt,This is stupid,This is stupid,3,3,0
edbe30v,why I wonder?,why I wonder?,7,7,6
ee3fqo0,Gee...what a guy...,Gee...what a guy...,27,27,4
ee5l4oh,Just watched the ET interview and it really was good! Love that hoodie strategy haha,Just watched the ET interview and it really was good! Love that hoodie strategy haha,"0,18",0,3
edk4lyh,He wasn't beat over the top all season. I think the longest pass he allowed was around 20 yards.,He wasn't beat over the top all season. I think the longest pass he allowed was around 20 yards.,27,27,4
eeyybly,Adapt and overcome,Adapt and overcome,5,5,3
edp09hl,This is garbage. No. My garbage has more compositional worth than this. Hipster pepto bismol vomit looking trash.,This is garbage. No. My garbage has more compositional worth than this. Hipster pepto bismol vomit looking trash.,11,11,1
eehx3hl,>tfw she was explaining to him what a nuclear explosion would do,>tfw she was explaining to him what a nuclear explosion would do,22,22,6
ed1oiyg,Going to my favorite greasy burger place in Madison tonight to celebrate my ability to eat delicious burgers whenever I want because I'm in my early 20's,Going to my favorite greasy burger place in Madison tonight to celebrate my ability to eat delicious burgers whenever I want because I'm in my early 20's,17,17,3
eebvddu,I still maintain the packers were a worse team this year.,I still maintain the packers were a worse team this year.,9,9,5
edg7yys,I love this. I really want to hug [NAME] now.,I love this. I really want to hug [NAME] now.,18,18,3
eek6a3n,They call it the hub and spoke system. They neglected to include a wheel.,They call it the hub and spoke system. They neglected to include a wheel.,10,10,0
ef7vxhx,I’m always reminded by my relatives on my birthday asking me if I have a girlfriend yet. Sorry bro ima yeet out of the social norm.,I’m always reminded by my relatives on my birthday asking me if I have a girlfriend yet. Sorry bro ima yeet out of the social norm.,25,25,5
edg395c,Nah hes just setting an image.. Hes backed by ps to play this tourny...,Nah hes just setting an image.. Hes backed by ps to play this tourny...,27,27,4
eemija5,"""Thanks for showing me your red flags within the first 10 seconds of interaction.""","""Thanks for showing me your red flags within the first 10 seconds of interaction.""",15,15,3
eduyvb4,I live in Canterbury haha,I live in Canterbury haha,17,17,3
ef7be45,"you wear a headband, what are you a girl? /s","you wear a headband, what are you a girl? /s",27,27,4
eeyyq99,Happy Together. It feels so natural.,Happy Together. It feels so natural.,17,17,3
eewp4up,"Thanks for the clarification, appreciate that.","Thanks for the clarification, appreciate that.",15,15,3
edt8gk7,I just come right out and admit it. Saves on disappointment.,I just come right out and admit it. Saves on disappointment.,27,27,4
eexpbb0,I think [NAME] said it best. When two people watch the same video and see completely different events....there's no fixing that.,I think [NAME] said it best. When two people watch the same video and see completely different events....there's no fixing that.,0,0,3
eev3rn9,Looks like a poached egg.,Looks like a poached egg.,4,4,3
ef4x5ph,Glad I tend to post pics of my cats and not myself.,Glad I tend to post pics of my cats and not myself.,17,17,3
edwp27w,"I don't think WI is lean red, after 2018 I'd argue for it being either tossup or lean blue.","I don't think WI is lean red, after 2018 I'd argue for it being either tossup or lean blue.",10,10,0
edeshen,Is he your source?,Is he your source?,7,7,6
edneg6v,“I do too. One of them is Hulu.”,“I do too. One of them is Hulu.”,27,27,4
edk7tzi,"""I'm here for the strings"" I like this.","""I'm here for the strings"" I like this.",18,18,3
edls2qd,It’s always nice to say something [nice]!,It’s always nice to say something [nice]!,"15,17",15,3
edayjff,Oh hell yeah,Oh hell yeah,2,2,0
edo5joy,"Dam boys, we announcing players back in training like new signings! ","Dam boys, we announcing players back in training like new signings! ",4,4,3
eeqff2d,They are very heavily scripted which is why it can be borderline unethical.,They are very heavily scripted which is why it can be borderline unethical.,4,4,3
ed3eg7v,"No worries, thanks for replying back! Rotary means you teach one subject and see different classes instead of teaching multiple subjects to the same class :)","No worries, thanks for replying back! Rotary means you teach one subject and see different classes instead of teaching multiple subjects to the same class :)",15,15,3
edlqicf,i'm enjoying this so much,i'm enjoying this so much,17,17,3
edxefn0,"I thought V had great gameplay, but the big character switch that no one asked for really held it back.","I thought V had great gameplay, but the big character switch that no one asked for really held it back.",22,22,6
ee4w0uu,Or just spend ten seconds around some fire and realize that it's super hot.,Or just spend ten seconds around some fire and realize that it's super hot.,22,22,6
ee4b5q5,Thats How femboy works,Thats How femboy works,27,27,4
eenh9q5,He was already hard when I came in,He was already hard when I came in,27,27,4
ef1pdq9,The loading screen has the circle at the bottom that just keeps spinning. I tried uninstalling the app and that didn't work either.,The loading screen has the circle at the bottom that just keeps spinning. I tried uninstalling the app and that didn't work either.,9,9,5
edvnv86,"No particular sauce, I'm just kinda tired of having to search that tiny lil speck of pan for at least 2 minutes before I find it.","No particular sauce, I'm just kinda tired of having to search that tiny lil speck of pan for at least 2 minutes before I find it.",19,19,2
eem5k1k,I don’t like [NAME] in the slightest but I hate [NAME] even more. Get her Belcalis,I don’t like [NAME] in the slightest but I hate [NAME] even more. Get her Belcalis,2,2,0
eetgbyi,Kick him out. Overgrown baby.,Kick him out. Overgrown baby.,2,2,0
edw27dy,[NAME] looks veeeery nervous,[NAME] looks veeeery nervous,27,27,4
edc4l1j,"It's like an Arts school but with dangerous, easily weaponizable spells being flung all over the place!","It's like an Arts school but with dangerous, easily weaponizable spells being flung all over the place!",14,14,2
ef6ytqx,Man of the people....,Man of the people....,27,27,4
edvg9qs,That sounds like an appropriate response. Thank you for saving me the time.,That sounds like an appropriate response. Thank you for saving me the time.,15,15,3
efg9r94,Wouldn't it be easier to find 10% then multiply by 2?,Wouldn't it be easier to find 10% then multiply by 2?,"6,7",6,6
edq7syt,"Funny part is There ISNT a wall (but maybe should be) and there ARE already plenty of ""Sensible"" Gun laws","Funny part is There ISNT a wall (but maybe should be) and there ARE already plenty of ""Sensible"" Gun laws",1,1,3
eevwgbf,I do this but but feel better in the end because I use it for procrastination. It's a weird combinational to feel better and worse while cleaning.,I do this but but feel better in the end because I use it for procrastination. It's a weird combinational to feel better and worse while cleaning.,2,2,0
ee7uex1," I have worked at a shitty, south side smoke shop before so I can imagine all of these interactions perfectly hahahaha"," I have worked at a shitty, south side smoke shop before so I can imagine all of these interactions perfectly hahahaha",1,1,3
ef0ct3y,"If Studio MDHR did this, I'd buy it.","If Studio MDHR did this, I'd buy it.",20,20,3
eepfus6,KAMALA 2020!!!!!!,KAMALA 2020!!!!!!,27,27,4
edtejkr,Such bullshit. Reloading components included? Not that they'd let that stand in subsequent laws if it is.,Such bullshit. Reloading components included? Not that they'd let that stand in subsequent laws if it is.,2,2,0
eebn6fl,"Thank you, I appreciate it. It was, and still is hard to deal with. ","Thank you, I appreciate it. It was, and still is hard to deal with. ","0,15",0,3
eentnff,Feeling insecure now,Feeling insecure now,19,19,2
eegbwzo,"Wow, your ex partner sounds exactly like mine.","Wow, your ex partner sounds exactly like mine.",22,22,6
ed2g85q,Found my flair.,Found my flair.,17,17,3
eeeg5td,it's so funny how the mods in that sub behave in comparison to the mods in this sub,it's so funny how the mods in that sub behave in comparison to the mods in this sub,1,1,3
ef3736h,Ask him if he’d consider opening a makeup store if you gave him $6000,Ask him if he’d consider opening a makeup store if you gave him $6000,27,27,4
edv4hdw,"just realized the pic is unrelated kinda, whatever though. proud of me despite my anxiety about puttin myself or there ","just realized the pic is unrelated kinda, whatever though. proud of me despite my anxiety about puttin myself or there ",22,22,6
ef00phy,I've realized after more than 100 hours that you can dismount a horse without jumping off,I've realized after more than 100 hours that you can dismount a horse without jumping off,22,22,6
edrgafd,If too many medical professionals die then life will be worse as we cannot get medical treatment,If too many medical professionals die then life will be worse as we cannot get medical treatment,10,10,0
ee20zlf,"We had 3 whole pallets of this one doll and I'm like ""wtf"" so I checked and the location said 8000 something lmao.","We had 3 whole pallets of this one doll and I'm like ""wtf"" so I checked and the location said 8000 something lmao.",3,3,0
edep85r,Stop giving this idiot attention.,Stop giving this idiot attention.,3,3,0
edkes3r,Wish I was this happy,Wish I was this happy,8,8,3
eedzfih,Good luck with writing in the future :D Everyone has to have their critics...right?,Good luck with writing in the future :D Everyone has to have their critics...right?,20,20,3
efdwsx7,This isn't even his highlight of his week. It's the highlight of the last few decades. Damn onions.,This isn't even his highlight of his week. It's the highlight of the last few decades. Damn onions.,0,0,3
edw8x07,Oof nice one bro,Oof nice one bro,4,4,3
eeu3zv0,Way too much fuuuck,Way too much fuuuck,2,2,0
eduewbk,Wondering why they change it,Wondering why they change it,6,6,6
edjxpbo,Ok im om the hunt thanks,Ok im om the hunt thanks,15,15,3
ed95u8m,Well since they hate cops and love criminals... this fits for them,Well since they hate cops and love criminals... this fits for them,4,4,3
eeby22v,make those damn lazy millennials find a job sooner /s,make those damn lazy millennials find a job sooner /s,27,27,4
ed3lznr,"I wouldn't ever make a broad generalization like that. Typical honkies, assuming stuff","I wouldn't ever make a broad generalization like that. Typical honkies, assuming stuff",3,3,0
eda2lhf,"What’s populism? I’ve seen it a lot lately and it seems to have, as far as I can tell...no meaning.","What’s populism? I’ve seen it a lot lately and it seems to have, as far as I can tell...no meaning.","6,7",6,6
edgnu2o,"I don't think either of them is a bad director. They are both bad writers, though.","I don't think either of them is a bad director. They are both bad writers, though.",10,10,0
edlpzp9,"As an [NAME], I apologize for the cranky old conservatives who are probably making ridiculously uninformed comments about your country right now :/","As an [NAME], I apologize for the cranky old conservatives who are probably making ridiculously uninformed comments about your country right now :/",25,25,5
eedgsfm,That poor snake,That poor snake,27,27,4
efeos2g,How many surprise Pikachu memes are we gonna have this episode? Like 6?,How many surprise Pikachu memes are we gonna have this episode? Like 6?,7,7,6
ed8t5xd,I saw a story last month about a lady who was so big she killed her boyfriend with her fat or something. I think that's their plan.,I saw a story last month about a lady who was so big she killed her boyfriend with her fat or something. I think that's their plan.,27,27,4
ee7fdof,"Uh, loved and lost, for sure. I’d like at least one pleasant memory to look back on.","Uh, loved and lost, for sure. I’d like at least one pleasant memory to look back on.",18,18,3
eexmd1d,"They stole my joke, damn them!","They stole my joke, damn them!",3,3,0
efai3u9,Just keep it. You’re going to go through more brain damage than it’s worth.,Just keep it. You’re going to go through more brain damage than it’s worth.,27,27,4
ednkk2n,Sorry my teams gave you your only two losses this season ;),Sorry my teams gave you your only two losses this season ;),24,24,5
eed7nom,A few coworkers think [NAME] will mount a challenge with fairly high effort on his part. No one thinks it will succeed as long as there's no massive events.,A few coworkers think [NAME] will mount a challenge with fairly high effort on his part. No one thinks it will succeed as long as there's no massive events.,27,27,4
ee37lgh,whatup [NAME]?,whatup [NAME]?,27,27,4
edy0u5j,Good luck!,Good luck!,20,20,3
ef5k88t,The worst thing is when you find it in a place you know you looked first.,The worst thing is when you find it in a place you know you looked first.,27,27,4
edahqgq,See my other responses,See my other responses,27,27,4
eeq4vci,Anyone know how I can tune in. Without paying for Blaze Tv subsription. This gonna be good.,Anyone know how I can tune in. Without paying for Blaze Tv subsription. This gonna be good.,7,7,6
eda6f9a,"If we can’t close these type of games at home, we don’t deserve the playoffs. ","If we can’t close these type of games at home, we don’t deserve the playoffs. ",4,4,3
eeamz4s,"I will say that her housing bill left a very bad taste in my mouth, and this is coming from someone with a very high opinion of [NAME].","I will say that her housing bill left a very bad taste in my mouth, and this is coming from someone with a very high opinion of [NAME].",11,11,1
edltuim,"Yep, you can go around crashing into things and run people over and completely get away with it. ","Yep, you can go around crashing into things and run people over and completely get away with it. ",4,4,3
ef0lnza,"You said it baby, can't wait to see what marvelous wonders the rest of 2019 will bring!","You said it baby, can't wait to see what marvelous wonders the rest of 2019 will bring!",7,7,6
ee052go,Couldn’t agree more,Couldn’t agree more,10,10,0
edmo454,Like wtf how is that angle 114 degrees,Like wtf how is that angle 114 degrees,7,7,6
eeok66g,I'll have one in front and one behind. Please and thank you!,I'll have one in front and one behind. Please and thank you!,15,15,3
edpsky1,Literally arrived last week solo. You can use Hellotalk to meet people or go to social events on,Literally arrived last week solo. You can use Hellotalk to meet people or go to social events on,27,27,4
eeibo1f,We really need to stick to having helpful titles or a quick tldr.,We really need to stick to having helpful titles or a quick tldr.,22,22,6
edyjqwc,"Of course, us first borns gotta stick together. ❤️","Of course, us first borns gotta stick together. ❤️","4,18",4,3
edfcumq,"This hits hard, sadly both of my relationships have been toxic so I've decided not to start any new ones until I start going to uni ","This hits hard, sadly both of my relationships have been toxic so I've decided not to start any new ones until I start going to uni ",25,25,5
eetrnx9,Is that going up? It seems like back in the 90's it was 16-17.,Is that going up? It seems like back in the 90's it was 16-17.,27,27,4
eep7jvc,Kids can't have fun anymore...:(,Kids can't have fun anymore...:(,9,9,5
eegmod7,SHE SHOULD BE ON A HILL SOMEWHERE WITH THE SUN AND THE CLOUDS ABOVE HER!,SHE SHOULD BE ON A HILL SOMEWHERE WITH THE SUN AND THE CLOUDS ABOVE HER!,27,27,4
edlvms5,I'M MR. [NAME]! HOW DID WE GET ROPED INTO THIS?,I'M MR. [NAME]! HOW DID WE GET ROPED INTO THIS?,7,7,6
ee6mo79,Anyone else feel like [NAME] came dressed as [NAME]?,Anyone else feel like [NAME] came dressed as [NAME]?,7,7,6
eeuoaev,The USA welfare spend is quite low per gdp compared to first world countries. The safety nets are ridiculous or nonexistant and the inequality is ridiculous...,The USA welfare spend is quite low per gdp compared to first world countries. The safety nets are ridiculous or nonexistant and the inequality is ridiculous...,"2,3",2,0
edy0432,Live about 2 mins from there. Love the view of Waramaug from Tanner Hill.,Live about 2 mins from there. Love the view of Waramaug from Tanner Hill.,18,18,3
ef93z6a,Well done OP for acting on your words. I hope you have a great day together!,Well done OP for acting on your words. I hope you have a great day together!,"0,20",0,3
ed2nvf4,Why? I love it.,Why? I love it.,18,18,3
eev4vh2,"> It leads to touching and doing inappropriate things with the opposite sex I prefer the same sex, so are these things not inappropriate for me?","> It leads to touching and doing inappropriate things with the opposite sex I prefer the same sex, so are these things not inappropriate for me?","6,7",6,6
ee7nerz,You don't really work for the TSA if they aren't paying you. You are a slave. Go home.,You don't really work for the TSA if they aren't paying you. You are a slave. Go home.,2,2,0
ediciv3,It’s shocking isn’t it? I paid less for a flight from London to Manchester than it would have cost for the train.,It’s shocking isn’t it? I paid less for a flight from London to Manchester than it would have cost for the train.,26,26,6
ee4v3ts,Alright now you're intentionally misinterpreting what I say. Whatever.,Alright now you're intentionally misinterpreting what I say. Whatever.,27,27,4
eff6flv,I'm more worried about it randomly saying daddy across the top ... Like that's normal,I'm more worried about it randomly saying daddy across the top ... Like that's normal,14,14,2
efgh0et,>!I always assume that Motoyasu's team changes once every week or something.!<,>!I always assume that Motoyasu's team changes once every week or something.!<,8,8,3
efge8wu,Not watched it yet pal. You?,Not watched it yet pal. You?,27,27,4
eeyps8u,air supply? the irony of life,air supply? the irony of life,27,27,4
eeqlnwy,yeah this doesn’t represent our fan base well. gg guys!,yeah this doesn’t represent our fan base well. gg guys!,27,27,4
eduuwuw,> It’s generally viewed upon as being one of the worst [NAME] games ever made. No it isn't. Source that claim.,> It’s generally viewed upon as being one of the worst [NAME] games ever made. No it isn't. Source that claim.,10,10,0
ede32z9,"My house. Excluding that since it was bank money, we plan to pay cash for a kitchen renovation this year that will be about 7k","My house. Excluding that since it was bank money, we plan to pay cash for a kitchen renovation this year that will be about 7k",27,27,4
ee1evdb,Its hard to explain i feel everything is distant.,Its hard to explain i feel everything is distant.,25,25,5
edsnc60,Standing ovation. Nicely done.,Standing ovation. Nicely done.,0,0,3
eds43nm,Noooo no more NEXTs anymore! They are obviously just a kid who is excited to discover music. Give them a break! :/,Noooo no more NEXTs anymore! They are obviously just a kid who is excited to discover music. Give them a break! :/,10,10,0
ef7bwyl,Subway is the smartest option unless you have tones of stuffs to carry !,Subway is the smartest option unless you have tones of stuffs to carry !,0,0,3
ed1wg24,He’s really good.,He’s really good.,0,0,3
edxs7qr,It was this one apparently it was for forever ago. I’ll delete this post If somebody says so.,It was this one apparently it was for forever ago. I’ll delete this post If somebody says so.,27,27,4
efbc1f1,* yes * yes * yes * yes,* yes * yes * yes * yes,4,4,3
ed0dqec,"I thought we were unlucky for having to put up with [NAME]. Man, you guys got the short straw with Ninja.","I thought we were unlucky for having to put up with [NAME]. Man, you guys got the short straw with Ninja.",27,27,4
ede5awv,Did you see that ludicrous display last night?,Did you see that ludicrous display last night?,7,7,6
ef21ym0,Free weed lol don't get what you're complaining about.,Free weed lol don't get what you're complaining about.,1,1,3
edgb6r3,Can't wait for it.,Can't wait for it.,13,13,3
efb2h20,I can't wait to see what us skilled workers get. Thanks government for telling businesses how to run and wrangle unskilled workers with no ambition.,I can't wait to see what us skilled workers get. Thanks government for telling businesses how to run and wrangle unskilled workers with no ambition.,"13,15",13,3
eerdlqe,"Nice rifle. I have a T3 in 7mm rem mag. N Mine would suck as a SHTF rifle, but it's great for hunting.","Nice rifle. I have a T3 in 7mm rem mag. N Mine would suck as a SHTF rifle, but it's great for hunting.",0,0,3
eeppbtl,I used the call screening on my sister for a laugh.. she was not as amused as I was :),I used the call screening on my sister for a laugh.. she was not as amused as I was :),9,9,5
edx0j58,"I realised after I typed it, but I left it up. I feel sometimes in life, you just gotta take the L. ","I realised after I typed it, but I left it up. I feel sometimes in life, you just gotta take the L. ",22,22,6
eebrbi2,yeah you're right. i just glanced over and thought it was a swish haha,yeah you're right. i just glanced over and thought it was a swish haha,"1,4",1,3
ee2sbvl,I love that you made sure not to let the last 4 or 5 fall over. That’s important.,I love that you made sure not to let the last 4 or 5 fall over. That’s important.,"4,18",4,3
eek5sfq,"want* a source on that, sorry.","want* a source on that, sorry.",24,24,5
ed70q4m,Mom used to do it all time when I was a kid.,Mom used to do it all time when I was a kid.,27,27,4
ee43rl8,"We had so much pvp before, during, and after this alliance was formed.","We had so much pvp before, during, and after this alliance was formed.",27,27,4
edy5dg0,"Seriously, it really made me happy! I hope when OP scrolled through she felt a little tingle of happiness too.","Seriously, it really made me happy! I hope when OP scrolled through she felt a little tingle of happiness too.",17,17,3
ee9jmht,"Her lying, narcotics addicted, pedophilic grandmother with physical ailments that cause her to be a serious lethal danger on multiple levels.","Her lying, narcotics addicted, pedophilic grandmother with physical ailments that cause her to be a serious lethal danger on multiple levels.","3,10",3,0
eeleu41,Same. I was not rooting for the Pats. I WAS rooting against the chiefs. The AFC West is ours and ours alone :),Same. I was not rooting for the Pats. I WAS rooting against the chiefs. The AFC West is ours and ours alone :),8,8,3
eeyqhw3,"Oh, [NAME], don't bring THAT story up!","Oh, [NAME], don't bring THAT story up!",3,3,0
edcck2m,[NAME]. The third generation [RELIGION] stripper!! Hell yes I watcg 90DF!!!!,[NAME]. The third generation [RELIGION] stripper!! Hell yes I watcg 90DF!!!!,27,27,4
edkqm5g,Didn't know they were doing matches on smaller pitch in the combine to see how they do with less reaction time. Thought that was interesting.,Didn't know they were doing matches on smaller pitch in the combine to see how they do with less reaction time. Thought that was interesting.,22,22,6
ef343vp,"Fat is always unhealthy, and never a sign of beauty.","Fat is always unhealthy, and never a sign of beauty.",10,10,0
edenn1h,That looks like an expensive hobby.,That looks like an expensive hobby.,27,27,4
ef9qhgn,This is not r/lostredditors material if we just try to find something stupid on it.,This is not r/lostredditors material if we just try to find something stupid on it.,10,10,0
ed6cg27,I always move back and always regret it.,I always move back and always regret it.,"9,25",9,5
ef9s6ta,Digital Wellbeing,Digital Wellbeing,27,27,4
eexgj3g,"I knew you had kids, i didnt know they were old enough join the military lol. Well happy bday to your son, dad. ","I knew you had kids, i didnt know they were old enough join the military lol. Well happy bday to your son, dad. ","1,17",1,3
eefc2hd,"Ah, that's why they say don't run in the corridor","Ah, that's why they say don't run in the corridor",27,27,4
edr8xat,apparently since you won't do it,apparently since you won't do it,27,27,4
eds9pjo,he's being immature,he's being immature,27,27,4
eeon207,Old timbermill. Was that the long payload defense and attack?,Old timbermill. Was that the long payload defense and attack?,7,7,6
ee4mb0s,"Okubo thanks JP/EU for their work over the weekend on the patch notes, and then EU doesn't post their patch notes :-/","Okubo thanks JP/EU for their work over the weekend on the patch notes, and then EU doesn't post their patch notes :-/",15,15,3
ed6vcfh,That all-star who won the calder,That all-star who won the calder,17,17,3
edgx5mh,> if i no longer lived in a nuclear armed/~~major power~~ a *somewhat important but nowhere near as important as they think* power FTFY,> if i no longer lived in a nuclear armed/~~major power~~ a *somewhat important but nowhere near as important as they think* power FTFY,27,27,4
edjl9qg,not the traps,not the traps,27,27,4
eegoq46,We don't have any options. Having said that I think [NAME] should have started.,We don't have any options. Having said that I think [NAME] should have started.,27,27,4
eeodf08,I hope your daughter gets the help she needs and someday gets better.,I hope your daughter gets the help she needs and someday gets better.,"8,20",8,3
ef4qit1,It's MLK Day so we're offering our best deals on our Ford F250s!,It's MLK Day so we're offering our best deals on our Ford F250s!,27,27,4
edlm4i4,Does negging ever actually work?,Does negging ever actually work?,7,7,6
eeddk5y,Tell [NAME] it was me....,Tell [NAME] it was me....,27,27,4
ef4dss1,there is also r/foreskin because why not,there is also r/foreskin because why not,27,27,4
edkczfq,LOL how he not amused?! They dont like the truth haha,LOL how he not amused?! They dont like the truth haha,1,1,3
eef0879,36 and definitely not what I used to be... still ok though!!!,36 and definitely not what I used to be... still ok though!!!,4,4,3
edli1zu,"Oh yeah, from the vulcan council","Oh yeah, from the vulcan council",4,4,3
eeowejn,Art degrees are useless! Now excuse me while I go watch a Pixar movie. /s,Art degrees are useless! Now excuse me while I go watch a Pixar movie. /s,10,10,0
ee3gcs6,Orange you just soo cute.,Orange you just soo cute.,0,0,3
eet91jo,"Damn, thanks for the source!","Damn, thanks for the source!",15,15,3
eermk4t,Noice! I hope to improve my Mika with this~ Thank you and may the Muscle Spirit be with you!,Noice! I hope to improve my Mika with this~ Thank you and may the Muscle Spirit be with you!,"15,20",15,3
eef8a33,Whoa am I reading this right? The lowest cost is $3.66 now? and not $2.66?,Whoa am I reading this right? The lowest cost is $3.66 now? and not $2.66?,6,6,6
ee5urmh,Man we are sloppy,Man we are sloppy,27,27,4
ee4xci5,I literally didn’t but ok,I literally didn’t but ok,9,9,5
edhry9a,"Living with her, he just might be!","Living with her, he just might be!",27,27,4
edatseh,">I want to ride my bicycle I want to ride my bike Ah yes, truly makes you think ",">I want to ride my bicycle I want to ride my bike Ah yes, truly makes you think ",8,8,3
edrsavm,I love that this is written on notebook paper.,I love that this is written on notebook paper.,18,18,3
eeqto8f,Is that [NAME]?,Is that [NAME]?,27,27,4
edw4l9v,You missed a golden opportunity here 22meirl4meirl42meirl4meirl,You missed a golden opportunity here 22meirl4meirl42meirl4meirl,27,27,4
ee931e5,Okay but how about someone who doesn’t believe the Wifi signals are going to kill us?,Okay but how about someone who doesn’t believe the Wifi signals are going to kill us?,7,7,6
efgto6z,We should have just taken him regardless and told them to deal with it but we also might not have [NAME] if we do,We should have just taken him regardless and told them to deal with it but we also might not have [NAME] if we do,27,27,4
edlw86a,Enjoy :) You won't regret it. The first couple seasons will be a little confusing but wiki helped me understand this show a lot!,Enjoy :) You won't regret it. The first couple seasons will be a little confusing but wiki helped me understand this show a lot!,"17,20",17,3
eeg9wj1,"Yeah, it's pretty funny how incapable most of them are of actual satire and subtlety.","Yeah, it's pretty funny how incapable most of them are of actual satire and subtlety.",10,10,0
efeqmgw,IT'S NOT FUNNY HOLLY.,IT'S NOT FUNNY HOLLY.,3,3,0
ee72ttu,This thread is loaded. Never seen so many coins exchanged at once :) it's nice to see friendly internet interactions.,This thread is loaded. Never seen so many coins exchanged at once :) it's nice to see friendly internet interactions.,0,0,3
effba5v,Don’t indulge OP’s master hacker fantasy,Don’t indulge OP’s master hacker fantasy,27,27,4
edbph66,[NAME] hilarious,[NAME] hilarious,1,1,3
edc31f3,I’ve always used a medium sized screwdriver but it can mess up the prongs so use a chopstick and you should be fine,I’ve always used a medium sized screwdriver but it can mess up the prongs so use a chopstick and you should be fine,4,4,3
ed4a9sk,Well they got removed so I’m not sure if I want to see it anyway.,Well they got removed so I’m not sure if I want to see it anyway.,10,10,0
eeig4ll,He is sacrificing himself for our sins. [NAME] bless.,He is sacrificing himself for our sins. [NAME] bless.,5,5,3
ed3yl6b,Made me think of that video from the BBC about dating in Shetland .,Made me think of that video from the BBC about dating in Shetland .,27,27,4
edm3dtg,That doesn't sound right but I don't know enough about stars to dispute it,That doesn't sound right but I don't know enough about stars to dispute it,3,3,0
edna4oz,Well don’t complain here about another media outlet lol,Well don’t complain here about another media outlet lol,1,1,3
ed7bwxe,"Look on the bright side, you might never need to worry about that ever again.","Look on the bright side, you might never need to worry about that ever again.",20,20,3
ee3lolu,This made me gag lol,This made me gag lol,27,27,4
ed3ngv7,"Oh wow this is good to know, it was always my go-to spicy ketchup when I make frozen fries at home.","Oh wow this is good to know, it was always my go-to spicy ketchup when I make frozen fries at home.",13,13,3
ef8mv4c,The frequency with which I hear “gone overseas to defend our country” without a hint of irony should be criminal in itself,The frequency with which I hear “gone overseas to defend our country” without a hint of irony should be criminal in itself,27,27,4
ef4smlt,I didn’t understand because it’s not dark mode,I didn’t understand because it’s not dark mode,10,10,0
eexql73,"yes please, would make thing less overthinking and stressful ","yes please, would make thing less overthinking and stressful ",4,4,3
ef629xy,This is a hate sub,This is a hate sub,2,2,0
ee3fd6l,I felt the same guilt when I stopped believing in [NAME],I felt the same guilt when I stopped believing in [NAME],24,24,5
edrxm80,So kinda like an assistant? Interesting,So kinda like an assistant? Interesting,7,7,6
ee2a3l1,I I'm so honored,I I'm so honored,15,15,3
ef7pvkq,Split ends on leg hair is how I determine when it is time to shed my winter coat,Split ends on leg hair is how I determine when it is time to shed my winter coat,27,27,4
edywf58,You are gone right now probably my trip is just kicking in i took half that amount lol cuz im low you are having a hell of a ride rn,You are gone right now probably my trip is just kicking in i took half that amount lol cuz im low you are having a hell of a ride rn,1,1,3
ef2611y,Very clever!,Very clever!,0,0,3
eegse5h,Can Dr. [NAME] confirm this? Edit: Doesn't matter. T H I C C D O N is actually zaddy af.,Can Dr. [NAME] confirm this? Edit: Doesn't matter. T H I C C D O N is actually zaddy af.,27,27,4
ef9vgw2,I was JUST thinking about how much I enjoyed Swalla la laaaa last night too!,I was JUST thinking about how much I enjoyed Swalla la laaaa last night too!,17,17,3
efbrh00,That number seems a bit low to me,That number seems a bit low to me,9,9,5
efhcnhz,Approaching doesn't work unless you are [NAME] or something. I've only seen 2 approaches in my life and both were rejections.,Approaching doesn't work unless you are [NAME] or something. I've only seen 2 approaches in my life and both were rejections.,27,27,4
edi3y75,"Great. Now some girl in Utah will appropriate it for her prom this year because she ""appreciates"" the culture.","Great. Now some girl in Utah will appropriate it for her prom this year because she ""appreciates"" the culture.",0,0,3
ed2qhvk,"So more [NAME]? No thanks. Love the guys, but that’s for side projects. ","So more [NAME]? No thanks. Love the guys, but that’s for side projects. ",18,18,3
eeunelw,Leaving [RELIGION] and planning to FINALLY live MY life to the fullest without white men in white shirt telling me what to do every second of my day!!,Leaving [RELIGION] and planning to FINALLY live MY life to the fullest without white men in white shirt telling me what to do every second of my day!!,27,27,4
eeo2054,They are all good right now. Pick the one that interests you and enjoy yourself.,They are all good right now. Pick the one that interests you and enjoy yourself.,17,17,3
edy443i,I rarely like or comment on YouTube. But I make hella playlists so I guess I use it more as a tool than a community.,I rarely like or comment on YouTube. But I make hella playlists so I guess I use it more as a tool than a community.,4,4,3
eepv1yn,"I think ignoring intentions is ridiculous too, but I also think that only looking at intentions (and at face value) is a bit naive","I think ignoring intentions is ridiculous too, but I also think that only looking at intentions (and at face value) is a bit naive",27,27,4
ed3hg8c,I'm just glad we'll be getting either [NAME] or [NAME]. They both seem like they'll be beasts and it'll fill our greatest position of need,I'm just glad we'll be getting either [NAME] or [NAME]. They both seem like they'll be beasts and it'll fill our greatest position of need,17,17,3
edywvj0,"Unlikely, but who knows? Memory speed rarely makes a difference in gaming, but I've seen stranger things. ","Unlikely, but who knows? Memory speed rarely makes a difference in gaming, but I've seen stranger things. ",7,7,6
ee92d0g,Text ain’t a great medium for sarcasm.,Text ain’t a great medium for sarcasm.,27,27,4
edusxnn,by deep pockets do you mean the Fleshlight?,by deep pockets do you mean the Fleshlight?,6,6,6
eekm2mn,"Damned if nobody knows who they are, damned if they do","Damned if nobody knows who they are, damned if they do",27,27,4
ed9klyx,"It's delicate, so it's clear for those flesh toned jeggings [NAME].","It's delicate, so it's clear for those flesh toned jeggings [NAME].",22,22,6
edl1iz9,I love it! Cute sprite work....,I love it! Cute sprite work....,18,18,3
ef8kkqy,"Was already mad when it wasn’t center. Then when it got knock over, i was furious. Damn machine has no brains.","Was already mad when it wasn’t center. Then when it got knock over, i was furious. Damn machine has no brains.",3,3,0
eecxvy7,"I see notifications of people commenting the source but this sub must auto delete or something. Sorry, guys. I binged her and found me quick though. ","I see notifications of people commenting the source but this sub must auto delete or something. Sorry, guys. I binged her and found me quick though. ",25,25,5
edfpaxm,"There are good reasons but you potatos just brush it all off with ""hurr life is bad cause bad things happen sometimes""","There are good reasons but you potatos just brush it all off with ""hurr life is bad cause bad things happen sometimes""",27,27,4
eet88gk,Ya I’m not opening any PDF from The Company. Rather get my malware the old fashioned way....from porn.,Ya I’m not opening any PDF from The Company. Rather get my malware the old fashioned way....from porn.,27,27,4
edu7via,This is amazing!!,This is amazing!!,0,0,3
edo1mus,"Hey buddy, wear did you ear like van-go.","Hey buddy, wear did you ear like van-go.",27,27,4
ef5hiwp,👍 excellent! I was wondering if anyone else knew this little known nugget from history.,👍 excellent! I was wondering if anyone else knew this little known nugget from history.,0,0,3
ee13djb,i mean I love the smell of race fumes,i mean I love the smell of race fumes,18,18,3
eeysfpp,It's the [NAME] of hot dogs,It's the [NAME] of hot dogs,27,27,4
edqepqg,People who don’t want to own houses,People who don’t want to own houses,27,27,4
eeynlc0,"You're my mvp for the night haha. I'll drop by there tonight, thanks!","You're my mvp for the night haha. I'll drop by there tonight, thanks!","1,15",1,3
edz9yfn,Good luck on the change.,Good luck on the change.,15,15,3
ee01t1o,He had to much red dead 2,He had to much red dead 2,27,27,4
ee3o6qp,I know it's like this hipster phrase it's so stupid like you're not from the south you dumb motherfuker.,I know it's like this hipster phrase it's so stupid like you're not from the south you dumb motherfuker.,2,2,0
efh118v,"It’s not about the money, it’s all about the love of the game.","It’s not about the money, it’s all about the love of the game.",22,22,6
ed7wkex,The one where MIL flooded the whole house,The one where MIL flooded the whole house,27,27,4
edz9dt9,Damn you [NAME]!,Damn you [NAME]!,27,27,4
ee32y8f,Theres not really any structure or composition to this. The color scheme is tight but it's just kind of thrown on there without any direction.,Theres not really any structure or composition to this. The color scheme is tight but it's just kind of thrown on there without any direction.,27,27,4
edi2ths,"Thanks for the reply! I’ll probably just smoke, as you said, once maybe twice a month. Thanks again!","Thanks for the reply! I’ll probably just smoke, as you said, once maybe twice a month. Thanks again!",15,15,3
ed7jxyw,Sometimes those are the only options. Laughing makes other people feel better at least so that's what you gotta do.,Sometimes those are the only options. Laughing makes other people feel better at least so that's what you gotta do.,5,5,3
ee38rym,"Not my opinion either, but the soundtrack is easily one of the best parts of the game. It’s incredible.","Not my opinion either, but the soundtrack is easily one of the best parts of the game. It’s incredible.",0,0,3
edrni6g,"Text to speech is a very very bad idea. You do not want to give 4,000 people full control over what gets said out loud on a stream. ","Text to speech is a very very bad idea. You do not want to give 4,000 people full control over what gets said out loud on a stream. ",3,3,0
ed7gszf,Thanks I hate it.,Thanks I hate it.,15,15,3
ef8fp2z,Title made me think I was on r/boottoobig for a second,Title made me think I was on r/boottoobig for a second,27,27,4
edtgrhv,what the fuck do you learn in first grade that’s so important anyway?,what the fuck do you learn in first grade that’s so important anyway?,2,2,0
eegn6i5,">Have a good time debating the people in your head, looks like you're having fun.",">Have a good time debating the people in your head, looks like you're having fun.",17,17,3
ef4cy73,You're telling me you dont get your meth from there?,You're telling me you dont get your meth from there?,27,27,4
eepr3uj,[NAME] revealed that's what [NAME] called it at a reunion. [NAME] was backstage with steam coming out his ears 😂,[NAME] revealed that's what [NAME] called it at a reunion. [NAME] was backstage with steam coming out his ears 😂,27,27,4
eejnn4c,Big yikes. Biiiig yikes. I do feel your pain. I wish I could upvote you more than once.,Big yikes. Biiiig yikes. I do feel your pain. I wish I could upvote you more than once.,8,8,3
eduf4jb,Srs that shade range is abysmal smh,Srs that shade range is abysmal smh,27,27,4
ed0vghc,I am [NAME] total lack of suprise,I am [NAME] total lack of suprise,26,26,6
ef96wnu,"It kind of replaces the home button, you use it to swipe up and out of an open app","It kind of replaces the home button, you use it to swipe up and out of an open app",27,27,4
eef6lma,They said Texas! #Woooooo TEXAS,They said Texas! #Woooooo TEXAS,13,13,3
ed2qozp,Thank you! 💓❤,Thank you! 💓❤,15,15,3
eeqpjoo,I bet you could get away with this at work just fine.,I bet you could get away with this at work just fine.,4,4,3
eemifax,From your username and the fact that you had to type that you’re NOT underage: now feels like you are,From your username and the fact that you had to type that you’re NOT underage: now feels like you are,27,27,4
eda1v2b,"We've been pretty good for the most part the last 5 years. I mean, [NAME] saying [NAME] betrayed him isn't ideal but could be worse. ","We've been pretty good for the most part the last 5 years. I mean, [NAME] saying [NAME] betrayed him isn't ideal but could be worse. ",4,4,3
edbwdtf,The ending was so badass as a young kid! He wasnt even in his mech!,The ending was so badass as a young kid! He wasnt even in his mech!,0,0,3
ed8p0oy,She’s had her ass pounded before.,She’s had her ass pounded before.,27,27,4
eere3ap,Signed up! This is brilliant!,Signed up! This is brilliant!,0,0,3
eex4bca,"Damn, I really been playing this series all my life...and I ain’t got any regrets.","Damn, I really been playing this series all my life...and I ain’t got any regrets.",27,27,4
edo782v,I tried to but i ended up booing the postman,I tried to but i ended up booing the postman,27,27,4
eduz8qj,!RemindMe 10 hours,!RemindMe 10 hours,27,27,4
edpobf3,That woman is on the fast track to being ostracized from that group real quick.,That woman is on the fast track to being ostracized from that group real quick.,27,27,4
ef1f30q,Former [NAME]? I've been scared already by [NAME] who were former d-line,Former [NAME]? I've been scared already by [NAME] who were former d-line,7,7,6
ed6i4ri,[NAME] is known to make a short video hella fucking long. Not many want to see even more people do that. I'll stick to [NAME].,[NAME] is known to make a short video hella fucking long. Not many want to see even more people do that. I'll stick to [NAME].,3,3,0
ee958zg,"""Don't eat pork! Not even with a fork!""","""Don't eat pork! Not even with a fork!""",27,27,4
eek8aix,Right its not because they look ugly but their personality is ugly. That’s what’s driving everyone away.,Right its not because they look ugly but their personality is ugly. That’s what’s driving everyone away.,27,27,4
edgwiaw,Ask him out for a drink.,Ask him out for a drink.,27,27,4
edwljgo,Yeah I’m working with my therapist to help me identify certain behaviors early and pay attention to the red flags.,Yeah I’m working with my therapist to help me identify certain behaviors early and pay attention to the red flags.,"4,20",4,3
eejnu7e,I want to thank you for seriously entertaining me today. Best clip ever.,I want to thank you for seriously entertaining me today. Best clip ever.,"0,15",0,3
ediik76,As a society we should be ashamed of the fact that this is even a question. Let the suffering stop obviously.,As a society we should be ashamed of the fact that this is even a question. Let the suffering stop obviously.,12,12,5
eelsqcs,Which one is he playing?,Which one is he playing?,7,7,6
ed1x3ym,This article is stupid.,This article is stupid.,3,3,0
ed978c8,I would think that I hope the Wilpons die.,I would think that I hope the Wilpons die.,20,20,3
efendxq,It’s a cruel thing to say to someone with depression.,It’s a cruel thing to say to someone with depression.,11,11,1
eee427l,"I mean, she is","I mean, she is",27,27,4
edmbwve,Garlic butter baked chicken.....put garlic butter on chicken and bake.,Garlic butter baked chicken.....put garlic butter on chicken and bake.,27,27,4
edbm1c5,Still makes no sense how [NAME] beat corrupted [NAME] while [NAME] and [NAME] couldn't beat his normal version,Still makes no sense how [NAME] beat corrupted [NAME] while [NAME] and [NAME] couldn't beat his normal version,27,27,4
edmrmhc,"That’s so scummy, I’m hoping the pepperoni just slid down? ","That’s so scummy, I’m hoping the pepperoni just slid down? ",20,20,3
efenjxu,I’ve never seen such dramatic tongue involvement.,I’ve never seen such dramatic tongue involvement.,27,27,4
eeqirlp,"Us girls are taught to always be polite. Screw that, safety is more important.","Us girls are taught to always be polite. Screw that, safety is more important.",22,22,6
eemflic,"Because they're all done by the same, really, really old guy","Because they're all done by the same, really, really old guy",27,27,4
ed6pqte,At least she showed a reaction...,At least she showed a reaction...,27,27,4
ef7esig,Omg rattos are the best aren’t they<3,Omg rattos are the best aren’t they<3,0,0,3
eenykq6,Good luck with your procedure! Be strong and don't try to let anyone even think they can try to change your mind. This is your decision.,Good luck with your procedure! Be strong and don't try to let anyone even think they can try to change your mind. This is your decision.,"4,20",4,3
eda305g,I really relate to this.,I really relate to this.,4,4,3
ed70f6w,"[NAME] wouldn't breathe the same air as an anti vaxxer, don't slander her like this.","[NAME] wouldn't breathe the same air as an anti vaxxer, don't slander her like this.",27,27,4
ed9g8uu,Women are more neurotic.,Women are more neurotic.,27,27,4
efd1tf6,Well how’d the planters pull this off? Step by step.,Well how’d the planters pull this off? Step by step.,7,7,6
edlkasr,I didn't downvote you but Emirates 1st class suites are ridiculously nice.,I didn't downvote you but Emirates 1st class suites are ridiculously nice.,0,0,3
eecg2ly,"What a horrible way to find out, though. My sympathies to the dead man.","What a horrible way to find out, though. My sympathies to the dead man.",14,14,2
edpsd8g,For me it's New York City FC since it's just a train ride away,For me it's New York City FC since it's just a train ride away,4,4,3
edbmlb4,Thank you! I need to practice these things and change the dialogue within my head,Thank you! I need to practice these things and change the dialogue within my head,15,15,3
eepwvdp,I had forgotten it was coming up until I saw this. That us my level of excitement and anticipation.,I had forgotten it was coming up until I saw this. That us my level of excitement and anticipation.,22,22,6
eef32ss,I barely recognize a picture of current day Pearl Harbor.,I barely recognize a picture of current day Pearl Harbor.,27,27,4
eex2imh,I'm replying just bask in the glow with someone else! Yay!!,I'm replying just bask in the glow with someone else! Yay!!,4,4,3
ed9npav,"Uh, people kept asking me if I was jailor and I said no, and based on this chat you can also see that jailor is not smart.","Uh, people kept asking me if I was jailor and I said no, and based on this chat you can also see that jailor is not smart.",10,10,0
eduohld,Now this exactly what I came to this sub for,Now this exactly what I came to this sub for,27,27,4
edeg1wm,Does that caption say [NAME] and [NAME] are planning to move to Austin....? Dear [NAME] PLEASE no we already have [NAME]!,Does that caption say [NAME] and [NAME] are planning to move to Austin....? Dear [NAME] PLEASE no we already have [NAME]!,"6,7",6,6
ef3uxax,It was received on Jan 25th at 9:22 am .81627 BTC and $3800. for it with a $600. fee. Happy!,It was received on Jan 25th at 9:22 am .81627 BTC and $3800. for it with a $600. fee. Happy!,17,17,3
edh7k16,When I think about [NAME] and [NAME] at the same time I get a fucking aneurysm from the stupidity.,When I think about [NAME] and [NAME] at the same time I get a fucking aneurysm from the stupidity.,3,3,0
eearepj,Not needed position? What team have you been watching?,Not needed position? What team have you been watching?,7,7,6
efg7xll,"Was going to say, that’s common practice for most women’s health appointments to help deal with relationship abuse.","Was going to say, that’s common practice for most women’s health appointments to help deal with relationship abuse.",27,27,4
ef98vpk,Conservatives never believe a word they say. They only believe they do.,Conservatives never believe a word they say. They only believe they do.,4,4,3
ee5weni,Lol the outbreak is gone but I'm still stubborn. With this conversation I'll make my effort to come back as soon as I'm ready.,Lol the outbreak is gone but I'm still stubborn. With this conversation I'll make my effort to come back as soon as I'm ready.,1,1,3
eff070q,"OP, u/christiangreyisdraco and u/lurkerturndcommenter, thank you for trying to make the point about focus. I appreciate your many attempts!","OP, u/christiangreyisdraco and u/lurkerturndcommenter, thank you for trying to make the point about focus. I appreciate your many attempts!","0,15",0,3
ed7lqu4,Ded game we should be happy we have a new hero,Ded game we should be happy we have a new hero,17,17,3
ed5kemm,[NAME] bless them and their racist logo,[NAME] bless them and their racist logo,20,20,3
eeub2eq,[NAME] doesn't believe in tipping.,[NAME] doesn't believe in tipping.,27,27,4
efe3xec,"I'm shocked! Shocked! Well, not that shocked.","I'm shocked! Shocked! Well, not that shocked.",26,26,6
ederqwi,Because it was a common age for women to be engaged and married at that time.,Because it was a common age for women to be engaged and married at that time.,27,27,4
ee3ypm8,Great post. ( you are learning to let it go),Great post. ( you are learning to let it go),0,0,3
efgqcan,Yeah! Despite being from the east coast I've never been in the car when it's hailing so it was a full on argument. Thank you!,Yeah! Despite being from the east coast I've never been in the car when it's hailing so it was a full on argument. Thank you!,15,15,3
efal2t2,Well I WISH SOMEONE WOULD'VE TOLD ME THAT,Well I WISH SOMEONE WOULD'VE TOLD ME THAT,8,8,3
eerrwej,You have no regard for due process or the law if you're suggesting [NAME] be charged with evidence tampering because there is nothing to back up that claim.,You have no regard for due process or the law if you're suggesting [NAME] be charged with evidence tampering because there is nothing to back up that claim.,27,27,4
edp4rjj,Ironically every /pol/ meetup is more diverse than the people pushing diversity and race mixing. Weird how that works huh,Ironically every /pol/ meetup is more diverse than the people pushing diversity and race mixing. Weird how that works huh,11,11,1
eerrvod,Did you noticed they removed my post? Yep.,Did you noticed they removed my post? Yep.,7,7,6
eeyutke,No you don't. The average opinion of ISIS for example is way below zero.,No you don't. The average opinion of ISIS for example is way below zero.,27,27,4
edmwpv0,"good luck, little 3 year old","good luck, little 3 year old",5,5,3
ee637s8,"""I love animals but I hate PETA."" - [NAME] ","""I love animals but I hate PETA."" - [NAME] ",10,10,0
eeamnxd,her in the causing a commotion lsfyl is one of the best lip-sync performances in s8 change my mind,her in the causing a commotion lsfyl is one of the best lip-sync performances in s8 change my mind,0,0,3
ef8j5p0,This is not unique to [RELIGION]. There are various sects and denominations in every world religion.,This is not unique to [RELIGION]. There are various sects and denominations in every world religion.,27,27,4
ee7yn1n,"Hruska is amazing. Their sausage kolaches or I guess klobasnik have the best sausage I’ve ever eaten. It’s in Elliger, TX.","Hruska is amazing. Their sausage kolaches or I guess klobasnik have the best sausage I’ve ever eaten. It’s in Elliger, TX.",0,0,3
ed45xrw,"I equally love and despise them when they talk about a player diving as ""flopping""","I equally love and despise them when they talk about a player diving as ""flopping""",18,18,3
edtqkxu,Can't look at batting average. [NAME] 90 wRC+ in 3799 PA [NAME] 92 wRC+ in 4917 PA,Can't look at batting average. [NAME] 90 wRC+ in 3799 PA [NAME] 92 wRC+ in 4917 PA,27,27,4
eebnuu6,Right. All a delusion in order to control people.,Right. All a delusion in order to control people.,27,27,4
edx4kn2,When my Dad ([NAME] all the way) is Tsar of the Earth I'll have him make doxxing a crime with mandatory sentencing to terrible things.,When my Dad ([NAME] all the way) is Tsar of the Earth I'll have him make doxxing a crime with mandatory sentencing to terrible things.,27,27,4
ee613rq,Waiting until Saturday or you test the method on someone sick.,Waiting until Saturday or you test the method on someone sick.,27,27,4
edp8l3q,"Worst bit is that it keeps snowballing, and growing and suddenly it this mess you can't make sense out of or clear up","Worst bit is that it keeps snowballing, and growing and suddenly it this mess you can't make sense out of or clear up",27,27,4
ed1vydj,gotta love the random spidey head to the left on the third shelf,gotta love the random spidey head to the left on the third shelf,"0,18",0,3
eetnkj0,Your repeated need to retreat into victimhood is a snooze.,Your repeated need to retreat into victimhood is a snooze.,27,27,4
eeahpqt,"They put whoever has the highest gamescore on a winning team that night, and that happened to be [NAME]","They put whoever has the highest gamescore on a winning team that night, and that happened to be [NAME]",27,27,4
eeava2r,the 12 steps of AA are not the only rehab programs in the world.,the 12 steps of AA are not the only rehab programs in the world.,27,27,4
efbmf3m,Better than mine.,Better than mine.,22,22,6
ee52emp,Well duh. The Chinese government control all Chinese language media in New Zealand. That's a fact.,Well duh. The Chinese government control all Chinese language media in New Zealand. That's a fact.,4,4,3
eees1gr,I friggin love the [NAME] hug!!!!,I friggin love the [NAME] hug!!!!,18,18,3
eemar47,Dude your source on the school says they would investigate. Not a condemnation. Not in any stretch.,Dude your source on the school says they would investigate. Not a condemnation. Not in any stretch.,27,27,4
ee0ug24,His smile is so damn creepy,His smile is so damn creepy,14,14,2
edua72u,Gotta think [NAME] was also tired after all the hard work they put out Most likely it'd be easier for a fresh player to run passed players,Gotta think [NAME] was also tired after all the hard work they put out Most likely it'd be easier for a fresh player to run passed players,27,27,4
eeteba1,It’s amazing what can happen if you work and want to win.,It’s amazing what can happen if you work and want to win.,0,0,3
ee89l84,"No, but it changes the expectations that people have for you. You have so deliberately change who you are to play to your target audience.","No, but it changes the expectations that people have for you. You have so deliberately change who you are to play to your target audience.",27,27,4
ed8mfz2,Any source on the college split the second time that outlines the stats? Interested to see.,Any source on the college split the second time that outlines the stats? Interested to see.,13,13,3
ee72tj4,It's when you least expect it that people hit you in the face with life It brings you back to earth,It's when you least expect it that people hit you in the face with life It brings you back to earth,9,9,5
eezd7qm,You really dont have a day off do you,You really dont have a day off do you,7,7,6
ef1qgf9,This was definitely worth the $1000+ it cost to do,This was definitely worth the $1000+ it cost to do,4,4,3
edx1m4z,I would say make it NSFW but I won't joke. We don't work here,I would say make it NSFW but I won't joke. We don't work here,2,2,0
ee9wkpl,"BOUNDARIES. have some boundaries. say no. don't go. this is frustrating to read, honestly. don't do things that you hate doing.","BOUNDARIES. have some boundaries. say no. don't go. this is frustrating to read, honestly. don't do things that you hate doing.",2,2,0
edd3tok,I feel like this is just a really old meme lol,I feel like this is just a really old meme lol,1,1,3
eew7el1,Yo infected turn into evil clone troopers !!!,Yo infected turn into evil clone troopers !!!,27,27,4
efgkn21,Downvote because prophet,Downvote because prophet,10,10,0
eeyk8ji,> [NAME] doesn't even agree with you. What does she not agree with?,> [NAME] doesn't even agree with you. What does she not agree with?,27,27,4
edvqkcl,[NAME] a pro,[NAME] a pro,27,27,4
ed3792u,I feel this!,I feel this!,27,27,4
eezav9m,"100%. This is made up. If her claim was true, she'd have it on video. ","100%. This is made up. If her claim was true, she'd have it on video. ",27,27,4
eej8e80,I agree. This is assault. Leave the ignorant hill [NAME] alone.,I agree. This is assault. Leave the ignorant hill [NAME] alone.,4,4,3
eeee29f,Literally one visit to that subreddit is proof enough it's mentally addictive. Brain craving dopamine when it's not producing it.,Literally one visit to that subreddit is proof enough it's mentally addictive. Brain craving dopamine when it's not producing it.,27,27,4
ed1o6kr,How hard is it to kill 9 year olds!? One of my favorite movies.,How hard is it to kill 9 year olds!? One of my favorite movies.,18,18,3
ee398tw,"This is **NUTS**!!! I still use both of these on my boyfriend, who thankfully watched this season with me and also hated [NAME]. ","This is **NUTS**!!! I still use both of these on my boyfriend, who thankfully watched this season with me and also hated [NAME]. ",15,15,3
edd55xz,Bless you.,Bless you.,5,5,3
edjuew1,"And he was like “umm you woke me up for this, [NAME]?!” Lmao. That made me laugh.","And he was like “umm you woke me up for this, [NAME]?!” Lmao. That made me laugh.",1,1,3
ed16j3j,"Tell us your story, too, [NAME] :) Sooooo many more details to mine, ooooofffff... i tried to be brief","Tell us your story, too, [NAME] :) Sooooo many more details to mine, ooooofffff... i tried to be brief",22,22,6
effxhn1,I love daydreaming because I daydream about having conversations with people and it is the most pleasing feeling in the world when the conversation happens.,I love daydreaming because I daydream about having conversations with people and it is the most pleasing feeling in the world when the conversation happens.,18,18,3
ef025pn,Idk why you got downvoted but heres an upvote,Idk why you got downvoted but heres an upvote,6,6,6
efe3iuv,Someone tell me how to feel about this,Someone tell me how to feel about this,6,6,6
edko2zf,Gulags... Brexiteering. The mental condition where delusional and psychotic thinking occur simultaneously.,Gulags... Brexiteering. The mental condition where delusional and psychotic thinking occur simultaneously.,27,27,4
eeu06kk,Keep branching out guys.,Keep branching out guys.,27,27,4
eelehyb,"The constant pressure definitely isn't helping. I'm already on anti-depressants, but I am terrified of PPD.","The constant pressure definitely isn't helping. I'm already on anti-depressants, but I am terrified of PPD.",14,14,2
ef4egyl,My uncle was hit by some kids doing the bird box challenge a few weeks back. It’s ridiculous.,My uncle was hit by some kids doing the bird box challenge a few weeks back. It’s ridiculous.,3,3,0
ed4u63d,Yea this past season her outfits were horrid,Yea this past season her outfits were horrid,11,11,1
ef25itc,I call [NAME] fraud! That's not the first time she saw [NAME] after prison.,I call [NAME] fraud! That's not the first time she saw [NAME] after prison.,27,27,4
edkykpt,I love it! Mazel Tov you crazy kids!,I love it! Mazel Tov you crazy kids!,18,18,3
ee3kxxm,"To quote [NAME], ""What an eyesore!"" ","To quote [NAME], ""What an eyesore!"" ",27,27,4
eervzmm,I rarely get full manic. Lithium just took away my mixed irritable angry episodes and I'm pretty sure those aren't superpowers lol,I rarely get full manic. Lithium just took away my mixed irritable angry episodes and I'm pretty sure those aren't superpowers lol,1,1,3
edvu9r5,I disagree with many picks in this list,I disagree with many picks in this list,10,10,0
efd1sck,[NAME] is the gift we all deserve,[NAME] is the gift we all deserve,27,27,4
ef8kb1g,Stay at home dads are awesome gender non conformists.,Stay at home dads are awesome gender non conformists.,27,27,4
eeadc3r,They both have water wings on is she trying to kill them,They both have water wings on is she trying to kill them,27,27,4
ee577y4,"I do have a drain beside the water heater, thanks I'll look into getting a drain pan.","I do have a drain beside the water heater, thanks I'll look into getting a drain pan.",15,15,3
ef56z1s,Standing O for the biggest Knick loser in franchise history... and that's saying something!!,Standing O for the biggest Knick loser in franchise history... and that's saying something!!,27,27,4
eeys4zg,Wondering why this hasn’t been made a thing yet 😂,Wondering why this hasn’t been made a thing yet 😂,"22,26",22,6
ef03lcq,Its more about Russia not making such overtly antagonistic statements about Iran.,Its more about Russia not making such overtly antagonistic statements about Iran.,27,27,4
edoywwk,I love your response. I wish I were this witty.,I love your response. I wish I were this witty.,"8,18",8,3
effckqq,The hardest part is trying to figure out what anyone is talking about with all these F degrees.,The hardest part is trying to figure out what anyone is talking about with all these F degrees.,27,27,4
eeu85y4,The beauty of the horseshoe effect.,The beauty of the horseshoe effect.,0,0,3
eeblajb,I just say i appreciate the depths of these Boiler Room vid are like this.,I just say i appreciate the depths of these Boiler Room vid are like this.,"0,4",0,3
eebfpxf,Yes! Adoption is an amazing generous gift you can give to people that really want to be parents.,Yes! Adoption is an amazing generous gift you can give to people that really want to be parents.,0,0,3
ed941zn,Is that her phone in her back pocket?,Is that her phone in her back pocket?,7,7,6
eevx7tx,Haha Orange man bad,Haha Orange man bad,1,1,3
eeu4hgf,My cousin is coming back as interim exec chef this week until we get a new chef. If you are my cousin the answer is NO!,My cousin is coming back as interim exec chef this week until we get a new chef. If you are my cousin the answer is NO!,"3,10",3,0
eeuty8i,One thing I appreciate about the Prequel trilogy is that it explores the rise of fascism better than *Fantastic Beasts* movies could do.,One thing I appreciate about the Prequel trilogy is that it explores the rise of fascism better than *Fantastic Beasts* movies could do.,0,0,3
eeb8dkc,I like this one,I like this one,18,18,3
ee0gq9s,Most vancouverites know of these scams. Especially #1 broken credit card machine. Complaints go unheard.,Most vancouverites know of these scams. Especially #1 broken credit card machine. Complaints go unheard.,27,27,4
eeathxb,beautiful by [NAME],beautiful by [NAME],0,0,3
eenle2f,This guy was my high school government teacher. This stuff is all classic to read about,This guy was my high school government teacher. This stuff is all classic to read about,27,27,4
eeidflf,do you......do you actually believe this!?,do you......do you actually believe this!?,7,7,6
ee4guke,"Hey congrats man, that’s what I’m hoping happens as well!","Hey congrats man, that’s what I’m hoping happens as well!",15,15,3
ee2x0wi,Grow a beard.,Grow a beard.,27,27,4
eff3yq6,"A friend of mine is like that, and they seemed quiet upset when someone form middle school said hello after they hadn't talked for 13 years. ","A friend of mine is like that, and they seemed quiet upset when someone form middle school said hello after they hadn't talked for 13 years. ",27,27,4
ef1xjg9,"> I don't understand why a reasonable person would perceive it as being objectively mean. Simply put, journalists are not reasonable people. ","> I don't understand why a reasonable person would perceive it as being objectively mean. Simply put, journalists are not reasonable people. ",27,27,4
edn3yq3,It’s one of the nine characteristics of BPD. Probably most people in this sub have struggled with some sort of addiction to a degree.,It’s one of the nine characteristics of BPD. Probably most people in this sub have struggled with some sort of addiction to a degree.,27,27,4
ef57u8z,These were one of the worst commentators I have ever been forced to listen to. The jokes were so cringe-worthy.,These were one of the worst commentators I have ever been forced to listen to. The jokes were so cringe-worthy.,11,11,1
edg1hf0,It would work just fine. I wear medium shirts and a small or medium jersey fits me great.,It would work just fine. I wear medium shirts and a small or medium jersey fits me great.,4,4,3
edrtx65,#YES.,#YES.,27,27,4
edgd6fo,I haven’t read the Quran and I doubt you have either so I can’t agree or disagree with this statement.,I haven’t read the Quran and I doubt you have either so I can’t agree or disagree with this statement.,6,6,6
eeedpy1,And just the “stop looking at me” was so old school. It was nice!,And just the “stop looking at me” was so old school. It was nice!,4,4,3
edfr4au,Triple P Positive Parenting Program is excellent.,Triple P Positive Parenting Program is excellent.,0,0,3
ed516f1,"LOL you are mental ,love it","LOL you are mental ,love it","1,18",1,3
eevvmwq,"I think this qualifies as r/prorevenge, honestly. Dude needs to face consequences more often, otherwise he will keep trampling over people’s boundaries.","I think this qualifies as r/prorevenge, honestly. Dude needs to face consequences more often, otherwise he will keep trampling over people’s boundaries.",4,4,3
eerfyqo,"Omg enough of all the damn hashtags, it’s not 2016 anymore","Omg enough of all the damn hashtags, it’s not 2016 anymore",2,2,0
edxwfft,"No, not related to [NAME]. I forget where we found it. It was in some legal documentation on WISDOJ (I think).","No, not related to [NAME]. I forget where we found it. It was in some legal documentation on WISDOJ (I think).",10,10,0
ee1n2m1,I was more concerned that your comment held a frame of reference assuming it was real.,I was more concerned that your comment held a frame of reference assuming it was real.,5,5,3
edk3r39,Beautiful. Up there with that retro '14 Timbers kit for my favorite non-Atlanta MLS kits.,Beautiful. Up there with that retro '14 Timbers kit for my favorite non-Atlanta MLS kits.,0,0,3
ed1ogl4,"[NAME] is a warmonger. Other than that, he’s pretty libertarian.","[NAME] is a warmonger. Other than that, he’s pretty libertarian.",0,0,3
eergs83,Omg I love it,Omg I love it,18,18,3
edlgecg,Lucky for me the yellow ones are my favourite,Lucky for me the yellow ones are my favourite,18,18,3
eee2l9j,"Considering you could do it and be out over a highschool summer vacation, why not?","Considering you could do it and be out over a highschool summer vacation, why not?",7,7,6
ed117kg,Too greasy.,Too greasy.,27,27,4
ee1ty3y,Thank you!,Thank you!,15,15,3
ef4w1do,Or you end up getting innocent Chinese civillians who were just browsing reddit arrested and have their organs contributed to the system.,Or you end up getting innocent Chinese civillians who were just browsing reddit arrested and have their organs contributed to the system.,27,27,4
eec6643,"[NAME] and [NAME] aren't cousins in this timeline, I believe. Just best friends.","[NAME] and [NAME] aren't cousins in this timeline, I believe. Just best friends.",4,4,3
efgvt55,Oh well that's that then :),Oh well that's that then :),27,27,4
eds8xso,I'm really excited for [NAME]. He seems to be continually improving in this stretch of games. I'm hoping he stays up once [NAME] is healthy.,I'm really excited for [NAME]. He seems to be continually improving in this stretch of games. I'm hoping he stays up once [NAME] is healthy.,20,20,3
eejlhlv,It kills me how much Oklahoma State and Iowa State are able to beat KU but [NAME] and [NAME] just couldn’t regularly get the job done.,It kills me how much Oklahoma State and Iowa State are able to beat KU but [NAME] and [NAME] just couldn’t regularly get the job done.,27,27,4
ef765su,[NAME] should worry you.,[NAME] should worry you.,27,27,4
ef1kqif,"will do, thanks for the heads up!","will do, thanks for the heads up!",15,15,3
ee2mwdt,"The last hour is great, but I would definitely say to at least leave 15 minutes before close so you can avoid the crowds in the street.","The last hour is great, but I would definitely say to at least leave 15 minutes before close so you can avoid the crowds in the street.",0,0,3
ee06bwr,That has gotten me killed a few times lately.,That has gotten me killed a few times lately.,27,27,4
edizgxh,Luckily for her former therapist maybe she can no longer leave her home.,Luckily for her former therapist maybe she can no longer leave her home.,27,27,4
effe70f,"I didnt know that sub existed,im faaaaaar too excited, thats my next hour of skivving work sorted!! ","I didnt know that sub existed,im faaaaaar too excited, thats my next hour of skivving work sorted!! ",13,13,3
ed1w9t1,Saving this. Happy 2019 to ya!,Saving this. Happy 2019 to ya!,"13,17",13,3
ed7lxtb,Not sure how kittens “lol” but I’ll take your word for it.,Not sure how kittens “lol” but I’ll take your word for it.,"1,4",1,3
edph4ed,wow - resonates with me.,wow - resonates with me.,26,26,6
edxoipc,I literally cried out IS THAT MATT BERRY?!?!?!?!?!,I literally cried out IS THAT MATT BERRY?!?!?!?!?!,25,25,5
edddal4,Oh and I forgot to add: he doesn't take your money and become a financial burden on your life,Oh and I forgot to add: he doesn't take your money and become a financial burden on your life,27,27,4
efeppa6,Good luck and Godspeed.,Good luck and Godspeed.,0,0,3
ed270uf,Ok but it’s easy to worry when the legal drinking age in your nation is one of the lowest among first-world countries.,Ok but it’s easy to worry when the legal drinking age in your nation is one of the lowest among first-world countries.,27,27,4
efdv7m4,Damn. As a [NAME] [NAME] I fear who the last Greek restauranteur in this death triangle will be :(,Damn. As a [NAME] [NAME] I fear who the last Greek restauranteur in this death triangle will be :(,14,14,2
edziqjn,"Take a note to PM me if you do, I'll happily pay for one!","Take a note to PM me if you do, I'll happily pay for one!",17,17,3
ed3os3q,2 weeks! thats my dream!,2 weeks! thats my dream!,27,27,4
eezrf5u,I feel like its got to do with the bad desync in the game right now.,I feel like its got to do with the bad desync in the game right now.,10,10,0
ed9k4o5,"I mean, ya, but this has been his stance for as long as I have been a fan. It isn’t really new for him.","I mean, ya, but this has been his stance for as long as I have been a fan. It isn’t really new for him.",22,22,6
ednsatv,Cinesphere and Trillium Park are both fantastic spots and I see absolutely zero reason to change them.,Cinesphere and Trillium Park are both fantastic spots and I see absolutely zero reason to change them.,0,0,3
ee0n1oz,How is [NAME] fleshed out? His entire role in ep1 was that he cooks. He's about as important as [NAME].,How is [NAME] fleshed out? His entire role in ep1 was that he cooks. He's about as important as [NAME].,"6,7",6,6
edsy9ne,Bad sarcasm in response to a bad joke seems about right to be fair.,Bad sarcasm in response to a bad joke seems about right to be fair.,4,4,3
eecm9y1,"How offensive. I, am NOT a duck!","How offensive. I, am NOT a duck!",3,3,0
ed6jnls,So then use shotguns?,So then use shotguns?,27,27,4
efhbv2x,I think she said he hit her through the car window,I think she said he hit her through the car window,27,27,4
edp7quw,trailer fabulous!!! i miss it,trailer fabulous!!! i miss it,25,25,5
eej9i84,Chattel slavery is uniquely different from other types of forced labour and indenture.,Chattel slavery is uniquely different from other types of forced labour and indenture.,27,27,4
eeu2m4z,"bcash is not bitcoin. its a fork if bitcoin, and you brought up [NAME] yourself which is pretty odd considering you think of him as a distraction.","bcash is not bitcoin. its a fork if bitcoin, and you brought up [NAME] yourself which is pretty odd considering you think of him as a distraction.",27,27,4
ee8izkt,"As a woman, I have to say I think you aren’t wrong about this.","As a woman, I have to say I think you aren’t wrong about this.",4,4,3
ed8ln9u,My turn should arrive this year. At least this place will allow me to leave my last words.,My turn should arrive this year. At least this place will allow me to leave my last words.,20,20,3
eerfxqs,What a perfect timing though.,What a perfect timing though.,0,0,3
eew50xj,This is my favourite game of all time and I miss it dearly. I made most of my best friends playing this game.,This is my favourite game of all time and I miss it dearly. I made most of my best friends playing this game.,0,0,3
ees8hg4,"Gee, thanks for waking up after being told for over a decade.","Gee, thanks for waking up after being told for over a decade.",15,15,3
ef1efal,Can't wait to see her looks in S11!,Can't wait to see her looks in S11!,7,7,6
eemb8z7,Then you get home and realise they managed to bill you for the booze. That's half your winnings gone.,Then you get home and realise they managed to bill you for the booze. That's half your winnings gone.,27,27,4
edz2b6d,I'm sorry your trust has been that badly broken.,I'm sorry your trust has been that badly broken.,24,24,5
eelekdj,But you ARE!,But you ARE!,27,27,4
ef2gy5u,It's going to get awfully dark and cold at night.,It's going to get awfully dark and cold at night.,11,11,1
eddqwa1,That means nothing beyond the fact that I couldn’t be asked arguing with you. It was a no contest essentially.,That means nothing beyond the fact that I couldn’t be asked arguing with you. It was a no contest essentially.,27,27,4
eda765s,"[NAME] gimmie more, [NAME] more. “[NAME] is making you all this money and all you do is talk crap about her.”","[NAME] gimmie more, [NAME] more. “[NAME] is making you all this money and all you do is talk crap about her.”",27,27,4
ee511ut,Utah is a beautiful state. I’ll give you that. I spent a week at Bear Lake and it was pretty amazing.,Utah is a beautiful state. I’ll give you that. I spent a week at Bear Lake and it was pretty amazing.,0,0,3
eerfdx1,I love that username,I love that username,"0,18",0,3
eekvt6q,so basically free money for those wealthy enough to take vacations annually. wonderful.,so basically free money for those wealthy enough to take vacations annually. wonderful.,13,13,3
ee8lz5u,"There’s no evidence that 12-step programs work any better than no program, so you’re not missing anything if you quit. Good luck.","There’s no evidence that 12-step programs work any better than no program, so you’re not missing anything if you quit. Good luck.",20,20,3
ed294ug,Great game. Love winning in NOLA.,Great game. Love winning in NOLA.,"0,18",0,3
edm5gn8,I personally wish that they stuck with the spin offs but if their happy I’m good.👌,I personally wish that they stuck with the spin offs but if their happy I’m good.👌,8,8,3
ee9ufw1,Especially the Lexus peeps. Just baffles me how they dash in their nice cars.,Especially the Lexus peeps. Just baffles me how they dash in their nice cars.,27,27,4
eeoecpu,"Why's it called going into 86'ed mode though? I've never heard that before, it's interesting","Why's it called going into 86'ed mode though? I've never heard that before, it's interesting",7,7,6
edrophq,Wow that's some great facts and logic you're arguing with.,Wow that's some great facts and logic you're arguing with.,0,0,3
ee2lo8r,Studying something doesn't make you bright. Getting a degree does.,Studying something doesn't make you bright. Getting a degree does.,4,4,3
eenkyol,How is this world politics?,How is this world politics?,27,27,4
eenz2ay,"bushwick, and playing a drum doesn't mean someone cannot work a job. ","bushwick, and playing a drum doesn't mean someone cannot work a job. ",27,27,4
ef48bz1,Cue uncontrollable giggles.,Cue uncontrollable giggles.,1,1,3
ed35262,What's does the future hold for you two? You're not happy with him. You deserve better.,What's does the future hold for you two? You're not happy with him. You deserve better.,7,7,6
ed1h5g1,Y’all are just jealous that this individual identifies as a fish hook. On a serious note though going through an airport tsa must be a nightmare,Y’all are just jealous that this individual identifies as a fish hook. On a serious note though going through an airport tsa must be a nightmare,3,3,0
edl98qa,This is why I came to the comments section,This is why I came to the comments section,27,27,4
eesw8tl,Hahahaha. Wow. Pure gold!,Hahahaha. Wow. Pure gold!,1,1,3
efg0sxd,"None. If you get anything at all, it's a bonus, but don't expect anything.","None. If you get anything at all, it's a bonus, but don't expect anything.",27,27,4
ee9epfm,(#1)Just love him/her (#2) Be forgiving,(#1)Just love him/her (#2) Be forgiving,"5,18",5,3
edbzxap,"Praying for the one who wrote that, that he isn't gonna caught...","Praying for the one who wrote that, that he isn't gonna caught...",5,5,3
eea2a0o,This isn't meant to be a diy thing I think it's a YouTube craft channel they exist because it's calming to watxh,This isn't meant to be a diy thing I think it's a YouTube craft channel they exist because it's calming to watxh,27,27,4
ee5x15q,It’s true. Icebergs can’t melt steel beams.,It’s true. Icebergs can’t melt steel beams.,4,4,3
ed6pxs5,thats why she is going crazy lmao,thats why she is going crazy lmao,1,1,3
efahhws,I absolutely thinky wife is more beautiful now than when I met her.,I absolutely thinky wife is more beautiful now than when I met her.,0,0,3
eekzspo,Those Boys risked their lives for a strong independent woman.,Those Boys risked their lives for a strong independent woman.,27,27,4
efaporv,"That's a nice way to say ""being forcibly removed as illegal immigrants."".","That's a nice way to say ""being forcibly removed as illegal immigrants."".",4,4,3
efgs56j,Yeah would be exciting!,Yeah would be exciting!,13,13,3
edzrrh0,His music is bad starting with that yeezus album,His music is bad starting with that yeezus album,11,11,1
ef86k66,I didn’t know [NAME] disliked Pittsburgh so much,I didn’t know [NAME] disliked Pittsburgh so much,26,26,6
ee4u727,This is so bad that I immediately retold it to everyone I know.,This is so bad that I immediately retold it to everyone I know.,"9,12",9,5
eeq4ocj,!RemindMe 10 days,!RemindMe 10 days,27,27,4
edde5o3,"Even if it was true, what would they actually gain from misrepresenting the data?","Even if it was true, what would they actually gain from misrepresenting the data?",27,27,4
edsi93v,"JFC, they can't help themselves.","JFC, they can't help themselves.",27,27,4
ef8ee52,Bike snob here. $400 is hella cheap for any bike that gets raced.,Bike snob here. $400 is hella cheap for any bike that gets raced.,27,27,4
eenewbj,"wasn’t it just reported that the [NAME] report will be “anticlimactic?” Don’t like [NAME], I’m just keeping it real.","wasn’t it just reported that the [NAME] report will be “anticlimactic?” Don’t like [NAME], I’m just keeping it real.",27,27,4
edok11u,Crap. Absolutely missed that when typing my paragraph mountains. Fixed.,Crap. Absolutely missed that when typing my paragraph mountains. Fixed.,9,9,5
ef9vfvu,Lol sounds great but that's probably not what the OP wants to hear 😉,Lol sounds great but that's probably not what the OP wants to hear 😉,"0,1,20",0,3
ed8bnk1,[NAME] [NAME] Bros are losing their minds over this tweet.,[NAME] [NAME] Bros are losing their minds over this tweet.,1,1,3
eeu4qki,Honestly? I dont know. My parents told me that itd be seen as suspicious,Honestly? I dont know. My parents told me that itd be seen as suspicious,26,26,6
edpewdt,"For example, I think this picture of [NAME] character from southpark) is soooo cute","For example, I think this picture of [NAME] character from southpark) is soooo cute",0,0,3
ee4fdho,"Via Napoli in Epcot is amazing, but no garlic bread (the pizza is great though). ","Via Napoli in Epcot is amazing, but no garlic bread (the pizza is great though). ",0,0,3
ee8vuxa,"Yeah, that one. I forgot the name earlier.","Yeah, that one. I forgot the name earlier.",27,27,4
ed6dlqm,Downvoting in hopes it will make this news go away,Downvoting in hopes it will make this news go away,20,20,3
efausjt,Take your pick bro.,Take your pick bro.,27,27,4
ee5emd6,"Hello, Could you try exiting the game and restarting? Please let us know if you're still getting the pop-up afterward. Thanks!","Hello, Could you try exiting the game and restarting? Please let us know if you're still getting the pop-up afterward. Thanks!",15,15,3
ef4litv,"If you have schools in your city, I got bad news for ya champ...","If you have schools in your city, I got bad news for ya champ...",25,25,5
eelh8cr,Vr chat is free and you can play it without vr,Vr chat is free and you can play it without vr,27,27,4
efgo7gb,"That's just, like, your opinion, man","That's just, like, your opinion, man",27,27,4
eeuqefv,"Maybe they'll change their mind one day! That sounds good, I'll give it a go some time!","Maybe they'll change their mind one day! That sounds good, I'll give it a go some time!",0,0,3
ee7tflq,"Wait, what? [NAME] wasn't allowed a *bank account*?","Wait, what? [NAME] wasn't allowed a *bank account*?","7,26",7,6
edvourz,"Reminds me of ""It's your city!"" back in The Flash 2X08.","Reminds me of ""It's your city!"" back in The Flash 2X08.",27,27,4
efcxjgb,"Thanks; it is a major turn-off because there's no reasoning - he ""knows"" it's a fact. I appreciate your perspective.","Thanks; it is a major turn-off because there's no reasoning - he ""knows"" it's a fact. I appreciate your perspective.",15,15,3
ef1sdgy,Thanks for adding the link. I'm not that reddit savvy,Thanks for adding the link. I'm not that reddit savvy,15,15,3
efgtx0j,Adoption is an option. You don't have to force someone to exist but you can let them have a good life.,Adoption is an option. You don't have to force someone to exist but you can let them have a good life.,27,27,4
edxv5n2,I WANTED GENERAL LUCK TO MARCH TO NEW ENGLAND AND *THEN* GET SPANKED UP AND DOWN THE FIELD FOR 60 MINUTES.,I WANTED GENERAL LUCK TO MARCH TO NEW ENGLAND AND *THEN* GET SPANKED UP AND DOWN THE FIELD FOR 60 MINUTES.,8,8,3
efbzz7y,Are you saying the ones who suffer most are billionaire psychopaths? I’m confused by the wording.,Are you saying the ones who suffer most are billionaire psychopaths? I’m confused by the wording.,6,6,6
eelgn8o,You know even when women wear their hair natural they’re still putting products in it right?,You know even when women wear their hair natural they’re still putting products in it right?,27,27,4
ed4i43g,"A best friend would get me a vibrator. Not something that’ll make me feel like an oily, ugly piece of shit.","A best friend would get me a vibrator. Not something that’ll make me feel like an oily, ugly piece of shit.","4,5",4,3
efcmsgh,Looks like goodfellow,Looks like goodfellow,0,0,3
eetilbo,"He's been playing better this season though, in my opinion.","He's been playing better this season though, in my opinion.",0,0,3
ed911wk,Great to hear you're so loving together! Wishing you all the best. Feel free to PM me anytime!,Great to hear you're so loving together! Wishing you all the best. Feel free to PM me anytime!,0,0,3
ee64azv,Those are sexist theories not facts.,Those are sexist theories not facts.,27,27,4
eeiu4ae,I find this aspect of the law so ridiculous. I suppose pepper spray is lethal to people with respiratory conditions like asthma or certain rare allergies.,I find this aspect of the law so ridiculous. I suppose pepper spray is lethal to people with respiratory conditions like asthma or certain rare allergies.,3,3,0
edle31y,I HEARD SOMEONE SAID THE F WORD,I HEARD SOMEONE SAID THE F WORD,27,27,4
eez7i4k,Can’t really do much about it since our only other ball handler available today is Napier,Can’t really do much about it since our only other ball handler available today is Napier,27,27,4
eep0fi2,I’m always weirded out whenever I see him without a beard because in my game I got the longest beard I could,I’m always weirded out whenever I see him without a beard because in my game I got the longest beard I could,27,27,4
ee4jiu6,"You spend time in The Donald, do you not understand irony?","You spend time in The Donald, do you not understand irony?",3,3,0
edw1eyg,AS..... YOU.... WISSHHH!!!.. Inconceivable! My first ever silver. Thank you kind stranger.,AS..... YOU.... WISSHHH!!!.. Inconceivable! My first ever silver. Thank you kind stranger.,"15,17",15,3
edycbyu,I will! This is a great new excuse for never leaving my house,I will! This is a great new excuse for never leaving my house,0,0,3
eew812l,They really dont understand the value of an inch do they,They really dont understand the value of an inch do they,27,27,4
eedfnfm,[NAME] I loved [NAME].,[NAME] I loved [NAME].,18,18,3
ede7p7v,I love how having high standards is used as an insult here.,I love how having high standards is used as an insult here.,18,18,3
edg1qen,You’re an inspiration,You’re an inspiration,0,0,3
efakift,"I'm glad it only sprayed soda when his thumb went into the can, and not blood everywhere.","I'm glad it only sprayed soda when his thumb went into the can, and not blood everywhere.",23,23,3
eeezzqt,[NAME] has consistently being volatile. It's just a matter of time until she's being rude to [NAME] again.,[NAME] has consistently being volatile. It's just a matter of time until she's being rude to [NAME] again.,3,3,0
efbia3s,I think they might be! I'll let her know - thank you :),I think they might be! I'll let her know - thank you :),15,15,3
efcaa2y,Thank you! Good night!,Thank you! Good night!,15,15,3
edowgwa,It isn't incorrect to use 'they' even when a person is explicitly a women/man.,It isn't incorrect to use 'they' even when a person is explicitly a women/man.,4,4,3
edi72ov,"Glad to see you were able to get this worked out, thx for the update! ","Glad to see you were able to get this worked out, thx for the update! ","15,17",15,3
edo7qh4,I thought they were talking about the cat.,I thought they were talking about the cat.,27,27,4
eelojiq," looks unreal, like it's a toy or something."," looks unreal, like it's a toy or something.",26,26,6
edihnax,"The attraction and the action are two separate things, and you know that. No one chooses who they are attracted to. Stop it. ","The attraction and the action are two separate things, and you know that. No one chooses who they are attracted to. Stop it. ",2,2,0
ef8g5s3,Interesting theory.,Interesting theory.,13,13,3
eec3may,"Im there as well, You get into these habits and become complacent its like your watching your life in 3rd person. For me that is.","Im there as well, You get into these habits and become complacent its like your watching your life in 3rd person. For me that is.",5,5,3
ee7j6q5,I mean yeah we were the best counter attacking team. That counter was so disappointing,I mean yeah we were the best counter attacking team. That counter was so disappointing,9,9,5
eetagnd,There are Cubs fans that died at 95 without ever having seen their favorite team win a title. At what point is the LOILTY worth it?,There are Cubs fans that died at 95 without ever having seen their favorite team win a title. At what point is the LOILTY worth it?,9,9,5
efbs9pz,"Also. Read the sidebar, thank you.","Also. Read the sidebar, thank you.",15,15,3
edcegf4,he was stellar the Memphis game down the stretch. honestly forgot about that,he was stellar the Memphis game down the stretch. honestly forgot about that,27,27,4
eeaa4kh,He’s been going to a restaurant for 40 years and forgot what it looked like and where it was.. uh huh.,He’s been going to a restaurant for 40 years and forgot what it looked like and where it was.. uh huh.,27,27,4
eerq2nh,PC Plod. The old bill,PC Plod. The old bill,27,27,4
edekjf0,There is clearly something really goddamned wrong with the policy then.,There is clearly something really goddamned wrong with the policy then.,4,4,3
edvaw2d,Don’t blame us because you’re a dumbass..,Don’t blame us because you’re a dumbass..,"2,3",2,0
eczvg8i,Stay strong dude,Stay strong dude,5,5,3
ee12ert,"That's what everyone says but they are ugly. I want a Diavel, m109, or a Vrod.","That's what everyone says but they are ugly. I want a Diavel, m109, or a Vrod.",10,10,0
ed8c0zh,IIRC there is a Simpsons episode where [NAME] has programmed the emergency button on the phone to call the pizza place.,IIRC there is a Simpsons episode where [NAME] has programmed the emergency button on the phone to call the pizza place.,27,27,4
edv2ae3,. . . Wait a fucking second,. . . Wait a fucking second,"2,3",2,0
eeuaa0v,Wondered 'why doesn't it seem like theyre making any progress' before I realized how short the loop was....,Wondered 'why doesn't it seem like theyre making any progress' before I realized how short the loop was....,22,22,6
eewj9aj,"[NAME] is amped, I'm excited that he's excited","[NAME] is amped, I'm excited that he's excited",13,13,3
ee7x3ox,“[NAME] you’re still here? Geez you really are slow.”,“[NAME] you’re still here? Geez you really are slow.”,9,9,5
eewmxug,Oh I'd wager it was as addictive :-) 7x70's :-/,Oh I'd wager it was as addictive :-) 7x70's :-/,27,27,4
ed78nq5,Did you taste it,Did you taste it,7,7,6
ef3fb5w,Marriage takes 2 to be successful. Love him enough to let him go.,Marriage takes 2 to be successful. Love him enough to let him go.,27,27,4
ed4vczs,"Besides a petty theft conviction out of Florida in 2003, there's nothing. No other convictions.","Besides a petty theft conviction out of Florida in 2003, there's nothing. No other convictions.",27,27,4
eeosp04,Reminds me of the podcast Welcome To Nightvale.,Reminds me of the podcast Welcome To Nightvale.,22,22,6
eeswdga,You came here to cry,You came here to cry,3,3,0
eeungao,"You guys can downvote me all you want, but this sub is every day looking more and more alike r/gameofthrones","You guys can downvote me all you want, but this sub is every day looking more and more alike r/gameofthrones","3,10",3,0
edetgnk,But should I? And who would I report that too? since none of us 3 are in the same country,But should I? And who would I report that too? since none of us 3 are in the same country,27,27,4
edkmfr1,Oh wow I forgot [NAME] and [NAME]. I have not read it.. have a link?,Oh wow I forgot [NAME] and [NAME]. I have not read it.. have a link?,26,26,6
edtnwpp,It’s a metaphor. No one cares how big his anatomy is.,It’s a metaphor. No one cares how big his anatomy is.,27,27,4
edl3jz1,Perfect! Thanks,Perfect! Thanks,15,15,3
edzkupx,"If [NAME] gets the better of [NAME] today, EV should learn not to start [NAME] at RB against pacy attackers m ","If [NAME] gets the better of [NAME] today, EV should learn not to start [NAME] at RB against pacy attackers m ",27,27,4
edoj67y,I can't stand having my motives questioned.,I can't stand having my motives questioned.,27,27,4
eeos6gq,"I believe that this may be meant for the person above me, for I have moved into the realm of monetized bananas. ","I believe that this may be meant for the person above me, for I have moved into the realm of monetized bananas. ","4,20",4,3
ef9q1tq,"Make nachos, get a beer, and get ready to yell SUEY!!","Make nachos, get a beer, and get ready to yell SUEY!!",13,13,3
ef1i9q3,"One post, 155 updogs. I've seen this raw power only once before.","One post, 155 updogs. I've seen this raw power only once before.",26,26,6
eeidamx,"For the people and finding out how they end up? Sure. Other than that, it’s not great. Frustrating at best. ","For the people and finding out how they end up? Sure. Other than that, it’s not great. Frustrating at best. ",2,2,0
eeq8sim,[NAME] - I misspelt and can’t correct it now,[NAME] - I misspelt and can’t correct it now,22,22,6
efa5ht4,>cat beby the fuck is wrong with you,>cat beby the fuck is wrong with you,2,2,0
ed8mnwb,Alberta needs to get with the times.,Alberta needs to get with the times.,27,27,4
ed9042l,"You shouldn't be so hard on yourself. Just relax, take a deep breath, let the blood flow. Everything's going to be fine.","You shouldn't be so hard on yourself. Just relax, take a deep breath, let the blood flow. Everything's going to be fine.",20,20,3
effka4d,I said this somewhere else.. but I swear that man in the hood is caucasian... But that was actually hilarious,I said this somewhere else.. but I swear that man in the hood is caucasian... But that was actually hilarious,1,1,3
eenhj27,You da real MVP,You da real MVP,27,27,4
efgvu5l,"Omg, *please*","Omg, *please*",3,3,0
eda3duf,"This video was uploaded in October 2013, over five years ago now. This just feels like an unnecessarily inflammatory post for karma to me.","This video was uploaded in October 2013, over five years ago now. This just feels like an unnecessarily inflammatory post for karma to me.",9,9,5
ee532vu,I got mine on the exact same mission!,I got mine on the exact same mission!,27,27,4
edr0gyg,Nice! I haven’t listened to them or Tool in so long. Will def be getting back into them now.,Nice! I haven’t listened to them or Tool in so long. Will def be getting back into them now.,0,0,3
ediiyko,"Nothing against bartenders at all. Dumbass people like [NAME], I make fun of because I can.","Nothing against bartenders at all. Dumbass people like [NAME], I make fun of because I can.",1,1,3
ef3d3hj,The west is so unfair :(,The west is so unfair :(,10,10,0
edwk0oj,Don’t worry about it I meant what I said thank you really,Don’t worry about it I meant what I said thank you really,15,15,3
edhqnmi,Things were significantly worse back then than they are now.,Things were significantly worse back then than they are now.,11,11,1
eenl2jq,ELABORATE plz!!!!,ELABORATE plz!!!!,7,7,6
eeodlb2,I've probably put a couple hundred miles on my space saver tire. It's still on there right now.,I've probably put a couple hundred miles on my space saver tire. It's still on there right now.,27,27,4
eepjd53,"It's 2019 and people are *still* saying ""SJW's?"" Ha! Hahahahaha! Oh my life. [NAME].","It's 2019 and people are *still* saying ""SJW's?"" Ha! Hahahahaha! Oh my life. [NAME].",1,1,3
edqv0nr,[NAME] is trying not to laugh through his lines and hoesntly I love it.,[NAME] is trying not to laugh through his lines and hoesntly I love it.,18,18,3
ef3r0v2,Oh ok I never watched that show. I love that judge though.,Oh ok I never watched that show. I love that judge though.,18,18,3
eetvlkl,"If you want any hope of getting better, you must stop everything and anything with underage girls...forever ","If you want any hope of getting better, you must stop everything and anything with underage girls...forever ","4,5",4,3
ef4eh5e,"No offense taken, and I agree with your last statement.","No offense taken, and I agree with your last statement.",4,4,3
eedz2e9,Same clothes and the door is black on the other side - looks so real!!,Same clothes and the door is black on the other side - looks so real!!,4,4,3
edm26gc,"I don't doubt that, but there's a difference between doing something as a social activity and a psychoactive drugs that actually makes you feel more social.","I don't doubt that, but there's a difference between doing something as a social activity and a psychoactive drugs that actually makes you feel more social.",4,4,3
eef2w27,We tell our girl friends too when we get asked out :),We tell our girl friends too when we get asked out :),27,27,4
ed6a1cw,My 2 best girls in the series combined into one and [NAME] with [NAME] colors is so beautiful :),My 2 best girls in the series combined into one and [NAME] with [NAME] colors is so beautiful :),0,0,3
edt7yvb,The more I look the worse it gets,The more I look the worse it gets,22,22,6
eeodu0d,I liked [NAME] updated “I thought this was a teaching hospital!”,I liked [NAME] updated “I thought this was a teaching hospital!”,18,18,3
efeoeou,Neither am I. I'm mocking her alongside you.,Neither am I. I'm mocking her alongside you.,3,3,0
eeujzsd,"Thanks man, I appreciate it, I love her but this was way to far, thanks man 💜","Thanks man, I appreciate it, I love her but this was way to far, thanks man 💜","0,15",0,3
efdwu1x,I hate it and I love it.,I hate it and I love it.,18,18,3
ed8qydk,Bdo is love,Bdo is love,18,18,3
eeozbej,They are the modern day Nickelback.,They are the modern day Nickelback.,27,27,4
edokegg,"America is not a country, it's a fucking business. if you have zero money, no one cares about you.","America is not a country, it's a fucking business. if you have zero money, no one cares about you.",2,2,0
eeaanku,Eat the apple butthole first. It's the best way to eat the apple.,Eat the apple butthole first. It's the best way to eat the apple.,0,0,3
eetacw1,Its onky been 6 years i think you read the second line,Its onky been 6 years i think you read the second line,27,27,4
eea7ivy,I am. I do! You're welcome.,I am. I do! You're welcome.,15,15,3
eeyn22a,Thank you! I’ll contact you tomorrow! :),Thank you! I’ll contact you tomorrow! :),15,15,3
ed1oug1,Wow damn this some good words,Wow damn this some good words,0,0,3
edtaaw2,"Do y’all consider Cadillacs as “luxury” cars similar to Audis, BMW, Lexus ?","Do y’all consider Cadillacs as “luxury” cars similar to Audis, BMW, Lexus ?",7,7,6
ee6iphy,WHAT THE HELL!,WHAT THE HELL!,2,2,0
edh1767,"Hey, thank you. :) I appreciate it.","Hey, thank you. :) I appreciate it.","0,15",0,3
efaa6n8,I'm more saying that I think the south is a joke.,I'm more saying that I think the south is a joke.,1,1,3
eeo4op1,What about Governor [NAME]?,What about Governor [NAME]?,7,7,6
ed10y3q,After he did the one year contract last year I'm not seeing him staying here with no improvement from our team.,After he did the one year contract last year I'm not seeing him staying here with no improvement from our team.,10,10,0
ef04w19,Pets are the best ❤,Pets are the best ❤,4,4,3
edrayos,dom will be used as outfield depth,dom will be used as outfield depth,27,27,4
edw5zjt,"If you look at her from a distance, she's super cute. Then you get close and it's a [NAME] painting of tweaky, delusion.","If you look at her from a distance, she's super cute. Then you get close and it's a [NAME] painting of tweaky, delusion.",0,0,3
ef5d17e,[NAME] for best actress,[NAME] for best actress,27,27,4
ed4sg4w,Is he really your buddy if you have to ask us how to talk to him?,Is he really your buddy if you have to ask us how to talk to him?,6,6,6
efbj27r,Yeah 150 is a little much. Reverting to 125 would be perfect,Yeah 150 is a little much. Reverting to 125 would be perfect,22,22,6
eda4ma4,[NAME] has cast a Magic Shield of Jesus [NAME] Claims He Cast “Shield of Protection” That Will Send Hurricane [NAME] Back Out to,[NAME] has cast a Magic Shield of Jesus [NAME] Claims He Cast “Shield of Protection” That Will Send Hurricane [NAME] Back Out to,27,27,4
eepr6u3,Caution: [NAME],Caution: [NAME],27,27,4
eebblwf,Um... I’m extremely concerned as to which one’s business and which one’s casual.,Um... I’m extremely concerned as to which one’s business and which one’s casual.,6,6,6
edodxzv,Thanks for being here. :-) We can always use allies.,Thanks for being here. :-) We can always use allies.,15,15,3
edj00rk,congrats to everyone who picked the over,congrats to everyone who picked the over,0,0,3
ee0ovgs,"My point is that IQ basically works. As with literally everything, there are flaws, but it's not junk science. ","My point is that IQ basically works. As with literally everything, there are flaws, but it's not junk science. ",4,4,3
eddkv4t,We already had that fake news before. There's no such discussion.,We already had that fake news before. There's no such discussion.,10,10,0
edb79g1,"And the shit like ""like for [NAME], Ignore for satan""","And the shit like ""like for [NAME], Ignore for satan""",3,3,0
efecsa3,you are so welcome. I’m glad I could bring sunshine to your day.,you are so welcome. I’m glad I could bring sunshine to your day.,15,15,3
edwzkjk,"Thimerosal isn't even in vaccines anymore, due to the controversy. ","Thimerosal isn't even in vaccines anymore, due to the controversy. ",27,27,4
effb2gi,It's all greek to me,It's all greek to me,27,27,4
eepmpf7,There is no such Thing as [NAME] or an Almighty !,There is no such Thing as [NAME] or an Almighty !,10,10,0
eeeqwbq,"Both Islanders goaltenders support [NAME] and they are having career years, coincidence? I think not. ","Both Islanders goaltenders support [NAME] and they are having career years, coincidence? I think not. ",6,6,6
eff54r8,That sounds so awesome. Thanks for talking about it.,That sounds so awesome. Thanks for talking about it.,"0,15",0,3
eff3mwu,Oh. Sorry.,Oh. Sorry.,25,25,5
ed9vbms,they dont pay shit,they dont pay shit,2,2,0
eeszik9,Looks like you just finished eating a shit covered ass.,Looks like you just finished eating a shit covered ass.,3,3,0
eeb6xxk,"Sorry, but [NAME] is too POWERFUL, not to be his own character. But seriously i definitely now want this.","Sorry, but [NAME] is too POWERFUL, not to be his own character. But seriously i definitely now want this.",8,8,3
edrv1m4,hey the 5 riders per van per day are upset,hey the 5 riders per van per day are upset,9,9,5
ed72tpc,Hello autism my old friend,Hello autism my old friend,3,3,0
eczh6mi,I'm guessing HIS blood type is mountain dew,I'm guessing HIS blood type is mountain dew,27,27,4
edm6zip,yikes i thought it was just a joke transformer [NAME],yikes i thought it was just a joke transformer [NAME],11,11,1
eepw8ng,Fight milk 🥛 lol,Fight milk 🥛 lol,1,1,3
edhoqsl,wow. thank you. you dont know how badly i needed that tbh,wow. thank you. you dont know how badly i needed that tbh,15,15,3
efcnuq8,“Hello darkness my old friend...”,“Hello darkness my old friend...”,27,27,4
ef60db2,"Oh no way is it miners, it's blockstream fault they bought every developer that had commit access to bitcoin's repository. End of story.","Oh no way is it miners, it's blockstream fault they bought every developer that had commit access to bitcoin's repository. End of story.",27,27,4
ed47xou,Is the use of stone that common for the medical field in the UK?,Is the use of stone that common for the medical field in the UK?,7,7,6
edh9t8o,oh yeah? Mines real,oh yeah? Mines real,27,27,4
eedxtl7,Rip the guy from psych,Rip the guy from psych,16,16,5
eeysent,"That’s a good idea, thanks","That’s a good idea, thanks","0,15",0,3
eda9kvy,My ecology professor hated outdoor cats for that reason. They're extremely destructive animals.,My ecology professor hated outdoor cats for that reason. They're extremely destructive animals.,3,3,0
ee5ojr8,Don't doubt yourself. They're wrong.,Don't doubt yourself. They're wrong.,27,27,4
ednvjq5,"You love her knowing her limitations, adjusting your expectations, and keeping boundaries firmly set and enforced hard.","You love her knowing her limitations, adjusting your expectations, and keeping boundaries firmly set and enforced hard.",18,18,3
ee3ez5i,When people say [NAME] should be an All star just show them that last possession,When people say [NAME] should be an All star just show them that last possession,27,27,4
ee3kor6,Nahhh just as they came to me,Nahhh just as they came to me,27,27,4
eczfbty,happy new year buddy!,happy new year buddy!,17,17,3
ef1t0x5,All these years I didn't know he escaped just to go to florida and kill some more smh,All these years I didn't know he escaped just to go to florida and kill some more smh,27,27,4
eem5zrr,Thank you. [NAME],Thank you. [NAME],15,15,3
edkz8sa,Thanks [NAME]. We hardly knew ye,Thanks [NAME]. We hardly knew ye,15,15,3
eefmlnv,She’s sexy I’d hit.,She’s sexy I’d hit.,0,0,3
edzdoki,"Just out of curiosity, what age group are you? Your boyfriend seems real decent nut the scenario sounds like teenagers I'm confused!","Just out of curiosity, what age group are you? Your boyfriend seems real decent nut the scenario sounds like teenagers I'm confused!","6,7",6,6
edknaxi,I sure do.,I sure do.,4,4,3
edgtx6i,"Ooh, [NAME] not happy.","Ooh, [NAME] not happy.",27,27,4
edzqh1i,Wow that was such a beautiful drive by [NAME]. Really wish we could see more of that,Wow that was such a beautiful drive by [NAME]. Really wish we could see more of that,27,27,4
ee4e6rg,"This whole ordeal seems entirely pointless, but i don't want to turn away in case i miss some drama","This whole ordeal seems entirely pointless, but i don't want to turn away in case i miss some drama",10,10,0
ed211et,"most conservatives have been pissed at cities in Minnesota raising the age to buy tobacco, I guess i'm a little confused on what you are talking about.","most conservatives have been pissed at cities in Minnesota raising the age to buy tobacco, I guess i'm a little confused on what you are talking about.",6,6,6
edaclnn,A crappy situation... Man oh man...,A crappy situation... Man oh man...,9,9,5
edgnyi8,"You're going to be free one day, but never if you stop trying. Every weeks a new week, goodluck !","You're going to be free one day, but never if you stop trying. Every weeks a new week, goodluck !",20,20,3
ef19rfv,He wasn’t hot to me but he has that attitude I find attractive af.,He wasn’t hot to me but he has that attitude I find attractive af.,0,0,3
eegxzkc,"I’d say her knee is more done, ankle looks ok but I’m n doctor lol","I’d say her knee is more done, ankle looks ok but I’m n doctor lol",1,1,3
ef131xp,"I haven't gone by the name [NAME] since, oh before you were born.","I haven't gone by the name [NAME] since, oh before you were born.",27,27,4
eenvcj6,Yah. I unfortunately was sitting and watching this documentary with my Mother. That was very awkward.,Yah. I unfortunately was sitting and watching this documentary with my Mother. That was very awkward.,12,12,5
ed74vra,"Being a nice, interesting person has helped me get a lot of friends but hasn't really gotten me anywhere with regards to women. ","Being a nice, interesting person has helped me get a lot of friends but hasn't really gotten me anywhere with regards to women. ",9,9,5
ee3b844,I like it,I like it,18,18,3
ee98wzd,"Good potatoes, good pasta.","Good potatoes, good pasta.",0,0,3
edlw2g4,"If y'all didn't like OKC before, you hate 'em now.","If y'all didn't like OKC before, you hate 'em now.","2,10",2,0
efg90h9,Yeah fuck all of them down votes xD instantly had this run through my head when I saw the post. One of my favorites as well...,Yeah fuck all of them down votes xD instantly had this run through my head when I saw the post. One of my favorites as well...,3,3,0
edxtibo,Funny how we get more anxious about our heroes than their victims,Funny how we get more anxious about our heroes than their victims,1,1,3
edm6qdl,"If the fan doesn't work, then I'm fine with it.","If the fan doesn't work, then I'm fine with it.",4,4,3
ed6p459,"I’m hugging you back!!! Not in a weird way. :-). Thank you, internet stranger. ","I’m hugging you back!!! Not in a weird way. :-). Thank you, internet stranger. ",15,15,3
eeanq7r,"Canada here, yup..... gods damned homophobic leftovers.","Canada here, yup..... gods damned homophobic leftovers.",3,3,0
eetfduz,16-37 and 25 fta. [NAME] is so fucking overrated. Volume chucker/flopper in a fast paced no defense league.,16-37 and 25 fta. [NAME] is so fucking overrated. Volume chucker/flopper in a fast paced no defense league.,2,2,0
eefn8uv,This made me laugh so hard I farted and woke my dog up. Only thing missing is the confetti.,This made me laugh so hard I farted and woke my dog up. Only thing missing is the confetti.,1,1,3
ef96s4w,Wasn’t it 99% of the WORLD’S population? Like how in the fuck is that even possible...,Wasn’t it 99% of the WORLD’S population? Like how in the fuck is that even possible...,26,26,6
edmx5mv,The thing to understand about [NAME] is that he's a complete moron.,The thing to understand about [NAME] is that he's a complete moron.,3,3,0
eetm9zd,His main goal is attacking KSI's comment section,His main goal is attacking KSI's comment section,27,27,4
eeqyl4u,Like you said your tired probably mentally and physically. You need a dam break is what it sounds like my friend.,Like you said your tired probably mentally and physically. You need a dam break is what it sounds like my friend.,5,5,3
eejfrq9,It's alright old man we're almost to your room,It's alright old man we're almost to your room,5,5,3
edl87ac,"[NAME], [NAME] mother. I loved her in the one episode. She had great chemistry with everyone she met. ","[NAME], [NAME] mother. I loved her in the one episode. She had great chemistry with everyone she met. ",0,0,3
ee35g54,"Oof, thanks","Oof, thanks",15,15,3
eeu6561,"If she deleted your Snapchat just because you showed up to a bingo, then it seems she's a bit of a bad person","If she deleted your Snapchat just because you showed up to a bingo, then it seems she's a bit of a bad person",11,11,1
ee5i9cw,The new persona is only if you get the true ending. Not sure if the thread poster has but just in case he didn’t,The new persona is only if you get the true ending. Not sure if the thread poster has but just in case he didn’t,27,27,4
eegnxi7,Love your username,Love your username,18,18,3
edzjor2,"If you’re a solo player, then I understand...","If you’re a solo player, then I understand...",22,22,6
efgtpzv,Thanks for your comment. This makes sense with the time frames too.,Thanks for your comment. This makes sense with the time frames too.,"4,15",4,3
eex192q,I only wrote it down as a last choice if I have trouble meeting people on campus.,I only wrote it down as a last choice if I have trouble meeting people on campus.,27,27,4
ee37xgd,On days like this you can get an extra scoop. Just to make sure you have the finnnnnessst meals ;),On days like this you can get an extra scoop. Just to make sure you have the finnnnnessst meals ;),5,5,3
ef40i8o,Well banano is pretty memeorable,Well banano is pretty memeorable,27,27,4
eexv98q,1. They don't understand football fundamentals. They play [NAME]. 2. They are short and want someone to identify with.,1. They don't understand football fundamentals. They play [NAME]. 2. They are short and want someone to identify with.,27,27,4
edzsn5e,Truth is hate. Men are women.,Truth is hate. Men are women.,27,27,4
eep0px2,"No, the full video shows that the kids surrounded and berated the native elder man ","No, the full video shows that the kids surrounded and berated the native elder man ","2,3",2,0
edmst7r,Finally Mesut!,Finally Mesut!,27,27,4
eetdz7h,Don't endorse violence against people.,Don't endorse violence against people.,3,3,0
ee3i9ol,It's your boy [NAME]!!,It's your boy [NAME]!!,27,27,4
eed7yil,He was young and he thought he was doing the right thing. No need to be rude about it.,He was young and he thought he was doing the right thing. No need to be rude about it.,4,4,3
efdyqen,Exactly. It’s all about control,Exactly. It’s all about control,27,27,4
edhxflk,"YAAAS! Even though you're a stranger on the internet, this has made my day.","YAAAS! Even though you're a stranger on the internet, this has made my day.","13,17",13,3
edng1aq,"Today's Recaptchas were fun. I'm very good at identifying store fronts, apparently...","Today's Recaptchas were fun. I'm very good at identifying store fronts, apparently...",17,17,3
edgk4l6,Say you ate something or say things they cannot measure.,Say you ate something or say things they cannot measure.,27,27,4
eezjnyo,Ok! I like making friends,Ok! I like making friends,18,18,3
edtka5o,That is in no way sexual harrassment...,That is in no way sexual harrassment...,10,10,0
ef0pifu,"Right, but we want to shit talk them directly. Not agree with other people shit talking them.","Right, but we want to shit talk them directly. Not agree with other people shit talking them.","3,10",3,0
efbk1f2,Look on the bright side. I dont know what your bright side is but just look at it.,Look on the bright side. I dont know what your bright side is but just look at it.,5,5,3
eetg179,We mess up on a draft so we just nvr draft anymore?,We mess up on a draft so we just nvr draft anymore?,27,27,4
edfg6s2,Yep just googled it and she’s freezing her eggs and telling EVERYONE how I missed this...who knows,Yep just googled it and she’s freezing her eggs and telling EVERYONE how I missed this...who knows,27,27,4
eeqai17,Before.revolution can happen in the streets it first has to happen in their minds - Stuck Mojo,Before.revolution can happen in the streets it first has to happen in their minds - Stuck Mojo,27,27,4
ef8k4d7,"Last game I think someone said it well, ""[NAME] like a toddler in an NBA Pro's body. ","Last game I think someone said it well, ""[NAME] like a toddler in an NBA Pro's body. ",4,4,3
edxfzjt,Just in time to get excited for a mediocre Twins season!,Just in time to get excited for a mediocre Twins season!,13,13,3
eehthf7,I feel like I have to call bs on this one. I hope lol,I feel like I have to call bs on this one. I hope lol,"1,20",1,3
eebxhxb,I just physically *shuddered* at the idea of redoing middle school..,I just physically *shuddered* at the idea of redoing middle school..,9,9,5
ef6u2bq,"Probably [NAME] tbh. I feel like what [NAME] did in the long run was a bit scummier, not by much tho.","Probably [NAME] tbh. I feel like what [NAME] did in the long run was a bit scummier, not by much tho.",27,27,4
eez76p2,Hi everyone!,Hi everyone!,27,27,4
ef1gm6j,"Get a second opinion from a different doctor. Eczema can get exacerbated by home remedies sometimes, so be sure to check with another doc first. ","Get a second opinion from a different doctor. Eczema can get exacerbated by home remedies sometimes, so be sure to check with another doc first. ",5,5,3
ee3t871,Just saw your history. Makes complete sense now. Your a trumptroll. Bye.,Just saw your history. Makes complete sense now. Your a trumptroll. Bye.,3,3,0
ee21tnl,Do you people just sit in meme economy and wait for something new to come up?,Do you people just sit in meme economy and wait for something new to come up?,27,27,4
eec8s5u,Cheers lad :),Cheers lad :),17,17,3
edrqnk4,I’m ready to unsubscribe from this sub,I’m ready to unsubscribe from this sub,4,4,3
ef390w5,If you bought it from Levi’s I think they do it for free at their flagship store,If you bought it from Levi’s I think they do it for free at their flagship store,27,27,4
efg6nx3,And how long ago was this?,And how long ago was this?,7,7,6
edfoypd,Makes sense. So I need 2 USB drives according the the TAILS website.,Makes sense. So I need 2 USB drives according the the TAILS website.,27,27,4
eczvupb,Thanks!!,Thanks!!,15,15,3
ee0taaw,Will try. Thank you,Will try. Thank you,15,15,3
ef783e8,Alright imma set small goals for myself thanks for tip man!,Alright imma set small goals for myself thanks for tip man!,15,15,3
ed8un4o,"That's a little girl, not a sandwich.","That's a little girl, not a sandwich.",12,12,5
ed4fh9g,Wiggins and towns pick and roll use it more,Wiggins and towns pick and roll use it more,27,27,4
eefiteu,"If we're talking about the person in the middle, that's a man. [NAME]. ","If we're talking about the person in the middle, that's a man. [NAME]. ",27,27,4
eepl0w8,Reminds me of the old lady in Police Academy 4 shooting the .44 magnum. Damn that was fun!,Reminds me of the old lady in Police Academy 4 shooting the .44 magnum. Damn that was fun!,22,22,6
efb0k3l,I bet we'd all die. Thank [NAME] for colds and germs or we'd all be dead upon birth,I bet we'd all die. Thank [NAME] for colds and germs or we'd all be dead upon birth,15,15,3
eemmnhm,I think he's in it. I know [NAME] is killing me on my fantasy team right now,I think he's in it. I know [NAME] is killing me on my fantasy team right now,9,9,5
eeesej6,You have your opinion and I have mine why does that make only one of us a victim?,You have your opinion and I have mine why does that make only one of us a victim?,7,7,6
ef9mbvq,"Thank you for writing this, for letting us into your world so that we can better understand our own. I am very grateful for this gift.","Thank you for writing this, for letting us into your world so that we can better understand our own. I am very grateful for this gift.","15,17",15,3
efgm57i,"Play hard, but we don't want to reveal our secret raptor killing strategy until the playoffs...","Play hard, but we don't want to reveal our secret raptor killing strategy until the playoffs...",20,20,3
ed6w2jr,Weird flex but ok,Weird flex but ok,27,27,4
efakc1k,I'm a little disappointed that the tier markings werent' just different shades of green.,I'm a little disappointed that the tier markings werent' just different shades of green.,9,9,5
ee1ixdb,Thanks for your input into this discussion. It has been very productive.,Thanks for your input into this discussion. It has been very productive.,15,15,3
ed70d2p,If we can get a 1st rounder it is without a doubt worth it.,If we can get a 1st rounder it is without a doubt worth it.,27,27,4
ee919ut,"Autism (mechanistic thinking, lack of theory of mind) is the opposite of intuition (thinking without thinking). ","Autism (mechanistic thinking, lack of theory of mind) is the opposite of intuition (thinking without thinking). ",27,27,4
edaz1g3,[NAME] ! Glad that we helped you.,[NAME] ! Glad that we helped you.,15,15,3
ed26ckc,Make sure you actually try sativas. Don't just listen to people bsing about Sativa causing paranoia/anxiety etc.,Make sure you actually try sativas. Don't just listen to people bsing about Sativa causing paranoia/anxiety etc.,27,27,4
eer4oun,Some people are just very special lmao,Some people are just very special lmao,27,27,4
ee2uwyq,>Feminism is how we get to equality how do you know that?,>Feminism is how we get to equality how do you know that?,7,7,6
ef3cuhh,"Same here, after she initiated the divorce and acussed me of not doing anything to stop it. ","Same here, after she initiated the divorce and acussed me of not doing anything to stop it. ",9,9,5
edgyww4,"Horseshoe effect going on with FBPE and the no deal brexiteers, basically if you're soft remainer or brexiteers they hate you. The irony ha","Horseshoe effect going on with FBPE and the no deal brexiteers, basically if you're soft remainer or brexiteers they hate you. The irony ha",27,27,4
efe94e9,Greatest part of that goal is the pique backheel for me. What is he even doing there :)),Greatest part of that goal is the pique backheel for me. What is he even doing there :)),7,7,6
eeo6dx4,Thanks. I guess.,Thanks. I guess.,15,15,3
eej6i9l,"For me, the only thing that makes it cringe is [NAME] covering his mouth","For me, the only thing that makes it cringe is [NAME] covering his mouth",27,27,4
eeb964m,Wrecking Ball clips are the best,Wrecking Ball clips are the best,0,0,3
edd3lzb,We know blocking [NAME] was [NAME] choice because he said it was.,We know blocking [NAME] was [NAME] choice because he said it was.,27,27,4
ed7myzb,The only death that made me feel any emotion. And it wasn’t even the death itself.,The only death that made me feel any emotion. And it wasn’t even the death itself.,"16,25",16,5
edur7a5,Lol ok 👌🏾,Lol ok 👌🏾,1,1,3
ed79xso,Mumbling on twitter and r/politics. Also [NAME] is getting annoyed as well. He is mr appropriations after all.,Mumbling on twitter and r/politics. Also [NAME] is getting annoyed as well. He is mr appropriations after all.,27,27,4
eee1mg7,That is amazing!,That is amazing!,0,0,3
eebhxqu,When her daughter says she wants to take all the weight from her and put it on her own body so her mom can go outside and play 😢❤️😢,When her daughter says she wants to take all the weight from her and put it on her own body so her mom can go outside and play 😢❤️😢,27,27,4
eets2cw,Omg didn't even think of that! So clever! Yes!,Omg didn't even think of that! So clever! Yes!,26,26,6
eevcmsb,Here we go again I hate [NAME] *becomes a Dodger* I mean I love [NAME],Here we go again I hate [NAME] *becomes a Dodger* I mean I love [NAME],18,18,3
ed7oxbm,"Wait a minute, the rich own ranches.... You're one of them!","Wait a minute, the rich own ranches.... You're one of them!",7,7,6
eerowk4,NOT TODAY REINHARDT,NOT TODAY REINHARDT,27,27,4
eczl4db,The third period is going to be uncomfortable and I preemptively hate it.,The third period is going to be uncomfortable and I preemptively hate it.,2,2,0
ed6pkzv,"holy shit that's bad, maybe the extremist right can't meme either?","holy shit that's bad, maybe the extremist right can't meme either?",2,2,0
eddgwuz,fake gamer girl didnt know [NAME] is already a rapper,fake gamer girl didnt know [NAME] is already a rapper,27,27,4
ed1ud27,And desks clapped,And desks clapped,27,27,4
edo0cc5,I didn’t know they ventured outside Facebook,I didn’t know they ventured outside Facebook,27,27,4
efbc6ip,That’s because [NAME] thinks he’s the man oin this team. [NAME] I can’t wait till he’s gone,That’s because [NAME] thinks he’s the man oin this team. [NAME] I can’t wait till he’s gone,15,15,3
eelen0k,I'm saying your question is irrelevant to the post's topic. Stop being passive aggressive.,I'm saying your question is irrelevant to the post's topic. Stop being passive aggressive.,"2,10",2,0
ed37lbm,OMG she reminds me of Ginger from Ginger Snaps! I'm in love!,OMG she reminds me of Ginger from Ginger Snaps! I'm in love!,18,18,3
ee3pa8o,To be fair how often has someone drafted in the top 5 not immediately joined the team.,To be fair how often has someone drafted in the top 5 not immediately joined the team.,26,26,6
edivsdh,They forgot the part where everyone started clapping.,They forgot the part where everyone started clapping.,27,27,4
ee3w0az,"Ok, care to elaborate on what your mysterious link is?","Ok, care to elaborate on what your mysterious link is?",7,7,6
edkyq7s,Sacrilege! :-P,Sacrilege! :-P,27,27,4
efd2imq,Once some joked that I was a [NAME] just because my family had moved to West Germany for a couple years when I was a infant.,Once some joked that I was a [NAME] just because my family had moved to West Germany for a couple years when I was a infant.,1,1,3
edr12yq,I love this. Thank you,I love this. Thank you,"15,18",15,3
ed6lz4r,"None. If she has insecurities, I latch onto them like a barnacle.","None. If she has insecurities, I latch onto them like a barnacle.",27,27,4
ed2igms,Oh my [NAME] I just noticed this too! I just rewatched it recently and noticed him just drinking some tea next to [NAME] and [NAME].,Oh my [NAME] I just noticed this too! I just rewatched it recently and noticed him just drinking some tea next to [NAME] and [NAME].,26,26,6
edn10e6,Leave chicken in a vat of blue dye overnight and you'll lose all the pink,Leave chicken in a vat of blue dye overnight and you'll lose all the pink,27,27,4
edyxe6p,This guy doesn’t physics.,This guy doesn’t physics.,27,27,4
ef4sy8c,"eh, no. Maybe wood can be an alternative if thon is out of the option, but i will never get the allure behind ersan","eh, no. Maybe wood can be an alternative if thon is out of the option, but i will never get the allure behind ersan",10,10,0
ed5u0qn,I didn't read the entire article. That's great. Thanks for letting me know. Peace and happy 2019,I didn't read the entire article. That's great. Thanks for letting me know. Peace and happy 2019,15,15,3
edt2p32,When it didn’t work in r/aww r/funny or r/animalsbeingderps he came here,When it didn’t work in r/aww r/funny or r/animalsbeingderps he came here,27,27,4
ed4ob8u,"Just ride the subway in NYC and watch how everyone behaves. Don’t stare, though. ","Just ride the subway in NYC and watch how everyone behaves. Don’t stare, though. ",27,27,4
edsi4xr,I just started watching Brooklyn 99 this week and was looking for this reference. Thank you.,I just started watching Brooklyn 99 this week and was looking for this reference. Thank you.,15,15,3
efaaria,"Do you ever get extremely inspired at night, make plans and then wake up with no drive at all? Or is this just a general thing? ","Do you ever get extremely inspired at night, make plans and then wake up with no drive at all? Or is this just a general thing? ",7,7,6
edq02os,Love and marriage,Love and marriage,27,27,4
ee4y04o,"Yeah odd, as those items would identify her. And it would seem like an easier job to burn them to unrecognisable remains. ","Yeah odd, as those items would identify her. And it would seem like an easier job to burn them to unrecognisable remains. ",20,20,3
eeg3pe3,"Such a good doggo, and no one gets to pet her and let her know.","Such a good doggo, and no one gets to pet her and let her know.",0,0,3
edd0p25,"I don't have a smart phone; however, I wouldn't need one in this case.","I don't have a smart phone; however, I wouldn't need one in this case.",27,27,4
efcdne0,"It's a good thing that liopleurodon was actually only about six meters long and went extinct 155,000,000 years ago...","It's a good thing that liopleurodon was actually only about six meters long and went extinct 155,000,000 years ago...",4,4,3
edbto6y,"Well, at least you'll have plenty of company","Well, at least you'll have plenty of company",27,27,4
eexu927,Call your attorney general. 615-741-3491,Call your attorney general. 615-741-3491,27,27,4
edhrs95,I'm so glad you have access to that trans group. You will make friends and be able to support each other.,I'm so glad you have access to that trans group. You will make friends and be able to support each other.,5,5,3
ef70zlt,I understand the confusion,I understand the confusion,27,27,4
ef0j5rt,How is the JC-01 with juul pods. I've heard mixed reviews.,How is the JC-01 with juul pods. I've heard mixed reviews.,7,7,6
ee7a51x,Is the misspelling on the cake the only thing you see wrong with this post?,Is the misspelling on the cake the only thing you see wrong with this post?,7,7,6
ee2xsv7,I unironically agree with everything on the left side of this.,I unironically agree with everything on the left side of this.,4,4,3
edjnyxs,You will find the words that work for your dynamic. The fact you are worried and thinking about it is 75% of the battle,You will find the words that work for your dynamic. The fact you are worried and thinking about it is 75% of the battle,27,27,4
efh4ynb,"Checking in from Nashville, a merged city-county that’s thriving precisely because it’s a merged city/county.","Checking in from Nashville, a merged city-county that’s thriving precisely because it’s a merged city/county.",0,0,3
eeo0df9,The furthest thing from my mind and likely everyone else since you’re the first to mention it.,The furthest thing from my mind and likely everyone else since you’re the first to mention it.,27,27,4
ed42oct,I loved [NAME] as much as anyone but he started to become really inconsistent in his final stretch here before he ended up in Charlotte.,I loved [NAME] as much as anyone but he started to become really inconsistent in his final stretch here before he ended up in Charlotte.,18,18,3
eehbfdr,The god of metal does not approve,The god of metal does not approve,27,27,4
efh9yyp,"Yikes, maybe [NAME] can pull some [NAME] magic with him ","Yikes, maybe [NAME] can pull some [NAME] magic with him ",27,27,4
eeraeze,"I'd be careful with that, could be construed as cybersquatting which is illegal.","I'd be careful with that, could be construed as cybersquatting which is illegal.",5,5,3
edibjfe,Or just use a fast weapon. He's pretty predictable once you get his patterns down.,Or just use a fast weapon. He's pretty predictable once you get his patterns down.,27,27,4
ef67xn0,"Omg, unbelievably scary. Insane ","Omg, unbelievably scary. Insane ",14,14,2
edpzdjo,Happy birthday!,Happy birthday!,15,15,3
ee6v2ij,you are a good man,you are a good man,0,0,3
edn8uyh,And the ability to get time off for all these trips,And the ability to get time off for all these trips,27,27,4
ee3wney,Went in to the comments to look for this. Thanks!,Went in to the comments to look for this. Thanks!,15,15,3
ee7hjmp,"Ooo... ""authentic incel porn."" Not gonna lie, I would watch an incel lose his virginity if the production value was even half decent.","Ooo... ""authentic incel porn."" Not gonna lie, I would watch an incel lose his virginity if the production value was even half decent.",27,27,4
eebmaol,"""RUDY! RUDY! RUDY! RUDY! RUDY! RUDY! RUDY!"" Come on, gimme more [NAME].","""RUDY! RUDY! RUDY! RUDY! RUDY! RUDY! RUDY!"" Come on, gimme more [NAME].",27,27,4
efewzys,"Ah, pillars of society. No wonder MLS is so highly regarded.","Ah, pillars of society. No wonder MLS is so highly regarded.","0,4",0,3
eesf98t,That escalated quickly,That escalated quickly,27,27,4
eemibsh,The leader of the revolutionaries would be exploiting the labor of the revolutionaries below him!,The leader of the revolutionaries would be exploiting the labor of the revolutionaries below him!,27,27,4
edu7o3w,Is there a link for razz discord?,Is there a link for razz discord?,27,27,4
ef6u5dw,Fackin foreigners trying to steal ar players! #WeAreAllTommyWright,Fackin foreigners trying to steal ar players! #WeAreAllTommyWright,27,27,4
efa5m1w,"You are stating your opinion as if it were fact. [NAME] has face tattoos and I think they are incredibly sexy, attractive and appealing.","You are stating your opinion as if it were fact. [NAME] has face tattoos and I think they are incredibly sexy, attractive and appealing.",27,27,4
ef91k4z,"What is the $250,000 figure based on?","What is the $250,000 figure based on?",7,7,6
ee4djdb,They'd never give her a crown but it would be so good to see her back on my screen.,They'd never give her a crown but it would be so good to see her back on my screen.,8,8,3
ee02ts0,Care to explain?,Care to explain?,27,27,4
edpcomy,"...be careful, guys","...be careful, guys",5,5,3
eeorgbw,You’re a liar. 😂,You’re a liar. 😂,3,3,0
ed95s39,We will welcome you with open arms <3,We will welcome you with open arms <3,"15,18",15,3
ee8e6n1,I tried to google up another but they were the only one reporting at the time.,I tried to google up another but they were the only one reporting at the time.,27,27,4
eeorub5,[NAME] IS girl number 3,[NAME] IS girl number 3,27,27,4
edinn3n,I think the biggest fucking thing is that apparently reaper has a goddamn family himself.,I think the biggest fucking thing is that apparently reaper has a goddamn family himself.,2,2,0
eeeaw8j,Don't do [NAME] dirty like this smh,Don't do [NAME] dirty like this smh,"3,10",3,0
ef9zipz,> complains about fun > plays game mode with the most fun > loves it FTFY,> complains about fun > plays game mode with the most fun > loves it FTFY,18,18,3
ee12et5,Thats great... Here same with me,Thats great... Here same with me,0,0,3
ee31iqr,THATS WHAT SHE SAID...HAHAHAHAHAHAHA!,THATS WHAT SHE SAID...HAHAHAHAHAHAHA!,17,17,3
efbm1g4,"Nihilism makes me happy, but I know that’s just my opinion.","Nihilism makes me happy, but I know that’s just my opinion.",17,17,3
ee84cqv,Uffda. What a hero.,Uffda. What a hero.,0,0,3
ed73okq,I got that reference,I got that reference,27,27,4
edlifi8,"[NAME], what? That's pretty hilarious and disgusting. ","[NAME], what? That's pretty hilarious and disgusting. ",11,11,1
ef730h7,Oh no [NAME] bb what is you doin?,Oh no [NAME] bb what is you doin?,27,27,4
eemt4jk,"I mean, this just looks more like a case of a guy being overrated coming out of high school.","I mean, this just looks more like a case of a guy being overrated coming out of high school.",27,27,4
ee0apa5,And it’s only 100 degrees with 90% humidity.,And it’s only 100 degrees with 90% humidity.,27,27,4
ed4tda4,Actually that specific detail is one of the few you can actually use as Lucio. Because it has a horizontal aspect you can wall ride it.,Actually that specific detail is one of the few you can actually use as Lucio. Because it has a horizontal aspect you can wall ride it.,27,27,4
edp6yl4,"Yes, because I've always wanted a father figure who throws a tantrum every time he doesn't get his way.","Yes, because I've always wanted a father figure who throws a tantrum every time he doesn't get his way.",8,8,3
eeketov,Yikes. Be careful out there.,Yikes. Be careful out there.,5,5,3
eelpp19,Still helpful. Thank you!,Still helpful. Thank you!,15,15,3
effidao,I used to do shit like this...back when I had a serious drinking problem I was in denial about,I used to do shit like this...back when I had a serious drinking problem I was in denial about,"3,10",3,0
edjl93i,Glad I took the 1st half spread,Glad I took the 1st half spread,17,17,3
ef5i3av,"Thank you for your message, I read it when I woke up and it helped. Thank you for showing kindness to a stranger","Thank you for your message, I read it when I woke up and it helped. Thank you for showing kindness to a stranger",15,15,3
ed8vuhz,Both of you should!,Both of you should!,27,27,4
eda0er2,And leave a beautiful corpse,And leave a beautiful corpse,27,27,4
ee75uj1,Fuck a newspaper,Fuck a newspaper,2,2,0
ef811q5,Didn't realize I'm so famous!,Didn't realize I'm so famous!,22,22,6
eehts6r,WHERE IS THE JOKE,WHERE IS THE JOKE,3,3,0
ed6xfs0,Doubters. I'm still waiting on a status report of the 2 fluffers from a few weeks ago. WOOF!,Doubters. I'm still waiting on a status report of the 2 fluffers from a few weeks ago. WOOF!,9,9,5
ed1j9al,>Eat more salad Might I also suggest some vegetables too. You'll feel infinitely better,>Eat more salad Might I also suggest some vegetables too. You'll feel infinitely better,5,5,3
ef30dyy,They always blab about IQ and other garbage but they have the intelligence of a bag of hammers.,They always blab about IQ and other garbage but they have the intelligence of a bag of hammers.,3,3,0
ef8pwo7,Shoulda picked up [NAME] smh. Y’all had a golden opportunity to pick up the god himself as a sub.,Shoulda picked up [NAME] smh. Y’all had a golden opportunity to pick up the god himself as a sub.,27,27,4
ee3ekw7,"Found the militant long time Southwest employee? ...and if not, I am constantly amazed at what random people will get mad about these days.","Found the militant long time Southwest employee? ...and if not, I am constantly amazed at what random people will get mad about these days.",7,7,6
edrigey,It's actually somewhat maddening to me that there are people who watch his video and actually think he is doing a public service. Yikes..,It's actually somewhat maddening to me that there are people who watch his video and actually think he is doing a public service. Yikes..,3,3,0
ed5hj2l,"I do not disagree with any of this. Good take, sir.","I do not disagree with any of this. Good take, sir.",4,4,3
edan1sb,Flair checking in! I love it when they don't change the template messages!,Flair checking in! I love it when they don't change the template messages!,18,18,3
eff15np,I’ve never heard of a vet adopting out pets before.,I’ve never heard of a vet adopting out pets before.,26,26,6
ef7f04d,Miami - Dade,Miami - Dade,27,27,4
eelb8r7,I don't like football but the 10 minutes of actual football has been pretty entertaining so far,I don't like football but the 10 minutes of actual football has been pretty entertaining so far,"0,13",0,3
ede39a0,"Sadly, it ran. :( I hope you're enjoying your trip overseas! :D","Sadly, it ran. :( I hope you're enjoying your trip overseas! :D",9,9,5
ef5rlpi,59 days until opening day!!!!!,59 days until opening day!!!!!,27,27,4
effbd7i,"Totally agree, except I usually (this occasion included) lack the pity haha.","Totally agree, except I usually (this occasion included) lack the pity haha.","1,4",1,3
ee1z4ot,Still is glitched to this day.... sad,Still is glitched to this day.... sad,25,25,5
eebfl6z,POINTER!!!!!! YOU DA REAL ALL STAR!!!,POINTER!!!!!! YOU DA REAL ALL STAR!!!,0,0,3
eenhw3s,I just love that this is appropriate for football now/again. #FuckLA,I just love that this is appropriate for football now/again. #FuckLA,18,18,3
eerj952,It's also not worth the costs because most of the time people are being petty don't actually have a claim to make.,It's also not worth the costs because most of the time people are being petty don't actually have a claim to make.,10,10,0
eeis7pu,I enjoy gameplay grind. Don't shoot me lol.,I enjoy gameplay grind. Don't shoot me lol.,"1,17",1,3
ed3co3z,"I was not expecting the giant ""POLICE STATION"" sign. That just makes it all the better. ","I was not expecting the giant ""POLICE STATION"" sign. That just makes it all the better. ",27,27,4
eea6kdp,"What was the ""injustice?"" Nothing happened to him. Assuming his story was not hugely exaggerated to fit the victim card.","What was the ""injustice?"" Nothing happened to him. Assuming his story was not hugely exaggerated to fit the victim card.",10,10,0
eedgm57,That is insanity,That is insanity,3,3,0
eetho28,#29 GINNNO ODJICK,#29 GINNNO ODJICK,27,27,4
edkvv9t,I wanna put baby shoes on my giant adult feet and baby stomp all over a cheesebreather's fucking toes,I wanna put baby shoes on my giant adult feet and baby stomp all over a cheesebreather's fucking toes,8,8,3
een1j3a,they will also hate the eagles for years to come because their fans were a bunch of meanies,they will also hate the eagles for years to come because their fans were a bunch of meanies,3,3,0
eecy12e,Y'all i have option one. Lemme tell you. Sex is important. I miss it,Y'all i have option one. Lemme tell you. Sex is important. I miss it,27,27,4
eet71ko,"Other form of distractions such as shopping, reading, media, being here and also being surrounded by people I find attractive :-/","Other form of distractions such as shopping, reading, media, being here and also being surrounded by people I find attractive :-/",27,27,4
ee3p1f9,You have an amazing instinct to protect him. It’s beautiful,You have an amazing instinct to protect him. It’s beautiful,0,0,3
edtxzkt,Tu eres very nice man,Tu eres very nice man,0,0,3
eexkhrm,But you appear to think you have some amazing insights on how to handle a pwBPD. Have you considered the possibility that you don't?,But you appear to think you have some amazing insights on how to handle a pwBPD. Have you considered the possibility that you don't?,0,0,3
eesqysc,Keep going! Every day you stick with it is another victory you can cherish!,Keep going! Every day you stick with it is another victory you can cherish!,20,20,3
eexmmdc,No no. totally justified,No no. totally justified,4,4,3
ee22y53,"What happened? Did something set you off? THough sometimes we can have good days and bad days, don't let it offset the progress you've made","What happened? Did something set you off? THough sometimes we can have good days and bad days, don't let it offset the progress you've made",7,7,6
ed9xr9z,Well ya ideally should be cleaning piercings with sterile saline anyway sooo.,Well ya ideally should be cleaning piercings with sterile saline anyway sooo.,27,27,4
efcojet,Thank you so much. That means a lot. ❤,Thank you so much. That means a lot. ❤,15,15,3
ee3jtt8,"[NAME], this is your MLA, right? Dude *does* seem like a plug. ","[NAME], this is your MLA, right? Dude *does* seem like a plug. ",27,27,4
eewmgpv,"lmaooo you're right I did mean [NAME] by that haha ""she"" lol","lmaooo you're right I did mean [NAME] by that haha ""she"" lol","1,4",1,3
edxwle1,But sweat pea it’s a MAN wearing makeup! My gay bestie BABES 🍭🍆🧖‍♂️ ,But sweat pea it’s a MAN wearing makeup! My gay bestie BABES 🍭🍆🧖‍♂️ ,27,27,4
eednuty,"When you decide to root against your favorite team, for a better future “The hardest choices require the strongest will”","When you decide to root against your favorite team, for a better future “The hardest choices require the strongest will”",20,20,3
eepo4t6,"He is a right click bot now lol, but seriously you do the same but with worse mobility.","He is a right click bot now lol, but seriously you do the same but with worse mobility.",1,1,3
eegripk,Cant wait to draft my man early to mid second round next year. If I'm drafting late first I might really go wr/wr,Cant wait to draft my man early to mid second round next year. If I'm drafting late first I might really go wr/wr,27,27,4
ef91qi7,"See, guys??? It’s happening!!!! ","See, guys??? It’s happening!!!! ",27,27,4
edsp4xp,"> If it concerns you a lot, after 3 times you can actually just register another card. Good idea. ","> If it concerns you a lot, after 3 times you can actually just register another card. Good idea. ",15,15,3
eeq23lq,Yeah he's a cunt but that doesn't mean he should be prosecuted for a joke. No matter how bad taste it was.,Yeah he's a cunt but that doesn't mean he should be prosecuted for a joke. No matter how bad taste it was.,11,11,1
edbtnxj,"Lord [NAME] called, he wants his style back","Lord [NAME] called, he wants his style back",8,8,3
effff2z,"YES CIZ so glad I saw this here, really well done, there is no end to your creativity.","YES CIZ so glad I saw this here, really well done, there is no end to your creativity.",0,0,3
efc9def,To much of a good thing is a bad thing,To much of a good thing is a bad thing,4,4,3
eeznkcf,(i'm tickled to see the tag Kalamity catching on around here),(i'm tickled to see the tag Kalamity catching on around here),27,27,4
ednbqbt,"Oh no! No, there was nothing wrong in your comment. I appreciate you taking the time! ","Oh no! No, there was nothing wrong in your comment. I appreciate you taking the time! ",0,0,3
eeekb3t,You’re so perfect :),You’re so perfect :),"0,17",0,3
ef9vxk1,Situation in chess where it is better not to move or you will end up in a worse position is called Zugzwang.,Situation in chess where it is better not to move or you will end up in a worse position is called Zugzwang.,27,27,4
eelqr8r,Welcome to Reddit!,Welcome to Reddit!,"13,15",13,3
eegqgtl,RIGHT?! My mom would literally never forgive the bitch 😂,RIGHT?! My mom would literally never forgive the bitch 😂,1,1,3
ef8d10z,Oh sure. I bet [NAME] is sick. Sick of Skyward Sword.,Oh sure. I bet [NAME] is sick. Sick of Skyward Sword.,9,9,5
ef2mvd2,okay but where to find bara that isnt fetish/sex stuff and is more wholesome and romantic?,okay but where to find bara that isnt fetish/sex stuff and is more wholesome and romantic?,27,27,4
ef49bp3,Oh wow. You really know your stuff. Luckily I don't have diabetes yet so that's something,Oh wow. You really know your stuff. Luckily I don't have diabetes yet so that's something,0,0,3
eeeyi6k,Is it weird if I said I forgot how brutal things could get? Like what happened to [NAME] oh my-I was appalled.,Is it weird if I said I forgot how brutal things could get? Like what happened to [NAME] oh my-I was appalled.,3,3,0
ed5zozk,"Bro, he left his team in the middle of the game... idc what argument you have with [NAME] you still left your team.","Bro, he left his team in the middle of the game... idc what argument you have with [NAME] you still left your team.",2,2,0
ee48pcs,"Edward Lear, lovely chap.","Edward Lear, lovely chap.",0,0,3
eetpais,"If he moved on, it’s time you do too. Plain and simple... your 15 years old... lots of time to find someone new.","If he moved on, it’s time you do too. Plain and simple... your 15 years old... lots of time to find someone new.",27,27,4
eep9pse,Viral marketing for [NAME] new tour?,Viral marketing for [NAME] new tour?,27,27,4
ee3mzqh,It was a beautiful week,It was a beautiful week,0,0,3
edzwmxs,"Correct. I still play NHL Faceoff 98 and I always turn that rule off, because it's terrible.","Correct. I still play NHL Faceoff 98 and I always turn that rule off, because it's terrible.",4,4,3
ee9vhsa,You are a great grandmother.,You are a great grandmother.,0,0,3
eeldqgx,A blanket. My friend crocheted me a blanket a few years ago and I use it every day. Love this thing!,A blanket. My friend crocheted me a blanket a few years ago and I use it every day. Love this thing!,18,18,3
effm9ct,[NAME] loves rui too afterall,[NAME] loves rui too afterall,27,27,4
ed96sxm,"Yeah, he does. Just because he draws different conclusions than you doesn't mean he isn't reading [NAME]. Get out of your little bubble.","Yeah, he does. Just because he draws different conclusions than you doesn't mean he isn't reading [NAME]. Get out of your little bubble.",2,2,0
eeig4r0,That’s awesome! Heal up quickly,That’s awesome! Heal up quickly,"0,5",0,3
efc3bml,Politicians be like yo we cant raise minimum wage because then companies will just replace all their workers with robots...,Politicians be like yo we cant raise minimum wage because then companies will just replace all their workers with robots...,27,27,4
ef16sde,I don’t understand how her parents were able to take kid when she claims they are horrible alcoholics,I don’t understand how her parents were able to take kid when she claims they are horrible alcoholics,19,19,2
edw7wz9,"Irrelevant, actually You're both talking about different things","Irrelevant, actually You're both talking about different things",10,10,0
edwdb04,This comes to mind.,This comes to mind.,27,27,4
ed196uj,"Thanks, it’s funny how to me this seemed a leap but not one person agrees, lol","Thanks, it’s funny how to me this seemed a leap but not one person agrees, lol","1,15",1,3
eeqfilz,Yea I would've lost it there,Yea I would've lost it there,4,4,3
edg8cja,“Those floors with *that* paneling? Ugh! Disgusting!”,“Those floors with *that* paneling? Ugh! Disgusting!”,11,11,1
edfpf89,[NAME] deserves better,[NAME] deserves better,0,0,3
eet9674,You sound like you're going to be a great PA! Good luck in your new career.,You sound like you're going to be a great PA! Good luck in your new career.,"0,5,20",0,3
edj0681,It was at that moment she decided to go back to college.,It was at that moment she decided to go back to college.,27,27,4
ee97vbu,Like this game from a week ago? 26 points 14,Like this game from a week ago? 26 points 14,4,4,3
eczfzz7,I wanna know about the sky being LCD! You ever hear the one about the [NAME] faking the return of [NAME]?,I wanna know about the sky being LCD! You ever hear the one about the [NAME] faking the return of [NAME]?,27,27,4
edl2fdy,">They played three games in a week three separate times. [NAME], that's absolutely brutal",">They played three games in a week three separate times. [NAME], that's absolutely brutal",26,26,6
efgeuen,oh man. it took me so long to figure out what you are saying. its literally [NAME],oh man. it took me so long to figure out what you are saying. its literally [NAME],6,6,6
eebpwp9,Yeah their passes are crazy.,Yeah their passes are crazy.,0,0,3
eeh9qft,Thought he dislocated his shoulder at first,Thought he dislocated his shoulder at first,27,27,4
edy5lt7,I’d like to know too. How lucky am I that my first ever relationship was with a pwBPD. sigh,I’d like to know too. How lucky am I that my first ever relationship was with a pwBPD. sigh,27,27,4
eev0tey,"For I second I thought he was a sophomore learning to drive based on that figure, baby face from a distance and choice of clothing","For I second I thought he was a sophomore learning to drive based on that figure, baby face from a distance and choice of clothing",22,22,6
ed6swqh,"Personally, I prefer my seafood not tainted by oil spills. But you do you!","Personally, I prefer my seafood not tainted by oil spills. But you do you!",4,4,3
ef3ueah,Please do. lol,Please do. lol,1,1,3
eev25a1,OMG [NAME]!,OMG [NAME]!,13,13,3
ee5p45c,She’s clearly hanging at least part way into the space. She’s so dumb,She’s clearly hanging at least part way into the space. She’s so dumb,3,3,0
eeg8ezh,I’m in Florence right now on a holiday and my [NAME] does it make me want to replay that game,I’m in Florence right now on a holiday and my [NAME] does it make me want to replay that game,4,4,3
eewm10f,They'll just confiscate it here. I remember I had a pocket knife in my bag that I forgot about. They just took it away.,They'll just confiscate it here. I remember I had a pocket knife in my bag that I forgot about. They just took it away.,27,27,4
ee2y9j7,When you open Boost for Reddit in dark mode and you're greeted with this post,When you open Boost for Reddit in dark mode and you're greeted with this post,27,27,4
ee4miqe,Fuck so obvious,Fuck so obvious,2,2,0
edeutkm,So you then took that lie and began aggressively cheating on him? Your post history. Wow.,So you then took that lie and began aggressively cheating on him? Your post history. Wow.,2,2,0
edrpy4s,"Really visually haunting though. For me, it makes me think of strange alternate futures and dystopian sci-fi worlds. ","Really visually haunting though. For me, it makes me think of strange alternate futures and dystopian sci-fi worlds. ","14,19",14,2
efahyao,It's probably easier when they're stuck on an island,It's probably easier when they're stuck on an island,20,20,3
ed1rmky,good luck with your baby! i hope everything goes well for you and your SO lol,good luck with your baby! i hope everything goes well for you and your SO lol,20,20,3
efc3kii,"Aaaand I'm still here. I don't have a alt account but whoever you reported I""m sure is alive and well. You're terrible.","Aaaand I'm still here. I don't have a alt account but whoever you reported I""m sure is alive and well. You're terrible.",14,14,2
efdw6wt,Is that what happens is [NAME] route? I chose [NAME] and he only does once.,Is that what happens is [NAME] route? I chose [NAME] and he only does once.,7,7,6
edvj0od,Idaho lot rather we stop with these amas.,Idaho lot rather we stop with these amas.,27,27,4
eeyclt6,"I think that’s beautiful, and it looks so easy for whoever has to clean it, no fiddly bits. ","I think that’s beautiful, and it looks so easy for whoever has to clean it, no fiddly bits. ",0,0,3
ed1nwum,[NAME] is my life!,[NAME] is my life!,27,27,4
eendihf,Can't stand having sex with you...?? Just horrible thing to say... You deserve better!!!,Can't stand having sex with you...?? Just horrible thing to say... You deserve better!!!,"12,25",12,5
eeumitx,It's fishphobic!,It's fishphobic!,27,27,4
efdfvft,"The lead designer, not the producer :)","The lead designer, not the producer :)",27,27,4
eewayw3,"Sorry, but anarcho-anything are bot welcome there","Sorry, but anarcho-anything are bot welcome there",24,24,5
ef0yyrf,"Where did he say he's superior to [NAME], anyway? ","Where did he say he's superior to [NAME], anyway? ",6,6,6
efdiq69,"Same reason the KKK, a radical [RELIGION] group, burns crosses.","Same reason the KKK, a radical [RELIGION] group, burns crosses.",27,27,4
eel42m0,I mean I would be a [NAME] and I’m pretty reasonable.,I mean I would be a [NAME] and I’m pretty reasonable.,4,4,3
ef0vpau,Probably yes. Impossible to say without details. Has he tried giving the bill to his insurance?,Probably yes. Impossible to say without details. Has he tried giving the bill to his insurance?,7,7,6
ef09k1c,Im so sad how that movie turned out. We could have achived something good,Im so sad how that movie turned out. We could have achived something good,25,25,5
edg7oc3,"Well, only the fringe dissipates into the ether. ","Well, only the fringe dissipates into the ether. ",27,27,4
ed5c5qg,"Ty! I was going crazy tryin it, canging things... i'l wait then :-)","Ty! I was going crazy tryin it, canging things... i'l wait then :-)",15,15,3
ef3w0l7,Try really warm water instead. It's awesome.,Try really warm water instead. It's awesome.,0,0,3
ed0dijv,"I now live in the Mediterranean, which is nice. ","I now live in the Mediterranean, which is nice. ",4,4,3
ef1o2fu,What’s with the video being off?,What’s with the video being off?,27,27,4
eeepjgl,Thank you for the support!,Thank you for the support!,15,15,3
edog0xh,ok now you are being adorable on purpose i see what youre doing,ok now you are being adorable on purpose i see what youre doing,27,27,4
ee3gb8q,I worked at a hospital in northern NJ and float pool was only $4 extra,I worked at a hospital in northern NJ and float pool was only $4 extra,27,27,4
edpe2yy,Wrong. Im a [NAME].,Wrong. Im a [NAME].,27,27,4
ef2ycmu,My condolences.,My condolences.,"16,25",16,5
edrb24b,I beat my dad,I beat my dad,2,2,0
eeccp91,This hits a little too close to home,This hits a little too close to home,27,27,4
eewa9ft,"Red, Green, Blue. It's like a Christmas tree Edit: lol","Red, Green, Blue. It's like a Christmas tree Edit: lol",1,1,3
ee8quxu,Has any news been confirmed of whose playing [NAME]. I hope we see him soon to grasp how charasmatic he can be,Has any news been confirmed of whose playing [NAME]. I hope we see him soon to grasp how charasmatic he can be,"4,20",4,3
edghgjb,We should strip [NAME] of his Stoney badge for being so soft.,We should strip [NAME] of his Stoney badge for being so soft.,27,27,4
ef8tnkb,"yeah I figured, that's actually incredibly annoying. that only flies because they don't care about bf4 anymore? time to start favoriting servers I guess","yeah I figured, that's actually incredibly annoying. that only flies because they don't care about bf4 anymore? time to start favoriting servers I guess",3,3,0
edx8eru,I am still missing money from a August 2018 withdrawal with no update and no success. Quadriga - give me back my money!,I am still missing money from a August 2018 withdrawal with no update and no success. Quadriga - give me back my money!,3,3,0
efbqlwb,"Aww!! Thank you! I had fun making it, I also ADORE [NAME] 😍","Aww!! Thank you! I had fun making it, I also ADORE [NAME] 😍",15,15,3
edwcpgk,Except forming an opinion of a topic without even having basic knowledge of said topic makes you sound pretty arrogant and entirely undercuts your opinion.,Except forming an opinion of a topic without even having basic knowledge of said topic makes you sound pretty arrogant and entirely undercuts your opinion.,2,2,0
edjziw3,Sorry I'm a reddit noob but why do I get notifications of comments on my thread but then they disappear and I can't read them? Lol,Sorry I'm a reddit noob but why do I get notifications of comments on my thread but then they disappear and I can't read them? Lol,1,1,3
edodxh8,Wonder how he feels about [NAME] now,Wonder how he feels about [NAME] now,7,7,6
een6zc5,Triple single son,Triple single son,27,27,4
eefujg3,Folks are complaining about the new buses.,Folks are complaining about the new buses.,27,27,4
edpw2z1,[NAME] boxing gym in Ross is super inviting to everyone! It's a legit boxing club that is also friendly to folks just looking for a workout.,[NAME] boxing gym in Ross is super inviting to everyone! It's a legit boxing club that is also friendly to folks just looking for a workout.,0,0,3
eetih44,What made you so interested in great whites?,What made you so interested in great whites?,7,7,6
ee4x7x2,There are far more bad ones than good ones. Stepparents that treat their stepchildren as their own are noteworthy for a reason.,There are far more bad ones than good ones. Stepparents that treat their stepchildren as their own are noteworthy for a reason.,27,27,4
eczusbt,"""By far one of the best"" Mmmm","""By far one of the best"" Mmmm",4,4,3
ef9ttoi,Also part of the idea is that it’s nothing special. It’s just our flag. You don’t have to order something different.,Also part of the idea is that it’s nothing special. It’s just our flag. You don’t have to order something different.,27,27,4
eed4tkd,It's perfectly fine,It's perfectly fine,4,4,3
edcau2b,Glad I'm not the only one,Glad I'm not the only one,"17,23",17,3
eexet2b,Dude the speed which the cop came running is amazing,Dude the speed which the cop came running is amazing,0,0,3
ed6dxeq,It's realistically his last chance to get a big payday.,It's realistically his last chance to get a big payday.,27,27,4
eelw51m,"Watching a friend go through her wedding made me decide to marry at city hall. I wanted a marriage, but not a wedding. ","Watching a friend go through her wedding made me decide to marry at city hall. I wanted a marriage, but not a wedding. ",8,8,3
efdqjsb,Worried me there,Worried me there,14,14,2
ed8p2zm,"Bzzzzt, try again","Bzzzzt, try again",27,27,4
ee09cut,"I own literally no red shirts, would grey, tan, or purplish be okay?","I own literally no red shirts, would grey, tan, or purplish be okay?",27,27,4
eeipi7y,That's a really cheap cop-out for rather common criticism of those games.,That's a really cheap cop-out for rather common criticism of those games.,3,3,0
edwe3w0,So can we all collectively accept that [NAME] has a high placement for this week? Okay thank you,So can we all collectively accept that [NAME] has a high placement for this week? Okay thank you,15,15,3
ed2w9h3,It’s not even news.,It’s not even news.,10,10,0
edjycmm,I've just listened to it on my way from school today! [NAME] anatomy introduced some beautiful music.,I've just listened to it on my way from school today! [NAME] anatomy introduced some beautiful music.,0,0,3
edo2loq,This is my ex and I rib about this all the time,This is my ex and I rib about this all the time,27,27,4
ed4txch,Great pick! Especially when I realized she was meant to lose yesterday...good luck!,Great pick! Especially when I realized she was meant to lose yesterday...good luck!,"0,20",0,3
eeywp88,"As long as you don't kiss her whole face you will be fine. If you both want it, it shouldn't be awkward.","As long as you don't kiss her whole face you will be fine. If you both want it, it shouldn't be awkward.",27,27,4
ed9aauo,Hahahah this is awesome.,Hahahah this is awesome.,"13,17",13,3
ee4o2mk,"Fake news! but really, that's awesome to have a parent that actually understands how to teach their child accountability. ","Fake news! but really, that's awesome to have a parent that actually understands how to teach their child accountability. ",0,0,3
eejz2sc,The music caught me off guard,The music caught me off guard,26,26,6
ees6odw,i passed thanks everyone,i passed thanks everyone,15,15,3
eez5rv9,"I gotchu bro, house By Gucci Mane I’m a huge Gucci mane fan. ","I gotchu bro, house By Gucci Mane I’m a huge Gucci mane fan. ","4,13,17",4,3
eesyu4o,The description of the cut marks that KZ gave in MaM sounds as if a sawz-all was used.,The description of the cut marks that KZ gave in MaM sounds as if a sawz-all was used.,27,27,4
eetyh82,Absolutely glorious morning. There is no better weather.,Absolutely glorious morning. There is no better weather.,0,0,3
ed9goic,I'm not seeing eye patch guy,I'm not seeing eye patch guy,6,6,6
ed4pkry,"I recently came upon the term ""that slaps"" in reference to delicious food, or simply an enjoyable experience. ","I recently came upon the term ""that slaps"" in reference to delicious food, or simply an enjoyable experience. ",27,27,4
ee7g7q2,Help me [NAME] I'm bully in high school for no reason.,Help me [NAME] I'm bully in high school for no reason.,14,14,2
ed1vgtp,Rose coloured glasses get rosier as time goes by :) You'll move on eventually. Treasure the memory but be present in your current and future relationships.,Rose coloured glasses get rosier as time goes by :) You'll move on eventually. Treasure the memory but be present in your current and future relationships.,4,4,3
edcqf5m,that was so sad :(,that was so sad :(,25,25,5
ee2q9ox,Reminds me of [NAME] in IASIP,Reminds me of [NAME] in IASIP,13,13,3
eehm1c1,Fair enough. I considered it malicious compliance because I followed the letter if the rules while purposely not following the spirit.,Fair enough. I considered it malicious compliance because I followed the letter if the rules while purposely not following the spirit.,27,27,4
ee103qd,people have built such a stigma around it that it's what comes to mind first instead of positive thoughts.,people have built such a stigma around it that it's what comes to mind first instead of positive thoughts.,27,27,4
eevkkqw,I thought that type of camouflage failed horribly because the high contrast and defined shapes made the ships really stand out.,I thought that type of camouflage failed horribly because the high contrast and defined shapes made the ships really stand out.,14,14,2
effdp1n,I'd say Rick and Morty fans. I'm a fan of both but I feel that Rick and Morty fans take everything way more seriously.,I'd say Rick and Morty fans. I'm a fan of both but I feel that Rick and Morty fans take everything way more seriously.,27,27,4
ed3muot,"Honestly the rarity is fine, I find it once every 25 games but the health needs work. ","Honestly the rarity is fine, I find it once every 25 games but the health needs work. ",4,4,3
ef4s68i,Seems like cutting out the middleman. They already know they are fat so no need to go to the doctor,Seems like cutting out the middleman. They already know they are fat so no need to go to the doctor,27,27,4
eff52fk,Oh my. Bless this dog. He is a big boy. I love him so much. Tell him I love him.,Oh my. Bless this dog. He is a big boy. I love him so much. Tell him I love him.,18,18,3
eev7uaa,I thought there's a top 5 and they filmed each elimination? What makes you say [NAME] isn't there (though I'd love [NAME] to be),I thought there's a top 5 and they filmed each elimination? What makes you say [NAME] isn't there (though I'd love [NAME] to be),7,7,6
ee2kpvc,Best thing about making moonshine is the ether vapors you get to collect :),Best thing about making moonshine is the ether vapors you get to collect :),27,27,4
eds3peb,I came.,I came.,27,27,4
eedb2er,Look like when i wake up in the same bed with my uncle,Look like when i wake up in the same bed with my uncle,27,27,4
edted0j,And AI will somehow be magically more disruptive than the industrial revolution. Because... reasons.,And AI will somehow be magically more disruptive than the industrial revolution. Because... reasons.,27,27,4
efaegvh,Something is eating this poor redditor and I don’t think it’s the injustice of society at large to accept face tattoos.,Something is eating this poor redditor and I don’t think it’s the injustice of society at large to accept face tattoos.,10,10,0
eeiupun,Have you ever consider knocking three times and that hide and seek/stalker vibe is terrifying. It's the most disturbing thing I can link you my AR 15.,Have you ever consider knocking three times and that hide and seek/stalker vibe is terrifying. It's the most disturbing thing I can link you my AR 15.,3,3,0
eef3jau,> we can't john beard that big,> we can't john beard that big,10,10,0
ef32sdd,I'm literally screaming.,I'm literally screaming.,25,25,5
ed86t6r,Weird as I do know I've seen CoC waste/recycling services trucks picking up bins as early as 6:30AM.,Weird as I do know I've seen CoC waste/recycling services trucks picking up bins as early as 6:30AM.,11,11,1
edwoue2,[NAME] scratched again lmao. Lines are good though. Pretty optimal considering what we have imo. I like [NAME] playing with [NAME],[NAME] scratched again lmao. Lines are good though. Pretty optimal considering what we have imo. I like [NAME] playing with [NAME],"1,18",1,3
ee4aylr,"Super [NAME] with a hat, or providing a buffed hat sounds really funny, if incredibly useless.","Super [NAME] with a hat, or providing a buffed hat sounds really funny, if incredibly useless.",1,1,3
ee1coxx,Yeah you better hope. I just switched to combat pro from standard and I gotta say my builds are 🗿,Yeah you better hope. I just switched to combat pro from standard and I gotta say my builds are 🗿,20,20,3
edbhgih,What exactly is insane about this,What exactly is insane about this,7,7,6
edyn827,Ah to be a young teen again,Ah to be a young teen again,13,13,3
eenpbwr,This is the first time in the last two years I've seen somebody compare current politics to a series other than Harry Potter,This is the first time in the last two years I've seen somebody compare current politics to a series other than Harry Potter,27,27,4
ee2rrgs,No you are providing more than enough evidence. Post histories do exist. Now fuck off.,No you are providing more than enough evidence. Post histories do exist. Now fuck off.,2,2,0
eenp1pd,> he might not have seen the truth by the time he had posted the video That's kinda the *whole fucking problem.* Fake Motherfucking News,> he might not have seen the truth by the time he had posted the video That's kinda the *whole fucking problem.* Fake Motherfucking News,"2,3",2,0
edgp3eg,What the hell kind of university schedules a class at 6am?,What the hell kind of university schedules a class at 6am?,"2,3",2,0
ee9a0fj,OMG... Dad!,OMG... Dad!,26,26,6
ef4urxy,That's exactly what I thought too!!!!,That's exactly what I thought too!!!!,13,13,3
edkjmgs,Wise choice. You had kebab.,Wise choice. You had kebab.,4,4,3
ee92p4n,[NAME] and [NAME]? High five on the cheers tho,[NAME] and [NAME]? High five on the cheers tho,7,7,6
edf3ixd,Listen to only [RELIGION] music.,Listen to only [RELIGION] music.,27,27,4
ee10n7g,Saw this on r/teenagers first haha,Saw this on r/teenagers first haha,1,1,3
ed1pn0a,"I guess some people just hate fun, lol","I guess some people just hate fun, lol",10,10,0
eeod0cc,Can’t even tell what’s happening here. This isn’t cringe.,Can’t even tell what’s happening here. This isn’t cringe.,6,6,6
eeg5t8c,Post the shaved [NAME] bro! #1 guard all over!,Post the shaved [NAME] bro! #1 guard all over!,27,27,4
edn5tyk,For both of us to be done school. To be in a secure spot financially.,For both of us to be done school. To be in a secure spot financially.,27,27,4
eer2q78,I'm just too lazy to count a subreddit for 20 characters every time I see one,I'm just too lazy to count a subreddit for 20 characters every time I see one,27,27,4
edkq0pv,Yeah thats exactly what I said. Im too weak to do it.,Yeah thats exactly what I said. Im too weak to do it.,4,4,3
ed4edc8,"Probably not, and I'm fine with that. Not exactly the position nor type of person a rebuilding team needs. ","Probably not, and I'm fine with that. Not exactly the position nor type of person a rebuilding team needs. ",6,6,6
effaom0,Shut up and dance,Shut up and dance,27,27,4
eduhvb7,Lmao servers in America make like $2 an hour with no tips.,Lmao servers in America make like $2 an hour with no tips.,1,1,3
efaqwhx,That sounds really cool! I'll be there,That sounds really cool! I'll be there,0,0,3
eelmaa4,"I was a [NAME] fan for a good bit, so that swayed me a little towards his teams","I was a [NAME] fan for a good bit, so that swayed me a little towards his teams",27,27,4
efbxxwq,Maybe when they get away from David cage finally the plots won't be so Melodramatic and on the nose.,Maybe when they get away from David cage finally the plots won't be so Melodramatic and on the nose.,27,27,4
ed48aqg,Just keep going and don't lose hope. Stuff like this can happen all the time to anybody. It's just bad luck,Just keep going and don't lose hope. Stuff like this can happen all the time to anybody. It's just bad luck,9,9,5
ef39gwn,"Oh, I see what you did... Trying to confuse me.","Oh, I see what you did... Trying to confuse me.",6,6,6
ed5uiry,"Yep. I did this in uni, got mad respect for holding my ""booze"". ","Yep. I did this in uni, got mad respect for holding my ""booze"". ",21,21,3
ee0vbba,"You can't see me, Vern.","You can't see me, Vern.",27,27,4
eev4wml,This is good. Thank you!,This is good. Thank you!,15,15,3
ed52w0c,Anyone else think [NAME] talks too much in this and drowns destiny and hbomb out My man be talkin,Anyone else think [NAME] talks too much in this and drowns destiny and hbomb out My man be talkin,3,3,0
ed6rxsh,Be single for a while and get your mind right before being with either of them or anybody else.,Be single for a while and get your mind right before being with either of them or anybody else.,27,27,4
ed060n3,Chat Room or Messages??,Chat Room or Messages??,27,27,4
eezdk5s,Man you take your sims really seriously.,Man you take your sims really seriously.,3,3,0
ed5o8h3,You’re doing so good! We’re all so proud!,You’re doing so good! We’re all so proud!,"0,21",0,3
eeqzxzj,"Oh, what a tangled web we weave When first we practise to deceive!","Oh, what a tangled web we weave When first we practise to deceive!",22,22,6
edgrpuf,The only one I'd recomend is [NAME] to be honest,The only one I'd recomend is [NAME] to be honest,27,27,4
edkh28y,What kind of behaviour is considered unattractive? I'm pretty clueless when it comes to dating.,What kind of behaviour is considered unattractive? I'm pretty clueless when it comes to dating.,6,6,6
ee28j4y,You can make a complaint and get damages if this happens. They are required to not pester you for two years if you fill it in online.,You can make a complaint and get damages if this happens. They are required to not pester you for two years if you fill it in online.,27,27,4
eeo4x88,I thought my [RELIGION] boarding school was weird but now it seems pretty tame and mild in comparison.,I thought my [RELIGION] boarding school was weird but now it seems pretty tame and mild in comparison.,22,22,6
ee70370,My bio is pretty funny... I got ‘If you’re a Catfish then you’ll be charged a call out fee of £120.49’,My bio is pretty funny... I got ‘If you’re a Catfish then you’ll be charged a call out fee of £120.49’,1,1,3
eens4w2,Damn [NAME] is KILLING it,Damn [NAME] is KILLING it,2,2,0
effz7h6,"Memes that were made 2 or more years ago don’t count. They were probably funny back then, just not now.","Memes that were made 2 or more years ago don’t count. They were probably funny back then, just not now.",1,1,3
eepq5y3,Thank you for sharing this with us,Thank you for sharing this with us,15,15,3
edokzwb,Oh. I have anxiety for her and this conversation.,Oh. I have anxiety for her and this conversation.,7,7,6
edyws2s,"Also, [NAME] has reached the ""retweet fans pressuring him to run"" stage of unofficially running.","Also, [NAME] has reached the ""retweet fans pressuring him to run"" stage of unofficially running.",27,27,4
ed1dgap,Hoping LSU can kill 2 minutes and 20 seconds of clock here and not let UCF score more...,Hoping LSU can kill 2 minutes and 20 seconds of clock here and not let UCF score more...,20,20,3
eeupgje,One more thing don't try to like eavesdrop or anything just kinda bring it up organically,One more thing don't try to like eavesdrop or anything just kinda bring it up organically,27,27,4
edz7kad,Well it obviously helps you rationalize your total unwillingness to take action to make the world a better place. I hope that you grow past that.,Well it obviously helps you rationalize your total unwillingness to take action to make the world a better place. I hope that you grow past that.,0,0,3
edrjfqi,I recently got a job that I wanted so now I don't have to live paycheck to paycheck.,I recently got a job that I wanted so now I don't have to live paycheck to paycheck.,"17,20",17,3
ee1get8,Thanks [NAME] for winning so we don't have to see so much of [NAME] laughable career dwindling away.,Thanks [NAME] for winning so we don't have to see so much of [NAME] laughable career dwindling away.,"0,15",0,3
eex55fg,Watch it! He has the diabeetus.,Watch it! He has the diabeetus.,27,27,4
edr1hz6,Holy fuck. Best idea ever. Thank you.,Holy fuck. Best idea ever. Thank you.,15,15,3
ef6cvr0,That facial hair....guy just finished playing red dead redemption 2 probably,That facial hair....guy just finished playing red dead redemption 2 probably,27,27,4
ee5xvub,good news is his fall was cushioned by [NAME] soft hairy body,good news is his fall was cushioned by [NAME] soft hairy body,27,27,4
ede81cn,Sadly there's a good chance that you still need a car anyway because that affordable neighborhood will involve a one hour commute.,Sadly there's a good chance that you still need a car anyway because that affordable neighborhood will involve a one hour commute.,25,25,5
ef54tnr,"I would never have believed it. Having experienced it, it is true. Completely. Different. World.","I would never have believed it. Having experienced it, it is true. Completely. Different. World.",4,4,3
ef5hhri,Deep down you know pain is temporary and you'll do it all over again the next weekend,Deep down you know pain is temporary and you'll do it all over again the next weekend,27,27,4
ed2655t,No justice with a cop's bullet in your head,No justice with a cop's bullet in your head,27,27,4
ed6syhw,You fool! Now look what you've unleashed!,You fool! Now look what you've unleashed!,2,2,0
ee68cn9,[NAME] will have to redeem himself by getting a hatty. LGP!,[NAME] will have to redeem himself by getting a hatty. LGP!,27,27,4
eejjr65,Guice was a fuckin monster.,Guice was a fuckin monster.,"2,3",2,0
eenbh7x,"Yeah, be sure to choose an option that won't be painful and has no chance of survival. And make it quick.","Yeah, be sure to choose an option that won't be painful and has no chance of survival. And make it quick.",5,5,3
edqc1yz,This is really helpful to point out!!,This is really helpful to point out!!,23,23,3
ef02evj,"nah it takes it a lot more than one time, I reckon you'll be fine considering your aware of the risk","nah it takes it a lot more than one time, I reckon you'll be fine considering your aware of the risk",22,22,6
eewu1km,I'm in the UK dude. It's happening everywhere and most people are either busy hating or living in a bubble so are oblivious.,I'm in the UK dude. It's happening everywhere and most people are either busy hating or living in a bubble so are oblivious.,27,27,4
edo362k,"I see you with Zangetsu, and I like it","I see you with Zangetsu, and I like it","0,18",0,3
edpgrl4,Because physical contact promotes bonding. Healthy relationships increase both partner's wellbeing. Routine can be frustrating. Especially when you want to try something new.,Because physical contact promotes bonding. Healthy relationships increase both partner's wellbeing. Routine can be frustrating. Especially when you want to try something new.,27,27,4
ef1zrig,"I think it's normal. Don't analyse how you look like and worry about it btw, those idiots sure don't when they say their bullshit","I think it's normal. Don't analyse how you look like and worry about it btw, those idiots sure don't when they say their bullshit",3,3,0
ef4beb7,"welcome to a whole new world, my friend ","welcome to a whole new world, my friend ",27,27,4
edlxact,If by probe you mean “ask questions” then it’s To fully understand what you’re trying to say — why else?,If by probe you mean “ask questions” then it’s To fully understand what you’re trying to say — why else?,27,27,4
efgm98k,There is literally NO reason as to why the Japan ratings are necessary in this post. Zero.,There is literally NO reason as to why the Japan ratings are necessary in this post. Zero.,27,27,4
eeg1sc5,She has a good voice for a yoga teacher,She has a good voice for a yoga teacher,0,0,3
edtfkk2,"Lmao, this guy is a tool.","Lmao, this guy is a tool.",1,1,3
ed5zta4,Sounds like a great chap,Sounds like a great chap,0,0,3
eduivne,"[NAME] is 110% 24/7/365 all the time Swag, I just can't fathom.","[NAME] is 110% 24/7/365 all the time Swag, I just can't fathom.",27,27,4
edz9zrb,"Unfortunately, successful and rich people blame foreigners too :(","Unfortunately, successful and rich people blame foreigners too :(","9,25",9,5
edrxgoq,Kid thinks he’s [NAME]! Mmm... Pound cake...,Kid thinks he’s [NAME]! Mmm... Pound cake...,27,27,4
ef8y338,What happened in his personal life? I know he had a bunch of head injuries; is there more than that?,What happened in his personal life? I know he had a bunch of head injuries; is there more than that?,7,7,6
efftjy3,When you insult someone you might want to start by insulting them to where they can understand what you're trying to say...who givES A fuck .,When you insult someone you might want to start by insulting them to where they can understand what you're trying to say...who givES A fuck .,"2,3",2,0
eergwgw,[NAME] will be livid if he does not get a burger but see [NAME] stuffing his face.,[NAME] will be livid if he does not get a burger but see [NAME] stuffing his face.,27,27,4
ee8h1wq,I'm surprised he survived the primary.,I'm surprised he survived the primary.,26,26,6
ed0uib8,The cognitive dissonance is strong with you.,The cognitive dissonance is strong with you.,27,27,4
eebmhdn,I find it unfortunate that you use gender-non-conformance as an insult.,I find it unfortunate that you use gender-non-conformance as an insult.,9,9,5
ee07ldq,"The only ignorant person here is you, and the Pope who makes the same baseless claims as you.","The only ignorant person here is you, and the Pope who makes the same baseless claims as you.","2,3",2,0
ed8dcup,It's the issue with a lot of 'activists' who think all's they have to do is exist.,It's the issue with a lot of 'activists' who think all's they have to do is exist.,27,27,4
edq1nvk,"Oh, I realized that moments after rolling down my window, when his hand came through the space. ","Oh, I realized that moments after rolling down my window, when his hand came through the space. ",22,22,6
een4s88,[NAME] is a MOTHERFUCKER,[NAME] is a MOTHERFUCKER,2,2,0
edh3gi7,Oh sweet I get [NAME] powers,Oh sweet I get [NAME] powers,27,27,4
ef7odkl,This response is highly unexpected yet logical. I’m fixin to chew on it for a spell.,This response is highly unexpected yet logical. I’m fixin to chew on it for a spell.,26,26,6
edu9dc7,hahah if only he had reddit,hahah if only he had reddit,1,1,3
eeu0j16,Not a fan of Hot Space. I like one song on there and that's Under Pressure.,Not a fan of Hot Space. I like one song on there and that's Under Pressure.,18,18,3
eeepbx5,I love it! It’s strangely charming lol!!! Especially when she comes back to camera speaking normally.,I love it! It’s strangely charming lol!!! Especially when she comes back to camera speaking normally.,"1,18",1,3
ee61cjd,Having a good list of alternatives would be something great we could produce,Having a good list of alternatives would be something great we could produce,0,0,3
eeqdu2p,The must be on the prowl because I've been getting these calls a lot lately.,The must be on the prowl because I've been getting these calls a lot lately.,27,27,4
efh0u98,People are disgusting and insane.,People are disgusting and insane.,11,11,1
eevcnj0,Quite enjoying this tbh,Quite enjoying this tbh,17,17,3
edcm8gf,UNLESS THEY ARE ABUSIVE OR IT'S AN LDR!,UNLESS THEY ARE ABUSIVE OR IT'S AN LDR!,27,27,4
ee5ne6r,"0.1% is a 1 in a thousand chance there, dumbass.","0.1% is a 1 in a thousand chance there, dumbass.",3,3,0
edq7vl7,Just a simple man trying to make his way in the galaxy,Just a simple man trying to make his way in the galaxy,27,27,4
eelv98w,Damned asshole trouble maker!! Someone has mummy issues. 👀,Damned asshole trouble maker!! Someone has mummy issues. 👀,2,2,0
eer85ad,What reason do you have for not already having been prepared?,What reason do you have for not already having been prepared?,7,7,6
eesno19,I am shocked they don’t have a vanity plate that reads “Beer Cheez”,I am shocked they don’t have a vanity plate that reads “Beer Cheez”,26,26,6
eezxeyk,"Gotta love how ""QUESTIONING"" is front and center in the list of things these warriors for [NAME] consider brainwashing.","Gotta love how ""QUESTIONING"" is front and center in the list of things these warriors for [NAME] consider brainwashing.",18,18,3
eec8lim,Imma say this didn’t happen,Imma say this didn’t happen,27,27,4
eezsr2a,Soooo [NAME] is f**ked,Soooo [NAME] is f**ked,2,2,0
ef4dlbf,Intp:(,Intp:(,27,27,4
eewy6r4,Just report his comments let the mods take care of this misogynistic twit,Just report his comments let the mods take care of this misogynistic twit,27,27,4
ee4ayz5,"[NAME] has had this problem forever. Hopefully she fixes it, because it gets old and is a relationship killer ","[NAME] has had this problem forever. Hopefully she fixes it, because it gets old and is a relationship killer ",20,20,3
edo6089,They're a Queens family. [NAME] would be one of those dudes who sits outside of Bodegas and bothers high school girls when they walk by.,They're a Queens family. [NAME] would be one of those dudes who sits outside of Bodegas and bothers high school girls when they walk by.,27,27,4
edaw2j2,What a brave man.,What a brave man.,0,0,3
eebmw88,"Wouldn’t doubt its for good reasons, just didn’t understand what the were.","Wouldn’t doubt its for good reasons, just didn’t understand what the were.",27,27,4
eeszbk9,Mirror,Mirror,27,27,4
ef0rbe1,Never heard of anything other than brain freeze. Are the cheese heads moving south?,Never heard of anything other than brain freeze. Are the cheese heads moving south?,27,27,4
ef7u9ct,"...Nobody ever remembers [NAME]. If you could see those others, you certainly could see [NAME], which is the second biggest of the lot.","...Nobody ever remembers [NAME]. If you could see those others, you certainly could see [NAME], which is the second biggest of the lot.",0,0,3
efa4vwq,"That’s a pretty high amount to pay per week over here, don’t know about the us though.","That’s a pretty high amount to pay per week over here, don’t know about the us though.",0,0,3
eeeqkxh,Oh well maybe your cousin gave his account info to someone lol.,Oh well maybe your cousin gave his account info to someone lol.,1,1,3
ed9zu79,"My thoughts exactly, I hope [NAME] doesn't get too much hate.","My thoughts exactly, I hope [NAME] doesn't get too much hate.","4,20",4,3
edv2j3i,Good luck! Let ~~me~~us know how it goes!,Good luck! Let ~~me~~us know how it goes!,20,20,3
edhanm0,"Yep, she's completely isolated. Part of the abuse.","Yep, she's completely isolated. Part of the abuse.",27,27,4
ed1b5wt,"And then if you don't go out and actually sin, you've done nothing wrong.","And then if you don't go out and actually sin, you've done nothing wrong.",27,27,4
efbda5w,Try your luck with ranked. it you stick it out enough you'll get high enough to play with good players,Try your luck with ranked. it you stick it out enough you'll get high enough to play with good players,20,20,3
ed7wzat,No I am still friends with the person I value his friendship he can just be...judgy?,No I am still friends with the person I value his friendship he can just be...judgy?,4,4,3
eeema0n,[NAME] is soft as hell boi got bullied in Minnesota,[NAME] is soft as hell boi got bullied in Minnesota,27,27,4
ed8id0h,Wonder what [NAME] [NAME] thinks about all this,Wonder what [NAME] [NAME] thinks about all this,26,26,6
edt2deu,I havent done a full rewatch since the finale. I think I might be ready,I havent done a full rewatch since the finale. I think I might be ready,20,20,3
edoz6ot,FUCKING RIGHT COLIN WHITE AND OF COURSE MARK STONE,FUCKING RIGHT COLIN WHITE AND OF COURSE MARK STONE,4,4,3
edrlgil,Hands to the back,Hands to the back,27,27,4
eere80w,"hard working, alpha male, jackhammer, merciless, insatiable","hard working, alpha male, jackhammer, merciless, insatiable",27,27,4
eevpwe1,I’ve massively improved but it never really gets cured. There are always situations that will give you anxiety.,I’ve massively improved but it never really gets cured. There are always situations that will give you anxiety.,19,19,2
edg9o40,In Rainbow is super amazing album as well.,In Rainbow is super amazing album as well.,0,0,3
edoghuz,"[NAME] sub, dolphins sub, and [NAME] subs are having a field day right now lol same old jets","[NAME] sub, dolphins sub, and [NAME] subs are having a field day right now lol same old jets",27,27,4
edxs8m8,Your heart stopping is technically a natural cause.,Your heart stopping is technically a natural cause.,4,4,3
ef4t3ur,"How about texts between them? ""On my way home."" ""Ok, see you soon.""","How about texts between them? ""On my way home."" ""Ok, see you soon.""",7,7,6
eewzmut,Is this a real thing? I'm a terrible stoner.,Is this a real thing? I'm a terrible stoner.,14,14,2
edm3oea,Probably also saves money. An extra 3 napkins you dont use each time multiplied by thousands of people per day adds up quick,Probably also saves money. An extra 3 napkins you dont use each time multiplied by thousands of people per day adds up quick,27,27,4
edychc5,Idk why you’re getting down voted I also pick it every time and almost always get it done on that initial skirmish,Idk why you’re getting down voted I also pick it every time and almost always get it done on that initial skirmish,27,27,4
edur7xa,Congrats! How long was the journey? Did you stick with [NAME] the entire time?,Congrats! How long was the journey? Did you stick with [NAME] the entire time?,15,15,3
eerx59g,[NAME]? never met one those.,[NAME]? never met one those.,27,27,4
ed0pwew,>Pri*toiletries*,>Pri*toiletries*,27,27,4
ee8tkaa,Is [NAME] okay?,Is [NAME] okay?,27,27,4
edaj429,Not when you compare it to CW though.,Not when you compare it to CW though.,27,27,4
ee11yns,My dad wears that sweater every game day! It’s in much worse condition however,My dad wears that sweater every game day! It’s in much worse condition however,11,11,1
ed60knl,I like the way you think!,I like the way you think!,0,0,3
ef5f877,"Oh. So you are actually full of shit. Okay, noted. Thanks.","Oh. So you are actually full of shit. Okay, noted. Thanks.",15,15,3
ef19rrf,Why cinnamon powder instead of bark?,Why cinnamon powder instead of bark?,6,6,6
eenvzo0,Why? I don’t think I’ve ever seen someone not like [NAME] irl or here. Witten I can see though.,Why? I don’t think I’ve ever seen someone not like [NAME] irl or here. Witten I can see though.,6,6,6
ed32d92,You could always try the too faced born this way foundation. It has 40 shades now and it’s hydrating.,You could always try the too faced born this way foundation. It has 40 shades now and it’s hydrating.,27,27,4
ed0i70k,fat people want to be oppressed so badly. I guess it's because they need an excuse to emotionally eat.,fat people want to be oppressed so badly. I guess it's because they need an excuse to emotionally eat.,27,27,4
ed9o2lu,[NAME] and [NAME]. [NAME] podcast is great.,[NAME] and [NAME]. [NAME] podcast is great.,0,0,3
ee1nqb6,"No one ever laid on their death bed and said, “I regret not working even harder.”","No one ever laid on their death bed and said, “I regret not working even harder.”",24,24,5
eepwsnq,Is this about [NAME]?,Is this about [NAME]?,7,7,6
eew6mts,Thanks for understanding,Thanks for understanding,15,15,3
eeeuzfn,BCH has mostly stopped doing this too. No one who matters fell for it.,BCH has mostly stopped doing this too. No one who matters fell for it.,27,27,4
ee8z020,"Funny thing is, I got mine today. Maybe it'll stop tonight?","Funny thing is, I got mine today. Maybe it'll stop tonight?",1,1,3
ef3xkza,"They have a huge problem with rich freaks diddling kids, that's pretty libertarian.","They have a huge problem with rich freaks diddling kids, that's pretty libertarian.",3,3,0
eebdfk6,here's a nice little introduction video for,here's a nice little introduction video for,27,27,4
ee6ohr6,that’s awful🤣🤣,that’s awful🤣🤣,11,11,1
ef607uj,And motherf'ing crack!,And motherf'ing crack!,27,27,4
ef64yhq,Stop being disgusting. I dont know if you know this but all dogs are naked.,Stop being disgusting. I dont know if you know this but all dogs are naked.,11,11,1
eczgm6f,Have you guys played Vancouver recently or has [NAME] found someone else to cut his hair?,Have you guys played Vancouver recently or has [NAME] found someone else to cut his hair?,7,7,6
eeye3ry,Also pretty fantastic in Good Girls Revolt,Also pretty fantastic in Good Girls Revolt,0,0,3
edsb8wi,Ok I love [NAME] for making [NAME] fist bump 3 times. He was so awkward with that haha.,Ok I love [NAME] for making [NAME] fist bump 3 times. He was so awkward with that haha.,1,1,3
edhilfn,$20 too much,$20 too much,10,10,0
ed7jo5e,Thanks for this video. It was just what I needed,Thanks for this video. It was just what I needed,15,15,3
ed7bg7i,It's honestly the best news I've heard all season.,It's honestly the best news I've heard all season.,17,17,3
ee1rkwi,I can't imagine buds being very hard to find in Hawaii,I can't imagine buds being very hard to find in Hawaii,26,26,6
edjsve3,Hopefully he gets traded,Hopefully he gets traded,20,20,3
edoejpx,I already told him off and typing the number into Facebook came back with a whole bunch of nothing.,I already told him off and typing the number into Facebook came back with a whole bunch of nothing.,27,27,4
ef5wsk1,Excuse me?,Excuse me?,27,27,4
eff10hy,"I don't think you can really go wrong with any of them, but I would suggest to watch him against South Carolina this year.","I don't think you can really go wrong with any of them, but I would suggest to watch him against South Carolina this year.",20,20,3
eeorxwd,but you won't hear that from most of the press or people on this sub WHAT IS THEIR POLICY THOUGH lmao,but you won't hear that from most of the press or people on this sub WHAT IS THEIR POLICY THOUGH lmao,1,1,3
edzwslf,A friend calls this shadow work. I think you're right. It takes a lot of courage and persistence.,A friend calls this shadow work. I think you're right. It takes a lot of courage and persistence.,4,4,3
edqjvo0,You know it’s bad when you grab the toothpaste and start reading it,You know it’s bad when you grab the toothpaste and start reading it,3,3,0
edcm3cr,"Who was it? I got here after it was deleted, and I'd like to read the comment history.","Who was it? I got here after it was deleted, and I'd like to read the comment history.",7,7,6
eduxkh8,"On reflection I might've been harsh on [NAME], but Bandai's existence was forgettable like a swing flashback in Naruto.","On reflection I might've been harsh on [NAME], but Bandai's existence was forgettable like a swing flashback in Naruto.",22,22,6
eetrfd1,I'm surprised that this is still happening despite the threats of an invasion of manbij.,I'm surprised that this is still happening despite the threats of an invasion of manbij.,26,26,6
eex08xg,And then everyone clapped,And then everyone clapped,27,27,4
efafosi,I have little to no anxiety and it really helps me when i have to take a test.,I have little to no anxiety and it really helps me when i have to take a test.,23,23,3
efbnv71,Thanks for the P.S,Thanks for the P.S,15,15,3
eel75gq,BALL DONT LIE.,BALL DONT LIE.,27,27,4
eef0mnk,"> People on the team needs to be cool. yup, totally 2016(my csgo trading days) in a straight line.","> People on the team needs to be cool. yup, totally 2016(my csgo trading days) in a straight line.",8,8,3
eenrens,The Ethical code of conduct. However it's subjective in many instances. But its based on impairment,The Ethical code of conduct. However it's subjective in many instances. But its based on impairment,4,4,3
ed7bpr1,Goodbye my tank commander!,Goodbye my tank commander!,27,27,4
eebuozc,It's pretty obvious why they're filming dipshit,It's pretty obvious why they're filming dipshit,6,6,6
eeo6ius,What the frick. I ordered a x box card,What the frick. I ordered a x box card,2,2,0
edvaqlg,[NAME] is his ex.,[NAME] is his ex.,27,27,4
eecrq51,"Tranlated: Wooooo be afraid of the spooky ""shadowban"" so don't do the thing that gets your message to a wider audience. Smh","Tranlated: Wooooo be afraid of the spooky ""shadowban"" so don't do the thing that gets your message to a wider audience. Smh",14,14,2
eeuzz11,My mom sent it to me so I knew it was bad but I didn’t realise it was already here,My mom sent it to me so I knew it was bad but I didn’t realise it was already here,22,22,6
eegb7jl,Downshifting in a manual to accelerate quicker,Downshifting in a manual to accelerate quicker,27,27,4
edk6w8j,Thanks for the advice I really appreciate it and I hope you're doing better now!,Thanks for the advice I really appreciate it and I hope you're doing better now!,"0,15",0,3
eddktov,That dad must love monster high as well.,That dad must love monster high as well.,18,18,3
eect4wn,I’m curious what is their concern and their purpose to be plus-size people influencers regarding the fact that they do not belong to that group?,I’m curious what is their concern and their purpose to be plus-size people influencers regarding the fact that they do not belong to that group?,27,27,4
eda3seg,Also them dealing with mean and petty people especially in school,Also them dealing with mean and petty people especially in school,27,27,4
eex2z2r,"Okay. I mean 18% of the words in the comment you replied to were ""Times"", but okay","Okay. I mean 18% of the words in the comment you replied to were ""Times"", but okay",27,27,4
ee9jvfx,Street Samurai Koji and Ojiisan Koji are my personal favorites. Greased Lightning Koji is pretty fun as well.,Street Samurai Koji and Ojiisan Koji are my personal favorites. Greased Lightning Koji is pretty fun as well.,18,18,3
eerr82c,THIS!!,THIS!!,13,13,3
ee7toae,That was my mistake. It should only show your First Name and The 1st letter of my last name.,That was my mistake. It should only show your First Name and The 1st letter of my last name.,24,24,5
efag0ql,Hasn’t hurt me none,Hasn’t hurt me none,10,10,0
edwyapx,"They never seem to think this when the police arrive, with their guns, to end a terrible situation. ","They never seem to think this when the police arrive, with their guns, to end a terrible situation. ",27,27,4
edi4u1a,"Honestly, if you did not, then you were watching the video incorrectly.","Honestly, if you did not, then you were watching the video incorrectly.",10,10,0
ef64yoh,This is why I love politics. It really shows how stupid people are.,This is why I love politics. It really shows how stupid people are.,18,18,3
eegfgs5,"Good point, thank you for the correction","Good point, thank you for the correction",15,15,3
eew7qjt,I appreciate it my guy! I try my best to really do research behind my opinions so I appreciate the call out.,I appreciate it my guy! I try my best to really do research behind my opinions so I appreciate the call out.,0,0,3
edikweb,Not sure what makes me a nimby but ok?,Not sure what makes me a nimby but ok?,27,27,4
ee50584,Interesting user name :).,Interesting user name :).,0,0,3
ee4czj8,^ but she ain’t a traitor,^ but she ain’t a traitor,27,27,4
edfvs77,Try to think a bit harder.,Try to think a bit harder.,20,20,3
edms5cl,"No, because asses that hot don't come in trenta","No, because asses that hot don't come in trenta",27,27,4
ed8yx1p,Most non immigrants won't do farm work for peanuts either,Most non immigrants won't do farm work for peanuts either,27,27,4
eeutvg2,Shaming men for trying to solve a problem on their own is actually an example of toxic femininity,Shaming men for trying to solve a problem on their own is actually an example of toxic femininity,27,27,4
edk6gbr,"Calm down snowflake. Comment stalking from a week ago is really sad, especially when you're whining about something that I'm 100% right on. ","Calm down snowflake. Comment stalking from a week ago is really sad, especially when you're whining about something that I'm 100% right on. ",25,25,5
eejj57x,It really sucks people are downvoting you just because they were worried about blowing themselves up just like us nova bomb users.,It really sucks people are downvoting you just because they were worried about blowing themselves up just like us nova bomb users.,3,3,0
eevg200,Downvote. These slippers cute as hell.,Downvote. These slippers cute as hell.,27,27,4
edn65tb,Ah fair enough. Thanks for elaborating,Ah fair enough. Thanks for elaborating,15,15,3
ee4kmno,"Tough times don't last tough people do... Die'n is easy, living isn't, make the best of it","Tough times don't last tough people do... Die'n is easy, living isn't, make the best of it",4,4,3
edth1j2,He may be jealous that you were able to do so,He may be jealous that you were able to do so,27,27,4
ef5urrx,Omg yes lol it’s the story of my life,Omg yes lol it’s the story of my life,1,1,3
edeyog7,[NAME] is always the dirtiest psychopath,[NAME] is always the dirtiest psychopath,11,11,1
ee8f682,"Was looking for this comment, thank you! Every so often someone will freak out over dilated pupils and post a pic here","Was looking for this comment, thank you! Every so often someone will freak out over dilated pupils and post a pic here",15,15,3
ede611b,“I use to work here and I remember our policy was this!” Did I nail it?,“I use to work here and I remember our policy was this!” Did I nail it?,27,27,4
ed9iecn,"Wow, that's crazy. Ever tried DMT? ","Wow, that's crazy. Ever tried DMT? ",0,0,3
eeng6wv,It did! Good luck on yours!! -[NAME],It did! Good luck on yours!! -[NAME],4,4,3
eems49s,Feels good getting a number next to our name again.,Feels good getting a number next to our name again.,17,17,3
edmgwb2,"Dont mind him/her, they have decided that anything which kinda speaks against the whole Apartheid is to blame for everything for the next 150 Years is bad. ","Dont mind him/her, they have decided that anything which kinda speaks against the whole Apartheid is to blame for everything for the next 150 Years is bad. ",27,27,4
edtmbvs,3 under 3?! You are a true hero.,3 under 3?! You are a true hero.,0,0,3
ee0r36w,Iirc she's alive but an alcoholic.,Iirc she's alive but an alcoholic.,9,9,5
ef3gmtm,would love to see a win here,would love to see a win here,8,8,3
ee1mqwo,Wow. Did not realize [NAME] was a top 20,Wow. Did not realize [NAME] was a top 20,"22,26",22,6
eew266o,Yep! The artist also has one where he's plowing a blue Incineroar and it's one of the best things I've seen.,Yep! The artist also has one where he's plowing a blue Incineroar and it's one of the best things I've seen.,0,0,3
eeb90xv,More then a handful is to much anyways. You're all good lady. Confidence is sexy,More then a handful is to much anyways. You're all good lady. Confidence is sexy,"0,4",0,3
efg2r3l,Evil spirit! Leave from this place and never return!!,Evil spirit! Leave from this place and never return!!,27,27,4
eeyhxzq,[NAME] is such a disgusting champ to play against ....,[NAME] is such a disgusting champ to play against ....,11,11,1
edljm4n,"Part of me wants to say ""Yea, that happened.""","Part of me wants to say ""Yea, that happened.""",27,27,4
ed9vovm,That and he’s sneaky dirty,That and he’s sneaky dirty,11,11,1
edl8mqz,Gah sad high five. I tried once for a few weeks and will never try again. I need that support in my life.,Gah sad high five. I tried once for a few weeks and will never try again. I need that support in my life.,8,8,3
efe8j5d,You played torb....... that’s why. Just kidding that’s really weird though,You played torb....... that’s why. Just kidding that’s really weird though,10,10,0
ee92had,So this is how democracy dies... With thunderous upvotes.,So this is how democracy dies... With thunderous upvotes.,2,2,0
eeu5mfp,"Yes, I’m sure [NAME] biggest concern is New Japan getting criticism on Reddit.","Yes, I’m sure [NAME] biggest concern is New Japan getting criticism on Reddit.",4,4,3
eeetsyl,Why do you keep going back the them? Why should care about hillbillies?,Why do you keep going back the them? Why should care about hillbillies?,6,6,6
ef2hcbw,The first sentence alone sums it all up 😂,The first sentence alone sums it all up 😂,4,4,3
efag9qk,He was only thrown in there so we could have [NAME] get heroically saved by him and so we would hate [NAME],He was only thrown in there so we could have [NAME] get heroically saved by him and so we would hate [NAME],27,27,4
efdhrfd,EDIT: wrong link sorry here’s the right one I hope,EDIT: wrong link sorry here’s the right one I hope,24,24,5
edxf3sw,I plan on being respectful lol. I hope he’s there.,I plan on being respectful lol. I hope he’s there.,20,20,3
ed8m1tq,tape up those laptop cams y’all,tape up those laptop cams y’all,27,27,4
eeqqgn0,That amiibo addiction is real man....,That amiibo addiction is real man....,27,27,4
edimnt2,I'm doing my best to apply that. Thank you for commenting,I'm doing my best to apply that. Thank you for commenting,15,15,3
ee5z7uc,"Good luck for everyone pronouncing [NAME] name. If he keeps scoring like this, i'll have fun listening some commentators around NHL.","Good luck for everyone pronouncing [NAME] name. If he keeps scoring like this, i'll have fun listening some commentators around NHL.",15,15,3
ef9qs73,No I’m not,No I’m not,10,10,0
edusa8c,Some guy that I went to hs with 7 yrs ago but haven't seen him since.,Some guy that I went to hs with 7 yrs ago but haven't seen him since.,27,27,4
ef8g88z,"The username makes it even better, sucking a dudes toes, who is [NAME]. Man I'm jealous ","The username makes it even better, sucking a dudes toes, who is [NAME]. Man I'm jealous ","2,3",2,0
edg2u44,Hmmmm this is so familiar but I can't quite put my finger on DJEEEOOOWWWOBRRRRBRBRBRRGRRRRRRDRRRRRRJRHRRJRRERHRJRGRHRRJRHRHRBRJ,Hmmmm this is so familiar but I can't quite put my finger on DJEEEOOOWWWOBRRRRBRBRBRRGRRRRRRDRRRRRRJRHRRJRRERHRJRGRHRRJRHRHRBRJ,10,10,0
ed3qe4k,"We are by far the greatest team the world has ever seen, we are just having a rough patch.","We are by far the greatest team the world has ever seen, we are just having a rough patch.",0,0,3
eec4wqa,That's the laziest bro I've ever seen,That's the laziest bro I've ever seen,22,22,6
ee3e1ph,I love [NAME] goggles.,I love [NAME] goggles.,18,18,3
ed391go,yea I was gonna say that looks pretty good to me,yea I was gonna say that looks pretty good to me,0,0,3
edgjvyh,"The [NAME], a great bunch of lads","The [NAME], a great bunch of lads",0,0,3
efddfe2,I watched the CWC from the stadium and boy is he amazing.,I watched the CWC from the stadium and boy is he amazing.,0,0,3
eekz0vq,This is the greatest thing I've read in my entire life,This is the greatest thing I've read in my entire life,0,0,3
edeqajh,"Best of luck in Cleveland, Plaw Dog!","Best of luck in Cleveland, Plaw Dog!",20,20,3
eerpe67,You specifically believe that if a mortal sin is not confessed a person is damned.,You specifically believe that if a mortal sin is not confessed a person is damned.,27,27,4
eeinruj,That’s awesome!,That’s awesome!,"0,13",0,3
ef1x85j,She's married and I respect her family and husband too much.,She's married and I respect her family and husband too much.,5,5,3
ee3zlc2,Huge office fan and I agree. [NAME] and [NAME] are annoying.,Huge office fan and I agree. [NAME] and [NAME] are annoying.,3,3,0
eep6w1l,Fuck [NAME] pai,Fuck [NAME] pai,2,2,0
eegfjlp,I literally got the same bug,I literally got the same bug,9,9,5
efdwddq,"I agree with your guy. Sex can sometimes improve with the adulterous partner, because he/she feels desired and sexy again.","I agree with your guy. Sex can sometimes improve with the adulterous partner, because he/she feels desired and sexy again.",4,4,3
ee8yy8w,Someone get us a [NAME] version of the [NAME] nice lead meme!!!,Someone get us a [NAME] version of the [NAME] nice lead meme!!!,8,8,3
edhgiy7,He’s probably just getting stressed out that it is now getting dark and he lives in the countryside,He’s probably just getting stressed out that it is now getting dark and he lives in the countryside,27,27,4
ee63efc,That’s an insult!! To fecal matter.,That’s an insult!! To fecal matter.,9,9,5
eduge0v,Chicken and the egg argument. Gun companies don't donate to [NAME] *because* they have gun control on their platform. This goes back decades mind you.,Chicken and the egg argument. Gun companies don't donate to [NAME] *because* they have gun control on their platform. This goes back decades mind you.,27,27,4
edk3huj,I have to cuddle my dog so hard right now.,I have to cuddle my dog so hard right now.,"5,18",5,3
ed2uyol,People on Reddit barely know anything about law but they love to get riled up about the little that they do know,People on Reddit barely know anything about law but they love to get riled up about the little that they do know,18,18,3
ednculf,I admit I’ll be fairly happy if we continue to invest in young internationals and sign a $100+ mil free agent every offseason.,I admit I’ll be fairly happy if we continue to invest in young internationals and sign a $100+ mil free agent every offseason.,"4,17",4,3
ed2hvlf,Any rap song because I hate it,Any rap song because I hate it,2,2,0
eezvpdn,BERNIE OR BUST,BERNIE OR BUST,27,27,4
eeqmptc,Before the trade happened I knew [NAME] was [NAME] but [NAME] beauty had not reached me yet,Before the trade happened I knew [NAME] was [NAME] but [NAME] beauty had not reached me yet,9,9,5
efh50bc,That’s horrible. What country? If you don’t mind. My [NAME] was abused by her heavily religious (Pentecostal) father.,That’s horrible. What country? If you don’t mind. My [NAME] was abused by her heavily religious (Pentecostal) father.,14,14,2
ef2u519,I thought they held hands while they and [NAME] were watching TV ([NAME] was pretending to be sick in that episode)?,I thought they held hands while they and [NAME] were watching TV ([NAME] was pretending to be sick in that episode)?,27,27,4
ed3mf1l,I wondered where the quote about “supporting your azz” and was very pleased to finally find the train wreck that said it.,I wondered where the quote about “supporting your azz” and was very pleased to finally find the train wreck that said it.,26,26,6
ed27iy5,"Ok, thank you and thanks for the LPT. Cold leftover food is great sometimes like cold pizza, cold meatballs, etc...","Ok, thank you and thanks for the LPT. Cold leftover food is great sometimes like cold pizza, cold meatballs, etc...",15,15,3
edyb804,What's up with all the gloating.,What's up with all the gloating.,7,7,6
eduuk6t,[NAME] x [NAME] sounds cute for some reason.,[NAME] x [NAME] sounds cute for some reason.,0,0,3
edh94dx,"Thanks, now every highlander I run into tries to do it 100% of the time and I just bait them into a light parry","Thanks, now every highlander I run into tries to do it 100% of the time and I just bait them into a light parry",15,15,3
edixbsb,"I know man, however in some ways it's a good way to act out a martyr complex. ","I know man, however in some ways it's a good way to act out a martyr complex. ",4,4,3
edbyvi1,> punishment for saying no to rape Surely if you wanted to rape someone you'd have to punish them for saying yes...,> punishment for saying no to rape Surely if you wanted to rape someone you'd have to punish them for saying yes...,2,2,0
edt9956,"Weird, I checked again and it works for me now. It wasn't the first few times I tried to click.","Weird, I checked again and it works for me now. It wasn't the first few times I tried to click.",27,27,4
ed41m72,Thank you for the detailed response. It’s about time I worry about making myself happy rather than them.,Thank you for the detailed response. It’s about time I worry about making myself happy rather than them.,15,15,3
ed6rz20,Used to love Thai-tanic. Haven't been in ages.,Used to love Thai-tanic. Haven't been in ages.,18,18,3
edb9w17,"republicans and their hatred of Nordic countries are hilarious. ""Oh no some place has a much higher standard of living than us let's bash it!""","republicans and their hatred of Nordic countries are hilarious. ""Oh no some place has a much higher standard of living than us let's bash it!""",1,1,3
eex7a62,These aren't [NAME]... they're [NAME] that like to pose in the form of a hexagram for some reason,These aren't [NAME]... they're [NAME] that like to pose in the form of a hexagram for some reason,4,4,3
eddp57z,"Yeah, I was thinking they would be super cute with black heels and a snug black crop top.","Yeah, I was thinking they would be super cute with black heels and a snug black crop top.","0,4",0,3
eettdze,What is up with the phone tho,What is up with the phone tho,27,27,4
ee79w6s,I like Shred 415,I like Shred 415,18,18,3
ed8jisf,So you’re telling me [NAME] hasn’t got a baby face?,So you’re telling me [NAME] hasn’t got a baby face?,27,27,4
ef12vk6,"[NAME] gets a lot of unfair criticism. [NAME], too","[NAME] gets a lot of unfair criticism. [NAME], too",10,10,0
efgjczx,Sending you some Ramona wine as thanks!,Sending you some Ramona wine as thanks!,15,15,3
eeza6lx,[NAME] taking a backseat this episode but it sounds like he'll join the fray once [NAME] goes completely crazy.,[NAME] taking a backseat this episode but it sounds like he'll join the fray once [NAME] goes completely crazy.,20,20,3
eeecutl,What the hell was that,What the hell was that,2,2,0
eezzt7a,You are fucking retarded,You are fucking retarded,2,2,0
edlk1zx,"To be fair, I will also continue to jerk off to pictures of [NAME] in shorts He looks so good in them","To be fair, I will also continue to jerk off to pictures of [NAME] in shorts He looks so good in them","0,4",0,3
ee7ctbp,Seinfeld is one of the only pieces of culture that I feel like I could be competitive in a trivia league about.,Seinfeld is one of the only pieces of culture that I feel like I could be competitive in a trivia league about.,27,27,4
eegwepn,Filthy birdbrain-loving scum barely deserve the bullets needed to boot them off the mountain. Moreiya 4 life,Filthy birdbrain-loving scum barely deserve the bullets needed to boot them off the mountain. Moreiya 4 life,"2,3",2,0
eeejwws,Yes! I binged it (I was a late adopter) and then all of a sudden nothing!,Yes! I binged it (I was a late adopter) and then all of a sudden nothing!,4,4,3
ed8z3iv,[NAME] was awful last season. Let's sign [NAME] instead.,[NAME] was awful last season. Let's sign [NAME] instead.,27,27,4
ee2hrev,Lost finger how?,Lost finger how?,26,26,6
edq5e3n,Bahahahahaha the life of a fish parent!,Bahahahahaha the life of a fish parent!,1,1,3
ed73mu0,He killed... YOUNGLINGS,He killed... YOUNGLINGS,27,27,4
eexf473,Swear i have seen this before? had it been reposted?,Swear i have seen this before? had it been reposted?,6,6,6
ee52iny,Super unflattering. [NAME] is not overweight but this ensemble made her appear chunky.,Super unflattering. [NAME] is not overweight but this ensemble made her appear chunky.,10,10,0
ef9ibsj,Wow that's a really great explanation. Makes sense!,Wow that's a really great explanation. Makes sense!,0,0,3
edm9lwz,Your manager sounds like an idiot. Not saying he/she is. Just sounds like it from this.,Your manager sounds like an idiot. Not saying he/she is. Just sounds like it from this.,2,2,0
edtszfy,Do you have any tinder picture or bio advice? I have no selfies or mirror pics but still not doing very well,Do you have any tinder picture or bio advice? I have no selfies or mirror pics but still not doing very well,7,7,6
eds0hr5,"Wow, season 3 is actually out already. Need to check it out","Wow, season 3 is actually out already. Need to check it out",26,26,6
edewa7g,"Am interested in responses as I'm in a similar situation, though my tech school is a TDY","Am interested in responses as I'm in a similar situation, though my tech school is a TDY",13,13,3
ee1hrdg,You're easily as classist as her.,You're easily as classist as her.,27,27,4
ed3684r,"My adopted daughter told me, ""You can't tell me what to do. You're not my dad."" While true, it still stung.","My adopted daughter told me, ""You can't tell me what to do. You're not my dad."" While true, it still stung.","9,25",9,5
editybe,Thanks for the kindness; it’s all good enough- I’m hoping to move out later this year,Thanks for the kindness; it’s all good enough- I’m hoping to move out later this year,15,15,3
ed1i50s,"i did, but it was at 3 am before i went to bed, so i’m gonna cheat and count it as 2018 LOL.","i did, but it was at 3 am before i went to bed, so i’m gonna cheat and count it as 2018 LOL.",1,1,3
edhuktb,I find it telling that a very known Russian media uses [NAME] as an exemple....,I find it telling that a very known Russian media uses [NAME] as an exemple....,27,27,4
eda854m,I’m so sorry the internet has inconvenienced you,I’m so sorry the internet has inconvenienced you,24,24,5
eei0b8d,You should have gone and joined her for a drink.... That’s my dream... Eventually sit down and enjoy a drink with my siblings.,You should have gone and joined her for a drink.... That’s my dream... Eventually sit down and enjoy a drink with my siblings.,8,8,3
eeeb7ar,I mean everyone already knows what u like so its gonna be weird,I mean everyone already knows what u like so its gonna be weird,22,22,6
ed42d0u,"I love many fanarts of this paring, but this is one of my favorite ones. :)","I love many fanarts of this paring, but this is one of my favorite ones. :)",18,18,3
edtkad3,That's the worst feeling haha,That's the worst feeling haha,1,1,3
edljwii,No. It’s slower and takes more calculation but it can be done. That’s why it should be practiced.,No. It’s slower and takes more calculation but it can be done. That’s why it should be practiced.,10,10,0
efa80q4,Please dont put words into my mouth.I never said rape isnt a problem.,Please dont put words into my mouth.I never said rape isnt a problem.,3,3,0
eephzhz,Why would they stop there with like 15 feet of visibility? It clearly isn’t just the truck drivers fault,Why would they stop there with like 15 feet of visibility? It clearly isn’t just the truck drivers fault,"6,7",6,6
eenpty8,agreed....seems that due to plot force shes starting to slip,agreed....seems that due to plot force shes starting to slip,4,4,3
ed5hvpa,"Fortunately, finding yourself and deepening your spiritual connection with the world only takes about 4 days in a beach hut with a thatched roof.","Fortunately, finding yourself and deepening your spiritual connection with the world only takes about 4 days in a beach hut with a thatched roof.",27,27,4
edxbkzt,they do poorly making me feel otherwise,they do poorly making me feel otherwise,27,27,4
eer0hlf," Now, can you make another applet to change his wallpaper?"," Now, can you make another applet to change his wallpaper?",27,27,4
eeuer5u,I did and found it basically the same except I was getting drunk very easily.,I did and found it basically the same except I was getting drunk very easily.,4,4,3
eepf1aq,"Weird, though. So many people love to identify themselves by their corporate loyalty.","Weird, though. So many people love to identify themselves by their corporate loyalty.",27,27,4
edgkwiy,"Thanks, I love it.","Thanks, I love it.","15,18",15,3
edtbcto,Highgate Hill! Close to westend and has a lot of cute houses. :),Highgate Hill! Close to westend and has a lot of cute houses. :),27,27,4
edzlfdm,Right now I’d have to say [NAME] new restaurant UB Preserve is my favorite place to eat. So good.,Right now I’d have to say [NAME] new restaurant UB Preserve is my favorite place to eat. So good.,0,0,3
eepb46i,Haha i have 2 chinchillas from a manic episode about 8 years ago. They're sweet little things.,Haha i have 2 chinchillas from a manic episode about 8 years ago. They're sweet little things.,1,1,3
edume43,I think she has a good chance,I think she has a good chance,0,0,3
edapvif,Henlo little alligatrr. ou almost slipped there. OH FUK NO NO NO NO ALIGATRR PLZ DONT EET MEEEEEEEE,Henlo little alligatrr. ou almost slipped there. OH FUK NO NO NO NO ALIGATRR PLZ DONT EET MEEEEEEEE,27,27,4
eeayeuu,I'll look into it! I don't mind language but misogyny can be pretty intolerable,I'll look into it! I don't mind language but misogyny can be pretty intolerable,3,3,0
edwh8wz,His entire face is covered by a beard and sunglasses lol,His entire face is covered by a beard and sunglasses lol,1,1,3
eeds7gr,PLANT LOCAL WILDFLOWERS!!!! They come back year after year and the Pollinators will Love it.,PLANT LOCAL WILDFLOWERS!!!! They come back year after year and the Pollinators will Love it.,4,4,3
efdoh65,Totally agree with you. Just saying that [NAME] is not a stupid person. A smart person that will be spending the rest of his life in prison,Totally agree with you. Just saying that [NAME] is not a stupid person. A smart person that will be spending the rest of his life in prison,4,4,3
edttgwt,Yes - thank you for stating it this way - perfectly said.,Yes - thank you for stating it this way - perfectly said.,15,15,3
ef2p9mw,Congrats!!! Happy for you.,Congrats!!! Happy for you.,17,17,3
edn3s0d,Pretty sure the legislature needs to change laws,Pretty sure the legislature needs to change laws,27,27,4
ef49up7,Yeah this is pretty eye opening. I’ve had pretty weird relationships with my reflection in the past but thankfully it’s not always this way.,Yeah this is pretty eye opening. I’ve had pretty weird relationships with my reflection in the past but thankfully it’s not always this way.,15,15,3
eesrmui,Terrorism is the systematic use of violence to achieve a political goal. [NAME] has not used violence.,Terrorism is the systematic use of violence to achieve a political goal. [NAME] has not used violence.,4,4,3
ee3gbbl,TIL I learned there are no drugs or violent incidents in prisons.,TIL I learned there are no drugs or violent incidents in prisons.,27,27,4
ee8hv51,"It's finally official, we got [NAME] ","It's finally official, we got [NAME] ",4,4,3
edq3vgn,the most romantic thing that can possibly happen to me,the most romantic thing that can possibly happen to me,17,17,3
ee3ws39,Every day in everyway. If I am to happy with anything next thing I know I'm actively destroying it.,Every day in everyway. If I am to happy with anything next thing I know I'm actively destroying it.,9,9,5
ef6ij1d,[NAME] doesn’t roll his ankle on a 🎾 in 2011 and we win a premiership imo,[NAME] doesn’t roll his ankle on a 🎾 in 2011 and we win a premiership imo,27,27,4
ef4yaoq,True. Icing all three of your villains for the duration of the film is a bad idea. They need to be making moves.,True. Icing all three of your villains for the duration of the film is a bad idea. They need to be making moves.,27,27,4
eff2ct1,2 more trae assists pls another 3 would be delightful as well,2 more trae assists pls another 3 would be delightful as well,27,27,4
ee0psvl,So happy for you :),So happy for you :),17,17,3
edw65t1,"Because there's such a thing as ""too good to be true"" and some people are still skeptical of that.","Because there's such a thing as ""too good to be true"" and some people are still skeptical of that.",27,27,4
edw5iqn,He seemed like he was about to run away and go do some meth.,He seemed like he was about to run away and go do some meth.,27,27,4
eem6ixj,Don't know how that was missed. Tragic really. Considering the title.,Don't know how that was missed. Tragic really. Considering the title.,"9,25",9,5
eef48yd,I’m just worried about his attitude and approach with younger players. Edit-re worded,I’m just worried about his attitude and approach with younger players. Edit-re worded,19,19,2
edc36re,This is really well put. I saved it.,This is really well put. I saved it.,0,0,3
edrs9mh,Thank you. ❤️ I really appreciate your comment,Thank you. ❤️ I really appreciate your comment,15,15,3
eetu8gb,I've seen so many of these and I still have a massive amount of difficulty believing it is possible.,I've seen so many of these and I still have a massive amount of difficulty believing it is possible.,4,4,3
eenkhyw,Why so much green though lol,Why so much green though lol,1,1,3
ed4xx03,Unemployed now re: those crummy health issues. So that probably helped.,Unemployed now re: those crummy health issues. So that probably helped.,5,5,3
edosx12,Sounds fun from what I’m reading on here.,Sounds fun from what I’m reading on here.,1,1,3
ef3dzvv,"Just wait till they see what British capitalists have in store for them now we got ""arr soverinity"" back","Just wait till they see what British capitalists have in store for them now we got ""arr soverinity"" back",27,27,4
ef8ka3k,I carry on an empty. But I also carry a single action. So don't make my mistakes.,I carry on an empty. But I also carry a single action. So don't make my mistakes.,27,27,4
ee3jr79,I understand that but I enjoy the silence and lonely feeling I have.,I understand that but I enjoy the silence and lonely feeling I have.,4,4,3
edt494w,Is it Amazon brand? Genuine question as I didnt even know those existed,Is it Amazon brand? Genuine question as I didnt even know those existed,7,7,6
ed1msvm,He'd have to ask his mom,He'd have to ask his mom,27,27,4
eehn6sf,"And you got it, a federal tax cut. If you want to pay less taxes overall you need to stop electing democrats.","And you got it, a federal tax cut. If you want to pay less taxes overall you need to stop electing democrats.",27,27,4
eecyjeb,"No, I have been avoiding doing anything until it's actually fixed because I don't want to give them any reason to drag their feet.","No, I have been avoiding doing anything until it's actually fixed because I don't want to give them any reason to drag their feet.",10,10,0
edakaql,I think most people have listened to bohemian rhapsody at some point thank you very much,I think most people have listened to bohemian rhapsody at some point thank you very much,15,15,3
edrtk9a,We didn't screw it up!,We didn't screw it up!,27,27,4
eet4gbe,I wouldn't say age would stop it just lessen the affect of it but probably start to notice it around mid to late 30's.,I wouldn't say age would stop it just lessen the affect of it but probably start to notice it around mid to late 30's.,22,22,6
eedvwoz,You should be embarrassed. Not only because you are a adulterer but because you are a pedo for thinking of your son.,You should be embarrassed. Not only because you are a adulterer but because you are a pedo for thinking of your son.,12,12,5
eedn836,I don’t know why but watching this makes me super happy!,I don’t know why but watching this makes me super happy!,17,17,3
ed08b0l,They don’t like to be excluded from anything,They don’t like to be excluded from anything,10,10,0
ed60o6e,One of my worst nightmares. Ugh.,One of my worst nightmares. Ugh.,14,14,2
eeqta1y,Don't kink shame,Don't kink shame,10,10,0
edm34qc,"Damn, still hoping...","Damn, still hoping...",20,20,3
ef9uk67,Stuck on icy stairs.,Stuck on icy stairs.,27,27,4
edj84ja,My wife is divorcing me because I glued [NAME] face onto all of our family photos He looks good with her body,My wife is divorcing me because I glued [NAME] face onto all of our family photos He looks good with her body,25,25,5
edlm38f,I’m gonna need to see that in writing before I celebrate.,I’m gonna need to see that in writing before I celebrate.,8,8,3
eekim14,You didnt!,You didnt!,27,27,4
edvmuy3,"Ironic, since cleaning your room is what [NAME] is always on about.","Ironic, since cleaning your room is what [NAME] is always on about.",27,27,4
ee8rdzm,WHAT IS HAPPENING,WHAT IS HAPPENING,"6,7",6,6
ee5ede3,Sending love and strength vibes <3,Sending love and strength vibes <3,17,17,3
eeq3xn1,"I tried Guinness the other week and it made me gag, what’s different about it to other beer","I tried Guinness the other week and it made me gag, what’s different about it to other beer",7,7,6
edaf7ls,I just saw this on netflix..... Now I'm Watching it... Then you post this.... It's like we almost watched it together...,I just saw this on netflix..... Now I'm Watching it... Then you post this.... It's like we almost watched it together...,18,18,3
eeu1m0l,"Don't underestimate him, he can do it in 2","Don't underestimate him, he can do it in 2",0,0,3
ee3yh8w,I wish I was [NAME]. Source (deleted):,I wish I was [NAME]. Source (deleted):,8,8,3
edez73c,"He also had bipolar depression, which was a major driver in his mental states...","He also had bipolar depression, which was a major driver in his mental states...",27,27,4
eeqr8n9,Falcons fan here. I love you guys so much.,Falcons fan here. I love you guys so much.,18,18,3
ef2f4xp,"While I agree with you for the most part, I also have cats and upholstered furniture. ","While I agree with you for the most part, I also have cats and upholstered furniture. ",4,4,3
ededok1,"Good for you! I wish I had run for my life at 18, but brainwashing is real","Good for you! I wish I had run for my life at 18, but brainwashing is real",8,8,3
eel2pzv,Care to share your thought process ?,Care to share your thought process ?,7,7,6
edmzko2,My poor space bar takes an awful bashing with all the pausing in a Squidge vid,My poor space bar takes an awful bashing with all the pausing in a Squidge vid,11,11,1
ed9qqg8,Then he is innocent. I'd rather have a president that we know for sure isnt undermining our democracy by conspiring with a foreign nation.,Then he is innocent. I'd rather have a president that we know for sure isnt undermining our democracy by conspiring with a foreign nation.,27,27,4
eeaklmk,The problem is complex but in the 60's til now we where facing major propaganda against marijuana and this stuck to the head of most poeple.,The problem is complex but in the 60's til now we where facing major propaganda against marijuana and this stuck to the head of most poeple.,27,27,4
ee0r22m,"I think this is the clearest that it has ever been described. Thank you for this. It nailed it, for me anyway....","I think this is the clearest that it has ever been described. Thank you for this. It nailed it, for me anyway....",15,15,3
een409v,What kind of frankenshoe...,What kind of frankenshoe...,7,7,6
edozypw,"Every time I get a staff kill, it feels like seeing a shooting star <3 Yeah, it definitely sucks.","Every time I get a staff kill, it feels like seeing a shooting star <3 Yeah, it definitely sucks.",11,11,1
edgfvls,"He looked so shlubby on that show, it was like he was the [NAME] version of [NAME].","He looked so shlubby on that show, it was like he was the [NAME] version of [NAME].",27,27,4
ee5xvwn,I hate these memes because [NAME] never cared if he did or didn't have a nose.,I hate these memes because [NAME] never cared if he did or didn't have a nose.,2,2,0
edup2m7,And look like big tracts of land.,And look like big tracts of land.,27,27,4
eecsc0x,The miracle was just that. Because we all know the Vikings would fail the next game.,The miracle was just that. Because we all know the Vikings would fail the next game.,26,26,6
ed4ucxx,Big ol fesh,Big ol fesh,27,27,4
ee36ak1,"No problem, glad to help.","No problem, glad to help.",17,17,3
ef26myj,I love [NAME] and how openly she is in supporting him to run,I love [NAME] and how openly she is in supporting him to run,18,18,3
edradk1,"Possible maybe, not at all plausible.","Possible maybe, not at all plausible.",27,27,4
edz8w0k,Organizational Change Manager and I fucking love it and have for 7 years. Still enjoy going to work every day.,Organizational Change Manager and I fucking love it and have for 7 years. Still enjoy going to work every day.,"17,18",17,3
ef6huzn,Wow he is... ugly.,Wow he is... ugly.,3,3,0
edm7czd,"I love you like a love song, baby. And if you know that song, it's now in your head.","I love you like a love song, baby. And if you know that song, it's now in your head.",18,18,3
eeyg6h4,I would focus on being an enlisted Marine first. That’s what you’ll be doing for the next 4 years.,I would focus on being an enlisted Marine first. That’s what you’ll be doing for the next 4 years.,27,27,4
edbd60i,its funny because they dont even do anything at the look out tower but stargaze,its funny because they dont even do anything at the look out tower but stargaze,1,1,3
ee867uh,Am i missing something or is this an antijoke that doesn't belong here?,Am i missing something or is this an antijoke that doesn't belong here?,7,7,6
edm0wg2,"He's always had the tools to do this, which is why he can be frustrating at times.","He's always had the tools to do this, which is why he can be frustrating at times.",3,3,0
efat5t8,"Welp , that statement is not very wrong.","Welp , that statement is not very wrong.",10,10,0
eeqqd04,[NAME]: I'm sorry that happened. I hope you weren't totally friendless on your 30th!,[NAME]: I'm sorry that happened. I hope you weren't totally friendless on your 30th!,20,20,3
eduv7lp,Every other way sounds wrong. SPR for life.,Every other way sounds wrong. SPR for life.,22,22,6
effhuop,Vaccines turk err jerbs!,Vaccines turk err jerbs!,27,27,4
edabp87,Best doggo ever,Best doggo ever,0,0,3
edus4rv,"Dublin, Ireland","Dublin, Ireland",27,27,4
eee56tq,"I can help out, pm me :)","I can help out, pm me :)",27,27,4
ef17w5q,Your name needs some work LOL,Your name needs some work LOL,1,1,3
eemwve7,Huh... I'm left handed and have never realised I do this.,Huh... I'm left handed and have never realised I do this.,22,22,6
edfo0jm,Don't meet your heroes,Don't meet your heroes,27,27,4
edd0t0r,100%. Please ignore him. He's annoying af and survives off attention,100%. Please ignore him. He's annoying af and survives off attention,3,3,0
eetlwh1,Hell yeah. Happy they pulled it off together for their city. This is a great story in [NAME] eventual great career,Hell yeah. Happy they pulled it off together for their city. This is a great story in [NAME] eventual great career,0,0,3
eeltdow,As someone from Louisiana I am always thankful for Mississippi and West Virginia for holding down the absolute bottom,As someone from Louisiana I am always thankful for Mississippi and West Virginia for holding down the absolute bottom,15,15,3
edagw2c,if my dog dont like u i dont like u and if my dog gets into a fight u know im jumpin in there with him,if my dog dont like u i dont like u and if my dog gets into a fight u know im jumpin in there with him,27,27,4
eeilyeo,"Hi 28, I'm dad!","Hi 28, I'm dad!",27,27,4
eetwv0j,"So much to do, So much to see","So much to do, So much to see",27,27,4
ef6ejfi,Intelligence is to know the difference between MB and Mbps. Wisdom is to not be a cunt about it.,Intelligence is to know the difference between MB and Mbps. Wisdom is to not be a cunt about it.,22,22,6
eeua1pp,"Wrong, it's not 365 days a year. Once every four years, it's 366 days a year.","Wrong, it's not 365 days a year. Once every four years, it's 366 days a year.",27,27,4
ed48krv,#LIES. NO STACY CAN BE A GAMER. #RISE UP,#LIES. NO STACY CAN BE A GAMER. #RISE UP,27,27,4
ed8zubh,"Consider this a digital hug. Not too long, not too short, just enough to make you feel a human connection and some comfort. :)","Consider this a digital hug. Not too long, not too short, just enough to make you feel a human connection and some comfort. :)",4,4,3
ed85lam,Thanks for sharing. You could definitely post some of your other tales.,Thanks for sharing. You could definitely post some of your other tales.,15,15,3
eecnxq7,We're not exactly short on white homophobes either though.,We're not exactly short on white homophobes either though.,3,3,0
eegnufg,Whats your height and weight out of curiosity?,Whats your height and weight out of curiosity?,7,7,6
edjxbtd,Gotta get 'email all! Edit: stupid autocorrect,Gotta get 'email all! Edit: stupid autocorrect,27,27,4
edpbsw2,Rule 10 is to make it clear that people who violate the spirit of the rules without breaking the letter will be punished in the same way.,Rule 10 is to make it clear that people who violate the spirit of the rules without breaking the letter will be punished in the same way.,4,4,3
ed0gkjf,"I honestly don't understand why everyone thinks he needs a rework because he's not ""fun to play"" in the worst game mode.","I honestly don't understand why everyone thinks he needs a rework because he's not ""fun to play"" in the worst game mode.",6,6,6
edgcrmk,Really good point here. Thanks.,Really good point here. Thanks.,"0,15",0,3
ef1stt9,"Is that bottom trey filled with beer? If so, how did he acquire them?","Is that bottom trey filled with beer? If so, how did he acquire them?",6,6,6
edoa8hc,Of course he will lie cheat and steal to make him self relevant to the public. Horrible person.,Of course he will lie cheat and steal to make him self relevant to the public. Horrible person.,14,14,2
eeytz5o,Id rather have them be physically ok and make amends with [NAME] later than have one without the ability to communicate efficiently forever but have their feelings alright.,Id rather have them be physically ok and make amends with [NAME] later than have one without the ability to communicate efficiently forever but have their feelings alright.,5,5,3
efcgcrc,You're cool,You're cool,27,27,4
ed4rxcr,No problem. If you read it let me know what you think!,No problem. If you read it let me know what you think!,27,27,4
ed23un4,"They put him on a minutes restriction for some reason, guessing cause he's not in really good shape?","They put him on a minutes restriction for some reason, guessing cause he's not in really good shape?",7,7,6
eeugov9,I don't believe humanity is capable of running *any* system for the greater good of all. Regardless of population..,I don't believe humanity is capable of running *any* system for the greater good of all. Regardless of population..,27,27,4
ef9shz1,TIL cheddar cheese didn't originate in the U.S. Thank you!,TIL cheddar cheese didn't originate in the U.S. Thank you!,15,15,3
eda9bvr,Like I said previously I realise they weren't commonly called asylum seekers until recently. However that doesn't mean that previously they weren't asylum seekers,Like I said previously I realise they weren't commonly called asylum seekers until recently. However that doesn't mean that previously they weren't asylum seekers,22,22,6
ednw91y,Thanks! I had a more standard name but then realized I didn't want to be findable on Reddit.,Thanks! I had a more standard name but then realized I didn't want to be findable on Reddit.,15,15,3
ee0yye6,"""I SAID, [NAME]!""","""I SAID, [NAME]!""",27,27,4
ef9y4uz,[NAME] is a hungry little bastard.,[NAME] is a hungry little bastard.,2,2,0
ef7fssj,I had no idea it would hit me as hard as it did. It really changed my view.,I had no idea it would hit me as hard as it did. It really changed my view.,22,22,6
ee7im7c,His best season was a luck filled one. He'd be nothing more than what [NAME] and [NAME] already offer but with worse defense and a worse bat.,His best season was a luck filled one. He'd be nothing more than what [NAME] and [NAME] already offer but with worse defense and a worse bat.,27,27,4
edt9oo2,"Meh, it just keeps players from diving in taking stupid damage. (At least it should.)","Meh, it just keeps players from diving in taking stupid damage. (At least it should.)",4,4,3
ee8dbvg,I’d love an ג׳‬וליאן if you have time! Good job keep up the hard work,I’d love an ג׳‬וליאן if you have time! Good job keep up the hard work,0,0,3
edcid6m,Attempt to con the senate. This should continue to be entertaining,Attempt to con the senate. This should continue to be entertaining,1,1,3
ed46bkq,It’s not satisfying at all. If this wasn’t [NAME] it wouldn’t be popular. Interesting timing considering the [NAME] debacle too.,It’s not satisfying at all. If this wasn’t [NAME] it wouldn’t be popular. Interesting timing considering the [NAME] debacle too.,10,10,0
edbrkia,"Same boat here, man.","Same boat here, man.",4,4,3
eeqmfii,What a baby...,What a baby...,0,0,3
ef78w8k,Yeah I think it largely depends on how you fall. In Judo that’s one of the main things they practice.,Yeah I think it largely depends on how you fall. In Judo that’s one of the main things they practice.,27,27,4
ee79sao,And it needs to keep pushing harder and harder to the left in order to wash away all the crap that's been enacted since [NAME] got into office.,And it needs to keep pushing harder and harder to the left in order to wash away all the crap that's been enacted since [NAME] got into office.,27,27,4
ee4rjse,Actually there were blacks in the SS. Kind of an odd analogy.,Actually there were blacks in the SS. Kind of an odd analogy.,27,27,4
edq029x,I never understood the point of parole. Seems to me like an expensive way to increase recidivism.,I never understood the point of parole. Seems to me like an expensive way to increase recidivism.,6,6,6
eedbjkn,No way society should pay for your child when you are perfectly capable.,No way society should pay for your child when you are perfectly capable.,"3,10",3,0
efdbp5v,"Lol he was actually roasting OG fans that lick his arse, not [NAME] himself. Take the upvote.","Lol he was actually roasting OG fans that lick his arse, not [NAME] himself. Take the upvote.",22,22,6
edbm7xp,AA is BS as a whole. Meritocracy or GTFO.,AA is BS as a whole. Meritocracy or GTFO.,27,27,4
eew4nqv,Thought this was r/monkeyspaw for a sec. Mind if I grant your wish anyway?,Thought this was r/monkeyspaw for a sec. Mind if I grant your wish anyway?,27,27,4
eenccvp,"Awesome, let's celebrate! Send the free pack over here ;)","Awesome, let's celebrate! Send the free pack over here ;)","0,17",0,3
edgldzg,This says more about what [NAME] thinks about facts than what's true about music.,This says more about what [NAME] thinks about facts than what's true about music.,27,27,4
ee3wcxe,"And there you have it, the left who argue with personal attacks and cnn buzzwords.","And there you have it, the left who argue with personal attacks and cnn buzzwords.",2,2,0
eetaj5u,"His wounds weren’t that bad, but probably got infected. Antibiotics fixed him. Good as new. ","His wounds weren’t that bad, but probably got infected. Antibiotics fixed him. Good as new. ","4,5",4,3
edtkqat,"Yes of mine worry, no one liked mine either. ","Yes of mine worry, no one liked mine either. ",9,9,5
ed9s8qe,I’m going to die right now I’m so scared tears and snot everywhere,I’m going to die right now I’m so scared tears and snot everywhere,14,14,2
edfycfr,It doesn't matter if they are crazy stacked. We definently shouldnt be last in the league.,It doesn't matter if they are crazy stacked. We definently shouldnt be last in the league.,27,27,4
ed4wo23,"BDS is a discriminatory bigoted hateful movement. It's not just ""Oh, I disagree with some things that Israel has done.""","BDS is a discriminatory bigoted hateful movement. It's not just ""Oh, I disagree with some things that Israel has done.""",10,10,0
eek92cf,Cool. Good luck!,Cool. Good luck!,20,20,3
eegou3r,"You can't rightfully earn a billion dollars. Your employees can, and fifty thousand people in sweatshops can, but a single person cant","You can't rightfully earn a billion dollars. Your employees can, and fifty thousand people in sweatshops can, but a single person cant",27,27,4
eeg64qz,Look... they are pretending it never happened. Lol.,Look... they are pretending it never happened. Lol.,1,1,3
eexfjqb,Lol. Thanks for the link.,Lol. Thanks for the link.,15,15,3
ee8op9a,Not as nice as [NAME].,Not as nice as [NAME].,10,10,0
ed4emvp,Love is war,Love is war,27,27,4
efdxat6,I met him! He graduated from my high school and came back when I was a freshman to talk to us in PE. Really nice guy.,I met him! He graduated from my high school and came back when I was a freshman to talk to us in PE. Really nice guy.,0,0,3
efcajd0,It's actually illegal to do this. Only allowed if absolutely unavoidable.,It's actually illegal to do this. Only allowed if absolutely unavoidable.,10,10,0
eesmjoo,"Idk, r/Tinder has plenty of posts to do with awful men too lol","Idk, r/Tinder has plenty of posts to do with awful men too lol",1,1,3
eddabsv,Wait one of the posters responding is using makeup from ten years ago.,Wait one of the posters responding is using makeup from ten years ago.,27,27,4
ef3r8uo,"Because they enjoy their toxic umoderated cesspool, apparently. Either way i'm done trying to care.","Because they enjoy their toxic umoderated cesspool, apparently. Either way i'm done trying to care.",17,17,3
edozls6,"Haha. Got ‘em. Also this just in: Los Angeles is expensive. In other news, unrest in the Middle East.","Haha. Got ‘em. Also this just in: Los Angeles is expensive. In other news, unrest in the Middle East.",27,27,4
ef89i62,"You must be ecstatic, I'm really happy for you.","You must be ecstatic, I'm really happy for you.","13,17",13,3
ed1ii6s,The irony of the photo is that 60% of university admissions are women,The irony of the photo is that 60% of university admissions are women,27,27,4
edn4c87,Girl I went to school with was killed like this.,Girl I went to school with was killed like this.,27,27,4
ed4w39z,"Honestly, fuck [NAME] after the bounty gate shit","Honestly, fuck [NAME] after the bounty gate shit","2,3",2,0
ef40528,Dont blame em. They should force change to get done what needs to be done,Dont blame em. They should force change to get done what needs to be done,5,5,3
een00dl,"“I hold that the more helpless a creature, the more entitled it is to protection by man from the cruelty of man” -[NAME]","“I hold that the more helpless a creature, the more entitled it is to protection by man from the cruelty of man” -[NAME]",27,27,4
ee9lje1,You just watched a commercial that blatantly explains it to you.,You just watched a commercial that blatantly explains it to you.,27,27,4
ef9xv2o,This is something that has to be learned from experience. Don't be hard on yourself!,This is something that has to be learned from experience. Don't be hard on yourself!,5,5,3
ee97qyj,i know the feeling dude,i know the feeling dude,27,27,4
eeugkmd,"> His face, mate. He thought he was a goner. Properly lol'd at that and reading all [NAME]' bits in his accent","> His face, mate. He thought he was a goner. Properly lol'd at that and reading all [NAME]' bits in his accent",1,1,3
eea997z,No because to them this disabled boy is faceless. It’s easier to digest our hate and vitriol without thinking about it.,No because to them this disabled boy is faceless. It’s easier to digest our hate and vitriol without thinking about it.,9,9,5
edi7nx2,Definitely fake. Looks like bad CGI in a movie.,Definitely fake. Looks like bad CGI in a movie.,11,11,1
eea2gtj,"Or better yet, on the woman who will let ME play with them!","Or better yet, on the woman who will let ME play with them!",27,27,4
eek32qy,Yah that's what is stopping me. I would have to wire all throw my car or go into my cars electrical which doesn't seem worth it.,Yah that's what is stopping me. I would have to wire all throw my car or go into my cars electrical which doesn't seem worth it.,27,27,4
edkfsm6,Can we all pitch in and buy this place instead of the Baltimore House?,Can we all pitch in and buy this place instead of the Baltimore House?,27,27,4
eenqj7j,Such season 1 vibes and I love it.,Such season 1 vibes and I love it.,18,18,3
ed1yg7f,"Lol, like I said, not everything is about you","Lol, like I said, not everything is about you",1,1,3
eerlvqo,He looks like a model tbh. Very good looking man.,He looks like a model tbh. Very good looking man.,0,0,3
edwv5o1,Me me big sad.,Me me big sad.,25,25,5
ed4eola,Can holiday just stop fucking shooting? I can’t wait till he gets traded.,Can holiday just stop fucking shooting? I can’t wait till he gets traded.,7,7,6
ee376k9,And you assume they are part of the dominant culture because of the color of their skin. That is self evident racism.,And you assume they are part of the dominant culture because of the color of their skin. That is self evident racism.,27,27,4
edjcfwz,[NAME] is fucking destroying Bama and I LOVE IT,[NAME] is fucking destroying Bama and I LOVE IT,17,17,3
ed8h6i2,"Going by it's [NAME] rating though, the district should be leaning blue. ","Going by it's [NAME] rating though, the district should be leaning blue. ",20,20,3
eeaoo7j,Now you're lying. Suburbs = more than Bellevue and Kirkland.,Now you're lying. Suburbs = more than Bellevue and Kirkland.,27,27,4
ee1a98v,Debating whether this is a troll or gross overshare. Going to go with troll since you just also made a new account,Debating whether this is a troll or gross overshare. Going to go with troll since you just also made a new account,27,27,4
edo7qib,Damn who died and gave u the Broncos,Damn who died and gave u the Broncos,27,27,4
efaul5g,Hey what a coincidence so is a human head!,Hey what a coincidence so is a human head!,26,26,6
ee8pz1j,PS. I love my aunt! She’s one of the reasons I went into “nursins.”,PS. I love my aunt! She’s one of the reasons I went into “nursins.”,18,18,3
edog6d1,That’s amazing!!! We average 30 OTW but our half hour transaction count during peak is usually 40-55. Low volume store.,That’s amazing!!! We average 30 OTW but our half hour transaction count during peak is usually 40-55. Low volume store.,27,27,4
eczmz2i,"They never will until it affects them directly, and by then it's already in the end game for us :/","They never will until it affects them directly, and by then it's already in the end game for us :/",10,10,0
edwvnm4,"Indeed. I thought we are just spoiled, but apparently the phenomena is not exlusive to us.","Indeed. I thought we are just spoiled, but apparently the phenomena is not exlusive to us.",27,27,4
eff1kgh,And people still support him....,And people still support him....,27,27,4
edzcjhn,"I think that's just natural, humans weren't really intended to fly by nature so I guess it just feels wrong or something, idk","I think that's just natural, humans weren't really intended to fly by nature so I guess it just feels wrong or something, idk",10,10,0
eddjyx2,"This isn't really petty, it's actually brutal. *edit* but well done. I love it!","This isn't really petty, it's actually brutal. *edit* but well done. I love it!","0,18",0,3
eeeqagt,It was squirting all over my kitchen n the nurse. Who then said oh nicked an artery.,It was squirting all over my kitchen n the nurse. Who then said oh nicked an artery.,27,27,4
ee7hgcm,> you're probably a little bit of a closeted nazi yourself. I'm just SHOCKED that someone named [NAME] might be a fascist,> you're probably a little bit of a closeted nazi yourself. I'm just SHOCKED that someone named [NAME] might be a fascist,26,26,6
eczjbdy,I despise [NAME] and all his cronies,I despise [NAME] and all his cronies,2,2,0
edxa535,"If you feel like venting, I am happy to listen.","If you feel like venting, I am happy to listen.","17,20",17,3
edfiw7l,looks like we got a double win today!!,looks like we got a double win today!!,13,13,3
ee9gpyo,"Don’t do a long distance thing, not worth it and a waste of time","Don’t do a long distance thing, not worth it and a waste of time",5,5,3
eebg0d9,Yeah I'm not arguing there isnt recreational potential though it can certainly mess you up. Doesn't help most products with dxm have other active ingredients.,Yeah I'm not arguing there isnt recreational potential though it can certainly mess you up. Doesn't help most products with dxm have other active ingredients.,10,10,0
edlaoo8,Same here. I had a lot of swelling but not abnormal pain.,Same here. I had a lot of swelling but not abnormal pain.,4,4,3
efh510l,How illuminating.,How illuminating.,0,0,3
ef6xzan,P o R Z I n G I S,P o R Z I n G I S,27,27,4
eed4naq,But how's that a facepalm? Editing the hands is not that crazy.,But how's that a facepalm? Editing the hands is not that crazy.,7,7,6
eetgsio,"Same, ASMR is nightmarish. My skin crawls just thinking about it.","Same, ASMR is nightmarish. My skin crawls just thinking about it.","14,19",14,2
efefkv4,"Oof, what a bad and dated meme","Oof, what a bad and dated meme",9,9,5
eejztor,Looking cool [NAME],Looking cool [NAME],1,1,3
eec9t9e,So where are all these [NAME] lining up to be landscapers and farmhands for minimum wage?,So where are all these [NAME] lining up to be landscapers and farmhands for minimum wage?,27,27,4
eeicjxs,"Idk why ur being downvoted, I thought that's funny","Idk why ur being downvoted, I thought that's funny",1,1,3
ee9mh3y,"ahh bro I jerk off to [NAME], does that make me a future murderer or torture enthusiast in waiting? didn't even know!","ahh bro I jerk off to [NAME], does that make me a future murderer or torture enthusiast in waiting? didn't even know!",27,27,4
edlula0,I guess her Bad breath turned him off,I guess her Bad breath turned him off,27,27,4
eel7yir,I love this post. Are you with park services?,I love this post. Are you with park services?,18,18,3
ee1n5o5,I look at him as a performer but he's still human tho.,I look at him as a performer but he's still human tho.,27,27,4
ee996p2,Does [NAME] or [NAME] look happier that [NAME] chose to put his hand on [NAME] leg?,Does [NAME] or [NAME] look happier that [NAME] chose to put his hand on [NAME] leg?,6,6,6
eea18ii,I wish more people enjoyed that sport.. when that clay explodes you get that FEEL,I wish more people enjoyed that sport.. when that clay explodes you get that FEEL,8,8,3
ef12uz4,This makes me want to get nipple piercings but I’m too scared to :/,This makes me want to get nipple piercings but I’m too scared to :/,14,14,2
eeplai1,Love the gif but I bloody hate these kinds of captions. It's as annoying and cringey as a fully grown adult doing baby-talk.,Love the gif but I bloody hate these kinds of captions. It's as annoying and cringey as a fully grown adult doing baby-talk.,"2,3",2,0
edptio1,That's not what is being contested here. Telling your kid something like this would certainly make you a bitch.,That's not what is being contested here. Telling your kid something like this would certainly make you a bitch.,3,3,0
ef7lwnw,Hang on to all sorts of things just in case. Eat inexpensive food.,Hang on to all sorts of things just in case. Eat inexpensive food.,5,5,3
eczueoz,Their heart rate and sats are great. Don't know what you're worried about.,Their heart rate and sats are great. Don't know what you're worried about.,0,0,3
efeos61,Glad to have you here :),Glad to have you here :),"15,17",15,3
edm08wz,"He's not even HC, he's interim... relax chief","He's not even HC, he's interim... relax chief",27,27,4
edsglur,"Good times, good timessss lol","Good times, good timessss lol",1,1,3
efearm4,Ok shady flags are flapping so hard I was knocked out of my chair.,Ok shady flags are flapping so hard I was knocked out of my chair.,27,27,4
edeml2x,thank you!!,thank you!!,15,15,3
eenj1nc,"Whatever conclusion they reach now or in the future, the only constant will be that ""nothing should be done to stop it.""","Whatever conclusion they reach now or in the future, the only constant will be that ""nothing should be done to stop it.""",27,27,4
eeakysp,"Yeah, but I mean, you need to actually be motivated for the climate and not just wanting to skip school","Yeah, but I mean, you need to actually be motivated for the climate and not just wanting to skip school","4,5",4,3
eetlh1q,well we all know what a complex meal sandwiches are! hahaha,well we all know what a complex meal sandwiches are! hahaha,1,1,3
eeepfbd,"I don’t love prison- I love the stuff that leads me TO prison. Get on board, [NAME].","I don’t love prison- I love the stuff that leads me TO prison. Get on board, [NAME].",18,18,3
eerwdmi,I forsee success in your future endeavors.,I forsee success in your future endeavors.,8,8,3
eec12le,Yay! Congrats!,Yay! Congrats!,15,15,3
ee5o9qc,"I’m sorry :(. Lol. For me, after the ending of 3, and Andromeda, I have zero interest in ME.","I’m sorry :(. Lol. For me, after the ending of 3, and Andromeda, I have zero interest in ME.",24,24,5
eew5b0j,"Except for all those companies brushed off in the ""and many more"" category. Wasn't as lucrative for them. ","Except for all those companies brushed off in the ""and many more"" category. Wasn't as lucrative for them. ",27,27,4
edkfzkt,I also wanted to point this out! I love JJGO!!,I also wanted to point this out! I love JJGO!!,"8,18",8,3
edhjtlr,I'd piss right on their floor. Fuck this.,I'd piss right on their floor. Fuck this.,2,2,0
eefhvox,"This should in r/funny not here, very expected","This should in r/funny not here, very expected",1,1,3
ef7fsrz,"I read it as ""so long suckers"". That's how those words translated in my mind..","I read it as ""so long suckers"". That's how those words translated in my mind..",27,27,4
efc5r05,WERE* protesting This is not current. Misleading.,WERE* protesting This is not current. Misleading.,10,10,0
edjaev4,Wer was u wen sec is kill,Wer was u wen sec is kill,7,7,6
edig3tb,She muctb not really be that into you,She muctb not really be that into you,10,10,0
ef0xnr3,Not really cringe. Just sad.,Not really cringe. Just sad.,25,25,5
eehhji8,I love [NAME] can’t wait for the full circle version of him,I love [NAME] can’t wait for the full circle version of him,18,18,3
ed2az0o,Go to your room.,Go to your room.,27,27,4
efh8e09,Your girlfriend accepts gifts in exchange for sex? I got news for you homie...,Your girlfriend accepts gifts in exchange for sex? I got news for you homie...,7,7,6
edh2epm,Wait that... that doesn’t happen,Wait that... that doesn’t happen,10,10,0
edcxf38,Go easy on your mom; this letter sounds like it was written from a place of deep love.,Go easy on your mom; this letter sounds like it was written from a place of deep love.,"4,5",4,3
ef5suva,Eh. I think either works. But sure. Replies is probably more accurate,Eh. I think either works. But sure. Replies is probably more accurate,4,4,3
eer39w6,Who's cutting onions?!,Who's cutting onions?!,7,7,6
ee8r0eq,I try to keep my hands busy. I would do better when I have acrylic nails because it wasn’t as easy/just wasn’t the same.,I try to keep my hands busy. I would do better when I have acrylic nails because it wasn’t as easy/just wasn’t the same.,27,27,4
edov4rb,Time heals all wounds :). Get this man a ring!,Time heals all wounds :). Get this man a ring!,27,27,4
edn3086,best to add a **/s** ......almost sounds like you're being serious!,best to add a **/s** ......almost sounds like you're being serious!,27,27,4
edebfmc,[NAME] and [NAME] were my two. [NAME] :),[NAME] and [NAME] were my two. [NAME] :),27,27,4
eeuia26,At least it isn't too terrible? Actually it's not bad at all. Still VERY delusional!! Good post,At least it isn't too terrible? Actually it's not bad at all. Still VERY delusional!! Good post,0,0,3
eee30r4,Great quote.,Great quote.,0,0,3
edd4m3l,"You shouldn't see a lot of lightspamming conquerors, because lightspamming as a conqueror is just begging for a parry.","You shouldn't see a lot of lightspamming conquerors, because lightspamming as a conqueror is just begging for a parry.",27,27,4
ef2n7oz,The only thing wrong with her is her face. Maybe she has a giving personality?,The only thing wrong with her is her face. Maybe she has a giving personality?,9,9,5
ef8yp5h,I've always wondered how much of this stuff doesn't end up on the internet,I've always wondered how much of this stuff doesn't end up on the internet,26,26,6
eeq2udw,You'll miss a begging old man asking for a spare coin. RIP,You'll miss a begging old man asking for a spare coin. RIP,"16,25",16,5
edcjbae,Wow that's not how you resolve things. Escalation is the last option.,Wow that's not how you resolve things. Escalation is the last option.,10,10,0
edcmiq3,Happy Mic Day!,Happy Mic Day!,17,17,3
edc47j3,"On the surface, yes. Deep down, probably not. ","On the surface, yes. Deep down, probably not. ",27,27,4
eexy82c,"Lol, pinches narizones.. Their physical game is on another level. Would rather play with a guy like that instead of against him though that's for sure.","Lol, pinches narizones.. Their physical game is on another level. Would rather play with a guy like that instead of against him though that's for sure.","0,1",0,3
edelrki,"Happy that you're happy, and good to see someone highlighting the good parts! Any particular streaming service you're looking to get? :D","Happy that you're happy, and good to see someone highlighting the good parts! Any particular streaming service you're looking to get? :D",17,17,3
efee2c6,You are an amazing human being,You are an amazing human being,0,0,3
edirhr2,Can't believe [NAME] has been in the league that long...,Can't believe [NAME] has been in the league that long...,26,26,6
eecf3ji,"[NAME] doesn't want to leave St Louis, his family is there and won't move away.","[NAME] doesn't want to leave St Louis, his family is there and won't move away.",27,27,4
efbeqvc,I heard her affair wrecked his marriage. His wife saying anything about that would wreck [NAME].,I heard her affair wrecked his marriage. His wife saying anything about that would wreck [NAME].,27,27,4
ee6r0ks,Tell your husband. Its lies by omissions. Who are you to pick and choose what HE wants to know.,Tell your husband. Its lies by omissions. Who are you to pick and choose what HE wants to know.,2,2,0
ed17mmh,Happy to see that you're in recovery,Happy to see that you're in recovery,5,5,3
eebx7x7,Because they are triggered. I’m just stating my opinion. It’s a bit fun.,Because they are triggered. I’m just stating my opinion. It’s a bit fun.,1,1,3
ee1kg09,"That's the problem I'm pointing, the media use stupid clicbait names and people get dumber and dumber.","That's the problem I'm pointing, the media use stupid clicbait names and people get dumber and dumber.",2,2,0
ee5nfbq,One of the best pubs in London. Even more likely inside!!,One of the best pubs in London. Even more likely inside!!,0,0,3
edt640l,"""You're my best friend in the whole world Mister [NAME]."" *meows for food*","""You're my best friend in the whole world Mister [NAME]."" *meows for food*",18,18,3
eeu0qyz,Hope all is well now xo,Hope all is well now xo,5,5,3
ed7niut,Ugh I'm sorry man! Jerk off until your heart is content and don't apologize for it!,Ugh I'm sorry man! Jerk off until your heart is content and don't apologize for it!,24,24,5
edqpmkt,HER VOICE IS SO GOOD no wonder she likes phone calls,HER VOICE IS SO GOOD no wonder she likes phone calls,0,0,3
eea17fw,But it flattens the whole thing out.,But it flattens the whole thing out.,27,27,4
edm5qv7,"Deathly afraid, the undersides of boats too. I can't look if I see them in a picture or movie","Deathly afraid, the undersides of boats too. I can't look if I see them in a picture or movie",14,14,2
edd0jx1,Also Strike Anywhere. This thread makes my heart happy. <3,Also Strike Anywhere. This thread makes my heart happy. <3,17,17,3
eeemmwk,I’ve not had it happen on mobile but that is because I use apollo. This happens on desktop,I’ve not had it happen on mobile but that is because I use apollo. This happens on desktop,27,27,4
eefxn5s,"Conservative is massively brigaded on an hourly basis. Unfortunately, it requires strict moderation or else it is unreadable.","Conservative is massively brigaded on an hourly basis. Unfortunately, it requires strict moderation or else it is unreadable.",9,9,5
eek2ntl,I love [NAME]. He’s just going to keep getting better.,I love [NAME]. He’s just going to keep getting better.,18,18,3
ef1ryif,"Omg, your screen name made me lol!!","Omg, your screen name made me lol!!",1,1,3
eeq0fdr,That is not accurate based on the conversation i had with Mr. [NAME] today.,That is not accurate based on the conversation i had with Mr. [NAME] today.,10,10,0
efbzsc2,Ah does look fun,Ah does look fun,1,1,3
eedsu17,"My point was they had no choice but to pull social levers to try and improve health, as they didn't have anything else at their disposal. ","My point was they had no choice but to pull social levers to try and improve health, as they didn't have anything else at their disposal. ",27,27,4
eelbr0z,I'd smash,I'd smash,2,2,0
edyl3x9,How can we send money to you?,How can we send money to you?,6,6,6
edvwmos,Enjoy the void,Enjoy the void,27,27,4
ee6b97a,[NAME] is still mad at [NAME] either way.,[NAME] is still mad at [NAME] either way.,27,27,4
edjh2ja,That whole thread makes me want to shake babies.,That whole thread makes me want to shake babies.,8,8,3
ee451sg,As a Ringwraith this offends me. Please build me a snowfort.,As a Ringwraith this offends me. Please build me a snowfort.,27,27,4
eewjd3i,Glad you came to your senses. Go feel uncomfortable about Lola bunny in Space Jam again.,Glad you came to your senses. Go feel uncomfortable about Lola bunny in Space Jam again.,17,17,3
ef50zaj,"Yep California, I would've been surprised if they cleared him.","Yep California, I would've been surprised if they cleared him.",4,4,3
edozbj0,Did you even read the post? Literally the first line says she doesn't do anything remotely house wifey.,Did you even read the post? Literally the first line says she doesn't do anything remotely house wifey.,7,7,6
eemtsrk,"Psst, your spoiler tag is busted. Don't leave spaces between the ! and your text.","Psst, your spoiler tag is busted. Don't leave spaces between the ! and your text.","3,10",3,0
eeaj34s,so true lmao,so true lmao,"1,4",1,3
ee560ot,LSD or the fungal kind? Out of curiosity,LSD or the fungal kind? Out of curiosity,7,7,6
edh5ho0,"Sure that's a good way. Unfortunately, I am not a gamer per se.","Sure that's a good way. Unfortunately, I am not a gamer per se.",4,4,3
edvapuo,god damn this is some major league pathos,god damn this is some major league pathos,27,27,4
eeuhgqn,Tell him his Gospels lack integrity due to their anonymity 😭😭😭😭😭😭😭😭,Tell him his Gospels lack integrity due to their anonymity 😭😭😭😭😭😭😭😭,27,27,4
edfup7i,"Nope, not a [NAME] fan at all.","Nope, not a [NAME] fan at all.",10,10,0
een5sns,"I know they are treated very well, but some of them do die.","I know they are treated very well, but some of them do die.",3,3,0
eetlif1,"Left or right, doesn't matter, just laugh at statists on all sides ","Left or right, doesn't matter, just laugh at statists on all sides ",1,1,3
eexapep,I love how his armor got bigger and bigger as he got progressively fatter.,I love how his armor got bigger and bigger as he got progressively fatter.,18,18,3
eelfjvg,talking about me again?,talking about me again?,27,27,4
ed3cz1p,"[NAME] said that it was recorded the monday after [NAME], that's why his voice is like that.","[NAME] said that it was recorded the monday after [NAME], that's why his voice is like that.",27,27,4
edbhwg7,It doesn’t look cool,It doesn’t look cool,10,10,0
ed8latb,"Sorry, new at ","Sorry, new at ",24,24,5
ednk0nk,Feel free to leave.,Feel free to leave.,4,4,3
ee5lxb7,"Sorry for the bad analogy, yours is way better","Sorry for the bad analogy, yours is way better",24,24,5
ed295in,Shotgun! But do I get to play with all the buttons too?,Shotgun! But do I get to play with all the buttons too?,27,27,4
ed0i4fk,"I apologize, that sincerely was meant for Askreddit. If you look at my history you'll see that's where I always post. My mistake.","I apologize, that sincerely was meant for Askreddit. If you look at my history you'll see that's where I always post. My mistake.",24,24,5
eercjmw,Well 216 is out now and Im crying. [NAME] why?,Well 216 is out now and Im crying. [NAME] why?,25,25,5
eedrvtr,Bless u x,Bless u x,27,27,4
edvawr9,I'd enjoy a nice warm hug. Along with a delightful conversation. But that works too.,I'd enjoy a nice warm hug. Along with a delightful conversation. But that works too.,8,8,3
eezeur1,Ohh I love bag designs,Ohh I love bag designs,18,18,3
eerahz4,"I'm tired, but I can't sleep.","I'm tired, but I can't sleep.",27,27,4
efcw44j,Doesn't NY and NJ have reciprocity? Why did he have to take the NY bar at all?,Doesn't NY and NJ have reciprocity? Why did he have to take the NY bar at all?,"6,7",6,6
ee5lizb,They are so old and so predictable that they can NOT see how “silly” they look when they post articles like this......,They are so old and so predictable that they can NOT see how “silly” they look when they post articles like this......,9,9,5
ees0ud4,Then I’m sorry but this game really isn’t for you. Progression like that would ruin the base of what this game is.,Then I’m sorry but this game really isn’t for you. Progression like that would ruin the base of what this game is.,10,10,0
edrvu58,[NAME] is not good enough to get that angry.,[NAME] is not good enough to get that angry.,"2,10",2,0
eeue9x6,Just leave that school go to a new one,Just leave that school go to a new one,27,27,4
ef0vdq2,"That's a very long way of saying ""I'm a moron"" ","That's a very long way of saying ""I'm a moron"" ",27,27,4
ed9azzj,He also stepped in when seabs got suspended in the 2014 playoffs,He also stepped in when seabs got suspended in the 2014 playoffs,27,27,4
ed50t4t,Sounds like you are the one with salty tears mate,Sounds like you are the one with salty tears mate,27,27,4
eeu2l6c,I've never seen [NAME] dad look this relaxed ever. :D,I've never seen [NAME] dad look this relaxed ever. :D,27,27,4
ee3a4yj,"YOUR momentum doesn't help you, its the direction you're aiming and THEIR momentum that does. they were probably backing up when that happened.","YOUR momentum doesn't help you, its the direction you're aiming and THEIR momentum that does. they were probably backing up when that happened.",10,10,0
ed9d7vj,Sorry I dropped this /sノ( ゜-゜ノ),Sorry I dropped this /sノ( ゜-゜ノ),24,24,5
edghuit,Men are the worst.,Men are the worst.,2,2,0
eeyvzsg,"Kinda both, they maintain a pin-up section in their newspaper bizarrely enough. Not like any of the credible newspapers in the province ever needed that.","Kinda both, they maintain a pin-up section in their newspaper bizarrely enough. Not like any of the credible newspapers in the province ever needed that.",27,27,4
ed8t9b1,You've never been to England have you?,You've never been to England have you?,7,7,6
eei9t8s,Just tell her how you feel and make the next move,Just tell her how you feel and make the next move,27,27,4
ef4i3st,"Okay, I'll admit it. I laughed.","Okay, I'll admit it. I laughed.",1,1,3
edjdk01,Then do lemon tek....trip last 3-4 hours but is very potent,Then do lemon tek....trip last 3-4 hours but is very potent,27,27,4
efdtoze,She voted against the $700 billion budget last year. Her national security views are kind of hazy overall though. I don't know much about them.,She voted against the $700 billion budget last year. Her national security views are kind of hazy overall though. I don't know much about them.,27,27,4
ee9si6b,"Hi, everyone! This is my 13 minute action/comedy short film, JUICY! I hope you all enjoy! Feedback is welcome. ","Hi, everyone! This is my 13 minute action/comedy short film, JUICY! I hope you all enjoy! Feedback is welcome. ",20,20,3
edkdjto,"CBP are doing great work here. Well worth giving them some cash, can't wait to go visit","CBP are doing great work here. Well worth giving them some cash, can't wait to go visit",0,0,3
ed49941,We either bout to get a road win or have another historical collapse,We either bout to get a road win or have another historical collapse,27,27,4
ed5xb34,"What a pretentious, self-promoting post.","What a pretentious, self-promoting post.",0,0,3
eeg40z9,Somebody gettin fired,Somebody gettin fired,2,2,0
eeqvj5w,"I don't date women who smoke. As for pills or syringes etc, I don't find recreational drug users attractive. Similarly for being drunk.","I don't date women who smoke. As for pills or syringes etc, I don't find recreational drug users attractive. Similarly for being drunk.","3,10",3,0
ef3mnfz,"wow, we really live in future","wow, we really live in future","0,13",0,3
eennfur,"This, in top of my already terrible mental health, is the reason why I'm severely underweight and need help.","This, in top of my already terrible mental health, is the reason why I'm severely underweight and need help.",25,25,5
efffep1,Happy cake day!,Happy cake day!,13,13,3
ed4qfxg,"Since you called me out for saying that I am defending the attacker, then just point out which sentence I wrote led you to that conclusion. ","Since you called me out for saying that I am defending the attacker, then just point out which sentence I wrote led you to that conclusion. ",27,27,4
eep3h2m,Plus you forgot the best part... I can hang my hands from an outer vest,Plus you forgot the best part... I can hang my hands from an outer vest,27,27,4
ed8yud4,Oh my [NAME] I almost forgot about the hot dr pepper in a glass glass made of glass,Oh my [NAME] I almost forgot about the hot dr pepper in a glass glass made of glass,"22,26",22,6
eektzo2,LOL no its not all in the video. We have all seen the longform video now so its obvious that I was right.,LOL no its not all in the video. We have all seen the longform video now so its obvious that I was right.,"1,4",1,3
eebwxkr,I mean...that’s quite obvious. I’m just left wondering what the other item is. 2/10,I mean...that’s quite obvious. I’m just left wondering what the other item is. 2/10,26,26,6
edri2b5,Over under pistons score 87.5,Over under pistons score 87.5,27,27,4
eefyqhg,Those guys are TOUGH. glad to see Blackwater back in business to keep the peace over there,Those guys are TOUGH. glad to see Blackwater back in business to keep the peace over there,0,0,3
eect3c7,Also would like to point out to you that fighter is actually a synonym of soldier.,Also would like to point out to you that fighter is actually a synonym of soldier.,27,27,4
edq06vd,"State or freedom, either way PR would be better off than the shitshow that was [NAME]","State or freedom, either way PR would be better off than the shitshow that was [NAME]",27,27,4
ed6y43m,thanks. I will read these,thanks. I will read these,15,15,3
ed256es,"Honestly Texas deserves to win with they way they’re playing, they clearly came motivated and they’re outperforming UGA on both sides of the ball.","Honestly Texas deserves to win with they way they’re playing, they clearly came motivated and they’re outperforming UGA on both sides of the ball.",0,0,3
efe39wm,"[NAME] instead of [NAME] for me, but glad to see [NAME] is doing well.","[NAME] instead of [NAME] for me, but glad to see [NAME] is doing well.",17,17,3
eeetrf7,Because she wanted to look at the American girls lol,Because she wanted to look at the American girls lol,27,27,4
ef4hqt0,"Haha, looks like it.","Haha, looks like it.",1,1,3
ee2onhw,I have no shame in saying I still have my blanket from when I was a child. And a favorite [NAME] plushie.,I have no shame in saying I still have my blanket from when I was a child. And a favorite [NAME] plushie.,21,21,3
eemltxu,DID YOU KNOW THAT CASHEWS COME FROM A FRUIT!?!?,DID YOU KNOW THAT CASHEWS COME FROM A FRUIT!?!?,7,7,6
ed67htg,If you hold the trigger after you shoot you don't unscope with bolt actions,If you hold the trigger after you shoot you don't unscope with bolt actions,27,27,4
edlchw0,"Ahh okay, that makes a lot of sense. But you're totally right, we've just gotta work as hard as possible.","Ahh okay, that makes a lot of sense. But you're totally right, we've just gotta work as hard as possible.",4,4,3
eebke1t,Dude this is definitely an exit scam. I went thru the crypsty collapse this feels exactly the same. It shouldn't take 30hrs to get 1btc out.,Dude this is definitely an exit scam. I went thru the crypsty collapse this feels exactly the same. It shouldn't take 30hrs to get 1btc out.,27,27,4
edcjoj4,"I never disappoint, just ask your mother. ;)","I never disappoint, just ask your mother. ;)",27,27,4
ee8hpn1,Can you go see her in person?,Can you go see her in person?,7,7,6
eeoweu7,He'll have to leave at some point. So might as well get him to a club where you don't have to despise him,He'll have to leave at some point. So might as well get him to a club where you don't have to despise him,27,27,4
edulkmv,Am I the only INTP here who cared about deadlines. It's how I got so good at crunch time and working last minute.,Am I the only INTP here who cared about deadlines. It's how I got so good at crunch time and working last minute.,27,27,4
efa9sdv,I've only been once but we parked at a Publix a couple miles away and had Uber drop us off at the gate. It was perfect,I've only been once but we parked at a Publix a couple miles away and had Uber drop us off at the gate. It was perfect,27,27,4
eepx0ka,The emblem on the left looks like a killer mrs puff from spongebob.,The emblem on the left looks like a killer mrs puff from spongebob.,27,27,4
ed50bmw,I find that relatable: I too am terrified of myself.,I find that relatable: I too am terrified of myself.,14,14,2
ef6vgi7,Been off since November 29th. I would rather be working and making money. Home gets boring,Been off since November 29th. I would rather be working and making money. Home gets boring,9,9,5
eeq2xbc,spark up bro. Welcome.,spark up bro. Welcome.,15,15,3
eepc212,"Yeah, this just sounds like the usual Seattle understatement.","Yeah, this just sounds like the usual Seattle understatement.",4,4,3
eel26qy,Dilly dilly!,Dilly dilly!,27,27,4
ee557tj,"This is really helpful, thanks!","This is really helpful, thanks!",15,15,3
eeuua1j,"Pft, don't kid yourself. ","Pft, don't kid yourself. ",27,27,4
ee83yqt,"Right now, it feels like a good thing but not a great thing. I don't love it... But I don't hate it. ","Right now, it feels like a good thing but not a great thing. I don't love it... But I don't hate it. ",10,10,0
edcd8og,My kids graduated college two years ago. Guess I missed it?,My kids graduated college two years ago. Guess I missed it?,"7,22",7,6
edi490t,we can only hope,we can only hope,20,20,3
eekm8q1,Looks like we found his natural position.,Looks like we found his natural position.,13,13,3
ef7p9rk,Yeah that helps. Thanks :),Yeah that helps. Thanks :),15,15,3
ed146ro,WAS can always pay the trade kicker. But am only willing to dump [NAME] for him. Not down for giving up DFS.,WAS can always pay the trade kicker. But am only willing to dump [NAME] for him. Not down for giving up DFS.,27,27,4
eczpfqw,"The bottom comment: >Passing is the gold standard that determines whether you fit the social role of man or woman. [NAME], how regressive. ","The bottom comment: >Passing is the gold standard that determines whether you fit the social role of man or woman. [NAME], how regressive. ",6,6,6
eetzb16,You now have 3 threads about this within the last 10 hours. Pick one and stick with it.,You now have 3 threads about this within the last 10 hours. Pick one and stick with it.,3,3,0
edem489,"[NAME] fucking [NAME] are you done yet racist motherfucker, you’re not helping society","[NAME] fucking [NAME] are you done yet racist motherfucker, you’re not helping society",11,11,1
ef5epft,"I'm 5'6"" and three quarters haha. Have hair though.","I'm 5'6"" and three quarters haha. Have hair though.",27,27,4
edrrmt9,Awesome use of open data. Love the app.,Awesome use of open data. Love the app.,0,0,3
ed1tqle,"oh, my bad","oh, my bad",9,9,5
eel4gji,Whatever it is it’s not even worth hearing,Whatever it is it’s not even worth hearing,27,27,4
eemjtpw,"Ugh I love Stapleton. [NAME] has always really been loyal to the authentic sound though IMO, he definitely stands out. ","Ugh I love Stapleton. [NAME] has always really been loyal to the authentic sound though IMO, he definitely stands out. ",18,18,3
ed75h49,It's good worrying about things that can be helped. Lol,It's good worrying about things that can be helped. Lol,1,1,3
ed23u11,"Guys should also know that not every woman is a size queen. Average doesn't mean substandard, average means just right.","Guys should also know that not every woman is a size queen. Average doesn't mean substandard, average means just right.",27,27,4
ed529aa,A bash that doesn’t guaranty anything? Isn’t that a bad thing I mean it’s one of the complaints of heard about lawbringers shove,A bash that doesn’t guaranty anything? Isn’t that a bad thing I mean it’s one of the complaints of heard about lawbringers shove,7,7,6
edhkbec,"Not sure, I'm not good at expressing my feelings, and sometimes I get angry and say things that very hurtful","Not sure, I'm not good at expressing my feelings, and sometimes I get angry and say things that very hurtful",2,2,0
edosajf,America will lose. You are mentally-deranged and the enemy.,America will lose. You are mentally-deranged and the enemy.,27,27,4
ee7odyo,"As sure as gods got sandals, it sure beats fighting dudes with treasure trails","As sure as gods got sandals, it sure beats fighting dudes with treasure trails",27,27,4
eewk9e0,Thanks you!,Thanks you!,15,15,3
eemyegn,What? Even his follow up comment was related to dog hair.,What? Even his follow up comment was related to dog hair.,"7,22",7,6
ee5q1wn,"Man, that sounds like a big stuff around. Good luck getting it sorted","Man, that sounds like a big stuff around. Good luck getting it sorted",20,20,3
edp9uoq,"Lindt is premium brand, im not surprised by this.","Lindt is premium brand, im not surprised by this.",27,27,4
ee4vc1a,Give an example of one with an entirely different meaning please. The context of what you mean by different is lacking.,Give an example of one with an entirely different meaning please. The context of what you mean by different is lacking.,27,27,4
edktwqm,It's got what plants crave.,It's got what plants crave.,27,27,4
eeqxizl,So you're saying [NAME] doesn't have a personal vendetta against me?,So you're saying [NAME] doesn't have a personal vendetta against me?,27,27,4
eeq2rcw,No that would be yet another mistake.,No that would be yet another mistake.,10,10,0
eeo2u54,"That whole [NAME] bit of ""I'm not gonna rape you. I'm a little boy."" is oddly on target.","That whole [NAME] bit of ""I'm not gonna rape you. I'm a little boy."" is oddly on target.",27,27,4
eegn38f,I'm sad for the bot. They only want a purpose,I'm sad for the bot. They only want a purpose,25,25,5
edmw8rt," Their official logic is that it reduces turn-over, but yeah, the other reasons are kind of obvious."," Their official logic is that it reduces turn-over, but yeah, the other reasons are kind of obvious.",27,27,4
edyftpw,I like this response. I can’t give you gold but have some honorary gold.,I like this response. I can’t give you gold but have some honorary gold.,"0,18",0,3
ef1vkp7,People got angry about Apple getting royalty free photos as part of the competition so now Apple is actually paying people.,People got angry about Apple getting royalty free photos as part of the competition so now Apple is actually paying people.,27,27,4
ee8wv5f,I’m sooo excited for you!! I’m not dating right now but I love hearing someone be all verklempt.,I’m sooo excited for you!! I’m not dating right now but I love hearing someone be all verklempt.,"13,18",13,3
eehqoet,I was actually introduced to hbomb and breadtube in general Becuase of [NAME] vid on ds2. So thanks [NAME]?,I was actually introduced to hbomb and breadtube in general Becuase of [NAME] vid on ds2. So thanks [NAME]?,15,15,3
edenjpu,Why the assumption that Kitchens will turn out better than JBC did? The scenarios seem very similar,Why the assumption that Kitchens will turn out better than JBC did? The scenarios seem very similar,6,6,6
ee73d7q,I hope you get the mental help that you clearly need.,I hope you get the mental help that you clearly need.,20,20,3
ed6c5fu,[NAME] is phenomenal. It’ll be a sad day once he’s gone,[NAME] is phenomenal. It’ll be a sad day once he’s gone,"9,25",9,5
ee25h6y,Those meddling kids will catch the 'spooky ghosts',Those meddling kids will catch the 'spooky ghosts',27,27,4
edzhlu9,"Maybe you’re just extremely boring and bland, and outright refuse to learn to take photos that don’t suck. ","Maybe you’re just extremely boring and bland, and outright refuse to learn to take photos that don’t suck. ",10,10,0
ecznju7,It was righteous,It was righteous,4,4,3
efdvksk,"D'oh, it's even in the title! Thanks.","D'oh, it's even in the title! Thanks.",15,15,3
edsz983,No thanks.,No thanks.,15,15,3
ee8us0n,> Out of curiosity have you read The Great Partnership by Lord Rabbi [NAME]? I have not. But I do listen to his parsha podcast.,> Out of curiosity have you read The Great Partnership by Lord Rabbi [NAME]? I have not. But I do listen to his parsha podcast.,7,7,6
edn3n80,"Interesting, I did not know that. Thanks for the TIL! Could you recommend any resources that discuss this further?","Interesting, I did not know that. Thanks for the TIL! Could you recommend any resources that discuss this further?",15,15,3
ed2uvxe,What a respectable women.,What a respectable women.,0,0,3
edftorz,It’s beautiful. I think I need to move. 😊,It’s beautiful. I think I need to move. 😊,"0,20",0,3
ed5crs5,We have reached the stage where below 2 million is good. There truly is no bottom to this pit.,We have reached the stage where below 2 million is good. There truly is no bottom to this pit.,"0,21",0,3
ed2q19m,Aaaand yard sale!,Aaaand yard sale!,27,27,4
ef46smj,Paying for the drinks doesn’t equate to drinking the drinks.,Paying for the drinks doesn’t equate to drinking the drinks.,27,27,4
ed0cmts,Left handers are rejoicing over this,Left handers are rejoicing over this,17,17,3
edbjcwi,Take a seat young ragewalker.,Take a seat young ragewalker.,13,13,3
eek2bir,Because they aren't different subspecies,Because they aren't different subspecies,27,27,4
eeq7rro,"It’s not violence against political opponents if it’s against a tyrant, which you define as a political opponent","It’s not violence against political opponents if it’s against a tyrant, which you define as a political opponent",27,27,4
efdtq3o,Great site. Never heard of it. Thank you for passing along!,Great site. Never heard of it. Thank you for passing along!,"0,15",0,3
edubnry,The only problem is that what you will never hear pf their relationship through sponsorships.,The only problem is that what you will never hear pf their relationship through sponsorships.,9,9,5
een9ben,I've been really into reading nonfiction lately and ancient religious history sounds fascinating! Do you have any books you recommend?,I've been really into reading nonfiction lately and ancient religious history sounds fascinating! Do you have any books you recommend?,7,7,6
ee0a6m5,"Probably smashed his oil pan too, I'd give that car 3 miles to live.","Probably smashed his oil pan too, I'd give that car 3 miles to live.",27,27,4
ef4yvw8,Nah I think you're just feeling confident because you got a slamming deal on those clothes! I would feel the same way!,Nah I think you're just feeling confident because you got a slamming deal on those clothes! I would feel the same way!,4,4,3
edjw4gq,Kids at heart.,Kids at heart.,27,27,4
ed83k2j,Twins.. my first time having having a child and I get twins. This is gonna be a ride lol,Twins.. my first time having having a child and I get twins. This is gonna be a ride lol,1,1,3
ed9ldgu,I've done this my whole life though...,I've done this my whole life though...,27,27,4
eeewcra,"Haha yes. Thank you. No accidents, so it went well 😂😂","Haha yes. Thank you. No accidents, so it went well 😂😂","4,15",4,3
ed4m0qz,My husband and I have been circling the drain for years. :(,My husband and I have been circling the drain for years. :(,25,25,5
eeynkjq,I had a GB in 1999 and it was worse than birthing my son. I would have loved to have had the sleeve....,I had a GB in 1999 and it was worse than birthing my son. I would have loved to have had the sleeve....,18,18,3
ee92dyh,Holy balls! I hope that's your neighbor.,Holy balls! I hope that's your neighbor.,20,20,3
eee253u,It's because attractive people don't have to work on their personality usually,It's because attractive people don't have to work on their personality usually,27,27,4
edru75z,They dont mind a second trump term if [NAME] 2020 looks likely,They dont mind a second trump term if [NAME] 2020 looks likely,27,27,4
ede34v4,For the sake of sexual contrast.,For the sake of sexual contrast.,27,27,4
edzzi27,Are you talking about equalization payments? Because BC doesn't get equalization payments.,Are you talking about equalization payments? Because BC doesn't get equalization payments.,7,7,6
ef7tspn,I’m more sorry that there are actual [NAME] fans...,I’m more sorry that there are actual [NAME] fans...,24,24,5
eeuo6d4,"Sapa is pretty good, but Takashi is by far the best quality sushi in Salt Lake.","Sapa is pretty good, but Takashi is by far the best quality sushi in Salt Lake.",0,0,3
eeww6nx,Well two other close testers are really upset about rolling,Well two other close testers are really upset about rolling,9,9,5
eddpto7,This hit me with de good ol memories,This hit me with de good ol memories,17,17,3
ef7c27s,I enjoyed this nearly as much as I enjoy too many pints.,I enjoyed this nearly as much as I enjoy too many pints.,17,17,3
eczx6ys,THE ONLY RUMOR I'VE EVER HEARD IS WHETHER OR NOT THE SEARCH FUNCTION EXISTS. SPOILER ALERT: IT DOES.,THE ONLY RUMOR I'VE EVER HEARD IS WHETHER OR NOT THE SEARCH FUNCTION EXISTS. SPOILER ALERT: IT DOES.,4,4,3
edp0k2q,Nobody claims that 20th century socialism was a utopia. Please remember your own comment before replying.,Nobody claims that 20th century socialism was a utopia. Please remember your own comment before replying.,3,3,0
eesy0yz,This is just so sweet! That's all. :). So sweet.,This is just so sweet! That's all. :). So sweet.,0,0,3
edbt4wx,"Nobody left Milky Way yet because of reapers. It’s not possible nobody got in for the same reason, or a similar more localized reason ","Nobody left Milky Way yet because of reapers. It’s not possible nobody got in for the same reason, or a similar more localized reason ",27,27,4
efa453d,I found it interesting that [NAME] wasn’t addressed in FA or until the later rounds of the draft.,I found it interesting that [NAME] wasn’t addressed in FA or until the later rounds of the draft.,7,7,6
edf27sz,Grim Reaver!!!,Grim Reaver!!!,27,27,4
eff82dv,Why make it a video? Could have just been a text post.,Why make it a video? Could have just been a text post.,7,7,6
eeyoa9n,Please seek medical help,Please seek medical help,5,5,3
ee1doy4,"If they actually have more evidence that he was deeper than originally suspected, then I have no sympathy.","If they actually have more evidence that he was deeper than originally suspected, then I have no sympathy.",27,27,4
eekv307,My friends that were badly injured from the first fight. Read my backstory comment.,My friends that were badly injured from the first fight. Read my backstory comment.,25,25,5
ed5cblv,I don’t know why but this made me crack up so hard!,I don’t know why but this made me crack up so hard!,6,6,6
eex1z78,"Wipe them out, all of them!","Wipe them out, all of them!",27,27,4
ef1qdjl,"Well, no- the person serving you already provided ID to get the job, so they’ve already confirmed their age","Well, no- the person serving you already provided ID to get the job, so they’ve already confirmed their age",27,27,4
edpr4pz,Oh yeah. Here's hopin to Persona next.,Oh yeah. Here's hopin to Persona next.,27,27,4
ed71hr7,Break ups are hard. Hope you feel better.,Break ups are hard. Hope you feel better.,5,5,3
ed0mbz7,These are the same people who thought liking hot sauce was a major scandal,These are the same people who thought liking hot sauce was a major scandal,27,27,4
eew9za9,I wish that were a thing 🙄,I wish that were a thing 🙄,"8,20",8,3
efd2t93,I'm just gonna take this as a metaphor for idiot units.,I'm just gonna take this as a metaphor for idiot units.,27,27,4
eesa65i,"Yeah I'd recommend it, definitely an easy watch","Yeah I'd recommend it, definitely an easy watch",4,4,3
edh3yqf,This reminds me of the Percy Jackson series :P they do the same thing at one point when they visit a dam :P,This reminds me of the Percy Jackson series :P they do the same thing at one point when they visit a dam :P,27,27,4
edzv8zv,"He has 3 years as first team manager, he signed the contract in November, but it doesn't matter","He has 3 years as first team manager, he signed the contract in November, but it doesn't matter",27,27,4
edooo1c,My point was that it’s creepy. I never said it was illegal.,My point was that it’s creepy. I never said it was illegal.,10,10,0
ee3dyoh,That's a great comparison,That's a great comparison,0,0,3
edflagy,"Well first, im against government period, and second im conveying this under a layer of satire to make the ideas spread more easily","Well first, im against government period, and second im conveying this under a layer of satire to make the ideas spread more easily",10,10,0
ed9c7dq,Btw- I love your flair!,Btw- I love your flair!,18,18,3
edwfd53,omgad that monster!,omgad that monster!,27,27,4
efemt0g,[NAME] got a thing for redheads? [NAME] would love to have a word with you.,[NAME] got a thing for redheads? [NAME] would love to have a word with you.,18,18,3
efen42g,This girl wasn't molested. She was a young (legal) girl who thought it was cool to get with someone her dads age,This girl wasn't molested. She was a young (legal) girl who thought it was cool to get with someone her dads age,4,4,3
eduxv08,"[NAME] today is great, when he plays like this he is a rly good player","[NAME] today is great, when he plays like this he is a rly good player",0,0,3
ed47lpl,Do you have the voting link? I went on the NHL website but I didn't see anything.,Do you have the voting link? I went on the NHL website but I didn't see anything.,6,6,6
ed1mazu,My dumb ass thought it was meant to be a magic wand and he was reversing time and I was really confused.,My dumb ass thought it was meant to be a magic wand and he was reversing time and I was really confused.,6,6,6
eegyi25,Buddy you are mad online right now. Take a deep breath or a Xanax,Buddy you are mad online right now. Take a deep breath or a Xanax,5,5,3
edun0k2,One of my favorite moments,One of my favorite moments,0,0,3
eduz8d0,Just dump it on the other side of that fence down there...ssss,Just dump it on the other side of that fence down there...ssss,27,27,4
ee5jewh,I thought they were motor vehicle accidents.,I thought they were motor vehicle accidents.,27,27,4
ee7n40v,"I’m sorry to be that guy, but I don’t get it ","I’m sorry to be that guy, but I don’t get it ",24,24,5
eek89ki,i curse you,i curse you,2,2,0
efgb4ka,Not enough accurate data on [NAME] civil to stay true to their identity unless they want to make a Spanish invasion related storyline,Not enough accurate data on [NAME] civil to stay true to their identity unless they want to make a Spanish invasion related storyline,27,27,4
edby929,My guess is they work with older folks,My guess is they work with older folks,27,27,4
efb6pe5,The junkies that hang around there can make some good jokes about getting blitz'd,The junkies that hang around there can make some good jokes about getting blitz'd,27,27,4
ef41lgg,"Oooo I see, I was hoping it wasn't a troll thing, it seemed really tasteless.","Oooo I see, I was hoping it wasn't a troll thing, it seemed really tasteless.",10,10,0
edldwd3,Can anyone confirm the [NAME] likliness? Asking for a friend.,Can anyone confirm the [NAME] likliness? Asking for a friend.,27,27,4
ee0jjkm,That's when they brew their second cuppa before work haha,That's when they brew their second cuppa before work haha,1,1,3
eeoipmw,GO SUB TO HIM HES THE BEST,GO SUB TO HIM HES THE BEST,0,0,3
edypsys,That sounds awesome! So good to have someone able to teach you their skills 😊,That sounds awesome! So good to have someone able to teach you their skills 😊,0,0,3
efg6nt1,All women are useless - maybe if you made better choices it would be better for ya,All women are useless - maybe if you made better choices it would be better for ya,27,27,4
ee8nf52,Get ready for another wasted season,Get ready for another wasted season,3,3,0
ed64obw,I have no clue either,I have no clue either,6,6,6
edokwxy,Cats/dogs for sure. It would be refreshing.,Cats/dogs for sure. It would be refreshing.,5,5,3
ee5hsq6,"Awesome, that's super good news :D","Awesome, that's super good news :D",0,0,3
ed6gw3e,haha packing it in already after a regular season loss,haha packing it in already after a regular season loss,1,1,3
eebm9s8,There is a guy that looks like [NAME] in my local Walmart,There is a guy that looks like [NAME] in my local Walmart,27,27,4
ef33bmr,My opinion is that anyone smart enough would simply not work for [NAME] in the first place.,My opinion is that anyone smart enough would simply not work for [NAME] in the first place.,3,3,0
ed2yc2t,"It's okay. One day you won't be so sad and angry, and people will still accept you.","It's okay. One day you won't be so sad and angry, and people will still accept you.",5,5,3
edd5wxl,It appears [NAME] has come back as a cat.,It appears [NAME] has come back as a cat.,27,27,4
ed62vv7,That's a surprise from this guy.,That's a surprise from this guy.,26,26,6
efdw5u5,What a wonderful story! Thank you so much for sharing that just made me smile .,What a wonderful story! Thank you so much for sharing that just made me smile .,"0,15",0,3
eepabpu,Does anyone know how much the skin is supposed to cost? Edit: And does it put the lotion on it's skin?,Does anyone know how much the skin is supposed to cost? Edit: And does it put the lotion on it's skin?,7,7,6
edblexb,"Thank you, man🌱","Thank you, man🌱",15,15,3
edabwk3,Super dumb that people are downvoting you for asking a question in good faith.,Super dumb that people are downvoting you for asking a question in good faith.,"3,10",3,0
eeulbpf,"Daily would be great, but...life stuff like work sometimes get in the way.","Daily would be great, but...life stuff like work sometimes get in the way.","0,15",0,3
eeam3jz,"Waahha, ohh, they massawaaa... STOP IT. YOU CAN ACT LIKE A MAN.","Waahha, ohh, they massawaaa... STOP IT. YOU CAN ACT LIKE A MAN.","2,3",2,0
eeuudh4,"Yeah lol, my bad. ","Yeah lol, my bad. ",1,1,3
eewboco,[NAME] living her best life in Germany.,[NAME] living her best life in Germany.,17,17,3
eewkmlb,"Missed that, wishful thinking, I was hoping they would team up for a little","Missed that, wishful thinking, I was hoping they would team up for a little","8,20",8,3
ee27gps,"No I don’t want it to be unhappy or unhealthy AT ALL, just more like a normal/fussy baby.","No I don’t want it to be unhappy or unhealthy AT ALL, just more like a normal/fussy baby.",10,10,0
edv4vot,[NAME] was so much cuter then. Also WOW that interview is cringy,[NAME] was so much cuter then. Also WOW that interview is cringy,0,0,3
eedq34x,Very legal and cool,Very legal and cool,4,4,3
edyoe9t,What camouflage?,What camouflage?,6,6,6
edtao5v,And you better fucking get there early too! Bargain shoppers don't fuck around.,And you better fucking get there early too! Bargain shoppers don't fuck around.,3,3,0
ef4pxbp,"And she has ignored every single one of them, as expected of course.","And she has ignored every single one of them, as expected of course.",3,3,0
efcr4cm,Make sure he gets some glucosamine(!),Make sure he gets some glucosamine(!),27,27,4
edk5zy9,I think its his brother ?,I think its his brother ?,7,7,6
edic5x1,"By his comment I would say that he is in fact, a simpleton. So, too late.","By his comment I would say that he is in fact, a simpleton. So, too late.",3,3,0
eeao5p8,It's even worse when you get someone from NJ who has no clue how to drive in the city environment.,It's even worse when you get someone from NJ who has no clue how to drive in the city environment.,11,11,1
edcidsm,Thats....that's pretty normal...prolly somewhere in the ballpark of 280miles...If you dont have a fuel efficient car its not hard to do.,Thats....that's pretty normal...prolly somewhere in the ballpark of 280miles...If you dont have a fuel efficient car its not hard to do.,27,27,4
ef2jabt,I had a huge crush on the lead singer back in the day. Still have no idea what this song is about but love it.,I had a huge crush on the lead singer back in the day. Still have no idea what this song is about but love it.,18,18,3
eezy7jh,Really? I love that show,Really? I love that show,18,18,3
ef51lht,correct. [NAME] was our 3rd round pick. Hand lookin like the steal of the draft,correct. [NAME] was our 3rd round pick. Hand lookin like the steal of the draft,4,4,3
eegvvgs,I think a [NAME] government would be far far worse than Brexit.,I think a [NAME] government would be far far worse than Brexit.,27,27,4
ee3hria,> eaten out by their coach,> eaten out by their coach,27,27,4
ed88ihl,The fact you have to explain this at the third grade level is pathetic. People think somone preventing his own murder is a tragedy.,The fact you have to explain this at the third grade level is pathetic. People think somone preventing his own murder is a tragedy.,25,25,5
ed10dfd,Gonna be sad when Gameday is inside a gym for shooty hoops. I already miss CFB :(,Gonna be sad when Gameday is inside a gym for shooty hoops. I already miss CFB :(,25,25,5
eedqpka,I would have thought so yeah.,I would have thought so yeah.,27,27,4
efb9acz,"""one of us will be right!"" Or...ya both wrong and wasted your energy being dumb asses instead of enjoying it.","""one of us will be right!"" Or...ya both wrong and wasted your energy being dumb asses instead of enjoying it.","3,10",3,0
eerudzj,You seem pretty upset about this. It's not an email it is a formal filing. It doesn't surprise me you don't understand that though.,You seem pretty upset about this. It's not an email it is a formal filing. It doesn't surprise me you don't understand that though.,9,9,5
efa8ogq,"Don’t regret the time, had it been sooner you might be absent a kid or three! ","Don’t regret the time, had it been sooner you might be absent a kid or three! ",4,4,3
ee8let7,I agree with this,I agree with this,4,4,3
ef7hkvf,> As long as they dont bother people or start a mess. When are they not?,> As long as they dont bother people or start a mess. When are they not?,3,3,0
eczj6af,My ex with BPD said this to me about her ex. They have been apart for nearly a year.,My ex with BPD said this to me about her ex. They have been apart for nearly a year.,27,27,4
eefjd6c,You ain't wrong,You ain't wrong,4,4,3
edc0gv5,I loveeeeee Perth!!!! Why isn’t anyone else gushing about this town?,I loveeeeee Perth!!!! Why isn’t anyone else gushing about this town?,18,18,3
ee08uhd,"You are correct, this happens everytime to me","You are correct, this happens everytime to me",4,4,3
efa5xe3,Yeah that does not mean anything It’s a wallet that they have been using with another exchange and they use it to send money to you.,Yeah that does not mean anything It’s a wallet that they have been using with another exchange and they use it to send money to you.,27,27,4
edjq36r,Oh hey I have those jeans,Oh hey I have those jeans,27,27,4
eda6tvw,They do sound kinda not worth it then. At least large ones don't sound worth it. You have my sympathy.,They do sound kinda not worth it then. At least large ones don't sound worth it. You have my sympathy.,5,5,3
ed61lxp,Same reaction I had last week when I learned that [NAME] was once engaged to [NAME].,Same reaction I had last week when I learned that [NAME] was once engaged to [NAME].,26,26,6
edkqj5w,This is not porn lol,This is not porn lol,1,1,3
efg88ln,No I meant like did they then forget and ask a follow up question. Basically making the situation more funny.,No I meant like did they then forget and ask a follow up question. Basically making the situation more funny.,1,1,3
ee7wqdn,Please do!,Please do!,27,27,4
ed2ktj7,Awesome! I just recently custom made some art for my razer panthera! It certainly is a lot of fun to do! 👍,Awesome! I just recently custom made some art for my razer panthera! It certainly is a lot of fun to do! 👍,"0,1,4",0,3
eeafigq,"Yeah they’d probably want more than [NAME] and [NAME]. [NAME], maybe [NAME] can finesse them too lol","Yeah they’d probably want more than [NAME] and [NAME]. [NAME], maybe [NAME] can finesse them too lol",27,27,4
ed184ql,"My fiancé and I went to a friends house and just hung out until midnight and watched fireworks, it was so chill and perfect!","My fiancé and I went to a friends house and just hung out until midnight and watched fireworks, it was so chill and perfect!",17,17,3
eeia8n9,""" Personal responsibility"" code for ""if you aren't rich, get fucked!""",""" Personal responsibility"" code for ""if you aren't rich, get fucked!""",27,27,4
edjiuwg,Even this tweet reeks just from the description provided (and the way her friends must look/smell). I’m gagging.,Even this tweet reeks just from the description provided (and the way her friends must look/smell). I’m gagging.,27,27,4
eekyspm,I have but I sugar discreetly and I’m genuinely afraid to have that compromised due to the field I’m in,I have but I sugar discreetly and I’m genuinely afraid to have that compromised due to the field I’m in,14,14,2
edy3796,"You forgot to put ""armchair"" in front of your name.","You forgot to put ""armchair"" in front of your name.",27,27,4
ee8ctxm,I’m having a counseling this weekend ... nothing to be scared.... just tell them about your feelings and what are you worrying about..,I’m having a counseling this weekend ... nothing to be scared.... just tell them about your feelings and what are you worrying about..,5,5,3
edosk3l,"It's racism. It doesn't make me angry, it makes me feel sorry for their ignorance and yours.","It's racism. It doesn't make me angry, it makes me feel sorry for their ignorance and yours.",3,3,0
ed6d03m,Just get in front of him and stop,Just get in front of him and stop,27,27,4
ee5emrk,Thanks!!,Thanks!!,15,15,3
ed47fl3,I agree.,I agree.,4,4,3
eeo4ds5,Is...Is this a Hitman themed FE Shitpost?...I dunno whether to be happy or impressed by this.,Is...Is this a Hitman themed FE Shitpost?...I dunno whether to be happy or impressed by this.,17,17,3
ef9gihb,Hahahahhahhaha!!! Thats the right wing in a nutshell.....,Hahahahhahhaha!!! Thats the right wing in a nutshell.....,4,4,3
ef1eq85,"“Guys watch out, the scary looking kid is coming down the hall”","“Guys watch out, the scary looking kid is coming down the hall”",14,14,2
ee90w9r,They are both owned by the same parent company and they probably wanted to get their money's worth since Taco Bell isn't really prevelant in EU,They are both owned by the same parent company and they probably wanted to get their money's worth since Taco Bell isn't really prevelant in EU,27,27,4
efcx9uv,i feel like slapping /s after everything sucks the fun out. it's not my fault people are autistic.... /s,i feel like slapping /s after everything sucks the fun out. it's not my fault people are autistic.... /s,2,2,0
eerhlgd,"I did! Never moving back, I love my life in the ""big smoke"".","I did! Never moving back, I love my life in the ""big smoke"".","17,21",17,3
edg6ig1,"Ah, yes. Again with those goddam ballbusting monkeys. If I had a dollar...","Ah, yes. Again with those goddam ballbusting monkeys. If I had a dollar...",27,27,4
efdmypb,You can get a penta from 30 seconds after the quad.,You can get a penta from 30 seconds after the quad.,4,4,3
eer4mt5,"""How did they get away from everyone. ""Fillies and gentlecolts,we are gathered here today to honor the nation of England for this Oscar.","""How did they get away from everyone. ""Fillies and gentlecolts,we are gathered here today to honor the nation of England for this Oscar.",27,27,4
edqa9v6,Great! Now down with [NAME]!!,Great! Now down with [NAME]!!,0,0,3
eczez7j,"Nah... i think he made around 90... i tried searching up his pocket, and fuck me...","Nah... i think he made around 90... i tried searching up his pocket, and fuck me...",27,27,4
edw262u,A Buzzfeed article about 20 perfect pairs of boobies,A Buzzfeed article about 20 perfect pairs of boobies,27,27,4
ee6peah,So much lonely,So much lonely,25,25,5
eduqxu5,Apparently we are tragedies!,Apparently we are tragedies!,27,27,4
eezbpxo,Now [NAME] is the popular one!!,Now [NAME] is the popular one!!,27,27,4
eduqcfj,He was a US Attorney and Mayor of NYC. He's not an idiot and knows exactly what he's doing.,He was a US Attorney and Mayor of NYC. He's not an idiot and knows exactly what he's doing.,4,4,3
eekimxt,"Yep, this cunt again.","Yep, this cunt again.",27,27,4
edzpk4p,I do watch legends and lol yes we all know she existed/originated in the future. I also know that this is a different [NAME] from the [NAME].,I do watch legends and lol yes we all know she existed/originated in the future. I also know that this is a different [NAME] from the [NAME].,"1,4",1,3
eeiidu7,"That's weird to hear since in Hebrew ""Son of man""- Ben Adam, simply refers to humans in general.","That's weird to hear since in Hebrew ""Son of man""- Ben Adam, simply refers to humans in general.",11,11,1
ee3qi05,"Your ""other people"" comment was.","Your ""other people"" comment was.",27,27,4
eda23xf,but it's [NAME] saying it so sorta disappointing,but it's [NAME] saying it so sorta disappointing,27,27,4
edlcucz,"Oh [NAME]. But I'm sort of confused as to how the pic was taken, sorry if you said it but I'm a bit stupid and tired","Oh [NAME]. But I'm sort of confused as to how the pic was taken, sorry if you said it but I'm a bit stupid and tired",6,6,6
eda1817,I love her doctor. You need to send him some chili and cornbread,I love her doctor. You need to send him some chili and cornbread,18,18,3
eeeg69u,I have an issue metabolizing medications fast. I'll wake up during surgeries so they give me a lot of drugs.,I have an issue metabolizing medications fast. I'll wake up during surgeries so they give me a lot of drugs.,25,25,5
eekgi19,I am inexplicably excited by [NAME]. I get so excited by how he curls passes,I am inexplicably excited by [NAME]. I get so excited by how he curls passes,13,13,3
ed6hj5v,Isn't this researching online?,Isn't this researching online?,27,27,4
ed4vmnc,Oh oh oh,Oh oh oh,27,27,4
edxftbn,"Damn, ultimate efficiency.","Damn, ultimate efficiency.",0,0,3
edow9ya,Monero enthusiast here. Make me happy and call me a liar again.,Monero enthusiast here. Make me happy and call me a liar again.,17,17,3
edl7xlz,Don't worry you'll outlive them.,Don't worry you'll outlive them.,5,5,3
eeokx88,"oh no I agree that its edited, but I think she has other things going on too.. BDD at least ","oh no I agree that its edited, but I think she has other things going on too.. BDD at least ",4,4,3
eeu24z2,"I don't know, they'd have to reduce the accuracy of the NPCs a bit then cause I sure don't like 1-shotters using aimbot","I don't know, they'd have to reduce the accuracy of the NPCs a bit then cause I sure don't like 1-shotters using aimbot",27,27,4
edr59eq,"When he puts it in too fast and you don't have time to let your walls expands, this is exactly how it feels... ","When he puts it in too fast and you don't have time to let your walls expands, this is exactly how it feels... ",22,22,6
ed9feu7,Ooh you made them?! Awesome!! I hope you enjoyed them. 5 cheeses sounds like a great decision.,Ooh you made them?! Awesome!! I hope you enjoyed them. 5 cheeses sounds like a great decision.,17,17,3
edjhabp,That's a pretty laughable response. Pretty r/iamverybadass actually.,That's a pretty laughable response. Pretty r/iamverybadass actually.,1,1,3
ee9248r,">While Austin is a great city that should embrace its first major pro franchise, What is this conformist nonsense?",">While Austin is a great city that should embrace its first major pro franchise, What is this conformist nonsense?",27,27,4
eet2ofl,Thanks mate. It's just a process now. Fingers crossed that time will heal all (or most) wounds!,Thanks mate. It's just a process now. Fingers crossed that time will heal all (or most) wounds!,15,15,3
ee8l5zw,"Right, ok thank you.","Right, ok thank you.",15,15,3
eep0ix8,I went skiing in another state and ran into a gaggle of students. Distance guarantees nothing.,I went skiing in another state and ran into a gaggle of students. Distance guarantees nothing.,27,27,4
ee3jles,Weird but effective,Weird but effective,11,11,1
ef8aufx,I dont blame you I have a stuffed otter my gf and I got in Catalina I wont even let my niece play with it,I dont blame you I have a stuffed otter my gf and I got in Catalina I wont even let my niece play with it,27,27,4
edhunph,"Thank you very much, I must have missed these while I didn't have regular Internet access. Sorry for putting you on the list in error. ","Thank you very much, I must have missed these while I didn't have regular Internet access. Sorry for putting you on the list in error. ",15,15,3
eemecoa,Sad to see this as a one-off. [NAME] seemed to be really enjoy the game and itself. Will give the game a try.,Sad to see this as a one-off. [NAME] seemed to be really enjoy the game and itself. Will give the game a try.,27,27,4
edcrpag,Excited to see this kid in red and black some day,Excited to see this kid in red and black some day,"8,13",8,3
eer7zky,Congrats and be well. Peace and tranquility to you. !,Congrats and be well. Peace and tranquility to you. !,5,5,3
eekr69f,These are both beauties. Those big dark eyes and that smile.,These are both beauties. Those big dark eyes and that smile.,0,0,3
edkh0u7,Tell her boyfriend and send him the screenshots of her saying she’s having affairs for proof. Then cut this toxic person out of your life!,Tell her boyfriend and send him the screenshots of her saying she’s having affairs for proof. Then cut this toxic person out of your life!,27,27,4
ed4pfjo,So I did. Good call.,So I did. Good call.,"0,20",0,3
edpsii7,I'm ugly and able to bump uglies with someone I can make laugh. Mission accomplished.,I'm ugly and able to bump uglies with someone I can make laugh. Mission accomplished.,11,11,1
ef236od,Thank you all for the karma I’ve gotten!,Thank you all for the karma I’ve gotten!,15,15,3
ee8mfir,"It's the app, you get daily readings, you can communicate with the other members, reminders, etc, download the app you'll see","It's the app, you get daily readings, you can communicate with the other members, reminders, etc, download the app you'll see",27,27,4
ed4tv6j,[NAME] didn't refuse to trade [NAME] to the Lakers out of spite. He saw nothing he wanted.,[NAME] didn't refuse to trade [NAME] to the Lakers out of spite. He saw nothing he wanted.,27,27,4
eepobi3,"Seriously, I spit up my drink reading ""The GOP not the ones threatening children"". I know a few thousand kids in cages that might disagree. ","Seriously, I spit up my drink reading ""The GOP not the ones threatening children"". I know a few thousand kids in cages that might disagree. ",9,9,5
ee2nk3z,I don’t know how to link but if you search within this page there was a whole thread on it,I don’t know how to link but if you search within this page there was a whole thread on it,6,6,6
edy313h,A girl came into him recently and he pre maturely ejaculated. He had to type this.,A girl came into him recently and he pre maturely ejaculated. He had to type this.,27,27,4
edplze2,"I've have a serious fear of getting winded, this video made my balls fall off ","I've have a serious fear of getting winded, this video made my balls fall off ",14,14,2
eeh3fac,Done. Good riddance. Thank you for your comment,Done. Good riddance. Thank you for your comment,15,15,3
edudv43,"Yep. If we don't come up with a solution, there is no need for solutions to anything else.","Yep. If we don't come up with a solution, there is no need for solutions to anything else.",4,4,3
eddyedw,That’s only really annoying if it’s excessively slow,That’s only really annoying if it’s excessively slow,3,3,0
ee24uie,The comments on this thread are what I expected and that makes me sad.,The comments on this thread are what I expected and that makes me sad.,25,25,5
eew4e9a,"yea he had 6 assists which created 13 points, if he had 13 points and no assists people would be calling it a great game for him","yea he had 6 assists which created 13 points, if he had 13 points and no assists people would be calling it a great game for him",10,10,0
ee78yiz,"The Lidl ones definitely don't taste like Weetabix, if they are make by Weetabix then they must be using different stuff!","The Lidl ones definitely don't taste like Weetabix, if they are make by Weetabix then they must be using different stuff!",27,27,4
ed37epe,"it’s not something you get over, but it’s something you get through ","it’s not something you get over, but it’s something you get through ",27,27,4
eetnbrw,Doing my part,Doing my part,27,27,4
eda9zq3,And chocolate comes from child slavery.,And chocolate comes from child slavery.,27,27,4
ed1z5be,"Nobel prize, u/Otomyre, Nobel prize! I’ll see you in Sweden!","Nobel prize, u/Otomyre, Nobel prize! I’ll see you in Sweden!",26,26,6
ed6hrx0,Bold of you to a̢̢̘̜̹͖͓̣̼̰͎̞͚̖͟͝͠s̷̻̮̝͍̕͘͝͝ş͏͕͈̻̺̬̻̱̫̙̠̜͚̗̯̤͔̙̫ų̖̰̭̺̳͕͔̥̳̟̻͖̗̪͙̕͜͝m̨̢̲͚̪͢͝ͅe̹̣̻͙̻͕̦̕͠,Bold of you to a̢̢̘̜̹͖͓̣̼̰͎̞͚̖͟͝͠s̷̻̮̝͍̕͘͝͝ş͏͕͈̻̺̬̻̱̫̙̠̜͚̗̯̤͔̙̫ų̖̰̭̺̳͕͔̥̳̟̻͖̗̪͙̕͜͝m̨̢̲͚̪͢͝ͅe̹̣̻͙̻͕̦̕͠,27,27,4
eet3lk8,"I want this back ""I want us back"" I missed the part where that's my problem","I want this back ""I want us back"" I missed the part where that's my problem","9,25",9,5
edo91pt,"Just curious, how many supplies did you take?","Just curious, how many supplies did you take?",7,7,6
eepknk1,"Dive into that sweet sweet goodness, buddy. View the meetup the woman being lucky to be around you, and it gets much easier.","Dive into that sweet sweet goodness, buddy. View the meetup the woman being lucky to be around you, and it gets much easier.","5,18",5,3
edvb2r4,This r/dbdgonewild/,This r/dbdgonewild/,27,27,4
efacxvv,I'm a [NAME] and tripping has only strengthened my faith. To each their own.,I'm a [NAME] and tripping has only strengthened my faith. To each their own.,27,27,4
ee9efqt,Why am I seeing this everywhere now? This wasn't in my vocabulary last week.,Why am I seeing this everywhere now? This wasn't in my vocabulary last week.,6,6,6
ed0fw6m,I honestly predict a riot on the scale of the 2011 ones if we undergo a no-deal brexit - possibly even worse. It's terrifying.,I honestly predict a riot on the scale of the 2011 ones if we undergo a no-deal brexit - possibly even worse. It's terrifying.,14,14,2
efgm2no,*Hey just noticed..* it's your **1st Cakeday** Spottedgriffin! ^(hug),*Hey just noticed..* it's your **1st Cakeday** Spottedgriffin! ^(hug),22,22,6
edoxyzg,Wow that's not OK,Wow that's not OK,10,10,0
edb2nwr,I'd like to add spontaneously experiencing unending self-loathing because you suddenly remembered that embarrassing thing you did 3 years ago.,I'd like to add spontaneously experiencing unending self-loathing because you suddenly remembered that embarrassing thing you did 3 years ago.,22,22,6
eezsv9j,i'm calling [NAME] noms with [NAME] [NAME],i'm calling [NAME] noms with [NAME] [NAME],27,27,4
edv80yp,"It won't be anything with ""Last"" in it, because TLJ. But it miiiiight be something with ""Final"" in it.","It won't be anything with ""Last"" in it, because TLJ. But it miiiiight be something with ""Final"" in it.",27,27,4
edlko45,That's where cap 2 sleeps. Leave it be,That's where cap 2 sleeps. Leave it be,27,27,4
efd3b7n,"No it doesn't. It's a lie. [NAME] is not far right. The US hasn't ""installed"" anyone","No it doesn't. It's a lie. [NAME] is not far right. The US hasn't ""installed"" anyone",27,27,4
eevwsc6,Why are you trying to do that? What’s going on?,Why are you trying to do that? What’s going on?,6,6,6
efbjmyf,I have tried to stay away from using the word “[RELIGION]” as much as possible to stay agreeable with the current styling guide of the church.,I have tried to stay away from using the word “[RELIGION]” as much as possible to stay agreeable with the current styling guide of the church.,27,27,4
eetycos,You better be!,You better be!,27,27,4
eep3kkz,What a combo of food,What a combo of food,0,0,3
edfs5k1,Oh man that hurt to watch,Oh man that hurt to watch,25,25,5
eepqqml,"You asked if I verified. You set the goal post, not me.","You asked if I verified. You set the goal post, not me.",27,27,4
efdmmbq,They don’t have that on iOS unfortunately 😭 but thank you for the suggestion!,They don’t have that on iOS unfortunately 😭 but thank you for the suggestion!,15,15,3
edx7irk,[NAME] throwing the ball to Spain,[NAME] throwing the ball to Spain,27,27,4
efdkt10,This must be what you get angry about when you don’t have any actual problems in your life.,This must be what you get angry about when you don’t have any actual problems in your life.,3,3,0
edkd7t9,Jealousy is unbecoming,Jealousy is unbecoming,3,3,0
edpmh95,good luck! I wish you the best <33,good luck! I wish you the best <33,20,20,3
efarfdz,I don’t know what I’m to say I’ll say it anyway,I don’t know what I’m to say I’ll say it anyway,6,6,6
eenjyah,I was just explaining why the whole vote with the wallet thing doesn't really apply.,I was just explaining why the whole vote with the wallet thing doesn't really apply.,27,27,4
eeq02d5,Nah the highest voted stories on nosleep these days are about sexual abuse or something along those lines,Nah the highest voted stories on nosleep these days are about sexual abuse or something along those lines,27,27,4
ed635m3,GAA' isn't a sport...,GAA' isn't a sport...,10,10,0
ee5m9k2,"Thanks man, I managed to feel better by letting loose with some music - definitely a *much* better way to pull out of a dive. ","Thanks man, I managed to feel better by letting loose with some music - definitely a *much* better way to pull out of a dive. ",15,15,3
eeyvlxh,Don’t forget Kylie 1.0 was in it !!,Don’t forget Kylie 1.0 was in it !!,27,27,4
edacf6f,Big ups. The small things make the difference.,Big ups. The small things make the difference.,27,27,4
eei92s2,I dont know.,I dont know.,6,6,6
edfqsv7,Who are these women messaging [NAME]? He looks like a very average-looking teenager.,Who are these women messaging [NAME]? He looks like a very average-looking teenager.,7,7,6
ef1h4if,mystery solved.,mystery solved.,17,17,3
ef0y67l,Its very popular in the not comic book demographics.,Its very popular in the not comic book demographics.,27,27,4
eeswa6m,"Yea, husband learned his lesson quite quick. Thank you! :)","Yea, husband learned his lesson quite quick. Thank you! :)",15,15,3
ef2nx5q,They must have seen you.,They must have seen you.,27,27,4
eea97o5,Let's kill and eat them all. That'll stop those damned animals from deforesting my forests,Let's kill and eat them all. That'll stop those damned animals from deforesting my forests,2,2,0
ee2bd7a,"It was a terrible, terrible thing to do. He did every day of his time for it, has expressed regret, and has not repeated it.","It was a terrible, terrible thing to do. He did every day of his time for it, has expressed regret, and has not repeated it.",14,14,2
eepcvze,Real nice guys are just kind people.,Real nice guys are just kind people.,0,0,3
ed86cjz,Pretty much every Punjabi dude I've met.,Pretty much every Punjabi dude I've met.,4,4,3
effjbe8,Now you're appropriating the Bullingdon Club's culture.,Now you're appropriating the Bullingdon Club's culture.,27,27,4
edoglhv,No response after a week? That's something to worry about.,No response after a week? That's something to worry about.,19,19,2
edf17ah,Thats exactly what a J-word would say,Thats exactly what a J-word would say,27,27,4
ed79tsw,Well if we just started in the second quarter in both games...we would have come out ahead!,Well if we just started in the second quarter in both games...we would have come out ahead!,22,22,6
eesioex,I'm sorry it happened like that for you. I really can't imagine.,I'm sorry it happened like that for you. I really can't imagine.,25,25,5
ediagf8,"Op you're fine, anyone who's actually been in your situation would have reacted the same. This commentor is just trying to make you feel bad. ","Op you're fine, anyone who's actually been in your situation would have reacted the same. This commentor is just trying to make you feel bad. ",5,5,3
edqql86,"It's simple, I asked, and she lied.","It's simple, I asked, and she lied.",27,27,4
ee8gc3a,I am really excited for you! We texted a few weeks before we met too! The first hugs and kisses were the best!,I am really excited for you! We texted a few weeks before we met too! The first hugs and kisses were the best!,13,13,3
edrdd0n,Your harshest critic will always be yourself,Your harshest critic will always be yourself,27,27,4
eehvsaq,"That's a lot of words to say ""I'm upset that women don't want to date me.""","That's a lot of words to say ""I'm upset that women don't want to date me.""",9,9,5
edvq520,these are quite normal thoughts for depressed people,these are quite normal thoughts for depressed people,27,27,4
efet0j4,Yeah cause no man has ever been falsely imprisoned due to allegations proven later to be false,Yeah cause no man has ever been falsely imprisoned due to allegations proven later to be false,2,2,0
edg6oq8,We give them too much money.,We give them too much money.,27,27,4
edglwtq,"There's so many! Auntie [NAME] and Dame [NAME] are two of the best. But personally, the bass player from Spiderbait, [NAME].","There's so many! Auntie [NAME] and Dame [NAME] are two of the best. But personally, the bass player from Spiderbait, [NAME].",27,27,4
ee1k7h4,"OMG, my two favorite franchises and the two best girls!!","OMG, my two favorite franchises and the two best girls!!","0,13",0,3
ed1wud5,Damn video made me think there was audio!!,Damn video made me think there was audio!!,9,9,5
eeskm07,You've described my parents who have been happily married for 36 years. You are good dude.,You've described my parents who have been happily married for 36 years. You are good dude.,"0,17",0,3
eddebe3,Upvoted for visibility. Disapprove of the poll results.,Upvoted for visibility. Disapprove of the poll results.,10,10,0
ef4mur4,Don't wear out our [NAME]. We need him if this season is going to amount to anything.,Don't wear out our [NAME]. We need him if this season is going to amount to anything.,20,20,3
eegst1x,Where can I get some? These are awesome!,Where can I get some? These are awesome!,7,7,6
eeq8839,If you’ll check my medical records you’ll see I have a crippling arthritis in me index fingers,If you’ll check my medical records you’ll see I have a crippling arthritis in me index fingers,27,27,4
edlhe3h,[NAME]: [NAME] is your nephew [NAME]: is this about your dad and bro?,[NAME]: [NAME] is your nephew [NAME]: is this about your dad and bro?,27,27,4
ee5cjog,I can't understand why Pepsi and Coke are the two most popular sodas. Or why fans think they're so different.,I can't understand why Pepsi and Coke are the two most popular sodas. Or why fans think they're so different.,"6,22",6,6
ef808x4,"I think we should conduct a study and find out, otherwise I don’t know and you don’t either","I think we should conduct a study and find out, otherwise I don’t know and you don’t either",6,6,6
eeii5r5,"Yeah, I'll admit I like Kuzma. [NAME] does kind of remind me of a less talented [NAME].","Yeah, I'll admit I like Kuzma. [NAME] does kind of remind me of a less talented [NAME].",0,0,3
ef9iwjs,"There's a correlation between how corrupt a country is and how corrupt it is perceived. edit: DOI:10.1023/A:1013882225402, If you can't acces, scihub still exist.","There's a correlation between how corrupt a country is and how corrupt it is perceived. edit: DOI:10.1023/A:1013882225402, If you can't acces, scihub still exist.",27,27,4
ee21vqz,"What a loser, sad. ","What a loser, sad. ",25,25,5
eepzk7r,I saw a slightly longer clip where a woman came and shooed them off.,I saw a slightly longer clip where a woman came and shooed them off.,27,27,4
eda3opb,He couldn't block a shot if it was from my dead grandma,He couldn't block a shot if it was from my dead grandma,27,27,4
ef5nlo9,I'm afraid of having a sit down with them amd not being heard. But I might have to for my safety.,I'm afraid of having a sit down with them amd not being heard. But I might have to for my safety.,14,14,2
edndst3,"Why can’t we do both, approve wall funding and more border agents now and stop holding 800k federal workers hostage. ","Why can’t we do both, approve wall funding and more border agents now and stop holding 800k federal workers hostage. ",27,27,4
ed7sl19,ASK AND YOU SHALL RECEIVE,ASK AND YOU SHALL RECEIVE,27,27,4
ef6ocrw,"I crave physical contact. I get irritable if I go too long without it, which conflicts with the fact that I also enjoy being alone.","I crave physical contact. I get irritable if I go too long without it, which conflicts with the fact that I also enjoy being alone.",6,6,6
ee6t7tp,From that angle his face looks like the big built guy from jersey shore.,From that angle his face looks like the big built guy from jersey shore.,27,27,4
ed3mzz1,"Welcome to switzerland 😂 I see it everyday, when I'm on my way to work. ","Welcome to switzerland 😂 I see it everyday, when I'm on my way to work. ",4,4,3
edc6je2,"I love bein' inside u, baby","I love bein' inside u, baby",18,18,3
efclliu,"Wow, who can afford this one? ","Wow, who can afford this one? ","7,26",7,6
ed3w5vf,More admired than [NAME] [NAME] is admired by starbucks baristas. Unemployed kids. And cat ladies,More admired than [NAME] [NAME] is admired by starbucks baristas. Unemployed kids. And cat ladies,0,0,3
edujmcx,"Too bad he went back home to Nepal, it's always great seeing these young spinners getting a go in the BBL.","Too bad he went back home to Nepal, it's always great seeing these young spinners getting a go in the BBL.",25,25,5
edjd969,"I do feel sorry for the squirrel, but I wouldn't say the dog is a jerk for acting on natural instinct.","I do feel sorry for the squirrel, but I wouldn't say the dog is a jerk for acting on natural instinct.",24,24,5
ee66c9z,If we can’t even score on the power play pulling the goalie made no sense,If we can’t even score on the power play pulling the goalie made no sense,10,10,0
eduuwq7,You are goddam funny sir,You are goddam funny sir,1,1,3
ede4o2v,"would you kiss a girl if you're drunk tho? Edit : why the downvotes? It's just a question, geez","would you kiss a girl if you're drunk tho? Edit : why the downvotes? It's just a question, geez",3,3,0
edscfnz,Just mild burns and witty comebacks...,Just mild burns and witty comebacks...,27,27,4
een1zzu,"The 10 game rule for expansion also includes AHL games, so regardless of his stint up here he was going to be made available in the Seattle draft","The 10 game rule for expansion also includes AHL games, so regardless of his stint up here he was going to be made available in the Seattle draft",27,27,4
eeq34je,I think some of them expect there to be a cashier standing like a statue at every register at all times no matter how slow business is!,I think some of them expect there to be a cashier standing like a statue at every register at all times no matter how slow business is!,27,27,4
edofshk,"And those offences are not Criminal Code offences. Criminal Code offences require it be established ""beyond a reasonable doubt"" that an accused actually committed the offence.","And those offences are not Criminal Code offences. Criminal Code offences require it be established ""beyond a reasonable doubt"" that an accused actually committed the offence.",27,27,4
ee0r0l7,"Wow, I don't know how [NAME] handled that","Wow, I don't know how [NAME] handled that",26,26,6
eew1fwh,She said she was ok moving out ... now she isn’t. I have no idea.,She said she was ok moving out ... now she isn’t. I have no idea.,6,6,6
edmgmgz,LPT: Make sure your chickens aren't pink anywhere by just chucking them in a 1000° oven,LPT: Make sure your chickens aren't pink anywhere by just chucking them in a 1000° oven,4,4,3
ed4vau2,There was definitely 90s-drama-film-esque piano music playing when this unfolded.,There was definitely 90s-drama-film-esque piano music playing when this unfolded.,27,27,4
edfn4nd,"I woulda ""sneezed"" with my drink in my hand and launched it right behind me","I woulda ""sneezed"" with my drink in my hand and launched it right behind me",27,27,4
ee9su7o,BASED AND REDPILLED,BASED AND REDPILLED,2,2,0
ed5r0i1,What about from the POTUS?,What about from the POTUS?,7,7,6
ed5c6mj,my parents did this for 8 years. apparently it’s a lot of fun,my parents did this for 8 years. apparently it’s a lot of fun,"1,17",1,3
eetxlxy,*sigh* just take it ⬆️,*sigh* just take it ⬆️,4,4,3
ed8ooc0,"This is true, but For THIS situation, it's time to take notes on the situation and do better on the next one. She deserves better.","This is true, but For THIS situation, it's time to take notes on the situation and do better on the next one. She deserves better.",5,5,3
edcqwfw,[NAME] is a damn fool. No wonder his ex-wife is his boss and his babysitter.,[NAME] is a damn fool. No wonder his ex-wife is his boss and his babysitter.,27,27,4
eeuo7nr,This question was on here like 2 days ago with 95/5,This question was on here like 2 days ago with 95/5,27,27,4
ef5i22p,"Yes. We actually just talked about it too. Dont know if he took me seriously, but am trying. ","Yes. We actually just talked about it too. Dont know if he took me seriously, but am trying. ",4,4,3
ef2xxq9,Sitting at home drunk waiting for my tech to charge so I can sit out back and listen to music lol,Sitting at home drunk waiting for my tech to charge so I can sit out back and listen to music lol,1,1,3
edbiw5b,We just let a guy go last month - voluntary resignation. He was a great worker but didn't want to train others.,We just let a guy go last month - voluntary resignation. He was a great worker but didn't want to train others.,0,0,3
ee7j2ux,Now *I’M* angry,Now *I’M* angry,2,2,0
eeqkifk,That’s her way of saying you aren’t getting the job,That’s her way of saying you aren’t getting the job,27,27,4
efe367n,Why did we have [NAME] that one year shoot against Draymond. I dunno because its entertainment and story lines.,Why did we have [NAME] that one year shoot against Draymond. I dunno because its entertainment and story lines.,6,6,6
ee2r9s6,I'm trying to get you laid. Maybe then you'd stop acting like the giant douchebag you are.,I'm trying to get you laid. Maybe then you'd stop acting like the giant douchebag you are.,27,27,4
edirstx,"Shhhhhhh ... It will be ok, honey.","Shhhhhhh ... It will be ok, honey.","4,5,18",4,3
eerv0m6,"I never thought about that. Good point. Cursed and wilted rose, unlike [NAME] rose emblem.","I never thought about that. Good point. Cursed and wilted rose, unlike [NAME] rose emblem.",27,27,4
eeqmrl2,I thought you were suggesting a bigger knife for a second.,I thought you were suggesting a bigger knife for a second.,27,27,4
edpq32y,It's not an conscious choice to be uncomfortable about something.,It's not an conscious choice to be uncomfortable about something.,27,27,4
ed4cpjo,"[NAME] shot has been quite frankly terrible tonight, wayy too strong on most of his looks","[NAME] shot has been quite frankly terrible tonight, wayy too strong on most of his looks",14,14,2
eeo1u45,They had [NAME] on MSNBC and he said the same thing. This is the next phase in operation freakout.,They had [NAME] on MSNBC and he said the same thing. This is the next phase in operation freakout.,27,27,4
ee0kauc,smell that? desperation. You can smell it.,smell that? desperation. You can smell it.,27,27,4
eeist6u,"""12 inch""","""12 inch""",27,27,4
edohpus,So they're just not going to change it like they did in the Louisville game? That's cool..,So they're just not going to change it like they did in the Louisville game? That's cool..,27,27,4
eefx8tg,Wow. This is messed up.,Wow. This is messed up.,26,26,6
edoabf6,"Beautiful place, been there in September!","Beautiful place, been there in September!",0,0,3
eee00pm,"That's awesome. For the record, I do get anxious over very non intrusive questions, I really have a tenancy to read too much into things. ","That's awesome. For the record, I do get anxious over very non intrusive questions, I really have a tenancy to read too much into things. ",0,0,3
ed9ir21,Sounds really boring so I hope you like it,Sounds really boring so I hope you like it,18,18,3
ef3wzqr,"Oh nice, gonna add that to the list. Thanks!","Oh nice, gonna add that to the list. Thanks!","0,15",0,3
effb3xa,I'd very much doubt many people believe there was no awareness or complicity.,I'd very much doubt many people believe there was no awareness or complicity.,6,6,6
edfr7aa,Whoever told you that is lying.,Whoever told you that is lying.,27,27,4
eepmgiy,It's pretty warm in Australia during this time of year.,It's pretty warm in Australia during this time of year.,27,27,4
ee2gxgu,Before things like that can happen we need to first atleast make it stable and usable for the people that actually do pay,Before things like that can happen we need to first atleast make it stable and usable for the people that actually do pay,27,27,4
ed3jjhr,"Yes, that is exactly what happened.","Yes, that is exactly what happened.",4,4,3
ed5cd6d,Please make a separate post that includes these territorial changes and not one for each village. Thank you for your efforts.,Please make a separate post that includes these territorial changes and not one for each village. Thank you for your efforts.,15,15,3
eekiyhy,He must've done something real bad. I played with a guy who by all counts was an asshole but never received more than mutes.,He must've done something real bad. I played with a guy who by all counts was an asshole but never received more than mutes.,12,12,5
eeptzv7,"I think it's time to let him go, for your life's sake!","I think it's time to let him go, for your life's sake!",27,27,4
efc444r,Problem is fornite kids are playing fortnite.,Problem is fornite kids are playing fortnite.,27,27,4
eefxuef,"Crippling? How so? It’s with Fox Sports right? I figured they probably had a good deal with them, but maybe not.","Crippling? How so? It’s with Fox Sports right? I figured they probably had a good deal with them, but maybe not.",27,27,4
efd04b2,And still our government is not responsible enough to pay its bills. It's rather pathetic.,And still our government is not responsible enough to pay its bills. It's rather pathetic.,"9,25",9,5
efgnqoi,Thank you 😊,Thank you 😊,15,15,3
ee6cvki,This made [NAME] [NAME] verrrrrrry famous this year. She was always famous but this year her sounds and food descriptions won her the top award!,This made [NAME] [NAME] verrrrrrry famous this year. She was always famous but this year her sounds and food descriptions won her the top award!,27,27,4
ed0ujqh,It really do be like that sometimes,It really do be like that sometimes,27,27,4
eeadguz,Respect my authoritah! Demanding respect sounds like a guarantee of not getting it.,Respect my authoritah! Demanding respect sounds like a guarantee of not getting it.,0,0,3
ee0rvn8,IM GOING TO GO BACK TO INDONESIA UNLESS YOU STOP PAYING CHILD SUPPORT YOU SHOULD BE SUPPORTING ALESS AND [NAME],IM GOING TO GO BACK TO INDONESIA UNLESS YOU STOP PAYING CHILD SUPPORT YOU SHOULD BE SUPPORTING ALESS AND [NAME],3,3,0
ef86xt1,I'd be down with the big baller himself.,I'd be down with the big baller himself.,27,27,4
eey3wm1,A waste of money to you is not a waste of money for everyone.,A waste of money to you is not a waste of money for everyone.,3,3,0
eeqw4lv,I just unassigned and left,I just unassigned and left,10,10,0
eff8m54,What is a punishment if not an undesirable consequence imposed by others?,What is a punishment if not an undesirable consequence imposed by others?,27,27,4
edhd1sj,"It's a shortcut, dude, he just knows the map!","It's a shortcut, dude, he just knows the map!","4,20",4,3
ee8hqqr,nice to see that more special needs are out in the work force. go get em pal.,nice to see that more special needs are out in the work force. go get em pal.,0,0,3
eeforq2,on the rim,on the rim,27,27,4
ed67bvy,"Boy what an accomplishment, so proud!","Boy what an accomplishment, so proud!",21,21,3
ef7e03t,Now you have to make up all these downvotes with some low-hanging-fruit criticism comment of [NAME] or [NAME]. Good luck and cheers!,Now you have to make up all these downvotes with some low-hanging-fruit criticism comment of [NAME] or [NAME]. Good luck and cheers!,20,20,3
edq6lly,Please give us updates. Oh wow.,Please give us updates. Oh wow.,13,13,3
ed8ll4b,That isn't normal or healthy. Stop obliging her obsession.,That isn't normal or healthy. Stop obliging her obsession.,10,10,0
edsafjm,I once went alert on N1 and killed 3 people.. 2 maf and a doc. Doc got resurrected later thankfully,I once went alert on N1 and killed 3 people.. 2 maf and a doc. Doc got resurrected later thankfully,15,15,3
ed1oyod,I’m not sure are we now taking the word of the FBI and Navy as legitimate sources or what’s happening here lol?,I’m not sure are we now taking the word of the FBI and Navy as legitimate sources or what’s happening here lol?,1,1,3
eebhsak,They are awesome!,They are awesome!,0,0,3
efbogyx,Oh 100%. And I could see [NAME] & [NAME] both picking [NAME] cause of how she wanted to play the game.,Oh 100%. And I could see [NAME] & [NAME] both picking [NAME] cause of how she wanted to play the game.,4,4,3
ee5t2eo,"The reaction is incredible. I’m quite certain it’s satire as well, but its impact is depressing as hell. ","The reaction is incredible. I’m quite certain it’s satire as well, but its impact is depressing as hell. ","9,25",9,5
ee2qylq,Doesn't mean we can't improve on what we have,Doesn't mean we can't improve on what we have,10,10,0
eezoyq2,Interesting. I wonder how does this work. Does it do swaps itself? Does it utilize the currency exchange listings? I'll check it out later.,Interesting. I wonder how does this work. Does it do swaps itself? Does it utilize the currency exchange listings? I'll check it out later.,13,13,3
ee9xzhp,It's a seemingly a pretty heavy duty trailer but definitely putting some stress on bearing assembly slamming a log into it sideways like that.,It's a seemingly a pretty heavy duty trailer but definitely putting some stress on bearing assembly slamming a log into it sideways like that.,27,27,4
efdlk3r,Lol the actual state of this Nothing wrong with pointing out [NAME] was a cunt snowflake Suppose it makes a change from your usual woman hating posts,Lol the actual state of this Nothing wrong with pointing out [NAME] was a cunt snowflake Suppose it makes a change from your usual woman hating posts,1,1,3
eeeekvh,The lack of stick skills [NAME] lacks is actually astounding.,The lack of stick skills [NAME] lacks is actually astounding.,26,26,6
eell134,I'm sad can someone make me feel better Feel like shit rn just want [NAME] back,I'm sad can someone make me feel better Feel like shit rn just want [NAME] back,25,25,5
efgqeif,"Excess of 300 partners and not using protection is unappealing to me, I dont want catch anything ","Excess of 300 partners and not using protection is unappealing to me, I dont want catch anything ",10,10,0
ef0xxj2,Seen this result coming. Best result for us and rangers unfortunately.,Seen this result coming. Best result for us and rangers unfortunately.,"0,4",0,3
ee6xhfz,What do you mean by delicate flowers?,What do you mean by delicate flowers?,"6,7",6,6
eepw7em,"But we did get an awesome transit line from downtown to the airport, plus most of the Olympic facilities existed before the games.","But we did get an awesome transit line from downtown to the airport, plus most of the Olympic facilities existed before the games.",0,0,3
ed50r7g,What are the Four Agreements?,What are the Four Agreements?,27,27,4
ef7ha7l,Which one?,Which one?,27,27,4
ef1hli8,"*Not wearing makeup the next day* ""Are you okay? You look sick.""","*Not wearing makeup the next day* ""Are you okay? You look sick.""",27,27,4
ed2g211,Oh my [NAME] why did I look,Oh my [NAME] why did I look,27,27,4
eed8cg1,"Yeah, I mean it's not like anyone else has ever shut down the Government.","Yeah, I mean it's not like anyone else has ever shut down the Government.",27,27,4
edgw4p9,They are taking advantage of the fact that you found this thread and realized you have to do is one more day until you get it.,They are taking advantage of the fact that you found this thread and realized you have to do is one more day until you get it.,22,22,6
ed2f978,Only for a week? You are a great optimist!,Only for a week? You are a great optimist!,7,7,6
eetc1j1,What a block by [NAME],What a block by [NAME],27,27,4
edv5i27,"It won't, it will stop the ones who cross the border. Not a very hard concept. ","It won't, it will stop the ones who cross the border. Not a very hard concept. ",4,4,3
edo0zkl,Yikes. I was kind of excited to get a new [NAME] if he gets last man in but I'll pass on these butt ugly jerseys.,Yikes. I was kind of excited to get a new [NAME] if he gets last man in but I'll pass on these butt ugly jerseys.,13,13,3
ef8kj0b,I love this wow,I love this wow,18,18,3
eem52g7,This could have been done in two panels and that’s honestly what annoys me the most about this,This could have been done in two panels and that’s honestly what annoys me the most about this,3,3,0
edv67uw,"One of my coworkers made the wait list. Great guy, but yeah, it is a rich getting richer situation.","One of my coworkers made the wait list. Great guy, but yeah, it is a rich getting richer situation.",0,0,3
eeqd3fs,"Okay, I'll try to find one. Sorry about that.","Okay, I'll try to find one. Sorry about that.",24,24,5
ed9wqeb,I destroyed about 1/2 of them because black snakes are actually a good thing to have around. I just didn't want too many of them.,I destroyed about 1/2 of them because black snakes are actually a good thing to have around. I just didn't want too many of them.,4,4,3
edk4ufg,You don’t have to hate players just for being on a different team. I hate that [NAME] is an [NAME]. I don’t hate [NAME],You don’t have to hate players just for being on a different team. I hate that [NAME] is an [NAME]. I don’t hate [NAME],10,10,0
ee87hk8,"Go with her, eat healthy food with her too. It may help","Go with her, eat healthy food with her too. It may help","4,5",4,3
efh6qsl,we go!,we go!,27,27,4
ef0ihbl,"Oh, my [NAME] ","Oh, my [NAME] ",26,26,6
ef7lggm,Dude got owned by a glass of cider. He spent a full month roiling and gnashing his teeth in an existential nightmare because of sulphites.,Dude got owned by a glass of cider. He spent a full month roiling and gnashing his teeth in an existential nightmare because of sulphites.,27,27,4
eeibo6i,[NAME] just wants to post pics of her facetuned of herself for attention while acting morally superior to those other girls. fuck off,[NAME] just wants to post pics of her facetuned of herself for attention while acting morally superior to those other girls. fuck off,2,2,0
edej9qa,He’s also got a girlfriend that he really seems to care about....,He’s also got a girlfriend that he really seems to care about....,5,5,3
ed3598m,Maybe they are jealous that you found happiness.,Maybe they are jealous that you found happiness.,27,27,4
efgz3es,I'm glad you made a Reddit account to inform us how much you totes don't care bro,I'm glad you made a Reddit account to inform us how much you totes don't care bro,17,17,3
efgkaee,On to the next one!,On to the next one!,27,27,4
edbye2t,I’m kind of scared to talk to my manager about it,I’m kind of scared to talk to my manager about it,14,14,2
ednjilf,"They'll investigate themselves and nothing will happen. Detroit police bully everyone. An they wonder why no one likes them, Respects them, Or why people run from them. ","They'll investigate themselves and nothing will happen. Detroit police bully everyone. An they wonder why no one likes them, Respects them, Or why people run from them. ",3,3,0
eeptfaa,This is an old carnie trick. There are sites that have debunked this guy.,This is an old carnie trick. There are sites that have debunked this guy.,27,27,4
ee96i70,The best losers of grand finals cod has ever seen,The best losers of grand finals cod has ever seen,0,0,3
efh6oic,Everytime I get to hug someone.,Everytime I get to hug someone.,17,17,3
eeta1qa,"Oh, grilled nuggets. Haven't really seen those at fast food places so I thought they were just the regular nuggets","Oh, grilled nuggets. Haven't really seen those at fast food places so I thought they were just the regular nuggets",26,26,6
eecox9a,"This is amazing, man. Kick some ass, make good food, get paid. Congratulations","This is amazing, man. Kick some ass, make good food, get paid. Congratulations","0,15",0,3
eew9ubu,What are you talking about?,What are you talking about?,27,27,4
efdxbeo,"I saw that fan art once, where [NAME] is drawn as [NAME], and its funny cause they're both my favorite characters in Persona and Jojo","I saw that fan art once, where [NAME] is drawn as [NAME], and its funny cause they're both my favorite characters in Persona and Jojo",18,18,3
ef4gzmc,Congrats!!! Thatll be me in May and I cant freaking wait!,Congrats!!! Thatll be me in May and I cant freaking wait!,15,15,3
efcz1ee,"It was a painful cringe, too. Are we masochists?","It was a painful cringe, too. Are we masochists?",25,25,5
ef76wjr,"And they won‘t until it hits them - or not even then, somehow blaming it on others too.","And they won‘t until it hits them - or not even then, somehow blaming it on others too.",27,27,4
ed3i4gx,Oof this hits home,Oof this hits home,0,0,3
edka5nb,still would be great. especially if we get [NAME] from denver aswell in FA,still would be great. especially if we get [NAME] from denver aswell in FA,27,27,4
eebxspf,I’m sorry. Can you please explain what are the 2 accounts of the order of creation are contradictory?,I’m sorry. Can you please explain what are the 2 accounts of the order of creation are contradictory?,7,7,6
edyifnw,Itll happen. Im 36 and i think i finally found the one last year 🤞,Itll happen. Im 36 and i think i finally found the one last year 🤞,4,4,3
edmqf2v,"Your smartly worded refutation of the whole of the rest of Christendom has swayed me completely, Rome is the only true home! Hurrah! Hurrah!","Your smartly worded refutation of the whole of the rest of Christendom has swayed me completely, Rome is the only true home! Hurrah! Hurrah!",13,13,3
edw2r5i,I believe he means he was a very pretty child to become otherwise after puberty...,I believe he means he was a very pretty child to become otherwise after puberty...,0,0,3
eeb915h,This is a bit of a political post but I just felt like venting.,This is a bit of a political post but I just felt like venting.,27,27,4
ef0e4ep,"They cant see me, bc I cant see them!","They cant see me, bc I cant see them!",27,27,4
ed37qi0,He’a establishment trash. I despise [NAME].,He’a establishment trash. I despise [NAME].,27,27,4
edjeqnb,Them boys smelling even more blood in the water. Rack them fuckin points up boys!,Them boys smelling even more blood in the water. Rack them fuckin points up boys!,2,2,0
ed0j5h0,Let's hope January treats us a little better than December.,Let's hope January treats us a little better than December.,20,20,3
ed44yea,"For [NAME] sake, they used OFFICIAL ones , my god. Fucking animals.","For [NAME] sake, they used OFFICIAL ones , my god. Fucking animals.",2,2,0
edd3ryz,Rule 2 of firearms: Never point the muzzle at something unless you’re ready to poke tiny holes in it.,Rule 2 of firearms: Never point the muzzle at something unless you’re ready to poke tiny holes in it.,"5,20",5,3
eecednp,"Thank you so much kind sir, now im excited to start reading the LN!","Thank you so much kind sir, now im excited to start reading the LN!",15,15,3
eel9csq,"2 Minute [NAME] is the scariest [NAME]. I fear they have yet again, like the regular season game, scored too soon.","2 Minute [NAME] is the scariest [NAME]. I fear they have yet again, like the regular season game, scored too soon.",14,14,2
ef9gur2,"Thank you so much, this is beautiful","Thank you so much, this is beautiful","0,15",0,3
eddrd42,Thanks! I'm now quite excited. Unless of course they all decide to skip straight from Chatswood to Gordon.,Thanks! I'm now quite excited. Unless of course they all decide to skip straight from Chatswood to Gordon.,"13,15",13,3
edsgre5,"Hope you're not [RELIGION], 'cause that ain't kosher... ","Hope you're not [RELIGION], 'cause that ain't kosher... ",20,20,3
ef462vc,"You really don't comprehend anything my man, now do you? Goodness gracious the amount of stupidity. ","You really don't comprehend anything my man, now do you? Goodness gracious the amount of stupidity. ",2,2,0
eej9coh,But hes still in love with me just not as much as he used to be... and he calls me.,But hes still in love with me just not as much as he used to be... and he calls me.,18,18,3
efdyv5p,Thought it was StuPOTity when I first heard it....,Thought it was StuPOTity when I first heard it....,27,27,4
edcna4c,It's over! Move on and find a better partner.,It's over! Move on and find a better partner.,5,5,3
efah9rb,Lol i got bottled by one of them in a brawl with a bunch of the nazis,Lol i got bottled by one of them in a brawl with a bunch of the nazis,1,1,3
edoqnr3,That shit sent me on a fucking journey to read.,That shit sent me on a fucking journey to read.,2,2,0
eedae9y,Your comments have been removed. This is a community for support. Repeat violation will result in a ban. Thank you for understanding.,Your comments have been removed. This is a community for support. Repeat violation will result in a ban. Thank you for understanding.,27,27,4
eeilj89,There are quite a few hideous high rises in dallas. But also some beautiful and iconic ones.,There are quite a few hideous high rises in dallas. But also some beautiful and iconic ones.,27,27,4
ed8uwtz,17.5 i pm what i got at 18,17.5 i pm what i got at 18,27,27,4
eevwe7c,Sounds weird but dont swallow,Sounds weird but dont swallow,26,26,6
ef675xt,It's absolutely beautiful,It's absolutely beautiful,0,0,3
eefugwr,That is even worse. No tax from them and we provide them with services.,That is even worse. No tax from them and we provide them with services.,11,11,1
edd9h8m,Come on really. I’m for gay rights.,Come on really. I’m for gay rights.,4,4,3
eewevfh,[NAME] should have come back. I'm surprised you could get any worse than the s10 one but shit i was wrong.,[NAME] should have come back. I'm surprised you could get any worse than the s10 one but shit i was wrong.,26,26,6
edr4zvg,Hahaha for real..,Hahaha for real..,1,1,3
eeuoejg,"It's so weird having HGs up this early, but I love having something to watch before my 8am lecture starts.","It's so weird having HGs up this early, but I love having something to watch before my 8am lecture starts.",3,3,0
ef1ikb7,"I'm a woman, 50-adjacent, and a descendant of slaves. I like hot sauce but I hate [NAME].","I'm a woman, 50-adjacent, and a descendant of slaves. I like hot sauce but I hate [NAME].",18,18,3
eem2x8o,You're naive if you think they won't balance it out somehow in the future.,You're naive if you think they won't balance it out somehow in the future.,27,27,4
ed0sblx,"Correct, you eat to survive, but you you eat animals for pleasure.","Correct, you eat to survive, but you you eat animals for pleasure.",27,27,4
eezjo56,I gave him a hug and told him how glad I was that he was okay after the police assault. He’s amazing!,I gave him a hug and told him how glad I was that he was okay after the police assault. He’s amazing!,"0,5",0,3
edz2aql,"Of course these are all conspiracy theory shitposts BUT just because he got squeezed out, doesn’t mean they want him playing for a rival team.","Of course these are all conspiracy theory shitposts BUT just because he got squeezed out, doesn’t mean they want him playing for a rival team.",3,3,0
edam8ul,You're a hottie!,You're a hottie!,0,0,3
eetfvex,"That's the impression I've always had, but man the owner gets snippy if you disagree on your review!","That's the impression I've always had, but man the owner gets snippy if you disagree on your review!",27,27,4
edckr48,"I appreciate [NAME] diving for that, but because he did, it lead to wide open Korver transition 3. About as automatic as it gets","I appreciate [NAME] diving for that, but because he did, it lead to wide open Korver transition 3. About as automatic as it gets",27,27,4
eegt26p,wait they actually lost lmao. i stopped watching halfway cuz i thought SPY had it in the bag ^^^^andigotmywatchrewards,wait they actually lost lmao. i stopped watching halfway cuz i thought SPY had it in the bag ^^^^andigotmywatchrewards,1,1,3
ef38sd2,The best ever you are the [NAME]!!,The best ever you are the [NAME]!!,27,27,4
eerjou4,Never let facts get in the way of a good story.,Never let facts get in the way of a good story.,27,27,4
ef54otk,feeling like im not normal and that im shameful and wrong and other people telling me those things are what have done this to me,feeling like im not normal and that im shameful and wrong and other people telling me those things are what have done this to me,12,12,5
eeoiqz1,I spent a good portion of my childhood in Arizona and Colorado. I love the rain and greenery here in Oregon,I spent a good portion of my childhood in Arizona and Colorado. I love the rain and greenery here in Oregon,18,18,3
eedlycq,"Hip hop has fallen down so far music in general, since the 90's. ","Hip hop has fallen down so far music in general, since the 90's. ",9,9,5
edfth7l,why is this hard to believe it’s totally believable,why is this hard to believe it’s totally believable,6,6,6
edqcq7f,If only they were more like [RELIGION] amirite?,If only they were more like [RELIGION] amirite?,27,27,4
eevff00,Probably when they fired their cartoonist a few months ago for having the wrong opinions.,Probably when they fired their cartoonist a few months ago for having the wrong opinions.,10,10,0
edhip1m,Really not sure how that’s your takeaway.,Really not sure how that’s your takeaway.,10,10,0
ee4ljrv,This is where [NAME] loan becomes a bad idea. I know he wouldn't start but now there's no backup RB.,This is where [NAME] loan becomes a bad idea. I know he wouldn't start but now there's no backup RB.,27,27,4
eet51lu,"So it's we now eh jerk-off, as in troll farm to creat FUD and drive the premium up on the order book. I knew it.","So it's we now eh jerk-off, as in troll farm to creat FUD and drive the premium up on the order book. I knew it.",27,27,4
eenojku,What type would you classify House from House M. D.? (T. V. SHOW BUT OK,What type would you classify House from House M. D.? (T. V. SHOW BUT OK,27,27,4
eczscqr,Hysterical!!!!,Hysterical!!!!,27,27,4
eeukd29,He's not my type but [NAME] is handsome AF. /s,He's not my type but [NAME] is handsome AF. /s,0,0,3
edcy1jd,If they want to attack [RELIGION] they should be honest with the website title Imagine a [RELIGION] creating a website and calling it WikiChristianity and constantly attack [RELIGION].,If they want to attack [RELIGION] they should be honest with the website title Imagine a [RELIGION] creating a website and calling it WikiChristianity and constantly attack [RELIGION].,3,3,0
efeu754,Interesting isnt it?,Interesting isnt it?,7,7,6
edj6bdj,This is clearly the world's most dangerous gang,This is clearly the world's most dangerous gang,14,14,2
ed4h3m7,[NAME] SHOT THE PUCK *AND* WE SCORE Who woulda thunk,[NAME] SHOT THE PUCK *AND* WE SCORE Who woulda thunk,4,4,3
edm5c3g,"I used to know a guy back in HS, and college. Every male in his family had been struck by lightning, except him.","I used to know a guy back in HS, and college. Every male in his family had been struck by lightning, except him.",27,27,4
ee1pi55,Looks like these guys were sold Brexit lies,Looks like these guys were sold Brexit lies,27,27,4
eeoz1nm,"Nothing special, just love a good knife fight. Bonus Revive.","Nothing special, just love a good knife fight. Bonus Revive.",18,18,3
eezx4t7,"Parliamentary systems don't have the same separation of powers anyway. But it's the executive of Bavaria, not the federal executive telling them how to vote.","Parliamentary systems don't have the same separation of powers anyway. But it's the executive of Bavaria, not the federal executive telling them how to vote.",27,27,4
eeidol8,I'm afraid I'll pick something else.,I'm afraid I'll pick something else.,14,14,2
eek8t9y,You got any more of that weed?,You got any more of that weed?,7,7,6
ef80u3k,A fork and spoon could be a fapoon?,A fork and spoon could be a fapoon?,7,7,6
edouwrs,More Nice Guy IMO.,More Nice Guy IMO.,0,0,3
ed29p28,I DON'T KNOW WHAT TO DO WITH MY HANDS,I DON'T KNOW WHAT TO DO WITH MY HANDS,6,6,6
eelk2pi,Super righteous.,Super righteous.,0,0,3
eezw2fl,"Not gonna lie, kinda looks like a unicorn sneezed on waffles","Not gonna lie, kinda looks like a unicorn sneezed on waffles",27,27,4
eewbzlx,"Lol. Unfortunately, yes. >sigh<","Lol. Unfortunately, yes. >sigh<",1,1,3
eda25gz,"Depends. Are your ""toys"" dildos and butt plugs? Or needles and strangers? ","Depends. Are your ""toys"" dildos and butt plugs? Or needles and strangers? ",7,7,6
efb50zf,"I have basically that print on a t-shirt, it's definitely coming out of the closet more often as soon as the campaign is official.","I have basically that print on a t-shirt, it's definitely coming out of the closet more often as soon as the campaign is official.",13,13,3
efbcxjd,"I’m here, I’m here! Thank you all!","I’m here, I’m here! Thank you all!",15,15,3
edl9gx4,The self righteous feel no shame,The self righteous feel no shame,3,3,0
efb56j2,Reads like a movie script to me.,Reads like a movie script to me.,27,27,4
edhr051,"Way too small, what a bummer. ","Way too small, what a bummer. ",27,27,4
ed1nc8c,"May live in Florida, but [NAME], NJ born and raised!!","May live in Florida, but [NAME], NJ born and raised!!",27,27,4
eduq5ma,For both of you together? The fuck company are you using.,For both of you together? The fuck company are you using.,2,2,0
edpg57t,"That's that frequency dying in your ears. Enjoy it, because you will never hear that exact frequency again","That's that frequency dying in your ears. Enjoy it, because you will never hear that exact frequency again",17,17,3
eeca7de,Who cares? 2019 season hasn’t even started,Who cares? 2019 season hasn’t even started,7,7,6
eeb1tcc,I never said anything about that lmao,I never said anything about that lmao,1,1,3
edjtp1d,Lack of a dart board.,Lack of a dart board.,27,27,4
edyz9mf,"Surely hope so, buddy. Surely hope so.","Surely hope so, buddy. Surely hope so.",20,20,3
ed1ms3j,I don't think you're allowed to administer a vaccine to someone who is sick/injured.,I don't think you're allowed to administer a vaccine to someone who is sick/injured.,25,25,5
edi99xq,Sorry for your loss yesterday. Your team is poised to do even better in the years to come and hopefully they will.,Sorry for your loss yesterday. Your team is poised to do even better in the years to come and hopefully they will.,20,20,3
ee1dnn4,Certainly not haha,Certainly not haha,27,27,4
ed2h0l8,Happy cake day!,Happy cake day!,17,17,3
ee2ofju,"I don't always do this, but when I do, I'm listening to the unedited version of ""Killing In The Name Of"".","I don't always do this, but when I do, I'm listening to the unedited version of ""Killing In The Name Of"".",27,27,4
ef4lrdu,You look better when people can’t see you <3,You look better when people can’t see you <3,0,0,3
edyx29x,Can you imagine being the person in this costume #mascotlivesmatter,Can you imagine being the person in this costume #mascotlivesmatter,27,27,4
eep19p5,Every single time a person has demanded to see an MD rather than me I have appreciated the dodged bullet. It's never fun for the physician.,Every single time a person has demanded to see an MD rather than me I have appreciated the dodged bullet. It's never fun for the physician.,15,15,3
ednqq3o,please report the physical and emotional abuse to the police so there is record of it. And get a lawyer ASAP.,please report the physical and emotional abuse to the police so there is record of it. And get a lawyer ASAP.,27,27,4
ed003qq,"I feel sorry for people that think Reddit (or even some random sub-reddit) is ""an international stage"".","I feel sorry for people that think Reddit (or even some random sub-reddit) is ""an international stage"".",25,25,5
eevvus4,May [NAME] bless and keep the President... far away from us!,May [NAME] bless and keep the President... far away from us!,0,0,3
ee6j2me,"I think years...I'm not ready and I know it, but I know years","I think years...I'm not ready and I know it, but I know years",10,10,0
ed2enk8,i feel betrayed by the community,i feel betrayed by the community,9,9,5
edzmkbp,"It's hard to have a nuanced opinion, innit? But I don't like everything he does. This is one if them.","It's hard to have a nuanced opinion, innit? But I don't like everything he does. This is one if them.",2,2,0
edp323f,"Stocks have less market friction...there is also more chaos due to the amount of individuals vying to make money there, compared to here.","Stocks have less market friction...there is also more chaos due to the amount of individuals vying to make money there, compared to here.",6,6,6
eex9lba,Just speak with a Sheffield accent lmao,Just speak with a Sheffield accent lmao,27,27,4
ed38erp,"You just made my point, you obnoxious whining kid","You just made my point, you obnoxious whining kid",9,9,5
edxepun,Oof.. :(,Oof.. :(,27,27,4
ee8xyo7,sounds like you are a man who is uncomfortable with women's sexuality.,sounds like you are a man who is uncomfortable with women's sexuality.,27,27,4
eeg6rqr,This was my biggest problem. And I'd want a nap too. That's why I have to shower at night.,This was my biggest problem. And I'd want a nap too. That's why I have to shower at night.,8,8,3
eew57w8,"no phone in the site, just some dragons enjoying the moment","no phone in the site, just some dragons enjoying the moment",27,27,4
efgega0,very pretty lady.,very pretty lady.,0,0,3
ed6ek3m,"This was extremely helpful, many thanks!","This was extremely helpful, many thanks!",15,15,3
ee5fz4k,auto play really sucks but sex education was a really good show ngl I binged the whole thing in like two days.,auto play really sucks but sex education was a really good show ngl I binged the whole thing in like two days.,27,27,4
ee1g7vt,"I think in 1.0 it's a lot harder to SDI out of Fox's dair, but I forget why","I think in 1.0 it's a lot harder to SDI out of Fox's dair, but I forget why",6,6,6
ee9jdxh,Insomuch that I'll probably avoid any Stahly products in future :|,Insomuch that I'll probably avoid any Stahly products in future :|,20,20,3
edn7mtm,Won’t Molotovs create more waste?,Won’t Molotovs create more waste?,"6,7",6,6
ed6fpjp,Follow up #2: Story has been removed,Follow up #2: Story has been removed,27,27,4
ed7x62x,"At least he's finally done one thing right. Utter fucking disappointment at every level, by every metric.","At least he's finally done one thing right. Utter fucking disappointment at every level, by every metric.",9,9,5
edx6f3z,Yeah that dragon one with the same style ? Mesmerizing. I believe there's also one close to Civic center,Yeah that dragon one with the same style ? Mesmerizing. I believe there's also one close to Civic center,4,4,3
ededg5v,I don't drink at all specifically because the next day is sheer terror.,I don't drink at all specifically because the next day is sheer terror.,14,14,2
eekwddb,What? I didn’t understand a thing of what you said.,What? I didn’t understand a thing of what you said.,6,6,6
edoigca,[NAME] better see the floor today,[NAME] better see the floor today,27,27,4
edbc8d6,I saw that comment and wondered if someone was going to post it here. I almost feel bad. Maybe they’re lonely.,I saw that comment and wondered if someone was going to post it here. I almost feel bad. Maybe they’re lonely.,26,26,6
een7cjm,"Submissive? ""she’s a [NAME] so literally it’s like a brand new car [NAME] has blessed me with."" You're disgusting.","Submissive? ""she’s a [NAME] so literally it’s like a brand new car [NAME] has blessed me with."" You're disgusting.",11,11,1
eevfocn,Justified or not he'll probably go before [NAME],Justified or not he'll probably go before [NAME],27,27,4
eeseie5,"Hes looking for a handout of 3 free meals a day, education and skill training and a roof over his head. Jail, it works.","Hes looking for a handout of 3 free meals a day, education and skill training and a roof over his head. Jail, it works.",27,27,4
ef8wmy7,"Does that person only eats rocks? Because if you put bacteria and human beings on an equal footing, everyone is a fucking cannibal.","Does that person only eats rocks? Because if you put bacteria and human beings on an equal footing, everyone is a fucking cannibal.",27,27,4
eebjkwc,"I have a 17 year old friend who just googles ""memes"" to get his fix","I have a 17 year old friend who just googles ""memes"" to get his fix",27,27,4
ede2zgs,Rip I guess.... Hope op does that Also happy cake day!,Rip I guess.... Hope op does that Also happy cake day!,20,20,3
eekby4q,ok so that was fucking sick,ok so that was fucking sick,25,25,5
edgsl7n,You’re wrong. Source: I looked before I commented the first time.,You’re wrong. Source: I looked before I commented the first time.,10,10,0
ef68xzq,I’ve thrown up,I’ve thrown up,27,27,4
efdygcn,[NAME] is an awesome film school...not surprised this came from Dodge,[NAME] is an awesome film school...not surprised this came from Dodge,0,0,3
eeaothh,"I’ll be honest I really don’t care. I’m happy to know that others care about this, but eh you do you","I’ll be honest I really don’t care. I’m happy to know that others care about this, but eh you do you",17,17,3
eeim5c0,I’m sorry you have to deal with that,I’m sorry you have to deal with that,24,24,5
edl27ai,It was done before and it was terrible,It was done before and it was terrible,14,14,2
edv92ck,"As a person that regularly down votes people that repost front age gifs, I will award you an upvote because this makes me laugh every time.","As a person that regularly down votes people that repost front age gifs, I will award you an upvote because this makes me laugh every time.",1,1,3
edypmwb,You mean hormonal differences?,You mean hormonal differences?,27,27,4
eee6xwj,Explains why I couldn't connect to their forums.,Explains why I couldn't connect to their forums.,27,27,4
eeggspj,Child labor laws are ruining this country,Child labor laws are ruining this country,9,9,5
eezcz2y,I want to so bad it hurts. I guess I'm just scared.,I want to so bad it hurts. I guess I'm just scared.,14,14,2
ed9qoc0,I never said she wasn't a downgrade. But on r/political_revolution the complaint seems to be that she didn't endorse anybody in 2016.,I never said she wasn't a downgrade. But on r/political_revolution the complaint seems to be that she didn't endorse anybody in 2016.,"3,10",3,0
edq6tbl,"Just saying he could of said maccathy, kingsbury, or caldwell was his favorite. [NAME] had choices.","Just saying he could of said maccathy, kingsbury, or caldwell was his favorite. [NAME] had choices.",27,27,4
ed2bfov,The jockeys one is amazing I don't know what you're talking about.,The jockeys one is amazing I don't know what you're talking about.,6,6,6
eeaku8o,Gotta boost that self esteem.,Gotta boost that self esteem.,27,27,4
ed9tqt3,It’s amazing how buggy this game is. Itd [NAME] buying a new car with most of the parts broken. We will fix it eventually.,It’s amazing how buggy this game is. Itd [NAME] buying a new car with most of the parts broken. We will fix it eventually.,0,0,3
edr2ssc,Yep. Id say ever since Diablo 3 it was shown that the company was no more. They no longer were gamers making games for gamers.,Yep. Id say ever since Diablo 3 it was shown that the company was no more. They no longer were gamers making games for gamers.,27,27,4
eemajnt,Thank you!! That’s me as [NAME]!,Thank you!! That’s me as [NAME]!,15,15,3
eemn1s5,"Help, I'm scared and want to go back.","Help, I'm scared and want to go back.",14,14,2
ef4ua8p,thats not good,thats not good,10,10,0
ede0xwo,Become friends with people who work night shift. We are always up at crazy hours and need a distraction from our work.,Become friends with people who work night shift. We are always up at crazy hours and need a distraction from our work.,"4,17",4,3
edrdib5,So... are you for private businesses doing what they want or not?,So... are you for private businesses doing what they want or not?,27,27,4
edlmoh8,So happy for your strong stance and to help him on his way out of your life.,So happy for your strong stance and to help him on his way out of your life.,17,17,3
edpcfiz,I sort of did lol. I think what I mean is that you cant look at it as an alternative to rdp,I sort of did lol. I think what I mean is that you cant look at it as an alternative to rdp,1,1,3
ee78wzy,Only after the initial vote is honored and brexit is implemented.,Only after the initial vote is honored and brexit is implemented.,27,27,4
ee3uztg,Fuck the haters [NAME] > Everybody,Fuck the haters [NAME] > Everybody,2,2,0
ef5lhwg,The cruelest people in the room are a pack of gormless dullards. It's the banality of evil for the 21st century.,The cruelest people in the room are a pack of gormless dullards. It's the banality of evil for the 21st century.,11,11,1
ed4jqtd,Yes. We're finishing the script out now. Shooting starts in February.,Yes. We're finishing the script out now. Shooting starts in February.,27,27,4
efeq3nv,[NAME] was actually wrong all along. JAH > Jokic /s,[NAME] was actually wrong all along. JAH > Jokic /s,10,10,0
edmt2iq,i love this subreddit,i love this subreddit,18,18,3
eejyd2o,Omg yes!,Omg yes!,4,4,3
edem6q7,literally I feel like crying,literally I feel like crying,25,25,5
eexjw4o,*Duck Tales! whooh ooh* *Every day they're out there making* *Duck Tales! whooh ooh* *Tales of daring do bad and good luck tales! whooh ooh*,*Duck Tales! whooh ooh* *Every day they're out there making* *Duck Tales! whooh ooh* *Tales of daring do bad and good luck tales! whooh ooh*,27,27,4
ef4xu6z,Less to keep track of,Less to keep track of,27,27,4
eevuskc,"Damn, I didn't know that you used to mod there.","Damn, I didn't know that you used to mod there.",26,26,6
ed50513,Hey I said that to my grammar once,Hey I said that to my grammar once,27,27,4
eeyzv7f,Does everyones dad/grandpa have this exact one? Mine do.,Does everyones dad/grandpa have this exact one? Mine do.,27,27,4
ef6p9kf,That is awesome.,That is awesome.,0,0,3
ee6y5p9,if they that lame then disprove them mate.,if they that lame then disprove them mate.,27,27,4
eekhjl5,The space between the M and the E always looks a tad too long with these cheaper jerseys.,The space between the M and the E always looks a tad too long with these cheaper jerseys.,27,27,4
edz12qs,And you act like [RELIGION] wasn’t used to fuel slavery and control slaves go off tho...,And you act like [RELIGION] wasn’t used to fuel slavery and control slaves go off tho...,27,27,4
eegsfr0,too damn often!! and i’m cute as hell! i’m mad!!,too damn often!! and i’m cute as hell! i’m mad!!,3,3,0
eew137p,Please stop talking [NAME].,Please stop talking [NAME].,"2,3",2,0
ed92hr1,Kids are like pets. They just sit by a locked door and howl.,Kids are like pets. They just sit by a locked door and howl.,27,27,4
ees61na,It’s 8 rounds on all different topics organized by check it,It’s 8 rounds on all different topics organized by check it,27,27,4
edql5hy,"They did, donated a penny for someone else’s happiness/luck. ","They did, donated a penny for someone else’s happiness/luck. ",27,27,4
efeq52i,I giggled. Then looked at my corgi and imagined him stuck butt first in a big wine bottle.,I giggled. Then looked at my corgi and imagined him stuck butt first in a big wine bottle.,1,1,3
ef5ffuw,Feb ‘06 [NAME] But your point stands,Feb ‘06 [NAME] But your point stands,27,27,4
edomg6o,"[NAME], you're annoying. Did [NAME] steal your girl or what? Everytime someone mentions [NAME] on this subreddit, you appear to trash talk him.","[NAME], you're annoying. Did [NAME] steal your girl or what? Everytime someone mentions [NAME] on this subreddit, you appear to trash talk him.",3,3,0
eeuafof,Apparently the bull shark is hyper aggressive due to the amount of testosterone it has. They're basically roid-heads in perpetual roid-rage with massive teeth.,Apparently the bull shark is hyper aggressive due to the amount of testosterone it has. They're basically roid-heads in perpetual roid-rage with massive teeth.,27,27,4
eczje98,I love this! It's nice to hear of a positive outcome on here.,I love this! It's nice to hear of a positive outcome on here.,"0,18",0,3
ede9hpd,"I mean, it certainly is weird but don't kinkshame","I mean, it certainly is weird but don't kinkshame",12,12,5
effj51y,What...? That’s some real mental gymnastics to justify him assaulting her,What...? That’s some real mental gymnastics to justify him assaulting her,3,3,0
eefycxh,Day 1557: people still complaining about a commercial,Day 1557: people still complaining about a commercial,27,27,4
ef6mwwv,Glad to see [NAME] back,Glad to see [NAME] back,17,17,3
edx6fdz,You have to spit into a plastic vial. It would take some decent effort to pull that off.,You have to spit into a plastic vial. It would take some decent effort to pull that off.,27,27,4
eeem48t,I mean retirement age was set at 65 because it *was* the average age people died. Living beyond retirement was never supposed to be a guaranteed plan.,I mean retirement age was set at 65 because it *was* the average age people died. Living beyond retirement was never supposed to be a guaranteed plan.,4,4,3
eekfk83,Attempted years ago. Blocked by crooked politicians in bed with InBev and big beer. Gross.,Attempted years ago. Blocked by crooked politicians in bed with InBev and big beer. Gross.,27,27,4
eeb2uod,At least london fans got a somewhat exciting game,At least london fans got a somewhat exciting game,13,13,3
eege4y9,YOU MUST CONSTRUCT ADDITIONAL PYLONS,YOU MUST CONSTRUCT ADDITIONAL PYLONS,27,27,4
eepjk61,This reminds me of when it came out that the Hello Kitty! character is actually a human girl.,This reminds me of when it came out that the Hello Kitty! character is actually a human girl.,27,27,4
ed5rlwn,That sounds like a reasonable estimation. So what are YOU going to do? Because you can’t force them to treat you like real people.,That sounds like a reasonable estimation. So what are YOU going to do? Because you can’t force them to treat you like real people.,7,7,6
efbu07b,I get ya man. It happens to the best of us.,I get ya man. It happens to the best of us.,4,4,3
ed4h64w,Just gotta injure 3 more,Just gotta injure 3 more,27,27,4
edmkuuf,"neat, thank you!","neat, thank you!",15,15,3
eda5d0q,Lol found the neckbeard,Lol found the neckbeard,1,1,3
edftl0o,Oh? There's financial trouble in heaven? Lol,Oh? There's financial trouble in heaven? Lol,1,1,3
ef0vhlz,Oh yóu!,Oh yóu!,27,27,4
eeqlsj0,"It's 3 Calling Cards I believe, and one sticker for getting Flawless. Other than that, no (unless you wanna count bragging rights).","It's 3 Calling Cards I believe, and one sticker for getting Flawless. Other than that, no (unless you wanna count bragging rights).",27,27,4
eebbnny,Oof the way he just tossed the cat aside oof,Oof the way he just tossed the cat aside oof,26,26,6
ef90j1p,"Thanks for this, got a mate in Germany. ","Thanks for this, got a mate in Germany. ",15,15,3
ed00e3l,"I could have gone to a party, but it's 10 outside. Sue me.","I could have gone to a party, but it's 10 outside. Sue me.",9,9,5
edgt7aw,There mostly isn't any. Nature merely found a way to encourage the behaviour that leads to babies aka sex.,There mostly isn't any. Nature merely found a way to encourage the behaviour that leads to babies aka sex.,27,27,4
ee5hyx7,I was going to ask what temperatures are like where you live. The beauty of losing refrigeration in the winter is having the great outdoors.,I was going to ask what temperatures are like where you live. The beauty of losing refrigeration in the winter is having the great outdoors.,"0,4",0,3
edzhcjf,Go on...,Go on...,27,27,4
ee11e1h,Those are literally the only possibilities.,Those are literally the only possibilities.,27,27,4
ef4g3yz,Malhama Tactical has been exposed as a sham FYI,Malhama Tactical has been exposed as a sham FYI,27,27,4
ed93o2e,Can you link the apologies? Or do they not actually exist?,Can you link the apologies? Or do they not actually exist?,"6,7",6,6
eex16pq,I'm not sure losing billions in trade is in anyone's interest other that political zealots.,I'm not sure losing billions in trade is in anyone's interest other that political zealots.,6,6,6
eczcvgx,"I always plan that, my wife usually has other ideas though. ","I always plan that, my wife usually has other ideas though. ",27,27,4
ef0wcpk,The way him and his mom talk to each other is like a little boy and his Mommy!,The way him and his mom talk to each other is like a little boy and his Mommy!,"0,1",0,3
eeq7v23,"I really hope for it to fail miserably, so we can all agree on the sequel trilogy never happened.","I really hope for it to fail miserably, so we can all agree on the sequel trilogy never happened.",8,8,3
edzxp7r,A crossover I never knew I needed,A crossover I never knew I needed,27,27,4
efa7p45,"This comment is very good and all but it got me thinking, *are* pizzas a type of tire?","This comment is very good and all but it got me thinking, *are* pizzas a type of tire?",0,0,3
eczxpjy,Refreshmentos! What's that? It's new!,Refreshmentos! What's that? It's new!,26,26,6
eexs4zr,Wow there a lot to choose from for 10 bucks or less too,Wow there a lot to choose from for 10 bucks or less too,26,26,6
ee98dke,Hope he gets rich from this too!,Hope he gets rich from this too!,20,20,3
edk95s2,"UN report says population before war: 300,000 [NAME] population before war: 2,000,000","UN report says population before war: 300,000 [NAME] population before war: 2,000,000",27,27,4
edg5o0w,And if [NAME] had any impact he would likely be playing in a 3rd next week,And if [NAME] had any impact he would likely be playing in a 3rd next week,27,27,4
ef8vyyh,"Calm down, dickwad","Calm down, dickwad",27,27,4
eeqvde4,"Going for that most hated title with stupid posts from his ""fans "" ","Going for that most hated title with stupid posts from his ""fans "" ",3,3,0
edkurfd,There is zero conclusive evidence supporting this position.,There is zero conclusive evidence supporting this position.,27,27,4
ee91yqq,"LOOOOOL, Just exposing the man! Also happy cake day","LOOOOOL, Just exposing the man! Also happy cake day",1,1,3
eddbin6,"Same. You all tried to save me, but I rewatched with the sound on and... I have regrets.","Same. You all tried to save me, but I rewatched with the sound on and... I have regrets.",24,24,5
eetayw7,Dad doesn't need to be there for 12 months. But way too step up!,Dad doesn't need to be there for 12 months. But way too step up!,10,10,0
ee5dbyg,"Definitely the current worst, hence 20 actually buffs coming her way.","Definitely the current worst, hence 20 actually buffs coming her way.",10,10,0
edmid3d,I saw gluten free cat grass at the pet supplies store once. Did not know that was a thing,I saw gluten free cat grass at the pet supplies store once. Did not know that was a thing,27,27,4
edgnky5,Yes! These people are allowed to vote and drive and do other things that affect our lives!,Yes! These people are allowed to vote and drive and do other things that affect our lives!,4,4,3
efb7e1k,I was in awe the whole hour I spent in there.,I was in awe the whole hour I spent in there.,14,14,2
ednrlw9,We live in a completely different world than the 70s and 80s now,We live in a completely different world than the 70s and 80s now,27,27,4
eewpl8e,"Same, I just love games so it helps to calm me down by taking my mind off it.","Same, I just love games so it helps to calm me down by taking my mind off it.",18,18,3
edzpi8j,"I will then be singing ""The hills are alive with the sound of music.""","I will then be singing ""The hills are alive with the sound of music.""",27,27,4
ee4rvej,"Most rapists aren't, unfortunately. ","Most rapists aren't, unfortunately. ",27,27,4
eewcd7j,"Ah, [NAME] and his random crap again...","Ah, [NAME] and his random crap again...",27,27,4
een3izh,"Everything mentioned below, plus when [NAME] dicey Walmart convict boyfriend changed [NAME] diaper. [NAME] found out and went ballistic, and rightfully so.","Everything mentioned below, plus when [NAME] dicey Walmart convict boyfriend changed [NAME] diaper. [NAME] found out and went ballistic, and rightfully so.",27,27,4
edw68z8,Hah hah I got the quote was mocking him - it was so perfect it thought it was genuine. Quality work :D,Hah hah I got the quote was mocking him - it was so perfect it thought it was genuine. Quality work :D,"0,1",0,3
ef0enmd,It was my wedding song!,It was my wedding song!,27,27,4
edl0ut3,"Nope, works just fine. Was just there.","Nope, works just fine. Was just there.",27,27,4
efg5qmi,Its had enough of this life and ending it all.,Its had enough of this life and ending it all.,3,3,0
edsbnl1,"That was the most remarkable thing, how fluid her conversations were, without a trace of shyness.","That was the most remarkable thing, how fluid her conversations were, without a trace of shyness.",27,27,4
eenxdhp,You can just go to their subreddit and there's a lot of things people are saying that we've been saying all these years.,You can just go to their subreddit and there's a lot of things people are saying that we've been saying all these years.,27,27,4
ed9zqbs,Hell yeah I got the 420 upvote,Hell yeah I got the 420 upvote,13,13,3
eeqvyyg,29 and 39. Didn’t get to see my fathers parents for too long. I definitely got my condition from my Father.,29 and 39. Didn’t get to see my fathers parents for too long. I definitely got my condition from my Father.,27,27,4
eduivs6,It was an edit friend - they are the same kid. No children were hurt in the making of this gif.,It was an edit friend - they are the same kid. No children were hurt in the making of this gif.,27,27,4
ef0a47q,It's the universe trying to kill us with radiation :D,It's the universe trying to kill us with radiation :D,10,10,0
ee5nuv9,[NAME] fits at 3 separate funerals plus almost every very serious uncomfortable conversation I've ever had would indicate you're not alone. [NAME].,[NAME] fits at 3 separate funerals plus almost every very serious uncomfortable conversation I've ever had would indicate you're not alone. [NAME].,5,5,3
ee4y66r,> Egalitarianism I always saw it as a feminist could still be a racist...,> Egalitarianism I always saw it as a feminist could still be a racist...,27,27,4
edxe17g,So now I can't get defensive when you're being offensive? lol,So now I can't get defensive when you're being offensive? lol,1,1,3
edg7akf,the longest week (2014) I don’t know if it’s still available but it was pretty good romantic comedy,the longest week (2014) I don’t know if it’s still available but it was pretty good romantic comedy,4,4,3
edlt0qm,Cool! Glad to see some cooperation.,Cool! Glad to see some cooperation.,17,17,3
ed8i1ws,Got it! Thank you!,Got it! Thank you!,15,15,3
ee02dxp,Congratulations. You posted the famous very first lolcat picture.,Congratulations. You posted the famous very first lolcat picture.,0,0,3
edj2bse,Op literally listed the OS requirements. Those are fairly current operating (last Gen more or less) systems are they not?,Op literally listed the OS requirements. Those are fairly current operating (last Gen more or less) systems are they not?,27,27,4
ednudks,Everyone in this video is annoying. This seems like a terrible place to go hang out.,Everyone in this video is annoying. This seems like a terrible place to go hang out.,3,3,0
eeexmdr,I was about to explain that the one with 8 h's was taken until I read your username. Beautiful.,I was about to explain that the one with 8 h's was taken until I read your username. Beautiful.,0,0,3
edz2dzf,Why is anyone surprised. It has never worked.,Why is anyone surprised. It has never worked.,6,6,6
edj6qoa,Or the one scrolling channel? When you’d accidentally look away and miss what you were waiting for and have to sit thru the whole thing again,Or the one scrolling channel? When you’d accidentally look away and miss what you were waiting for and have to sit thru the whole thing again,27,27,4
edzi9qg,Thank you kindly! I'll update my resume!,Thank you kindly! I'll update my resume!,15,15,3
edfjbsv,Don't stress it. Good Luck!,Don't stress it. Good Luck!,15,15,3
eevjrw6,"Aww man this sucks, but at least he’s going to Europe, so I’m happy for him! Goodbye [NAME]! ","Aww man this sucks, but at least he’s going to Europe, so I’m happy for him! Goodbye [NAME]! ",0,0,3
eef8b00,Is it because of the accents you thought they were the same?,Is it because of the accents you thought they were the same?,7,7,6
edx29pk,"Nah, I it was cool to be a pedo back in the old days, ask [NAME] ","Nah, I it was cool to be a pedo back in the old days, ask [NAME] ",27,27,4
eez3kgr,"Well I am a lady, so that would probably just freak them out. Oh, Reddit. Everyone is a man haha. ","Well I am a lady, so that would probably just freak them out. Oh, Reddit. Everyone is a man haha. ",1,1,3
eec2r8d,No. You're not the only one.,No. You're not the only one.,27,27,4
ee39zwe,You just gotta have little faith. They are gonna need more money and maybe then we can get to Tahiti.,You just gotta have little faith. They are gonna need more money and maybe then we can get to Tahiti.,20,20,3
eezh3s6,Thank you and your upvoters,Thank you and your upvoters,15,15,3
efdkyxs,Oui baguette senor,Oui baguette senor,27,27,4
eeez1ik,"In my opinion, there should have never been a canon character... Maybe keeping it a mystery would be the BEST!","In my opinion, there should have never been a canon character... Maybe keeping it a mystery would be the BEST!",4,4,3
efb4b8f,I want to change though. If I'm around those people I will remain the same way. Right?,I want to change though. If I'm around those people I will remain the same way. Right?,20,20,3
ee3uopy,This is the only viable way out of Brexit.,This is the only viable way out of Brexit.,4,4,3
ed4zoov,"I hear that if you say you aren't doing something, when you do it, you're not actually doing it.","I hear that if you say you aren't doing something, when you do it, you're not actually doing it.",27,27,4
ed9t9qd,You can find something sexist or racist or disparaging of some group in just about every movie or tv show.,You can find something sexist or racist or disparaging of some group in just about every movie or tv show.,27,27,4
efbf9dl,US team about to get a beat down,US team about to get a beat down,27,27,4
eew3fg8,"Thanks. Appreciate that perspective. I'm just saying it as a counter to the ""rope is the only cope"" mentality on the incel subreddit.","Thanks. Appreciate that perspective. I'm just saying it as a counter to the ""rope is the only cope"" mentality on the incel subreddit.",15,15,3
edm59ci,"You can't stop [NAME], you can only hope to contain him","You can't stop [NAME], you can only hope to contain him",20,20,3
ee72v7p,This made me spill my drink.,This made me spill my drink.,11,11,1
ef7noih,There’s tons of stories of animals taking care of kids....I believe the story! :),There’s tons of stories of animals taking care of kids....I believe the story! :),4,4,3
ef71nlv,I understand that. My question is more if anyone would be excited for it or interested in helping,I understand that. My question is more if anyone would be excited for it or interested in helping,"8,13",8,3
ee0z5dh,"Ha, you must be in Wisconsin. I remember TYME machines.","Ha, you must be in Wisconsin. I remember TYME machines.",27,27,4
eexbn8q,What is normal? It should be tho....,What is normal? It should be tho....,3,3,0
edhk6dg,"Maybe divorce is a little extreme but I really dont know how to Express my feelings, and she doesn't get that","Maybe divorce is a little extreme but I really dont know how to Express my feelings, and she doesn't get that",6,6,6
ee5h4b6,What does it matter we're just going to take another bust in the middle of the first round like always,What does it matter we're just going to take another bust in the middle of the first round like always,27,27,4
edoy5ok,"Blow me you feckless moron, I was out of state. ","Blow me you feckless moron, I was out of state. ",2,2,0
eedx12i,I thought that was gonna be the Pelicans after [NAME] is gone(sorry Pelicans fans),I thought that was gonna be the Pelicans after [NAME] is gone(sorry Pelicans fans),27,27,4
ed0it1e,"Jeez, I was joking","Jeez, I was joking",1,1,3
eeq7qd2,"LOL, level up your life. My life is already at up level :))","LOL, level up your life. My life is already at up level :))",1,1,3
ee6lao8,"You're right, I completely forgot the title","You're right, I completely forgot the title",4,4,3
ed8urm9,"Smh bro you cropped the answers, I gotta know!","Smh bro you cropped the answers, I gotta know!",27,27,4
ef5r1ke,"She sounds like she could be depressed. People who have depression need care, love and help to get better, not internet shaming. ","She sounds like she could be depressed. People who have depression need care, love and help to get better, not internet shaming. ",5,5,3
edrk5we,You sure seem angry. #itwillbeokay,You sure seem angry. #itwillbeokay,3,3,0
ee8rrho,"Back in my day, we didn't even need language to survive! Animals just roamed around, making different sounds depending on context! ","Back in my day, we didn't even need language to survive! Animals just roamed around, making different sounds depending on context! ",27,27,4
eef2uo1,I once heard the rotting carcass of a trash Panda works also thats if you cant get your hands on a fresh chinchilla,I once heard the rotting carcass of a trash Panda works also thats if you cant get your hands on a fresh chinchilla,27,27,4
ed6ybvx,Yaaaaaas! I need your curly hair routine!,Yaaaaaas! I need your curly hair routine!,13,13,3
efa6rw3,The entire culture of NE is win at all costs. Not sure where you live but if that kid shovels snow..tell mom to him bring home .,The entire culture of NE is win at all costs. Not sure where you live but if that kid shovels snow..tell mom to him bring home .,27,27,4
ee2k852,thanks for apologizing,thanks for apologizing,15,15,3
edlqyc7,This happened to me at Walmart. I was literally there for 10 min using the coin machine and now I have a cart shaped dent in my door...,This happened to me at Walmart. I was literally there for 10 min using the coin machine and now I have a cart shaped dent in my door...,27,27,4
eex4qnx,"I just spent the whole week sneaking away to smoke, and trying to get into some girls shorts. ","I just spent the whole week sneaking away to smoke, and trying to get into some girls shorts. ",27,27,4
eemi935,"thanks, I agree","thanks, I agree","4,15",4,3
eduvkpz,I can feel his cheeks puffing out.,I can feel his cheeks puffing out.,4,4,3
ee9mvpt,"2nd one resounds with me so much, I rarely realize how little I trust other people to do any task lol","2nd one resounds with me so much, I rarely realize how little I trust other people to do any task lol",22,22,6
eeleixf,You are my own side. I feel an affinity for this sub and want to make it a good experience for all.,You are my own side. I feel an affinity for this sub and want to make it a good experience for all.,8,8,3
efha0zn,How old are you?,How old are you?,7,7,6
eeam01f,Can't lose if you never stop appealing. Or at least that's what I'm told by your cohorts.,Can't lose if you never stop appealing. Or at least that's what I'm told by your cohorts.,22,22,6
eetqghd,SKAM was great. I literally binged all of S3 as soon as I got home last night.,SKAM was great. I literally binged all of S3 as soon as I got home last night.,0,0,3
ee7crld,TeamViolet going strong fam!,TeamViolet going strong fam!,0,0,3
eed8ytc,I'm laughing hysterically at midnight Thanks LMAO,I'm laughing hysterically at midnight Thanks LMAO,1,1,3
ef14qcj,"Yeah fair, plus this sub tends to go hard in different directions so it becomes extra hard to know if someone really is just that far gone.","Yeah fair, plus this sub tends to go hard in different directions so it becomes extra hard to know if someone really is just that far gone.",4,4,3
edgce6d,And it’s always so uncomfortably awkward when someone says shit like this to you.,And it’s always so uncomfortably awkward when someone says shit like this to you.,3,3,0
eeev722,[NAME] isn't exactly a lyrical genius set's be real: that dumbass just couldn't come up with a different rhyme.,[NAME] isn't exactly a lyrical genius set's be real: that dumbass just couldn't come up with a different rhyme.,27,27,4
eeefuqa,Damn that’s sad,Damn that’s sad,"9,25",9,5
edeo0a6,"Everyone started making remakes. Here is my favorite Lineage, too want, but why? People who love this game will also play it","Everyone started making remakes. Here is my favorite Lineage, too want, but why? People who love this game will also play it",18,18,3
ef8i7kf,Haha this is one of those moments that makes me laugh out loud,Haha this is one of those moments that makes me laugh out loud,1,1,3
eeglsgh,Pull your fucking pants up oh my god,Pull your fucking pants up oh my god,26,26,6
efeu6yu,Most athletic play [NAME] ever made. Wow,Most athletic play [NAME] ever made. Wow,0,0,3
eeg061u,Love the idea of these birds showing up during family gatherings and puking up trinkets,Love the idea of these birds showing up during family gatherings and puking up trinkets,0,0,3
ee9rhdo,Maybe it's fantasy.....I just feel like the stock for a lot of these Ducks is reallllll low right now,Maybe it's fantasy.....I just feel like the stock for a lot of these Ducks is reallllll low right now,25,25,5
ee9no6c,Oh there's still bugs? Weird,Oh there's still bugs? Weird,11,11,1
eekaltq,"Damn, [NAME] us just 2 steps behind all the time. It's just a matter of time before he gets some great shots in.","Damn, [NAME] us just 2 steps behind all the time. It's just a matter of time before he gets some great shots in.",4,4,3
eeg71ym,I am trying they try to say I’m fake even though I’m trying it’s painful to talk to them sometimes,I am trying they try to say I’m fake even though I’m trying it’s painful to talk to them sometimes,25,25,5
edcm0it,Teeth. I really want good teeth and my hair is nice and easily maintainable atm,Teeth. I really want good teeth and my hair is nice and easily maintainable atm,8,8,3
ed36sbw,So. Fucking. Tone. Deaf.,So. Fucking. Tone. Deaf.,3,3,0
edtjuae,I know it's Nightengale but he's saying upwards of 12/350.. ya no thanks.,I know it's Nightengale but he's saying upwards of 12/350.. ya no thanks.,27,27,4
eep99xq,Thank [NAME] for RT Audiences scores! The **REAL** objective quality metric for kinos!,Thank [NAME] for RT Audiences scores! The **REAL** objective quality metric for kinos!,15,15,3
edn18fn,It's not a world view. It's a single position on a single subject.,It's not a world view. It's a single position on a single subject.,27,27,4
eexkfku,I don't understand how her hair is 'too light' or how that effects the concealer.,I don't understand how her hair is 'too light' or how that effects the concealer.,6,6,6
edext4x,So. This is scary as fuck.,So. This is scary as fuck.,14,14,2
ee2ioqu,You can't choose what genes you pass on.,You can't choose what genes you pass on.,27,27,4
eesjxth,"I love your work, it makes my hair cry","I love your work, it makes my hair cry",18,18,3
ed1zak0,Oh boy do I have some bad news for you!,Oh boy do I have some bad news for you!,9,9,5
ee32fic,I love how they didn’t really react negatively,I love how they didn’t really react negatively,0,0,3
efeymfg,And that smilie she gave the fiancé when he sat down with the sandwich....I would be scared if I was him.,And that smilie she gave the fiancé when he sat down with the sandwich....I would be scared if I was him.,14,14,2
ef1k0ws,"My mom thinks this neighborhood is safe, and I kinda don't want her being more paranoid but I feel like I should do SOMETHING.","My mom thinks this neighborhood is safe, and I kinda don't want her being more paranoid but I feel like I should do SOMETHING.",27,27,4
ed7oh4f,Getting some sick high school nostalgia from this shot. Thanks for that man!,Getting some sick high school nostalgia from this shot. Thanks for that man!,15,15,3
ed9o2ww,SHE HAS NICE FEET!!!!,SHE HAS NICE FEET!!!!,27,27,4
eegoke0,"""The first step, is to put on a set of vicious stilleto claws. This doesn't make things any easier, but it does build character""","""The first step, is to put on a set of vicious stilleto claws. This doesn't make things any easier, but it does build character""",4,4,3
efcsh3f,And I thought Honda Civics smell bad on the outside!,And I thought Honda Civics smell bad on the outside!,22,22,6
eesnlsb,I see you utilized it. 3.5? Sad.,I see you utilized it. 3.5? Sad.,25,25,5
edm6a7l,BAT OLA?,BAT OLA?,27,27,4
edsuxt9,MR. STEAL YO' GIRL!,MR. STEAL YO' GIRL!,27,27,4
eddo2dd,"What?! Now you are just reaching bro. He's not even the best bodybuilder named [NAME], [NAME] has him beat.","What?! Now you are just reaching bro. He's not even the best bodybuilder named [NAME], [NAME] has him beat.",26,26,6
eete10e,"The questions are normal enough, but all at once and leading with them is a little weird.","The questions are normal enough, but all at once and leading with them is a little weird.",12,12,5
edma0sp,"[NAME] were the peak memes back when I first started on Reddit. Honestly none of the meme subs are good, they're all pretty cringy. ","[NAME] were the peak memes back when I first started on Reddit. Honestly none of the meme subs are good, they're all pretty cringy. ",12,12,5
eddq3p9,I think all coffee is keto already....,I think all coffee is keto already....,27,27,4
ed76sd5,Great. My existential crisis is back.,Great. My existential crisis is back.,0,0,3
ef97j55,Gotta love that bison,Gotta love that bison,18,18,3
edotqiz,Sorry misunderstood you! I’m talking about viruses and bacteria that can kill you like the flu etc,Sorry misunderstood you! I’m talking about viruses and bacteria that can kill you like the flu etc,"12,25",12,5
ed4glqk,Stay strong friend.,Stay strong friend.,5,5,3
eet3ewt,Yeah.... I've always sucked at smiling honestly. I hate it. I hate selfies. I usually don't smile.,Yeah.... I've always sucked at smiling honestly. I hate it. I hate selfies. I usually don't smile.,"3,10",3,0
ed8v0vd,I'm loving the possibility of fighting a Chimera in the DLC.,I'm loving the possibility of fighting a Chimera in the DLC.,18,18,3
ee8mjqp,It's sad how long it took me to get that. Haha got em,It's sad how long it took me to get that. Haha got em,25,25,5
ed2qzhv,"I go to a neighborhood mexican restaurant monthly for the past 2.5 years, but nobody knows my name ☹","I go to a neighborhood mexican restaurant monthly for the past 2.5 years, but nobody knows my name ☹","9,25",9,5
eeduikd,Thanks for remembering. I have since added to my post :-),Thanks for remembering. I have since added to my post :-),15,15,3
eczgmqi,"I don’t know about romance, but I can certainly speak for the [NAME]","I don’t know about romance, but I can certainly speak for the [NAME]",4,4,3
edchruo,Omg you’re so cute!,Omg you’re so cute!,0,0,3
efa4bup,Yeah if you’re able to fulfill that. Hopefully the bonus is worth it,Yeah if you’re able to fulfill that. Hopefully the bonus is worth it,"4,20",4,3
edush3w,Do you mind me PMing you for some help w/ dealing with the busy season? Thanks.,Do you mind me PMing you for some help w/ dealing with the busy season? Thanks.,15,15,3
eefy5l1,> a complete ham sandwich Love this. Using this.,> a complete ham sandwich Love this. Using this.,18,18,3
eejkq0e,WHY IS THERE WOMAN ON MY ENTERTAINMENT??????????,WHY IS THERE WOMAN ON MY ENTERTAINMENT??????????,27,27,4
efg9rcx,As we shouldn't. We are trying to win a SB here not showcase another star player.,As we shouldn't. We are trying to win a SB here not showcase another star player.,10,10,0
eehltq0,Air Vooch oh my!,Air Vooch oh my!,27,27,4
edxzmzw,It's too bad that you think helping out the less fortunate is sad and make a joke about it . People like you are the problem.,It's too bad that you think helping out the less fortunate is sad and make a joke about it . People like you are the problem.,3,3,0
ed702q1,My kitten just got very happy when Pasta scored. Such loud purrs! I was happy too.,My kitten just got very happy when Pasta scored. Such loud purrs! I was happy too.,17,17,3
eekdt3e,The best LGBTQ+ FILM i have seen in years.,The best LGBTQ+ FILM i have seen in years.,0,0,3
ed1p5dh,Right? It’s not like her family seems like they wouldn’t have helped with her son.,Right? It’s not like her family seems like they wouldn’t have helped with her son.,9,9,5
ee4j5i9,not sure I agree. whispers of madness can set up [NAME] signature and being card draw is always useful in the first lane.,not sure I agree. whispers of madness can set up [NAME] signature and being card draw is always useful in the first lane.,4,4,3
edff8lo,I actually felt my ballsack jump up a bit when he face planted,I actually felt my ballsack jump up a bit when he face planted,27,27,4
eemh55u,Winter isn't even that bad here.,Winter isn't even that bad here.,27,27,4
efaw4lt,I think this is the only place on the internet that is happy with this commercial hahaha,I think this is the only place on the internet that is happy with this commercial hahaha,1,1,3
ee83rob,"This. We already have so much more OL talent. We need another WR and TE, but I'm kinda excited","This. We already have so much more OL talent. We need another WR and TE, but I'm kinda excited",13,13,3
edodrci,Wait his nostrils are plugged? Isn’t that the opposite of breathing?,Wait his nostrils are plugged? Isn’t that the opposite of breathing?,27,27,4
edl5j82,Get her professional help.,Get her professional help.,27,27,4
eegsnyp,"Almost in tears watching him celebrate, true captain ❤️","Almost in tears watching him celebrate, true captain ❤️",0,0,3
eetcfkp,She always looks sticky.,She always looks sticky.,3,3,0
efgv5zy,that is one very expensive mistake,that is one very expensive mistake,3,3,0
eeuy8ts,Don't make me kiss you!,Don't make me kiss you!,3,3,0
edmxdm7,"Germany is the first country in Europe I've been to! Planning on Ireland next, and maybe Croatia(hoping for Germany again, though :) )","Germany is the first country in Europe I've been to! Planning on Ireland next, and maybe Croatia(hoping for Germany again, though :) )","8,13,20",8,3
edrjkoy,He knew what you meant. He pretended to be confused to save face. that’s disgusting...,He knew what you meant. He pretended to be confused to save face. that’s disgusting...,11,11,1
ef78h68,Oooor maybe it is just a catchy term and y’all are overly sensitive about race and sex....,Oooor maybe it is just a catchy term and y’all are overly sensitive about race and sex....,27,27,4
eekzq3k,Could be depression with psychotic features. Talk to your doctor asap!,Could be depression with psychotic features. Talk to your doctor asap!,9,9,5
eeg2gqv,I still get goosebumps every time i hear this track. It's just beautiful .,I still get goosebumps every time i hear this track. It's just beautiful .,0,0,3
eev7adx,Follow rules 1 and 2 and you can have lame openers and you'll be fine.,Follow rules 1 and 2 and you can have lame openers and you'll be fine.,5,5,3
edgc5ds,are your feelings hurt?,are your feelings hurt?,6,6,6
edzx8kb,In what ways has [NAME] out-coached [NAME]? I see this all the time and yet never any examples.,In what ways has [NAME] out-coached [NAME]? I see this all the time and yet never any examples.,27,27,4
ee1gbnt,She looks like her face is pulled back with ''face lifts'' tape. Or like she's pulling back her face like that scene in MIB I.,She looks like her face is pulled back with ''face lifts'' tape. Or like she's pulling back her face like that scene in MIB I.,27,27,4
ed16ggc,Not sinking in is it. I'm hardly speaking in riddles. Good luck,Not sinking in is it. I'm hardly speaking in riddles. Good luck,5,5,3
edkpvfm,Southern Mexico tends to always get fucked in the ass as well,Southern Mexico tends to always get fucked in the ass as well,3,3,0
edwybo5,epic soy moment,epic soy moment,27,27,4
ef4vxhy,That was my first thought too 😂,That was my first thought too 😂,4,4,3
eewkzff,Should of said athlete,Should of said athlete,27,27,4
ef0bbo2,You're never too young to have a Vietnam flashback,You're never too young to have a Vietnam flashback,10,10,0
eenpp7e,"I got sucked right back into the vicious cycle of love-bombing, gas-lighting and degradation.","I got sucked right back into the vicious cycle of love-bombing, gas-lighting and degradation.",3,3,0
ef706no,Ahh. Both of those are very good. Hope you enjoy them as much as I did.,Ahh. Both of those are very good. Hope you enjoy them as much as I did.,20,20,3
edne8j4,"I think I translates more into ""Waiting to see what kind of Brexit turd-burger Westminster eventually vomits up"".","I think I translates more into ""Waiting to see what kind of Brexit turd-burger Westminster eventually vomits up"".",6,6,6
edgmyfu,Yours is censored though.,Yours is censored though.,27,27,4
ed59bnu,That is one adorable meow loaf,That is one adorable meow loaf,0,0,3
edlpvdq,Why do you think he's right? What reason would a nonprofit newsroom have for publishing sensationalist headlines?,Why do you think he's right? What reason would a nonprofit newsroom have for publishing sensationalist headlines?,7,7,6
edlq3g5,He looks like he's 10 years old...,He looks like he's 10 years old...,27,27,4
eeemx8b,"Yes, and I looooooove it 😂😂","Yes, and I looooooove it 😂😂",18,18,3
ef4nr1b,Maybe server related? I've got 2 cars in a low pop server and they work just fine...,Maybe server related? I've got 2 cars in a low pop server and they work just fine...,6,6,6
eede41d,Contacted the hospital I was born at and I’m getting my birth certificate! Thanks for all the help this was a big step forward,Contacted the hospital I was born at and I’m getting my birth certificate! Thanks for all the help this was a big step forward,"13,15",13,3
eegqslw,"I guess there's this, but that's all I can think of.","I guess there's this, but that's all I can think of.",27,27,4
eemovlk,The original video was debunked. Do you agree or disagree?,The original video was debunked. Do you agree or disagree?,27,27,4
eep70hm,Love the username <3,Love the username <3,18,18,3
efei6x7,"Another day, another destiny! ","Another day, another destiny! ",20,20,3
efgkqob,shits awesome!,shits awesome!,1,1,3
eerk3up,Sad thing is it would probably forcibly ground the plane.,Sad thing is it would probably forcibly ground the plane.,25,25,5
edzarre,So you agree.,So you agree.,27,27,4
ee6mwmq,Uhh don’t you mean [NAME] and [NAME]? They were so sweet together! /s,Uhh don’t you mean [NAME] and [NAME]? They were so sweet together! /s,27,27,4
ed4jaio,Stick with us. If only for one more day. Then let’s try again tomorrow.,Stick with us. If only for one more day. Then let’s try again tomorrow.,27,27,4
ed21elv,This whole sub makes me sad.,This whole sub makes me sad.,25,25,5
eettn7f,I always feel so bad for [NAME] when I watch this scene.,I always feel so bad for [NAME] when I watch this scene.,25,25,5
ee7qz65,Ay i saw that live. You have amazing movement! GG bro!,Ay i saw that live. You have amazing movement! GG bro!,0,0,3
eddqytx,The other cop left a fucking animal ordinance notice on his patio chair,The other cop left a fucking animal ordinance notice on his patio chair,3,3,0
edk2qbc,5. Puts you in debt 6. Isolates you from all social interaction 7. Leaves you with nothing but a product you can't sell,5. Puts you in debt 6. Isolates you from all social interaction 7. Leaves you with nothing but a product you can't sell,"3,10",3,0
efh5w08,Lawson’s Sip of Sunshine! Excellent Vermont beer.,Lawson’s Sip of Sunshine! Excellent Vermont beer.,0,0,3
ee6030g,Ohh looking cool Jok- Get out of here side character.,Ohh looking cool Jok- Get out of here side character.,"0,4",0,3
eei436p,"Here, kiddo. Happy cake day. You need it more than I do.","Here, kiddo. Happy cake day. You need it more than I do.","5,13",5,3
ee5narr,Found the douchebag,Found the douchebag,27,27,4
ef9olan,Thank yous in the form of hand gestures you carrot cake,Thank yous in the form of hand gestures you carrot cake,15,15,3
eemefit,"Don't worry, no one ever will ","Don't worry, no one ever will ",5,5,3
edn3kz9,"Now I know where to do stag party for my friend, finally.","Now I know where to do stag party for my friend, finally.",4,4,3
efeukn7,Someone hold me,Someone hold me,27,27,4
eekx665,HOLY SHIT CHANCE,HOLY SHIT CHANCE,2,2,0
edeq0rd,I am unconcerned.,I am unconcerned.,25,25,5
edecsif,"Oh, give me a break, it was worded like an insult, clear as a day. A mild one, but still.","Oh, give me a break, it was worded like an insult, clear as a day. A mild one, but still.",3,3,0
edjjrol,I was pretty pissed when [NAME] was hired for exactly that reason but he at least had worked with [NAME] before,I was pretty pissed when [NAME] was hired for exactly that reason but he at least had worked with [NAME] before,27,27,4
efdgnq1,"Still awesome. I skateboard, ride bikes, and hang out with my friends. Edit: I'm 40","Still awesome. I skateboard, ride bikes, and hang out with my friends. Edit: I'm 40",0,0,3
ee400iw,He referenced us!!!! And we're gonna have to do something about delicious,He referenced us!!!! And we're gonna have to do something about delicious,13,13,3
ed2otg1,Moonbeam was trash but I am sort of biased because it's 16-17 a gram in Alberta,Moonbeam was trash but I am sort of biased because it's 16-17 a gram in Alberta,27,27,4
eegav4l,"In the voice of [NAME] from The Office ""Incorrect. You didn't *Pin* anyone""","In the voice of [NAME] from The Office ""Incorrect. You didn't *Pin* anyone""",27,27,4
efarbmb,"It is though, you just want that to be false.","It is though, you just want that to be false.",27,27,4
ef0qtux,I feel sorry for this little girl. She's legitimely scared.,I feel sorry for this little girl. She's legitimely scared.,24,24,5
eczm1a6,Dang... I’m learning all the secrets!,Dang... I’m learning all the secrets!,27,27,4
eemwklm,"I have my kids signal baño, the letter T in ASL so they don't disturb the class while asking. ","I have my kids signal baño, the letter T in ASL so they don't disturb the class while asking. ",27,27,4
eewv6ge,The way it took out that tree!!,The way it took out that tree!!,27,27,4
ed51u06,"Shame ,your quite cute ","Shame ,your quite cute ",0,0,3
eep5zgh,I'm laughing because this exact thing happened to me.,I'm laughing because this exact thing happened to me.,1,1,3
efh9qa9,Yea I’m into this I guess. So thanks for that(?),Yea I’m into this I guess. So thanks for that(?),15,15,3
eekmrgr,Doing something you don’t like can be hard for anyone but if you just keep your end results in mind you can do anything!,Doing something you don’t like can be hard for anyone but if you just keep your end results in mind you can do anything!,4,4,3
edjzhjd,iS thIs a MeTapHor FoR LifE?,iS thIs a MeTapHor FoR LifE?,7,7,6
eeg90ek,Or just get the fuck out and never look back.,Or just get the fuck out and never look back.,2,2,0
efgws64,maybe now it'll go up to 3 an hour😎,maybe now it'll go up to 3 an hour😎,27,27,4
ef0bxvd,[NAME] is such a gift. I love him.,[NAME] is such a gift. I love him.,18,18,3
edmd8j9,I’m super excited and waiting for the FOV slider to put on the live server.,I’m super excited and waiting for the FOV slider to put on the live server.,13,13,3
eersflu,I heard it's because of florida crime reporting laws - I.e. the same stuff could be happening elsewhere but it wouldn't make the press?,I heard it's because of florida crime reporting laws - I.e. the same stuff could be happening elsewhere but it wouldn't make the press?,"6,7",6,6
edhu00c,"I came here once accidentally, saw your commend and now, 2 weeks later, I totally understand. ","I came here once accidentally, saw your commend and now, 2 weeks later, I totally understand. ",27,27,4
eey57jf,"When people are insecure, they'd rather have somebody who is strong and wrong than someone who's weak and right, - [NAME]","When people are insecure, they'd rather have somebody who is strong and wrong than someone who's weak and right, - [NAME]",27,27,4
ed0hvin,Her little baby frown is adorable,Her little baby frown is adorable,0,0,3
eesxrah,This... I don't think this is Ohio...,This... I don't think this is Ohio...,6,6,6
edgk0rz,"Oh look, they’re little footballs!","Oh look, they’re little footballs!",27,27,4
edj5ocz,"Okay, I’m honestly curious as to why it is you’d assume that?","Okay, I’m honestly curious as to why it is you’d assume that?",7,7,6
eczyqul,That's really interesting. Thank you for the information. It's just hard to imagine lives you'll never live.,That's really interesting. Thank you for the information. It's just hard to imagine lives you'll never live.,"13,15",13,3
edwu7p4,True! I guess we all cheer for salt lake? Since they are directly affiliated with us.,True! I guess we all cheer for salt lake? Since they are directly affiliated with us.,4,4,3
edk60x0,agreed 100% if's freakin ridiculous! I think YouTube pays them to influence you to pay for the You Tube subscription just to NOT see these ads!,agreed 100% if's freakin ridiculous! I think YouTube pays them to influence you to pay for the You Tube subscription just to NOT see these ads!,4,4,3
eed882x,"Shhhh let them have it, they need this. They are still living in 1990 lol","Shhhh let them have it, they need this. They are still living in 1990 lol",1,1,3
eeqxnjb,This is disgusting.... please make more.,This is disgusting.... please make more.,11,11,1
eedu8i4,she also goes on to claim her memory started at 10 months old,she also goes on to claim her memory started at 10 months old,27,27,4
eda5raz,we deserve to lose after that,we deserve to lose after that,9,9,5
ef8l099,I'm Tent,I'm Tent,27,27,4
edn3p80,Damn. Also awesome for the victims and others who spoke out about the abuse.,Damn. Also awesome for the victims and others who spoke out about the abuse.,0,0,3
ed4l6hn,I will have one of each please. Not just far left and right. All. Any doubles you might have as well. Thanks byeee,I will have one of each please. Not just far left and right. All. Any doubles you might have as well. Thanks byeee,15,15,3
ed0n5li,Really? How would they know what pharmacy you want to visit?,Really? How would they know what pharmacy you want to visit?,7,7,6
edw2xc2,excuse me what. [NAME] played midfield pretty much the entire half of last season for Liverpool,excuse me what. [NAME] played midfield pretty much the entire half of last season for Liverpool,0,0,3
ee3vgdl,She better!!! .....nobody else will,She better!!! .....nobody else will,0,0,3
edxgh62,It also makes me cry! but because it shows how far [NAME] has fallen...,It also makes me cry! but because it shows how far [NAME] has fallen...,25,25,5
ee9slnf,"Intended as a ""it's funny because it's true"" not ""this is hilarious""","Intended as a ""it's funny because it's true"" not ""this is hilarious""",1,1,3
ee3vdmt,Concas! In vic park. Been closed down multiple times for health and safety violations lol,Concas! In vic park. Been closed down multiple times for health and safety violations lol,27,27,4
ef5zkc0,That beat is mad smooth,That beat is mad smooth,0,0,3
eef732o,"Tbh, I think that sub was created because they got bodied here in arguments. ","Tbh, I think that sub was created because they got bodied here in arguments. ",27,27,4
ede4md6,I am proud to be racist No one in real life will know this,I am proud to be racist No one in real life will know this,21,21,3
efa9b9m,I feel like you need to get out of your current situation for the sake of your own happiness.,I feel like you need to get out of your current situation for the sake of your own happiness.,5,5,3
ef7rj8o,They scammed you by wasting your time,They scammed you by wasting your time,27,27,4
edcp0s2,why are you a detective all of a sudden,why are you a detective all of a sudden,6,6,6
eedoh1d,"Hi, this is ISIS. Yes, we did that.","Hi, this is ISIS. Yes, we did that.",27,27,4
edm1ttz,Muddy Rudder has Irish music on Sunday evenings.,Muddy Rudder has Irish music on Sunday evenings.,27,27,4
edzc19h,You've shifted the goalposts from first novel to first modern novel... You people always complain that incels don't provide any support for their claims.,You've shifted the goalposts from first novel to first modern novel... You people always complain that incels don't provide any support for their claims.,27,27,4
eeiav5d,aye they buggin for no reason im just saying good job keep it up.,aye they buggin for no reason im just saying good job keep it up.,"0,15,20",0,3
ef20i5f,And publicly claimed he banged [NAME].,And publicly claimed he banged [NAME].,27,27,4
eeu8i9q,Note to self - Stay out of the water.,Note to self - Stay out of the water.,27,27,4
edx6edl,These style skins remind me so much of hollow knight,These style skins remind me so much of hollow knight,27,27,4
edac7nn,"Oh god, the one common denominator strikes again and is rubbing off on the other players. We're doomed, back to the drawing board in 2020","Oh god, the one common denominator strikes again and is rubbing off on the other players. We're doomed, back to the drawing board in 2020",9,9,5
eemb4h5,for when [NAME] cries to Medium,for when [NAME] cries to Medium,27,27,4
ednb8vq,"In looking at the questions answered in the AMAs following the [NAME] podcast, I don't see any related to [NAME] or race/IQ. ","In looking at the questions answered in the AMAs following the [NAME] podcast, I don't see any related to [NAME] or race/IQ. ",10,10,0
eez206x,Hopefully we can get this solved soon.,Hopefully we can get this solved soon.,"8,20",8,3
ee8ulad,Was that an airbag at your legs/feet area?,Was that an airbag at your legs/feet area?,7,7,6
ee4g8ql,This made me spit out my coffee. But I feel [NAME] is too regal. How about [NAME]?,This made me spit out my coffee. But I feel [NAME] is too regal. How about [NAME]?,7,7,6
eebepp3,I’m surprised by how quickly they were able to get a graphic for Kent.,I’m surprised by how quickly they were able to get a graphic for Kent.,26,26,6
ef6t8k6,"i disagree with that, you cant say everyone in the country does that, you dont know every [NAME] and their entire life stories stories","i disagree with that, you cant say everyone in the country does that, you dont know every [NAME] and their entire life stories stories",10,10,0
edhuxz1,Mostly because they're not completely stupid. They don't have the support in the senate to pull it off.,Mostly because they're not completely stupid. They don't have the support in the senate to pull it off.,10,10,0
ed9dxjx,"Correct! Unfortunately, we're looking for a bit more computing experience than knowing what site you're on. Thanks for your interest though.","Correct! Unfortunately, we're looking for a bit more computing experience than knowing what site you're on. Thanks for your interest though.",15,15,3
edx5nla,Chill. Not everyone is perfect.,Chill. Not everyone is perfect.,4,4,3
ee0q7ly,I don't think you can find a better support line in contenders than alarm and elk. absolutely insane and clutch it's unbelievable,I don't think you can find a better support line in contenders than alarm and elk. absolutely insane and clutch it's unbelievable,26,26,6
edfmk6s,Good for you for shutting that door! You are not responsible for him. He’s a grown ass man who made his own mistakes.,Good for you for shutting that door! You are not responsible for him. He’s a grown ass man who made his own mistakes.,2,2,0
eectrzo,"I always laugh at the statement above. ""Qualified to give a urine sample?"" ""Huh?""","I always laugh at the statement above. ""Qualified to give a urine sample?"" ""Huh?""",1,1,3
eey5pn3,What's your best [NAME] story? You rock btw!,What's your best [NAME] story? You rock btw!,0,0,3
ef4uard,If [NAME] was looking out for him why did he let him get into the accident in the first place? Guess he wasn't paying attention.,If [NAME] was looking out for him why did he let him get into the accident in the first place? Guess he wasn't paying attention.,27,27,4
ed8adkk,Limits... vote yes.,Limits... vote yes.,27,27,4
eedt3un,It’s tinder no one cares if they get blocked cringe to you is funny to them,It’s tinder no one cares if they get blocked cringe to you is funny to them,"1,17",1,3
ees5p0w,I can't tell if this is a happy or sad ending. 😐,I can't tell if this is a happy or sad ending. 😐,6,6,6
eemglel,i’m so proud of you!! good job dude!! :),i’m so proud of you!! good job dude!! :),"0,21",0,3
edp44sl,I miss the confetti cakes :(,I miss the confetti cakes :(,25,25,5
ed76k7d,"Its an mlm in disguise, branded to appeal to the college demographic. I got the fuck out ","Its an mlm in disguise, branded to appeal to the college demographic. I got the fuck out ","2,3",2,0
ef0qqe4,LOVE THIS!!,LOVE THIS!!,0,0,3
ef39njz,You can go on the offical league forum and look for people.,You can go on the offical league forum and look for people.,4,4,3
eenrhtj,You misspelled Eastern Russia,You misspelled Eastern Russia,27,27,4
ed4bh9f,Looks like a bookshelf to me,Looks like a bookshelf to me,27,27,4
eeu9cs1,And I can't call the capitol switchboard to express my concern about this because the government is shut down. Awesome.,And I can't call the capitol switchboard to express my concern about this because the government is shut down. Awesome.,0,0,3
ed9qozj,Only good ones.,Only good ones.,27,27,4
eelgsh2,Wellllll...it's a look.,Wellllll...it's a look.,4,4,3
edit49m,I have more faith in [NAME] than anyone on the court to make a 3. Strange world,I have more faith in [NAME] than anyone on the court to make a 3. Strange world,20,20,3
ef5htv6,Shes 43 with 4 kids. That's so far past the wall it's not funny.,Shes 43 with 4 kids. That's so far past the wall it's not funny.,27,27,4
eexx4hm,"Ah yes, the romantic concept of a meal in bed.","Ah yes, the romantic concept of a meal in bed.",4,4,3
eekeawl,That sounds like a good system.,That sounds like a good system.,0,0,3
edfx3j5,It's a loooong story with some awkward weirdness haha,It's a loooong story with some awkward weirdness haha,1,1,3
eeavkfl,Big OUCHIE!,Big OUCHIE!,27,27,4
eeebcgg,Your Mom was ruled by [NAME] dynasty that happened to be Macedonian for the next three centuries.,Your Mom was ruled by [NAME] dynasty that happened to be Macedonian for the next three centuries.,27,27,4
eczj0e1,High IQ post. I imagine this is exactly what’s going to happen.,High IQ post. I imagine this is exactly what’s going to happen.,27,27,4
edhuw7p,> [NAME] That is going to get sooo confusing if he does join our division.,> [NAME] That is going to get sooo confusing if he does join our division.,6,6,6
eewk7ys,Awesome guys! Thank you for the ideas. It interesting to see what people will do depending on whether they play killer or survivor lol,Awesome guys! Thank you for the ideas. It interesting to see what people will do depending on whether they play killer or survivor lol,"0,15",0,3
ed92tx2,That is interesting. Can you site some sources or anything on this matter ? I am genuinely intrigued .,That is interesting. Can you site some sources or anything on this matter ? I am genuinely intrigued .,7,7,6
edv4tod,Really? I had no idea the bioavailability was the same,Really? I had no idea the bioavailability was the same,"7,26",7,6
ed1i773,Awe man thank you ♥️♥️,Awe man thank you ♥️♥️,"0,15",0,3
efgn9xa,So is she worth switching from Skye,So is she worth switching from Skye,27,27,4
edrhln2,This is so cringey it hurts. I feel so bad for whoever sent this because they are so stupid.,This is so cringey it hurts. I feel so bad for whoever sent this because they are so stupid.,"9,25",9,5
eegxfxe,I understand your point. But I’d still rather get some stuff stolen than lose a member of the family.,I understand your point. But I’d still rather get some stuff stolen than lose a member of the family.,3,3,0
eeemrwg,"My hunch is, this is not the first or last wedding this bar has seen","My hunch is, this is not the first or last wedding this bar has seen",27,27,4
eds1uxs,Thank you! [NAME] seems to realize how toxic this fanbase can be also.. Now lets hope you all keep your composure whether we win or lose week 1.,Thank you! [NAME] seems to realize how toxic this fanbase can be also.. Now lets hope you all keep your composure whether we win or lose week 1.,27,27,4
eelc39p,"You'd think, but people are given a lot of leeway. Hell, in the South, public schools are allowed to spank children.","You'd think, but people are given a lot of leeway. Hell, in the South, public schools are allowed to spank children.",27,27,4
edlotdx,"Glad you’re doing better internet stranger, and I hope you continue to know peace and happiness. Be well.","Glad you’re doing better internet stranger, and I hope you continue to know peace and happiness. Be well.","17,20",17,3
eeemmzq,Apparently my state 😔,Apparently my state 😔,27,27,4
ed5fzc8,"You're right, thanks for pointing that out, I've edited it now. Carry on.","You're right, thanks for pointing that out, I've edited it now. Carry on.","4,15",4,3
ee68h6r,Oh for sure. Sometimes I wonder if they are actually harming there cause with the over the top hypocrisy the newcomers seem to see it quite quickly.,Oh for sure. Sometimes I wonder if they are actually harming there cause with the over the top hypocrisy the newcomers seem to see it quite quickly.,26,26,6
edhgogk,"Just don't cross the Tigers, hmmmm?","Just don't cross the Tigers, hmmmm?",27,27,4
ee2rswy,"Fantastic pub, went there last year as part of the liquid history pub tours. ","Fantastic pub, went there last year as part of the liquid history pub tours. ",0,0,3
eerrxjg,32nd? It felt like 99th or something...,32nd? It felt like 99th or something...,"6,7",6,6
ee7f4b8,You get her off 3 times and she doesn't finish you? That seems very selfish.,You get her off 3 times and she doesn't finish you? That seems very selfish.,27,27,4
ef5oovf,Here in America too. Those counter protesting fascist get thrown in jail and pepper sprayed like animals. It makes no sense that this happens.,Here in America too. Those counter protesting fascist get thrown in jail and pepper sprayed like animals. It makes no sense that this happens.,"2,3,10",2,0
ee6o1mk,Sweaty little incel virgin,Sweaty little incel virgin,27,27,4
ed9q88b,"Gotcha. I was married a few years before that, but you might have known my sister. She dated a guy in your branch named [NAME]","Gotcha. I was married a few years before that, but you might have known my sister. She dated a guy in your branch named [NAME]",27,27,4
edojqsb,Food must be good then. It looks good. Besides the wood plank lol,Food must be good then. It looks good. Besides the wood plank lol,"0,1",0,3
ef0l1n5,TAMAR ESPECIALLY!!!,TAMAR ESPECIALLY!!!,27,27,4
eeodqq2,"I'm a little sad that there's not actually a video called Dance of the Hillary, virus or not.","I'm a little sad that there's not actually a video called Dance of the Hillary, virus or not.",25,25,5
eedegp1,Loathing Big Pharma has nothing to do with being anti-vax.,Loathing Big Pharma has nothing to do with being anti-vax.,10,10,0
eeygkpf,Okay this is really promising stuff. I'm definitely excited for this.,Okay this is really promising stuff. I'm definitely excited for this.,"13,20",13,3
edpohoj,Yard goats was awesome. Almost a major league feel to it when it’s a packed day,Yard goats was awesome. Almost a major league feel to it when it’s a packed day,0,0,3
ed2exc8,He doesn't realize she's banging the ukulele guy.,He doesn't realize she's banging the ukulele guy.,27,27,4
edrcdu7,[NAME] dumb friends wanted him with the little baddie. and now he's gonna end up back in jail. Oh [NAME] I love [NAME].,[NAME] dumb friends wanted him with the little baddie. and now he's gonna end up back in jail. Oh [NAME] I love [NAME].,18,18,3
efdl37e,So people will support him in this fake news quick reaction political environment,So people will support him in this fake news quick reaction political environment,27,27,4
eed43l9,"> You don't own them so that they will give you eggs, you saved them and now coincidentally they give you eggs. This!","> You don't own them so that they will give you eggs, you saved them and now coincidentally they give you eggs. This!",27,27,4
eeuzpi9,"Does that idiot not realize he's roasting himself by calling [NAME] a bad lawyer? You worked with him for a decade, moron.","Does that idiot not realize he's roasting himself by calling [NAME] a bad lawyer? You worked with him for a decade, moron.",3,3,0
edr3vme,Put the dip in your butthole. Better buzz and no risk of losing your jaw,Put the dip in your butthole. Better buzz and no risk of losing your jaw,27,27,4
efh0bdy,Thanks for sharing. Lies like this make it harder for the real ones to share and get justice,Thanks for sharing. Lies like this make it harder for the real ones to share and get justice,15,15,3
ee5bnyw,"This seems like a good as time as any to ask, what's some hype super robot stuff to check out? I've only ever seen Gurren.","This seems like a good as time as any to ask, what's some hype super robot stuff to check out? I've only ever seen Gurren.",7,7,6
efgvews,Do what your username is. They aren't comparable is the slightest.,Do what your username is. They aren't comparable is the slightest.,27,27,4
edi7yht,He's messing with my emotions and my fantasy hockey pool....,He's messing with my emotions and my fantasy hockey pool....,3,3,0
ef8fpqu,Didn’t know he had his initials on his thigh pads too,Didn’t know he had his initials on his thigh pads too,22,22,6
edton0g,I hope for Irelands sake you're right.,I hope for Irelands sake you're right.,20,20,3
eeznzou,Can't you tell that [NAME] is a serious threat to apprehend. All that alleged lying makes him a serious threat to others.,Can't you tell that [NAME] is a serious threat to apprehend. All that alleged lying makes him a serious threat to others.,10,10,0
ef18p9c,I feel extremely bad for people in this thread who are in any way shape or form relying on the federal government to improve their situation.,I feel extremely bad for people in this thread who are in any way shape or form relying on the federal government to improve their situation.,9,9,5
eey5eim,every time it gets a little wet and windy,every time it gets a little wet and windy,27,27,4
edxsdjs,Kind of uncool dude,Kind of uncool dude,27,27,4
ef6dg2i,Your kind honestly need to fuck off out of Ireland. Nobody wants your dumb fucking antisemitism here,Your kind honestly need to fuck off out of Ireland. Nobody wants your dumb fucking antisemitism here,3,3,0
eezgiqe,Alllllllllmooooooooost got ittttttttt.,Alllllllllmooooooooost got ittttttttt.,27,27,4
eeaq6n6,"By all means, go for it. We'll all be much happier when you're not dragging us down anymore.","By all means, go for it. We'll all be much happier when you're not dragging us down anymore.",4,4,3
ed8pbzk,She’s cute in both pics but whats up with the triangle chin on the left,She’s cute in both pics but whats up with the triangle chin on the left,0,0,3
edgbj6h,you are about to be beamed up,you are about to be beamed up,27,27,4
edt9nrx,"Me too, I just stood there clapping the whole time.","Me too, I just stood there clapping the whole time.",4,4,3
edl43g4,"I had a friend send me a 3+ hour paranoid conspiracy documentary, zeitgeist I think it was called... Wasted 10 minutes before I noped the fuck out..","I had a friend send me a 3+ hour paranoid conspiracy documentary, zeitgeist I think it was called... Wasted 10 minutes before I noped the fuck out..",2,2,0
edbdnwr,Is it possible you've been banned from them? I dont know how I feel about having the special privilege to view that sub lol.,Is it possible you've been banned from them? I dont know how I feel about having the special privilege to view that sub lol.,1,1,3
edolkf9,"In Catholicism, old is good. Truth does not change with the times. Malichi 3:6 ""...for I am the [NAME], I change not"".","In Catholicism, old is good. Truth does not change with the times. Malichi 3:6 ""...for I am the [NAME], I change not"".",0,0,3
edoewx5,Crime in the park is the only kind of crime that matters for the sake of this discussion. Your generality does not apply here.,Crime in the park is the only kind of crime that matters for the sake of this discussion. Your generality does not apply here.,10,10,0
ef94f03,Wife left me and I am just broken. relapsed tonight from 7 years clean and just not seeing a point anymore,Wife left me and I am just broken. relapsed tonight from 7 years clean and just not seeing a point anymore,25,25,5
ee19srl,"its not about claiming its yours, its just about where it is from","its not about claiming its yours, its just about where it is from",27,27,4
eebu17b,Rich is also a name,Rich is also a name,27,27,4
eeeved3,I really pity those unfree Cuban babies. It’s just sad.,I really pity those unfree Cuban babies. It’s just sad.,25,25,5
ed88wg5,Even worse.,Even worse.,11,11,1
ef55sqj,"Damn, we need healthy PGs.","Damn, we need healthy PGs.",3,3,0
ee4utnt,Ik I’m crying rn,Ik I’m crying rn,25,25,5
ed5khaq,Completely valid point but [NAME] is better than anyone [NAME] had to work with.,Completely valid point but [NAME] is better than anyone [NAME] had to work with.,0,0,3
ed20116,FWIW this was also posted yesterday,FWIW this was also posted yesterday,22,22,6
ef16i3p,[NAME] had them a few months ago. Friend bought some for her sick dog.,[NAME] had them a few months ago. Friend bought some for her sick dog.,5,5,3
ednqwtf,oh c'mon - i wanna see you defend old testament slavery some more!!!,oh c'mon - i wanna see you defend old testament slavery some more!!!,8,8,3
ee0odih,"Everyone's probs already said it, but lats and chest, legs are big quad energy. Keep up the good work","Everyone's probs already said it, but lats and chest, legs are big quad energy. Keep up the good work",0,0,3
ef9g3oy,Of all 3 trilogies the Prequels pander the most to children. Even with its monotonous political banter.,Of all 3 trilogies the Prequels pander the most to children. Even with its monotonous political banter.,27,27,4
edg03ai,Don't get insulted by it,Don't get insulted by it,5,5,3
eevqkpu,I agree! I loved him as [NAME] and I wish the writing had been better. He's amazing.,I agree! I loved him as [NAME] and I wish the writing had been better. He's amazing.,"0,18",0,3
ed9ddbo,"How do we know you're not a Mossad agent? I mean, not right now but, what if you joined in the future? /s","How do we know you're not a Mossad agent? I mean, not right now but, what if you joined in the future? /s",27,27,4
eed4zsi,Big and smooth as a marble.,Big and smooth as a marble.,27,27,4
ee3azyb,RantGrumps in a damn nutshell,RantGrumps in a damn nutshell,27,27,4
eexxip6,[NAME] might actually be able to pick her up and carry her without huffing and puffing now? 😳😓,[NAME] might actually be able to pick her up and carry her without huffing and puffing now? 😳😓,27,27,4
ee1qdz6,"It's my dream to one day have a completely black wardrobe. For now, I'm stuck with the clothes my mom picks out for me.","It's my dream to one day have a completely black wardrobe. For now, I'm stuck with the clothes my mom picks out for me.",8,8,3
eeq77da,"Look I'm not saying that I agree with them, theres no need to be an asshole","Look I'm not saying that I agree with them, theres no need to be an asshole","2,10",2,0
edd1lwx,Maybe you just enjoy the process of digging? Does it have to be somebody you’re attracted to or have you tried stalking a random person?,Maybe you just enjoy the process of digging? Does it have to be somebody you’re attracted to or have you tried stalking a random person?,27,27,4
ed0xg86,"Gotta love these kids! When they do or say the cutest things like that, it really makes u melt....... Enjoy OP!!!","Gotta love these kids! When they do or say the cutest things like that, it really makes u melt....... Enjoy OP!!!","17,18",17,3
edksjof,Looking forward to seeing these people have their characters die in sudden and extravagant ways.,Looking forward to seeing these people have their characters die in sudden and extravagant ways.,27,27,4
ed7z5ry,"INTP or not, that’s the universal language of interest, at least in my book.","INTP or not, that’s the universal language of interest, at least in my book.",27,27,4
ef0jr91,People say 'confidence is attractive' which is definitely true. That doesn't mean that being arrogant or pretending to be confident is attractive.,People say 'confidence is attractive' which is definitely true. That doesn't mean that being arrogant or pretending to be confident is attractive.,4,4,3
edob826,"Please ask questions about moving to Denver in the Q&A sticky, thanks! Short answer: no ","Please ask questions about moving to Denver in the Q&A sticky, thanks! Short answer: no ",15,15,3
eenqx85,"I've heard how hard it is to get into nursing programs, congratulations!","I've heard how hard it is to get into nursing programs, congratulations!",15,15,3
edzcy6z,If I had that I’d stop working and travel full time. I do not understand the avarice of the wealthy. It makes no fucking sense.,If I had that I’d stop working and travel full time. I do not understand the avarice of the wealthy. It makes no fucking sense.,9,9,5
eegetzg,I'd trust someone who is bound by regulation over [NAME] from Essex who blames immigrants cos he was fired for sleeping on the job,I'd trust someone who is bound by regulation over [NAME] from Essex who blames immigrants cos he was fired for sleeping on the job,27,27,4
eed7qb0,I'm more interested in why there are goldfish in the picture...,I'm more interested in why there are goldfish in the picture...,13,13,3
ed7ifbd,Man I know youre joking but they swept us and still got the better pick. Pretty lame.,Man I know youre joking but they swept us and still got the better pick. Pretty lame.,3,3,0
eeebmhi,I don't think this happened at all tbh,I don't think this happened at all tbh,10,10,0
edvok5j,I truly hope so,I truly hope so,20,20,3
edpy32u,"Very good advise, I did not realize this. I guess there is more risk in a lease than what I initially thought. ","Very good advise, I did not realize this. I guess there is more risk in a lease than what I initially thought. ",5,5,3
eejxciz,You think people want to marry me. Joke's on you homes.,You think people want to marry me. Joke's on you homes.,1,1,3
ee0k6ng,Don’t you just hate when they deforest the Sahara desert?,Don’t you just hate when they deforest the Sahara desert?,27,27,4
eduzbw1,Wait a second what? The asshat found the story? Can someone teach me how to use the way back machine so i can read this?,Wait a second what? The asshat found the story? Can someone teach me how to use the way back machine so i can read this?,6,6,6
edfmq79,Tiny long whiny mewl. Hangry doesn’t happen for another 6 hours.,Tiny long whiny mewl. Hangry doesn’t happen for another 6 hours.,27,27,4
ed4c07a,Why is [NAME] smile at the beginning the best part of this whole thing?!,Why is [NAME] smile at the beginning the best part of this whole thing?!,7,7,6
ef79hcp,I fully agree. What works for one doesn't worth for another. Good luck.,I fully agree. What works for one doesn't worth for another. Good luck.,4,4,3
edge00c,I never even knew there were bullies in school unit I was out of school and read about bullies in school.,I never even knew there were bullies in school unit I was out of school and read about bullies in school.,"22,26",22,6
eessito,"Ohh, whoops. I still don’t agree but I see my mistake ","Ohh, whoops. I still don’t agree but I see my mistake ",10,10,0
ef8wa9n,"He’s such a little bitch, impossible to like","He’s such a little bitch, impossible to like","2,3",2,0
ef7webw,Don't see a W tonight. We need a miracle.,Don't see a W tonight. We need a miracle.,8,8,3
eeb2y2u,The sea was angry that day my friends...,The sea was angry that day my friends...,2,2,0
eekh0zq,What a beauty,What a beauty,0,0,3
edy1545,The other person was [NAME] on Hell's Kitchen. Shot herself in 2007.,The other person was [NAME] on Hell's Kitchen. Shot herself in 2007.,27,27,4
eetk2u6,"> the adventure starts in the year 776 Fuck, wait, really?","> the adventure starts in the year 776 Fuck, wait, really?",7,7,6
eczfs6b,Incredibly frustrating.,Incredibly frustrating.,3,3,0
eeznsow,I too am a vaginal flap surrounded by useless flesh. Let us fly into the sunset and get raped.,I too am a vaginal flap surrounded by useless flesh. Let us fly into the sunset and get raped.,27,27,4
ed1so06,Enjoying Mummers. I'm from Philly. I kind of terrified as they just used Skyrim music....,Enjoying Mummers. I'm from Philly. I kind of terrified as they just used Skyrim music....,"13,17",13,3
edt0dvz,That's good eatin' mate.,That's good eatin' mate.,0,0,3
eevfn1s,Yeah imagine if he had been as efficient as the beginning of the season. We would have at least 2 more.,Yeah imagine if he had been as efficient as the beginning of the season. We would have at least 2 more.,9,9,5
edyls9d,"Bide your time, keep your eyes open, and build the reputation and relationship needed. The opportunity will come.","Bide your time, keep your eyes open, and build the reputation and relationship needed. The opportunity will come.","8,20",8,3
ee5dx9l,"Me, joining in everyone in the room saying it when she appears....","Me, joining in everyone in the room saying it when she appears....",27,27,4
ed50ua4,"Dammit, you know I proof read this and I thought it changed correctly but I guess it didn't.","Dammit, you know I proof read this and I thought it changed correctly but I guess it didn't.","6,22",6,6
eeobtjx,No it isn't. Not much than your OP. You just have nothing outside of your feelings.,No it isn't. Not much than your OP. You just have nothing outside of your feelings.,27,27,4
ef2pdzn,I heard of people doing that in the dorms freshman year and hadn't thought of it since. People said it worked.,I heard of people doing that in the dorms freshman year and hadn't thought of it since. People said it worked.,4,4,3
efaqexv,I like it,I like it,18,18,3
effplzu,Can't believe me and my family were gonna leave five minutes early to beat the traffic. Honestly the best game I've ever seen live,Can't believe me and my family were gonna leave five minutes early to beat the traffic. Honestly the best game I've ever seen live,26,26,6
eej6pw8,"Now we just need to kill [NAME] if [NAME] wasn't saved to really even the odds with her, similarly to [NAME] with [NAME]. ","Now we just need to kill [NAME] if [NAME] wasn't saved to really even the odds with her, similarly to [NAME] with [NAME]. ",22,22,6
ed7f4rm,I was forced into college and I wasted my gpa :(,I was forced into college and I wasted my gpa :(,9,9,5
edabm5a,"4 5 everybody in the car, so come on let's ride!","4 5 everybody in the car, so come on let's ride!",27,27,4
eepwhro,Ok. Good idea!,Ok. Good idea!,"0,4",0,3
eevy72t,Hahaha so I’m no longer going to worry about it then lol,Hahaha so I’m no longer going to worry about it then lol,"1,20",1,3
eczm86v,Sorry I forgot you guys beat Pitt. Congrats on your 2 win season.,Sorry I forgot you guys beat Pitt. Congrats on your 2 win season.,0,0,3
ed79alu,"Sheet cake did *nothing* to you, man","Sheet cake did *nothing* to you, man",27,27,4
eer7q6k,If this happens in my dream then I will get up and do this.,If this happens in my dream then I will get up and do this.,8,8,3
ed8y73y,And now I'm hungry. Thanks.,And now I'm hungry. Thanks.,15,15,3
edpq6cw,I don't think playing with her hair would work. Thats just creepy.,I don't think playing with her hair would work. Thats just creepy.,3,3,0
edy1rlg,"as a kpop stan and a army, i am very disappointed","as a kpop stan and a army, i am very disappointed",9,9,5
eepu3bf,"Yeah, and I don’t know why, it was totally out of character for me...","Yeah, and I don’t know why, it was totally out of character for me...",27,27,4
eekk826,what a psycho,what a psycho,3,3,0
eeqrhdo,"They are children, they have no souls. ","They are children, they have no souls. ","4,5",4,3
ed2fq86,I would love a game with either of these two!!! 2nd choice being Caracalla!,I would love a game with either of these two!!! 2nd choice being Caracalla!,18,18,3
edhhkje,"That’s what I’m thinking too, so I may just go with the referral after all. Thanks again for the help!","That’s what I’m thinking too, so I may just go with the referral after all. Thanks again for the help!",15,15,3
eezc65u,The essay is optional.,The essay is optional.,27,27,4
edduyro,Waiting for both of these things is torture,Waiting for both of these things is torture,27,27,4
edy4kl7,Easy just include [NAME] to continue to torment [NAME],Easy just include [NAME] to continue to torment [NAME],27,27,4
efeeasc,Thanks. I was diagnosed with BP 1 after the hospitalization as well.,Thanks. I was diagnosed with BP 1 after the hospitalization as well.,15,15,3
ef9c7s3,Well that makes sense.,Well that makes sense.,4,4,3
efbiugo,Daddy issues [NAME],Daddy issues [NAME],27,27,4
efbvgp9,So glad I discovered that subreddit a couple months ago. So good...,So glad I discovered that subreddit a couple months ago. So good...,0,0,3
edtjpv6,"Had to watch ""Elmo in Grouchland"" one time too many when my kids were little...musical Elmo / Oscar overdose...","Had to watch ""Elmo in Grouchland"" one time too many when my kids were little...musical Elmo / Oscar overdose...",27,27,4
