ReviewerID,ProductID,Star
AFKP7GPURJA6SIE2IQAPMQVFZYWA,B01K9AMG8E,4.380640389538675
AEHJ3SL5NHVDUH7ACAAJD3JYXTFA,B07N5K2V9H,3.983384348567663
AFLKS523NY36AY6WTAAKFAHYT7BA,B09P7LVYDR,4.7591689406975775
AEB6NY4IDOJQTFCHNUGKOKLXCZJQ,B0BK5CXZBT,3.887306745073949
AHSYUEHHWA3FIZAUAZYFN54OHZWQ,B077Y4JGQ1,4.449124649583027
AHRPH3DCPDNWEDZJAP7L4UJ6USOQ,B009WS7V5I,4.58977038293557
AGKGURGEUE4BGKGRI7AYW6TIKUBA,B0BKZ3GCGR,4.768934263972021
AGFB74WQOHVJP4PGF5QOXM5CXYQA,B000RXN6XI,4.671890217937165
AGPFCVE36JI4PXFC627LXEQTBD2Q,B00HX9F3ZS,4.86927605747771
AF6LC3PL7ATCSC6VQ2SX4PS2JNTA,B075R9DNGF,3.537003131380507
AE53UBM6H6SDUWZTV3Q6OJMJDB3A,B016CK4Q0G,4.702516478225974
AGWW735D5YTMQYBMUDXC4KOZAXDQ,B0BGXSRTB2,4.875525305904459
AHJUKDLBKDLRZWZ2OFNOSAYOCTZA,B0002E3FBA,4.779675377105949
AGV2HFYUYPDTCKHXP2VUSKKR43AQ,B0002OJPE6,4.333899051130721
AHYDVO5UKW3QHLF6UFSCEOGECGLQ,B002HJ9PTO,4.133579059928427
AH535Z72NTQFY4YZ7TXSYFP53ALA,B00CA8982Q,3.9337893603389116
AGXGOWEGH57GQAL7MFXUJYTDYVIA,B08G7X73ZN,4.7394701662472425
AGSUOVNK6FSW4EFQVPRMN4IMWJWA,B001E95KEC,4.668809761443522
AELSGY4WCLESJ7VLUYUHAJT4BHBQ,B0799734T4,4.633552614497537
AHQDVOYHBY33A6ARDSAA3AHORBJQ,B08CSQNMN5,4.822423554913549
AESPIYN2KPFNMATAZNRXTGG2RTUQ,B0089NNAFW,3.991372720044102
AGTDFPFY44MJBGGG754JMRA44TKQ,B07BC4KMQK,4.550095371265589
AEW3WN45BO5QRGK3RPQ2DREV4NGA,B000G3MV1W,4.711500237506121
AFV3OQHHDBYYDDQT7XU44VPQRLCQ,B0BKKZT1BQ,3.8112004143359703
AEC5RGUIQ3DZMJFZEPST5R4O7PPA,B08R5GM6YB,4.5822316006060255
AH6WGAEBHJQJLZJMQI6NM74ZKFGA,B07FZ5XBCJ,4.201657901794425
AF7SOBRJNAC5ORUZAMT2EJNH3RNQ,B00FPXDRQQ,4.10214000807178
AFQVJYB73FB4EMH4CHYJI6DQ64ZA,B08ZFQ8GLV,3.674722104263642
AHFJIW6GUHWLNDE6KIME3JB7GYVA,B0002KX5E6,4.546324841608577
AGNPTJJ3IN3Z6HMZAJECSJES7BBA,B08PMZQXN3,4.684505101302243
AEYIGWWXTT5AD4ZONPSHMK53WR2Q,B0002FO8CY,4.008151979717773
AF5XVNQXEWRDQHIEK4RIJU5JZGWQ,B00TV90MT0,4.796538343095854
AEIYX25CEO6PSO7NQUMSSIIXBMWQ,B0BT2Q42DV,4.86927605747771
AHQUW4WT7RGDAEWOMG7FZ3EKMINQ,B0046LGS0A,4.033457986474398
AF6AWOX5OCZXE4XLWROTNPEZWVLA,B09HCVN9M9,4.294168813128663
AHNG3NRGEDYO7E44QMYDHMBADPBA,B06XZ91CGG,4.315016615516626
AFOQTBFBJWHAZM2DSCVN4GIFZWVA,B0C61YCRKM,3.9506226416257304
AGSFWUWZB4NXQHKWYKBYB7JIGRJA,B07W44SZ95,3.884285717414165
AGU3467K6OPI2HEDABM5P2APPM5Q,B000NGVQKO,4.143374341554243
AFHI666HJMKCI4K6KYN72NLG6ZQQ,B07DWLYGKH,4.827393067070578
AGTUP64TUDREXZLFMZXLVWJQD4UA,B004EBR5VI,4.542095929887381
AEJFHFNVYIIZIDHJHDPGPKGYTQHQ,B09YDBKT7M,4.77703020099053
AFRGWN2OQMXTMFUCW7DBTJXXZC5A,B0BLLZYYPK,4.693538574425653
AENVRY2ODR5XXL24FXQFBQMXFM3A,B08BJGBHN7,4.6038089709972825
AFQ7VJBUAFMCD6WLRMNJVL5IZGUA,B000WKW8EY,4.783647223139315
AG3S4FROO422V5KP7DJCBXVUQLJQ,B019OO4IY6,4.749613432183844
AHWKKYJLZGHYBTMB74R5TRNY5JRA,B075MRMFM8,4.54504803608482
AHNOYSM6BGMCXVETNQNOKQBSXGTA,B095JMYLPZ,4.9038785052460865
AFLKPJZCNDA7M5RHJXFQZQYTJXZA,B07N5NPKRW,4.8269535559815795
AHY4BIN6TICBUHIUNKJTLVJ6WOMA,B00WGDS77C,4.387319506187639
AGSM4LM5MKYYD3CJPXAF3MIFGAEA,B01M9GJC5V,4.520550472041744
AHAMWA6AJD7RPNUGVOHWODNKI32A,B092LF6RLS,4.8227026110619
AEIORZCHRBVERYFCQZTGPTVUYIWQ,B0BLLXXT6F,4.319619085558838
AGQLFAMQA7WJBPRVDSZATYNGAGKQ,B0BCK6L7S5,4.45490025659795
AHTQJFXQNPHYWI6NCGNOLMNWHOMA,B0002D0JX8,3.7726060526685425
AGAKSCBPVTFI7CXR6L3UI66AHL4Q,B0071ML4N2,4.688067302132001
AHEMAURZYRCARVTVF6CQYTYE4I4Q,B01EY7NNSK,4.795927719888829
AGN6YXFPLQOIVURKG5LGZ76J4UWQ,B07N1RPV4J,4.716825552230247
AGGGVYN6UWSDL6N37L77RAJLFHTQ,B0B89ZSYS7,4.843962800653392
AFLI3BM2AJOV7JK6P2CWU2Y3QFQQ,B0BYXVCSGG,4.302341202469561
AHNPHPHF4TT5JPHYHNPI3OHTO36Q,B09RJZSQML,4.8807136607612565
AHX2CMSXBTB7L72QUQPXNSQRD26A,B0002M72JS,3.9814594534443817
AG2L77BTIVSYYB6ORTCR5HWPDZOQ,B09T7P2RNC,4.7416150010423825
AEXUUT6Q3B7KIV576X6RZDSZ46QA,B00LOAAME4,3.8647390283120155
AEXYZU6XCODDBB67J6MAJSN2NXIA,B0C5M1WZ9V,4.283000919347129
AHJ7KQRR6SH62UD4ESCUELE2BMZQ,B00AV557UC,4.349108216746389
AFK6CXFGEKRFSCV7ZY2VIJNDJLQA,B0938MMWSV,4.718259473611153
AEH7IOTDSZGSZLE74R7YMFXFZD6A,B0C61T841P,4.863417119652155
AHBQCICNAHDBS47M6LFAPV6LBFRA,B0C3LDN2TN,4.13129512031279
AG3S3WPA3YRI666NTL3Y4TINWYWQ,B083YRNPSR,4.851022560702899
AEQP2NXBADXJISSIYTTUXUBBKVEA,B0CBK1WSMR,3.9604725787191843
AGYUMKBBYKOVQKT2BDG6P76CXPSQ,B07MMKMKC1,4.297272582581943
AFV5UDD5Q4FBR57QCJGLL2SE7OHQ,B07WJ1FPX6,4.638326324686872
AEHWRW3PWRFQOIXVKEPJCY33O7BQ,B07KDYH2DF,4.219226130704964
AGTBJVGF6Z6FTHBKFPZFUEGV3NRA,B004FPEGT2,3.5629184578066724
AHE47OSHXNOJBJSUATR77ZKFXKDQ,B07SK3YRF2,4.513683544857912
AG3ML6ROY7CFJTLMPJYWIW7KXQ7A,B0BCK6L7S5,4.61116667607638
AHJ6I5S2GY3SD3HNECB4PK75BT3Q,B014MQ22XU,4.524581821050949
AHCPWTP2HVKZWDFJ2ESPXS6OJKHQ,B0C3PGFZ3H,4.497226103928542
AG33SC352BGAEXJJGKUGEYAOZJZQ,B01BZTGSC8,4.595699321828076
AFOAF2ZM5JEUC4HEXDCSQVRN4VBA,B07112LZSM,4.179203091712773
AERSZ2M6JUHJEJ27PX5SS5JGHCHQ,B095BQ6T33,4.1660110511292245
AFOF3QHFHEPGQ7QQJBGWFJAC7RMQ,B00FSDBTHW,4.178999485280786
AHLBYQU25Y3KOTNGDXLQG4QTI2VQ,B01GMWH5PC,3.975644192636363
AHJBRDZIS3BYBISIRTW4ONRLNJMA,B0B8Z5SW8Q,4.416720128542639
AHIAM5SDVPJAM67HKUJHCSWLVMFQ,B0C6HZ2BJ4,4.61344182284545
AHT5VICCGHXRSEGPZZZOCIN2KF4A,B009756KE4,3.5508895619307737
AFTISDTHOS27BWGSWKZ2S27ABVGQ,B07FYJNJJH,4.670079788770878
AHP45X564BZWISH5MADW4Z24ACHQ,B002NGMBGA,4.559210734048612
AEOM4BJ3MA6T6Y2JD23KRHYMUOXA,B0B2T32W46,4.871550862602922
AG236DA5TDMWWP4NCFS7HWJ23HYQ,B091YFQGCJ,4.847785890337565
AEBCO7YV3RWXD7SIH57FFGWKENUA,B00OYUSHJS,4.538954985802198
AHAVMJ7OKLRLFKHUSZEZQHPQCHWQ,B00INZY55K,4.450410656244083
AGQMTPWXG6UUCT6VFJBXBLWONEFA,B00NPAMDQ6,4.694575584818698
AFQ3H6LDLAE47OMXF67GWCCRUIOA,B071YBCYQQ,4.712430352042428
AGTSSEXHZYERJYNWF2UYM7PBHTOQ,B0BP3MNJKN,4.2698300278097365
AFASAOSH3DUTLSA4DWSQGJR25GWA,B09PJ3N73Y,4.771239459539633
AGWJ3WOKO6JPVGAPDSYZJCAOAD2Q,B00KXQIY86,4.200161917788149
AHHTYXG5DLE4VN7NQLY5LP6USH5A,B07RG6P3N1,4.395149830775107
AGFGZYNZBXCGUPAOIXDZGH7ZHN2Q,B0002E3GO6,4.133382374919586
AHCWSKQIDST34SUY5LKWWLBPDRDA,B00YJ5C46K,4.687039064683097
AF4RDK3DARVW2FRALUHV5BMHMCGQ,B00P2EKHDO,4.645682892375677
AHZNQTN4Q5TKNSVNKIXJU64LJEAQ,B06XHCSY28,4.48801671278457
AGLTOOTGDPFOHALWBAIXHBE42FRQ,B0C6HZ3ZVT,4.133929028943357
AE3D7XQZGHDYL7IAZHVBOES772ZA,B00X87FAOI,4.11641811285011
AGYVIJCXTIRUKHIIJBRWW4ZYCCRQ,B0C6HZHZJJ,4.83346075700105
AEWUW6NYZW7533JCI6UJWDZAIPJA,B0002T67K6,4.742845560928087
AE7U4PM3XC5EL3Z5UITQR2E2DD2Q,B077DJBDZZ,4.427795208560698
AEVIDOETQTYGFWUVJGTIDMWH4YFQ,B00N5TH2H2,4.683362949465154
AGH6SW7MNE4SSGACMJTHYLIKLIFA,B01B23BA98,4.4151521290141815
AHHG3FREHN4EZOSRVIH2UD5YM46Q,B0B3VQQ6XY,4.228608624679237
AHNG3NRGEDYO7E44QMYDHMBADPBA,B01DPCONFM,4.140828448706466
AH2LUXXMIH4QXRDFOSLGZA6R7CMA,B076PN1263,4.731791174462947
AEZNY25GTTQBWES2TRWYEZGDM32A,B0B9S8G4HD,4.1105362969138595
AHXKSJKTLH4DNQ57FCNOH6MYOTLQ,B07T3Z11QJ,4.7290742147768965
AE5YND4EAVEPMNPKPXODEBVHSG5Q,B004U2HT9Y,4.410661445574293
AH4AIWIVLN43SGJGK45W4FCJB5GQ,B08LRLRRKM,4.673719559514069
AG64SW2Z4TEZG4IWEGEUFEEZBTRQ,B09BF8XDF4,4.416147765692724
AFPG7J4AME6QVSARKPXTOXWUR6DA,B09V4N515D,4.30233047319597
AHBYNOMVJ37DFQK2322JKNXW37VA,B017DNZ3XK,4.6686996876535565
AG3QPT6XXHWPA6BFADE5XSVAVYOA,B0BKZ6FK4D,3.913240454778407
AHI2JCT4QVCJLQICAO64CYXQ3NVQ,B0BKZ6M28F,4.353364032361864
AGCBRKJSQECOQJM23WHBKDDOXCGQ,B083MWZ1DN,4.248212302421843
AGOVVFMZ7IPENJBVNAFQ33S7O3TA,B0B9T61HDX,4.731150205462034
AHLXIZ3CXU5UZKHT2EWIHO3KHGDA,B09857JRP2,4.740730333052767
AEV4SAI37FLJ6NK4M55NWKYVMDAQ,B0C6H9T5T6,4.537903951803124
AEAU2KDIKNMONDRX5Y6DV5F73F3A,B015WSCNHW,4.658231442685293
AEK5452BSJUE5N23GU6PPAGM4MEQ,B0BTLZMMFT,4.463377489821456
AFKYUEIARYQHQBR3D7L4VNO7ELRQ,B01F7GQ8DY,4.472957830497228
AFPOTFD5RRB6MHZQ5P5UIVG7QTBA,B09G9DVTD3,4.243426528174476
AEHG2FL2VTCX6K77GJZ5DBODFE2A,B075VPGJCX,4.841793741642228
AGYKBJXKGCM7FUQSK5JSIT35DOJA,B07BKYBTNJ,4.452011528601737
AEC7TBNDVCE3O4TLCEEDNWTM6RJQ,B01J38RW9Q,4.270791081167399
AFRUTEYFUJDAUASSQADZ3UQJHXAA,B0BK9YKQFR,4.336403751130842
AFQDQ7355KHCZLER45SETZZ3RBAA,B08DTH6M77,4.697224745196669
AGFXPATACXLGNXETSYZRD4QAHUTA,B07BC4KMQK,4.757800487916393
AGXQG72Y6EIMUAUYDEY7IGJUQPMQ,B0768R4GHS,4.882596012975166
AE5WEF3RO4QRTJDMRXUEF3JB5FOA,B0002D0L5E,4.298650302481604
AET5WDQG4RMZYUACS75QGTR5DN2A,B08T2DMFKD,4.769193163170576
AGGCBQMBTI76TAQ35ISJR24OQH7Q,B06Y2W66F5,4.584676629260011
AFYKOOYILZJDSJKTSJKEQYILFLOQ,B07C3BKLD5,4.694001952278586
AE6TF34R3XLNVEOUQ5XGGJLOBNQA,B0165KH7GS,3.4955209929626117
AE4PX7WPFYOKQ7JY2XCDJIXQG6NQ,B09JJ586GD,4.67968139734694
AH7VFEVL3IOVGXVGA6NCV5FK5EBA,B073W2Y8NJ,4.681725396018409
AFAPQJJSMGJIP72FIGH33BNET6KA,B0BKZ61YJJ,4.734784644082794
AF3MDNGUNU6IDVBYNELKDFH4M7HA,B099NFZP4S,4.796235622800362
AFFZO6PEJS5E3J7YISHHNOTA6RWQ,B08KHSBL34,4.372672738236962
AGP2BAEBBIE6P7XZAOAIUFYCEHNA,B072LXH1V4,4.1367061629743285
AH7UMWKEKWHRAACBVZQVJGOP2DCA,B016D7KIWS,4.862023373622636
AHX64VD7FLIT3KB2U67MRWOEQHPQ,B09Y1X5BSC,4.035720437475759
AH7VFEVL3IOVGXVGA6NCV5FK5EBA,B09V915Q6P,4.06005477512557
AGUJ2VW5XM5ASOR5KLP27YBW3C3Q,B00BNVHCYM,4.812829732446675
AF7IWQ26I2RJXFXKGSPGNNRBLNEA,B000CZ0RME,4.183313380086226
AHELX7UOIDURULSSVA52BNVTMT7A,B0BSCDNQT1,4.802142456593961
AFCUV5FE3VT2MS4LYAUFHYBQCP3A,B002C741BI,3.3062898816698088
AGQLFZBLL2HTPOLTXLYYRYNYQMDQ,B000H58HN0,4.349066443726992
AE6PYJX3K5T4WCDVMYYA6C2EA7OQ,B0BKZ2W81F,4.223786911544908
AEFOUHISLMQKQKXRMICVYMS6YF3A,B07TD9NX9F,3.9246562641598253
AEZG4SHN6EDH7X2I4NPMCSN7MN7Q,B07FZBF5HY,4.434839613723606
AHFWSW4APYWHTKLSCLUQ7OOAXBDQ,B09MTHTMBB,4.8938696937989326
AEKHOFU35JS3BOIWZSEM7DKSTEVA,B00HTWQWWM,4.502577131141072
AFKXPHJU332QCBEXRVZTY6K6B5HQ,B06X9KG3HW,4.811976587390162
AHCRUMAU2ZAZ6EP6RVSXNHJSEVYQ,B003XKIY3E,4.475948669575903
AHH7NFK7CPZCLCX2YO3TBNLVSVJA,B01N6448Q4,3.916857230462495
AF66OCN2Z5V3FKFOAVUKWHPQ3BHA,B00GG20DJ4,4.365002848316681
AGHZXVOSR6BUBEGP6K3BDYLSOJ3Q,B09MLLNDB9,4.891178995627548
AHNO5YFCPLGHET6VHUICVPTN4LMQ,B00P0HIZXM,4.411051544304838
AGQ3CRIH64J5HUPGKKZEYMUKKR2A,B08R5GM6YB,4.3692437288803045
AETEDS6HQJWX2EQYEQFUIAHTTJXQ,B0BHSG5C3G,4.0000433661973505
AF7CC34DK36SQJS7WXI44DREGWJA,B003B1PETC,4.684996035604451
AFGAABVW3PF4YATBL5EX5EGUVZ4Q,B09997NM44,4.552033210981656
AFW3N4C3DTYHREJ3K7X3THVUVJEQ,B08KRJ578Q,4.789551125482415
AEBPFXOLYES5XQEQPR43HLGX2HVA,B01DN7OC00,4.557142018106902
AFHEYIB5M5MYLROKZ5IEMZSJDD2A,B015HG82EW,4.706268157779919
AFBC7PUOJGJPJKAZZZVTIAW4UQ7Q,B0BL2W52CK,4.39647129888068
AH7K6J4O5D7ZE5QZAJQJ7V4JJR4A,B0002F519I,3.969282344720369
AFFWTNREAP77LMBFKJVS526IWD4A,B095XZJ99J,4.803217767429801
AHGDIK37BK2KKLH75FXYZFFWP5IA,B08B6BR4KG,4.6947046827232075
AEZNCOTOACFQXLFM4MXKSQW6SFKQ,B07VPLFNYM,4.126168173532381
AFCUT6TLZBDQLXJAKOVJ65LARDFA,B00ETP9FFI,4.419021484052809
AFVQ23JNGVSAXVFEM2ZRPQ6HUUDA,B00646MZHK,4.2957148518295
AFADWJP75FQZ24GRNBIIWTFNUU4Q,B07W3NQLX3,4.650484863552926
AHOBKBVHEAT4KPRVI7TYTF6MEJXA,B0015B0EB8,3.6067204084073348
AHB2C67YEIUJBM7WRNKVPYRUIHFQ,B0BSR996X8,4.8494797519957125
AGXMYC3U7AF4LBADRZAZUAVAJNYA,B00RWDSILG,3.7788737555587923
AGSSF4YIHPCP2MIUITM34RWOCOWA,B0CFD7WW4N,4.782909488086485
AE6ZQXU4UDWTLQAGLW6AR3BTJ2PQ,B00OGNDKEA,4.336903339631598
AEJH4HUMFAN62AII4PTCGRGGAE7Q,B092LF6RLS,4.336694740322237
AEFJEW5GQ5A5PG27ZXJ2ZZ33VCAQ,B0BR2HYQ18,4.633234025592802
AEOGRG7N4WAUYTPHEZ4QMHNZJ3MQ,B0BXT384GR,4.369603980601778
AG4PVZMW3G6CBH2RV5CZE7HJMT5A,B014W0L7ZU,4.559939838965107
AGIGLCDBUMZT45LJEQR2EDJUDZUQ,B0B863M78X,4.7631918867952034
AHP3UQWZWRJBESHIOGGNP525A6RQ,B00127HZG2,4.507536408768064
AFG7DJM5DPJBHJD5QAX7GXECNFTA,B088Q6XF9J,4.739785724699482
AHMUGCUTGCXKXMATCIJ5QAZHJ66A,B07685T8FT,4.6969767362320844
AEMJ2W2VK5D54J6XZFHALLBMHDZA,B09HCVN9M9,4.804127546503601
AGXL56TLDRWEENDVD5QV3U4H6EDQ,B06XH7487S,4.070212767860378
AGW7SUXC7FRQYEDORCMJEIBFFO2Q,B009O7CE5O,3.6453154245873107
AHZDFAFJYWCHQ6TD26DGE5GTVEXA,B08HMM1PVT,4.126599017913492
AE6FQUL47GYURP65UOAKUUZT6A6Q,B07BC4KMQK,4.709245371110355
AE2W7OBJ45J4J52CGH7OFWHQZJQA,B002NG7DEK,4.2122726045897245
AG2Y6CDZNCG2ZJIUIGDIJYADCJ6Q,B0B8NXV975,4.685572028887894
AFU6WBRZTAJVURT36WRAOGXXJ4ZA,B0791VK6D9,4.402962854282094
AFPTQLGMPPI4KEUDO7ZWRBYP254Q,B004XNK7AI,4.856568661482287
AEQBKUKRDYBAFYRSA4OHINKIHY2A,B07HHZ3X4M,4.589383044052877
AF5KUQ4UMS74JRNRSNG7PRILECPA,B01G2KH9SW,4.775051969198
AFG2FNXFLUYZCY7UJQVXPQQHVDUQ,B00OIA3QNQ,4.395575214229802
AGZEDKJEUXQ3KK5D462HQZYTQWXA,B0BXBBGTGL,4.647880728043951
AEA3DMA2VE4KGEE3XBVEOCRS47IA,B0002F4MKC,4.022467727984763
AG4WBOI27FQQ7JEY6CWCK3UEQG5Q,B07KB9QBQ1,4.6489168643969325
AEYSJZB6V2XGE7EH4YTAPXWX7PLQ,B0002E2S1I,4.358343108366666
AHP2UGRBLKHCHX43ZDAOMH74675A,B09NDBVJXM,4.87019829110804
AEU5GN766HQJG2WCFWWLJSL7EPTQ,B0002D0EII,4.732261279663754
AGHY2O33XXIXWLCU5A7SMPADK4UA,B09VGM7F6Z,4.460899624717854
AHUVBCTKQQ34MIMPNVH6N67MK7OA,B07PPDR5NT,4.240238049524752
AHAERNE47GD7KUT42ZDYVNJ7454Q,B07MCRMLF3,4.501350180383033
AEO6QT73E5MQ3SXXA34IH4JP4JZA,B079HP2PFK,4.50560269056157
AE2UOZSYKRVSGWNG4AU5AFJ752JA,B09T82W1SN,4.141031852543774
AFGAABVW3PF4YATBL5EX5EGUVZ4Q,B08JMQR2JK,4.632714872350037
AGLQFICRV4ADTC5C5XNDBATOKJTA,B07MZYNZ1C,4.690723161471153
AHAW3SX75UIROZFBFFEQDLG4LNGQ,B01H0PACWI,4.807587914967309
AGHPBBUCMU72JNN57OKEFJ472UUA,B007EWHXM0,4.61161747496717
AECRT3TVTXJX4RPQM5BVGJQNLTFQ,B00J4A70M8,4.196822473546563
AFUVQSIHX2ZFBTV6JZYZW56SXXLQ,B015QK3GUO,4.7692811066988385
AFYSLU4BTTUCFRDL7GSN64Y2XOKA,B0853X3VDC,4.240012964913499
AGZGFTWAUS73D7WKUU2ZYYOIACTA,B07B9W25ZK,4.650429804767236
AF5WH2KQNQ23M7NVENH7F5ORQ6NA,B019NY2PKG,4.468707174764674
AGXTZT3VSWHFJT2Z6KTQWT4ILX5A,B06X9QRQ71,4.1259280595246155
AGCT56C3MLESH3DUYFDG7D7ME4SA,B07WJYTDMH,4.677651968099314
AGZC34D3ATKE4SJ6V63B3VWBKNHA,B01CQ01SPM,4.831695797307529
AGLSNCKCAMBZTZKPFN3BY2ANTARQ,B01LXTBO7B,4.815148513457879
AF33HEDLD3R7575PIVJCBZVQ2SQQ,B07TJX692W,4.094909643589409
AFJFIPK3DGPDXQAOPLESEBHIWZJA,B0BR2V8V9B,3.8786800708199265
AH7YWZ4DE5LS66XEUKXJWBKN35AA,B00CGFRJ2Y,4.825173526547009
AF6EOHGMVZ5ATEEXTSFSUJOGIXDQ,B00005ML71,4.694557970302279
AF4H7MSDHSUVEMA2BPLP6MWGITGQ,B0B9LLF1CN,4.717950474461716
AEFK4A22W4P6TW7ZVV2UJN7Z53RA,B07BLM53Z1,4.698925870399279
AGL2ZWEA33BCBPOZ3T7QRJ56XDGQ,B075MPFFRV,4.501629214183996
AFEVRXXYRPUOVSFNMCYIQDFS765A,B000J4I9VO,4.641167959216136
AGPU4VYZDXTREL2FJVIJG7VEIC4Q,B072271GQ7,4.752354487942326
AHSMYOSEDSDIQ7UCAJSDQAHPV4IA,B0002D01KO,4.634523734715289
AEFJEW5GQ5A5PG27ZXJ2ZZ33VCAQ,B09R3CJSR1,4.51981117109476
AHJDJLCEUDPAII3A3L4TXVNBFKZA,B06WPBKDBW,4.469320487128937
AECTK5H3C3DQG7LIFPDHUVZIOAVQ,B0BKZ22NHL,4.243519889128926
AGPS5K4IOLONOQXRCKCE2PQTW5LA,B001ELVCDS,3.8134805688756357
AFJBKMTRSW6PJOQT6PTIHRS64DWQ,B01AA6BNCC,4.608802812830126
AHCIO4Y7MASS5GHGAZNOPPTXFTVA,B07PWKHPFG,4.701848080474005
AHD4DUQXQZWPVSYBWMNFCFRPK7BQ,B0853X3VDC,4.748110835920702
AG5OPRT747NAJPFQSSXAUBLCUVTQ,B07DLC9KYG,4.715066969780546
AEIFNJPLBHG7YN5IKRWCHRSO3W4A,B07KGF3MHC,4.445870997805157
AH7JOU3OXKPMYOBK4JGJJI4BCLMA,B0BT8FDL8B,4.1665241433399975
AG2XBVVPXRIUYH4IETE3DZT667LA,B00ON9WQ1A,3.4129218638288337
AHSAY2WIS63JDIV62RAQ63QGD2NA,B092LF6RLS,4.677150109909463
AENTHU4L3BLWQQ2EIOT3BPSX4MJQ,B075RB1KN7,4.415346944133773
AEOS2ALLIKEV7WLIPXWG2346HAZQ,B092SC4XNB,4.516251569401636
AF77F3QYN5GSD7OBRNXYP5QGI6GQ,B071L8C6MW,4.7704350966100115
AHH5KSC5O5SEK7ANLMEXUD6ZAHDA,B07FYCQZWD,4.698012436129167
AEGXGQ46AQIHMGYZSTBTFW5G2XXA,B09RN7GR8F,4.525229911653606
AERGPILRKONAH3OE4YYQOKRCSNMQ,B082WVKSNG,4.728746738662677
AFBCC4UQDHZRJO4QROXQXC2HVA4Q,B01M3P777W,3.951070837144417
AEOBVIDGSRKUGVMRGE3LYPVC3KYA,B07427ZHRK,4.272051865235137
AF74NQZGZTQG6CRKBJUSNCBAJNQA,B0BKZ3GCGR,4.491095986546757
AHNXVAEDE22CRTDXPIPFLAXTINKA,B0B8NXV975,4.483347260433991
AH5DNYOJOCIFAQLMZLGY3EQ6LA3A,B0B8DHDVJZ,4.029662744956728
AFMY6F6WJOAKCGFGT4P7XUNPWWKQ,B07WW5PKCP,4.811738054268656
AGV5EG6FOHTDDWOLXWMGQWQXDMWA,B0C5QKBX9F,4.537435997572258
AHJJQRLMCY4I7OOIUHI26OHAX5IQ,B015HG7HMA,4.680106041728399
AFU3TK3ERDCF2NTBO5BCE3U2LXFA,B0BHSG5C3G,4.278946012906061
AFDTO24ABREOG7VZHGM5MUINEONQ,B0BPLFP5P6,4.547897533521249
AFHXAZFQLN6RWIKMW2NJGBOHSRYQ,B09Q5HWYG1,4.4892050931420755
AFOD2RS4CU7CGW6FE47EKKEOE43A,B0777QWVG9,4.842430216225046
AHMNTISHI3GTTMZI4SRCBMCSEKFQ,B08GGYMGY3,4.295421427770233
AFQBCVTAHQG6HXDPN7NCOHY2YS4Q,B0BFKR6YDJ,4.877681244717555
AHUG47XGDRMNC2JUIIPN6W6CYE2A,B098KXQJVY,4.783850504768794
AEXACMZGHMCNZ5IW26NWR3TF7M7A,B09V91H5XM,4.753332392547227
AHP2UGRBLKHCHX43ZDAOMH74675A,B07Z8JCBG3,4.504992212048542
AEYAHEVIBJLOT2XEBJTVB6TFAEEQ,B07FM97YFY,4.512525245644017
AGDPMG3RMPOWLR6C3OOE5H6SNF3Q,B01BHPZQ1O,3.621421502728221
AGXOVGCVMYWP2GS6F52ZTGFX6OUQ,B016GNPTZ0,4.042115902239426
AHRTP6RH7TC32Y3A6KBR7VFGMURA,B07MZYNZ1C,4.1009785268241075
AGYNPTCSVWDIHSPRI3W4BHC4TXPQ,B07MVRZY88,4.208451173256764
AHDXXEF5PEIQDJWO4YHUNLKIHL2A,B00B3PB0PK,3.653051064042982
AEIR2PDJQKP6MSWZW2UGJDDSFKFA,B012P7NEW6,4.821591742218868
AEHEQUPVU7V3JOAMO22LARHBOSXQ,B00B5LCADS,4.266781436490673
AEGXDB7JPODQ2VIAIO5CQL4TVCTQ,B000OR5928,4.701283711264839
AEI72WLRE7LRYOAXJ6BSBCIZ355A,B0BPLFP5P6,3.920936293982837
AHTCY2ZWS6KG6MDPVGHZIM3FYTIQ,B0013YGMRC,4.774537788839005
AFJESFZNXTENLY7JFE4XFJPLH5XA,B083JVJFLJ,3.9544337971782064
AHBHS2NCMHS2QHUU2Y7YLD3XNNBA,B0BR2JC947,4.554783611878654
AGZFHWJLEXSNQAGPKLJTRIR3XIDQ,B005FG34F2,3.7488458920749
AF6KMQEODG3TRGHTHI3NIZ7CVD2Q,B06Y6BCX7B,4.385578444575611
AGOA27EHDRLFV72SKDTUT5YNR7LQ,B09JFGY35Z,4.581878374974532
AFBJE4L3HTPQ6HY2VHIWRN3CV6BA,B0179C3V7K,4.907043657655398
AF7IFDKD45ASPFXC4LOYESEA47KA,B0192JRA2A,4.632538855317093
AHHTYXG5DLE4VN7NQLY5LP6USH5A,B083NZZ712,4.453719012333757
AEIPOYTRQ3WFQ3BPH2MME2QKT6UQ,B00BVH7C66,4.402291472799378
AHHHU6X343PMH2VY6SJIWTPSC74Q,B07V46KRD8,4.623148275216222
AEUONQ4YBHYWOKZUYAPLRTPBVJEQ,B00178JDCK,4.244607236410664
AHKZV2B3L3WPHVMNAZWK4YB2TQOA,B07FXPMKHW,4.734851268103127
AGCBRKJSQECOQJM23WHBKDDOXCGQ,B015QK3GUO,4.373158963480737
AG5ZVXXHEXDYUUODSEQC4XXV7DPA,B07Q6Z5VK9,4.9035813926300555
AG3OUTHXSZ3WBMJLNKV7VLJV5NSQ,B016E9HCTW,4.226303059432645
AH7WMY3V55DTEND6PA4TH3BVGGLQ,B07F2NZWY5,4.311275538652999
AHO3QW4O6JLMYHDH5IXMXYJK2GHQ,B00B5LDMH6,4.640250510694567
AGSVLMHAE6DKL34BW5AJANZ2HP3A,B08D4YXD33,4.532888174488844
AE6E6N27YBWM3PPG4QJ24AQOXH4Q,B00P6ZOPP0,4.433662437643641
AEK5Z5IGCZC3BOIAHEZKJ5LALEHA,B0C4FVS3L7,4.087837412332958
AEKVPWOJMYF5L5VLHTG4CLCEB7QA,B06XZYD4NJ,4.80968919239512
AEHL4256MLAXKYTZGAPQL75WZ6AA,B07TG9RWST,4.515920201826585
AF34CA4KPGWTVWQQBK4G3N4MUTXQ,B0BS8PZNGK,4.536360149664148
AGVEW3UDHY4TFUWSKPOHJGRCYCBQ,B09S2VB3KW,4.2715016094828515
AFO6G74UZDWO4UYRBLXEAHR6EUKA,B07MW198RZ,4.538049366088568
AGFYUNPN5IMCAN7C45KXDXYHNGCA,B08F2QZ9XX,4.567668832808897
AHMGRS7F7IA4HM2AYAEU42MFFDCQ,B09396NY1C,4.337447513233531
AE4B3FG6SRTDDJG4T2CIYDM7HHNQ,B003LPTAYI,4.646801532151576
AEBZKYDJAA4322KPKQGOPZAYIYQQ,B000XYFBMK,4.282271740323831
AH2ZUW3SZDGAPPJXOWSTS2LIKLNQ,B00XD6EJ2I,4.499229915339433
AGID6DHXZOL34MVLPDSCO42D6GZA,B075MLS97V,4.200288312908597
AEXJAKRK3BULCVCWLEQD4TZMYWFQ,B09WQTXJRK,4.65178739495619
AF4WGPVVGGAVX22URXDVKYL7JK3Q,B07D5TR3R2,4.6396187093680386
AHAQPHIBI4MGNCKOVM56NOZSOM3A,B0BHSG5C3G,4.557560033965258
AHVJZIPGKB6EENMRVZGXZRWEQWTA,B09F98MG91,4.765055120331861
AHRYPIV4HCXR343WAJYXC45LRVKQ,B00CGFRJ2Y,4.6481685754241635
AFJLUJRHMALFEUHTNV7DSSJJ623Q,B09LSKPP2L,4.806907178953292
AEN5VFEOCM4ELH2ZTQHDGUZDWDHA,B075KL6ZLC,4.571183794068611
AHWAYCEX3NCWJD32JTFVBFXKUHOQ,B07WGKJY1D,4.561257035464675
AHBV7TH4Z3WRRKXUIDAOPVUBIR4Q,B0BT9R8MMV,4.752448947369864
AFZTZTIUKWVBHZWWXHP5GDF6QODQ,B08HC8HTH3,4.692354218734674
AFZVUXBT3TNDBLT6MFQOAJ4I55YQ,B08R5GM6YB,4.616797707284629
AHV6QCNBJNSGLATP56JAWJ3C4G2A,B071JHJ9RV,4.311390540384829
AHDORHGOBGGQFUSOKSPIMK23A7IQ,B07N5J1YNN,4.122997680963252
AHNISDQL2AYLH6KQOLPOHO4UDJKQ,B01MQSAU6P,4.426870938113208
AFN3R5AOXYR3BIDWAZWABBCFYJUA,B079L5G8FK,4.471598828250022
AH3QWAFMDYN7SGP3QF4YIM4YS26A,B075GQ4YP5,3.931483933400305
AGBG3KK74IKWJNQVMQAGVBWJ7FAQ,B081T636X2,4.676379832965147
AEVSFJBESKDRNM74LZNGODJRERRA,B0C3LJM9F7,4.872238319986934
AEMNS2DOUVR6KZO3JN75GP44QRJA,B01E6T56CM,4.561397203298714
AE7GFJWCHUHU5XXNXSQERG52SD3Q,B0B4RWYV1D,4.483581409887718
AEN6ANHOT5COUFKFIQUZMB4XGIEA,B07WJYTDMH,4.081692018916625
AEJHTN7ARNOUDTWEPAVQP6FB4ICA,B002R9ILOY,4.073483101218773
AHLWV6FKLFZU7O46CIC4EPMK5NQQ,B0B7C52N2F,4.851279271853416
AE6PGN2WW447FQCQ7CQFTCO4L36A,B0BKKLR2Y8,4.014840661886935
AEN63GCGPS5MXJ44PS2DOU5UKYSA,B01CFGB8KM,3.6872059400963764
AHMF3CETOSFHORGNDO7D6X32GUUQ,B07HHPVHYF,4.276708714308789
AEAB4LQBBULU6HIFVOOFFIPWDRQA,B08XVVC2C1,4.133600984604435
AHGQWA6ZHRH4I2PIDDXBWDI3CTRQ,B00DY1F2CS,4.438457449796043
AG26VSS7RPKXVTAUH5XE3SEVZYCA,B07RRQG6LJ,4.59628910788837
AEOSGY7IDZQ7YS32FCMO6LJTTXEA,B0B81J9HDM,4.593703156417281
AFTPUNQ4NGIKJHIEUAFA3GQBUY4Q,B07DWKWLW1,4.850347344636899
AFA2RE2FHTN4VMX5HKI6YDBKWRUA,B0BKZ7328F,4.6827445618172465
AGBB6RRNC5RI6PIQJI7JEQ5GPMNA,B0C5CTX5LZ,3.455291140899143
AEQWIQ5K6LLNVFPBJTPKK4J76SWA,B009DAHPLU,4.413798076800669
AGKO2DKAZ4JOGXIFYPDM5AZXU3RA,B00GGN4NXA,4.663848178226841
AHW2G5R3FA7BBXBDIIGS6HFWX7LQ,B00HV8F694,4.118884798250175
AGNUSBUMRYEQCOVGPUQPEOSZ5WRQ,B07CQ919R3,3.995433893106833
AGBRYKFKK2VTUEGQZB6BM4Z6B54A,B0749K3CB5,4.844211941539508
AEW2LO2YEEIWZ2V7CPL7Q6JBM4HQ,B074VRW7PP,4.626209119734642
AE4QG7BGTHU5R5U3GJEY2N2GCHEA,B07BWMQFMT,4.471528831201772
AFUUITGBIEU2J72MYFZXPRBY4BPA,B09TXQ22KG,4.831749461311806
AE6LBUCRJA4BYSOSQZRYQ7DCR6BQ,B003552MFI,4.246608065541016
AH6IJPT5AGQ2REQG6M7HT5SAX5QQ,B0002ZO5Z4,3.8010984075279968
AHYDSH65ZAO5BMP5AFT4KYN7PAXQ,B00A7KC9NO,4.4046060473166415
AEPBFQ3U5RDTWMZJHZ2UXQEZZ54A,B0BYP5CC5T,4.835311105051059
AGBQLDJQ42HII7EPMRVHHP2ESXCA,B08LVRB74Q,4.045230550443067
AH54WSBMTMNXGHWVWXMKST7AW6BA,B0B92LPGD2,4.012918513834353
AFKCNXEIXNHATVJDGJHI6GY6UXAQ,B0BXZFS2QH,4.745502024719624
AHCTXCBORWAVSGY3WDDKO7SU2TAQ,B019FAKN4I,4.520950008948017
AFUZSTHGF4TSNO4WHZTJRQXAITKA,B018FCZKR2,4.162687486116947
AHWJ4MYIREGTA2FCTJMYFGGJ2ERA,B07FYRDYRZ,3.5025078472849347
AG35W6GDZ6L4HFCDMMJEKO45S2AQ,B00GS41CHW,4.0853865609175415
AHWSZB7RGTT7VKF5ZLHFE35KAJRA,B004XNK7AI,4.770943162816625
AHCLEFILWZQNDMN4L3LC3DJLZNSQ,B00B5LDMH6,4.508843051786643
AEBRAOXMNRPNF4LWT3FICZ7KRP7Q,B0BK6MQDZ8,4.758461123180589
AEVIDOETQTYGFWUVJGTIDMWH4YFQ,B07234PV7Q,4.82399830200577
AF2CBWLZWCLXR3NKUNW3RWFY3QMQ,B0BFKQ9QXD,4.756868029811265
AEJ354XETZRIGFKZSCQ77RWYN2ZQ,B0BCW884JL,4.445801390210834
AFSBX23YWCK6UMDKJPDEE3JSHRTQ,B06X9YBVXS,3.6266361196779084
AEMPFCS7HQ2Y6NGNT77N7LPZBUXA,B0CC665SQH,4.803929740085655
AGDSRUXYPJXPQ7RPI3CAHSS6PQHQ,B01GGUTOFE,4.751141026972336
AF3NJDOTMG7BRKDLV6UM7GHFC7XQ,B00BAYRLBG,4.632450866862466
AFDSDZ4A6HKSIFVTISXLNY4KBTPQ,B0731J628Q,4.487729085902919
AFPUPFU2NB4XSBE4EAHYFE6OCRSQ,B0BPJ4Q6FJ,4.828768375800884
AEACBSG6VLBDVF4LZ745X6IQS5EA,B00TSCFIDA,4.687275398850359
AH2IGNRPNCVDZH3RZLOHZG3Y5OOA,B082285YXD,3.8667827464317526
AEVH5YZ3L44XXUNLZQH27N7K7QNA,B01BCQ12C0,4.083451554190138
AHL457VUDF43IDVOQBXFPGWTDYMQ,B0C5LYJXLR,4.287138234085723
AFCNM3YI5C2PJ7RGSJO7ULK45GXQ,B0016OIIX0,4.708115044437842
AFLXHZ2VWT2UBCBWEFZST7BWTQ6Q,B0036ECH1M,4.641368441359395
AH7UOQQDCPZIWK42EWAAPCGDPJ2Q,B077DJBDZZ,3.640253540894343
AHOYUUCJQC2AISSMC3CEDCPJ4CCA,B078L11275,4.759088146175869
AHOYB35WGREZCTDLU5UK7RB4635Q,B07RPW4PSS,4.520819319150489
AE46JXESDQQOX3CPKT4SU6UE66OA,B01DBHC9U2,4.302438789297562
AHSMTWPUYFJQEQKGDC5JQKF3WBDQ,B07PR9DHPP,4.497343495440541
AHJSQLOO6QGKKTISN4MESXX4KIHA,B015WUVA5G,4.6918916380540185
AFFF67RV3HP77VQ5APIA5IBUNYAQ,B0002OSCPO,4.451129032673235
AEJFDCNUNEUBA3QZTWMKL2QIYOPQ,B00Y0CG9YA,4.569416897263696
AHBERUF4M2B6RH5GWANC7POHYIWA,B07795XHLH,4.260578497075532
AHY3P536MRDP65BQ7425KJIC765Q,B0043NQVJY,4.381905078818699
AEYVHL5XEPNEA2XJGVG2PUWROHMA,B0BPJ4Q6FJ,4.819667264403766
AG4KW6SDOPLIZ2Q4ZMG7CXYA2XCQ,B075H3NK7R,4.263394761126011
AEMCTOWA4Y7TVDDMMQB6PTBT7WTA,B0B5D7JW6B,4.651854184843657
AG32TQXMHJ7SQIEIC7NPE4SI6AYQ,B07DWY44X8,4.8059626831045135
AER5QDAS73DK4YQMARYZKXQDDCIA,B09Y1QWK5W,4.660182691155011
AF7PHXT3XKR4T5OY6VLNPSLIIMFA,B07T9NM5QR,4.602388794366167
AHOUKQ3IRAEAMEHDB6U4AMB366NQ,B07T19X6YP,4.067934135978515
AFTWTCVFKL5GDM6YHN5ZLLXS4DOA,B076ZQYPTY,4.678305711451468
AEGRFNR75LHVGYTL3S7KM6GK46QA,B07NDFFKJZ,4.4492537223515685
AHCLGHTHPTV3ODGOQUSJI5KT5KXQ,B005DM7G84,4.634513885536706
AGSS2AHFN2Q453OGXRQCWBAWMFSA,B000WKW8EY,4.637090238124726
AEU6XHKEJAVSZBGL2YK4II2OUSEQ,B0C67HCGBR,4.8530441837637195
AGVCM3R5WP4HKBBZZ5LTCO6U7CZA,B0894RHK93,4.897221420676116
AFNM7GF3MJDZY6V5JXN7BCCP557Q,B06Y3MBRJS,4.32976301585338
AHU3JRE5VZZ2UJ4WWXYBJ7FKUM4A,B091YFQGCJ,4.81110342929926
AE5NHYE7QHY5NDUJTMYQIUT4GPZQ,B09MQZ8VWH,4.599735795736401
AHSAPOPT4FEV2BSC64GQUHU5PAKQ,B09CF6CL5Z,4.152106346337789
AFOOI5ACUEN6EQJGID72GT2LDZAA,B0007TYPZA,4.759553590559935
AFTTEV6XOTXQ63ZHYDUOSJ73N6WA,B0BCK6L7S5,4.527735411071509
AEJRAI75WPYAHLU7P7NQVQDYQW3A,B01AFHSS92,3.274237103489254
AEMUWOGQ7TO6DJKFAKMBPZ2TEDHQ,B07NWZSBF3,4.8464078458336655
AGIJFL4R5TAGREX3P4MRA7IG3CRQ,B001EW5YQS,3.806241157247135
AHOOMRPHHCRSWE7ILQ3FA5MLZAUQ,B004GWQM1Y,4.105906683152376
AG4IZRO7BIHOZQDCH65GF2N4OJRQ,B00C5GZU2K,4.386950273419241
AGYZUXIZBE722EPVMRXGM7GMFWYA,B0BBPQGSZ6,4.7524843204753315
AF7CC34DK36SQJS7WXI44DREGWJA,B00G964BUY,4.80008697513838
AHU4TGHXLUATFJ2AYXXXCCCZOQ6Q,B07Q9JB3CF,4.892430655779557
AHNSPXAYSM6UVQ22WMIUMSJUCVDA,B0002MSQVQ,4.661347221721875
AHQYKFQSALRRFQIZLR7QQZTXP5HQ,B07J4Y1XZ3,4.638903601307983
AGAHOWH4BZ35HBTGXRRC7P35LEOA,B00ICIUZXY,4.380938197254171
AFYGFCJC43J2XHGJPLBPPACRLCRA,B0035LCFRW,4.784038197858401
AH4PCTM7BHVUX6WCGJB5PNS6K3JQ,B088DNMHKZ,4.106090500375921
AHJBRDZIS3BYBISIRTW4ONRLNJMA,B0C61T841P,4.787755378235614
AH2WPG5KN5BDQ2OFGSCFPZR24UCQ,B00G3785WO,4.698594306343741
AFP2W5EO5KUKR65IEVIOPK4YBXCQ,B0B7C2NM84,3.830108481265922
AGN7KMV3GSGCBANTJAKIHDQYEFJQ,B008BPI2OW,4.756233901183744
AEUTHNALJONDC2QCK4AOXDN7RLGA,B00B5LDMH6,4.683545305768743
AG2PW23TNWB4BYACHY7DDDTHCDYQ,B00646MZHK,4.802305190417936
AFHABO3IHDSN4KN4GZLDNFGSVSNA,B07TXTJ9CN,4.524434449157246
AE7GVDNRY5NABEP253Y3GMDUZOZA,B0002E1VUW,4.412785576488557
AFTLM7TQ32JZRHMPTIIULBY6DA4Q,B0BFKKVQZT,4.014097868742418
AE7EVXVTRZV7QON23BTOMC7L7W3A,B00HSP6KGS,4.482594920429625
AFH6AUO7HH5PMJBRBQGQQKDV5HLQ,B09TZWTFQJ,4.397981749340065
AE3K3YK34ZBYG5JEV2YJ6NQQWTAA,B01DK1ZGSQ,4.654169982018743
AGW4GB2VIHMPVRKK35QXA5PY5O7A,B00I6JGPHY,4.234015885300114
AFG2SJMPR5KW3BMFTOXGVBTDQW3Q,B000EELBQ4,4.104114419184187
AFUOTG3XTETQ62JX4RBG535YHF5Q,B08Q42TDNX,3.955812004514422
AFPIRSAROIQJGPSBTYYFZ6LCFSDQ,B00460AIY8,4.5069071859718814
AEZCTDIBXZVKKAKKKKWSXKPN2MVA,B08M5GP4R4,4.701808225960283
AEHAOAYZZPRN6AGCPB57Y64JRHGA,B08T9CCXZB,4.811170878852732
AFUC7GTWCVAJJEZ5UX2FUYNTX56Q,B00T38U7HQ,4.74632546333502
AELPZ4L6SBDGVM6LTOQFTBJNHTTQ,B0B863M78X,4.697066623639603
AHAIHFJL6RGSQRFSI7RXMRJF3VJQ,B000CZ0RME,4.381233380446298
AEPIBDY5VZBDD46DVEAA5YDTJ6BQ,B00UTD0YG8,4.590869950331497
AGDGE45XMVECKBID7RUI5DYSARRQ,B004SX1BCG,4.471313466757008
AGUGTCTCOHWX27GP4HY7DXJWA42A,B07DWLYGKH,4.689251117611548
AHZKNVTNLZUHNYE56UALW5L376FA,B01E6ATMVC,4.528669628666389
AGMAQW3YOWHJHUEQ7XLVKCXEQ5LA,B0B4SGJRHR,4.6380345967827346
AGU7QPHJEV3I223SCEK6WUYKWCQA,B085JXWDPC,4.4193398809137125
AF7Q3BESM2J4ZGMO33U22NOH5N4Q,B08T2GKXNG,4.074464167431569
AG6DCMMH6QAKQBX5R32MBRHYPEUA,B09JYHK3KF,4.509400437477875
AGKK2ESNN5YDPLEM723AYXM6Q57A,B0764G5LLF,4.0055372477864
AFIQINUQGWBM2V77C6RACX6CB2KA,B09NLV5LBK,4.551028642999068
AHICPR4QVQ5FMDFSESYDMTT3BDZQ,B01C189D3S,4.605308620386275
AEC5F6TB3IB5HVKMUBAK7IHJ5APA,B019GYKGRC,4.614179580295075
AFZF6TKKPUMKKB63FCUUCNYUMUXQ,B0002D01KO,4.672884243720748
AGTW6EIKVNWE4ZGPPO4BOIBIEYMQ,B001GH4H3W,4.542923719232325
AEPETAF7OIZ533QUDAMCY7TZVS6A,B010AFGUXK,4.492483267682307
AE4YPIJSDXWSKOUGYF4SDK4SBLFA,B0BXT384GR,4.590644089093657
AFXFM5NXAVT4XKG2KKN2VKJNELLQ,B00LOAAPKA,4.188426889154064
AGDLSEHQJIHHVM4WEZW4TZ3UP2EA,B0BZD23GWH,4.803749224074822
AHROUXIVZXJZW4MO2AFN3ONK6DTA,B00HX9F3ZS,4.839332749218588
AF3NOA47IJLZ3V5SQBOAJHUYDFJQ,B000CCSWQA,4.437678177796526
AGTTMVW43RNZJSHQU6XL72TTTJJQ,B0B8SNVK5K,4.572985590525324
AGZ3QMLZOWSZJPXAPSTGORHBPVQA,B09Y1QWK5W,4.57353698876608
AG5VPLIV35AA6PZ26WYOLICVDSOA,B079SBHJG2,3.8858456102590377
AEZIIYLOX32LD5NZCQHC6RM5FJPQ,B00MS7GAXE,4.77713606994327
AGUL5JPSQGFI3L577EYSVVN6UW4A,B00MW47D52,3.866073846133153
AFDSDZ4A6HKSIFVTISXLNY4KBTPQ,B07KYX3S8X,4.655931124514304
AFNKBT43T4ZU57H4SVLWIEB2RBIA,B009756KE4,4.117715351800068
AFZXFNKXADRAUQ2NEDYY267QINIA,B096N9VDL5,4.201210409133385
AFEJWAUYO65ISM7466PZBVNE6AWA,B0891WVCNV,4.784495955839239
AGQDLCYLRHEYZCPRSIASZ6O5IH7Q,B004WFXM8Q,4.503652094714017
AEP6P3KJKABIZ2XBA3OQKRHEB3WQ,B08DG2LV8D,4.898419604892295
AEL5CQ3X6KXRV5WYDVVDLDRSVXKA,B081F899LF,4.285152408369421
AHHGMWJB7XA6STPOVKYABUZ3X46A,B0BHSG5C3G,4.654142431720042
AGLNYIXGIWLM6XPIARAHD2MHUJQQ,B076GHR7DN,4.61614994261206
AHJLIZ2I33CYSBMESAQRJ6QOIKKQ,B07CLJ3X9V,4.803824109431516
AGCZ3QLNT5PPADTVY7CUGUI3VNPQ,B09KWWS7DH,4.767492295812859
AHVTPXABLBUBOHIQYQ3QQG6WR6LA,B0BNVFLP64,4.5198066916127395
AE4PQQ2BQO6IGXVLTI6GBFCNC7YQ,B015XTFNP4,4.781394218550913
AFF6IT5MM7GHW5HLHWHVMWPFNUPA,B086RHFW8Q,4.7591387228457265
AECHOIKAEH2LO65T5MXU2VEYDXLA,B0BKQ6GJ4Q,3.9421840491226146
AHQD6POMHRBDXXOFWU7URVQADS4A,B07V3G21HX,4.360395682872543
AH523GWJBQYNOABIP2MMVG52UDJA,B01K1EJQ9U,4.501509182952426
AEENSLZS6WAJQE7GRMNHI74TIYYA,B077Y4J6LK,4.595134458554025
AE7H6JSPLCW25AV2FFZWUOMK4Z7Q,B0BRQGJZXR,4.0416732685972345
AEEGBXTASTDNNZE2QXR5IIGX725A,B009B3QK1K,4.0487242333806766
AEAMKS4TLLFDJGAGQRDRVWQKTTQQ,B07Y6TM959,4.791863380273837
AGTTMRIFEHUY465FSDBKHC7VO3QQ,B0817CVBLV,4.478840728294869
AGFYJV3I5PY4BEVYZ7ZF5M2TQ2MA,B00H7Y2ZXM,4.518974011742192
AFLQPQYPYU37DCI5FTQVUS3LRHAQ,B0C6J2DPBW,4.874961572751987
AEJZFZFWZWXIG7HSGPV7HHQXU47A,B07DKXHD23,4.332830927170502
AE7IOTV5KHC6JJOWIRCTXGRLPXLA,B0B5K9HNRZ,4.66155389296139
AEAGSWW4RVIR4L5BH4MVOV4X23ZA,B076ZSHQ47,4.491824793230899
AF7L5HEKBLHA2ZJV3W3WEJHAS6RQ,B07FY3DN6Z,4.807951437603663
AEI4IG2E3DB6EG77RG7QTQWIO7PA,B07DKZZPMK,4.164878833921646
AGMVV3CK2WFPFKXOMYX6F7KVQOCQ,B0BSGM6CQ9,4.768796971146365
AECRFIY3HZZG5KMU424HTLAKDGFA,B006Y2FUW6,4.515555556906769
AFDTKZQWHY7X7WCXKNI7I5OMV24Q,B09ZTWQPCH,4.205067507794051
AEHTWU2WWGU6QC77IAKXIEKJVDZQ,B0002ZPK0S,3.9128570527966176
AEDUXNERFORVFJZGC54KAAYSVA3A,B06XPJHYDH,4.289089754979542
AEVXF65DTCWQ6CRAJNNOAIQRLNTA,B08NYC91V2,4.21385646838568
AH7XO376URXXCSK332KEPQOX4CKA,B0002E2O2Q,4.465546291490655
AGVIE3SEBXB423WTCXJXXU6GJHWA,B002AKVQK6,4.809642714479791
AEUGTL4YUP7YPR5GR6EEWVUBV72Q,B00RVE9X06,4.056509516631612
AFB6ZBPMGBPQ4P6AUSRS5A5DNHHQ,B00RWF76NK,4.572376927591079
AGRIXMGJZX63BYJKHN3B2MFPCSZQ,B003QTM9O2,4.575657524990852
AGMD22ISCSNBD7MO5OHF4X4OZAYA,B0BZK3X11C,4.607096719767214
AHDDXHXK7YKEQAT4XUIFOPHGXPOA,B07JCW1KGG,4.013754951419825
AGNUX6FLI5B35IF3BOO5UMHR2DMQ,B09CSNM1YM,4.73223104900941
AEVMUYW4QOI2KRXFKTAD6XHBOTEA,B0BPKH4HB2,4.632869942540639
AFT6HB5DLOBCIEFNEHW7LC7I5EEQ,B00BKXN9LS,4.334702805888359
AFGDL6B7XAOXCKQCPE3VIKORLA7A,B07H29JSW2,4.530246542566294
AHZHSRRNEBAWENEVOD7Y5GJJAF5Q,B07XW3XD9M,4.2293080580751
AG5NEBS3VFNQPNWGGXYQNRNAHQTA,B0BKR2ZM9X,4.886567560631871
AHI6VKDBMMW3SFIELB7FTNA23GLQ,B08MX4Z69S,3.946688524835249
AH2TYI3CFL4OKNP3UZ7LFILYMODA,B00C86FA0E,4.426685474719859
AHWXEOF3AV66R44YXMV6OL3GTLWQ,B082Q2Y9VY,4.412126742644633
AFGQTSA5VSAM326LO6ZKAIWIFK5A,B0B1989GQS,4.045320161083515
AELKTYI3IJD72NC2XNTKIBQXISFQ,B07Q1GKMHW,4.816570539622799
AE6BYVUHZCRER7JBO5CFHJEOHAVQ,B01M6C0Y4T,4.003535116456216
AE76MPFI6EGHS7HMMTW3SXCLVVKA,B0BKR2ZM9X,4.852221340631702
AFLCRJREMULJV5T7IK6CBKWUTJEQ,B015JTEBN8,4.5482579305456055
AF6F2APVKRIOUONGEZECMR2B3CVA,B0BS6HRTYM,4.805334230994971
AGHYA4YWNDRQCRJIYMIETBE5GOQA,B077Z635YX,4.84096854122102
AFSBX23YWCK6UMDKJPDEE3JSHRTQ,B00YJ5C46K,3.741985821387031
AFESQMXWP4XIRXTUYYBEQYFUGVDA,B09LTZ1QXP,4.832779850227785
AG25BHPXN3IJ53EHA7JCLMPPQUDA,B0BKZ3GCGR,4.325287296797354
AHB23CY7FVVDASDABSXKUQBMGMEQ,B005KR15HU,4.163245129871573
AHXTCFJKNZFKU7LCHHP3X52UGHYQ,B0BGHMQJGC,4.817007917888956
AFUHPP3DU74RKKXMDTXDKRSQ2BEA,B0B3VKD9YG,4.072629886493507
AEY2NVJC7XMQF5GKEN3SAIPBN6FA,B0899N9BYZ,4.514067703143451
AH24AXIG2WSMXXKEJWCZOCCBYP4A,B07KDSZ2TJ,4.655947880884833
AGJ4XF6MVSXI2HMTCU4EF3JWNMBA,B0089NNAZ2,4.883207814898933
AG5SZTGY7NOOTMAAINWQFF6ABKOQ,B0006IHLFI,4.786917036311663
AFCLOTB3P3EXMIQAKAZIP3KGAYQQ,B0776RXV87,4.247234967314116
AHCCPJ5DAAMUBK4K4AM56752Q47Q,B07ZG6ZB6K,4.835628400610201
AGR2HGNGBX6TFVFHQFKXRPP4B22Q,B01LKYTQOK,4.7259604054165365
AEGY4M2W2G7TDWBR5YPPSLPSKWUA,B0BKR2ZM9X,4.85827257896275
AEQP2NXBADXJISSIYTTUXUBBKVEA,B0BKZ51ZNF,3.8717884301826695
AHPVI3OB4ACS2O5IZHURWVZBW5GA,B0BCK6L7S5,4.03384011458834
AFOMZPIYSXVAK3NJUCP6O5SXVV6Q,B0BKZ3GCGR,4.8169923526595895
AFIMPB6NJRER6XOJECJLPEVZ376Q,B01DN7OC00,4.16069516970426
AEQKLE6U7TJCGBHR6ZJGSYBK53BA,B09Y5NZ8PN,4.726775092398711
AHQ7UIJUCTKYWL6SHF444WJYBZPA,B07T7ZSJXH,4.783495804834447
AFERHIL333KWT5WU7YKEOPSUPNSQ,B09TSX4LRR,3.6326533035291435
AFBVKQ4TBCCIG7N5BOIREJ47BGEA,B0006I935Y,3.9210886082477368
AHMISJPGXHEYASCQVCZF7HRA3HXA,B015HG7HMA,4.646427824338705
AHVI43NDUURIE32PAEBBA6XGXGOA,B015XDJB9E,4.057565026221419
AFYARBZU7G5SNM376QLB2LAN26EQ,B06X9KG3HW,4.807031404297627
AF4KMM2FTBZGXA73A2GREYOBPUWA,B012F2891C,4.620248101207625
AHCDQKCODVZFMU37AXNWP4ZO5DWA,B094CH1B9Q,4.433622136980187
AF45I3GRZOWVCAOUZTZP5GWKYACQ,B09BF8XDF4,4.836131470760479
AFVKFJG4GS3B5ZRY5WP4ZD4QRMHQ,B09857JRP2,4.829247493924339
AF3HCCRD73O3FDIBO2MGDFGSP6YQ,B07YK57N2M,4.8972338023952435
AFPWFNBSJ2BTR5JFERVM3G36OGYA,B00JXOCJDK,4.737444631484611
AEFE5OPBDT3RILFM3R3IX7XO7HGA,B0C5CTX5LZ,4.353174893047877
AFVMYR2FFXAFJFA6PH4DKH74VWZQ,B00R2IPGAM,4.80418138303393
AFOXIZ6JE4V3UQTNXLLYRQBQP65A,B074G53Q94,4.294790569722675
AF6BJF7NTWXZHYV2R7EE5WN7GGOQ,B09857JRP2,4.829247493924339
AERBQKR3V6LV57PTQVWP23Y6GRQQ,B09T7NX5K7,4.66805600172892
AE66ZE44XDI6BJCJSOSKG6MBWGGQ,B08JMQR2JK,4.624101459640702
AGGNUHX7SHFNTW2BXMX3L6IQMVJA,B01KHP70Q4,3.5174837678703703
AFQTVVXBTAVRD62ZRIY4VEKJAXCQ,B08R5GM6YB,4.438755898612338
AGF3S7SP4POWQFRMEHW3EKQLDQEQ,B07RYFLMKR,4.516710791255441
AE3AHNSAV2PKUMPM6VJDZVQBI24A,B07BFZ2KSJ,4.689644580138145
AFJTLZY2NBAFQGLY2WO3EXQ57IMA,B08JMQR2JK,4.677778825457839
AEGMU3LN7XWD4BZBYRUI3H3P2PTA,B07T1NNR9J,4.821844272013254
AHIC5S5WEMJBL4CTQTEQMMPXYHOQ,B00TXC247S,4.749249045583286
AFMLW345SNBGK3JEAORUARDH2XCA,B015XDU5C6,4.600750932148119
AEHEDFYDQJCBL4NAZQNLL77LZKLA,B09PWCF6T9,4.786152334117844
AHNHO36HHQWJMDOE4WCC6MQP6IQQ,B08BN4G8GG,4.623383139975459
AHOAWBCSTIAMPQ5NXRG55NPC53XQ,B09R2XFGH4,4.664231792819292
AEHZGXSDEAGUASHTS4WCKIZ2RAWQ,B01LEEWO7C,4.318353913380459
AEQZCIHPL376ZN3LRVIK7LKIO6IA,B0BFKQ9QXD,4.612101720877269
AF5C267YUPX3E6BS5SVVTOJ7MZRA,B015TBAAT0,4.846494298867056
AGWJ3WOKO6JPVGAPDSYZJCAOAD2Q,B08DBDD6CM,4.800369082306038
AHOIXO4BNOZJEF34VCBF2623OR7Q,B072HMBSND,4.431082818695284
AFSVCKU6P4HUUJKHLWQC5MSI6NAQ,B0BK9ZT28X,4.885847350600828
AFFQDI5IDC56MNBDE26K4N67JNZQ,B015WYRWYA,4.6798849125653526
AGKYAVDS6LE7DD2FVDSRKE56R64Q,B072L1GZS1,4.507541115093677
AGACPCDVQI5PYLAMRF4N42CZ5JYQ,B07DWS1PTN,4.518433934294151
AHRHPM3CBEFVTPT7K3QMG2H5N4GA,B0BKZ6JR1L,4.607200894957171
AE7XSUWVSIIVOMXCCM5UA33WEGMA,B074QKLW4N,4.55070378999045
AHFFQF7F54OARQ2OOKA3ILYMRK2A,B09KWWS7DH,4.757058914692568
AGSE3WV7SGP44ULL3HPGIDU6BY5Q,B0151KT2B6,4.617402689432147
AHJ5E6U3NZBRT5TDYJIDVAR4WMVQ,B0C1Y5KJPX,3.926943934479528
AG5ZVXXHEXDYUUODSEQC4XXV7DPA,B0872CS1BX,4.8808181217120925
AGASE3XTUSEWWXX6RV5KD4NDXFAA,B0002KZH9C,4.649687599857375
AHLFISEX2ZHKDZEVQ6JJUQW2FP6Q,B077GK1J7N,4.726136356758691
AHNIRBHHFJRLSXMGAII6GIZS6KJQ,B0B8LYBTXZ,4.764927528046208
AFPBAKD7M3P6L6C6M6OQZYEAJ5OA,B0072LXG2Y,4.868206538761133
AFUA6OB6SCWBKSYUGQD36JYUG6EA,B081T5GXGT,4.62339228772394
AETTWO5NLVUFBUSLI4ERXLEBEAXQ,B07CQMZVYL,4.52146895193326
AHN4URYKUCQ4N4H6ALR2A3W64GIQ,B08V4NHDD1,4.250069158664777
AG4V5XXWHDNHNDQB7LC53EMMVBBQ,B0C6LGVWBR,4.386870875346538
AHWRM6MTDIISQLIKSQ7WG6JYPXFA,B0BRSK33BC,4.693976012189084
AGNEJAU2YSULDNEJHFJKZ3WLDIQA,B001P33HVK,4.148522561972322
AFSPQJJT2RCSSSO3O4MO4IJPETLA,B0007Y18UA,4.426251293702927
AGFXIC7CBCZ7S6TAQSMYJTX25T7A,B00HU260SW,4.108762413926796
AHGKRZ7262OXWYK3MW7SRF6II34Q,B00724YJJ0,3.942713339055595
AGA4R2ZGTSIJHDIBLG23AMNKJ73Q,B0BT9R8MMV,4.777378126276958
AH44K3RPIQMVWG2G4EB5FPVIVUEQ,B08FYHSQTZ,4.339843866236244
AEMOOALRVX5GJZFIDTWBE6LD77CQ,B00DY1F2CS,4.531554715957684
AGBX2M3IT2QUEK7FH7FBJX3IIKUA,B0002H0BZU,4.757881933113595
AGOVHGOTW22CLVIRUIW4JG6BB66A,B01DBS2U9G,4.5367243898616305
AHQ72YFKLA3Z7CUMMDNNVDPLR7WA,B003K16N0C,4.522005197853121
AFH6VTF4HK7G6XEPGKMJS54HS2BA,B00ABMCHOO,4.607979919109353
AHQCDCQ5VFDGM74DM7RQ737GTOYQ,B0B16WH36J,4.697358927823586
AEAO7MGTW5ZXQBBPPW7ZW5JU7OFA,B07DM7T23J,4.038787183013902
AG5QH47JHVYT2XEZI7TPJZIDRCJA,B00IFOTSJW,4.792261936904616
AHMRQ5BGO5EBOFVVGOECBWCNEESQ,B07S9X47LT,4.582529696583962
AG6FYGUMXO4TSTPFWPFTNHJXC7WQ,B0BK2ZTCWF,4.739512078148845
AGBJAE2I4KB4GCVNGK3CVXCPGGYA,B09RTZ26KV,4.09349977794831
AGPU4ANHDRQEW2M6F7AWFLXSXFNA,B08SJY4T7K,3.694033307819022
AFO6QHRGRZDTKQC6SI7V3F23EPYQ,B08R5GM6YB,4.477803916168881
AEY2D6S47J7ZNE5B5WHDGOMTBDRA,B06XB3FQKB,4.575126257815855
AHNG3NRGEDYO7E44QMYDHMBADPBA,B0B2LSX437,4.517259165621053
AHHHU6X343PMH2VY6SJIWTPSC74Q,B01LYV68RY,4.667479666120618
AHLFNMCO2C6QX2MXA67OMESJWMJA,B00X9OM9AI,4.31566054240491
AEDJWFGRV2TQQ4MBPEW2HWXBIJQQ,B0BT84L827,4.810571278402052
AHOEAFR76BBEHYKBUJOARRUUZXUQ,B0C5D8X3JT,4.148053272814947
AHEMAURZYRCARVTVF6CQYTYE4I4Q,B0BK5CXZBT,4.853147078455521
AFU3UIBFZ27X4ND7JL4WDM4BWWUQ,B0B927ZR1X,4.795730965893499
AEY7XWU3UUYRDIZRWS3BOL5WCXMQ,B01E6T56EA,4.919154733363
AH7WTH5WIOSENLQKENY7ZFUKFFOA,B06X3R93JH,4.786530944702471
AHAR2WCDFYETREAF7SRKJ6T3RMKA,B01LYM0TU7,4.620973524918989
AGOTIZH7DO5TBSSAKDOMYQKDMDSA,B0BWSLC95X,4.706010374091605
AHT4MIYEH2QRDBU6EZSLLSR6DHGA,B07C91W874,4.486297795709513
AGZ3LEJIBPYXZZQ4PCMSOBFEKBEQ,B00WHLLDWO,4.5262999464406555
AHWEFDLYUK65S6GKOH2OB5EZXK2Q,B08F8NV6JP,4.683389786731818
AGBIJYZ7IEINJTEABKHPXZYE3XCA,B00IYGR316,4.599038236661359
AG7OXBZLYEUB2RGFJE3M4YSODTQA,B01GV1ROPA,4.681640301548982
AGEJBHASBLTFJKEFNWWWQUY4BZBA,B00WJ3HL5I,3.994377136404159
AHJ6CRIQ43EJYLQZ6NA3BH5K76WA,B00L1LL7DQ,4.713164689570798
AFXAOSP6DVC5SKYKKZ7YWCLSZXVA,B001PGXKE6,4.635468840708795
AGY4LSANTCTFGGXVHUO6BBDARX7A,B0BMDF94FH,4.920642841953951
AHQZ2NS5S3ABY7JYVNXD4LCOD5MA,B000VJZOLK,4.543572769440079
AHSIQ6XXQM27XS53U5KJXPJQM7QA,B0713YCK3Y,3.7542237800035894
AELR7SP5EGJFQ4CK6PEKBOXY3IXQ,B08R8FSFRB,4.702760193557114
AEZKUSCAQI233DQ5QHO33MLVQWYQ,1423414357,4.169781719670723
AFN6N6Q7OHAEP7FXRONUUN2WFO7A,B0BTC9YJ2W,4.815229776319982
AFMPAORO46YEZSKP237NKNPARFCQ,B07CBT4SYD,4.625746482601083
AHOEAFR76BBEHYKBUJOARRUUZXUQ,B0BSCF2FD7,4.325199720420906
AHQ44RQY4L6L5JFMEP6XZMRC7WXA,B0983RZ6P3,4.7173841893716855
AFUDTLQNMIHNKJPLEEGTYG7JU3WQ,B0002F5IJ6,3.9177180729085594
AGDUZDJQUH2MA6Q6RBVBVV7FIAIA,B088RC37QK,3.587602085701941
AEMUY3R5V2OTJGLA3HKDDYTHN6QQ,B08Y5QMCYQ,4.505890665347765
AECINQ2KJWDR5GR2JWVIAEPGR2SA,B091MZPYBQ,4.557887291591241
AE5ZMMF66YZVYG2JZLE3UDAGVYTA,B005SUS2YS,4.891965923423036
AGEJWLMA7VCEWQQFI4FOPYIMFW7Q,B0C3LHCRJ6,4.238894244065671
AFXCILHG52QQU6OVFOX6RNAWA4CQ,B01NBT5ZP5,4.763912484523119
AE4X6EDOWQIX7OUSMRWSAHHJ7HAA,B08JMQR2JK,4.520569125601438
AH4AZOJ2PGCRKTDED2SGZXOOKRGQ,B00TV90MT0,4.409894437133822
AGTIWTOM2GUUFVUU3FBFTFZBI6HA,B098LHYD3K,4.487762332104484
AHFZAFS6N6PCSICYG5P3BEEBO57Q,B07QKTLN2Z,4.6590014050613995
AGOFGZANYMUDHB2NTVTOW63TG2RA,B09JMYM88H,4.644690991669346
AEQK6QPYSQNUNNZJ76ZMAPCJOHIQ,B08VCYR3T9,4.567135441240397
AF5XVNQXEWRDQHIEK4RIJU5JZGWQ,B0002VSRR0,4.815496605386745
AF6UOGIEDOPIQQVIVG4LISE7QJMQ,B09BFBHQ1T,4.649341168405012
AG4ZLTRHVAZRU33BPY5Y643IZXPQ,B009IWNWGU,4.598248063556188
AG5EBSOOD75MB3YZVBKH2Q5GDYKQ,B00466HLWO,4.47524255200947
AGXZVBAQ7O5AXLHRTNEZ4RPULYSQ,B07TDNWYSB,4.623211038250692
AGNM5MOSGUVFVLSCZHUDEMSAYIAQ,B01NAZMWZK,4.646403956870223
AH2OBRZXXMVOFKUQQUGXFSGIMYPA,B09G5KLKX2,4.300300907420509
AH7WMY3V55DTEND6PA4TH3BVGGLQ,B06XXND94L,4.518563781308247
AFNY2S3YRSPY6NST2O2SQFMSFRIA,B06XGSXWKH,4.630480157339942
AEZJ2TGHQC2AYUZFDM4Q6YX4LOHA,B0002CZVU0,4.572472805604379
AEDUKEXOU3LRYCIRYKYBXA72HGBQ,B089QRBZQ8,4.204241227170101
AEYZHA3LZJHOZJPB7AU75VO6DYSA,B01NCBLF4M,4.655841271109651
AENN2BGZN2YQ2OVGQTNXHLQ5W3JA,B00KZQ1VXY,4.849861003745022
AGBXV2ITIUNKFPPCLLWF6YLF57NQ,B07KDWXQ84,4.328719391878567
AHNLGFONIDYSUIPCHGTHAMDIRIYA,B0BHSG5C3G,4.628512321481008
AEBID3HKBMGORBEBUBAZWS2FFQPA,B074T6YNSK,4.109423160472879
AEYTL6EEQHOMLGJM323OWT7BENEA,B015G2AFTW,3.8698974043032663
AHPD47TVAIQ2JBQNAYV7UOONY2VQ,B016B6YFDO,4.374208067099274
AFVSSJ5QSQBZBTAVR5XHF6UQQVBA,B097Q9W8MW,4.28028237598585
AGDLJP5QN4VUKOF7QJOTCCUVUGJA,B019OO4IY6,4.188229206063745
AEARB6VONAYLG7F3CJU234XIGWWQ,B0C3DPLVHB,4.375965760625518
AGHLAYBLKOMA7JAM2PKTKEQ7EOMQ,B06XG21X1X,4.69916266266475
AFDZ7Q3JWBSK3MEBNMHFMWINWDQA,B0BZQ1KTY1,4.572812675080951
AFFD2UVMFK6ERQ5IEVQTRLTJ5CEQ,B0C3BSXX6N,4.409081332683748
AFZFOI4JUMS5UFMVWPLAVQ3ZM2QQ,B000J5UEGQ,4.764505166573498
AHL4BCH2O33HFN7KSBTIJUHCJYDA,B075VHF7DQ,4.461060065600983
AGVA2XYHJXQQF27PYZPFTMFHH2UQ,B0BZTB9B4X,4.183486537017719
AF4QLGCACAZ67CKQBMSQNC6TIOSA,B0B8M2Q1DS,3.969821086615506
AGFSF44SBWIXPONDUSNCKXDJHYNQ,B09ZTWQPCH,3.7968441928073293
AFPEIQYVFZWLQZZKR3OXZSMGSCTQ,B01LZ7ET20,4.503349087566981
AEY67UM6R2R2XFEAXAXMWTZ4Z5UA,B0919GK359,4.818942502246223
AH7ZHIIHLTW6SQQXSG4EHYYWTAAQ,B0BPLFP5P6,3.9757086692857526
AGETR4QIMGHVFE3QCL3USO2DRGIA,B09M7F7LFB,4.861776834733525
AEAQIMWMCUGLGDAM3BRQ5LCN3CEQ,B00J989VV8,4.457616820708141
AECRC2FDBKONKCHSH7GPRZ4M2CVQ,B0041T53JY,4.690195354611621
AH6QSJEXBISHMQ3M3THWZAKMB72A,B018FCZKR2,4.549955534717176
AG2PW23TNWB4BYACHY7DDDTHCDYQ,B09G5KLKX2,4.847713232549663
AFGATCB23OJ4PTUAPGTIT2YZIELQ,B07YMGPV7P,4.86902282814364
AFZJTKAUHOMRSPYPQD5IHUVDML4Q,B09LJ2796G,4.73212857624199
AGFLLRNTYZI2ZIBXZFWZKDHOJ6PQ,B00HK1MLKY,4.623637166721066
AGJDAPR767ZLTFPQ2EH7SKIWCVBQ,B0BLJVX35M,4.358637414139505
AGY4LSANTCTFGGXVHUO6BBDARX7A,B00LMC2PNA,4.781801907851109
AH5D3TL2SIYIOBOHO6PK6HKB7IYA,B08R5GM6YB,4.591003612803757
AFCCD5FKMJUMFTWE3OYSV5TZEGEA,B07BSHS3BX,4.506663484615052
AFHIAAZ52G52AQAAJYBA72ZM67GQ,B09WHG3TX4,3.4423922818355823
AFROGD4V43PJTAAXM7VM65I7MSNQ,B07S19XSPV,4.83263469323829
AGUQK3H25TSBTIMF3Q7DS7GPIJ6Q,B0BMT74KX1,4.843349664043333
AFB6ZBPMGBPQ4P6AUSRS5A5DNHHQ,B0B8Z76J32,4.789056100548207
AGR4KDJHASNF7ZOGNENQLAIKNYIQ,B095ZXXS1R,4.6753052663955765
AEOFOAZVKGLSKNYRWXNP6JJXAE3Q,B00SX2L4RA,4.528325698503762
AFK3FEP4IDCJVYD5P3FISE4SIM2Q,B07CQPBPHH,4.401166141286021
AEXY6JTA6SOJZ5JDOXCHV76CDJ5Q,B01AZ0WPPC,4.682756473562467
AES6T2HMZFWRQW5ECR6H5PWLZUWQ,B0B8FSCM9L,4.73409098179012
AEM2SIMFDE3SQ4HS5QZROFANOY5Q,B09SHNT5B1,4.65099449326277
AEFS3IWS4TSNEFFNYGAMVG2ZHIRA,B00LIW7N9U,4.693240619403888
AEJ4F44RE3N236XNJBRKBGPPZSNQ,B0B8LYBTXZ,4.547136387225262
AGXYBAI6TANWRZ2Z3K2AJ6REMICQ,B08NW2SYPZ,4.004417822757805
AEIDDQKJTJKBLHHGL2PLHQJ3MBFA,B0BJ8WDC13,4.626352589535454
AENQIPCGFGPVCMZYAJK7LIBIZNQQ,B00378GEAM,4.722284501594144
AFHPCOEDC6RQVI7BKSRAWEBXLCDA,B00UTD0YG8,4.601530691776641
AFIZEMKLVYIDJJ5IJMBUU2VAVK6Q,B075R9BMF5,4.441038032236515
AHAMEWQLPTRHWH3L4Y3YQZCZXWVQ,B0BRSK33BC,4.794584675568546
AFTLHK6QS7EJ25AWSCYSJB6G6KBA,B07C3TXJM6,4.701839335616372
AG23AW56WZ7KPYYAS4A3YUDTYWCQ,B004THB99Q,4.5948106883683355
AF7UCCPZPJPW76PNE2ICQPJUQEYQ,B002LJPL5W,4.487600009145439
AEIBJXOMYHYM2GHFZWFVH4OYSVWQ,B00BQ6KSN6,4.390638317652131
AGGESXOSTBKQQ2MZKYON3UGB4Y4Q,B088RC37QK,3.929710054680771
AGVMESCB42ALLXMQ2ZBMZKK4FCOQ,B07JCW1KGG,4.351628778747206
AG6YXEPL6ENWE4CTSAOR3HHPX6BQ,B0BPLFP5P6,3.8714154370914837
AHL2XDBDBBVA2Z5LJO5HEJJ2KSKA,B0002GH8X4,4.793162445687293
AHAJHM77GJYG3R2V5324MAJAEYCQ,B004THB824,3.7546042274154274
AGODW5MVZYO2NQ62TGD5JX2WPPUQ,B01EGPJ67C,4.07607502672826
AGNJ65DORLK5QTA3DVYWNSSUQ4XA,B092LF6RLS,4.6964098415685935
AHVMIRIICYQJG2Q5VPS2IODOYWSA,B0C3LJ8962,4.827684741526872
AEHPI7DGK45GM4JO4PP25BE3RZJQ,B01BU6B4Q6,3.9057732427570233
AHNF7ALJJC6AR2JJKRZKJ4ATQZUA,B000P5OULA,4.796443916065264
AERIMUQMCVUEN3D5WMGN7JER747A,B07CZ8QC27,4.063008816366052
AFCW3I4HL6FLOYFDC4PVL6AE4VLQ,B09BF8XDF4,4.811133640402398
AHA3ADHFLHTQLYAI5JUGNL2LZENA,B00AV557UC,4.57836123709769
AHWRNYOWY4IRKGIMFKZGO55XSKQQ,B07VSYFG26,4.634315463931001
AEJ3ZHB5WCOY7JEAKTNKGHL6KYVA,B000V1K7FG,4.689531122184919
AEIRBLA7WN4R3DFFWOUBDY6UYWEA,B003WZS2KU,4.625504225646347
AEXDLP2NUCSK7Y2O46Z4VIN2A65Q,B09857JRP2,4.7493230387374235
AEP5MYJIGIGVOGCZ57SRBD27MIGA,B098QGM3JR,4.50438567372399
AGZXN4EM6PCRLAKT4VKOVT2CWJAA,B0064RTS0G,4.7170550993233755
AHMQPD2G6YNBES42KF42BUNLXJKQ,B07N5J3GTB,4.5917210262593535
AF3QYX47IGHZOZBFMSVMG4KQUDWQ,B0BK6T14KN,4.543969143576726
AF2RJAKC5JG7U5MUR67ALQ55GUTQ,B00RVE9X06,4.289505357373508
AFQMFCPCNAIEFZ6XYAOKNT5GNBTQ,B074JF4CMN,4.583424746492156
AFHER2NWLJQHNQ4BRB4NZAG46VCQ,B0BL2ZJ4B8,4.567701349575891
AEFWUZWVPTT6LVIPHMGXH3MJRYCA,B0179A4ILK,3.7604453883907367
AEXAF72EML4UPYS4KTSBUDKBMTBA,B0BHSG5C3G,4.525960227260956
AGULNOJI6U4V4FUK2EYV6CJ3H2EQ,B0BSB9249S,4.007641619270777
AHP4SAPZJLPTWUNDEFRAW4B7QFDA,B08R5GM6YB,3.8224833647926033
AG6SNOJ6RE3EYKRZ3TUMF5SGSKLA,B071V3MY58,4.067305405066692
AHZXMBKQJTVG2J7P7EB5WCYTOLDQ,B008TNAHXA,4.567389129274957
AFKA5LZ7M4GJMI5TG7F7NPAUGZYQ,B0BX8J1P8C,4.581529273372901
AESVETCZKXFJI5FQG7KUJQP5EHBA,B0822X83YJ,4.640785683132946
AEAE5ZVBWJCRQICGZHSE6QT3UCIQ,B074K1N1NB,3.9055256579396436
AHDL4IHGUSE36PHTIS7YUMQM6EBQ,B0C67HCGBR,4.389518196377335
AG3HAPNQSMKOI362OW3D6I5XBUVA,B0B8NXV975,4.057475016470609
AHCLJLP7CSBBARBY5X77TUVRV3MA,B0002D03ZC,4.523740018079592
AFHIS4F6WUTSE2ECHM6MCDWRZB5Q,B00145EVJ6,4.215662995549183
AH2UN5Q4S5IPLNIUYX7BVJOXQG2A,B0BBNCY2VC,4.6753711462515835
AFGBQJ4TCIXR7YL7DNUKAQ2RRK4Q,B0BXT6TM6N,4.089885884937619
AHEDAKOGZVW6FL6WOPJRYZTPSRLQ,B08BN8S4NM,4.335127850685656
AE7T6GD5KZP5TM2GFOZ2GAYBLK7A,B0B8M5FJ9W,3.740142852708599
AG6B35K3D2EOJQZC3E3ZLCRG5HTQ,B09857JRP2,4.852729735664504
AGC5BK42YHPDHB5BNMKTMADPBURA,B07CXK6MDQ,4.8229854217208254
AGWRNWBMWLPNUYBD3GGO5LV4V2KQ,B00IPHSRN2,4.861449259334432
AGDF4EFI3JK6VZMPSZ5XILKZN24Q,B079TLFL33,4.798500280629308
AHZT6MVWNF4GG6FISMZMORKZKK4A,B08GGYMGY3,4.505775807516926
AH2A3MAH6GIWUIZJEOFXW2HBDURQ,B07D8WXDTC,4.507461234383673
AHDJSYNKXNWW2MQQPABYYMH7RTRQ,B0BPLFP5P6,4.6463112632868935
AGCZN4DI7XPQZZGXKCHF3AQ7ZWEA,B00T275IR2,4.474263787319053
AEPBPML6HZCNA2CN5QARQJCIIHSA,B0BKZ1S7G8,3.831144805993294
AEXQ274ZUBUV3L33AKGLYEVVXUAQ,B00NPAMDQ6,4.612822160313439
AFT3YREYEF7HVUAP2SMI55RZDCJA,B07FZ5XBCJ,4.762242809702236
AGMOQRGZCULKJQE5GROUVEVGPEYQ,B01AH3RSAO,4.5237048802991175
AEYKUQGCDH5A22ULXMYPWRQ5GAWA,B09857JRP2,4.838859514808111
AEIFVI6AID42FB33YBVLA63CJT2Q,B00WJ3HL5I,4.448646007643208
AHRTPQHFKDUQEAN36WDEY4BPTBAQ,B0B4STBJZW,4.870414829617138
AGWD6ZH66GXJDVRNQEGY77HOYEJQ,B08F9K24WG,4.7592257205856505
AHKJHMFU4DUVYZDOPUA6VEKKM5QA,B08XYTW5S2,4.0727520110243285
AFQYQWAIBLVTKHALRHNI7MVSBHOA,B087B6MMYR,3.727751192173244
AG4FC7EWZL5AU5M667BERCSVNHKQ,B07685T8FT,4.588784154581843
AFO6EBINMPEYJ4RFIZFB2UHUP2PA,B00615M2CC,4.213009094804445
AFMK4SIFYYQISG2YVU2U2FOCQIVA,B0B8Z6192W,4.846904074091521
AG5ZDKP2LXSP4RG3P4UJKAEPFKWA,B00IFOTSJW,4.016403945494558
AGK2NQ6CYM2O4ACVI6GOXCGAI35Q,B09R6W3B2Y,4.00630276086898
AHK2GPONUS4HZYDUVTK3AWLZZ5QQ,B0BZTB9B4X,4.768171779584714
AHBIFGZDADPTOK7CCTSWXQYVY7IA,B0987C2TBZ,4.663696315840803
AFGDTX6XTSPB3GYWZNA3UHXRISIA,B07NKRZ1KQ,4.723388644631196
AFOBBYP2YQDB66SOFEFONDKZUOSQ,B0BT8FDL8B,4.282669992567903
AEM5IKW5US4UFYTUGVJNYC3LD4WQ,B09M7CK2WK,4.861224172823435
AG7F7UFF5VDMEK72PAB7NRISLVZQ,B08R5GM6YB,4.569251572973745
AFPK6ZJ5T6IV5LGXOSF7BNR3MCFA,B000ZU4GTQ,4.655537274076221
AFGQH4JD5QBDF27M4MG6OJ7IXWBQ,B0B8M5FJ9W,4.738470639442265
AG6Q4C5BBGFEHIKKPWGACT4ALGAQ,B0B47KFZCG,4.697218178108352
AFC2DAKRFMKGNS5XXFUKY5P7TZCQ,B00WJ3HL5I,4.586660023513742
AHPWEIREBCNF6KADWSLLJFOTIY5Q,B082WVV4SF,4.846894165272702
AFOAW4ZUVJN3JNZEY5WXMZJWIFIA,B00O4GF3L2,4.270468022419755
AHUTI635VGXW43UNQRALJR6PURWQ,B08JMQR2JK,4.280098440540239
AFAADQEJDYJ2D6P5UY73XTRZICUA,B073W2Y8NJ,4.79523904890485
AHFFQF7F54OARQ2OOKA3ILYMRK2A,B00P0HHNJO,4.571040140730051
AFYU7L6PPUGCEG4QKNLBLABGJSTA,B06XDDXZQ8,3.988832384629262
AGPPGPYSRZIR32TZC3PWWHHK5BRQ,B09MMT45P1,4.572464032248069
AGBN34VVOPNSM4ZVUQWDVGJYA2AA,B07L6RCDP7,4.686207404888764
AGYHHLZIQQM7KVVBS7R6U7JKMUIQ,B00JER27MO,4.5648598498419855
AHAR2WCDFYETREAF7SRKJ6T3RMKA,B07DL1L3M7,4.600479394767682
AH5HBA76JNM2MTAU7IJGFXEQEQAQ,B0951C4RGR,4.434504432116897
AHWSPVFV7CNKCRH4PKUILHJSS3AA,B0BPJ4Q6FJ,4.7692619354797605
AEHIRJJMIKUH3JVDTUPRY4L2GFDQ,B01C5TBX68,4.69449178119646
AHGIBSFUX75SKXE57B3GHITHYR5Q,B078WLKYZZ,4.7073795028046455
AFISKED3TW44RJXZH4FB7A3WWCKA,B000Q847M8,4.373797002362012
AHPLBHLPKEWMHIYGC24RK7BVWNLA,B003LPTAYI,4.550726801105082
AGA3UZAMOM33JZ5QFAPVV5QW42UA,B009AQZM30,4.282687823671855
AEST4VTEXAUUNNH3IJVJORDVZBNA,B08PBNXZYP,4.873567755235171
AEKHURS6TJTJMT7HBTG6TOTDJPKQ,B0BCK6L7S5,4.278390273185865
AF2ISMZOUHTYR6KLLBUL2VED3DUQ,B07CQ19T1J,4.873084293994042
AGASE3XTUSEWWXX6RV5KD4NDXFAA,B0C1S8XK38,4.279746722276149
AE677ZVP4VXXSIBJF4HLMB4WB2PQ,B0BR2WB9JY,4.814101717042109
AHOSMYGEURJT3QUKNKSVWHXBWZWQ,B0928HW2P4,4.86399573246914
AGOQL2C3KGTUCQCYUPNNCWEMPMYQ,B0BKZ5F8BS,4.615590999162179
AHH2KJPYNZUMU5FNTIM5J45DBR6A,B00S0E7268,4.420385432511264
AEQ5XB6DPQ5BJ5D6R2JCPHYBWGHQ,B0006GSEME,4.059182412050471
AGKH3QAKXJMSDEE2C6JZULGKESYA,B003BGXW50,4.846974011264816
AGUG5C2WFEGSACVXYG6AU556RERQ,B09KWWS7DH,4.739020045654723
AFL567XYUWWT4WOL4FEIADS6NZIQ,B0BSGM6CQ9,4.73765452367194
AHCOL6TTS5TK7LG7T2LYVIMHJSEQ,B07CC51PMN,4.728886850160063
AE4C22KHQVAJGNPGQWCMVW3Y5ADA,B0C4VSM51M,3.960893114510691
AFEO7UYE735OCSN7TC2WBQWERQAQ,B09PBL98Q4,4.015840641920646
AHYJCQYCHHT5FH6RGLT4PWUR6PZA,B07TV7J574,4.571270678156182
AEOPWU2ZHY73ZI26E4E2LVOCIN3A,B0BK9YKQFR,3.989980289114375
AGLE47TRG6WQ4SOAWUTKYVZYU3VA,B0718SMQXN,4.742762161795847
AGZ6OOWN2V53LYU73RT7ZDQCQV6Q,B005OZE9SA,4.657718074351145
AFOGOIQFHOLRR4I3NCUB33WFHDBA,B00JL5I8H2,4.625841393717133
AF2NRER4ZB2JIIMAA5ORIB5RGOCA,B09857JRP2,4.832512135162441
AEB3T7FT5VNOG2L4KJPRMIOLF3SA,B08XYTW5S2,3.98677021134353
AHHP427ENW2EDKHO2BJZDVKTIQNA,B09VVS2RYK,4.1071119393939535
AFRQZ4GJKCECPIFZS7XIEHYLEWDA,B00UZ7JADG,4.518807733669474
AGOWSJ4ZAWXI37BO7ZQ4ACUFXWEA,B00IPGY11K,4.699479341747618
AFO5DUSEVD3OREGSEEPFDKVYV2AQ,B0007Y8GSM,4.8418261227123605
AHD74WLDYHD2UVZ5NIYTLY3HRHGQ,B0925F8LPD,4.729675243698969
AFLAP3F65TW7PVSU6ASIF4F5QXTQ,B07FMRQVPN,4.159763899977275
AGHIR4KWLXYVMFC55FQAEW5PM5GA,B09JFZ3CKY,4.511556106874268
AEW23TPKWNRCLGGPK6P6MS3PLHFQ,B000K67VRO,4.766491913981655
AHPWEIREBCNF6KADWSLLJFOTIY5Q,B00UTELPGK,4.456303670788227
AFXLVYW7RDMXH2Z3I3Y4BY2634MA,B07NPR1S6T,4.7540345719860975
AELTKUOPJKGE77UV2WFRTRSNZ62A,B0C67HCGBR,4.824086408176404
AEAJ5WLUZIZRMSRTJ4NZUKYTXCHQ,B00N19LGZ0,4.2261818186284685
AF6EJ2XGS7POVJ6OHJUXOVWJN75A,B015HG7HMA,4.628433723941422
AECIT3NMW6RKABFS6YOCYX4YUYOQ,B07DLBZWXS,4.573588764146908
AHRSFWM7HT2Z3HIWSAOQ3XPRUO2Q,B00BQYODWK,4.77297644074263
AE3YNEQPU3BX7JSGG72XU5V2GZTA,B08T6X2974,4.374709598430553
AF6PIY6PZCGBM6HFZB6D7OWORVHA,B091MZPYBQ,4.593982910792901
AH55BBF7YI26IG2SQ4UVOC6UJZUA,B077PSQQVH,3.646294222566902
AHTTV4K2AG3ULVGME2UD6R2UFE2A,B003XKFHFM,3.699326588251459
AGRXVSLZ5ADADS2MPR55BHXGV36Q,B09PWCF6T9,4.579386848003679
AGWNI2VJFJGRZZEQFUEEAMJOZI3Q,B01F4QCP84,4.60375236199439
AFT5P5TGXEBFHQDQPSU7COEQGTPQ,B002CMLPYE,3.9104463360945485
AEHWRW3PWRFQOIXVKEPJCY33O7BQ,B0BT84L827,4.363022934349729
AFSRUMHD6AOGSR5LMOG7AQJMTMGA,B000AAGM0M,4.524377044674168
AFAUI5YDY5SFUUER3ICUDP7DNABA,B0027V760M,3.7386229426293998
AFCYUWDZ2F3DZB3S6FURGYD2VADA,B01F6WIX5K,3.7107253072246205
AFYWORNWI66UAEXO5TTXFAP3HKEQ,B01AAX6KGY,4.47974463203624
AHITTEAFYKSFWHQDK6LQ3K7RBM6A,B01LF4C2QY,4.527727179903515
AFHDWGZWTHJNQIRYSW23WQM4Z2TQ,B016C4ZG74,4.410861900664277
AHPWWZH7QS2FIHAHNQJNRVOPVZEQ,B00G33N1F4,4.036335425942441
AGJGLCZKE5735HGK27G2B7QZB5UA,B004DE1K5S,4.710221934521726
AGPE234Z5X3X73B4DSG2DE3ZTG3A,B01EHJL652,4.47989078475241
AH6XAWAUUU7SDPRRVV3FALQE7WMA,B0BKQ3DPPL,4.5675254576631295
AECEM4ZNK43ZUOJ7UO7FNOYIBG5A,B081P1SQGG,4.471587878989457
AE34NU2IK7BLZXXQ43STKR5W5JOQ,B0BSGM6CQ9,4.797620537775705
AGRM3B2N2NGKGNJMLYVGH6STQA4Q,B01H7B1JD6,4.700880445745264
AGN6JJ6HBB54CDDMDTPQF2BHYYHQ,B07DWLYGKH,4.760998200474052
AECDFP3R73WCEN6RFLPGUSU3DNMQ,B07G98F55T,4.615263137530423
AHI7BFFVBFZAQMUTWX7XVRX5AFUQ,B0BBRMGRTS,4.51512477157561
AF2O4GMP7Z6ZV7WZGJM5MGT27GAA,B07R3S93K8,4.106532041917999
AG5ZVXXHEXDYUUODSEQC4XXV7DPA,B0C4SQBLC4,4.850508222142325
AHRPB4XLKDWSAYBFEQF3M5YPGWUA,B079T9KWGQ,4.218494701874953
AETMPCLTYYDZPKDQOMHFVN2CFM7Q,B009YRL4OG,4.713416908109853
AHSAI3EDUQ7HRB2W2SOWGEXQF2JQ,B0037JT95I,4.553475315199831
AF5VDKIJH5MWPGQWBNEAOXEJQ5JQ,B00HK1LQ28,4.479958239584831
AHNP4UU7OJ6JDANT5Y67QGMCIABQ,B076ZNHZ59,4.749989995452431
AFANAS6ZJNZQ4H7OFWZF7LTQNIHQ,B09S2VB3KW,4.768890704296139
AGBBU5ZI6SNTPSVKYHUVUAPRXEHQ,B0B2C6TK2Z,4.64024542879544
AFVZZZQPULQQHTFSOK2MF5QYGZTA,B094NDQRJQ,4.653848296084897
AFGGL36KJJXEQTMHPERGAJ3ETG7A,B0C1Y5KJPX,4.406401516060179
AFGC3CVTWDXINUBXXD2YPCD5RHCA,B01K1EJQ9U,4.733051076651379
AHKNJUO7L4KX66JTJFCL7TDYPWTQ,B0864N9HRK,4.821123057498985
AGXCV25HDW4JXI5QQSJTIZUHPRHQ,B01CQQMLKC,3.642690003083888
AGUS46T3NLZERFSFY6634ON4HETQ,B06Y2W66F5,3.9969512411774257
AEFCFMUN235NIXAZX6FDFT2JUEQQ,B001C9R5P6,3.6098380388770126
AF7YHF2VCYZJP3ARK6J5GXZ7HZEA,B0928HW2P4,4.892138092067331
AHLKEQRAWNFROS6AKMQK7WACLJZQ,B07YJZGP5X,4.725154673283381
AGVKIQJCRMTLZWG2V6FTD3E4ZZDA,B08SJY4T7K,3.795709584117226
AF7E6RHOZNHXMOTVQVTGVYETOQMQ,B07DVX841V,3.7343551297217177
AGVM3U55VHWHEJXRQ4IKLK7NCAAQ,B01BLE4SU6,3.761001662341152
AFJN3DGVOEXNJO4IZLXQBQXMYNNQ,B01CS87RGQ,4.6916869794142375
AHNUN6MBXIGLPXDFX57V56LB3D6Q,B08B3L6MGL,4.618583682079853
AFAFGXMIMBAKH4MT77XPTTHE5VUA,B09NXQ86L1,4.663581378712815
AEAERSACQKLS4M54KOWSSPJVWHLQ,B07BVDGFSR,4.576397376855754
AFDSVXNRE2LCL6KR76GDPSVAUEXQ,B0B58HH8XN,4.819370982735782
AH7GTGJLT4EWVEX2R6FFKULCNDQQ,B00CPLODUU,4.048267927759595
AEGAK36V5XS6MLBKBB5HGZPXSZXQ,B07B9W2XFS,4.459174860299933
AHBGT6Y2NTDTMPCV4OGK4BJM7EYQ,B0B92LPGD2,4.670095376947899
AH4EBXBCNHNVQ5MKFUO62MZEVPKA,B0BFKKVQZT,4.706829421126834
AEPI32BVUBYNYBHBEY3IFIQF4CEQ,B075FSQFPY,4.460919859565309
AEAO7MGTW5ZXQBBPPW7ZW5JU7OFA,B08BJ37FNS,4.300814390214495
AFSMS4HPP75DQULTPV4E6CLL454Q,B0928JXFNF,4.647529509326963
AF56NQKSEMS5Z5BSWD6YFOBFJP3A,B00JL5I61A,4.7186344526640775
AHMUFF5EOXLXLQW54WQMGDGWVDSQ,B0C6HZHZG9,4.7091571335452445
AE5GKEAWEDM6RG75MEOIXB5QPZTA,B0BLLKKFR8,4.159070230708
AFAJZUT63QMOLXZ657YAISCLHBYA,B0BCK6L7S5,3.8963760849665703
AHQEBEMXOE2LUB3GSASWX7MENGIA,B0C3Q29DML,4.800280044844842
AGYVINGW4VBWAX5UHWUCW6AEJSWQ,B0C53Z9TDF,4.805695029741877
AFIMFNL4UWGNY3H2YOIA57JYINYQ,B004B470XG,4.837161403747528
AFWRDEJJALWBO6KHOOBCBY6DAXHQ,B0BHG58G2F,4.779601938475027
AH2H6UZNEA477XOPRQ3T37WXMBLA,B07KDWXQ84,4.463753240583491
AHEDCHTTKJDLZZ6Z3FTYKSIWAJMQ,B0BCL4K9GF,4.528214463025424
AGKANGAWO52ADFIGSOFLLBIV6TCA,B0C5PRQ9K6,4.761871445857625
AGMNAMH77QXBOAWQRR62V3NMOZ5Q,B08GPH33QR,4.5228254911938635
AE5IB4R6UZSREN4KRIGC743OIZSA,B00BKXN9LS,4.557842476530052
AGIA3ZNA7OJDRHNPWVATX5FDCEHQ,B0B2YZYGMQ,4.356949476468105
AE45WDXXXZ4KORRG4QC26I6TNVSA,B0C62DP9WQ,4.549201238996655
AED4QAIZU74PMJLMYBF3SY55EC4A,B0B58JSMB7,4.4793865347573565
AGRPTP4PEIYDDNEBAQU4FEY6KTNQ,B00WJ3HL5I,4.589479125388347
AHF7Z76TLU5TWM3UTOYQMQGFLFYA,B002H3EZMC,4.798193300539065
AF6B2MHYX44NXIJKLOQHXTUE54EA,B078GNPZ6X,4.888924172644057
AHVJ7UVESCIEXJDPRIYMIIBQEM6A,B007X60AZ4,4.725366131966119
AFGDL7A3J5VVF6VYJRHRJ7UKTSGA,B002LJPL5W,4.572945976063872
AHLM7WOXORQPFRE64ZHN2IV52REA,B0BT84L827,4.741398577163559
AFWFHC6WQSA7LQZVY4QKFX62EHOQ,B07B4ZZVDV,4.89872676942878
AHPCRMQVQYOVIYGCFBURHPSW4LPQ,B07SG2SGZ5,4.055420588203385
AEYN2ATYIHPXKL3JEC6FLXK73JAA,B0BCHG293C,4.905805215667728
AFBXPXZXOBJZI7N33THA2W5JGJEA,B0064RTS0G,4.047129638536045
AFC7CN3GHCUXCUS6EXYASLDZYS2Q,B01EB5SYDY,4.872523229796992
AHRPOGWS4FDBIU6LHAYGE3FOMEVQ,B0BKZ3GCGR,4.057377920015173
AHSRMNZAUSJKKHQM2Y5SFLXPXYEQ,B0C5CTX5LZ,4.061214201704269
AFX66HHUFOEYU34TWTIJ5G6UMUBQ,B08R5GM6YB,4.581645163388029
AHXN24SQSFO4TJAXQSERXXGLO5FA,B0B8Z6HSK5,4.583636448121412
AGK6REQW2NDSSDVNRVXXCNEQZMEA,B0BPJ4Q6FJ,4.806677631276055
AHMY4433RXWWWIPLL52FFK3KA2BA,B0872CS1BX,4.801047842758555
AHT6CZ4BD5P4I5VNBHCIT4Q2XIOQ,B09BF8XDF4,4.794881892955178
AG5FEKWGQDLOPZPCCVTDEL5TWMLQ,B0BPKH4HB2,4.656590962282553
AG5NEBS3VFNQPNWGGXYQNRNAHQTA,B0BCW884JL,4.539247120671204
AE4X6EDOWQIX7OUSMRWSAHHJ7HAA,B000J4I9VO,4.456350550342413
AGHARSG3LRWDNOAM3HVDWKJJMS3Q,B0B16WH36J,4.886081778890691
AGIORBOULYLRAG7GKTJGV5YEEMZQ,B087PKH93S,4.4400442457171065
AGFSPZ7XOYCABXF6VYXQVWQRMO4A,B00117TFL6,4.646229609472211
AGLKS7VMMPLSNP2NANAUOBZBHGJQ,B01ANNNKMI,4.1871186644819955
AGCC2TT463H4XT4GVMOXI2DPP7AA,B0C9NGP88D,3.9467962005138992
AGNDNH6DN46HBFSB5IAFHIOO7DKA,B0095D5BF2,4.495601999690052
AHPWO7MKOQMC5DMP44MVALDZKWUA,B082WVKSNG,4.628020492314852
AGVH6XX42P6SIONXKWBKGJODPMTA,B01K9AMG8E,4.406429212842625
AFVYTABRIESKZ2WUA6XLENKB5QCA,B0C6K471PB,4.103505427859657
AF6MPNSZKXAGY24F7BGTGH2LZI4Q,B08XMGNB3W,4.654591146760792
AGARMVTKQUMBK2XJH2OSGVOBCCCQ,B01HCGWS2W,4.749810686099201
AGMDMA6XA22SNTEHKWHFQ2D2YN6A,B07MZYNZ1C,4.715200011585169
AGC5BK42YHPDHB5BNMKTMADPBURA,B01HUCYOXE,4.796400983375854
AHZAWZBAEVLGKNBGGTZII3JNHRGQ,B01DE4DPSC,4.714196972153473
AG2CPGYQOVZMGVEZ7QPN5NXB5ACA,B09397FWYW,4.819852471739297
AHSRMNZAUSJKKHQM2Y5SFLXPXYEQ,B00GESEQ4S,4.419057331389894
AED7CZI2A4UFHHKBLM2T55BK7W7Q,B0BT9R8MMV,4.250698456038997
AGZXSMUGUCUPIHVCQ6DFP52BVPQQ,B07NXZCM9S,4.783469549384847
AH5MY3FGKF67EXOLB7S2NXQBBIMA,B088P5X4RQ,4.713771537295781
AEI4IG2E3DB6EG77RG7QTQWIO7PA,B0BKZ1G3P3,4.721653292299982
AGZMJNIBVOGUJC5VGQ3EXLRUINSQ,B01HFRDEI0,4.750868987133615
AECLUCEGCHCODEK2QSY2UZFESGJQ,B0799734T4,4.775777354092229
AEVSTHVHASQP4BSETOKS5L42ZU3A,B0002H0LDW,4.404644020286688
AGP2BAEBBIE6P7XZAOAIUFYCEHNA,B00PZGTVAE,4.64239203057761
AFHLVH6VXUGE7VFXVZHQ5JEQWOCA,B07Y6TSTS2,4.801456740163675
AESDNHQRRZEWTZF7A7TFFFTSNY5Q,B00HZH4D04,4.743799132313311
AEMAZ536TDHVN3TB7NI6AWRO2RFQ,B08R5M2FGY,4.757324045416733
AHLVMWREGLYAOXZW3YPMPGU555ZQ,B0099DNZMY,4.433899590138449
AG676CNM5GFRUZQUFQCIWAWHKZLQ,B0012BPMHW,4.789151160554029
AFKXLVV6Y223XWWFAGFRH7ZG5AVA,B007BR5PWI,4.484199171182998
AECK5JRGPRBVXS5BV36PBXG4UVWA,B0B63DPVDK,3.9303557083836305
AGDR5UXGHUY2HYK276OUE7J4T73Q,B008YGONR8,4.709221654606213
AFKEYQICSZOJF2UUKZK6QW2P3C3Q,B07QQLLXBG,4.365538104472704
AHCIO4Y7MASS5GHGAZNOPPTXFTVA,B0BKZ3GCGR,4.625734814129448
AG52A6Q7CTQXG244EUIS7KWFVOGA,B0B8NXV975,4.061838061622241
AEJ354XETZRIGFKZSCQ77RWYN2ZQ,B00WE6INNY,4.7745626876745675
AEOAVQQMRY652RTKHFB3L6Y5TYIQ,B07DLBJKMR,4.045632100335022
AHDPEFTXF4GWDD57WJRM5SVE5MDA,B0B9LKKBHK,4.546833441324426
AHUWTBLGZWOIE4OYFO56IOXKJMOQ,B0BSCF2FD7,4.803972590166391
AFA465EKUHASW6EOIJZERMAKI66A,B01HRLREKI,4.710489835338885
AHIHHALU5BBSJTZDS2KKQJNYJGMQ,B07N1RPV4J,4.029002467706151
AEOF2U5P3PEPOLGFUQBHOA64YJYA,B0C3Q29DML,4.161361042576161
AEI3JK3NJTVVB6RQVVJXFYWBNEYQ,B08MTVC27F,4.639418937226053
AG6MB6ECQOKI5LMTUXYE7NCQYQQA,B08881TP55,4.442587628481747
AGCPKJ6ERXDP7M3AI45P3WMW7KAQ,B00IFOTSJW,4.848888485294925
AH7UMWKEKWHRAACBVZQVJGOP2DCA,B0BPLFP5P6,4.597310000784211
AFFPCRIHLQNCUF3UHZKFIO7TWK2A,B07D4QCBX4,4.506106807156584
AH2L4HXWXSECI3SMTHE6YB3T56KQ,B00E3X5USC,4.408047002482728
AF7IKYKBWRTMMRKSY6EX6XUVROSQ,B09V91H5XM,4.664809146782137
AHWRZNV5QVHOIMWAVYREEKJLKSHA,B002Q0WU3W,4.576397376855754
AGGU6YCHY6BLNPTJ2YAU4Y5IKJJQ,B008FDSWJ0,4.362500374077377
AFBIB5XMB27ZIUM3YDTESOKSLLQA,B093YKLWVN,4.6931007759333925
AFVRNSWCGZBFH6ZSULIFIHW55DGA,B07KDWXQ84,3.677855959090569
AGPOYZY5YU4FD5PJPXT3UFCRBK7Q,B0C3BSXX6N,4.762673418060033
AGRYDY7V7RLYLKDBPMIOCLIZB35Q,B076H8SGMB,4.077687892142043
AFWI2VMSLJZKN7ECI2GDNC3CX6DQ,B07B4XLP57,4.765885440947694
AEQFIGS5UJKWTXXLHOE4KJ32RYIA,B005SUY9H2,4.765887398329976
AGEIH53JJO4GZZVOM3UQVWVXJAIA,B00JER27MO,4.522579891773531
AGG3TGNIO4ULCWBMCUW4NHZZ4BGA,B001BYLWD8,4.5832375651376385
AHE7II3TJOEA3VFD4GBUOSJCIGCA,B0BCXKYXVN,4.003140683454869
AF53AY2WWHOPWSOXUIEV6NFQLMUQ,B000G3MV1W,4.626479113996159
AGLTZKRU7DBJUW2ETIYDCZTX35PQ,B00YJ5C46K,4.624203252685462
AHRQYYKEOUWW5HJU3RNRCXTXKAMA,B01M7TE7LX,4.0168417322041305
AF72QOH3CCCECJGIBMH3ZZQZ3M2Q,B0BRZ92P9Q,3.593672413912583
AHTCJK6Q37Q2W33CSKNPKZGTII3Q,B002Q0WU3W,4.59628910788837
AEE6H6VC6RTWJS2RMXUJCDPOY6NQ,B06Y275GHN,3.8615731296712608
AEZIWY5MGFWEIWELVGYQBFWPK4IA,B0BHSG5C3G,4.772589431206139
AEB6NY4IDOJQTFCHNUGKOKLXCZJQ,B08R5GM6YB,3.69716864566421
AHJYXFSJIGSKWCQ6IIB2GW5SN7WQ,B073RQ3DQX,4.521411845860967
AHABCXD4YCPXXENKKC344EURZCCQ,B002KI8X40,4.745179378375164
AEGFQ5OD5RN4XKYGLAWEDH6JLQXQ,B00B5LDMH6,4.669315964923156
AF7X6XLGYRQI5U7QKL3ZMNMICILQ,B0BPNMSDGB,4.2146068846500695
AF3FBHCAUSTHXGTODQONDLTDVQ3A,B01DN7OI40,4.836765148693786
AEQFTHWRKZ2T2LMV47WVHRSOKZGQ,B0B3VKD9YG,4.564360325097195
AFBYX46MQBPS42YYFRO6QHRKKJEA,B083KJ7FKH,4.447604777455372
AEOS2ALLIKEV7WLIPXWG2346HAZQ,B08P76P2K3,4.502986210334428
AF3NOA47IJLZ3V5SQBOAJHUYDFJQ,B0BK6S8QDW,4.814564012759604
AHLWBN3XMEJUKJQECDTG4PZYDI7Q,B01CS87RGQ,4.741784698900354
AHPVFKJE6V7RH7SNKDP5VK5GGCKQ,B0CCK4YYNM,4.200128218256621
AFDBKFO3VADYLJ73J6P57DEBPEKQ,B0928HW2P4,4.364276470526714
AET6JD7MK2QJAPGVTAML2L7TB5HA,B07Z63HSZ3,4.540287593706067
AGVBT7ERKE3PKMRFD3SC6ST3QAQA,B0BSR996X8,4.3218459766780635
AFJQQWO6VAZCTTY3GXNB3SEUU34Q,B0002KZHTW,4.838286475920075
AH4MENCROTJQK7T4D3NVIK3E7KZA,B00B2N3XU8,4.816914609347665
AE6PGN2WW447FQCQ7CQFTCO4L36A,B0002GYVZW,4.193698078481614
AE4KCU73O4KSJOQKPLC5BG4B7RKQ,B07CQS5DJV,4.671349810928674
AHXGY5M5CQQMIEJZTSGIHGV7SO5Q,B0BTC9YJ2W,3.966473912660139
AGWVA2PPESBPQ5XK32DPGGH7KHRQ,B0C3PGFZ3H,4.365158093574767
AHFBAA35TCBSDKD6GKRIZG7IGQGQ,B00T275IR2,4.673333080465936
AFFCNEJLNMAUSBFDTVL7TDS76HHA,B0BJPLQDWD,4.574743091893296
AGENKZMKGVCQIKH4A62NSRPH3TSQ,B01MRJUB7Z,3.8378107700457735
AEQN6LLSZSPI4O7MABHJXYA53RXA,B00CPLODUU,4.023495217365269
AF7DRHZN7CDCVGL5PJPIADURT6KA,B0BSGM6CQ9,4.767659063467818
AG24WNAXFQL7GMVNARKGAZMKBBJQ,B00I9FL3OA,3.885276726231715
AHJTAHSOTD635R6J2KKZG6WVR3BQ,B07S19XSPV,4.770440784736839
AH5UCNVRO2WQGUDHO27YM67VRUOA,B07S61KXPQ,4.459383787789124
AEXWONTZWMNRENRFG6ASVUCWNXLA,B078KTV8L4,3.730008432940465
AFVSSJ5QSQBZBTAVR5XHF6UQQVBA,B072MRBN4G,4.09315640076406
AHENU2XO6JW65OCUTQ6VBDFM2ZHA,B0B9SJFKY1,4.789714361019971
AHEZMZ7VYB4BF2DE5QV4QFNQIWGA,B00BBPKZIU,4.3904996659501005
AF7CC34DK36SQJS7WXI44DREGWJA,B076K32CH1,4.763108046524341
AFOWG7WVVQDQFY6MHOFL7MFPAG6A,B012VQ5A7S,4.620768824489737
AH7B7WKKAQETZ4U7ZIVHFR7IZGKA,B08N325W3L,3.813003678287538
AHDONNGPHQ62BJNMUCDN3V6WQMEQ,B0BR2G8WYG,4.490411862982043
AGCVCVBQ5PECVBEARVIAQKDWKV3A,B0C4GJM9J4,4.650746141490694
AG5SXV4XRKBOZMKDGST7LB3C643A,B00WBCBQF8,4.690314083680412
AFHPDLXI5LH52OFLZSP4KUBTZ2UQ,B00X7DCM4Y,4.251624718865204
AEDCSOZMB6ZTI55JIPKJXEKB7K6A,B0002D00FK,4.641588993747646
AEFMUJVOH4TJSOXWZS2TEJXEGMKA,B0002E4YI8,3.724520992406315
AH3C3NEQAIGMBODE5BMXKSRNDFZQ,B0B3VQQ6XY,3.9226113982234265
AFNHOWRHARD3M6T2NVPQ775AH4MA,B0009G009G,4.773564158224511
AGEJZX3P4KTM6A63XW7IS6KYAKZA,B016CKAVRI,4.76022257877161
AF6K6IGXD3OMCVNWQEP7CYUZXYSQ,B004MN9GWY,4.730031736692449
AF7VRLJZIRYWVNXMW2SAFC3LZWMA,B00WB244XY,3.83378934020935
AGPWTBAKWEXJIJLZXKEV7T2E37AQ,B082WVKSNG,4.244707542095446
AGYNPZM3W54EX4GURQLXCNJOT6KQ,B07MQK9168,4.695382746815429
AHX2MR6NLBEPURAZZUYFARJVHSEA,B083BT49BX,4.540279261466948
AHAE46AEKDCLIR564PEQWOO4H4VA,B078KX8YJD,4.801661115051096
AHDMFMMBOWVOTXAQMIV2KOPM346Q,B07BJ728GP,4.100311637747091
AGETR4QIMGHVFE3QCL3USO2DRGIA,B0049BKIF8,4.843984970051567
AHSCFIE2HGELN2X4RRAPIRZYZLDQ,B00F20MIC6,4.351519492762366
AF7QMGYZK5HO7NP62SFS3NFGZW3A,B00H35YIJE,4.691151828552417
AGB6YJDQ3IJ2F2RVS5GLNRHOKRYQ,B09CD32F7Q,4.634081968521282
AE5ZMMF66YZVYG2JZLE3UDAGVYTA,B0BKZ61YJJ,4.8293756948193
AE4OEJMTMMN67HAFXYTGCW5LDVBA,B08SJY4T7K,4.127349165563267
AGBQ3TX4QYWQQOW2DBADLGOJHQGA,B008TNAHXU,4.537340329233807
AGELXEQ7HQL4564TYOBFJSOPBAVA,B07DVX841V,4.678414854419746
AHZAWZBAEVLGKNBGGTZII3JNHRGQ,B001383XT8,4.774965424927962
AEZ43GMRWM7Z5RJC7MKYGQYWADIQ,B0002H06X2,4.677580539506626
AFO4VO3EMAEWPOST4DIAMAEB7ICQ,B071V3MY58,4.826097182127416
AE6QHO4W443XFTAAWORXJNE2DSQA,B000PGMSZY,4.73592546687366
AH44B5QNONVHQIKM4BOLW2YF63YA,B0B8M5FJ9W,4.86948440987117
AFSV7TNCJP7V2OUPWNVO6YWM2HZQ,B00WB242X6,4.042234012648577
AE7IRQM2JRJU6YZ23HD36B54LBQQ,B09PGW1W7R,4.79110235337109
AGFB74WQOHVJP4PGF5QOXM5CXYQA,B001XWD3LC,4.347300361471508
AFTPUNQ4NGIKJHIEUAFA3GQBUY4Q,B00646MZHK,4.875294277940629
AHA4C72NXTSR4V2TQQUIBOQMWYPQ,B09H1JQ8L5,4.549349373548844
AESEUN6IBHLP34ZCQFUXJ3ODEUJQ,B07CQMZVYL,4.5866970495224795
AHK2NL4CMRVKTZO2ZZ2JFPES6WZQ,B0919GCCBW,3.937735181876721
AFPYPYWWBNPQKOGF3SANF3ZDQ6PQ,B0992VZVKN,3.833659922835216
AGNEOQLGQPD2NKSKBGFCXAZ3AW2Q,B0B3LJZXK7,4.7270417979435235
AGWK6CDT6HOBXS6JJEWZJUQRUTZA,B0002E3FBA,4.775820452123705
AFGFNA3PKGMAQWQVH5A4Z5CD2QFA,B074FL1CP1,4.649318242200446
AEY73SCG2WZ5KCSL5WN6T75P25UQ,B06XWLXCFC,4.006058010258148
AHLEUWSV62G45HPULLFAIUFLWEJQ,B0002Q2DE8,4.67779353781836
AED3BMXQT7LFTKWZCNTVOKEE4GDA,B07Q6Z5VK9,4.8739938542711085
AE242ZZNGN76NJGBHE5ATA73NBTQ,B01N5QJ0LE,4.584605671129139
AEL275DNGFTFLIFSPTKDR6VJECUQ,B00Y4TY3JM,3.9202084254099248
AFRGWN2OQMXTMFUCW7DBTJXXZC5A,B099NYHNRG,4.769808381926829
AHC2LMWC3UATTZVVLQCXG63ZS3SQ,B07ND4MZMW,4.401329652515829
AH6CSA4SAY5PP6VXEE2MLQU2UZTA,B0010XSZ3A,4.237872510430927
AFRUTEYFUJDAUASSQADZ3UQJHXAA,B08NVVLB16,4.9307547670944265
AGVDWRJMULIAELDXB6WAOO27RYPA,B0006ZJ48I,4.471822240729466
AHWUVM45AU54BXX7DEEQTEHVPWKQ,B01CNAN5OC,4.054352035844537
AEMPFCS7HQ2Y6NGNT77N7LPZBUXA,B0BQM98L6D,4.611885826372319
AHIZ52ZDJJRFKA2Y3AYLOLRJDSZA,B09WVFZPLS,4.279947839295105
AHP54DEEFACVFPIFX7KZ3P32ZYVQ,B09LSLS83Y,4.12785322517318
AG5IDHF3GQJ66NX4SUVVMD6AJCWQ,B08YJ5GQ9R,4.799205527035362
AE4PQQ2BQO6IGXVLTI6GBFCNC7YQ,B01N40YZZQ,4.3140317272716375
AGMYRILPTJDOK7WL5OYHYGRYVXMQ,B01HFLKO6G,4.848358814605923
AHKPGJ5HFA4I7IKUHBTMOSFSKUWQ,B00XC2AQN4,4.576677882781804
AG224IRACLTGD3CO745GKS3UQIVQ,B001MQ9Y5I,4.743167000122479
AH5HQDMJMUHNEFQ6HSU5C7WCS75Q,B0179C3SQO,4.624266190624737
AFT5P5TGXEBFHQDQPSU7COEQGTPQ,B0002GY10M,3.8815851531540364
AEHZ2XPBR3DD7KQKP5QLUMNEJEJQ,B000W348OO,4.708062831347869
AF4YDYJHJGEIVVUG3BHTZ7DCQY5Q,B01DE4DTAG,4.514516585274976
AHW6YFBKYIN5XRPR3KVBB77LKNZA,B06XTW2R98,4.555740356800173
AE6JEOKRGHXGAGA4FNO4YA6OZHNA,B09NLHX8VR,4.618321879358171
AE5VICOXJ6XHMLISRION3NBJ54OA,B07DK59QNR,4.732161460843624
AFMF64BUD7BO2FCMXDY6VYF65POA,B09JGR9ZG7,4.518142826490622
AHIBMAOLVIYSJGHVEVN3TJLCAXBA,B0BKZ67C9F,4.864470926070188
AG34MRPZANUVEV5QIJEZ4JEQ6O5A,B0BCL4K9GF,4.5603165581004435
AFBLIAES35IGAZQJZLCLOWAS3SXQ,B074WXM13T,4.649568140847476
AHLEUWSV62G45HPULLFAIUFLWEJQ,B008L3SXE8,4.679767257435991
AFAWEQ7RYCWPUSBA7SRPFWREWOCA,B0002KZB8E,4.529565634478986
AE4BRUKTU5WDWF7UTC2B5Z2GTZKQ,B07N83Z3W7,4.534956648465852
AHQGNHYEMY2THNZXZZJAT3VS4FIA,B000B6FADU,4.519878990596588
AHDXU7C43XRQRNTX4FBNY2YHDQOQ,B09CPZ2QS9,4.722373422295596
AGYEKWJYOPP3NHI7QRNVOPTOGTNQ,B0BLSLKBCQ,3.7761316972695123
AEOG5GP4YYOR6T7H4DTLTH5VXEVA,B07BSSS8VZ,4.915522095090773
AH7TL6PVUTX5BIN72WT5G3DENC5Q,B07D4QCBX4,4.712949929254551
AGUQUN4TIWP46MPNHP5QOPOPRFPA,B00CALHPGY,4.474335680539424
AGC7CFOW5DZ4EX2QVNP6ZRSDDLFQ,B01JJP71Y4,4.0716755376467715
AGBB2ZXVQGP55MT6EFSXVDRBVKHA,B0BT9R8MMV,4.721254136720002
AEELYEJTMEJC2Q7TLM6B7SODDPEQ,B09B45DLQG,4.577422023522882
AFXXPUL3WUJA5N7OHL2WSCZUJORQ,B0BRSCCL39,4.196120382081201
AHELCEBAXB4RHDYFRDA2BAY7B3GQ,B072WPD8MY,4.7801100852126615
AFOLIN4WBEQKBXBI7TONI72PXJWQ,B01N5QJ0LE,4.074931097710035
AGWI452C24HVTPJSA7KWM3HNOUBQ,B09GF6NX3X,4.622930921449837
AF5XVNQXEWRDQHIEK4RIJU5JZGWQ,B015IJIO5U,4.5015993363399724
AFE2ED3TOKZKTVVMV26F7DO7THZQ,B09DR91XCS,4.4983527323536325
AFRTBHHXZAQDCTONAS632OGYDJOQ,B0B8YWPB3K,4.8985348269520825
AEQGGWXHGCZIDMJB2Q5D4VS5TH3A,B07KG3SDZK,4.479419942266409
AG3XSRIN4MQBL2AUGOPEU6TGCF4Q,B09BF8XDF4,4.826375778321509
AGS5T2BWF5GLMFHWDASCPV5VDOEQ,B07PRBM1QJ,4.720164063613282
AGSIYEJTA3W3WHYOMO3GZ4LFDQ5A,B072FQ4D31,4.575390936606397
AGI3F3UMKKPXGAQ474BDITAS3FDA,B07JNKY9T8,4.788233361405129
AEZBBZPGTXZF2JQ6S2PNOOSHZFPQ,B0C3LKF6VL,4.4951413475810265
AGKJNGVNDATZRQH4WSSN4OJSIQKQ,B00UTD0YG8,4.784494068219022
AGNE3LTUI7OD5OEK2K3K6NHMBUOQ,B01MG3QVCK,3.892196208114839
AF37R5H65LWFM44HTVZUH5WNWA6A,B07RG6P3N1,4.60590859761367
AFSKOXGAKKYKA2UDMHUGHPPT7W7A,B0BW8L9WF2,4.512079071303719
AHXOER5GYRVR4LHHXTDAPROJKQGQ,B0046A04LU,4.360876550447809
AG52TQ6F7NLG5WBLIK7Z4QIKVETQ,B07D9NK1S1,4.50068222037816
AHVWPYPNAPJ4H4YHHPCXRX5MVETA,B0BTC9YJ2W,4.7613415420947955
AHRJGEBB6MS7KB3PFZOXLGM6S5HQ,B00T0S0SPU,4.6670257311442
AGNVDPYCZJ26J44AIEI5BZ3ZPR5A,B0BHSG5C3G,4.041851968440106
AG7JPPWSBNXRF6BJXMCXYPM3ENBA,B003AYRK1K,4.7937909187396945
AGELPWHIAKFSOSPQHTLHLK64XBYQ,B07PYQM5RY,4.166315193114453
AG3ONYTMKA2UJNUBSMMD5YG2NS3A,B0C3BSXX6N,4.536222221619647
AH7WMY3V55DTEND6PA4TH3BVGGLQ,B0872CS1BX,4.2119947520937355
AECH6FKMNPEVOR27FIUZR75DDMPA,B08C9YWGNM,4.585422258735574
AGKSVIURJH4HT2U76B25XBTWALOA,B003XJ4O2A,3.7166260533184547
AGDFJXOHM2MEED3KPC7CRRLQPNVA,B07GBQ4LGV,4.309765104936905
AEVBHGRN6HBLVJIVMW75XOG3KGRQ,B074W6S6K9,4.8687259567486105
AGHRTUDVQTCLQXO4QQ3PBNCL7EOQ,B0B8M2Q1DS,4.313293620539886
AFTU5SMQVGVFIYFGD26EO7OMVB6Q,B00X7DDGBW,4.455437038135072
AGXWPCGLCV23BLX7CDUE2R3ZHKQA,B09SH423ZY,4.688241943637523
AHJN4WZBHT3PRYJQOXM5K5TWZEIA,B0C5BMZ1K9,4.767500257642039
AEIJ5TAWHBJYV5SRKSYTO6RGSQ6Q,B00MXUIYNA,4.278613907577593
AGWD6ZH66GXJDVRNQEGY77HOYEJQ,B0010SHU18,4.615582652701116
AFCLOTB3P3EXMIQAKAZIP3KGAYQQ,B00T3SR9ZO,4.523816974752252
AFRUEAFOS7NHZ6FXCVPJZS2N3W2Q,B0071NO7I0,4.037029576855148
AHMMD7VGJIM2NEEJVA2VZZU4S7RA,B074QKLW4N,4.668767610351459
AH4A5EHENGUKTMJ7CT4TP437BAPQ,B074VRW7PP,4.222763745455426
AGDEUEHXRVCWANF6PENBUO3PDUKA,B00VYQABEE,4.75921421356092
AFQRTUCR7DFM5VF7B22WKF7YEKUQ,B08R5GM6YB,4.523420933047875
AETTWO5NLVUFBUSLI4ERXLEBEAXQ,B0BZQ1KTY1,4.58479063006374
AGKTBKXWB7TSHCSCALSFSEL36QNQ,B0002D0LBI,4.707149779948211
AGQR5XCLTZ74WOY755VEO22L6N4A,B0192JRA2A,4.306406120432252
AHFNLFAN42RAZONLGPPS66YTUEBQ,B07NF23KMM,4.8034716538279465
AHKNE44SB2XXRTY5A2ZWFK4M7Y2Q,B001EL6I8W,4.637940548616807
AG6GUKKGVG5WSI6QTH7S6JW54NMQ,B01HTG4WG0,4.2564901171121035
AHXV5FF4VTCGDLSZNOWWB3Z3MGGA,B07ZW9R1XK,4.474674031902344
AGGMEERVIX4WNT4TIQ2A2ZMTCCKQ,B0062NUUW2,4.4828071012562924
AGPS4MKW2SPRUBQTEXHH2EM6V36Q,B001GDJQTG,3.8852768267192546
AEFJHW4IR337Q33F42JL3QMCMRCQ,B000WGJ71U,4.566963213998902
AGP7L5XOQOBUV4R3UZ64ES7F3YPQ,B07KW6VM9X,4.273905362216418
AER7II5DJUTMN7NZM2OQDRG7TMCA,B07CJJV5BR,4.645824375601343
AFPG7J4AME6QVSARKPXTOXWUR6DA,B075RB1KN7,4.589084964833131
AFUGO6TJPE6FMFDFFGT3UUTHTHVQ,B07MQJQTR7,4.765617113264204
AHVGICSVXM66E4SXX23PH7R3Q74Q,B07VPLFNYM,3.686313745751405
AHA7W3VGHBJTMU46T2RM752HJY2A,B01DK1ZGSQ,4.744508634167514
AHPASVFRV2SQFYLCAZSEKB4FOGIA,B07C91JT14,4.251097595015505
AG76LKUDAVTICNQWJZ5V4LILAN3A,B075GQ4YP5,4.23854666431159
AGVT5E2C6WNOCFYSLOCPAPBJOIKQ,B00IFOTSJW,3.0854665860410195
AFZ7XFQI7X7LQBKVIIPVNTMLGI3A,B09HD48CZN,4.725247426371522
AG6XP7YKD35LKMAUTT2SPLCKKXCA,B00CPLODUU,4.828257659206696
AGUAR5LOTVA6SHQBEM5NYSO2EAWA,B07Q6J4S89,4.479572504830951
AGFWN5S6I4QHRUDQYYS7YRLUGIIA,B09Y65YVMY,3.974882975903518
AHDSPCS2KLFJZYAWCB33VTXCBUWQ,B071JZNWRM,4.868061823252191
AFYF4XHHCBIOT52VMRZ6W7FOJAOA,B09TL1FRLY,4.46986179408884
AERXAGU6PAY74OIAVZQKU5ONB3NA,B003OJE8LQ,4.821851621586483
AHTDSZE4JNAV4Q2W6ARS6R7DSBGQ,B01FG29LFQ,3.774766828714443
AF5KJIMQXNEY7M5U5YM43QPCO4PA,B09V91H5XM,4.844100199391131
AEOBE4N2IOVEVU7RAFPCVLBBFBQA,B08MVNHBMZ,3.958463691550147
AGY2DCIBLZTHBQHNFL7BGGHKIMFQ,B003HGFRO8,4.878476485514719
AGULNOJI6U4V4FUK2EYV6CJ3H2EQ,B08BH7KHSZ,3.9563257349053904
AFFN43XNWDLKRHFQQZJR6IDI3FEA,B08NVVLB16,4.857781154896207
AEZBPDYHMCAJJ3Y6EM2ACUAOZIEA,B018DMSNQ4,4.040744878071575
AHD7BRPWD76N2HAKPHG7GQC2LQ3A,B0BLJWTB36,4.625964714845838
AGFX4QLI5ATB7UTCF225IURSJY4A,B08T2N27DG,4.5806757149968735
AEDGH4ZJ4WGGFP2OACMNEFL6XK7A,B0002F73YY,4.742801155147829
AFYLZIHVNNEAOJTF5UPHYCNHHROA,B0002E57D4,4.4175581677035645
AF2HAUDZBKQZM5XZ2DM4UPO237UQ,B01LXTBO7B,4.83481719184987
AGJBLM6O43DUUTQI52GRVVR6YDFA,B07MZ9DGMP,4.094241000157431
AHQSUITFFVARCQ4GGCH4EBYGOWIA,B009EM7MZG,4.530770004018602
AF4VXDAABTQBQVYTY66KGI3OQKZA,B07NDJ1HSG,4.691664268291683
AEJWL2VCYD5DYYK5KTYHBTRTTUVA,B0B52FBC66,4.857912144099178
AER6WLSJPBPNOZIQWVHQBVOKTNCA,B06XB3FQKB,4.3872290130836715
AG6EDKW4LTUP3EKVJUFQWJTF3AYA,B09KR857F4,4.614837720390276
AEST4VTEXAUUNNH3IJVJORDVZBNA,B07Q6L4YMC,4.880979851359005
AFVQQLENFSRWGERDSJAIIEPSGCIQ,B015XDJB9E,3.9633607297699673
AEUQMRMTSPH4W52T2FDAGM2ES4RQ,B002GRBA2M,4.164651773026847
AEHUX7BFZJVA3DFYPTN4OCGUG2JA,B0C6HZ2BJ4,4.784581793010945
AHICFG7RTZ5XSIGBUFK5XVOLZIJQ,B00PVBOTI2,4.908974858452877
AFWS4PIMKK4IFMMFQ3X2X72MLFGA,B09RTZ26KV,4.592815650925878
AGHGBNYNCAABS3ZNGCSDOJIGMDQA,B081PSNDCV,4.370257272864381
AEA3NLDRDLTW7U6TDQT5GPQOOIDA,B00EB11ZN0,4.501281241537352
AHRPODCFJ7UNWQKCLLBKN6BQIN7A,B07C183K1R,4.467406695589371
AGRSHARPM4IR54RKYQXZB7F7D76A,B0BFKQ9QXD,4.05921734890381
AEWAQMVRQBUGFTQIK5FR52QZFO2A,B01LSHMR86,4.6732029007481675
AHVAHCU3H4OPODN642O4SRINRAFQ,B06W2NS817,4.28656067837806
AE3Z4ZV2QZYZUDS6XQHLH52JYJRQ,B09HCRTKL4,4.074672448388909
AFIZSMCB7TIH7APWCJ2AV3V6OSFA,B0887SDCS9,4.647813094240786
AEKTVFSI4N5H64XNZOKJOEBBYVSQ,B074WXM13T,4.786263425011052
AGMZDEWHNIE36ZAU46RRT2P2Y6VQ,B097Q9W8MW,4.496975282090862
AECVQSYPP6C7I2FYFUICHPYVIXNA,B07KDSZ2TJ,4.8400976242823415
AETUAGATWF4MPA37VOMGRRBGKQHQ,B0002E520C,4.481005679390131
AFGP3BNMCLSVIVJJW7YKW26HL7AA,B0C54RRCKG,4.0756570064069315
AFXVOM24JL7OMMEJEY7HEA7DYH3A,B08T9CCXZB,4.876560308311091
AHKEPQU5OXUSN2573LYB2VHN6H5Q,B0002KZHP6,4.646444041772058
AFTSORKZ5J7TPFF4EHDBW73SHI7Q,B00VU75AA2,4.3914866599176525
AGBW7LZUPMPOBV4LJ7LO3TCTRVLA,B000G0ATGE,4.648297140840434
AHYKSRZPZKIYUDQGKDW6667SQ77Q,B00CPLODUU,4.80266973045719
AHLWEN2DZAEXDCA35IPSMOBP3WQQ,B0836RLZ46,4.130955291002805
AERTVBSRSK6AA4OQEV7R6OUHAEHA,B0BCHPSV1X,4.314573705272393
AGXZ6KUKS2VXHYLLTS6W655MQQ3Q,B07MQQM33D,4.728064051036219
AEKXSP43WOJHRPOLIG5FUPLYALUQ,B0BR7Q74PC,4.113375430506975
AEISIG7H44OUAQQDNSLOFCIIK4MA,B00M9BSZMI,4.487405277265335
AEMF5UMRCEBQ6IQCEMROGSAIV4XA,B0BK5CXZBT,4.199911162940429
AEXH4ZE6XAKI4YMN4NA2NYJRFV2A,B0BYNM15YB,4.331231424965932
AGPYG5JL3SNWMJL4WZ4RUNVV6J3Q,B00G059CRQ,4.546229069127916
AGZTAMAUIY5SSSKSYPEBVXBU373Q,B0002OOMWQ,4.618735504942279
AF5XT4SZRB7BLH6FB3RXQJBPW4PQ,B0075DMYC2,4.7522467291343435
AE23WLBRYKEC67DM43M6E2MF7GPQ,B0BT9R8MMV,4.81015435794615
AG5WE3XGSKHUP326YESVMB52VDYQ,B01JO7AEK0,4.347084462152333
AEDVFQGEMRPBB6AP5GTCHKPBH2UQ,B075BDNHZB,4.029909921852246
AGCK7XANFA53YJYYNHQY6MIZM2VA,B00HY657E2,4.469008515668651
AHEATNFOOUXTJU7NL3Y3GLO4O3UQ,B00JXOCJDK,4.688784093071304
AEOVNIHTK6YWGM35ZUSAFUIRH7PQ,B0BCMPP7F7,4.681652408077758
AEOWDZHMPA75S4CB4OLVC2357SSQ,B019IMEX44,3.838443258833151
AFU4W2TZRAXIM5JQZ573E4VBNLSQ,B004XDQFJ0,4.364212134053573
AFDRV44BJLVSWMXE6V5NZDYC64ZQ,B0B7896KQT,4.012848067529157
AGNTBJ7AAPSMV3O5F7THNJRKGM4A,B004XNK7AI,4.71690814565852
AFZUK7RCANY3O3S5Y4CUJ236A72Q,B07CPW22H8,4.57588971599212
AECRC2FDBKONKCHSH7GPRZ4M2CVQ,B073W2Y8NJ,4.888141977872328
AH7YJ7LV42LQKXZ3YDIRY6G4S3EQ,B015XDJB9E,3.929430927614504
AHNQDDX4XIZEQM66ZLWWIEBG7JOA,B00VEMPWVU,4.424070070660959
AFWRDEJJALWBO6KHOOBCBY6DAXHQ,B09V91H5XM,4.621362655675476
AEDED7TTPX3SRGVYPSYFLJZJ5UDA,B07K7VC41S,3.7017814851755633
AGACWHSNB43GEOHKG2EUDLOSMIEQ,B09S2Y4MMC,4.785148822302588
AFXBFI2F5WNLTIOVDM5PKEFOAI3Q,B00B5LDMH6,4.284325367499352
AEJQ7YOQQQL6WAAGALAPQECSQHUQ,B000RLI76G,4.46915850082255
AFD4HEOW3XSZS3IOLY5HKDZA6UWQ,B08MWVX9JD,4.3410836608923296
AE7654C4N5SIUGLBWUVCZIIANB7A,B000F9J5GQ,4.265010532804301
AGPA33SKOCJTWTGFFT57MKFWHOJQ,B000CCSWQA,4.214484760681328
AFPFGEXYZ5C457R3VIQMP47RKJDQ,B00L0X8ATE,4.340642841953951
AER3THLOZ7KZ6X6L3ACFZTTHDTCA,B0C4R9CTV8,4.4452423612486855
AHLQVPOCQKVXGIVMZTJLSTMCS63Q,B00IPH8MD2,4.743145420842056
AFGWUUOIVYEBY6N2EBLZGZZQEFWQ,B0BSCF2FD7,4.535546428250965
AG344D46XM2XAMSPN4IGM4DORUHA,B082WVMFYB,4.371753142123533
AEFAKDENKTWXF2RQU6RTA7AWZZCQ,B07CQQXQ4T,3.7752189036922656
AHGYSJ5C6F7YUTGNX6EMVI5QLYUA,B08DBDD6CM,4.168917633755095
AHIPKIT25JKKXMUL332SVAWYAKBA,B0B2445LLL,4.957579330207855
AHHKJOSTEB6PFRPDSK6SXWFZI6NQ,B01F6WIX5K,4.277486997780098
AHDXMXSQPZX6TXVDHXV7PQWAKS5A,B004XNK7AI,4.7538448226954415
AFU5IERTHDNTX7STHYPRFZFKHONQ,B0BPKTYTPQ,4.546433691398416
AEZRFF2AWH66Z7KRPON4YBGTPZAQ,B06XTW2R98,4.066053696033195
AHIJOIUM2UOE6QTENQKWZ4LDOZCQ,B077Z9HF27,4.430898605676911
AFTKKUXXNUYCGVEUCNH7RISTVX5A,B0C4FVS3L7,4.633733773475062
AHXV5VPSODDUC6ZHGPUDKQNXZ3YQ,B081592T7F,4.562564165017497
AHJTFIUDE3J4S2YMRXGTEHQK6MBQ,B0002GO8NM,4.868668386770894
AFVTV5IBZU7SCCUSTID3SQHYH2CA,B078Y89GRT,4.466886775491211
AEWVOHW6H6U6UAJAUTKRSET4QFRQ,B01NAZMWZK,4.159920461139676
AH4PST3O2RSB2MKEQSQDVGGQ7LKA,B09857JRP2,4.852729735664504
AFYGNUWRCNB7ZVGFAQES5EC4IS3A,B09D74VBJF,4.340113535932492
AGVT5E2C6WNOCFYSLOCPAPBJOIKQ,B07NSWD8BR,3.1231505967330246
AF6Y32ENW4DHLHN2AOT7DF3L6PYQ,B0002CZVWS,4.7288435957169135
AGR6WMSQRGC5UIXMOIPSTOCL3E6Q,B09TXP3FSK,4.25106320301824
AGTIWTOM2GUUFVUU3FBFTFZBI6HA,B077PSQQVH,4.442504772677946
AH7LLWX47LHBPP3VAKO6MGTGOAQA,B078XDMKWM,4.88176927312696
AHI3FR2LO3SB5SALPSQEFYVAY5TA,B00JER27MO,3.471870991455199
AG5G6CFL2C6KFLMBAEZRTQGHRGJQ,B000RNB720,4.037097783666804
AHRJONWXD46T3DWKR2UJG4RB44SA,B07NDJ1HSG,4.746990655415567
AF5VGANSNUJ6DMLXGIEOPGRXIODQ,B07FM97YFY,4.69879816925534
AF67IH7LKCKADW6VCGNFUKRAREAQ,B0002F6ZJS,4.562707559982788
AFDBBJTCNY6WUQQVIZ6QNZJEZBUA,B0C1YB7KFH,3.840579946889903
AGO7VCK6FT7PMZ3MK4MI3Y7R55IA,B07T96ZKRS,4.719708011181519
AFBJYXI756RJ7PNDD6RI7SEIZAFQ,B011AJ8KHO,4.819890860686939
AEVV53KKJFALWH75EY7LFE5NTQOQ,B07T41F22R,4.595995669078549
AETM34MLWJDDYMFNNTWXVYOGPCMA,B07N5NKMFM,4.822775170695387
AGSM4LM5MKYYD3CJPXAF3MIFGAEA,B00FQ10MWY,4.772965552084913
AFNN6U672YPXSWNPCBUXSLYBDQXA,B07D5W5X3Z,4.607324481720812
AEENSLZS6WAJQE7GRMNHI74TIYYA,B06XJ53JLJ,4.6262810393389575
AHJS6QDWCAHL75QZJAGW2VG3SZKQ,B0019QABGW,4.754280840809934
AEWF4NEN6QUFTMF4P4RXGC7BVJ6A,B07RSSBZC2,3.6516440018312455
AFJCMXTTCBPMARCHD6EVWL5WW2YA,B08XMK3D28,4.026038409572134
AEBJ66PMIIS3HX6ITE57SG5HQYZA,B00UJHFD2Y,4.385488285946662
AF7CC34DK36SQJS7WXI44DREGWJA,B0B81HB47Q,4.630493155213793
AGFFYBEJ7PPHHQE3CXR6B4FBS6CA,B07BQRDVYJ,3.8586441099010815
AGRHJQVFM4WWYZULXXSZHCCLUMRA,B09M7CK2WK,4.416823816354727
AE53AVIEMEFU245TVANDSUXTHP3Q,B08PZ5FQ3H,4.527324974481079
AF2P3RLNKQGTDFRBGQPS6QKZC3FQ,B00L1LL7DQ,4.72743232491279
AH7YS622MC7QXBBAFEBQLY6PVTGA,B07SR3TDZQ,3.2489569612624773
AFVZ6EHLAF5MXXRU2CHNIKZCTENQ,B07KNJSD49,4.568220940475209
AGGF6WC6ORV6VV6IBPBPS7VDPREA,B00LCY77NG,4.666167451743266
AH7KUHFPD2SO4PZCNXVSY3XRLTFQ,B0BKZ61YJJ,4.7638891063113045
AFITBSL7YZ34TYWR4E7I67ASN27Q,B01MSVSA4X,4.2111066911342565
AGGWVXEA7MU6H63OVAPUL6XX7JFQ,B07FYYV6Q9,4.754502071673053
AENFQD5EQBOPKB6TB7AOAD5QQCOA,B09857JRP2,4.767383317487935
AFROAABFKVW3IEIVRSHAIA7VR2EA,B00USQY0CK,4.614088751059487
AEESX3HNU65OOFXP7VYMTQG5OZLA,B005H2007E,4.569714016377668
AELDUQBFBGYWSPXFJ5Z3HJ3YL65Q,B00VYQABQ2,4.404438989538574
AHGPS6M64DTATP53YBSK2SPY2QOQ,B07GFH8NTB,4.7617924384532
AF3Z6NIK6HCVQSPUKRFMHRHLDJOA,B0CB98SMQR,4.823781347434769
AGPWFIBAUZAC3CMJUD73YYJQ22OA,B01MT72S9A,4.02153171219906
AE2N26XNOMBRGFNU72Q4FOCZFA7A,B0BFKN9P7R,4.592635206728672
AGRAOA7QVG7JT5JIVSEO3ES54HBQ,B000J5WB4E,4.251061184884556
AFN6HSXIFGJROQZ2NN3FSUNNM6QA,B0039ONN5S,4.441198058851084
AFQJYVZJRRJKT73QEQYX657RRIOA,B09PWCF6T9,4.486674447880279
AETRLZMHXJWHRPFLNPAT5KWVN2UQ,B0B8Z76J32,4.525720656501666
AEG6OB47J2PRTMCZ23S52PWW2BSQ,B0713YCK3Y,4.302332712021989
AGYVIJCXTIRUKHIIJBRWW4ZYCCRQ,B08VF4K987,4.876872826480863
AEHZLERK7MKZNMJ73WK7HN3CCS3A,B0936WZT3J,4.596262950193281
AEK46MKUYWGIC32UGOGJ5XNCHGUQ,B07KVT68WY,4.579720075414015
AE2Z3OU36GTOAEVZNCFHULNC4SEQ,B07D9BW8ZT,4.652861093609202
AFNKH2Q4B4UWDWJN73UODTARAN6A,B0BZ166MLS,4.792435554140672
AESVFN67IDLTGZUQEMSPJAESH3KA,B0723D2759,4.786492839793343
AHRYD3RNVS6Z6KNQQFLIOI3XLZ6Q,B0051IE05W,4.302819261361778
AGE6QCQA3IDXEVSSUWVWNIGYVV2Q,B01D42PQCW,4.620332300547436
AHWAYCEX3NCWJD32JTFVBFXKUHOQ,B06W2NS7RW,4.780142053508807
AEK3J4P3VZSXTFCRPYKCMRG6562Q,B07N5NMWXK,4.821738662637123
AE7WTZD7ARI23J6UYS3VD2R4MKBQ,B0050P09WY,3.822840713951922
AFG7GOJ4XZ6MQA7EXJQ6BCK3Y2YQ,B00DJWO85E,4.8954165620432235
AGXNHM6FE6RNTARQVPQSHUNC5UYA,B08P4W7NFP,3.9520134365466255
AE5GU6FB5WPUSX37JGGNXLS5MNLQ,B07G8J1XQ3,4.597695529076848
AENPMEUT6ZWW3V3QVBLKWX45TG2Q,B075R58Q4Y,4.672734563657389
AF5XBYLOZUWJLVK7F7ZQDL6OZPJA,B0002J6H2Y,4.440948177878394
AGRANUNQRSXU32PTYKNNGLT4QGUA,B01DZ6FBBI,4.219406590504729
AFWYJRXR3ZC5QWD2CPDL762HWI6A,B0B6P55RBN,4.437214181295103
AHO5LUPMSZT2ISIN24MT3W37CYHQ,B015BKBGZG,4.549652590719713
AGDLSEHQJIHHVM4WEZW4TZ3UP2EA,B09YW3PJ7V,4.804107028337175
AG2BNWGHZ7E53YD7US73TKEQY7ZQ,B0BFKQGWZ7,3.7790647594223152
AFES2HZGVZLGZO2LNH2YRMIW3EYQ,B07MC4N6P9,4.591081554858384
AFYRL4FOQ56QKA6VZOBVMIKVYH6Q,B01N40M4KK,4.724931311496589
AHTNI7C4ANON2I2LZVL7KDO6PTEA,B0BW41MRGK,4.618371397598231
AEQKLE6U7TJCGBHR6ZJGSYBK53BA,B00JA8QD40,3.777585612870094
AHYAJSJYNJNYY675NJFTNOQE3OQA,B0B8LWBTH9,4.642236754638802
AE4CLE7HXMRP3XPZAHXEDMYCNEJA,B01199MA9Y,4.566318583073489
AEC22VJTGBP2NSSEFFE4436KBOMQ,B088GF12PC,4.274479906201923
AEAPGDW6CTHQ2YHAEVPWOU5XDEBA,B0BPNMSDGB,3.683426921617185
AGVT5E2C6WNOCFYSLOCPAPBJOIKQ,B003B06IMA,3.1301457764853593
AEYVYN2QKZKKFTW2LNJG3QKFGHPQ,B0BWXY17MT,4.7428715780370805
AFEPLHWMMPUHJCXBCDWHIDLE2A6Q,B0179A4ILK,4.5611905049548565
AGWWFKFSK3KYPQFSEOUVAVCDFBKQ,B0C4SQBLC4,4.779873933492119
AGENT7K7THM6Q5VKHKH2PUACREHQ,B09NLV5LBK,4.303708621614625
AGPWPQZFGLIGJJDQR3WFVKLODSUA,B00AQ4U76M,4.046391887090575
AFZ3C46427HBPAJPNFHWADDIBGXA,B0BKZ685H4,4.458885710852818
AEXHOH3UTHYIRRTX6U7LDAZHLMPA,B07N3Z1289,4.726864355407784
AE4RQ6OMDFEXLU5Q37ZQFW524J5Q,B08T2N1WZR,4.696168645628267
AFFZNXPPX2MF7F6WSX4KYASX3TLQ,B0BT84L827,4.83302075347913
AFOHCSWHO2N27LSXIATOMCFZM67Q,B01LMDLNAY,4.7518102365978425
AGZB437NN6DJ6CBJLPBIO2CG4NEA,B0B626J6MT,4.226455589128443
AEPBPML6HZCNA2CN5QARQJCIIHSA,B000EB68VK,3.5814536283313396
AHNG3NRGEDYO7E44QMYDHMBADPBA,B0033PSLSM,3.5145284956777987
AETKHJE5RREYGLLOHPOQEC77ECEQ,B08JMQR2JK,4.614946619691528
AE74LXAR2UTNMY4Z4ADURC2TXWQA,B07MG8PHF2,4.822321342979795
AHEDE2SI6D32L6OKL6B5QCB42ZLA,B0BRWSYSJS,3.87888957698088
AGJX6XVM4R33WWI4R4PNSXVFZ7RA,B0002F4V30,4.149794903738059
AHPSEAIJQPOW7IWRQL4KH5ZM5BMA,B07WJYTDMH,4.726037471474504
AGAVAGDERIBPSIQPFQWIC7URSNOQ,B094DT88S9,4.769448499060491
AEN4JVIBT24RAPMWEHX7UGOX5CMA,B08GZH46GW,4.689866798917102
AHGEZE3BVNV4PBLJHQ747Z6FUIZA,B0183ITSB2,4.629864339871176
AFKC56ZSSFHF5XCYFFY52C3ZLFZQ,B0BDMP3CW5,3.7419862994212525
AGX3GMJ24TNG7OZWWDYSXH46ATMA,B000T5PPQA,3.9333279647619777
AHW2G5R3FA7BBXBDIIGS6HFWX7LQ,B072235GXG,4.661960251752615
AF5OTK7QRYLFXITBWKD5AYH2Y4BQ,B0BXX3MYXT,4.887668138225234
AEZWVY7SNYXITG2YVXG4CWWGKJDQ,B0BXBG7VRD,3.950515098237495
AEVQYOU7JYIXIVXIUDRSOSGWCGFA,B009A3JEZK,4.555471505254109
AGM6T4Z6E7NEWKUQIW34DDBHYT5Q,B0002F6WR8,4.862590695404543
AERKATJE467MEOYHBLICXUTG2F2Q,B075MRW285,3.8138756718315796
AE5XF7B3YXXLCP2TIYR3A5WXZR6Q,B09PWCF6T9,4.486674447880279
AEMVIRJQCGVVYBFMIGX5UNRGPRWA,B07MFYHKLH,4.526108390887585
AF4HL3ZLQ4TINY2YWENTVTBP2ZGA,B002CMLQ0M,4.194579195037572
AFAJWSAW4JGIMIWNK5VQH36YKYTQ,B0BT2RP11L,4.598733524063007
AEP6P3KJKABIZ2XBA3OQKRHEB3WQ,B06XWLXCFC,4.596710278902091
AFCIVS44DHRDBJKC763CZ6ILP5GA,B0BKZ3GCGR,4.615351209938838
AFD3SUBU6QV4WG3FUYMQNRHKHADQ,B0919GCCBW,4.528481582506115
AGTFEXWAKKGB3P25NJU57G2JXWNA,B000EEL50Q,4.189679159933768
AFIGN7XBI6JWQG7G22JQEDZAAOUA,B0BCXS7X26,4.605531758121711
AEZVM4MTRYYVQHX3O2HTA4LSPBZA,B0BPJ4Q6FJ,4.819667264403766
AEAU4KJFIXGZODX4R23HMUVUZV7Q,B06X9KG3HW,4.887270033211009
AFNC4AEF5EWJOT73I7V2LKMWOOEQ,B0C61YQFHH,4.4597723099546585
AFDAU5M5NRUN4LYLI7N4YROKYLWA,B076LRN23J,4.665298715171603
AELAJ6D4JXOZ25T62VNQEOERFWQA,B07QQLLXBG,3.7963057032249043
AHBK2MB5HZGAIKP2DM3VUCOOQ23A,B06Y1KSVDK,4.7369377247674525
AGHA4OJMCWUO27UTPY2JHNGYXB5Q,B01DE4DPSC,4.727085250285727
AGNPXZERD2EQJICAHX2VHBRTDNFQ,B0BZ166MLS,4.800010469909174
AG6BU665T6DKOUYJQNO3IAZCJ25Q,B0BS8PZNGK,4.599525435925303
AH6ZOJ5KTN23MYCHYUMFNWCDDCQA,B0C6HZ2BJ4,3.8958535744624134
AFVCAHAMFK5OJQQPDJ5LUXH5FSPQ,B01MSZ25L9,4.472318049180415
AFQJVHDJWJR7MESW77B5XJ2CJ7BA,B01L3JPLWI,3.901310653508397
AF3EBMSD7BBGXKFCGDHDT5ACGJIA,B01MF9H516,4.712475187120679
AGLKS7VMMPLSNP2NANAUOBZBHGJQ,B00HSP6KGS,4.431207028362262
AEIWCG52NFSOZUVGLQ47BD3RRCGQ,B094RD529N,4.647456179703834
AG65EMDZJ3RRQSYRZMMBUR7TBA7A,B0002E3AHY,4.869371081847242
AE2W7OBJ45J4J52CGH7OFWHQZJQA,B07N5MJDBF,4.790471696096141
AEZG4SHN6EDH7X2I4NPMCSN7MN7Q,B079NS31NK,4.616915982224829
AFO6XWHY7FAH6UL6LXPNPRCHTTRQ,B014ZYPT34,4.6354609316374855
AHGXIQPLSY6BOS66R3V4RMEIM2OA,B01AAX6KGY,4.467792962197559
AFUAQQ6VNKIE775XCZXO6JWY4FRQ,B07T4FM8C5,4.452562892557193
AGGR6BAOXEUYRBR37SXH3OS73V4Q,B09RN6MGZH,4.741472553666465
AHJOVCWIY7VHL3GA544JONCJNSEQ,B0BKZ66FRY,4.676871106211006
AHQMEESXZDL2LPUFFMO7DDAXMMJA,B07XP6MHQT,4.661855542789181
AGMTCMP27WCMMXZ3R3FJ5F4KDABA,B07NZ14SP2,4.307900058226947
AGN5FDHWM7WRJKFO3CLNJ4D32U7A,B0BNCDVD4M,4.254008673773903
AEUFKX3YWACB5WMCIKX3DQJK2EKQ,B079TLFL33,4.645505564358801
AHAMNFZUBWQDDKPCIU5MHVPCWZEQ,B00O2LT4F0,4.298858811543537
AFKCIJWTRGR4PW3KWUMWP7L5OIWA,B07BSZNKTM,4.452521237142754
AFGC3CVTWDXINUBXXD2YPCD5RHCA,B07P67TV7T,4.4020669145185085
AEZEVMIL7CWPAMT462JJC2AAVTTA,B0002F73KI,4.877696758419202
AGKQIFYBIOZQGQ5EX7PD5SFVYCAA,B01NBOF5MD,4.4643081327345016
AF4IJ7EGPU2LWQAZTYBA26KY4UVQ,B00TQZN1LU,4.053975157773358
AHC32FZVPNMEWOEJGLTZYNJ65ZSQ,B076BW4ZRP,4.792729289911591
AGELXEQ7HQL4564TYOBFJSOPBAVA,B0BSGM6CQ9,4.823752947998539
AEU5LBIAENNFA2SQXVQLFAT7PQ3A,B005ZV5K0O,4.5741829270181045
AG3S4FROO422V5KP7DJCBXVUQLJQ,B00F3D9ZQE,4.215391363296728
AHOFX2QE5YBKLO6GRP5ATWGDH4NA,B0BFFTRRRG,4.038083351924573
AEU2O7FSZ6PPNCECOVQSC25OLJ3Q,B07175TMXS,4.658384935219378
AERJUD4NREPMW7VM26CSV32KJZJQ,B0BTC9YJ2W,4.641258856454065
AF3NJDOTMG7BRKDLV6UM7GHFC7XQ,B076346CZ9,4.558117492187861
AEKE5PFGZXJF7WY3UCLPX76KDHLA,B00N5TGXOA,4.730459495231724
AENOIMGIPZ2LPSOS4YCUUR56C3TA,B082285YXD,4.558617659238809
AFATIZMBMCY47EOUEPCV3TCNLNZQ,B074RL7WQJ,4.709939823597547
AF2QKTYLPEWJZVZCVOFYQZA2R54Q,B005OZE9SA,4.803331367609845
AHOFWP4LITEBFBWVQDV25AZK6C3A,B0BSGM6CQ9,4.635940731350563
AFMOXNCYTYVRTZKJGVX4X7NHOU7Q,B0BSC9T1BY,4.506136975150583
AG3HHGKGIZCIIQZ67ZGJ7SUBH22A,B0CCK4YYNM,4.410590386350048
AF3QU2YYPZLQSXRYSEGLWMXIOV6A,B072MLFW5B,3.8856850457396943
AGRUH2FJR2BIFFEA77I6ILXY6P5Q,B01N6LKIO4,4.649156316741377
AEZI7MUZKOSYAQITXWI6GWJC53IQ,B00WBCBQF8,4.8090898881134745
AEQDBGBIFHPMU6FFAZQ25U7BTGQA,B00346LJ2A,3.969667466592392
AFHQZEUUODBBUMOO3HTA5B6FKKVA,B0749R51B1,4.80022828995759
AE7BAST2UTRFTYAP7V4OONCCFQTQ,B07KYX3S8X,4.903859335460978
AE3SOV2D5KXSUM3BXEQO7HXO55SA,B0BK9TXQ7Y,4.861224172823435
AHLWBN3XMEJUKJQECDTG4PZYDI7Q,B07Y9P1CR9,4.865085219308519
AHAOKT34FB2OVB7UTCVRRPWDFIOQ,B08VF4K987,4.3816532214025035
AFTQXMXNFZAGW2YWFCH3SPHYIIDQ,B000EENHJ8,3.717573128757662
AGNLHFQGCYCHERL2WXDOFMHWIIZQ,B00JWVVHAK,4.5444474916752835
AGN7KMV3GSGCBANTJAKIHDQYEFJQ,B076H8RBPC,4.688405354186078
AHXNINWNEGPRI6RIHBQIDIWJCBSA,B0BPLFP5P6,4.450944535542126
AHKFANAOLSIEMTIM7ILBTUUDEFHA,B00DH4Q668,4.6736047223845905
AFRHPTCG4SZVWT7QOV7G6TW3GXPA,B00RVE9X06,4.337801907503863
AFUZLLFBTEMFFNHEXPEMTWWFU65A,B00IY0BLB0,4.690974695197282
AFF5DXDGZWYXZ6BDDLOPFFPLKKQA,B0107BCV1M,4.741125578393343
AEJWUXWEO2PPCM2UOVJNN24S4MIA,B09N3PBT9S,4.051701746301514
AGQ5CAQDCCR7HN63DJNQBIYRGQEQ,B07ZCJJKRG,4.287281993728069
AEMT6J7LNK3BZYPCMUHZQJ2IN5PQ,B01MRJUB7Z,4.432983914127334
AED3UVQUX4DN4DOUQJQN3AR3QUDQ,B09VP6F1DV,4.632573680294989
AE2XNFCTZXR5ATG2B62NBED5YVKQ,B0BJ8WDC13,4.784599572870702
AHBUGHHFS3VT3ICT3XO35WJEDO5Q,B07MDT5WJX,4.77788199775703
AG5JSCSMRBS6A2UL3CSWQVUFAAVQ,B000Q847M8,4.661697103125127
AE7CZRB46NV6QFMFBV2KO773ZMPA,B00CALHPGY,4.7057812161795205
AFFYR2A7MHOFGXKXOAS6NYCGEFSQ,B076322LP4,4.019584832880318
AEI6W3CJO4FEQT2UWAYWJBAGNJHQ,B01M5CXH65,4.766642848317961
AHAGDQE6VTTDDSDDIEOVJSSGH3LA,B0C6J1T616,4.681457458172358
AHRMYVXZC7MK5EBIO2XL3Q2GGEGA,B00OYUSHJS,4.429586323026289
AHCWJFAMVFJ52YERNU3A6QMYH7PA,B01LDTXWKQ,4.499212169254228
AHLQVPOCQKVXGIVMZTJLSTMCS63Q,B09857JRP2,4.832838004631887
AFGQ6RLFIIRFLQZKIUMJNFZABWPQ,B07PPDY2NS,3.38687908262928
AHYW5HKXV2VYBDQKXWXZAKXPVMRQ,B08R5GM6YB,4.3485213464172
AG5WE3XGSKHUP326YESVMB52VDYQ,B088DT926Q,4.416401600887169
AGAGQDT6HCJJCPQQNXYWPTXKJYDQ,B0C5CT47DX,4.268666577133522
AGXFEN4ZCEDWOKWWM62WHABQJTVA,B071DH8PW9,4.457805282324344
AG477CZTN5DXXKI4PJQL33KQYQMQ,B06XJ19VWG,4.600230146482506
AFCESPIEZZMNAOIUYWFTVRXDY4NA,B01DE4DEGK,4.893755665923278
AFEYKY4PX6MMT64Q4L57K5VWZ6LA,B0088DXS14,4.374267774628514
AEUFCTMP25QBJ4AB2AN5LKHR53WA,B0BPJ4Q6FJ,4.766570376087242
AHPPNXBRVHYJ4U5ULMVS62PKMWWA,B08P4W7NFP,3.803816912570795
AHC7I2RQ6MAL3UUOMHTOVKQQX4GA,B00WJ3GS16,4.678738616478506
AGB3CWNAGKSYFS5HSMIEGF4MU3HA,B00OGMD0VE,4.669973748492017
AHQQRRBAO2QYRA5LG5E7OJYAQE6A,B07K66L4VL,4.8584412260067005
AF3NJDOTMG7BRKDLV6UM7GHFC7XQ,B0027V760M,4.024263891187788
AHJOGKL3G262UFCW5UVYX7TOJ26Q,B0C67HCGBR,4.594495639649977
AGXCV25HDW4JXI5QQSJTIZUHPRHQ,B07NKRZ1KQ,4.726932696836501
AHSJ73XC3DMN6FGEHNJ6HI2L2WLQ,B0C9D7W4SM,4.434078039249398
AHCDQKCODVZFMU37AXNWP4ZO5DWA,B0B9XP5VFW,3.901331175256067
AGDX76QOOHVAXJJMSBNSJHJV6LKQ,B00OGMD0VE,4.651191002783898
AHT2FXCCVPDKKIMQ6S7AVHQ4ZNSA,B0B7WSSX8T,3.4647285045249605
AFUA3AH4YS6GAL2QJCM6TLUMIPEQ,B0BM71QK8M,4.785157921855026
AE2OU3FDXOGNHVIXGRKRHY6YTMMQ,B015JTEBN8,4.718913567538004
AFVSFT434NS24FVRSL3E32JMPNAQ,B099NYHNRG,4.849391145626181
AEY2D6S47J7ZNE5B5WHDGOMTBDRA,B0BRSKMZVV,4.770615471513702
AE5VUD3ZALJSYNWAHP3AEWSFJQ3A,B01LVXY4GF,4.696282693226625
AGODDVRWGAQPWOIVFD4V76XIST3A,B0BCXRJCL2,4.34301191888594
AF67UFXPM24ELQQMDH7UVQLDRJVQ,B07YMGPV7P,4.7624001927437645
AHTWAINQI4ZDZA7GPISHQGC6LH6Q,B00INK6PIU,4.669197965960349
AFLCWNNFONDAF7WYBT6BHG22ITRA,B09BF8XDF4,4.84465027238564
AHOPM2RGN6VXHKOR2NCYQ6EGTAYQ,B085HGYN4C,4.85036464830153
AEIPLIP6FHRY6D3IMF4MM4ANWLYQ,B002MWIVNM,4.817059742683655
AE4XDOLOLDHCE3JLFPIOCU2CDPVQ,B0B819R6CN,4.229578210335907
AG6ATLCKETNYRKL6GCQV35CSSGPA,B06Y6BCX7B,4.4271640698224655
AE2ML65H4XYB6KGEUWIPA6KQJXLQ,B000ARHGSC,4.567257949947402
AEH7IOTDSZGSZLE74R7YMFXFZD6A,B0B3NJ1TDB,4.746639843634878
AHYU5PQSGXDZ6V7F6UUG6LX5HJRA,B005H2007E,4.537504924413364
AF3XBNK46KFV5SZF5WYV6Z4EFIWQ,B07S1SP7LY,4.460405098820353
AFQY322LW2MXVICDXMZ4QFWAGP7Q,B0B291RR9J,4.384388959665051
AH5BGSPUSM5ZKUHBSEHRDPDSNLJQ,B004HR892I,4.761741697938676
AHSZYTQBIGNBWEXCZV4YMR3A5CCQ,B003XNTQWO,4.786056501599181
AEO6OEASYX5JVYAWEGXFZ5UPBDIA,B08T9CCXZB,4.889974254123209
AEL275DNGFTFLIFSPTKDR6VJECUQ,B003Y5BVN8,4.090839782251885
AGGRZR7RQQXUDJIVEWFEBD2CNTVQ,B0BYXJ6JKZ,4.740566071942628
AF7HJLFM2MIP6HPGUFFQFRPITXDQ,B01FS4JNVY,4.586147172069733
AFJC44PF7YHE6P47UU5LX2NDOEZA,B003B07LI0,4.595438937707214
AEAFJUXBROINGNN4KCQGS3V2EMAA,B08HHVYGV5,3.9875869958699175
AEOWIXLCWGPLFJ5FAAIVMNJKZTSA,B0064RTSUQ,4.840644255296157
AG5CLB4M2P4GCGANQS4WS3JGHFOQ,B078KGLKH3,3.8162403104424016
AHKFXYFQXGWQPZ22R34O6P6YSMBA,B07CYRYQ8G,4.8890225574976665
AGTIWTOM2GUUFVUU3FBFTFZBI6HA,B07HKYZTX6,4.866324778839148
AGKFP6RGI2I45OUK4CHQ3YZO524Q,B09V91H5XM,4.565160274195135
AESOEDJVQQA5P7WROKE4ZLCMD7CQ,B09TPZN5JJ,4.261066933295161
AFAQBC3T4TZUBO2BZJFSGQX7ZT5Q,B0BXT6TL22,3.8860112645322915
AGNAP3VRTXIECI3MGMEMF3B6V4XQ,B0BZK3X11C,4.113262105721132
AHXC7JEUXRETZUDFXR3SAD336P7A,B015IJIO5U,4.418071988380219
AHOKAI6XL4KDSK2EZRV6J2XDIXLA,B09857JRP2,4.839382041635837
AFQGRZFAOTLBDPYOLT462I732ICQ,B0B92LPGD2,4.744436276592696
AHXRF6W7ESUNDFKBSQJSP6VJ2F2A,B09T7NX5K7,4.402074062579179
AE3SKTQCCNKB4GYG5RUDUJCGXQCA,B079QHC29R,4.288596928383047
AFI35SPJJX54G2T3CW4CRH7D3WLA,B00CP3GQQW,4.614273598947651
AE2UV6XH56H44OZBF3FY3IBS37TA,B0B56MCNBL,4.62090658499127
AGTQQMW7HNFMXJILBOBFZAAA5D5A,B01LXTBO7B,4.775884541737177
AEISZPMG4E633J4IM4ZGFLUVCGWA,B07FYL7LW1,4.832546884032511
AHGPT5QIALNVAPT4FQBEUBWKEHOQ,B003YJQX1O,4.377587807000304
AEJHSRQR2RW2BG4LUTTZMXBCOJWA,B07FYCR5H2,4.867719566720183
AEMF56577VPVKT6SBZRQROSTEL7Q,B001V6BW4U,4.833403263926588
AGP4ZPYZGTJEYLYSKCQJBE5WYGSA,B0BJ3B8TXN,4.583034274332798
AHYQKMLIXHKFDHC7K2Y4JXM4YLOQ,B00M53H80K,4.5606107067732236
AGIS7IZ2KTZTD7RYTKZIYAKIR67Q,B01GGUTOFE,4.63521300308348
AHXOER5GYRVR4LHHXTDAPROJKQGQ,B01DN7OI40,4.342170818089474
AGY4LSANTCTFGGXVHUO6BBDARX7A,B09WVFZPLS,4.531032509781648
AEGCEISD77PLJ5CDAXN5MLL4FPAQ,B075MCRFYZ,4.887082784873199
AFSA6YD3ACC3VQQJRNN27YN537NQ,B07CQS5DJV,4.650614740582252
AEIJO7WWMCD7DE6YQAFIB2L2QGZA,B07DK59QNR,4.727764625991666
AGCLDTIX6BEN6YTPL2ZNULFQDQCA,B003VYBNIU,4.1652965791147025
AHYKDZQIJSFNDBGMKREOKXQ3CNLA,B017VXNOK6,4.31611378710609
AHVIEHUW2JKP35YI3YAMQNTQGJXA,B00BESRB8Q,4.696099009063699
AHBWDWVH5WANPTQ4GF2M5F46S3PA,B09RNG1MSF,4.707041330515604
AGBOSU3X2EFARU6PRHGZVYHLUKLQ,B09TPW5HSK,4.6795408140271535
AEKP3YMONZP4GFRTLXJLTSEGXXFA,B0002H0BZU,4.812181027573822
AGSWTRJPZ7AVS2C33JGND5BQ6SMQ,B072LXH1V4,4.074683522889325
AFPON4DBYQNDCNYOC2UM5LXFYJIQ,B0BNCDVD4M,4.089368582445428
AHGIW4KOZ7GCGETIM5WLEGYIYPVQ,B00YIKO4CI,4.363970971477367
AHBGT6Y2NTDTMPCV4OGK4BJM7EYQ,B099NFZP4S,4.9237177811650685
AFZV75N7D6JB6GXICYEYS6NOHA3A,B01DN7O97G,4.723175820364597
AE6M7H4LZHW4SPTZIDFHYYDYPAEQ,B08BJ37FNS,4.768234204837706
AHRVFOLGXQO3PSAAF7XTRWO4ZENQ,B0127V93D4,4.288173931617814
AGEDVIBZ4U3WNWUYK2VKGDJEWPNQ,B0C3LKRRFZ,4.75648350927723
AEPIBDY5VZBDD46DVEAA5YDTJ6BQ,B00646MZHK,4.601970400631579
AGTD3IDTVYW5TDGYWPCUBDTAX76A,B004SX1BCG,4.479372697477736
AFDLRPTS3IT4XBACV2J2GFLWEHXQ,B0BLLKKFR8,4.744429095930789
AEEE6HXPTVNXEJAAL7GWHXTSU3EQ,B014F1UKI6,4.632318661406208
AE5VICOXJ6XHMLISRION3NBJ54OA,B0002H0SWQ,4.477142528187749
AEOWIXLCWGPLFJ5FAAIVMNJKZTSA,B09R2TMLJR,4.756592156014637
AEIBJXOMYHYM2GHFZWFVH4OYSVWQ,B0BG95DG2H,4.8266283530468455
AEAJFQMXRKKLUVQ3CKLPOMYPM7MA,B081H694YZ,4.700360958900712
AHWJXB2NGYU4QVDQGXXASEMTCRDA,B0002GYX5K,4.6320188432798615
AEHBVSNQHWSBV5RXVHMGN3YOO4LA,B0B81D5BB4,4.798754804803133
AHI2TEVNDZXRO4VCOPF3RXRAU4ZA,B074K56PFT,4.248362774874361
AFHPDLXI5LH52OFLZSP4KUBTZ2UQ,B07G98F55T,4.5565181740114005
AFT7ZNJFMLEFNPUU4FI5MATSZCKQ,B00A2H01IW,4.084308444609435
AFPOTFD5RRB6MHZQ5P5UIVG7QTBA,B00RVE9X06,4.481805480779715
AECUZZA7GWAAL7BMAEXNOTLRKVFQ,B09VP6F1DV,4.499784252788432
AG2LR6OTKY3TOO4CIH56E6JBYPWQ,B001L8NGJ2,4.403774350018505
AGENKWPB5FFH3375MDFYOGJ73QMQ,B01M72N0A6,4.496034092943296
AG2G5F3GABGI6CPVD4EL76ERFZNA,B07DWM2XSS,4.292634444067989
AGJ7RLVCMTUBOVBIHLK2TXPNJL3A,B00SZT4TTQ,4.318562044995321
AGTFVU24EZKHXUFYKLSRPB2ZUG6Q,B004UJWBL8,4.506281066984132
AGJWH7NGBBLGJBRDYD3SQ4STKN7A,B000WIPGG8,4.75146350641274
AGY53AAWLQK5O77H2YKXCURQHNTQ,B0BSGM6CQ9,4.706190304373854
AEO56G3OFK7ACPYFK57RQZPHC3MQ,B0C43X1YDH,4.062263610520404
AH2KNTQFU4DWMQIMTDLFSMRQHRYA,B0BNCDVD4M,4.2670163712205635
AHNCGYAQJFC2W5N33AOVBPCOP2WQ,B07CRK35NG,4.587782946610903
AFDI3YPNNR6IN2BJIJS7RCC64V2Q,B000EAKZJ2,3.8647104173279616
AEKFPM26FPOBYQO24ZSDMAW6TC7A,B0B6P55RBN,4.507959130993745
AE2ZQZNGYDIR6KW2TTLMZUD7NSBA,B095XCZXNQ,4.657046888600194
AFAOI3QN4UWTNNWNVQOE6QQAJKBA,B018FCZKR2,4.780453324069202
AHOUKQ3IRAEAMEHDB6U4AMB366NQ,B07R28FF44,4.375945759902216
AG7PTH6BRNGOAKYFR2KUSMPVO73Q,B09857JRP2,4.8233681920653035
AF63VW7YLF42A6STVGBLACD7RUWA,B09R2XFGH4,4.114632013581155
AE2GJDEGL4G6J4VCIWD2WA6FONFA,B0002KZB5C,4.6025108405069775
AH6JESOL3IE2HXVN75ODIOHNWJYA,B0002E3830,4.415346944133773
AHXOBRO2VTZ2WUA2CGIR3JXHZ7HA,B09MTHTMBB,4.875782882821116
AEG5IJCEK4RXXLTMQDHBKXKZ4LCQ,B07R3S93K8,4.496983392966156
AGK5J33TK5YZJZNMTXRINKBZ6MTQ,B00N4ZHQ14,4.651208282589072
AHNWTDM2BHT4KVCKGSQVEKXZJCBA,B0B9S8G4HD,4.722317297468148
AFMEX6I3YRYORJRHNM67XPKTSNRQ,B06XFYX3NH,3.682659141409741
AFSSGMMR4TVPLP6XTNIAHQTRB2VA,B06W9NGW7Z,4.514582586193418
AGJRSSCJDOJTCM5JPFMFWP7DNHWQ,B0BPLFP5P6,3.9948791009412634
AEZZEFAXH7SOS46D4THTU3IL3D3Q,B09JJQR4LF,4.672991221452104
AGOJMG7H4PTWB3PXU46ESY6FSTDA,B00F912X96,4.591789308085929
AFHDHVQNIJO4RTZSJDPJMVLM7RNA,B015XDJB9E,4.486412170651844
AEZIWY5MGFWEIWELVGYQBFWPK4IA,B015CO3U14,4.619117071283922
AHFPGYQJW6ZOMWCS7PBJJZEZ6NVA,B07F1H422Y,4.4058636992027
AFBMVBSWVLA44QKWJPRXI4P46FFA,B003YKSKBE,4.624806924378127
AFLCXIOIKSV4RSDYOBQMA5IFYVAA,B0C4FVS3L7,4.3200568266616095
AFBO4HWHVJPJUOVJXDVPHX5SOHBQ,0825603285,4.5495636723779285
AF5N5ERK4YHMLXBXFXPEI5ZRS5BA,B0002F79E8,4.644443897147268
AGXWPCGLCV23BLX7CDUE2R3ZHKQA,B09VGM7F6Z,4.286097592764663
AHYEUIJWZ2KNFA3G4OPBRTVO5TKA,B001FSZR4U,3.87609593351411
AGSNQ7JEBI4O2XKWGXEIDNFYMGUQ,B000V1K7FG,4.819017559261557
AFLDO6CCUQ6JJHFAVR3GIFNXUKEQ,B0C1MHGKHN,4.576252823410651
AEYHALMBBXTLHMCBZTNNDW7A4PXA,B015WUVA5G,4.392553815693274
AFJW6DSMMDZF45UIFAT6VPYL74HA,B000NUXNWE,4.11364322795486
AETH35ROJEF7T2FERRHTTSSQY4OQ,B07MG78TDT,4.431741155593379
AFKXLVV6Y223XWWFAGFRH7ZG5AVA,B09DR91XCS,4.714216393549596
AH5MZVAOBU2PWPJ2G663BY5S2R5A,B0049SBVLG,3.9132394280524423
AHQ3WFXQLPDHTV3BPXJH3COHLUHQ,B09TRX519R,4.801987283624792
AFND2J7ISWIQT2WGEBO6OQA422AQ,B01JJP7NII,4.428503917110684
AGBDQQNDS4TSYXHOB3WCWARDO5OQ,B01M8N618U,4.658182729324164
AEWLK6HFFQ44AJIC4YHECUU7L4QA,B001CIZA8G,4.293348514799663
AHU4TGHXLUATFJ2AYXXXCCCZOQ6Q,B0002D01K4,4.874732145439159
AGQGQNKQEUZLXVMAD37CUFLLGMMA,B08CMHD5HG,4.751764430630763
AETH5XE2ZFEB54ARJBP35D2CZLPA,B07Z63HSZ3,4.582285161501186
AFHURQAVXVFY6SNPFIJGQPGF76SA,B01EUTJ4IK,4.442929207525615
AF4JAA4MOJFTMLCC4754CWXJBUSQ,B013NDP2TY,4.737111230827445
AHNC3B46PPIQWP6XOAQPIRP6SLNQ,B06XNBTLHC,4.681776728777272
AHWAYCEX3NCWJD32JTFVBFXKUHOQ,B0B8Z5LTZ2,4.874096208906817
AGVZDCTSOOTVZRWGFFGHDFBGM4PA,B07D5W5X3Z,4.755908722046763
AFOLSP6IGSO6M7NB43OTQIH3BG7Q,B09NWCD36N,4.828881214750202
AEWBPLYRC5TPLQ4ZASZFKZSVAJMQ,B07K2KX3P8,4.850770565997767
AGO4PWTACG5H4W63S3WT7CD7XDQA,B0C6MW897N,4.703131320617947
AF63XHUFXPDT7TIMND6IIJTDGZ2Q,B079GW2PNY,3.9510782347657885
AEGKJTQWHGBIOTO34OB3GKIGCN7A,B0B1ZW83N8,4.441591612359774
AFMK4SIFYYQISG2YVU2U2FOCQIVA,B09857JRP2,4.86167592924647
AFWH2ZHBRF7EKVOCO5QLDI6XWNXA,B07BLZX73S,4.591220471882257
AEWZE5LGZEF6Q6TJC2LJKOSKIWQQ,B09R72Y5G6,4.329349856778624
AGYV6AFXZR5TFYH7B5FLJX3DPYNA,B08DJC4SYP,4.752788645637737
AH4HLCDFTQ3ZZVAR7SBVN3MCZESQ,B071KTZ35D,4.810701390940107
AEDCV22P7AK6YFEWB2UU6XD4OBAQ,B07FYL7LW1,4.681814210959239
AH7W2JX47IXC5XFHOQQEV3IYJKSQ,B017NT392Q,4.609388542629038
AEVSFWRNQ32ALSVAVBSBT2C5RARA,B07QCMSZSN,4.492503159749341
AFO6G74UZDWO4UYRBLXEAHR6EUKA,B073NZDH1J,4.6584098576220345
AGNEJAU2YSULDNEJHFJKZ3WLDIQA,B001T9O60Q,3.9900770589108534
AFOGHZMFR7M2CNXJLX3YK6UV22JQ,B003BGXW50,4.404064382699882
AHKFVHWN2TKMOHOZH2VKUVOCMUSQ,B002P9LCYM,4.54512251014502
AF6B2MHYX44NXIJKLOQHXTUE54EA,B07KFNST7G,4.729027627240757
AFGSTWVYRRQY7XSNKMVPLEAX4UEA,B01JJQA4M4,3.9136059049859235
AF5PM3LODZ3TCXBESCMRC33V26SA,B00C5QMVI6,4.371459550152702
AEB5NDWYIGALIJTOMT6ZSYN6AJDA,B007CRBQPW,4.023367858088076
AHZNM2IO247WOE2HB6HFHNCK46IQ,B09SNBQCM8,4.458266447090093
AED6Y66JGGJEBPEBHU637IJMNAOQ,B06X9VC2VP,4.553699899235598
AHMJHVELMSTY3G3EGBGAIBACNORA,B00WJ3K3QW,4.080064781299812
AFRCFSZ5JBGD4BKHAEJB64QGGLHA,B014U5O8NA,4.457883458775944
AHNSPXAYSM6UVQ22WMIUMSJUCVDA,B0B41JFP9C,4.608199998893499
AG5RBEM2ZWF4A6QLBNCGV7FJKWNQ,B01IP4ENCS,3.740184012679996
AHKV3LJQFB3P6EX6VYJBCKB2CLRQ,B00Q0OWR9M,4.576397376855754
AHCZPXH25LJYENL4VJGYRB4AKGOA,B00IZA1GI2,4.781207521146932
AGU422YBQTIXMFR3WYLVUXUXCXHA,B00HY657E2,3.6391788599293533
AHODQCCIMHNRFD2VGSHLFOBRN5HQ,B097Q9W8MW,4.572126667290546
AFGDOWXYBXW46W56NEVSOPWFKLWA,B08M3Z4WD6,4.338821109923565
AER3THLOZ7KZ6X6L3ACFZTTHDTCA,B0BCXL2V52,4.46597549678107
AFMCJFEPXSDR6CBD6JAFUNDNIPUQ,B07GDTH9RF,4.364046881808537
AGD3XHJMPIXR572HP2NKUKPBAZFQ,B0716DK86D,4.3131916459359605
AFLYGYD5JBG32JDSBOQIGJTBL3OQ,B00T0S0SPU,3.6315163959585193
AHX5YR6R6MXIMS557XKXSE5WHUIA,B071HN5TQ5,4.786370743591917
AFFG2JPG26ZBNF7GPDSPPBVBXOIA,B0BS1QYSFS,4.379603284707059
AFO6T767OXV24YU65XUACO4O6DJQ,B097FMTZCP,4.3302490181528315
AEDJWFGRV2TQQ4MBPEW2HWXBIJQQ,B00E3X5USC,4.444948686261769
AGTCUHA2OI32ONK5LE4CFG6JZFUQ,B079QDMQHF,4.801114274199671
AEZNCOTOACFQXLFM4MXKSQW6SFKQ,B0B9XPLGMD,4.772025923040052
AGBCLRMS7OW3N3T44GO6W6M6RNBA,B0002F71RI,4.3004029109830855
AHICPR4QVQ5FMDFSESYDMTT3BDZQ,B0BKZ22NHL,4.771743896709116
AEVGXRRI7C6LGQI54Z73I6CNORZQ,B0BW43P2H7,4.015428631764139
AFYWMY47CRZXSP4PJYTOQX5BCEDA,B07KG3SDZK,4.653994453646256
AFQL4A6YCBYDIPUPWTIH6VRIJ4IQ,B015WD6FIK,4.442860284668043
AFVSSJ5QSQBZBTAVR5XHF6UQQVBA,B07ND4BBX3,4.253265218341683
AFR53WLNPUC3EQFBXCGL2NU3YEWQ,B0149GFCX0,4.7858434047320255
AG2WY45W3ZZ7FJHO36GRV2VSO6DQ,B0BTC9YJ2W,4.8255412607178
AE3CYBE7XGSBDNQPILWXQ253LHXQ,B0B8F6LD9F,4.914218005518653
AG5PP3I6IT3W633ME2FGKGG3SDAA,B0BJ8WDC13,4.127971526459708
AGM3CUPVBROSWBFPGWSNUXHLPL4Q,B088DD5M4V,4.802933424124333
AEQT2EJM64SZEGP7E36GKCAYZQOA,B01DN7OLJC,4.745049138345536
AFLHFZVJG5BOHMDGWC3SS32O3YDA,B01DK40R3M,4.705565428926447
AEQC4GLQROXYW36PX5IVD4AQKMRA,B095XZJ99J,4.800334273833085
AFUGYX2OIIUMI5C5DMYZHUYO2XVQ,B0749K3CB5,4.77005751242872
AENNSMZVV5RYNFMIVY757EXBYLQA,B07SJ1Q4GP,4.84532562351959
AF2RWUHNSVTHNBRI2UEE7PBQXJMQ,B00SVRLQSE,4.724455140764471
AG3FOC23LZJXWOVFAADAFZWSX73Q,B014W0L7ZU,4.778730008759489
AF7LX5UI7Y7KKCAW7UKW3JUZKTEQ,B072PWKPLW,4.282432182590329
AHLTZFMLFGCDEDDGBNX6YPMQIMPQ,B072MLFW5B,4.424505852713474
AFBS7KQ5Q7H3GFT3GA6OQA6EJUEQ,B07RBZHDT7,4.753595902963438
AGAPBHWCP4ZRSGTPHPWJCCRXYTOQ,B0871YN75N,4.569234865687017
AE3YJLLDWOWFD5RY3HVYZCZKUMIA,B01NANTPE9,4.085107043058376
AES2EMOE2IMYPHWUU2EBRMLF5V7Q,B0007U9SOC,4.636857575943056
AHWQWO3TDGHGSTCGTU77TE5AITKQ,B074CM9YNY,4.59899940818775
AHMYVVPBU7WI6SP5MNABEHF3LEKQ,B0BLLKKFR8,4.576846544400715
AE4SCUJHWKFLMXTAJNZ266VZTS2A,B07BSZNKTM,4.109260955730777
AGU6IQXE2QIAP2HSVICFNCYV6VDQ,B096K2LZKH,4.655975318965743
AEAZAEUOYT2WUSTFLXI5Q7R2CSFA,B08LVRB74Q,4.324823266253984
AFFRCOTU354SFF2TWTMJSVJ3T5HA,B0794JD1DJ,4.145210278611671
AGF4HJUL2X2KSJ3DBYZVSBYSNXUQ,B00F0GQ6TS,3.9680806057721765
AGYUWXZSOKQS2IEGKKTXD7EEBRDQ,B07N3146QF,4.0924266555073725
AHLERLIKFEZ7VZPC6SVYMVSRPRYA,B0BKQ2VGP1,4.757732711440924
AHN535MBJTI4BGLTUORFR3TLABLA,B015WUVA5G,4.5519992509672536
AE5XWGBISMIFLQR5SQHX5GR22HRA,B06X3XT47P,4.691922507853505
AHHNKFG33VHQKC2DMXQOXDUFJXVA,B08QTSGNNQ,3.6115939352347564
AEMOYADP2JOCWPFFSQD5XOHPNCCQ,B073C9Z8HV,4.8260200817069
AE72UOL7UVRMIPJRHY6A4FSQKJVA,B0158GWWJ2,4.39665412955505
AEGFQ5OD5RN4XKYGLAWEDH6JLQXQ,B07RYBJN7K,4.534330248610219
AFDTO24ABREOG7VZHGM5MUINEONQ,B07FM97YFY,4.670030366756782
AG6HQSBJPDWOKGKM6F5V2NAZ273A,B08BW2TBD7,4.150285198000263
AEYGHK2XKWN6SJ3ZDSSP4CSKDZIA,B08HHVYGV5,3.9858533845890496
AET456SV5KEEOBGGHEAHTRNEG52Q,B096FZ5TKG,4.399626035553157
AF5C2VN2T3YFMG37IF6UNYL32GCA,B001OICJCE,4.378117891973047
AFM2K5Z6FN65NXDAT3G7ZLFW33SA,B01N5QJ0LE,3.9449487723051844
AEVDN7DRDHN53ZPMTZPRZKGNGMMQ,B0057IVKT0,4.707284728320249
AEASD7QIONBITO7SNEDXKJEEACEQ,B07HF4ZCGS,4.717165205218958
AEMOKFRDML3SWYB7DCLK6ZW7544A,B003D3OCD2,3.976533611636812
AFSHT66OVN4NTDOFPDUZEVBLBJDA,B09SH9C3S1,4.454224663257793
AE4N5XPX57OH6MC5A6I7YMQ2WCFA,B00X7DDGBW,4.790435461429179
AEW2LO2YEEIWZ2V7CPL7Q6JBM4HQ,B014F1UKI6,4.524120110623887
AFOBI6TL5KJZ4PXECZXGF23V6JPA,B00X7DCM4Y,4.383575052643986
AH5PPNPBIL5VFASDP5QMDCUNXRPA,B07N5NMWXK,4.796126205897681
AESCPQD5RHHP65UTHAGCQDE7BUAQ,B0BT2XJDBM,4.54119949099884
AEOK4T53CV2V3HI4NFDOAOCRH3EQ,B096X4XB5N,4.377309284631448
AE62AMAAHZN3XHVPSHWXPWHVPYIA,B0BHSG5C3G,4.83137336864576
AEOGRG7N4WAUYTPHEZ4QMHNZJ3MQ,B07MDPF4SZ,4.667660359618544
AFSTKZ46JMFZCWEDBL76K6B5OLKQ,B0BQ4WFDFS,4.547428571696031
AHINDSRNO2KD7WSUIYLNE6FJ42QQ,B0107BCV1M,4.772219353272766
AHOEAFR76BBEHYKBUJOARRUUZXUQ,B00FI2PE1U,4.343182763849252
AEURYFHY5UKJWCTOYPJD3D2XLJLQ,B00BYI3UMC,4.4776044839796185
AFBU2OKYDAWEKQZSGU4KWUMXUTOQ,B0C67HCGBR,4.831085293938012
AG23AW56WZ7KPYYAS4A3YUDTYWCQ,B00JL5IECG,4.497435055113036
AFXVBB7QDI45CCQ36S3NDGP5JXZQ,B07JNKY9T8,4.7388175562820605
AHWSQSOLW3R4BI2CGU76ZR37CJ4A,B0942NY5J9,4.623971289988107
AGWLUHYZ2M4P4NPMOJCJGKL4UXEQ,B00NPAMDQ6,4.819489539955107
AHMO7X3QGRNEGQ7CKZQ5ABAEERMQ,B07S9X47LT,4.746076260523771
AGNOV6KYFMFE746R43PI27PCMTBQ,B07CQS5BMH,4.761980045073777
AETHP2JY3WDR3UG7KPK56LIWJQVA,B01DXVB4RU,4.754123024953019
AEMR3TT6O5MSIMI56SR33RIWQQBA,B0BDQVNX4K,4.883702692147318
AGYVINGW4VBWAX5UHWUCW6AEJSWQ,B0046VXQQE,4.4920114156398485
AE4YC2QFG5TC3AE4FH52VWIKLBZQ,B00FSSU41Y,4.507543975483493
AEQQZFX3NNGWSP26RJ5KPECI45KA,B01N1UI8V7,3.9732555422906604
AE4LK4DLHJSEYO2HJ6NONKZUGOKA,B00TWHTFSU,4.859525907048105
AHNLPXSGHTX3G72AKOF4CXARGDPQ,B000UV8I7Q,4.231555903994669
AE6E6YBBMXS5CQLQ3ML5DQJPNWJA,B0C61GDMJL,4.9117929596444805
AGXFCJEB7DMPI4TWBCCG5SRU4NHQ,B0002CZYHK,4.607435718345392
AEPLYYM44R77PXEBCICPCGEKCO3Q,B00646MZHK,4.741440907647419
AGTNSOHIGESRMHSBEE7OZHP5X2LA,B01JB0SPEC,4.775435502812696
AEOBPIPUOOQUGQEXNMBWZYEC2XIA,B00H05ZVZ2,4.713405742155221
AEVZHIZGHRVIPJBVV67RVR7GGYZQ,B0BTC9YJ2W,4.746542077262143
AELA7SBKIKMMMFOSMPOM55GE7GEA,B01HCHDOTM,4.832847290606044
AEBF2QAX2TLFF4T5ZKMXAIRKVSEQ,B09SNBQCM8,4.15777372965235
AHWRNYOWY4IRKGIMFKZGO55XSKQQ,B075RB1KN7,4.619755044151091
AHMOULZUCO4KAUY65VQ6JXCHBNSQ,B09R6KV6QX,4.806515049147342
AHHHSIYHURY6KKWGLTMN7Q3JSBPA,B078Q678C9,4.432288299043069
AFKVKVRQRTZLQ4B2MBRH6IEAZK4Q,B0B1DPY481,4.2896243785139
AHTYMUVELACPSPGNXH2TH4WEQWVQ,B015JTEBN8,4.8459508992502665
AHP5XNYCMUTWMYVSJVAKWF663ZFA,B01E6T56EA,4.301041243657481
AGF2BWWRJBXNSO6N3YHTFFCWCL7A,B01MYTO85F,4.089889824652845
AF736W3YRCLMP6KMKVZV5HN2KC6Q,B017P7Z2QC,4.457684022441188
AE52EI65PJ5YA3CQ6HEFTQSRK7AA,B00WJ3HL5I,3.9967338059124593
AEIGSLLO5UNOBNT353NGRYGORJLQ,B06Y2W66F5,4.719525082169654
AHROMV7LJFWNQYS3U7N2ULAMO5MQ,B000J5UEGQ,3.913674118686421
AHQMOFC4UGTF2S5NS73PPOG2T2YA,B08RXRQFRJ,4.592985101732468
AFKZTCN4BNEKHAJQARBTQ4RZVETQ,B0BTC9YJ2W,4.603567915793534
AE67KRP7JRFPJCOOMV2YPN7KIABA,B01MROS266,4.686717336298852
AGSJH7NWOOEERC2GJAWK2MM7HZUA,B007T8CUNG,4.130880151931587
AG5F4B4NU6DRMAKP743BDE5S3T5Q,B0BT9R8MMV,4.763669485259289
AHUWTBLGZWOIE4OYFO56IOXKJMOQ,B00OGZVTZA,4.656842408288182
AGT4KD3LUBVFSDI4WG2W2YW5GMNQ,B0002F6W1Y,3.976254545600578
AFJC44PF7YHE6P47UU5LX2NDOEZA,B00WJ3HL5I,4.505934360058413
AGUNY4JT3NXKCFYWAZ7O6SF22MPQ,B0BXT2WN33,4.824894433193132
AHRFTXV4YF7A7C3V2I7JNZIJ4OBQ,B01N5QJ0LE,4.645699746265231
AFVDSO7FDJY6PZTIVD4GQC4BI5JQ,B0C15FYC5V,3.683383273731562
AEX76EATB2LATCHN6WDMPBHRJHWA,B08C7QF9DT,4.524267747625056
AG3OCQFEBTOET7ZBF5LVSBKLDA6A,B073RTT48C,4.859780756015791
AHQOMLZZJAA7TWN4XUHON6RIRC4A,B00SKI0HSO,4.773630902793046
AF3TDYWL7K5SP5QCBPPUDK5U3N3Q,B07BC4KMQK,4.368394101248832
AFTTSALKKCUNXGMGV2LGQUP5SXYA,B008AWPI1Q,4.863668787032756
AGOI33LLDPZDPGEEZ7YYC3YHZXJQ,B00IPGXZMG,4.0380524957115345
AFEOZ2IHJAKVNIAWLKJRFLTPNCQA,B09PRKZ6FN,4.319802075600301
AGMNTBFYYGI66QEZJ4KX5ZMHSRXA,B0002F519I,4.460859100327063
AEHEOPLYLFLYGKX7YR42SGHAVTVA,B07T4TKLW2,4.100421069876453
AFKGRP4MXTNT4YFHIWX67RNARIJA,B09NNCSVQW,4.566939247247517
AH6LZMLMHAU5AHGSA7G7E5VEIUNA,B01K1EJQ9U,4.7206733810475745
AHQXZXO3N2WPKJCIUWXLBD4HU66A,B07T3GZVMD,4.039452420353808
AGUBDGORAUUMXUWCP636WEUVYSFA,B077Y6MY66,4.560803691809644
AFUI2YSEV5HZ2PTVF5UF6OO3L5GQ,B07BZ2FZ8V,4.421598484832756
AE6LEIMRX3UITDDKY2HLBITPFXCA,B004XNK7AI,4.8620944811222095
AGYBMTZDIVSRQ3KD43OAYPHJY6SQ,B00WE6INNY,4.77352006155374
AHFLBU62G7X62WE6T7C2HHK2G2IA,B0B755Y6DB,4.265266879948203
AETXBM35I6ZQSJIRG5WNJOQURSWQ,B01LYJMHXV,3.9369945799802895
AGYK2YYS35CDU2Z77ZQR7L3IAX4Q,B07KRZ1HH8,4.572711363280366
AGC4PLLCQH7KL42INYQDANWLJDCQ,B09YYB7MNN,4.800945690186129
AHG3AYMNGTARJCPKJWXYHRD4LNYA,B072226Z5Q,3.9348480656570173
AFZYOSEV23R7RSHV7GX2WORLJSMQ,B0BSGM6CQ9,4.849188112980741
AF7LDTPGNFMGMP3YLBCCBQG3PVIA,B0040FJ27S,4.677902868113172
AGYZBADUFDGUWJZ2SHEZAU5LVPNQ,B017MHXV3G,4.261156942328554
AG7LQUQVFTQT4Z7O7R4ZW3QHDTEQ,B005M0CK9M,4.528436278146276
AFY6S76BX5UYVS3ADFKJOWISF33A,B00TQZN1LU,4.740745122579661
AHWUG5BIUQWHO6KPODY2QJFFQYWQ,B0BLZD2X18,4.655869106549809
AHF4JEWQEROLVQZJJHSI67KKWTFA,B006XXT8EW,3.2705890911520252
AFKVQRYREQIOY53LVNLH2MMIMQSA,B07BZX9BCS,4.697641148107516
AFJBPPUHABKT3NK4CCTZGI22UDVQ,B07NDLJJSM,4.703670104128481
AEFGZF5QAI7IQGZBFPBES2TPTRLA,B07N83Z3W7,4.695401347947509
AGMKC4KFENDHDKVSQ63X6Z6T26NQ,B004XNK7AI,4.555946198478045
AFWET6TGZFBZOJUGGD6MVRCS7ZKQ,B0C5CTX5LZ,4.406387878436232
AHJ3SHJX5Z5T2KPEAHQSFDQB5KIA,B07711ZF5C,4.3649568107156
AFYXC6LKP472MEO5OS2ICSPIUNOA,B0C13HVDVZ,4.69379523917334
AHO3TW34BLH3DMMGC76PPSBHLCNA,B007ZXWQ8E,4.743329679182807
AEP2JJUCKG6NBVBQHCL3NVQ56WGA,B0BPKH7FJ2,4.795022182274624
AERBARCVGO4LQ7S3GH4V54N7RLWA,B07F7NXL8V,2.7185701927576833
AG6ATLCKETNYRKL6GCQV35CSSGPA,B0185B3CC8,4.323331667128512
AEHIXSVSO4RBFXKO6MHNNBRQGQ3A,B00IFOTSJW,4.669352692242532
AHZ6MKX4PCYOZVXLCONRCQSJ44BA,B07FYYS5ZP,4.851192462869264
AEWMLY6PKKJ4CSTYPEKASWTFQKNQ,B006UOSUDE,4.7189704968139665
AH3GNKLWTDPCG42PLQ2SRYMK3KEA,B01E6T50GY,4.580152760211735
AFP72GJTYILTZLC6PNWWFK5GSUZA,B0179A4ILK,4.784118910758049
AH3GZCPR5LYWRN2IOMZUU3RGWRJA,B09KR857F4,4.173174622478862
AEXDYLC23FPJTOSHWXNWSKQXNNWA,B0BKZ7M5VG,4.809600032134662
AHWGBAKH7QDCPMELIEXWWO7NBK7A,B0791FNPTK,4.403979746320715
AELHFSFNZGMUKRQ6Q2MYN367HZUA,B074WXM13T,4.8827721787592075
AH62HWTT7MJCJM7V2B5LS2VTQBRQ,B01DN7OLJC,4.266647453117182
AF6R3LIPXBFWYQ4LORVCRLABXEYQ,B09BF8XDF4,4.286285203515789
AE7QA3XEZT6PIARLAAMXT7CQ2ZPA,B0C4S58NLX,4.83648871033201
AGTZNQAFNN3NQROPNHH7667W6FIQ,B0CCK4YYNM,4.625481744948446
AHSX5YF55LYO3M2ODEKTHCHGYQ4A,B072FDH5X7,4.497815876421198
AE6J5SM42A2IFBSSJYIJUPAQKZPA,B00IFOTSJW,4.7510499098168815
AGER7EQMAWQFG62IC6MVLVZ4DRXA,B07H87XJ19,4.140342274589924
AHLCZHLUH342KHICKOLCIHQ5CY3Q,B005FIFM14,4.847992066416482
AGB5Y66IQLZTKJIL5F4OSVP3QB2Q,B0BYXVCSGG,4.242228502901245
AEC6HKN4R2TU4G3ZZX726K7CKV3A,B0BX8VJYMD,4.254471850895432
AHBTL2SUNMBXHTYOVE6KMIKWX4RQ,B09P3ZVLV8,3.746129492288947
AHYQKMLIXHKFDHC7K2Y4JXM4YLOQ,B0C5CTX5LZ,4.376099035113122
AERXAGU6PAY74OIAVZQKU5ONB3NA,B074KPCGYL,4.123528216338454
AH4RCREW6GITBHUORQSYDFJ2LATQ,B09857JRP2,4.8438170094920885
AFFIQP6E3XTFNIZZL7VXRBSPMUCA,B095F3NRQW,4.484418140678256
AGOTIZH7DO5TBSSAKDOMYQKDMDSA,B0C59PH5R1,4.732904427305489
AGM6UGKARSLRPCQME3Q2VEQ7IP7Q,B01LEZVYZO,4.53952420646838
AF6NGFPCRFC2H2DNAUQGLTSNSDMQ,B081YCXDFF,3.6863826472566066
AG5IDHF3GQJ66NX4SUVVMD6AJCWQ,B0BKZ6JR1L,4.687228983113478
AEBC453QY3X2W74ZLA4Y2GXS7F3Q,B00N19LGZ0,4.72966024258576
AGMF7KUX766SMMOL5OBOMUR3LHYA,B00N5TH2H2,4.596690333139028
AECCI3ZAQSDKRBTIG2BWZSCHYY6Q,B008L3SXE8,4.0121297739275255
AETT5NPJAVOQMSCUYMTAVCYIXEFQ,B0002D0KG4,4.338466952557536
AEFVKIUKD6UM4GULEUGTGMFHATKA,B00B0AQHVA,4.862562217319483
AF4WQYIS54RCMKCU4W4OTSHUM3YA,B09XHQF17H,4.585548276800065
AGMTCMP27WCMMXZ3R3FJ5F4KDABA,B01N5KND14,4.496132506641594
AEIGNQD2PURKBD57LI4CYPUF2SNA,B005GJIV2Y,4.849154159143914
AHLPCSTKZELWVAFPEYEPO4DEO7JA,B0BLM3QHRL,4.882672332061583
AHSXBC5P55TQZXDNPWOVXQWCCWDQ,B0C1MHGKHN,4.34863548950573
AHEA7BJ6ZQXRD2TT6IZA5D7IRONA,B001LTZZSG,4.728688573557823
AF43J3HR4DGZRQBRCLPAOCPMRVOA,B01LYJMH9P,4.628477727439782
AEOG5GP4YYOR6T7H4DTLTH5VXEVA,B09M7P8SBH,4.85562026055733
AGNK3RRZXRG4YBKIVOD4ACN2LEVQ,B001RNOHHG,3.7967454113552574
AF2WG7KCZB65GI6JZQ7ZKZNODHZA,B06Y17CPDF,4.645643603874547
AG7FHTSKKWZB234EAOMCSKNZU3OQ,B00B6WZGHS,4.245056776310673
AGDD5QGNAAFBEIVL7YFCCK7K66PQ,B015M92GZ0,3.913496719158136
AGOZQASAETUICMSSSZFV2JETPRHQ,B075CSHLYH,4.554277145105451
AF2GPIP26H7E5EHDWC6P7RKZ3OUQ,B0BGQZNQ53,4.003909451611618
AGW4GB2VIHMPVRKK35QXA5PY5O7A,B0161CIA4S,4.170354065714653
AE23WLBRYKEC67DM43M6E2MF7GPQ,B06X9YBVXS,4.60199140607948
AEHRLD5AHMB24TKVH2GPF3J4DITQ,B00T3SR9ZO,4.100211215523775
AEAKXE5BOXEQ7TWLHV7FSN7RBMYA,B08Y6PVK2L,4.5614037897422826
AGRYDY7V7RLYLKDBPMIOCLIZB35Q,B000EEHKVY,4.518649652597392
AEXXLUPKAUXOW3H2CAYAJ2HUTZ7A,B016X2ELIU,4.757699131589769
AFTSLSIU54LZW6QUBJSGCT3XIO6Q,B07GFH8NTB,4.822088172213524
AGEIEJ2JRX24OMQOGY6MNJBWUL7Q,B0002KYXTM,3.946478480074891
AFDJSTTQE46AM53MEJHPPHLLXV5A,B095T7S12G,4.680578778857383
AFYOJ4GGMPJF6RQZR5SIO6VHVU7Q,B072JVYTHS,4.085640246471343
AGGV2GVENYI34JRAGOSUUEFNDXUA,B004XNK7AI,4.789749595491786
AF6L5ZQD3WBL2P7ZN5VAFMABWMHQ,B07MG59N55,4.602813626851827
AECIT3NMW6RKABFS6YOCYX4YUYOQ,B08CGCWGH8,4.346828990353062
AHIGZMUGQ4GXV6NJYZZI6H6D2XIQ,B0BT2ZRCY2,4.1464615294267295
AHTYFGUR2T4BVOCZL4AKNRAPS3AA,B00WJ3HL5I,4.626899456414068
AHJBRDZIS3BYBISIRTW4ONRLNJMA,B06WRTGSFR,4.356883915757491
AGMYRILPTJDOK7WL5OYHYGRYVXMQ,B08T9CCXZB,4.900659501573736
AFUI2YSEV5HZ2PTVF5UF6OO3L5GQ,B004J0A264,4.486154536994803
AFCIKDOY5R5VUPEJWABYXT2G4OQA,B00XH2Q9TO,4.516938633432145
AHSHUIZHSPWYY3OD3PI56MSBKZ4Q,B0BLLKKFR8,4.024487499818976
AFKDAELWZIYXQVIHJ26ZQNZ3YYFA,B0C61YVW2S,4.5654370803037
AFEZOYIBJEQRPPIKLS4GYEZMPPQQ,B00LTDOL02,4.696262982606089
AHUXXNY2JWBI6E5TXSK6TABTFZFA,B07CPW22H8,3.8197507646426727
AGMFWVTOPGGJ372CLWZJZSAIVTGQ,B075MPFFRV,4.522340459591176
AFJLRQ5GNY7J4FOI2ERRIF44XUOA,B07DV6NLYF,4.76501091209981
AHQGNOWJSKABAXNAK4KZ7SMBP46A,B09S2Y4MMC,4.696541939226633
AGXTFGO7KXIW257RRFLSA3C5VRWA,B0BKZ1KXLM,4.682451400990776
AFHDRQARWLYK6JXI3MX2A7YS3L4Q,B0002ZO3LU,4.714436604198518
AHI65GFGKZCOZW6XX2TNNADXA7AA,B07G7HLSS1,4.2208052254714925
AFO3EVBFEP7ZQG3IE7BLT7W2F5KQ,B09WCL5QKV,4.824531423366489
AFUSXKAOKI3SI37XQSR7DQO74YOQ,B0BT352YQ8,4.3261443273997555
AFZFAXZHDVNKI5DUH6FB5V7JKFAQ,B0C5Y549L5,4.016001034647291
AGKK2ESNN5YDPLEM723AYXM6Q57A,B0002E4YI8,3.4556090938574515
AEGBZMCFJFBATEIPDQX6NDYX4NHA,B094DR9724,4.525414797245582
AHHPKZ3F4WPTUYZQYYAGB6UQNT4A,B0B3VF84DL,3.9384962504466134
AFWH3K72CR65SENLSGJWEILW4SNQ,B0BRG6ZYZ2,4.85360612207953
AGYCKFZ3PHB54FOHEMGBMGVTQBHQ,B01I4AXG7G,3.9515929678439186
AHZT6MVWNF4GG6FISMZMORKZKK4A,B0BKZ3GCGR,4.4269343632485105
AFYHXURBG65PEOSGHZD4CIDEJ2TA,B0002VB8AS,4.347430915690444
AHFDBUGMPA2ETFINXOYIVAZPNZAQ,B008TNAGQS,4.282088977443473
AGKTBKXWB7TSHCSCALSFSEL36QNQ,B09XDY3TYN,4.623401252652549
AGQT6IN635UD4LQ5THQHXV56P6YQ,B00WJ3HL5I,3.9875754644395536
AGNIGDHWK5VNATR76JI7CHODDUJA,B077MJTG4K,3.845464656795913
AHRB2TPKEBMBZ2XUTEYE66MGFZXQ,B00B5LEAFE,3.9666748675338828
AHXPMQ7YOOHFIKJKAKBCJ2AF7UDA,B0B4SGJRHR,4.455929790632635
AEMN357KYMFZXPEZGYRKMS5CUWVQ,B01E6T50LY,4.476255510289489
AHJ3CX5T437SPYIUYQQVCE2HSXNQ,B07N83Z3W7,4.6756656199888535
AFSIVX5M2AC4KQ3EK772WFNNJPGA,B00H35YIJE,4.763596155944709
AGZEDKJEUXQ3KK5D462HQZYTQWXA,B0097WDJZA,4.624564298498028
AERE4WE4ZXZUK2TWOR33P6XWHPHQ,B08JMQR2JK,4.600337449030338
AGWJ2NEW7EMYKLBTPLN4KIKAHOKA,B07DWLYGKH,4.752982184184302
AGGLE6KYMOVTLW2O26COKPUEEAVA,B00T3FTEMS,4.854148881373819
AGQOPNQ67XVWKJFVCYJGZHI5P4XQ,B06Y2W66F5,4.7767584321988
AH35SZXQWWGHRFNOK2G6GMP4XHHQ,B07GS5R4TX,4.091120447401844
AGE5EPC7QA2NEDRFC7OJNTPQWBJA,B000AS7QJU,4.7564490387173155
AFPTPTM5OKLYHOCNKILC6GC2RWOQ,B01LE49PTC,4.385514100019618
AF2NDCB5HLWYEC76MB4ZKFJGRLTA,B00G69FBQM,4.685014240089588
AFSWIMPWON5PRF345TI6JUMWBA2A,B06XH7487S,4.3919668906626885
AHL67QIBKSTRQMFTJPJK3RJ4KJFQ,B07KYX3S8X,3.9088570838257914
AGKK2ESNN5YDPLEM723AYXM6Q57A,B00101WA4C,4.010502571269262
AH7I57UVCR75DY4O5MDVVGWT2CJQ,B0B59DLBMD,4.856618700679823
AECKX5ZDW6FW4MBP3QKTPWTWUROQ,B0BSGM6CQ9,4.85459826166865
AF7FS6PDNV5QOJHBCL4NKVSGVPUA,B012VQ5A7S,3.8362062080643824
AF3FYICX6MT2J3E7RBI6WGC2DSVA,B01KJOJQ06,4.180555445037738
AHZ6MKX4PCYOZVXLCONRCQSJ44BA,B0BWXY17MT,4.787284219175608
AF2SLE2H5QRPH3UO4BTO62YCLM2Q,B015X3CXXA,3.7451748480304476
AG4GSXL3NEJPMZOVMFYGZNVURM7Q,B0C5PRQ9K6,4.936488888494183
AHCLGZ3I4XLXRTK7FSSJFBEVTABQ,B015JTEBN8,4.404435936782093
AF2YGYDJAH7YDQOPEBYWWKV333UA,B0BSCDNQT1,4.841804485859304
AFEU72LBPQ6KPZM6WG23YI5DURKA,B07NDC53ZK,4.821004038331113
AHG5I3CA5TI43765KB43YLFPEQXA,B08VJC3GCM,4.673187948388985
AG4GB3YM2T6XH7JS7JD5D5S6S54Q,B07DRMB6X1,4.594869264953777
AHRSXDWMMGBPIAF7FLEPJHM2VBEQ,B0925WNSYJ,4.718589796234268
AEL7BTGBCNEOZY5WN6HLCQWCBL7Q,B09M7F7LFB,4.697399075971823
AGOYA73U7NSVWD33OLBWZSHDLSZA,B09PGXB1BH,4.229848982918211
AFQ3MI5EMRY3KXDLZX3QHEQVGQOQ,B07VWSB34H,4.269075587572839
AEENGB3F5NPUGBBQUPOTSHZ4JUTQ,B00I3TP9JM,4.586198755398689
AH32F32TJIOZKQ5YVMXQEMTKHGOQ,B00EB11OHC,4.7430040609264585
AE72CWXP2K7ZZH4LNBRX4PDGZIWQ,B0002E50MC,4.212759308822228
AFVABWMVYYXSI4RBOE3GFITNRV5A,B096FZXRM4,4.66575817373929
AFH6FKTW5XD2TJFJESFEPFDS56SQ,B078Q678C9,4.4300774218846435
AFSWCMYXW7NHM4IHL7K2VNCPX22A,B09S2VB3KW,4.708045677344223
AH5D4W76WTWVES3BKJKJPOHLBJ2Q,B0B2TND26L,4.724276034307135
AELVQZD526TCYZLFPERIGGHNQQBQ,B00EQ2558U,4.889134795687362
AHSRMNZAUSJKKHQM2Y5SFLXPXYEQ,B0C4GJM9J4,4.417254494398625
AFGOG2ZIDC2JXUVEXWN2YMVSJSXQ,B01N5PRRY8,4.660831504003087
AG2BNWGHZ7E53YD7US73TKEQY7ZQ,B077Z635YX,4.452631323923914
AEPJL2A5CE2ST2ZBZXZFCBIGLSVA,B0C4CJND96,4.496896599091773
AE7GVDNRY5NABEP253Y3GMDUZOZA,B07NDJ1HSG,4.417182990893285
AED7W27UDLS3CUTBNPNLTBZGOD5Q,B0BKR9BCVK,4.677244088333356
AFIEY7TA5YNMOWUPNTGRX2SF4OPQ,B0BWTPR1W9,4.736656605474208
AFVKWBQQ6VUMTZKTVXN4Z237ZMOA,B093YLLJX9,4.673591521045713
AEM7J236BRUHMVBVSAQJQNFRBWIQ,B0771PMLFX,4.814293979948757
AGV25JJ522CLBJIOGMAWNW4KYQKA,B0009EQMZE,4.3926732909263775
AGVGP2XURE6A54ZUEBLRMFGHA2TA,B00UJHFD2Y,4.385488285946662
AEGLGY2SSXUNZ3HCG7XPISN7F2GQ,B00T3G1164,4.847834664119467
AGBQ3TX4QYWQQOW2DBADLGOJHQGA,B0BCK6L7S5,4.517035426188251
AESZ4KE372S7N2KIGYZXTBV37RAQ,B0BBNCY2VC,4.253812938580971
AH73DRVHIQJSPYS6XZVVIB7RXURA,B0C67HCGBR,4.42160520275901
AEYEK5LKDSFIWV36C3Z2LT4CB5EA,B016QUXTZU,4.46428335345407
AGR5I4KTN3NSHVPV7IA6GOVM3FTQ,B00USQY0CK,4.520683899426026
AELSB7HQSUYTNHOCXTINKVOCYBNA,B0C9NGP88D,3.9788898357423736
AFHACMOT6DXHVGKAHKLC2XVHCHSQ,B00N4ZHQ14,4.7585285401910795
AG5RILLGMYUOSW6RO4QQ32N5FZRA,B09857JRP2,4.686887684212954
AE5OTSYIJLVZKOBCNLFJXTU7P3OA,B08DZZ89Z9,4.880339274539926
AESVJIPLFNLZ2CWOSKNWBP4KE6XA,B00SW15C9S,4.778719030318775
AEICL4I62FLVLMNJMFSAZE2VI5CA,B016QUXTZU,4.299169196343589
AFWGYK2GNHYMT4SBAGLT4G25PKAA,B005DUR7U8,4.293098359003605
AFMAFDEOM3RER4W55EZCYXV7I74Q,B09RN7GR8F,3.9078376910202284
AEIC64XPFPXOWL624SR4XBRW3MUA,B09YDBKT7M,4.842191484814375
AGVINP36J5E4IH6QFNGGNYI6T2YQ,B07FYPBL6K,4.797609897616366
AF2VQ2P7UISQFZUVQOONNNV2Y4SA,B08L3K1T2T,4.630463467213849
AFFYSCZKCCXDX2FFF3EBRFR3ZGVQ,B0BKR2ZM9X,4.844924884934084
AF6NYDOZGEN2FNPVEYMEM6DEVIQA,B07N5J3GTB,4.900429976825848
AFGO4HSI76RTBBRNPJTRS55ATLZA,B0089EUZ4A,4.07499415074974
AFYMBYRQILQMD4YEWDEBUJHRXBAQ,B0179C3SQO,4.457172575470109
AHOMQZDT4EPMWI7IAZMMFXJG2CUA,B08T2N25MR,4.731607008766486
AEAXIDPWNA75VUGVVL4E6KYX4R7A,B00AV557UC,4.349108216746389
AEXLRZ34GTMM35NQRDZ4CDKKXLIA,B0BSGM6CQ9,4.753775019085594
AGKNEMZUFP4BVRFN3FXUAB7FZMFA,B00KZQ1VXY,4.825570489204831
AH2L274GMVOWVAC5MF5IXUF3UHOQ,B074JNWHZ4,4.675111840580598
AGTLI7233IWUHM6Y5UBUUQKF7E4A,B005SUSXGA,4.563515490467373
AHV23IZTZL3UH74JOPICIUQYCXOA,B07WW5PKCP,4.896236003169846
AG6KMZ4N7N643SS7YNDQS4DFGQRA,B097JDV3FW,4.818504818978326
AH5S4XKENHVECUH4CNLWHQYIP2NA,B00AV557UC,4.4209663617869746
AGEWXW526KOH5743XNOIKVCMVJQA,B0C9NGP88D,4.785384245558668
AHHDLIT4BPZAFDKKTCXETFZDV4FQ,B0BYNM15YB,4.290573780711228
AHVEVF3K7UWTPZJQ6J45MOWBRRPQ,B081PQR33C,3.938974870358056
AEZTKJGIOQA2ALYBJ3I4QEEAETUQ,B082285YXD,4.0797633584033
AFVEGE6MCTDWLG2CAR7O4AHL26MQ,B004VDD4SW,4.6889080948805315
AH3XHJCHHLVURHVDWHRIXWPQTPWA,B01C5TC6O6,4.107083646620641
AFGQH4JD5QBDF27M4MG6OJ7IXWBQ,B0BCK6L7S5,4.621853362523627
AFH6AUO7HH5PMJBRBQGQQKDV5HLQ,B09SVL9PW6,4.853686955200246
AEUZ6EWZPJ7MHL2G4S7VCSDXRMWQ,B0B2QG44CZ,4.842519211220386
AEK52OVGR4LXYABHNINSHSBS23ZA,B08SJY4T7K,4.404586266593732
AG6CZXXQXXL3L7TE7XVHTW3DYKYA,B0BLBTT86L,4.543848272521087
AGC4PLLCQH7KL42INYQDANWLJDCQ,B00WJ3HL5I,4.687120032917864
AFUOGVGBKB2PYSHBVSN5S3ZX3ORQ,B0925WNSYJ,4.603631908674702
AGF2BWWRJBXNSO6N3YHTFFCWCL7A,B015ZDDF0S,4.323240165931289
AH3HUVC6ODJXIG2MACTMS7RHEFPA,B0BP78F7CC,4.662409533913423
AEL6LHHM5XOECBA3MAPB32W4DLOQ,B00RVE9X06,4.805735268641353
AEXAF72EML4UPYS4KTSBUDKBMTBA,B07RS1QKGK,4.387900580938517
AGLS3LXZRF3S6AHDXUNPUKPFSFSQ,B000WIPGG8,4.791110719594409
AHHVKDA6ZVQGESNMFJDHKOJIG6WQ,B06Y5GKJQK,4.755490731754486
AFFPQSDGBJC5Q2POUYOP24WKMV7Q,B0C6K471PB,4.701177535464765
AGCDMYMIU4NTLTJJ5AQZVELD4ZLQ,B0753PSL2D,4.7513442239863
AH6KUZJXTBQY2WWVRBJ5UOTV2ODQ,B07NDHXQQV,4.35720472161699
AHRQCTRBR4IR6R4IAC55SCW5QH7Q,B08JMQR2JK,4.072248740189353
AGOFEC5HKNFNOGAMR6ZDACVQOFMA,B00NL2XSD0,4.7816393441001015
AEMZLP5VHZNKE2T3TW3MPEK3OJIQ,B0B2Z13RCR,4.685278704677629
AGCKPDUZTEZAGOLCCG3DQV4J5XXQ,B076H8RBPC,4.632319272296605
AEP4KJDGBH6XPJKFEHPYSAPUNDBQ,B07WBZ1SFR,4.6345021725359
AE2XOYSW22GQYCFJCHLWZRUQ767Q,B07MG8PHF2,4.645886992846293
AGZDAHTALWUZYOSTCBFEDNACMDGQ,B00HJOTNBC,4.756067487150361
AHR5GDAC7LREPV2SYJGAGCBNH5AA,B0BPLFP5P6,4.357699402186318
AHCAUSSLWUYO35DHO3ACJA6UD7ZQ,B0149IWDS0,4.708454252289838
AHSCA5GKZMVKAYKINVSXB6E3XMTQ,B06XPJHYDH,4.491805847289397
AFE5LE7HE7RJBMXHZN3XF6HSJPBA,B00N5THBGO,4.165203271609734
AH3QWAFMDYN7SGP3QF4YIM4YS26A,B00G33N29O,4.155614363835408
AEJ7GWF2F47PHU7L26RHYYO42NZA,B0B12H4PD9,4.5627682388616915
AHWGL6LQA7CVBMZRTXK3V6UYL2BQ,B015X3CXXA,4.535156628668975
AFB5UR5STNM4EQGCWPEPKUPKTYJA,B07FYYS5ZP,4.881145833060961
AHTIZIO3VNXKLENDE3TMIUUSINHQ,B09RN7GR8F,4.231863563169227
AFO4VO3EMAEWPOST4DIAMAEB7ICQ,B0032UYJ98,4.763220980954898
AHYRMUBJNAYHJRHJALTXJL4FBHSA,B005FIFM14,4.881570403686927
AFYRQ23ENSDEFSFPOX4ZQH6ZH2GQ,B0BL2ZJ4B8,4.563466412847028
AHMNR47GKOYYXWB4IMSRZLZSBY5A,B00646MZHK,4.203256199534269
AF7ZZZMFPAUVTL62FVUJ5GACOK7A,B0BCL4K9GF,4.6302674117170515
AEGK5HULJVZSSTILECMF76DA7HFQ,B07YD57169,4.654463201262233
AHRPATCCBUSBFNJ3U5JEIYTXYCAA,B08PMZQXN3,4.855921609805627
AGBG3KK74IKWJNQVMQAGVBWJ7FAQ,B09895PBVZ,4.631705888646106
AHXUKKTRTEEQAWREA6Q7MA6ZKOCA,B00U43T1KI,4.852080205031621
AG56DTGKN5OVA5CYYYFGBFVGXHDQ,B010GPFRUQ,4.310988135005442
AEXDQ3ET3KGPPTZNC5U72WED6HEA,B08XMGSLMJ,4.509794682800748
AH4T2SPL4QMPJOTF667RYLK7WAEA,B0C3PX32HD,4.679215420563352
AFBYEI2ABDAV55KZXU76MHGLUYDQ,B0B8M2Q1DS,3.8992452227228402
AELEI3CA5BYLVHSCI2TIYVRIKD2Q,B09Q39C7W2,4.508125071087445
AEU6JFGIA7ZYZYICE4XWSGURZUYQ,B0071NO7I0,4.493740617040344
AF63VW7YLF42A6STVGBLACD7RUWA,B07YKTQWSL,3.866288184939591
AEQT2EJM64SZEGP7E36GKCAYZQOA,B0BT9R8MMV,4.897414820203299
AENYBPVASWQRXKHOIAV43ZXKVEUQ,B009DAHPLU,3.720640482186087
AE7P3HIBI3UDLCJLUPUZQWYVPEWA,B07DMZWYXV,3.9011758103642573
AEIQSLRLI7R7FHPNFDEQRDZ23RFQ,B08R5GM6YB,3.9637897581889345
AGNJFKRUT2SCSJMIS67A4HZ3L23A,B0B4G3QM3L,4.657099876843602
AEIPGKRHCENK75ZJOGGIRTO6CTZQ,B08N4FK85X,4.555300706249659
AHDZKPPKUT7HD47LXCBN7RQNN6KQ,B089LQVQ32,4.267024635393028
AGCVD55ETDBSHYS2CCQE42P4J3NA,B0B92LPGD2,4.510850876946813
AHGAJ6EAHD3CEFVFKMC2OO2IVHTQ,B005F5TP6U,4.298997936840175
AGIBAXUNJ4PSY34SL5OCL5GQLUDQ,B000P1RB9C,4.865012518896537
AGK5J33TK5YZJZNMTXRINKBZ6MTQ,B01AA6B5WU,4.643300259752518
AFBAOL7MOE7AIOADKAXH5QTSBM5Q,B09MJWYTQW,4.259371538021326
AEROATPHZS4Z42BB3BERTYS24GAA,B07H5HM6F6,4.142585822320598
AETEDS6HQJWX2EQYEQFUIAHTTJXQ,B0002D01KO,3.97955264079702
AHO6JZJO74RBYK6KAPCPQ5WW3VEQ,B07KDSZ2TJ,4.848930026154963
AE57MRF2R2ALCC6H5WQLFKT7KSSA,B08R5GM6YB,4.538164182549205
AGNZ55VEXGISWO3OH7F4CTP6HNRA,B0BR2PXCBW,3.9301698973143266
AHPJUTQ3YBWZYP3HHH5EN6ZKHQQA,B015OP6OOG,4.906589243988268
AG2AUKULKSMNFTIVVK5773MTGOIA,B004FEBS8K,4.385309632695884
AF3ZWOXSL3LOV2IX3A7JK2ERNXOA,B09TQ5K47S,4.884339705249454
AFCLNMP25HCXSDNKE3JSISGIRA6Q,B0C5S47TT9,4.3820393182697135
AHTRBTORBRFFIMLSERT4ZQMJTADQ,B0B8Z76J32,4.609996261078582
AHCTXCBORWAVSGY3WDDKO7SU2TAQ,B073CZTQFM,4.401291445407827
AFWVAGRFA2IMCAAW44JLS35DSBYQ,B09G5XH5YD,4.161015803082831
AFVYKHHOJPUWETNZJ77GFIBM7GEA,B0B6P55RBN,4.589924135333631
AFEH52MVAUDMFICQ4OHPHLIRAUGA,B08VHZ4FFW,3.8546158361811758
AGCSIPN6UMKXCMLEVLC2PSK3Q4EA,B0BXCW6SP3,4.417254436638317
AFU5HZB6IXKS4FFAJEY7LBQROVGQ,B00X7DD6GW,3.7382281246970663
AENDXV3UMAX33LIPUBWD45OQEIAA,B01HCGWS2W,4.691864210928884
AEUPTKRM33A7FDZJJRLKPHQNWKNQ,B09J4M3KQG,4.7566661491290425
AFDWXKZS3YVT7GOXREHCEZLPEQ5Q,B0002FO9RI,3.811314618555746
AES4RSOTLVGA7PFLP3HUHFS57VKQ,B00CPLODUU,3.9037686360460935
AGA3I7V3SYQ223OIO3CY7UCSKXAQ,B08MF7Q9RW,4.4271127341132885
AFX6RYPCNFUEPT62B42ZPZXIDJAQ,B0BKR9BCVK,4.6648794425403945
AGZZXSMMS4WRHHJRBUJZI4FZDHKQ,B0BHYWJVFW,4.297308611265572
AF2GCTNO7F4SVEBDXYZ64IVLLRHQ,B07B9W2XFS,4.413023005612072
AGNZ55VEXGISWO3OH7F4CTP6HNRA,B078PG7NBY,4.307797742415204
AET2MY4AL52Q4DTADBW44OBWGYIQ,B015WSCNHW,3.9050218229118983
AEMDDN7LCA2LR4KBPMCICXTG24TQ,B00I6JGPHY,4.324822393873205
AG3S4FROO422V5KP7DJCBXVUQLJQ,B07CQQXQ4T,4.923958623981581
AG23AW56WZ7KPYYAS4A3YUDTYWCQ,B08JMQR2JK,4.513995282697465
AH4EBXBCNHNVQ5MKFUO62MZEVPKA,B07Q9JB3CF,4.758521013019484
AF7OD3F2V4E64XZJBQLMVEOKTKXQ,B00B5LDMH6,3.9325477870896135
AGD5RHGRJRKT7OXASOUYBBU7KDRA,B09V91H5XM,4.714954575048347
AEV27VCRIQRDWAJ57U5EZMYAFYOA,B0BCXRJCL2,4.837868241452473
AH7I57UVCR75DY4O5MDVVGWT2CJQ,B09857JRP2,4.86167592924647
AHALYOX63S6CACZTHN7R24RVEX2A,B009AS1FLG,4.474138034968755
AHRRF2ITLZ42FQ7RKVPW2KN2363A,B01LXWI3T0,4.299238159172472
AHIDM2DCMJZVSROBSFCWWKZBDHHQ,B07Q5G54XF,4.60542181931947
AGD2M4ILXY46NJDCD4ADCYQFZGZA,B08DHMJYLD,4.583450882110666
AFNI6GZFGS4A72K6LX6Q4VI4WWZQ,B0BHSG5C3G,4.585870625107878
AF74F2YZDVP4HFDWZXXRVEQVSSUA,B08DVPJSX9,4.714662892591359
AGBG64QTSJJR6IDUZEV6CLVSMUDQ,B005DM7G84,4.3121524201677435
AH5L4JOS5H4ZPJ4K43VTWJYBUPOQ,B00M5DWB5W,4.444047341974186
AGBG3KK74IKWJNQVMQAGVBWJ7FAQ,B07Y9WZ9XY,4.824530279295532
AG44UYFDZHI6FRBQSLDWOGIEOY4A,B08LVW75N5,4.763502936581125
AHMMRMBNKFL47QWGXRS2227X4K5Q,B005H2007E,4.47909472213597
AE2NWSTL7JJJWOCBKZCZF6KDQIZQ,B015WUVA5G,4.481311682796959
AHOUKQ3IRAEAMEHDB6U4AMB366NQ,B0BSGM6CQ9,4.149110568900315
AHXX4HAGLIPKZ7TM7GSLS2JBZKNQ,B01I1NKJAS,3.8740910772544583
AG5ZVXXHEXDYUUODSEQC4XXV7DPA,B07JKRBNWY,4.807737963352243
AFGDRNIMPVGMEICSWUU2AMBMPDOA,B0B38VK2BX,4.775438934399565
AH4PST3O2RSB2MKEQSQDVGGQ7LKA,B003OYLGWA,4.615259738810716
AEYM4JF7CX4PXVZX6HBA5ELI544A,B00WJ3HL5I,4.754737301232122
AHDZKPPKUT7HD47LXCBN7RQNN6KQ,B0BGCMQWPF,4.542562939269192
AECKX5ZDW6FW4MBP3QKTPWTWUROQ,B018FCZKR2,4.846804486495807
AE6B3FP6UAR66D3J2MIWDAKONHWQ,B08NZ14V6P,4.654347934216336
AEWRX6BE2CASVQF4ZOWKS77NKBAA,B009WS7TSW,4.780756265871152
AG65H3KESUARZW3IYMRXVITV42TA,B084P99JLP,4.586640088828561
AG3ACUVHP2XSQUEGZRIIZC4X7YDQ,B00CTKI5QA,4.0456535776954405
AGOWSJ4ZAWXI37BO7ZQ4ACUFXWEA,B07L6ZR9V9,4.667660359618544
AG4II62W4SSRUUOT2GWQQKUDEGRQ,B0928H9QXC,4.607267396367243
AFQQRHNOS2AJSMORGOJQTDOWF6EA,B081W3MH7Q,4.532743406119202
AEM2JD5JQSDXA5YBZLKVTGXDQ2NA,B003YJQX1O,4.580906527563215
AHRN4W52E3M4TZQMWTYLFZGXNMHQ,B00N5THBGO,4.817198058793689
AGYGRX7UYSPDON7UURJJTTMARK4A,B087X1CF8G,4.798605809788445
AHT5LYU53R5RY6DIEZYSG27SJ3PQ,B06XTW2R98,4.625499950125949
AGNCVLVE7QHYAMIPJSV7F3WMAEJQ,B07KXHBBGS,4.171214809611682
AH37ZV6A5UJW6A4PA62VDYOQSMKA,B09SD4CD5Y,3.8227215184200154
AHLR33LQJ67RQLCHCEQJJGJDXNSA,B076PBCM2H,4.416168834922892
AHBFM7TTBHFPQHPWVXTANBO5BDPQ,B015WD6FIK,3.806650782721333
AE7IRGN5QWIIIPASDW4WG5LD7HNA,B09T4RH56Q,4.7922531780766295
AFRQJYTU5RDVVWXINMHTNE26C2YA,B08BSFDY99,4.891971331902495
AE4EZF2M5WVUHXZD7OIMAZTWETXA,B09PRKZ6FN,4.662600057384967
AHKFFS6MZ6BOEWNBXPCHEYGNHWCA,B01GO7PHSC,4.449124649583027
AFEYB24M4HNZQQHWPJYMJ22PLNYA,B0BXX1RRNT,4.919463669694538
AHDFPBWC4J7AK2CL7FBNQPA3QP3Q,B074JNWHZ4,4.713145239295532
AFWS4PIMKK4IFMMFQ3X2X72MLFGA,B0BJ3BBTXH,4.788671425892851
AHY3ZZMHIMZXA3SRUN2UGS44R5PQ,B0BHY52P8D,4.579869262309533
AE4RQ6OMDFEXLU5Q37ZQFW524J5Q,B00Z9TIXOC,4.597986252269367
AFEMDCWJO2OM6RADJRL37G46VSPA,B004XNK7AI,4.269424601921839
AH277J7WPXVU4WKVOCNPLPB5OEQA,B0B8P1YW7L,4.5059516846849
AGDCEPSZFC64MVUXPBIQ6MPBUZSQ,B07KJ3Z9RJ,4.212341633544423
AGZUKNR3MEGGPFUALRKBVCUTOFLQ,B0041T4DK4,4.615364116166388
AFA45AUS3WMXAUTS7IDGWESA5HFQ,B074JNWHZ4,4.7344746858044235
AGNQNKAAMVG6PQQISO7MKJGFRJYA,B07JGCQYN8,3.858551638156658
AHDFQBP2ZC7W37647DUANZ3HJTIA,B00HV7U4CY,4.7633403746007
AHFCJTMNLVV6EDUL2IQBR6PBRDTQ,B07P5GGK5X,4.523740018079592
AF7UCCPZPJPW76PNE2ICQPJUQEYQ,B00E9SWQ3S,4.361416739495176
AFBLIAES35IGAZQJZLCLOWAS3SXQ,B015DKZXXA,4.593157692531585
AFKFJDNRMX5RUG6DLAY7362NOA7Q,B07MZYNZ1C,4.802559566382706
AH5MP4D5AWPQCPLYSFOQHSIJYVSQ,B000BSMKPY,4.285697186672126
AHRLCH6R2Y7JNEPVPCJRT6FHCC3Q,B074MBD643,4.435338221978331
AHSNUB4FPRGR5TNLK5BO3BHFNFFA,B074N8W3GL,4.8160417401331355
AHP2UGRBLKHCHX43ZDAOMH74675A,B00TH3YPDE,4.893008056905412
AEQWCT2DSCQIT4E4I4KNG3EITYSQ,B09VVS2RYK,3.816252505574284
AEBDVELV5QUZNVMFRSX2OILTNGDQ,B09RBFKS1X,4.878157272146586
AERWGD4OLR7FS3VPO6QHVZCDQLSQ,B0052S3YC6,4.667442976956423
AECFGXLEX3SU6D4T6C55X2NWMJVQ,B00I3TP9JM,3.773134367551293
AHWYWGQZZ24MQP5VNBOCPFWUNMCQ,B01G26SEJO,4.387611803805932
AE3JTMU2ZWD7SQVK3EIMCPMMBXFA,B07KGF3MHC,4.4579055007015524
AGTUM3TLHZIYIW6A7JLL6BZODZDA,B0B3VDVLQJ,4.736085928796385
AGM2HNRQUHZFOLAP2WTIUH6R5TIA,B0B9LLF1CN,4.62121754518465
AHK6CM5EYRKB2LKUMO2HO2KWAWNA,B0742RB7JK,4.767153292028324
AHHDLIT4BPZAFDKKTCXETFZDV4FQ,B0938MMWSV,4.6607241744450105
AEB3FFGFI5H37NBEIROPDUR2HDPA,B015X3CXXA,4.043680017677679
AESDNHQRRZEWTZF7A7TFFFTSNY5Q,B01M0HV7SC,4.6221062438258285
AHVKGDD2OV6WLV2KGSSVEGRHZLCA,B0010KGD4Q,4.315359483172491
AEPNBKCSTUAN265ABWRJEUQK6Y3A,B08T9CCXZB,4.551181683180478
AF7S6K2LJFYM5UXGVQ5VVFCGA65A,B0BBP71K6M,4.769678184575709
AFA3Y2SOHSJ2MBGZR2VNVB2LGISQ,B071KZ892W,4.887274800544865
AH2QGOLSFLD75CXS5IGPYRCBYY2A,B07BVFTLFW,4.740657548777242
AF6MSSCLAPGEDSJSEHUJWFR7K4GQ,B0722QJS3J,4.696671037830009
AEN4JVIBT24RAPMWEHX7UGOX5CMA,B01DPCONFM,4.405760881249803
AEZKWI7QRZ2BOO4J5ZIRNY5YIL2Q,B0BYKZPD3W,4.773331898350729
AH44K3RPIQMVWG2G4EB5FPVIVUEQ,B0BHSG5C3G,4.373641331042195
AGQW2ZO6LOYZMRZ7JKDM6LIGM44A,B07N1RPV4J,3.95488983737326
AFYLSXOKKOKTZYKFAK33GAXNLIMQ,B0BVHFTP4P,4.5160956702578225
AH2CQZM76NVZCBGL4QZDTQ32XMUA,B006BST39E,3.7159902310462343
AFTYUC2644SXODMOUAOCS3EUXLNQ,B018FCZKR2,4.729861681862837
AHMMA4WU554YWFMEYDYU4S3KMQHQ,B07D9V7RCL,4.582149551082292
AEBDVELV5QUZNVMFRSX2OILTNGDQ,B07D4SR8GZ,4.844686304439886
AE5URYH3HQE4N5WYARBDJSMMWCOQ,B01AJGC27I,4.746019458779589
AHIO4BIYAYENSKTI3Z52DU6H5BIQ,B00T8I9QXW,4.282934212260939
AGMHEZ7SN2RNVJCMIHIRRSKLQ2AA,B0161WG9ZA,4.020335922548805
AGZO33RFLPWJFDIHJ2IHRJ2CA26Q,B0B5SJVY85,4.766325958417254
AE23ZFVUOMPKR57BVSWXV34QLMVA,B07N2WWT61,4.808767572968905
AH5XMLDWX6USQHW7XC56ZRKGTRBA,B0002GO8NM,4.683284031728837
AHLFNMCO2C6QX2MXA67OMESJWMJA,B016QUXTZU,3.9512356026229174
AGN7PZXO4DA4KUC3RLI4SUSYXELQ,B091MZPYBQ,3.9122005901934696
AEZIIYLOX32LD5NZCQHC6RM5FJPQ,B01C5TBVH4,4.721343423370769
AGLBP6NQ3TRDCBEW5MT333YSQA5A,B0B9XPLGMD,4.807354837063956
AHZPSAULSXTEOMRSCTIC6WLMOMBA,B0BDMR3TD7,3.850984037936689
AEYPKSPNG53NP7OUQRAQZRLHHB7A,B00CPLODUU,4.06616416084412
AGZOGWXQN72ULW5XRX4JGUA3CH5A,B01DE4DPSC,4.517739569630805
AHAZ2XJXODADLAHTIV3S4TY3BNJA,B0CF797FLB,4.19965623208517
AFKMX6JZ655VPVYHBTATZQS4IBOQ,B07ZW1GBVT,4.606615364154501
AHA7ZZSLTORYTZH7P7G47EL5D3KQ,B07MV2ZQ9F,4.642153856902746
AENMAJH6XMM2ZEMELRB6HSG4CDFA,B0010SR8G0,4.400776724241039
AHI4HEBT7APLICJPKX2WXSSTEPZA,B07VRY5ZPD,4.600778982289261
AEFS674M75WS32DB3CNTBNCVCBQA,B00DZJ5ZTE,4.137831345523026
AFHRS46OEQQJYQXRARFMOO3TVN4Q,B00J1T5BLY,4.024823266922068
AG6F7SPJH33LKPGZWM2CXHOSTVMA,B07Q28P6JM,3.6951937992078685
AFCNYEP35Q74SXUUFZG6VLH2LZZQ,B00646MZHK,4.793602782234231
AFF5LX3AMWROBQ5OONG4W7HF2QOQ,B0002GZSNQ,4.513856789164768
AH7ACAJJVDR5MZZZNMBAGQNEXEHQ,B072PQT2DM,4.214962938207129
AGY7CYYTVW3BXZMZKVJ43LUEN4BA,B078W6PTK6,4.6763203478998205
AFMUJ2QQGFHDQYXZKGAKJ2Z3GKGA,B0925F8LPD,4.694490824877123
AF2V6KV3PPKRJQUNQ2STLVN4ULCQ,B00CK2FOZM,4.852146952415792
AHHT2ZWTTM26NTB6Y65DNPXIKT2A,B0C67HCGBR,4.870274551920831
AEUAXVAUWJFDX44V2Q3OZFFYDZWQ,B00SXZBLXE,4.202468792038291
AEBK56BDUH23KP5TALYH2UBMT4TQ,B00CMUE76O,4.463135058644109
AH2SOOHUAEQ736UFTV4YRUWXYOZQ,B0B2CWTP43,4.760575268789918
AFDSDZ4A6HKSIFVTISXLNY4KBTPQ,B095FVTV98,4.665861114463267
AH7PIDQFLYQEO5CNCL2E26IHP2VQ,B01EY7O0A0,4.773832327643542
AE43XP4GKKW35I4NEHOIFE4KEEMA,B078JGMF6M,4.457954705035148
AG3S7LEUWNKV4765DN3RQY3CFYLA,B003VYBNLW,4.347612118790416
AGACWRMANGN7YVCQ7BHFP7H24F3Q,B07G4Y7QYP,4.797209466304499
AHJET2TASMZN4J7B7PCY36RBJRWQ,B0087UPSLQ,3.892222357452539
AESPIYN2KPFNMATAZNRXTGG2RTUQ,B06XG4BJFW,4.357219112376968
AHKZVNRRZWYZHQ3TZJVQG6QS66VA,B003AQ1X7A,4.350689846924883
AFJUEJD4K6TCPOMWLOYABXHG6JLA,B001JJFR8Q,3.444797301049615
AFMVV6BV2S3M55OLSGMNMIHWKBXA,B008MUPALY,4.143716747933138
AEJX3VGSJVI4IBSY2JVYJYEXJ2PQ,B07L6RCDP7,4.810031805479987
AHM4URAETRB7ZICHMC4ZSA2WYRBQ,B007723JF2,4.203367250652962
AG7QOJYFHZHLK2FH3QDDFMUXDYUA,B09857JRP2,4.832838004631887
AEP6HZO2OUHEYGMDLZ5OXZ3EIGKA,B000M74WXM,4.59014879777429
AEK3AZJGYPN25QIZM6WXRFG3HO7A,B07PSWC1XY,4.434692933050763
AF5XJLMWDP7FHGFOYMNJJIHQCPRA,B01MDU5U60,4.283712432089549
AGUFOFR5JJLYZDECXZPSOV7TMZPA,B08H5845YF,4.817388580931499
AE6OJSLUGINECA3R5K5ZXCGDXZ6A,B00O5EL4MA,4.654772953417927
AFDSDZ4A6HKSIFVTISXLNY4KBTPQ,B0BKNYGC3V,4.27607673382507
AHYUYW4OYMCDYOY3KK2OTIW2GDIQ,B00N4ZHQ14,4.317344775432289
AFGGL36KJJXEQTMHPERGAJ3ETG7A,B01J5A06OU,4.609555553172461
AH6PJZAAL265XW6QBMTLZLNYVI3A,B00BYI3UMC,4.351264235762743
AG7UBV3IXQAV2BSKDSKJYZ3Q36AQ,B01LYV68RY,4.734164952555833
AF3NJDOTMG7BRKDLV6UM7GHFC7XQ,B000G0ATGE,4.396085530993265
AFMNSKAAAPVFNPNY55G7QRBZS57A,B00646MZHK,4.552160287211416
AFQSGCTOHFIJRR3TFZ2YGU764W3A,B09QBYTMYN,4.491830456175502
AEE3F2XA7I3WFVWAV2VZI2YLLELA,B0BPKH4HB2,4.810131908207596
AFTPQXSU4KURGKWJGAKYLNJONTKQ,B07P2CZDTZ,4.74791886030266
AGVTKJAYTPW447JEYNPPTT5TDDGQ,B072575CX4,4.582118570632147
AEKE5PFGZXJF7WY3UCLPX76KDHLA,B07L91TJTT,4.648711498566401
AFAUI5YDY5SFUUER3ICUDP7DNABA,B09TPW5HSK,4.370882970653387
AF4EKDP5NU2UH5TGQOEGW2ULSMYQ,B071KGBWK5,4.467237569220311
AHZHTMIJ2DVI5YINPJYJXUK3N6BA,B07BH4GFV6,4.731929247379843
AHQKCRAIW6KOCBXNQQ2HCMDHPPCQ,B00WJ3HL5I,4.059837027326889
AFBXPXZXOBJZI7N33THA2W5JGJEA,B07MJVGJSV,3.4342555405506614
AGWNNXFVI2WRVFTPXZMFUYPMRRBA,B08R5GM6YB,3.9841566236848456
AHTH3BYSBOY7EBENMTAWYWWQXPNA,B000SZVZ74,4.525737208465247
AHGYK6Y2LA4GIKZURFNWD2XXEJWQ,B008BPI2OW,4.3948075902624435
AEZG4SHN6EDH7X2I4NPMCSN7MN7Q,B09RJZSQML,4.782474454545763
AFGG7OFYIXEGXLJFMHCJ4CP7RDPA,B0C698B5WR,4.59958664410096
AH4EBXBCNHNVQ5MKFUO62MZEVPKA,B00IPH8MD2,4.72974025933466
AGQOZER7UNMZIJE2SYIL3WGLBZRQ,B0BSR996X8,4.602539161753324
AHAEDB7FPXJBM523PXFWBS6SWPRA,B07BSZNKTM,4.002224088557976
AHRXOMUDZ2OFIZEUPWWIFX74EG4A,B09857JRP2,4.491989615244791
AFPSGOUZDBRH5FUTUU5526JVYMPA,B09PWCF6T9,4.59648549156669
AEEQ7UESBPQYBPBJ6JKP5CFWPBTA,B07L5B64RG,3.65207912786725
AEMPWVEFRXQAC4RVAEEFHMFYA3LQ,B07QL29XXZ,4.8599245994091325
AFK4HVPTJ46LKD7CA7HSNPJQNNGA,B09SHCMRW2,4.621797529443806
AFQFEJJS3JP7MIHAPIDLWQHKBWEQ,B099SK5QZ4,4.565941846166107
AEJG7X2JPSSZWWLTEOW2YNDQW53Q,B079TLFL33,4.8336776947977595
AHWQIKVDRYNQLJODTCSKUL3WZKHA,B07L5B64RG,3.9344035672507
AFFKWNAIQAYIWWRAMBH45SCGAJEA,B07BK9VCT4,4.699479341747618
AF4SXAHUFXPXFBBM333BSHEX52OA,B00H4PEMM6,4.750727392576172
AGKHDZNI4XVSWKG7HAW3XMGICRDQ,B00GK73HI4,4.660246052253464
AFKMQ4PILRHGC4N6CABVZXMTVH5Q,B00RVE9X06,4.839494248704155
AGUG5C2WFEGSACVXYG6AU556RERQ,B075PY9KF2,4.208504826430547
AFK2WLVMSL2MW3H3HJT5WMTXRTBA,B01DK1RHK6,4.246220200770462
AGD53WYWQZKCVIIJEGVFN2XLXYRA,B09VT45772,4.797198782328943
AHIMLKZOHAUPH3YUPGP7SWAANJBA,B017JK7O7K,4.285095087161139
AFGIGAOI6AF77YD2KG3VLOZQS5LA,B0002E5266,3.9929311661504947
AG43KQOKOO573AON6M3W5TYWWE6Q,B00AJHE5E6,4.152278041393854
AHSRMNZAUSJKKHQM2Y5SFLXPXYEQ,B0099DNZMY,4.235508781795577
AFUWIHK23WPEEPBRRSPULFMYMP7Q,B0BHSG5C3G,4.525960227260956
AFURZWZGZUGPGCRFXTNHOMU4YODA,B0BT9R8MMV,3.66982153250449
AGTJMPFA4UFAU5ESGIUL7UH5OENA,B08KHZXLDJ,4.671952570440528
AHMV4A3ECLZ35GBHW22RN7AKYPMA,B00JL5I61A,4.3739563809426265
AGYO5KEPETGKJRCVLTNP5R7TMRVA,B09PWCF6T9,4.603444323007009
AE4TOI5QIX3CJNFPXKIUMNY5WQ4A,B0B3VF84DL,4.304949693097635
AGC2D4ERWZFFC6TBEN7WVEVAYPCQ,B003GEJ5SK,4.236742286409311
AGMWVGV6R44F4CB5QU7GUKDGVJGA,B01MRJUB7Z,4.6172381003347915
AGE4MJI4ACCVR2HUDBPA27GVIZFA,B0BZ166MLS,4.756153340955071
AFHBA3XXVMYAHM3TVI5I6LIFVUHA,B002NG7DEK,4.0458867822432705
AFWCHDUAQGDBY64GWKKF2HSF6DLA,B01E4MELN6,4.511310471881254
AEIC64XPFPXOWL624SR4XBRW3MUA,B0BKZ3GCGR,4.847473711766713
AEA6EC4Q4NZVCH6EXKJPAFDPS56Q,B075SVWJ6K,4.302798240524108
AGZMJJPHOH3O5R5AG2WNODLXW5GA,B0B89ZSYS7,4.4165793212164335
AFF6DVV7X33O2CGVMEZHESC4XWLA,B00A2H01IW,4.817078326748195
AEOJHU6GSSVCEZAM6FEODEONVFOQ,B093F6V4YD,4.851916496328666
AFC265XYEH7HU2X2IROZFOJNHJSQ,B07W17441F,4.577213519257391
AFRYJ75AYEES6IRLVELYFADHCN5A,B00F20MIC6,4.248891386322368
AH3XHJCHHLVURHVDWHRIXWPQTPWA,B076H8RBPC,4.127116946795072
AG7BKYVUQPRDJYOEEJFA7CABODPA,B000J5UEGQ,4.342612510969609
AHZAHAU5BSZV62Z2TNQZDJC7SMQA,B0BCFR3ZNL,4.062644776586057
AFGXMICVBMHATS3XS5QMMW7WZ4VQ,B0035LCFRW,4.561102478806498
AEGGHCKB32ZBMXYLDF2BZVWUIOTQ,B01M4ICDNE,4.187457777713633
AGBR6PZW32IC3DKHJRFUOOOFLINA,B00IPHIPS4,3.8629053845048014
AFWDQHCMEOZMGWK3S47XD33T37YA,B07SPHH7TD,4.832068739886102
AEAF2JYA5RYKZDPKCXOJB46DDZGA,B074WXM13T,4.427424445622077
AEI6W3CJO4FEQT2UWAYWJBAGNJHQ,B00RX5HQS4,4.781346003084651
AEJH4HUMFAN62AII4PTCGRGGAE7Q,B08ZNY3SZ3,3.7730486609983105
AGQE7GBNTL2D5CRGSEWA3IMXYXQA,B0BKZ5F8BS,4.852220840694248
AF3F36AQYFSFIAIH2XMIUH5WY4LA,B01MQSAU6P,4.405781162478043
AEJATLF6ZB6TWPLQFAVF6P7YXFKQ,B071RYWF1X,3.9453985355466377
AHLM3EPKW4KDTZWLD5IAMHOCWUKQ,B07QLYKVQR,4.68772839661647
AF77JPPQC3YQDVFLFE6I7UU3EVPQ,B07BFZ2KSJ,4.68122135510299
AHCDPMD24SBS4MR62JA3F7HC3AUA,B0B9XPLGMD,4.518880212851453
AFFC7LSYXECAEHCRLCLBMGFCVWDA,B07P72FCR5,3.389861099850333
AHTCFI5OJALGN4MNRADWEOXMYKNQ,B0BF4L13DT,4.441425028899989
AHYAJSJYNJNYY675NJFTNOQE3OQA,B09VT45772,4.864326210561246
AHOJB6TPWSUGREQVWUHBXUVRZKGA,B0C8MDSZP6,4.351450348709063
AEP6P3KJKABIZ2XBA3OQKRHEB3WQ,B01C5TBX68,4.903516023625078
AH46X4UHBAV2KZ3UV77D4VG66TPA,B002GYWBJ6,4.606150232010854
AG7AIZBTTJWJIPTRXHIFZB5MUMLQ,B07QDCBRKL,4.583624524589833
AFZDYVNE7K3L7FE4RMJUBLCYM3KQ,B087YNF8BY,3.8544421983232455
AF4W622Q3ZWEEVIKHPEJADCCQSTA,B09MSQBZFJ,4.36035280683684
AEPBC5VE2OKFDLG22CSXHKN5VCNA,B09TRX519R,4.840339314763532
AGNCRXC7PNYQJW335W7D4KFZMGHA,B0C6HXYY3R,4.618420068910854
AFM6P2DMLWLE4QM45XLNENPDCANQ,B005NACC6M,4.104761622658856
AHFZ4K77UQRUXMECV54VEEEVUUPQ,B00T3SR9ZO,4.697425670871683
AHBLH67EE2QDH34EJI642YUJ5J3Q,B08H5845YF,4.8174193047666085
AFUZSTHGF4TSNO4WHZTJRQXAITKA,B01E7FQ03O,3.8347891148535043
AG2PW23TNWB4BYACHY7DDDTHCDYQ,B009O7CE5O,4.447612536207997
AFHZDQPD2TDHI7HGWNYRBD3E4SRA,B071J84X1J,3.925276369634873
AHZT6MVWNF4GG6FISMZMORKZKK4A,B01H8E51CC,4.594509328215915
AGQ3O6VTMDBP4SUY5HR2STHEZIZA,B06XN6QWFC,4.6272872020596285
AESEGTNVGIM67XSHIBRIUDRKYQJA,B0BQ4FJWYZ,4.664181280747817
AENGAOA6V2UAM3NAGJAGLWJ7FZFQ,B07JNKY9T8,4.807922506925976
AEQSMBSD5HP3LSYXFGQW2N3Y3CEA,B00UZ7JADG,4.662063834410773
AFWFZBPFSKNEYFMY42YDXUZUJTDQ,B06XYXMN72,4.452374212525788
AGUT4BSZDABF2TKPWTP7QJTWARHA,B003HPQDYC,4.02823506185163
AFV3FCAYHRCOC2A52AGKK2RPPEYQ,B0B6HQR6H3,4.643511636083112
AGNPXZERD2EQJICAHX2VHBRTDNFQ,B07FSD3CP4,4.567316715550838
AGXFJ5MHUDCERSROHV6SIFEXGT6Q,B00DZJ5ZTE,4.302072101160686
AERO573NK4DRWCKS3JJ53TGSMB6A,B01ID7LB6S,4.268243809774393
AG6ATLCKETNYRKL6GCQV35CSSGPA,B093T1Y12B,4.336696154558295
AHZ73ZAIN522UIXPHNZLJNJ4TWWA,B073DH77YP,4.008559508857024
AHQCDCQ5VFDGM74DM7RQ737GTOYQ,B07KJ1YFPC,4.1078449970434665
AHHLPVE6EZSVKQGVAZDJXENDPGEA,B012VQ5A7S,4.684788806079997
AHLD3BAM5XXNSUGS3QICCDK6PR6Q,B07PSWC1XY,4.1304654411886945
AHUSCCJO4YMU4JD32SNDWMG5BZDQ,B06XB55D1M,4.657812468298797
AFEICWMWPP3K4POH3LJJXF7AVEYA,B08DZZ89Z9,4.800094990908505
AHBQKNRANQY2ZBBVENAS5IXL6CUQ,B00K1WIAV8,4.559309504456355
AHZDRM3HOZLSWFXSQ5P3BFBB5O7Q,B098PK65WX,4.5523748096806225
AFQRADPBJBT3FQPLY3DLXYDZYNFQ,B01NAZMWZK,4.844473978596413
AHUCON5LFRGMY6ZBBR5LBERZ3ZLQ,B08T9CCXZB,4.861499004391017
AGCB4LPCEEZX2MJNPGSRSOWWLQLA,B0064RTS0G,4.856030364503772
AED6HJUVBCHOCZSU7TVSUGSXH6KA,B00646MZHK,4.191918589565476
AGG4TIH76JJJ65G66W6UBTLKSE4Q,B00OYUSHJS,4.56858569362208
AHKPDHLJXOUJQDLDCREEHZ24OBZA,B000CZ0RLU,4.799808368132309
AFQFYEPQJ4K56CHFXATZBQ3IGLHA,B0BT9R8MMV,4.776887764282995
AEOGO4EUQ4SODCLNQAF2QE2246VA,B09G5QS1VD,4.080133092272177
AFH3AUYGMXY6NFLHCWZ4HUJIS54A,B07N5J3GTB,4.30839764060029
AFOH5MZFOA5QOYWAUC3GNJJ2RLYA,B00H5XQH20,4.699479341747618
AGH4UMD4PDQ2J3Q4PYX627TKEJZQ,B07VWSB34H,4.55573026489193
AE4QHKV4QJCQBDCEFVIFB2XQIKTQ,B0817CVBLV,4.6996975355341055
AEK5Z5IGCZC3BOIAHEZKJ5LALEHA,B00HZH4D04,4.2807920257360195
AEUZWYCNH3XRU3SL4RGNVQDWNBDA,B005SUSXGA,3.5277193950716383
AHXXM67KZP5QLRJXRK2X3VPJIVGQ,B076CF9234,3.9370947314072158
AFFYSCZKCCXDX2FFF3EBRFR3ZGVQ,B078S136R7,4.778840231617195
AHY5LOOHEJS2PBAU6TBGVE3A5KLA,B06ZXX8M6K,4.395626858925924
AECEYRS5X2CFMDC43NZWL3KGVVUA,B00F20MIC6,4.5182867093043715
AG22ARBXBZEHDEGORR5CV4YU2YAQ,B013VNHWAI,4.013550741520696
AETZFMN57JCHIPVEHXRQABYXJYWQ,B08DBDD6CM,4.917803158217801
AG23AW56WZ7KPYYAS4A3YUDTYWCQ,B01C5TBS90,4.581314080752456
AFUMAGJW5ZKDFR4TDENXUFOV33TQ,B07L5B64RG,4.445561263733375
AF3HPF5WQCTM6CMW6RDZR2CLU2BQ,B09HN5T4X2,3.8362285640706117
AE7HRPX4YO7IU4EJ25ZNC5DPUXDQ,B01NGWFQLI,4.448945130284077
AGVT5E2C6WNOCFYSLOCPAPBJOIKQ,B00771QSA6,2.8512903784087467
AGC4T6HKARBWXWIETWXQ3NCO5BDA,B0B1LK9SXB,4.45174484016839
AHV2RWTWUZDZB5VK62GU522U7N4A,B0C58M767M,4.018990694512558
AHXWA2LX62UCCRZLUYIVH5SQOIPA,B08BW72YHB,4.431496551467534
AEBBCGPAQQIP5TEFXM4UKLAL6ICQ,B0002CZVU0,3.763378277671489
AE2XOYXCYD7XZYEJKRRN73HQWZWQ,B07Z5KGCBX,4.700334922715561
AE4PX7WPFYOKQ7JY2XCDJIXQG6NQ,B0018TG8HQ,4.670271999250042
AFJA2TIE36MA34NTU4X2AYDASXBA,B084F2HHWW,4.853178989284511
AHGIYCYEO52KREJSMUG4HVRWXNYA,B0BT2QH7V5,4.683610250355283
AHIDTWUTSFPG2UWJMPLVB2WG2JQA,B00WB244XY,4.2322095274591645
AGTSCOC7DUIMJRTVNMKIOMYYE2JA,B085JXWDPC,4.489601994364413
AHB5ERKDN3N6XGMPRH3BSS6FPJ3Q,B006I387UI,3.4686905424849894
AEI3JK3NJTVVB6RQVVJXFYWBNEYQ,B08LYV9BCZ,4.864372417921653
AHWUG5BIUQWHO6KPODY2QJFFQYWQ,B09PBL98Q4,4.42907567496735
AECFGXLEX3SU6D4T6C55X2NWMJVQ,B08R5M2FGY,4.001788752813464
AEBDVELV5QUZNVMFRSX2OILTNGDQ,B00D353N5I,4.23636546290308
AHG4BKFPRKPCA76UXYE32EEW377Q,B0BHG58G2F,4.847702622022832
AFC647CM7TNBTPSPPM2EXPJWBNYQ,B06W2NS7RW,4.2262000000896505
AGFSPZ7XOYCABXF6VYXQVWQRMO4A,B004LG93KC,4.683429462668248
AG6XP7YKD35LKMAUTT2SPLCKKXCA,B010CI6M88,4.552885519791067
AE2SNEBKDHQIZCKJIBV5JOPUWJ4Q,B001R76D42,4.525257968703224
AECH6FKMNPEVOR27FIUZR75DDMPA,B0B3F96MH2,4.698101320545623
AHYYJPAALMRAGRBUY3XGB46RDLLQ,B0BXZFS2QH,3.8210145761064687
AHOFWP4LITEBFBWVQDV25AZK6C3A,B0071YXCVM,4.665743307983826
AHIC5S5WEMJBL4CTQTEQMMPXYHOQ,B0BK5CXZBT,4.789148011963525
AGY6RRN2DDWDKITFMFZBTBJ25M2Q,B000J5UEGQ,4.1383813976395345
AFGI5XVA5EBVOE2EOS42KHQSULXA,B0C38LLMXG,4.616016149161908
AHY6GIC4JE6U7L6GPZ4GVK23YFVA,B09G7GH2FH,4.4757797305470195
AEZENY5LLEUSCC3JQC2F3GJ4HMZA,B01FMKRG6I,4.635216929037
AE3C2M62HHDRFDW6E2XADFQUXCGQ,B0919GK359,4.679014528513891
AGPWTBAKWEXJIJLZXKEV7T2E37AQ,B075MLS97V,4.36552631579808
AFQFUOUDCVTQ4F5OYM66HTMHVOUQ,B087Q1LY8Z,4.4842102632082455
AFWYQQAFUAWPVAX5HOXR3WSAN5BA,B016QUXTZU,4.440732672491601
AFCANIN6FS52VKITA7YMONU6S3EA,B01CTWVIY8,4.199591395174587
AG6BBIGPA7TIOM4BGES6SSGZHIKA,B07NWG39JM,4.630430555955336
AGP2NR66453AJZJAYKZGSMONZ4KQ,B0002H06X2,4.354029076206078
AFR4T3JVNVCDWIOE4J2UKMBYPOEQ,B0B89ZSYS7,4.82568830658926
AFX7V34VOABD3RMN6Q7QNDOFWOOA,B01H0PACWI,4.844081056381404
AFVYTABRIESKZ2WUA6XLENKB5QCA,B011AJ8KHO,4.20981013525181
AGBW7LZUPMPOBV4LJ7LO3TCTRVLA,B0BR2Q367S,4.646406255453815
AFLLD4HIWPJGLLBNJXCZ4OWH64DQ,B07B9W25ZK,4.658679781185471
AFOI7DJOGJ3FDEYYXCDWZKYB4IQA,B0002D03VG,4.577920180858264
AHV3PKYYDJIQCEKAVLVIHM27U2YQ,B00M4M9RF6,4.804403932932154
AFBPVAR4I2B5EZTHKW5QZCXTERHA,B00IFOTSJW,4.711929743840014
AGIGTISGZA4LRJ34FG3FZSLXFS3Q,B005SUT9I6,4.714129187132209
AEUFWFA3TBVVD67HVO7FOLWNXUSA,B098LHYD3K,4.159672660080341
AH2F6A7VS6CDBSJA24NWYKBEWPOA,B07MHL48V6,4.572818598697756
AEZIQZZSUVSU4UAQAZQJWUR4NHRQ,B0BZ5K6XPN,4.667937419898418
AHDHVYDPFXKSLOV3WCYUYDNCCWRA,B008L3SXE8,4.65984411186117
AE3H2GO6RH2ZL6OHLBAVSKEFDIHA,B08Q7HQHNX,4.514393639896399
AH45TR3BV6T3QVMWHGXDSUL3TQXA,B00RWF76NK,4.432339120023786
AERGXYG6NYIWY3VIBK7ZUQMQQQVA,B008B83SY8,3.779075716507707
AEBID3HKBMGORBEBUBAZWS2FFQPA,B0C67HCGBR,4.552446573499305
AFEWXSPZBD4YB373PB6Y3NA476CQ,B01N8SXS2H,4.86927605747771
AHSBERFD4KPEBMI7GW7QL3IJRHJQ,B0015B0EB8,3.479321082082062
AFOF3QHFHEPGQ7QQJBGWFJAC7RMQ,B01H8E59FQ,4.289846806687112
AHRQLNYKGQKNDZI2DKRSST6JDQ4Q,B0B8YWPB3K,4.903173238306142
AGODDVRWGAQPWOIVFD4V76XIST3A,B072PWKPLW,4.08102591688057
AFSTKZ46JMFZCWEDBL76K6B5OLKQ,B07DLVDV7P,4.461406574448601
AEZKOSSPZDQAQJEVAWYIMF2EBRGQ,B0C3JJ2WLM,4.0308846492293
AG5QJWMXSGR6QK7CTCJKXRD7OSOQ,B0BTC9YJ2W,3.629888871469097
AGPJWCUWLVIR2VXLJANPYHHZ7VQA,B0983RTWDV,4.378939903377356
AGBQ3TX4QYWQQOW2DBADLGOJHQGA,B07Q6L4YMC,4.8643596679447265
AHUIUCGSUO6B2KRQLQ2UWRYXTH5Q,B01AQNIOO4,4.081379389561512
AHJEYA3QHJSUWT4UN6FXYWDX3OZA,B0002E2O2Q,4.119786582388501
AFKA6Y5FDB75J6BMYLJMBL56L5LQ,B0049S9FVE,4.062815298878619
AGWS2UTABX6UIBLDKBBUN3Y73YPQ,B0BZ5JK2GC,4.728252792001737
AE3HJ6CT7RAMP5XNGLYPEGDEMJJQ,B00IZA1GI2,4.703355191399885
AFUSHAI2F56KYEMOTGFW3WZ7OECA,B082WVKSNG,4.561610506429573
AGPE7ME5O2UO3IKHIAVFQ6C4JKNQ,B09SH9C3S1,4.076189288564359
AHGPQ4KSNZBWGDSFBMAOBSWAZBUA,B0BCHG293C,4.451314971285461
AGQE6XJ6T2AYF6LTIH3E2VOK4UXA,B0C2X15CPH,4.808108458633857
AH2HT6SO37BPQ4EKOTAZ7A6WDWZA,B072WPD8MY,4.833274940017067
AGMYY55Q5EIYMCNQF5DAYXSB4WHQ,B0BXT5BXFL,4.433958403717386
AHL6CT3IX5344QT4S3GSBUVZFNAA,B015XDJB9E,4.5477823230533385
AH5S4XKENHVECUH4CNLWHQYIP2NA,B000J5UEGQ,4.549513459684744
AFFZNXPPX2MF7F6WSX4KYASX3TLQ,B07L5B64RG,4.406058581183059
AFBXI47K73AAHBTFJYX6T7QIEVFA,B09PWCF6T9,4.6648702091211405
AG5S2EQFQ76MEDNWNKXD27VBGQBA,B07CYRYQ8G,4.492786027293992
AEWRQF227ST6I3DXCM2AJQ7QGXJQ,B09M7P8SBH,4.458523954621632
AFHDHVQNIJO4RTZSJDPJMVLM7RNA,B00WM21DY6,4.447164054143175
AHIPKIT25JKKXMUL332SVAWYAKBA,B07Z3GVQFZ,4.893299511913829
AHROUXIVZXJZW4MO2AFN3ONK6DTA,B00BQYODWK,4.7067552733596045
AF6FOQSBPWCC6LBUJ5E7M5EWZI5A,B019MIPZ8M,4.480253729340948
AFZ5JLS76NTQNWVF654CNXF3SEHQ,B0B949FD92,4.640076601267072
AHF3YGM54O5RAXYBAV4FRG2FQWDQ,B09V91H5XM,4.807781762243608
AFDPDHHU54M5M67PI7ZA6SEGANEQ,B07D4QCBX4,4.674534175331942
AHFSZBRXW3JCT4BGEDMR5LXKFCJA,B00R5VZXKY,4.470251208403658
AFOKWBIT7ESXMZ5OOVEPVEY6AYRA,B09JFZ3CKY,4.390127798989143
AFVSSJ5QSQBZBTAVR5XHF6UQQVBA,B086QP7WM2,4.640372974460493
AFOV3YMGYHOVKW65ZOFVUITMT6SA,B000BNG668,4.6115705751999805
AGUS2NZDI5C26OUO3OKRKDCYI2SA,B0002BG2R2,4.669591362163697
AFA4ZJGSTUWBV43E6FHQJV7ZWXDA,B09397FWYW,4.82539301607579
AHH2S6RQ5UCCSGDC4YSFGIRBXTTQ,B00DKAQGTG,4.770491968300609
AFSAEAZMJRB3KQF2EX5DXLCHFMUA,B075ZDCFFX,4.672430737570802
AFHNWGO25QKIPAEMLJ7ZLAXVXXYA,B09VBWXMBC,4.746856568105026
AFI2Q4HGBSVHDT7N3DYGZBZNLOOA,B01M8N618U,4.592707006844304
AGAOQLKN74M6NEVHNV3BLTJDNRJA,B004XNK7AI,4.7055488954367455
AHWSZB7RGTT7VKF5ZLHFE35KAJRA,B001MX3WWC,4.4292903147224045
AG64SW2Z4TEZG4IWEGEUFEEZBTRQ,B000A7PQIO,3.933174510571544
AFLKS523NY36AY6WTAAKFAHYT7BA,B08Z6TDJZ9,4.595060488108972
AEXSJRCAW5RDAOCGSRNV7BSK26QQ,B09JC3Q3TH,4.4182403053264165
AFRHKO4374QYE6EFRHEGGSPVWJSQ,B005OEM43S,4.385702380910287
AGN62QQ3G4QRVVDCJQ6F6Q264M7A,B0BK5CXZBT,4.565347185985706
AG57ZCKN4CZOESBMSWZPL2CR77JQ,B07WTBV69J,4.756884611292154
AE3JDWVNPCOENCG57MBK66UHQCMQ,B0B8M5FJ9W,4.661718154250886
AFTZQD5DUX4N2BQY3QJ4WCGIL3WA,B002G1UT5C,4.230284337717978
AE4OEJMTMMN67HAFXYTGCW5LDVBA,B0052S3T9O,3.4021477267364277
AHLGPPI5LLPXUYFAPN6VGRHMFNQQ,B01AW5068S,4.593718369330897
AHUPCY2JBC25O6H556TRJZWZMFXQ,B0050CEEIW,4.192998142267414
AGIBXQUC5LU5WP6V6NWJYHKLLG3A,B009DYPWBG,4.5973394876937865
AHDWGSLY5F6AL4WLGCL2YSSTJQLQ,B09ZDMFDW5,4.4637527365791
AGSUOYF2YX33MWSX4BUAW5LFETTQ,B0BR2NW577,4.63082287415733
AGZDUBW56W3GTKFCJ7VUDSHVUB2A,B00X7F1LQ2,2.9326079135584653
AG4JFCTSTDDLSYABQYGKRGV2F6NQ,B07ZKP1KF4,4.467885335985458
AGNPXZERD2EQJICAHX2VHBRTDNFQ,B01N5KND14,4.636686827172421
AED7CZI2A4UFHHKBLM2T55BK7W7Q,B016133LAK,3.9402603120111457
AGN5JKC76NLF2PUJYOGMWH4EZR6A,B0C39H86Q1,4.834412518115553
AHTAJ2OUVWDB4RPWSJQRK6WBNN3Q,B00646MZHK,4.570940190808928
AFJ6BNKTPZQXGEOAIOMMCSESJS2A,B002RVQTR8,4.70537486350288
AG545MMHYSJ5GUXAXDOVIC6IZ7ZA,B003AYJU5O,4.112213362467793
AF7UGFJC7H3PBAJ44UTW4MCWFCSA,B07MMJX9T7,4.2474591475869605
AHVJ7UVESCIEXJDPRIYMIIBQEM6A,B015OP6OOG,4.847848475093742
AHWODSX3VEDWXPOIMZFIWCUXSVTQ,B0BS6HRTYM,4.814640415873621
AELBSC427YP3XNO3L4ULNIASKB6A,B07883GRPL,4.357245055305929
AEC5F6TB3IB5HVKMUBAK7IHJ5APA,B09T7Z8VB2,4.819972257641226
AGLGKDWYUI3QG54WUNJ7EWYXXHLQ,B06Y6BCX7B,4.389063652590419
AFGJC5TF3BY7ZZSHWY2ONSPU7VIA,B0B9JZP4BQ,4.766222577565274
AEEGTK6WKYOWLE57UPJYL4ZOZ7RA,B07Q75MDB8,4.627890247877312
AF275ZFFGX7UOQR2F3VTUPPDOCEA,B0BT2W3TTM,4.892295006105059
AHSXY2RE3D43XV3NAQXJFZ3FEFMQ,B0B9LKKBHK,4.731669240327197
AG3GKTRAHOZP7J6XHVZ74EO4GJZQ,B00O5EL7S6,4.861438442375513
AFODRXNLEQI45IJTZOSHP2H2AMMQ,B074T1SZGQ,3.9231556743650664
AFQAITIWHYF277C64BWNAQODYE7A,B07B16JL73,4.757521296951733
AHW5L5NONM2GMDBDOMAWICXCLOJQ,B017808XKS,4.641408414518577
AFZPLBJIKNDIJAYC34RG7MYJS6DQ,B00P1GZ39G,4.743711394423785
AFZUSTESN2HG2A2VIEJC53WXSQCQ,B0C4SP3PH1,4.420052498155548
AHVL6NLW2ETK2KCNUGI6OTQ6IDQQ,B07T9W146S,4.685181723453712
AFBW6R5V7AL57BMCUYFK5ZQRHU3A,B00504BLJU,4.543274514377155
AF2GNRUCCIC5DYCDJQ6XF45STO3Q,B07MG78TDT,4.14712228490793
AHQCQOYWUBEIRMSJVIAY62ZX3GSQ,B0CHMQ9H9Q,4.772383392915093
AFUDNFNY7SEDKBT36AH2LZDN4QTA,B000Y021NA,4.392844664449794
AFMWSJXVD2ITRLSHTOVKET5IF3SA,B0B8M2Q1DS,4.5748641111784085
AGTOYBZBFDWXXD32G3TKF3IOTLBA,B0002F59ZY,4.764445296644891
AGRCVTGVKU6I4WAR4WJGCAQZM6XA,B00HTWQWFO,3.9314499755286882
AEDKWF6D2KIBJDGAWTXGMLCR3WMA,B095XCZXNQ,4.231153184995635
AGDPYGKE6ZOXBMUDUOLHKMZHCJ3A,B07MFYHKLH,4.676013816488379
AEG6JSCCSPLNC3WDSNULLRNVWOXQ,B0B7C7PYVC,4.527149040070253
AGQ2FSQ2EJJXXJDWNXNLRAQCQLVQ,B07HGRFG5J,4.304121577643738
AHUFMBH5VMD7UKPLSWAGMYSFHMUA,B09HCRTKL4,4.469873625964771
AFM7D2H5LRVJUVMGLUUS5MNYR5WQ,B07BH4GFV6,4.77160153540752
AFAQSQ5NDDBKAWTJBFS45OSCAW4Q,B0BQ4G4JYQ,4.549546908132997
AFG4O5LTIHBOWSQ4LBYQLY4TBJDA,B0BW8L9WF2,4.457470953850371
AEYJ4BWSPRCLEJQIMDL7BH53TYGQ,B09NDBVJXM,4.856931710815729
AEUSNVRZQLPKRERL4EJ3HXR7X3LA,B07KK8XL44,4.350887224979634
AGLGD4PSAOA6W6AEZIQ7PT74RJ2Q,B0BSGM6CQ9,4.746413372035642
AEDHDFUNQQHHO4IV57N5YHW6IVGA,B08FC4P2F6,4.651443710998304
AGJRMIF3LHVDBHMCEYRL7GWCVMRA,B083MWZ1DN,4.754876829427824
AEKHOFU35JS3BOIWZSEM7DKSTEVA,B0C3QWRH66,4.601212649424678
AGCV5GUWIDXH53ENHCIXSZN7OBHA,B0002D0M94,4.679791845586573
AEENSLZS6WAJQE7GRMNHI74TIYYA,B0006UGEOK,4.558297128853934
AGBELFRDXNHI2I4WWUM2WPEAM7UQ,B01CQ01SPM,4.73748882458612
AGDATDMAB2JQFVOC5BSRRIGFILVA,B06XVX7BHJ,4.248390848096742
AGJAAVMYOSWYRC3HRWGAWHJFS4WA,B01NBIW57O,3.928567986147142
AGBG3KK74IKWJNQVMQAGVBWJ7FAQ,B0B2MTYQJP,4.340625609550576
AHO6JZJO74RBYK6KAPCPQ5WW3VEQ,B09857JRP2,4.868870576386351
AGID6DHXZOL34MVLPDSCO42D6GZA,B08WB1VLRJ,3.8459006078719646
AEXNTI6B2RAU4KEAXHXAYKKI23HA,B075B1J56K,4.5163818330846395
AGZ6AX5RT2WKRJYCYVT27ZIMMGMA,B0195NQSTO,4.797562889201085
AFU4WXFS3Y3OZ52E23YPAA2DIJRQ,B015WYRWYA,4.846614606378353
AHZP4EGVGXAQYU6NONQW7WZTPEZA,B0085545YO,4.744927514225287
AFGQH4JD5QBDF27M4MG6OJ7IXWBQ,B07MDT5WJX,4.819437658441128
AFR2QCLNJZYL3R3JDCNNBGLH75QA,B006UOSUW0,4.783734365539747
AHJCDOPTP3TS3AKN3WXVWSQR322A,B095QDDCKN,4.266752069020345
AGHGEAJWZF4K5ZD3AVJMVR4VTIVQ,B09G5QS1VD,4.14649712950764
AEPQMXHOMG5ZBK3X223A6E367KLA,B073NPJF54,4.572812675080951
AG5QJWMXSGR6QK7CTCJKXRD7OSOQ,B01N6U2EJ1,3.505909615847311
AER47L3AWJNSW7S2YC6UI6V77RAQ,B09857JRP2,4.839382041635837
AGEA7N4MSNAK7ANYT2RPCY676KNQ,B0035LCFRW,4.83223637064954
AFBVKQ4TBCCIG7N5BOIREJ47BGEA,B06X1C3GWZ,4.157083887027423
AEIW3FPJYRTL2ABJQNZRVELSDIHA,B004XDQFJ0,4.325906089226118
AH5D4W76WTWVES3BKJKJPOHLBJ2Q,B08F2QZ9XX,4.52686193475947
AEKS23KTJWPSSKWVWNUPKQMKOVGQ,B0BSGM6CQ9,4.550642709745821
AEGPB5P5RTPWTVSARDZCY4NIITKQ,B00KND95KK,4.517057408999257
AGONUN3SQ3DQUX62IHQE5HCAXT4Q,B0BDMR3TD7,4.52303185311291
AH665SQ6SQF6DXAGYIQFCX76LALA,B0B8LYBTXZ,4.362410999513166
AFRGWN2OQMXTMFUCW7DBTJXXZC5A,B00CK2FOZM,4.755349006744354
AG4FSWXIYRAWD4GVRIYXCARYASVQ,B008MI70QE,4.3606327450781865
AFSCF6RFBDYMGTDCGT7BZ4Y7G3SA,B071ZQK57R,3.9399444059697144
AEX7IVE3YZLESAPRDVOPTUMVD4FQ,B00P6ZOPP0,3.9066759402003814
AHMBTMDNL6YETYVEVAX5JCIWWNCQ,B07Q38FWFJ,4.631518979691056
AGTFVU24EZKHXUFYKLSRPB2ZUG6Q,B01DE4DTAG,4.606710920052695
AFC3LUU6EQ2CJDKUOVUANLP2JJOQ,B011EXBCMQ,4.130813306310476
AFZISTRYDPBLS4IDSBZTKRIGKDOQ,B00WJ3HL5I,4.50801012239922
AFKRDWMANJ6YAYLX5LLJTPI2NXBA,B088DD5M4V,4.690120510181335
AGWAWVRXUKLL64QUQZUHNHMNFKMA,B0BFKKVQZT,4.026983659722385
AEOAVQQMRY652RTKHFB3L6Y5TYIQ,B001GDJQTG,3.9340123042985224
AEMJGS26JFHL24UXI2Y4IN42MUQA,B09ZTJH58K,4.8724332493695846
AF2SSK423YDGF5C5EVEWDZFV2TQQ,B0B95V41NR,4.762631816493386
AFOCHHI44XKMG44TIDXRHY7R2H2Q,B0B8M2Q1DS,4.011833145807307
AENLVOY3BCY4AXHOB5WIGE65SRHQ,B08R8FSFRB,4.697472416263302
AEWH7JMFZ3SQI4UE3DU6VRYD2BGQ,B0872CS1BX,4.145064127710061
AF6JSVPJ2DCT5CECPNXDU5PWBMEQ,B08BW2TBD7,4.559042004517471
AERERSWI7SYRKB5A5K6N3VSWWS5A,B0777KT21W,4.460456992035664
AFO4VO3EMAEWPOST4DIAMAEB7ICQ,B0032UYIQM,4.760800220658299
AFJ5GUZSFBLA2K6DI4XHMSG2ANJQ,B00KLLKE04,3.6284177492713563
AGJNQM3DSVQLJISEL4NSWE5JOOSQ,B0BKZ3GCGR,4.145278283251075
AG3YM7FMYVGQ4UKSE4LQGJTXD5FQ,B07TJX2K8G,4.68023578098086
AGVO65TAROWVIZVT227P76LOBEPQ,B08XMJVW2D,4.460934812472248
AEV42PMIPV5O2GR7XEEVAKNPJF6Q,B01B15JPCQ,4.615821211806335
AGB5HMEVDU6ZTYLFVUSDBISX3U7A,B07DMZ4B7N,4.673707606209954
AF6EJYBF33I6ZOJWPS6SKJCN2DQA,B0016H8S1O,4.834438398029405
AGUUZPBKG7FN3UFJIS4IXRDZWVMQ,B0161MMX4G,4.7358459711742915
AGXMTHMKZG3QKW6UZPY54A6225ZQ,B01MSNIVKE,4.74290845323446
AHNUALEQSBJJGHXFMSEIHPPXJGPA,B077YGLM39,4.488488002609568
AHK2JKHQ22EXZBQWCF6SAV3XYAYA,B0B7C7PYVC,3.991257743176212
AHR4QTZAOVEE5Y4RZ2PRDEWZ6SBQ,B09RTZ26KV,4.602623856103407
AH2POAHDXXWBO6AJYISIC5WO35RA,B08C2TBWGV,3.4111579127692004
AFTYUC2644SXODMOUAOCS3EUXLNQ,B0925WNSYJ,4.632478397102611
AFH6VTF4HK7G6XEPGKMJS54HS2BA,B01M0RWZSB,4.664728073288704
AH7B4LZKXIRVOKMQABH4TYJWKYPA,B07BK1KRMZ,4.715803638438363
AE7BOZUENUHTO74ZOFS2MCV2OIPQ,B01K1EJQ9U,4.524370224713115
AEPJXX4K5S4WEJ7EHNBIGZA65CGA,B008BPI2OW,4.246904645422367
AFIE5BI2QPM355FG7JOUDUL3MOQA,B07234PV7Q,4.827076630892838
AGUT4BSZDABF2TKPWTP7QJTWARHA,B000V6E01I,4.85360612207953
AFQSGCTOHFIJRR3TFZ2YGU764W3A,B00RX5HQS4,4.766085517125783
AGZF6BB2D5R6EMB4P4353LFKR4PA,B0B59HT4CW,3.8907126916420025
AGEZ4NC2DGLNTGW4WK5PB4PVPQ7A,B07Y6TSTS2,3.947651157895314
AFXSSSNW7ZJY5LZTDXHURSA7I3WA,B008DCOOA4,4.513333449829924
AHJPWPHCWZ5MX2UY6CNGJUNBWP3A,B0B8YY3M18,4.160053212895091
AH7JAXK4CMAKGB2I7X2BIW4OMXGQ,B07PMLJ8PT,3.7294360816474668
AHSLQLTCTL7BXJCKPC4CS5WZ6P3A,B09857JRP2,4.840708247964767
AH6WLUR6WYU5G3UNQDCHKDTBGEGQ,B087B6MMYR,3.7527488403080937
AHCKFEE2OR3IUWX3C4GSR3BTXTSA,B001B850DM,3.9130645827104056
AFA2XGIBDVRKJW5TUJ4XBSFRKD4A,B0BZPVZC89,4.041005364282131
AF73XBA3ZP4WT5PJ35HOIH7RCX6A,B003KVKT0W,3.4963095268018733
AHAVMJ7OKLRLFKHUSZEZQHPQCHWQ,B015HG82EW,4.575917384037712
AEJWL2VCYD5DYYK5KTYHBTRTTUVA,B074KPCGYL,4.381139931692205
AFQFO4MXAJX3BTIPTQGSKIOAJ7IQ,B001NTX914,4.589463608027113
AHITPAZLFZ6MUAIRVQ7O5P5XGBBA,B00VYQABQ2,3.8839852673058193
AGPDZTRIIRXHFAPGHUR6WG3NFD7Q,B072HMBSND,3.683087358322865
AHWPCWQ2D66IJWQW5UOWEM32V7BQ,B017GSAT0E,4.720691462959739
AGXFIFO4VWNHPAX3VJPRQ2QJSCSQ,B06XHXTNK6,3.734833549337718
AE4XDOLOLDHCE3JLFPIOCU2CDPVQ,B09DY5162V,4.190720502460609
AGMLFM5LJZ6NWOQ5SKUTHJZ3WMCQ,B06XXND94L,4.87926862141248
AGXTFGO7KXIW257RRFLSA3C5VRWA,B00IFOTSJW,4.575490752893745
AHGIBSFUX75SKXE57B3GHITHYR5Q,B07GBPF914,4.636029234642988
AHHT2CP2KHNLPRBP3QFHWA445TFA,B09PJ3N73Y,4.632533605424728
AHQRMJ276MO2DYT6Y35GUTUZUQEA,B0BT9R8MMV,4.851679724547462
AEAGSWW4RVIR4L5BH4MVOV4X23ZA,B0BPLFP5P6,4.4900656785598985
AGRMBKF2SDE2UFCVGX3C3YU7UVIA,B0884DCBGJ,4.557986021953315
AEQCZKNMWZW72YG5ROSWVBGOXHWA,B00FFVLKJE,4.416055829432068
AH6MAK6PF2Y5LOQKNJCZBEXMKYSA,B0BW41MRGK,4.676101866961631
AFFCNEJLNMAUSBFDTVL7TDS76HHA,B09NC8HCRS,4.582832408540902
AGHGEAJWZF4K5ZD3AVJMVR4VTIVQ,B0769VKBTZ,4.824550984579862
AFHXGVSCCIAZUZKLKFO4SF23HOEA,B002AKVQK6,4.663412603225957
AHSDVLG6RG7X75WCJSRNBW52INCQ,B08KRDKZ6K,4.8007759778384775
AEJWL2VCYD5DYYK5KTYHBTRTTUVA,B00WJ3HL5I,4.536656554605166
AGEJRGFQAE756CZAUY4OQLHQ534Q,B08XL4NHL3,4.641324766946704
AG5ARKH5DHRZD4H3SGD5IYTY654A,B0BXDSJT52,4.389176311444588
AHNWYYSU37USMKUNI2XSTHCD2VZA,B07MHL48V6,3.8497481378539833
AGUIKU6A43BXYLTYZXNODQRHZ7EA,B0BR7Q74PC,4.219180058759965
AFKDPE3P5ZL7WWTHLJGPGHLFLEDQ,B08T9CCXZB,4.848015399107681
AHGFANFHSMQOHSDTHKO52DWZFYAQ,B00GG20DJ4,4.33476592018971
AGNDXQMA54YLPLIRSJ4CRPHH324Q,B0BT3B7GTY,4.6940275155958
AHHIVSLNNBQTWQ2PQJMOFF4IPURQ,B0796CFWKG,4.7432082530918045
AHF5MC62OR5WJKQ44L6CWWBAJIDA,B09JZQ67LR,4.680664831301046
AGDEUEHXRVCWANF6PENBUO3PDUKA,B07B9W2XFS,4.594998392360981
AEIGZOWPIU3PMS72QQVOSPK5DSWQ,B09G5QS1VD,4.398283781670198
AGXKROS7PUCF5FTKJP2V3Z2DVI6A,B09398HH18,4.560271885044025
AFQ7VJBUAFMCD6WLRMNJVL5IZGUA,B07K58QSGC,4.791099091707798
AGWS2UTABX6UIBLDKBBUN3Y73YPQ,B0BCK6L7S5,4.622641219119398
AEQZCIHPL376ZN3LRVIK7LKIO6IA,B077RL5S6L,4.71011615386598
AHQ7UIJUCTKYWL6SHF444WJYBZPA,B008BPI2OW,4.836016771309703
AGN3MQNSNQNYLWDVVGL5RTDA2DHA,B00XWLVDUU,4.288444747279506
AFUZLLFBTEMFFNHEXPEMTWWFU65A,B07GFH8NTB,4.651530416115661
AHSCZVYJIQ4N5YJQDGCIZZN3CFJQ,B09BF8XDF4,4.079244783036802
AEIZ2AYL7ATS6TTBKCC2SO67YCYA,B01B7N8P5A,4.553892149917672
AE7PQEPFCV7OBKK2FZ5HNRKZE7KA,B000JWTWCQ,3.7762690577597033
AEW7WXMSL3KZ6ICVWN4S5I7PEUKA,B08T9CCXZB,4.721834199135325
AHLLDYLLXIAPQN7DJCA4BVYPPEFQ,B0CBSSC46G,4.339048199843337
AHWKSJ62EEEXSRG3ZHRNWBEXWFXA,B0BWXY17MT,4.81072149592566
AFPQPRIZXHHOVL5VYHPKQYMEPHQQ,B00P0HIZXM,4.4630607084107
AFWQ5JUXYJJQDJNYLVVOQDDW2C7A,B0006IQNES,4.490040954318074
AE3KSV543QVC7GAKJGAE6F5TS7WA,B00F4MYC5I,3.472591805003259
AHZZX3DQ6IZHVV7GI77GL4PAQKCA,B0B8M2Q1DS,4.471368854133312
AGE3YAKMNHECBEAFUIJ7NNLO5RTQ,B000637LVC,4.527721419112227
AHNG3NRGEDYO7E44QMYDHMBADPBA,B0B8LZKBN7,3.8754425078776515
AG43KQOKOO573AON6M3W5TYWWE6Q,B09D9HYFYY,4.515832232211842
AGGC2NUD4OH4CW2EV7ESFUAAPCIA,B004XNK7AI,4.708832868821375
AEK7KBA4LVW6N7422XG2NSSRSJAA,B0BXT3YHW7,4.602910606056639
AEUFCTMP25QBJ4AB2AN5LKHR53WA,B00H35YIJE,4.698232440723383
AFBW6R5V7AL57BMCUYFK5ZQRHU3A,B0B76W9CDF,4.828511121812961
AHKYSWGAUYXDRDRDVPJF2IXTBQBQ,B075YF8VTV,4.163669037625444
AGFVP2RIKQMCJOWPEFL2YOQKSUGA,B00Z9TIXOC,4.6589961749022155
AFKK7F5DY6QVQMPGYFXJUJMH5GDA,B096QV18NX,4.650600215771197
AEUL7J5DOLN5C2TNYN6WLR7VK7CQ,B09R6PRMMY,4.820049323323837
AGORB27V52BOPCJGRI3QPQZ7SF6Q,B003KJ0ZD0,4.675428528644083
AHYU5PQSGXDZ6V7F6UUG6LX5HJRA,B009J8DXQW,4.820142801753257
AGH7F3VLUYMLE52O7FHD7X2B5RAA,B0C61YQFHH,4.387044749167158
AEPUDI6BXIIFIBDD6HN66DFSXXIQ,B08DLK3GC9,4.693343216834815
AH374ITGDQXQGVBJ5ZSW5LVEX2IQ,B0BKR2ZM9X,4.866962153079521
AFJPB6LUARRD2IM4HZKYPSVC3FAA,B0BBG39TZ9,4.728076998832535
AHTRLPO6Q7FNLBNB5SQSDPLC6I3A,B07PSWC1XY,4.568801997189694
AFZQH5XG2U7PUV4ESRY7IA26VMPA,B074WXM13T,4.703026264856078
AEHGYB4EMFSAOJVQSYG2QD6HMGYA,B01KBCUPFG,4.184514873109256
AFZTZTIUKWVBHZWWXHP5GDF6QODQ,B0819XW78V,4.730581911122241
AGEXOCVVUXJJZMX6AGI6LDVUC7SQ,B006UOSUW0,4.7585834908630815
AEVB5BSDA5OASLEFI37PGC2XHIIA,B07CRK35NG,4.583371744117761
AE57MRF2R2ALCC6H5WQLFKT7KSSA,B07YXY9L3T,4.494903918450755
AH6JESOL3IE2HXVN75ODIOHNWJYA,B0C3LK9886,4.494410351435971
AEVP7D4FN334JKBYDZ2EP5AQPKFA,B07MQJQTR7,4.793556358206692
AHHXUCKVUSI7A5ECJMAV6KU2HOHQ,B00OO0XTB4,4.572812675080951
AF7PSUJM2OPFVDSI53L2EKYUPZKQ,B00USQY0CK,4.196326397294888
AEVYZFKOMNX4DOSBR7SI6PSU6JJA,B01LYIRO3H,4.199629751684744
AHMVWBJ4FNFOXJ6BXA5M7CEDHSNA,B08S3X7WMR,3.615480170205633
AF2OOLUOKOYQ2HOAECQPBVCIIUVQ,B07PPHHG34,4.564407712987693
AEEWM3H4MGP5YEKKAWWN2K5GFDGA,B00CGFRJ2Y,4.803984556308827
AEZ25O3HQYWEXVANIUM6VHNRDAWA,B000GASJF2,4.239452076074421
AEZEQQAJOBZ5B7QVPWXBXZ33LAJA,B078KTV8L4,4.0424970901867825
AEKIBDMB3G3V2F3S7UTCCKDMR3YA,B00US6YYMG,4.492485736060034
AF2GWXZDIXTBHQD6Z35SR26KSGYQ,B0CBK1WSMR,4.570598974077059
AHFFHYIW76RJQMCGMNNOHD35W5DA,B07SPHH7TD,4.7791824705767985
AGHVRG2HSUORQ4A3OHQFWKMIEOAA,B06XXRRGTY,4.848925353761784
AF6QJEYUUAUD7J4D6V4NW6TWX7DA,B003KX4SC0,4.381459822406232
AEFJPCWWQJOL4HBWQXYQ775IBTJQ,B01822J05S,4.335293729500596
AFW6ISKFJUM5ZDRGSDJCJF7TW4IQ,B00H35YIJE,4.723767142482724
AF6LBRKK5RSD3TBYPDXMMDP3PX5A,B0B8DHDVJZ,4.286054296303576
AEBPH5OGFZWNYAOE4EL2Y4MDPKDQ,B071WMKJMY,4.705842715661609
AGUAR5LOTVA6SHQBEM5NYSO2EAWA,B07BS497RX,4.738841125637151
AFLE6K7Y7L53CS7SV6JR5IPXJQ7A,B0002F51DO,4.385302454824491
AHNXWNFZIZLK2A3OGVF62FGR6SFQ,B00IWXMGH2,4.408494359341053
AGKMKTMMN3RT4CSD6P4TAWTWYPIQ,B08BSFDY99,4.335461773746415
AEN326SBT64VHDX7FG2G7ETRXB3A,B0002CZTIO,4.460748300820704
AHHWYG7BHH4KL2NMB7SRQBRLZBXA,B00KBCOWL0,4.076290780382752
AHLV6WPBIKRRVRV7ATUGZVVPY24A,B01FH89Q5O,4.7852930249961485
AEVWFJBKJSOPAP6RKLA62OZNCEGA,B015X3CXXA,4.603688159548895
AGY4QLGJ3WS572EJXYILMZP6U5XQ,B0C61YRZ1H,4.5254607879910225
AGCKPDUZTEZAGOLCCG3DQV4J5XXQ,B0BT2ZRCY2,4.730943454428568
AENG2XOGTZ5PWTWKRPDZP2S62IOQ,B0B31RCL2G,4.7381374195432056
AFYQ5ERCXJW4T6D7VSCXP4BL535A,B0BJYS4BQT,4.64995496348995
AE53VDKFQ67YHCSPLIMTCFK2TBCA,B0B8M1RZWV,4.667374597613314
AEYLNJLX7GYF4NXNAVBDL73VEYPQ,B0CBC8FHVD,4.061369430264602
AG7YOQATPK3IWI5WQHMNQSGNYQ7Q,B000H18RYS,3.8678528076048275
AG553SGZBEHRCZMXNXWJINFND4YQ,B01I6EHKL8,4.762608002935623
AF4R3QHJTOOHMJXQROF7MA2RM2QQ,B00M9BSZMI,4.723794721807547
AHB7NX5MFSJ6W2NWR5UNUFEF7RNA,B00N5THDR6,4.676471851922928
AEG3S2JSG7WW3BXOWKWYPVSTED3Q,B07NDJ1HSG,3.984590820420871
AF7CC34DK36SQJS7WXI44DREGWJA,B004P4MLMW,4.661960456054619
AFQGOHTGJDVQ7PWB3MGLRTG7YHDQ,B07226MCY6,4.0504599309902405
AEQN4YUQXU27N3EXVSGUEWRSY6IQ,B093YGS1F1,4.113683343257513
AG3S4FROO422V5KP7DJCBXVUQLJQ,B07MQPMS7S,4.7777037807074745
AHDZKPPKUT7HD47LXCBN7RQNN6KQ,B09997NM44,3.96355705453538
AF4FA6MXKUITCOOQCHJZH3EDEW6Q,B0BSGM6CQ9,4.708904624481324
AFTEZGXRBCAE4WOKUTABLKG6GHCA,B075JNW6BK,4.096384653123999
AEZVMCJMXA4ZJWUTFHQCLZIQO3LA,B00CRQWMYM,4.063953940904671
AFD2MJZTOT57DPG42CDZ6J3ZW3XA,B0B4SGJRHR,4.754522892140907
AGFUJJJTJMQXQT2PGDBAJE6DIPQA,B09857JRP2,4.675620348948242
AEFTOJ4ZJ77AZONVSHEJENIC2JUQ,B0BJYS4BQT,4.332953230577019
AG6Q7E7GGX643JLMRMPISRS4ZGOA,B005H2007E,3.674817789899743
AGP2NR66453AJZJAYKZGSMONZ4KQ,B0853X3VDC,4.63660959479434
AENJN3SAZXVRKSYKW57MJLXAUI6A,B0179A4ILK,4.078708697605032
AEZFHZS4BLIBM2BZVUWZ3PO4VFXQ,B0007L8BQW,3.8478601418095404
AFXOJVXLBLYD2KJCO2MV3TVEPEOA,B0723B2GNR,4.8979291248629675
AHLQP6LTDDC5HOP5TELA473KFRDQ,B01C6YZFY8,4.79045904536895
AGNJGGJ7ZVWUJ2CPLO2FCI6UKTFA,B0BQYH4Y5L,4.414403327138135
AGZXSZ3JSHVOVFSVIPJN2AZXAKDA,B0B4SGJRHR,4.648098624844099
AF6PBG7LLN5RCHTOHZ7XQSU6JKYQ,B00WJ3GS16,4.087941960366795
AF7TNRCWEV4U5PMRMSMUOULNQWFQ,B01GKX638S,4.324783072944145
AHVMNUYCMLPJIGPR7BKLLJLX57PQ,B00IFOTSJW,4.625710182430103
AHC2TT2NQZJDTZG56UF3GGLO3WCQ,B08PZ5FQ3H,4.512768263110784
AF746O6B6UNT4OC4TS7CL3Z7TAFQ,B0002E3D9Y,4.413672233682027
AF7UCCPZPJPW76PNE2ICQPJUQEYQ,B01JM0WCYA,4.62291220058224
AG7SOAQOQ46YSE3DL24EILYE4XWA,B071ZQK57R,4.070155308909337
AHJPWPHCWZ5MX2UY6CNGJUNBWP3A,B0B8YX1H2H,4.53597672320558
AEIORS6YPYMQBLYQVTB6OLRC45UA,B01DK40R3M,4.677248140945732
AGP6DVMFOPJAIJ2AU473OUN53ZGQ,B004X7OIRC,4.154909133153585
AGEHREYYWFDH6O3NOOJSPWC4JSXA,B0002ORP8O,3.837816465698767
AF62V5OQ5N6AXFIPEC5OW3BITFCQ,B00WQI2TM6,4.378877635534484
AGQGQNKQEUZLXVMAD37CUFLLGMMA,B0BKB22QPB,4.6924271174970995
AFH7JZJO6B5MCIS5RII5J7JG5QOQ,B0018T62KE,3.357573719689179
AHZER36Y6IL7USHGBCELVMN56VOQ,B07MLM8TGT,4.1682475129771515
AFOAF2ZM5JEUC4HEXDCSQVRN4VBA,B0BK6MQF3Z,4.095633132614622
AGXCLEGTACWVEW5H6T4S3Q54Q7DA,B0745KXRSL,4.635874645852605
AHJMSTODUTOUDOTDQUB3W3UUL6MQ,B0BSR996X8,4.918382526158001
AFHEYIB5M5MYLROKZ5IEMZSJDD2A,B097JDV3FW,4.868707004887274
AE5GU6FB5WPUSX37JGGNXLS5MNLQ,B0179A4ILK,4.76679554887353
AH4AIWIVLN43SGJGK45W4FCJB5GQ,B01MF9H516,4.783003068248902
AHBZTWSVWOVGZACP3DOO4IVRVBLQ,B0BFVMLVWB,4.588103201486877
AG7D7FLX2VNKHIEPOEAYLPKEPRDQ,B0C67HCGBR,4.827506051875849
AFUAJBFLBR2QNLGZJHPH4NXW6TTA,B07WTBV69J,4.7595800850498104
AHR2T6WRBZHZQDINIP4FEKFMJLGA,B08R5GM6YB,4.79443908978352
AE5MM5FGVZCIPU5325CBSL6BL76A,B074QKLW4N,4.73586423213141
AFEJOKVEBOJR2MZEDPCEMXEV5C5A,B013RX1IJI,4.603765307533712
AE6DSAVSFEUJXG6Y6OXSNBF2GR2A,B003YJQX1O,4.569132632255455
AFUVULLBBA42PQXUQ3OIHUJULV4A,B0BSGM6CQ9,4.674220616663276
AF6KNY5JSYLUFJB4LCANTACTXPFA,B09Z68J6P8,4.4266919023677636
AHGC4VVFAHJ2CYX2C4HYRZCRJGCQ,B0179C3V7K,4.842220150746959
AG2BUODRLIQFESF7NG5QHFDK2KEQ,B004HNZZCY,4.613209163303251
AGS3RJXAVACT2S5EKGAFSWADHY7Q,B07WWK46Q9,3.9367054295698645
AGN7PZXO4DA4KUC3RLI4SUSYXELQ,B0BSC983V7,3.926596536150271
AFN3OV2D5SKJPE2XHIENADGPW7YA,B0BK5CXZBT,4.706336407153101
AGTN3NRGMYAX236N4FCZV3G5A5HA,B07V2JKL3M,4.597544951706821
AGIBAXUNJ4PSY34SL5OCL5GQLUDQ,B000CCN152,4.552341530829336
AFQGYW6TLQ7IOG475GG6WDXHPY5Q,B095XCZXNQ,4.170740035363068
AFMZRMZM6IRXS2JNBEZ5AYQMPDJA,B0002D0LCM,4.564500677588661
AFWH2ZHBRF7EKVOCO5QLDI6XWNXA,B0BQ4HSKC9,4.682191478180591
AEOZYGYVOZH56BYIKIHSZ5VLO27A,B01M9D2C5L,4.700320292130874
AEOJHU6GSSVCEZAM6FEODEONVFOQ,B0006676A0,4.256022556612272
AHOLXWCFOWHLDA64LCMFGD4J4PDQ,B01MCUYAZ1,4.751347045298166
AFZUAJ5PMJGGOVOTKPVCIMQLO4KQ,B00P0HIZXM,4.441615645225477
AGYHFN4XDNHUITNETIXMII65Y7CQ,B0C5NX9VCH,4.7663618351178325
AEQJ4C6IRPWITBGZ3PVJJB6DLW3Q,B0BSR996X8,4.865991751211036
AETZB7U7X35AY44OUKBASKP6TDYA,B000BYPJ1U,4.701601964386461
AFSJBRLZNDADGSXJ7QFLIQVU576A,B0BCK6L7S5,4.522803861972372
AHV7MPSPXX63ECNBQ3XQ4QHUOHFA,B012VQ5A7S,4.623533570393988
AFKFJDNRMX5RUG6DLAY7362NOA7Q,B004XDQFJ0,4.404275862039301
AFFN67NKO4FPXSPUZYCOTZWVRWLA,B01DPCONFM,4.640169654848541
AHPKNOIDJLQBTSKV6OYC6TGDPGMQ,B0BYXVCSGG,4.411761332728483
AE3KYIL2STVS4RZEBPXGPIJWVIZQ,B09KR857F4,4.664040176435803
AHO7ZCW3BZ3GJQXQ74M6LGJNO7VA,B019NY2PKG,4.757902817382063
AHG32NYWESLOGB6OYVPRTO5BJMKQ,B06X1C3GWZ,3.985916597763288
AGNJ65DORLK5QTA3DVYWNSSUQ4XA,B06XF6NF5Y,4.706351113293622
AHJUKDLBKDLRZWZ2OFNOSAYOCTZA,B00282WZG0,4.099808469443375
AGDUZDJQUH2MA6Q6RBVBVV7FIAIA,B083ZWDTXW,3.5541013893960596
AE47BLFQQB354YHT25DB5AK5CYBA,B07B9W2XFS,4.007192415181612
AH6NZEBZS5W7DZHLITK6B5KBHQOQ,B0C6HZHZJJ,4.399385403782702
AHJPWPHCWZ5MX2UY6CNGJUNBWP3A,B076JH5YJK,4.037542425534281
AG6CAX2ARLBEGBRWNL2BPPOOPHLA,B08RYV2ZJP,3.894267337900849
AGWKQRZOH2KLRB3W72ZFRMOTZRXQ,B0928HW2P4,4.83451835821528
AFUS6JTLJZK3Q62HGDKY2MUAVPHA,B07QCQ55YM,4.7689747618299565
AHICPR4QVQ5FMDFSESYDMTT3BDZQ,B0BR2VHR6T,4.646732249558186
AFER5T4ZS5YH5EKB7LNOGN45ER2Q,B08P34KV3X,4.037923924010668
AHV2XUY4DXHZD7RKGPWFEU74NBNQ,B0B7C7PYVC,4.737173882252976
AHV7LCY27PDOW6O6ALGAAK3YW7OQ,B0BPKH4HB2,4.033873621916751
AFHIS6C62UGA2SKV3M37TVTMEEJQ,B005NACC6M,3.8875979313760216
AFWNIPDL72FP2UXKRYXN673BN7HA,B096K4CPC7,4.679873204509889
AFWB3VZAKJWI4UMADRMOKAQ5LNUA,B07JGCQYN8,4.482624620977036
AED4QB2WMSEKWT5RXAVNI6YHOWUA,B0BWPTCWM7,4.366223968729842
AGXQG72Y6EIMUAUYDEY7IGJUQPMQ,B0B8FSCM9L,4.858931209121906
AHFI6EVQKDDMROI4RSVPWF2Y6ADQ,B0C3J448FC,3.873668232655771
AFCLOTB3P3EXMIQAKAZIP3KGAYQQ,B001OAGQ80,4.191218177134536
AHVI7QLSKPBIW75FEW2HYEVT6YEQ,B07QL29XXZ,4.82520522634434
AHK4KM746PZ75TTKIXKIGK5MZWPA,B01K9AMG8E,3.95259165408295
AEWMRA77SLIB4SBUM3KEETKZDQTA,B077XXXZDY,4.651718436763487
AEJLDE2NMFTUMKBOMFJSS7O5SKVA,B07NP7HF7X,3.977027072030152
AETB62XZJ5WVKESTF7USQPQWW7KQ,B076F5W8Q5,4.376178724859071
AFO6RUIVRV4PUYTGNAGY4NLYYYJQ,B0763ZF7FZ,4.052483790842089
AEZDB22RA2Q6IVC7KQHPZQK2MHDQ,B0713R6CY5,4.840033740492117
AGAM4YMLO2I3H573MRATCQBVH64A,B002NG7DEK,4.259641921363868
AEBBQOWNSQ63MFMGO4TTXL3SVOXA,B0B56Z5G3V,3.886743934010818
AER2QRZUIRFMMQHUKONI6X2CASSA,B00008W2LW,4.396352238270406
AHRPH3DCPDNWEDZJAP7L4UJ6USOQ,B07C4HLT8X,4.404024796293073
AFDVTLUWYDVFN6YZ372K4B3HKSDA,B015HG7F3Q,4.3010244279061745
AFJBVD32IH6ZX5BNLILRZIPUJZZA,B08R5GM6YB,4.627955241402057
AFZ3C46427HBPAJPNFHWADDIBGXA,B0BKZ5N3PC,4.18955920309162
AHJTAHSOTD635R6J2KKZG6WVR3BQ,B08NVVLB16,4.844525460431794
AGHPBBUCMU72JNN57OKEFJ472UUA,B0777214NC,4.878183891453956
AHU7SOTUAYWHKXXEFAB4IPX6LJEA,B0C6H9T5T6,4.6134233586332
AEWWKKSI3XGONPAWUPUVPXAACNHQ,B015WUVA5G,4.7622394570864195
AFAECBWSG2ANSNDXNRJVIEEYJ2CQ,B09V91H5XM,4.673921712670353
AFXVOM24JL7OMMEJEY7HEA7DYH3A,B08LRLRRKM,4.573305966271821
AGSQ22VXCACZVWJ4XXFTNVMEBQYQ,B07D1WM2G6,4.594248461119408
AH3ING3LIZEANVWVY3QBYYB6EMSA,B09M7P8SBH,4.751275577769148
AEQHY2FHST4SMN26QCWYA5VEWOPA,B00WJ3GS16,4.506477665162967
AG5A36LEGWKOSS6FKTBMH5QM6PHA,B09HCRTKL4,4.362978372516308
AFGQTSA5VSAM326LO6ZKAIWIFK5A,B01DE4D4LU,4.417438000911528
AHPNDZ62QLYS6OQRQ7UGZ4P36QQA,B0BBRMGRTS,4.581375699388586
AFEYB24M4HNZQQHWPJYMJ22PLNYA,B00WHLLDWO,4.546233950444006
AHRQPFLXCGZAB57SGBOJA5JLOEKA,B08KHSBL34,3.6987477762837115
AHMIJ4JOTBVZX7ERWMM72CRSEQZA,B00BNVHCYM,4.705041403198061
AFJ6BNKTPZQXGEOAIOMMCSESJS2A,B09857JRP2,4.905384654657482
AFLUYFO2OX32ABMQAGQZDRCFT4BA,B00557KN28,4.6840293170737475
AFCTA7ADJVBKAOXVHUHMRZEEEE4Q,B07226MCY6,3.8492316328740976
AHTNHU6RK7ECI3WRIT4KORNYQPOQ,B08BHXRGML,4.640033740492118
AHQO2Q2Z66EGYUYBELDADP4L2XEQ,B0BZKBPRVM,4.601504124092839
AESJNJSZZ7STVVZE46RTE2OFYISQ,B01LWWYCRN,4.681615800896698
AF6LC3PL7ATCSC6VQ2SX4PS2JNTA,B08RS1NGLM,4.234775157002067
AHRP6TT5VE2NFIKXCBU24SD4PRGQ,B010GPFRUQ,3.7936612442729496
AG7SIPR7YPAEQ6WNUUMD7M2YUEXA,B09857JRP2,4.664119419682603
AEPT6TMOHTPA6V644QQVM5G3PJBQ,B082WVKSNG,4.874878254165607
AFFHJNYPY6JKYNB3UHWETGBAHFUA,B0B41JFP9C,4.0785859739337935
AFLZHVQKCWSLQM5I2Q2UZFHDRSBQ,B0B7Z4Z88L,4.484317183989059
AFKP7GPURJA6SIE2IQAPMQVFZYWA,B0BXT41XC6,4.8700090069453426
AGC7JARZMJSMJFFKT7LQXZ6QFZ2Q,B0C2X15CPH,4.013944295635413
AFTQL5KFH752LH35SF5UALIXNSXQ,B09PWCF6T9,4.660838377553203
AFK5JSKYDDZ5I7EZGR67F7ZW64VA,B003IJ3WIW,3.8919204419761106
AFZHQXVBWWHO3F5JF2CEUCABVAHA,B00CPLODUU,4.795087273940315
AHO5LUPMSZT2ISIN24MT3W37CYHQ,B0009FUUOC,4.112446897889002
AH2F6A7VS6CDBSJA24NWYKBEWPOA,B0B9T61HDX,4.82975724212088
AE5OSZOY7GGHPWRN5V66YTEY5FMA,B0006LXW80,4.476709080190444
AEC6SU2J4YKKWPYWR23LZX6MARNQ,B0023BYDHK,4.266855763293389
AEZC3BZA4JBY4JC2EYAX36FLTMZQ,B00MCBVY2S,4.8739938542711085
AH2J57YBS2WIYAEGFZGJZ7XYB7GA,B07BQ8JQZ4,4.461797323855459
AHPG3HA4SKQBIGAPE64RAQ7XQQYQ,B0776RBZF1,4.670717339963511
AHZKE7W7FCLQLRXILNZZBNW2SBSQ,B0B8P1YW7L,4.581529704400264
AEF57CDFWDBRC4QJ3RPLBAHB2JGA,B01DK40R3M,4.30546180310027
AEJD6FDFMB7DIJQER7XLWZFDNMXQ,B0BLP3WRKX,4.695980750701022
AG5XY2G6FGRKC5B46QB7DJVWBK4Q,B07KJ3TD6W,3.8276538295677414
AHLCWSDDDARN63GR24EPLCPAO6NA,B07CYRYQ8G,4.671940403597031
AGMQD2OLQTMWCPA23Q4WE6TTSKVQ,B00F20MIC6,4.382922687536645
AFALDYQX7GLWJOTNR2IEZ7EUFCBA,B01BNTYSKO,4.574744059281853
AGHZISWZBPUB2LLPQLT34LBJQWBA,B07Y6TSTS2,4.596084701658464
AE7HSNODYHJTFA44QPRBOTYATBJA,B0B3VDFKB3,4.222100602810064
AHBV7TH4Z3WRRKXUIDAOPVUBIR4Q,B00IPHISW2,4.771878577152788
AEZG4SHN6EDH7X2I4NPMCSN7MN7Q,B003GEBGA0,4.33008860751354
AG56XLFPO5ANKABQHXMGQB2DACMQ,B0C67HCGBR,4.7890974413212675
AGMT3DM7RJH3CDMI2LSTWGOF7KNA,B004XNK7AI,4.4735504430823765
AG34YJOTCJWCEA6XGG3NWWHDSQIQ,B074QGK1F5,3.905677374576297
AHFVDOBDHD55X4YG64AXNIVLJAJA,B09VBWXMBC,4.609774429562016
AEGMDORZJ7HGMQNUKQVFCLHXIE2A,B017NT392Q,4.259850678626368
AHT5LYU53R5RY6DIEZYSG27SJ3PQ,B07DSY3GGH,4.521240328064134
AFKMX6JZ655VPVYHBTATZQS4IBOQ,B0B3CYX8N9,4.421090937817929
AHYCLVA25UCDXZWWVHAD3JWBA52Q,B00VK4YXF8,3.725150009753684
AECTWJ6K5LCAIIW6HQW5YJRKGMSA,B08SB7FY7P,4.593062790378877
AEHBB2XPFWP2KFLNNWJGV5QZFOHA,B09616T2BL,4.304944396469601
AH5ORMMLXAON6NCWWCAZTZZVZRGQ,B079G694KL,4.668016047274234
AEHMXLUUSBFY74Y4VH6O2SNPSXVA,B0BK9Y7NCC,4.631628444200736
AGX5IZ5OO65C7AHLP67KZAZ3F6GA,B00UZY2YQE,3.897700526397603
AHF6DQZL6IPVSACVH44QPVXOPZAA,B095XCZXNQ,4.705240733242025
AE4PRPPY6FJU4EUMDIVESE4SFYCA,B0BK9YKQFR,3.4425608932784755
AGILX5KKY2LVWR72IKBQRYAIJCRA,B07DDJ8N3M,4.315761115842994
AGPXR7X4MR7MLO5ZZ4TTT3ER4BXQ,B09GVP7N5Y,4.555527404153862
AFGDL6B7XAOXCKQCPE3VIKORLA7A,B00IXPXEN4,4.833385271871556
AGIGTISGZA4LRJ34FG3FZSLXFS3Q,B0B59363YK,4.802494505953813
AFSJBRLZNDADGSXJ7QFLIQVU576A,B007VOGU8O,4.3514643313995265
AEZVMCJMXA4ZJWUTFHQCLZIQO3LA,B00F3D9ZQE,3.4373128160927764
AG3XMZGR2PAJAAHNRN3QZJUMHEXA,B00N4ZHQ14,4.778856416060993
AG7SZ44BL2TGI5OGPXTHWYRXMIOA,B07X7HW32M,4.300641415427876
AF62FR3Y4HMPLGE3OTB3GMDKRW7A,B079GW2PNY,4.5122259321133935
AGK53XQORMWLVMAMB6WLQFTQDJSA,B00RVE9X06,4.768769329543003
AEYVYMQW7JWQWYLWLCI7ZXFCLIIA,B09857JRP2,4.8262207351041075
AFPIRSAROIQJGPSBTYYFZ6LCFSDQ,B000EEHP78,4.221770037530516
AELGLFMUZF6XHXTBNOCRFOWP6DIQ,B01LZBHHC2,4.323155171573148
AE7EVXVTRZV7QON23BTOMC7L7W3A,B000RNB720,4.730940601409831
AEO4O2TQI2LKLRC47RZZRPVUEXLQ,B00378GEAM,4.169172526685612
AGHY2ZA2YQFVD2NG6OROP3AAIYAA,B01AMQYS3Q,3.8217413781530167
AGHTHSP5N2CZB2SMRT7JXTTNIDRA,B00YJ5C46K,4.728471116366262
AGFUJJJTJMQXQT2PGDBAJE6DIPQA,B0CBSSQ6RC,4.407002644025291
AHBMTFEMUPPC7CM2Y5BZM4WQFUHA,B005FIFM14,4.858122183052285
AGDZBOHI5WXKABQJS4HMIEDWAVHQ,B07YYZY148,4.4993625664806
AFJJYEJZACV5G2MCS3RBGDJ4AC2Q,B07R3S93K8,4.6981871756923885
AF76RS5R5QLSFXIOOD2SLCHYB4DQ,B0002E1UEO,4.827900144832101
AG6XTTBGDOTVNHT22X76U27Y34VQ,B08KRFGST9,4.593689044607352
AFYSLU4BTTUCFRDL7GSN64Y2XOKA,B00006I51S,3.6622556892974276
AEHDYSX54B3NYUIIEIHEGHIGJNMQ,B00ZTRVA80,4.89401625637598
AEV4B2IL77KB6DZHMSAWCXYBJDKQ,B0BN8QN32K,4.5931932833822025
AGBR6PZW32IC3DKHJRFUOOOFLINA,B01K1EJQ9U,4.011816402648048
AGZPN4A5HMCS3LSMETBT5IOSVQQA,B07FL9G2J2,4.681550669015156
AHVJ7UVESCIEXJDPRIYMIIBQEM6A,B01K1EJQ9U,4.5822644600659075
AH4ELMHTLOKAN7TQWQY4C55HWCKQ,B0BFKQ9QXD,4.7642207287442595
AGDHWM2D3GOHKSVBRYUD7VLPTTOQ,B0CBK1WSMR,3.9016725173757663
AEJD6FDFMB7DIJQER7XLWZFDNMXQ,B00WUMGDZC,4.323325524777875
AG6BIRUHFL3WJNN2ZEBGGVPMSRTQ,B088WMVDZB,4.4583217273531845
AHPJUTQ3YBWZYP3HHH5EN6ZKHQQA,B00FBRUSAE,4.524508025448572
AGW7ZRW7XXPS36TJIALXQ32TCM4A,B000RNB720,4.706481278656651
AHLT5ZI2KDKZPDKOHWZNHNQMDFYA,B08M5GP4R4,3.9891977679745882
AEYVPPWR4CIKWX4BGYKCBCDL2CZQ,B07DWM2XSS,4.070280218620831
AHEILSHIJWNRC55HWDWLFHGGBXGA,B07L5B64RG,4.2518536282671935
AHGNZ5ROTYE6R5MXH4MW2MAXMFWQ,B07X624YB5,4.826340140644044
AFMMJAAETXOAM3FMIQHUXVX3ZWHA,B0BHSG5C3G,4.7407277358298305
AGZ3EEUWPVVLQX5LMBBYHNKNBSNQ,B0BR2VNH4X,4.860021431552508
AF6D54BW67RAYIS57D56S4WBEQZQ,B00LTDOL02,4.63504980517253
AF33OYOQ5AYCFNGO366EGRKJQ46A,B0BHSG5C3G,4.152151394499553
AHSSHPP7VQRWVDRV2SX3DGX5MELA,B019NY2PKG,4.612971080266159
AG5L3GD7NG2YX7SU6PPFZ6QRTVPA,B0817CVBLV,4.903447254058995
AFQZL7EVDH43BBKNITQYGGDMWEYQ,B003VYBD58,4.386537380325473
AF7IW7GVLVT5TDXUX62HTHR2VCFQ,B0080HYFTM,4.589403599582934
AGSQKU4Q2KI6P3UWL4W54U7JTCOQ,B0753PSL2D,4.296689490302741
AGMHEZ7SN2RNVJCMIHIRRSKLQ2AA,B00BVH7C66,4.402291472799378
AHNUJ3HAVDKMXMIARLFQJS62VKTQ,B00CPLODUU,4.753565354220651
AGGR6BAOXEUYRBR37SXH3OS73V4Q,B004GTED7C,4.449890145574239
AEOGM6IKVQXQUUMQSLR2DCLDFFUA,B0B14LN9H9,4.435399568829419
AEAX2B23TVTFR32NCTVKUVXTRH3Q,B0085545YO,4.722196555723432
AEQP2AGR3VBXEL62GSEHN77AI5FQ,B012VQ5A7S,4.508468348387812
AFWQ5JUXYJJQDJNYLVVOQDDW2C7A,B07BSQ44T2,4.32046934262814
AEZL252UNZT5P6JOVHEI5YUQQZWA,B00F9SWK9M,4.519079420454602
AGWD6ZH66GXJDVRNQEGY77HOYEJQ,B09JJ784V5,4.648584843752269
AHOLXWCFOWHLDA64LCMFGD4J4PDQ,B093YKR8NH,4.449830755796249
AEQKSNITTVTBWAO4DF2QX4AEEGFQ,B08JMQR2JK,4.628342059186268
AERJUD4NREPMW7VM26CSV32KJZJQ,B00VOQQDHI,4.80511296282312
AGH6SW7MNE4SSGACMJTHYLIKLIFA,B00AHEW7W8,4.211322616564969
AEDGH4ZJ4WGGFP2OACMNEFL6XK7A,B07MTS57P4,4.718863391371023
AHK627Y42PZ5QCH3KLFPDILDERAQ,B01LVXOO61,4.731855208098283
AELQZABAMLATSSMW2HZ7UVHP4NUQ,B09X2WHS7H,4.775799748723493
AGKTPA4K3NKKVKX3RHSW7ZBLZEXA,B07MMJX9T7,4.711618648037248
AG3P3IEYHP4X3XSJF2O5POYE3JOA,B0BR2PXCBW,4.685793679470734
AGNTBJ7AAPSMV3O5F7THNJRKGM4A,B0C5LYJXLR,4.581887402831084
AHWPWNFLXL7W4KGXBI7CLXNK7REQ,B0BSGM6CQ9,4.70853372755783
AENNPX2DQMPLJ3MXV55ICO2JVFEQ,B0BT84L827,4.861858678093713
AHJTJWGYGHVERCNQ6D74ARPC3QUA,B072WPD8MY,4.771572907294765
AGSATHGY2JEFLGFJCRVLS7P2ZAZQ,B0BG3QZCJN,4.2656585444499635
AHREJSWTG7ZCOIR5UQGH64VFN7LA,B0B7Z4Z88L,4.710318913936334
AFNTZARWHIT27SDRJ6W7K5L6PJHQ,B01MXOLC2U,3.874626024613568
AGP2NR66453AJZJAYKZGSMONZ4KQ,B08R5GM6YB,4.1610275304864
AH3HK4DWLRUQGGMDARSGQUCFH5SQ,B093YGS1F1,4.374024532438078
AGQRZRABGRFROFNJTQZMDDCTYEGA,B00P0HNZIM,4.854406458290476
AEHDGDGGA3LRDSWZFJMT3WMH44YA,B00KBMLAV0,4.6405355763050125
AEHKE5RUMRAGDMP46FET5XXO764Q,B0B7C7PYVC,4.65143829954353
AEALTR3WRLHHAJKW2AHUSVXM4HBQ,B0876XPKF2,4.8010548586561805
AE2UV6XH56H44OZBF3FY3IBS37TA,B0BRSK33BC,4.862378158613194
AGJMEVYSO7X5NK2AJQE3EJ4WXA5Q,B00JL5I61A,4.769069650057534
AHHJ6TAJ2A5C2ERCASYIVDZ2MPLQ,B07DLWYV8D,4.5903768087964805
AF7IKYKBWRTMMRKSY6EX6XUVROSQ,B00X8MTF8A,4.872500541951541
AEIDDQKJTJKBLHHGL2PLHQJ3MBFA,B00CPLODUU,4.762175901343573
AEH3ZU2NCEOSSG5U6A7E2IUAXTSA,B001ELVCDS,3.8134805688756357
AFNNEAHKPJUUZYP7P4OQLYZRNBGA,B00N5THDR6,3.90985184451139
AF4VYLI2QY2N7S65KZHMIET7OGOQ,B0BZ5QTMKT,3.652330371103958
AHLFJCO3SENFEDTOXOS5VC3GKSXA,B072B9LFT6,4.106179141493095
AEUXDHRV2CR5QPISL7NDDA53633Q,B0BKZ3CWFB,4.645974595709151
AFNG6UYRKINSI3XFGEQQCUEM4TIQ,B07DLVDV7P,4.56077900716413
AFFEU3PAMNMMVAU4GIR5C6ZTWEUA,B098HKC55W,4.442825738902032
AFROGD4V43PJTAAXM7VM65I7MSNQ,B07CYRYQ8G,4.765803014347169
AG55KFZWEFWIAKRCFI26DSGFWWIA,B01N7H2MC9,4.509003680011779
AGP4UN72BALWFNKE3HRVAD4QJPHA,B08D3FJ89Z,4.6956804197606345
AE6R5VSHXSCOZJBEJY7BCRM7A6OQ,B00USQY0CK,4.78340567505972
AG6FEJBYZG6XENCU4HMJDCA6JDEQ,B01KZ2FNC2,4.59263400350255
AHCMBNTJJSO5GFOY237MCSUWF6EA,B0938Z4GL9,4.65101274535232
AE4JPPM4YPZ4EONHBXME6VWPVS2Q,B09B23G7CV,4.468899983437204
AH6SYHVVXBIGMJ64CYW5WAMWBN4Q,B00CRQWMYM,4.741435191012004
AFBHHG3G72P27CDV2NYZZNOPY3FA,B0002II7H8,4.773392440665187
AG54UZUGNVHJ6PMWR2UNOLT6JBUA,B079P9LDHN,4.586486709262497
AEM3GBSGBAZAIXMLJPZWLTGZLKUQ,B09RJZSQML,4.4180837387829355
AHIPKIT25JKKXMUL332SVAWYAKBA,B000RVWY42,4.572678645176904
AEWVY5ZRJMTOERFYDSSK7DLIHB4Q,B00LIW74US,4.370430366845273
AHWDSJPG6MXWPQ7QHW6ULI2TON5Q,B07T2JQQWL,3.9884806281444147
AGOLHEMWGJZDPJH5VEDE4BAX2Q5Q,B082NLXYBL,4.911893900176096
AF727T5FSA22URRDLEXAXCN3WANA,B0002OOMWQ,4.657793555726917
AFAENYGNEYSKTWHB4TJS4LOWEOEA,B0B2LSX437,4.792133775924214
AH2KNTQFU4DWMQIMTDLFSMRQHRYA,B0919HG8S7,4.289056310925725
AGNPLC45E6ZHOAPYIFBXMWN7D4WQ,B00NKD1PUI,4.599798098624559
AGYTZHAQIH35F5453PC7TJPJANTQ,B088FKR9DL,4.728477270880925
AENIOTT3B3SCW5FULPGUQVXIQNTA,B0006IQNES,4.403825181560396
AHQ542HBGYLNPQF4RI6RO6QOURUQ,B01LQWRGQG,4.745270955571053
AEMISRDYQCHSNOXKV6TQ67X2TIOA,B07D4SR8GZ,4.663796014631477
AGH6OS2UAGJBXXQTRSAFZMYNZQBA,B0741SXP2K,4.873932255273218
AGG27DPSZPNB4PJCYVJQAHYAFUUQ,B07DWVGJFJ,3.854004132548562
AFRXHIJEZEIJ2RR27QFNY5ZUXUZA,B00JER27MO,4.4920075207241705
AEFMUJVOH4TJSOXWZS2TEJXEGMKA,B0002GH8X4,4.538583770178364
AH4SBH5P2GRF3ATR6ZFDDWJVOAUQ,B07MZVLGK2,4.049093538772859
AHAVMJ7OKLRLFKHUSZEZQHPQCHWQ,B0064RGVH4,4.739428760487403
AG6DCMMH6QAKQBX5R32MBRHYPEUA,B073PXWMJ5,4.634221949760616
AF3TDYWL7K5SP5QCBPPUDK5U3N3Q,B07MBRKNJY,4.2874400313248975
AHDSPCS2KLFJZYAWCB33VTXCBUWQ,B00ADHKKZK,4.551438769730038
AGJGLCZKE5735HGK27G2B7QZB5UA,B07N5J7CVC,4.6608360466818315
AHZCAF6J3GPLENOR4J3QDYROIORQ,B07593G916,4.094202124341494
AHJSTQD24P73OAMTTNU3PSKTIVFQ,B07MFYHKLH,4.770103069880893
AH62HWTT7MJCJM7V2B5LS2VTQBRQ,B00BSUHNWY,4.3173507152110675
AENFQD5EQBOPKB6TB7AOAD5QQCOA,B07ZW1GBVT,4.398190843930515
AESSUWJ57ZQ6VRMWJYR53UJT2H6A,B001CWWNPK,4.803450365328197
AFUH5PW5JCRI3ZK5T7YOVH2L2PJQ,B094DT5HKF,4.25100417068948
AFC47CMQFYQHAJCVJDTX66O5UMXQ,B00I9FL3OA,4.505979964960542
AGVXCUZHUPKIIGZ4E6A65YW2VQ5A,B01ID5PSQE,4.038083242254618
AECYVZ2FQMWVZ2OCKJH4DD3MKRSQ,B0BPLFP5P6,3.790828408317613
AHDJXLYTHRFPB4SM2MPEPKKFZXTA,B0150ZL6ZC,3.823048307021241
AH2KNTQFU4DWMQIMTDLFSMRQHRYA,B004L66AM6,4.51119323084318
AHUUUJHGOH3CGI2ZIESN73P236DA,B002PAY3WY,4.259393488751078
AFM6772ZVF5RAG2G6FNSDPTPPA6A,B00724ZD40,3.9666629811131164
AGYIZFZNV2I7BED4TZPYYES2WSVQ,B0C5LYJXLR,4.467939231042088
AEDZCUIOKFTDVAQVJHQ5P2TU764Q,B09NYGRGZG,4.819793308229363
AEVK2LOLAR5L6ASVKZ5JCIZFUFEA,B00UN8PH4I,4.58139025771985
AE6F6FUF2XLO7544DKKS3PJQCSPA,B09R3KNKKG,4.211027830524523
AEPSSRGHHNMBSJ7ZAU4YQFX6HTTA,B08B9H12NJ,4.657541992604244
AEN3VO4XP37YOHDZPO7LBPDMZV7A,B00NS76420,4.79978860886412
AGXFCJEB7DMPI4TWBCCG5SRU4NHQ,B075YF8VTV,4.074815097555549
AHTRLPO6Q7FNLBNB5SQSDPLC6I3A,B00LOAASPC,4.846677273864721
AFJKBA2YPHYNG6RCLWEHU7SPHP3A,B0B7C7PYVC,4.281106010012172
AGACR42ZBWUG3LEZXWPINXEI632A,B0C3LH1GK8,4.584273920724337
AH6PPA7VXXYIJGZQTWTNJKWNT7HA,B08CSQNMN5,4.811199670743745
AEDJWFGRV2TQQ4MBPEW2HWXBIJQQ,B09LS8JNPL,4.362672803715036
AEZJ4NN57GXPSGHZSRLJQBI7VIEA,B01K9COJZK,4.648657294753661
AHGTJA2GQU4VEMRCUSHCWG6KBVRQ,B07KDSZ2TJ,4.785233849676986
AHPVEYNYRWIWUR6ALVV6SXWJHTPA,B0BG4BZC5L,4.498314196363867
AFUXMV3TZHUGSHBTAVORFUPWPCMQ,B08PMZQXN3,4.681624180314164
AFBIB5XMB27ZIUM3YDTESOKSLLQA,B0002D0CEO,4.499560570770312
AEL3H73S6LPVYZMX4XNIJKLAN5LQ,B09WF82F1V,4.286889709263129
AHXPXPEVFEHR4IDBFODOUJ655RCQ,B08H7VTXWK,4.8388348169613264
AF4VAHTAJUP5UY6BOZG623H7KOEA,B005N2RGJ8,4.347480633187867
AHTLRQ7HCERAHBTOD4QGJ4CE6WUA,B086543FTN,4.330031497926322
AE57MRF2R2ALCC6H5WQLFKT7KSSA,B01MDTKJL6,4.742377740976015
AHVHBTIWRGYVFBVNVV7SSK2W2RYA,B07KJCRYN8,4.244770432413452
AHAQCRGX5LDTNECMI7QBBDW2PNPA,B0BMLK658H,4.198615317679899
AFCX4S7V3JE5PYVC35ODD2QFQDMQ,B0107BCV1M,4.724723121153293
AF3MFUM3LYI3NJ6CIDOP55YQUFTQ,B0BCXKFMKD,4.42028154518444
AFXJQJSOXXAJPJZWDUOFGVMMODDA,B01N4OMRVG,3.7939543860702845
AEH3PVS3ATD4V36TYF4TQWHSQYBQ,B0B8LK7MTH,4.593852769444318
AEJCALFWLC5EMGDUDBO56UBJM5KQ,B00LA10IUU,4.283170293187525
AHO5IPKZNXFFG2LYSCTINORZG7EQ,B0BX8HZ5RH,4.140044020814635
AFUW5HBGLM3ZZIBCPECGAZJM7TZA,B0B863M78X,4.286427522257567
AGOE4EACWAS5GX6JQJA64IL2GOJQ,B09WN62986,4.477598941896767
AEGXBV24JARO5YODOIXVJHUSAMLA,B00FFVKM2U,4.513814730912143
AHFI6EVQKDDMROI4RSVPWF2Y6ADQ,B07CBNBTDX,3.986720522177853
AE7MQDANIJHUB4ZJAEAS4VW5H2BQ,B09PRKZ6FN,4.8672446096352955
AENI7OCA44OPD5AYJKLT4GGVJ42Q,B00HZZ60T8,4.332360446028115
AGGBMOAWS3H67EXZE3HLYZELWTHA,B0035FZMYG,4.524928022329368
AFVESKR5OLU4YPHQ7IOZEX4NMTZA,B09Y1X5BSC,4.881730712521926
AFO24CAUCZQKEVDR6FMRJHOLEE5A,B0BPLFP5P6,4.5098823416203375
AGY53AAWLQK5O77H2YKXCURQHNTQ,B01AKRA4PS,4.692079884701929
AHCJBJK676NVLJIT2ZVJGTUHYFUA,B07B9W25ZK,4.185618833409911
AFSZFCI46YYKGFOLMIC2HVK3GEBA,B0007ZCHKE,4.822633379539965
AH6HRKTAVOLZCRLMSUZZXGG433XQ,B01LF4CK16,4.859817713701731
AFOLVUCMQX2AWNFNL2MXNJREMRTQ,B00CGFRJ2Y,4.2721413334633365
AEUXBWFT5BBSRCEMCENVYKF6FBJA,B08DM9NFLH,4.786634601153527
AHUPJSMPURGM4QXXHW7VZLHZHITQ,B01N5KND14,4.319712990373832
AGN77Y4XMITXHDOOVYTIS5ARTU2Q,B07N1RPV4J,4.4718072634172445
AHVGICSVXM66E4SXX23PH7R3Q74Q,B076BMTW9P,4.55502477638529
AGNCRXC7PNYQJW335W7D4KFZMGHA,B09M7F7LFB,4.840298046674931
AEPECTTZL5ZGQFXORB7SEIZPI2VA,B01LF4D8M6,4.744172448429959
AHYLUUYP3BCGFDZI3WDZCTBJOTGQ,B0B7J6G482,4.594865930218465
AEPHL5DLBHV6ODQFGHNFGTF4ICRQ,B0B962GTW6,4.691824980854684
AHUXXNY2JWBI6E5TXSK6TABTFZFA,B003Y569DA,3.5753020508483564
AG3ONVHLOS2J6G74JMYOUZUCO3HQ,B09RJZSQML,4.8605936443611695
AFJOM3QSBWP235SSF2LLJILM7IYQ,B08LRFCDTK,4.469847277887757
AGPA33SKOCJTWTGFFT57MKFWHOJQ,B001FSZR4U,4.408576057846796
AEUCUEBGAFLLTG6WQAJ5ZLEAPP4A,B00ZA3FXEU,4.78709417309938
AFAECBWSG2ANSNDXNRJVIEEYJ2CQ,B078KTV8L4,4.494315174326511
AGSEJS735DIWWMUNQZ5U5SBVBFRQ,B0BXX1RRNT,4.910410618671341
AGSS2AHFN2Q453OGXRQCWBAWMFSA,B06VWY2VGQ,4.789487650066923
AHCDQKCODVZFMU37AXNWP4ZO5DWA,B01N5QPY11,4.591494355027811
AF7Y5TEAHQVUWVVRC546CEUAEV3A,B079TLFL33,4.3192208995748596
AGCLZ35MK2SSUC45HURQPQSA3H4Q,B0928FMP3T,4.002352702740642
AHIPYFGEXWYKTWY4AQRE64CYHYJA,B07ND5PQTP,4.6074289743660595
AHH3LW4BOPFAI6XNV72G5X4V37GQ,B00MB5F33Q,3.6149844194568956
AF5KJIMQXNEY7M5U5YM43QPCO4PA,B07CBT4SYD,4.90420149603701
AHFJ7EQIZZ63YU7QCPV2G3YRUXVQ,B003AQ1X7A,4.349078104900785
AHZDPIFULOIQLQQL2OCN75SJ6DDA,B075FW24C5,4.705294701068437
AFF337BUMTSPVALCH5ANDUFQBMOA,B0919BN3QJ,4.503366968598657
AHYZYJHCUREP7YXJBMOKBX3XGGXA,B09XT7G5D9,4.527188594428395
AHSHT3LCIEZ4A7BANW7CH4VZZ7IA,B000M23OQ8,4.350630453082363
AENNORCDOTT2KFT5WUIK7PJ2EXOA,B0BCK6L7S5,4.039621705861161
AFJSSKOR2YN7U3ZPEMD6LMDR27YA,B001E95KEC,3.898625243862785
AEITDL63LVSM7VYKAZ3Z5DXM7ZOQ,B0B5DW6F95,4.592542628858047
AEG6NGV3ZYGSVEXM3UPPTB3EJ5IA,B0BPNMSDGB,4.8677125625391575
AFH6AUO7HH5PMJBRBQGQQKDV5HLQ,B0C2XTZ1FG,4.595889625016074
AGYKIAGDM4VSGMIOYEO53W32U4TQ,B09397FWYW,4.84551177269922
AE5XF7B3YXXLCP2TIYR3A5WXZR6Q,B07BW2JNNL,4.511600553868831
AHO22GV5T3DVTJFKC3KZEH44LBKQ,B081P1SQGG,3.893691774243003
AHUTJQWZUJEBOJOFMRJ34TKWOO7Q,B0002H0KG0,4.614051648093891
AFNIJGBQBLX3YMZ55X7HXJODEW3A,B0BR2N43GC,4.859780756015791
AG5QJWMXSGR6QK7CTCJKXRD7OSOQ,B007MY5BII,3.485661964394314
AFTEWUV2FV7AEPP34WF522DN6ZHQ,B00RMCTTLA,4.8942186804009795
AEZL6LMUCBRQXIMXHRDKTS3BDT4A,B00USQY0CK,4.7796687989337
AG47VD7CFGFF3JTPR2TJ77E7YFWQ,B08CMHD5HG,4.842452133841492
AE4CZOBNIA2JBHSCGWURXDSFXFFA,B07CRK35NG,4.052978494397154
AGTN3NRGMYAX236N4FCZV3G5A5HA,B09CH8SDPD,4.588583253273987
AHTZI4VQW2QEL7SIMD76QED2FZBQ,B08FDBCYHL,3.9048921017105505
AG5G6CFL2C6KFLMBAEZRTQGHRGJQ,B00OYUSHJS,3.8466696037321064
AHHLI3DUBKFOJVM67KO5MCJYB2CQ,B07GFH8NTB,4.87033742314452
AGOI33LLDPZDPGEEZ7YYC3YHZXJQ,B07DWLYGKH,4.419581654528424
AG5ZHK6XUYHCHSDTU7ZTNQ4T3BHA,B0BCXL2V52,4.683716755972884
AE3C65KC5Z5EFPTLXUVX3USBCJ6A,B08ZS312RW,4.5433722854160195
AG2PXLWDUI2UYFBTYP6HVWRPGHBA,B0BLS86TMC,3.785580456152989
AG5SV4UPCDKZAVM2SOW6CSWR4EKA,B09QDL744G,4.596680198955506
AH3GHCF4DAUITRH54A2PYKITUUUA,B0C79QRDQV,4.856931710815729
AE7DH2WBBBVXYONNKZB44RWHPFHQ,B08R5GM6YB,4.405242217986779
AE7I55SG6HP2PAJJM43P6SCUGZHQ,B0007OGTGS,4.3233388635024035
AEYCKX4UG7JTHM6IEAXSCDFIMS7A,B016P20UC4,4.668759307404359
AGGRPYA34S7CHDII6NQWKUXV2HCQ,B07CQMWWLV,4.211728084983925
AHY32JW7XO24ION2N7XRFFTEPDZQ,B00WJ3HL5I,3.986945156388845
AEIRJK6XP4IQL6LQRYY3MB4ACPZA,B09B15BDHS,4.83381560923576
AFQOBDTUZ6K577Z5JII45DAEE3QA,B00NPAMDQ6,4.245066002962567
AFRUEAFOS7NHZ6FXCVPJZS2N3W2Q,B07TMJX85D,4.1196899938309315
AFRHNWS4YBZWFQ4NKQR3Y3Q6KRPQ,B08NVVLB16,3.961119385527236
AGD25H7BIT2JUXSIOPYCYB23J3ZQ,B0BKZ49HY7,3.9826231757337043
AFGRXXJJJICG4TODNZ76JDIREHMQ,B07MM2MB36,4.433361433882212
AHPT5VH6DDMZ53ZIQLHI43IKWD5Q,B0BZ1J3BW3,4.00076608611973
AHWHUI3ITEZ6AZCCNNS2J3NJ3V7Q,B07795XHLH,4.4864605949102945
AE2OU3FDXOGNHVIXGRKRHY6YTMMQ,B0BJZZFSN9,4.4559487195410465
AH7LMWVUNU47H2UGVA5YL54LYT2Q,B07C9YCY5J,4.102632580149142
AGEKFUJBRKMYZNGEQKXRLT7BZHYQ,B01M9GJC5V,4.346889828299684
AHEWHPQAQCJLSMYNCMCO6BE3Z35A,B00AKHACKQ,4.605567965880175
AFHNY4XQJCFWMJVHGKHLM2HWRCEQ,B0BRQ9TQSV,4.826082503357435
AHUGRXKGM5SXNLCLDPVM2ORW2ETA,B015JTEBN8,4.727919465737709
AHCIO4Y7MASS5GHGAZNOPPTXFTVA,B0BXZFS2QH,4.560478492120865
AGSAX2LKQSD72DSW2L6SCMD4EP3Q,B01DXVB4RU,4.330268266071172
AG25IEYUMS6V4XO2X4GUWVSPELOA,B01KDK4Y0S,4.165494557210158
AGGA75GROPWR6Q5SURTTHTERSIEA,B00EB11ZN0,4.204413399860983
AGSWTRJPZ7AVS2C33JGND5BQ6SMQ,B00JA8QD40,3.5813040763312745
AG5UDX7F74B3F3C3HLXUYZ7DLHSA,B000BBRZ3S,3.9341869549113397
AGAYXXFHOG2JKZIOECPCKEXXFFHA,B000VBH2IG,4.413320144308512
AGWSL6RCSUEPR5RGTVMO5HERQUEA,B0C3J448FC,3.8377278683565144
AGGZLLBDARIQDZYZVKDHFNQHMHBA,B00A2H0F06,4.477946015830128
AH7EHJZ7VFDDVGAKECCTD2LE37ZA,B0BKZ6M28F,4.81794811165454
AHSZTRTGI7PXRM6A7BAKGDAM4UEA,B001E95KEC,4.679497109392162
AG7XGCZBVPKOESEH36KTS5EB2HTQ,B01N41SI41,4.603079849108873
AGPGFAWEV6DMUQTM4O75474IQW6A,B0BXBG7VRD,4.742016652106738
AFWDUPX3IRJ2Q7EG4XASQCFVKD2A,B017DNZKZ6,4.001515839578893
AFVDGBU4XGTVU5SSHTGT7WZ6TAIA,B0B9XK9WV6,4.450388432656711
AGXC6I5KLD55XTKY3MVT36GEXOYQ,B0BG95DG2H,4.789861573124212
AH4X7UMPWHH3CEEXAEV5IRPYLWEA,B001OIDXVU,4.033718964838564
AHS2IURF4TMP7GGTLVQA2IITYLWQ,B0BFRR25MY,4.343675169519351
AEBGYELMA4BKQPPWGIREPQXDLGQA,B073RBWJM5,4.82127373921062
AH3LWB7J5AISEPHX56QBZGAF7RCA,B01DE4DTAG,4.555689863326353
AFF6DVV7X33O2CGVMEZHESC4XWLA,B07HYSYXTT,4.473253419666271
AF677ONY3CIUZSPX65QTI7AWREWQ,B0BK9ZT28X,4.937772310954076
AESPIYN2KPFNMATAZNRXTGG2RTUQ,B01HCHDOTM,4.299907135999259
AHSOKJ6LW3KSZSLP2ZTGJI5KP24Q,B0BLGC3C1W,4.4858479807933325
AH7EHJZ7VFDDVGAKECCTD2LE37ZA,B0BKZ3GCGR,4.747442973367029
AHX2MR6NLBEPURAZZUYFARJVHSEA,B09TRX519R,4.885231380023833
AEOJU3MJ5EJDUXV6N2OJJCIIT3JA,B002AT4UJQ,4.551301277527756
AFCXY64SNU4ZEGUUPYB47GTK6EKA,B0B2D98XV8,4.556156441567722
AFIJ75JQSAJKRL6RFKMSLPMHA5AA,B00NL2XSD0,4.619305121778451
AEKWBJWW7BOYFKFPF6JA4GTM45ZA,B01AH3RSAO,4.598906820291424
AGWYFSFSBGELWEVIJSTNQFP5QOZQ,B0B9XPLGMD,4.917600017168694
AE23WLBRYKEC67DM43M6E2MF7GPQ,B07JL1KFT3,4.711170094643782
AGKHNAF7EW4PWLMY7ADZ4RD2QHVQ,B004XNK7AI,4.79758936308885
AEZ2WBDBIEQYG462G2YONYBGZVZQ,B09YDBKT7M,4.805019675200402
AGXWBFBAKLMJWMQIC25BQF3IU7TQ,B0B23JC8PD,3.8110816797355813
AFN7RMFT2BS6WD3R2E7GRHL36BXA,B0BL38ZMVZ,4.799807626946528
AGUQUN4TIWP46MPNHP5QOPOPRFPA,B00RYESS7M,4.338802533684028
AFJUEJD4K6TCPOMWLOYABXHG6JLA,B09ZSKK72G,4.6802414781710455
AEMT6J7LNK3BZYPCMUHZQJ2IN5PQ,B0B7QWDRKW,4.459554651458927
AFUENSIC7Y26UOKSUU2E746FZ7LA,B07MJJ281Z,4.839334439792816
AFP4F2GUVJSNPRNCQA7DFDJRPV4A,B011N2VC64,4.66245356698885
AEZRHGN3PPKROE7XAYOIA6PDJUOA,B0BTC9YJ2W,4.719447131056597
AHHOIY2ECN3U5FBXUEG3ZIQ44MXA,B00N4ZHQ14,4.4667115269170585
AGIJG2YRPFZJAF4QR2XMXAQ6BSFQ,B07C9YCY5J,4.664398093070438
AEJNAAJJQTE2G5BRC3G6EE4WTW3A,B0741MZ579,4.397094176811825
AHRPODCFJ7UNWQKCLLBKN6BQIN7A,B006QUGBVK,4.517973746968915
AEYO67OSVKLYD2D3AG5HNEA7IMVA,B07NDJ1HSG,4.697163847981402
AEZ2WBDBIEQYG462G2YONYBGZVZQ,B00CK2DM7Y,4.343804866055984
AEOJU3MJ5EJDUXV6N2OJJCIIT3JA,B0C67HCGBR,4.8559180046309525
AEAXAJACFMXIAAH4WOHRMXPSZWFA,B00DUKP37C,4.698817759343019
AH6PFPNL6Y7ZGHCKZIIFPCITYN7A,B0BLLKKFR8,4.7103777643240115
AERO2X3UKXVIUEF26U5PKLV4OQAQ,B0061OPQK8,4.718795698270048
AFDM2QBXR6TIAHRT4FMXXWHKIEBA,B0BQ4HSKC9,4.042048438321429
AHVJETUIVOX67X5KWFJE6WSD2VNQ,B07DM15V6P,4.8581072897065525
AGHGVYWM42DGOOTZAAZ2TCBOWQKA,B07R3S93K8,4.000264090220755
AFY5TUCEFE3ANITHUXSRWTZ53UWQ,B07624MRT1,4.736935062947721
AG6ANM7XF22BQPWJZZI5TGVZ2BJQ,B07JCW1KGG,4.552682627088696
AFAQZYGOFDSTN3VL4ZBOEF5NJYHA,B01DN7OC00,4.734802403362396
AFSBFTCD4LW6WSHA3C3FMQVLNTIA,B00OQ3APKC,4.553183592210004
AEXA7NTPDY2UXZRU24M53A25SERA,B0BHSG5C3G,4.738690750187329
AEE3F2XA7I3WFVWAV2VZI2YLLELA,B0064RTS0G,4.899006565940408
AFBCN2VOZS4B64F7FKKWDK23WJ5A,B009CPFPFO,4.250336326546094
AHZCMDWRRLNVO4S7S55JDJQVLUVQ,B07281RLMX,4.322989113974435
AGCI4677JEAQIMY2DOT3Z2FVHI3A,B083BJKJ3G,4.385488285946662
AEAJFQMXRKKLUVQ3CKLPOMYPM7MA,B06XFMN8DC,4.7187776770891166
AFVWG3A6UGWJZTL53HR4N32I2OYQ,B0BMDK2JC3,4.8646206591292795
AFYM5NNIBINVTHU35YTWZOLBA5KQ,B07T2BVDZ3,4.100235256779813
AHVYUR3K3RKLXCE2BJHRA6DJ4QPQ,B00F1WLBTG,4.840033740492117
AEVPSBSO2FUNFP4I6GMZMM5WFC5Q,B00WHLLDWO,4.555325186234697
AHT4FUHPQHJVD4LCQVE4UYOUOCNQ,B00OC1LP6G,4.372355781188935
AEE6WOMUFCVC3VLRTLORF2IGICCQ,B0C159Y982,4.671260970971998
AEFWP7QQF5X4YDRF3U4LAXUO6PFA,B07D5W5X3Z,4.820651301748864
AGENT7K7THM6Q5VKHKH2PUACREHQ,B01M0IQ5QI,4.636820269126323
AG4Y7N32RELFN6TGWBGKSV2SKWWA,B07YD4HH65,3.7672251785958903
AFH5PKKWDDAXPAVAQ4DY47CAP4IA,B0041T53JO,4.468247169428441
AFU6LE4MN4VRK3MJRTLCYLPSRBJA,B0002D0CAI,4.832951741015073
AG6EDKW4LTUP3EKVJUFQWJTF3AYA,B0BZJNPDJS,4.820531584601683
AEO3Q7XPILWJPQSWIRP2PWZIAINA,B01G26TRW2,4.547158185704629
AE6KNHYGPWBZGQTNIT3NZ742JUNQ,B0836RLZ46,4.7032226572556395
AHCR5CDP5ESJE42CDD4FJQWK2UKQ,B07CC51PMN,4.730074655313626
AFXCZEZOLAHC3N5QQRJV5SQU27XQ,B00XHGVHL0,4.7052650151259146
AHJSYOIN4W5IZ4SW5LSHCHEBMPNQ,B002HFFUGK,4.769185781932058
AGVT5E2C6WNOCFYSLOCPAPBJOIKQ,B00T38U7HQ,3.1233780394446837
AF6277K7Q44XN464Q472ZB3X6UHQ,B01M72N0A6,4.5929370274590395
AHDALDGFNPUZN5ZQGSPWZPVG67KA,B07B16JL73,4.798529639347862
AFYFPINXBMKZTJSLUWWPQ26TLYRA,B079W7NWNH,4.88713804179045
AFKC56ZSSFHF5XCYFFY52C3ZLFZQ,B09P3ZVLV8,4.057122826350035
AF66QBHHYBPJJV4DYGRUWPG7YRWQ,B0002ZPK0S,4.354035249155535
AGJDQVD67X3OSVONKW3EQDPJBBRQ,B003LPTAYI,4.30687737912372
AGUG7ONCKL4JOYS6AILUT3AGOCWQ,B015XDJB9E,3.928848798921291
AGHJMMZCZKGM2XC7E32JDSAGRWHQ,B01N7KF0T2,3.8224878575204118
AEKRGPSDDTZMEZAYCBIM5YMIIZWQ,B00H8BRK0M,3.930118963683718
AFUA3AH4YS6GAL2QJCM6TLUMIPEQ,B0B8P1YW7L,4.66105567796068
AHT7ULEGSWNWLMFIENNTIELDXKUQ,B0C8MDSZP6,4.788480215619991
AF3E2MVT42F7OZNO4ALCNO7ZKHCA,B005PQ1AIU,3.695987554650141
AE23ZFVUOMPKR57BVSWXV34QLMVA,B00CP3GQQW,4.60141662397373
AHAFUIEUSEKYD34JJIJLRVJLGFZA,B01667IMKU,4.8320140038900545
AGOFGZANYMUDHB2NTVTOW63TG2RA,B07GSJNMBQ,4.832107311806336
AERIIOUEUQBPYUJMGARLPNMFKKWQ,B0CBK1WSMR,4.6386085467159
AGF3VSDDBFGT7IQNKN6FTNXYFFBA,B095FVTV98,4.703670104128481
AHMYVVPBU7WI6SP5MNABEHF3LEKQ,B07BH4GFV6,4.668945704056992
AEEDYZE7SWKKVMVWYZD35VYCMAWQ,B076ZSHQ47,3.4273604481557167
AGJGTZRZCLFSCVVMBNDXVPHSIHVA,B0BR2NC7ZL,4.437850767763738
AE4SCUJHWKFLMXTAJNZ266VZTS2A,B00H8BRK0M,4.261455640373596
AGJVN7BSF2WKOTFY5WKJBLF6RSWA,B0C6J1X7TD,4.825447563401569
AG5FEKWGQDLOPZPCCVTDEL5TWMLQ,B07D9PJW32,4.3192543086891195
AHO5LUPMSZT2ISIN24MT3W37CYHQ,B08JGBHM72,3.665270456655719
AEAL4MJGXLIH3VY2GEZJUT54KILA,B095XZJ99J,4.878874920807144
AE3VXLLR4KYOJNMM6BGMVTSC5YCQ,B0C5BMZ1K9,4.517890450143982
AGSBFSEOGP5DIUCNJMPHJGQZDY2Q,B01DK1RHK6,4.550834828335104
AERCJ3T3QF2MOPLDNME2F4SQG2GQ,B00GN4VP6A,3.913194659981132
AE2BCWBDERZKN3ACIXQQISI3LHPA,B0BT34475K,4.533103961240644
AEWUJDNWZUABDIIGSGKDVO4EO2XQ,B09PH4DV67,4.4674242620936315
AHK4QBZMKEAAR6DFQY4QY37EBLWQ,B07NDGTFJJ,4.798755370140361
AFSIFH65UCU5GE4GK7AUZHWUVJRQ,B07KW6VM9X,4.332830927170502
AHEJYPLN7DMCYRQ2KCWQ5YIY6JDA,B0731KPCCZ,4.754846945396778
AE6SMJZ225MI4KJD4S766T5YYCJA,B08YYKNRJ4,4.061893996684847
AH5L2ZWXT6BSAUYQCH52NWFD6BVA,B097Q9W8MW,4.1054831812040735
AG74MZMWBRESS5NOSUWUE67LQ66A,B0064BCRQE,4.885758394999642
AEDEWDQ2TF4CTOLZGSNW4IGVONCQ,B0116TFMM4,3.9547912594133052
AETTPKKDAHWCURKJZQD5RRPGOC2A,B09RTZ26KV,3.7442873626435027
AGZKGEHOCLS6GB73NNABNIEWGLYQ,B07JF27NGM,3.8105179600169343
AHKGRIKKRDBYFX4QF7O5AZA5FTXQ,B00BESRB8Q,4.887683709267398
AGUQUN4TIWP46MPNHP5QOPOPRFPA,B001ANI6FW,3.9261959599070515
AHY3UKWN7JLP4AHAQ7NKZTCFOUNQ,B0B6P55RBN,4.492535399002168
AH4SSR6JQUMQAR7F5COKOYD2F7AA,B01J5A06OU,4.195978948127843
AGU46QHMBNY4242H5MCXGETTOMOA,B003HGFRO8,4.708070422317624
AFYFTNZQOU3VO7KX7ORJ3Y5X4L2A,B07DWY7R2X,4.677421404090578
AGSSF4YIHPCP2MIUITM34RWOCOWA,B09MT2JQ53,4.841866330281327
AGAXMCCVSHVNHW2IF6TOTZCXFA5Q,B07S82LVW1,4.749631334169602
AG3EF6QEUZ5337KFWDBIOEQKSWLQ,B088GF12PC,4.652239943010889
AHFJIW4HWEHRRWNBIHSJP6SM2IEA,B00KMDVKUO,4.04413337553499
AHOZGJTOUGNLCTEL74RCZ32PBOPQ,B09YDBKT7M,4.807087537123941
AGTOCWUOQPBBIFRI3UYYHJZNOMVQ,B08R5GM6YB,4.145233172626669
AHKHM6O6MSZMQOZXBDUJ2MC2J26Q,B00HCPTXJA,3.851704016698655
AE23WLBRYKEC67DM43M6E2MF7GPQ,B00VEMS03W,4.31970115298604
AGVBPKC2WQYF7ZGFXOVTT45KKC6Q,B0BLLXXT6F,4.545810711890833
AFRTXLSLVRLIYMUGOAGX2PA6URHA,B00HTWQVU0,4.591807007256474
AEYVYMQW7JWQWYLWLCI7ZXFCLIIA,B0C5PRQ9K6,4.880955910956172
AEUAR37M2GSBYMQLR76YSAOCP42Q,B07SZLB9GM,4.739026141153383
AGARMVTKQUMBK2XJH2OSGVOBCCCQ,B096FZ5TKG,4.503097758146679
AGXNHM6FE6RNTARQVPQSHUNC5UYA,B06XGS3ZD3,3.9784969347322168
AFMUOYI53LJ5QGID3ABH2ZUFENHQ,B07HSGS27X,4.60949434259415
AEPN2RD5DNLVBU4OQPDDZLM5EAMA,B00X8N7XKG,4.050512582443272
AHBXCIZUBZU2EKLKRUDCQS7RZSAQ,B06XTW2R98,4.0196938465421255
AEMTI3LLBJMTEVBYU3ZDEWIXJJUQ,B08LRLRRKM,4.038465751488625
AHPYQMRLEUCO5N3PMHQJGOX6SUJQ,B01B15JPCQ,4.734982811951701
AHSOKJ6LW3KSZSLP2ZTGJI5KP24Q,B0179A4ILK,4.59035535307753
AEWAPYKHTEXOLKI557Z2CYVHE23Q,B0B6P55RBN,4.457805743739617
AFTQL5KFH752LH35SF5UALIXNSXQ,B00WJ3HL5I,4.635346147637257
AEGS5YYS2NROXETUW5RPBN6DSEFA,B01M8N618U,4.767259412366817
AGRGLPIRFOMTUIBIYJOUTTGZHABA,B07HQG7YW6,4.432442928815979
AHMZYSO7LAKS6M3D63FQIPQ6UPAQ,B0749XX4KW,4.360857558922284
AE7GFJWCHUHU5XXNXSQERG52SD3Q,B00WE6INNY,4.864034312504906
AF2LHJ26ZRYYHDEVI3WZGUZ4NCGQ,B091MZPYBQ,4.592254649111807
AF7BFLZBXWO6TGTVSTARL73UJX2A,B0C5LYJXLR,4.721808139466381
AHXZ3VXHMIMKQYK7MAKAKEWWYHJA,B0BT2ZRCY2,4.676466401465032
AFH6AUO7HH5PMJBRBQGQQKDV5HLQ,B0BBRBFHK5,4.69331632447325
AGZOX4VGSMPDBKP47XYDVKBJAQ2Q,B071WMKJMY,4.700413545922599
AFEHPC5MSRUR2QWD6IRZ4KB42VRQ,B0179C3SQO,4.09278629321152
AHG2CAKQ74WFM7W7BWIVGV26OSVQ,B00LMRNIUE,4.810621314374922
AGF3MM2QRKLZMQLTTEGVKCFQISXQ,B06XX92Z8Y,4.667573599738596
AGDB44CQUCWRDULI7FJMEFUS3UBQ,B0B1WMLNBX,4.781387190213879
AF2GPIP26H7E5EHDWC6P7RKZ3OUQ,B0BXB8QTLD,3.689576715759789
AETIZWCOFGGE42ZUTCFUL37OJQPQ,B08SJY4T7K,4.33250923906573
AEEU7CICRRS3G3YBNW3DDPSRSRAQ,B09TGD5X27,4.75218461230302
AHQF4GMPT6H5XMVYGAGBKYN5V66Q,B08VHZ4FFW,4.332304948573289
AEO5TLC5WHQ6HED6RXQS6Y77NUGQ,B0BSGM6CQ9,4.8152213333342235
AH7WTH5WIOSENLQKENY7ZFUKFFOA,B0002GYYD6,4.1150573438173
AGPVZ5LRWIOJTCHEZFYB5KK4XVEQ,B0BR2L1375,4.820578621024728
AGUG7ONCKL4JOYS6AILUT3AGOCWQ,B06XHM1C3B,4.158808967024266
AFMOXNCYTYVRTZKJGVX4X7NHOU7Q,B06Y6BCX7B,4.549608108194824
AFZEJOGI4OODANIEO62OHDKU4HZA,B00B5LDMH6,4.687251804489473
AFYEWBPNJDVMVJHFR73JNQEBQ42A,B0BSR996X8,4.8494797519957125
AGUSXHIHBHM453QTCP3O2BLGP7AA,B097FMTZCP,4.415216693226341
AHB7NX5MFSJ6W2NWR5UNUFEF7RNA,B0150YC54E,4.867220069876873
AG6ATLCKETNYRKL6GCQV35CSSGPA,B0BRSM5XBB,4.3978364190852215
AFYA2BB2KC3RDRMZBGWVJIFUXRVA,B074JNWHZ4,4.5213940907847725
AF7CC34DK36SQJS7WXI44DREGWJA,B07PM289SV,4.466538199279137
AHTQQIQONBBXF7WSHWJE32HRH2AQ,B0B16WH36J,4.226479713746978
AFXMPTECRN6BUOM65ZP7UXDZATBA,B00LGDYGSC,3.9668039140403293
AGGA75GROPWR6Q5SURTTHTERSIEA,B01KDK4XF4,4.678405640580781
AEMCG3MJ7TMAMEJEWYD5GICKM3FQ,B07DL8BW6M,4.65856642550667
AGHETJ7PN7P2EEPPQZHFVHGV7TAA,B07WBZ1SFR,4.6750704024207455
AHOTLXO4JZW4GNNHLYJ3Z2EQVV5Q,B07Q5GCY4M,4.876520014310428
AE6L3X5WMBDL6PVBIVB7UVMAFIXQ,B08T2N1WZR,4.786919618500628
AG5ZHK6XUYHCHSDTU7ZTNQ4T3BHA,B08BSFDY99,4.946110459021618
AEF2RX7ZF5KKRXYURVRY6AKZGLSQ,B0B8M5FJ9W,4.540007665467897
AGTBJVGF6Z6FTHBKFPZFUEGV3NRA,B0BKZ1GPM7,3.798018043578254
AHGYF6WPXSRKSINWX5RCOI65MHEA,B00LMC2HA6,3.826688354355269
AFTEWUV2FV7AEPP34WF522DN6ZHQ,B0002F6WR8,4.882596012975166
AERPP36RWS2WYRE44OCD56CZZ7LQ,B08BHWMKDN,4.701046005149947
AEN6QVGY7IYPDKZNGJWAQBGRAE2Q,B0BPLFP5P6,4.5417987914738065
AHDO3Z2SFT3ONUF3WEIQDTSLSEJQ,B005ES7VSW,3.6598481651607875
AEN6ANHOT5COUFKFIQUZMB4XGIEA,B003AYK14S,4.383925298860466
AHCBAYMJVLTILRVTBKJIPB3VIDWQ,B01LQO3GGS,3.907400020898553
AH7UOQQDCPZIWK42EWAAPCGDPJ2Q,B015X3CXXA,3.8782432760354206
AGFK6ZAZD5Y6WP5YUMHFYV7KVZSQ,B004UJO41S,3.8806323185265974
AGYRMCX4CHWWMEBXYY7BQIOT6ZWA,B0BHSG5C3G,4.179746145682155
AHFBALQTCIHW3OHR5WABW2EZIASQ,B0841BMTGZ,3.9421067925238855
AG723UWMFMUICGE2QFUGPL3UUYIA,B07CZ8QC27,4.41315097145815
AEJ727Y7JSGHO3AJJBUKZX65NRMA,B06XW4SNFG,4.577057805496125
AG2DSSYTEPCQ5MBLH4L265J2LI6Q,B019NY2PKG,4.582881665498862
AHIVWIGXAM7DD4F5AKC5OCYO42JA,B016QUXTZU,3.926071629108022
AEZCTDIBXZVKKAKKKKWSXKPN2MVA,B07NBB4KRS,3.895822905832107
AFMQSX25IVEXUFMV4LBZFWTARSQA,B075GKTV88,4.603779797369512
AFY764TFOKIW7R6R3TF4SLTP3DYQ,B07BFT2B91,4.691304621682685
AHEMAURZYRCARVTVF6CQYTYE4I4Q,B000BUBF6M,4.30419770016837
AHMEIQYVEGHXBYOBMUQEVKPE3QUA,B0BSCF2FD7,4.605731484331788
AGV5EG6FOHTDDWOLXWMGQWQXDMWA,B07J341B3C,4.698363162215003
AGGCTCZBGFQEUFK2IMJLAG7T4QXA,B01AAX6KGY,4.533456756605913
AEMSFZ4NLED647BP3ZCQEY3FNGKA,B07217RS84,4.575303393323014
AHWA6UFI2V33J76UUQWQP6PHTQCQ,B092LF6RLS,4.353888526307259
AGP2P3VOGH7NNNH6CU7FKN4M62NA,B079TLFL33,4.636900401713418
AFTPUNQ4NGIKJHIEUAFA3GQBUY4Q,B0BPKH7FJ2,4.870619381969367
AH7GRHCAJCVNL6ROQOLIJT6PK2XQ,B0BM9BWB8B,4.069248232503295
AES7KU7JY6KI2MNQ4N4IP2YCMTZQ,B09RJZSQML,4.898533194515185
AFAAQVGMDINJAJNDD6HE2HFNJ7AA,B00LBKFYUO,4.213289355393405
AGBECCLTWXA2ZFFIS4KD3Q22PFRA,B0BCK6L7S5,4.55015612085489
AGN5FDHWM7WRJKFO3CLNJ4D32U7A,B015WD6FIK,3.949048091147121
AF5PM3LODZ3TCXBESCMRC33V26SA,B00OO30CDE,4.745083679650521
AFJQQWO6VAZCTTY3GXNB3SEUU34Q,B00RVE9X06,4.791805180884716
AGTOFPT2HFCQOHY7VTF7ZLZFNN4A,B08178GMTF,4.583895714886353
AGF7TG2EIMWONOO3WRWONQJVKDNA,B07PZDBGCR,4.872910940289793
AFBUMGG7XY5MQLB7HIXJQR5X34FQ,B09198262S,4.513381180632376
AETBRNPDURJZWOEQN5VR4BZD5C3Q,B0C4ZPNBYC,4.720849488354983
AHCBEOI3JFHG2DNP5USTZW2MPEJA,B01MD10XAU,4.458877520489223
AEZP5L6SPBC4WHUHBJEFCDDVB67A,B09QDL744G,3.9279123754416827
AGR2HGNGBX6TFVFHQFKXRPP4B22Q,B0BT84L827,4.843999758339332
AEMBK5QLIOB6NHLJPH2GI3ZEW4EA,B007MY5BDI,4.583232021456231
AH2HKJL3HTZ7OHQPBKMANUB6XLBA,B00L75HGUY,4.586784719126909
AH6UKAFU6GC5PR45MMZMRAQIDM6A,B01FMKRG6I,4.668573307283637
AGZJ757HBQPRTEF3IFY37PMFPFIQ,B00M53HWQA,3.9889404328932914
AF2HAUDZBKQZM5XZ2DM4UPO237UQ,B075CSHLYH,4.578042174740227
AE6JDIRVPTKC32Y7X3QQ3WAY2LIQ,B0BZJ3ZS8B,4.706286248236808
AHAR2WCDFYETREAF7SRKJ6T3RMKA,B0002F7IOO,4.777227001981606
AFPXIMJJAYJYB56PWZ5DSHAMVT6A,B092CVSQHR,4.277577114940687
AFUO5Z2K6MDX3SYTSIS5HBT47ISQ,B07Y3YB1DH,4.643934818958863
AGDRNG3FGVONPV75CF5ZMZ4CARKA,B0BXCQ9CJN,4.578566203636132
AGMGW2AXSHFLEP2KKAQBOM6OOQGQ,B06XB3FQKB,4.705390868689391
AFLBNI74FPOZRZR7AH2PBY6WSMFQ,B0061RNE0E,4.895408882146121
AFQDH4VJVLTDGFFZS4IAAG4VMBKA,B015XTFNP4,4.602596646566321
AGAGHJYANWY7FQDJRZ5XEVGHMB2Q,B0C4GJM9J4,4.592006198618702
AEYVPPWR4CIKWX4BGYKCBCDL2CZQ,B0C6R1FZNM,4.1119649557889275
AEUXATQKIZHHXARX7DCMLD7LXG3A,B0B129LPD7,4.5963235937483145
AH5VYONJC6AZLXGHCM32LEUVGWBQ,B0BKZ1KXLM,4.892868891199294
AF2HAUDZBKQZM5XZ2DM4UPO237UQ,B0B2Z13RCR,4.855265910573582
AEYSGCOJIR5X4PFUY7JGUOFCZVNA,B09RX2SYHJ,4.212890239522001
AFPEV76DW5AZ77YU6DXBX24YRD3Q,B07RYBJN7K,4.534983158827303
AECRFIY3HZZG5KMU424HTLAKDGFA,B07H8WXJNT,4.018253395391088
AEWVQYY4G6UMIFZD6QDPUDOYBU7Q,B000T5MQV2,4.469901126846459
AFGEE2G4XCML3OIVDBZU47XRZTDA,B09PWCF6T9,4.5667205792214975
AHO5IPKZNXFFG2LYSCTINORZG7EQ,B01M15915O,3.7480875533828453
AFXUKNAJ6DONF5K3HFFCVWIG7WUQ,B07PMLJ8PT,4.666157152541782
AEQWIQ5K6LLNVFPBJTPKK4J76SWA,B086QP7WM2,4.892537555643697
AFMG74ZXHJ2XIJW5OUELTC5KRPKA,B0B3VDFKB3,3.4026632747443126
AET3AD34PERPEFPAFZ6LJV6ORW5Q,B0006IHLFI,4.848410320009583
AEOG5GP4YYOR6T7H4DTLTH5VXEVA,B09857JRP2,4.8970478661384345
AGTS4HKNL43FZW3MZMUNVRYLBCKQ,B097FMTZCP,4.3352118092489125
AERLABCYH2N5GVQMRM2SC7I3LY3A,B0BK6PMJD2,4.453198560738988
AGMJISSDQ7DXH7AYMYZBRHWISKYQ,B01AIF4CL4,4.59628910788837
AG4V6SXKSVYO5TTRJQRPLBSK25HQ,B08BLKZS1H,4.122303949364678
AFSID347MNEO7BB4FDS7G5WFXFOQ,B0BCW884JL,3.7960010634392214
AHBQCICNAHDBS47M6LFAPV6LBFRA,B092LF6RLS,4.613360156479792
AHDTJODSAMZBYCCS6I35H4V452UA,B00LGDYGSC,3.812730891674039
AF4DS7QH4EAGQ6QWYLTMEMVHNQ4Q,B00DY1F2CS,3.7766128387198226
AEABO4WBVLZ6J3VVOA5XDJ7HDBQA,B0BFF85D9R,4.6166671822991185
AHLW5Q4AJQMIGC4YGUHALFLAQLGQ,B09BGCRS9T,4.854966606143338
AG5QJWMXSGR6QK7CTCJKXRD7OSOQ,B013MG2PPQ,3.5815936426393855
AGFCZHTATBUI4HMETZZ5DXULTZJQ,B0C54RRCKG,4.605951054736337
AGSP5XAQPQBUUXZHEZSC65FD7NOQ,B01K2OLR28,4.6358851982565525
AEICQU5QHFNKB2ROUABD2JNNPN5A,B000EEJKSA,4.047377702794519
AH5H3RK5Q2WAXHOCYTKNZFAV3UGQ,B0C3LHRRDV,4.526599477805494
AGZG7MB6QID6KRBUFHZSKIAOZENQ,B07DWM7Y6N,4.853604319253043
AGIU5IUE47VOAR36ZMNGTCP5KXKQ,B08BH7KHSZ,4.140674672252136
AETRLZMHXJWHRPFLNPAT5KWVN2UQ,B093PZDB9W,4.2611105276842665
AEA3NLDRDLTW7U6TDQT5GPQOOIDA,B074335YFQ,4.4601144015491805
AF25N7GLN5FPPTJTP7KP5BNRV25Q,B0BPJ4Q6FJ,4.7624253725916414
AFZV4SQHKPAL65VYRSQSKUKWMXXQ,B009YCI62Y,4.36875952864417
AG6XVM67COQE6IDXIWOXYJTPISKA,B00CDA0IUC,4.773165586405947
AHWG4EGOV5ZDKPETL56MAYGPLJRQ,B09TXP3FSK,4.747774301219251
AGCCTCFGWGVABEVFKC44HJPXHHRQ,B07QYVX5DK,4.055804734848527
AFQVJYB73FB4EMH4CHYJI6DQ64ZA,B00UTH51KI,3.8527666248822765
AEQR6VWJVW32O4N3STXCPXVF7PSQ,B0BRQGJZXR,3.8656791846874405
AFTVOIJFGYFC62ALDHKINLLDDFAA,B09NWCD36N,4.228874060039384
AGTHEJOM7XSVYDS5ITRS7WUQGMKQ,B08R5GM6YB,4.543912966572822
AGPFAMWJTPQSQEZMW5TUC7QY633A,B0018TDULI,4.667308743886899
AFSA6YD3ACC3VQQJRNN27YN537NQ,B07L5B64RG,3.916880791439027
AFSR5KAF5DWNQ5OXA7KEFPPTZJPQ,B01DPCONFM,4.662035030850755
AEIBHSLYC3NCXPUA7P4OVRWQEMSA,B00979RZ9O,4.522682672281572
AF7TTQT52OE7QACCNUOOOTZUMAQQ,B09JWL3BF9,4.825559103431764
AELR55A2JR25GIIZGNKE5LAE55AQ,B00356J8KE,4.151373878039623
AHSUFZF7WQMX6TJ6WC2LBBMGSYDQ,B000EEJ3S2,4.234531056775072
AFCWX22LDG3CR5NHJDDWGXKRC3YA,B07K66F3N8,4.859480955271566
AF2BM6EMS6FKYSKZV5IBORZEXOKA,B095XZJ99J,4.688236491844051
AFTOYCLIMUB4A6TTSR6F2JINI4GQ,B00DYAAIAU,4.385488285946662
AFJ52QWR6Y5WPXK3MEZJJBHMUY7A,B08LRHL28Y,4.166395107517228
AG7NDDHQBGXQDQLHZPCWYMAWYM5A,B0C5BMZ1K9,4.643808359872473
AGDAX4BPTSLLAI63FKN6J5ZTFKOA,B08BSFDY99,4.917163015372501
AFAAJ4UTCN4SFXFVJ36RWKSOWCPQ,B01KHMUQ2M,4.450040250002743
AGEXOCVVUXJJZMX6AGI6LDVUC7SQ,B01DE4D4LU,4.809912087484336
AEJLXKSF7III3HR7ADY5TIWBOECQ,B01DQ2RFS8,4.418694045716903
AENNORCDOTT2KFT5WUIK7PJ2EXOA,B075MCRFYZ,4.488225645841239
AFI53ACNS6SYJPY3RKPA5NFOVRAQ,B08PMZQXN3,4.824215580900523
AGU46QHMBNY4242H5MCXGETTOMOA,B00S6251JY,3.8221911763540635
AGS54MIP5XVBK7FM6QH7XNGFDVJQ,B0179C3Q20,4.650830271837727
AFPJGU2B476DH44PAROBTDQZQVPA,B076X9C7H1,4.756856881049558
AHJ733ZCG3SPN4NXNBP33SXN66TA,B0006NMUHM,4.770368390244402
AEQ26CZ7BTH3LGW4AMRVLEJKGOFA,0825603285,4.141149808592363
AE6PGN2WW447FQCQ7CQFTCO4L36A,B0BKK3H2F5,4.117684041912462
AERWQO4KG65FDWZTSAU44MKDCWFA,B097Q9W8MW,4.288624003563362
AGG7RMU6ECJHPQB2ZIQT7ESQEI5Q,B06XNBTLHC,4.686671509000259
AF3NQJJ4KIDA4GURLEALQBI4RKUQ,B09G5QS1VD,4.528674203815455
AG3HHGKGIZCIIQZ67ZGJ7SUBH22A,B0002F5C7Y,4.488899909918144
AEURYFHY5UKJWCTOYPJD3D2XLJLQ,B00CFEYN66,4.079818836339524
AHV7MPSPXX63ECNBQ3XQ4QHUOHFA,B00M6SI0X8,4.662886259142763
AF2NGUZ6QFZJUAAINQTWZL5WMXRA,B00A7KC9NO,4.210261877012276
AF3NOA47IJLZ3V5SQBOAJHUYDFJQ,B0BK6S7QF4,4.914266471999394
AHPLPI4RJDQMCN6Q7KREMZIL4HXQ,B005ZV5K0O,4.728866427615553
AHLQFKLT3ROJTFS2P4GQ7CFHLXFQ,B09GZBTSV2,3.9027546039629613
AFEZ6PH4W6I2W5NDBWKKFXAV2EDQ,B09ZP4SZ72,3.4947437138777704
AGDT3NTRES47WHT26YWV2CVOLOYQ,B007534LFK,3.627285814956691
AFUDNFNY7SEDKBT36AH2LZDN4QTA,B0749K3CB5,4.737742207277216
AGGSBHWCFOI7BGAQ3YAGICGVRZGA,B098KXQJVY,4.3822472198464535
AESY7BV434R2YQ4PUJCJG2YVUOOQ,B01EL2TFXA,4.470551415857019
AFOZRALZ6GRV7B4Z2ZGUVNKI5DOA,B0B55ZJK68,4.721899368857533
AE3JNYVYO3C3UXO6ICDIOZIKJYHQ,B0C37QCPS4,4.064085807799055
AF3NJDOTMG7BRKDLV6UM7GHFC7XQ,B0BGQZNQ53,4.373702641163069
AH5B6OGW62H7VQZYF3KNZDMKQP2Q,B007MY5BDI,4.6476412475985125
AFOWDN6YUFGKPXH5ZJE5J57JE2TA,B0019FYE34,4.120264596565139
AGUSYMZGN5IIQZWHPTPH2S6D6KFA,B01DZ6FBBI,4.836810171228664
AFDIHKY33QA2NCPYPOGJRSBH5UCQ,B07YCMQBRT,4.610483850743046
AGSAGGYZSLPFCVOJ3XTIUN42A52A,B07BZ2FZ8V,4.634024796293073
AEP6VSEK3Y5MHGJCG2RGHM2EHCLA,B00RVE9X06,4.4163389521785055
AGA4GTW7N7KT3VL6PYMHCRSBMRUQ,B000P5OULA,4.1090611344120225
AH7BTSFO77CNNKQFU7FBWTV5DI5A,B0040YZEJ4,4.6838305052117635
AE4QBSUQ4TQSHRDMXE6CIDICH4SQ,B00B5LDMH6,4.550581344947765
AFUENSIC7Y26UOKSUU2E746FZ7LA,B074WXM13T,4.6835992492584815
AFZUL4Z3J5LTJYTWP6IZULSDVP4Q,B018FCZKR2,4.797640445353
AF6PK3PJIARACNSAQNXC6DZMITIQ,B0BPJ4Q6FJ,4.725048848641308
AFLQJJ7C4PKUZJOXPIR2RFS5GSSQ,B00IZA1GI2,4.866293844076855
AH4AIWIVLN43SGJGK45W4FCJB5GQ,B07WTRFSMB,4.756898763937054
AFPG5F53DZFYCV4MUZZJMRNBCS6Q,B0BVVT8XV4,4.038967340987359
AE4FLJ7EL2L56IUWIAWZRNHJXAEA,B0BKZ3GCGR,4.857087153322189
AFK2NWEVOB4BHP5V2XVAVE65B6CA,B0084CRYOG,4.632719680107199
AFMEK6HGMNRXS44ROKARI7467HAQ,B00DIGCE5C,3.9255333665600154
AHV6QCNBJNSGLATP56JAWJ3C4G2A,B07711ZF5C,4.430227494177059
AGR66GB7J736YGNOEQXECJZENQXA,B07SCMRGW6,4.390219157164854
AGSP5XAQPQBUUXZHEZSC65FD7NOQ,B004C4UQZE,4.248668364620054
AFHPJTBQYQHQXIFBAODXDAIGCGMQ,B0C14SC57J,4.636479939349235
AE3HJ6CT7RAMP5XNGLYPEGDEMJJQ,B015JTEBN8,4.742687969353325
AG52TQ6F7NLG5WBLIK7Z4QIKVETQ,B09B45DLQG,4.682393208272562
AHFWSW4APYWHTKLSCLUQ7OOAXBDQ,B00XC2AQN4,4.664294854353968
AFS5GEDNULNRN4L576C7IKBC46WA,B086GNSNMC,4.781984396023519
AEVQES4DYXCIQMQL7KHTDM36Z6TA,B003OJE8LQ,4.801006452729084
AESJEFHJ2EDKWCAGDLHNIPG636DQ,B07ZN86ZFK,4.040590975337096
AGMADA7BVXWOPUYDHC3C3K3OKO5Q,B00H4PEMM6,4.829072554397793
AEIZXNH7FBJXMVY2CQLSSI2NZSZA,B0BXT3LKL4,4.60469671972989
AG437IVOHPYSB723CQHCTUIOPOUA,B000Y021NA,4.514028966179892
AH56VKWTOEVES33UCWBSJ4PNSTZQ,B097Q9W8MW,4.520390745950991
AG5SSLGUHBVW2WBIMICWOPQGV4MA,B00387G1MI,4.013162871384952
AGOORIF7OARBAL6HFDOLXUF7DBFQ,B0B4DB5QD5,4.153841391083731
AFZFOI4JUMS5UFMVWPLAVQ3ZM2QQ,B000068O4M,4.505486868296443
AHXJKALSQTNTY5FPUFFLHF7FOBDQ,B075VPGJCX,4.833274940017067
AFQK37VJADTSXECNN32K7O3ZWM3Q,B0040YZEJ4,4.747243995525835
AFKXPHJU332QCBEXRVZTY6K6B5HQ,B00BS1986M,4.588103497878736
AFLM7I2NCG3CEVZVMCMWN6SS2O7Q,B01K1EJQ9U,4.745108762737118
AGNZ55VEXGISWO3OH7F4CTP6HNRA,B00DY1F2CS,3.745136930727952
AE4HFI5J42AKFLFHZDE5D6LFGFCQ,B0012BPMHW,4.1031329145612565
AE5EKWZ7BDIPUT2SQCCZ62H22ZTQ,B0C6H9T5T6,3.981900140476328
AFCTA7ADJVBKAOXVHUHMRZEEEE4Q,B071H41DFS,4.445210533076359
AFISTPNKN3EJKATATVLIFQMKQOXQ,B08R5M2FGY,4.743090803035031
AES7UWDI6OPAU4HN7336ZP75SITA,B098KXQJVY,4.800204553968126
AH2L4HXWXSECI3SMTHE6YB3T56KQ,B00H35YIJE,4.428541292046218
AHA27EHM74UI4VBZYCCOVUBUZNPA,B0B8LZKBN7,4.340525749996801
AGJ73YUYEW6PWPIO3HOKTPLKW7GA,B0B4SGJRHR,4.652072289413994
AHJ2NJTRCWB3QQLDFPPMYCEYDFJQ,B00KG7CB2C,4.819186882298825
AFM2DSFXQRROQL75DRQ6J32PMRRQ,B08B6BF5RH,4.605659845710564
AHVMI7WN5IHRKUS5RR4MWRL5BROA,B071RL22PZ,4.771313122184396
AGK7E6PYFPGPZ6MREYX4KANUCJGQ,B06XGS3D3S,4.703715590313484
AHBCMUMYBDO3DCWDT7RUSCSHVFSA,B07C91JT14,4.382268943809075
AHOGN6NSQV73UZ2PWVW5F4Q43Q3A,B0BX8HZ5RH,4.665209313969226
AHIXLMOB2ZZRRGEWCJXUZ7XND22A,B00OJHI6KQ,4.309819397504133
AF3BR6FQAGUDNKNFETNSU3KKHBOQ,B0C6H9T5T6,4.7757642600454835
AHIUXHZZ44ELXOD77N5XGO73ZIZA,B075R94JY5,3.8423950211786257
AFVTV5IBZU7SCCUSTID3SQHYH2CA,B07N1RPV4J,4.673455387830415
AEBJOLNLS7IRLB7HGXXFBZSLXAWQ,B07J9JR6VP,4.817192192400353
AGJK6S6LFHIGTRRCPNYGMGFQ3F7Q,B014ZYPT34,3.866023751823066
AFVNE7YGLL4YBJNHHPHEO3ENOAUA,B01MG3QVCK,4.511208818868893
AEYVPPWR4CIKWX4BGYKCBCDL2CZQ,B095QBH5ZB,3.951028135125543
AGMMFTC4LMPBUSCOSAPMQU4BQBJQ,B0BSGM6CQ9,3.8624455673730758
AHK2JKHQ22EXZBQWCF6SAV3XYAYA,B08FHV6383,4.1271159944190785
AFAT5EYIHBJC3AC5TZUKLLWLBPGA,B09BMTCQC2,4.453876878758965
AFWBENHWG6A6QJCJISR4IU7PO3UA,B072235GXG,4.655460202991637
AEAU46Z6SC3RRNCHFIB5RKUUGROQ,B07BHHDL37,4.639731347802886
AH74VAPB4EPE6DUCD5VNR7PQELQA,B00JL5I61A,4.146892155741345
AHJJGVQ5R6COEDIQTRKPH45IHDUA,B07MQK9168,3.841795326382471
AENHWLM7GME7SJX2RTO5JBPIUSZA,B07GXGXPBY,4.752163154100952
AHUIUCGSUO6B2KRQLQ2UWRYXTH5Q,B000TGSM6E,3.984569783072072
AHVRQ2F6723IXOL2VOYHCVYJLPKA,B08Z6TDJZ9,4.550336406860653
AFHPTJZIUVAIQYWANKXP6P3UVK7Q,B002Q0WSO8,4.312072152901477
AGQ3FPXZLJIHBHWM6BZYS3OCEKDQ,B07HMY1RWC,4.591825318019291
AEUAXVAUWJFDX44V2Q3OZFFYDZWQ,B004MN9746,4.327172886002334
AGJ2B223IQ4U6IAI3CUQRUX5IOCQ,B098KXQJVY,4.800204553968126
AER6WLSJPBPNOZIQWVHQBVOKTNCA,B09PWCF6T9,4.148433290747779
AERXAGU6PAY74OIAVZQKU5ONB3NA,B07NDGTFJJ,4.710607499250585
AF7IWQ26I2RJXFXKGSPGNNRBLNEA,B016QUXTZU,4.10141635648343
AGAJSGWWB75VLSBMF6I3LUUTL4AQ,B01DEX3CHC,4.37012700096266
AFKG57XVUDKCUGS7Y44EY677NBQQ,B072PWKPLW,4.103059220632936
AERWQO4KG65FDWZTSAU44MKDCWFA,B0772XDJX2,3.64061825367751
AHHHDPHIPV4CJY536D33OZV6LFPQ,B004XNK7AI,4.35929861356235
AFEZR2GVGMGGBMGG6WHCWRI3MK4Q,B00CHHUKY0,4.477141272531557
AFCGEML7F6W2U6YIW3BT5VVHAVSQ,B07CBT4SYD,4.216626758118239
AG7REFIGR4JHFZTYSHJGYFS6WYPA,B09Y1X5BSC,4.544426618318989
AEGEWZSJFQBTYZMFDTFAOCMGVAJQ,B01N5QJ0LE,4.555860505910897
AGJ5ZHY5Q43NH73NAAFRO3A2TQKA,B09857JRP2,4.7770483280240885
AFLAAWHDSTPMYQDU55P7GKFY3ZHQ,B00PR8AW62,4.726065874778258
AH2H6UZNEA477XOPRQ3T37WXMBLA,B0002KYXTM,4.198581423687562
AEXXN5AQLXNN75TLPBTDPHVJKF4Q,B0BCXL2V52,4.6284250991499585
AGG5VFUD4XK5TBLA4B724XEEV26Q,B000KN0BYM,3.7458076112583027
AFUV6KLJPKFA6QQYGINR4D2MY2XQ,B00HTWQYSO,4.608070800968624
AFF7YUPAE6KRD2ELYPEQIWZYORHQ,B003LPTAYI,4.485188900480477
AGG3TGNIO4ULCWBMCUW4NHZZ4BGA,B07KDWXQ84,4.430339412401493
AFSPIN4QUVVAVW3HTX7L2J3KUR5Q,B00OO30CDE,4.60619450850135
AFXMSKCDLI6GRTDUC47LXZWZKIPQ,B00IWXMGH2,4.799031664953098
AFM2K5Z6FN65NXDAT3G7ZLFW33SA,B078H33C1W,3.6556207742926947
AFB72OOKML6ATB33JXEUUYPQGMXQ,B00WTZRLOM,4.449124649583027
AE6TF34R3XLNVEOUQ5XGGJLOBNQA,B073CZTQFM,3.7288694087853775
AEFXLPLCZWRJRK4OVWRHX2YUPW6Q,B0B127PM6M,3.9197274808959444
AG6VOE54BWQKIPPH66M25GME2S5Q,B09Q39C7W2,4.9138313615879605
AFZ4UIQJHMYNZMKSDU2QA4F436WQ,B0C5BMZ1K9,4.64193843721517
AGVDSDJTAPD3VRDKZKEX5ICMTASA,B073T2YK2J,3.8695099764534606
AG2Y6CDZNCG2ZJIUIGDIJYADCJ6Q,B0951C4RGR,4.622612989685896
AF3NJDOTMG7BRKDLV6UM7GHFC7XQ,B019OO4IY6,4.479642890122571
AFCLOTB3P3EXMIQAKAZIP3KGAYQQ,B074WXM13T,4.274130778102458
AGVTKJAYTPW447JEYNPPTT5TDDGQ,B01D53JG5I,4.472153024999516
AGKVQWUZ2RQAOWHJHMQQBGIDYASA,B07MCRMLF3,4.479660773828272
AG7TXC563E642KFHS5YINKSCWE6A,B076K32CH1,4.7867276522077775
AFCFGYHKKOCM7XVCRNBG72BQOPYQ,B0006UGEOK,3.9253911617052237
AFUYIME2PIVVNZFSSDULBBIWZD7A,B0B6P55RBN,4.388452969437217
AF5JC6AAADC4WZZONMI3PK5AGJNQ,B0BHSG5C3G,4.68564396015104
AFR6WKFQBTKBG7HH7MOIHP7Y4IJQ,B08JMQR2JK,4.721292186724469
AHZOWNQENHOHDPK234WOZVMLS2SA,B0795PNCBG,4.263150647910598
AGGESXOSTBKQQ2MZKYON3UGB4Y4Q,B085C1XP92,3.811520743975802
AHENALE25EXP3M7QWZRXIYKTTFPQ,B09Y8KNXP9,4.5741104319346135
AHRQCX6F7G5BXPNBEQ5MXPTRN25Q,B06XQ177ZN,4.603716367487329
AE6BYVUHZCRER7JBO5CFHJEOHAVQ,B0B69VXJ6G,4.0235977178508096
AEXH3SBLTIIWZJ6LGBWKNXVDTRZA,B00B5LCADS,4.576268809934127
AGDWXEECHCW256RCMJKGTNJHQGIA,B000BYPJ1U,4.101733549137138
AF2CLARGDIRBOY2HMOPYSNCURNRQ,B07KPBVCKJ,3.9559424638464904
AGEFZSKNCTSO4XQ5LU7MGYKQIEZA,B016XLLHCY,4.15892122815849
AFA4ZJGSTUWBV43E6FHQJV7ZWXDA,B098PJL986,4.624330652934672
AGFNMLVDG4FKJCSVW5MZDENDGZ4A,B0B1LK9SXB,4.411924347118019
AGBW7LZUPMPOBV4LJ7LO3TCTRVLA,B002QKRUJG,4.474322106846437
AFWHS5KMUDYBCMWKOLSLZZJR5HDQ,B07P67TV7T,4.350659925943658
AFHLBRCKVJX52YOOLP6G2MDRCGGA,B0075DO5K6,4.4618697195492985
AFV7ODHDJYGFBCSQULUNPKZTC4EA,B091YFQGCJ,4.827320402810747
AENN2BGZN2YQ2OVGQTNXHLQ5W3JA,B00834KJ60,4.2688777173675305
AE5XAHW2JPDP32P2BFJ7R3IFND6Q,B015HG7F3Q,4.536082060176723
AFTSNLQBX4R6BYTB337XHJIYS4SQ,B017VXNOK6,4.210745718038295
AGMRYSCYS4DGUW4QAISHDJSCHUUQ,B0BCK6L7S5,3.9173351336841917
AE6TYSATATHUCWNO5ALASJCCV4UA,B07CQS5BMH,4.747480966795339
AHYDSH65ZAO5BMP5AFT4KYN7PAXQ,B00W7ZL4TM,4.662480306408241
AFQRD5USTZ62QENXGL2YDRIMPGGA,B0BR2PXCBW,4.432590911247844
AE4LWHIBYCREDXSNG3EOF3RLKKYA,B09R2TMLJR,4.3347385090186465
AHAV4CADMBDGGHBQMBNTQX6YVXAA,B08NWG3F9L,4.069844884772786
AGA5ZXP7UELYMEEFPCM7Z3SVO5JQ,B0016H8S1O,4.663681319355041
AEXAQLGHLXRVILTEJQ66WITDGABQ,B07HHKV19H,4.18468177169614
AGHQFRCGHCGJIARSMRFJ3G4E5EXA,B014PEZVKU,4.20870398758146
AG5C4IBXOOHVYIGS4RUQSR5FLKNA,B0C6H9T5T6,4.020834629997916
AGVTKJAYTPW447JEYNPPTT5TDDGQ,B003WZ6VVM,4.3578679028773495
AF3FBHCAUSTHXGTODQONDLTDVQ3A,B0C67HCGBR,4.960015045001663
AFNUD5CAN5NBVLUC6377NGRF2XEA,B07KR28VKS,4.022583267361748
AFID64NVSRMGS4FNVX6SQI23O4TA,B0919HG8S7,4.700089037153388
AFS5IBOOEKUZKI4MPWN25FGW76UA,B097FMTZCP,4.555703311244737
AFBSSUJ7JS74UIR22W44TDNK26WA,B08Z6TDJZ9,4.614444655520082
AGXQAH4PJCCLZAUWEE2J7NYRBKCA,B07Q6J4S89,4.5589060665444165
AFU4WXFS3Y3OZ52E23YPAA2DIJRQ,B078KTV8L4,4.61774919624898
AG2DSSYTEPCQ5MBLH4L265J2LI6Q,B0C5BMZ1K9,4.629293496299606
AFDZ7Q3JWBSK3MEBNMHFMWINWDQA,B0B89ZSYS7,4.730359583505342
AEU5LBIAENNFA2SQXVQLFAT7PQ3A,B07VPLFNYM,4.239750622404963
AGZ3QMLZOWSZJPXAPSTGORHBPVQA,B00C5B26HC,4.602706871038843
AGTN6F4L6USRCJM6ZDIGVSRQMSWA,B0928HW2P4,4.870877014497624
AHXFHAG5TRFROX6VPMJJBB3JJAYQ,B0BSGM6CQ9,4.756058483209131
AGP4JFXNUWNXGL55F25YPQ5ZGIDQ,B07BC4KMQK,4.54374360215678
AFCGMIXOBNAESB7TJIGGRYWAYOGQ,B0BQ4XYZLK,4.349789746706152
AGEQUBTRADUL3RIFSR5NMHWAQJ4Q,B078KX8YJD,4.183817819975068
AHPYQMRLEUCO5N3PMHQJGOX6SUJQ,B0BK6MQDZ8,4.67673527803996
AFUGYX2OIIUMI5C5DMYZHUYO2XVQ,B0BZ1XQX97,4.691230799435242
AG477CZTN5DXXKI4PJQL33KQYQMQ,B07DFTWXL7,4.640607238362302
AGNRFLXG5P256TIYC7HM6I5IT2AA,B07NF16YKJ,4.781259872883798
AHDUKIDSK6ASLBFBUWVEQLJNKELA,B0BCXTPJR2,4.2258561416905716
AHWPQARHTFJKRYID7IF7RUU5FXWQ,B0BHG58G2F,4.835006312499683
AEWHXZIO532D7GB3XK73JQO7V6XA,B018FCZKR2,4.815402424848119
AFFZTKH7UI4G5YTVEYBA232FY45A,B0BBPLFSCG,4.640033740492118
AG2FQVCSAPNCKC6M7GKCEQO4HFKA,B07SZLB9GM,4.2366368158995185
AGYLR4VOLE334EGG5MER7CQKBCDA,B087TBKK97,4.539726080214674
AGKY277N64L5VISSLKOFR2EH3ZOQ,B06W2NS7RW,4.187741890943167
AHNG3NRGEDYO7E44QMYDHMBADPBA,B002C741B8,3.7410068555657014
AG6BIRUHFL3WJNN2ZEBGGVPMSRTQ,B0BMDK2JC3,4.840560511718433
AE7ZTBUNKGJ347SZHE3B7QAJTNGA,B015XLDQD8,3.8168745176783787
AF3V3ZFYEYBEL4QWWSWJ4H75A77A,B00LTL0KLI,4.705654413261028
AH4YXFX7BU7VENLTLNKSYDVHQBIQ,B005H2007E,4.027947169854581
AGHUVPFNJ7FWT6T2CUGY3A75N6WA,B07L5B64RG,4.451748605636668
AEJYOYLHAPY3LCYQOKUS65LGOVRA,B07GFH8NTB,4.659813535402715
AFUDTHASFDLLVHJ7T3S7W3FMGNZA,B086QMZG22,4.470163008949643
AGSCKCPNKACD2BT5BE7IKCA6CPRA,B08YK9HWTF,4.619379712547879
AG4OWQNR7J4O6QGYIZV53XJAUF5Q,B0002D01IG,4.668044410597793
AGKOFLHULW2C32544ABJNOTXJE4A,B07MZVPJ4Q,4.007306052953618
AFUNJGQJTP3AICSDN3DK6L3NHMXQ,B003FXM6II,3.888392644029959
AG57ZCKN4CZOESBMSWZPL2CR77JQ,B08JMQR2JK,4.671031705643779
AGPOPRW2DUAEQX5GH5EBAPN57G7Q,B0BYXQHW7Y,4.78843158685458
AEYVPPWR4CIKWX4BGYKCBCDL2CZQ,B01G26TRW2,4.045236627719877
AGC4DOJ7GIHCSOYUKXDDCTLDBAGA,B00V7YMOLG,4.745885101365301
AFJVICWQHTNH22HZHRQTPLDRMXXA,B07Q422FS6,4.815367551028134
AER62GONA24AVDCPUN7XUAXTFKTA,B07FTVKZB3,4.895061052639274
AF6HUMKJCWWTK4HJTVFA6HSZ7N3Q,B00MRNXJ06,4.778341618183211
AF5YR4OHQK33YIBQ4XRKW4RBTX5Q,B07DFSF3S5,4.610453112354296
AGTVZ7ZSDMTEDLMJGZRC7RFJNDWQ,B015HG7F3Q,4.9735400429940375
AHY2FKC33WL5D5RQ3QRIWPWGKY5A,B00IWU4BF0,3.8675031964949143
AH2J57YBS2WIYAEGFZGJZ7XYB7GA,B01AZ0WPPC,4.718878304990353
AFA3VOK27DFN7UYIFO5CQSCIOCIA,B086PG669X,4.177557470199351
AEDK5T3VBOFLHQ5KJCGL5YCKI4PA,B0009G009G,4.762210618903542
AG4AJVSS6426E7F5XTBXOSXPSAOA,B09TGD5X27,4.799049078536706
AGPJA5QSBWOYXOCJQTXF54TRGKFQ,B078KTV8L4,4.5671082109663566
AHWQJGQJBJTGKBNCLRNJH65SNMCQ,B098KXQJVY,4.394253285020392
AGOTWNV25MJTCWQJAKIK5EL24VNQ,B08VJ9VGPL,3.986398953305114
AHBV7TH4Z3WRRKXUIDAOPVUBIR4Q,B0B8F6LD9F,4.8710805084404045
AG3NKKQ7ZFWTDAHDWKI4JSFRH4FA,B09R6GDRV4,4.78504801572044
AHERXW7PHUZB2VN6B5XNSRAI4Y6Q,B004ZKY10Q,4.260362550770971
AHEMAURZYRCARVTVF6CQYTYE4I4Q,B001CWWNPK,4.771279886517252
AFOVPAGIXZG3TRBLV44SK63ETBUQ,B093YGKPTS,4.83341940710695
AHYDVO5UKW3QHLF6UFSCEOGECGLQ,B01DN7OAWU,4.512927986435182
AHGNK7XIP6W4SOL4B3MYH6Q6YESQ,B01N01NYGY,4.74443240228915
AGWW735D5YTMQYBMUDXC4KOZAXDQ,B0C4YHLT1M,4.681825595301628
AHK5FUZ6I2OXLSIJX4FZ44DF4FQQ,B00VNSOK2C,4.539530911698726
AETOD3RGKB4NR7F6ZX7Y4YQTJDDQ,B0098X01ZO,3.920949420544928
AE3Y65VROR3YICKMO6OJJ2LLN7RQ,B000TAHFCC,4.396953928329589
AEYPLXPGNUKJMHAPC3GONAXBIOSQ,B07GBQ4LGV,4.683603534038336
AEQAU7SKDC6BAFLH4NY5HGP2THCA,B00HTWQYSO,4.464770246140571
AG4EWD2WI4DTYGYZAMOJQ4DPSXGA,B002H3EZMC,4.84029668112569
AHS4LB7DEDJWMCKIVTUMSBZUC34A,B01DN7OLJC,4.016783284233846
AEVR5BUTA4MKV27LQINCRCM4WFAQ,B073VRMPDY,4.240579481814342
AEWKZY6NU4TOYG4QOJ2UUIXYUIPQ,B08FYSGZD1,3.5816827875313244
AFWBENHWG6A6QJCJISR4IU7PO3UA,B0099DMFK2,4.356819694577206
AGMIECBRRAHS3YUEBQNL7M766ZVQ,B08VWZHQV1,4.308576890944943
AFX6X5HDCAOHHZJRKU7ZRIWACF2A,B071YMYXHS,4.834837439816432
AFLPLZYHGAASHAYJSEJPYUBJVLPQ,B09MJWYTQW,4.837869238327615
AF3JMCAJ6IICLZJRLDYWCPSSEN2A,B002L2E1TQ,4.379334125279497
AE4ZTY6QRIF3UULZDVAU7V7UJWYA,B00RVE9X06,4.78192628800301
AHZW5LNAKDKCM5ANQFNAZLT3JBSQ,B0CCK4YYNM,4.528831668743582
AEENWSVHLUOJFDM4HB2QEELDVEMQ,B0BSR996X8,4.847361788149702
AFBUMGG7XY5MQLB7HIXJQR5X34FQ,B07MJVGJSV,4.0645561164650275
AEXY3DSSYKBHCGAMNYQRGD3GR4QA,B00B5LEAFE,4.244046016400545
AFO6SYZM7IXUOBJNBV6OEURF3DRQ,B00BFN58WQ,4.482002178324098
AG7SATUH2NYBLNGI45MURZJMCZKA,B01MTNCTCT,3.997499966338851
AGOHUZDWB7HUI6NQOLEY56QG6F7A,B0BKZ2S4PC,3.976071129092495
AEXLRZ34GTMM35NQRDZ4CDKKXLIA,B0BT8GVK6M,4.664023014734445
AFOWG7WVVQDQFY6MHOFL7MFPAG6A,B000UMFQHA,4.878062544879487
AH37ZV6A5UJW6A4PA62VDYOQSMKA,B073VRV6MS,4.031775712310651
AHVHBTIWRGYVFBVNVV7SSK2W2RYA,B09MQZ8VWH,4.634431030902084
AGSM75HHGVYI263VKMFQMK6GJQ7A,B0862G4SJ9,4.669373980302524
AEQIXOBGYVS2DIAO5XFBPPKNMA6A,B003AZ6KG0,4.263367406664493
AE5VICOXJ6XHMLISRION3NBJ54OA,B00INNJZPC,4.2403441030643165
AGUNYCUTE2I2FQOSTZ6XZILKD6DA,B0C67HCGBR,4.714296709852233
AHJSYOIN4W5IZ4SW5LSHCHEBMPNQ,B086QMZG22,4.579902219797589
AESYGW72QCT4EU27P5PPM4X57MCA,B07KTVV4BC,4.84528899012542
AEA4WNCWOCN5W4GTQE4UMBFC6SUQ,B0002F7J7A,4.830942831401208
AFOKWBIT7ESXMZ5OOVEPVEY6AYRA,B0C4DG9Z5G,4.435408772545445
AE6PGN2WW447FQCQ7CQFTCO4L36A,B013VNHWAI,3.869786985618668
AHCOV6ID7GFK6ABVU35ZNEJAXT6A,B0C1ZYC5CK,4.606150379462711
AHZHSRRNEBAWENEVOD7Y5GJJAF5Q,B0BJZZFSN9,4.133382308126423
AHI62NY2P2F7W6MNBBMELHNWGWZQ,B081PQR33C,3.9129493953690284
AEV32P7R5QEYRDR4DXX7F7V4LOUA,B07JGCQYN8,4.641604924223011
AGXOVGCVMYWP2GS6F52ZTGFX6OUQ,B097ZNTLHH,3.776998298849554
AF4EY2RL5MCVIFTSNCGQ3SNR5RBQ,B08JQNQKLL,3.7637084067453337
AGF2ARUNAO6IKVQHQRZFYC4TU5IA,B09TBDG73V,4.337941087858938
AGMQUIDKC252ZDT5P7G3INBI2WTA,B00WM21DY6,4.40189996285033
AFB6NAYAW425HDMUUAKDUPILM5XA,B07BSZNKTM,4.563281069547694
AGN736WLG52SCARZJLYQGEM76DNA,B08DLK3GC9,4.795711323908699
AGXFELKL5OS2JLPR76CBZ467NA7Q,B08BHY6WWG,3.6975010720287393
AFGDRNIMPVGMEICSWUU2AMBMPDOA,B07KJ1MVZH,4.635191618721271
AEMOYADP2JOCWPFFSQD5XOHPNCCQ,B014QKWCAK,4.683284981914419
AF4AO67EAISRN4VKPQWPD5LDM3AQ,B07JNKY9T8,4.788663054106152
AFC24IBMCOC5G33XDBQTGBU4ULEQ,B08DM9NFLH,4.169398003882704
AGBXY7ARX32OBIY5AAMAXYJSVXKA,B00T5PNT9A,4.661198497877885
AFZ252AZNJJ5SYCMZ7TQBZQSQPJA,B0B31RCL2G,4.621113587923391
AFUD46FQ5QP2KHEPMCNSWXMDZ5MA,B01D2GAKV2,4.528760786432403
AE53VDKFQ67YHCSPLIMTCFK2TBCA,B015XE0B7O,4.808266656203138
AGCKTXUY43QOGKGNIEHIXXZ5W4NA,B00EB11RLK,4.754694175144294
AHG2U7IGFWJNPHSU7HOTKCFLZKKA,B0002Z2C9A,4.101484274184685
AEOF2U5P3PEPOLGFUQBHOA64YJYA,B06XPJHYDH,3.731504193188628
AEZ6Z6F5RK6Y24QQVWADUZIOHKKQ,B0C2VGQYQ8,4.891020648598871
AHSXFPGEWTP6QM4CNETICMBUHODQ,B07B8WL33G,4.725543677996246
AFDIMXJ6FY6GX4G3UTLPXKVLVLVA,B00Y0CG9YA,3.980721191042697
AE6IF4LHZZFMPOUIQ2I4AMC6ZVPA,B09NDBVJXM,4.856931710815729
AFQ54FLISLOLXO2GO4EQA5DS7GBA,B00CIO6BEA,3.788990579983725
AFY62KFQD545JH4FWULTZ3CODYOA,B094JMK37C,4.752814022164692
AH3UBUKNUPJRPZ4MFG4JFE2BD2RA,B00CPLODUU,4.825131736144992
AFTPQXSU4KURGKWJGAKYLNJONTKQ,B00E3X5USC,4.5028308774307755
AGID6DHXZOL34MVLPDSCO42D6GZA,B0BKZ59BQZ,3.8313529527901853
AHCOQ6TOX2KVPHX2GMG5YCID57MQ,B00FPWRGAA,4.566469058588619
AGTJZXTCU2XYA2J3TDY6RIIO6TDQ,B00979RZ9O,4.8407341072389
AF2B7VXJHVVGGI2GPZVTRPWAI5NQ,B0BKZ51ZNF,4.428222027635329
AHQTWQXTBAXE2QSFOMEOGK4HH2MQ,B00GS82H86,4.294607404211226
AHOFAAC4SWSQKW6TO75RFASN7EXQ,B07CQPJSFM,3.865899699592453
AHGTX7G2RIY2EZJB23AM6H34HN4A,B07D9PJW32,4.394587563355099
AGRZYQTRG3YQCD2EISGFNSLHPOGA,B0BSCFTV2G,4.543641505709156
AHUYGNA2GEDE4I4CGQITS5RUZP5Q,B006QUGBVK,4.479548822601453
AF63XHUFXPDT7TIMND6IIJTDGZ2Q,B000NGVQKO,3.9011444442530476
AH4NJIK7QV2YNYAUJAD7WCJW6BAQ,B079Y9L1G1,4.388729670649125
AFXRISBWQYPDQKEYLZ7VMKSDPDIQ,B01HCGWS2W,4.622401528323014
AH6HGW2QR5QVW56LUGSBXOLH3CTA,B00N5TGXOA,4.323048364654251
AGMOQRGZCULKJQE5GROUVEVGPEYQ,B00H4PEMM6,4.59928617055938
AEQKLE6U7TJCGBHR6ZJGSYBK53BA,B0B8M5FJB6,4.786510154922606
AHNGYELWDWTVPRTSMZ5HWCWDAUCQ,B0BSGM6CQ9,4.831119864467702
AHAYDMZW66Q5WZFEOC4AUJJ226SQ,B0183ITSB2,4.015793195389298
AHSNK6SYID66WDEXMNGDMK6JBT7A,B08T2N25MR,4.150577495644351
AGMCCXZIVMPJ5UZW2JKGMTHQXWXA,B091MZPYBQ,3.757497847266728
AGBQLDJQ42HII7EPMRVHHP2ESXCA,B07VMXTRQ7,4.185523889383103
AGRVMUVXUON36MP2UVCNPY6YULKA,B0002F5288,4.849861003745022
AGP6DVMFOPJAIJ2AU473OUN53ZGQ,B01H4Y186O,3.6490769263119147
AHRYCNDY5S3V7LL3QVXYAT77CN6Q,B000LGA2K6,3.2449247441679354
AFOH3RVBARU2R43PIPZIUD6PQQMQ,B0928FM4T3,4.181296262274608
AF4USQ6DYTGYTJPHHRKKL75RAFQA,B0BCK6L7S5,4.439528550657508
AHGRJF4ENU3XVPXWOJGC7WOVX25Q,B07GRG5SMB,4.513027789475865
AGVVXVJW6ISULJ6YM5MMFPDCJ2XA,B00LMRNIUE,4.088550488331496
AFGBQJ4TCIXR7YL7DNUKAQ2RRK4Q,B00FUTXO8G,3.9017639454148645
AHODETMZCUDFRNJQP4R2ZLEGSJVA,B003AYIKNW,4.65101274535232
AFSMS2MHAVKJDLOK3PHV3IU3YSSQ,B00CJ3AGU0,4.766509926709857
AGXCV25HDW4JXI5QQSJTIZUHPRHQ,B0BPLFP5P6,4.085828558684089
AEHDGDGGA3LRDSWZFJMT3WMH44YA,B07DWLYGKH,4.781127014130946
AEVP7UGAPHSSQMMMR7IXUUYLL6DQ,B0BJPLQDWD,4.703230107496096
AGXOFMADDY2O5MUGWYJLUIQ6XH7Q,B005Q1XR8U,4.028477545051615
AHUDHYMPKVYPTVUFMWLBMWJX67JA,B005U9GDD4,3.6085932112667307
AEIZLW5DLZUBDSUGZYV45X3QDHEQ,B07DL1L3M7,4.4715672341366774
AFK6Z4AW7CDH3IHSRAABCGTQYH6Q,B0939BV175,4.0244335450701145
AGBAM5RZQRUUMKQ4UPUNCOU22PPA,B07BVDGFSR,4.516981734721748
AHAYMBP2MO4GCR6ASHR43YV6D6TQ,B00IMB0Z4A,4.732228277316212
AGNEADFUKVX2GAUSR7OZAGIAYL7A,B01DE4DPSC,4.303092504321102
AGHVRG2HSUORQ4A3OHQFWKMIEOAA,B0080HYFTM,4.786002161100509
AGYVOONXBF4R24OWT67AA2UGSYXQ,B091G1LP41,4.556676622701689
AGC2D4ERWZFFC6TBEN7WVEVAYPCQ,B0C4QX4CQJ,4.522206614474891
AH3LWB7J5AISEPHX56QBZGAF7RCA,B00IPH8MD2,4.7692530088984
AEBTCCMZCJOVYR5LHI2ESWKITQSA,B07P5GGK5X,4.51276101321939
AEJE4TOVBD5TOLVYRBJSFBJM7IZQ,B004XNK7AI,4.850076258422362
AH5RP72S7EOXYWPVIF5NJXGNICIA,B017VXNOK6,4.17978962035997
AGPB7VMJFDRG6D5MIEIK5DLXQBQQ,B06X9KG3HW,4.828779975780498
AHRMYVXZC7MK5EBIO2XL3Q2GGEGA,B000VTFQCM,4.34315443076479
AEXZDLJQFKVDZIYYP7V6IUXBX7UQ,B08LW3YL8N,4.8504211515978835
AFCSMQUEKOY3DW7IWIYZ4CW5XZIA,B01N2OBKIB,4.090158548663801
AF4BJRSGMCKQY5DFGB6KV3P5OY7A,B0BX8VJYMD,4.334319102107549
AHW2D5AFKMWOIVCEXUZJSB43TAHQ,B072FDH5X7,4.190732272381472
AGCRGA4K3TZYMVULSRLYGJILNJ6Q,B01KDK4QSI,4.678389405555413
AFZNG4THTEUTZC4XDEJS3U5WPOHQ,B001L8NGJ2,4.923088044652109
AGICD2I7CV354HTIMIUWJEHP6VZA,B077LVNP89,3.824393545024731
AEX67ETQV7BEFGI7HZIMBUI3M27Q,B07H5HM6F6,4.184426885063438
AGYKBJXKGCM7FUQSK5JSIT35DOJA,B08BHY6WWG,4.1352823077346335
AEA64TVHGKB3T5UHJGBBPAM5BBSQ,B002P45B62,4.469636484505064
AHEO3QE7OE27ZZ2TIJP2W7BCZE7A,B00UTELPGK,4.502554885031886
AHWXEOF3AV66R44YXMV6OL3GTLWQ,B0002D01JK,4.778795621835714
AHJUEBYCGXJEJ2LE6WUWHD3J47SA,B07WW5PKCP,4.001181732137623
AH55P2KUM6KXOW2KWG6CNFHRPW4A,B09RTZ26KV,3.7698920565670653
AH7GRHCAJCVNL6ROQOLIJT6PK2XQ,B09YYB7MNN,4.48792732180196
AEQK6QPYSQNUNNZJ76ZMAPCJOHIQ,B0BSGM6CQ9,4.591410762649782
AGRRU2INDXQYIJ4DUSPNMX4YFJPA,B073RTT48C,4.1860733987521135
AG2DWLNJ7PZ4CNF3HG5LQLUK34OA,B0B92LPGD2,4.619783780707957
AED2TSFSYFRTY4JJ7TSCMFJIVNCQ,B07H7WX6VH,4.673647338162095
AE6JEOKRGHXGAGA4FNO4YA6OZHNA,B0BTC9YJ2W,4.833277081299066
AE67TMIITWIE5JJ4B5AHMSVDCP3A,B097Q9W8MW,4.710821824830075
AFN65DDQQSOAHZOK7XDWIJPU5BPA,B006BST39E,4.143558173749307
AFKA6Y5FDB75J6BMYLJMBL56L5LQ,B09RN6MGZH,4.786742972870669
AG5S2VTNYS7B62JWNGBC57G3L3FQ,B07CWLS8D1,4.511600553868831
AHPG4YCQ74YJYZT2S7QWWIX3PDAQ,B011N57QG6,3.944914523343221
AHZER36Y6IL7USHGBCELVMN56VOQ,B08NVVLB16,4.735293403445387
AFZJHJPQL62CP4JHVSH7FRLHXVTQ,B00WE6INNY,4.830556656324603
AG3TSA7OBFJ3MRAEPIKD3RR3LQOA,B07M6T47WZ,4.727292168901085
AGLS7OCGP6FTLWOW6FG5LNSPQWRQ,B07FKKD86H,3.9409900865537977
AFKAOSE742HF6XVNMKIFCZBJOEEQ,B076PN1263,4.190443454696235
AFLEPFSD4GD6B6C76US36CVYGT6A,B08T9CCXZB,4.424427743763438
AFMGBSMLPM3YL7LAM32CZPNXZ73A,B07MJCLK46,4.664309654675633
AHJOGKL3G262UFCW5UVYX7TOJ26Q,B00LOAAPKA,4.520938283573383
AG4UD2WKMI7VQ3WUQDK6RMYE4UBQ,B0B8NXV975,4.1005369082658625
AGOS3OK5UXGNFIHI3E2A3IZBXBIA,B00I9FL3OA,4.26192458155839
AGKQIFYBIOZQGQ5EX7PD5SFVYCAA,B0BGQZNQ53,4.606391388467763
AFT34SUD4RUCCDGBHAK6SP3337QA,B00GXN20K6,4.438845096057647
AHLW3QNXDTKSLISEZBY4RCE5KSNQ,B08JMQR2JK,4.694668913715401
AEPNCU3WSQM2TKWGFVECRCF3JAJA,B001R76D42,4.2266504303629375
AGVPHZ24R2K6YEKM5BWFLYIG4IQQ,B07TDNWYSB,4.613719074430668
AHM4URAETRB7ZICHMC4ZSA2WYRBQ,B0B9XPLGMD,4.594088256790038
AGY3QOY2LKZBJI7U4D3KWVGIMOYA,B01HJCS88W,4.806948948237174
AH7EXT73SLCGBJC4OYS3MXIDCKCQ,B07D9LVCNG,3.982120332137148
AHQSOZB3PBOOCHTDN3IRCKU3RUCQ,B0BLZ458F2,4.631666380308262
AFC67DVPXIBVL5VESTV4PG7PHZGQ,B0151KT2B6,4.343228743701936
AH46X4UHBAV2KZ3UV77D4VG66TPA,B016CP76E4,4.1508839931248
AFKECPJOUIDKRR3I4RWPGW3BHE4Q,B0919825Z2,4.821080331845053
AFGQF3JZAPHICVRV6GMORUUFKYLA,B00L6C8PN0,4.57608805950054
AE2CZNPITZCAYXISFKZ4GUI5VY7Q,B09G7GH2FH,4.664964350329775
AH7C6PK25WFNGZXDQD2XPQP2GAZA,B01LXTBO7B,4.8035160658383855
AG6F7SPJH33LKPGZWM2CXHOSTVMA,B0BFKPWGQ6,4.153602046253129
AG6ATLCKETNYRKL6GCQV35CSSGPA,B000BYPJ1U,4.477820326841586
AG4MVQG34R5BYWDV6NBCPRAHEJHQ,B08DBDD6CM,4.906524225472994
AHZCZUD6GBJYNJVHADRVQJ5P4PZA,B00JKML35A,4.646249836180451
AEEAA65PKDSBS45WBX5IVQ6OFGCA,B017QAL24O,4.610834650280749
AGKNSAIF7C6Y4L4CXNBU4WY3L45Q,B074KSDLQS,4.194873505979637
AHR7HFWDNFQH54VYWKXSJZMMEQUQ,B0BLH2CBVK,3.958858974345943
AGZY4THIYHSTYU7CT6O5YXQB23JQ,B0B6P55RBN,4.439124347602032
AEQL3STSWQRT4OQNXKFKRA43MBMQ,B0939BV175,4.113218637918286
AHFYN5R2UHLO7ZONIAVVBNGC5ZGQ,B00CGFRJ2Y,4.374153396515238
AFDVTLUWYDVFN6YZ372K4B3HKSDA,B00OGMD0VE,4.067177776972307
AFXVOM24JL7OMMEJEY7HEA7DYH3A,B00HTWQYSO,4.506450431735736
AHZCCQFMMANDVOFLJ7FEWOYVFLMA,B0C3Q29DML,4.241400503307436
AGI3IDLFDCWG6B7HE6P7WWUP4PKA,B005OZE9SA,4.08646787950789
AEGAK36V5XS6MLBKBB5HGZPXSZXQ,B0BT2Q355P,4.6108059822001035
AHJ2NJTRCWB3QQLDFPPMYCEYDFJQ,B09HL8TQTF,4.767425449486851
AHD4P7SEH26JBMUVXF76ZY4ZO7VA,B0002F4YQY,4.639999915691326
AG5IRZQ7IYJ7HYHLPPE7FBYITT7Q,B09857JRP2,4.838428954563563
AGZQWNDQHJWRE4K6X554W4Q2MUJA,B0BG95DG2H,4.304589553473871
AGXTKJIZOEBEHRFT3SOZOPHAPPTA,B0B92Q5QTC,4.629712669211319
AHQKCRAIW6KOCBXNQQ2HCMDHPPCQ,B00FFVKM2U,4.385450675851901
AGRLJDWT6YCZ4SDXSZT7TZEC3MKA,B0040ZBI52,4.701474882535173
AG7EI3UOXIQXEL5QDZPVKPSVR4UQ,B0B59DLBMD,4.807186935031709
AHRTNXIDVTZPPET3MBLAMWML6WLA,B0002E1UDK,4.757465903900819
AHQKFLQUU5UH37DGEKVOKYZ6KQCA,B00TZH5DJW,4.708592915032758
AEHLARSBBEIYNM2ABDU6LHGE4QTQ,B003LPTAYI,4.359837459159402
AEIRBLA7WN4R3DFFWOUBDY6UYWEA,B015JTEBN8,4.7832165702194684
AESVETCZKXFJI5FQG7KUJQP5EHBA,B0002F78KS,3.5237397371332118
AH74VAPB4EPE6DUCD5VNR7PQELQA,B007T8CUNG,3.6379720866371192
AH75LYSHSNLVL3D4J4YPW3E2RE5A,B00O5EKZ9I,4.5498088738748566
AEP4KJDGBH6XPJKFEHPYSAPUNDBQ,B09BS25NJM,4.787262823636118
AEZQ6B2ZLT6EQTG3LIN4OL2DTZ3Q,B0010KCP98,4.247264897458297
AHYAJGALLUEC74KNODG7TDLJLQJA,B0C1CX8K6F,4.668877265976394
AFZKJMDP6CGZJI2TGPCOG7PZDXSA,B0BT855NFQ,4.7473620952791595
AFEGQEIXILE5NIYM3ALL22HPAVWQ,B0915DH3NK,4.689166537529831
AHT67F7YZT6C4DAZ4XC7ZXYCTAWQ,B0B8F6LD9F,4.871626465705381
AGMMFTC4LMPBUSCOSAPMQU4BQBJQ,B01DPCONFM,3.7969341321583654
AGGA75GROPWR6Q5SURTTHTERSIEA,B07K34CPZG,4.585680030907387
AHLCWDLO3LZRSKKBRQ3RVIPYLHAQ,B07NSWD8BR,4.689741805382998
AFFN67NKO4FPXSPUZYCOTZWVRWLA,B07NDJZW9Y,4.561623340448283
AHIRNUANOYBBZ4T7SHSAB5TC6EHQ,B0002KYXTM,4.1191089799972564
AEJWL2VCYD5DYYK5KTYHBTRTTUVA,B0BXT384GR,4.556465814807856
AGZ7LYWY74HB34CX5NJD75E5R53A,B000RXN6XI,4.7302894134581255
AELCUQCNW5WBWISKDZWDRW6VIGEQ,B07H57VPKY,4.661882016849752
AG4KT7KJTW4KZZPNOGRB2W3G4OXA,B08R5GM6YB,3.7989769583651314
AF6NUCZR3MMBLJJCDNZS6PKZTOYQ,B00USQY0CK,4.610534279962893
AEFCF5DK4RWLR73TB4LHFQERA54A,B01M5CXA0N,4.024071836155837
AETSRSBYCGAWGUZ3BNSPEUXIQYGQ,B074JHPL8V,4.647516798034398
AEJIZI4BC2U7DCHW4LJI2VK27JPA,B01448TORS,4.688852849640364
AHZER36Y6IL7USHGBCELVMN56VOQ,B018W6KYOU,3.8777064388258715
AFQVSSK5ENT3MDNA5M2UN3AIEVTQ,B08F9K24WG,4.779569819783763
AG7BHSVE5THHDWV5PUW6HIVXJ2LQ,B01HFRDEI0,4.653531614972431
AHW2G5R3FA7BBXBDIIGS6HFWX7LQ,B09LSK67XF,4.4432644494472315
AF2QKTYLPEWJZVZCVOFYQZA2R54Q,B0C67HCGBR,4.993342625609147
AEN6ANHOT5COUFKFIQUZMB4XGIEA,B0B28X36H2,4.354741021971396
AEX6JWB5W37EJHWJSKYXBAP5DLIQ,B06X9KG3HW,4.868800378191453
AFHNGZ6NP3JRH6GB362SGJSJ4WMQ,B082WVMFYB,4.077302072663131
AFCUT6TLZBDQLXJAKOVJ65LARDFA,B0799734T4,4.710489659046786
AHSEOIZUN3Y4WCGAVYNOJW2S4S6A,B00L1LL7DQ,4.728300671390644
AFGWUUOIVYEBY6N2EBLZGZZQEFWQ,B0BT9R8MMV,4.632601428979326
AEHVF4A43236DDIY4KEN7XGQTA5Q,B0CCJ1BW4R,4.854771947650325
AGUEYTWVTYBRIKKOMZTQXD7OQXXA,B00005ML71,4.326087008909073
AGANKYJ6D2VIOOGVEFFWZRBSHLLA,B00CE1ZQ4S,3.589054838050518
AF2ISMZOUHTYR6KLLBUL2VED3DUQ,B00BJTGILG,4.277597567082485
AGV3WQAKB47WL6YGX3IYAVEEFU4Q,B072MLFW5B,4.432676869208792
AG6IBE7FYXFZOF3OZJQDY5R3WMQQ,B07T7ZSJXH,4.3578366427314945
AHYHM7HGUQRENC22A67XTNVE6FSQ,B00615M2CC,4.213009094804445
AH2QI5E2JQF357AYYEQJSJGTVJTA,B07SPHH7TD,4.7514126523547136
AF2S3FZP47TU7EEO73C26FBGGEDA,B0BXT6TL22,3.9967313572728296
AGHDSQTG33WNHMJXFWSAJN5WA34A,B071HN5TQ5,4.1746720590418445
AFGSM2IFWCMZCPCORIQEO7SGXIRQ,B072B9LFT6,3.437065489272795
AGHETJ7PN7P2EEPPQZHFVHGV7TAA,B087MLNCXW,4.848925353761784
AHIUJLOAXRE3NKZ5QGJ3S4C2AQ2A,B073TXJNHX,4.317455257672698
AGZVL5H3CUFV6K563BQ3Y7B6PPZA,B01BU6B4Q6,4.682130237838276
AGKBMYYKA47EVKHM65BYZHTARYLQ,B075R94JY5,4.6142772676782755
AFTM7UBMYY6WS36ZESQQQ3SHE2HQ,B00P0HHNJO,4.525794595790445
AFIRPPNO7RSBC6ZM6OILCILN5ZJA,B09367ZJMG,4.696987924257664
AGGYEV5ST5S72PYKJPK2ASXOUM5Q,B0BSGM6CQ9,4.748372999360527
AFIPUOQA55DSYMSWGGKNQ6FXVXTQ,B07C9YCY5J,4.4004105005209855
AEHS4OB3G7UHTHUCP3YVQE5V6BPQ,B07R1VSKL8,4.434879927659706
AFZIAUNJ5DNQDY524BRRVMFM6LBA,B09WF82F1V,4.2762271504933675
AHHQMVOQSY4WOIU5AWA5AEAQPJ6Q,B093KWXYVZ,4.592164283895354
AF33Z3Y6ETQZV5LJI5N4NXV52KAQ,B002G1UT5C,4.318941857945431
AFDEXVHAVDWBJUKD3GUY64H4YZWQ,B0C159Y982,4.669738156612831
AH7WMY3V55DTEND6PA4TH3BVGGLQ,B0C6HZHZJJ,4.14561745362436
AGGGQEY2TCTVPBBRU4E7VCW57BOA,B00WFW2CZW,4.554716226429196
AFVCGMPCE75MWLFYLYN7ASTQEZ6A,B0002ZO5Z4,3.6446676926595076
AFD7NQEFB5SXRNZ6T4HTKUAXQ33Q,B00BIPL9JW,3.7503085464935726
AECFGXLEX3SU6D4T6C55X2NWMJVQ,B0016BFBO2,3.9846261516857324
AFNPMZT7VRZGEI4ZG5LDSYUGHWRQ,B0BKZ5F8BS,4.863627237511255
AESX54YDSH4U4NJKDY34QDVGEXZQ,B0BPLFP5P6,4.425320426971851
AG26VSS7RPKXVTAUH5XE3SEVZYCA,B00KXQIU5S,4.784028645327563
AFDSDZ4A6HKSIFVTISXLNY4KBTPQ,B0B58M32GZ,4.750912505749116
AFXBCEEH2IO5J72DZFDEGZXZGM7A,B0BHSG5C3G,4.631323302816567
AGIJKNB277PNPQ3NPETNXWN6YQ3Q,B07FTVKZB3,4.099717456068378
AH2KNTQFU4DWMQIMTDLFSMRQHRYA,B007MY5BDI,4.5437959851332295
AG5IJZSS6AR5WICQDFBLP7JGHHDA,B07YM5ZHS9,4.184099611699037
AHWQWO3TDGHGSTCGTU77TE5AITKQ,B082WVKSNG,4.713829211679606
AH6JESOL3IE2HXVN75ODIOHNWJYA,B0B1N6LJPY,4.573486972255164
AGT4ZGSFFZBKHPY67NJKXVP3ADWA,B09QZJ57YW,4.898590404633335
AESURT3LG3G3CVUJDZMCXRJ2BGOQ,B0BPJ4Q6FJ,4.680780822002814
AESCPQD5RHHP65UTHAGCQDE7BUAQ,B08SJY4T7K,4.321469490885131
AE2BZY5FWI5KSBCEU4CRCDSX2XUQ,B089T4BHM5,4.632176889074556
AEOK4T53CV2V3HI4NFDOAOCRH3EQ,B07GJHX9W8,4.537629139941262
AFS24POYFUSC6BRTUFGSVF3ODRHA,B07YCMQBRT,4.4704753645642
AHNVZ5XVQJF6HHKVKUN44DXVI5BQ,B0B8V7C5N8,4.5160285340743895
AHBIFGZDADPTOK7CCTSWXQYVY7IA,B00N5THDR6,4.446584223542515
AEPBPML6HZCNA2CN5QARQJCIIHSA,B0BT855NFQ,4.140429263106903
AHHZGNO2E4NAIBOKZ4CP4RMDHONA,B000DZXTFK,4.31554767023656
AHNY2MHCR3LYNLRKLZVLTUX553ZA,B07T3Z11QJ,4.816641969812975
AEOBNJFZNO3YZC76JOBDBXUAFVYA,B08R7V5S3X,4.1522641144171795
AFPQPFMGLESPNSFDMVCZPWCGDAFA,B0BCXL2V52,4.515725902453818
AEQIN4M4HIAJV4LSFTGGTQ2KU6ZA,B0116TFMM4,4.434488591124605
AFFKWNAIQAYIWWRAMBH45SCGAJEA,B07Q38FWFJ,4.712206614474891
AEHVF4A43236DDIY4KEN7XGQTA5Q,B0188WO6OC,4.886533875170615
AHQPPPWBZCUEIKOIGEGXMBNDWQTA,B004Z8VQ2O,4.331766439115184
AEL275DNGFTFLIFSPTKDR6VJECUQ,B01BJNIFLC,3.930338558774436
AGCVCVBQ5PECVBEARVIAQKDWKV3A,B0085545YO,4.764267986013173
AFOOI5ACUEN6EQJGID72GT2LDZAA,B01M5F92GD,4.353990706940492
AH6G3YNWPVCXX3C76IM5B2QPFUJA,B0B2QG44CZ,4.841754620004769
AH74VAPB4EPE6DUCD5VNR7PQELQA,B0002Z2D08,3.57546272496605
AHKPGMWJYPVJUZ3WKPO7WPRQOQFA,B07D533BY8,4.660425070687913
AGEJRGFQAE756CZAUY4OQLHQ534Q,B096BHMVN1,4.701629242962374
AFUAQQ6VNKIE775XCZXO6JWY4FRQ,B00VSYN25M,4.271324576199029
AG64SW2Z4TEZG4IWEGEUFEEZBTRQ,B0BR2WFYL6,4.2755146664574895
AF5UYSBQUE7CZYB4XX4P62KIX5NQ,B0BMYZRY86,3.8507869444260647
AH34OJILGDQ2AKX6WUTYD3W7ZAAQ,B077P9K2DV,4.631804351172196
AGTGKLYFHGWKNOMOMJSCTLCPPRPQ,B0C54RRCKG,4.635064231598509
AFJ6BNKTPZQXGEOAIOMMCSESJS2A,B0772STLBS,4.524705642467796
AFQEN3LGLPJJQPNATJMFW4ROBALQ,B017808XKS,4.453025447957702
AFUERYPQDEJGMFQ24OMVIKOAOWFQ,B01667IMKU,4.850862946302033
AE4LX3GCVHJIMCM4DIJZCWO7RCKQ,B078YMMBWC,4.328644942888694
AE23ZFVUOMPKR57BVSWXV34QLMVA,B000MVYOZY,4.541821217924792
AFIBH7WXO4EP7S7MPBNUSRTIGO3Q,B0BK6S8QDW,4.597470654421895
AFZSMLMBFEZVO3R444YHFYZANESA,B087W4WLKD,4.206147420661417
AFQUMYRPKJJT5VFV3SXZX576Q4OQ,B00KMA0R38,4.410491302079365
AFGNBP4CGZGNXB33LHNUQ7SJZQ5Q,B0925WNSYJ,4.520074538730329
AFES2HZGVZLGZO2LNH2YRMIW3EYQ,B074KG3QWG,4.045751432962762
AGE6VFVSIBY5MZIHSY3M65IN2LPA,B099NFZP4S,4.675458118789999
AEIP4QW665JJOGQUKPV2LPTCRNTA,B00EQ25MTW,3.830626796202864
AF62V5OQ5N6AXFIPEC5OW3BITFCQ,B08CMNXMZ1,4.377205959112008
AEHMXMFC27SNQOSETCOQUVKFBCRQ,B0BT855NFQ,3.865127662589935
AG3HAPNQSMKOI362OW3D6I5XBUVA,B08DM9NFLH,4.057281003788278
AEYM4JF7CX4PXVZX6HBA5ELI544A,B0002E38BM,4.8982594572034905
AGKFZT2MT5YRDKDTKWYKEAEGLUZQ,B00HTWQWFO,4.55904125909071
AEGDJDPBNZIWPY5VWOWMPW7ZJ6CQ,B07BZWB2Q6,4.552782224001197
AEIBZ72IEC2U3QK2COAAGN3IOJNA,B00WJ3HL5I,4.607049889199621
AG6UNPDBZCRVEBYEWGBIKOX7FV5A,B07KG1KPT3,4.705508450842718
AH7VVPGAXBTVXWJOKQS4FFLNLFWQ,B0B95V41NR,4.484620421166459
AFT5P5TGXEBFHQDQPSU7COEQGTPQ,B01E0TCCIO,4.173181749322786
AGH24MMACIIQCF5BY3Z2IPMQ6KSQ,B09QDL744G,4.079256134802626
AELW2KBTX6VJ6RO2OSAKBEBXZNLA,B00CIO6BEA,4.7683468222783
AEBCA4T6SNCNUEDXBKCX7ZFJQL4A,B0817CVBLV,4.903447254058995
AH3A75BKNRKPBNJZZ6IK3CEGBR5Q,B081BKLQJ7,4.508258101861558
AEOUOKA2NPLBOSG73KGJTVQIOK6Q,B0BB3LY92H,4.406016673065392
AENNORCDOTT2KFT5WUIK7PJ2EXOA,B01AIF4CL4,4.52537980004352
AEXDJIXUAUGIQ2AE3PYDJI3G6VOQ,B06XGZ5Y5P,3.6569857165859485
AGODDVRWGAQPWOIVFD4V76XIST3A,B07D5W5X3Z,4.118814456948725
AHUZL5QVP2SC6GOXSKGNAYUZQZ6A,B0B95V41NR,4.412073405079413
AF2BVC7G4GIJGTXCKNZBTXVYEFEQ,B00Y9AD4HS,4.6920937014186155
AGQRL6XMEEY66MRXGBM6JSYF7AKA,B01FX69CHW,4.617827866685172
AEN6ANHOT5COUFKFIQUZMB4XGIEA,B07CQSZQZL,4.1562168233429615
AFA5S5G5YODYDDKYA4I3GYFU27XA,B0C3LGQ9S5,4.854406458290476
AG4PK6HY6J3ZFZODPIT6ZB3VV4IQ,B0BJPNRP4V,4.421774893354367
AHGYSJ5C6F7YUTGNX6EMVI5QLYUA,B0B8P1YW7L,3.9409899326295776
AHDZKPPKUT7HD47LXCBN7RQNN6KQ,B08448RJNW,4.497816990207962
AG5F4B4NU6DRMAKP743BDE5S3T5Q,B00VEMPWVU,4.545864087396248
AFWBENHWG6A6QJCJISR4IU7PO3UA,B0BX8VV8Z2,4.454038210767269
AEKGQMZDSCDWHSP4KYEJHRNSTX6Q,B0C5BMZ1K9,4.607894979518848
AGRYONT5LYN4O3T555UX5TRUOBYA,B0BKZ7328F,3.9400108418920876
AET3WWTDHC32X57Y3WR7C34L5MZQ,B078X3SSY7,4.704477018986026
AFXNEMBTXLBPE722NF3QI2OX6QFQ,B01KDK4UTI,4.821560436916631
AFIPUOQA55DSYMSWGGKNQ6FXVXTQ,B075SVQVVW,4.732800269368541
AFLYNE7DKJGOYOCNWPQ46WNP5KJA,B00IMB0Z4A,4.604204436484638
AF4CELFQ3HMHZYWCKMITB6KSJFEQ,B00H8AOKO2,4.601236277397586
AFSMS4HPP75DQULTPV4E6CLL454Q,B0BSCF2FD7,4.787761676964658
AG4ZLTRHVAZRU33BPY5Y643IZXPQ,B0C3H7SNPQ,4.9722281772172625
AE47C7UCH25CZOSDB3ER3YYW6ZJA,B00178LDW8,4.491717688392384
AGJE4HMAW5VELBJO2TVTVOH4OYTA,B099QSKMBP,4.434128157191803
AH7FBTPM4NURZRFIATVTWHJHRG3Q,B01BZTH3ZY,3.756611533808339
AHPWJQOL2OR454QAR6AHWS4HWNPQ,B08CNGNB7S,4.853858436600669
AGMF7KUX766SMMOL5OBOMUR3LHYA,B005H2007E,4.477540778030588
AEPAL3UKP57YJTELML3OBPLR7TVQ,B016MJ80PO,4.3626875193380155
AGSM5OIJ35QCDVX6F36S4DBHKZCQ,B003MB7156,4.28318787687898
AEZZ2LUOLUH2FIIIV5SHAWRC7PKA,B004XNK7AI,4.3143814823791
AF52YYNCWCZXLKCCCC4JT6MWB6QA,B0BPJ4Q6FJ,4.366368280795272
AG7E5VMNQ67U4UMWHF2FOZNA4NTA,B0B8P1YW7L,4.8352941519153205
AEWMZ6RHOOOX7FSGKLOJKQQ5EZOA,B087X1CF8G,4.752593389703172
AEKCJMQBLT3GBJA6JG2MY34B3T2Q,B00065Q1BQ,3.938183583070699
AE5JTZUAR74DEHJ5SQB7RS3SWQJQ,1423414357,4.1078496348362155
AF4O6CFDOAPNEW63OPOZLJGZ5C2Q,B0C4CJND96,3.9298846565370487
AEUKSU7GTIU6WHZHLKVDDXF3FMFA,B004UIFXRI,4.15419317649577
AGW556U5PWHKSJY44HOFU6J6Y2AA,B0BT855NFQ,4.606092536944945
AE7KLONBB6QE74EMTW7WWWFABNIA,B07CYRYQ8G,4.626407891425739
AF33HEDLD3R7575PIVJCBZVQ2SQQ,B09P3ZVLV8,3.948358353032858
AH5SU22TDKPZPA7V7VHL66CPV4ZQ,B0B7ZQPJ1X,4.6544612870462245
AFGI5XVA5EBVOE2EOS42KHQSULXA,B005OZE9SA,4.507442996124601
AFASXE3IVLE6SLEIUL6MZLWZPSHA,B0BGQZNQ53,3.838943861441532
AHS3ISPBYRBX7O2VLTERGFW2MXHQ,B01M5CXA0N,4.070503068842781
AEQH3EXLP4OQR4XMXVDVITSKESQQ,B01J317H5M,4.531889845519881
AG5QJWMXSGR6QK7CTCJKXRD7OSOQ,B07MJVGJSV,3.215914380169468
AFLPT4RYDWXLQ24OZU7RQETE4CKA,B08F9K24WG,4.806445590910926
AFDI3YPNNR6IN2BJIJS7RCC64V2Q,B00N4ZIWN0,4.217020953879186
AFG5CUW2ZXJHKIGDKYSPUSRCUS2A,B005SNMAWK,3.92284069348434
AGUOHU3QINJE3M3WER7FBW3GNALA,B0BHG58G2F,4.759421242887469
AHEQMSP3LBFELE4QDJ4LXAD3LYAA,B07YB77XXD,4.6366464229194175
AHV2XUY4DXHZD7RKGPWFEU74NBNQ,B00WB2401K,4.840204782305601
AEFWP7QQF5X4YDRF3U4LAXUO6PFA,B0BLLKKFR8,4.828983257622266
AHKVXBCLPRHVT6XJVQBU75JHG4XA,B0B8YVK5YC,4.473821254525818
AHICAEXRGOBNEKCK2KQYUI44SMVQ,B07MJVGJSV,3.6582872631161587
AFHDHQ4RL34M4KLPBSN5FRJK4CDA,B0B8M2Q1DS,3.8961477934868114
AEQENVDD5SGG3O6H6LFQVQY4PL5A,B08TVWY2WY,4.739391545524102
AER2KIKOGMGPCUESQTEQJGSVM2GQ,B07YJZGP5X,4.745964338251595
AG56GLTP5QGI3KRCHCFC7RGWQ4QA,B09DGSCGW8,4.815602718159139
AF63VW7YLF42A6STVGBLACD7RUWA,B08BN4G8GG,4.390328515781461
AERGPILRKONAH3OE4YYQOKRCSNMQ,B01AATMW38,4.685864992075418
AF3FBHCAUSTHXGTODQONDLTDVQ3A,B00L1E6NR8,4.705106307354414
AGHECGJA3S5TVQGZHJZREKKIHPIQ,B00VEMQQB0,4.386932905191292
AHD6HKJ4CNXV33UEHRJ4VY2ABMTA,B0BKZ61YJJ,4.504430270817987
AE4FN47IOPN63ZFGGYNMY7RLMODA,B005EU6KYG,4.0997373080240775
AEMG6EP7KEMQNNP5C2ETNZ2A5DNA,B07NSND3FJ,4.634889424298626
AHAHOZT5TWLEYPYLP3UP2SMEKHYA,B00JER27MO,3.6688194863370946
AGL3JNBPKKW22ET2KU6GFSE7Q22Q,B09BR11LYJ,4.123301153583363
AEGVLJIQBZBO6BWEALPMJPPQEZCA,B01E4MELN6,4.640326417713458
AHWBYKM4ZH2W3KCZFJSRU5ZAJE5A,B00D35CNL8,4.514719320051307
AGHQ2K3TT2J2TYTGJENKB736QD3A,B0BXT1HP18,3.9695324242914625
AFHDXRVY6XZO6QVPIOOQRODJK54A,B003LPTAYI,4.453772354265766
AEDW7SQR47MF36I4WNHKGDBO6SXA,B0002H0KG0,4.6966715041769564
AG4UIV3BKJP4SYWONJ3RMWCPBHXQ,B0C53Z9TDF,4.644875957566358
AGLTZKRU7DBJUW2ETIYDCZTX35PQ,B0BT9R8MMV,4.771195802474358
AFX66HHUFOEYU34TWTIJ5G6UMUBQ,B07F5PX9Y3,4.843942038281613
AHRJJ4TYII5MHJUTLCCOGMB466JA,B0C3J448FC,4.568825236801217
AGOE4EACWAS5GX6JQJA64IL2GOJQ,B09RSG3D9Y,4.774805169088607
AGRENY3LF3ZMX7Q4LLIFLWACQDNA,B0BJPLQDWD,4.6543093780247595
AGLP2XILQOGYKU4SS24HUGYUUCOA,B00378GEAM,4.742472763675006
AFILAHKCMDQESN2SURI7F3IJB2LQ,B06XB3FQKB,4.691466249493242
AHFROC2LGESBRQYKHELKW4SHNSKA,B089ND6BCY,4.6380946375423955
AGVK34A2WS5EDKNW35GTRHSOA2XA,B0002GWNMU,4.080176452442307
AFXWB2FZMZATXH727LV4BH7TQ6GQ,B014L9CCHO,4.6153827918051356
AHIPKIT25JKKXMUL332SVAWYAKBA,B0B92LPGD2,4.810164265456673
AHECTAKZROG5ZLM3CABAAIBRS3NQ,B0BCK6L7S5,4.144653896040088
AHMY4433RXWWWIPLL52FFK3KA2BA,B07BHTDYGR,4.870511325941423
AHO5IPKZNXFFG2LYSCTINORZG7EQ,B00RMCTTLA,4.332770113393063
AFIYLTZOVWCPKU4HWLRBJ55QYQGA,B015IJIO5U,4.5921648809638045
AHQ57ITZAVCHJFVBDTPJC6GFZIGA,B07QH1B746,3.732395046862021
AGOALS5CC76GFFR2NIIYNIHHIABQ,B07FYL7LW1,4.589681252096631
AEH6HVH3KDBXPOCUBS3FU3EPDJNA,B0C6J1X7TD,4.705834447223572
AHB7NX5MFSJ6W2NWR5UNUFEF7RNA,B00OGMD0VE,4.84113916252261
AEPX34YWVIUCVH4NTQRTPWILHC6Q,B09NWCD36N,4.81843817431579
AE3WKLUJVFL6MZVG4N6K3JDYRG5Q,B002GYWBKU,4.6388685557741525
AFPNXG7VP6RXRJ7JGETPK5RDB2OA,B00WJ3HL5I,4.517583439325447
AGT2TLMLIWZOIPRZ4ZANFYICIKDA,B09PBL98Q4,4.578474045189962
AH5D3TL2SIYIOBOHO6PK6HKB7IYA,B0C6J13QDT,4.781203510042301
AFD3SUBU6QV4WG3FUYMQNRHKHADQ,B00T631UTC,4.28321597980241
AEXUKBVS6GXAUCTDCHL6AX3A6DOA,B0BKR2ZM9X,4.85827257896275
AF3WPB2U3INP4QLJ7LMFA2ZUBAIQ,B08Z5ZQB7F,4.847105270534681
AFYHJWIGHP4L6MNJXMWFDRM2PNJQ,B000CZ0RME,4.330260190251783
AECSHKQ3FAAINVZZL4REOOWYIJGA,B072575CX4,4.729776992234957
AH5QEH7VIRRWOQ7DHQ74CJ4FLRNQ,B09FSRVQ61,4.7959939266364024
AERXMC47CCEV4V4ZFSZMQEEVBQDQ,B005QKNUOW,4.4766443835805045
AH23J2XIYQYV4UR2G7LK3JG6TGCA,B01JRKPCG0,4.796131603178992
AFP3NWSV6FAVUJOBMED5Q2CA5VTA,B00IFOTSJW,4.212190125185507
AFZHRGPFPMKKAPUZ7UN6ETIKTP2A,B00P00C1UW,4.126239526743927
AHTRZPYHDLUDSPYWMFELSSY2F2KQ,B08VJC3GCM,4.3141260426571275
AHPQ7WC7LTS4M3NMXHMGMCXHFBJQ,B0BJHZR65R,4.2171737393243465
AH3KEIO5FWO67MSZBUDQJFDD2O5A,B07C9YCY5J,4.669908596665963
AGBBU5ZI6SNTPSVKYHUVUAPRXEHQ,B09G9DVTD3,4.5453172078196165
AHK2JKHQ22EXZBQWCF6SAV3XYAYA,B08SJY4T7K,3.672053840344355
AE6BYVUHZCRER7JBO5CFHJEOHAVQ,B005OZE9SA,4.077207184743225
AGL755XXU2BKX6BRIRD54MUZTRKQ,B0BPKH4HB2,4.674332460398501
AENQIPCGFGPVCMZYAJK7LIBIZNQQ,B00P6KJ4P6,4.740491231086421
AFGD2TUWHNIVK3UQJB2SK25U7ZBA,B00OYUSHJS,4.563497561479387
AGFB74WQOHVJP4PGF5QOXM5CXYQA,B004VSQ5Q0,4.1394971083611365
AG6IBE7FYXFZOF3OZJQDY5R3WMQQ,1423414357,3.890640462433799
AFFPCRIHLQNCUF3UHZKFIO7TWK2A,B00IJQLZVK,3.958940123278138
AEATATWIJVRKLZHL4XQBAZTTVWGA,B00L9R9YVO,4.653830312159271
AETDJLRMEZGXMFP2UJMNCQOGMQJA,B019MF3U9Q,4.297137933998908
AHA3RWGZYBVOWOCD6NZ5U7SJPRVQ,B0BSCFTV2G,4.773870984634453
AH3NV4CV2XTSTD2APLWTU4RQY4WQ,B0151KT2B6,4.470117514077722
AGZXSZ3JSHVOVFSVIPJN2AZXAKDA,B07JKRBNWY,4.623256395694969
AHWVLOZPSUC5ZDUOTHL6MTPH44SQ,B00T3SKTCO,4.745568507009111
AH7YWZ4DE5LS66XEUKXJWBKN35AA,B016P20UC4,4.627296688404777
AG333H4F43U47DZL4GO5CFBLMU7Q,B0B7B9W8HP,4.890896404706458
AFH72LPZ4WR2NUKOX6VR2Z7HXIZQ,B07YTPVLV3,3.8962202819550447
AHJH3LLQPKTVUMUAGO4BJO5BPHJA,B00JQYUAQU,4.900229013282042
AHF24R5NP5RIVLACS63KEM7MQH6A,B0796CFWKG,4.764319197775265
AEW2LO2YEEIWZ2V7CPL7Q6JBM4HQ,B0B8Z5SW8Q,4.373457442475202
AFNTSVIYFEGL4LCVQ57LQLNT6FEA,B0BJ8WDC13,4.560208415380847
AHK5WUWBA4YLYDVBSEIOUL73A33Q,B00IPH8MD2,4.7207238906587925
AGDNOK4WENFWV3HIU6EWS3PGKFPQ,B019H1STZ0,4.037855032492369
AHVOTEEVDVGU72JTLCLMFW5LLY3Q,B0BR2HYQ18,4.701575034339539
AGWQM2RDWHESGJBIMAO5YYYFMS6A,B00X7DEBXO,3.9900028182639535
AEPIKVM4G45VPQVGYKTVQVCV42ZQ,B074WXM13T,4.651619818452929
AGNEABV223NAJ3T7MKZBTOMDSX5A,B004U0JTHG,4.208067242582473
AF4SXAHUFXPXFBBM333BSHEX52OA,B071ZHLFH2,4.2559539906120385
AE6WNCV4K6LZDH325544MX5ODOTA,B0B59DLBMD,4.856618700679823
AGMD4FTETUZZRG5DAGD3ALQEMEQA,B0C9NGP88D,4.155880667891382
AFE77S5RFZS4KQJL6SVT5U52ASCA,B0B16WH36J,4.84192183626141
AHMIJ4JOTBVZX7ERWMM72CRSEQZA,B0BSGM6CQ9,4.6826504415259755
AFLP3PAE3CNZ7ETSWRS34KDYMZAA,B00XBQ8UGG,4.6415694673927685
AEK44DL2VPRLCOPLRUCGNGHBNY5Q,B01AH3RSAO,4.614314930530991
AEPNCQE67RNHL55MEZGPI653CNOA,B00JL5I57U,4.19585263956027
AFVXOXPDFHFXLCYM6H2HM5PUOCMQ,B005Q1XR8U,3.787649874151887
AEVUFBDEHWXHLGY3VNAET66A5ATA,B000CCSWPQ,4.698443913204368
AH2ZQVPKTAYCR67QNZ2BNYP47HAQ,B00OYUSHJS,4.651058531655358
AEBEWVBPH5MBXTRNXQR7WSQ2WWZQ,B08FHV6383,4.699004861805271
AE7FJY7OAOPE6MSGJLWVLQQRWMJQ,B0BYPSNQYG,4.607329254009203
AGKJNHXZ2RYFT4CN3ZTRGAGDPLCQ,B0BK6TR1M4,4.057831044118732
AGRT6VTGHZIQYDQKPWKQGMUXCGJQ,B097FMTZCP,4.3782628180021455
AFQ2E6LDZCDURZ2WY6BJV5RYOLVA,B07DLBJKMR,4.281296166113692
AGDYPVIYB5CJTZSJ5H6ZTQHXPFBA,B099Z7ZKM1,3.9862032085262817
AFASBYSUT2NHJH4M3PWBO4ZYZNTA,B0002F79E8,4.676236829461486
AGJ5ZHY5Q43NH73NAAFRO3A2TQKA,B0B154YB1X,4.620726550045998
AFW5SULKL2IZK53IEA7T3HJMQXZQ,B018FCZKR2,4.797640445353
AE2NR3B5X5JKLKOZ3LTKABR3FMFQ,B0C3LKLKLR,4.650089513559475
AG3S4FROO422V5KP7DJCBXVUQLJQ,B08P4W7NFP,4.756408795951616
AGPE234Z5X3X73B4DSG2DE3ZTG3A,B07NDJ1HSG,4.720933802207892
AFUV6KLJPKFA6QQYGINR4D2MY2XQ,B08T2N1WZR,4.778246037290578
AGG4LCGNKY3EVBOSELGXMEDXFYEA,B00NARHNCS,4.634852616762826
AFKYUEIARYQHQBR3D7L4VNO7ELRQ,B00PKP3EG2,4.396034332383967
AFROEQNCYABMPCZYZPJSQZALYZUQ,B093GY64S8,4.657689861399572
AHLCWDLO3LZRSKKBRQ3RVIPYLHAQ,B01DE4DEGK,4.855970282501264
AEEFBCECFWLMTV7INRRMZHWMYLOQ,B076ZNHZ59,4.768191647503827
AHNUALEQSBJJGHXFMSEIHPPXJGPA,B01FF4L8Q0,4.628659593276529
AGBCUPQNLHJ4MYDFKJSRB3ZX3MHA,B09BQWCDP8,4.62843210274951
AFF6IT5MM7GHW5HLHWHVMWPFNUPA,B0C53B85WZ,4.551131730686902
AGUQUN4TIWP46MPNHP5QOPOPRFPA,B009GS6Z3S,4.233025831315923
AGTY23JAMILFRITGRT5OIA4HKFSQ,B00JLPHKDA,4.635531081094504
AFQOWS53WHEFRW2W6AWOQ2MOEMZQ,B000LGA2K6,3.5047688713368865
AHSKAICVSFGCKQNXY36HSJ2NH7JA,B07MVRZY88,4.6581996926375275
AHITNRIG3XWBTZQ6NIWR3IIHA6PQ,B07BMWJBY2,4.407948451068929
AGOTB2JUTFNKGUG37SWAS4XVAPTQ,B014F1UKI6,4.387569042646743
AEPJXX4K5S4WEJ7EHNBIGZA65CGA,B008FDSWJ0,3.949670973195116
AFSHECZQ35LO42UUW3XJSQOH2QKQ,B07FYPBL6K,4.788720872708473
AETH5XE2ZFEB54ARJBP35D2CZLPA,B08XMK3D28,4.305706558407227
AHSSA3HG2J77L5CLVFOXMN2I6VSA,B00UQHLNDK,4.037545636475825
AES7KU7JY6KI2MNQ4N4IP2YCMTZQ,B01N40YZZQ,4.225373985216295
AGZYIDZNKPDI7NJFATD4H5UKEIHQ,B07MZVHQXQ,4.8442531133558395
AFEBTJ3TAS5F3OGU5NDX5EYGBP2A,B00EB123MM,4.7571169394104995
AFRX43P7EYLAC2GPFFUU7XN6OL6A,B01N9CJDVE,4.451015112731035
AG2ELZ2DRRAACHKCN676XALIEI7Q,B0745KXRSL,4.713828566672248
AHJ77FMTOSG62L47HGC7U6NPAV5A,B08H1PVP9N,4.701889362197015
AHEAUBT2BHFMZZVR44BH5NKTU4KQ,B000GATTM4,4.635283164808957
AHOAKTHD5FA7MWLV4I2IBOYZCCAA,B07DVCVG94,4.558946661515262
AGL74F3QKUTVW6JAEHRM3DFXKBRA,B0BLH2CBVK,4.382917768258909
AEW3RXLOEMYULYRIDHAKSVNM5KSA,B097Q9W8MW,4.66945186990139
AFRHKO4374QYE6EFRHEGGSPVWJSQ,B003KX4SC0,4.485894342136239
AFFCH5I443XTDKKP6XVHFGRNRN2Q,B0B1LK9SXB,4.474071482985107
AF4KQTMWVCWCJN3MX2PX4JXCAHHQ,B00RX5HQS4,4.782674167965577
AF6IFSGJ6MZRYRS2TEDTSXHE5VXQ,B0BPKH4HB2,3.8497253612724154
AEREY6SH7SQUHGC2ZE3QZLWNKVDQ,B07BLM53Z1,4.211709895131918
AFJ64QKSQO4JS2RDTIM6R5RIAMBA,B09R3KNKKG,4.852200829425766
AHMYDJYCDBIVYE24FCGQQFPCG4LQ,B001E95KG0,4.808953017355597
AFO5NENKMIZMM4NNXRWML6JG2CWA,B0002I9MPO,4.692611445191234
AEOM4BJ3MA6T6Y2JD23KRHYMUOXA,B01N1UI8V7,4.701009933212553
AEUI4EM6UBCN6FUKBGISB7UJIFBA,B00BS1986M,3.7297346392509216
AGIQ2MENYEDXSL5VZHDKQTCC4ZSQ,B000CZ0RLU,4.330885560787323
AFRTO6XX4O7NOD6UYOMG3ISOYTDA,B01LYJMH9P,4.799613654869057
AGEYOG5C2ZNK32UKSRKALA6MFSYA,B09857JRP2,4.868870576386351
AH3M56TVSIIT635XXCL7ZXR44TYQ,B09N3PBT9S,4.557518881391125
AE23WLBRYKEC67DM43M6E2MF7GPQ,B00356J8KE,4.38308634682188
AF4VXIBLX7STK73A7PH3ECA4GBUQ,B07RL64LCG,3.7467373862940034
AFVF5ZISRZDB4O7TWRAKFCX5RL6A,B00PZGTVAE,4.633215001014079
AFQD2EZ4O2ITFTDMWYBJOHSRJNJQ,B09R2TMLJR,4.661718233849076
AGN77Y4XMITXHDOOVYTIS5ARTU2Q,B0002EJNH0,4.739343363889061
AEHS4V3DRQ4ZIXBWECYJPRN5TFZA,B0928HW2P4,4.874338011274346
AF7VRLJZIRYWVNXMW2SAFC3LZWMA,B07N5J3GTB,4.1483627784668915
AEYVYN2QKZKKFTW2LNJG3QKFGHPQ,B09BS25NJM,4.7940242593551545
AEMLDUMRZRY3H5UQSTVOGIKOR6HQ,B00H7PWPQI,3.9096705232647677
AE7GVDNRY5NABEP253Y3GMDUZOZA,B00HTWQVU0,4.3687277412561105
AHVXKHLQUUSLMXEJHNULQ2IK6QKA,B09JMYM88H,4.532389283142578
AH37QN446MUICQOGTHU2R2EUKLXA,B071V3MY58,4.344895453004841
AH6MAK6PF2Y5LOQKNJCZBEXMKYSA,B015WD6FIK,4.51128048051221
AF4EY2RL5MCVIFTSNCGQ3SNR5RBQ,B00IFOTSJW,3.726291324849326
AH4PLW7QNHKGICQTUDLLLEGLRKFA,B0012BPMHW,4.807428472057617
AFYU7L6PPUGCEG4QKNLBLABGJSTA,B00Y3NG5HM,4.3657759268441545
AFNBGFNNXC67NLYI54RYRDKFA2UA,B07T65XWM2,4.034861904701245
AHGIW4KOZ7GCGETIM5WLEGYIYPVQ,B00H8BRK0M,4.47345905574294
AFJXYPYONCFB7NAUAUK6AVRHFTLQ,B08B6BF5RH,4.6347726271503475
AH54RFRZZFYUNYDPEEZJQDXEVISA,B0C2X15CPH,4.877274800544866
AGQ6GRPMLRH6TUFSQLMCND27UTKQ,B07PPHHG34,4.454025177512689
AEYVWHALKMARVCXXX6XJOATQ5LHA,B09RN7GR8F,4.5032193007602155
AGMAZX4H5TKOZODQJ7MVOBMS32OA,B07C91JT14,4.595448906035168
AEADVMHY7IFFYDMM2IINZGE7UDEQ,B0BXCXGCVN,4.40028936913491
AE5KMHTBVVH4B4TDRKLTR5HQXJVA,B0BZTB9B4X,4.1743169557331985
AFNDHAODHIE4ZQLJGOA3PYY7FTUA,B077YGLM39,4.7204441165505635
AFQKIGEYXZL76W7BIGLVR2RIPMZQ,B019OO4IY6,4.374634370557194
AHSYUEHHWA3FIZAUAZYFN54OHZWQ,B0BHG58G2F,4.840033740492117
AE534R5TF6WSI6SQTKUHLDSPUFIQ,B095XCZXNQ,4.586469657279726
AFOBLXDRYH2XKLUTRJ675NJGLLPQ,B00LU8K790,4.446163698246998
AHVFDHPFOJQU7QROTAEKIOTIAI5Q,B01LX96P3A,4.528403839465179
AENHAKVFOY7IOTVFZ427OOWIB66Q,B0002E1IW8,4.60247657942733
AHRQCX6F7G5BXPNBEQ5MXPTRN25Q,B00UXE3WOY,4.5719243828683584
AHMZYSO7LAKS6M3D63FQIPQ6UPAQ,B07CQMZVYL,4.0877811977496865
AHI3FR2LO3SB5SALPSQEFYVAY5TA,B0040YZEJ4,3.753543745357087
AEDSQQJHX6LWSUUJEL76MQSYBELA,B00O6KT5HO,4.663142068396639
AHJ7KQRR6SH62UD4ESCUELE2BMZQ,B00HH4NO96,4.307475516321057
AEGQPKRSLGQQORW3OD4TGBYLPAHQ,B077J6ZGD5,4.787419933045089
AG3TPH4URP2435TBSYMQMEDWFVQA,B07CQ9VV6F,4.707967555413217
AFU65KF3HONQANSBDPJ24PMXDCHQ,B09RTZ26KV,4.594750724135316
AG3ML6ROY7CFJTLMPJYWIW7KXQ7A,B0036E8DE2,4.792816302622039
AFDVTLUWYDVFN6YZ372K4B3HKSDA,B0042EZH6W,4.253475214094184
AFZOKI2OHUU7CIDPTMUHNIRBT4OQ,B00E1P4LGE,4.317568142177983
AFUBUHRWHPHCEJXO2ECK335UGLWA,B07M6B3RDW,4.749522445867702
AEN5VFEOCM4ELH2ZTQHDGUZDWDHA,B00H8AOKO2,4.218033510626974
AEZNCOTOACFQXLFM4MXKSQW6SFKQ,B07WJ1FPX6,4.6457294088470675
AH6STOAHH6WQEOX2LJHUIMNX5VVQ,B000RXN6XI,4.85576747902797
AHOBKBVHEAT4KPRVI7TYTF6MEJXA,B07NKMZJ5M,4.037841597711107
AHWAYCEX3NCWJD32JTFVBFXKUHOQ,B07DXQ1NP2,4.2891065725036235
AGT7E463C4DAGHWCWOPRZBMLYSRA,B01M1ESQ9A,4.677611052511313
AEDMWS2C47FQKX7YCUBF2AKGOUMA,B07B8WL33G,4.763012166846569
AHKJF7SU2DIXO7MG4SODYBOJWPWQ,B06XFYX3NH,3.6660743765823596
AHMA7ASEUEDMYKTWHXZ22SLC46GQ,B06XDBGL88,4.944122391658133
AGSAA6D4WSVEO4G2JONYMQZGVCJQ,B018S20LB4,4.805710417183298
AHC5GG7MPPNIJ6WGMBE5PEQVCCSQ,B004MN9GWY,4.784120833206593
AEN326SBT64VHDX7FG2G7ETRXB3A,B098KXQJVY,4.687087966139861
AELBQJXOJ6S45HQ7IT5QOIZGDDGA,B08FYHSQTZ,4.385488285946662
AGBN5H6XSN2RUYI5DGFRDAURIUUA,B00FZJ25TU,3.82640758585664
AHJS6QDWCAHL75QZJAGW2VG3SZKQ,B0BK6S7QF4,4.862429079242926
AGAPF6VHHUW6PCF5XWW66RGE5QJQ,B075GKTV88,4.607058377350842
AFUHHLYX3FRBXN7T3V737VFKS2ZQ,B071VN1573,4.658921201316433
AGBB2ZXVQGP55MT6EFSXVDRBVKHA,B0BT84L827,4.808555859213924
AH3O36VZKKWCD5U7AWEQ3MYGWBKQ,B07NST2LSB,4.766627975042429
AH4VJK4THFGKS4DEP4ACMUYHLIKQ,B0073XCZ3C,4.084985538619925
AHEMAURZYRCARVTVF6CQYTYE4I4Q,B07CRLJWQ9,4.511644391284332
AFKETZIETXOR3O3WQ2IEITFSYJ7A,B0BXBFG6BX,4.851181879655288
AEZCTDIBXZVKKAKKKKWSXKPN2MVA,B00H35YIJE,4.739987149458623
AGRSW6MPQOGFHVMYGV3X5LVHEQUQ,B00PH2M4KK,4.277838143173039
AFDGUCQSIXBG4HVA4BOYOY3VIRDA,B003JFVESA,4.610000531468843
AGF65W2AYMMX6AGTCI6FW6FVCYXA,B09C5XTVCD,4.723152843690494
AH6LZMLMHAU5AHGSA7G7E5VEIUNA,B0BSGM6CQ9,4.815042719492867
AGEDMQORKPTVJJHUOOW6USGHTUJQ,B00B6WZGHS,3.7851180096219843
AELVAQBY4YVAMT24YPU6FYTK2I4Q,B00VTCBQS8,4.13516513773018
AF2NGUZ6QFZJUAAINQTWZL5WMXRA,B019OO4IY6,4.540598113960794
AFMMK575JLG32D3ZQMSSR3MX6R2A,B08JMQR2JK,3.9500850513383687
AG7ZPB5T4ZGBEJXMUSVYO3B3WCPA,B0BZ5JK2GC,4.424082894442517
AFK2BXNXJHJAKDMSCRX6V6RZNX2A,B08BW2TBD7,4.786890952946092
AFZVBHPHF7PGY3EAVSLEDOGCA6NQ,B09VGM7F6Z,4.384091190394707
AEBKMSFD3VIXE6CJSSMV3SSPEF7A,B091F4D8NF,4.470869179187693
AEIXKVIOBX6AFYFRENWBSESOGMOQ,B06Y2W66F5,4.131089773765603
AHQCDCQ5VFDGM74DM7RQ737GTOYQ,B09SHCSSWM,4.63834372805598
AGU2MZU3LPS5YIY2CPDAMX3XXJOA,B0843PZHQ2,4.655589699025407
AGFO7J7AHSMMOZJCBP4B2UADWX5A,B0731K3M6Z,4.6650074246001445
AFVKWBQQ6VUMTZKTVXN4Z237ZMOA,B07BHWJMB2,4.2605809598880136
AG3TURJ4DOPD3S6RHZRV2XRRJYPA,B004THB824,4.597953161313943
AFLT6YM6MG5IVAYHJRNVSQJIJXIA,B01MT5S67X,4.702293734448665
AEWSA55RYTVXGVCMPGGUMBHJKIMA,B01GW69IQ2,4.804262087978433
AG4HSLU5KO7KGCFCOUKKBXS2NGWQ,B07PSWC1XY,3.809081621079022
AGBN5H6XSN2RUYI5DGFRDAURIUUA,B0BSCGXCVP,4.497658797826874
AHR4N4IZKDYWKN7WB22HJF3TE5MQ,B0BKZ2F82F,4.713909426014155
AHLFJCO3SENFEDTOXOS5VC3GKSXA,B0002GXQ2Q,4.739879396356725
AH3DEAE4AW5D4AO67MNOXOI5YE7Q,B09396NY1C,4.319816343090839
AHX2ASVMXSHSQDBYGTZFDMCGVCQA,B007MY5BII,4.492585715907456
AHLWV6FKLFZU7O46CIC4EPMK5NQQ,B08566SXNF,4.625396481058537
AHOTQQMMQDCYWZHF7HA3Y7DLVQVQ,B07CV6VYXQ,4.195632042419824
AFITYUC3765LLGHMH4L6XJXCOWIA,B0BPNHG7M2,4.398184412298956
AGP3AB5E5WTGFFVJEYVSW2DYJI2A,B0041OU1X2,4.7347339421516095
AFEXGGP2FKT5NOCTC5O4KAHEIVHA,B01FJZBI7E,4.356804016183224
AHGSGQ6GSGOIRZOG6YXTMXJIXKUA,B001L8IJDU,4.672949633731821
AHW7ETGBKGX6DCG2LBAG5YAXU46A,B0B8NJBS3V,4.825918241687561
AGBC6LK4N4ANCY7GPBKSV73XQK4Q,B0BCK6L7S5,4.381529466800544
AEDUWOYVRIMELJMAH5D64RBYKKUQ,B004MNTIL8,4.8293844804547295
AEOAMGJVK4MXPWM3AYQ2RAVC43SA,B07N8V6K46,4.671354032273525
AEKMHFZZ72OB26PKFPECASSLCBMA,B09N3K3KGT,4.523740018079592
AG65EMDZJ3RRQSYRZMMBUR7TBA7A,B00JER27MO,4.571427127084641
AGL62R6J2RX6ZL5FJRK46OZLJZAQ,B09PWCF6T9,4.641407773604257
AHEAY4LVXGQBFORIT6TQ35RR57GA,B08JMQR2JK,4.063124360670518
AEBT5FUF3Z2Y4DDIJV5TCW43C63A,B0BRG35HYH,4.211196057110678
AHQBI36Z5MNGGQS22FDO5ETXLLNQ,B0C3LGQ9S5,4.64038843265671
AHQ5AL3NKAPUD6K7DL6EUC5XX3JA,B07FYPBL6K,4.712206814826301
AGXZIOXJQITHVPEVRZL7AJO4TAYA,B00Q8KGL54,4.515305819339456
AHRRM3MQAP2ED5JAKBCLTJ5DQBAA,B09857JRP2,4.839382041635837
AEMMOYNKT6BNKNRUNRY3TH53DYOA,B005PGGU9O,4.485147759602743
AETU2L7GWTRUWX2FPHLAJEKC7EZA,B0002MS7NS,4.518766717806772
AE2A7NOBDCZP7RINLG5REL5I2GMA,B077GK1J7N,4.234540237796483
AFLCKOPHSPEOXRM5HZQC6X62Q5AQ,B0002GX7XY,4.874852195209188
AG3S4FROO422V5KP7DJCBXVUQLJQ,B0002CZU56,4.911312199642665
AE7GVDNRY5NABEP253Y3GMDUZOZA,B00B5LDMH6,4.227047325418435
AFKVZFKWM3FJTWEDGJFSQMWR2KYA,B0B8M5FJ9W,4.000208027628263
AEBTJ5U5BUV3TSYAFMDHEZVEPHNA,B0002D0L4K,4.6647844045728535
AFFYHATF3D7K36FDI5EMWOUXRXAQ,B0064BCRQE,4.897014068131612
AHGC6HXFKTGNC7UVJ2MXA2ZLMUCQ,B001MXCY58,4.180126699081711
AF4F5YORO5MADXZQC63MO65FQDGA,B076GHR7DN,4.5653289138780835
AHY2QC53VJB2Q4WX7I5MYFXBFSGQ,B00GOIC1S6,4.48404706227556
AGVH6XX42P6SIONXKWBKGJODPMTA,B01LSHMR86,4.74810976119346
AHJYHZOBOSEBCUCJNMHN5DPZ5DRQ,B0B52FBC66,4.580641051355701
AGMADA7BVXWOPUYDHC3C3K3OKO5Q,B09CH8SDPD,4.688995170848827
AF2FHIOZUNV67HEU4MSXQ5DZ5A5A,B01GSVQM2E,4.365266202043548
AG4AVSOJINHN42XUE3Y5D5XSAHBA,B008YOMVDS,4.145401530556112
AGHLAYBLKOMA7JAM2PKTKEQ7EOMQ,B0C54RRCKG,4.674012139084845
AEH54Q5HTMEFTXWFJA4ONZK5UZNA,B011N2VC64,4.12845985316279
AGJ5ZJKUFS3F6QECAILM2J4L7ETA,B073RTT48C,4.84192183626141
AFNY2S3YRSPY6NST2O2SQFMSFRIA,B004XNK7AI,4.760586389786951
AEZJFN2YIACVU5YHNMQVKNZ7W7VA,B085H22BGK,4.370783971457596
AFKJVDSTDRAQZUEEWZUEYDUEDWDQ,B076346CZ9,4.70789140477379
AFY5LZPYVJ52XQRIBQ7JJVNS7TDQ,B09XQHQ5VF,4.27435104969957
AE3L6TIPOX3PCWWEKRRM32YPNTXQ,B0B949FD92,4.5579030597900125
AF2ADEWSNFYF3BRXGP5KXRXULGKQ,B08448RJNW,4.5812975235658
AEJ4UHRQGA22XAKVA5QKWJ3ZIMMA,B0BLGC3C1W,4.124483844001819
AH5H3RK5Q2WAXHOCYTKNZFAV3UGQ,B07N5NMWXK,4.779666202039848
AHAWNAKRUGKRZR7F5TNJZWR77XPQ,B08T2MZVCJ,4.052905899828687
AHQXSURNHTA2ACNNVL6F7K5BDOZQ,B09857JRP2,4.431152866601437
AHSVOKGVCE3MBLCCGXRLFPLLISJA,B07YQ4MWD1,4.3426191180597105
AGS55F6CFFURDAUEXOEH6NTP2CBA,B07PPDY2NS,3.641156023800765
AHXZMBZM7TCTGR6YQ7MI7LEAZ7QA,B0007SL860,4.739205433471572
AFJL2PWGEZFPTWMAWAPCGYY2F4AA,B00RMJORJ2,4.756842481739854
AHHNBVPAODMOFE2SDZ7P4K2CEWOQ,B0C67HCGBR,4.832063724575209
AFND4WHBO6MV75PBKNHCBFZK6VWA,B0C6J1X7TD,4.280135912146241
AH74S4ZHQIZ2HCY4CYQNNFD2EL7Q,B088WWS9GM,4.769159949063347
AEDW7SQR47MF36I4WNHKGDBO6SXA,B0BGL5H5Y3,4.887274800544865
AFHZXNYNK74PAWXKHPNHLMY5VJNQ,B0C2CBF3SK,4.413866459810386
AF6VHCT7J2T3FLU2BPMYWGVDG6HQ,B06XZ91CGG,4.874878254165607
AEN326SBT64VHDX7FG2G7ETRXB3A,B07FYJ7ZLJ,4.549105394558616
AHOTV4CLZXG5X653HKHCKHVAPG3Q,B00JL5I8H2,4.40343439316686
AEENWSVHLUOJFDM4HB2QEELDVEMQ,B09PRKZ6FN,4.7842313276478174
AGL3XHUKQSHTUANT673GKEH5OU5Q,B077Z635YX,4.8322470047430635
AGETR4QIMGHVFE3QCL3USO2DRGIA,B08SJY4T7K,4.3513458806712135
AFUS6JTLJZK3Q62HGDKY2MUAVPHA,B07BHJH2Y8,4.677255401333785
AGZDVF63KXJBQEPNLNKCRDAH5OZA,B07CNY1HPX,4.53220207115255
AFN6353UFHPWCP6AA5V6XWDQKQPA,B00HTWQWWM,4.692713317250796
AGG4LCGNKY3EVBOSELGXMEDXFYEA,B07MJJ281Z,4.753142395448001
AHUXAPPM6WHJN2A3X5DOO4AQLKDQ,B09Y8DM5JZ,4.436740491165487
AGTGCRBYT2WQEGBDTCKLGNK4CXQA,B01JGQVQBU,3.8909393324193102
AGUQUN4TIWP46MPNHP5QOPOPRFPA,B01ABJ036U,4.077994672825515
AGMGW2AXSHFLEP2KKAQBOM6OOQGQ,B00AV557UC,4.618611786794811
AHOEKHBS6FPANUZKASOIRVSCH7QA,B009BZAQQI,3.775167658368379
AHEBSXAOC7DZJ3Y2ICCM4R2RSYWA,B07WS6G634,3.9611490337853943
AHRTNXIDVTZPPET3MBLAMWML6WLA,B0002F4YQY,4.670369479013504
AF4SPJ4OCL5VBNSZCVJWHX335EUQ,B0002GJHYM,3.927344638151507
AEWWKKSI3XGONPAWUPUVPXAACNHQ,B01DPCONFM,4.676429005344319
AGO4PWTACG5H4W63S3WT7CD7XDQA,B07VPLFNYM,4.356510583599358
AEZZYYV6UFTFOQ76YJ7RGL2JELHA,B00H35YIJE,4.049143949172877
AEHZO34D7CYLRZ5VFUPFI5IFKY5A,B015HG7HMA,4.125048818639765
AH2ADQH7UOGDTDAAOQMXQCUAGFQQ,B00WTZRLOM,4.469016380615644
AGCZUILWOTAOWI2SZRF4IOPREQYA,B0749WPC79,3.794666557392408
AEPJL2A5CE2ST2ZBZXZFCBIGLSVA,B0B84XTJJP,4.584375925741131
AEIU63EAGJN2HD2JBPWHEVWT6THQ,B0BCK6L7S5,4.102903737221913
AHJDK246IF27VMB55EDYVVHPY6RA,B0BTC9YJ2W,4.788764793853718
AES62SVPMQKJVYREQRVKRBVODIGA,B0B8LMGQVX,3.831270113910251
AFDLX64MUTNBUHOU2L77J54QI4FA,B00V8URXSS,4.332152788180792
AGCMJUW3TAOMRRV6TL4V2SK56P7Q,B089QRBZQ8,3.974289183526536
AEBIEMNW4BPGOFLHZCE7TRXIQLAQ,B01HUCYOXE,4.655257131548032
AEDL6IQZVL3POCWKWQQEYCSYCPUQ,B014PEZVKU,4.421481041530065
AEJO75YNQXAOIKXC2PF4CZEORMUQ,B07B4XLP57,4.173078165414728
AF5OEII5AJLAWIS6QWTUP2J72EAA,B011R0XDYQ,4.49979713746951
AHCPG6UCDD3OKNGACZNLW3EXJXUQ,B07SZLB9GM,4.190054854007651
AHTIXMC45Z2WUMKNCPENUVEFP3BQ,B014JY7WGW,4.5663697857975105
AH4JGVD5QVUSZZVGHSMR5SRGHVYA,B0B1T92VM6,4.019950615208236
AFWNIPDL72FP2UXKRYXN673BN7HA,B07Q75MDB8,4.763339586189208
AEPNUR3UKHG5JLGS6JLKXVXSMJ2A,B09BF8XDF4,4.2522310114522375
AGOAOXZU4C2FYKKH4X4NPAYPOI4A,B0B14LN9H9,4.603406122125769
AH3Z6C3F2K4DHOJVCJPN4EWEKT2Q,B01J3S91WW,4.549917217199569
AGHQ6RPNVO7KEQHEI2HAQHAGCTVQ,B00OGMD0VE,4.596957451758508
AEFICJTVERYBGXDBNCYY6LYBF6HA,B01DN7OLJC,4.705567100742055
AH5CRT5ZT3ESMYJUVDIH5RZPH2BQ,B000T9NKEU,3.801988533539583
AFJZIOVKFSIRFHER4BQIHMOA4ZYQ,B087WVJGQQ,4.571399663116689
AGVMLHKYMOD35HC5XL5BN5ZSMUFQ,B07CBT4SYD,4.86032072844173
AF6N2DGSAXSNFBDROTSRYU6ADXRA,B00WJ3HL5I,3.985567764976103
AEIEKT6RZKZF2VX4R2UJHKMFLXEQ,B0822LB7CL,3.6425266999696158
AH6HIGTF5ACPPHH5J7MP6GMRIFAQ,B0BG95DG2H,3.962226123921142
AHXYOGPYRBEVNJCESMCD6QN4CUYA,B005OZE9SA,4.507442996124601
AGUG7ONCKL4JOYS6AILUT3AGOCWQ,B019F9DR3S,4.003624395521965
AFGNBP4CGZGNXB33LHNUQ7SJZQ5Q,B07BLM53Z1,4.094219123086155
AHYQNKECUJ7XNEOPQY7BBR3OYYLA,B0040O49OU,3.3471376362522833
AGIGLCDBUMZT45LJEQR2EDJUDZUQ,B018VAQWEI,4.791640048476227
AEQ74J5XBTN2YQID7PBZMICSZL2Q,B07ZWHY5TD,4.7122067295516965
AF5BNNFFASTI2LEXYRWROMIUJWYQ,B08R5GM6YB,4.046591402268399
AHV2RWTWUZDZB5VK62GU522U7N4A,B000FZ1KF4,3.9117221088661105
AGHEYBT2KQDX2I32KRBZ7D4RCZIQ,B07FYJ6K6L,3.6398289864375934
AF3QJZYZ67KTLYLZRRAIZTBG4L6A,B0002E37G8,4.4028139663616
AHMKYMQRIFIF2QGP46NCB5X2JN4A,B08MFCJMSZ,3.6570528245497425
AHK65NE3TUTI6YOF5HK5AFC24XBA,B00F20MIC6,4.359332834894647
AFOV3YMGYHOVKW65ZOFVUITMT6SA,B078WNW4YW,4.35321677384705
AFMCJFEPXSDR6CBD6JAFUNDNIPUQ,B0BFKKVQZT,4.66007041906391
AGFTJ4ZNP62NDBCII3LLOWYIUVEA,B015M92GZ0,4.582117511487928
AGDEYWGZKNGR36MRO7ZT3AB45AXA,B0C3Q29DML,4.875561830991928
AHCWSKQIDST34SUY5LKWWLBPDRDA,B00W6WD12O,4.7595134482083346
AE565UKB436TSU3TMFKFWM2RL4KQ,B0BTC9YJ2W,4.449664934433425
AHXVH3WID7DBJAYYL7G2NKPE2AIQ,B0B8Z34Y9M,4.611160894248153
AHOTV4CLZXG5X653HKHCKHVAPG3Q,B09QZJ57YW,4.743451685692599
AFFMSQ2EX3FEFPRL2AH2L523WDMA,B0BG4BZC5L,4.743305037430796
AGBQ3TX4QYWQQOW2DBADLGOJHQGA,B0BT3B7GTY,4.7453213859292
AFYV2D4QBIJITGHQBWCURNGOX4JQ,B019MF3U9Q,4.358276850773301
AEMDDN7LCA2LR4KBPMCICXTG24TQ,B08R5GM6YB,4.591470246481562
AEZWO6JBHBOWFWDD3SHY3TPNB5AQ,B000UMFQHA,4.6561020335318215
AHMVEV4AJPDOUQ73DMD7FMFIWOGQ,B00WJ3JUFM,4.664714733869276
AG4WQTH7Y5R6N5TNVVZJ6GJG5GGQ,B0C6H9T5T6,4.652407744036919
AEJSKR2NKPC4ZS65RIJL3V352K6Q,B0BWXY17MT,4.678093543766757
AHV7MPSPXX63ECNBQ3XQ4QHUOHFA,B014MQ22XU,4.734921375947326
AHXI5OYTSU227DFONJML5ZLE4MZQ,B0C4KH72T7,3.7175516885731072
AGB3YZIRHOSAZGQF3NRHKQJWWQTA,B07R2X3GG9,4.337197775841222
AHEJ7L4IJOC3BQ37XCDJH32QP52Q,B07DPJS6DZ,4.894854898203799
AHRCC5CKEHASCA6B55G7NZBB4I7A,B09MNCSPHN,4.538507562328447
AEJQMZVE6HGW4SO52IRKWKQDB7XA,B07V46KRD8,4.694314772062101
AFGIGAOI6AF77YD2KG3VLOZQS5LA,B07MTS57P4,4.191177911906465
AEQQOWGNLMIQ4QJUKX3PAFDQ3TXQ,B00JW286K8,4.7698046556639255
AEUAXVAUWJFDX44V2Q3OZFFYDZWQ,B073DRTLPC,4.192845464900173
AFZXFSKN7FOEUCYHXT4GTK62RO5Q,B01E989SZQ,4.3203376084157625
AF6TDFRJUSAUTLFZOVEGAOUCZTMA,B01M70SYSN,4.808766076390729
AHETQRJ33CMSEUL4SDS6CJMHDU6A,B0BXZFS2QH,4.659129716323031
AFRULV2NIZROJ3DN2F7ZVZE46FYQ,B000IO8XFM,3.774357531210703
AEHS4V3DRQ4ZIXBWECYJPRN5TFZA,B07B8WL33G,4.758591166357946
AFYEPSM6CEVCXCX3KH3HJZTCFYDQ,B0C18CV4TS,4.600362839305939
AEVIT6MYT5ATEMEMRAENZEEZHCTQ,B005T0L63Q,4.88865632678784
AE4LWHIBYCREDXSNG3EOF3RLKKYA,B0C6HZ3ZW6,4.075874618509536
AEIDGPYNI3VZUBMPGAOSX2R3K6HQ,B09G5KDVWW,4.812457278930516
AF62AMU6MZHZQGKUD4N2TIGO34SA,B07PRC5VQB,4.612232186960009
AENMRI3CNMP4P2KXNT6SB6ZD7FEA,B0098S1R9I,4.540572878222312
AEPOF2S7WD32ZGVOCCWVYNJTCGIA,B0BMLMCBMG,3.851923019791846
AFJVRGXC4HIVBWQT2IQMMVVPPQ2A,B09616T2BL,4.216817913747207
AFJQQWO6VAZCTTY3GXNB3SEUU34Q,B00IPH8MD2,4.760651554422118
AHWPCWQ2D66IJWQW5UOWEM32V7BQ,B000K69UM8,4.589437808723884
AFWVN3PP4WG4IPQUXVHS62ASS5XQ,B0C67HCGBR,4.771137227557956
AEJZB5NUC3M45CFBSEMTTELJB5OQ,B07GR69D9L,4.729269151895791
AHVW4W75DJAPTN6E2PJAMEDMABLQ,B00JER27MO,3.624884106862063
AE5HZNO6TKRU6CY3O4NDXPJB5KKA,B0BCK6L7S5,4.582282424066484
AEAL4MJGXLIH3VY2GEZJUT54KILA,B0047VIXBG,4.880982957697791
AFU73SX5DESEJTCUH4WYUUURP7MA,B00H7Y2X8O,4.349124622604141
AF6PG6UAMWJCKLF422AXF7B2CGHQ,B09RNG1MSF,4.692664279447701
AEDOO7I36DUZZUJT3IDCKDW7HXGQ,B0CBSQH75J,4.6955693926986335
AGMYRILPTJDOK7WL5OYHYGRYVXMQ,B08NVVLB16,4.897870287523813
AFGAA7M6RD3TVIBWAM3GPAJACSJA,B0BBRMGRTS,4.7428963986186305
AGYMZ3QSHADJABMWV5JF3QXR5QVQ,B00JKNS208,4.20659970542277
AGVK6BKGPFZRWV5UUWWJJUSANESA,B01DNC1FDM,3.740121684034862
AGNZ55VEXGISWO3OH7F4CTP6HNRA,B019G53ZJW,3.884148742983533
AESBHEIAXYOTT2RRYMLA5ISYFFTQ,B091MZPYBQ,4.264640692400095
AF3JMCAJ6IICLZJRLDYWCPSSEN2A,B086QMZG22,4.163981651711989
AEDEPSTPVPEHNHQXQEJ5H63JR27A,B083FTGJ5Z,4.690345410901202
AEHGPRL2ZLF6TY6JWBNFJNIDTE6Q,B007D5DHQY,3.1122095278405393
AEQVENEFPIYMYXJ7X2ALDWEXP2SQ,B01E5GGU7Q,4.1980168526505395
AHR6YKXEXGIMXC4KZXITPYDZSIMQ,B01N48D32A,4.253174655091069
AGBG657C2PXD3YN4X6SHCCXKNYEQ,B07D1WM2G6,4.7358823205592095
AE4CO6Z6BYGYMV76PHRMTSOFUG2Q,B003AM913M,4.141383035711907
AHJYHZOBOSEBCUCJNMHN5DPZ5DRQ,B08XCG2M41,4.356860180518061
AFEY5KP557F7QOHEVWE4ZG2RNK6Q,B08T2N25MR,4.7933022527492
AHGDGGMCSMMALHTX6WGLJFFUVJXA,B09S2Y4MMC,4.838316358762802
AFLTSBEC325L53VKAJOAI2UJNUUA,B09RJZSQML,4.8807136607612565
AHWAHTNGQTZCXBUPWH5G7NYST6YA,B099NFZP4S,4.032237884201358
AFJI4EU53OHSJNXBYXCL3L4IQRVA,B01EJ0N5FS,4.7027051564584825
AHAMGCWWXZ4QIZT6TMDUG2CSEKSQ,B01GY8I616,4.403695555951356
AE3HFOXOL5XSDTR6ZMM3KQLUKP4Q,B008O0RKVA,4.113618526347595
AHVPG4SDTF2X3C4ZWYA7EUA453EA,B005N2E8A8,4.478330672715661
AH4KB2XWOWEIBTBVW6NVDX2PIBJA,B081H694YZ,4.043549797956565
AHETLAZWL7T3CFUQNU5VJIC7R6PA,B01H8E58SY,4.81308342917345
AF6IPYXSVTYOXYMAQTOUM5PXRN3Q,B0BHWP4RHD,4.621171136694052
AEQC5V4P7JXPI7M4COOZLIA3MUUQ,B07XW2Z5X1,4.005631512385476
AEAQF6SZ64S7N3IKHEJKQLMZHPGA,B00VIDJB76,4.009918957676719
AFNUD5CAN5NBVLUC6377NGRF2XEA,B003QTM9O2,3.9073367325488664
AGIZ5JGA4QTX4SD5TFYZTP4E7LXQ,B095XCZXNQ,3.9991914869366
AGTD3IDTVYW5TDGYWPCUBDTAX76A,B08R5GM6YB,4.56583554071014
AEMR3TT6O5MSIMI56SR33RIWQQBA,B01DE4DVO0,4.704929741878927
AFMHKT2PXH7SLUMY2IQSP4HQWI3Q,B00RVE9X06,4.787444772679455
AGQA3F27NHCAMNBD6MD3PM5ETLHA,B00CIO6BEA,4.777562969263434
AHGBVAJ4O3RIADP4MWY66DN24EDA,B071LP49JQ,4.361352131951967
AFJBKMTRSW6PJOQT6PTIHRS64DWQ,B0B8YYJG2F,4.711957074433836
AGDBMDAL47YFZL6CT6HTOYG3JTYA,B07MDPF4SZ,4.8821069934930525
AEESX3HNU65OOFXP7VYMTQG5OZLA,B0B2LSX437,4.866863425707301
AF6BJF7NTWXZHYV2R7EE5WN7GGOQ,B000TXZL4S,4.781426048145875
AEEWM3H4MGP5YEKKAWWN2K5GFDGA,B09KWWS7DH,4.8322724278931215
AHJH5K24A5KB74WY34PC6ZN4L4IA,B07N2WWT61,4.747674609634839
AHETRIFNTQ5F7UICJDFWPCI4T7LQ,B07BQRDVYJ,4.351097184192012
AFTBLEAC2U7D4FW5GE26JE64FHTA,B015XDJB9E,3.888018562286744
AEG35XCAKNMYS6GUKKMQU4T7YXWA,B09SVD6M4Z,4.262264637178127
AEITZ6E4PPUZZLSVJ6DOWD6UDTEQ,B0B3VJ3TCJ,4.774899725811193
AHHZK5DNIEAX6Y3X3WBG6VZWSYKA,B01FJZBI7E,4.460103654443229
AEZ3FBYLAASU5N74SJSNU6G37WBA,B07DMS2QNL,4.909642321065028
AE6JDIRVPTKC32Y7X3QQ3WAY2LIQ,B0BHSG5C3G,4.561674416784884
AGDJVRV3ABHQOXKMFFLFE2LMIGXQ,B01C5TBS90,4.6762667623912595
AGKM3HSVVVKGTLWKFFPAZFKF6I5A,B09M7D9SC8,4.795301846912627
AFVSDHRXFBIUSK43W2LYIG3ZP66Q,B075LQDQTQ,4.545276835293452
AGEG5EQFBOW547MT2N4IB7E7SKCA,B01GH436CQ,4.606684687722723
AEATUKWZMVL6IAHCXM52752FTCFA,B0BYXJ6JKZ,4.751537477432654
AEZKOSSPZDQAQJEVAWYIMF2EBRGQ,B001V6BW4U,4.137507351924438
AG7EI3UOXIQXEL5QDZPVKPSVR4UQ,B0BCXTKY9H,4.7252067462703895
AF7FYQUKWYAXMMDZWRA3JVBOEWUA,B06X9KG3HW,4.82668896186199
AELHX7KPUROWEK74AUNULSGCXBZQ,B0006O2WFQ,4.542408234929823
AGWQRQRURVWB6KYTP24WVQZO2QOA,B01LSLZEF0,4.595201745548501
AEQJV6W3AGTTOF4M2EPZ5T23KPFA,B002Q0WSMK,4.340729787744665
AFTZ72IVVWEIQB3WIXESXZUTP2FA,B01MSKI46R,4.333507505489639
AE3O7NJGWB7LCFQUAANZSHBUQHXQ,B0B818M2YN,4.647085633229464
AEYEMBWRA3OM2EGMDPCXDWKJM2IQ,B00DDXK1BE,3.8759102684771136
AGZ7GIMAYG33FI3CNM7M4RHU4NTQ,B0749R51B1,4.703610531901468
AFR7RRVXPNEUTF2SPXIQXGQRDUNA,B008V1O0IS,4.175289177366349
AFKXLVV6Y223XWWFAGFRH7ZG5AVA,B00009W40L,4.714065761019893
AEPLHCEMDY74XNN6GUSZWQ74YQEA,B0BCHG293C,4.741847808441278
AEMISRDYQCHSNOXKV6TQ67X2TIOA,B09TR38L5L,4.587822786905395
AGHMOR4A4MZUIVGIMRCFLGWUSTXQ,B01N5KND14,3.886897198792948
AEBS65ZJ4QFVZJFL2GDRDMKLIC6Q,B07FFNXF8W,4.631686327138004
AG3S4FROO422V5KP7DJCBXVUQLJQ,B0002E38UI,4.89515030403946
AHINZ5DFWVRC5V2LUPSDRJFO6P3A,B07K8H5FSX,4.501358202301095
AHALYOX63S6CACZTHN7R24RVEX2A,B075B1J56K,4.49223194975782
AE4URMY2E5NTUACMDOMZXZPFJDWA,B002QZ402Q,4.342335531250857
AHCDHPEM4KAB5QQ37YWQ3NUMU25Q,B07VLJ2TXG,4.584698660722434
AHF4JEWQEROLVQZJJHSI67KKWTFA,B00O9S69BI,3.1818013637450697
AHDF5QL5Q4ULQN46WRCHXHYHXO6A,B0927PV9V6,4.568662205731467
AFZF76XTGJS4BDACJ3OGTNMZSZUQ,B01LYJMH9P,4.575979762415785
AHT6CZ4BD5P4I5VNBHCIT4Q2XIOQ,B0BKZ3GCGR,4.69996525119906
AELQRDWDYF4TSS63UZRNJ6D4YQWA,B074KPCGYL,3.578563699241768
AEGBCPJTA56WDBVUJIEJFWZG5OVQ,B09V91H5XM,4.531913542563257
AF54HMG2ULNSYJ7Y34Y5HSKICFVA,B000BUBF6M,3.7718463034393004
AFUTTKU42VYSAO62XUBBFGKX5SLA,B08R5GM6YB,3.7744143910753944
AE6ITZOLS4L3GX7SO2EVSZ6OP3BA,B0796CFWKG,3.6526259483492582
AHLT67F2LH3MBY7LX35LYJL7RSDQ,B0C9NGP88D,4.65936615768314
AFUTPGDAL4QUPHCACPKBRQETO7HA,B000EEL7OA,3.5867991803612003
AESCE6MX7H65VKLRAXRSEJTB5TMQ,B0B8CF62K8,4.844346078685653
AHMVEV4AJPDOUQ73DMD7FMFIWOGQ,B0BR2G8WYG,4.23364875327725
AESILTLC6225Y5HLJB5QVMYXBDMQ,B004CLFOK4,4.221816402976051
AG5ZVXXHEXDYUUODSEQC4XXV7DPA,B07NKMZJ5M,4.878654532701447
AHFN5MACWZPKYN3B4DZ7ZLGK3J4A,B06XPNRNF6,4.173965645021422
AH7LMWVUNU47H2UGVA5YL54LYT2Q,B0BK6PMJD2,4.484924567281952
AF7DRHZN7CDCVGL5PJPIADURT6KA,B01DMIB3CA,4.609644291967646
AF2HJDLUACCM3KD53SFDC4UXOJ3A,B088WMVDZB,4.422235816924847
AFMJOKJ7N62TYTB4FMPZJUJQSTAQ,B0BCXRJCL2,4.570877708034947
AH2O3QU4KENCEUNWEIUG6O2IXYLQ,B084RPXXBQ,4.413680450161321
AH3LKUHBM2UJSVIOJ6E5ACAQHRCQ,B07QXDH6HN,4.665969427160505
AFTPUNQ4NGIKJHIEUAFA3GQBUY4Q,B0BR2G8WYG,4.808607752609463
AHGTBVKLKSVZPI6FGJH7XYUHSEDA,B01J52X9UG,4.335385556679689
AF3QD6BGMCYADLFK4DMKZS6OZKGA,B00SDLZFFS,4.72330327962144
AG5AHJEHXXLCWZTSYXJO4SFUPGOQ,B0C6J1BN77,4.616048310573395
AFBLIAES35IGAZQJZLCLOWAS3SXQ,B09SD4CD5Y,4.556911804427478
AG5KQ4QD5FRXYAK7JJKBL3Z6RRZA,B00X7DDGBW,4.560265767312292
AGULNOJI6U4V4FUK2EYV6CJ3H2EQ,B00F0GQ8QE,3.591777863709189
AGXZUI6UMMRVO5EEXJZUOWJFFPHQ,B00RX5HQS4,4.590992485459684
AFE5ST46VVB7RX455VBMCQKKU5PQ,B07V8C74S9,4.757143756069
AEWSA55RYTVXGVCMPGGUMBHJKIMA,B0721LHDJD,4.324624216375944
AEMJC7OXZIKFZOZIWF6ZIOAAJATQ,B07YD57169,4.553075096600672
AE75QLRJUIWMVYPI36WBEVBU2JZQ,B0BKK8N4HQ,4.04378178039074
AES3GEKX6ZMJZG46HAXJP5WYMIFA,B0058MJX4O,4.5838183938741865
AGOHUZDWB7HUI6NQOLEY56QG6F7A,B0B6JP6KZ6,3.635444159917868
AGG6UQALZBTMJJ6CVDSHOGWYHIBQ,B071L9FKNZ,3.803604461014402
AESUWA2UPKIC7PXXIMI5AJI2DG2A,B0996R6MFQ,4.515984027470115
AE5BBWH4LVBB64GNWI3OYK73YYDA,B094FDSW2C,4.236616913179014
AHIY5JCLWOQVYAWJY6W7EB3C52CQ,B06XV9J1DD,4.857694848825412
AGBOR6PH7AXGNDKU4UQ5Y5KF2EXA,B075MXJXYX,4.747361571253476
AEXL5EIHZE4PJ22225FWU7RBPLCQ,B000E0TVDI,4.338792986709274
AEQJHICBCKYVFPI3SEDAX5GHCITA,B082NLXYBL,4.896697957367124
AGBXV2ITIUNKFPPCLLWF6YLF57NQ,B08D9WNM39,4.235486605375557
AF5OPCBDJUGP5FPKIGCQPNIYCIQA,B0002D01K4,4.781540793675356
AHL6FWCH4VJV4DGR2NDNCZ2GFK2Q,B0832WNN4P,4.3200949294356095
AEVFWS7JFEKHYDZKH4SI5YDSNGJQ,B0B1DM3XD8,4.01504773227046
AE7ZTBUNKGJ347SZHE3B7QAJTNGA,B07CBT4SYD,4.0883440030498885
AHFZAFS6N6PCSICYG5P3BEEBO57Q,B01EQ6LDCM,4.284933971810879
AEXZWQINYACSZXKPYWXTVBG3IZFA,B0B28ZK2NK,4.840084817434834
AE6L5XPMAN7FCPWHMJF4COE4HU4Q,B07S61KXPQ,4.704546690019908
AFKXLVV6Y223XWWFAGFRH7ZG5AVA,B015HG8E86,4.936160068713674
AEXYJXWBE6RJJWH6FSJQLZ5BM7BA,B07MFYHKLH,4.695619097195417
AGC7JK5YYGE5T6XIPGSIRLNKOUHQ,B0C1Y5KJPX,4.132958989868584
AGNLHFQGCYCHERL2WXDOFMHWIIZQ,B00HZH4D04,4.824418135366267
AEM3IWNBZTERT6RQFK7KEDL4NZVQ,B07G37S6S9,4.77981864028115
AEFPHVJL4U6PLUZT32SZCAV244FQ,B078KTV8L4,4.503235849545818
AEZ43GMRWM7Z5RJC7MKYGQYWADIQ,B09NLV5LBK,4.399446229881274
AGHRZX6QQEINSDMUBBXHA5JQFAYQ,B09857JRP2,4.8199789646558955
AG25SX4KSZSNKETP62HEK2GAB7HQ,B09PBL98Q4,4.635520981652429
AHWU6CCZ2GHRUXSYYFHWQYUASDIQ,B08Q36MHJG,4.2186683905195315
AGKKQOI7JPGFA25HGLVGVMC6QBGQ,B00T3GL2XQ,4.664946554125323
AGXCV25HDW4JXI5QQSJTIZUHPRHQ,B09X8TQNNQ,4.18618641816635
AGTS4HKNL43FZW3MZMUNVRYLBCKQ,B07Q5G54XF,4.377019782134349
AGKCRUJK7URMDM2CGQGSZWH5KC5Q,B08SJY4T7K,4.35818524680097
AFPQPFMGLESPNSFDMVCZPWCGDAFA,B075R9DNGF,3.9549221655989784
AH55IBNS32OBFM37T2AUX4JR5P6Q,B09DR91XCS,4.745181219987019
AFPQEZKBEMAQKRZIX64WX73WICUQ,B07FYXMKP4,4.730616297015974
AHOBKBVHEAT4KPRVI7TYTF6MEJXA,B00IY0BLB0,4.252788869562888
AHXC7JEUXRETZUDFXR3SAD336P7A,B093YKLWVN,4.754793565075522
AFDLRPTS3IT4XBACV2J2GFLWEHXQ,B07YM5ZHS9,4.62162989761432
AEQQOWGNLMIQ4QJUKX3PAFDQ3TXQ,B09NH8PG5W,4.7446357066156475
AEUGDXOV5ISVKRHJ5HUEVRI6R6CA,B08R5GM6YB,4.580624269243388
AG3522I4PO6OL7CJFXNYDZB5EUSA,B078MHS3SC,4.225413116871268
AFSVH5BFJNLMW53ABDVECJKIXWOQ,B0771NSMYP,3.4631350675647483
AGPWFIBAUZAC3CMJUD73YYJQ22OA,B00DKAQGTG,4.323642629878647
AF6LBRKK5RSD3TBYPDXMMDP3PX5A,B09M7DPHCS,4.719831556932762
AH2KNTQFU4DWMQIMTDLFSMRQHRYA,B003HGFRO8,4.748498521744178
AFR6WKFQBTKBG7HH7MOIHP7Y4IJQ,B00WB2401K,4.827656026162919
AFXADZU7WCSR4KXGS35Y33INRSNA,B0B8V7C5N8,4.4293875502233035
AGGUQMWTQHAYLFBW6QND4KKVV4XA,B00B3PB0PK,4.074018035813554
AFJJWM45JXP7ONUSAYQWWEIVDLDQ,B07F5PX9Y3,4.861493056603017
AHKYSWGAUYXDRDRDVPJF2IXTBQBQ,B09857JRP2,4.832838004631887
AES4G2G6GLODMHQI3OWXWZKYMVUA,B09V9172YN,4.235368265441414
AEGDREA3STZJTUULI4GPQOPIUQLA,B00N4ZIWN0,4.1755294887275936
AHPE2VIQMN4QQMY6FDOBTI5MDHTA,B0BSGM6CQ9,4.646747996875692
AHSBOSQBGM6R25L7P3EM3KG7QXWQ,B07QL85Y56,4.414326210561246
AGKYAVDS6LE7DD2FVDSRKE56R64Q,B016QUXTZU,4.546156411563643
AGXCV25HDW4JXI5QQSJTIZUHPRHQ,B004OK1G64,4.254836274612719
AGZSQYZQTPMYEMP3XJH7WU5VQARQ,B00T38U7HQ,4.735812241680717
AHW6YFBKYIN5XRPR3KVBB77LKNZA,B0799734T4,4.7026080282918885
AEMJZIL5Y5YRX5JNTZKNOV3V23AQ,B06X9YYRVZ,4.31698096060955
AHMM6WYPXJDZYF3U7AULIES6BPRA,B077J6ZGD5,4.6307139170393405
AHK7LBEMWADRVGREBBS6ACHQYFEQ,B0002E3D9Y,3.893519217647247
AEEATBN5EQ44LM65IAU6S4GSBWHA,B07RRQG6LJ,4.576397376855754
AFFRCOTU354SFF2TWTMJSVJ3T5HA,B005T800V2,3.692693842974176
AGZZXSMMS4WRHHJRBUJZI4FZDHKQ,B07S9D9JYN,4.068261402298258
AEL7BTGBCNEOZY5WN6HLCQWCBL7Q,B00CA89IAI,4.534549566192786
AFQBFVHUVNE6ESFITVXT7ICA4P6Q,B00HZZ60T8,4.835537782257368
AGCI4677JEAQIMY2DOT3Z2FVHI3A,B0BT2Q355P,4.638229660155812
AH2WNIY22BZFD7BKGOHOC4TM7EPQ,B0B927ZR1X,4.0727499826314
AG5G4JJOBDKQSOQSMBRVR6MJ3VGA,B0195NQSTO,4.824435156034426
AG6VKVBTKQBK7PBRMY3YIQL4HWHQ,B089NJV8Z5,4.571250714217039
AERWH5YEBILRHRNUYMXAVAHLIFYQ,B004GR9MOI,4.8035636687715435
AGNEJAU2YSULDNEJHFJKZ3WLDIQA,B000HZGFMA,4.246614593162211
AE7P4BKELMLMT2LYFCC3FZMFC2TA,B06XBB9FPF,4.520596976977249
AF65N4WSTNBO2V4VJDML2RE73ROA,B0B52FBC66,4.890410473488338
AG6HOO4VHEZGO64JCVOGXTI7OPAQ,B07SJHDL97,4.750397498834943
AFBFIVH32NPCDO5PE5DKWZXDKA5A,B003YJQX1O,4.471338747594734
AEG7VAZE2DPIKLI54MUNPFDK4PNA,B0002GJGUM,4.763977523895233
AGTVWLQL3Q3XMAIKFJ35ELNANSTA,B0CCK4YYNM,4.608016125070618
AELB6HYZWMIW76ZECZ7WXY6SON7Q,B003RPK4BK,3.4524033899180573
AHLWV6FKLFZU7O46CIC4EPMK5NQQ,B01D4P2OI8,4.727191898800844
AEQJ4C6IRPWITBGZ3PVJJB6DLW3Q,B0C1MHGKHN,4.535604228162115
AFFC7LSYXECAEHCRLCLBMGFCVWDA,B07Q6P5FNF,3.9064051119905097
AE4GDR74FW232GB2EN52B3DM3L6A,B09PGYXPHV,4.300980598566601
AFSAKXT76KFR6MLO2EMI6ETXOAGA,B00HZH4D04,4.752771417506076
AEVCUMPKWQKFIF7NYMUG2XSYL6QA,B07WS2BBVR,4.397037764520093
AGMPCB3TGA6MNNISDWYIOGQETCWA,B078KX8YJD,4.833957619826608
AFJ66RVSHHQWD3MZRM6JNQB5NGXA,B09Y8KNXP9,4.615734172435595
AHXBHGYV4SEVPVSNIDWNFSZ6AECA,B091MZPYBQ,4.580885289807433
AF2ENGUTLYO2BINRBO5JEA2NWYUA,B00MXUJ394,4.616165509275672
AGAW672ZXYYIKQXOGMTBF5INS2UQ,B07MZVPJ4Q,3.7469492168791283
AFVEPOZYED4XUGN743TM3RQAH3BQ,B0002E51UI,4.738642680178291
AFAJYIWFPZCXCTA4UQV74N22SKKA,B00O5ELFU6,4.668810394164301
AF24D5VEYMR7IXEOCC7Z2ACZDD2A,B015JTEBN8,4.600521173071377
AH2P7BA2OBY6D4KRCOGP6ZEGPT2A,B0BKZ6JR1L,4.1888167087845565
AF63VW7YLF42A6STVGBLACD7RUWA,B09PWCF6T9,4.019467294371247
AHCHW2CQHUSBPPNXHFE4RPGIXXDA,B0007L8BQW,3.4463545481399445
AHWVLFKCGMR3ZBOMSNM4LWQINLTQ,B09RTZ26KV,4.107063603561351
AGEH26RB4Y7AXDGN3IL4UZ7PO6LQ,B07VQ6ND1D,4.835048373549062
AEJ354XETZRIGFKZSCQ77RWYN2ZQ,B0BK6JCZ9V,4.4457891819609925
AHSKY4JX2O5XMG4HYW4IEYGORSRA,B09SD4CD5Y,4.514507511834777
AHHGE6FWXCATJQMU4VDV32VNM53Q,B09YXXHCCZ,4.518042489917197
AGMKPH5IY4GNNCOARIN5VKYKYJNA,B07B8WL33G,4.721262819506593
AGEWQAG36O2T7UQULMCPTXYRXKIQ,B09BGCRS9T,4.859925471524734
AH6NR2Q7F323VVUTIBCZA27BPEGA,B06XFMY9ZB,4.106781656729752
AHYZYJHCUREP7YXJBMOKBX3XGGXA,B09JGR9ZG7,3.775050008855218
AEZRFF2AWH66Z7KRPON4YBGTPZAQ,B0BSGM6CQ9,4.308611794637877
AG5QJWMXSGR6QK7CTCJKXRD7OSOQ,B0889BBTX7,3.457197817758225
AFH6VTF4HK7G6XEPGKMJS54HS2BA,B07F3TDWSW,4.698511045332651
AFODI5ZOLF55V7ZZDXCX5RYJUU2A,B0BLLKKFR8,4.821615820592578
AEAFQYME2KKDDFIA7IJGHX7Z7GHA,B0BBT9T4PJ,4.765872413013636
AH5JR6SYFSYSUV3LIPKY7SSMA7IQ,B00M53HWQA,3.7321264032257635
AFATLLVPDSAZLT2HUI7VFWHLBV6Q,B0C6H9T5T6,4.592867822917116
AHPMJNUYUX4QOZCKLN5R34BB5EQQ,B07CL6Y82R,4.848904050534396
AGLS3LXZRF3S6AHDXUNPUKPFSFSQ,B00LYFFW9O,4.675714992974653
AEQTZ66XVTKZAJLIQILNHY3FDWCQ,B075ZDCFFX,4.784803566738508
AGPQAFCHG2MCVQQ2W6UOOUG7DKVA,B0BTC9YJ2W,4.0769131461642925
AENNORCDOTT2KFT5WUIK7PJ2EXOA,B07KRZ1HH8,4.54183643288127
AHUCKAEMSP4F26GMTI5BNB3OBZGQ,B07QS26TVM,4.057209590126442
AGEVFSIPLANARTZMAXHWIF4W2YYA,B0BHSG5C3G,4.7473392503687215
AEBII22L2OFKOYGXYC3PYMQSVPJQ,B0BKZ2BPGS,4.554122499188756
AGEDVIBZ4U3WNWUYK2VKGDJEWPNQ,B0BT3D5TZT,4.796536057951935
AHSUVRZ5X445VSTUV4NS2UYSPNFA,B0BT8FDL8B,4.159545062603105
AEDDH5EWHB2XBARG3BIJLUMOZGCA,B01KDK4VO2,4.859780756015791
AHJUQQX457HFPPIOXQ6YYNNB7SKQ,B0006ZXFWO,3.350761271895543
AFBE5DXQJ65JQOVBLSQBU6VN3G4A,B014GR0KYI,4.547994469519531
AHSKAICVSFGCKQNXY36HSJ2NH7JA,B017NT392Q,4.529052008676809
AFV3QJ26JCDGYUCCGROO2SZ5ZX2Q,B0051M6J48,4.211110927361071
AEGPOBKV7TLHDCJ6E42JVDKOBE7Q,B0192F765K,4.741150533657846
AEBF2QAX2TLFF4T5ZKMXAIRKVSEQ,B095QBH5ZB,3.949885453693088
AHNO2QUOKU56ZIYEZZHX7PEGY3JA,B01DK40R3M,3.9809485032969727
AGPIE6PK5ZJKF6C4NB6NDPSAZQ2Q,B0BCXRG3QQ,4.875659417041245
AFMTD2O4ST2NJG53TQ4LIVG6GCEA,B0B2QG44CZ,4.299788758348861
AFEH255TPEXWR63YIUX4LVP6SKLA,B000TZTPQ6,4.4848929607657855
AEQ37F2GDPGB4LVQT3QVPQSGP5MA,B09MK4X8YN,4.503983448008547
AHDRXYOFULH6PJHMYGASCRLETELA,B00WJ3HL5I,4.591490222627225
AFUHM5DZ6UOWY4JFKOEVWX6UNMTQ,B08SJY4T7K,3.3982943880099548
AHF24GKKXGAKQLPBYVZHEMHHNQDA,B0BT855NFQ,4.365178185856574
AHL67QIBKSTRQMFTJPJK3RJ4KJFQ,B0002D0MI0,3.9376436876884453
AGPWTBAKWEXJIJLZXKEV7T2E37AQ,B07TDNWYSB,4.043670970608945
AGIRR5URNJEVZXCRP3HS6LQKIEIA,B09S2VB3KW,4.749902139649465
AHD5N6UPSIDZ6H4MKRA62ZYJNCGQ,B08ZBSMFFK,4.7423186248174405
AEFJCRMP67BBIQGEYO3XDHVQDUZQ,B017DO08L6,4.356231171764068
AE6B3FP6UAR66D3J2MIWDAKONHWQ,B09BF8XDF4,4.675207969031604
AGSY2FST7UU7SSOBJ3HCG2NJGNSQ,B07K58QSGC,4.709293398866792
AGV63VVUG26GQTNG2GTJEAFVC2JQ,B0BWVR4S6H,4.229569097037874
AFGRWJPHTOPNJPPXZ4A667EBHMGA,B07L9RKT41,4.822454194963271
AH2QKH3MOVXR2DHAUY4TXMFFLW7Q,B0731XJ2WN,4.7116315453991415
AE6FEBZWJDO4DJDWIDCRXSMFVQCQ,B0002E57D4,4.345992245767258
AE5NWEATKNGPC2F5AUDU4G7COV5Q,B071GTNM6D,4.727503962594313
AGXCV25HDW4JXI5QQSJTIZUHPRHQ,B00JL5I70K,4.292456349855249
AHNOYSM6BGMCXVETNQNOKQBSXGTA,B098LHYD3K,4.467401308379508
AF6MVWJFHQT2OX2TSWXSU7L2D6XA,B07B8WL33G,4.838089669162335
AFOOSGLWVEYRI3BTTAYUZZRGPLFA,B0BX8HZ5RH,4.372428486304939
AE45WDXXXZ4KORRG4QC26I6TNVSA,B003AM913M,4.679950816369018
AFV3FCAYHRCOC2A52AGKK2RPPEYQ,B09T82W1SN,4.735045599505701
AG4NUQQOZOZMVC2NVNLWBTIVSOBQ,B001FSZR4U,4.458717673082068
AHX2MR6NLBEPURAZZUYFARJVHSEA,B0BFKN3472,4.776185092058137
AHITNRIG3XWBTZQ6NIWR3IIHA6PQ,B07N2WWT61,4.600108863215559
AHTFYXTJ7M7MDPVFP7XOP5HNVIGA,B0BR2PXCBW,3.9866899754830416
AGPV44OWAIBX4EIPZYJSXLQPBZGQ,B00NTMTV88,4.275402501885236
AGWJ3WOKO6JPVGAPDSYZJCAOAD2Q,B002P9LCYM,4.566129810771565
AF3TUPL3CN4WOARNMBEUMEFEJW3Q,B0C6ZG7MQ9,4.2559574489203555
AEAGSWW4RVIR4L5BH4MVOV4X23ZA,B0C5PRQ9K6,4.861471467029308
AFXXJKOQ7QN3VZSVKRMAKB4PSKYQ,B091YFQGCJ,4.847785890337565
AHXPMQ7YOOHFIKJKAKBCJ2AF7UDA,B071X5GC87,4.481698911484033
AE4OL5LGNMZXDJWENP32PLH4KXDA,B01CL3JXLA,4.449124649583027
AFJ6BNKTPZQXGEOAIOMMCSESJS2A,B0C6HXYY4R,4.831791727337313
AHV4SKXGCWKAT4NRPWQDWERJQLXQ,B07J5FVQNT,4.783420845747023
AESTCLTPG2A6OTAH55KHCMEVFL5Q,B0839119FS,3.9875247064186277
AHSCKDESSXRZL6RQK4FHOFJGDDDQ,B00HTWQWFO,4.133051349953578
AEWNI7WO3QS5KWRKBAB4FLWGKYVA,B0B4WPYKSZ,4.853239790464728
AGJGTZRZCLFSCVVMBNDXVPHSIHVA,B00JJNFP54,3.7747505905217964
AERO573NK4DRWCKS3JJ53TGSMB6A,B013ZHK4DM,4.689467244832325
AHF4GF6ZASGEYRWYWLW2U4RNN2BQ,B00UN8PH4I,4.115652511606581
AHLFYDRLX6L6LLJ4L25C5XFNEWKA,B0BPKH4HB2,4.219848589730157
AF7QY2ZO3X4CDJGV4ACGHYSSUMAA,B0799734T4,4.7366987157877904
AFCIVS44DHRDBJKC763CZ6ILP5GA,B015QK3GUO,4.638789335571457
AG4XNEAB4VFRH7DYQWIJGL75KVDA,B09RJZSQML,4.8317679554567485
AHEA7BJ6ZQXRD2TT6IZA5D7IRONA,B004XNK7AI,4.744946391090883
AF77F3QYN5GSD7OBRNXYP5QGI6GQ,B000T9L7W2,4.85982227711512
AEG3S2JSG7WW3BXOWKWYPVSTED3Q,B09WJ596LC,3.8996977430665436
AEVBAPYXHRLDJOO6YH2DMRC56HXQ,B09S2VB3KW,4.803921042105739
AGVM3U55VHWHEJXRQ4IKLK7NCAAQ,B0BSCGXCVP,3.8489328865013492
AGZYNSF4BAY5PVTF5ZPIUHE7C5OA,B07DCLVKBC,4.778168870554996
AEH6QOPVX3MEIJ3RM44DOXH7VTQQ,B07BSHS3BX,4.1779910859303655
AFJUQ54UN2LAAU6QQYZNCTG4HMYQ,B07Y9Z4XQX,4.782613438086395
AHZOWNQENHOHDPK234WOZVMLS2SA,B0775CBC5R,4.670262887808492
AFC4BQEUEQWVU6TXMVVS47XZ6TJA,B003A7GM20,4.847054559884238
AFKGIJLJXTOW3I4R7TFM6RN6XBRA,B0BKZ6RT8Q,4.244234360126224
AH246HVN5MKGWAB7PMKHSPDREWOA,B087D91DN4,4.666063658484344
AG43KQOKOO573AON6M3W5TYWWE6Q,B097Q9W8MW,4.736534472478837
AHWAHTNGQTZCXBUPWH5G7NYST6YA,B00DCJ9DCW,3.909337143967779
AG3B2CFSOW2BJ74UFTCSTDLJ275A,B0C5RBP34V,4.2189429000316965
AHZ5CFCVZLEBSPWWANJBCHP3B4AQ,B01DPCONFM,4.68402324397236
AGCPST7H7JLEUJIEECK2H5MYWOKQ,B019NY2PKG,4.14554659576198
AE3TDVF6M5MAB6UK34376XCCHBBA,B01H8E58SY,4.9084956140350435
AF3CM6ZQAJLOVS3UW3XZORVEGVHA,B07MJQH1LT,4.461987002892007
AE2G7LHNL4YQI5EQHO6RIGHESR7A,B00Y0CG9YA,4.571627270863605
AFZUK7RCANY3O3S5Y4CUJ236A72Q,B0B8Z76J32,4.788056563166948
AEKUCQMVDAHN34ZQDYMU7PNBZR2Q,B01LWWYCRN,4.30094289330504
AFBSCZMVEQPP4CQHLZ6LYUB32UAA,B00IFOTSJW,4.7678159811364615
AEPZV4R6ZGAHXLDCYXFBFQREWO7Q,B0002OP87E,4.878104961932355
AG4N4RGBHZCUXXIOISMGZ46VSJNA,B017AFVU7Y,4.555109702802666
AEDZCUIOKFTDVAQVJHQ5P2TU764Q,B01A0D3SSC,4.556294518866009
AEKQHCEMXQF7OW3LWKVAYJJHNZKQ,B002LTFTO0,3.8330192307725537
AETCDHEOKEQREMRIBZJDTKL6YXQQ,B08T2DMFKD,4.680078805364191
AFURKYEZVRORWYCOZO7BPR2U65XQ,B0B2Z13RCR,4.2844444805223345
AFRWXBFR2HE3ZHWU6QFFGSPR2QXA,B0BY8SWQ1W,4.266618168674027
AHDBO7QJ4EGECUDQKNVAW32Z3V6Q,B01N5QJ0LE,4.688579934298993
AEJVWNXW55ISA3OATOA64QX5WXYQ,B004XITWCM,4.5770045233271865
AFQJOUEBNCCZXFELH5UR3ADP3BXA,B08KWM37GM,4.717404006975616
AFZ63RGQSNBQJQJQM3MHRBKRGGCQ,B01DECWM0G,4.56343249845748
AG5N7JCAWUWY2YH6BIGJC34EG4SQ,B00M9BSZMI,4.391093074621734
AG6GAO6LQQXN5N4QKX3ZQPLIYXEA,B0150YC54E,4.780235495332116
AHK7B6UG26R2QW427SGYW5HW4EIA,B07X624YB5,3.8311563115453855
AHT7ULEGSWNWLMFIENNTIELDXKUQ,B075R58Q4Y,4.7621075856995425
AHJZP422GCGGNTVER7Q3GJIR7ODA,B00V8URXSS,4.161996579555172
AFXTOZFT76UHKIYU7CZIRAKYIK5Q,B08BW2TBD7,4.28458541644743
AHKYG3ZX7SWW4K3KHIXVW5ZLMNJQ,B016E9HCTW,4.47352729755799
AGBC6LK4N4ANCY7GPBKSV73XQK4Q,B07QYPY3PC,4.3165683808806286
AHSBOSQBGM6R25L7P3EM3KG7QXWQ,B0BCXRG3QQ,4.895919248972278
AEQZCIHPL376ZN3LRVIK7LKIO6IA,B07PFM41FN,4.815833299638817
AGKTHO5CAI2NK4V7HSCUIKJLYX4A,B088DD5M4V,4.705725399550961
AGAO3DXMEMNWQ475FJA6DEPJDM6A,B073ZH1FNX,3.7718518432499715
AF3BR6FQAGUDNKNFETNSU3KKHBOQ,B082XMFWFK,4.897819762193146
AEOQMBKMCAUY3EQ2CFEYDB252GPA,B000CPSGD6,4.380098816827877
AFJ6THBTHGTJWWK7OIW2P2TWSBCA,B0BYXVCSGG,4.386739940759771
AHOAWBCSTIAMPQ5NXRG55NPC53XQ,B0B7C2NM84,4.097524773563308
AE7ZIKA2CKZOIKONML4BJ22X4QYA,B07CYRYQ8G,4.72902996384887
AHXALPBICGW4TP72ZXYN5AHAA6NQ,B07CRMZQTF,4.848502453817967
AEZUZF3QBV2XAOXEPVACVNDWYTOQ,B015I0WXAQ,3.8690065101317357
AESGJFLYGVHQNH46NGWZI5NQC62A,B00GG20DJ4,4.723510215437944
AG3C6CXDXFVZO4ULKDAQDWOMKMWQ,B00L1E6NR8,4.596004717398584
AFY45KTDPSXXG26TP6Z2QFJZDIAQ,B08XMGNB3W,4.602706886292126
AGKIRTDMGIQN3WRMFLQSKXH4CVJA,B0794JD1DJ,4.713107044309115
AE7BAST2UTRFTYAP7V4OONCCFQTQ,0879309210,4.846601899738769
AEABO4WBVLZ6J3VVOA5XDJ7HDBQA,B09W9ZJBKC,4.566619768260477
AGG3BYW5FNAOLFRE2WUOT6LNHBDQ,B003GEJ5J4,4.578974494828019
AEIJO7WWMCD7DE6YQAFIB2L2QGZA,B0742RB7JK,4.797206528148274
AFURKYEZVRORWYCOZO7BPR2U65XQ,B00IFOTSJW,4.185005426751301
AHT742VUDQGIVZSKPHCKEOFEEG4A,B09T8HDBYK,4.559445021351776
AERTZGEIDREQYMZTMBUZQZVGDSWQ,B00KLLKE04,4.2298480842693404
AGCLXVSLJN7TUGJI6YWQW46XEJSA,B001E0CK3K,4.823592861349504
AEQSMBSD5HP3LSYXFGQW2N3Y3CEA,B095M2K5KP,4.283885673351804
AEYAJCNIHP7FW3URXY3AOLYTY2WA,B001XJBWXG,4.641850440862586
AHYRQOSD7KNYDKRSURB5B4HBWBUQ,B0BKZ5DJZ2,4.813968952137114
AHDIPBNAP355S2TELPMBHBBN5TEA,B09G5KLKX2,4.782067878484314
AFOHCSWHO2N27LSXIATOMCFZM67Q,B00FUTXO8G,4.485654539723172
AGC7CFOW5DZ4EX2QVNP6ZRSDDLFQ,B07NST2LSB,4.756187339007129
AHNLWRU4FBQBR5KGHFV6OIM5DVBA,B0BKZ7FHHW,4.720970278437834
AERLXMBYKQGUWBDDQLVA4XX3R6JA,B091YFQGCJ,4.813475890317519
AFQKAEURQDE3GKD4HBW4VDZOZ22Q,B097Y8M21C,4.215299538171077
AGWVA2PPESBPQ5XK32DPGGH7KHRQ,B000M74WXM,4.0811399592137345
AF6MBPLQMTFYIPFKY6PQOH7WCKEA,B09JC3Q3TH,4.595388908314323
AGX24YN4HZ73DCPZH2VCZ36MDMIQ,B004OK1G64,4.331479158731851
AEE6H6VC6RTWJS2RMXUJCDPOY6NQ,B00TV90MT0,4.12503982685591
AHGBHUGSYBGF7ZITSQXRPZESB33Q,B0B9BP315L,4.83025824891228
AG4ZB6GMF5W2K5OOBYH2LLQMAMOQ,B077Y4JGQ1,4.48541125699073
AEYM4JF7CX4PXVZX6HBA5ELI544A,B0C5PRQ9K6,4.921978312096739
AFMG74ZXHJ2XIJW5OUELTC5KRPKA,B07B9W2XFS,3.6783363527051183
AEJHSV5VEW6DTNUIIQRBTCQGXFHQ,B07HM8Q5FR,4.792189998947769
AGT2TLMLIWZOIPRZ4ZANFYICIKDA,B000K69UM8,4.719768139239535
AFOXLAJLPADIV5NXYE6CLSTBAC4Q,B09HWJRQQ4,3.6251070027983805
AHO2NGQECJA3SONZARFPZKKUH6UQ,B07CQQXQ4T,4.841115281219895
AEG2A2SPGLIATB3BP72NQT4MBK7A,B008OEWZ5M,4.368472131096052
AHDMFMMBOWVOTXAQMIV2KOPM346Q,B0158GWWJ2,4.173387302189829
AHP6UXQUXLRXD7ITXH55CBGVBLGA,B003YJQX1O,3.9822580861311296
AGBFN7JJDKK3RURUIIXTLESUBSCA,B0B3LLNVNC,4.537809145302324
AFJZQ7ZK67AXFCA7GYLHVSBI4LHA,B012VQ5A7S,4.656996750889698
AENWSEPERMG6DSLCD2X27BGBWQAA,B0BK6MQF3Z,4.039145187943844
AFNPVYGE5OUMBZBC274J3V2UUXFQ,B07FQCQM4D,4.85568304728231
AF6EJYBF33I6ZOJWPS6SKJCN2DQA,B074P6SCS6,4.359192346258812
AHQKYENUOHAXZG6CNSBUU6X7BI6Q,B0064BCRQE,4.888775451934545
AH74S4ZHQIZ2HCY4CYQNNFD2EL7Q,B09BF8XDF4,4.7891948918886715
AFJFIPK3DGPDXQAOPLESEBHIWZJA,B0BBPQGSZ6,4.119962370489346
AHWS7CTKOVDDBIP2PCJAY3QFTZTA,B0BWVR4S6H,4.546616326634981
AFBFEQ63CH3PADWCT52FIYQLG7XA,B00IFOTSJW,4.762255777621883
AFH6AUO7HH5PMJBRBQGQQKDV5HLQ,B091KVXGPH,4.477800217532645
AHCV5Z6U2C3B76UVSBEZYVWQNJ5Q,B07Y7ST6BF,4.868668386770894
AE3TS5R65QSFTYKTSRHFXQKVR5IQ,B0007WLWMG,4.612753591108756
AEHL4256MLAXKYTZGAPQL75WZ6AA,B01F6WIX5K,4.544243428191605
AEZWO6JBHBOWFWDD3SHY3TPNB5AQ,B06Y6BCX7B,4.160678849202643
AG4IBVQSLXLZFIBFE3EDMOJMVLHA,B0BHSG5C3G,4.682932688913867
AGCBIRCCOOCRQVVCM3LTOA365FNQ,B07M81HC4C,3.9056265340452385
AFG6BOX7SFWFTWNRMO7LSMDLA6CA,B079Y7XKW2,4.6285513450926254
AGVT5E2C6WNOCFYSLOCPAPBJOIKQ,B08F93KSDY,2.8913438773874383
AFET7FPF4IJYOCCCQBKKGWLYEETA,B00A7KC9NO,3.8826272096764542
AFGSM2IFWCMZCPCORIQEO7SGXIRQ,B00B9060X6,4.016426787665024
AG4WPSHRJ7W4UF6IKZJ2FMYUVGCQ,B00G6CMP1S,4.197548067787048
AEH5BNAS47KL2BMWVV6GKD7JDUDA,B07NBMCG9T,4.019168244758129
AHXYSMCKABR6O4W37Q6YIF6NWVYA,B00M1L1ADM,4.6460034059187425
AEWH7JMFZ3SQI4UE3DU6VRYD2BGQ,B00L9R9YVO,4.2296061589899505
AH544NICZBHWPHVOLJZNMEQKS6IQ,B07NDJ1HSG,4.763828339006542
AHGRMWOGEUJ356QVBRO6TVVJWI4Q,B07RYQ1X42,4.602226131230567
AEINHEPGMZVLGFEWFQY5ZNTKS3XQ,B09DYS2DDT,4.370580364810397
AEZTH2WTKDOJPZIT3GIFZ62OJLSA,B09R2TMLJR,4.783121972088871
AH7JAXK4CMAKGB2I7X2BIW4OMXGQ,B09S2VB3KW,3.8701338433301817
AFKTMWUJ22FQFWTT4V3IKQNJWN2A,B017NT392Q,4.5085976106204315
AEZRDBBVRRHFM2LTK3WW4RJNHOQA,B00E8CEW7I,3.8724633169935494
AESVKFHONG5B25UZH7DRJ56ARJJQ,B005EHINSK,4.7929446261342745
AF4MGMYWV6VLEQQ7E7M27JALDF3A,B000M23OQ8,4.396467290806864
AH4MENCROTJQK7T4D3NVIK3E7KZA,B0012BPMHW,4.791726471347819
AH3RE2HDYHA7C22F5VCYQLCWVDYA,B074T6YNSK,4.214910403673694
AHSPUN3WFKKPR2W3B2S73NSYFATQ,B00O2BISAM,4.240921575251587
AHDALDGFNPUZN5ZQGSPWZPVG67KA,B01CFNML9W,4.853604319253043
AG6FYGUMXO4TSTPFWPFTNHJXC7WQ,B095XZJ99J,4.8919897126595995
AGOIXNAZLPTROLAJK7A6AEFKB3OA,B014F1UKI6,4.696334291704918
AG3LFN3BICH2V5RPI2XFRKQSEDZA,B07DWM2XSS,4.794540804980013
AGI2HHZK7SWM76BROAC5EYEFKCKQ,B0951C4RGR,4.316675283366483
AFBEGCILG53ZZXPI6FF5UN6UI3FA,B019ONS4TC,4.859394242722416
AHLVMWREGLYAOXZW3YPMPGU555ZQ,B0048F0QWA,3.9419525263552346
AGSUZIVP3CBSFA24S3UGGREDGYCA,B015TBAAT0,4.718692541866991
AF3TUPL3CN4WOARNMBEUMEFEJW3Q,B01FHM1DNS,4.00936048778216
AECJK6QUF6XDRW5KDS2OB6TJ4VYQ,B004XNK7AI,4.313784061574534
AGH7F3VLUYMLE52O7FHD7X2B5RAA,B079DRQ4ZV,4.28176548181313
AHSN74GHQIXDIZTRGY2W22DCQYDA,B09JWL3BF9,4.335358901180386
AHNG3NRGEDYO7E44QMYDHMBADPBA,B0731YLWY8,4.584230570023857
AE3LXT2NVT6I4JHOXL5U6D33U5RA,B093YGS1F1,4.07341022118684
AGBX4BNES3BBJ2FFZIBA5763LLBA,B07CQS5DJV,4.8485896830806805
AHZL2ZGOCP7VUX4RCTNTTQ7JNRHA,B09PBL98Q4,4.619984153177865
AEJVWNXW55ISA3OATOA64QX5WXYQ,B0BTC9YJ2W,4.873217711173323
AEDMLGFTCQT7ZADAK5CKMT2T2T4A,B0B8Z6192W,4.813593106934447
AFTBXQNBI6S63NJO36DBALW5M67A,B0BSCF2FD7,4.628098432072435
AEUFWFA3TBVVD67HVO7FOLWNXUSA,B08GZH46GW,4.723222945296053
AFWUY7OEQ3NRSEADRQ6PMRLOLP7Q,B071YTY3QS,4.51276101321939
AGDQCAX573GEXWKTJ4INUD7NSH2Q,B01F543PAW,4.400917655691595
AF626HHXSBCNSMN7NKVKP6UVWEXQ,B000J4I9VO,4.1374123173676915
AFHTKUVUNIJ3R6NFVVPKWDTVX7DQ,B074QKLW4N,4.04996817067364
AFUWIHK23WPEEPBRRSPULFMYMP7Q,B07MZYNZ1C,4.5626741831112865
AGSVLMHAE6DKL34BW5AJANZ2HP3A,B0BLSGXGPF,4.104834476373735
AFMXSST3YJL3H5IBCU7JRZGSCMFA,B07B9W2XFS,4.484750506969986
AHXGOXDCTF7J3ALC2ENH2LBGIB7A,B0BXT5BYPN,4.422225292236838
AH45K3P2YBR4JXYQ5TSH52BYL6OQ,B09RTZ26KV,4.047502996671342
AGENT7K7THM6Q5VKHKH2PUACREHQ,B077YJ3H6R,4.51037035148414
AFLMACQKFSUNVBSPPBFXV4AVMRIQ,B0BPBMBL6B,4.584810537355468
AHGYSJ5C6F7YUTGNX6EMVI5QLYUA,B0BK6S7QF4,4.339613256435656
AGHPBBUCMU72JNN57OKEFJ472UUA,B09617MLP2,4.812758698671767
AH4UVAVFFRYIYJIBREZK4WP5NKWA,B08C9YWGNM,4.47684068256811
AEBXDQP3DYUQMQUTAUIMYMOMSRZQ,B076ZSHQ47,3.6856905734328373
AEGAA3WMX5TUOTVJUJJUNPOZVODQ,B07Y8FGXDF,4.499183735260093
AHJIN67MPL7OZPJ3HINXNP7BOCEQ,B077YGLM39,4.635685607200465
AG2VMRQG7CPHKGWNP3TT5V7I4JJA,B0BRQGJZXR,3.5128591833691405
AETYS626OQR6IWDN7UJPGDA4NNLQ,B0B8FSCM9L,3.7140800681798902
AGNME7F4IAJUQ7OIEIHDUXS2IFVQ,B09MBW81X3,4.782696397399779
AHYKZAUJXW3OCM5UZCKRVHAPQMLA,B07BC8DCC1,4.483596598635321
AHIUWHWGM4ZYDRKZHUNIKOJVLYCA,B08H75RJZV,4.411322523972744
AGKTPA4K3NKKVKX3RHSW7ZBLZEXA,B007T8OGLK,3.9831134356141735
AFQK7EQ7D6ZPX7DJ5UOWB56BZWPA,B09RN7GR8F,4.736448183919499
AGDHBVAVHDE6JTAWUBENA2IXHIJQ,B09DJZK72G,4.605235301470337
AFZXFNKXADRAUQ2NEDYY267QINIA,B07DGW4H5Q,4.525343812298821
AHB7NX5MFSJ6W2NWR5UNUFEF7RNA,B000V1K7FG,4.924911319250457
AE77LTJF2VGJAZFPCJYL3RFAPZFA,B019NY2PKG,4.201838468423662
AFELGLT57C4JEDRENY5FBZBYXRPA,B0002CZT2A,4.786958208406894
AEHPI7DGK45GM4JO4PP25BE3RZJQ,B09396NY1C,3.8971372295246827
AETYS626OQR6IWDN7UJPGDA4NNLQ,B0BXT384GR,3.486507797601097
AH7K6J4O5D7ZE5QZAJQJ7V4JJR4A,B08BJGBHN7,4.215575358122292
AHM6XU5UR2N6ONEAFVPHJKEN4BUQ,B0889FMRNL,4.466300648235614
AG7A4AVEW6FTLSQCEBRIXLGYTM5A,B001H3EV9K,4.171575412360948
AENN7ZX3EMGG3JKILEMJSYLBX4FQ,B004OK1G64,3.97022417025424
AEYBXANH4M5NRPMA5WGMTLN2XR3Q,B06XF6NF5Y,4.152865919060316
AEEDYZE7SWKKVMVWYZD35VYCMAWQ,B00PR8AW62,3.642829342129461
AFAFI6N2OEHEZMADEFS6BN4XMGRA,B00MJLZIDW,4.409263243352079
AEJXBPZPKA62VIDWND77RDR2LFXQ,B09V91H5XM,4.413792229129985
AFKVQRYREQIOY53LVNLH2MMIMQSA,B083Q5T15W,4.5019760393400015
AEFE5OPBDT3RILFM3R3IX7XO7HGA,B09PRKZ6FN,4.838885541727385
AE7HFNHDMZFWK4FQ2NZDBVJ2LD7A,B077J6ZGD5,4.869185827656421
AGOIXNAZLPTROLAJK7A6AEFKB3OA,B091YFQGCJ,4.847785890337565
AHX3BWXWKDWSIOIANV5JZ6TY2WTA,B00T38U7HQ,4.786990645825683
AHI4HEBT7APLICJPKX2WXSSTEPZA,B09VBWXMBC,4.595312702869095
AGKU6OTPLHUFMEUZQCKLLC7SU7HQ,B09W9KRSHQ,4.0565175909067905
AHL67QIBKSTRQMFTJPJK3RJ4KJFQ,B07RLVH6H4,3.752255600907088
AGR66GB7J736YGNOEQXECJZENQXA,B07D5W5X3Z,4.804026403029873
AGQ5FPALHWB627LAP4WZIMIWRJUA,B01J4PU7TK,4.503497102276647
AE3SOV2D5KXSUM3BXEQO7HXO55SA,B0BTC9YJ2W,4.787131388390077
AHNICXK2GA645SEALR3E762ILAYA,B0B8L1H6H5,4.751401205105552
AF4VAHTAJUP5UY6BOZG623H7KOEA,B000VBH2IG,4.299722212730714
AFGJOLXILLOCUFG64OFU2FQVNFOA,B0BSCFTV2G,4.66437945811011
AFFES2GI2HRUKJ666T7BBGQPICXQ,B07BSZNKTM,4.642745880584316
AE4UJ34DIERPH2M4MGBRWATWJY4Q,B0BQ48G9Q2,4.779562918765584
AFH6AUO7HH5PMJBRBQGQQKDV5HLQ,B09DVHGJSG,4.3677507860230556
AFWB7XHYZWK7SPBQRQZQSO4YXTAA,B0BCK6L7S5,4.626923875468629
AFLI3BM2AJOV7JK6P2CWU2Y3QFQQ,B07FYCGSFJ,4.059212793324687
AFJ7FVPPYKTZGX6PY4KNUJQ7OOMA,B06XXRRGTY,4.4341907227122
AGXTFGO7KXIW257RRFLSA3C5VRWA,B0983RZ6P3,4.356467497780282
AHGYLAWJXRB5F3YQ6Y5HRV3GY4QQ,B000FZ1KF4,3.9547549737585537
AH5JR6SYFSYSUV3LIPKY7SSMA7IQ,B0BPNHG7M2,3.504080158612526
AEKTPUZTC3F4YZG3YAU3UH3NYKQA,B0C4YN3MMY,4.8525661641654265
AFH6EYTOJWTQ5XJIO7OER5HCQC7Q,B07SZLTL1W,4.376816835552415
AF3D3CKUZ3ESHEWI67ZXZO7RHGBA,B0BL8X66ZY,4.5812975235658
AFFTXDA5L7I2HYGFFKHBMGUWW3GA,B000ETOUAS,4.365827717359734
AGTG2UZYJCVVX7QDE4IW2I4JGB4A,B077Y6MY66,4.608840647556236
AGVITHXYWGKAMYWZ54F2UZWHMY6A,B07B16JL73,4.779297192850725
AFLL4CT7RVP2BTO2TBEOWXKYPGHQ,B09ZTBMWRK,4.194687228604796
AENFQD5EQBOPKB6TB7AOAD5QQCOA,B09V92RNL3,4.758218756135982
AFXOJVXLBLYD2KJCO2MV3TVEPEOA,B09X8TQNNQ,4.775023662906964
AEDBU4UHNM6F5BEWRO2LY2LGYAJA,B08LVQKMKZ,3.089380851398182
AEBE6ZW3F7MFDQI6LMM7OPAKGOCA,B08KKF5RW7,3.9767271728426024
AHPJUTQ3YBWZYP3HHH5EN6ZKHQQA,B075FSQFPY,4.7382668670025625
AGJJC3UVE2J5TFAG5AGCIFSMKZIA,B0165KH7GS,3.8025735314960567
AHF4JEWQEROLVQZJJHSI67KKWTFA,B08DM9NFLH,4.0032514055610795
AHAEDB7FPXJBM523PXFWBS6SWPRA,B07SB4413B,4.060627587609374
AE5D3UKKN4THMV55GGAARPRXHFCA,B001CWWNPK,4.378161891627188
AHHAZWP7DDUCLTBD2YOHLSGOWA7A,B08H7VTXWK,4.82608221865248
AHPVKP6B4O27XLL2I44H7ILH33SA,B00N5THBGO,4.414069468768371
AGLPJOIU5TK67LFND3AUIWMCAF3A,B07M7XDW33,4.706815179050855
AGFXATQGNYBKELFQPRMA7IGEMACA,B0BSGM6CQ9,4.727996182960552
AGJBLM6O43DUUTQI52GRVVR6YDFA,B09TXP3FSK,4.307289303433868
AFRQHCPK4TP7CKDVVRWR524DVW3Q,B014H8AWGC,4.441042346832091
AGUGDFZRH2G72L23E4WIB7BGMOVA,B077J6ZGD5,4.833841472620708
AFRMUNBPGSPKWWIAB5W5OBNT4O3Q,B07B9W2XFS,4.6345379420404385
AHF7TPHK72VNTRAA675SXPJ2NVKQ,B09KRR7C6R,4.727621042394274
AEVNCPAF4GHJPW2QRQBUTV7U5JBQ,B08T2KB92L,3.6679829914712294
AEKS23KTJWPSSKWVWNUPKQMKOVGQ,B0B8P1YW7L,4.599786138572469
AG65H3KESUARZW3IYMRXVITV42TA,B00X7YJUGG,4.839480870602426
AGOHUZDWB7HUI6NQOLEY56QG6F7A,B06ZY6D39R,3.791915722783749
AEOYITVO4RHHLQUN3VQANSVDIN2Q,B0002IP47Y,4.385488285946662
AHEG7C3WGLIFZ6KICEYYTTVB56TQ,B0035FZMYG,4.6840443894316905
AFJ6SQSBNT2QNP2BTPXIFHDAL6CQ,B01C5TBX68,4.7907526504444
AG5JI7Y3IEBQNGD322UVZCXH4SAA,B01M8M90YJ,4.5344915146921565
AECFLUVBH26B6DW5DNXN2S3TDG4A,B09JMYM88H,4.308874422126853
AFLX2VPV66I3RSCOSL2OPXLYZDJQ,B085H22BGK,4.823188795534827
AFZOLZJRFK54RYWXE2IADK2D5NUQ,B01142PFMA,4.8325252547496795
AHPE2VIQMN4QQMY6FDOBTI5MDHTA,B09DVHGJSG,4.2510952473637635
AFXTPN3SBU4JC4P3IZCFFNTXYQJA,B09SD4CD5Y,4.691540343836266
AF6TUHLWCEOMYDFENVEGKYKSHZZA,B0006NDF6C,4.371215492163223
AHS5EQSUTQIS6CCNXQEFCGK7XJ3A,B086W93GHN,4.799583249756266
AGUAR5LOTVA6SHQBEM5NYSO2EAWA,B00B5LDMH6,4.669366730649359
AERVJNZ5RKBWB4V5B74MU5LMZVEA,B0B5KX2882,4.602747095587012
AF6BGLFASHKUPEWPXBWFJKRMP3EQ,B07HGRFG5J,4.508322659370578
AFVFAY7JETKKWXAQBOPJTSALSAXA,B073VRMPDY,4.81264977965325
AFHHIAVPXFYRPDQYDE2OW4YO6FCQ,B08YK9HWTF,4.464590069104409
AFZMYX6OPU3UF2637SDLHZLWYDVA,B01CFGB8KM,4.2752664470999875
AER3THLOZ7KZ6X6L3ACFZTTHDTCA,B07PGMGJPN,4.567783238384925
AFVSDHRXFBIUSK43W2LYIG3ZP66Q,B01M0KBF9F,4.637078502308997
AE6XZHWP7GCYYMB3KMFGBUMEQOMA,B07ZW1GBVT,4.291425848728994
AGADQZLASMTW3AVWPQIS7EDRAKTA,B07RS1QKGK,4.204334882366372
AGOLR5ENOMVPT2UONE22M4YIQDAA,B01K1EJQ9U,4.178107685209986
AEY5RIKJ4WW2AV2RF36I6XHCXOLA,B004FEBS8K,4.479856539859126
AGOUQ73XWQY73FW3Q3BXYN7HXG2A,B0BSCGBBX5,4.686083296566312
AEGXN3ZQSG42J3F3APJQKTTPLTBQ,B0C67HCGBR,4.0435018521304675
AEYMJEI6E6LOPJPL4OU6Z4T5FOWA,B015IJIO5U,4.093030288938175
AFHET3OYTMIYN4EAJ4AOAZSZBPXA,B0036FFKE2,4.761011910412763
AEEL5H2C5ALPNBR3N67HM3HTBFCA,B06Y6BCX7B,4.52508633800101
AEWTYTLUBCTWDPCKMTKUFN4SRADA,B0BXT6TM6N,4.599254480666066
AGZ3EEUWPVVLQX5LMBBYHNKNBSNQ,B0BPLFP5P6,4.548423230019727
AH4ZEMKEG2WV7UHRLS6NGVBO5HKQ,B0BXX3MYXT,4.863791696968141
AGOYR4GPBPKPJRFMMGNOKALDT2RQ,B07DMS2QNL,4.455209976772703
AFXFBPCW7M5OYUSORHV6HQASVQWQ,B07YMGPV7P,4.716795708905383
AFRHPC7CFZICVH4IROAQCO7RL2GQ,B01F8BY2AO,3.9782384077519337
AETNDIMM6EQH7SCFUYLUHJLBFKNA,B075R58Q4Y,4.625048456165822
AGNP5VOARWMYZYMNSQYQND4NB7TA,B0B31RCL2G,4.390800399534476
AGX5QVR6UPVGT4OYU5JCPSKN5X3Q,B004UDM37Q,4.839259852427586
AHCHW2CQHUSBPPNXHFE4RPGIXXDA,B0007OGTGS,4.2706452826006025
AHAVMJ7OKLRLFKHUSZEZQHPQCHWQ,B00WE6INNY,4.76402305484558
AHFIIUGZRRSUV74WTKV7GK3P4EPA,B0B9LKKBHK,4.602216257722565
AEZWVY7SNYXITG2YVXG4CWWGKJDQ,B07HFLRCR4,3.9922348478318823
AFKCIAGGH7KHMU7JCN6ZGWX3ITYA,B0BR2G8WYG,4.698247752778294
AG25BHPXN3IJ53EHA7JCLMPPQUDA,B0BLH2CBVK,3.911211713362796
AFNKANPQUS5G3ENXFLAJ4CHWQGFQ,B07H6WG4CG,4.0512063089703885
AFVQQLENFSRWGERDSJAIIEPSGCIQ,B00B5LDMH6,4.12626846933195
AGJ4XF6MVSXI2HMTCU4EF3JWNMBA,B00EOAF0G6,4.891853342505501
AFXRISBWQYPDQKEYLZ7VMKSDPDIQ,B00145EVJ6,4.717236920277393
AFYFTNZQOU3VO7KX7ORJ3Y5X4L2A,B071P9JVKN,4.248621817102639
AHUDHYMPKVYPTVUFMWLBMWJX67JA,B0BPLFP5P6,3.4043082207907704
AGY4LSANTCTFGGXVHUO6BBDARX7A,B00W7ZL4TM,4.756868167807092
AG7TXC563E642KFHS5YINKSCWE6A,B0018TBECU,4.056109489705835
AHJUKDLBKDLRZWZ2OFNOSAYOCTZA,B07G37S6S9,4.729072727849158
AFIWXMQJNT65JSZVB3KM2EYVMKKA,B0BCK6L7S5,4.503271614949224
AFQK7EQ7D6ZPX7DJ5UOWB56BZWPA,B016ZHLN7K,4.875525305904459
AHVC53MIZ3LKW6OZXLC3O3F2OQMQ,B09857JRP2,4.832838004631887
AEJO75YNQXAOIKXC2PF4CZEORMUQ,B07MJ3KSVS,4.323858307216885
AEEPQGUUCOYUMX43HWU2JIINBSUA,B09V91H5XM,4.219793839365637
AHCHNJXZ6Y3IH7QNDRV5VQGVVADA,B07N2WWT61,4.405824936198987
AELE432LWG6NBGFTGTGVLMNILSWQ,B075MPFFRV,3.767953345723301
AHNXP6YEKG5ZEOEQU6M4K6Y2OM5A,B004TM31QK,4.63448990688917
AGGRPYA34S7CHDII6NQWKUXV2HCQ,B08DBDD6CM,4.821781737043478
AHNQUGN2YMD3VM6LSJESF73OMGPQ,B07KY75YGF,4.503672019211887
AEAPENO2NBGU2UVLRBSH77V2CIOQ,B09ZTH7BCS,4.41452986992028
AGUIRJTR5DFHIQP26TDUJVJNQVTA,B0BHXYL8BT,4.60551162023261
AEUHHZV7XCP7O6WIJWSYBCTFOV7A,B07SZLTL1W,4.50451678413882
AHP54DEEFACVFPIFX7KZ3P32ZYVQ,B09Y5NZ8PN,4.641112234280152
AFJKBXS63DTOIVPXS244TKEEFGWQ,B011NJRM48,3.766736092616905
AHKONMGJWJK5I4QUQ2ZCAGWIEYXQ,B00HJOTMT0,4.532652744252006
AEN36LLBEDJ7NFDSKJFQFV6GMSFQ,B00IY0BLB0,4.199314743755077
AEUAZXMQOTNMJM7QUXLCHLYB5AZA,B01M1GG05L,4.328738285477302
AG7EI3UOXIQXEL5QDZPVKPSVR4UQ,B0089NNAFW,4.630501946437025
AFWZAOGMC5HAEDQAOX5MUN67T64Q,B015XDU5C6,4.703919788619526
AEIBMIYUP6WPZRTCVDSHQ5KNVIHQ,B08C9Z3BTS,4.492799813856715
AF6DCSQ2GVNG6DAKRDYPUCW74YCA,B0B1989GQS,3.9167006233668884
AHAHIH6DC7KVK2DD3OX4VWX5Y5GQ,B004OK1G64,4.546768898779643
AFKMX6JZ655VPVYHBTATZQS4IBOQ,B085D7Y3JV,4.707956203381469
AFJFZ6GLBPK74N3SK5OCFJWPME4A,B01MD10XAU,4.12950164803813
AFESMXB2DZ2KFRQXDNW3DWDGS7WA,B07DX95KP2,4.696159430820316
AEYGPK264S4ZZEKDRL5VW7QFBUPQ,B00WJ3HL5I,4.488162326571319
AHMG3ALUBE3FEBHODTBHP5J24YDA,B0B312JZJG,4.771886483596697
AHPIRROBFYQ2UMS7FLWJKMOWYIBQ,B07CBT4SYD,4.84817304174351
AGJU7X3JKHJKEK3CYRYDTRY7OEVQ,B01CQQMLKC,4.019998515317751
AHREWZTRX6ATMNDH6CLATXMKIINA,B08DBDD6CM,4.890610233109485
AF4VYLI2QY2N7S65KZHMIET7OGOQ,B00AHEW7W8,3.372558014624606
AEXP37S7YKZSVJ26DLTWH3AYHTKQ,B08G8W9HJX,3.9608679782962426
AF3BB3ZKONXGWB7PWVSJBXIPFUOQ,B0C61YYGT9,4.751005424440178
AHYICNHO5KASNWVVEGAZHUM3LNVA,B01AW50ADE,4.468051281471901
AEDTPBZP4AQMS7RZKEZKZYHDPT6Q,B06XPCNFRQ,4.445899703117364
AGBD57DOENI7Z45BUDSSNWUZB7IQ,B07PKL11N3,4.315105498457763
AEH52AKWVKZCLB6TLF7SYDFOFMCQ,B09BF8XDF4,4.766756954118573
AFLNJEKYTPPZDLQ4PSQ7UH3N6OMQ,B01MRJUB7Z,3.8322485086448896
AHLWBN3XMEJUKJQECDTG4PZYDI7Q,B07BHM7RKB,4.397224905038397
AFTM6NO5MNIUK5GNNXPYZSHSSIRQ,B001LXMXU0,4.815967470818735
AHWEBH3KB6T6BTSHWJNFHOYZA74Q,B000RXN6XI,4.726083170513917
AHEMAURZYRCARVTVF6CQYTYE4I4Q,B082DBGJHM,4.310805163705377
AFWYGASZ6IGNFBSGEOUTEAQ54TWQ,B01AH3RSAO,4.652278591086193
AFDV5K3VD23LQNRZZONVHGJUVCLQ,B012V1TG9G,3.8277292410255264
AGFCZHTATBUI4HMETZZ5DXULTZJQ,B00IFOTSJW,4.633882476187313
AGRCVTGVKU6I4WAR4WJGCAQZM6XA,B07FSD3CP4,4.276178478912018
AHBJS5XJDFWKWPLRDNP2GGKCHHCA,B088WMVDZB,3.7834239381127257
AH2GKTYXSNROUD6VA6IH3IP3XRIA,B09R3CJSR1,4.58738433868449
AGOHUZDWB7HUI6NQOLEY56QG6F7A,B018S20LB4,4.080097028257717
AHWOHCJDFWFEM4PGOZB4NP7D4AVA,B08XZH8DTM,3.9015500771201403
AEU4ZKO7CCFVXMEKTRVCO5CRN3QQ,B008PIVRY2,4.767277014107256
AG4NCPCLWH3ZWUCXA7HLVRQ2XLNA,B071XBX2HW,4.740885723908079
AFFIKTHLF35JXNMYR3GSG4HJRYAQ,B014ZZW8QE,4.71224982047201
AGTKP6UKPCRCX7DN3BRMOXKI3EIA,B079P9LDHN,4.02598280697189
AHYZGTJ4E4TS3IE24HF6IQRJV24Q,B0BR2NW577,4.3962707258235465
AG4KTMEI5K6SATAUEUJ2LELQYBRA,B075MPFFRV,4.472384079185614
AFQFEJJS3JP7MIHAPIDLWQHKBWEQ,B09Y1QWK5W,4.2440719659633395
AGKWSSS7E3YKKUJSQZJZXI5ZE5KA,B07PRC5VQB,4.516419927720916
AHOVBMETSKJH7C2RPYQFETIBUMLA,B00UAKWHB0,3.4124915031894556
AE53AVIEMEFU245TVANDSUXTHP3Q,B0B16WH36J,4.828556261424401
AESVKFHONG5B25UZH7DRJ56ARJJQ,B01DBS3WJS,4.4785587107318605
AHAXTKZXG64KPAV6TPVUASJ33E4A,B007LEV86S,4.253448797845998
AFKB2ICK554PA2D3H5ONFC3VL3GA,B0784PVZWN,4.391812230397907
AERNB7KZPZZGGM4BIHCV6KAAARKA,B003GEJ5J4,4.454166067358763
AERQYULSHI3ZZFNI7XJOKFYYEEBA,B0047VIXBG,4.789455129771737
AEUOVHII7R2OLOQIOMVO5JFCRWOQ,B01G35TZAG,4.820544743035688
AF7CC34DK36SQJS7WXI44DREGWJA,B0B81D5BB4,4.771766493796414
AHYZHJQR66MRI2KKUWA3OG4BFJZA,B07GFH8NTB,4.364471220734914
AHWKSJ62EEEXSRG3ZHRNWBEXWFXA,B0BGHR251K,4.365777265389375
AFBFIVH32NPCDO5PE5DKWZXDKA5A,B01I6EHKL8,4.614020743766626
AGJSFZPZUX63MGYM3TCLXEPLTIKQ,B0185B3CC8,4.581313357806538
AFPOTFD5RRB6MHZQ5P5UIVG7QTBA,B0BR2THBR2,4.371213286732256
AFIJ75JQSAJKRL6RFKMSLPMHA5AA,B0BXBG7VRD,4.588310684521616
AEHGPRL2ZLF6TY6JWBNFJNIDTE6Q,B0BPJ4Q6FJ,3.877836552624254
AGSE3WV7SGP44ULL3HPGIDU6BY5Q,B0BR2ND5SV,4.708111587046912
AFXVOM24JL7OMMEJEY7HEA7DYH3A,B0010GKX0K,4.29588101723596
AGE5YXPVOTT7B2DW5B4LPLL4GL5A,B01DXVB4RU,3.893569004981558
AFQ4E2UCAYIG6LU7UP4EZMMKNYFQ,B00IZA1GI2,4.483195721833213
AEI4K2NEMJ2UZLNR73JRGWEDU7AA,B0C6J1X7TD,4.6816993182843385
AG2CCIXDW6TXDNC64A5422PFL67A,B07YPXFDTS,3.9873207861582016
AEN5K6M24BIRZAYWNS7LDH65I43A,B000FLHSAY,4.549101348140052
AEKS23KTJWPSSKWVWNUPKQMKOVGQ,B001ANI6FW,4.144655423959199
AGDHUM4WRPOAECBDRPRDIJ6BEYKA,B006BST39E,4.633744167098774
AE3GCADR2HTGRNXWR33YGTZ6XW6Q,B0B8M5FJ9W,4.384033920014376
AHKXGOAE46LEG27N25E5KZONL77Q,B09T4TND5G,4.598232504249937
AEXJUIGHYYB3Y5RWBAYB2EIUENAQ,B09MXDPD57,4.770725282942946
AEE6Z622I6B7FO37VS3WLJIDBG5A,B008H51464,4.6975464440667825
AEMOYADP2JOCWPFFSQD5XOHPNCCQ,B0C6HZ3ZW6,4.659120787287177
AGDJZFFQ2ARQJQOPZ4LCAJA5TCRA,B083MWZ1DN,4.722845707849359
AEAETBOZH2YG3Q5K73YLQSKVSD5A,B0002H0M7W,4.470536988906207
AGOAOXZU4C2FYKKH4X4NPAYPOI4A,B0749T9HMM,4.7471066886470705
AGYVQXISNIURL4AIOHGR526WXLZA,B00TV0SA7U,4.184603514991775
AEAOAPF3OQV4VSD4BCQGS33IPJKQ,B018FCZKR2,4.787442196250487
AGV3WQAKB47WL6YGX3IYAVEEFU4Q,B07FZ5XBCJ,4.78318248092724
AGXOXA6HK2C4NUP4ADQCGLLQ234A,B0002F4Y78,4.80148984642334
AEWZDYB2M3BYZEF4BFP3VE2FNS5A,B07MX64M6L,4.7941598359706035
AHSKOQWXLLQEV4YYMFNWBQQMWZBA,B0BX8SSNYP,4.504206943659071
AHFI6EVQKDDMROI4RSVPWF2Y6ADQ,B0C9NGP88D,4.07404896965761
AET3S3QXEZM7Y7MDGCJTFTTOPAHQ,B073S9BHBV,4.853604319253043
AHLRGX2BFGLQ4JCYSS5DB2AK2ZQQ,B000BYPJ1U,4.578253462645209
AGKR74DLGAXCX37YVUNAFND6QKQA,B07NDGTFJJ,4.838784062440965
AGUMJHIDCBW2XGASEMJIHD26JN3Q,B09F2HJKHR,4.668200994672796
AEXX7CEHGXHPKKA63HPYS3JR53EQ,B07K2J841D,4.601513980032361
AHVFEBH4PD2V3XK2AZ44LFXTPZUA,B097FMTZCP,3.53486010194678
AGKQLSTQJOGWRWV6GHIZXSLB4VQA,B09Y1X5BSC,4.861610696121839
AGSP5UQZMOO4U4VWUL2CVBV35NDA,B07BHTDYGR,4.368212202070596
AG3SNVZAJVFMX5WPHZIDVAPO6YBA,B0B1DNT9HT,4.292827104847483
AG5FEKWGQDLOPZPCCVTDEL5TWMLQ,B01LQM3534,4.4536647815093335
AF6JSVPJ2DCT5CECPNXDU5PWBMEQ,B09857JRP2,4.7115968998868105
AFPR4KLOEJKVJKQ2HDNYKIUFOZNQ,B0BCXKFMKD,4.7800280118096845
AFKUVBPUO5PIIBCJYBKMQABF4VJA,B078X3SSY7,4.805180257058957
AF5WH2KQNQ23M7NVENH7F5ORQ6NA,B071P23N7Q,4.488735681193801
AGQ4KUC5JAXB3A6UGXUM5DIPW4LQ,B08718Q5J3,4.569981991714563
AEMLDUMRZRY3H5UQSTVOGIKOR6HQ,B0073B587E,3.179617938688848
AFZIQSQJWTGIF5JPJXUSHLEPWROA,B0CC665SQH,4.846501111337542
AFA6BGHQNJZBSW5VM342TSSCPFXQ,B08BTH6VJ8,4.459316218215613
AGLS3LXZRF3S6AHDXUNPUKPFSFSQ,B0006ZNAZ6,4.396467290806864
AGTY3O2EKBN5YXIM26GX7FDP4BCQ,B09WJ596LC,4.59483797313772
AEER2N4OMRBWAG7BWDUO2DOVBICA,B09YRWWW7L,4.3532008312413115
AEEDYZE7SWKKVMVWYZD35VYCMAWQ,B0BT855NFQ,3.754155568313724
AFUZR6TRZXN3X2ZRRPFB3BQMI3VA,B08R5GM6YB,4.661717492223676
AHCPG6UCDD3OKNGACZNLW3EXJXUQ,B07TN2CHPZ,4.136427612275515
AEQNSBGTU3I3VAIGJUOE56OM26BQ,B099NYHNRG,4.750469244511241
AEUB3AAUYNXUO6DFNVU465ED2F4A,B0C3RC7WWX,4.701679654414046
AGZQD37YMBU4CNUZBI2JU3MLXG7Q,B0BPKH4HB2,4.14017035450405
AG662TUAT4KJA67XSMAKRIIRF7QQ,B07NLKL6N9,3.989731038101069
AGZYNSF4BAY5PVTF5ZPIUHE7C5OA,B00VOQQDHI,4.896279018244662
AHXZMBZM7TCTGR6YQ7MI7LEAZ7QA,B07WW5PKCP,4.82442423481006
AF7S6K2LJFYM5UXGVQ5VVFCGA65A,B0BKZ5NP3K,4.903100264554455
AGVRYUDMQMBAJA3U6U7Q4WECPRNA,B0C6HZHZG9,4.798415580786823
AHK3GB2AAC6VO2ZUJV3MAIC5ZCPQ,B0085545YO,4.598962423448429
AH3ZYF275M4EUI5TZFJ4OZ6DSUYA,B005NZ05J8,3.847911220513632
AHGUGE7UGFA25SLUIXAHIVGXNEPQ,B07S1SP7LY,4.51601111723355
AEGNNCCRQPA57ZYBT3IO44I2VAPA,B0BR2HWY75,4.427045954909876
AHEMIIDJNI5YOZXFEFFBQAEY5QOQ,B0B8CWRSFG,4.394021929269458
AEH3PVS3ATD4V36TYF4TQWHSQYBQ,B007Q0C3RU,4.524471106012137
AGEKML3B3AXH5J42LHHD5H2UGZBQ,B000BBQPBG,4.098048397567179
AGHE2EDF3FFNNWAVGAQ4S6K7PBKQ,B0BLV556W7,4.477224678596265
AFDS5HV3F3ONORE7U7PMXMVMZAUA,B0BL8897K3,4.938874731000294
AGISLAL2FVA52GBP2CQYQ4TFGSTQ,B0B6P55RBN,4.605880415756041
AHFKHAG5UQQQGJWTD2C7A6NJHVEA,B071W1J3WR,4.618120485214749
AEDBU4UHNM6F5BEWRO2LY2LGYAJA,B002G1UT5C,3.147449325510412
AEYVE4K36ZVU3OCAGOGH3GL3JFPQ,B018FCZKR2,4.120535081260519
AFFCCV37Z32PXRMUD7KANRJ4OBWQ,B00005ML71,4.594497696476218
AHD6HKJ4CNXV33UEHRJ4VY2ABMTA,B081T39QJS,4.5270164075088415
AH7ZNBHNNGX7KN4JFOB53G3Q5WGQ,B07BLKHLPK,4.588163721810902
AFBBHTNRJHWRCWTCGXE54MJWVX7Q,B0002II66U,4.411580263376723
AFCXJHXCH3WOXI7C2WIUSEKMHYXQ,B088JYK3ZL,4.442970407945394
AHIE3AXU3OL7AJHSRPSDNC53Q23A,B09KS976VL,4.574563202801416
AF5XBYLOZUWJLVK7F7ZQDL6OZPJA,B07V3NL6JD,3.574374178317727
AGZYJ2ZZTZUYPVH3JUSEDFY24SEQ,B0BFKQGWZ7,4.198598191761407
AHW7ETGBKGX6DCG2LBAG5YAXU46A,B08YN4F15G,4.4036565030531705
AFRQ5Q5OIRGZ4ED2XWF3CMLZVW4A,B005IHLSTM,4.413093063771236
AHUPJSMPURGM4QXXHW7VZLHZHITQ,B00CE20J3K,3.566735963341305
AHA5GU6ZUSCVSK2VNE6364ZRDJNA,B01B1IBSIM,4.773350519651668
AF3KN3WD7YOQI7G633UMGOQUQDOQ,B0BPJ4Q6FJ,4.708782053031489
AEBGYELMA4BKQPPWGIREPQXDLGQA,B01LB3T45G,4.557715161460017
AGBUFE4F746573LDJ65QKCODIDCQ,B075R9BMF5,3.9537512293185717
AGZS2D53KAOXXASMVM6RY5KBRQHQ,B06Y19G8WD,4.595995690743134
AH6LYS5Y3M7WNKZ2VVBZUKUNWYKQ,B07HHKV19H,4.619619910362076
AFVMTWBWIB5HH4Y352HP7XS65WSQ,B07CQS5BMH,4.8437400180795915
AGRLBP36CVERCY4ZWEP3EWGF4JZA,B09857JRP2,4.868870576386351
AGHIMWAIM6LO7YDHL2CEV6NVRWWA,B07SWF48CY,4.686799037697381
AHTCW5VTIHGE4NVJRTZ5TRV5PFDA,B000J5WB4E,4.274382802983819
AFLCMXOFCVAMVRAU75DUP5AHXXFA,B002N4GBLI,4.1347709790726945
AGM6KNEL26JNB7DRQKFK5AZZXVTA,B0014STI7S,4.49049555651185
AEU4ZKO7CCFVXMEKTRVCO5CRN3QQ,B001G3XRVE,4.463378717911797
AEEFEPZ4HBVZ47W7VUOSW7JNX4MA,B0BHG58G2F,4.849861003745022
AF4WHAAZO2VKSW6GJJG5R5G2TXUQ,B08H7VTXWK,4.3077087689824625
AHQGNHYEMY2THNZXZZJAT3VS4FIA,B0002E2TTO,4.4231883048510845
AHMUAUOHLITDKIKI4C3KVRWIBMAQ,B0BX8VJYMD,3.4248490323135954
AH4RORLGCUXFWGQT2EAB5G7UH7VA,B015X3CXXA,4.451173443289909
AF5BJKEIHNGBPJBFWGW75ELTVRNQ,B07C91JT14,4.648008919289342
AGJJ5YX3GKPBX22A2DKXRPX57MUA,B07SFYY1VJ,4.82069093551728
AFWE7V3NYN4D7OKBSFYLF6KPSIAQ,B0BKR2ZM9X,4.848208111183038
AF6LG365X7TL2DPS7HGYK5BOIVTA,B0B3VQ8DY8,4.714368756943818
AFDSVXNRE2LCL6KR76GDPSVAUEXQ,B0002Z2CZY,4.558874126489982
AG2CYX4ICATMPE465ZDZ6RQQRLLA,B0B5N91GLB,4.840133869014339
AHL6UZNIFDSOKASI2VECZG2QJO2Q,B017808XKS,4.810673254672048
AEQ2MOHAZIIMHROOS5VRWJC2T3BQ,B01J317H5M,4.409605203223779
AEEFDB5HGXZPRAVTHRBJOUKMWXIA,B0BCL7N4MB,4.6219780547236535
AFOKRVF2NCLL5AUDCDDXVWDKO6WQ,B00EM5UOE6,4.6842908567923365
AHFPXB2URVT5XNVXG54QIEM4Z2DQ,B09YYB7MNN,4.8294764053463854
AEWSTSKVSAZIWM6TBKXZRHK5NFJA,B098DLRBXR,4.553525239918171
AF4ANWLDVQRE4MM7UMLBQNFJAX4A,B0C3VVNXPF,4.5560391288892435
AEZXWNGHCKWX74CZNLY5E724HBLQ,B07BQRDVYJ,4.28955280315572
AGZYM4VIZUW2D6KCPB7D52O7E4MQ,B00WJ3HL5I,4.608111060507976
AF4F5YORO5MADXZQC63MO65FQDGA,B09857JRP2,4.7869180914134715
AGF7GPI5ZHALTTZMU74STRMGRJTA,B0749X9R8J,3.7465279598788257
AHMG3ALUBE3FEBHODTBHP5J24YDA,B07XFNJL66,4.492302041621221
AE5URYH3HQE4N5WYARBDJSMMWCOQ,B09396NY1C,4.365281727727599
AG3ML6ROY7CFJTLMPJYWIW7KXQ7A,B0BPLFP5P6,4.596278720636404
AH2ZDSONTKASCAR4RDCD5SEPTPNA,B0BPJ4Q6FJ,4.813063354114882
AETEDS6HQJWX2EQYEQFUIAHTTJXQ,B00N0EPZU8,3.614769002867706
AGHQJW3LPG3HCBOB7YWKEYA4KWRQ,B00009W40G,4.005191294871232
AHMUFF5EOXLXLQW54WQMGDGWVDSQ,B0006ZXFWO,4.038788684788449
AEOSQV627LGYW2ZHUPCFZTYSSRXA,B0BZTB9B4X,4.332350288606608
AF3C2LCNGH35OK6HLCMX7RTG3HEA,B08MZTBDV1,4.738888058729223
AH7EXT73SLCGBJC4OYS3MXIDCKCQ,B07LCRPFW2,4.105431874616509
AG52TGAEELTPZNJOS72J33VALWEQ,B00OGNDKEA,4.148251693218533
AEU6AFGJV7RWYKXGGONYMF4GOGBA,B001PGXIVG,3.6274228435139086
AGSAGGYZSLPFCVOJ3XTIUN42A52A,B00L5R5W2I,4.398952864484479
AFRHPTCG4SZVWT7QOV7G6TW3GXPA,B078L11275,4.5818038838870265
AGZB437NN6DJ6CBJLPBIO2CG4NEA,B0BFF85D9R,4.3018818858419525
AHWJXB2NGYU4QVDQGXXASEMTCRDA,B0007XRMO2,4.586515585448527
AH4I7EG2GI4L35NZBNZONB7BDYXA,B000TGSM6E,3.5980343515053974
AG6ATLCKETNYRKL6GCQV35CSSGPA,B01N13O0N5,4.443027749136307
AHJTFIUDE3J4S2YMRXGTEHQK6MBQ,B07281RLMX,4.848579033415463
AHMWUDNW4LCB7NSSIZUMNSHYFWXA,B08GZH46GW,4.832783763085326
AFC37H5DNDOQKBJSCEETE6T7JTGA,B09LYNWVPC,4.5523725587778605
AHMA7ASEUEDMYKTWHXZ22SLC46GQ,B00VNSOK2C,4.68189292826012
AG2R6QX4BQPXG5LZLRQMRXMXRLLA,B08ZKGSL4D,4.634024796293073
AGIH5L56GRLWMJ7L4TLTXPN6SA2A,B09WJ35129,4.504924193716661
AHDZKHRJWZJ22G7JY6NX7TTCEOTQ,B019ONS4TC,4.098793711620368
AECRFIY3HZZG5KMU424HTLAKDGFA,B08LRFCDTK,4.737661079640516
AGCML7EM4QFDKXX7WKPZ5XXY3PRQ,B07M6B3RDW,4.736815212438747
AFXGSPUGWEKJENYDNCYEHUOLMPUQ,B09R3KNKKG,4.3050892332233515
AHWPWNFLXL7W4KGXBI7CLXNK7REQ,B09CSNM1YM,4.585955208591682
AFNPD5FM2TPEJNP3DIHSGRKUOUVA,B08JMQR2JK,4.6738595708080695
AHBKIH4KMVEHIWF4ZAES4DZUTS7A,B003VYBNLW,4.152007433191502
AEFEKAUOKJGCDC6MGYJHGUOF76LQ,B07V2JKL3M,4.413759376364638
AE4VA3LICLS3K5F2Z3EG6YYW7J2A,B0002E3DNK,4.5243395854025295
AHMDBI54P7X4K4YRWKYC2XD73CNA,B07M7XDW33,4.08878650005184
AH6NWVW3W4RUQ34GIN2XFX5C2OGQ,B0BXX1RRNT,4.907295321203899
AGRBVW3SOLA34DPI24SNBQDSKK2Q,B00NPAMDQ6,4.834311601559082
AFG7DJM5DPJBHJD5QAX7GXECNFTA,B00EB121KG,4.571395529765406
AFFHKWRLXMUNAJP6Q3X3PBIFFKDQ,B0002GWRIK,4.364921407238467
AHMR6LWHM2P6SFZHQLVO4VOENEWA,B0BTC9YJ2W,4.833277081299066
AENKFLBSFB4IJCQNML2GSJMXDRBQ,B001LYDI6C,4.406188432666966
AFYXC6LKP472MEO5OS2ICSPIUNOA,B087WVJGQQ,4.604662116954077
AESSUWJ57ZQ6VRMWJYR53UJT2H6A,B09VP6F1DV,4.743217904793289
AHGTJA2GQU4VEMRCUSHCWG6KBVRQ,B0BYXQHW7Y,4.680859619123595
AHZQPH7HHSWLUIQFWEQ54NNKKN6A,B07VPLFNYM,4.077471025620351
AEVI3IWEFPFSW3XVSOSXOTXUENHQ,B0863H1DN7,4.5652304425420915
AHHOVCJCDCAVW23ULQBBAGKUHYMA,B09QM4ZYRV,4.755978875321306
AHLYHY5UA5XWTXG7ZNN4DMYEXNRA,B0179A4ILK,4.590600979357284
AFCPOLPR7FDDEPMS2ZSJKAPMCJQQ,B0C4DG9Z5G,4.545592664207257
AHRIIQ5JK3SM4KX2ZPCI4SZL23XA,B074WXM13T,4.64794149661455
AFQRADPBJBT3FQPLY3DLXYDZYNFQ,B075R58Q4Y,4.747183434402386
AEHHK2RNICHW2UIC62SQB3HMRYOQ,B075Q8WNG9,4.78758104890398
AEJSAI4YKNWNMXHTUKTJH7WEBGDQ,B01HN41Y2I,4.683299227708958
AGGLA4XVPGU3OQSHL4VJ7QD7DEZA,B06XK7WQK3,4.3172142609926905
AE6TYSATATHUCWNO5ALASJCCV4UA,B00005ML71,4.592581227765381
AEGKJ7WJCHGWAAUC6CRMKUEZYKWA,B08XMMFQ27,4.656829664286953
AHR2T6WRBZHZQDINIP4FEKFMJLGA,B019OO4IY6,4.850627631564701
AGYKBJXKGCM7FUQSK5JSIT35DOJA,B0B3VR19HS,4.808317452057909
AEMXGB4ZOBCCTEB73OXEDAITLCAA,B00K17YFC6,4.424807872952607
AGHKWLNKR3YTHTYZZCFTKDICRV3Q,B004THBG3A,4.322871238116878
AEENGR3NSQCF7Q5GDBXAQXWXSCQQ,B007YFWTXU,4.404145144452377
AEBO6XPHTBYVBGL2XXLMTUI5YL6Q,B09S2VB3KW,4.690630240512835
AEYZ2RBVCX7RAUVJ7ZWEGBCWWKVA,B00L0X8ATE,4.2054619302933105
AGMO25NSI27D64W37GCW2T7W3R4A,B088GN7LPT,4.7631589735492526
AHBLH67EE2QDH34EJI642YUJ5J3Q,B07N2WWT61,4.8288447881887375
AFQOJI577L2A64VC676GX457NUXA,B0817CVBLV,4.7957349929477635
AGNPQSAJGJ72E5OPR2NHS4CEA4BA,B07122K1X4,4.050046295035629
AEQVLVI3JUHYSVHO45F7CJ5NGY5A,B09857JRP2,4.832838004631887
AFZSMLMBFEZVO3R444YHFYZANESA,B01NAV3253,4.772186795187021
AEADVMHY7IFFYDMM2IINZGE7UDEQ,B074T1SZGQ,4.20225599241176
AGVJXUBDRIXMPXZRVHZIL6AFIJ3Q,B07MJVGJSV,4.358565854801698
AE32OUD2ECEL5QO4NPPT23BAT6MA,B015IJIO5U,3.9368095860435672
AG6Y5E4F6CFUDIINMDTXIE4L4VXA,B091MZPYBQ,4.5684644004587796
AEVKLTY6WVGWFBUFNPQPPBBJJEXA,B06ZZ3YR46,4.159780756015792
AHBGGY6ZT6ROC5OQFXIBKGL4TJSQ,B000EENO2S,4.397948319678778
AECYDZGJO6K6MMZIWTQA4RTK6QZA,B01EGV6UJ8,4.876752540353249
AH5IKWFPOCFRFA3RCWSUEUCZY25A,B0BHSG5C3G,4.675817385248875
AGV2SDA2PDL4BHFY4AQVYRETU3IA,B07STM2JNJ,4.607400095356377
AGQBXAZWYG3Y3QUON7MFLKQPF7VQ,B07CC51PMN,4.709646685684835
AGB5CRFACFQG6C3OB2TSE5JC5FHA,B00A9K386E,4.894047321111961
AE2NWSTL7JJJWOCBKZCZF6KDQIZQ,B0BLZD2X18,4.469005344014076
AFQBQXS26P44XI4LLUZHOQQCVDZQ,B004K1UKH8,4.220396569119103
AEU4ZKO7CCFVXMEKTRVCO5CRN3QQ,B00GOIC1S6,4.397917356848822
AG2WY45W3ZZ7FJHO36GRV2VSO6DQ,B079P9LDHN,4.774233601657233
AHA4C72NXTSR4V2TQQUIBOQMWYPQ,B002UXS4JO,4.847628944873194
AHMM3SULKEN7UHFRSLVQ67BCKIJA,B01AFHSS92,3.7936089449383745
AFDY3YK7KL7STMYZLEDJ7WYNWYLQ,B0C53Z9TDF,4.731691619073275
AF3FYICX6MT2J3E7RBI6WGC2DSVA,B07KDYH2DF,4.528325566525178
AGXCH2LCCUKRTTDKCHZPNHNDVBIQ,B005M0CK9M,4.27400478916446
AFYHLB2VSKHODIMERHWHKEVNEK6Q,B09Q39C7W2,4.903317141411816
AECV7C3OLRHG443BVO7ABZI3GHYA,B07V4GG652,3.9664494057571544
AELA5OUVEKLLQW7MHMZ7NYMTOSCQ,B07JZBH686,4.607243195781747
AH3UBUKNUPJRPZ4MFG4JFE2BD2RA,B006UOSUW0,4.783910045092983
AFVDSO7FDJY6PZTIVD4GQC4BI5JQ,B00181T20O,3.7951933942409104
AH5D4TGHJYMBAAJAQUYH5E2OHAFQ,B005Q1XR8U,4.76947024559794
AFQ7VJBUAFMCD6WLRMNJVL5IZGUA,B07GFH8NTB,4.822088172213524
AETYS626OQR6IWDN7UJPGDA4NNLQ,B00724YJJ0,3.559049779428739
AHGHMXKZP7RLWP5BATYVEJ2I4TDA,B09S2VB3KW,4.719783432637349
AGKRNNH3IAWPL4TX5MZBC7TMM7XQ,B06ZZ375CD,4.808380117465187
AHETPYRS55HBETNZJ7ACESF5QNCQ,B09TRX519R,4.889253051780164
AEVIFWQIE6IT26354QCYQ3MYXDHQ,B06XK7WQK3,4.582718262088333
AF5WGXXX4SL4PKFN7AU23HDQWVRQ,B07Y863YT7,4.039506274231803
AHL4CAHXRDV56YKGU6E3OIXIVUGQ,B0C4RBG7N1,4.77431022203682
AE2ZMLACD5CPEMTXPRPHFHSJG6OA,B09JFZ3CKY,4.428809234641371
AEKBROPSAIVCFRQDXYRMBSY6SHYQ,B075MPFFRV,4.51511232986255
AGAZPMNPPQLZ75YRCHEKYHB65VZA,B0BKZ7LF6F,3.7697818909905902
AF3FXB3DJ6UZ3WQKPBDGWRSYSBSQ,B076346CZ9,4.802790435983498
AE7HFNHDMZFWK4FQ2NZDBVJ2LD7A,B0BT9R8MMV,4.880302255088639
AEKUQFFCCUATJUR242AUVNNEMCEA,B09DY5162V,4.778030311561878
AGLM7F2WLHQ4B3PTAIWHKRF5YLPA,B0057FXCOE,4.806407209226169
AFHRPCWEWPAAA2ZVLDTJHDIFR3VA,B09RZR7QYC,4.337098658799499
AE2BCWBDERZKN3ACIXQQISI3LHPA,B07NDHXQQV,4.500498954577068
AGIEKLTWZL63QZ7YJXTOGJWADVEQ,B06XZ59PPS,4.834557020426008
AFMEABMXB2346O6T7C7ZCYFGX3XA,B08T13DP55,4.553825058207381
AFH6SP67XWRJPVGNF37PPFMELPVA,B07PSWC1XY,4.467479695035054
AGPS3ATD4MZWB2MNG3GZ2GOLBDGQ,B06XW9MTTV,4.521795812507506
AHUAXFKMPTODFNHJRRDSNCHKGUPQ,B0B8Z6XZ8P,4.696430314702909
AGK7YMB73MWEM3E6LTIDR2OW225Q,B0B47KFZCG,4.734552847710972
AEZPYVYVDCU6K2JBBSU33PGJQGQQ,B0BT2Q355P,4.511673584756313
AFBHZWYSP7A5KILYEILKRC5HDZFA,B07MDPF4SZ,4.718739363804141
AHGDGUCZQWIECGRE3LJRI5PLTXJA,B06XGS3ZD3,4.767794331967975
AEYVWHALKMARVCXXX6XJOATQ5LHA,B08XMK3D28,4.6283976961425335
AG7NDDHQBGXQDQLHZPCWYMAWYM5A,B000J5XS3C,4.479434441730471
AG3FOCUC5MJAFY63RNQSRDSZAICQ,B074K56PFT,4.880564843834908
AFIENCUIHMROWDUODFRALNXMYGPQ,B01N9V0GV5,4.634265258958921
AEQNSBGTU3I3VAIGJUOE56OM26BQ,B09FQ2LWR9,4.691983016899629
AE3FAEGMA6K2A7N44AF7VEHMEQCA,B01F7GQ8DY,4.555546689069223
AFWIFQAR524D4CLYLL7RIQX74JJQ,B093YKC48W,4.66372347168553
AE353MBNVOAUGAX6GEHR7S7GNMAQ,B08R5GM6YB,3.9705924688087744
AFEHPC5MSRUR2QWD6IRZ4KB42VRQ,B01C6YZN90,4.562238552403061
AEHP4UUNN2YJ74TCSRCZ76U2FLMA,B000CZ0R3S,4.864599674715524
AFXA4I44KYAST2OMETQBFTDTJI2A,B0B8FSCM9L,4.209851048905872
AF2GNRUCCIC5DYCDJQ6XF45STO3Q,B0018A5R5O,4.430215571246296
AHQPPPWBZCUEIKOIGEGXMBNDWQTA,B016QUXTZU,4.094270014995214
AFE22TU6VNOILTKLAIRVLBYKYZNA,B01N2W837N,4.05387085704244
AERBXYCVD6YTQ6I2JV2SFSQRODHQ,B000N5MK8M,3.8800888910040836
AGYK2YYS35CDU2Z77ZQR7L3IAX4Q,B09QCPLYJ2,4.171025087279004
AGSTYKEKF5C2L4KHWKEKCYZC7Y2A,B0BT862N4P,4.707036351081589
AGGC2NUD4OH4CW2EV7ESFUAAPCIA,B008OEWZ5M,4.319815233984679
AH5JR6SYFSYSUV3LIPKY7SSMA7IQ,B0BQ2ZB5JX,3.578602385234202
AHQKFLQUU5UH37DGEKVOKYZ6KQCA,B00LOAASPC,4.808505677569493
AH3M56TVSIIT635XXCL7ZXR44TYQ,B005ETZBCY,4.361541545210209
AFUMN3VI5ZJLQ2DDJ2GBRRCH3WKQ,B0B8LW5KJM,4.758887712408792
AHCBAX4LOMZVVIZTC4FMKDLJTJWA,B0B4RDZ88X,4.239398430638417
AEPLHCEMDY74XNN6GUSZWQ74YQEA,B001R2O0BK,4.6466909333779425
AGSWTRJPZ7AVS2C33JGND5BQ6SMQ,B0B7C7PYVC,4.409311735123951
AFWUAQXCBZOOS3ATVLTXPMJEPEQA,B07C3BKLD5,4.8620909705643784
AGJY2PI4JDBLJCSAK6BMEBG5FR3A,B0009G009G,4.743763765925696
AHL4BCH2O33HFN7KSBTIJUHCJYDA,B09SH9C3S1,4.691793083274794
AFFYC346GQWLWCWVTPNBIHK4QDIA,B08DM9NFLH,4.783670612080411
AH44K3RPIQMVWG2G4EB5FPVIVUEQ,B074KPCGYL,3.9073677375868483
AHBLX7LQNWI4JT7YGUE5I2VHGJPQ,B0CCK4YYNM,3.820753470167322
AHMUAUOHLITDKIKI4C3KVRWIBMAQ,B0BYNM15YB,3.362486714571716
AF2HAUDZBKQZM5XZ2DM4UPO237UQ,B0B949FD92,4.648500693842518
AF4IJMVZHPMUQMVPAUSENZRJFPBA,B00KND95KK,3.750478873631273
AEVIDOETQTYGFWUVJGTIDMWH4YFQ,B01AJV71F6,4.616964163056178
AHZH6A7SOLVJWYYVF7IA446ZC45A,B098PKTTRQ,3.6487778635426578
AGOCJ6OBH4PHTFMTCXSATWY3RSWA,B07BRK2M2Q,4.305883679892998
AEG4UODHFEOZAWUPC5CJVONTQNVQ,B09PWCF6T9,4.5304212206289485
AFVPTT34R7Q5LTSLB36DQBSHMVAQ,B09TXP3FSK,4.851679185563204
AFEPLHWMMPUHJCXBCDWHIDLE2A6Q,B096K2LZKH,4.654063143322031
AFEU72LBPQ6KPZM6WG23YI5DURKA,B07L6RCDP7,4.8878129525664304
AFNH3KVRKGZ3RENJGQ5NUX6KNVYA,B016E9HCTW,4.007250293777293
AEIORZCHRBVERYFCQZTGPTVUYIWQ,B00S9GPS7M,4.473354718105958
AEA2TT5QTGCAS3N3HRTGKYXJFBRA,B07TWWT1KP,4.578510691956707
AGIS2VFFRNC2ZUF5LKWZ7TQGTHGQ,B000P1RB9C,4.85175423510803
AGMTCMP27WCMMXZ3R3FJ5F4KDABA,B0B8F6LD9F,4.845206685696758
AEXL5EIHZE4PJ22225FWU7RBPLCQ,B0C67HCGBR,4.594495639649977
AG24A7D2ZL3IT6I4CMXUA2N5YX6Q,B000EENMUC,4.551234175145723
AGKTBKXWB7TSHCSCALSFSEL36QNQ,B075PXZX7R,4.559056255246544
AFKQDKDIZX7G5QJH3LDYG56O3NXQ,B00EW5I30I,4.280437206848378
AGHEYBT2KQDX2I32KRBZ7D4RCZIQ,B0011FQK5C,3.693949511879434
AEATATWIJVRKLZHL4XQBAZTTVWGA,B0853X3VDC,4.740425925472062
AGWXAKH4744POOCZS4ZOG3WEN2HQ,B00AHL2ZBO,4.755828787188376
AF3QEXJDDPZECUV5SC2GRK2WSAQA,B018FCZKR2,4.03681418626976
AEAKPSBHSYTSRSGBSOPXJPXFDQ4A,B014ZZW8QE,4.643341917203731
AGT2TLMLIWZOIPRZ4ZANFYICIKDA,B07795XHLH,4.491354951670213
AGRCWLVIIB5CO53366VJCJPGRZUQ,B0C38LLMXG,4.721393741540379
AE5CG5J32MEINSPVKINSGFE3XUMA,B079QDMQHF,4.629386411360083
AEH7VS4MCJOUSC7774ERGEXJKA2Q,B0BG95DG2H,4.832167410036398
AHJQBCXVWZJZ6KYC75PBDXVDOCXA,B003QTM9O2,4.456729781280028
AFFRCOTU354SFF2TWTMJSVJ3T5HA,B079Z72D57,4.065320785622398
AGXR535FSKQK3R3ZEVM3HZXYQCTQ,B082WVKSNG,4.140024952745289
AHMSDSXPHL3OVE3ESLK5SAYFWGBQ,B0C6MW897N,4.621436485249321
AGG2QQ2TPFEBHWNTVYO5ICVDGHCQ,B0BSCFTV2G,4.761388223215647
AFUKO6YITJTYTXDGLAZHDXMWOBFQ,B0010SHU18,4.5106516977652085
AGNFY5ACCGPN76PP73JZE2NKUQ7Q,B016QUXTZU,4.506502732185536
AFUC7GTWCVAJJEZ5UX2FUYNTX56Q,B00PIQMT7S,4.3622503977116605
AFB2ANUCQUKOSZJCGY2FWEW7IIBA,B0B16WH36J,4.830942831401208
AF2GDED2NQYCKO2XPT2OIXTMXOXQ,B07DGZFZBK,4.456799798341113
AFA52JPRDGOBHYA56MQCHTIUPYHA,B0B81FBRNV,4.699763132196623
AENBPEIFKODS2DZB7JNJMYQTZ46A,B00EM5UOE6,4.718407428392124
AECW3WUSGA2I4KVJCHZG5XUHXV6A,B08GX2PGDX,3.56833980728166
AEPM4UP3I247AI3TVKGTE4NNR7WQ,B01DE4DPSC,4.647517332495697
AGTZNQAFNN3NQROPNHH7667W6FIQ,B0C3R6T7K6,4.527759416620661
AHXKDYQYHMVBVUAPFQGJDEZU7K3A,B01DPCONFM,4.633308192998971
AF25EHEIRYH66UGEPXAUH245J2QA,B00XHGVHL0,4.606949330906478
AHXYSMCKABR6O4W37Q6YIF6NWVYA,B00C86FA0E,4.361900709194471
AE3MF4QMOAWZRGCARXHIR73MKI6A,B00B1YOENI,3.7914442041557805
AHDZKHRJWZJ22G7JY6NX7TTCEOTQ,B093KWXYVZ,3.9458783722268436
AFNXM5S42H2WOW74OLJHHQJC62OQ,B08BX54VRQ,4.445971767641617
AGRJCUNI5ELSANQJD7BOPENIL4GQ,B0BKZ3GCGR,4.615351209938838
AHZHDVJR4IYIOXMPRQ35RYKBYKFA,B0010HCI66,4.499785225522304
AHMO7X3QGRNEGQ7CKZQ5ABAEERMQ,B0757Q45NK,4.850901948036773
AEWAHTRVKR3QZ43JFR4BEXRXCSEQ,B016B6YFDO,4.20589212858277
AF4DU7X56M2S6NM3SDKVWNMTHOOA,B00BLQ0D2C,4.108298055579883
AEYVWHALKMARVCXXX6XJOATQ5LHA,B06Y5L3CYJ,4.551921993230407
AERFFADRI3I6WIWDV3U6CV5OB4TQ,B0C4FTG56T,4.642398024647477
AGGXU6K4SOJYPGW3I7TD3NESEUNQ,B07MMJX9T7,4.683681055758041
AFSBX23YWCK6UMDKJPDEE3JSHRTQ,B09ZTH7BCS,3.6267142800751255
AHL4QBECTPYZ76BAWTW3WDEPCLRQ,B000VTPR08,3.938965305455567
AGJZ4WKDOSWXXEMCI57NHE43A6AQ,B016B6YFDO,3.7500189616596975
AHBV7TH4Z3WRRKXUIDAOPVUBIR4Q,B0C67HCGBR,4.806108250428014
AG5E6SWEN57XW4VNEED2HWJS3NEA,B007IE5JGG,3.954620224331035
AFA5EB7XANQVGT5L7JJ5SZW4WRXQ,B07FXPMKHW,4.514346504358051
AGNCFORXDUR6UGNKHMTYXQHKY5XQ,B09857JRP2,4.402373487666705
AGKRWGW5XKPBVWHIM73U33DMZGQQ,B0002D0JX8,3.9471517011645476
AGXY65KBB7VEXRKE5KT2JWNXS7YA,B0C6MBLTKK,4.475044480778117
AG7NTVOQZ5NOWVD3BFPILSM4LYGQ,B0BXT385TL,4.1751376366387465
AEPSSRGHHNMBSJ7ZAU4YQFX6HTTA,B00RVE9X06,4.292896473462857
AE3O7NJGWB7LCFQUAANZSHBUQHXQ,B077VMFY81,4.142544407615637
AHON7PNDSUL6P64IDXNOK6O4U5IA,B00SKI0HSO,4.669821465819675
AFCW3I4HL6FLOYFDC4PVL6AE4VLQ,B00RVC1UA4,4.760563568792213
AF7ZZZMFPAUVTL62FVUJ5GACOK7A,B07MQPQH7F,4.854406458290476
AHVI43NDUURIE32PAEBBA6XGXGOA,B0C6HZ2BJ4,4.670494726539422
AFNNJDGN45QK6EXOWGRSZ4J7YRQA,B0B1SF7C4M,3.917673526605257
AEFK4A22W4P6TW7ZVV2UJN7Z53RA,B0002E3DNK,4.660478499397938
AEBXDQP3DYUQMQUTAUIMYMOMSRZQ,B01MAYL1J3,3.869801901112983
AGSNBOFW3OLPB3BAS6IVI365OQNA,B00BVH7C66,4.5697256188770705
AF2QKTYLPEWJZVZCVOFYQZA2R54Q,B07BZX9BCS,4.805493553499339
AHOBKBVHEAT4KPRVI7TYTF6MEJXA,B0BG95DG2H,4.14130440574684
AHKWMDVIQDZ43FRLBQQ37PY5RLEQ,B01I0T5H6E,3.9538519266907977
AGXKROS7PUCF5FTKJP2V3Z2DVI6A,B08XMLRVSN,4.5275557867022895
AFFYSCZKCCXDX2FFF3EBRFR3ZGVQ,B07TDNWYSB,4.645673942613049
AFNDIHLGOYAQ2LA2M5BK4DLW2JAQ,B0C86HZ22X,4.294392800853547
AFX7IPGBJFBI6ANG5ITI5GSWDKIQ,B00BFN58WQ,4.634335288765881
AGS2TDMTAC2L4AB277W52RWJNHVA,B01H8E58SY,4.806724510175581
AFDA7US2RKW23R5HL2DHIY6SDJ6A,B016QUXTZU,3.7119754602409207
AHXENOIUMYCG343UZOHPZ662WZWA,B016QUXTZU,4.298719798996399
AFVYUY54LTCJKKEJFS65HOZ753ZA,B078X58WN5,4.448001841092857
AH6MAK6PF2Y5LOQKNJCZBEXMKYSA,B07S8WR748,4.824346429905119
AECYYG5NBWST4O77HOD7AQWS3PHQ,B087X1CF8G,4.798595837767062
AFFC6YHF2JNPQRDNCOKO2MFUCATQ,B017808XKS,4.889739540459793
AHDALDGFNPUZN5ZQGSPWZPVG67KA,B07YK57N2M,4.887876912000431
AFOD2RS4CU7CGW6FE47EKKEOE43A,B004Z0JH3M,4.849861003745022
AHRSXDWMMGBPIAF7FLEPJHM2VBEQ,B07MCZ9S8X,3.7646752964974217
AH4CKDTXBSDQ5HF6EYLK56OZMQMQ,B09G9DVTD3,4.651862702034476
AG4FSWXIYRAWD4GVRIYXCARYASVQ,B0B8M2Q1DS,4.529312357660663
AHQVTTTWERJAIWXSI7SDOTI3LBOQ,B0BPJ4Q6FJ,4.66004759664163
AGRLPOX6E5PRCUFDB6DHC2TGXLBA,B000F3HK7I,4.682743387541308
AFO6XWHY7FAH6UL6LXPNPRCHTTRQ,B0BJF97MDV,4.702401395156594
AEASCHUDTX5JWM75PYJW56POA3EQ,B0C6HYPS5F,4.5525979762053455
AHMC24HUJLMQYCPV3L3MFBDGYGUA,B07NQ8X3FV,4.439091771322336
AFW5AUC6SZSAVD66GAKREB7EQAUQ,B000P5OULA,4.0685958742331145
AEZG4SHN6EDH7X2I4NPMCSN7MN7Q,B06Y6BCX7B,4.452303291776605
AGMSWNQ5N6MJEVF6CGG3O5XENX5Q,B07DWY7R2X,4.802563816739066
AF4WMXLSWQUD4A3FI6PNLZFKEWOA,B0B1SF7C4M,4.38495019577546
AGOLT3TFBJSH7BN4V3D2M4UJOAVA,B0BG4BZC5L,4.278201852272348
AE7TFCX7HWKKUCNMKUWHNC7DGB7Q,B0006ZXFWO,3.795277435656227
AHOEU2CY756M4YAEZXRCBZXP3AZA,B0BDL88TM3,4.559825695553995
AHZVZO3RJZCQA5BSOKX2TRPEEUGA,B0C6H9T5T6,4.34019909538915
AFPJYASOJQKODUQWQSXLU7WPVXUA,B07SZLB9GM,4.7065452117758815
AEAZSCPKLB5FYVXWRCGLX3RFNMYQ,B08F3PSF6P,4.256290785655437
AGQDHJRFX6KKCS3PD25FWB7E7VDQ,B08JMQR2JK,4.629089460070876
AFRTXLSLVRLIYMUGOAGX2PA6URHA,B07P2CZDTZ,4.70293193953866
AGQLFZBLL2HTPOLTXLYYRYNYQMDQ,B00O5EKZ9I,4.577779838133225
AEAMKS4TLLFDJGAGQRDRVWQKTTQQ,B0BGQKNDP2,4.781067908908821
AFHQZEUUODBBUMOO3HTA5B6FKKVA,B008L3SXE8,4.723493625367306
AELSEEC2HSNYVGVDB6K2H3CMBOUQ,B00UZ7JADG,4.296497130015707
AEJATLF6ZB6TWPLQFAVF6P7YXFKQ,B00178JDCK,3.5618727714067084
AGDCN7V4CLBI6HR6LQPPGKW76K4A,B017DNZ3XK,4.592495612506173
AHFAK3G452QCBWIMOQRDDFO3DHXQ,B089XFMQ5W,4.176111213977751
AGDJTMH4HPG35M2T3CBDUTGK35GA,B07BFZ2KSJ,4.461286428955795
AESROLI3HHXTGZIJOGBJYE6GSRRQ,B0813D5BFL,4.624641181575553
AGZXN4EM6PCRLAKT4VKOVT2CWJAA,B00WJ3HL5I,4.505934360058413
AHMBCU537QJAK732K33QSX7UR2XQ,B01F6WIX5K,4.581461597927113
AH2TSWZJNFCFAXVDWNCDUJRHAZTQ,B00NP8GYVS,4.605388103305863
AELD5XB7WAKU4T75C7K7A7BDCBQA,B082QLTZD2,4.8830556100938445
AHELBGAFUBMQNPNU62HZLW6XVG5Q,B0BCK6L7S5,4.617610760495686
AHIEDM55SZ5V4UCWULFONXOT3DTQ,B07CQS5BMH,4.814498832095898
AGC7NEILXYL3VBI2KZN3OUZBYJZQ,B07QL29XXZ,4.035476931843325
AHK7B6UG26R2QW427SGYW5HW4EIA,B07MQBPZG8,3.926744355849647
AHWD2NSHVOEG4HA6HYHH7DVMC6HQ,B076ZSHQ47,3.760739043123758
AF6Q4K2NTL27IAOJGCI6TFJQUEZQ,B004XNK7AI,4.200469205742834
AGIGR25MN37ED7XZL4U3BCARE4XA,B01MRLGZTQ,4.069509014288256
AETHTA4WA3EPEQMS7KCQP6ZLQLEA,B0002CZZGA,4.381442094430768
AHY3J5NAJ3DAJBXXJPWNNUNCG3JQ,B077Z635YX,4.738982322607067
AG5QJWMXSGR6QK7CTCJKXRD7OSOQ,B0BKR2ZM9X,3.7647151761971163
AE6FEBZWJDO4DJDWIDCRXSMFVQCQ,B003POF3R8,4.382715429305
AG7C5GJSOGRHGPGT62KAZNJ3GODQ,B07YMGPV7P,4.335373209053789
AHMDWPOFULHEO76MIILWJAEGA6VQ,B01C5TC9LQ,4.708923261100862
AHWKSJ62EEEXSRG3ZHRNWBEXWFXA,B09MNCSPHN,4.655254325709166
AFXXPUL3WUJA5N7OHL2WSCZUJORQ,B009L4VZ3C,4.01281116322177
AFB4JAD3CWQARKHXOGSSOASYQNNA,B09PBL98Q4,4.635590812485447
AHMKOZYPGVBGUTG3A5NO3M64WFJQ,B003AYNHGW,4.426804151260046
AHDWGSLY5F6AL4WLGCL2YSSTJQLQ,B0B31RCL2G,4.812578300477133
AFPMUO3RPUOKALQCSHLET5YVLMGA,B088GN7LPT,4.867743889794845
AHJCDOPTP3TS3AKN3WXVWSQR322A,B09Z2SLPJC,4.303423831818095
AG3PDUNNZGSQI45FEUZEKSPBXT6Q,B01M1GG05L,4.421745484631293
AGKOQNSCJN4AAVPAIGFBU7AIU4UA,B0195NQSTO,4.837754973080036
AFU6LE4MN4VRK3MJRTLCYLPSRBJA,B0B16WH36J,4.823634131533266
AGBE6ETAIKPQXBYYRAUXXWKKU7QA,B0B29JY4BG,4.643072278763006
AH42LJKFB2OQC2J4MDGC4MQ6MLIA,B0002D0CCQ,4.8751741030546185
AHJ4JYJ2YIL7JSDDG444JJAQFHTQ,B005EHILV4,4.742004801717956
AGJAAVMYOSWYRC3HRWGAWHJFS4WA,B09Q39C7W2,4.239489758165282
AGOIZPY7VKQUIV4QBR6APEELOBBQ,B09MR13TS1,4.650084225378398
AEVQES4DYXCIQMQL7KHTDM36Z6TA,B085RZ5X57,4.297056020038992
AHA3IJGM6TVWGJBOW4HM4UY2H5OQ,B09PGXJHVD,4.627546640710051
AHOZE2QEB5JLLAG3FB4BJKGUE2BA,B0B8V7C5N8,4.740670587046759
AGDEYWGZKNGR36MRO7ZT3AB45AXA,B07FS8N773,4.490013039074206
AGGGVYN6UWSDL6N37L77RAJLFHTQ,B0B9BP315L,4.847109726915024
AGGZLLBDARIQDZYZVKDHFNQHMHBA,B0B8L1H6H5,4.46683427953252
AFFD2UVMFK6ERQ5IEVQTRLTJ5CEQ,B08XYTW5S2,4.077652843612005
AGF2ARUNAO6IKVQHQRZFYC4TU5IA,B09PNF6NGG,4.399269427427159
AEAPGDW6CTHQ2YHAEVPWOU5XDEBA,B09YD44J6Y,3.4781691899772076
AFITBSL7YZ34TYWR4E7I67ASN27Q,B07SB4413B,4.2329593643492744
AFCUV5FE3VT2MS4LYAUFHYBQCP3A,B0BPLFP5P6,3.653406913550039
AHNWRU63FXLY6XHTA2Q2WCK3RWIQ,B07JZQBNDG,4.321530869705011
AHQCDCQ5VFDGM74DM7RQ737GTOYQ,B005ZV5K0O,4.597877372339278
AFLHFZVJG5BOHMDGWC3SS32O3YDA,B0012BPMHW,4.785476783459414
AF2O4GMP7Z6ZV7WZGJM5MGT27GAA,B004HZDFXI,4.612930700711298
AHVDJ54NGWPYG5SIQWJLUP4SESWA,B0812LVR55,4.348385776258429
AEM3RQF4LFUBUJKD4XXSYOZ3Y5NQ,B08VHZ4FFW,4.487355991395803
AHU6A7FS55M6NEWWY5Y3KQ4OUARQ,B003FXO8MK,4.22528359006091
AEK5ENP4GNKULEKWEVFCGY3V25XA,B0BPKH7FJ2,4.791136855823629
AGBG3KK74IKWJNQVMQAGVBWJ7FAQ,B0BW3BKL4K,4.839106419034597
AGGCZSRBYNP7SGYHFFHXV2V5FJBA,B000RYUUD6,4.310071836405992
AHWLYM4ONOHUGDWONJ4F4FTIGAMA,B0BGQG84Y4,3.7159791499190256
AHG6A25NEHTHEN5ZY2XERTRYUHWQ,B09N3K3KGT,4.541598937833974
AFZV77C2B43TKQSJAH54J5CIVBIA,B002M8GBT2,4.57068407513982
AGBWY2Q4KM2IH3WA45BSPOCKRJOA,B09R6GDRV4,4.4897256491538045
AEGNQC6SO5SG7UUQ2CIYJWG2YU6Q,B07CRLJWQ9,4.4976605571988415
AHPKSVZSZ2AGO4Y7ON2XSDC6OF5Q,B075KNF6GZ,4.2677386241433375
AGSH3BOYIC3UJLYIAUDLNZYTXFNQ,B00QDHK69O,3.380668483668871
AGYEAB4XOJZKJBZFGFQPZSIUL3VA,B0009G009G,4.608180681041116
AHXTZ6TQJPPTLUPDXLS6DNAJ6GYQ,B00EBJ0JPW,4.497591748165901
AGKO5OGFXXCN354PFOSNIXFTYOXA,B07MZYNZ1C,4.819033751336417
AEZOQMNB3BOUTZIFWDELZPB3JXOA,B09BF8XDF4,4.579885740682264
AFMG74ZXHJ2XIJW5OUELTC5KRPKA,B06XV9J1DD,3.9218636103376956
AHCXKCUYZ3EHECVF4EP5FMVMRS2A,B07CL6Y82R,4.849391145626181
AE2K2JVGQP57HIPAXURIFLXLJILA,B09NNCSVQW,4.626545235836717
AHJH4JENJNV2WIBEOIXHQEF2GQIA,B0006NDF6C,4.154485599767388
AHDTJODSAMZBYCCS6I35H4V452UA,B07G4H21PM,4.198967549317725
AEORHVIBAWHUO7JWEGFDVP3Q4Q4Q,B0B8Z6GZZ5,4.596889947812799
AGY7CYYTVW3BXZMZKVJ43LUEN4BA,B00BVH7C66,4.668692783511667
AG6UNPDBZCRVEBYEWGBIKOX7FV5A,B09PWCF6T9,4.592669857524822
AEQJJSAZIFWJKYQUGL6P7KR55P6Q,B0928HW2P4,4.194815757133309
AEJ7S5C53PDEYNGKTSJPCZCT3RZA,B0C5PRQ9K6,4.825721195548569
AFA645RBPM3DQ7M456ER3ACPTPHA,B07C9LSNQK,4.767606417065654
AHX7A37P6PKOD7W3PHI7OASXEOZA,B0BGN92PJM,4.669355734083302
AE3NUJULISR56KJZB6XPD2KO76KQ,B004TPDHJ8,4.6044317509829
AED4QB2WMSEKWT5RXAVNI6YHOWUA,B07QLGB4D8,4.655262821982614
AGFNIFCC5UDQGL2BN727UV2Q3ATA,B001L5U0Y4,4.4828423667854675
AGVT5E2C6WNOCFYSLOCPAPBJOIKQ,B06Y2W66F5,3.093369724671205
AGFSPZ7XOYCABXF6VYXQVWQRMO4A,B00PZGTVAE,4.659925471524734
AF2QKTYLPEWJZVZCVOFYQZA2R54Q,B07RBZHDT7,4.919372362470451
AGH4UMD4PDQ2J3Q4PYX627TKEJZQ,B00PTAD7QU,4.531711579308119
AGXY65KBB7VEXRKE5KT2JWNXS7YA,B0B3QHY7GB,4.6602067161223655
AGWSL6RCSUEPR5RGTVMO5HERQUEA,B09M7D9SC8,4.077925808599399
AHYAO24VSRJF47XSA3XNLHHDE4VA,B07QDN6Z83,4.368679013397906
AFYZSWEYWH2O7SZ3XROG6DYZ5SBQ,B09PWCF6T9,3.7988677031530513
AHOFZCHFULZ2SZTOXOCMV6FWHMAA,B0919HG8S7,4.578407134789786
AGFMFD2HKXUJZ4UTF7DCEVCMUTKA,B0C4QX4CQJ,4.817153712986617
AEOGO4EUQ4SODCLNQAF2QE2246VA,B013OFJVPW,3.9856054526344407
AFZNG4THTEUTZC4XDEJS3U5WPOHQ,B06XW9MTTV,4.599491873449054
AF65N4WSTNBO2V4VJDML2RE73ROA,B0002OKGNK,4.828904386350192
AEUMH56TGXJR2KRLS2OTNPPLJRMQ,B0025V1REU,4.397879056614558
AHLNHRYQZKCISQM4XMJMA2V5MV7Q,B09198262S,4.688456601391278
AEYSYCXFIB4OBSAJ6DXVYHD4JJIQ,B071NN4WSC,4.387670007606079
AEYB2G3AM66RHK4ONMQYWVLCI3TQ,B0178QB9I0,4.725478905683668
AFPJLBVVR6SLETMKYKEJ4FQBJPTA,B07CBT4SYD,4.744567168546095
AEL6LHHM5XOECBA3MAPB32W4DLOQ,B0002E56IA,4.442760403034415
AGSXFQ5EIJKOWUWKGK6VYAOJXXZQ,B07J9JR6VP,4.128999555746384
AEVQYOU7JYIXIVXIUDRSOSGWCGFA,B00GESEQ4S,4.622869004818063
AHEDE2SI6D32L6OKL6B5QCB42ZLA,B00WHLLDWO,3.610985617703319
AGYSS3SBEZELT25CMOQ3VVAJUP5Q,B07FBD8F7C,4.595477325508119
AEB3X3OFSF6CY2VPUN6NN72DVZFA,B00DY1F2CS,4.429714874439017
AHTUJMOFO73XXJHADHZ7JOZ6XNLQ,B07CRTCXDV,4.408534485553297
AFIMPB6NJRER6XOJECJLPEVZ376Q,B00ADHKKZK,3.9176079263294588
AFFMTXZ6ZKG7PV3BO6UKZBSLXYPA,B07MMJX9T7,3.7091933090625133
AEJLELEWFD3SNKK6ER6DDUKRCXNA,B01JJP7NII,4.51276101321939
AFKLIW5727DBZBNQ6R675TM4VRFA,B0B819R6CN,4.853604319253043
AEGGYBBQ5FVWI4QGTTVB3BTH37VQ,B077C5BNJB,4.800597479458978
AFQ7VA3GZLNTRUXFYOTYZ6YYC3PQ,B0C5BMZ1K9,4.271421585117521
AGVRLUFL4ZEIFPCUS3MO3TYW337Q,B00DD5WWQE,4.766462928613848
AG3LFN3BICH2V5RPI2XFRKQSEDZA,B077Y4J6LK,4.708059727859972
AEEXUQ2ILOMASMA47VXXDCJAHUGA,B01MQKIZ4M,4.447422696015082
AH6RYMKOBLZISW2TKST2EI6G4PTQ,B07KG1KPT3,4.761167875017634
AFD637UMCLE7CMXD547PBEXNAMWA,B01DN7OC00,4.52008979071616
AGBW5G33ZMRHXPLAK6BF5GZGTUKQ,B00H35YIJE,4.819891749844212
AF3ZZBMYBGPUI3O3RZXBSNH3YEUQ,B07MZYNZ1C,4.3732464368880475
AGEK2Q27LYVZUVUJLUCXSYV5DANQ,B081JR2H8Z,4.052545924869179
AH3C54XADC2RQX5D753WWL4DNYGA,B0BMZ3PZ3G,4.529246181469119
AHDZKPPKUT7HD47LXCBN7RQNN6KQ,B07STTRGFW,3.8393702905714715
AEDK5T3VBOFLHQ5KJCGL5YCKI4PA,B09DR91XCS,4.526456046737098
AGVWNNRU3RCSDNTOJ6DCFDIQSYLA,B000T9L7W2,4.752650711396258
AFLSR6TUF3KPOYGNIHXHODNAZUEQ,B0B4S1WY6K,4.8529625248352435
AELBL3GHBDNBYAXPFC6MNPPWG4YQ,B017DNZ3XK,4.7011506907221134
AFQ3MI5EMRY3KXDLZX3QHEQVGQOQ,B01N9V0GV5,4.524854050751861
AH4A5EHENGUKTMJ7CT4TP437BAPQ,B000ZMYRJS,4.334325723387287
AHST2SDR2IPRKGNB47AKL63MKKCA,B09R6PRMMY,4.784443059456735
AGBW7LZUPMPOBV4LJ7LO3TCTRVLA,B000T9L7W2,4.887117476422647
AH6RUAIDE4DPFNXNDON6QRLCEQDA,B003OYOXDO,4.739123446357952
AEJ6PSXEQFQXW6PSSGOMAHGT7YUQ,B09B45DLQG,3.9663347095965467
AHRMYVXZC7MK5EBIO2XL3Q2GGEGA,B01LW9BF92,4.57524314934677
AHTVJL3FJH5CHBAPBR6EPIGJZOEA,B002YL81RW,4.408410479738589
AHSA453Q27HVVDN3XTR3WKCN6AQA,B0BT855NFQ,4.815519466084993
AGKVCWOKPPT3ODIMW2QZPX3BKRQA,B09MMT45P1,3.8514011938041626
AECIT3NMW6RKABFS6YOCYX4YUYOQ,B09M78T485,4.47835677216115
AFIEQ7BNYXBQTLYIJRTBNKWQTKEQ,B083J614C5,3.972080493320166
AER6WLSJPBPNOZIQWVHQBVOKTNCA,B0BSGM6CQ9,4.248021043466988
AGFSF44SBWIXPONDUSNCKXDJHYNQ,B0BSGM6CQ9,3.9708860430003057
AFPPCR5EZVS6J62MTQLNUE33LTVQ,B0002GXPRM,4.0717985297694055
AHX35XPY547VAN6XET42HCKD75HQ,B00OGMD0VE,4.202898772102146
AH2KNTQFU4DWMQIMTDLFSMRQHRYA,B07M6H5RM9,4.668308420017427
AG2ZGELVABDJPU5S2YRWM6EE7VIA,B01NBP7MS2,3.949362518288017
AE7GVDNRY5NABEP253Y3GMDUZOZA,B00CPLODUU,4.557149211718542
AEJW2SZLBG45RD3BL5WOZQGLGF3A,B0BKZ4RCV3,4.573600428757514
AG6ADHHJ2MHUP3ZBBTGMZVJ47Z4Q,B09V4JQTN4,4.611428175386656
AFMLPEM5ZNCYJ45CZZ7K7GIR2LIQ,B07MTFY4TL,4.368215154370539
AFJXFJ3DMG7IRI76BBIBCY2HVLAA,B016QUXTZU,3.937855477171235
AFFFDZ3YLAYSMDK356X7KIAJESXA,B000BBEQZ8,4.66629325435117
AG3S4FROO422V5KP7DJCBXVUQLJQ,B0179C3V7K,4.963315227504875
AHMEXIGTXRS4HEO2VW3GEQITMMCA,B01CBC5ZE0,4.472944820948189
AHWUG5BIUQWHO6KPODY2QJFFQYWQ,B0002M72JS,4.5270132702452015
AHMVEVZHJALGYHHVMDMIAAWHLUDQ,B0C6J1X7TD,4.623703812224065
AFUJ72Z6MXB237FUGMSVQJFFRLEQ,B096K2LZKH,4.765890651199787
AE3MLVJ2OOZ3WLVKQG42G3AQ2KZQ,B000PAPO9W,3.0144854043813556
AE6ZV37Y2BVKSZCMJTZOK73AUCJQ,B072VH61FV,4.854808764654157
AFH7AQN4DHER236MDPEFHTOKFKHA,B07NWZSBF3,4.827302943288123
AFABFPPQO7PSIFNQWK46LY7RREGA,B0BTR12G3V,3.826927673320313
AEKMNAJE6DA7ETYWCBVCOL3YCPIQ,B00N4ZHQ14,4.725358103195866
AGVT5E2C6WNOCFYSLOCPAPBJOIKQ,B0CBSQC51Y,3.088239693419565
AEOQMBKMCAUY3EQ2CFEYDB252GPA,B07DWY7R2X,4.6594504925962505
AFHHXA727PPOUUVXOSYLR3DSIHMQ,B00HH62VB6,4.165732998020877
AFAP7A6P3TICUUAOBBRXPHUXNCZA,B08C2TBWGV,4.205170521898655
AFBOEGM4O3PNLUVYWVDCLD2FJLUQ,B0BKZ1G3P3,4.827087615312207
AET4U35AEFIVWAGCKF4KVUAQXDRA,B073XXLVWT,4.381843380324328
AHR2T6WRBZHZQDINIP4FEKFMJLGA,B00SM1IWHC,4.616748348000526
AE72GJCOI37UD7IOD67B3XZBD5NQ,B0839119FS,4.593420170504014
AHUTJQWZUJEBOJOFMRJ34TKWOO7Q,B0B81HB47Q,4.703369793326843
AENQIPCGFGPVCMZYAJK7LIBIZNQQ,B0B2Q55RM6,4.529243198913186
AEV32P7R5QEYRDR4DXX7F7V4LOUA,B07N2WWT61,4.797038222763501
AGRE76ZT4VB7Z2BIOFV7WVHGIVQQ,B0BRSHC796,4.520526797686797
AG7R5DXVDILMBIFSFDT7PIUWIFQQ,B09857JRP2,4.86167592924647
AHUWS6MJOUVKCRS63HJ4LSB56OPQ,B01AH3RSAO,4.7145773457713105
AGN65FCMRQSRXS6PWIVSUYIDZXFA,B081592T7F,4.5281933303953075
AGMNAMH77QXBOAWQRR62V3NMOZ5Q,B0BVLJTMV2,4.5272294281708945
AGIVMGPIL54BA6GYBNOWNUZUE2TA,B001MQ9Y5I,4.6024462466233285
AFXXPUL3WUJA5N7OHL2WSCZUJORQ,B071G734F5,3.8673259701426015
AF4RVRGYJTFGFSMAXGB7KCSUTCHQ,B01LKYTQOK,4.700050096107297
AHHGHZWN7DV5HP3CUCZZLRV7RB4Q,B016QUXTZU,3.815685736705058
AENL5UR65X7N4Y4J5DIFVV2ZAJXQ,B00721BB44,4.901499495542426
AFL2UCRKEQUKNNO27IUNUDKTZN3A,B004L66AM6,4.705075791804413
AFFEOK6DMOUVS5IK4NM76VPYXA3Q,B00DUKP37C,4.554243707516939
AGK6346KRVUN3QFXSGWMWGZTR2UQ,B0BK6MQF3Z,4.111431714867943
AEZWUCUVYKFHY4O2XE4DVDHJYKVA,B00HF07D6M,3.8177669255523434
AGY7CYYTVW3BXZMZKVJ43LUEN4BA,B07KYX3S8X,4.903102248100249
AEQ7VNICYNT6W6MCWGQOMFNEQ2ZQ,B0B8Z4YV4T,4.3986563615831225
AGUIWCE3TEQX32UQAXRPKSM4Y5CA,B074FL1CP1,4.640976256099219
AG7IN5L7BFVBNE2TNWW3P3A5RF7A,B075NTZ5CK,4.096136409554255
AFCCN4LECS2S7CZ4CHXK33YXY7IA,B0BPLFP5P6,3.870229820999041
AEGI4CAWOBX4MLNWUIY3IP7CNZ7A,B00ANTTSFQ,4.387728091655953
AGT5BUYMUIX54NNCXSJPWYNJ7E4Q,B01MRJUB7Z,4.717355334917295
AHQO2Q2Z66EGYUYBELDADP4L2XEQ,B00K7VDMJS,4.337171210559187
AH5CRT5ZT3ESMYJUVDIH5RZPH2BQ,B00IFHCOAE,4.52039767341392
AFQ54FLISLOLXO2GO4EQA5DS7GBA,B0C6J1BN77,3.5117150009284495
AHI6DFB2N6SA5BR3CPLOCCN77XZA,B07YMFXRX5,4.828904695421023
AEQZFV6M3QLDV2IAFVDGNM7CNMTQ,B079TLFL33,4.344924803669701
AGKDT74ZP33B4O6LY76GYKMUZGGQ,B000V1K7FG,4.573569983972082
AHAIHFJL6RGSQRFSI7RXMRJF3VJQ,B00646MZHK,4.853526698646919
AHP7C5XFGXHJQ7L6BK3SNPGOPQIA,B005A09I7Q,4.359885979269504
AEPPHMNCAV77NB5KRFV7NKMYYXOA,B06ZZ2S6ZS,4.82903474193983
AGAO3DXMEMNWQ475FJA6DEPJDM6A,B0BYCG24L7,4.36949691808645
AGU5KKDWKCVSHEQIKNRI5HLGSJ6Q,B08BJGBHN7,4.6038089709972825
AEHLM3EAXPMXVEZTG4F6ERRRLOMA,B01M6C8X57,4.547015878697854
AHXMKLMWQVVRA6IAKL63EK7U6YHA,B0046A04LU,4.324441054830066
AEWL6EFLEQXOQMB77RH6GKOG6UWA,B003ZKLP4W,4.815684484147176
AGFYUNPN5IMCAN7C45KXDXYHNGCA,B076PF19FQ,4.515534814373686
AEVIHE2VEXHVIUYQZLYJREFCQTYQ,B06XDBGL88,4.752393816106379
AEUPIYW4A4SYHXRJAGEP4ZG6YPRA,B077GH8LF6,4.69066033682768
AHGQWA6ZHRH4I2PIDDXBWDI3CTRQ,B0C67HCGBR,4.844529893871911
AGLNBCX3AKNOFAANHVU4V6YKPQSQ,B0046LGS0A,4.089219384326687
AEYML2YFNYT3MWAD23KAME7HQUHA,B079FGN89H,4.011117968086036
AEFLZATUAA6YR7UNZXMP2UKIFQ2Q,B0B5D7JW6B,4.336444633320518
AFRQPDPDS265WAXYUCEBRM5DMAOQ,B076ZSHQ47,4.46393438042592
AEHC3XG7CT7UP5TTPFPWIOG6ACDQ,B0BTC9YJ2W,4.366813475512886
AGEUWSL3XES6EGG2B43CDIEQRYRA,B002Q0WSO8,4.4082005215128515
AGQ4NTOQIHY47KVMCWOHYFYFQ6KQ,B0C5D8X3JT,4.708882250641684
AHEJWKUYOCGSVI5KTPKKGCSJV2CQ,B019H1STZ0,3.8872969101259747
AFSIFH65UCU5GE4GK7AUZHWUVJRQ,B0BXBFG6BX,4.8625882764722945
AE6PYJX3K5T4WCDVMYYA6C2EA7OQ,B07BF7ZLKY,4.316925595354095
AF6HBNODXC27WE6BRERWS42VWW6Q,B0B6P55RBN,4.4089224790245956
AHHZGNO2E4NAIBOKZ4CP4RMDHONA,B0C3WPPB5B,4.609640323956471
AFID5ARIFYCNYC77W4TLN76YEL2Q,B072JVYTHS,4.52576010076252
AFJSY47SWGUSSJWPFEY4ALCI75RA,B01ISNU3X4,3.980095528584816
AEATP53UFSJQN4EWMZEG6TPTOBHA,B00IYGR316,4.510741385298205
AH5PPNPBIL5VFASDP5QMDCUNXRPA,B01M18LT95,4.591308079463176
AF6L5ZQD3WBL2P7ZN5VAFMABWMHQ,B0BKZ66FRY,4.09175045364635
AHETLAZWL7T3CFUQNU5VJIC7R6PA,B001HGOXDG,4.5112077071823045
AGUJVWL2H2ULK24GNKGTM7MBQ5OA,B00VMZLCTA,4.256920506950311
AE6IC2GMOK7D5GKCYMFBS47XYRZA,B017NT392Q,4.596948938331018
AFWHS5KMUDYBCMWKOLSLZZJR5HDQ,B07PPHHG34,4.567131127334228
AH2M5U7UKPQPDMMU2URAUE74Z4MA,B07KVV674K,4.5242395622485025
AEFK4A22W4P6TW7ZVV2UJN7Z53RA,B0BG95DG2H,4.857488857959451
AFJBPPUHABKT3NK4CCTZGI22UDVQ,B07BMWJBY2,4.49740641188505
AGUT4BSZDABF2TKPWTP7QJTWARHA,B06XDBGL88,4.829576195888181
AET4IUQ2PMMKZOMRGNCTSTEGKQLA,B07BYGWHZ3,4.468012089018072
AFSMS2MHAVKJDLOK3PHV3IU3YSSQ,B00WJ3HL5I,4.692539353405651
AEKF2YJ5ZXHTZEQSF7ALVYR2VJFA,B08R5M2FGY,4.742686793301812
AF62AMU6MZHZQGKUD4N2TIGO34SA,B0BCXMFM46,4.640481063888658
AHECXORNR3TAFF5SXLTY5EKCRQ7Q,B01DK40R3M,4.304602514981828
AFBPLMDM7IR2MY4EH7BHUK2AVPNA,B0BGMVH3GS,4.326501886030124
AG4ZLTRHVAZRU33BPY5Y643IZXPQ,B096K2LZKH,4.866827341569463
AHNG3NRGEDYO7E44QMYDHMBADPBA,B0C3Q29DML,4.463922628315071
AGSVLMHAE6DKL34BW5AJANZ2HP3A,B09DCVN1M4,4.582803536716157
AFAMP3QF2V4E3VOFKBVG7KMBBJEQ,B0BLM2DG9F,4.868061823252191
AEYPLXPGNUKJMHAPC3GONAXBIOSQ,B09KR857F4,4.6417098923171505
AGTD7IKL26LTOZAUHBEV5JEQJHCA,B0BPKH4HB2,4.447940903103483
AFBHZWYSP7A5KILYEILKRC5HDZFA,B074KPCGYL,3.823062194550637
AEAO7MGTW5ZXQBBPPW7ZW5JU7OFA,B06XWLXCFC,3.9374732030931696
AENU4KR3TL5KDFNSL4U5BG7RRN5A,B0141IN4CW,4.680298146666239
AGHECGJA3S5TVQGZHJZREKKIHPIQ,B01J9AD1GQ,4.534987894659663
AE6BRKNVK4LQXEDHYKHPDDEB5U5Q,B0BPLFP5P6,4.547154222653198
AHZDRM3HOZLSWFXSQ5P3BFBB5O7Q,B00WBCBQF8,4.701047553622714
AE5D2G63BJ3IOHMYE7DT5DTSSMTQ,B076ZSHQ47,4.435254436688485
AHIZ52ZDJJRFKA2Y3AYLOLRJDSZA,B001D2TPZU,4.213807829710154
AHDEDVH2IWSYQR4Z2HHY66EHXWIA,B07PPHHG34,4.49518208383409
AFKQQ5JGFWT6YINVGI6NVKPR7QNQ,B00WJ3HL5I,4.369844792778986
AFGQ5MDMML62FYXYJSFD5QJ3M3WQ,B07DLCDT3N,4.289307190322434
AHEMAURZYRCARVTVF6CQYTYE4I4Q,B0006LXW9E,4.474414376085682
AGMPCB3TGA6MNNISDWYIOGQETCWA,B07DLWYV8D,4.711004000145921
AEL77WRPLWQFXSFTPQQIBLHS362A,B009AQZM30,3.6343006706598153
AFXROWEZMRY3EHZFCIOF27DVOGEQ,B08R5GM6YB,3.938837596661886
AEAR7RK4H75BYXFVGZKA4MOCFDTA,B01K1EJQ9U,4.765133495847026
AG6XTTBGDOTVNHT22X76U27Y34VQ,B09DJVRZGS,4.843653437993011
AGA5WK3RYRITT6YLBM2IZWORS3LA,B0BFKQ9QXD,4.592313957330525
AEKIL7TYYHSE5YRHA7WLDVCHW6PQ,B00646MZHK,4.630419340714047
AHKYW62DZ3QJE67TO2PKF2NR6FJQ,B005A09I7Q,4.467084589674995
AEFDYT6GBQN2D7X2ZHHZT63EPIRQ,B07M81HC4C,4.681223552404173
AGTVZ7ZSDMTEDLMJGZRC7RFJNDWQ,B00CIO6BEA,4.976832099774466
AEUAXVAUWJFDX44V2Q3OZFFYDZWQ,B000CCS3UA,4.2986251524418435
AFND4WHBO6MV75PBKNHCBFZK6VWA,B09MSQBZFJ,4.401987060163142
AG5SXV4XRKBOZMKDGST7LB3C643A,B0BR2VHR6T,4.616110993489478
AECFGXLEX3SU6D4T6C55X2NWMJVQ,B01KPYGBR6,3.7179456275575204
AG4WPSHRJ7W4UF6IKZJ2FMYUVGCQ,B0B16WH36J,4.84192183626141
AE6IXMUN5V3WECZERXLUQTKPK6YA,B07PPHHG34,4.581328326967347
AEXUDYZQ6UWJHNPKVSVI3FI4IBZQ,B0C67HCGBR,4.886614122146064
AHEMAURZYRCARVTVF6CQYTYE4I4Q,B07KDYH2DF,4.799628772881142
AEALTR3WRLHHAJKW2AHUSVXM4HBQ,B09396NY1C,4.290677660726486
AFG4ECOVR5MACEQKTP4CMSKS3AHQ,B07N5J3GTB,4.520887582302489
AHYGBZX3XJDZUC7A7VNQATLM3UGQ,B018FCZKR2,4.806456231266153
AER5XQROGISYKN6ABH7EAK7OHGTQ,B071J3CB4X,4.64038843265671
AG6HOO4VHEZGO64JCVOGXTI7OPAQ,B0002CZWRW,4.593919676444473
AGKBMYYKA47EVKHM65BYZHTARYLQ,B07Y9X6YZ5,4.840922213914596
AEGP5AQJUETI6VTX3ZFX33KO2WPA,B00EB11XTQ,4.6424106127009
AHXHOPYV5ZR7PT47GK66FJZIQBEA,B091C1BDYV,3.7269033667553897
AFNX464EORGQMDR2OGWOLWJEHDRA,B087PWLP4N,4.499391483171398
AHWVLFKCGMR3ZBOMSNM4LWQINLTQ,B01KBCUPFG,4.6948193382501335
AELUT73PSKWAQ3D5L6SDD72TCPNA,B00VSYN25M,4.170834503942098
AGDDHRF3GVF7FXDLXU76JCRKVB5A,B01E6T56CM,4.014698129829792
AHWAJPIGZTDRDSCOICE5YWUDPJTQ,B08R8FSFRB,4.511847779728159
AFVCGMPCE75MWLFYLYN7ASTQEZ6A,B0BLM1W9XH,4.381908665507314
AH7IHB7THIV6KVXC5O737F33WHEQ,B099NYHNRG,4.095600123307331
AF2B7VXJHVVGGI2GPZVTRPWAI5NQ,B0C3VVNXPF,4.752750890821972
AE2YVL3KUQJM645F4OYOEG4EVHIA,B004W7ZWB4,4.4043176021346335
AGHPBBUCMU72JNN57OKEFJ472UUA,B000RXN6XI,4.835852861881096
AEU53MEPI6E5AEKW6SQH4J2HR4OA,B0C4FVS3L7,4.843243467135604
AGA76RB5YI46IRNJFAIGOCGHHF3Q,B07L5B64RG,4.120806820568589
AEJDUT4MZ2N5JQKUCHABBP3D22VA,B071G734F5,4.600193490682061
AHINVBXOV747R4UROFCTCE4CQTHQ,B08DLK3GC9,4.737440873814037
AFRFYELVMFERMILMAIN3NY7YOPSA,B00N4ZHQ14,4.265957671304782
AGN7KMV3GSGCBANTJAKIHDQYEFJQ,B00743L6V8,4.372733379464497
AFN2EUCH43NLAXRSCQTS2VWAXVCQ,B09PH4DV67,4.193587285234968
AFHER2NWLJQHNQ4BRB4NZAG46VCQ,B005M0CK9M,4.415848933903976
AEIIRIHLIYKQGI7ZOCIJTRDF5NPQ,B09895PBVZ,4.492399930839127
AGOGNMQ567OLCAP6QHNF3Q37FUCA,B01M4ICDNE,4.692121841451721
AFMX5QJIJMQUBJWDE3CSQA776X6A,B08R5GM6YB,4.572749346924496
AE3WYKKSK5ZZ2S3O7KHSJ4UKG4CA,B07RK5HF9D,4.4912555793565305
AHH2UCSRPPENBT7U5II5HKFYV52Q,B00FC4YTZQ,4.22008702199439
AFDBGQ77DIENSIIBMKK3HM4X52DA,B014W0L7ZU,4.82118822593271
AHUWTBLGZWOIE4OYFO56IOXKJMOQ,B0BXZFS2QH,4.738665570404619
AEG3P7S6QTKVI3P5LQJRSS665FOQ,B09G5QS1VD,4.47994235657258
AF6ELLW7NT5WNL447YQWXJOFYLUA,B08PPBGVK8,4.687560159840512
AH5S4XKENHVECUH4CNLWHQYIP2NA,B093YKC48W,4.56922695997366
AHFHIEY2BIDWDNA46D5W7RWFX24A,B00WFHBJH4,3.918539882684628
AF5JOUT2RD3EZI7G553AWPKGDGLA,B07BSZNKTM,4.601475569479932
AESCPQD5RHHP65UTHAGCQDE7BUAQ,B08NSVV6FZ,4.526891528773781
AH342PH6NCKCD5UMGQRP2VNTBS5A,B017KFVBGY,4.450989672468067
AHGYK6Y2LA4GIKZURFNWD2XXEJWQ,B076YPR9PH,3.9228553946111893
AHT7ULEGSWNWLMFIENNTIELDXKUQ,B0BX8SSNYP,4.565247487269107
AEQD3ZBLPEQEKPSKXQDLDFPGK32Q,B08Z5ZQB7F,4.790433873765236
AGWWCX5J7MNO6HLHGPDUWISE2SDA,B00Y0IV8AO,3.7308937628846346
AGEKML3B3AXH5J42LHHD5H2UGZBQ,B06XHYLXZ8,4.425070583496164
AERXAGU6PAY74OIAVZQKU5ONB3NA,B01NAZMWZK,4.660760258312669
AHW4NQZJXTFN5UHC3SDKQPYTFZNA,B089QY6YYQ,4.799722036057588
AGOFEC5HKNFNOGAMR6ZDACVQOFMA,B00356J8KE,4.523242421105032
AF6Z2TQ5BOCRCNQUNPUBP5XCYZMQ,B081P1SQGG,4.786522115860898
AF5UYSBQUE7CZYB4XX4P62KIX5NQ,B0154JSY68,3.9803394819812374
AEAXMPFMBBZTPBSGKDGQGBOYXDBA,B015HG7HMA,4.627232812144669
AFKMRDJ3QAUQB65MCAQHLKTJNPPA,B0002GIVIK,4.181955217882285
AECH7O3ROJKU66LUU6S6VLO3EAHA,B008TNAHX0,4.293304808325031
AFXABTTWQTMQTCFESJ75437ATYXQ,B07175TMXS,4.633709554714926
AE5CFFYYB6ZF5KWXQDULCTXOUSNQ,B0BLBZDZTX,4.278822710635908
AGR2HGNGBX6TFVFHQFKXRPP4B22Q,B0BJ3BBTXH,4.7178933952944835
AHSX5YF55LYO3M2ODEKTHCHGYQ4A,B07N5GZ2MF,4.6324874944725165
AEHVR6WKEXENV637D3LEOOBECPBA,B08NYZM99L,4.402217923618583
AEUGRGHOWY23GCKG6LLYUJERZBQA,B0B59363YK,4.706543178350283
AH5E2TAIZPV7HKZ3M3S44UIQRMCQ,B00RVE9X06,4.550680293481484
AFZV4SQHKPAL65VYRSQSKUKWMXXQ,B0BTC9YJ2W,4.738426810511054
AGXWBFBAKLMJWMQIC25BQF3IU7TQ,B08MWSS6SL,3.723636729934217
AHVKGDD2OV6WLV2KGSSVEGRHZLCA,B08DBDD6CM,4.691722149856558
AHEEE2KB2EVXIUCUXEVKVGVKJIGQ,B07NP7HF7X,4.409574936886542
AE6BWNMYSUWC7KOOGI4IE475U2LQ,B01J5A06OU,4.571993684553696
AEU5GN766HQJG2WCFWWLJSL7EPTQ,B00ADHKKZK,4.4405414162701655
AG5UQM2HGELE5HUDREGA5BDL7CWA,B00HU25WSQ,4.108140657275912
AEYQWVFYGHQ6YRM4NSMCPI544CPA,B09XQRVFC3,4.431284198664806
AHZWCCGZFVFQCXB3CAFAIKQZFIRA,B07Q6L4YMC,4.844791684217504
AFNR4DU37IAIYRYQSCO5LD3SR3OA,B07ZPSCW5K,4.259296113401512
AE23LDQTB7L76AP6E6WPBFVYL5DA,B0006V6SB8,4.783094430176892
AGRBVW3SOLA34DPI24SNBQDSKK2Q,B0B44VTPS1,4.287894638018514
AG5ZVXXHEXDYUUODSEQC4XXV7DPA,B01ANNNKMI,4.534107573907667
AH7BTSFO77CNNKQFU7FBWTV5DI5A,B0072LXG2Y,4.72924759922886
AGCML7EM4QFDKXX7WKPZ5XXY3PRQ,B084HLG86T,4.736738885574784
AHZCVYEEYWXLFNFDYHAWZNTVW74Q,B06XX417G6,4.496512948447381
AHHXUCKVUSI7A5ECJMAV6KU2HOHQ,B003YJQX1O,4.401255890473644
AF2WT5HLSFDRZLZXCMBQL4DT2FBQ,B00N4ZHQ14,4.660069501246572
AHMNA5UK3V66O2V3DZSBJA4FYMOA,B01FHJLE6M,4.204026790634245
AFONTBXNXRGS5WJO57UBKW4A2UEA,B0B24RR2MV,4.6298728194938175
AE2FR7SKS6WTM5HLF6Z7JAUJEYLQ,B09YDBKT7M,4.108331350706076
AFPFQUNXMIBSHK3ESA7RA4CCB6MQ,B072DXPHC3,4.730439780838579
AGBQKWXYGWQUURLKTF2S5FPTJF4A,B010NAIE1I,4.811093712732159
AFRX6Z2R32E5KHKQVJTTBMYHE22Q,B075VHF7DQ,4.579526780793117
AFJ6BNKTPZQXGEOAIOMMCSESJS2A,B0C621L9FB,4.647091275165251
AF52VJ73TUZISUIW4H36R7IFY6DA,B09JJQR4LF,4.519620387757779
AGH2R6V52CPCK7ZOYE26G6XZPC2A,B0B27PZV1D,4.637897547242732
AF46VJOZTEVDEWQECUVX22FZXGGA,B0BCK6L7S5,3.8139900739478887
AHBAALGJM3WOUSOXXUXVGXMY46IQ,B0B92LPGD2,4.6649559628977455
AGEAPQKCIAXEDWFYKW2TEAJ42PHA,B0731JGPBT,4.10891720383256
AE4HL6GTIQJ7HRI53XDKIGVJSPRQ,B073T2YK2J,4.6271028759235975
AE4KQ45U5PV2LEKFZP3RUM5L7JYA,B07NDZSF2M,4.146079677642571
AFJLV7O56674QAXNCZKDUMRTQ24A,B016133LAK,4.050188230520108
AH2T4ILXGUB4NIANK6XPC4L7EO6Q,B0002E4Y2E,4.267846970246738
AEE6H6VC6RTWJS2RMXUJCDPOY6NQ,B09WQTXJRK,3.9324648174447647
AGIGR25MN37ED7XZL4U3BCARE4XA,B01BU6B4Q6,3.977485667209894
AEAENCVJGSC5KSHMTWYFAUG2J3VQ,B08KWM37GM,3.955714619556006
AH2G2C2AD5EHI7NW5VVSKENNWCTQ,B08R5GM6YB,3.8512749891118476
AE73Z644LPIBCCFQ5GFXVNMAFXBA,B000TGSM6E,4.460253076728302
AGRT6VTGHZIQYDQKPWKQGMUXCGJQ,B00N4ZHQ14,4.686624056338038
AGJGLCZKE5735HGK27G2B7QZB5UA,B000LQLDM2,4.880631367669601
AGPFCVE36JI4PXFC627LXEQTBD2Q,B08PPBGVK8,4.755245139310195
AHLCWDLO3LZRSKKBRQ3RVIPYLHAQ,B0BPLFP5P6,4.395143893719055
AEJGORR5LABAQGREISJHB36GTD6Q,B09ZTJH58K,4.671509328506974
AHDEOEDSIXUHKXUDNA3KR5BMHRKQ,B00N5THDR6,4.584378675073143
AELS7RFFR5L5YUKQ6TOR6MBA7ETQ,B07GFH8NTB,4.7478676805750935
AHEMAURZYRCARVTVF6CQYTYE4I4Q,B012V1TG9G,4.536163022480572
AEQ3XKG6ZOJNIPA7EQNMONUDHKRQ,B07CZ8QC27,4.334373682031266
AH4TRI62M3DQDEIPLWI5BDBDIUKQ,B0BS1QYSFS,3.7625304025964046
AEU6AFGJV7RWYKXGGONYMF4GOGBA,B09V91H5XM,4.052555276146223
AGY3WTXVAKWR4KGCW3DJHZR5Y76A,B00CGFRJ2Y,4.850608691529211
AGA3UZAMOM33JZ5QFAPVV5QW42UA,B004G7O1Z8,4.731702825234679
AF7SOHKHVL3AUZ5WJDUMPOFDS5NQ,B07DLC8CQZ,4.852504193704874
AERG7PAAOYKH3RMANNHJ2PMOQ2DQ,B0C21BG2KZ,4.288783462730536
AHV4SKXGCWKAT4NRPWQDWERJQLXQ,B0919G5ZTY,4.884876188810894
AGHAFZQSZLIALFSCHDYHAZPW24FA,B018FCZKR2,4.583378690312851
AEGNNCCRQPA57ZYBT3IO44I2VAPA,B0002DNUWK,4.469943115704093
AHX2MR6NLBEPURAZZUYFARJVHSEA,B07B4XLP57,4.829779754083622
AFD4VCHPTEWZVXBCCILDLHU6SSEA,B0002GH8X4,4.782957256907308
AEVIDOETQTYGFWUVJGTIDMWH4YFQ,B06WVXN1YQ,4.709359015847197
AES2BBDYMUFVFNRLDPD2WTKS7A2A,B012VQ5A7S,4.636625912264522
AHQIX3TQQCQRG4VLAEKKURPGW7EQ,B0BPJ4Q6FJ,4.85134396490809
AGSVLMHAE6DKL34BW5AJANZ2HP3A,B0BTPB6GRM,4.441050206954124
AEWVU5J4PG33DCCBEUU3NC2GLBFA,B0BTC9YJ2W,4.771894754239549
AE5JOCZ3MGV3MS5FTISYD6T3D3ZA,B095BQ6T33,4.282392331633077
AH7YS622MC7QXBBAFEBQLY6PVTGA,B0002DV0CC,3.7050431089912594
AEMXGB4ZOBCCTEB73OXEDAITLCAA,B0BHG58G2F,4.83639213511492
AGFZZZQOQBBYYU63HYX5YJRDB2DA,B07M6T47WZ,4.677401399148812
AHQSLUIQE2S6RTEJHPKQTLQY6ILQ,B00O9S69BI,3.3404770862475717
AG32CG3V4PGAJGAQMRADO2QOAJOQ,B00TH48HUK,4.362343194407663
AE5VPKX64CVOPH6X75C7EQXAIGLA,B0BZ1XQX97,4.309607143498167
AEB6QK54PZDMGSGTZ43QGPNG7HEA,B092LF6RLS,4.771006714181436
AHLD7UDM67OZJZVX3MNHQVTP4JCA,B07B8WL33G,4.500443694826628
AEWYKSYOUQSUSRCMJALU6SQMNTUA,B09998RDGC,4.658254077210234
AENRVEVFEOOUT3CSPWXBRHTV7DNA,B00B6KMDU8,4.423189319814092
AHALYOX63S6CACZTHN7R24RVEX2A,B0B8M1RZWV,4.233048942694181
AEZE4LZURVM2QWHLRMB7D54T3MAA,B0002DV0CW,4.41541391674015
AGVRLUFL4ZEIFPCUS3MO3TYW337Q,B07T3GZVMD,4.71384062607958
AFO24CAUCZQKEVDR6FMRJHOLEE5A,B009N3VDBA,4.438280409830741
AFV3FCAYHRCOC2A52AGKK2RPPEYQ,B001VO7FPC,4.645830538532286
AGKZ2ZB2D7CCGKIUW2EHZ7HPQOIQ,B096K2LZKH,4.6965258393412
AGHIMWAIM6LO7YDHL2CEV6NVRWWA,B07RG6P3N1,4.806029005056361
AEMLDUMRZRY3H5UQSTVOGIKOR6HQ,B0BBPLFSCG,4.531455456102025
AHIRWKIA4JWTMPDXNI6ZTUCUQ5NA,B0BT8FDL8B,4.278501269183984
AFA52JPRDGOBHYA56MQCHTIUPYHA,B07DWY7R2X,4.731870477994759
AHSHEQGI4K56JQBSWBXQAB5UDHFQ,B07L5B64RG,4.497331460357437
AF5LA2ZA24TKFPGE54QQK7LV52XQ,B0BPJ4Q6FJ,4.127582601968496
AGPQV76FD2ZADKYY3AORROQCEXPA,B08JMQR2JK,4.266351795686859
AGIZAXPBONK53PAVEEILT5YKYINQ,B00I03OGKY,4.753114367825209
AFROAABFKVW3IEIVRSHAIA7VR2EA,B07HM16JZB,3.986861913271184
AFQQRHNOS2AJSMORGOJQTDOWF6EA,B07VKYKXDZ,4.537919983294717
AEOOMMRNOICCQAIPTXNDSX3M6WYA,B0B55ZJK68,4.688658050658741
AFWVN3PP4WG4IPQUXVHS62ASS5XQ,B0BKZ51ZN4,4.550817320202775
AHUNAIVAYBPPDBVW2WOKRATDRQPA,B0BPJ4Q6FJ,4.76286172194023
AFDSQDYICQ3ZUK6K66IKKURLEKGQ,B07CRFB66G,4.754239999535116
AFZUIWPRDEKD7XPVABNXN764RFEA,B085QKS9LZ,3.652208765191273
AEC4JX3YOS6V5AOJMU3YD7X5BUXQ,B0B4SGJRHR,4.714588282069935
AGX34SAPG26BUKKPPRKRXAAUKBWQ,B01FJZBI7E,4.356804016183224
AGQ2FSQ2EJJXXJDWNXNLRAQCQLVQ,B07GV85N58,3.6613005656687214
AEBIEMNW4BPGOFLHZCE7TRXIQLAQ,B07YMGPV7P,4.714991693337312
AEVPSBSO2FUNFP4I6GMZMM5WFC5Q,B0B95V41NR,4.8158065455857635
AEPFMCRRSJJXQCYS463NU355VGZA,B07T1P4V9V,4.6825414053253525
AG3QPT6XXHWPA6BFADE5XSVAVYOA,B07685T8FT,3.9641406721938712
AFITYUC3765LLGHMH4L6XJXCOWIA,B09ZTK33ZC,4.810527134161492
AH2KEO2XP7LXZ5OHOP2M64SJO6UQ,B07CQS5DJV,4.811307182397111
AGP5W4XNLLC32Q5ZPAQB6EMK3RTQ,B095WG3LWV,4.760234501211912
AFKZTCN4BNEKHAJQARBTQ4RZVETQ,B00BQ91V48,4.175520287669865
AHXZMBZM7TCTGR6YQ7MI7LEAZ7QA,B00HWMG44U,4.4089634695988495
AFZHRGPFPMKKAPUZ7UN6ETIKTP2A,B08NK7LFV3,4.660935217521289
AFADSIHYNNSBDX73K7YVB6Y2MCHA,B0002E4YI8,4.292186817081991
AE5MXJ2USMZKM3XOPWONVYUEAUUA,B095XZJ99J,3.774574494235699
AHEYMCHDEQZ7TLMUCRRSNZNFDWSA,B07NSWD8BR,4.613705094469488
AGWPL75LA3K2XKGE6NIKTHOVLJEQ,B0071ML4N2,4.783381103684473
AE4RY4OBRREKXFXI32SR47R3SXGQ,B00USQY0CK,4.629675167215952
AEJDUT4MZ2N5JQKUCHABBP3D22VA,B0006UGEOK,4.625197519039171
AEJ6HNHF32QL6ZB2UOFMCYJNT4RA,B001L8NFZW,4.597757439517292
AH4VH7HDF2ANWCFABECA7ZXPL3LQ,B07B4WXVTZ,4.575820801363763
AG7IN5L7BFVBNE2TNWW3P3A5RF7A,B07MJ844DM,4.465314527763352
AEWBPGHXAWZU45S26IQNREVTZRMA,B08XTNS9T5,4.848053048179342
AFUD46FQ5QP2KHEPMCNSWXMDZ5MA,B075B67HFY,4.368760828324264
AH7YPVRYKYOEFIO2KAADU3AAXXTQ,B08R5M2FGY,4.719122843370945
AEAFOCTHO3YMMX5M3YVUGAU5S3VQ,B01LQO3GGS,4.0450876482595675
AGCML7EM4QFDKXX7WKPZ5XXY3PRQ,B0B2M1GPR7,4.807787180476186
AELBSC427YP3XNO3L4ULNIASKB6A,B015HG7HMA,4.392833888391117
AESCRGAOM4FMUCDGGPUIRSW62JPQ,B08T2PK2DG,4.54280258831376
AFB6XAMKLLNH7JVIJ42QJ7TZNG7A,B0BL2W52CK,3.9343176337479466
AGMTCMP27WCMMXZ3R3FJ5F4KDABA,B01C5TBX68,4.683473107770196
AGFSPZ7XOYCABXF6VYXQVWQRMO4A,B003AYIKNW,4.659925471524734
AF7TFOXQFNNFVM2IIFSSVXTNGFNA,B017DBD44C,4.488262756554814
AFEHZC64FEDKDTMFEAP6VABWIO5A,B00TH3YPDE,4.6663119063033855
AE2G7LHNL4YQI5EQHO6RIGHESR7A,B06X3XT47P,4.312886639487929
AHCLEFILWZQNDMN4L3LC3DJLZNSQ,B07MQBPZG8,4.72120207282841
AFCCQ65LWHZZ35ZA5BR25DVKLNZQ,B01LYV68RY,4.700073517686195
AGYV6AFXZR5TFYH7B5FLJX3DPYNA,B08HRZ15QB,4.556618184387662
AF2ADEWSNFYF3BRXGP5KXRXULGKQ,B002M8GBT2,4.5426614093019495
AERNRI6KSDC5MTIFVRSJGJYVLBZA,B07T4TKLW2,4.142351420266801
AE4ZHMTUJZKVNPRTAVPTOTMMTHQA,B001LXMXU0,4.724186587607776
AF7OYQHKRXAWHQDLDOVMRNX6V6RA,B01DN7OC00,4.387748388162411
AHGYRKOFMG4EM45YSZBUTWUX3KJQ,B087D91DN4,3.771919181435244
AH7YMO4TVV6ZNDCST3A5SSR633CA,B01EPWGF8O,4.238346630519008
AEQJG2LA2SCOGALBII4XVQ5DCOKA,B0071YXCVM,4.021368849576286
AGE4MJI4ACCVR2HUDBPA27GVIZFA,B07ZMCH5PB,4.766627176916897
AEXY3DSSYKBHCGAMNYQRGD3GR4QA,B01NBNM97K,4.651446187873182
AGMIECBRRAHS3YUEBQNL7M766ZVQ,B07GQDYWWB,4.126948165652515
AE4OL5LGNMZXDJWENP32PLH4KXDA,B01FF4FX2U,4.385488285946662
AG6ADHHJ2MHUP3ZBBTGMZVJ47Z4Q,B01HN41Y2I,4.819070160358386
AHACHAD3DDY3NKK6BCN7RWH5XWTQ,B0BPLFP5P6,4.52905725061383
AHSYUEHHWA3FIZAUAZYFN54OHZWQ,B0C5Y549L5,4.567151196743863
AHJSYOIN4W5IZ4SW5LSHCHEBMPNQ,B07X2LN3FV,4.687561976691134
AG4IBVQSLXLZFIBFE3EDMOJMVLHA,B0779ST115,4.76757626747675
AGE5YXPVOTT7B2DW5B4LPLL4GL5A,B00EBK6C20,3.7996796250335896
AHR4N4IZKDYWKN7WB22HJF3TE5MQ,B003GEJ5SK,4.5550099852881765
AE3TDVF6M5MAB6UK34376XCCHBBA,B081P1SQGG,4.795366147431743
AHOPM2RGN6VXHKOR2NCYQ6EGTAYQ,B000K9JPB6,4.65576235461255
AEGO3MGGYGTJZINMKJ4UZ5LR4SAA,B01J5M2GO6,4.30952964543053
AFAAQVGMDINJAJNDD6HE2HFNJ7AA,B009MAB0S0,3.931158739600004
AF7IDWLJAS3YD3QYSBECQLZ5PYKA,B016QUXTZU,4.509421221326104
AG3PQBC2VIMREI2WXU7IFYRIGTPQ,B0BK5CXZBT,4.877524772210469
AGSZ34I5SMWFEZ4ORPYAAOALSV6Q,B09R6PRMMY,4.837868241452473
AHYOPNWLGYLSKSBUQKAIWYDOSV5A,B0BYNM15YB,4.2624241958062425
AGRCXV4NM763VGZGD6BQ2VGNCJNA,B09Y53WDDY,4.018876802740304
AHNXWNFZIZLK2A3OGVF62FGR6SFQ,B00VKI4YDA,3.780120267779011
AG3FI4LLMISCHAOGWQT6TCP4ORHQ,B002CMLQ0M,4.194579195037572
AHB7UA5R3C2NUJTZWPJPR6SNOGQA,B000TGSM6E,3.9849080878312275
AFSKOXGAKKYKA2UDMHUGHPPT7W7A,B0B1ZW83N8,4.506314075686051
AFLABIBLTVBHSWCDT6CVWJ2BPTFQ,B0BK6Q2HDN,4.712361626498094
AGQEZMUPBTC6K5PQNIUXB57MMSIA,B01DTGCMFC,4.627872359975704
AFXGSPUGWEKJENYDNCYEHUOLMPUQ,B0BZ5JK2GC,4.015163982104006
AHQIX3TQQCQRG4VLAEKKURPGW7EQ,B00IWU2CBA,4.8421074063627305
AEYVNF74XFFZ6UDVWDZVCTFFICNA,B07GSJNMBQ,4.534961190106562
AEKELSFZ6K5E5W3BHUWIJAZ2BW2Q,B003WY26VM,4.827353832248213
AFH22HRJGMLKZUDI2UN5APR5YIAQ,B074TNDXM2,3.8432214354207437
AFKOCLGNVPBGV32N3QBZRUAZHOLA,B091YFQGCJ,4.8227488506616565
AFKICODOC3GQGWHGEYDUBNFHJWOQ,B09GTV6QZQ,4.692206817118922
AGXKC72DZQZZXSYAKCMTSLRGUS5A,B083FTGJ5Z,4.723955863094615
AGSB65UVLST44NVCLYYW67CJAV5Q,B06XW9MTTV,4.698663938015403
AHW4G6FPXYTHSCVVU4DC42L63IQQ,B08VWZHQV1,4.823414998948928
AGJY5ZQ56LDNXBGSQ6UWS7WUJXHA,B015HG7ZR2,3.9965297039329077
AGGZ7UAJ5H632KVEBRZJX4TH37SQ,B0002KYXTM,3.3355055668008067
AHDF5QL5Q4ULQN46WRCHXHYHXO6A,B0787H2XHY,4.482968762345289
AHTOCSUMQGOABZ6Y6MR7XL6ICETA,B07CQQXQ4T,4.805855265554963
AFPJNWATIEOD6OYRPC4BI65KUPZQ,B095XZJ99J,4.804152326700939
AEXQXXYJKOGNFK4BIA7CNTZ53ZMQ,B00HX40OL6,3.890441113426977
AER2QRZUIRFMMQHUKONI6X2CASSA,B092LF6RLS,4.49167976434525
AFDTO24ABREOG7VZHGM5MUINEONQ,B000T9L7W2,4.848620694673407
AENFFWFS25A7LLXCXTK5P2NDTS6Q,B09YYF4X1Y,3.9976395415219805
AEQZCIHPL376ZN3LRVIK7LKIO6IA,B0BYPSNQYG,4.79334242617494
AHZVNE4T643FNNMVG73UHCN3EM4A,B08T2N25MR,4.538803476545683
AEQIE2USMD5JWF7BFPFSB2TEEKVQ,B07VHZFD6Q,4.06606593090619
AHF5NTSGVKI7CPBJ4IAFOIABKZOQ,B00DY1F2CS,4.383325009792306
AGFI4RKJONGNCQLVN7JQUO6YYOXQ,B09Q39C7W2,4.883144814449857
AFGQTSA5VSAM326LO6ZKAIWIFK5A,B00HZH4D04,4.484220617711902
AF5HGFNU4OVZIZEWCTWQLTK2HMNQ,B07C91JT14,4.7286026069786935
AGZH25VPWSNSD4E5IERFYWMEBOWQ,B0BXT1HP18,3.8783202686891713
AHF24GKKXGAKQLPBYVZHEMHHNQDA,B0B8NXV975,4.324488094212917
AEBLVOJUISLAIOWLTIXTJEYBE3HA,B0002GZV5Q,4.672489556508988
AHIU3GE2TRI4ORRL7LLFAEQTJAYQ,B0BFKPM8MQ,4.3481727096836575
AHEIHSN5VJYUIV73TEU6VIK7ZDNQ,B01CS87OLO,4.7963830656953474
AFTWTCVFKL5GDM6YHN5ZLLXS4DOA,B01MRJUB7Z,4.432983914127334
AFF5XKPT3SWRRPWQW4WKIVQ5QGAA,B000T9L7W2,4.837097518620135
AEVXZ5HNDHIRVO7AGCSTPLFI3OHA,B075PPKM28,4.462796502376733
AFOD3ZGWBE5VCJ4KGH2OWQP3QDGQ,B003OYOXDO,4.689065558326946
AHIR3YSOUWL2ZU45WVOXTO7JGE2Q,B01448TS1U,4.493586436097159
AEIVZRLV4V53ON6VTC2U4TVBZF6Q,B09ZDMFDW5,3.88231294919402
AES2ZTXMTM2USYRA6JS7MPAMZ3ZA,B097Q9W8MW,4.632955004941925
AFQJYVZJRRJKT73QEQYX657RRIOA,B00557KN28,4.538103925714284
AF7SO6JG76JZKBKRBXAVQJOJBPHQ,B0B7B9W8HP,4.820716725305413
AEFT4MMHBTLSDAH65OHIQGKVNBQQ,B00GESEQ4S,4.243850221700056
AHUYGNA2GEDE4I4CGQITS5RUZP5Q,B07MCM2DCZ,4.7605559590462505
AEPNDOJU3WRZU4C4BPTUTJTA74TQ,B008BPI2OW,4.496889557433477
AHAHOZT5TWLEYPYLP3UP2SMEKHYA,B0BT2Z1DF1,4.050070198329963
AGNRFLXG5P256TIYC7HM6I5IT2AA,B01DPCONFM,4.718781291596428
AHQXZXO3N2WPKJCIUWXLBD4HU66A,B07VWSB34H,4.101282938873327
AEVAZYJYKF7GQKK5BA4Q67I2TC5A,B008TNAFZK,4.460103654443229
AF677ONY3CIUZSPX65QTI7AWREWQ,B07Y2Q3RJ4,4.648944026881349
AGCWPLTK3SHPNH3T2RNITANQJ7UA,B0C18CV4TS,4.339284594012865
AHZUM5IKWN7PMCQOVZZ3KIWZIOQA,B0007SL856,4.429920536088563
AEXUUT6Q3B7KIV576X6RZDSZ46QA,B004S8AU2I,3.577243477465138
AEHV7MX3RQEWNYLQYANYEKZCJKAA,B077KGX7W8,4.404297262434568
AHVCAMIWNQNSJ5ZEEHS7M6MML5PQ,B0095DRRFO,4.639932500301757
AHM6XU5UR2N6ONEAFVPHJKEN4BUQ,B09Z933SNY,4.7060283942139725
AEJOVM2ALRKRJRWVSDE3PYRVUOJQ,B004C4UQZE,4.262681533501743
AF4KIR2XI5YIEI4BUP77DBCUKTNA,B076322LP4,4.6048145706697445
AE6BF2OU43AYS3JCBNVWV557TCMQ,B0BPKH7FJ2,4.848411309144802
AEVIDOETQTYGFWUVJGTIDMWH4YFQ,B001FB5Z1C,4.638887685214697
AGX2AP2EVUVFTBGCGS4K7JXT5XMA,B093YGM3KQ,4.313193213501827
AGGK3X3WGTH6W5DBGC3QH55HKJ7A,B01E4MELN6,4.550926799319615
AGTJMPFA4UFAU5ESGIUL7UH5OENA,B07N5K2V9H,4.433922340118491
AGKNSAIF7C6Y4L4CXNBU4WY3L45Q,B07S1LKQMB,4.15956226923462
AEIBKB5PUUEGL4KKJI3JX5XBWIQA,B07CTD883P,4.447848067622299
AFS673IRZOY3VOUOVTEN46GJ6ILA,B086RHFW8Q,4.8356390084412135
AFAFI6N2OEHEZMADEFS6BN4XMGRA,B0C67HCGBR,4.594495639649977
AEKBBT67IL2I6N4BWLSBRL2AIECA,B00BKXN9LS,4.41846819355808
AGYWUC3S7UKKPS7TUSNVDSB4L3BQ,B093YLCJVH,4.580503639927673
AHYKDZQIJSFNDBGMKREOKXQ3CNLA,B07KNJSD49,4.866241738513184
AGXQG72Y6EIMUAUYDEY7IGJUQPMQ,B08T1TWV29,4.768106447958805
AFPWFNBSJ2BTR5JFERVM3G36OGYA,B092LF6RLS,4.777240305001354
AGTHNNXKJS4JBP6OAHE4J3BYXK7Q,B093YKLWVN,4.813438677602988
AHOPENJEX6Q33FXYLE5UA6FLFQ2Q,B08R5GM6YB,3.815104319880134
AFKQDKDIZX7G5QJH3LDYG56O3NXQ,B08HRZ15QB,4.481886360585201
AGYKOOS6KFMDEQ2PGJ4C5GZFVJYA,B001B16ATC,4.7293033732940835
AGWRKFZHFPPHHO5LGEUI5Q5V5YFA,B0B8LMGQVX,4.461904410390168
AHN7YYV2JL4BFTMIJRYAI5PF3A7A,B00WJ3K3QW,4.2446130322131275
AE5GU6FB5WPUSX37JGGNXLS5MNLQ,B09VVV7CZ8,4.627604440141131
AEQ4WIM7ULSVAK7HRV5U3LLC6QHA,B08H1PVP9N,4.7442342399968815
AHCYDRGR5OLYTFQL4OPDHOUJ2Y3A,B0C3WPPB5B,4.804009287505347
AHGDGGMCSMMALHTX6WGLJFFUVJXA,B007MY5BDI,4.728230109266562
AEJX567KHPDJBTADR5WCKVVXORRA,B0759JQ57Q,4.120709608387638
AFCNKGMC2A6IKLW4OALP7RD34FSA,B0B2LMZ9RT,3.9863845637409434
AHWMAINY2QSKJBVYDTNANQQBP2NQ,B01G26TRW2,3.661935190295635
AH4U5I4KI6JDPIAFHYQE672SBUAA,B0BT9R8MMV,4.830642626179939
AHR6YKXEXGIMXC4KZXITPYDZSIMQ,B0BPNMSDGB,4.363583972565358
AEEGBXTASTDNNZE2QXR5IIGX725A,B00N12WYUS,4.222337099214684
AELYPSLZVDD2H3VFIKHBMMXV3SBQ,B002YL81RW,4.235792756075764
AFQZQTVMHCRV3OLIWVWAHUZIQG7A,B07NDFFKJZ,4.233899536654696
AFVUOJI7RCDL5XTF5RPKZYSEGOVQ,B07DLCDT3N,4.432953335048549
AGMHYG4CTWKILTZWCZ7QM3JPVGXA,B0787H2XHY,4.5036961326231655
AF6ELLW7NT5WNL447YQWXJOFYLUA,B0002GKYZI,4.8848737919120255
AF4IJ7EGPU2LWQAZTYBA26KY4UVQ,B017NT392Q,3.9021945544152974
AEQIXOBGYVS2DIAO5XFBPPKNMA6A,B018SA2CPE,4.636757268489534
AH4CKDTXBSDQ5HF6EYLK56OZMQMQ,B0BLJSQF7R,4.642111390159322
AG7IYY7DBVJGLXBDW7VOZSLYS2QA,B0002GNSUQ,4.840494098860237
AHLT5ZI2KDKZPDKOHWZNHNQMDFYA,B0BXT43MN3,3.838016207423686
AEKS23KTJWPSSKWVWNUPKQMKOVGQ,B016X2ELIU,4.480184952088758
AG2VMRQG7CPHKGWNP3TT5V7I4JJA,B0BYXQHW7Y,3.6146563007386225
AEX7FVG2DT54ZTSPX3E5PIYURQGA,B07BSL26ZW,3.9333100283763383
AHTLRQ7HCERAHBTOD4QGJ4CE6WUA,B0002F5C7Y,3.8799592775564253
AET3S3QXEZM7Y7MDGCJTFTTOPAHQ,B005M0CK9M,4.52370086563664
AHXXM67KZP5QLRJXRK2X3VPJIVGQ,B01DECWM0G,3.7734516652931314
AHHO3PFPFK5PZMYWZMKQIIMLGOFQ,B08ZS312RW,4.18222230054265
AHKCSUGN4Z7LGDRN3YPANQBGOBUQ,B0089NNAZ2,4.138265254341467
AHDA2HXHNPLZLKLZGCDZCCTQOFHA,B07L5B64RG,4.1900950874891
AEVI7UHYFLB3IR4ZXWZSDLUH4ZAA,B08JMQR2JK,4.701210351838163
AG5JUX7FXX2LHPVNLMPUVLKMQNGQ,B01KQ29Q4C,4.452605421840449
AFAC3WZ54MY5GPJ3AZMZYHHP2RIQ,B0010XSZ3A,4.586253854652647
AHNH5HCKCICNCS42TDTL4NDSPCMA,B0BRG26SYG,4.768466972913945
AFOLEJG76QYTV6QYU7GQDPHBAKQQ,B01KNZOYBC,4.616866160874267
AEA2NBRBGJ7YCMWFUBDJ4TUW6PJA,B08BJ37FNS,4.787060057789857
AHCTTD6GVQ5S4SDLBCMLIXEFH62Q,B0010HCI66,3.96189510495245
AE4B2GFN54FFRAJ6PKTMFN2BI35Q,B015X3CXXA,4.206135261270573
AHJ7A4GFTLZBIWG2NBUAJWK6B77A,B004ISK4AQ,4.42925832539488
AHNBFV3L62BHBMX6V4NFRT7PR47A,B0BNCDVD4M,4.451162480652311
AGUMX4MREHVOVE3I2DZAOSBF43ZA,B09CGJ6XK2,4.2357716223072055
AG545MMHYSJ5GUXAXDOVIC6IZ7ZA,B0C6J2DPBW,4.874961572751987
AFFRCOTU354SFF2TWTMJSVJ3T5HA,B001U0ORN0,3.9697238231757868
AGX2AP2EVUVFTBGCGS4K7JXT5XMA,B09G5QS1VD,4.013557031558062
AH2ADQH7UOGDTDAAOQMXQCUAGFQQ,B07M6H5RM9,4.853258804858068
AFZUL4Z3J5LTJYTWP6IZULSDVP4Q,B01CUZ857W,4.687748402061921
AHCBCGJUYWKLVCHVXNU4TUSZHFNQ,B09T82W1SN,4.126896927934898
AG3YSGTHAD3XS22MCYKNMVKVIKGA,B00VRPHV2M,4.602983705152986
AFTRBS7WXYEYEKN67P5GBLKBXFEA,B00BXE4R6U,4.770946640373417
AFDINRMUT6ZYV2P5SAJHGDWWYCDQ,B08R5GM6YB,4.517821793221193
AGMRYSCYS4DGUW4QAISHDJSCHUUQ,B09M7CK2WK,4.469581643594949
AFVWWNWNSTEY5P6JAPQPESCVSLWA,B00H35YIJE,4.521064090872489
AH6CH7YIZY2EWT7UENH73RZVWUTQ,B013ZHK4DM,4.809486212041651
AEUH4L52LUHVPTST3WLZIWTLTDWQ,B078X3SSY7,4.680698852540463
AEM3SC4PPHGA7KAR2YIGUEC4FUEA,B08T9CCXZB,4.881619020791103
AGUZJ3UUDPR4RYAP4C6R3SJUXQ2Q,B074FL1CP1,4.573059625466442
AEK3AZJGYPN25QIZM6WXRFG3HO7A,B097Q9W8MW,4.578921640143774
AFL3PZUHVXQES2NB25YCAYJ44X5A,B07Y94MSG9,4.72970960039221
AGUBV3YUSN2CPPH4OQBNF25FLZGQ,B01DPCONFM,4.456851698156414
AHXTVTZ5AXDYH2ZXBOCSODALZROQ,B00GKBFII2,3.950456037793556
AHJTMJYE6S55L3I7CVDRFQFKVS6A,B098KXQJVY,4.730108181348296
AELW2KBTX6VJ6RO2OSAKBEBXZNLA,B07FZBF5HY,4.4768221272427535
AEBFEHMBWTPBUVIGMLJC5AIILUNQ,B07TSGLPLY,4.487069582663313
AF6IPYXSVTYOXYMAQTOUM5PXRN3Q,B071Y4HJWX,4.655931796204911
AGS2TDMTAC2L4AB277W52RWJNHVA,B00WRJM5NC,4.63620017320087
AGQA5BRX2ERUST4AUMTLVC3JMWRQ,B08HHVYGV5,4.557387942567987
AH4TXKB3XTGBGU4NY3M3S5JSCEXA,B004AE3W7U,4.707628548555997
AGFTIABCQLO57WAANY32UAELMT2A,B076LRN23J,4.568493368454811
AERTAT3QNBMZ37Q2QXE7LSZQNBZQ,B07541NT4L,4.468836344326206
AE7GFCKWYXDFXWJGRCVZO3QFMXIA,B074MBD643,4.439894303174597
AFTRYPOFRCX65QE5BOHMW7GRYAOA,B0BCK6L7S5,3.417575411554838
AFOOI5ACUEN6EQJGID72GT2LDZAA,B0146YTJOI,4.69180993206448
AHC46G7YQEC37VOLPDIWZQEWXE4A,B07TXL153N,4.728611552683554
AE4KQ45U5PV2LEKFZP3RUM5L7JYA,B09RN6MGZH,4.662483773612413
AFBZUTNSJAW5GQJZORPGE5B5NPVQ,B000DZXTFK,4.396467290806864
AFNT2D5HWVLYXB2OWLMEV6ZJPVPQ,B07NKRZ1KQ,4.861363697837105
AFC3O5Z27ZZ5BOZEPDDE5LTIFXIA,B00AXEDVJA,4.404515486202333
AGZ4FRR2ODBHJWUCPET42AMRU5NQ,B09WQTXJRK,4.563032829270632
AEMX4QQHS3HDQGM6IPOFJMM3534Q,B07NDHS7FN,4.800478529717317
AGTQ4XU4K3HRG4A26IKNCCIEX4KQ,B07BFZ2KSJ,3.802967550325038
AFPTMVT5EH3PJZHK3LUE5SEIP3UA,B06XBB9FPF,4.68786035010259
AHX5CCO3VSCRLZ46HN4EB2OCAZBA,B06WVFRW4H,4.663572500202397
AFWS4JNT66C4CCYBGOYFLTJXJDPA,B01M5DF38P,4.639985317783138
AEVNV4O74H2AN5PJ3OAYYH3T7AMA,B0B5TBHFLW,4.4740781139253105
AFQKIGEYXZL76W7BIGLVR2RIPMZQ,B075R94JY5,4.093351935973407
AEVAWGTR5FUYEO3WRMUI6SMGR2TA,B0BCXL2V52,3.924646711540707
AHNIDSZTL7HFLSNY7WA7YF3ZWKOA,B005SUT0BC,4.759101498205537
AER5XQROGISYKN6ABH7EAK7OHGTQ,B003B1BOFK,4.68162094354703
AHAUV465EY5R5K4KRUNC3Q6MRA3Q,B005OZE9SA,4.299992255168578
AGZXAIGW4CJNWEY7WL66MSGGVBQQ,B00H4J7WLU,4.067667117200037
AFXVXYBWXDV7NT4GGRRNFT56NONQ,B00126HUGS,4.025630267916068
AEZD2WTGKS5BQCHHLPVO3SSL7HBQ,B00VIDJBSU,4.5806277780987745
AHDORHGOBGGQFUSOKSPIMK23A7IQ,B0002F74IE,4.877681244717555
AHVKGDD2OV6WLV2KGSSVEGRHZLCA,B09DR91XCS,4.291847249524754
AEI4K2NEMJ2UZLNR73JRGWEDU7AA,B09396NY1C,4.2968500449008085
AFVP3KR3HBOXYMXIBL3ZGAZVDQMQ,B00IFOTSJW,4.396862812034365
AGZABQWQQ5BECURSRGYLNQWTZBIQ,B00JJ18U6W,4.29965707296654
AEVP2C4BSOO2TLDDUACWGGJURQIA,B07K7VC41S,4.311424079424312
AHA53E3UYPIUKH3CMQ3NMZRCTTBQ,B07MG8PHF2,4.932905327162673
AGTF4QKF4QKW4OJSHDMTFWPIU2JQ,B07B8WL33G,4.041884181456591
