ReviewerID,ProductID,Star
AFKP7GPURJA6SIE2IQAPMQVFZYWA,B01K9AMG8E,5.0
AEHJ3SL5NHVDUH7ACAAJD3JYXTFA,B07N5K2V9H,5.0
AFLKS523NY36AY6WTAAKFAHYT7BA,B09P7LVYDR,5.0
AEB6NY4IDOJQTFCHNUGKOKLXCZJQ,B0BK5CXZBT,5.0
AHSYUEHHWA3FIZAUAZYFN54OHZWQ,B077Y4JGQ1,5.0
AHRPH3DCPDNWEDZJAP7L4UJ6USOQ,B009WS7V5I,5.0
AGKGURGEUE4BGKGRI7AYW6TIKUBA,B0BKZ3GCGR,5.0
AGFB74WQOHVJP4PGF5QOXM5CXYQA,B000RXN6XI,4.0
AGPFCVE36JI4PXFC627LXEQTBD2Q,B00HX9F3ZS,5.0
AF6LC3PL7ATCSC6VQ2SX4PS2JNTA,B075R9DNGF,5.0
AE53UBM6H6SDUWZTV3Q6OJMJDB3A,B016CK4Q0G,5.0
AGWW735D5YTMQYBMUDXC4KOZAXDQ,B0BGXSRTB2,5.0
AHJUKDLBKDLRZWZ2OFNOSAYOCTZA,B0002E3FBA,4.0
AGV2HFYUYPDTCKHXP2VUSKKR43AQ,B0002OJPE6,3.0
AHYDVO5UKW3QHLF6UFSCEOGECGLQ,B002HJ9PTO,5.0
AH535Z72NTQFY4YZ7TXSYFP53ALA,B00CA8982Q,4.0
AGXGOWEGH57GQAL7MFXUJYTDYVIA,B08G7X73ZN,5.0
AGSUOVNK6FSW4EFQVPRMN4IMWJWA,B001E95KEC,5.0
AELSGY4WCLESJ7VLUYUHAJT4BHBQ,B0799734T4,4.0
AHQDVOYHBY33A6ARDSAA3AHORBJQ,B08CSQNMN5,5.0
AESPIYN2KPFNMATAZNRXTGG2RTUQ,B0089NNAFW,5.0
AGTDFPFY44MJBGGG754JMRA44TKQ,B07BC4KMQK,5.0
AEW3WN45BO5QRGK3RPQ2DREV4NGA,B000G3MV1W,5.0
AFV3OQHHDBYYDDQT7XU44VPQRLCQ,B0BKKZT1BQ,1.0
AEC5RGUIQ3DZMJFZEPST5R4O7PPA,B08R5GM6YB,5.0
AH6WGAEBHJQJLZJMQI6NM74ZKFGA,B07FZ5XBCJ,4.0
AF7SOBRJNAC5ORUZAMT2EJNH3RNQ,B00FPXDRQQ,4.0
AFQVJYB73FB4EMH4CHYJI6DQ64ZA,B08ZFQ8GLV,2.0
AHFJIW6GUHWLNDE6KIME3JB7GYVA,B0002KX5E6,4.0
AGNPTJJ3IN3Z6HMZAJECSJES7BBA,B08PMZQXN3,5.0
AEYIGWWXTT5AD4ZONPSHMK53WR2Q,B0002FO8CY,5.0
AF5XVNQXEWRDQHIEK4RIJU5JZGWQ,B00TV90MT0,5.0
AEIYX25CEO6PSO7NQUMSSIIXBMWQ,B0BT2Q42DV,4.0
AHQUW4WT7RGDAEWOMG7FZ3EKMINQ,B0046LGS0A,5.0
AF6AWOX5OCZXE4XLWROTNPEZWVLA,B09HCVN9M9,5.0
AHNG3NRGEDYO7E44QMYDHMBADPBA,B06XZ91CGG,5.0
AFOQTBFBJWHAZM2DSCVN4GIFZWVA,B0C61YCRKM,3.0
AGSFWUWZB4NXQHKWYKBYB7JIGRJA,B07W44SZ95,5.0
AGU3467K6OPI2HEDABM5P2APPM5Q,B000NGVQKO,1.0
AFHI666HJMKCI4K6KYN72NLG6ZQQ,B07DWLYGKH,5.0
AGTUP64TUDREXZLFMZXLVWJQD4UA,B004EBR5VI,2.0
AEJFHFNVYIIZIDHJHDPGPKGYTQHQ,B09YDBKT7M,5.0
AFRGWN2OQMXTMFUCW7DBTJXXZC5A,B0BLLZYYPK,3.0
AENVRY2ODR5XXL24FXQFBQMXFM3A,B08BJGBHN7,4.0
AFQ7VJBUAFMCD6WLRMNJVL5IZGUA,B000WKW8EY,5.0
AG3S4FROO422V5KP7DJCBXVUQLJQ,B019OO4IY6,5.0
AHWKKYJLZGHYBTMB74R5TRNY5JRA,B075MRMFM8,5.0
AHNOYSM6BGMCXVETNQNOKQBSXGTA,B095JMYLPZ,5.0
AFLKPJZCNDA7M5RHJXFQZQYTJXZA,B07N5NPKRW,5.0
AHY4BIN6TICBUHIUNKJTLVJ6WOMA,B00WGDS77C,2.0
AGSM4LM5MKYYD3CJPXAF3MIFGAEA,B01M9GJC5V,5.0
AHAMWA6AJD7RPNUGVOHWODNKI32A,B092LF6RLS,5.0
AEIORZCHRBVERYFCQZTGPTVUYIWQ,B0BLLXXT6F,2.0
AGQLFAMQA7WJBPRVDSZATYNGAGKQ,B0BCK6L7S5,5.0
AHTQJFXQNPHYWI6NCGNOLMNWHOMA,B0002D0JX8,4.0
AGAKSCBPVTFI7CXR6L3UI66AHL4Q,B0071ML4N2,3.0
AHEMAURZYRCARVTVF6CQYTYE4I4Q,B01EY7NNSK,5.0
AGN6YXFPLQOIVURKG5LGZ76J4UWQ,B07N1RPV4J,5.0
AGGGVYN6UWSDL6N37L77RAJLFHTQ,B0B89ZSYS7,5.0
AFLI3BM2AJOV7JK6P2CWU2Y3QFQQ,B0BYXVCSGG,5.0
AHNPHPHF4TT5JPHYHNPI3OHTO36Q,B09RJZSQML,5.0
AHX2CMSXBTB7L72QUQPXNSQRD26A,B0002M72JS,4.0
AG2L77BTIVSYYB6ORTCR5HWPDZOQ,B09T7P2RNC,5.0
AEXUUT6Q3B7KIV576X6RZDSZ46QA,B00LOAAME4,2.0
AEXYZU6XCODDBB67J6MAJSN2NXIA,B0C5M1WZ9V,5.0
AHJ7KQRR6SH62UD4ESCUELE2BMZQ,B00AV557UC,5.0
AFK6CXFGEKRFSCV7ZY2VIJNDJLQA,B0938MMWSV,5.0
AEH7IOTDSZGSZLE74R7YMFXFZD6A,B0C61T841P,5.0
AHBQCICNAHDBS47M6LFAPV6LBFRA,B0C3LDN2TN,5.0
AG3S3WPA3YRI666NTL3Y4TINWYWQ,B083YRNPSR,5.0
AEQP2NXBADXJISSIYTTUXUBBKVEA,B0CBK1WSMR,5.0
AGYUMKBBYKOVQKT2BDG6P76CXPSQ,B07MMKMKC1,5.0
AFV5UDD5Q4FBR57QCJGLL2SE7OHQ,B07WJ1FPX6,5.0
AEHWRW3PWRFQOIXVKEPJCY33O7BQ,B07KDYH2DF,3.0
AGTBJVGF6Z6FTHBKFPZFUEGV3NRA,B004FPEGT2,1.0
AHE47OSHXNOJBJSUATR77ZKFXKDQ,B07SK3YRF2,5.0
AG3ML6ROY7CFJTLMPJYWIW7KXQ7A,B0BCK6L7S5,5.0
AHJ6I5S2GY3SD3HNECB4PK75BT3Q,B014MQ22XU,5.0
AHCPWTP2HVKZWDFJ2ESPXS6OJKHQ,B0C3PGFZ3H,3.0
AG33SC352BGAEXJJGKUGEYAOZJZQ,B01BZTGSC8,3.0
AFOAF2ZM5JEUC4HEXDCSQVRN4VBA,B07112LZSM,2.0
AERSZ2M6JUHJEJ27PX5SS5JGHCHQ,B095BQ6T33,5.0
AFOF3QHFHEPGQ7QQJBGWFJAC7RMQ,B00FSDBTHW,5.0
AHLBYQU25Y3KOTNGDXLQG4QTI2VQ,B01GMWH5PC,5.0
AHJBRDZIS3BYBISIRTW4ONRLNJMA,B0B8Z5SW8Q,5.0
AHIAM5SDVPJAM67HKUJHCSWLVMFQ,B0C6HZ2BJ4,5.0
AHT5VICCGHXRSEGPZZZOCIN2KF4A,B009756KE4,4.0
AFTISDTHOS27BWGSWKZ2S27ABVGQ,B07FYJNJJH,5.0
AHP45X564BZWISH5MADW4Z24ACHQ,B002NGMBGA,5.0
AEOM4BJ3MA6T6Y2JD23KRHYMUOXA,B0B2T32W46,5.0
AG236DA5TDMWWP4NCFS7HWJ23HYQ,B091YFQGCJ,5.0
AEBCO7YV3RWXD7SIH57FFGWKENUA,B00OYUSHJS,5.0
AHAVMJ7OKLRLFKHUSZEZQHPQCHWQ,B00INZY55K,4.0
AGQMTPWXG6UUCT6VFJBXBLWONEFA,B00NPAMDQ6,5.0
AFQ3H6LDLAE47OMXF67GWCCRUIOA,B071YBCYQQ,5.0
AGTSSEXHZYERJYNWF2UYM7PBHTOQ,B0BP3MNJKN,3.0
AFASAOSH3DUTLSA4DWSQGJR25GWA,B09PJ3N73Y,5.0
AGWJ3WOKO6JPVGAPDSYZJCAOAD2Q,B00KXQIY86,5.0
AHHTYXG5DLE4VN7NQLY5LP6USH5A,B07RG6P3N1,3.0
AGFGZYNZBXCGUPAOIXDZGH7ZHN2Q,B0002E3GO6,4.0
AHCWSKQIDST34SUY5LKWWLBPDRDA,B00YJ5C46K,5.0
AF4RDK3DARVW2FRALUHV5BMHMCGQ,B00P2EKHDO,4.0
AHZNQTN4Q5TKNSVNKIXJU64LJEAQ,B06XHCSY28,3.0
AGLTOOTGDPFOHALWBAIXHBE42FRQ,B0C6HZ3ZVT,4.0
AE3D7XQZGHDYL7IAZHVBOES772ZA,B00X87FAOI,5.0
AGYVIJCXTIRUKHIIJBRWW4ZYCCRQ,B0C6HZHZJJ,5.0
AEWUW6NYZW7533JCI6UJWDZAIPJA,B0002T67K6,5.0
AE7U4PM3XC5EL3Z5UITQR2E2DD2Q,B077DJBDZZ,4.0
AEVIDOETQTYGFWUVJGTIDMWH4YFQ,B00N5TH2H2,5.0
AGH6SW7MNE4SSGACMJTHYLIKLIFA,B01B23BA98,4.0
AHHG3FREHN4EZOSRVIH2UD5YM46Q,B0B3VQQ6XY,5.0
AHNG3NRGEDYO7E44QMYDHMBADPBA,B01DPCONFM,4.0
AH2LUXXMIH4QXRDFOSLGZA6R7CMA,B076PN1263,5.0
AEZNY25GTTQBWES2TRWYEZGDM32A,B0B9S8G4HD,1.0
AHXKSJKTLH4DNQ57FCNOH6MYOTLQ,B07T3Z11QJ,5.0
AE5YND4EAVEPMNPKPXODEBVHSG5Q,B004U2HT9Y,1.0
AH4AIWIVLN43SGJGK45W4FCJB5GQ,B08LRLRRKM,4.0
AG64SW2Z4TEZG4IWEGEUFEEZBTRQ,B09BF8XDF4,5.0
AFPG7J4AME6QVSARKPXTOXWUR6DA,B09V4N515D,5.0
AHBYNOMVJ37DFQK2322JKNXW37VA,B017DNZ3XK,5.0
AG3QPT6XXHWPA6BFADE5XSVAVYOA,B0BKZ6FK4D,4.0
AHI2JCT4QVCJLQICAO64CYXQ3NVQ,B0BKZ6M28F,5.0
AGCBRKJSQECOQJM23WHBKDDOXCGQ,B083MWZ1DN,5.0
AGOVVFMZ7IPENJBVNAFQ33S7O3TA,B0B9T61HDX,5.0
AHLXIZ3CXU5UZKHT2EWIHO3KHGDA,B09857JRP2,5.0
AEV4SAI37FLJ6NK4M55NWKYVMDAQ,B0C6H9T5T6,2.0
AEAU2KDIKNMONDRX5Y6DV5F73F3A,B015WSCNHW,5.0
AEK5452BSJUE5N23GU6PPAGM4MEQ,B0BTLZMMFT,5.0
AFKYUEIARYQHQBR3D7L4VNO7ELRQ,B01F7GQ8DY,4.0
AFPOTFD5RRB6MHZQ5P5UIVG7QTBA,B09G9DVTD3,3.0
AEHG2FL2VTCX6K77GJZ5DBODFE2A,B075VPGJCX,5.0
AGYKBJXKGCM7FUQSK5JSIT35DOJA,B07BKYBTNJ,5.0
AEC7TBNDVCE3O4TLCEEDNWTM6RJQ,B01J38RW9Q,4.0
AFRUTEYFUJDAUASSQADZ3UQJHXAA,B0BK9YKQFR,5.0
AFQDQ7355KHCZLER45SETZZ3RBAA,B08DTH6M77,5.0
AGFXPATACXLGNXETSYZRD4QAHUTA,B07BC4KMQK,5.0
AGXQG72Y6EIMUAUYDEY7IGJUQPMQ,B0768R4GHS,5.0
AE5WEF3RO4QRTJDMRXUEF3JB5FOA,B0002D0L5E,3.0
AET5WDQG4RMZYUACS75QGTR5DN2A,B08T2DMFKD,5.0
AGGCBQMBTI76TAQ35ISJR24OQH7Q,B06Y2W66F5,3.0
AFYKOOYILZJDSJKTSJKEQYILFLOQ,B07C3BKLD5,4.0
AE6TF34R3XLNVEOUQ5XGGJLOBNQA,B0165KH7GS,4.0
AE4PX7WPFYOKQ7JY2XCDJIXQG6NQ,B09JJ586GD,5.0
AH7VFEVL3IOVGXVGA6NCV5FK5EBA,B073W2Y8NJ,5.0
AFAPQJJSMGJIP72FIGH33BNET6KA,B0BKZ61YJJ,5.0
AF3MDNGUNU6IDVBYNELKDFH4M7HA,B099NFZP4S,4.0
AFFZO6PEJS5E3J7YISHHNOTA6RWQ,B08KHSBL34,5.0
AGP2BAEBBIE6P7XZAOAIUFYCEHNA,B072LXH1V4,5.0
AH7UMWKEKWHRAACBVZQVJGOP2DCA,B016D7KIWS,5.0
AHX64VD7FLIT3KB2U67MRWOEQHPQ,B09Y1X5BSC,5.0
AH7VFEVL3IOVGXVGA6NCV5FK5EBA,B09V915Q6P,5.0
AGUJ2VW5XM5ASOR5KLP27YBW3C3Q,B00BNVHCYM,5.0
AF7IWQ26I2RJXFXKGSPGNNRBLNEA,B000CZ0RME,5.0
AHELX7UOIDURULSSVA52BNVTMT7A,B0BSCDNQT1,5.0
AFCUV5FE3VT2MS4LYAUFHYBQCP3A,B002C741BI,4.0
AGQLFZBLL2HTPOLTXLYYRYNYQMDQ,B000H58HN0,5.0
AE6PYJX3K5T4WCDVMYYA6C2EA7OQ,B0BKZ2W81F,4.0
AEFOUHISLMQKQKXRMICVYMS6YF3A,B07TD9NX9F,5.0
AEZG4SHN6EDH7X2I4NPMCSN7MN7Q,B07FZBF5HY,5.0
AHFWSW4APYWHTKLSCLUQ7OOAXBDQ,B09MTHTMBB,5.0
AEKHOFU35JS3BOIWZSEM7DKSTEVA,B00HTWQWWM,4.0
AFKXPHJU332QCBEXRVZTY6K6B5HQ,B06X9KG3HW,5.0
AHCRUMAU2ZAZ6EP6RVSXNHJSEVYQ,B003XKIY3E,5.0
AHH7NFK7CPZCLCX2YO3TBNLVSVJA,B01N6448Q4,4.0
AF66OCN2Z5V3FKFOAVUKWHPQ3BHA,B00GG20DJ4,5.0
AGHZXVOSR6BUBEGP6K3BDYLSOJ3Q,B09MLLNDB9,5.0
AHNO5YFCPLGHET6VHUICVPTN4LMQ,B00P0HIZXM,5.0
AGQ3CRIH64J5HUPGKKZEYMUKKR2A,B08R5GM6YB,5.0
AETEDS6HQJWX2EQYEQFUIAHTTJXQ,B0BHSG5C3G,5.0
AF7CC34DK36SQJS7WXI44DREGWJA,B003B1PETC,5.0
AFGAABVW3PF4YATBL5EX5EGUVZ4Q,B09997NM44,5.0
AFW3N4C3DTYHREJ3K7X3THVUVJEQ,B08KRJ578Q,5.0
AEBPFXOLYES5XQEQPR43HLGX2HVA,B01DN7OC00,4.0
AFHEYIB5M5MYLROKZ5IEMZSJDD2A,B015HG82EW,5.0
AFBC7PUOJGJPJKAZZZVTIAW4UQ7Q,B0BL2W52CK,3.0
AH7K6J4O5D7ZE5QZAJQJ7V4JJR4A,B0002F519I,4.0
AFFWTNREAP77LMBFKJVS526IWD4A,B095XZJ99J,1.0
AHGDIK37BK2KKLH75FXYZFFWP5IA,B08B6BR4KG,3.0
AEZNCOTOACFQXLFM4MXKSQW6SFKQ,B07VPLFNYM,5.0
AFCUT6TLZBDQLXJAKOVJ65LARDFA,B00ETP9FFI,5.0
AFVQ23JNGVSAXVFEM2ZRPQ6HUUDA,B00646MZHK,5.0
AFADWJP75FQZ24GRNBIIWTFNUU4Q,B07W3NQLX3,1.0
AHOBKBVHEAT4KPRVI7TYTF6MEJXA,B0015B0EB8,5.0
AHB2C67YEIUJBM7WRNKVPYRUIHFQ,B0BSR996X8,5.0
AGXMYC3U7AF4LBADRZAZUAVAJNYA,B00RWDSILG,5.0
AGSSF4YIHPCP2MIUITM34RWOCOWA,B0CFD7WW4N,4.0
AE6ZQXU4UDWTLQAGLW6AR3BTJ2PQ,B00OGNDKEA,5.0
AEJH4HUMFAN62AII4PTCGRGGAE7Q,B092LF6RLS,5.0
AEFJEW5GQ5A5PG27ZXJ2ZZ33VCAQ,B0BR2HYQ18,5.0
AEOGRG7N4WAUYTPHEZ4QMHNZJ3MQ,B0BXT384GR,5.0
AG4PVZMW3G6CBH2RV5CZE7HJMT5A,B014W0L7ZU,5.0
AGIGLCDBUMZT45LJEQR2EDJUDZUQ,B0B863M78X,5.0
AHP3UQWZWRJBESHIOGGNP525A6RQ,B00127HZG2,5.0
AFG7DJM5DPJBHJD5QAX7GXECNFTA,B088Q6XF9J,3.0
AHMUGCUTGCXKXMATCIJ5QAZHJ66A,B07685T8FT,5.0
AEMJ2W2VK5D54J6XZFHALLBMHDZA,B09HCVN9M9,5.0
AGXL56TLDRWEENDVD5QV3U4H6EDQ,B06XH7487S,2.0
AGW7SUXC7FRQYEDORCMJEIBFFO2Q,B009O7CE5O,4.0
AHZDFAFJYWCHQ6TD26DGE5GTVEXA,B08HMM1PVT,5.0
AE6FQUL47GYURP65UOAKUUZT6A6Q,B07BC4KMQK,5.0
AE2W7OBJ45J4J52CGH7OFWHQZJQA,B002NG7DEK,5.0
AG2Y6CDZNCG2ZJIUIGDIJYADCJ6Q,B0B8NXV975,5.0
AFU6WBRZTAJVURT36WRAOGXXJ4ZA,B0791VK6D9,5.0
AFPTQLGMPPI4KEUDO7ZWRBYP254Q,B004XNK7AI,5.0
AEQBKUKRDYBAFYRSA4OHINKIHY2A,B07HHZ3X4M,5.0
AF5KUQ4UMS74JRNRSNG7PRILECPA,B01G2KH9SW,5.0
AFG2FNXFLUYZCY7UJQVXPQQHVDUQ,B00OIA3QNQ,5.0
AGZEDKJEUXQ3KK5D462HQZYTQWXA,B0BXBBGTGL,4.0
AEA3DMA2VE4KGEE3XBVEOCRS47IA,B0002F4MKC,4.0
AG4WBOI27FQQ7JEY6CWCK3UEQG5Q,B07KB9QBQ1,4.0
AEYSJZB6V2XGE7EH4YTAPXWX7PLQ,B0002E2S1I,5.0
AHP2UGRBLKHCHX43ZDAOMH74675A,B09NDBVJXM,5.0
AEU5GN766HQJG2WCFWWLJSL7EPTQ,B0002D0EII,5.0
AGHY2O33XXIXWLCU5A7SMPADK4UA,B09VGM7F6Z,5.0
AHUVBCTKQQ34MIMPNVH6N67MK7OA,B07PPDR5NT,5.0
AHAERNE47GD7KUT42ZDYVNJ7454Q,B07MCRMLF3,1.0
AEO6QT73E5MQ3SXXA34IH4JP4JZA,B079HP2PFK,4.0
AE2UOZSYKRVSGWNG4AU5AFJ752JA,B09T82W1SN,1.0
AFGAABVW3PF4YATBL5EX5EGUVZ4Q,B08JMQR2JK,5.0
AGLQFICRV4ADTC5C5XNDBATOKJTA,B07MZYNZ1C,5.0
AHAW3SX75UIROZFBFFEQDLG4LNGQ,B01H0PACWI,5.0
AGHPBBUCMU72JNN57OKEFJ472UUA,B007EWHXM0,4.0
AECRT3TVTXJX4RPQM5BVGJQNLTFQ,B00J4A70M8,5.0
AFUVQSIHX2ZFBTV6JZYZW56SXXLQ,B015QK3GUO,5.0
AFYSLU4BTTUCFRDL7GSN64Y2XOKA,B0853X3VDC,4.0
AGZGFTWAUS73D7WKUU2ZYYOIACTA,B07B9W25ZK,5.0
AF5WH2KQNQ23M7NVENH7F5ORQ6NA,B019NY2PKG,4.0
AGXTZT3VSWHFJT2Z6KTQWT4ILX5A,B06X9QRQ71,5.0
AGCT56C3MLESH3DUYFDG7D7ME4SA,B07WJYTDMH,5.0
AGZC34D3ATKE4SJ6V63B3VWBKNHA,B01CQ01SPM,5.0
AGLSNCKCAMBZTZKPFN3BY2ANTARQ,B01LXTBO7B,3.0
AF33HEDLD3R7575PIVJCBZVQ2SQQ,B07TJX692W,4.0
AFJFIPK3DGPDXQAOPLESEBHIWZJA,B0BR2V8V9B,3.0
AH7YWZ4DE5LS66XEUKXJWBKN35AA,B00CGFRJ2Y,5.0
AF6EOHGMVZ5ATEEXTSFSUJOGIXDQ,B00005ML71,5.0
AF4H7MSDHSUVEMA2BPLP6MWGITGQ,B0B9LLF1CN,5.0
AEFK4A22W4P6TW7ZVV2UJN7Z53RA,B07BLM53Z1,5.0
AGL2ZWEA33BCBPOZ3T7QRJ56XDGQ,B075MPFFRV,5.0
AFEVRXXYRPUOVSFNMCYIQDFS765A,B000J4I9VO,5.0
AGPU4VYZDXTREL2FJVIJG7VEIC4Q,B072271GQ7,5.0
AHSMYOSEDSDIQ7UCAJSDQAHPV4IA,B0002D01KO,5.0
AEFJEW5GQ5A5PG27ZXJ2ZZ33VCAQ,B09R3CJSR1,5.0
AHJDJLCEUDPAII3A3L4TXVNBFKZA,B06WPBKDBW,5.0
AECTK5H3C3DQG7LIFPDHUVZIOAVQ,B0BKZ22NHL,3.0
AGPS5K4IOLONOQXRCKCE2PQTW5LA,B001ELVCDS,4.0
AFJBKMTRSW6PJOQT6PTIHRS64DWQ,B01AA6BNCC,5.0
AHCIO4Y7MASS5GHGAZNOPPTXFTVA,B07PWKHPFG,5.0
AHD4DUQXQZWPVSYBWMNFCFRPK7BQ,B0853X3VDC,5.0
AG5OPRT747NAJPFQSSXAUBLCUVTQ,B07DLC9KYG,5.0
AEIFNJPLBHG7YN5IKRWCHRSO3W4A,B07KGF3MHC,5.0
AH7JOU3OXKPMYOBK4JGJJI4BCLMA,B0BT8FDL8B,5.0
AG2XBVVPXRIUYH4IETE3DZT667LA,B00ON9WQ1A,1.0
AHSAY2WIS63JDIV62RAQ63QGD2NA,B092LF6RLS,5.0
AENTHU4L3BLWQQ2EIOT3BPSX4MJQ,B075RB1KN7,5.0
AEOS2ALLIKEV7WLIPXWG2346HAZQ,B092SC4XNB,4.0
AF77F3QYN5GSD7OBRNXYP5QGI6GQ,B071L8C6MW,5.0
AHH5KSC5O5SEK7ANLMEXUD6ZAHDA,B07FYCQZWD,4.0
AEGXGQ46AQIHMGYZSTBTFW5G2XXA,B09RN7GR8F,5.0
AERGPILRKONAH3OE4YYQOKRCSNMQ,B082WVKSNG,5.0
AFBCC4UQDHZRJO4QROXQXC2HVA4Q,B01M3P777W,4.0
AEOBVIDGSRKUGVMRGE3LYPVC3KYA,B07427ZHRK,5.0
AF74NQZGZTQG6CRKBJUSNCBAJNQA,B0BKZ3GCGR,5.0
AHNXVAEDE22CRTDXPIPFLAXTINKA,B0B8NXV975,5.0
AH5DNYOJOCIFAQLMZLGY3EQ6LA3A,B0B8DHDVJZ,4.0
AFMY6F6WJOAKCGFGT4P7XUNPWWKQ,B07WW5PKCP,5.0
AGV5EG6FOHTDDWOLXWMGQWQXDMWA,B0C5QKBX9F,3.0
AHJJQRLMCY4I7OOIUHI26OHAX5IQ,B015HG7HMA,5.0
AFU3TK3ERDCF2NTBO5BCE3U2LXFA,B0BHSG5C3G,5.0
AFDTO24ABREOG7VZHGM5MUINEONQ,B0BPLFP5P6,3.0
AFHXAZFQLN6RWIKMW2NJGBOHSRYQ,B09Q5HWYG1,4.0
AFOD2RS4CU7CGW6FE47EKKEOE43A,B0777QWVG9,5.0
AHMNTISHI3GTTMZI4SRCBMCSEKFQ,B08GGYMGY3,5.0
AFQBCVTAHQG6HXDPN7NCOHY2YS4Q,B0BFKR6YDJ,5.0
AHUG47XGDRMNC2JUIIPN6W6CYE2A,B098KXQJVY,5.0
AEXACMZGHMCNZ5IW26NWR3TF7M7A,B09V91H5XM,5.0
AHP2UGRBLKHCHX43ZDAOMH74675A,B07Z8JCBG3,5.0
AEYAHEVIBJLOT2XEBJTVB6TFAEEQ,B07FM97YFY,5.0
AGDPMG3RMPOWLR6C3OOE5H6SNF3Q,B01BHPZQ1O,5.0
AGXOVGCVMYWP2GS6F52ZTGFX6OUQ,B016GNPTZ0,1.0
AHRTP6RH7TC32Y3A6KBR7VFGMURA,B07MZYNZ1C,4.0
AGYNPTCSVWDIHSPRI3W4BHC4TXPQ,B07MVRZY88,2.0
AHDXXEF5PEIQDJWO4YHUNLKIHL2A,B00B3PB0PK,5.0
AEIR2PDJQKP6MSWZW2UGJDDSFKFA,B012P7NEW6,5.0
AEHEQUPVU7V3JOAMO22LARHBOSXQ,B00B5LCADS,5.0
AEGXDB7JPODQ2VIAIO5CQL4TVCTQ,B000OR5928,2.0
AEI72WLRE7LRYOAXJ6BSBCIZ355A,B0BPLFP5P6,5.0
AHTCY2ZWS6KG6MDPVGHZIM3FYTIQ,B0013YGMRC,5.0
AFJESFZNXTENLY7JFE4XFJPLH5XA,B083JVJFLJ,5.0
AHBHS2NCMHS2QHUU2Y7YLD3XNNBA,B0BR2JC947,3.0
AGZFHWJLEXSNQAGPKLJTRIR3XIDQ,B005FG34F2,5.0
AF6KMQEODG3TRGHTHI3NIZ7CVD2Q,B06Y6BCX7B,5.0
AGOA27EHDRLFV72SKDTUT5YNR7LQ,B09JFGY35Z,5.0
AFBJE4L3HTPQ6HY2VHIWRN3CV6BA,B0179C3V7K,5.0
AF7IFDKD45ASPFXC4LOYESEA47KA,B0192JRA2A,5.0
AHHTYXG5DLE4VN7NQLY5LP6USH5A,B083NZZ712,5.0
AEIPOYTRQ3WFQ3BPH2MME2QKT6UQ,B00BVH7C66,5.0
AHHHU6X343PMH2VY6SJIWTPSC74Q,B07V46KRD8,5.0
AEUONQ4YBHYWOKZUYAPLRTPBVJEQ,B00178JDCK,5.0
AHKZV2B3L3WPHVMNAZWK4YB2TQOA,B07FXPMKHW,5.0
AGCBRKJSQECOQJM23WHBKDDOXCGQ,B015QK3GUO,5.0
AG5ZVXXHEXDYUUODSEQC4XXV7DPA,B07Q6Z5VK9,5.0
AG3OUTHXSZ3WBMJLNKV7VLJV5NSQ,B016E9HCTW,1.0
AH7WMY3V55DTEND6PA4TH3BVGGLQ,B07F2NZWY5,3.0
AHO3QW4O6JLMYHDH5IXMXYJK2GHQ,B00B5LDMH6,5.0
AGSVLMHAE6DKL34BW5AJANZ2HP3A,B08D4YXD33,4.0
AE6E6N27YBWM3PPG4QJ24AQOXH4Q,B00P6ZOPP0,1.0
AEK5Z5IGCZC3BOIAHEZKJ5LALEHA,B0C4FVS3L7,3.0
AEKVPWOJMYF5L5VLHTG4CLCEB7QA,B06XZYD4NJ,5.0
AEHL4256MLAXKYTZGAPQL75WZ6AA,B07TG9RWST,5.0
AF34CA4KPGWTVWQQBK4G3N4MUTXQ,B0BS8PZNGK,3.0
AGVEW3UDHY4TFUWSKPOHJGRCYCBQ,B09S2VB3KW,5.0
AFO6G74UZDWO4UYRBLXEAHR6EUKA,B07MW198RZ,5.0
AGFYUNPN5IMCAN7C45KXDXYHNGCA,B08F2QZ9XX,5.0
AHMGRS7F7IA4HM2AYAEU42MFFDCQ,B09396NY1C,5.0
AE4B3FG6SRTDDJG4T2CIYDM7HHNQ,B003LPTAYI,4.0
AEBZKYDJAA4322KPKQGOPZAYIYQQ,B000XYFBMK,5.0
AH2ZUW3SZDGAPPJXOWSTS2LIKLNQ,B00XD6EJ2I,5.0
AGID6DHXZOL34MVLPDSCO42D6GZA,B075MLS97V,4.0
AEXJAKRK3BULCVCWLEQD4TZMYWFQ,B09WQTXJRK,5.0
AF4WGPVVGGAVX22URXDVKYL7JK3Q,B07D5TR3R2,4.0
AHAQPHIBI4MGNCKOVM56NOZSOM3A,B0BHSG5C3G,2.0
AHVJZIPGKB6EENMRVZGXZRWEQWTA,B09F98MG91,5.0
AHRYPIV4HCXR343WAJYXC45LRVKQ,B00CGFRJ2Y,5.0
AFJLUJRHMALFEUHTNV7DSSJJ623Q,B09LSKPP2L,5.0
AEN5VFEOCM4ELH2ZTQHDGUZDWDHA,B075KL6ZLC,5.0
AHWAYCEX3NCWJD32JTFVBFXKUHOQ,B07WGKJY1D,5.0
AHBV7TH4Z3WRRKXUIDAOPVUBIR4Q,B0BT9R8MMV,5.0
AFZTZTIUKWVBHZWWXHP5GDF6QODQ,B08HC8HTH3,5.0
AFZVUXBT3TNDBLT6MFQOAJ4I55YQ,B08R5GM6YB,5.0
AHV6QCNBJNSGLATP56JAWJ3C4G2A,B071JHJ9RV,4.0
AHDORHGOBGGQFUSOKSPIMK23A7IQ,B07N5J1YNN,4.0
AHNISDQL2AYLH6KQOLPOHO4UDJKQ,B01MQSAU6P,5.0
AFN3R5AOXYR3BIDWAZWABBCFYJUA,B079L5G8FK,5.0
AH3QWAFMDYN7SGP3QF4YIM4YS26A,B075GQ4YP5,5.0
AGBG3KK74IKWJNQVMQAGVBWJ7FAQ,B081T636X2,5.0
AEVSFJBESKDRNM74LZNGODJRERRA,B0C3LJM9F7,5.0
AEMNS2DOUVR6KZO3JN75GP44QRJA,B01E6T56CM,2.0
AE7GFJWCHUHU5XXNXSQERG52SD3Q,B0B4RWYV1D,5.0
AEN6ANHOT5COUFKFIQUZMB4XGIEA,B07WJYTDMH,5.0
AEJHTN7ARNOUDTWEPAVQP6FB4ICA,B002R9ILOY,5.0
AHLWV6FKLFZU7O46CIC4EPMK5NQQ,B0B7C52N2F,5.0
AE6PGN2WW447FQCQ7CQFTCO4L36A,B0BKKLR2Y8,5.0
AEN63GCGPS5MXJ44PS2DOU5UKYSA,B01CFGB8KM,5.0
AHMF3CETOSFHORGNDO7D6X32GUUQ,B07HHPVHYF,5.0
AEAB4LQBBULU6HIFVOOFFIPWDRQA,B08XVVC2C1,5.0
AHGQWA6ZHRH4I2PIDDXBWDI3CTRQ,B00DY1F2CS,5.0
AG26VSS7RPKXVTAUH5XE3SEVZYCA,B07RRQG6LJ,5.0
AEOSGY7IDZQ7YS32FCMO6LJTTXEA,B0B81J9HDM,5.0
AFTPUNQ4NGIKJHIEUAFA3GQBUY4Q,B07DWKWLW1,5.0
AFA2RE2FHTN4VMX5HKI6YDBKWRUA,B0BKZ7328F,5.0
AGBB6RRNC5RI6PIQJI7JEQ5GPMNA,B0C5CTX5LZ,5.0
AEQWIQ5K6LLNVFPBJTPKK4J76SWA,B009DAHPLU,5.0
AGKO2DKAZ4JOGXIFYPDM5AZXU3RA,B00GGN4NXA,5.0
AHW2G5R3FA7BBXBDIIGS6HFWX7LQ,B00HV8F694,5.0
AGNUSBUMRYEQCOVGPUQPEOSZ5WRQ,B07CQ919R3,5.0
AGBRYKFKK2VTUEGQZB6BM4Z6B54A,B0749K3CB5,5.0
AEW2LO2YEEIWZ2V7CPL7Q6JBM4HQ,B074VRW7PP,5.0
AE4QG7BGTHU5R5U3GJEY2N2GCHEA,B07BWMQFMT,5.0
AFUUITGBIEU2J72MYFZXPRBY4BPA,B09TXQ22KG,5.0
AE6LBUCRJA4BYSOSQZRYQ7DCR6BQ,B003552MFI,5.0
AH6IJPT5AGQ2REQG6M7HT5SAX5QQ,B0002ZO5Z4,4.0
AHYDSH65ZAO5BMP5AFT4KYN7PAXQ,B00A7KC9NO,5.0
AEPBFQ3U5RDTWMZJHZ2UXQEZZ54A,B0BYP5CC5T,5.0
AGBQLDJQ42HII7EPMRVHHP2ESXCA,B08LVRB74Q,4.0
AH54WSBMTMNXGHWVWXMKST7AW6BA,B0B92LPGD2,5.0
AFKCNXEIXNHATVJDGJHI6GY6UXAQ,B0BXZFS2QH,5.0
AHCTXCBORWAVSGY3WDDKO7SU2TAQ,B019FAKN4I,5.0
AFUZSTHGF4TSNO4WHZTJRQXAITKA,B018FCZKR2,5.0
AHWJ4MYIREGTA2FCTJMYFGGJ2ERA,B07FYRDYRZ,5.0
AG35W6GDZ6L4HFCDMMJEKO45S2AQ,B00GS41CHW,5.0
AHWSZB7RGTT7VKF5ZLHFE35KAJRA,B004XNK7AI,5.0
AHCLEFILWZQNDMN4L3LC3DJLZNSQ,B00B5LDMH6,5.0
AEBRAOXMNRPNF4LWT3FICZ7KRP7Q,B0BK6MQDZ8,5.0
AEVIDOETQTYGFWUVJGTIDMWH4YFQ,B07234PV7Q,5.0
AF2CBWLZWCLXR3NKUNW3RWFY3QMQ,B0BFKQ9QXD,2.0
AEJ354XETZRIGFKZSCQ77RWYN2ZQ,B0BCW884JL,5.0
AFSBX23YWCK6UMDKJPDEE3JSHRTQ,B06X9YBVXS,1.0
AEMPFCS7HQ2Y6NGNT77N7LPZBUXA,B0CC665SQH,5.0
AGDSRUXYPJXPQ7RPI3CAHSS6PQHQ,B01GGUTOFE,5.0
AF3NJDOTMG7BRKDLV6UM7GHFC7XQ,B00BAYRLBG,5.0
AFDSDZ4A6HKSIFVTISXLNY4KBTPQ,B0731J628Q,5.0
AFPUPFU2NB4XSBE4EAHYFE6OCRSQ,B0BPJ4Q6FJ,5.0
AEACBSG6VLBDVF4LZ745X6IQS5EA,B00TSCFIDA,5.0
AH2IGNRPNCVDZH3RZLOHZG3Y5OOA,B082285YXD,1.0
AEVH5YZ3L44XXUNLZQH27N7K7QNA,B01BCQ12C0,5.0
AHL457VUDF43IDVOQBXFPGWTDYMQ,B0C5LYJXLR,4.0
AFCNM3YI5C2PJ7RGSJO7ULK45GXQ,B0016OIIX0,5.0
AFLXHZ2VWT2UBCBWEFZST7BWTQ6Q,B0036ECH1M,5.0
AH7UOQQDCPZIWK42EWAAPCGDPJ2Q,B077DJBDZZ,3.0
AHOYUUCJQC2AISSMC3CEDCPJ4CCA,B078L11275,4.0
AHOYB35WGREZCTDLU5UK7RB4635Q,B07RPW4PSS,4.0
AE46JXESDQQOX3CPKT4SU6UE66OA,B01DBHC9U2,3.0
AHSMTWPUYFJQEQKGDC5JQKF3WBDQ,B07PR9DHPP,5.0
AHJSQLOO6QGKKTISN4MESXX4KIHA,B015WUVA5G,5.0
AFFF67RV3HP77VQ5APIA5IBUNYAQ,B0002OSCPO,5.0
AEJFDCNUNEUBA3QZTWMKL2QIYOPQ,B00Y0CG9YA,5.0
AHBERUF4M2B6RH5GWANC7POHYIWA,B07795XHLH,3.0
AHY3P536MRDP65BQ7425KJIC765Q,B0043NQVJY,5.0
AEYVHL5XEPNEA2XJGVG2PUWROHMA,B0BPJ4Q6FJ,5.0
AG4KW6SDOPLIZ2Q4ZMG7CXYA2XCQ,B075H3NK7R,5.0
AEMCTOWA4Y7TVDDMMQB6PTBT7WTA,B0B5D7JW6B,2.0
AG32TQXMHJ7SQIEIC7NPE4SI6AYQ,B07DWY44X8,5.0
AER5QDAS73DK4YQMARYZKXQDDCIA,B09Y1QWK5W,5.0
AF7PHXT3XKR4T5OY6VLNPSLIIMFA,B07T9NM5QR,5.0
AHOUKQ3IRAEAMEHDB6U4AMB366NQ,B07T19X6YP,5.0
AFTWTCVFKL5GDM6YHN5ZLLXS4DOA,B076ZQYPTY,4.0
AEGRFNR75LHVGYTL3S7KM6GK46QA,B07NDFFKJZ,5.0
AHCLGHTHPTV3ODGOQUSJI5KT5KXQ,B005DM7G84,3.0
AGSS2AHFN2Q453OGXRQCWBAWMFSA,B000WKW8EY,2.0
AEU6XHKEJAVSZBGL2YK4II2OUSEQ,B0C67HCGBR,5.0
AGVCM3R5WP4HKBBZZ5LTCO6U7CZA,B0894RHK93,4.0
AFNM7GF3MJDZY6V5JXN7BCCP557Q,B06Y3MBRJS,1.0
AHU3JRE5VZZ2UJ4WWXYBJ7FKUM4A,B091YFQGCJ,4.0
AE5NHYE7QHY5NDUJTMYQIUT4GPZQ,B09MQZ8VWH,3.0
AHSAPOPT4FEV2BSC64GQUHU5PAKQ,B09CF6CL5Z,3.0
AFOOI5ACUEN6EQJGID72GT2LDZAA,B0007TYPZA,5.0
AFTTEV6XOTXQ63ZHYDUOSJ73N6WA,B0BCK6L7S5,5.0
AEJRAI75WPYAHLU7P7NQVQDYQW3A,B01AFHSS92,3.0
AEMUWOGQ7TO6DJKFAKMBPZ2TEDHQ,B07NWZSBF3,5.0
AGIJFL4R5TAGREX3P4MRA7IG3CRQ,B001EW5YQS,5.0
AHOOMRPHHCRSWE7ILQ3FA5MLZAUQ,B004GWQM1Y,5.0
AG4IZRO7BIHOZQDCH65GF2N4OJRQ,B00C5GZU2K,5.0
AGYZUXIZBE722EPVMRXGM7GMFWYA,B0BBPQGSZ6,5.0
AF7CC34DK36SQJS7WXI44DREGWJA,B00G964BUY,5.0
AHU4TGHXLUATFJ2AYXXXCCCZOQ6Q,B07Q9JB3CF,5.0
AHNSPXAYSM6UVQ22WMIUMSJUCVDA,B0002MSQVQ,5.0
AHQYKFQSALRRFQIZLR7QQZTXP5HQ,B07J4Y1XZ3,5.0
AGAHOWH4BZ35HBTGXRRC7P35LEOA,B00ICIUZXY,5.0
AFYGFCJC43J2XHGJPLBPPACRLCRA,B0035LCFRW,4.0
AH4PCTM7BHVUX6WCGJB5PNS6K3JQ,B088DNMHKZ,5.0
AHJBRDZIS3BYBISIRTW4ONRLNJMA,B0C61T841P,5.0
AH2WPG5KN5BDQ2OFGSCFPZR24UCQ,B00G3785WO,5.0
AFP2W5EO5KUKR65IEVIOPK4YBXCQ,B0B7C2NM84,5.0
AGN7KMV3GSGCBANTJAKIHDQYEFJQ,B008BPI2OW,5.0
AEUTHNALJONDC2QCK4AOXDN7RLGA,B00B5LDMH6,5.0
AG2PW23TNWB4BYACHY7DDDTHCDYQ,B00646MZHK,5.0
AFHABO3IHDSN4KN4GZLDNFGSVSNA,B07TXTJ9CN,5.0
AE7GVDNRY5NABEP253Y3GMDUZOZA,B0002E1VUW,4.0
AFTLM7TQ32JZRHMPTIIULBY6DA4Q,B0BFKKVQZT,3.0
AE7EVXVTRZV7QON23BTOMC7L7W3A,B00HSP6KGS,5.0
AFH6AUO7HH5PMJBRBQGQQKDV5HLQ,B09TZWTFQJ,4.0
AE3K3YK34ZBYG5JEV2YJ6NQQWTAA,B01DK1ZGSQ,5.0
AGW4GB2VIHMPVRKK35QXA5PY5O7A,B00I6JGPHY,5.0
AFG2SJMPR5KW3BMFTOXGVBTDQW3Q,B000EELBQ4,5.0
AFUOTG3XTETQ62JX4RBG535YHF5Q,B08Q42TDNX,5.0
AFPIRSAROIQJGPSBTYYFZ6LCFSDQ,B00460AIY8,5.0
AEZCTDIBXZVKKAKKKKWSXKPN2MVA,B08M5GP4R4,3.0
AEHAOAYZZPRN6AGCPB57Y64JRHGA,B08T9CCXZB,5.0
AFUC7GTWCVAJJEZ5UX2FUYNTX56Q,B00T38U7HQ,5.0
AELPZ4L6SBDGVM6LTOQFTBJNHTTQ,B0B863M78X,5.0
AHAIHFJL6RGSQRFSI7RXMRJF3VJQ,B000CZ0RME,5.0
AEPIBDY5VZBDD46DVEAA5YDTJ6BQ,B00UTD0YG8,4.0
AGDGE45XMVECKBID7RUI5DYSARRQ,B004SX1BCG,3.0
AGUGTCTCOHWX27GP4HY7DXJWA42A,B07DWLYGKH,5.0
AHZKNVTNLZUHNYE56UALW5L376FA,B01E6ATMVC,5.0
AGMAQW3YOWHJHUEQ7XLVKCXEQ5LA,B0B4SGJRHR,4.0
AGU7QPHJEV3I223SCEK6WUYKWCQA,B085JXWDPC,1.0
AF7Q3BESM2J4ZGMO33U22NOH5N4Q,B08T2GKXNG,4.0
AG6DCMMH6QAKQBX5R32MBRHYPEUA,B09JYHK3KF,5.0
AGKK2ESNN5YDPLEM723AYXM6Q57A,B0764G5LLF,5.0
AFIQINUQGWBM2V77C6RACX6CB2KA,B09NLV5LBK,5.0
AHICPR4QVQ5FMDFSESYDMTT3BDZQ,B01C189D3S,4.0
AEC5F6TB3IB5HVKMUBAK7IHJ5APA,B019GYKGRC,5.0
AFZF6TKKPUMKKB63FCUUCNYUMUXQ,B0002D01KO,5.0
AGTW6EIKVNWE4ZGPPO4BOIBIEYMQ,B001GH4H3W,3.0
AEPETAF7OIZ533QUDAMCY7TZVS6A,B010AFGUXK,5.0
AE4YPIJSDXWSKOUGYF4SDK4SBLFA,B0BXT384GR,2.0
AFXFM5NXAVT4XKG2KKN2VKJNELLQ,B00LOAAPKA,1.0
AGDLSEHQJIHHVM4WEZW4TZ3UP2EA,B0BZD23GWH,5.0
AHROUXIVZXJZW4MO2AFN3ONK6DTA,B00HX9F3ZS,5.0
AF3NOA47IJLZ3V5SQBOAJHUYDFJQ,B000CCSWQA,5.0
AGTTMVW43RNZJSHQU6XL72TTTJJQ,B0B8SNVK5K,4.0
AGZ3QMLZOWSZJPXAPSTGORHBPVQA,B09Y1QWK5W,5.0
AG5VPLIV35AA6PZ26WYOLICVDSOA,B079SBHJG2,5.0
AEZIIYLOX32LD5NZCQHC6RM5FJPQ,B00MS7GAXE,5.0
AGUL5JPSQGFI3L577EYSVVN6UW4A,B00MW47D52,2.0
AFDSDZ4A6HKSIFVTISXLNY4KBTPQ,B07KYX3S8X,5.0
AFNKBT43T4ZU57H4SVLWIEB2RBIA,B009756KE4,5.0
AFZXFNKXADRAUQ2NEDYY267QINIA,B096N9VDL5,2.0
AFEJWAUYO65ISM7466PZBVNE6AWA,B0891WVCNV,5.0
AGQDLCYLRHEYZCPRSIASZ6O5IH7Q,B004WFXM8Q,4.0
AEP6P3KJKABIZ2XBA3OQKRHEB3WQ,B08DG2LV8D,5.0
AEL5CQ3X6KXRV5WYDVVDLDRSVXKA,B081F899LF,5.0
AHHGMWJB7XA6STPOVKYABUZ3X46A,B0BHSG5C3G,5.0
AGLNYIXGIWLM6XPIARAHD2MHUJQQ,B076GHR7DN,1.0
AHJLIZ2I33CYSBMESAQRJ6QOIKKQ,B07CLJ3X9V,5.0
AGCZ3QLNT5PPADTVY7CUGUI3VNPQ,B09KWWS7DH,5.0
AHVTPXABLBUBOHIQYQ3QQG6WR6LA,B0BNVFLP64,5.0
AE4PQQ2BQO6IGXVLTI6GBFCNC7YQ,B015XTFNP4,5.0
AFF6IT5MM7GHW5HLHWHVMWPFNUPA,B086RHFW8Q,4.0
AECHOIKAEH2LO65T5MXU2VEYDXLA,B0BKQ6GJ4Q,5.0
AHQD6POMHRBDXXOFWU7URVQADS4A,B07V3G21HX,5.0
AH523GWJBQYNOABIP2MMVG52UDJA,B01K1EJQ9U,5.0
AEENSLZS6WAJQE7GRMNHI74TIYYA,B077Y4J6LK,5.0
AE7H6JSPLCW25AV2FFZWUOMK4Z7Q,B0BRQGJZXR,5.0
AEEGBXTASTDNNZE2QXR5IIGX725A,B009B3QK1K,3.0
AEAMKS4TLLFDJGAGQRDRVWQKTTQQ,B07Y6TM959,5.0
AGTTMRIFEHUY465FSDBKHC7VO3QQ,B0817CVBLV,5.0
AGFYJV3I5PY4BEVYZ7ZF5M2TQ2MA,B00H7Y2ZXM,5.0
AFLQPQYPYU37DCI5FTQVUS3LRHAQ,B0C6J2DPBW,5.0
AEJZFZFWZWXIG7HSGPV7HHQXU47A,B07DKXHD23,5.0
AE7IOTV5KHC6JJOWIRCTXGRLPXLA,B0B5K9HNRZ,5.0
AEAGSWW4RVIR4L5BH4MVOV4X23ZA,B076ZSHQ47,5.0
AF7L5HEKBLHA2ZJV3W3WEJHAS6RQ,B07FY3DN6Z,5.0
AEI4IG2E3DB6EG77RG7QTQWIO7PA,B07DKZZPMK,5.0
AGMVV3CK2WFPFKXOMYX6F7KVQOCQ,B0BSGM6CQ9,4.0
AECRFIY3HZZG5KMU424HTLAKDGFA,B006Y2FUW6,5.0
AFDTKZQWHY7X7WCXKNI7I5OMV24Q,B09ZTWQPCH,5.0
AEHTWU2WWGU6QC77IAKXIEKJVDZQ,B0002ZPK0S,4.0
AEDUXNERFORVFJZGC54KAAYSVA3A,B06XPJHYDH,5.0
AEVXF65DTCWQ6CRAJNNOAIQRLNTA,B08NYC91V2,5.0
AH7XO376URXXCSK332KEPQOX4CKA,B0002E2O2Q,5.0
AGVIE3SEBXB423WTCXJXXU6GJHWA,B002AKVQK6,5.0
AEUGTL4YUP7YPR5GR6EEWVUBV72Q,B00RVE9X06,5.0
AFB6ZBPMGBPQ4P6AUSRS5A5DNHHQ,B00RWF76NK,5.0
AGRIXMGJZX63BYJKHN3B2MFPCSZQ,B003QTM9O2,5.0
AGMD22ISCSNBD7MO5OHF4X4OZAYA,B0BZK3X11C,5.0
AHDDXHXK7YKEQAT4XUIFOPHGXPOA,B07JCW1KGG,5.0
AGNUX6FLI5B35IF3BOO5UMHR2DMQ,B09CSNM1YM,5.0
AEVMUYW4QOI2KRXFKTAD6XHBOTEA,B0BPKH4HB2,4.0
AFT6HB5DLOBCIEFNEHW7LC7I5EEQ,B00BKXN9LS,4.0
AFGDL6B7XAOXCKQCPE3VIKORLA7A,B07H29JSW2,4.0
AHZHSRRNEBAWENEVOD7Y5GJJAF5Q,B07XW3XD9M,5.0
AG5NEBS3VFNQPNWGGXYQNRNAHQTA,B0BKR2ZM9X,5.0
AHI6VKDBMMW3SFIELB7FTNA23GLQ,B08MX4Z69S,5.0
AH2TYI3CFL4OKNP3UZ7LFILYMODA,B00C86FA0E,1.0
AHWXEOF3AV66R44YXMV6OL3GTLWQ,B082Q2Y9VY,5.0
AFGQTSA5VSAM326LO6ZKAIWIFK5A,B0B1989GQS,1.0
AELKTYI3IJD72NC2XNTKIBQXISFQ,B07Q1GKMHW,5.0
AE6BYVUHZCRER7JBO5CFHJEOHAVQ,B01M6C0Y4T,5.0
AE76MPFI6EGHS7HMMTW3SXCLVVKA,B0BKR2ZM9X,5.0
AFLCRJREMULJV5T7IK6CBKWUTJEQ,B015JTEBN8,5.0
AF6F2APVKRIOUONGEZECMR2B3CVA,B0BS6HRTYM,5.0
AGHYA4YWNDRQCRJIYMIETBE5GOQA,B077Z635YX,5.0
AFSBX23YWCK6UMDKJPDEE3JSHRTQ,B00YJ5C46K,3.0
AFESQMXWP4XIRXTUYYBEQYFUGVDA,B09LTZ1QXP,5.0
AG25BHPXN3IJ53EHA7JCLMPPQUDA,B0BKZ3GCGR,5.0
AHB23CY7FVVDASDABSXKUQBMGMEQ,B005KR15HU,1.0
AHXTCFJKNZFKU7LCHHP3X52UGHYQ,B0BGHMQJGC,4.0
AFUHPP3DU74RKKXMDTXDKRSQ2BEA,B0B3VKD9YG,5.0
AEY2NVJC7XMQF5GKEN3SAIPBN6FA,B0899N9BYZ,5.0
AH24AXIG2WSMXXKEJWCZOCCBYP4A,B07KDSZ2TJ,5.0
AGJ4XF6MVSXI2HMTCU4EF3JWNMBA,B0089NNAZ2,5.0
AG5SZTGY7NOOTMAAINWQFF6ABKOQ,B0006IHLFI,5.0
AFCLOTB3P3EXMIQAKAZIP3KGAYQQ,B0776RXV87,5.0
AHCCPJ5DAAMUBK4K4AM56752Q47Q,B07ZG6ZB6K,5.0
AGR2HGNGBX6TFVFHQFKXRPP4B22Q,B01LKYTQOK,5.0
AEGY4M2W2G7TDWBR5YPPSLPSKWUA,B0BKR2ZM9X,3.0
AEQP2NXBADXJISSIYTTUXUBBKVEA,B0BKZ51ZNF,4.0
AHPVI3OB4ACS2O5IZHURWVZBW5GA,B0BCK6L7S5,5.0
AFOMZPIYSXVAK3NJUCP6O5SXVV6Q,B0BKZ3GCGR,5.0
AFIMPB6NJRER6XOJECJLPEVZ376Q,B01DN7OC00,4.0
AEQKLE6U7TJCGBHR6ZJGSYBK53BA,B09Y5NZ8PN,5.0
AHQ7UIJUCTKYWL6SHF444WJYBZPA,B07T7ZSJXH,5.0
AFERHIL333KWT5WU7YKEOPSUPNSQ,B09TSX4LRR,5.0
AFBVKQ4TBCCIG7N5BOIREJ47BGEA,B0006I935Y,5.0
AHMISJPGXHEYASCQVCZF7HRA3HXA,B015HG7HMA,5.0
AHVI43NDUURIE32PAEBBA6XGXGOA,B015XDJB9E,4.0
AFYARBZU7G5SNM376QLB2LAN26EQ,B06X9KG3HW,5.0
AF4KMM2FTBZGXA73A2GREYOBPUWA,B012F2891C,4.0
AHCDQKCODVZFMU37AXNWP4ZO5DWA,B094CH1B9Q,4.0
AF45I3GRZOWVCAOUZTZP5GWKYACQ,B09BF8XDF4,5.0
AFVKFJG4GS3B5ZRY5WP4ZD4QRMHQ,B09857JRP2,5.0
AF3HCCRD73O3FDIBO2MGDFGSP6YQ,B07YK57N2M,5.0
AFPWFNBSJ2BTR5JFERVM3G36OGYA,B00JXOCJDK,5.0
AEFE5OPBDT3RILFM3R3IX7XO7HGA,B0C5CTX5LZ,5.0
AFVMYR2FFXAFJFA6PH4DKH74VWZQ,B00R2IPGAM,5.0
AFOXIZ6JE4V3UQTNXLLYRQBQP65A,B074G53Q94,5.0
AF6BJF7NTWXZHYV2R7EE5WN7GGOQ,B09857JRP2,5.0
AERBQKR3V6LV57PTQVWP23Y6GRQQ,B09T7NX5K7,5.0
AE66ZE44XDI6BJCJSOSKG6MBWGGQ,B08JMQR2JK,2.0
AGGNUHX7SHFNTW2BXMX3L6IQMVJA,B01KHP70Q4,1.0
AFQTVVXBTAVRD62ZRIY4VEKJAXCQ,B08R5GM6YB,5.0
AGF3S7SP4POWQFRMEHW3EKQLDQEQ,B07RYFLMKR,5.0
AE3AHNSAV2PKUMPM6VJDZVQBI24A,B07BFZ2KSJ,5.0
AFJTLZY2NBAFQGLY2WO3EXQ57IMA,B08JMQR2JK,5.0
AEGMU3LN7XWD4BZBYRUI3H3P2PTA,B07T1NNR9J,5.0
AHIC5S5WEMJBL4CTQTEQMMPXYHOQ,B00TXC247S,5.0
AFMLW345SNBGK3JEAORUARDH2XCA,B015XDU5C6,5.0
AEHEDFYDQJCBL4NAZQNLL77LZKLA,B09PWCF6T9,5.0
AHNHO36HHQWJMDOE4WCC6MQP6IQQ,B08BN4G8GG,5.0
AHOAWBCSTIAMPQ5NXRG55NPC53XQ,B09R2XFGH4,5.0
AEHZGXSDEAGUASHTS4WCKIZ2RAWQ,B01LEEWO7C,4.0
AEQZCIHPL376ZN3LRVIK7LKIO6IA,B0BFKQ9QXD,5.0
AF5C267YUPX3E6BS5SVVTOJ7MZRA,B015TBAAT0,5.0
AGWJ3WOKO6JPVGAPDSYZJCAOAD2Q,B08DBDD6CM,5.0
AHOIXO4BNOZJEF34VCBF2623OR7Q,B072HMBSND,5.0
AFSVCKU6P4HUUJKHLWQC5MSI6NAQ,B0BK9ZT28X,5.0
AFFQDI5IDC56MNBDE26K4N67JNZQ,B015WYRWYA,5.0
AGKYAVDS6LE7DD2FVDSRKE56R64Q,B072L1GZS1,2.0
AGACPCDVQI5PYLAMRF4N42CZ5JYQ,B07DWS1PTN,5.0
AHRHPM3CBEFVTPT7K3QMG2H5N4GA,B0BKZ6JR1L,5.0
AE7XSUWVSIIVOMXCCM5UA33WEGMA,B074QKLW4N,5.0
AHFFQF7F54OARQ2OOKA3ILYMRK2A,B09KWWS7DH,5.0
AGSE3WV7SGP44ULL3HPGIDU6BY5Q,B0151KT2B6,4.0
AHJ5E6U3NZBRT5TDYJIDVAR4WMVQ,B0C1Y5KJPX,4.0
AG5ZVXXHEXDYUUODSEQC4XXV7DPA,B0872CS1BX,5.0
AGASE3XTUSEWWXX6RV5KD4NDXFAA,B0002KZH9C,5.0
AHLFISEX2ZHKDZEVQ6JJUQW2FP6Q,B077GK1J7N,5.0
AHNIRBHHFJRLSXMGAII6GIZS6KJQ,B0B8LYBTXZ,5.0
AFPBAKD7M3P6L6C6M6OQZYEAJ5OA,B0072LXG2Y,5.0
AFUA6OB6SCWBKSYUGQD36JYUG6EA,B081T5GXGT,2.0
AETTWO5NLVUFBUSLI4ERXLEBEAXQ,B07CQMZVYL,5.0
AHN4URYKUCQ4N4H6ALR2A3W64GIQ,B08V4NHDD1,1.0
AG4V5XXWHDNHNDQB7LC53EMMVBBQ,B0C6LGVWBR,5.0
AHWRM6MTDIISQLIKSQ7WG6JYPXFA,B0BRSK33BC,5.0
AGNEJAU2YSULDNEJHFJKZ3WLDIQA,B001P33HVK,5.0
AFSPQJJT2RCSSSO3O4MO4IJPETLA,B0007Y18UA,5.0
AGFXIC7CBCZ7S6TAQSMYJTX25T7A,B00HU260SW,5.0
AHGKRZ7262OXWYK3MW7SRF6II34Q,B00724YJJ0,4.0
AGA4R2ZGTSIJHDIBLG23AMNKJ73Q,B0BT9R8MMV,5.0
AH44K3RPIQMVWG2G4EB5FPVIVUEQ,B08FYHSQTZ,5.0
AEMOOALRVX5GJZFIDTWBE6LD77CQ,B00DY1F2CS,4.0
AGBX2M3IT2QUEK7FH7FBJX3IIKUA,B0002H0BZU,5.0
AGOVHGOTW22CLVIRUIW4JG6BB66A,B01DBS2U9G,5.0
AHQ72YFKLA3Z7CUMMDNNVDPLR7WA,B003K16N0C,5.0
AFH6VTF4HK7G6XEPGKMJS54HS2BA,B00ABMCHOO,5.0
AHQCDCQ5VFDGM74DM7RQ737GTOYQ,B0B16WH36J,5.0
AEAO7MGTW5ZXQBBPPW7ZW5JU7OFA,B07DM7T23J,5.0
AG5QH47JHVYT2XEZI7TPJZIDRCJA,B00IFOTSJW,5.0
AHMRQ5BGO5EBOFVVGOECBWCNEESQ,B07S9X47LT,5.0
AG6FYGUMXO4TSTPFWPFTNHJXC7WQ,B0BK2ZTCWF,5.0
AGBJAE2I4KB4GCVNGK3CVXCPGGYA,B09RTZ26KV,5.0
AGPU4ANHDRQEW2M6F7AWFLXSXFNA,B08SJY4T7K,4.0
AFO6QHRGRZDTKQC6SI7V3F23EPYQ,B08R5GM6YB,5.0
AEY2D6S47J7ZNE5B5WHDGOMTBDRA,B06XB3FQKB,5.0
AHNG3NRGEDYO7E44QMYDHMBADPBA,B0B2LSX437,4.0
AHHHU6X343PMH2VY6SJIWTPSC74Q,B01LYV68RY,5.0
AHLFNMCO2C6QX2MXA67OMESJWMJA,B00X9OM9AI,2.0
AEDJWFGRV2TQQ4MBPEW2HWXBIJQQ,B0BT84L827,5.0
AHOEAFR76BBEHYKBUJOARRUUZXUQ,B0C5D8X3JT,5.0
AHEMAURZYRCARVTVF6CQYTYE4I4Q,B0BK5CXZBT,5.0
AFU3UIBFZ27X4ND7JL4WDM4BWWUQ,B0B927ZR1X,4.0
AEY7XWU3UUYRDIZRWS3BOL5WCXMQ,B01E6T56EA,5.0
AH7WTH5WIOSENLQKENY7ZFUKFFOA,B06X3R93JH,5.0
AHAR2WCDFYETREAF7SRKJ6T3RMKA,B01LYM0TU7,5.0
AGOTIZH7DO5TBSSAKDOMYQKDMDSA,B0BWSLC95X,5.0
AHT4MIYEH2QRDBU6EZSLLSR6DHGA,B07C91W874,5.0
AGZ3LEJIBPYXZZQ4PCMSOBFEKBEQ,B00WHLLDWO,4.0
AHWEFDLYUK65S6GKOH2OB5EZXK2Q,B08F8NV6JP,5.0
AGBIJYZ7IEINJTEABKHPXZYE3XCA,B00IYGR316,5.0
AG7OXBZLYEUB2RGFJE3M4YSODTQA,B01GV1ROPA,5.0
AGEJBHASBLTFJKEFNWWWQUY4BZBA,B00WJ3HL5I,4.0
AHJ6CRIQ43EJYLQZ6NA3BH5K76WA,B00L1LL7DQ,4.0
AFXAOSP6DVC5SKYKKZ7YWCLSZXVA,B001PGXKE6,3.0
AGY4LSANTCTFGGXVHUO6BBDARX7A,B0BMDF94FH,5.0
AHQZ2NS5S3ABY7JYVNXD4LCOD5MA,B000VJZOLK,3.0
AHSIQ6XXQM27XS53U5KJXPJQM7QA,B0713YCK3Y,4.0
AELR7SP5EGJFQ4CK6PEKBOXY3IXQ,B08R8FSFRB,5.0
AEZKUSCAQI233DQ5QHO33MLVQWYQ,1423414357,3.0
AFN6N6Q7OHAEP7FXRONUUN2WFO7A,B0BTC9YJ2W,5.0
AFMPAORO46YEZSKP237NKNPARFCQ,B07CBT4SYD,5.0
AHOEAFR76BBEHYKBUJOARRUUZXUQ,B0BSCF2FD7,3.0
AHQ44RQY4L6L5JFMEP6XZMRC7WXA,B0983RZ6P3,5.0
AFUDTLQNMIHNKJPLEEGTYG7JU3WQ,B0002F5IJ6,5.0
AGDUZDJQUH2MA6Q6RBVBVV7FIAIA,B088RC37QK,1.0
AEMUY3R5V2OTJGLA3HKDDYTHN6QQ,B08Y5QMCYQ,5.0
AECINQ2KJWDR5GR2JWVIAEPGR2SA,B091MZPYBQ,5.0
AE5ZMMF66YZVYG2JZLE3UDAGVYTA,B005SUS2YS,5.0
AGEJWLMA7VCEWQQFI4FOPYIMFW7Q,B0C3LHCRJ6,5.0
AFXCILHG52QQU6OVFOX6RNAWA4CQ,B01NBT5ZP5,5.0
AE4X6EDOWQIX7OUSMRWSAHHJ7HAA,B08JMQR2JK,5.0
AH4AZOJ2PGCRKTDED2SGZXOOKRGQ,B00TV90MT0,5.0
AGTIWTOM2GUUFVUU3FBFTFZBI6HA,B098LHYD3K,5.0
AHFZAFS6N6PCSICYG5P3BEEBO57Q,B07QKTLN2Z,5.0
AGOFGZANYMUDHB2NTVTOW63TG2RA,B09JMYM88H,5.0
AEQK6QPYSQNUNNZJ76ZMAPCJOHIQ,B08VCYR3T9,3.0
AF5XVNQXEWRDQHIEK4RIJU5JZGWQ,B0002VSRR0,4.0
AF6UOGIEDOPIQQVIVG4LISE7QJMQ,B09BFBHQ1T,5.0
AG4ZLTRHVAZRU33BPY5Y643IZXPQ,B009IWNWGU,4.0
AG5EBSOOD75MB3YZVBKH2Q5GDYKQ,B00466HLWO,5.0
AGXZVBAQ7O5AXLHRTNEZ4RPULYSQ,B07TDNWYSB,5.0
AGNM5MOSGUVFVLSCZHUDEMSAYIAQ,B01NAZMWZK,5.0
AH2OBRZXXMVOFKUQQUGXFSGIMYPA,B09G5KLKX2,5.0
AH7WMY3V55DTEND6PA4TH3BVGGLQ,B06XXND94L,5.0
AFNY2S3YRSPY6NST2O2SQFMSFRIA,B06XGSXWKH,5.0
AEZJ2TGHQC2AYUZFDM4Q6YX4LOHA,B0002CZVU0,5.0
AEDUKEXOU3LRYCIRYKYBXA72HGBQ,B089QRBZQ8,5.0
AEYZHA3LZJHOZJPB7AU75VO6DYSA,B01NCBLF4M,5.0
AENN2BGZN2YQ2OVGQTNXHLQ5W3JA,B00KZQ1VXY,5.0
AGBXV2ITIUNKFPPCLLWF6YLF57NQ,B07KDWXQ84,5.0
AHNLGFONIDYSUIPCHGTHAMDIRIYA,B0BHSG5C3G,2.0
AEBID3HKBMGORBEBUBAZWS2FFQPA,B074T6YNSK,5.0
AEYTL6EEQHOMLGJM323OWT7BENEA,B015G2AFTW,4.0
AHPD47TVAIQ2JBQNAYV7UOONY2VQ,B016B6YFDO,5.0
AFVSSJ5QSQBZBTAVR5XHF6UQQVBA,B097Q9W8MW,5.0
AGDLJP5QN4VUKOF7QJOTCCUVUGJA,B019OO4IY6,5.0
AEARB6VONAYLG7F3CJU234XIGWWQ,B0C3DPLVHB,5.0
AGHLAYBLKOMA7JAM2PKTKEQ7EOMQ,B06XG21X1X,5.0
AFDZ7Q3JWBSK3MEBNMHFMWINWDQA,B0BZQ1KTY1,5.0
AFFD2UVMFK6ERQ5IEVQTRLTJ5CEQ,B0C3BSXX6N,5.0
AFZFOI4JUMS5UFMVWPLAVQ3ZM2QQ,B000J5UEGQ,4.0
AHL4BCH2O33HFN7KSBTIJUHCJYDA,B075VHF7DQ,5.0
AGVA2XYHJXQQF27PYZPFTMFHH2UQ,B0BZTB9B4X,5.0
AF4QLGCACAZ67CKQBMSQNC6TIOSA,B0B8M2Q1DS,5.0
AGFSF44SBWIXPONDUSNCKXDJHYNQ,B09ZTWQPCH,4.0
AFPEIQYVFZWLQZZKR3OXZSMGSCTQ,B01LZ7ET20,5.0
AEY67UM6R2R2XFEAXAXMWTZ4Z5UA,B0919GK359,5.0
AH7ZHIIHLTW6SQQXSG4EHYYWTAAQ,B0BPLFP5P6,5.0
AGETR4QIMGHVFE3QCL3USO2DRGIA,B09M7F7LFB,5.0
AEAQIMWMCUGLGDAM3BRQ5LCN3CEQ,B00J989VV8,2.0
AECRC2FDBKONKCHSH7GPRZ4M2CVQ,B0041T53JY,5.0
AH6QSJEXBISHMQ3M3THWZAKMB72A,B018FCZKR2,5.0
AG2PW23TNWB4BYACHY7DDDTHCDYQ,B09G5KLKX2,5.0
AFGATCB23OJ4PTUAPGTIT2YZIELQ,B07YMGPV7P,5.0
AFZJTKAUHOMRSPYPQD5IHUVDML4Q,B09LJ2796G,5.0
AGFLLRNTYZI2ZIBXZFWZKDHOJ6PQ,B00HK1MLKY,5.0
AGJDAPR767ZLTFPQ2EH7SKIWCVBQ,B0BLJVX35M,5.0
AGY4LSANTCTFGGXVHUO6BBDARX7A,B00LMC2PNA,5.0
AH5D3TL2SIYIOBOHO6PK6HKB7IYA,B08R5GM6YB,5.0
AFCCD5FKMJUMFTWE3OYSV5TZEGEA,B07BSHS3BX,3.0
AFHIAAZ52G52AQAAJYBA72ZM67GQ,B09WHG3TX4,1.0
AFROGD4V43PJTAAXM7VM65I7MSNQ,B07S19XSPV,5.0
AGUQK3H25TSBTIMF3Q7DS7GPIJ6Q,B0BMT74KX1,5.0
AFB6ZBPMGBPQ4P6AUSRS5A5DNHHQ,B0B8Z76J32,5.0
AGR4KDJHASNF7ZOGNENQLAIKNYIQ,B095ZXXS1R,5.0
AEOFOAZVKGLSKNYRWXNP6JJXAE3Q,B00SX2L4RA,5.0
AFK3FEP4IDCJVYD5P3FISE4SIM2Q,B07CQPBPHH,4.0
AEXY6JTA6SOJZ5JDOXCHV76CDJ5Q,B01AZ0WPPC,5.0
AES6T2HMZFWRQW5ECR6H5PWLZUWQ,B0B8FSCM9L,5.0
AEM2SIMFDE3SQ4HS5QZROFANOY5Q,B09SHNT5B1,5.0
AEFS3IWS4TSNEFFNYGAMVG2ZHIRA,B00LIW7N9U,5.0
AEJ4F44RE3N236XNJBRKBGPPZSNQ,B0B8LYBTXZ,5.0
AGXYBAI6TANWRZ2Z3K2AJ6REMICQ,B08NW2SYPZ,4.0
AEIDDQKJTJKBLHHGL2PLHQJ3MBFA,B0BJ8WDC13,5.0
AENQIPCGFGPVCMZYAJK7LIBIZNQQ,B00378GEAM,3.0
AFHPCOEDC6RQVI7BKSRAWEBXLCDA,B00UTD0YG8,5.0
AFIZEMKLVYIDJJ5IJMBUU2VAVK6Q,B075R9BMF5,3.0
AHAMEWQLPTRHWH3L4Y3YQZCZXWVQ,B0BRSK33BC,5.0
AFTLHK6QS7EJ25AWSCYSJB6G6KBA,B07C3TXJM6,2.0
AG23AW56WZ7KPYYAS4A3YUDTYWCQ,B004THB99Q,4.0
AF7UCCPZPJPW76PNE2ICQPJUQEYQ,B002LJPL5W,5.0
AEIBJXOMYHYM2GHFZWFVH4OYSVWQ,B00BQ6KSN6,5.0
AGGESXOSTBKQQ2MZKYON3UGB4Y4Q,B088RC37QK,2.0
AGVMESCB42ALLXMQ2ZBMZKK4FCOQ,B07JCW1KGG,5.0
AG6YXEPL6ENWE4CTSAOR3HHPX6BQ,B0BPLFP5P6,5.0
AHL2XDBDBBVA2Z5LJO5HEJJ2KSKA,B0002GH8X4,5.0
AHAJHM77GJYG3R2V5324MAJAEYCQ,B004THB824,3.0
AGODW5MVZYO2NQ62TGD5JX2WPPUQ,B01EGPJ67C,3.0
AGNJ65DORLK5QTA3DVYWNSSUQ4XA,B092LF6RLS,5.0
AHVMIRIICYQJG2Q5VPS2IODOYWSA,B0C3LJ8962,5.0
AEHPI7DGK45GM4JO4PP25BE3RZJQ,B01BU6B4Q6,5.0
AHNF7ALJJC6AR2JJKRZKJ4ATQZUA,B000P5OULA,5.0
AERIMUQMCVUEN3D5WMGN7JER747A,B07CZ8QC27,3.0
AFCW3I4HL6FLOYFDC4PVL6AE4VLQ,B09BF8XDF4,5.0
AHA3ADHFLHTQLYAI5JUGNL2LZENA,B00AV557UC,5.0
AHWRNYOWY4IRKGIMFKZGO55XSKQQ,B07VSYFG26,4.0
AEJ3ZHB5WCOY7JEAKTNKGHL6KYVA,B000V1K7FG,5.0
AEIRBLA7WN4R3DFFWOUBDY6UYWEA,B003WZS2KU,5.0
AEXDLP2NUCSK7Y2O46Z4VIN2A65Q,B09857JRP2,5.0
AEP5MYJIGIGVOGCZ57SRBD27MIGA,B098QGM3JR,5.0
AGZXN4EM6PCRLAKT4VKOVT2CWJAA,B0064RTS0G,5.0
AHMQPD2G6YNBES42KF42BUNLXJKQ,B07N5J3GTB,5.0
AF3QYX47IGHZOZBFMSVMG4KQUDWQ,B0BK6T14KN,5.0
AF2RJAKC5JG7U5MUR67ALQ55GUTQ,B00RVE9X06,5.0
AFQMFCPCNAIEFZ6XYAOKNT5GNBTQ,B074JF4CMN,5.0
AFHER2NWLJQHNQ4BRB4NZAG46VCQ,B0BL2ZJ4B8,5.0
AEFWUZWVPTT6LVIPHMGXH3MJRYCA,B0179A4ILK,1.0
AEXAF72EML4UPYS4KTSBUDKBMTBA,B0BHSG5C3G,5.0
AGULNOJI6U4V4FUK2EYV6CJ3H2EQ,B0BSB9249S,4.0
AHP4SAPZJLPTWUNDEFRAW4B7QFDA,B08R5GM6YB,5.0
AG6SNOJ6RE3EYKRZ3TUMF5SGSKLA,B071V3MY58,5.0
AHZXMBKQJTVG2J7P7EB5WCYTOLDQ,B008TNAHXA,5.0
AFKA5LZ7M4GJMI5TG7F7NPAUGZYQ,B0BX8J1P8C,5.0
AESVETCZKXFJI5FQG7KUJQP5EHBA,B0822X83YJ,5.0
AEAE5ZVBWJCRQICGZHSE6QT3UCIQ,B074K1N1NB,5.0
AHDL4IHGUSE36PHTIS7YUMQM6EBQ,B0C67HCGBR,4.0
AG3HAPNQSMKOI362OW3D6I5XBUVA,B0B8NXV975,5.0
AHCLJLP7CSBBARBY5X77TUVRV3MA,B0002D03ZC,5.0
AFHIS4F6WUTSE2ECHM6MCDWRZB5Q,B00145EVJ6,5.0
AH2UN5Q4S5IPLNIUYX7BVJOXQG2A,B0BBNCY2VC,5.0
AFGBQJ4TCIXR7YL7DNUKAQ2RRK4Q,B0BXT6TM6N,5.0
AHEDAKOGZVW6FL6WOPJRYZTPSRLQ,B08BN8S4NM,4.0
AE7T6GD5KZP5TM2GFOZ2GAYBLK7A,B0B8M5FJ9W,1.0
AG6B35K3D2EOJQZC3E3ZLCRG5HTQ,B09857JRP2,5.0
AGC5BK42YHPDHB5BNMKTMADPBURA,B07CXK6MDQ,5.0
AGWRNWBMWLPNUYBD3GGO5LV4V2KQ,B00IPHSRN2,5.0
AGDF4EFI3JK6VZMPSZ5XILKZN24Q,B079TLFL33,5.0
AHZT6MVWNF4GG6FISMZMORKZKK4A,B08GGYMGY3,5.0
AH2A3MAH6GIWUIZJEOFXW2HBDURQ,B07D8WXDTC,5.0
AHDJSYNKXNWW2MQQPABYYMH7RTRQ,B0BPLFP5P6,5.0
AGCZN4DI7XPQZZGXKCHF3AQ7ZWEA,B00T275IR2,4.0
AEPBPML6HZCNA2CN5QARQJCIIHSA,B0BKZ1S7G8,5.0
AEXQ274ZUBUV3L33AKGLYEVVXUAQ,B00NPAMDQ6,4.0
AFT3YREYEF7HVUAP2SMI55RZDCJA,B07FZ5XBCJ,5.0
AGMOQRGZCULKJQE5GROUVEVGPEYQ,B01AH3RSAO,5.0
AEYKUQGCDH5A22ULXMYPWRQ5GAWA,B09857JRP2,5.0
AEIFVI6AID42FB33YBVLA63CJT2Q,B00WJ3HL5I,5.0
AHRTPQHFKDUQEAN36WDEY4BPTBAQ,B0B4STBJZW,5.0
AGWD6ZH66GXJDVRNQEGY77HOYEJQ,B08F9K24WG,5.0
AHKJHMFU4DUVYZDOPUA6VEKKM5QA,B08XYTW5S2,5.0
AFQYQWAIBLVTKHALRHNI7MVSBHOA,B087B6MMYR,2.0
AG4FC7EWZL5AU5M667BERCSVNHKQ,B07685T8FT,4.0
AFO6EBINMPEYJ4RFIZFB2UHUP2PA,B00615M2CC,4.0
AFMK4SIFYYQISG2YVU2U2FOCQIVA,B0B8Z6192W,5.0
AG5ZDKP2LXSP4RG3P4UJKAEPFKWA,B00IFOTSJW,2.0
AGK2NQ6CYM2O4ACVI6GOXCGAI35Q,B09R6W3B2Y,5.0
AHK2GPONUS4HZYDUVTK3AWLZZ5QQ,B0BZTB9B4X,5.0
AHBIFGZDADPTOK7CCTSWXQYVY7IA,B0987C2TBZ,5.0
AFGDTX6XTSPB3GYWZNA3UHXRISIA,B07NKRZ1KQ,5.0
AFOBBYP2YQDB66SOFEFONDKZUOSQ,B0BT8FDL8B,5.0
AEM5IKW5US4UFYTUGVJNYC3LD4WQ,B09M7CK2WK,5.0
AG7F7UFF5VDMEK72PAB7NRISLVZQ,B08R5GM6YB,5.0
AFPK6ZJ5T6IV5LGXOSF7BNR3MCFA,B000ZU4GTQ,5.0
AFGQH4JD5QBDF27M4MG6OJ7IXWBQ,B0B8M5FJ9W,5.0
AG6Q4C5BBGFEHIKKPWGACT4ALGAQ,B0B47KFZCG,5.0
AFC2DAKRFMKGNS5XXFUKY5P7TZCQ,B00WJ3HL5I,5.0
AHPWEIREBCNF6KADWSLLJFOTIY5Q,B082WVV4SF,3.0
AFOAW4ZUVJN3JNZEY5WXMZJWIFIA,B00O4GF3L2,1.0
AHUTI635VGXW43UNQRALJR6PURWQ,B08JMQR2JK,4.0
AFAADQEJDYJ2D6P5UY73XTRZICUA,B073W2Y8NJ,5.0
AHFFQF7F54OARQ2OOKA3ILYMRK2A,B00P0HHNJO,5.0
AFYU7L6PPUGCEG4QKNLBLABGJSTA,B06XDDXZQ8,4.0
AGPPGPYSRZIR32TZC3PWWHHK5BRQ,B09MMT45P1,1.0
AGBN34VVOPNSM4ZVUQWDVGJYA2AA,B07L6RCDP7,5.0
AGYHHLZIQQM7KVVBS7R6U7JKMUIQ,B00JER27MO,5.0
AHAR2WCDFYETREAF7SRKJ6T3RMKA,B07DL1L3M7,3.0
AH5HBA76JNM2MTAU7IJGFXEQEQAQ,B0951C4RGR,5.0
AHWSPVFV7CNKCRH4PKUILHJSS3AA,B0BPJ4Q6FJ,5.0
AEHIRJJMIKUH3JVDTUPRY4L2GFDQ,B01C5TBX68,4.0
AHGIBSFUX75SKXE57B3GHITHYR5Q,B078WLKYZZ,5.0
AFISKED3TW44RJXZH4FB7A3WWCKA,B000Q847M8,4.0
AHPLBHLPKEWMHIYGC24RK7BVWNLA,B003LPTAYI,5.0
AGA3UZAMOM33JZ5QFAPVV5QW42UA,B009AQZM30,5.0
AEST4VTEXAUUNNH3IJVJORDVZBNA,B08PBNXZYP,5.0
AEKHURS6TJTJMT7HBTG6TOTDJPKQ,B0BCK6L7S5,5.0
AF2ISMZOUHTYR6KLLBUL2VED3DUQ,B07CQ19T1J,5.0
AGASE3XTUSEWWXX6RV5KD4NDXFAA,B0C1S8XK38,5.0
AE677ZVP4VXXSIBJF4HLMB4WB2PQ,B0BR2WB9JY,5.0
AHOSMYGEURJT3QUKNKSVWHXBWZWQ,B0928HW2P4,5.0
AGOQL2C3KGTUCQCYUPNNCWEMPMYQ,B0BKZ5F8BS,5.0
AHH2KJPYNZUMU5FNTIM5J45DBR6A,B00S0E7268,5.0
AEQ5XB6DPQ5BJ5D6R2JCPHYBWGHQ,B0006GSEME,4.0
AGKH3QAKXJMSDEE2C6JZULGKESYA,B003BGXW50,5.0
AGUG5C2WFEGSACVXYG6AU556RERQ,B09KWWS7DH,5.0
AFL567XYUWWT4WOL4FEIADS6NZIQ,B0BSGM6CQ9,5.0
AHCOL6TTS5TK7LG7T2LYVIMHJSEQ,B07CC51PMN,5.0
AE4C22KHQVAJGNPGQWCMVW3Y5ADA,B0C4VSM51M,5.0
AFEO7UYE735OCSN7TC2WBQWERQAQ,B09PBL98Q4,2.0
AHYJCQYCHHT5FH6RGLT4PWUR6PZA,B07TV7J574,5.0
AEOPWU2ZHY73ZI26E4E2LVOCIN3A,B0BK9YKQFR,4.0
AGLE47TRG6WQ4SOAWUTKYVZYU3VA,B0718SMQXN,5.0
AGZ6OOWN2V53LYU73RT7ZDQCQV6Q,B005OZE9SA,5.0
AFOGOIQFHOLRR4I3NCUB33WFHDBA,B00JL5I8H2,2.0
AF2NRER4ZB2JIIMAA5ORIB5RGOCA,B09857JRP2,5.0
AEB3T7FT5VNOG2L4KJPRMIOLF3SA,B08XYTW5S2,5.0
AHHP427ENW2EDKHO2BJZDVKTIQNA,B09VVS2RYK,2.0
AFRQZ4GJKCECPIFZS7XIEHYLEWDA,B00UZ7JADG,5.0
AGOWSJ4ZAWXI37BO7ZQ4ACUFXWEA,B00IPGY11K,4.0
AFO5DUSEVD3OREGSEEPFDKVYV2AQ,B0007Y8GSM,5.0
AHD74WLDYHD2UVZ5NIYTLY3HRHGQ,B0925F8LPD,5.0
AFLAP3F65TW7PVSU6ASIF4F5QXTQ,B07FMRQVPN,5.0
AGHIR4KWLXYVMFC55FQAEW5PM5GA,B09JFZ3CKY,3.0
AEW23TPKWNRCLGGPK6P6MS3PLHFQ,B000K67VRO,5.0
AHPWEIREBCNF6KADWSLLJFOTIY5Q,B00UTELPGK,5.0
AFXLVYW7RDMXH2Z3I3Y4BY2634MA,B07NPR1S6T,5.0
AELTKUOPJKGE77UV2WFRTRSNZ62A,B0C67HCGBR,5.0
AEAJ5WLUZIZRMSRTJ4NZUKYTXCHQ,B00N19LGZ0,4.0
AF6EJ2XGS7POVJ6OHJUXOVWJN75A,B015HG7HMA,5.0
AECIT3NMW6RKABFS6YOCYX4YUYOQ,B07DLBZWXS,3.0
AHRSFWM7HT2Z3HIWSAOQ3XPRUO2Q,B00BQYODWK,5.0
AE3YNEQPU3BX7JSGG72XU5V2GZTA,B08T6X2974,3.0
AF6PIY6PZCGBM6HFZB6D7OWORVHA,B091MZPYBQ,5.0
AH55BBF7YI26IG2SQ4UVOC6UJZUA,B077PSQQVH,4.0
AHTTV4K2AG3ULVGME2UD6R2UFE2A,B003XKFHFM,5.0
AGRXVSLZ5ADADS2MPR55BHXGV36Q,B09PWCF6T9,5.0
AGWNI2VJFJGRZZEQFUEEAMJOZI3Q,B01F4QCP84,5.0
AFT5P5TGXEBFHQDQPSU7COEQGTPQ,B002CMLPYE,5.0
AEHWRW3PWRFQOIXVKEPJCY33O7BQ,B0BT84L827,5.0
AFSRUMHD6AOGSR5LMOG7AQJMTMGA,B000AAGM0M,3.0
AFAUI5YDY5SFUUER3ICUDP7DNABA,B0027V760M,5.0
AFCYUWDZ2F3DZB3S6FURGYD2VADA,B01F6WIX5K,4.0
AFYWORNWI66UAEXO5TTXFAP3HKEQ,B01AAX6KGY,5.0
AHITTEAFYKSFWHQDK6LQ3K7RBM6A,B01LF4C2QY,5.0
AFHDWGZWTHJNQIRYSW23WQM4Z2TQ,B016C4ZG74,4.0
AHPWWZH7QS2FIHAHNQJNRVOPVZEQ,B00G33N1F4,5.0
AGJGLCZKE5735HGK27G2B7QZB5UA,B004DE1K5S,5.0
AGPE234Z5X3X73B4DSG2DE3ZTG3A,B01EHJL652,5.0
AH6XAWAUUU7SDPRRVV3FALQE7WMA,B0BKQ3DPPL,5.0
AECEM4ZNK43ZUOJ7UO7FNOYIBG5A,B081P1SQGG,5.0
AE34NU2IK7BLZXXQ43STKR5W5JOQ,B0BSGM6CQ9,5.0
AGRM3B2N2NGKGNJMLYVGH6STQA4Q,B01H7B1JD6,5.0
AGN6JJ6HBB54CDDMDTPQF2BHYYHQ,B07DWLYGKH,5.0
AECDFP3R73WCEN6RFLPGUSU3DNMQ,B07G98F55T,5.0
AHI7BFFVBFZAQMUTWX7XVRX5AFUQ,B0BBRMGRTS,5.0
AF2O4GMP7Z6ZV7WZGJM5MGT27GAA,B07R3S93K8,4.0
AG5ZVXXHEXDYUUODSEQC4XXV7DPA,B0C4SQBLC4,5.0
AHRPB4XLKDWSAYBFEQF3M5YPGWUA,B079T9KWGQ,3.0
AETMPCLTYYDZPKDQOMHFVN2CFM7Q,B009YRL4OG,5.0
AHSAI3EDUQ7HRB2W2SOWGEXQF2JQ,B0037JT95I,3.0
AF5VDKIJH5MWPGQWBNEAOXEJQ5JQ,B00HK1LQ28,5.0
AHNP4UU7OJ6JDANT5Y67QGMCIABQ,B076ZNHZ59,5.0
AFANAS6ZJNZQ4H7OFWZF7LTQNIHQ,B09S2VB3KW,5.0
AGBBU5ZI6SNTPSVKYHUVUAPRXEHQ,B0B2C6TK2Z,4.0
AFVZZZQPULQQHTFSOK2MF5QYGZTA,B094NDQRJQ,5.0
AFGGL36KJJXEQTMHPERGAJ3ETG7A,B0C1Y5KJPX,5.0
AFGC3CVTWDXINUBXXD2YPCD5RHCA,B01K1EJQ9U,5.0
AHKNJUO7L4KX66JTJFCL7TDYPWTQ,B0864N9HRK,5.0
AGXCV25HDW4JXI5QQSJTIZUHPRHQ,B01CQQMLKC,5.0
AGUS46T3NLZERFSFY6634ON4HETQ,B06Y2W66F5,5.0
AEFCFMUN235NIXAZX6FDFT2JUEQQ,B001C9R5P6,5.0
AF7YHF2VCYZJP3ARK6J5GXZ7HZEA,B0928HW2P4,5.0
AHLKEQRAWNFROS6AKMQK7WACLJZQ,B07YJZGP5X,5.0
AGVKIQJCRMTLZWG2V6FTD3E4ZZDA,B08SJY4T7K,4.0
AF7E6RHOZNHXMOTVQVTGVYETOQMQ,B07DVX841V,1.0
AGVM3U55VHWHEJXRQ4IKLK7NCAAQ,B01BLE4SU6,4.0
AFJN3DGVOEXNJO4IZLXQBQXMYNNQ,B01CS87RGQ,5.0
AHNUN6MBXIGLPXDFX57V56LB3D6Q,B08B3L6MGL,5.0
AFAFGXMIMBAKH4MT77XPTTHE5VUA,B09NXQ86L1,5.0
AEAERSACQKLS4M54KOWSSPJVWHLQ,B07BVDGFSR,4.0
AFDSVXNRE2LCL6KR76GDPSVAUEXQ,B0B58HH8XN,5.0
AH7GTGJLT4EWVEX2R6FFKULCNDQQ,B00CPLODUU,5.0
AEGAK36V5XS6MLBKBB5HGZPXSZXQ,B07B9W2XFS,5.0
AHBGT6Y2NTDTMPCV4OGK4BJM7EYQ,B0B92LPGD2,5.0
AH4EBXBCNHNVQ5MKFUO62MZEVPKA,B0BFKKVQZT,5.0
AEPI32BVUBYNYBHBEY3IFIQF4CEQ,B075FSQFPY,4.0
AEAO7MGTW5ZXQBBPPW7ZW5JU7OFA,B08BJ37FNS,5.0
AFSMS4HPP75DQULTPV4E6CLL454Q,B0928JXFNF,4.0
AF56NQKSEMS5Z5BSWD6YFOBFJP3A,B00JL5I61A,5.0
AHMUFF5EOXLXLQW54WQMGDGWVDSQ,B0C6HZHZG9,5.0
AE5GKEAWEDM6RG75MEOIXB5QPZTA,B0BLLKKFR8,4.0
AFAJZUT63QMOLXZ657YAISCLHBYA,B0BCK6L7S5,4.0
AHQEBEMXOE2LUB3GSASWX7MENGIA,B0C3Q29DML,1.0
AGYVINGW4VBWAX5UHWUCW6AEJSWQ,B0C53Z9TDF,5.0
AFIMFNL4UWGNY3H2YOIA57JYINYQ,B004B470XG,5.0
AFWRDEJJALWBO6KHOOBCBY6DAXHQ,B0BHG58G2F,5.0
AH2H6UZNEA477XOPRQ3T37WXMBLA,B07KDWXQ84,5.0
AHEDCHTTKJDLZZ6Z3FTYKSIWAJMQ,B0BCL4K9GF,5.0
AGKANGAWO52ADFIGSOFLLBIV6TCA,B0C5PRQ9K6,5.0
AGMNAMH77QXBOAWQRR62V3NMOZ5Q,B08GPH33QR,5.0
AE5IB4R6UZSREN4KRIGC743OIZSA,B00BKXN9LS,5.0
AGIA3ZNA7OJDRHNPWVATX5FDCEHQ,B0B2YZYGMQ,5.0
AE45WDXXXZ4KORRG4QC26I6TNVSA,B0C62DP9WQ,5.0
AED4QAIZU74PMJLMYBF3SY55EC4A,B0B58JSMB7,2.0
AGRPTP4PEIYDDNEBAQU4FEY6KTNQ,B00WJ3HL5I,5.0
AHF7Z76TLU5TWM3UTOYQMQGFLFYA,B002H3EZMC,5.0
AF6B2MHYX44NXIJKLOQHXTUE54EA,B078GNPZ6X,5.0
AHVJ7UVESCIEXJDPRIYMIIBQEM6A,B007X60AZ4,5.0
AFGDL7A3J5VVF6VYJRHRJ7UKTSGA,B002LJPL5W,5.0
AHLM7WOXORQPFRE64ZHN2IV52REA,B0BT84L827,3.0
AFWFHC6WQSA7LQZVY4QKFX62EHOQ,B07B4ZZVDV,5.0
AHPCRMQVQYOVIYGCFBURHPSW4LPQ,B07SG2SGZ5,4.0
AEYN2ATYIHPXKL3JEC6FLXK73JAA,B0BCHG293C,5.0
AFBXPXZXOBJZI7N33THA2W5JGJEA,B0064RTS0G,5.0
AFC7CN3GHCUXCUS6EXYASLDZYS2Q,B01EB5SYDY,5.0
AHRPOGWS4FDBIU6LHAYGE3FOMEVQ,B0BKZ3GCGR,5.0
AHSRMNZAUSJKKHQM2Y5SFLXPXYEQ,B0C5CTX5LZ,5.0
AFX66HHUFOEYU34TWTIJ5G6UMUBQ,B08R5GM6YB,5.0
AHXN24SQSFO4TJAXQSERXXGLO5FA,B0B8Z6HSK5,5.0
AGK6REQW2NDSSDVNRVXXCNEQZMEA,B0BPJ4Q6FJ,5.0
AHMY4433RXWWWIPLL52FFK3KA2BA,B0872CS1BX,5.0
AHT6CZ4BD5P4I5VNBHCIT4Q2XIOQ,B09BF8XDF4,5.0
AG5FEKWGQDLOPZPCCVTDEL5TWMLQ,B0BPKH4HB2,5.0
AG5NEBS3VFNQPNWGGXYQNRNAHQTA,B0BCW884JL,5.0
AE4X6EDOWQIX7OUSMRWSAHHJ7HAA,B000J4I9VO,5.0
AGHARSG3LRWDNOAM3HVDWKJJMS3Q,B0B16WH36J,5.0
AGIORBOULYLRAG7GKTJGV5YEEMZQ,B087PKH93S,3.0
AGFSPZ7XOYCABXF6VYXQVWQRMO4A,B00117TFL6,5.0
AGLKS7VMMPLSNP2NANAUOBZBHGJQ,B01ANNNKMI,1.0
AGCC2TT463H4XT4GVMOXI2DPP7AA,B0C9NGP88D,1.0
AGNDNH6DN46HBFSB5IAFHIOO7DKA,B0095D5BF2,4.0
AHPWO7MKOQMC5DMP44MVALDZKWUA,B082WVKSNG,5.0
AGVH6XX42P6SIONXKWBKGJODPMTA,B01K9AMG8E,5.0
AFVYTABRIESKZ2WUA6XLENKB5QCA,B0C6K471PB,5.0
AF6MPNSZKXAGY24F7BGTGH2LZI4Q,B08XMGNB3W,5.0
AGARMVTKQUMBK2XJH2OSGVOBCCCQ,B01HCGWS2W,5.0
AGMDMA6XA22SNTEHKWHFQ2D2YN6A,B07MZYNZ1C,1.0
AGC5BK42YHPDHB5BNMKTMADPBURA,B01HUCYOXE,5.0
AHZAWZBAEVLGKNBGGTZII3JNHRGQ,B01DE4DPSC,4.0
AG2CPGYQOVZMGVEZ7QPN5NXB5ACA,B09397FWYW,5.0
AHSRMNZAUSJKKHQM2Y5SFLXPXYEQ,B00GESEQ4S,5.0
AED7CZI2A4UFHHKBLM2T55BK7W7Q,B0BT9R8MMV,3.0
AGZXSMUGUCUPIHVCQ6DFP52BVPQQ,B07NXZCM9S,5.0
AH5MY3FGKF67EXOLB7S2NXQBBIMA,B088P5X4RQ,5.0
AEI4IG2E3DB6EG77RG7QTQWIO7PA,B0BKZ1G3P3,5.0
AGZMJNIBVOGUJC5VGQ3EXLRUINSQ,B01HFRDEI0,5.0
AECLUCEGCHCODEK2QSY2UZFESGJQ,B0799734T4,4.0
AEVSTHVHASQP4BSETOKS5L42ZU3A,B0002H0LDW,5.0
AGP2BAEBBIE6P7XZAOAIUFYCEHNA,B00PZGTVAE,5.0
AFHLVH6VXUGE7VFXVZHQ5JEQWOCA,B07Y6TSTS2,5.0
AESDNHQRRZEWTZF7A7TFFFTSNY5Q,B00HZH4D04,4.0
AEMAZ536TDHVN3TB7NI6AWRO2RFQ,B08R5M2FGY,5.0
AHLVMWREGLYAOXZW3YPMPGU555ZQ,B0099DNZMY,5.0
AG676CNM5GFRUZQUFQCIWAWHKZLQ,B0012BPMHW,5.0
AFKXLVV6Y223XWWFAGFRH7ZG5AVA,B007BR5PWI,5.0
AECK5JRGPRBVXS5BV36PBXG4UVWA,B0B63DPVDK,5.0
AGDR5UXGHUY2HYK276OUE7J4T73Q,B008YGONR8,3.0
AFKEYQICSZOJF2UUKZK6QW2P3C3Q,B07QQLLXBG,5.0
AHCIO4Y7MASS5GHGAZNOPPTXFTVA,B0BKZ3GCGR,3.0
AG52A6Q7CTQXG244EUIS7KWFVOGA,B0B8NXV975,5.0
AEJ354XETZRIGFKZSCQ77RWYN2ZQ,B00WE6INNY,4.0
AEOAVQQMRY652RTKHFB3L6Y5TYIQ,B07DLBJKMR,5.0
AHDPEFTXF4GWDD57WJRM5SVE5MDA,B0B9LKKBHK,5.0
AHUWTBLGZWOIE4OYFO56IOXKJMOQ,B0BSCF2FD7,5.0
AFA465EKUHASW6EOIJZERMAKI66A,B01HRLREKI,5.0
AHIHHALU5BBSJTZDS2KKQJNYJGMQ,B07N1RPV4J,4.0
AEOF2U5P3PEPOLGFUQBHOA64YJYA,B0C3Q29DML,5.0
AEI3JK3NJTVVB6RQVVJXFYWBNEYQ,B08MTVC27F,5.0
AG6MB6ECQOKI5LMTUXYE7NCQYQQA,B08881TP55,4.0
AGCPKJ6ERXDP7M3AI45P3WMW7KAQ,B00IFOTSJW,5.0
AH7UMWKEKWHRAACBVZQVJGOP2DCA,B0BPLFP5P6,1.0
AFFPCRIHLQNCUF3UHZKFIO7TWK2A,B07D4QCBX4,5.0
AH2L4HXWXSECI3SMTHE6YB3T56KQ,B00E3X5USC,4.0
AF7IKYKBWRTMMRKSY6EX6XUVROSQ,B09V91H5XM,5.0
AHWRZNV5QVHOIMWAVYREEKJLKSHA,B002Q0WU3W,5.0
AGGU6YCHY6BLNPTJ2YAU4Y5IKJJQ,B008FDSWJ0,5.0
AFBIB5XMB27ZIUM3YDTESOKSLLQA,B093YKLWVN,5.0
AFVRNSWCGZBFH6ZSULIFIHW55DGA,B07KDWXQ84,3.0
AGPOYZY5YU4FD5PJPXT3UFCRBK7Q,B0C3BSXX6N,5.0
AGRYDY7V7RLYLKDBPMIOCLIZB35Q,B076H8SGMB,4.0
AFWI2VMSLJZKN7ECI2GDNC3CX6DQ,B07B4XLP57,5.0
AEQFIGS5UJKWTXXLHOE4KJ32RYIA,B005SUY9H2,5.0
AGEIH53JJO4GZZVOM3UQVWVXJAIA,B00JER27MO,5.0
AGG3TGNIO4ULCWBMCUW4NHZZ4BGA,B001BYLWD8,5.0
AHE7II3TJOEA3VFD4GBUOSJCIGCA,B0BCXKYXVN,4.0
AF53AY2WWHOPWSOXUIEV6NFQLMUQ,B000G3MV1W,5.0
AGLTZKRU7DBJUW2ETIYDCZTX35PQ,B00YJ5C46K,5.0
AHRQYYKEOUWW5HJU3RNRCXTXKAMA,B01M7TE7LX,5.0
AF72QOH3CCCECJGIBMH3ZZQZ3M2Q,B0BRZ92P9Q,4.0
AHTCJK6Q37Q2W33CSKNPKZGTII3Q,B002Q0WU3W,5.0
AEE6H6VC6RTWJS2RMXUJCDPOY6NQ,B06Y275GHN,5.0
AEZIWY5MGFWEIWELVGYQBFWPK4IA,B0BHSG5C3G,5.0
AEB6NY4IDOJQTFCHNUGKOKLXCZJQ,B08R5GM6YB,4.0
AHJYXFSJIGSKWCQ6IIB2GW5SN7WQ,B073RQ3DQX,5.0
AHABCXD4YCPXXENKKC344EURZCCQ,B002KI8X40,5.0
AEGFQ5OD5RN4XKYGLAWEDH6JLQXQ,B00B5LDMH6,5.0
AF7X6XLGYRQI5U7QKL3ZMNMICILQ,B0BPNMSDGB,4.0
AF3FBHCAUSTHXGTODQONDLTDVQ3A,B01DN7OI40,5.0
AEQFTHWRKZ2T2LMV47WVHRSOKZGQ,B0B3VKD9YG,5.0
AFBYX46MQBPS42YYFRO6QHRKKJEA,B083KJ7FKH,5.0
AEOS2ALLIKEV7WLIPXWG2346HAZQ,B08P76P2K3,5.0
AF3NOA47IJLZ3V5SQBOAJHUYDFJQ,B0BK6S8QDW,5.0
AHLWBN3XMEJUKJQECDTG4PZYDI7Q,B01CS87RGQ,5.0
AHPVFKJE6V7RH7SNKDP5VK5GGCKQ,B0CCK4YYNM,2.0
AFDBKFO3VADYLJ73J6P57DEBPEKQ,B0928HW2P4,5.0
AET6JD7MK2QJAPGVTAML2L7TB5HA,B07Z63HSZ3,5.0
AGVBT7ERKE3PKMRFD3SC6ST3QAQA,B0BSR996X8,4.0
AFJQQWO6VAZCTTY3GXNB3SEUU34Q,B0002KZHTW,5.0
AH4MENCROTJQK7T4D3NVIK3E7KZA,B00B2N3XU8,5.0
AE6PGN2WW447FQCQ7CQFTCO4L36A,B0002GYVZW,2.0
AE4KCU73O4KSJOQKPLC5BG4B7RKQ,B07CQS5DJV,5.0
AHXGY5M5CQQMIEJZTSGIHGV7SO5Q,B0BTC9YJ2W,3.0
AGWVA2PPESBPQ5XK32DPGGH7KHRQ,B0C3PGFZ3H,4.0
AHFBAA35TCBSDKD6GKRIZG7IGQGQ,B00T275IR2,5.0
AFFCNEJLNMAUSBFDTVL7TDS76HHA,B0BJPLQDWD,4.0
AGENKZMKGVCQIKH4A62NSRPH3TSQ,B01MRJUB7Z,4.0
AEQN6LLSZSPI4O7MABHJXYA53RXA,B00CPLODUU,2.0
AF7DRHZN7CDCVGL5PJPIADURT6KA,B0BSGM6CQ9,5.0
AG24WNAXFQL7GMVNARKGAZMKBBJQ,B00I9FL3OA,4.0
AHJTAHSOTD635R6J2KKZG6WVR3BQ,B07S19XSPV,5.0
AH5UCNVRO2WQGUDHO27YM67VRUOA,B07S61KXPQ,5.0
AEXWONTZWMNRENRFG6ASVUCWNXLA,B078KTV8L4,3.0
AFVSSJ5QSQBZBTAVR5XHF6UQQVBA,B072MRBN4G,5.0
AHENU2XO6JW65OCUTQ6VBDFM2ZHA,B0B9SJFKY1,5.0
AHEZMZ7VYB4BF2DE5QV4QFNQIWGA,B00BBPKZIU,4.0
AF7CC34DK36SQJS7WXI44DREGWJA,B076K32CH1,5.0
AFOWG7WVVQDQFY6MHOFL7MFPAG6A,B012VQ5A7S,5.0
AH7B7WKKAQETZ4U7ZIVHFR7IZGKA,B08N325W3L,5.0
AHDONNGPHQ62BJNMUCDN3V6WQMEQ,B0BR2G8WYG,5.0
AGCVCVBQ5PECVBEARVIAQKDWKV3A,B0C4GJM9J4,3.0
AG5SXV4XRKBOZMKDGST7LB3C643A,B00WBCBQF8,4.0
AFHPDLXI5LH52OFLZSP4KUBTZ2UQ,B00X7DCM4Y,5.0
AEDCSOZMB6ZTI55JIPKJXEKB7K6A,B0002D00FK,5.0
AEFMUJVOH4TJSOXWZS2TEJXEGMKA,B0002E4YI8,4.0
AH3C3NEQAIGMBODE5BMXKSRNDFZQ,B0B3VQQ6XY,5.0
AFNHOWRHARD3M6T2NVPQ775AH4MA,B0009G009G,2.0
AGEJZX3P4KTM6A63XW7IS6KYAKZA,B016CKAVRI,5.0
AF6K6IGXD3OMCVNWQEP7CYUZXYSQ,B004MN9GWY,5.0
AF7VRLJZIRYWVNXMW2SAFC3LZWMA,B00WB244XY,5.0
AGPWTBAKWEXJIJLZXKEV7T2E37AQ,B082WVKSNG,4.0
AGYNPZM3W54EX4GURQLXCNJOT6KQ,B07MQK9168,5.0
AHX2MR6NLBEPURAZZUYFARJVHSEA,B083BT49BX,5.0
AHAE46AEKDCLIR564PEQWOO4H4VA,B078KX8YJD,5.0
AHDMFMMBOWVOTXAQMIV2KOPM346Q,B07BJ728GP,4.0
AGETR4QIMGHVFE3QCL3USO2DRGIA,B0049BKIF8,5.0
AHSCFIE2HGELN2X4RRAPIRZYZLDQ,B00F20MIC6,5.0
AF7QMGYZK5HO7NP62SFS3NFGZW3A,B00H35YIJE,5.0
AGB6YJDQ3IJ2F2RVS5GLNRHOKRYQ,B09CD32F7Q,5.0
AE5ZMMF66YZVYG2JZLE3UDAGVYTA,B0BKZ61YJJ,5.0
AE4OEJMTMMN67HAFXYTGCW5LDVBA,B08SJY4T7K,3.0
AGBQ3TX4QYWQQOW2DBADLGOJHQGA,B008TNAHXU,5.0
AGELXEQ7HQL4564TYOBFJSOPBAVA,B07DVX841V,5.0
AHZAWZBAEVLGKNBGGTZII3JNHRGQ,B001383XT8,5.0
AEZ43GMRWM7Z5RJC7MKYGQYWADIQ,B0002H06X2,5.0
AFO4VO3EMAEWPOST4DIAMAEB7ICQ,B071V3MY58,5.0
AE6QHO4W443XFTAAWORXJNE2DSQA,B000PGMSZY,5.0
AH44B5QNONVHQIKM4BOLW2YF63YA,B0B8M5FJ9W,5.0
AFSV7TNCJP7V2OUPWNVO6YWM2HZQ,B00WB242X6,4.0
AE7IRQM2JRJU6YZ23HD36B54LBQQ,B09PGW1W7R,5.0
AGFB74WQOHVJP4PGF5QOXM5CXYQA,B001XWD3LC,4.0
AFTPUNQ4NGIKJHIEUAFA3GQBUY4Q,B00646MZHK,5.0
AHA4C72NXTSR4V2TQQUIBOQMWYPQ,B09H1JQ8L5,5.0
AESEUN6IBHLP34ZCQFUXJ3ODEUJQ,B07CQMZVYL,5.0
AHK2NL4CMRVKTZO2ZZ2JFPES6WZQ,B0919GCCBW,3.0
AFPYPYWWBNPQKOGF3SANF3ZDQ6PQ,B0992VZVKN,4.0
AGNEOQLGQPD2NKSKBGFCXAZ3AW2Q,B0B3LJZXK7,5.0
AGWK6CDT6HOBXS6JJEWZJUQRUTZA,B0002E3FBA,5.0
AFGFNA3PKGMAQWQVH5A4Z5CD2QFA,B074FL1CP1,5.0
AEY73SCG2WZ5KCSL5WN6T75P25UQ,B06XWLXCFC,4.0
AHLEUWSV62G45HPULLFAIUFLWEJQ,B0002Q2DE8,4.0
AED3BMXQT7LFTKWZCNTVOKEE4GDA,B07Q6Z5VK9,5.0
AE242ZZNGN76NJGBHE5ATA73NBTQ,B01N5QJ0LE,5.0
AEL275DNGFTFLIFSPTKDR6VJECUQ,B00Y4TY3JM,4.0
AFRGWN2OQMXTMFUCW7DBTJXXZC5A,B099NYHNRG,5.0
AHC2LMWC3UATTZVVLQCXG63ZS3SQ,B07ND4MZMW,5.0
AH6CSA4SAY5PP6VXEE2MLQU2UZTA,B0010XSZ3A,4.0
AFRUTEYFUJDAUASSQADZ3UQJHXAA,B08NVVLB16,5.0
AGVDWRJMULIAELDXB6WAOO27RYPA,B0006ZJ48I,5.0
AHWUVM45AU54BXX7DEEQTEHVPWKQ,B01CNAN5OC,5.0
AEMPFCS7HQ2Y6NGNT77N7LPZBUXA,B0BQM98L6D,4.0
AHIZ52ZDJJRFKA2Y3AYLOLRJDSZA,B09WVFZPLS,3.0
AHP54DEEFACVFPIFX7KZ3P32ZYVQ,B09LSLS83Y,5.0
AG5IDHF3GQJ66NX4SUVVMD6AJCWQ,B08YJ5GQ9R,5.0
AE4PQQ2BQO6IGXVLTI6GBFCNC7YQ,B01N40YZZQ,5.0
AGMYRILPTJDOK7WL5OYHYGRYVXMQ,B01HFLKO6G,5.0
AHKPGJ5HFA4I7IKUHBTMOSFSKUWQ,B00XC2AQN4,5.0
AG224IRACLTGD3CO745GKS3UQIVQ,B001MQ9Y5I,5.0
AH5HQDMJMUHNEFQ6HSU5C7WCS75Q,B0179C3SQO,5.0
AFT5P5TGXEBFHQDQPSU7COEQGTPQ,B0002GY10M,4.0
AEHZ2XPBR3DD7KQKP5QLUMNEJEJQ,B000W348OO,5.0
AF4YDYJHJGEIVVUG3BHTZ7DCQY5Q,B01DE4DTAG,5.0
AHW6YFBKYIN5XRPR3KVBB77LKNZA,B06XTW2R98,5.0
AE6JEOKRGHXGAGA4FNO4YA6OZHNA,B09NLHX8VR,5.0
AE5VICOXJ6XHMLISRION3NBJ54OA,B07DK59QNR,5.0
AFMF64BUD7BO2FCMXDY6VYF65POA,B09JGR9ZG7,5.0
AHIBMAOLVIYSJGHVEVN3TJLCAXBA,B0BKZ67C9F,5.0
AG34MRPZANUVEV5QIJEZ4JEQ6O5A,B0BCL4K9GF,4.0
AFBLIAES35IGAZQJZLCLOWAS3SXQ,B074WXM13T,5.0
AHLEUWSV62G45HPULLFAIUFLWEJQ,B008L3SXE8,5.0
AFAWEQ7RYCWPUSBA7SRPFWREWOCA,B0002KZB8E,5.0
AE4BRUKTU5WDWF7UTC2B5Z2GTZKQ,B07N83Z3W7,5.0
AHQGNHYEMY2THNZXZZJAT3VS4FIA,B000B6FADU,5.0
AHDXU7C43XRQRNTX4FBNY2YHDQOQ,B09CPZ2QS9,1.0
AGYEKWJYOPP3NHI7QRNVOPTOGTNQ,B0BLSLKBCQ,4.0
AEOG5GP4YYOR6T7H4DTLTH5VXEVA,B07BSSS8VZ,4.0
AH7TL6PVUTX5BIN72WT5G3DENC5Q,B07D4QCBX4,5.0
AGUQUN4TIWP46MPNHP5QOPOPRFPA,B00CALHPGY,5.0
AGC7CFOW5DZ4EX2QVNP6ZRSDDLFQ,B01JJP71Y4,4.0
AGBB2ZXVQGP55MT6EFSXVDRBVKHA,B0BT9R8MMV,5.0
AEELYEJTMEJC2Q7TLM6B7SODDPEQ,B09B45DLQG,4.0
AFXXPUL3WUJA5N7OHL2WSCZUJORQ,B0BRSCCL39,5.0
AHELCEBAXB4RHDYFRDA2BAY7B3GQ,B072WPD8MY,5.0
AFOLIN4WBEQKBXBI7TONI72PXJWQ,B01N5QJ0LE,5.0
AGWI452C24HVTPJSA7KWM3HNOUBQ,B09GF6NX3X,4.0
AF5XVNQXEWRDQHIEK4RIJU5JZGWQ,B015IJIO5U,4.0
AFE2ED3TOKZKTVVMV26F7DO7THZQ,B09DR91XCS,5.0
AFRTBHHXZAQDCTONAS632OGYDJOQ,B0B8YWPB3K,5.0
AEQGGWXHGCZIDMJB2Q5D4VS5TH3A,B07KG3SDZK,3.0
AG3XSRIN4MQBL2AUGOPEU6TGCF4Q,B09BF8XDF4,5.0
AGS5T2BWF5GLMFHWDASCPV5VDOEQ,B07PRBM1QJ,5.0
AGSIYEJTA3W3WHYOMO3GZ4LFDQ5A,B072FQ4D31,5.0
AGI3F3UMKKPXGAQ474BDITAS3FDA,B07JNKY9T8,5.0
AEZBBZPGTXZF2JQ6S2PNOOSHZFPQ,B0C3LKF6VL,1.0
AGKJNGVNDATZRQH4WSSN4OJSIQKQ,B00UTD0YG8,5.0
AGNE3LTUI7OD5OEK2K3K6NHMBUOQ,B01MG3QVCK,5.0
AF37R5H65LWFM44HTVZUH5WNWA6A,B07RG6P3N1,5.0
AFSKOXGAKKYKA2UDMHUGHPPT7W7A,B0BW8L9WF2,5.0
AHXOER5GYRVR4LHHXTDAPROJKQGQ,B0046A04LU,5.0
AG52TQ6F7NLG5WBLIK7Z4QIKVETQ,B07D9NK1S1,5.0
AHVWPYPNAPJ4H4YHHPCXRX5MVETA,B0BTC9YJ2W,5.0
AHRJGEBB6MS7KB3PFZOXLGM6S5HQ,B00T0S0SPU,5.0
AGNVDPYCZJ26J44AIEI5BZ3ZPR5A,B0BHSG5C3G,4.0
AG7JPPWSBNXRF6BJXMCXYPM3ENBA,B003AYRK1K,5.0
AGELPWHIAKFSOSPQHTLHLK64XBYQ,B07PYQM5RY,5.0
AG3ONYTMKA2UJNUBSMMD5YG2NS3A,B0C3BSXX6N,4.0
AH7WMY3V55DTEND6PA4TH3BVGGLQ,B0872CS1BX,5.0
AECH6FKMNPEVOR27FIUZR75DDMPA,B08C9YWGNM,5.0
AGKSVIURJH4HT2U76B25XBTWALOA,B003XJ4O2A,4.0
AGDFJXOHM2MEED3KPC7CRRLQPNVA,B07GBQ4LGV,5.0
AEVBHGRN6HBLVJIVMW75XOG3KGRQ,B074W6S6K9,5.0
AGHRTUDVQTCLQXO4QQ3PBNCL7EOQ,B0B8M2Q1DS,5.0
AFTU5SMQVGVFIYFGD26EO7OMVB6Q,B00X7DDGBW,4.0
AGXWPCGLCV23BLX7CDUE2R3ZHKQA,B09SH423ZY,5.0
AHJN4WZBHT3PRYJQOXM5K5TWZEIA,B0C5BMZ1K9,5.0
AEIJ5TAWHBJYV5SRKSYTO6RGSQ6Q,B00MXUIYNA,5.0
AGWD6ZH66GXJDVRNQEGY77HOYEJQ,B0010SHU18,3.0
AFCLOTB3P3EXMIQAKAZIP3KGAYQQ,B00T3SR9ZO,2.0
AFRUEAFOS7NHZ6FXCVPJZS2N3W2Q,B0071NO7I0,1.0
AHMMD7VGJIM2NEEJVA2VZZU4S7RA,B074QKLW4N,5.0
AH4A5EHENGUKTMJ7CT4TP437BAPQ,B074VRW7PP,5.0
AGDEUEHXRVCWANF6PENBUO3PDUKA,B00VYQABEE,5.0
AFQRTUCR7DFM5VF7B22WKF7YEKUQ,B08R5GM6YB,5.0
AETTWO5NLVUFBUSLI4ERXLEBEAXQ,B0BZQ1KTY1,5.0
AGKTBKXWB7TSHCSCALSFSEL36QNQ,B0002D0LBI,4.0
AGQR5XCLTZ74WOY755VEO22L6N4A,B0192JRA2A,5.0
AHFNLFAN42RAZONLGPPS66YTUEBQ,B07NF23KMM,5.0
AHKNE44SB2XXRTY5A2ZWFK4M7Y2Q,B001EL6I8W,5.0
AG6GUKKGVG5WSI6QTH7S6JW54NMQ,B01HTG4WG0,5.0
AHXV5FF4VTCGDLSZNOWWB3Z3MGGA,B07ZW9R1XK,5.0
AGGMEERVIX4WNT4TIQ2A2ZMTCCKQ,B0062NUUW2,5.0
AGPS4MKW2SPRUBQTEXHH2EM6V36Q,B001GDJQTG,5.0
AEFJHW4IR337Q33F42JL3QMCMRCQ,B000WGJ71U,5.0
AGP7L5XOQOBUV4R3UZ64ES7F3YPQ,B07KW6VM9X,4.0
AER7II5DJUTMN7NZM2OQDRG7TMCA,B07CJJV5BR,5.0
AFPG7J4AME6QVSARKPXTOXWUR6DA,B075RB1KN7,5.0
AFUGO6TJPE6FMFDFFGT3UUTHTHVQ,B07MQJQTR7,3.0
AHVGICSVXM66E4SXX23PH7R3Q74Q,B07VPLFNYM,5.0
AHA7W3VGHBJTMU46T2RM752HJY2A,B01DK1ZGSQ,5.0
AHPASVFRV2SQFYLCAZSEKB4FOGIA,B07C91JT14,4.0
AG76LKUDAVTICNQWJZ5V4LILAN3A,B075GQ4YP5,1.0
AGVT5E2C6WNOCFYSLOCPAPBJOIKQ,B00IFOTSJW,3.0
AFZ7XFQI7X7LQBKVIIPVNTMLGI3A,B09HD48CZN,5.0
AG6XP7YKD35LKMAUTT2SPLCKKXCA,B00CPLODUU,5.0
AGUAR5LOTVA6SHQBEM5NYSO2EAWA,B07Q6J4S89,5.0
AGFWN5S6I4QHRUDQYYS7YRLUGIIA,B09Y65YVMY,5.0
AHDSPCS2KLFJZYAWCB33VTXCBUWQ,B071JZNWRM,5.0
AFYF4XHHCBIOT52VMRZ6W7FOJAOA,B09TL1FRLY,5.0
AERXAGU6PAY74OIAVZQKU5ONB3NA,B003OJE8LQ,5.0
AHTDSZE4JNAV4Q2W6ARS6R7DSBGQ,B01FG29LFQ,4.0
AF5KJIMQXNEY7M5U5YM43QPCO4PA,B09V91H5XM,5.0
AEOBE4N2IOVEVU7RAFPCVLBBFBQA,B08MVNHBMZ,5.0
AGY2DCIBLZTHBQHNFL7BGGHKIMFQ,B003HGFRO8,5.0
AGULNOJI6U4V4FUK2EYV6CJ3H2EQ,B08BH7KHSZ,5.0
AFFN43XNWDLKRHFQQZJR6IDI3FEA,B08NVVLB16,5.0
AEZBPDYHMCAJJ3Y6EM2ACUAOZIEA,B018DMSNQ4,5.0
AHD7BRPWD76N2HAKPHG7GQC2LQ3A,B0BLJWTB36,5.0
AGFX4QLI5ATB7UTCF225IURSJY4A,B08T2N27DG,5.0
AEDGH4ZJ4WGGFP2OACMNEFL6XK7A,B0002F73YY,4.0
AFYLZIHVNNEAOJTF5UPHYCNHHROA,B0002E57D4,5.0
AF2HAUDZBKQZM5XZ2DM4UPO237UQ,B01LXTBO7B,5.0
AGJBLM6O43DUUTQI52GRVVR6YDFA,B07MZ9DGMP,4.0
AHQSUITFFVARCQ4GGCH4EBYGOWIA,B009EM7MZG,5.0
AF4VXDAABTQBQVYTY66KGI3OQKZA,B07NDJ1HSG,5.0
AEJWL2VCYD5DYYK5KTYHBTRTTUVA,B0B52FBC66,5.0
AER6WLSJPBPNOZIQWVHQBVOKTNCA,B06XB3FQKB,5.0
AG6EDKW4LTUP3EKVJUFQWJTF3AYA,B09KR857F4,5.0
AEST4VTEXAUUNNH3IJVJORDVZBNA,B07Q6L4YMC,5.0
AFVQQLENFSRWGERDSJAIIEPSGCIQ,B015XDJB9E,5.0
AEUQMRMTSPH4W52T2FDAGM2ES4RQ,B002GRBA2M,5.0
AEHUX7BFZJVA3DFYPTN4OCGUG2JA,B0C6HZ2BJ4,4.0
AHICFG7RTZ5XSIGBUFK5XVOLZIJQ,B00PVBOTI2,5.0
AFWS4PIMKK4IFMMFQ3X2X72MLFGA,B09RTZ26KV,5.0
AGHGBNYNCAABS3ZNGCSDOJIGMDQA,B081PSNDCV,4.0
AEA3NLDRDLTW7U6TDQT5GPQOOIDA,B00EB11ZN0,5.0
AHRPODCFJ7UNWQKCLLBKN6BQIN7A,B07C183K1R,5.0
AGRSHARPM4IR54RKYQXZB7F7D76A,B0BFKQ9QXD,5.0
AEWAQMVRQBUGFTQIK5FR52QZFO2A,B01LSHMR86,5.0
AHVAHCU3H4OPODN642O4SRINRAFQ,B06W2NS817,3.0
AE3Z4ZV2QZYZUDS6XQHLH52JYJRQ,B09HCRTKL4,5.0
AFIZSMCB7TIH7APWCJ2AV3V6OSFA,B0887SDCS9,5.0
AEKTVFSI4N5H64XNZOKJOEBBYVSQ,B074WXM13T,4.0
AGMZDEWHNIE36ZAU46RRT2P2Y6VQ,B097Q9W8MW,5.0
AECVQSYPP6C7I2FYFUICHPYVIXNA,B07KDSZ2TJ,1.0
AETUAGATWF4MPA37VOMGRRBGKQHQ,B0002E520C,3.0
AFGP3BNMCLSVIVJJW7YKW26HL7AA,B0C54RRCKG,2.0
AFXVOM24JL7OMMEJEY7HEA7DYH3A,B08T9CCXZB,5.0
AHKEPQU5OXUSN2573LYB2VHN6H5Q,B0002KZHP6,5.0
AFTSORKZ5J7TPFF4EHDBW73SHI7Q,B00VU75AA2,1.0
AGBW7LZUPMPOBV4LJ7LO3TCTRVLA,B000G0ATGE,3.0
AHYKSRZPZKIYUDQGKDW6667SQ77Q,B00CPLODUU,4.0
AHLWEN2DZAEXDCA35IPSMOBP3WQQ,B0836RLZ46,5.0
AERTVBSRSK6AA4OQEV7R6OUHAEHA,B0BCHPSV1X,3.0
AGXZ6KUKS2VXHYLLTS6W655MQQ3Q,B07MQQM33D,5.0
AEKXSP43WOJHRPOLIG5FUPLYALUQ,B0BR7Q74PC,5.0
AEISIG7H44OUAQQDNSLOFCIIK4MA,B00M9BSZMI,5.0
AEMF5UMRCEBQ6IQCEMROGSAIV4XA,B0BK5CXZBT,5.0
AEXH4ZE6XAKI4YMN4NA2NYJRFV2A,B0BYNM15YB,2.0
AGPYG5JL3SNWMJL4WZ4RUNVV6J3Q,B00G059CRQ,4.0
AGZTAMAUIY5SSSKSYPEBVXBU373Q,B0002OOMWQ,4.0
AF5XT4SZRB7BLH6FB3RXQJBPW4PQ,B0075DMYC2,5.0
AE23WLBRYKEC67DM43M6E2MF7GPQ,B0BT9R8MMV,3.0
AG5WE3XGSKHUP326YESVMB52VDYQ,B01JO7AEK0,4.0
AEDVFQGEMRPBB6AP5GTCHKPBH2UQ,B075BDNHZB,2.0
AGCK7XANFA53YJYYNHQY6MIZM2VA,B00HY657E2,5.0
AHEATNFOOUXTJU7NL3Y3GLO4O3UQ,B00JXOCJDK,5.0
AEOVNIHTK6YWGM35ZUSAFUIRH7PQ,B0BCMPP7F7,5.0
AEOWDZHMPA75S4CB4OLVC2357SSQ,B019IMEX44,5.0
AFU4W2TZRAXIM5JQZ573E4VBNLSQ,B004XDQFJ0,5.0
AFDRV44BJLVSWMXE6V5NZDYC64ZQ,B0B7896KQT,4.0
AGNTBJ7AAPSMV3O5F7THNJRKGM4A,B004XNK7AI,3.0
AFZUK7RCANY3O3S5Y4CUJ236A72Q,B07CPW22H8,4.0
AECRC2FDBKONKCHSH7GPRZ4M2CVQ,B073W2Y8NJ,5.0
AH7YJ7LV42LQKXZ3YDIRY6G4S3EQ,B015XDJB9E,3.0
AHNQDDX4XIZEQM66ZLWWIEBG7JOA,B00VEMPWVU,3.0
AFWRDEJJALWBO6KHOOBCBY6DAXHQ,B09V91H5XM,4.0
AEDED7TTPX3SRGVYPSYFLJZJ5UDA,B07K7VC41S,4.0
AGACWHSNB43GEOHKG2EUDLOSMIEQ,B09S2Y4MMC,5.0
AFXBFI2F5WNLTIOVDM5PKEFOAI3Q,B00B5LDMH6,5.0
AEJQ7YOQQQL6WAAGALAPQECSQHUQ,B000RLI76G,5.0
AFD4HEOW3XSZS3IOLY5HKDZA6UWQ,B08MWVX9JD,5.0
AE7654C4N5SIUGLBWUVCZIIANB7A,B000F9J5GQ,5.0
AGPA33SKOCJTWTGFFT57MKFWHOJQ,B000CCSWQA,5.0
AFPFGEXYZ5C457R3VIQMP47RKJDQ,B00L0X8ATE,5.0
AER3THLOZ7KZ6X6L3ACFZTTHDTCA,B0C4R9CTV8,3.0
AHLQVPOCQKVXGIVMZTJLSTMCS63Q,B00IPH8MD2,5.0
AFGWUUOIVYEBY6N2EBLZGZZQEFWQ,B0BSCF2FD7,5.0
AG344D46XM2XAMSPN4IGM4DORUHA,B082WVMFYB,5.0
AEFAKDENKTWXF2RQU6RTA7AWZZCQ,B07CQQXQ4T,5.0
AHGYSJ5C6F7YUTGNX6EMVI5QLYUA,B08DBDD6CM,4.0
AHIPKIT25JKKXMUL332SVAWYAKBA,B0B2445LLL,5.0
AHHKJOSTEB6PFRPDSK6SXWFZI6NQ,B01F6WIX5K,5.0
AHDXMXSQPZX6TXVDHXV7PQWAKS5A,B004XNK7AI,5.0
AFU5IERTHDNTX7STHYPRFZFKHONQ,B0BPKTYTPQ,5.0
AEZRFF2AWH66Z7KRPON4YBGTPZAQ,B06XTW2R98,4.0
AHIJOIUM2UOE6QTENQKWZ4LDOZCQ,B077Z9HF27,4.0
AFTKKUXXNUYCGVEUCNH7RISTVX5A,B0C4FVS3L7,5.0
AHXV5VPSODDUC6ZHGPUDKQNXZ3YQ,B081592T7F,5.0
AHJTFIUDE3J4S2YMRXGTEHQK6MBQ,B0002GO8NM,5.0
AFVTV5IBZU7SCCUSTID3SQHYH2CA,B078Y89GRT,3.0
AEWVOHW6H6U6UAJAUTKRSET4QFRQ,B01NAZMWZK,4.0
AH4PST3O2RSB2MKEQSQDVGGQ7LKA,B09857JRP2,4.0
AFYGNUWRCNB7ZVGFAQES5EC4IS3A,B09D74VBJF,4.0
AGVT5E2C6WNOCFYSLOCPAPBJOIKQ,B07NSWD8BR,4.0
AF6Y32ENW4DHLHN2AOT7DF3L6PYQ,B0002CZVWS,5.0
AGR6WMSQRGC5UIXMOIPSTOCL3E6Q,B09TXP3FSK,5.0
AGTIWTOM2GUUFVUU3FBFTFZBI6HA,B077PSQQVH,5.0
AH7LLWX47LHBPP3VAKO6MGTGOAQA,B078XDMKWM,5.0
AHI3FR2LO3SB5SALPSQEFYVAY5TA,B00JER27MO,5.0
AG5G6CFL2C6KFLMBAEZRTQGHRGJQ,B000RNB720,4.0
AHRJONWXD46T3DWKR2UJG4RB44SA,B07NDJ1HSG,5.0
AF5VGANSNUJ6DMLXGIEOPGRXIODQ,B07FM97YFY,5.0
AF67IH7LKCKADW6VCGNFUKRAREAQ,B0002F6ZJS,5.0
AFDBBJTCNY6WUQQVIZ6QNZJEZBUA,B0C1YB7KFH,5.0
AGO7VCK6FT7PMZ3MK4MI3Y7R55IA,B07T96ZKRS,4.0
AFBJYXI756RJ7PNDD6RI7SEIZAFQ,B011AJ8KHO,5.0
AEVV53KKJFALWH75EY7LFE5NTQOQ,B07T41F22R,3.0
AETM34MLWJDDYMFNNTWXVYOGPCMA,B07N5NKMFM,5.0
AGSM4LM5MKYYD3CJPXAF3MIFGAEA,B00FQ10MWY,5.0
AFNN6U672YPXSWNPCBUXSLYBDQXA,B07D5W5X3Z,5.0
AEENSLZS6WAJQE7GRMNHI74TIYYA,B06XJ53JLJ,4.0
AHJS6QDWCAHL75QZJAGW2VG3SZKQ,B0019QABGW,5.0
AEWF4NEN6QUFTMF4P4RXGC7BVJ6A,B07RSSBZC2,2.0
AFJCMXTTCBPMARCHD6EVWL5WW2YA,B08XMK3D28,3.0
AEBJ66PMIIS3HX6ITE57SG5HQYZA,B00UJHFD2Y,5.0
AF7CC34DK36SQJS7WXI44DREGWJA,B0B81HB47Q,4.0
AGFFYBEJ7PPHHQE3CXR6B4FBS6CA,B07BQRDVYJ,5.0
AGRHJQVFM4WWYZULXXSZHCCLUMRA,B09M7CK2WK,5.0
AE53AVIEMEFU245TVANDSUXTHP3Q,B08PZ5FQ3H,5.0
AF2P3RLNKQGTDFRBGQPS6QKZC3FQ,B00L1LL7DQ,5.0
AH7YS622MC7QXBBAFEBQLY6PVTGA,B07SR3TDZQ,1.0
AFVZ6EHLAF5MXXRU2CHNIKZCTENQ,B07KNJSD49,5.0
AGGF6WC6ORV6VV6IBPBPS7VDPREA,B00LCY77NG,5.0
AH7KUHFPD2SO4PZCNXVSY3XRLTFQ,B0BKZ61YJJ,5.0
AFITBSL7YZ34TYWR4E7I67ASN27Q,B01MSVSA4X,5.0
AGGWVXEA7MU6H63OVAPUL6XX7JFQ,B07FYYV6Q9,2.0
AENFQD5EQBOPKB6TB7AOAD5QQCOA,B09857JRP2,5.0
AFROAABFKVW3IEIVRSHAIA7VR2EA,B00USQY0CK,4.0
AEESX3HNU65OOFXP7VYMTQG5OZLA,B005H2007E,4.0
AELDUQBFBGYWSPXFJ5Z3HJ3YL65Q,B00VYQABQ2,5.0
AHGPS6M64DTATP53YBSK2SPY2QOQ,B07GFH8NTB,4.0
AF3Z6NIK6HCVQSPUKRFMHRHLDJOA,B0CB98SMQR,5.0
AGPWFIBAUZAC3CMJUD73YYJQ22OA,B01MT72S9A,5.0
AE2N26XNOMBRGFNU72Q4FOCZFA7A,B0BFKN9P7R,2.0
AGRAOA7QVG7JT5JIVSEO3ES54HBQ,B000J5WB4E,5.0
AFN6HSXIFGJROQZ2NN3FSUNNM6QA,B0039ONN5S,5.0
AFQJYVZJRRJKT73QEQYX657RRIOA,B09PWCF6T9,5.0
AETRLZMHXJWHRPFLNPAT5KWVN2UQ,B0B8Z76J32,5.0
AEG6OB47J2PRTMCZ23S52PWW2BSQ,B0713YCK3Y,3.0
AGYVIJCXTIRUKHIIJBRWW4ZYCCRQ,B08VF4K987,5.0
AEHZLERK7MKZNMJ73WK7HN3CCS3A,B0936WZT3J,5.0
AEK46MKUYWGIC32UGOGJ5XNCHGUQ,B07KVT68WY,5.0
AE2Z3OU36GTOAEVZNCFHULNC4SEQ,B07D9BW8ZT,4.0
AFNKH2Q4B4UWDWJN73UODTARAN6A,B0BZ166MLS,5.0
AESVFN67IDLTGZUQEMSPJAESH3KA,B0723D2759,4.0
AHRYD3RNVS6Z6KNQQFLIOI3XLZ6Q,B0051IE05W,4.0
AGE6QCQA3IDXEVSSUWVWNIGYVV2Q,B01D42PQCW,5.0
AHWAYCEX3NCWJD32JTFVBFXKUHOQ,B06W2NS7RW,5.0
AEK3J4P3VZSXTFCRPYKCMRG6562Q,B07N5NMWXK,5.0
AE7WTZD7ARI23J6UYS3VD2R4MKBQ,B0050P09WY,3.0
AFG7GOJ4XZ6MQA7EXJQ6BCK3Y2YQ,B00DJWO85E,5.0
AGXNHM6FE6RNTARQVPQSHUNC5UYA,B08P4W7NFP,3.0
AE5GU6FB5WPUSX37JGGNXLS5MNLQ,B07G8J1XQ3,5.0
AENPMEUT6ZWW3V3QVBLKWX45TG2Q,B075R58Q4Y,5.0
AF5XBYLOZUWJLVK7F7ZQDL6OZPJA,B0002J6H2Y,1.0
AGRANUNQRSXU32PTYKNNGLT4QGUA,B01DZ6FBBI,5.0
AFWYJRXR3ZC5QWD2CPDL762HWI6A,B0B6P55RBN,2.0
AHO5LUPMSZT2ISIN24MT3W37CYHQ,B015BKBGZG,5.0
AGDLSEHQJIHHVM4WEZW4TZ3UP2EA,B09YW3PJ7V,5.0
AG2BNWGHZ7E53YD7US73TKEQY7ZQ,B0BFKQGWZ7,5.0
AFES2HZGVZLGZO2LNH2YRMIW3EYQ,B07MC4N6P9,4.0
AFYRL4FOQ56QKA6VZOBVMIKVYH6Q,B01N40M4KK,5.0
AHTNI7C4ANON2I2LZVL7KDO6PTEA,B0BW41MRGK,5.0
AEQKLE6U7TJCGBHR6ZJGSYBK53BA,B00JA8QD40,4.0
AHYAJSJYNJNYY675NJFTNOQE3OQA,B0B8LWBTH9,5.0
AE4CLE7HXMRP3XPZAHXEDMYCNEJA,B01199MA9Y,5.0
AEC22VJTGBP2NSSEFFE4436KBOMQ,B088GF12PC,4.0
AEAPGDW6CTHQ2YHAEVPWOU5XDEBA,B0BPNMSDGB,5.0
AGVT5E2C6WNOCFYSLOCPAPBJOIKQ,B003B06IMA,2.0
AEYVYN2QKZKKFTW2LNJG3QKFGHPQ,B0BWXY17MT,5.0
AFEPLHWMMPUHJCXBCDWHIDLE2A6Q,B0179A4ILK,4.0
AGWWFKFSK3KYPQFSEOUVAVCDFBKQ,B0C4SQBLC4,5.0
AGENT7K7THM6Q5VKHKH2PUACREHQ,B09NLV5LBK,3.0
AGPWPQZFGLIGJJDQR3WFVKLODSUA,B00AQ4U76M,3.0
AFZ3C46427HBPAJPNFHWADDIBGXA,B0BKZ685H4,5.0
AEXHOH3UTHYIRRTX6U7LDAZHLMPA,B07N3Z1289,4.0
AE4RQ6OMDFEXLU5Q37ZQFW524J5Q,B08T2N1WZR,5.0
AFFZNXPPX2MF7F6WSX4KYASX3TLQ,B0BT84L827,5.0
AFOHCSWHO2N27LSXIATOMCFZM67Q,B01LMDLNAY,5.0
AGZB437NN6DJ6CBJLPBIO2CG4NEA,B0B626J6MT,5.0
AEPBPML6HZCNA2CN5QARQJCIIHSA,B000EB68VK,5.0
AHNG3NRGEDYO7E44QMYDHMBADPBA,B0033PSLSM,3.0
AETKHJE5RREYGLLOHPOQEC77ECEQ,B08JMQR2JK,5.0
AE74LXAR2UTNMY4Z4ADURC2TXWQA,B07MG8PHF2,5.0
AHEDE2SI6D32L6OKL6B5QCB42ZLA,B0BRWSYSJS,1.0
AGJX6XVM4R33WWI4R4PNSXVFZ7RA,B0002F4V30,5.0
AHPSEAIJQPOW7IWRQL4KH5ZM5BMA,B07WJYTDMH,5.0
AGAVAGDERIBPSIQPFQWIC7URSNOQ,B094DT88S9,5.0
AEN4JVIBT24RAPMWEHX7UGOX5CMA,B08GZH46GW,5.0
AHGEZE3BVNV4PBLJHQ747Z6FUIZA,B0183ITSB2,5.0
AFKC56ZSSFHF5XCYFFY52C3ZLFZQ,B0BDMP3CW5,5.0
AGX3GMJ24TNG7OZWWDYSXH46ATMA,B000T5PPQA,4.0
AHW2G5R3FA7BBXBDIIGS6HFWX7LQ,B072235GXG,5.0
AF5OTK7QRYLFXITBWKD5AYH2Y4BQ,B0BXX3MYXT,5.0
AEZWVY7SNYXITG2YVXG4CWWGKJDQ,B0BXBG7VRD,3.0
AEVQYOU7JYIXIVXIUDRSOSGWCGFA,B009A3JEZK,5.0
AGM6T4Z6E7NEWKUQIW34DDBHYT5Q,B0002F6WR8,5.0
AERKATJE467MEOYHBLICXUTG2F2Q,B075MRW285,5.0
AE5XF7B3YXXLCP2TIYR3A5WXZR6Q,B09PWCF6T9,5.0
AEMVIRJQCGVVYBFMIGX5UNRGPRWA,B07MFYHKLH,4.0
AF4HL3ZLQ4TINY2YWENTVTBP2ZGA,B002CMLQ0M,5.0
AFAJWSAW4JGIMIWNK5VQH36YKYTQ,B0BT2RP11L,5.0
AEP6P3KJKABIZ2XBA3OQKRHEB3WQ,B06XWLXCFC,5.0
AFCIVS44DHRDBJKC763CZ6ILP5GA,B0BKZ3GCGR,5.0
AFD3SUBU6QV4WG3FUYMQNRHKHADQ,B0919GCCBW,1.0
AGTFEXWAKKGB3P25NJU57G2JXWNA,B000EEL50Q,5.0
AFIGN7XBI6JWQG7G22JQEDZAAOUA,B0BCXS7X26,5.0
AEZVM4MTRYYVQHX3O2HTA4LSPBZA,B0BPJ4Q6FJ,5.0
AEAU4KJFIXGZODX4R23HMUVUZV7Q,B06X9KG3HW,5.0
AFNC4AEF5EWJOT73I7V2LKMWOOEQ,B0C61YQFHH,5.0
AFDAU5M5NRUN4LYLI7N4YROKYLWA,B076LRN23J,5.0
AELAJ6D4JXOZ25T62VNQEOERFWQA,B07QQLLXBG,4.0
AHBK2MB5HZGAIKP2DM3VUCOOQ23A,B06Y1KSVDK,5.0
AGHA4OJMCWUO27UTPY2JHNGYXB5Q,B01DE4DPSC,5.0
AGNPXZERD2EQJICAHX2VHBRTDNFQ,B0BZ166MLS,5.0
AG6BU665T6DKOUYJQNO3IAZCJ25Q,B0BS8PZNGK,5.0
AH6ZOJ5KTN23MYCHYUMFNWCDDCQA,B0C6HZ2BJ4,5.0
AFVCAHAMFK5OJQQPDJ5LUXH5FSPQ,B01MSZ25L9,4.0
AFQJVHDJWJR7MESW77B5XJ2CJ7BA,B01L3JPLWI,5.0
AF3EBMSD7BBGXKFCGDHDT5ACGJIA,B01MF9H516,5.0
AGLKS7VMMPLSNP2NANAUOBZBHGJQ,B00HSP6KGS,1.0
AEIWCG52NFSOZUVGLQ47BD3RRCGQ,B094RD529N,5.0
AG65EMDZJ3RRQSYRZMMBUR7TBA7A,B0002E3AHY,5.0
AE2W7OBJ45J4J52CGH7OFWHQZJQA,B07N5MJDBF,5.0
AEZG4SHN6EDH7X2I4NPMCSN7MN7Q,B079NS31NK,5.0
AFO6XWHY7FAH6UL6LXPNPRCHTTRQ,B014ZYPT34,3.0
AHGXIQPLSY6BOS66R3V4RMEIM2OA,B01AAX6KGY,5.0
AFUAQQ6VNKIE775XCZXO6JWY4FRQ,B07T4FM8C5,5.0
AGGR6BAOXEUYRBR37SXH3OS73V4Q,B09RN6MGZH,4.0
AHJOVCWIY7VHL3GA544JONCJNSEQ,B0BKZ66FRY,5.0
AHQMEESXZDL2LPUFFMO7DDAXMMJA,B07XP6MHQT,1.0
AGMTCMP27WCMMXZ3R3FJ5F4KDABA,B07NZ14SP2,5.0
AGN5FDHWM7WRJKFO3CLNJ4D32U7A,B0BNCDVD4M,5.0
AEUFKX3YWACB5WMCIKX3DQJK2EKQ,B079TLFL33,4.0
AHAMNFZUBWQDDKPCIU5MHVPCWZEQ,B00O2LT4F0,5.0
AFKCIJWTRGR4PW3KWUMWP7L5OIWA,B07BSZNKTM,5.0
AFGC3CVTWDXINUBXXD2YPCD5RHCA,B07P67TV7T,5.0
AEZEVMIL7CWPAMT462JJC2AAVTTA,B0002F73KI,4.0
AGKQIFYBIOZQGQ5EX7PD5SFVYCAA,B01NBOF5MD,4.0
AF4IJ7EGPU2LWQAZTYBA26KY4UVQ,B00TQZN1LU,4.0
AHC32FZVPNMEWOEJGLTZYNJ65ZSQ,B076BW4ZRP,5.0
AGELXEQ7HQL4564TYOBFJSOPBAVA,B0BSGM6CQ9,5.0
AEU5LBIAENNFA2SQXVQLFAT7PQ3A,B005ZV5K0O,5.0
AG3S4FROO422V5KP7DJCBXVUQLJQ,B00F3D9ZQE,5.0
AHOFX2QE5YBKLO6GRP5ATWGDH4NA,B0BFFTRRRG,5.0
AEU2O7FSZ6PPNCECOVQSC25OLJ3Q,B07175TMXS,3.0
AERJUD4NREPMW7VM26CSV32KJZJQ,B0BTC9YJ2W,4.0
AF3NJDOTMG7BRKDLV6UM7GHFC7XQ,B076346CZ9,5.0
AEKE5PFGZXJF7WY3UCLPX76KDHLA,B00N5TGXOA,5.0
AENOIMGIPZ2LPSOS4YCUUR56C3TA,B082285YXD,2.0
AFATIZMBMCY47EOUEPCV3TCNLNZQ,B074RL7WQJ,5.0
AF2QKTYLPEWJZVZCVOFYQZA2R54Q,B005OZE9SA,5.0
AHOFWP4LITEBFBWVQDV25AZK6C3A,B0BSGM6CQ9,5.0
AFMOXNCYTYVRTZKJGVX4X7NHOU7Q,B0BSC9T1BY,5.0
AG3HHGKGIZCIIQZ67ZGJ7SUBH22A,B0CCK4YYNM,5.0
AF3QU2YYPZLQSXRYSEGLWMXIOV6A,B072MLFW5B,4.0
AGRUH2FJR2BIFFEA77I6ILXY6P5Q,B01N6LKIO4,5.0
AEZI7MUZKOSYAQITXWI6GWJC53IQ,B00WBCBQF8,5.0
AEQDBGBIFHPMU6FFAZQ25U7BTGQA,B00346LJ2A,5.0
AFHQZEUUODBBUMOO3HTA5B6FKKVA,B0749R51B1,3.0
AE7BAST2UTRFTYAP7V4OONCCFQTQ,B07KYX3S8X,5.0
AE3SOV2D5KXSUM3BXEQO7HXO55SA,B0BK9TXQ7Y,5.0
AHLWBN3XMEJUKJQECDTG4PZYDI7Q,B07Y9P1CR9,5.0
AHAOKT34FB2OVB7UTCVRRPWDFIOQ,B08VF4K987,5.0
AFTQXMXNFZAGW2YWFCH3SPHYIIDQ,B000EENHJ8,5.0
AGNLHFQGCYCHERL2WXDOFMHWIIZQ,B00JWVVHAK,5.0
AGN7KMV3GSGCBANTJAKIHDQYEFJQ,B076H8RBPC,5.0
AHXNINWNEGPRI6RIHBQIDIWJCBSA,B0BPLFP5P6,4.0
AHKFANAOLSIEMTIM7ILBTUUDEFHA,B00DH4Q668,5.0
AFRHPTCG4SZVWT7QOV7G6TW3GXPA,B00RVE9X06,5.0
AFUZLLFBTEMFFNHEXPEMTWWFU65A,B00IY0BLB0,5.0
AFF5DXDGZWYXZ6BDDLOPFFPLKKQA,B0107BCV1M,5.0
AEJWUXWEO2PPCM2UOVJNN24S4MIA,B09N3PBT9S,5.0
AGQ5CAQDCCR7HN63DJNQBIYRGQEQ,B07ZCJJKRG,4.0
AEMT6J7LNK3BZYPCMUHZQJ2IN5PQ,B01MRJUB7Z,5.0
AED3UVQUX4DN4DOUQJQN3AR3QUDQ,B09VP6F1DV,5.0
AE2XNFCTZXR5ATG2B62NBED5YVKQ,B0BJ8WDC13,3.0
AHBUGHHFS3VT3ICT3XO35WJEDO5Q,B07MDT5WJX,5.0
AG5JSCSMRBS6A2UL3CSWQVUFAAVQ,B000Q847M8,4.0
AE7CZRB46NV6QFMFBV2KO773ZMPA,B00CALHPGY,5.0
AFFYR2A7MHOFGXKXOAS6NYCGEFSQ,B076322LP4,2.0
AEI6W3CJO4FEQT2UWAYWJBAGNJHQ,B01M5CXH65,5.0
AHAGDQE6VTTDDSDDIEOVJSSGH3LA,B0C6J1T616,5.0
AHRMYVXZC7MK5EBIO2XL3Q2GGEGA,B00OYUSHJS,4.0
AHCWJFAMVFJ52YERNU3A6QMYH7PA,B01LDTXWKQ,5.0
AHLQVPOCQKVXGIVMZTJLSTMCS63Q,B09857JRP2,5.0
AFGQ6RLFIIRFLQZKIUMJNFZABWPQ,B07PPDY2NS,2.0
AHYW5HKXV2VYBDQKXWXZAKXPVMRQ,B08R5GM6YB,4.0
AG5WE3XGSKHUP326YESVMB52VDYQ,B088DT926Q,4.0
AGAGQDT6HCJJCPQQNXYWPTXKJYDQ,B0C5CT47DX,4.0
AGXFEN4ZCEDWOKWWM62WHABQJTVA,B071DH8PW9,4.0
AG477CZTN5DXXKI4PJQL33KQYQMQ,B06XJ19VWG,5.0
AFCESPIEZZMNAOIUYWFTVRXDY4NA,B01DE4DEGK,5.0
AFEYKY4PX6MMT64Q4L57K5VWZ6LA,B0088DXS14,4.0
AEUFCTMP25QBJ4AB2AN5LKHR53WA,B0BPJ4Q6FJ,5.0
AHPPNXBRVHYJ4U5ULMVS62PKMWWA,B08P4W7NFP,3.0
AHC7I2RQ6MAL3UUOMHTOVKQQX4GA,B00WJ3GS16,5.0
AGB3CWNAGKSYFS5HSMIEGF4MU3HA,B00OGMD0VE,5.0
AHQQRRBAO2QYRA5LG5E7OJYAQE6A,B07K66L4VL,5.0
AF3NJDOTMG7BRKDLV6UM7GHFC7XQ,B0027V760M,3.0
AHJOGKL3G262UFCW5UVYX7TOJ26Q,B0C67HCGBR,5.0
AGXCV25HDW4JXI5QQSJTIZUHPRHQ,B07NKRZ1KQ,5.0
AHSJ73XC3DMN6FGEHNJ6HI2L2WLQ,B0C9D7W4SM,4.0
AHCDQKCODVZFMU37AXNWP4ZO5DWA,B0B9XP5VFW,3.0
AGDX76QOOHVAXJJMSBNSJHJV6LKQ,B00OGMD0VE,5.0
AHT2FXCCVPDKKIMQ6S7AVHQ4ZNSA,B0B7WSSX8T,2.0
AFUA3AH4YS6GAL2QJCM6TLUMIPEQ,B0BM71QK8M,5.0
AE2OU3FDXOGNHVIXGRKRHY6YTMMQ,B015JTEBN8,5.0
AFVSFT434NS24FVRSL3E32JMPNAQ,B099NYHNRG,5.0
AEY2D6S47J7ZNE5B5WHDGOMTBDRA,B0BRSKMZVV,5.0
AE5VUD3ZALJSYNWAHP3AEWSFJQ3A,B01LVXY4GF,5.0
AGODDVRWGAQPWOIVFD4V76XIST3A,B0BCXRJCL2,5.0
AF67UFXPM24ELQQMDH7UVQLDRJVQ,B07YMGPV7P,5.0
AHTWAINQI4ZDZA7GPISHQGC6LH6Q,B00INK6PIU,4.0
AFLCWNNFONDAF7WYBT6BHG22ITRA,B09BF8XDF4,5.0
AHOPM2RGN6VXHKOR2NCYQ6EGTAYQ,B085HGYN4C,5.0
AEIPLIP6FHRY6D3IMF4MM4ANWLYQ,B002MWIVNM,5.0
AE4XDOLOLDHCE3JLFPIOCU2CDPVQ,B0B819R6CN,4.0
AG6ATLCKETNYRKL6GCQV35CSSGPA,B06Y6BCX7B,5.0
AE2ML65H4XYB6KGEUWIPA6KQJXLQ,B000ARHGSC,5.0
AEH7IOTDSZGSZLE74R7YMFXFZD6A,B0B3NJ1TDB,5.0
AHYU5PQSGXDZ6V7F6UUG6LX5HJRA,B005H2007E,5.0
AF3XBNK46KFV5SZF5WYV6Z4EFIWQ,B07S1SP7LY,5.0
AFQY322LW2MXVICDXMZ4QFWAGP7Q,B0B291RR9J,5.0
AH5BGSPUSM5ZKUHBSEHRDPDSNLJQ,B004HR892I,4.0
AHSZYTQBIGNBWEXCZV4YMR3A5CCQ,B003XNTQWO,5.0
AEO6OEASYX5JVYAWEGXFZ5UPBDIA,B08T9CCXZB,5.0
AEL275DNGFTFLIFSPTKDR6VJECUQ,B003Y5BVN8,4.0
AGGRZR7RQQXUDJIVEWFEBD2CNTVQ,B0BYXJ6JKZ,4.0
AF7HJLFM2MIP6HPGUFFQFRPITXDQ,B01FS4JNVY,5.0
AFJC44PF7YHE6P47UU5LX2NDOEZA,B003B07LI0,4.0
AEAFJUXBROINGNN4KCQGS3V2EMAA,B08HHVYGV5,1.0
AEOWIXLCWGPLFJ5FAAIVMNJKZTSA,B0064RTSUQ,5.0
AG5CLB4M2P4GCGANQS4WS3JGHFOQ,B078KGLKH3,4.0
AHKFXYFQXGWQPZ22R34O6P6YSMBA,B07CYRYQ8G,5.0
AGTIWTOM2GUUFVUU3FBFTFZBI6HA,B07HKYZTX6,5.0
AGKFP6RGI2I45OUK4CHQ3YZO524Q,B09V91H5XM,5.0
AESOEDJVQQA5P7WROKE4ZLCMD7CQ,B09TPZN5JJ,4.0
AFAQBC3T4TZUBO2BZJFSGQX7ZT5Q,B0BXT6TL22,5.0
AGNAP3VRTXIECI3MGMEMF3B6V4XQ,B0BZK3X11C,1.0
AHXC7JEUXRETZUDFXR3SAD336P7A,B015IJIO5U,4.0
AHOKAI6XL4KDSK2EZRV6J2XDIXLA,B09857JRP2,5.0
AFQGRZFAOTLBDPYOLT462I732ICQ,B0B92LPGD2,5.0
AHXRF6W7ESUNDFKBSQJSP6VJ2F2A,B09T7NX5K7,5.0
AE3SKTQCCNKB4GYG5RUDUJCGXQCA,B079QHC29R,5.0
AFI35SPJJX54G2T3CW4CRH7D3WLA,B00CP3GQQW,5.0
AE2UV6XH56H44OZBF3FY3IBS37TA,B0B56MCNBL,5.0
AGTQQMW7HNFMXJILBOBFZAAA5D5A,B01LXTBO7B,5.0
AEISZPMG4E633J4IM4ZGFLUVCGWA,B07FYL7LW1,4.0
AHGPT5QIALNVAPT4FQBEUBWKEHOQ,B003YJQX1O,5.0
AEJHSRQR2RW2BG4LUTTZMXBCOJWA,B07FYCR5H2,5.0
AEMF56577VPVKT6SBZRQROSTEL7Q,B001V6BW4U,5.0
AGP4ZPYZGTJEYLYSKCQJBE5WYGSA,B0BJ3B8TXN,5.0
AHYQKMLIXHKFDHC7K2Y4JXM4YLOQ,B00M53H80K,5.0
AGIS7IZ2KTZTD7RYTKZIYAKIR67Q,B01GGUTOFE,5.0
AHXOER5GYRVR4LHHXTDAPROJKQGQ,B01DN7OI40,5.0
AGY4LSANTCTFGGXVHUO6BBDARX7A,B09WVFZPLS,5.0
AEGCEISD77PLJ5CDAXN5MLL4FPAQ,B075MCRFYZ,5.0
AFSA6YD3ACC3VQQJRNN27YN537NQ,B07CQS5DJV,5.0
AEIJO7WWMCD7DE6YQAFIB2L2QGZA,B07DK59QNR,5.0
AGCLDTIX6BEN6YTPL2ZNULFQDQCA,B003VYBNIU,5.0
AHYKDZQIJSFNDBGMKREOKXQ3CNLA,B017VXNOK6,4.0
AHVIEHUW2JKP35YI3YAMQNTQGJXA,B00BESRB8Q,5.0
AHBWDWVH5WANPTQ4GF2M5F46S3PA,B09RNG1MSF,5.0
AGBOSU3X2EFARU6PRHGZVYHLUKLQ,B09TPW5HSK,5.0
AEKP3YMONZP4GFRTLXJLTSEGXXFA,B0002H0BZU,5.0
AGSWTRJPZ7AVS2C33JGND5BQ6SMQ,B072LXH1V4,5.0
AFPON4DBYQNDCNYOC2UM5LXFYJIQ,B0BNCDVD4M,1.0
AHGIW4KOZ7GCGETIM5WLEGYIYPVQ,B00YIKO4CI,5.0
AHBGT6Y2NTDTMPCV4OGK4BJM7EYQ,B099NFZP4S,5.0
AFZV75N7D6JB6GXICYEYS6NOHA3A,B01DN7O97G,5.0
AE6M7H4LZHW4SPTZIDFHYYDYPAEQ,B08BJ37FNS,5.0
AHRVFOLGXQO3PSAAF7XTRWO4ZENQ,B0127V93D4,5.0
AGEDVIBZ4U3WNWUYK2VKGDJEWPNQ,B0C3LKRRFZ,5.0
AEPIBDY5VZBDD46DVEAA5YDTJ6BQ,B00646MZHK,4.0
AGTD3IDTVYW5TDGYWPCUBDTAX76A,B004SX1BCG,5.0
AFDLRPTS3IT4XBACV2J2GFLWEHXQ,B0BLLKKFR8,4.0
AEEE6HXPTVNXEJAAL7GWHXTSU3EQ,B014F1UKI6,5.0
AE5VICOXJ6XHMLISRION3NBJ54OA,B0002H0SWQ,4.0
AEOWIXLCWGPLFJ5FAAIVMNJKZTSA,B09R2TMLJR,5.0
AEIBJXOMYHYM2GHFZWFVH4OYSVWQ,B0BG95DG2H,5.0
AEAJFQMXRKKLUVQ3CKLPOMYPM7MA,B081H694YZ,5.0
AHWJXB2NGYU4QVDQGXXASEMTCRDA,B0002GYX5K,5.0
AEHBVSNQHWSBV5RXVHMGN3YOO4LA,B0B81D5BB4,5.0
AHI2TEVNDZXRO4VCOPF3RXRAU4ZA,B074K56PFT,4.0
AFHPDLXI5LH52OFLZSP4KUBTZ2UQ,B07G98F55T,5.0
AFT7ZNJFMLEFNPUU4FI5MATSZCKQ,B00A2H01IW,2.0
AFPOTFD5RRB6MHZQ5P5UIVG7QTBA,B00RVE9X06,5.0
AECUZZA7GWAAL7BMAEXNOTLRKVFQ,B09VP6F1DV,5.0
AG2LR6OTKY3TOO4CIH56E6JBYPWQ,B001L8NGJ2,5.0
AGENKWPB5FFH3375MDFYOGJ73QMQ,B01M72N0A6,3.0
AG2G5F3GABGI6CPVD4EL76ERFZNA,B07DWM2XSS,5.0
AGJ7RLVCMTUBOVBIHLK2TXPNJL3A,B00SZT4TTQ,4.0
AGTFVU24EZKHXUFYKLSRPB2ZUG6Q,B004UJWBL8,4.0
AGJWH7NGBBLGJBRDYD3SQ4STKN7A,B000WIPGG8,5.0
AGY53AAWLQK5O77H2YKXCURQHNTQ,B0BSGM6CQ9,5.0
AEO56G3OFK7ACPYFK57RQZPHC3MQ,B0C43X1YDH,5.0
AH2KNTQFU4DWMQIMTDLFSMRQHRYA,B0BNCDVD4M,5.0
AHNCGYAQJFC2W5N33AOVBPCOP2WQ,B07CRK35NG,4.0
AFDI3YPNNR6IN2BJIJS7RCC64V2Q,B000EAKZJ2,5.0
AEKFPM26FPOBYQO24ZSDMAW6TC7A,B0B6P55RBN,5.0
AE2ZQZNGYDIR6KW2TTLMZUD7NSBA,B095XCZXNQ,5.0
AFAOI3QN4UWTNNWNVQOE6QQAJKBA,B018FCZKR2,5.0
AHOUKQ3IRAEAMEHDB6U4AMB366NQ,B07R28FF44,4.0
AG7PTH6BRNGOAKYFR2KUSMPVO73Q,B09857JRP2,5.0
AF63VW7YLF42A6STVGBLACD7RUWA,B09R2XFGH4,4.0
AE2GJDEGL4G6J4VCIWD2WA6FONFA,B0002KZB5C,5.0
AH6JESOL3IE2HXVN75ODIOHNWJYA,B0002E3830,5.0
AHXOBRO2VTZ2WUA2CGIR3JXHZ7HA,B09MTHTMBB,5.0
AEG5IJCEK4RXXLTMQDHBKXKZ4LCQ,B07R3S93K8,5.0
AGK5J33TK5YZJZNMTXRINKBZ6MTQ,B00N4ZHQ14,4.0
AHNWTDM2BHT4KVCKGSQVEKXZJCBA,B0B9S8G4HD,5.0
AFMEX6I3YRYORJRHNM67XPKTSNRQ,B06XFYX3NH,5.0
AFSSGMMR4TVPLP6XTNIAHQTRB2VA,B06W9NGW7Z,5.0
AGJRSSCJDOJTCM5JPFMFWP7DNHWQ,B0BPLFP5P6,2.0
AEZZEFAXH7SOS46D4THTU3IL3D3Q,B09JJQR4LF,5.0
AGOJMG7H4PTWB3PXU46ESY6FSTDA,B00F912X96,5.0
AFHDHVQNIJO4RTZSJDPJMVLM7RNA,B015XDJB9E,5.0
AEZIWY5MGFWEIWELVGYQBFWPK4IA,B015CO3U14,5.0
AHFPGYQJW6ZOMWCS7PBJJZEZ6NVA,B07F1H422Y,5.0
AFBMVBSWVLA44QKWJPRXI4P46FFA,B003YKSKBE,5.0
AFLCXIOIKSV4RSDYOBQMA5IFYVAA,B0C4FVS3L7,3.0
AFBO4HWHVJPJUOVJXDVPHX5SOHBQ,0825603285,4.0
AF5N5ERK4YHMLXBXFXPEI5ZRS5BA,B0002F79E8,5.0
AGXWPCGLCV23BLX7CDUE2R3ZHKQA,B09VGM7F6Z,5.0
AHYEUIJWZ2KNFA3G4OPBRTVO5TKA,B001FSZR4U,4.0
AGSNQ7JEBI4O2XKWGXEIDNFYMGUQ,B000V1K7FG,5.0
AFLDO6CCUQ6JJHFAVR3GIFNXUKEQ,B0C1MHGKHN,5.0
AEYHALMBBXTLHMCBZTNNDW7A4PXA,B015WUVA5G,5.0
AFJW6DSMMDZF45UIFAT6VPYL74HA,B000NUXNWE,4.0
AETH35ROJEF7T2FERRHTTSSQY4OQ,B07MG78TDT,5.0
AFKXLVV6Y223XWWFAGFRH7ZG5AVA,B09DR91XCS,5.0
AH5MZVAOBU2PWPJ2G663BY5S2R5A,B0049SBVLG,5.0
AHQ3WFXQLPDHTV3BPXJH3COHLUHQ,B09TRX519R,5.0
AFND2J7ISWIQT2WGEBO6OQA422AQ,B01JJP7NII,5.0
AGBDQQNDS4TSYXHOB3WCWARDO5OQ,B01M8N618U,5.0
AEWLK6HFFQ44AJIC4YHECUU7L4QA,B001CIZA8G,5.0
AHU4TGHXLUATFJ2AYXXXCCCZOQ6Q,B0002D01K4,5.0
AGQGQNKQEUZLXVMAD37CUFLLGMMA,B08CMHD5HG,5.0
AETH5XE2ZFEB54ARJBP35D2CZLPA,B07Z63HSZ3,5.0
AFHURQAVXVFY6SNPFIJGQPGF76SA,B01EUTJ4IK,5.0
AF4JAA4MOJFTMLCC4754CWXJBUSQ,B013NDP2TY,5.0
AHNC3B46PPIQWP6XOAQPIRP6SLNQ,B06XNBTLHC,1.0
AHWAYCEX3NCWJD32JTFVBFXKUHOQ,B0B8Z5LTZ2,5.0
AGVZDCTSOOTVZRWGFFGHDFBGM4PA,B07D5W5X3Z,5.0
AFOLSP6IGSO6M7NB43OTQIH3BG7Q,B09NWCD36N,5.0
AEWBPLYRC5TPLQ4ZASZFKZSVAJMQ,B07K2KX3P8,5.0
AGO4PWTACG5H4W63S3WT7CD7XDQA,B0C6MW897N,5.0
AF63XHUFXPDT7TIMND6IIJTDGZ2Q,B079GW2PNY,5.0
AEGKJTQWHGBIOTO34OB3GKIGCN7A,B0B1ZW83N8,5.0
AFMK4SIFYYQISG2YVU2U2FOCQIVA,B09857JRP2,5.0
AFWH2ZHBRF7EKVOCO5QLDI6XWNXA,B07BLZX73S,2.0
AEWZE5LGZEF6Q6TJC2LJKOSKIWQQ,B09R72Y5G6,3.0
AGYV6AFXZR5TFYH7B5FLJX3DPYNA,B08DJC4SYP,5.0
AH4HLCDFTQ3ZZVAR7SBVN3MCZESQ,B071KTZ35D,5.0
AEDCV22P7AK6YFEWB2UU6XD4OBAQ,B07FYL7LW1,3.0
AH7W2JX47IXC5XFHOQQEV3IYJKSQ,B017NT392Q,5.0
AEVSFWRNQ32ALSVAVBSBT2C5RARA,B07QCMSZSN,5.0
AFO6G74UZDWO4UYRBLXEAHR6EUKA,B073NZDH1J,3.0
AGNEJAU2YSULDNEJHFJKZ3WLDIQA,B001T9O60Q,5.0
AFOGHZMFR7M2CNXJLX3YK6UV22JQ,B003BGXW50,4.0
AHKFVHWN2TKMOHOZH2VKUVOCMUSQ,B002P9LCYM,2.0
AF6B2MHYX44NXIJKLOQHXTUE54EA,B07KFNST7G,5.0
AFGSTWVYRRQY7XSNKMVPLEAX4UEA,B01JJQA4M4,3.0
AF5PM3LODZ3TCXBESCMRC33V26SA,B00C5QMVI6,5.0
AEB5NDWYIGALIJTOMT6ZSYN6AJDA,B007CRBQPW,4.0
AHZNM2IO247WOE2HB6HFHNCK46IQ,B09SNBQCM8,5.0
AED6Y66JGGJEBPEBHU637IJMNAOQ,B06X9VC2VP,5.0
AHMJHVELMSTY3G3EGBGAIBACNORA,B00WJ3K3QW,5.0
AFRCFSZ5JBGD4BKHAEJB64QGGLHA,B014U5O8NA,5.0
AHNSPXAYSM6UVQ22WMIUMSJUCVDA,B0B41JFP9C,5.0
AG5RBEM2ZWF4A6QLBNCGV7FJKWNQ,B01IP4ENCS,4.0
AHKV3LJQFB3P6EX6VYJBCKB2CLRQ,B00Q0OWR9M,5.0
AHCZPXH25LJYENL4VJGYRB4AKGOA,B00IZA1GI2,5.0
AGU422YBQTIXMFR3WYLVUXUXCXHA,B00HY657E2,1.0
AHODQCCIMHNRFD2VGSHLFOBRN5HQ,B097Q9W8MW,5.0
AFGDOWXYBXW46W56NEVSOPWFKLWA,B08M3Z4WD6,5.0
AER3THLOZ7KZ6X6L3ACFZTTHDTCA,B0BCXL2V52,4.0
AFMCJFEPXSDR6CBD6JAFUNDNIPUQ,B07GDTH9RF,5.0
AGD3XHJMPIXR572HP2NKUKPBAZFQ,B0716DK86D,4.0
AFLYGYD5JBG32JDSBOQIGJTBL3OQ,B00T0S0SPU,4.0
AHX5YR6R6MXIMS557XKXSE5WHUIA,B071HN5TQ5,5.0
AFFG2JPG26ZBNF7GPDSPPBVBXOIA,B0BS1QYSFS,5.0
AFO6T767OXV24YU65XUACO4O6DJQ,B097FMTZCP,5.0
AEDJWFGRV2TQQ4MBPEW2HWXBIJQQ,B00E3X5USC,4.0
AGTCUHA2OI32ONK5LE4CFG6JZFUQ,B079QDMQHF,5.0
AEZNCOTOACFQXLFM4MXKSQW6SFKQ,B0B9XPLGMD,3.0
AGBCLRMS7OW3N3T44GO6W6M6RNBA,B0002F71RI,4.0
AHICPR4QVQ5FMDFSESYDMTT3BDZQ,B0BKZ22NHL,4.0
AEVGXRRI7C6LGQI54Z73I6CNORZQ,B0BW43P2H7,5.0
AFYWMY47CRZXSP4PJYTOQX5BCEDA,B07KG3SDZK,5.0
AFQL4A6YCBYDIPUPWTIH6VRIJ4IQ,B015WD6FIK,5.0
AFVSSJ5QSQBZBTAVR5XHF6UQQVBA,B07ND4BBX3,4.0
AFR53WLNPUC3EQFBXCGL2NU3YEWQ,B0149GFCX0,5.0
AG2WY45W3ZZ7FJHO36GRV2VSO6DQ,B0BTC9YJ2W,5.0
AE3CYBE7XGSBDNQPILWXQ253LHXQ,B0B8F6LD9F,5.0
AG5PP3I6IT3W633ME2FGKGG3SDAA,B0BJ8WDC13,5.0
AGM3CUPVBROSWBFPGWSNUXHLPL4Q,B088DD5M4V,5.0
AEQT2EJM64SZEGP7E36GKCAYZQOA,B01DN7OLJC,5.0
AFLHFZVJG5BOHMDGWC3SS32O3YDA,B01DK40R3M,5.0
AEQC4GLQROXYW36PX5IVD4AQKMRA,B095XZJ99J,5.0
AFUGYX2OIIUMI5C5DMYZHUYO2XVQ,B0749K3CB5,5.0
AENNSMZVV5RYNFMIVY757EXBYLQA,B07SJ1Q4GP,4.0
AF2RWUHNSVTHNBRI2UEE7PBQXJMQ,B00SVRLQSE,5.0
AG3FOC23LZJXWOVFAADAFZWSX73Q,B014W0L7ZU,3.0
AF7LX5UI7Y7KKCAW7UKW3JUZKTEQ,B072PWKPLW,4.0
AHLTZFMLFGCDEDDGBNX6YPMQIMPQ,B072MLFW5B,4.0
AFBS7KQ5Q7H3GFT3GA6OQA6EJUEQ,B07RBZHDT7,5.0
AGAPBHWCP4ZRSGTPHPWJCCRXYTOQ,B0871YN75N,5.0
AE3YJLLDWOWFD5RY3HVYZCZKUMIA,B01NANTPE9,5.0
AES2EMOE2IMYPHWUU2EBRMLF5V7Q,B0007U9SOC,5.0
AHWQWO3TDGHGSTCGTU77TE5AITKQ,B074CM9YNY,5.0
AHMYVVPBU7WI6SP5MNABEHF3LEKQ,B0BLLKKFR8,5.0
AE4SCUJHWKFLMXTAJNZ266VZTS2A,B07BSZNKTM,5.0
AGU6IQXE2QIAP2HSVICFNCYV6VDQ,B096K2LZKH,5.0
AEAZAEUOYT2WUSTFLXI5Q7R2CSFA,B08LVRB74Q,5.0
AFFRCOTU354SFF2TWTMJSVJ3T5HA,B0794JD1DJ,3.0
AGF4HJUL2X2KSJ3DBYZVSBYSNXUQ,B00F0GQ6TS,5.0
AGYUWXZSOKQS2IEGKKTXD7EEBRDQ,B07N3146QF,5.0
AHLERLIKFEZ7VZPC6SVYMVSRPRYA,B0BKQ2VGP1,5.0
AHN535MBJTI4BGLTUORFR3TLABLA,B015WUVA5G,5.0
AE5XWGBISMIFLQR5SQHX5GR22HRA,B06X3XT47P,5.0
AHHNKFG33VHQKC2DMXQOXDUFJXVA,B08QTSGNNQ,1.0
AEMOYADP2JOCWPFFSQD5XOHPNCCQ,B073C9Z8HV,4.0
AE72UOL7UVRMIPJRHY6A4FSQKJVA,B0158GWWJ2,5.0
AEGFQ5OD5RN4XKYGLAWEDH6JLQXQ,B07RYBJN7K,4.0
AFDTO24ABREOG7VZHGM5MUINEONQ,B07FM97YFY,5.0
AG6HQSBJPDWOKGKM6F5V2NAZ273A,B08BW2TBD7,1.0
AEYGHK2XKWN6SJ3ZDSSP4CSKDZIA,B08HHVYGV5,1.0
AET456SV5KEEOBGGHEAHTRNEG52Q,B096FZ5TKG,5.0
AF5C2VN2T3YFMG37IF6UNYL32GCA,B001OICJCE,4.0
AFM2K5Z6FN65NXDAT3G7ZLFW33SA,B01N5QJ0LE,3.0
AEVDN7DRDHN53ZPMTZPRZKGNGMMQ,B0057IVKT0,5.0
AEASD7QIONBITO7SNEDXKJEEACEQ,B07HF4ZCGS,4.0
AEMOKFRDML3SWYB7DCLK6ZW7544A,B003D3OCD2,5.0
AFSHT66OVN4NTDOFPDUZEVBLBJDA,B09SH9C3S1,5.0
AE4N5XPX57OH6MC5A6I7YMQ2WCFA,B00X7DDGBW,5.0
AEW2LO2YEEIWZ2V7CPL7Q6JBM4HQ,B014F1UKI6,5.0
AFOBI6TL5KJZ4PXECZXGF23V6JPA,B00X7DCM4Y,5.0
AH5PPNPBIL5VFASDP5QMDCUNXRPA,B07N5NMWXK,4.0
AESCPQD5RHHP65UTHAGCQDE7BUAQ,B0BT2XJDBM,5.0
AEOK4T53CV2V3HI4NFDOAOCRH3EQ,B096X4XB5N,5.0
AE62AMAAHZN3XHVPSHWXPWHVPYIA,B0BHSG5C3G,5.0
AEOGRG7N4WAUYTPHEZ4QMHNZJ3MQ,B07MDPF4SZ,3.0
AFSTKZ46JMFZCWEDBL76K6B5OLKQ,B0BQ4WFDFS,5.0
AHINDSRNO2KD7WSUIYLNE6FJ42QQ,B0107BCV1M,5.0
AHOEAFR76BBEHYKBUJOARRUUZXUQ,B00FI2PE1U,5.0
AEURYFHY5UKJWCTOYPJD3D2XLJLQ,B00BYI3UMC,5.0
AFBU2OKYDAWEKQZSGU4KWUMXUTOQ,B0C67HCGBR,5.0
AG23AW56WZ7KPYYAS4A3YUDTYWCQ,B00JL5IECG,5.0
AFXVBB7QDI45CCQ36S3NDGP5JXZQ,B07JNKY9T8,5.0
AHWSQSOLW3R4BI2CGU76ZR37CJ4A,B0942NY5J9,5.0
AGWLUHYZ2M4P4NPMOJCJGKL4UXEQ,B00NPAMDQ6,5.0
AHMO7X3QGRNEGQ7CKZQ5ABAEERMQ,B07S9X47LT,5.0
AGNOV6KYFMFE746R43PI27PCMTBQ,B07CQS5BMH,5.0
AETHP2JY3WDR3UG7KPK56LIWJQVA,B01DXVB4RU,5.0
AEMR3TT6O5MSIMI56SR33RIWQQBA,B0BDQVNX4K,5.0
AGYVINGW4VBWAX5UHWUCW6AEJSWQ,B0046VXQQE,3.0
AE4YC2QFG5TC3AE4FH52VWIKLBZQ,B00FSSU41Y,4.0
AEQQZFX3NNGWSP26RJ5KPECI45KA,B01N1UI8V7,3.0
AE4LK4DLHJSEYO2HJ6NONKZUGOKA,B00TWHTFSU,5.0
AHNLPXSGHTX3G72AKOF4CXARGDPQ,B000UV8I7Q,5.0
AE6E6YBBMXS5CQLQ3ML5DQJPNWJA,B0C61GDMJL,5.0
AGXFCJEB7DMPI4TWBCCG5SRU4NHQ,B0002CZYHK,5.0
AEPLYYM44R77PXEBCICPCGEKCO3Q,B00646MZHK,5.0
AGTNSOHIGESRMHSBEE7OZHP5X2LA,B01JB0SPEC,5.0
AEOBPIPUOOQUGQEXNMBWZYEC2XIA,B00H05ZVZ2,4.0
AEVZHIZGHRVIPJBVV67RVR7GGYZQ,B0BTC9YJ2W,5.0
AELA7SBKIKMMMFOSMPOM55GE7GEA,B01HCHDOTM,5.0
AEBF2QAX2TLFF4T5ZKMXAIRKVSEQ,B09SNBQCM8,5.0
AHWRNYOWY4IRKGIMFKZGO55XSKQQ,B075RB1KN7,5.0
AHMOULZUCO4KAUY65VQ6JXCHBNSQ,B09R6KV6QX,5.0
AHHHSIYHURY6KKWGLTMN7Q3JSBPA,B078Q678C9,5.0
AFKVKVRQRTZLQ4B2MBRH6IEAZK4Q,B0B1DPY481,4.0
AHTYMUVELACPSPGNXH2TH4WEQWVQ,B015JTEBN8,5.0
AHP5XNYCMUTWMYVSJVAKWF663ZFA,B01E6T56EA,3.0
AGF2BWWRJBXNSO6N3YHTFFCWCL7A,B01MYTO85F,5.0
AF736W3YRCLMP6KMKVZV5HN2KC6Q,B017P7Z2QC,5.0
AE52EI65PJ5YA3CQ6HEFTQSRK7AA,B00WJ3HL5I,5.0
AEIGSLLO5UNOBNT353NGRYGORJLQ,B06Y2W66F5,5.0
AHROMV7LJFWNQYS3U7N2ULAMO5MQ,B000J5UEGQ,2.0
AHQMOFC4UGTF2S5NS73PPOG2T2YA,B08RXRQFRJ,4.0
AFKZTCN4BNEKHAJQARBTQ4RZVETQ,B0BTC9YJ2W,5.0
AE67KRP7JRFPJCOOMV2YPN7KIABA,B01MROS266,5.0
AGSJH7NWOOEERC2GJAWK2MM7HZUA,B007T8CUNG,4.0
AG5F4B4NU6DRMAKP743BDE5S3T5Q,B0BT9R8MMV,5.0
AHUWTBLGZWOIE4OYFO56IOXKJMOQ,B00OGZVTZA,5.0
AGT4KD3LUBVFSDI4WG2W2YW5GMNQ,B0002F6W1Y,4.0
AFJC44PF7YHE6P47UU5LX2NDOEZA,B00WJ3HL5I,4.0
AGUNY4JT3NXKCFYWAZ7O6SF22MPQ,B0BXT2WN33,5.0
AHRFTXV4YF7A7C3V2I7JNZIJ4OBQ,B01N5QJ0LE,4.0
AFVDSO7FDJY6PZTIVD4GQC4BI5JQ,B0C15FYC5V,5.0
AEX76EATB2LATCHN6WDMPBHRJHWA,B08C7QF9DT,5.0
AG3OCQFEBTOET7ZBF5LVSBKLDA6A,B073RTT48C,5.0
AHQOMLZZJAA7TWN4XUHON6RIRC4A,B00SKI0HSO,5.0
AF3TDYWL7K5SP5QCBPPUDK5U3N3Q,B07BC4KMQK,5.0
AFTTSALKKCUNXGMGV2LGQUP5SXYA,B008AWPI1Q,5.0
AGOI33LLDPZDPGEEZ7YYC3YHZXJQ,B00IPGXZMG,3.0
AFEOZ2IHJAKVNIAWLKJRFLTPNCQA,B09PRKZ6FN,5.0
AGMNTBFYYGI66QEZJ4KX5ZMHSRXA,B0002F519I,1.0
AEHEOPLYLFLYGKX7YR42SGHAVTVA,B07T4TKLW2,3.0
AFKGRP4MXTNT4YFHIWX67RNARIJA,B09NNCSVQW,5.0
AH6LZMLMHAU5AHGSA7G7E5VEIUNA,B01K1EJQ9U,5.0
AHQXZXO3N2WPKJCIUWXLBD4HU66A,B07T3GZVMD,4.0
AGUBDGORAUUMXUWCP636WEUVYSFA,B077Y6MY66,5.0
AFUI2YSEV5HZ2PTVF5UF6OO3L5GQ,B07BZ2FZ8V,5.0
AE6LEIMRX3UITDDKY2HLBITPFXCA,B004XNK7AI,4.0
AGYBMTZDIVSRQ3KD43OAYPHJY6SQ,B00WE6INNY,3.0
AHFLBU62G7X62WE6T7C2HHK2G2IA,B0B755Y6DB,5.0
AETXBM35I6ZQSJIRG5WNJOQURSWQ,B01LYJMHXV,4.0
AGYK2YYS35CDU2Z77ZQR7L3IAX4Q,B07KRZ1HH8,5.0
AGC4PLLCQH7KL42INYQDANWLJDCQ,B09YYB7MNN,5.0
AHG3AYMNGTARJCPKJWXYHRD4LNYA,B072226Z5Q,5.0
AFZYOSEV23R7RSHV7GX2WORLJSMQ,B0BSGM6CQ9,5.0
AF7LDTPGNFMGMP3YLBCCBQG3PVIA,B0040FJ27S,5.0
AGYZBADUFDGUWJZ2SHEZAU5LVPNQ,B017MHXV3G,5.0
AG7LQUQVFTQT4Z7O7R4ZW3QHDTEQ,B005M0CK9M,5.0
AFY6S76BX5UYVS3ADFKJOWISF33A,B00TQZN1LU,5.0
AHWUG5BIUQWHO6KPODY2QJFFQYWQ,B0BLZD2X18,5.0
AHF4JEWQEROLVQZJJHSI67KKWTFA,B006XXT8EW,3.0
AFKVQRYREQIOY53LVNLH2MMIMQSA,B07BZX9BCS,5.0
AFJBPPUHABKT3NK4CCTZGI22UDVQ,B07NDLJJSM,5.0
AEFGZF5QAI7IQGZBFPBES2TPTRLA,B07N83Z3W7,4.0
AGMKC4KFENDHDKVSQ63X6Z6T26NQ,B004XNK7AI,5.0
AFWET6TGZFBZOJUGGD6MVRCS7ZKQ,B0C5CTX5LZ,1.0
AHJ3SHJX5Z5T2KPEAHQSFDQB5KIA,B07711ZF5C,2.0
AFYXC6LKP472MEO5OS2ICSPIUNOA,B0C13HVDVZ,5.0
AHO3TW34BLH3DMMGC76PPSBHLCNA,B007ZXWQ8E,5.0
AEP2JJUCKG6NBVBQHCL3NVQ56WGA,B0BPKH7FJ2,5.0
AERBARCVGO4LQ7S3GH4V54N7RLWA,B07F7NXL8V,4.0
AG6ATLCKETNYRKL6GCQV35CSSGPA,B0185B3CC8,5.0
AEHIXSVSO4RBFXKO6MHNNBRQGQ3A,B00IFOTSJW,5.0
AHZ6MKX4PCYOZVXLCONRCQSJ44BA,B07FYYS5ZP,5.0
AEWMLY6PKKJ4CSTYPEKASWTFQKNQ,B006UOSUDE,5.0
AH3GNKLWTDPCG42PLQ2SRYMK3KEA,B01E6T50GY,5.0
AFP72GJTYILTZLC6PNWWFK5GSUZA,B0179A4ILK,5.0
AH3GZCPR5LYWRN2IOMZUU3RGWRJA,B09KR857F4,4.0
AEXDYLC23FPJTOSHWXNWSKQXNNWA,B0BKZ7M5VG,5.0
AHWGBAKH7QDCPMELIEXWWO7NBK7A,B0791FNPTK,2.0
AELHFSFNZGMUKRQ6Q2MYN367HZUA,B074WXM13T,5.0
AH62HWTT7MJCJM7V2B5LS2VTQBRQ,B01DN7OLJC,5.0
AF6R3LIPXBFWYQ4LORVCRLABXEYQ,B09BF8XDF4,5.0
AE7QA3XEZT6PIARLAAMXT7CQ2ZPA,B0C4S58NLX,5.0
AGTZNQAFNN3NQROPNHH7667W6FIQ,B0CCK4YYNM,5.0
AHSX5YF55LYO3M2ODEKTHCHGYQ4A,B072FDH5X7,5.0
AE6J5SM42A2IFBSSJYIJUPAQKZPA,B00IFOTSJW,5.0
AGER7EQMAWQFG62IC6MVLVZ4DRXA,B07H87XJ19,1.0
AHLCZHLUH342KHICKOLCIHQ5CY3Q,B005FIFM14,4.0
AGB5Y66IQLZTKJIL5F4OSVP3QB2Q,B0BYXVCSGG,3.0
AEC6HKN4R2TU4G3ZZX726K7CKV3A,B0BX8VJYMD,1.0
AHBTL2SUNMBXHTYOVE6KMIKWX4RQ,B09P3ZVLV8,5.0
AHYQKMLIXHKFDHC7K2Y4JXM4YLOQ,B0C5CTX5LZ,5.0
AERXAGU6PAY74OIAVZQKU5ONB3NA,B074KPCGYL,5.0
AH4RCREW6GITBHUORQSYDFJ2LATQ,B09857JRP2,5.0
AFFIQP6E3XTFNIZZL7VXRBSPMUCA,B095F3NRQW,5.0
AGOTIZH7DO5TBSSAKDOMYQKDMDSA,B0C59PH5R1,5.0
AGM6UGKARSLRPCQME3Q2VEQ7IP7Q,B01LEZVYZO,5.0
AF6NGFPCRFC2H2DNAUQGLTSNSDMQ,B081YCXDFF,5.0
AG5IDHF3GQJ66NX4SUVVMD6AJCWQ,B0BKZ6JR1L,3.0
AEBC453QY3X2W74ZLA4Y2GXS7F3Q,B00N19LGZ0,5.0
AGMF7KUX766SMMOL5OBOMUR3LHYA,B00N5TH2H2,3.0
AECCI3ZAQSDKRBTIG2BWZSCHYY6Q,B008L3SXE8,5.0
AETT5NPJAVOQMSCUYMTAVCYIXEFQ,B0002D0KG4,5.0
AEFVKIUKD6UM4GULEUGTGMFHATKA,B00B0AQHVA,5.0
AF4WQYIS54RCMKCU4W4OTSHUM3YA,B09XHQF17H,5.0
AGMTCMP27WCMMXZ3R3FJ5F4KDABA,B01N5KND14,5.0
AEIGNQD2PURKBD57LI4CYPUF2SNA,B005GJIV2Y,5.0
AHLPCSTKZELWVAFPEYEPO4DEO7JA,B0BLM3QHRL,4.0
AHSXBC5P55TQZXDNPWOVXQWCCWDQ,B0C1MHGKHN,4.0
AHEA7BJ6ZQXRD2TT6IZA5D7IRONA,B001LTZZSG,3.0
AF43J3HR4DGZRQBRCLPAOCPMRVOA,B01LYJMH9P,5.0
AEOG5GP4YYOR6T7H4DTLTH5VXEVA,B09M7P8SBH,5.0
AGNK3RRZXRG4YBKIVOD4ACN2LEVQ,B001RNOHHG,4.0
AF2WG7KCZB65GI6JZQ7ZKZNODHZA,B06Y17CPDF,5.0
AG7FHTSKKWZB234EAOMCSKNZU3OQ,B00B6WZGHS,1.0
AGDD5QGNAAFBEIVL7YFCCK7K66PQ,B015M92GZ0,5.0
AGOZQASAETUICMSSSZFV2JETPRHQ,B075CSHLYH,1.0
AF2GPIP26H7E5EHDWC6P7RKZ3OUQ,B0BGQZNQ53,5.0
AGW4GB2VIHMPVRKK35QXA5PY5O7A,B0161CIA4S,5.0
AE23WLBRYKEC67DM43M6E2MF7GPQ,B06X9YBVXS,3.0
AEHRLD5AHMB24TKVH2GPF3J4DITQ,B00T3SR9ZO,1.0
AEAKXE5BOXEQ7TWLHV7FSN7RBMYA,B08Y6PVK2L,5.0
AGRYDY7V7RLYLKDBPMIOCLIZB35Q,B000EEHKVY,5.0
AEXXLUPKAUXOW3H2CAYAJ2HUTZ7A,B016X2ELIU,5.0
AFTSLSIU54LZW6QUBJSGCT3XIO6Q,B07GFH8NTB,5.0
AGEIEJ2JRX24OMQOGY6MNJBWUL7Q,B0002KYXTM,4.0
AFDJSTTQE46AM53MEJHPPHLLXV5A,B095T7S12G,5.0
AFYOJ4GGMPJF6RQZR5SIO6VHVU7Q,B072JVYTHS,5.0
AGGV2GVENYI34JRAGOSUUEFNDXUA,B004XNK7AI,5.0
AF6L5ZQD3WBL2P7ZN5VAFMABWMHQ,B07MG59N55,2.0
AECIT3NMW6RKABFS6YOCYX4YUYOQ,B08CGCWGH8,3.0
AHIGZMUGQ4GXV6NJYZZI6H6D2XIQ,B0BT2ZRCY2,4.0
AHTYFGUR2T4BVOCZL4AKNRAPS3AA,B00WJ3HL5I,5.0
AHJBRDZIS3BYBISIRTW4ONRLNJMA,B06WRTGSFR,5.0
AGMYRILPTJDOK7WL5OYHYGRYVXMQ,B08T9CCXZB,3.0
AFUI2YSEV5HZ2PTVF5UF6OO3L5GQ,B004J0A264,5.0
AFCIKDOY5R5VUPEJWABYXT2G4OQA,B00XH2Q9TO,5.0
AHSHUIZHSPWYY3OD3PI56MSBKZ4Q,B0BLLKKFR8,4.0
AFKDAELWZIYXQVIHJ26ZQNZ3YYFA,B0C61YVW2S,5.0
AFEZOYIBJEQRPPIKLS4GYEZMPPQQ,B00LTDOL02,4.0
AHUXXNY2JWBI6E5TXSK6TABTFZFA,B07CPW22H8,2.0
AGMFWVTOPGGJ372CLWZJZSAIVTGQ,B075MPFFRV,4.0
AFJLRQ5GNY7J4FOI2ERRIF44XUOA,B07DV6NLYF,5.0
AHQGNOWJSKABAXNAK4KZ7SMBP46A,B09S2Y4MMC,5.0
AGXTFGO7KXIW257RRFLSA3C5VRWA,B0BKZ1KXLM,5.0
AFHDRQARWLYK6JXI3MX2A7YS3L4Q,B0002ZO3LU,4.0
AHI65GFGKZCOZW6XX2TNNADXA7AA,B07G7HLSS1,2.0
AFO3EVBFEP7ZQG3IE7BLT7W2F5KQ,B09WCL5QKV,3.0
AFUSXKAOKI3SI37XQSR7DQO74YOQ,B0BT352YQ8,5.0
AFZFAXZHDVNKI5DUH6FB5V7JKFAQ,B0C5Y549L5,5.0
AGKK2ESNN5YDPLEM723AYXM6Q57A,B0002E4YI8,5.0
AEGBZMCFJFBATEIPDQX6NDYX4NHA,B094DR9724,5.0
AHHPKZ3F4WPTUYZQYYAGB6UQNT4A,B0B3VF84DL,5.0
AFWH3K72CR65SENLSGJWEILW4SNQ,B0BRG6ZYZ2,5.0
AGYCKFZ3PHB54FOHEMGBMGVTQBHQ,B01I4AXG7G,4.0
AHZT6MVWNF4GG6FISMZMORKZKK4A,B0BKZ3GCGR,5.0
AFYHXURBG65PEOSGHZD4CIDEJ2TA,B0002VB8AS,5.0
AHFDBUGMPA2ETFINXOYIVAZPNZAQ,B008TNAGQS,5.0
AGKTBKXWB7TSHCSCALSFSEL36QNQ,B09XDY3TYN,4.0
AGQT6IN635UD4LQ5THQHXV56P6YQ,B00WJ3HL5I,5.0
AGNIGDHWK5VNATR76JI7CHODDUJA,B077MJTG4K,5.0
AHRB2TPKEBMBZ2XUTEYE66MGFZXQ,B00B5LEAFE,5.0
AHXPMQ7YOOHFIKJKAKBCJ2AF7UDA,B0B4SGJRHR,4.0
AEMN357KYMFZXPEZGYRKMS5CUWVQ,B01E6T50LY,5.0
AHJ3CX5T437SPYIUYQQVCE2HSXNQ,B07N83Z3W7,5.0
AFSIVX5M2AC4KQ3EK772WFNNJPGA,B00H35YIJE,5.0
AGZEDKJEUXQ3KK5D462HQZYTQWXA,B0097WDJZA,4.0
AERE4WE4ZXZUK2TWOR33P6XWHPHQ,B08JMQR2JK,5.0
AGWJ2NEW7EMYKLBTPLN4KIKAHOKA,B07DWLYGKH,3.0
AGGLE6KYMOVTLW2O26COKPUEEAVA,B00T3FTEMS,5.0
AGQOPNQ67XVWKJFVCYJGZHI5P4XQ,B06Y2W66F5,5.0
AH35SZXQWWGHRFNOK2G6GMP4XHHQ,B07GS5R4TX,5.0
AGE5EPC7QA2NEDRFC7OJNTPQWBJA,B000AS7QJU,5.0
AFPTPTM5OKLYHOCNKILC6GC2RWOQ,B01LE49PTC,5.0
AF2NDCB5HLWYEC76MB4ZKFJGRLTA,B00G69FBQM,5.0
AFSWIMPWON5PRF345TI6JUMWBA2A,B06XH7487S,1.0
AHL67QIBKSTRQMFTJPJK3RJ4KJFQ,B07KYX3S8X,3.0
AGKK2ESNN5YDPLEM723AYXM6Q57A,B00101WA4C,5.0
AH7I57UVCR75DY4O5MDVVGWT2CJQ,B0B59DLBMD,5.0
AECKX5ZDW6FW4MBP3QKTPWTWUROQ,B0BSGM6CQ9,5.0
AF7FS6PDNV5QOJHBCL4NKVSGVPUA,B012VQ5A7S,3.0
AF3FYICX6MT2J3E7RBI6WGC2DSVA,B01KJOJQ06,5.0
AHZ6MKX4PCYOZVXLCONRCQSJ44BA,B0BWXY17MT,1.0
AF2SLE2H5QRPH3UO4BTO62YCLM2Q,B015X3CXXA,4.0
AG4GSXL3NEJPMZOVMFYGZNVURM7Q,B0C5PRQ9K6,5.0
AHCLGZ3I4XLXRTK7FSSJFBEVTABQ,B015JTEBN8,5.0
AF2YGYDJAH7YDQOPEBYWWKV333UA,B0BSCDNQT1,5.0
AFEU72LBPQ6KPZM6WG23YI5DURKA,B07NDC53ZK,5.0
AHG5I3CA5TI43765KB43YLFPEQXA,B08VJC3GCM,5.0
AG4GB3YM2T6XH7JS7JD5D5S6S54Q,B07DRMB6X1,5.0
AHRSXDWMMGBPIAF7FLEPJHM2VBEQ,B0925WNSYJ,4.0
AEL7BTGBCNEOZY5WN6HLCQWCBL7Q,B09M7F7LFB,4.0
AGOYA73U7NSVWD33OLBWZSHDLSZA,B09PGXB1BH,5.0
AFQ3MI5EMRY3KXDLZX3QHEQVGQOQ,B07VWSB34H,5.0
AEENGB3F5NPUGBBQUPOTSHZ4JUTQ,B00I3TP9JM,5.0
AH32F32TJIOZKQ5YVMXQEMTKHGOQ,B00EB11OHC,5.0
AE72CWXP2K7ZZH4LNBRX4PDGZIWQ,B0002E50MC,3.0
AFVABWMVYYXSI4RBOE3GFITNRV5A,B096FZXRM4,5.0
AFH6FKTW5XD2TJFJESFEPFDS56SQ,B078Q678C9,2.0
AFSWCMYXW7NHM4IHL7K2VNCPX22A,B09S2VB3KW,5.0
AH5D4W76WTWVES3BKJKJPOHLBJ2Q,B0B2TND26L,5.0
AELVQZD526TCYZLFPERIGGHNQQBQ,B00EQ2558U,5.0
AHSRMNZAUSJKKHQM2Y5SFLXPXYEQ,B0C4GJM9J4,5.0
AFGOG2ZIDC2JXUVEXWN2YMVSJSXQ,B01N5PRRY8,5.0
AG2BNWGHZ7E53YD7US73TKEQY7ZQ,B077Z635YX,5.0
AEPJL2A5CE2ST2ZBZXZFCBIGLSVA,B0C4CJND96,4.0
AE7GVDNRY5NABEP253Y3GMDUZOZA,B07NDJ1HSG,4.0
AED7W27UDLS3CUTBNPNLTBZGOD5Q,B0BKR9BCVK,5.0
AFIEY7TA5YNMOWUPNTGRX2SF4OPQ,B0BWTPR1W9,5.0
AFVKWBQQ6VUMTZKTVXN4Z237ZMOA,B093YLLJX9,5.0
AEM7J236BRUHMVBVSAQJQNFRBWIQ,B0771PMLFX,5.0
AGV25JJ522CLBJIOGMAWNW4KYQKA,B0009EQMZE,5.0
AGVGP2XURE6A54ZUEBLRMFGHA2TA,B00UJHFD2Y,5.0
AEGLGY2SSXUNZ3HCG7XPISN7F2GQ,B00T3G1164,5.0
AGBQ3TX4QYWQQOW2DBADLGOJHQGA,B0BCK6L7S5,1.0
AESZ4KE372S7N2KIGYZXTBV37RAQ,B0BBNCY2VC,3.0
AH73DRVHIQJSPYS6XZVVIB7RXURA,B0C67HCGBR,5.0
AEYEK5LKDSFIWV36C3Z2LT4CB5EA,B016QUXTZU,4.0
AGR5I4KTN3NSHVPV7IA6GOVM3FTQ,B00USQY0CK,5.0
AELSB7HQSUYTNHOCXTINKVOCYBNA,B0C9NGP88D,3.0
AFHACMOT6DXHVGKAHKLC2XVHCHSQ,B00N4ZHQ14,5.0
AG5RILLGMYUOSW6RO4QQ32N5FZRA,B09857JRP2,5.0
AE5OTSYIJLVZKOBCNLFJXTU7P3OA,B08DZZ89Z9,5.0
AESVJIPLFNLZ2CWOSKNWBP4KE6XA,B00SW15C9S,5.0
AEICL4I62FLVLMNJMFSAZE2VI5CA,B016QUXTZU,1.0
AFWGYK2GNHYMT4SBAGLT4G25PKAA,B005DUR7U8,5.0
AFMAFDEOM3RER4W55EZCYXV7I74Q,B09RN7GR8F,5.0
AEIC64XPFPXOWL624SR4XBRW3MUA,B09YDBKT7M,5.0
AGVINP36J5E4IH6QFNGGNYI6T2YQ,B07FYPBL6K,5.0
AF2VQ2P7UISQFZUVQOONNNV2Y4SA,B08L3K1T2T,5.0
AFFYSCZKCCXDX2FFF3EBRFR3ZGVQ,B0BKR2ZM9X,5.0
AF6NYDOZGEN2FNPVEYMEM6DEVIQA,B07N5J3GTB,5.0
AFGO4HSI76RTBBRNPJTRS55ATLZA,B0089EUZ4A,5.0
AFYMBYRQILQMD4YEWDEBUJHRXBAQ,B0179C3SQO,5.0
AHOMQZDT4EPMWI7IAZMMFXJG2CUA,B08T2N25MR,5.0
AEAXIDPWNA75VUGVVL4E6KYX4R7A,B00AV557UC,4.0
AEXLRZ34GTMM35NQRDZ4CDKKXLIA,B0BSGM6CQ9,5.0
AGKNEMZUFP4BVRFN3FXUAB7FZMFA,B00KZQ1VXY,5.0
AH2L274GMVOWVAC5MF5IXUF3UHOQ,B074JNWHZ4,4.0
AGTLI7233IWUHM6Y5UBUUQKF7E4A,B005SUSXGA,5.0
AHV23IZTZL3UH74JOPICIUQYCXOA,B07WW5PKCP,5.0
AG6KMZ4N7N643SS7YNDQS4DFGQRA,B097JDV3FW,5.0
AH5S4XKENHVECUH4CNLWHQYIP2NA,B00AV557UC,2.0
AGEWXW526KOH5743XNOIKVCMVJQA,B0C9NGP88D,2.0
AHHDLIT4BPZAFDKKTCXETFZDV4FQ,B0BYNM15YB,5.0
AHVEVF3K7UWTPZJQ6J45MOWBRRPQ,B081PQR33C,3.0
AEZTKJGIOQA2ALYBJ3I4QEEAETUQ,B082285YXD,3.0
AFVEGE6MCTDWLG2CAR7O4AHL26MQ,B004VDD4SW,5.0
AH3XHJCHHLVURHVDWHRIXWPQTPWA,B01C5TC6O6,4.0
AFGQH4JD5QBDF27M4MG6OJ7IXWBQ,B0BCK6L7S5,5.0
AFH6AUO7HH5PMJBRBQGQQKDV5HLQ,B09SVL9PW6,5.0
AEUZ6EWZPJ7MHL2G4S7VCSDXRMWQ,B0B2QG44CZ,5.0
AEK52OVGR4LXYABHNINSHSBS23ZA,B08SJY4T7K,5.0
AG6CZXXQXXL3L7TE7XVHTW3DYKYA,B0BLBTT86L,5.0
AGC4PLLCQH7KL42INYQDANWLJDCQ,B00WJ3HL5I,5.0
AFUOGVGBKB2PYSHBVSN5S3ZX3ORQ,B0925WNSYJ,5.0
AGF2BWWRJBXNSO6N3YHTFFCWCL7A,B015ZDDF0S,5.0
AH3HUVC6ODJXIG2MACTMS7RHEFPA,B0BP78F7CC,5.0
AEL6LHHM5XOECBA3MAPB32W4DLOQ,B00RVE9X06,5.0
AEXAF72EML4UPYS4KTSBUDKBMTBA,B07RS1QKGK,1.0
AGLS3LXZRF3S6AHDXUNPUKPFSFSQ,B000WIPGG8,5.0
AHHVKDA6ZVQGESNMFJDHKOJIG6WQ,B06Y5GKJQK,5.0
AFFPQSDGBJC5Q2POUYOP24WKMV7Q,B0C6K471PB,5.0
AGCDMYMIU4NTLTJJ5AQZVELD4ZLQ,B0753PSL2D,5.0
AH6KUZJXTBQY2WWVRBJ5UOTV2ODQ,B07NDHXQQV,3.0
AHRQCTRBR4IR6R4IAC55SCW5QH7Q,B08JMQR2JK,5.0
AGOFEC5HKNFNOGAMR6ZDACVQOFMA,B00NL2XSD0,5.0
AEMZLP5VHZNKE2T3TW3MPEK3OJIQ,B0B2Z13RCR,3.0
AGCKPDUZTEZAGOLCCG3DQV4J5XXQ,B076H8RBPC,3.0
AEP4KJDGBH6XPJKFEHPYSAPUNDBQ,B07WBZ1SFR,5.0
AE2XOYSW22GQYCFJCHLWZRUQ767Q,B07MG8PHF2,3.0
AGZDAHTALWUZYOSTCBFEDNACMDGQ,B00HJOTNBC,5.0
AHR5GDAC7LREPV2SYJGAGCBNH5AA,B0BPLFP5P6,5.0
AHCAUSSLWUYO35DHO3ACJA6UD7ZQ,B0149IWDS0,5.0
AHSCA5GKZMVKAYKINVSXB6E3XMTQ,B06XPJHYDH,5.0
AFE5LE7HE7RJBMXHZN3XF6HSJPBA,B00N5THBGO,5.0
AH3QWAFMDYN7SGP3QF4YIM4YS26A,B00G33N29O,5.0
AEJ7GWF2F47PHU7L26RHYYO42NZA,B0B12H4PD9,5.0
AHWGL6LQA7CVBMZRTXK3V6UYL2BQ,B015X3CXXA,4.0
AFB5UR5STNM4EQGCWPEPKUPKTYJA,B07FYYS5ZP,5.0
AHTIZIO3VNXKLENDE3TMIUUSINHQ,B09RN7GR8F,5.0
AFO4VO3EMAEWPOST4DIAMAEB7ICQ,B0032UYJ98,5.0
AHYRMUBJNAYHJRHJALTXJL4FBHSA,B005FIFM14,5.0
AFYRQ23ENSDEFSFPOX4ZQH6ZH2GQ,B0BL2ZJ4B8,5.0
AHMNR47GKOYYXWB4IMSRZLZSBY5A,B00646MZHK,5.0
AF7ZZZMFPAUVTL62FVUJ5GACOK7A,B0BCL4K9GF,3.0
AEGK5HULJVZSSTILECMF76DA7HFQ,B07YD57169,5.0
AHRPATCCBUSBFNJ3U5JEIYTXYCAA,B08PMZQXN3,5.0
AGBG3KK74IKWJNQVMQAGVBWJ7FAQ,B09895PBVZ,5.0
AHXUKKTRTEEQAWREA6Q7MA6ZKOCA,B00U43T1KI,5.0
AG56DTGKN5OVA5CYYYFGBFVGXHDQ,B010GPFRUQ,5.0
AEXDQ3ET3KGPPTZNC5U72WED6HEA,B08XMGSLMJ,5.0
AH4T2SPL4QMPJOTF667RYLK7WAEA,B0C3PX32HD,5.0
AFBYEI2ABDAV55KZXU76MHGLUYDQ,B0B8M2Q1DS,3.0
AELEI3CA5BYLVHSCI2TIYVRIKD2Q,B09Q39C7W2,5.0
AEU6JFGIA7ZYZYICE4XWSGURZUYQ,B0071NO7I0,3.0
AF63VW7YLF42A6STVGBLACD7RUWA,B07YKTQWSL,5.0
AEQT2EJM64SZEGP7E36GKCAYZQOA,B0BT9R8MMV,5.0
AENYBPVASWQRXKHOIAV43ZXKVEUQ,B009DAHPLU,4.0
AE7P3HIBI3UDLCJLUPUZQWYVPEWA,B07DMZWYXV,4.0
AEIQSLRLI7R7FHPNFDEQRDZ23RFQ,B08R5GM6YB,5.0
AGNJFKRUT2SCSJMIS67A4HZ3L23A,B0B4G3QM3L,5.0
AEIPGKRHCENK75ZJOGGIRTO6CTZQ,B08N4FK85X,5.0
AHDZKPPKUT7HD47LXCBN7RQNN6KQ,B089LQVQ32,4.0
AGCVD55ETDBSHYS2CCQE42P4J3NA,B0B92LPGD2,5.0
AHGAJ6EAHD3CEFVFKMC2OO2IVHTQ,B005F5TP6U,5.0
AGIBAXUNJ4PSY34SL5OCL5GQLUDQ,B000P1RB9C,3.0
AGK5J33TK5YZJZNMTXRINKBZ6MTQ,B01AA6B5WU,5.0
AFBAOL7MOE7AIOADKAXH5QTSBM5Q,B09MJWYTQW,4.0
AEROATPHZS4Z42BB3BERTYS24GAA,B07H5HM6F6,5.0
AETEDS6HQJWX2EQYEQFUIAHTTJXQ,B0002D01KO,5.0
AHO6JZJO74RBYK6KAPCPQ5WW3VEQ,B07KDSZ2TJ,5.0
AE57MRF2R2ALCC6H5WQLFKT7KSSA,B08R5GM6YB,5.0
AGNZ55VEXGISWO3OH7F4CTP6HNRA,B0BR2PXCBW,3.0
AHPJUTQ3YBWZYP3HHH5EN6ZKHQQA,B015OP6OOG,5.0
AG2AUKULKSMNFTIVVK5773MTGOIA,B004FEBS8K,5.0
AF3ZWOXSL3LOV2IX3A7JK2ERNXOA,B09TQ5K47S,5.0
AFCLNMP25HCXSDNKE3JSISGIRA6Q,B0C5S47TT9,5.0
AHTRBTORBRFFIMLSERT4ZQMJTADQ,B0B8Z76J32,5.0
AHCTXCBORWAVSGY3WDDKO7SU2TAQ,B073CZTQFM,5.0
AFWVAGRFA2IMCAAW44JLS35DSBYQ,B09G5XH5YD,5.0
AFVYKHHOJPUWETNZJ77GFIBM7GEA,B0B6P55RBN,5.0
AFEH52MVAUDMFICQ4OHPHLIRAUGA,B08VHZ4FFW,4.0
AGCSIPN6UMKXCMLEVLC2PSK3Q4EA,B0BXCW6SP3,5.0
AFU5HZB6IXKS4FFAJEY7LBQROVGQ,B00X7DD6GW,4.0
AENDXV3UMAX33LIPUBWD45OQEIAA,B01HCGWS2W,5.0
AEUPTKRM33A7FDZJJRLKPHQNWKNQ,B09J4M3KQG,3.0
AFDWXKZS3YVT7GOXREHCEZLPEQ5Q,B0002FO9RI,4.0
AES4RSOTLVGA7PFLP3HUHFS57VKQ,B00CPLODUU,4.0
AGA3I7V3SYQ223OIO3CY7UCSKXAQ,B08MF7Q9RW,5.0
AFX6RYPCNFUEPT62B42ZPZXIDJAQ,B0BKR9BCVK,5.0
AGZZXSMMS4WRHHJRBUJZI4FZDHKQ,B0BHYWJVFW,5.0
AF2GCTNO7F4SVEBDXYZ64IVLLRHQ,B07B9W2XFS,5.0
AGNZ55VEXGISWO3OH7F4CTP6HNRA,B078PG7NBY,2.0
AET2MY4AL52Q4DTADBW44OBWGYIQ,B015WSCNHW,5.0
AEMDDN7LCA2LR4KBPMCICXTG24TQ,B00I6JGPHY,4.0
AG3S4FROO422V5KP7DJCBXVUQLJQ,B07CQQXQ4T,5.0
AG23AW56WZ7KPYYAS4A3YUDTYWCQ,B08JMQR2JK,5.0
AH4EBXBCNHNVQ5MKFUO62MZEVPKA,B07Q9JB3CF,5.0
AF7OD3F2V4E64XZJBQLMVEOKTKXQ,B00B5LDMH6,2.0
AGD5RHGRJRKT7OXASOUYBBU7KDRA,B09V91H5XM,5.0
AEV27VCRIQRDWAJ57U5EZMYAFYOA,B0BCXRJCL2,5.0
AH7I57UVCR75DY4O5MDVVGWT2CJQ,B09857JRP2,5.0
AHALYOX63S6CACZTHN7R24RVEX2A,B009AS1FLG,5.0
AHRRF2ITLZ42FQ7RKVPW2KN2363A,B01LXWI3T0,3.0
AHIDM2DCMJZVSROBSFCWWKZBDHHQ,B07Q5G54XF,5.0
AGD2M4ILXY46NJDCD4ADCYQFZGZA,B08DHMJYLD,5.0
AFNI6GZFGS4A72K6LX6Q4VI4WWZQ,B0BHSG5C3G,5.0
AF74F2YZDVP4HFDWZXXRVEQVSSUA,B08DVPJSX9,5.0
AGBG64QTSJJR6IDUZEV6CLVSMUDQ,B005DM7G84,2.0
AH5L4JOS5H4ZPJ4K43VTWJYBUPOQ,B00M5DWB5W,5.0
AGBG3KK74IKWJNQVMQAGVBWJ7FAQ,B07Y9WZ9XY,4.0
AG44UYFDZHI6FRBQSLDWOGIEOY4A,B08LVW75N5,2.0
AHMMRMBNKFL47QWGXRS2227X4K5Q,B005H2007E,5.0
AE2NWSTL7JJJWOCBKZCZF6KDQIZQ,B015WUVA5G,5.0
AHOUKQ3IRAEAMEHDB6U4AMB366NQ,B0BSGM6CQ9,5.0
AHXX4HAGLIPKZ7TM7GSLS2JBZKNQ,B01I1NKJAS,2.0
AG5ZVXXHEXDYUUODSEQC4XXV7DPA,B07JKRBNWY,5.0
AFGDRNIMPVGMEICSWUU2AMBMPDOA,B0B38VK2BX,5.0
AH4PST3O2RSB2MKEQSQDVGGQ7LKA,B003OYLGWA,5.0
AEYM4JF7CX4PXVZX6HBA5ELI544A,B00WJ3HL5I,5.0
AHDZKPPKUT7HD47LXCBN7RQNN6KQ,B0BGCMQWPF,5.0
AECKX5ZDW6FW4MBP3QKTPWTWUROQ,B018FCZKR2,5.0
AE6B3FP6UAR66D3J2MIWDAKONHWQ,B08NZ14V6P,5.0
AEWRX6BE2CASVQF4ZOWKS77NKBAA,B009WS7TSW,5.0
AG65H3KESUARZW3IYMRXVITV42TA,B084P99JLP,5.0
AG3ACUVHP2XSQUEGZRIIZC4X7YDQ,B00CTKI5QA,3.0
AGOWSJ4ZAWXI37BO7ZQ4ACUFXWEA,B07L6ZR9V9,5.0
AG4II62W4SSRUUOT2GWQQKUDEGRQ,B0928H9QXC,5.0
AFQQRHNOS2AJSMORGOJQTDOWF6EA,B081W3MH7Q,4.0
AEM2JD5JQSDXA5YBZLKVTGXDQ2NA,B003YJQX1O,5.0
AHRN4W52E3M4TZQMWTYLFZGXNMHQ,B00N5THBGO,5.0
AGYGRX7UYSPDON7UURJJTTMARK4A,B087X1CF8G,5.0
AHT5LYU53R5RY6DIEZYSG27SJ3PQ,B06XTW2R98,5.0
AGNCVLVE7QHYAMIPJSV7F3WMAEJQ,B07KXHBBGS,3.0
AH37ZV6A5UJW6A4PA62VDYOQSMKA,B09SD4CD5Y,5.0
AHLR33LQJ67RQLCHCEQJJGJDXNSA,B076PBCM2H,5.0
AHBFM7TTBHFPQHPWVXTANBO5BDPQ,B015WD6FIK,3.0
AE7IRGN5QWIIIPASDW4WG5LD7HNA,B09T4RH56Q,5.0
AFRQJYTU5RDVVWXINMHTNE26C2YA,B08BSFDY99,5.0
AE4EZF2M5WVUHXZD7OIMAZTWETXA,B09PRKZ6FN,5.0
AHKFFS6MZ6BOEWNBXPCHEYGNHWCA,B01GO7PHSC,5.0
AFEYB24M4HNZQQHWPJYMJ22PLNYA,B0BXX1RRNT,5.0
AHDFPBWC4J7AK2CL7FBNQPA3QP3Q,B074JNWHZ4,5.0
AFWS4PIMKK4IFMMFQ3X2X72MLFGA,B0BJ3BBTXH,5.0
AHY3ZZMHIMZXA3SRUN2UGS44R5PQ,B0BHY52P8D,4.0
AE4RQ6OMDFEXLU5Q37ZQFW524J5Q,B00Z9TIXOC,4.0
AFEMDCWJO2OM6RADJRL37G46VSPA,B004XNK7AI,4.0
AH277J7WPXVU4WKVOCNPLPB5OEQA,B0B8P1YW7L,4.0
AGDCEPSZFC64MVUXPBIQ6MPBUZSQ,B07KJ3Z9RJ,5.0
AGZUKNR3MEGGPFUALRKBVCUTOFLQ,B0041T4DK4,5.0
AFA45AUS3WMXAUTS7IDGWESA5HFQ,B074JNWHZ4,5.0
AGNQNKAAMVG6PQQISO7MKJGFRJYA,B07JGCQYN8,5.0
AHDFQBP2ZC7W37647DUANZ3HJTIA,B00HV7U4CY,4.0
AHFCJTMNLVV6EDUL2IQBR6PBRDTQ,B07P5GGK5X,5.0
AF7UCCPZPJPW76PNE2ICQPJUQEYQ,B00E9SWQ3S,1.0
AFBLIAES35IGAZQJZLCLOWAS3SXQ,B015DKZXXA,5.0
AFKFJDNRMX5RUG6DLAY7362NOA7Q,B07MZYNZ1C,5.0
AH5MP4D5AWPQCPLYSFOQHSIJYVSQ,B000BSMKPY,5.0
AHRLCH6R2Y7JNEPVPCJRT6FHCC3Q,B074MBD643,5.0
AHSNUB4FPRGR5TNLK5BO3BHFNFFA,B074N8W3GL,5.0
AHP2UGRBLKHCHX43ZDAOMH74675A,B00TH3YPDE,5.0
AEQWCT2DSCQIT4E4I4KNG3EITYSQ,B09VVS2RYK,5.0
AEBDVELV5QUZNVMFRSX2OILTNGDQ,B09RBFKS1X,5.0
AERWGD4OLR7FS3VPO6QHVZCDQLSQ,B0052S3YC6,5.0
AECFGXLEX3SU6D4T6C55X2NWMJVQ,B00I3TP9JM,5.0
AHWYWGQZZ24MQP5VNBOCPFWUNMCQ,B01G26SEJO,1.0
AE3JTMU2ZWD7SQVK3EIMCPMMBXFA,B07KGF3MHC,5.0
AGTUM3TLHZIYIW6A7JLL6BZODZDA,B0B3VDVLQJ,5.0
AGM2HNRQUHZFOLAP2WTIUH6R5TIA,B0B9LLF1CN,5.0
AHK6CM5EYRKB2LKUMO2HO2KWAWNA,B0742RB7JK,5.0
AHHDLIT4BPZAFDKKTCXETFZDV4FQ,B0938MMWSV,4.0
AEB3FFGFI5H37NBEIROPDUR2HDPA,B015X3CXXA,1.0
AESDNHQRRZEWTZF7A7TFFFTSNY5Q,B01M0HV7SC,4.0
AHVKGDD2OV6WLV2KGSSVEGRHZLCA,B0010KGD4Q,3.0
AEPNBKCSTUAN265ABWRJEUQK6Y3A,B08T9CCXZB,5.0
AF7S6K2LJFYM5UXGVQ5VVFCGA65A,B0BBP71K6M,5.0
AFA3Y2SOHSJ2MBGZR2VNVB2LGISQ,B071KZ892W,5.0
AH2QGOLSFLD75CXS5IGPYRCBYY2A,B07BVFTLFW,5.0
AF6MSSCLAPGEDSJSEHUJWFR7K4GQ,B0722QJS3J,5.0
AEN4JVIBT24RAPMWEHX7UGOX5CMA,B01DPCONFM,5.0
AEZKWI7QRZ2BOO4J5ZIRNY5YIL2Q,B0BYKZPD3W,4.0
AH44K3RPIQMVWG2G4EB5FPVIVUEQ,B0BHSG5C3G,3.0
AGQW2ZO6LOYZMRZ7JKDM6LIGM44A,B07N1RPV4J,4.0
AFYLSXOKKOKTZYKFAK33GAXNLIMQ,B0BVHFTP4P,3.0
AH2CQZM76NVZCBGL4QZDTQ32XMUA,B006BST39E,1.0
AFTYUC2644SXODMOUAOCS3EUXLNQ,B018FCZKR2,5.0
AHMMA4WU554YWFMEYDYU4S3KMQHQ,B07D9V7RCL,5.0
AEBDVELV5QUZNVMFRSX2OILTNGDQ,B07D4SR8GZ,5.0
AE5URYH3HQE4N5WYARBDJSMMWCOQ,B01AJGC27I,4.0
AHIO4BIYAYENSKTI3Z52DU6H5BIQ,B00T8I9QXW,4.0
AGMHEZ7SN2RNVJCMIHIRRSKLQ2AA,B0161WG9ZA,3.0
AGZO33RFLPWJFDIHJ2IHRJ2CA26Q,B0B5SJVY85,5.0
AE23ZFVUOMPKR57BVSWXV34QLMVA,B07N2WWT61,3.0
AH5XMLDWX6USQHW7XC56ZRKGTRBA,B0002GO8NM,4.0
AHLFNMCO2C6QX2MXA67OMESJWMJA,B016QUXTZU,5.0
AGN7PZXO4DA4KUC3RLI4SUSYXELQ,B091MZPYBQ,2.0
AEZIIYLOX32LD5NZCQHC6RM5FJPQ,B01C5TBVH4,5.0
AGLBP6NQ3TRDCBEW5MT333YSQA5A,B0B9XPLGMD,5.0
AHZPSAULSXTEOMRSCTIC6WLMOMBA,B0BDMR3TD7,5.0
AEYPKSPNG53NP7OUQRAQZRLHHB7A,B00CPLODUU,5.0
AGZOGWXQN72ULW5XRX4JGUA3CH5A,B01DE4DPSC,5.0
AHAZ2XJXODADLAHTIV3S4TY3BNJA,B0CF797FLB,5.0
AFKMX6JZ655VPVYHBTATZQS4IBOQ,B07ZW1GBVT,5.0
AHA7ZZSLTORYTZH7P7G47EL5D3KQ,B07MV2ZQ9F,5.0
AENMAJH6XMM2ZEMELRB6HSG4CDFA,B0010SR8G0,5.0
AHI4HEBT7APLICJPKX2WXSSTEPZA,B07VRY5ZPD,5.0
AEFS674M75WS32DB3CNTBNCVCBQA,B00DZJ5ZTE,5.0
AFHRS46OEQQJYQXRARFMOO3TVN4Q,B00J1T5BLY,5.0
AG6F7SPJH33LKPGZWM2CXHOSTVMA,B07Q28P6JM,4.0
AFCNYEP35Q74SXUUFZG6VLH2LZZQ,B00646MZHK,5.0
AFF5LX3AMWROBQ5OONG4W7HF2QOQ,B0002GZSNQ,4.0
AH7ACAJJVDR5MZZZNMBAGQNEXEHQ,B072PQT2DM,5.0
AGY7CYYTVW3BXZMZKVJ43LUEN4BA,B078W6PTK6,5.0
AFMUJ2QQGFHDQYXZKGAKJ2Z3GKGA,B0925F8LPD,5.0
AF2V6KV3PPKRJQUNQ2STLVN4ULCQ,B00CK2FOZM,5.0
AHHT2ZWTTM26NTB6Y65DNPXIKT2A,B0C67HCGBR,5.0
AEUAXVAUWJFDX44V2Q3OZFFYDZWQ,B00SXZBLXE,4.0
AEBK56BDUH23KP5TALYH2UBMT4TQ,B00CMUE76O,5.0
AH2SOOHUAEQ736UFTV4YRUWXYOZQ,B0B2CWTP43,5.0
AFDSDZ4A6HKSIFVTISXLNY4KBTPQ,B095FVTV98,4.0
AH7PIDQFLYQEO5CNCL2E26IHP2VQ,B01EY7O0A0,5.0
AE43XP4GKKW35I4NEHOIFE4KEEMA,B078JGMF6M,5.0
AG3S7LEUWNKV4765DN3RQY3CFYLA,B003VYBNLW,3.0
AGACWRMANGN7YVCQ7BHFP7H24F3Q,B07G4Y7QYP,5.0
AHJET2TASMZN4J7B7PCY36RBJRWQ,B0087UPSLQ,5.0
AESPIYN2KPFNMATAZNRXTGG2RTUQ,B06XG4BJFW,5.0
AHKZVNRRZWYZHQ3TZJVQG6QS66VA,B003AQ1X7A,5.0
AFJUEJD4K6TCPOMWLOYABXHG6JLA,B001JJFR8Q,4.0
AFMVV6BV2S3M55OLSGMNMIHWKBXA,B008MUPALY,3.0
AEJX3VGSJVI4IBSY2JVYJYEXJ2PQ,B07L6RCDP7,5.0
AHM4URAETRB7ZICHMC4ZSA2WYRBQ,B007723JF2,5.0
AG7QOJYFHZHLK2FH3QDDFMUXDYUA,B09857JRP2,5.0
AEP6HZO2OUHEYGMDLZ5OXZ3EIGKA,B000M74WXM,5.0
AEK3AZJGYPN25QIZM6WXRFG3HO7A,B07PSWC1XY,4.0
AF5XJLMWDP7FHGFOYMNJJIHQCPRA,B01MDU5U60,5.0
AGUFOFR5JJLYZDECXZPSOV7TMZPA,B08H5845YF,1.0
AE6OJSLUGINECA3R5K5ZXCGDXZ6A,B00O5EL4MA,5.0
AFDSDZ4A6HKSIFVTISXLNY4KBTPQ,B0BKNYGC3V,5.0
AHYUYW4OYMCDYOY3KK2OTIW2GDIQ,B00N4ZHQ14,4.0
AFGGL36KJJXEQTMHPERGAJ3ETG7A,B01J5A06OU,5.0
AH6PJZAAL265XW6QBMTLZLNYVI3A,B00BYI3UMC,1.0
AG7UBV3IXQAV2BSKDSKJYZ3Q36AQ,B01LYV68RY,5.0
AF3NJDOTMG7BRKDLV6UM7GHFC7XQ,B000G0ATGE,4.0
AFMNSKAAAPVFNPNY55G7QRBZS57A,B00646MZHK,4.0
AFQSGCTOHFIJRR3TFZ2YGU764W3A,B09QBYTMYN,1.0
AEE3F2XA7I3WFVWAV2VZI2YLLELA,B0BPKH4HB2,5.0
AFTPQXSU4KURGKWJGAKYLNJONTKQ,B07P2CZDTZ,5.0
AGVTKJAYTPW447JEYNPPTT5TDDGQ,B072575CX4,4.0
AEKE5PFGZXJF7WY3UCLPX76KDHLA,B07L91TJTT,5.0
AFAUI5YDY5SFUUER3ICUDP7DNABA,B09TPW5HSK,5.0
AF4EKDP5NU2UH5TGQOEGW2ULSMYQ,B071KGBWK5,5.0
AHZHTMIJ2DVI5YINPJYJXUK3N6BA,B07BH4GFV6,3.0
AHQKCRAIW6KOCBXNQQ2HCMDHPPCQ,B00WJ3HL5I,3.0
AFBXPXZXOBJZI7N33THA2W5JGJEA,B07MJVGJSV,5.0
AGWNNXFVI2WRVFTPXZMFUYPMRRBA,B08R5GM6YB,4.0
AHTH3BYSBOY7EBENMTAWYWWQXPNA,B000SZVZ74,5.0
AHGYK6Y2LA4GIKZURFNWD2XXEJWQ,B008BPI2OW,5.0
AEZG4SHN6EDH7X2I4NPMCSN7MN7Q,B09RJZSQML,5.0
AFGG7OFYIXEGXLJFMHCJ4CP7RDPA,B0C698B5WR,5.0
AH4EBXBCNHNVQ5MKFUO62MZEVPKA,B00IPH8MD2,4.0
AGQOZER7UNMZIJE2SYIL3WGLBZRQ,B0BSR996X8,5.0
AHAEDB7FPXJBM523PXFWBS6SWPRA,B07BSZNKTM,2.0
AHRXOMUDZ2OFIZEUPWWIFX74EG4A,B09857JRP2,5.0
AFPSGOUZDBRH5FUTUU5526JVYMPA,B09PWCF6T9,3.0
AEEQ7UESBPQYBPBJ6JKP5CFWPBTA,B07L5B64RG,1.0
AEMPWVEFRXQAC4RVAEEFHMFYA3LQ,B07QL29XXZ,5.0
AFK4HVPTJ46LKD7CA7HSNPJQNNGA,B09SHCMRW2,5.0
AFQFEJJS3JP7MIHAPIDLWQHKBWEQ,B099SK5QZ4,5.0
AEJG7X2JPSSZWWLTEOW2YNDQW53Q,B079TLFL33,5.0
AHWQIKVDRYNQLJODTCSKUL3WZKHA,B07L5B64RG,5.0
AFFKWNAIQAYIWWRAMBH45SCGAJEA,B07BK9VCT4,5.0
AF4SXAHUFXPXFBBM333BSHEX52OA,B00H4PEMM6,5.0
AGKHDZNI4XVSWKG7HAW3XMGICRDQ,B00GK73HI4,5.0
AFKMQ4PILRHGC4N6CABVZXMTVH5Q,B00RVE9X06,5.0
AGUG5C2WFEGSACVXYG6AU556RERQ,B075PY9KF2,5.0
AFK2WLVMSL2MW3H3HJT5WMTXRTBA,B01DK1RHK6,5.0
AGD53WYWQZKCVIIJEGVFN2XLXYRA,B09VT45772,5.0
AHIMLKZOHAUPH3YUPGP7SWAANJBA,B017JK7O7K,1.0
AFGIGAOI6AF77YD2KG3VLOZQS5LA,B0002E5266,4.0
AG43KQOKOO573AON6M3W5TYWWE6Q,B00AJHE5E6,5.0
AHSRMNZAUSJKKHQM2Y5SFLXPXYEQ,B0099DNZMY,5.0
AFUWIHK23WPEEPBRRSPULFMYMP7Q,B0BHSG5C3G,5.0
AFURZWZGZUGPGCRFXTNHOMU4YODA,B0BT9R8MMV,5.0
AGTJMPFA4UFAU5ESGIUL7UH5OENA,B08KHZXLDJ,4.0
AHMV4A3ECLZ35GBHW22RN7AKYPMA,B00JL5I61A,5.0
AGYO5KEPETGKJRCVLTNP5R7TMRVA,B09PWCF6T9,2.0
AE4TOI5QIX3CJNFPXKIUMNY5WQ4A,B0B3VF84DL,5.0
AGC2D4ERWZFFC6TBEN7WVEVAYPCQ,B003GEJ5SK,1.0
AGMWVGV6R44F4CB5QU7GUKDGVJGA,B01MRJUB7Z,5.0
AGE4MJI4ACCVR2HUDBPA27GVIZFA,B0BZ166MLS,5.0
AFHBA3XXVMYAHM3TVI5I6LIFVUHA,B002NG7DEK,3.0
AFWCHDUAQGDBY64GWKKF2HSF6DLA,B01E4MELN6,5.0
AEIC64XPFPXOWL624SR4XBRW3MUA,B0BKZ3GCGR,5.0
AEA6EC4Q4NZVCH6EXKJPAFDPS56Q,B075SVWJ6K,5.0
AGZMJJPHOH3O5R5AG2WNODLXW5GA,B0B89ZSYS7,5.0
AFF6DVV7X33O2CGVMEZHESC4XWLA,B00A2H01IW,5.0
AEOJHU6GSSVCEZAM6FEODEONVFOQ,B093F6V4YD,5.0
AFC265XYEH7HU2X2IROZFOJNHJSQ,B07W17441F,5.0
AFRYJ75AYEES6IRLVELYFADHCN5A,B00F20MIC6,5.0
AH3XHJCHHLVURHVDWHRIXWPQTPWA,B076H8RBPC,5.0
AG7BKYVUQPRDJYOEEJFA7CABODPA,B000J5UEGQ,5.0
AHZAHAU5BSZV62Z2TNQZDJC7SMQA,B0BCFR3ZNL,5.0
AFGXMICVBMHATS3XS5QMMW7WZ4VQ,B0035LCFRW,5.0
AEGGHCKB32ZBMXYLDF2BZVWUIOTQ,B01M4ICDNE,5.0
AGBR6PZW32IC3DKHJRFUOOOFLINA,B00IPHIPS4,5.0
AFWDQHCMEOZMGWK3S47XD33T37YA,B07SPHH7TD,5.0
AEAF2JYA5RYKZDPKCXOJB46DDZGA,B074WXM13T,2.0
AEI6W3CJO4FEQT2UWAYWJBAGNJHQ,B00RX5HQS4,5.0
AEJH4HUMFAN62AII4PTCGRGGAE7Q,B08ZNY3SZ3,5.0
AGQE7GBNTL2D5CRGSEWA3IMXYXQA,B0BKZ5F8BS,5.0
AF3F36AQYFSFIAIH2XMIUH5WY4LA,B01MQSAU6P,5.0
AEJATLF6ZB6TWPLQFAVF6P7YXFKQ,B071RYWF1X,1.0
AHLM3EPKW4KDTZWLD5IAMHOCWUKQ,B07QLYKVQR,5.0
AF77JPPQC3YQDVFLFE6I7UU3EVPQ,B07BFZ2KSJ,5.0
AHCDPMD24SBS4MR62JA3F7HC3AUA,B0B9XPLGMD,4.0
AFFC7LSYXECAEHCRLCLBMGFCVWDA,B07P72FCR5,3.0
AHTCFI5OJALGN4MNRADWEOXMYKNQ,B0BF4L13DT,5.0
AHYAJSJYNJNYY675NJFTNOQE3OQA,B09VT45772,5.0
AHOJB6TPWSUGREQVWUHBXUVRZKGA,B0C8MDSZP6,5.0
AEP6P3KJKABIZ2XBA3OQKRHEB3WQ,B01C5TBX68,5.0
AH46X4UHBAV2KZ3UV77D4VG66TPA,B002GYWBJ6,5.0
AG7AIZBTTJWJIPTRXHIFZB5MUMLQ,B07QDCBRKL,5.0
AFZDYVNE7K3L7FE4RMJUBLCYM3KQ,B087YNF8BY,4.0
AF4W622Q3ZWEEVIKHPEJADCCQSTA,B09MSQBZFJ,5.0
AEPBC5VE2OKFDLG22CSXHKN5VCNA,B09TRX519R,5.0
AGNCRXC7PNYQJW335W7D4KFZMGHA,B0C6HXYY3R,5.0
AFM6P2DMLWLE4QM45XLNENPDCANQ,B005NACC6M,4.0
AHFZ4K77UQRUXMECV54VEEEVUUPQ,B00T3SR9ZO,5.0
AHBLH67EE2QDH34EJI642YUJ5J3Q,B08H5845YF,5.0
AFUZSTHGF4TSNO4WHZTJRQXAITKA,B01E7FQ03O,5.0
AG2PW23TNWB4BYACHY7DDDTHCDYQ,B009O7CE5O,5.0
AFHZDQPD2TDHI7HGWNYRBD3E4SRA,B071J84X1J,1.0
AHZT6MVWNF4GG6FISMZMORKZKK4A,B01H8E51CC,5.0
AGQ3O6VTMDBP4SUY5HR2STHEZIZA,B06XN6QWFC,5.0
AESEGTNVGIM67XSHIBRIUDRKYQJA,B0BQ4FJWYZ,3.0
AENGAOA6V2UAM3NAGJAGLWJ7FZFQ,B07JNKY9T8,5.0
AEQSMBSD5HP3LSYXFGQW2N3Y3CEA,B00UZ7JADG,5.0
AFWFZBPFSKNEYFMY42YDXUZUJTDQ,B06XYXMN72,5.0
AGUT4BSZDABF2TKPWTP7QJTWARHA,B003HPQDYC,2.0
AFV3FCAYHRCOC2A52AGKK2RPPEYQ,B0B6HQR6H3,5.0
AGNPXZERD2EQJICAHX2VHBRTDNFQ,B07FSD3CP4,5.0
AGXFJ5MHUDCERSROHV6SIFEXGT6Q,B00DZJ5ZTE,5.0
AERO573NK4DRWCKS3JJ53TGSMB6A,B01ID7LB6S,4.0
AG6ATLCKETNYRKL6GCQV35CSSGPA,B093T1Y12B,5.0
AHZ73ZAIN522UIXPHNZLJNJ4TWWA,B073DH77YP,4.0
AHQCDCQ5VFDGM74DM7RQ737GTOYQ,B07KJ1YFPC,3.0
AHHLPVE6EZSVKQGVAZDJXENDPGEA,B012VQ5A7S,5.0
AHLD3BAM5XXNSUGS3QICCDK6PR6Q,B07PSWC1XY,5.0
AHUSCCJO4YMU4JD32SNDWMG5BZDQ,B06XB55D1M,5.0
AFEICWMWPP3K4POH3LJJXF7AVEYA,B08DZZ89Z9,5.0
AHBQKNRANQY2ZBBVENAS5IXL6CUQ,B00K1WIAV8,4.0
AHZDRM3HOZLSWFXSQ5P3BFBB5O7Q,B098PK65WX,5.0
AFQRADPBJBT3FQPLY3DLXYDZYNFQ,B01NAZMWZK,5.0
AHUCON5LFRGMY6ZBBR5LBERZ3ZLQ,B08T9CCXZB,5.0
AGCB4LPCEEZX2MJNPGSRSOWWLQLA,B0064RTS0G,5.0
AED6HJUVBCHOCZSU7TVSUGSXH6KA,B00646MZHK,4.0
AGG4TIH76JJJ65G66W6UBTLKSE4Q,B00OYUSHJS,5.0
AHKPDHLJXOUJQDLDCREEHZ24OBZA,B000CZ0RLU,5.0
AFQFYEPQJ4K56CHFXATZBQ3IGLHA,B0BT9R8MMV,5.0
AEOGO4EUQ4SODCLNQAF2QE2246VA,B09G5QS1VD,4.0
AFH3AUYGMXY6NFLHCWZ4HUJIS54A,B07N5J3GTB,5.0
AFOH5MZFOA5QOYWAUC3GNJJ2RLYA,B00H5XQH20,5.0
AGH4UMD4PDQ2J3Q4PYX627TKEJZQ,B07VWSB34H,5.0
AE4QHKV4QJCQBDCEFVIFB2XQIKTQ,B0817CVBLV,5.0
AEK5Z5IGCZC3BOIAHEZKJ5LALEHA,B00HZH4D04,4.0
AEUZWYCNH3XRU3SL4RGNVQDWNBDA,B005SUSXGA,4.0
AHXXM67KZP5QLRJXRK2X3VPJIVGQ,B076CF9234,4.0
AFFYSCZKCCXDX2FFF3EBRFR3ZGVQ,B078S136R7,5.0
AHY5LOOHEJS2PBAU6TBGVE3A5KLA,B06ZXX8M6K,5.0
AECEYRS5X2CFMDC43NZWL3KGVVUA,B00F20MIC6,5.0
AG22ARBXBZEHDEGORR5CV4YU2YAQ,B013VNHWAI,5.0
AETZFMN57JCHIPVEHXRQABYXJYWQ,B08DBDD6CM,5.0
AG23AW56WZ7KPYYAS4A3YUDTYWCQ,B01C5TBS90,4.0
AFUMAGJW5ZKDFR4TDENXUFOV33TQ,B07L5B64RG,5.0
AF3HPF5WQCTM6CMW6RDZR2CLU2BQ,B09HN5T4X2,1.0
AE7HRPX4YO7IU4EJ25ZNC5DPUXDQ,B01NGWFQLI,1.0
AGVT5E2C6WNOCFYSLOCPAPBJOIKQ,B00771QSA6,1.0
AGC4T6HKARBWXWIETWXQ3NCO5BDA,B0B1LK9SXB,5.0
AHV2RWTWUZDZB5VK62GU522U7N4A,B0C58M767M,5.0
AHXWA2LX62UCCRZLUYIVH5SQOIPA,B08BW72YHB,4.0
AEBBCGPAQQIP5TEFXM4UKLAL6ICQ,B0002CZVU0,4.0
AE2XOYXCYD7XZYEJKRRN73HQWZWQ,B07Z5KGCBX,2.0
AE4PX7WPFYOKQ7JY2XCDJIXQG6NQ,B0018TG8HQ,4.0
AFJA2TIE36MA34NTU4X2AYDASXBA,B084F2HHWW,5.0
AHGIYCYEO52KREJSMUG4HVRWXNYA,B0BT2QH7V5,5.0
AHIDTWUTSFPG2UWJMPLVB2WG2JQA,B00WB244XY,5.0
AGTSCOC7DUIMJRTVNMKIOMYYE2JA,B085JXWDPC,2.0
AHB5ERKDN3N6XGMPRH3BSS6FPJ3Q,B006I387UI,4.0
AEI3JK3NJTVVB6RQVVJXFYWBNEYQ,B08LYV9BCZ,5.0
AHWUG5BIUQWHO6KPODY2QJFFQYWQ,B09PBL98Q4,5.0
AECFGXLEX3SU6D4T6C55X2NWMJVQ,B08R5M2FGY,3.0
AEBDVELV5QUZNVMFRSX2OILTNGDQ,B00D353N5I,5.0
AHG4BKFPRKPCA76UXYE32EEW377Q,B0BHG58G2F,5.0
AFC647CM7TNBTPSPPM2EXPJWBNYQ,B06W2NS7RW,5.0
AGFSPZ7XOYCABXF6VYXQVWQRMO4A,B004LG93KC,5.0
AG6XP7YKD35LKMAUTT2SPLCKKXCA,B010CI6M88,4.0
AE2SNEBKDHQIZCKJIBV5JOPUWJ4Q,B001R76D42,5.0
AECH6FKMNPEVOR27FIUZR75DDMPA,B0B3F96MH2,5.0
AHYYJPAALMRAGRBUY3XGB46RDLLQ,B0BXZFS2QH,5.0
AHOFWP4LITEBFBWVQDV25AZK6C3A,B0071YXCVM,5.0
AHIC5S5WEMJBL4CTQTEQMMPXYHOQ,B0BK5CXZBT,5.0
AGY6RRN2DDWDKITFMFZBTBJ25M2Q,B000J5UEGQ,5.0
AFGI5XVA5EBVOE2EOS42KHQSULXA,B0C38LLMXG,5.0
AHY6GIC4JE6U7L6GPZ4GVK23YFVA,B09G7GH2FH,5.0
AEZENY5LLEUSCC3JQC2F3GJ4HMZA,B01FMKRG6I,4.0
AE3C2M62HHDRFDW6E2XADFQUXCGQ,B0919GK359,5.0
AGPWTBAKWEXJIJLZXKEV7T2E37AQ,B075MLS97V,4.0
AFQFUOUDCVTQ4F5OYM66HTMHVOUQ,B087Q1LY8Z,3.0
AFWYQQAFUAWPVAX5HOXR3WSAN5BA,B016QUXTZU,5.0
AFCANIN6FS52VKITA7YMONU6S3EA,B01CTWVIY8,1.0
AG6BBIGPA7TIOM4BGES6SSGZHIKA,B07NWG39JM,2.0
AGP2NR66453AJZJAYKZGSMONZ4KQ,B0002H06X2,5.0
AFR4T3JVNVCDWIOE4J2UKMBYPOEQ,B0B89ZSYS7,5.0
AFX7V34VOABD3RMN6Q7QNDOFWOOA,B01H0PACWI,5.0
AFVYTABRIESKZ2WUA6XLENKB5QCA,B011AJ8KHO,5.0
AGBW7LZUPMPOBV4LJ7LO3TCTRVLA,B0BR2Q367S,5.0
AFLLD4HIWPJGLLBNJXCZ4OWH64DQ,B07B9W25ZK,5.0
AFOI7DJOGJ3FDEYYXCDWZKYB4IQA,B0002D03VG,4.0
AHV3PKYYDJIQCEKAVLVIHM27U2YQ,B00M4M9RF6,5.0
AFBPVAR4I2B5EZTHKW5QZCXTERHA,B00IFOTSJW,5.0
AGIGTISGZA4LRJ34FG3FZSLXFS3Q,B005SUT9I6,3.0
AEUFWFA3TBVVD67HVO7FOLWNXUSA,B098LHYD3K,2.0
AH2F6A7VS6CDBSJA24NWYKBEWPOA,B07MHL48V6,4.0
AEZIQZZSUVSU4UAQAZQJWUR4NHRQ,B0BZ5K6XPN,5.0
AHDHVYDPFXKSLOV3WCYUYDNCCWRA,B008L3SXE8,5.0
AE3H2GO6RH2ZL6OHLBAVSKEFDIHA,B08Q7HQHNX,5.0
AH45TR3BV6T3QVMWHGXDSUL3TQXA,B00RWF76NK,5.0
AERGXYG6NYIWY3VIBK7ZUQMQQQVA,B008B83SY8,5.0
AEBID3HKBMGORBEBUBAZWS2FFQPA,B0C67HCGBR,2.0
AFEWXSPZBD4YB373PB6Y3NA476CQ,B01N8SXS2H,5.0
AHSBERFD4KPEBMI7GW7QL3IJRHJQ,B0015B0EB8,5.0
AFOF3QHFHEPGQ7QQJBGWFJAC7RMQ,B01H8E59FQ,1.0
AHRQLNYKGQKNDZI2DKRSST6JDQ4Q,B0B8YWPB3K,5.0
AGODDVRWGAQPWOIVFD4V76XIST3A,B072PWKPLW,1.0
AFSTKZ46JMFZCWEDBL76K6B5OLKQ,B07DLVDV7P,4.0
AEZKOSSPZDQAQJEVAWYIMF2EBRGQ,B0C3JJ2WLM,4.0
AG5QJWMXSGR6QK7CTCJKXRD7OSOQ,B0BTC9YJ2W,5.0
AGPJWCUWLVIR2VXLJANPYHHZ7VQA,B0983RTWDV,4.0
AGBQ3TX4QYWQQOW2DBADLGOJHQGA,B07Q6L4YMC,5.0
AHUIUCGSUO6B2KRQLQ2UWRYXTH5Q,B01AQNIOO4,5.0
AHJEYA3QHJSUWT4UN6FXYWDX3OZA,B0002E2O2Q,5.0
AFKA6Y5FDB75J6BMYLJMBL56L5LQ,B0049S9FVE,5.0
AGWS2UTABX6UIBLDKBBUN3Y73YPQ,B0BZ5JK2GC,2.0
AE3HJ6CT7RAMP5XNGLYPEGDEMJJQ,B00IZA1GI2,5.0
AFUSHAI2F56KYEMOTGFW3WZ7OECA,B082WVKSNG,5.0
AGPE7ME5O2UO3IKHIAVFQ6C4JKNQ,B09SH9C3S1,4.0
AHGPQ4KSNZBWGDSFBMAOBSWAZBUA,B0BCHG293C,4.0
AGQE6XJ6T2AYF6LTIH3E2VOK4UXA,B0C2X15CPH,5.0
AH2HT6SO37BPQ4EKOTAZ7A6WDWZA,B072WPD8MY,3.0
AGMYY55Q5EIYMCNQF5DAYXSB4WHQ,B0BXT5BXFL,5.0
AHL6CT3IX5344QT4S3GSBUVZFNAA,B015XDJB9E,4.0
AH5S4XKENHVECUH4CNLWHQYIP2NA,B000J5UEGQ,5.0
AFFZNXPPX2MF7F6WSX4KYASX3TLQ,B07L5B64RG,1.0
AFBXI47K73AAHBTFJYX6T7QIEVFA,B09PWCF6T9,5.0
AG5S2EQFQ76MEDNWNKXD27VBGQBA,B07CYRYQ8G,5.0
AEWRQF227ST6I3DXCM2AJQ7QGXJQ,B09M7P8SBH,5.0
AFHDHVQNIJO4RTZSJDPJMVLM7RNA,B00WM21DY6,5.0
AHIPKIT25JKKXMUL332SVAWYAKBA,B07Z3GVQFZ,5.0
AHROUXIVZXJZW4MO2AFN3ONK6DTA,B00BQYODWK,5.0
AF6FOQSBPWCC6LBUJ5E7M5EWZI5A,B019MIPZ8M,5.0
AFZ5JLS76NTQNWVF654CNXF3SEHQ,B0B949FD92,5.0
AHF3YGM54O5RAXYBAV4FRG2FQWDQ,B09V91H5XM,5.0
AFDPDHHU54M5M67PI7ZA6SEGANEQ,B07D4QCBX4,5.0
AHFSZBRXW3JCT4BGEDMR5LXKFCJA,B00R5VZXKY,5.0
AFOKWBIT7ESXMZ5OOVEPVEY6AYRA,B09JFZ3CKY,5.0
AFVSSJ5QSQBZBTAVR5XHF6UQQVBA,B086QP7WM2,4.0
AFOV3YMGYHOVKW65ZOFVUITMT6SA,B000BNG668,5.0
AGUS2NZDI5C26OUO3OKRKDCYI2SA,B0002BG2R2,5.0
AFA4ZJGSTUWBV43E6FHQJV7ZWXDA,B09397FWYW,5.0
AHH2S6RQ5UCCSGDC4YSFGIRBXTTQ,B00DKAQGTG,5.0
AFSAEAZMJRB3KQF2EX5DXLCHFMUA,B075ZDCFFX,5.0
AFHNWGO25QKIPAEMLJ7ZLAXVXXYA,B09VBWXMBC,5.0
AFI2Q4HGBSVHDT7N3DYGZBZNLOOA,B01M8N618U,5.0
AGAOQLKN74M6NEVHNV3BLTJDNRJA,B004XNK7AI,5.0
AHWSZB7RGTT7VKF5ZLHFE35KAJRA,B001MX3WWC,4.0
AG64SW2Z4TEZG4IWEGEUFEEZBTRQ,B000A7PQIO,5.0
AFLKS523NY36AY6WTAAKFAHYT7BA,B08Z6TDJZ9,1.0
AEXSJRCAW5RDAOCGSRNV7BSK26QQ,B09JC3Q3TH,4.0
AFRHKO4374QYE6EFRHEGGSPVWJSQ,B005OEM43S,4.0
AGN62QQ3G4QRVVDCJQ6F6Q264M7A,B0BK5CXZBT,5.0
AG57ZCKN4CZOESBMSWZPL2CR77JQ,B07WTBV69J,5.0
AE3JDWVNPCOENCG57MBK66UHQCMQ,B0B8M5FJ9W,5.0
AFTZQD5DUX4N2BQY3QJ4WCGIL3WA,B002G1UT5C,5.0
AE4OEJMTMMN67HAFXYTGCW5LDVBA,B0052S3T9O,4.0
AHLGPPI5LLPXUYFAPN6VGRHMFNQQ,B01AW5068S,2.0
AHUPCY2JBC25O6H556TRJZWZMFXQ,B0050CEEIW,5.0
AGIBXQUC5LU5WP6V6NWJYHKLLG3A,B009DYPWBG,5.0
AHDWGSLY5F6AL4WLGCL2YSSTJQLQ,B09ZDMFDW5,3.0
AGSUOYF2YX33MWSX4BUAW5LFETTQ,B0BR2NW577,5.0
AGZDUBW56W3GTKFCJ7VUDSHVUB2A,B00X7F1LQ2,1.0
AG4JFCTSTDDLSYABQYGKRGV2F6NQ,B07ZKP1KF4,5.0
AGNPXZERD2EQJICAHX2VHBRTDNFQ,B01N5KND14,5.0
AED7CZI2A4UFHHKBLM2T55BK7W7Q,B016133LAK,5.0
AGN5JKC76NLF2PUJYOGMWH4EZR6A,B0C39H86Q1,5.0
AHTAJ2OUVWDB4RPWSJQRK6WBNN3Q,B00646MZHK,5.0
AFJ6BNKTPZQXGEOAIOMMCSESJS2A,B002RVQTR8,5.0
AG545MMHYSJ5GUXAXDOVIC6IZ7ZA,B003AYJU5O,5.0
AF7UGFJC7H3PBAJ44UTW4MCWFCSA,B07MMJX9T7,4.0
AHVJ7UVESCIEXJDPRIYMIIBQEM6A,B015OP6OOG,5.0
AHWODSX3VEDWXPOIMZFIWCUXSVTQ,B0BS6HRTYM,5.0
AELBSC427YP3XNO3L4ULNIASKB6A,B07883GRPL,3.0
AEC5F6TB3IB5HVKMUBAK7IHJ5APA,B09T7Z8VB2,5.0
AGLGKDWYUI3QG54WUNJ7EWYXXHLQ,B06Y6BCX7B,5.0
AFGJC5TF3BY7ZZSHWY2ONSPU7VIA,B0B9JZP4BQ,5.0
AEEGTK6WKYOWLE57UPJYL4ZOZ7RA,B07Q75MDB8,5.0
AF275ZFFGX7UOQR2F3VTUPPDOCEA,B0BT2W3TTM,5.0
AHSXY2RE3D43XV3NAQXJFZ3FEFMQ,B0B9LKKBHK,5.0
AG3GKTRAHOZP7J6XHVZ74EO4GJZQ,B00O5EL7S6,5.0
AFODRXNLEQI45IJTZOSHP2H2AMMQ,B074T1SZGQ,4.0
AFQAITIWHYF277C64BWNAQODYE7A,B07B16JL73,4.0
AHW5L5NONM2GMDBDOMAWICXCLOJQ,B017808XKS,5.0
AFZPLBJIKNDIJAYC34RG7MYJS6DQ,B00P1GZ39G,5.0
AFZUSTESN2HG2A2VIEJC53WXSQCQ,B0C4SP3PH1,5.0
AHVL6NLW2ETK2KCNUGI6OTQ6IDQQ,B07T9W146S,5.0
AFBW6R5V7AL57BMCUYFK5ZQRHU3A,B00504BLJU,5.0
AF2GNRUCCIC5DYCDJQ6XF45STO3Q,B07MG78TDT,3.0
AHQCQOYWUBEIRMSJVIAY62ZX3GSQ,B0CHMQ9H9Q,5.0
AFUDNFNY7SEDKBT36AH2LZDN4QTA,B000Y021NA,5.0
AFMWSJXVD2ITRLSHTOVKET5IF3SA,B0B8M2Q1DS,4.0
AGTOYBZBFDWXXD32G3TKF3IOTLBA,B0002F59ZY,5.0
AGRCVTGVKU6I4WAR4WJGCAQZM6XA,B00HTWQWFO,5.0
AEDKWF6D2KIBJDGAWTXGMLCR3WMA,B095XCZXNQ,5.0
AGDPYGKE6ZOXBMUDUOLHKMZHCJ3A,B07MFYHKLH,5.0
AEG6JSCCSPLNC3WDSNULLRNVWOXQ,B0B7C7PYVC,5.0
AGQ2FSQ2EJJXXJDWNXNLRAQCQLVQ,B07HGRFG5J,4.0
AHUFMBH5VMD7UKPLSWAGMYSFHMUA,B09HCRTKL4,5.0
AFM7D2H5LRVJUVMGLUUS5MNYR5WQ,B07BH4GFV6,5.0
AFAQSQ5NDDBKAWTJBFS45OSCAW4Q,B0BQ4G4JYQ,5.0
AFG4O5LTIHBOWSQ4LBYQLY4TBJDA,B0BW8L9WF2,4.0
AEYJ4BWSPRCLEJQIMDL7BH53TYGQ,B09NDBVJXM,4.0
AEUSNVRZQLPKRERL4EJ3HXR7X3LA,B07KK8XL44,5.0
AGLGD4PSAOA6W6AEZIQ7PT74RJ2Q,B0BSGM6CQ9,5.0
AEDHDFUNQQHHO4IV57N5YHW6IVGA,B08FC4P2F6,5.0
AGJRMIF3LHVDBHMCEYRL7GWCVMRA,B083MWZ1DN,5.0
AEKHOFU35JS3BOIWZSEM7DKSTEVA,B0C3QWRH66,3.0
AGCV5GUWIDXH53ENHCIXSZN7OBHA,B0002D0M94,2.0
AEENSLZS6WAJQE7GRMNHI74TIYYA,B0006UGEOK,5.0
AGBELFRDXNHI2I4WWUM2WPEAM7UQ,B01CQ01SPM,4.0
AGDATDMAB2JQFVOC5BSRRIGFILVA,B06XVX7BHJ,3.0
AGJAAVMYOSWYRC3HRWGAWHJFS4WA,B01NBIW57O,5.0
AGBG3KK74IKWJNQVMQAGVBWJ7FAQ,B0B2MTYQJP,5.0
AHO6JZJO74RBYK6KAPCPQ5WW3VEQ,B09857JRP2,5.0
AGID6DHXZOL34MVLPDSCO42D6GZA,B08WB1VLRJ,5.0
AEXNTI6B2RAU4KEAXHXAYKKI23HA,B075B1J56K,4.0
AGZ6AX5RT2WKRJYCYVT27ZIMMGMA,B0195NQSTO,5.0
AFU4WXFS3Y3OZ52E23YPAA2DIJRQ,B015WYRWYA,5.0
AHZP4EGVGXAQYU6NONQW7WZTPEZA,B0085545YO,5.0
AFGQH4JD5QBDF27M4MG6OJ7IXWBQ,B07MDT5WJX,5.0
AFR2QCLNJZYL3R3JDCNNBGLH75QA,B006UOSUW0,5.0
AHJCDOPTP3TS3AKN3WXVWSQR322A,B095QDDCKN,4.0
AGHGEAJWZF4K5ZD3AVJMVR4VTIVQ,B09G5QS1VD,5.0
AEPQMXHOMG5ZBK3X223A6E367KLA,B073NPJF54,5.0
AG5QJWMXSGR6QK7CTCJKXRD7OSOQ,B01N6U2EJ1,5.0
AER47L3AWJNSW7S2YC6UI6V77RAQ,B09857JRP2,5.0
AGEA7N4MSNAK7ANYT2RPCY676KNQ,B0035LCFRW,5.0
AFBVKQ4TBCCIG7N5BOIREJ47BGEA,B06X1C3GWZ,5.0
AEIW3FPJYRTL2ABJQNZRVELSDIHA,B004XDQFJ0,4.0
AH5D4W76WTWVES3BKJKJPOHLBJ2Q,B08F2QZ9XX,5.0
AEKS23KTJWPSSKWVWNUPKQMKOVGQ,B0BSGM6CQ9,4.0
AEGPB5P5RTPWTVSARDZCY4NIITKQ,B00KND95KK,5.0
AGONUN3SQ3DQUX62IHQE5HCAXT4Q,B0BDMR3TD7,5.0
AH665SQ6SQF6DXAGYIQFCX76LALA,B0B8LYBTXZ,4.0
AFRGWN2OQMXTMFUCW7DBTJXXZC5A,B00CK2FOZM,5.0
AG4FSWXIYRAWD4GVRIYXCARYASVQ,B008MI70QE,4.0
AFSCF6RFBDYMGTDCGT7BZ4Y7G3SA,B071ZQK57R,5.0
AEX7IVE3YZLESAPRDVOPTUMVD4FQ,B00P6ZOPP0,5.0
AHMBTMDNL6YETYVEVAX5JCIWWNCQ,B07Q38FWFJ,5.0
AGTFVU24EZKHXUFYKLSRPB2ZUG6Q,B01DE4DTAG,5.0
AFC3LUU6EQ2CJDKUOVUANLP2JJOQ,B011EXBCMQ,3.0
AFZISTRYDPBLS4IDSBZTKRIGKDOQ,B00WJ3HL5I,5.0
AFKRDWMANJ6YAYLX5LLJTPI2NXBA,B088DD5M4V,5.0
AGWAWVRXUKLL64QUQZUHNHMNFKMA,B0BFKKVQZT,3.0
AEOAVQQMRY652RTKHFB3L6Y5TYIQ,B001GDJQTG,5.0
AEMJGS26JFHL24UXI2Y4IN42MUQA,B09ZTJH58K,5.0
AF2SSK423YDGF5C5EVEWDZFV2TQQ,B0B95V41NR,5.0
AFOCHHI44XKMG44TIDXRHY7R2H2Q,B0B8M2Q1DS,4.0
AENLVOY3BCY4AXHOB5WIGE65SRHQ,B08R8FSFRB,5.0
AEWH7JMFZ3SQI4UE3DU6VRYD2BGQ,B0872CS1BX,5.0
AF6JSVPJ2DCT5CECPNXDU5PWBMEQ,B08BW2TBD7,5.0
AERERSWI7SYRKB5A5K6N3VSWWS5A,B0777KT21W,5.0
AFO4VO3EMAEWPOST4DIAMAEB7ICQ,B0032UYIQM,5.0
AFJ5GUZSFBLA2K6DI4XHMSG2ANJQ,B00KLLKE04,4.0
AGJNQM3DSVQLJISEL4NSWE5JOOSQ,B0BKZ3GCGR,4.0
AG3YM7FMYVGQ4UKSE4LQGJTXD5FQ,B07TJX2K8G,5.0
AGVO65TAROWVIZVT227P76LOBEPQ,B08XMJVW2D,5.0
AEV42PMIPV5O2GR7XEEVAKNPJF6Q,B01B15JPCQ,5.0
AGB5HMEVDU6ZTYLFVUSDBISX3U7A,B07DMZ4B7N,5.0
AF6EJYBF33I6ZOJWPS6SKJCN2DQA,B0016H8S1O,5.0
AGUUZPBKG7FN3UFJIS4IXRDZWVMQ,B0161MMX4G,5.0
AGXMTHMKZG3QKW6UZPY54A6225ZQ,B01MSNIVKE,5.0
AHNUALEQSBJJGHXFMSEIHPPXJGPA,B077YGLM39,4.0
AHK2JKHQ22EXZBQWCF6SAV3XYAYA,B0B7C7PYVC,2.0
AHR4QTZAOVEE5Y4RZ2PRDEWZ6SBQ,B09RTZ26KV,5.0
AH2POAHDXXWBO6AJYISIC5WO35RA,B08C2TBWGV,4.0
AFTYUC2644SXODMOUAOCS3EUXLNQ,B0925WNSYJ,5.0
AFH6VTF4HK7G6XEPGKMJS54HS2BA,B01M0RWZSB,5.0
AH7B4LZKXIRVOKMQABH4TYJWKYPA,B07BK1KRMZ,5.0
AE7BOZUENUHTO74ZOFS2MCV2OIPQ,B01K1EJQ9U,3.0
AEPJXX4K5S4WEJ7EHNBIGZA65CGA,B008BPI2OW,3.0
AFIE5BI2QPM355FG7JOUDUL3MOQA,B07234PV7Q,5.0
AGUT4BSZDABF2TKPWTP7QJTWARHA,B000V6E01I,5.0
AFQSGCTOHFIJRR3TFZ2YGU764W3A,B00RX5HQS4,4.0
AGZF6BB2D5R6EMB4P4353LFKR4PA,B0B59HT4CW,2.0
AGEZ4NC2DGLNTGW4WK5PB4PVPQ7A,B07Y6TSTS2,1.0
AFXSSSNW7ZJY5LZTDXHURSA7I3WA,B008DCOOA4,4.0
AHJPWPHCWZ5MX2UY6CNGJUNBWP3A,B0B8YY3M18,4.0
AH7JAXK4CMAKGB2I7X2BIW4OMXGQ,B07PMLJ8PT,4.0
AHSLQLTCTL7BXJCKPC4CS5WZ6P3A,B09857JRP2,5.0
AH6WLUR6WYU5G3UNQDCHKDTBGEGQ,B087B6MMYR,5.0
AHCKFEE2OR3IUWX3C4GSR3BTXTSA,B001B850DM,5.0
AFA2XGIBDVRKJW5TUJ4XBSFRKD4A,B0BZPVZC89,1.0
AF73XBA3ZP4WT5PJ35HOIH7RCX6A,B003KVKT0W,5.0
AHAVMJ7OKLRLFKHUSZEZQHPQCHWQ,B015HG82EW,5.0
AEJWL2VCYD5DYYK5KTYHBTRTTUVA,B074KPCGYL,5.0
AFQFO4MXAJX3BTIPTQGSKIOAJ7IQ,B001NTX914,4.0
AHITPAZLFZ6MUAIRVQ7O5P5XGBBA,B00VYQABQ2,4.0
AGPDZTRIIRXHFAPGHUR6WG3NFD7Q,B072HMBSND,5.0
AHWPCWQ2D66IJWQW5UOWEM32V7BQ,B017GSAT0E,5.0
AGXFIFO4VWNHPAX3VJPRQ2QJSCSQ,B06XHXTNK6,4.0
AE4XDOLOLDHCE3JLFPIOCU2CDPVQ,B09DY5162V,3.0
AGMLFM5LJZ6NWOQ5SKUTHJZ3WMCQ,B06XXND94L,5.0
AGXTFGO7KXIW257RRFLSA3C5VRWA,B00IFOTSJW,2.0
AHGIBSFUX75SKXE57B3GHITHYR5Q,B07GBPF914,5.0
AHHT2CP2KHNLPRBP3QFHWA445TFA,B09PJ3N73Y,5.0
AHQRMJ276MO2DYT6Y35GUTUZUQEA,B0BT9R8MMV,5.0
AEAGSWW4RVIR4L5BH4MVOV4X23ZA,B0BPLFP5P6,5.0
AGRMBKF2SDE2UFCVGX3C3YU7UVIA,B0884DCBGJ,5.0
AEQCZKNMWZW72YG5ROSWVBGOXHWA,B00FFVLKJE,4.0
AH6MAK6PF2Y5LOQKNJCZBEXMKYSA,B0BW41MRGK,5.0
AFFCNEJLNMAUSBFDTVL7TDS76HHA,B09NC8HCRS,4.0
AGHGEAJWZF4K5ZD3AVJMVR4VTIVQ,B0769VKBTZ,5.0
AFHXGVSCCIAZUZKLKFO4SF23HOEA,B002AKVQK6,5.0
AHSDVLG6RG7X75WCJSRNBW52INCQ,B08KRDKZ6K,5.0
AEJWL2VCYD5DYYK5KTYHBTRTTUVA,B00WJ3HL5I,5.0
AGEJRGFQAE756CZAUY4OQLHQ534Q,B08XL4NHL3,5.0
AG5ARKH5DHRZD4H3SGD5IYTY654A,B0BXDSJT52,3.0
AHNWYYSU37USMKUNI2XSTHCD2VZA,B07MHL48V6,5.0
AGUIKU6A43BXYLTYZXNODQRHZ7EA,B0BR7Q74PC,5.0
AFKDPE3P5ZL7WWTHLJGPGHLFLEDQ,B08T9CCXZB,5.0
AHGFANFHSMQOHSDTHKO52DWZFYAQ,B00GG20DJ4,1.0
AGNDXQMA54YLPLIRSJ4CRPHH324Q,B0BT3B7GTY,5.0
AHHIVSLNNBQTWQ2PQJMOFF4IPURQ,B0796CFWKG,5.0
AHF5MC62OR5WJKQ44L6CWWBAJIDA,B09JZQ67LR,5.0
AGDEUEHXRVCWANF6PENBUO3PDUKA,B07B9W2XFS,5.0
AEIGZOWPIU3PMS72QQVOSPK5DSWQ,B09G5QS1VD,5.0
AGXKROS7PUCF5FTKJP2V3Z2DVI6A,B09398HH18,5.0
AFQ7VJBUAFMCD6WLRMNJVL5IZGUA,B07K58QSGC,5.0
AGWS2UTABX6UIBLDKBBUN3Y73YPQ,B0BCK6L7S5,5.0
AEQZCIHPL376ZN3LRVIK7LKIO6IA,B077RL5S6L,5.0
AHQ7UIJUCTKYWL6SHF444WJYBZPA,B008BPI2OW,5.0
AGN3MQNSNQNYLWDVVGL5RTDA2DHA,B00XWLVDUU,5.0
AFUZLLFBTEMFFNHEXPEMTWWFU65A,B07GFH8NTB,5.0
AHSCZVYJIQ4N5YJQDGCIZZN3CFJQ,B09BF8XDF4,1.0
AEIZ2AYL7ATS6TTBKCC2SO67YCYA,B01B7N8P5A,5.0
AE7PQEPFCV7OBKK2FZ5HNRKZE7KA,B000JWTWCQ,3.0
AEW7WXMSL3KZ6ICVWN4S5I7PEUKA,B08T9CCXZB,5.0
AHLLDYLLXIAPQN7DJCA4BVYPPEFQ,B0CBSSC46G,2.0
AHWKSJ62EEEXSRG3ZHRNWBEXWFXA,B0BWXY17MT,5.0
AFPQPRIZXHHOVL5VYHPKQYMEPHQQ,B00P0HIZXM,5.0
AFWQ5JUXYJJQDJNYLVVOQDDW2C7A,B0006IQNES,5.0
AE3KSV543QVC7GAKJGAE6F5TS7WA,B00F4MYC5I,3.0
AHZZX3DQ6IZHVV7GI77GL4PAQKCA,B0B8M2Q1DS,5.0
AGE3YAKMNHECBEAFUIJ7NNLO5RTQ,B000637LVC,4.0
AHNG3NRGEDYO7E44QMYDHMBADPBA,B0B8LZKBN7,5.0
AG43KQOKOO573AON6M3W5TYWWE6Q,B09D9HYFYY,5.0
AGGC2NUD4OH4CW2EV7ESFUAAPCIA,B004XNK7AI,4.0
AEK7KBA4LVW6N7422XG2NSSRSJAA,B0BXT3YHW7,5.0
AEUFCTMP25QBJ4AB2AN5LKHR53WA,B00H35YIJE,4.0
AFBW6R5V7AL57BMCUYFK5ZQRHU3A,B0B76W9CDF,5.0
AHKYSWGAUYXDRDRDVPJF2IXTBQBQ,B075YF8VTV,4.0
AGFVP2RIKQMCJOWPEFL2YOQKSUGA,B00Z9TIXOC,4.0
AFKK7F5DY6QVQMPGYFXJUJMH5GDA,B096QV18NX,1.0
AEUL7J5DOLN5C2TNYN6WLR7VK7CQ,B09R6PRMMY,5.0
AGORB27V52BOPCJGRI3QPQZ7SF6Q,B003KJ0ZD0,5.0
AHYU5PQSGXDZ6V7F6UUG6LX5HJRA,B009J8DXQW,5.0
AGH7F3VLUYMLE52O7FHD7X2B5RAA,B0C61YQFHH,5.0
AEPUDI6BXIIFIBDD6HN66DFSXXIQ,B08DLK3GC9,4.0
AH374ITGDQXQGVBJ5ZSW5LVEX2IQ,B0BKR2ZM9X,5.0
AFJPB6LUARRD2IM4HZKYPSVC3FAA,B0BBG39TZ9,5.0
AHTRLPO6Q7FNLBNB5SQSDPLC6I3A,B07PSWC1XY,5.0
AFZQH5XG2U7PUV4ESRY7IA26VMPA,B074WXM13T,5.0
AEHGYB4EMFSAOJVQSYG2QD6HMGYA,B01KBCUPFG,5.0
AFZTZTIUKWVBHZWWXHP5GDF6QODQ,B0819XW78V,5.0
AGEXOCVVUXJJZMX6AGI6LDVUC7SQ,B006UOSUW0,5.0
AEVB5BSDA5OASLEFI37PGC2XHIIA,B07CRK35NG,5.0
AE57MRF2R2ALCC6H5WQLFKT7KSSA,B07YXY9L3T,2.0
AH6JESOL3IE2HXVN75ODIOHNWJYA,B0C3LK9886,5.0
AEVP7D4FN334JKBYDZ2EP5AQPKFA,B07MQJQTR7,5.0
AHHXUCKVUSI7A5ECJMAV6KU2HOHQ,B00OO0XTB4,5.0
AF7PSUJM2OPFVDSI53L2EKYUPZKQ,B00USQY0CK,5.0
AEVYZFKOMNX4DOSBR7SI6PSU6JJA,B01LYIRO3H,5.0
AHMVWBJ4FNFOXJ6BXA5M7CEDHSNA,B08S3X7WMR,5.0
AF2OOLUOKOYQ2HOAECQPBVCIIUVQ,B07PPHHG34,5.0
AEEWM3H4MGP5YEKKAWWN2K5GFDGA,B00CGFRJ2Y,5.0
AEZ25O3HQYWEXVANIUM6VHNRDAWA,B000GASJF2,5.0
AEZEQQAJOBZ5B7QVPWXBXZ33LAJA,B078KTV8L4,4.0
AEKIBDMB3G3V2F3S7UTCCKDMR3YA,B00US6YYMG,5.0
AF2GWXZDIXTBHQD6Z35SR26KSGYQ,B0CBK1WSMR,5.0
AHFFHYIW76RJQMCGMNNOHD35W5DA,B07SPHH7TD,5.0
AGHVRG2HSUORQ4A3OHQFWKMIEOAA,B06XXRRGTY,5.0
AF6QJEYUUAUD7J4D6V4NW6TWX7DA,B003KX4SC0,5.0
AEFJPCWWQJOL4HBWQXYQ775IBTJQ,B01822J05S,5.0
AFW6ISKFJUM5ZDRGSDJCJF7TW4IQ,B00H35YIJE,5.0
AF6LBRKK5RSD3TBYPDXMMDP3PX5A,B0B8DHDVJZ,5.0
AEBPH5OGFZWNYAOE4EL2Y4MDPKDQ,B071WMKJMY,5.0
AGUAR5LOTVA6SHQBEM5NYSO2EAWA,B07BS497RX,4.0
AFLE6K7Y7L53CS7SV6JR5IPXJQ7A,B0002F51DO,5.0
AHNXWNFZIZLK2A3OGVF62FGR6SFQ,B00IWXMGH2,5.0
AGKMKTMMN3RT4CSD6P4TAWTWYPIQ,B08BSFDY99,5.0
AEN326SBT64VHDX7FG2G7ETRXB3A,B0002CZTIO,5.0
AHHWYG7BHH4KL2NMB7SRQBRLZBXA,B00KBCOWL0,5.0
AHLV6WPBIKRRVRV7ATUGZVVPY24A,B01FH89Q5O,5.0
AEVWFJBKJSOPAP6RKLA62OZNCEGA,B015X3CXXA,5.0
AGY4QLGJ3WS572EJXYILMZP6U5XQ,B0C61YRZ1H,3.0
AGCKPDUZTEZAGOLCCG3DQV4J5XXQ,B0BT2ZRCY2,5.0
AENG2XOGTZ5PWTWKRPDZP2S62IOQ,B0B31RCL2G,5.0
AFYQ5ERCXJW4T6D7VSCXP4BL535A,B0BJYS4BQT,5.0
AE53VDKFQ67YHCSPLIMTCFK2TBCA,B0B8M1RZWV,2.0
AEYLNJLX7GYF4NXNAVBDL73VEYPQ,B0CBC8FHVD,5.0
AG7YOQATPK3IWI5WQHMNQSGNYQ7Q,B000H18RYS,5.0
AG553SGZBEHRCZMXNXWJINFND4YQ,B01I6EHKL8,2.0
AF4R3QHJTOOHMJXQROF7MA2RM2QQ,B00M9BSZMI,5.0
AHB7NX5MFSJ6W2NWR5UNUFEF7RNA,B00N5THDR6,5.0
AEG3S2JSG7WW3BXOWKWYPVSTED3Q,B07NDJ1HSG,3.0
AF7CC34DK36SQJS7WXI44DREGWJA,B004P4MLMW,5.0
AFQGOHTGJDVQ7PWB3MGLRTG7YHDQ,B07226MCY6,5.0
AEQN4YUQXU27N3EXVSGUEWRSY6IQ,B093YGS1F1,5.0
AG3S4FROO422V5KP7DJCBXVUQLJQ,B07MQPMS7S,5.0
AHDZKPPKUT7HD47LXCBN7RQNN6KQ,B09997NM44,3.0
AF4FA6MXKUITCOOQCHJZH3EDEW6Q,B0BSGM6CQ9,5.0
AFTEZGXRBCAE4WOKUTABLKG6GHCA,B075JNW6BK,5.0
AEZVMCJMXA4ZJWUTFHQCLZIQO3LA,B00CRQWMYM,5.0
AFD2MJZTOT57DPG42CDZ6J3ZW3XA,B0B4SGJRHR,5.0
AGFUJJJTJMQXQT2PGDBAJE6DIPQA,B09857JRP2,5.0
AEFTOJ4ZJ77AZONVSHEJENIC2JUQ,B0BJYS4BQT,4.0
AG6Q7E7GGX643JLMRMPISRS4ZGOA,B005H2007E,1.0
AGP2NR66453AJZJAYKZGSMONZ4KQ,B0853X3VDC,5.0
AENJN3SAZXVRKSYKW57MJLXAUI6A,B0179A4ILK,5.0
AEZFHZS4BLIBM2BZVUWZ3PO4VFXQ,B0007L8BQW,5.0
AFXOJVXLBLYD2KJCO2MV3TVEPEOA,B0723B2GNR,5.0
AHLQP6LTDDC5HOP5TELA473KFRDQ,B01C6YZFY8,3.0
AGNJGGJ7ZVWUJ2CPLO2FCI6UKTFA,B0BQYH4Y5L,5.0
AGZXSZ3JSHVOVFSVIPJN2AZXAKDA,B0B4SGJRHR,5.0
AF6PBG7LLN5RCHTOHZ7XQSU6JKYQ,B00WJ3GS16,5.0
AF7TNRCWEV4U5PMRMSMUOULNQWFQ,B01GKX638S,4.0
AHVMNUYCMLPJIGPR7BKLLJLX57PQ,B00IFOTSJW,5.0
AHC2TT2NQZJDTZG56UF3GGLO3WCQ,B08PZ5FQ3H,5.0
AF746O6B6UNT4OC4TS7CL3Z7TAFQ,B0002E3D9Y,5.0
AF7UCCPZPJPW76PNE2ICQPJUQEYQ,B01JM0WCYA,2.0
AG7SOAQOQ46YSE3DL24EILYE4XWA,B071ZQK57R,4.0
AHJPWPHCWZ5MX2UY6CNGJUNBWP3A,B0B8YX1H2H,5.0
AEIORS6YPYMQBLYQVTB6OLRC45UA,B01DK40R3M,5.0
AGP6DVMFOPJAIJ2AU473OUN53ZGQ,B004X7OIRC,5.0
AGEHREYYWFDH6O3NOOJSPWC4JSXA,B0002ORP8O,4.0
AF62V5OQ5N6AXFIPEC5OW3BITFCQ,B00WQI2TM6,5.0
AGQGQNKQEUZLXVMAD37CUFLLGMMA,B0BKB22QPB,5.0
AFH7JZJO6B5MCIS5RII5J7JG5QOQ,B0018T62KE,5.0
AHZER36Y6IL7USHGBCELVMN56VOQ,B07MLM8TGT,5.0
AFOAF2ZM5JEUC4HEXDCSQVRN4VBA,B0BK6MQF3Z,5.0
AGXCLEGTACWVEW5H6T4S3Q54Q7DA,B0745KXRSL,5.0
AHJMSTODUTOUDOTDQUB3W3UUL6MQ,B0BSR996X8,5.0
AFHEYIB5M5MYLROKZ5IEMZSJDD2A,B097JDV3FW,5.0
AE5GU6FB5WPUSX37JGGNXLS5MNLQ,B0179A4ILK,5.0
AH4AIWIVLN43SGJGK45W4FCJB5GQ,B01MF9H516,4.0
AHBZTWSVWOVGZACP3DOO4IVRVBLQ,B0BFVMLVWB,4.0
AG7D7FLX2VNKHIEPOEAYLPKEPRDQ,B0C67HCGBR,4.0
AFUAJBFLBR2QNLGZJHPH4NXW6TTA,B07WTBV69J,5.0
AHR2T6WRBZHZQDINIP4FEKFMJLGA,B08R5GM6YB,3.0
AE5MM5FGVZCIPU5325CBSL6BL76A,B074QKLW4N,5.0
AFEJOKVEBOJR2MZEDPCEMXEV5C5A,B013RX1IJI,5.0
AE6DSAVSFEUJXG6Y6OXSNBF2GR2A,B003YJQX1O,4.0
AFUVULLBBA42PQXUQ3OIHUJULV4A,B0BSGM6CQ9,5.0
AF6KNY5JSYLUFJB4LCANTACTXPFA,B09Z68J6P8,3.0
AHGC4VVFAHJ2CYX2C4HYRZCRJGCQ,B0179C3V7K,5.0
AG2BUODRLIQFESF7NG5QHFDK2KEQ,B004HNZZCY,5.0
AGS3RJXAVACT2S5EKGAFSWADHY7Q,B07WWK46Q9,5.0
AGN7PZXO4DA4KUC3RLI4SUSYXELQ,B0BSC983V7,4.0
AFN3OV2D5SKJPE2XHIENADGPW7YA,B0BK5CXZBT,5.0
AGTN3NRGMYAX236N4FCZV3G5A5HA,B07V2JKL3M,4.0
AGIBAXUNJ4PSY34SL5OCL5GQLUDQ,B000CCN152,3.0
AFQGYW6TLQ7IOG475GG6WDXHPY5Q,B095XCZXNQ,5.0
AFMZRMZM6IRXS2JNBEZ5AYQMPDJA,B0002D0LCM,5.0
AFWH2ZHBRF7EKVOCO5QLDI6XWNXA,B0BQ4HSKC9,5.0
AEOZYGYVOZH56BYIKIHSZ5VLO27A,B01M9D2C5L,5.0
AEOJHU6GSSVCEZAM6FEODEONVFOQ,B0006676A0,5.0
AHOLXWCFOWHLDA64LCMFGD4J4PDQ,B01MCUYAZ1,5.0
AFZUAJ5PMJGGOVOTKPVCIMQLO4KQ,B00P0HIZXM,3.0
AGYHFN4XDNHUITNETIXMII65Y7CQ,B0C5NX9VCH,5.0
AEQJ4C6IRPWITBGZ3PVJJB6DLW3Q,B0BSR996X8,3.0
AETZB7U7X35AY44OUKBASKP6TDYA,B000BYPJ1U,5.0
AFSJBRLZNDADGSXJ7QFLIQVU576A,B0BCK6L7S5,5.0
AHV7MPSPXX63ECNBQ3XQ4QHUOHFA,B012VQ5A7S,4.0
AFKFJDNRMX5RUG6DLAY7362NOA7Q,B004XDQFJ0,5.0
AFFN67NKO4FPXSPUZYCOTZWVRWLA,B01DPCONFM,5.0
AHPKNOIDJLQBTSKV6OYC6TGDPGMQ,B0BYXVCSGG,5.0
AE3KYIL2STVS4RZEBPXGPIJWVIZQ,B09KR857F4,5.0
AHO7ZCW3BZ3GJQXQ74M6LGJNO7VA,B019NY2PKG,5.0
AHG32NYWESLOGB6OYVPRTO5BJMKQ,B06X1C3GWZ,5.0
AGNJ65DORLK5QTA3DVYWNSSUQ4XA,B06XF6NF5Y,5.0
AHJUKDLBKDLRZWZ2OFNOSAYOCTZA,B00282WZG0,1.0
AGDUZDJQUH2MA6Q6RBVBVV7FIAIA,B083ZWDTXW,2.0
AE47BLFQQB354YHT25DB5AK5CYBA,B07B9W2XFS,5.0
AH6NZEBZS5W7DZHLITK6B5KBHQOQ,B0C6HZHZJJ,5.0
AHJPWPHCWZ5MX2UY6CNGJUNBWP3A,B076JH5YJK,5.0
AG6CAX2ARLBEGBRWNL2BPPOOPHLA,B08RYV2ZJP,1.0
AGWKQRZOH2KLRB3W72ZFRMOTZRXQ,B0928HW2P4,3.0
AFUS6JTLJZK3Q62HGDKY2MUAVPHA,B07QCQ55YM,5.0
AHICPR4QVQ5FMDFSESYDMTT3BDZQ,B0BR2VHR6T,5.0
AFER5T4ZS5YH5EKB7LNOGN45ER2Q,B08P34KV3X,3.0
AHV2XUY4DXHZD7RKGPWFEU74NBNQ,B0B7C7PYVC,5.0
AHV7LCY27PDOW6O6ALGAAK3YW7OQ,B0BPKH4HB2,5.0
AFHIS6C62UGA2SKV3M37TVTMEEJQ,B005NACC6M,3.0
AFWNIPDL72FP2UXKRYXN673BN7HA,B096K4CPC7,5.0
AFWB3VZAKJWI4UMADRMOKAQ5LNUA,B07JGCQYN8,5.0
AED4QB2WMSEKWT5RXAVNI6YHOWUA,B0BWPTCWM7,1.0
AGXQG72Y6EIMUAUYDEY7IGJUQPMQ,B0B8FSCM9L,1.0
AHFI6EVQKDDMROI4RSVPWF2Y6ADQ,B0C3J448FC,5.0
AFCLOTB3P3EXMIQAKAZIP3KGAYQQ,B001OAGQ80,5.0
AHVI7QLSKPBIW75FEW2HYEVT6YEQ,B07QL29XXZ,5.0
AHK4KM746PZ75TTKIXKIGK5MZWPA,B01K9AMG8E,1.0
AEWMRA77SLIB4SBUM3KEETKZDQTA,B077XXXZDY,5.0
AEJLDE2NMFTUMKBOMFJSS7O5SKVA,B07NP7HF7X,3.0
AETB62XZJ5WVKESTF7USQPQWW7KQ,B076F5W8Q5,1.0
AFO6RUIVRV4PUYTGNAGY4NLYYYJQ,B0763ZF7FZ,5.0
AEZDB22RA2Q6IVC7KQHPZQK2MHDQ,B0713R6CY5,5.0
AGAM4YMLO2I3H573MRATCQBVH64A,B002NG7DEK,5.0
AEBBQOWNSQ63MFMGO4TTXL3SVOXA,B0B56Z5G3V,3.0
AER2QRZUIRFMMQHUKONI6X2CASSA,B00008W2LW,5.0
AHRPH3DCPDNWEDZJAP7L4UJ6USOQ,B07C4HLT8X,1.0
AFDVTLUWYDVFN6YZ372K4B3HKSDA,B015HG7F3Q,4.0
AFJBVD32IH6ZX5BNLILRZIPUJZZA,B08R5GM6YB,5.0
AFZ3C46427HBPAJPNFHWADDIBGXA,B0BKZ5N3PC,5.0
AHJTAHSOTD635R6J2KKZG6WVR3BQ,B08NVVLB16,3.0
AGHPBBUCMU72JNN57OKEFJ472UUA,B0777214NC,5.0
AHU7SOTUAYWHKXXEFAB4IPX6LJEA,B0C6H9T5T6,5.0
AEWWKKSI3XGONPAWUPUVPXAACNHQ,B015WUVA5G,4.0
AFAECBWSG2ANSNDXNRJVIEEYJ2CQ,B09V91H5XM,4.0
AFXVOM24JL7OMMEJEY7HEA7DYH3A,B08LRLRRKM,4.0
AGSQ22VXCACZVWJ4XXFTNVMEBQYQ,B07D1WM2G6,5.0
AH3ING3LIZEANVWVY3QBYYB6EMSA,B09M7P8SBH,5.0
AEQHY2FHST4SMN26QCWYA5VEWOPA,B00WJ3GS16,5.0
AG5A36LEGWKOSS6FKTBMH5QM6PHA,B09HCRTKL4,5.0
AFGQTSA5VSAM326LO6ZKAIWIFK5A,B01DE4D4LU,5.0
AHPNDZ62QLYS6OQRQ7UGZ4P36QQA,B0BBRMGRTS,4.0
AFEYB24M4HNZQQHWPJYMJ22PLNYA,B00WHLLDWO,5.0
AHRQPFLXCGZAB57SGBOJA5JLOEKA,B08KHSBL34,5.0
AHMIJ4JOTBVZX7ERWMM72CRSEQZA,B00BNVHCYM,5.0
AFJ6BNKTPZQXGEOAIOMMCSESJS2A,B09857JRP2,5.0
AFLUYFO2OX32ABMQAGQZDRCFT4BA,B00557KN28,3.0
AFCTA7ADJVBKAOXVHUHMRZEEEE4Q,B07226MCY6,5.0
AHTNHU6RK7ECI3WRIT4KORNYQPOQ,B08BHXRGML,5.0
AHQO2Q2Z66EGYUYBELDADP4L2XEQ,B0BZKBPRVM,4.0
AESJNJSZZ7STVVZE46RTE2OFYISQ,B01LWWYCRN,5.0
AF6LC3PL7ATCSC6VQ2SX4PS2JNTA,B08RS1NGLM,5.0
AHRP6TT5VE2NFIKXCBU24SD4PRGQ,B010GPFRUQ,5.0
AG7SIPR7YPAEQ6WNUUMD7M2YUEXA,B09857JRP2,5.0
AEPT6TMOHTPA6V644QQVM5G3PJBQ,B082WVKSNG,5.0
AFFHJNYPY6JKYNB3UHWETGBAHFUA,B0B41JFP9C,5.0
AFLZHVQKCWSLQM5I2Q2UZFHDRSBQ,B0B7Z4Z88L,5.0
AFKP7GPURJA6SIE2IQAPMQVFZYWA,B0BXT41XC6,5.0
AGC7JARZMJSMJFFKT7LQXZ6QFZ2Q,B0C2X15CPH,4.0
AFTQL5KFH752LH35SF5UALIXNSXQ,B09PWCF6T9,5.0
AFK5JSKYDDZ5I7EZGR67F7ZW64VA,B003IJ3WIW,5.0
AFZHQXVBWWHO3F5JF2CEUCABVAHA,B00CPLODUU,5.0
AHO5LUPMSZT2ISIN24MT3W37CYHQ,B0009FUUOC,4.0
AH2F6A7VS6CDBSJA24NWYKBEWPOA,B0B9T61HDX,5.0
AE5OSZOY7GGHPWRN5V66YTEY5FMA,B0006LXW80,5.0
AEC6SU2J4YKKWPYWR23LZX6MARNQ,B0023BYDHK,5.0
AEZC3BZA4JBY4JC2EYAX36FLTMZQ,B00MCBVY2S,5.0
AH2J57YBS2WIYAEGFZGJZ7XYB7GA,B07BQ8JQZ4,5.0
AHPG3HA4SKQBIGAPE64RAQ7XQQYQ,B0776RBZF1,4.0
AHZKE7W7FCLQLRXILNZZBNW2SBSQ,B0B8P1YW7L,5.0
AEF57CDFWDBRC4QJ3RPLBAHB2JGA,B01DK40R3M,4.0
AEJD6FDFMB7DIJQER7XLWZFDNMXQ,B0BLP3WRKX,5.0
AG5XY2G6FGRKC5B46QB7DJVWBK4Q,B07KJ3TD6W,4.0
AHLCWSDDDARN63GR24EPLCPAO6NA,B07CYRYQ8G,5.0
AGMQD2OLQTMWCPA23Q4WE6TTSKVQ,B00F20MIC6,5.0
AFALDYQX7GLWJOTNR2IEZ7EUFCBA,B01BNTYSKO,5.0
AGHZISWZBPUB2LLPQLT34LBJQWBA,B07Y6TSTS2,4.0
AE7HSNODYHJTFA44QPRBOTYATBJA,B0B3VDFKB3,4.0
AHBV7TH4Z3WRRKXUIDAOPVUBIR4Q,B00IPHISW2,5.0
AEZG4SHN6EDH7X2I4NPMCSN7MN7Q,B003GEBGA0,5.0
AG56XLFPO5ANKABQHXMGQB2DACMQ,B0C67HCGBR,4.0
AGMT3DM7RJH3CDMI2LSTWGOF7KNA,B004XNK7AI,5.0
AG34YJOTCJWCEA6XGG3NWWHDSQIQ,B074QGK1F5,3.0
AHFVDOBDHD55X4YG64AXNIVLJAJA,B09VBWXMBC,5.0
AEGMDORZJ7HGMQNUKQVFCLHXIE2A,B017NT392Q,4.0
AHT5LYU53R5RY6DIEZYSG27SJ3PQ,B07DSY3GGH,5.0
AFKMX6JZ655VPVYHBTATZQS4IBOQ,B0B3CYX8N9,5.0
AHYCLVA25UCDXZWWVHAD3JWBA52Q,B00VK4YXF8,4.0
AECTWJ6K5LCAIIW6HQW5YJRKGMSA,B08SB7FY7P,5.0
AEHBB2XPFWP2KFLNNWJGV5QZFOHA,B09616T2BL,5.0
AH5ORMMLXAON6NCWWCAZTZZVZRGQ,B079G694KL,5.0
AEHMXLUUSBFY74Y4VH6O2SNPSXVA,B0BK9Y7NCC,5.0
AGX5IZ5OO65C7AHLP67KZAZ3F6GA,B00UZY2YQE,5.0
AHF6DQZL6IPVSACVH44QPVXOPZAA,B095XCZXNQ,5.0
AE4PRPPY6FJU4EUMDIVESE4SFYCA,B0BK9YKQFR,5.0
AGILX5KKY2LVWR72IKBQRYAIJCRA,B07DDJ8N3M,5.0
AGPXR7X4MR7MLO5ZZ4TTT3ER4BXQ,B09GVP7N5Y,5.0
AFGDL6B7XAOXCKQCPE3VIKORLA7A,B00IXPXEN4,5.0
AGIGTISGZA4LRJ34FG3FZSLXFS3Q,B0B59363YK,5.0
AFSJBRLZNDADGSXJ7QFLIQVU576A,B007VOGU8O,5.0
AEZVMCJMXA4ZJWUTFHQCLZIQO3LA,B00F3D9ZQE,3.0
AG3XMZGR2PAJAAHNRN3QZJUMHEXA,B00N4ZHQ14,5.0
AG7SZ44BL2TGI5OGPXTHWYRXMIOA,B07X7HW32M,5.0
AF62FR3Y4HMPLGE3OTB3GMDKRW7A,B079GW2PNY,5.0
AGK53XQORMWLVMAMB6WLQFTQDJSA,B00RVE9X06,5.0
AEYVYMQW7JWQWYLWLCI7ZXFCLIIA,B09857JRP2,5.0
AFPIRSAROIQJGPSBTYYFZ6LCFSDQ,B000EEHP78,5.0
AELGLFMUZF6XHXTBNOCRFOWP6DIQ,B01LZBHHC2,5.0
AE7EVXVTRZV7QON23BTOMC7L7W3A,B000RNB720,5.0
AEO4O2TQI2LKLRC47RZZRPVUEXLQ,B00378GEAM,4.0
AGHY2ZA2YQFVD2NG6OROP3AAIYAA,B01AMQYS3Q,5.0
AGHTHSP5N2CZB2SMRT7JXTTNIDRA,B00YJ5C46K,5.0
AGFUJJJTJMQXQT2PGDBAJE6DIPQA,B0CBSSQ6RC,4.0
AHBMTFEMUPPC7CM2Y5BZM4WQFUHA,B005FIFM14,5.0
AGDZBOHI5WXKABQJS4HMIEDWAVHQ,B07YYZY148,5.0
AFJJYEJZACV5G2MCS3RBGDJ4AC2Q,B07R3S93K8,5.0
AF76RS5R5QLSFXIOOD2SLCHYB4DQ,B0002E1UEO,5.0
AG6XTTBGDOTVNHT22X76U27Y34VQ,B08KRFGST9,4.0
AFYSLU4BTTUCFRDL7GSN64Y2XOKA,B00006I51S,3.0
AEHDYSX54B3NYUIIEIHEGHIGJNMQ,B00ZTRVA80,5.0
AEV4B2IL77KB6DZHMSAWCXYBJDKQ,B0BN8QN32K,5.0
AGBR6PZW32IC3DKHJRFUOOOFLINA,B01K1EJQ9U,5.0
AGZPN4A5HMCS3LSMETBT5IOSVQQA,B07FL9G2J2,5.0
AHVJ7UVESCIEXJDPRIYMIIBQEM6A,B01K1EJQ9U,5.0
AH4ELMHTLOKAN7TQWQY4C55HWCKQ,B0BFKQ9QXD,5.0
AGDHWM2D3GOHKSVBRYUD7VLPTTOQ,B0CBK1WSMR,5.0
AEJD6FDFMB7DIJQER7XLWZFDNMXQ,B00WUMGDZC,4.0
AG6BIRUHFL3WJNN2ZEBGGVPMSRTQ,B088WMVDZB,5.0
AHPJUTQ3YBWZYP3HHH5EN6ZKHQQA,B00FBRUSAE,5.0
AGW7ZRW7XXPS36TJIALXQ32TCM4A,B000RNB720,5.0
AHLT5ZI2KDKZPDKOHWZNHNQMDFYA,B08M5GP4R4,5.0
AEYVPPWR4CIKWX4BGYKCBCDL2CZQ,B07DWM2XSS,5.0
AHEILSHIJWNRC55HWDWLFHGGBXGA,B07L5B64RG,5.0
AHGNZ5ROTYE6R5MXH4MW2MAXMFWQ,B07X624YB5,5.0
AFMMJAAETXOAM3FMIQHUXVX3ZWHA,B0BHSG5C3G,5.0
AGZ3EEUWPVVLQX5LMBBYHNKNBSNQ,B0BR2VNH4X,5.0
AF6D54BW67RAYIS57D56S4WBEQZQ,B00LTDOL02,5.0
AF33OYOQ5AYCFNGO366EGRKJQ46A,B0BHSG5C3G,2.0
AHSSHPP7VQRWVDRV2SX3DGX5MELA,B019NY2PKG,4.0
AG5L3GD7NG2YX7SU6PPFZ6QRTVPA,B0817CVBLV,5.0
AFQZL7EVDH43BBKNITQYGGDMWEYQ,B003VYBD58,5.0
AF7IW7GVLVT5TDXUX62HTHR2VCFQ,B0080HYFTM,5.0
AGSQKU4Q2KI6P3UWL4W54U7JTCOQ,B0753PSL2D,3.0
AGMHEZ7SN2RNVJCMIHIRRSKLQ2AA,B00BVH7C66,5.0
AHNUJ3HAVDKMXMIARLFQJS62VKTQ,B00CPLODUU,5.0
AGGR6BAOXEUYRBR37SXH3OS73V4Q,B004GTED7C,5.0
AEOGM6IKVQXQUUMQSLR2DCLDFFUA,B0B14LN9H9,5.0
AEAX2B23TVTFR32NCTVKUVXTRH3Q,B0085545YO,5.0
AEQP2AGR3VBXEL62GSEHN77AI5FQ,B012VQ5A7S,5.0
AFWQ5JUXYJJQDJNYLVVOQDDW2C7A,B07BSQ44T2,5.0
AEZL252UNZT5P6JOVHEI5YUQQZWA,B00F9SWK9M,5.0
AGWD6ZH66GXJDVRNQEGY77HOYEJQ,B09JJ784V5,5.0
AHOLXWCFOWHLDA64LCMFGD4J4PDQ,B093YKR8NH,5.0
AEQKSNITTVTBWAO4DF2QX4AEEGFQ,B08JMQR2JK,5.0
AERJUD4NREPMW7VM26CSV32KJZJQ,B00VOQQDHI,5.0
AGH6SW7MNE4SSGACMJTHYLIKLIFA,B00AHEW7W8,3.0
AEDGH4ZJ4WGGFP2OACMNEFL6XK7A,B07MTS57P4,4.0
AHK627Y42PZ5QCH3KLFPDILDERAQ,B01LVXOO61,5.0
AELQZABAMLATSSMW2HZ7UVHP4NUQ,B09X2WHS7H,5.0
AGKTPA4K3NKKVKX3RHSW7ZBLZEXA,B07MMJX9T7,4.0
AG3P3IEYHP4X3XSJF2O5POYE3JOA,B0BR2PXCBW,5.0
AGNTBJ7AAPSMV3O5F7THNJRKGM4A,B0C5LYJXLR,2.0
AHWPWNFLXL7W4KGXBI7CLXNK7REQ,B0BSGM6CQ9,5.0
AENNPX2DQMPLJ3MXV55ICO2JVFEQ,B0BT84L827,5.0
AHJTJWGYGHVERCNQ6D74ARPC3QUA,B072WPD8MY,5.0
AGSATHGY2JEFLGFJCRVLS7P2ZAZQ,B0BG3QZCJN,5.0
AHREJSWTG7ZCOIR5UQGH64VFN7LA,B0B7Z4Z88L,5.0
AFNTZARWHIT27SDRJ6W7K5L6PJHQ,B01MXOLC2U,5.0
AGP2NR66453AJZJAYKZGSMONZ4KQ,B08R5GM6YB,5.0
AH3HK4DWLRUQGGMDARSGQUCFH5SQ,B093YGS1F1,5.0
AGQRZRABGRFROFNJTQZMDDCTYEGA,B00P0HNZIM,5.0
AEHDGDGGA3LRDSWZFJMT3WMH44YA,B00KBMLAV0,5.0
AEHKE5RUMRAGDMP46FET5XXO764Q,B0B7C7PYVC,5.0
AEALTR3WRLHHAJKW2AHUSVXM4HBQ,B0876XPKF2,5.0
AE2UV6XH56H44OZBF3FY3IBS37TA,B0BRSK33BC,5.0
AGJMEVYSO7X5NK2AJQE3EJ4WXA5Q,B00JL5I61A,5.0
AHHJ6TAJ2A5C2ERCASYIVDZ2MPLQ,B07DLWYV8D,4.0
AF7IKYKBWRTMMRKSY6EX6XUVROSQ,B00X8MTF8A,5.0
AEIDDQKJTJKBLHHGL2PLHQJ3MBFA,B00CPLODUU,5.0
AEH3ZU2NCEOSSG5U6A7E2IUAXTSA,B001ELVCDS,5.0
AFNNEAHKPJUUZYP7P4OQLYZRNBGA,B00N5THDR6,5.0
AF4VYLI2QY2N7S65KZHMIET7OGOQ,B0BZ5QTMKT,5.0
AHLFJCO3SENFEDTOXOS5VC3GKSXA,B072B9LFT6,5.0
AEUXDHRV2CR5QPISL7NDDA53633Q,B0BKZ3CWFB,5.0
AFNG6UYRKINSI3XFGEQQCUEM4TIQ,B07DLVDV7P,5.0
AFFEU3PAMNMMVAU4GIR5C6ZTWEUA,B098HKC55W,5.0
AFROGD4V43PJTAAXM7VM65I7MSNQ,B07CYRYQ8G,5.0
AG55KFZWEFWIAKRCFI26DSGFWWIA,B01N7H2MC9,3.0
AGP4UN72BALWFNKE3HRVAD4QJPHA,B08D3FJ89Z,5.0
AE6R5VSHXSCOZJBEJY7BCRM7A6OQ,B00USQY0CK,5.0
AG6FEJBYZG6XENCU4HMJDCA6JDEQ,B01KZ2FNC2,5.0
AHCMBNTJJSO5GFOY237MCSUWF6EA,B0938Z4GL9,5.0
AE4JPPM4YPZ4EONHBXME6VWPVS2Q,B09B23G7CV,4.0
AH6SYHVVXBIGMJ64CYW5WAMWBN4Q,B00CRQWMYM,5.0
AFBHHG3G72P27CDV2NYZZNOPY3FA,B0002II7H8,5.0
AG54UZUGNVHJ6PMWR2UNOLT6JBUA,B079P9LDHN,5.0
AEM3GBSGBAZAIXMLJPZWLTGZLKUQ,B09RJZSQML,5.0
AHIPKIT25JKKXMUL332SVAWYAKBA,B000RVWY42,5.0
AEWVY5ZRJMTOERFYDSSK7DLIHB4Q,B00LIW74US,5.0
AHWDSJPG6MXWPQ7QHW6ULI2TON5Q,B07T2JQQWL,5.0
AGOLHEMWGJZDPJH5VEDE4BAX2Q5Q,B082NLXYBL,5.0
AF727T5FSA22URRDLEXAXCN3WANA,B0002OOMWQ,4.0
AFAENYGNEYSKTWHB4TJS4LOWEOEA,B0B2LSX437,5.0
AH2KNTQFU4DWMQIMTDLFSMRQHRYA,B0919HG8S7,5.0
AGNPLC45E6ZHOAPYIFBXMWN7D4WQ,B00NKD1PUI,2.0
AGYTZHAQIH35F5453PC7TJPJANTQ,B088FKR9DL,5.0
AENIOTT3B3SCW5FULPGUQVXIQNTA,B0006IQNES,5.0
AHQ542HBGYLNPQF4RI6RO6QOURUQ,B01LQWRGQG,5.0
AEMISRDYQCHSNOXKV6TQ67X2TIOA,B07D4SR8GZ,5.0
AGH6OS2UAGJBXXQTRSAFZMYNZQBA,B0741SXP2K,5.0
AGG27DPSZPNB4PJCYVJQAHYAFUUQ,B07DWVGJFJ,1.0
AFRXHIJEZEIJ2RR27QFNY5ZUXUZA,B00JER27MO,5.0
AEFMUJVOH4TJSOXWZS2TEJXEGMKA,B0002GH8X4,3.0
AH4SBH5P2GRF3ATR6ZFDDWJVOAUQ,B07MZVLGK2,5.0
AHAVMJ7OKLRLFKHUSZEZQHPQCHWQ,B0064RGVH4,5.0
AG6DCMMH6QAKQBX5R32MBRHYPEUA,B073PXWMJ5,5.0
AF3TDYWL7K5SP5QCBPPUDK5U3N3Q,B07MBRKNJY,3.0
AHDSPCS2KLFJZYAWCB33VTXCBUWQ,B00ADHKKZK,4.0
AGJGLCZKE5735HGK27G2B7QZB5UA,B07N5J7CVC,5.0
AHZCAF6J3GPLENOR4J3QDYROIORQ,B07593G916,4.0
AHJSTQD24P73OAMTTNU3PSKTIVFQ,B07MFYHKLH,5.0
AH62HWTT7MJCJM7V2B5LS2VTQBRQ,B00BSUHNWY,5.0
AENFQD5EQBOPKB6TB7AOAD5QQCOA,B07ZW1GBVT,5.0
AESSUWJ57ZQ6VRMWJYR53UJT2H6A,B001CWWNPK,5.0
AFUH5PW5JCRI3ZK5T7YOVH2L2PJQ,B094DT5HKF,4.0
AFC47CMQFYQHAJCVJDTX66O5UMXQ,B00I9FL3OA,5.0
AGVXCUZHUPKIIGZ4E6A65YW2VQ5A,B01ID5PSQE,5.0
AECYVZ2FQMWVZ2OCKJH4DD3MKRSQ,B0BPLFP5P6,5.0
AHDJXLYTHRFPB4SM2MPEPKKFZXTA,B0150ZL6ZC,2.0
AH2KNTQFU4DWMQIMTDLFSMRQHRYA,B004L66AM6,5.0
AHUUUJHGOH3CGI2ZIESN73P236DA,B002PAY3WY,3.0
AFM6772ZVF5RAG2G6FNSDPTPPA6A,B00724ZD40,3.0
AGYIZFZNV2I7BED4TZPYYES2WSVQ,B0C5LYJXLR,5.0
AEDZCUIOKFTDVAQVJHQ5P2TU764Q,B09NYGRGZG,5.0
AEVK2LOLAR5L6ASVKZ5JCIZFUFEA,B00UN8PH4I,5.0
AE6F6FUF2XLO7544DKKS3PJQCSPA,B09R3KNKKG,5.0
AEPSSRGHHNMBSJ7ZAU4YQFX6HTTA,B08B9H12NJ,5.0
AEN3VO4XP37YOHDZPO7LBPDMZV7A,B00NS76420,5.0
AGXFCJEB7DMPI4TWBCCG5SRU4NHQ,B075YF8VTV,5.0
AHTRLPO6Q7FNLBNB5SQSDPLC6I3A,B00LOAASPC,5.0
AFJKBA2YPHYNG6RCLWEHU7SPHP3A,B0B7C7PYVC,5.0
AGACR42ZBWUG3LEZXWPINXEI632A,B0C3LH1GK8,5.0
AH6PPA7VXXYIJGZQTWTNJKWNT7HA,B08CSQNMN5,5.0
AEDJWFGRV2TQQ4MBPEW2HWXBIJQQ,B09LS8JNPL,4.0
AEZJ4NN57GXPSGHZSRLJQBI7VIEA,B01K9COJZK,4.0
AHGTJA2GQU4VEMRCUSHCWG6KBVRQ,B07KDSZ2TJ,4.0
AHPVEYNYRWIWUR6ALVV6SXWJHTPA,B0BG4BZC5L,5.0
AFUXMV3TZHUGSHBTAVORFUPWPCMQ,B08PMZQXN3,5.0
AFBIB5XMB27ZIUM3YDTESOKSLLQA,B0002D0CEO,5.0
AEL3H73S6LPVYZMX4XNIJKLAN5LQ,B09WF82F1V,5.0
AHXPXPEVFEHR4IDBFODOUJ655RCQ,B08H7VTXWK,1.0
AF4VAHTAJUP5UY6BOZG623H7KOEA,B005N2RGJ8,4.0
AHTLRQ7HCERAHBTOD4QGJ4CE6WUA,B086543FTN,1.0
AE57MRF2R2ALCC6H5WQLFKT7KSSA,B01MDTKJL6,5.0
AHVHBTIWRGYVFBVNVV7SSK2W2RYA,B07KJCRYN8,5.0
AHAQCRGX5LDTNECMI7QBBDW2PNPA,B0BMLK658H,5.0
AFCX4S7V3JE5PYVC35ODD2QFQDMQ,B0107BCV1M,5.0
AF3MFUM3LYI3NJ6CIDOP55YQUFTQ,B0BCXKFMKD,5.0
AFXJQJSOXXAJPJZWDUOFGVMMODDA,B01N4OMRVG,5.0
AEH3PVS3ATD4V36TYF4TQWHSQYBQ,B0B8LK7MTH,5.0
AEJCALFWLC5EMGDUDBO56UBJM5KQ,B00LA10IUU,5.0
AHO5IPKZNXFFG2LYSCTINORZG7EQ,B0BX8HZ5RH,1.0
AFUW5HBGLM3ZZIBCPECGAZJM7TZA,B0B863M78X,5.0
AGOE4EACWAS5GX6JQJA64IL2GOJQ,B09WN62986,5.0
AEGXBV24JARO5YODOIXVJHUSAMLA,B00FFVKM2U,5.0
AHFI6EVQKDDMROI4RSVPWF2Y6ADQ,B07CBNBTDX,1.0
AE7MQDANIJHUB4ZJAEAS4VW5H2BQ,B09PRKZ6FN,5.0
AENI7OCA44OPD5AYJKLT4GGVJ42Q,B00HZZ60T8,4.0
AGGBMOAWS3H67EXZE3HLYZELWTHA,B0035FZMYG,4.0
AFVESKR5OLU4YPHQ7IOZEX4NMTZA,B09Y1X5BSC,5.0
AFO24CAUCZQKEVDR6FMRJHOLEE5A,B0BPLFP5P6,5.0
AGY53AAWLQK5O77H2YKXCURQHNTQ,B01AKRA4PS,5.0
AHCJBJK676NVLJIT2ZVJGTUHYFUA,B07B9W25ZK,2.0
AFSZFCI46YYKGFOLMIC2HVK3GEBA,B0007ZCHKE,5.0
AH6HRKTAVOLZCRLMSUZZXGG433XQ,B01LF4CK16,5.0
AFOLVUCMQX2AWNFNL2MXNJREMRTQ,B00CGFRJ2Y,5.0
AEUXBWFT5BBSRCEMCENVYKF6FBJA,B08DM9NFLH,5.0
AHUPJSMPURGM4QXXHW7VZLHZHITQ,B01N5KND14,5.0
AGN77Y4XMITXHDOOVYTIS5ARTU2Q,B07N1RPV4J,5.0
AHVGICSVXM66E4SXX23PH7R3Q74Q,B076BMTW9P,5.0
AGNCRXC7PNYQJW335W7D4KFZMGHA,B09M7F7LFB,5.0
AEPECTTZL5ZGQFXORB7SEIZPI2VA,B01LF4D8M6,4.0
AHYLUUYP3BCGFDZI3WDZCTBJOTGQ,B0B7J6G482,5.0
AEPHL5DLBHV6ODQFGHNFGTF4ICRQ,B0B962GTW6,5.0
AHUXXNY2JWBI6E5TXSK6TABTFZFA,B003Y569DA,3.0
AG3ONVHLOS2J6G74JMYOUZUCO3HQ,B09RJZSQML,5.0
AFJOM3QSBWP235SSF2LLJILM7IYQ,B08LRFCDTK,5.0
AGPA33SKOCJTWTGFFT57MKFWHOJQ,B001FSZR4U,5.0
AEUCUEBGAFLLTG6WQAJ5ZLEAPP4A,B00ZA3FXEU,5.0
AFAECBWSG2ANSNDXNRJVIEEYJ2CQ,B078KTV8L4,4.0
AGSEJS735DIWWMUNQZ5U5SBVBFRQ,B0BXX1RRNT,5.0
AGSS2AHFN2Q453OGXRQCWBAWMFSA,B06VWY2VGQ,5.0
AHCDQKCODVZFMU37AXNWP4ZO5DWA,B01N5QPY11,5.0
AF7Y5TEAHQVUWVVRC546CEUAEV3A,B079TLFL33,1.0
AGCLZ35MK2SSUC45HURQPQSA3H4Q,B0928FMP3T,5.0
AHIPYFGEXWYKTWY4AQRE64CYHYJA,B07ND5PQTP,4.0
AHH3LW4BOPFAI6XNV72G5X4V37GQ,B00MB5F33Q,1.0
AF5KJIMQXNEY7M5U5YM43QPCO4PA,B07CBT4SYD,5.0
AHFJ7EQIZZ63YU7QCPV2G3YRUXVQ,B003AQ1X7A,4.0
AHZDPIFULOIQLQQL2OCN75SJ6DDA,B075FW24C5,5.0
AFF337BUMTSPVALCH5ANDUFQBMOA,B0919BN3QJ,4.0
AHYZYJHCUREP7YXJBMOKBX3XGGXA,B09XT7G5D9,1.0
AHSHT3LCIEZ4A7BANW7CH4VZZ7IA,B000M23OQ8,4.0
AENNORCDOTT2KFT5WUIK7PJ2EXOA,B0BCK6L7S5,5.0
AFJSSKOR2YN7U3ZPEMD6LMDR27YA,B001E95KEC,5.0
AEITDL63LVSM7VYKAZ3Z5DXM7ZOQ,B0B5DW6F95,5.0
AEG6NGV3ZYGSVEXM3UPPTB3EJ5IA,B0BPNMSDGB,5.0
AFH6AUO7HH5PMJBRBQGQQKDV5HLQ,B0C2XTZ1FG,2.0
AGYKIAGDM4VSGMIOYEO53W32U4TQ,B09397FWYW,5.0
AE5XF7B3YXXLCP2TIYR3A5WXZR6Q,B07BW2JNNL,5.0
AHO22GV5T3DVTJFKC3KZEH44LBKQ,B081P1SQGG,5.0
AHUTJQWZUJEBOJOFMRJ34TKWOO7Q,B0002H0KG0,5.0
AFNIJGBQBLX3YMZ55X7HXJODEW3A,B0BR2N43GC,5.0
AG5QJWMXSGR6QK7CTCJKXRD7OSOQ,B007MY5BII,4.0
AFTEWUV2FV7AEPP34WF522DN6ZHQ,B00RMCTTLA,5.0
AEZL6LMUCBRQXIMXHRDKTS3BDT4A,B00USQY0CK,5.0
AG47VD7CFGFF3JTPR2TJ77E7YFWQ,B08CMHD5HG,4.0
AE4CZOBNIA2JBHSCGWURXDSFXFFA,B07CRK35NG,5.0
AGTN3NRGMYAX236N4FCZV3G5A5HA,B09CH8SDPD,5.0
AHTZI4VQW2QEL7SIMD76QED2FZBQ,B08FDBCYHL,4.0
AG5G6CFL2C6KFLMBAEZRTQGHRGJQ,B00OYUSHJS,3.0
AHHLI3DUBKFOJVM67KO5MCJYB2CQ,B07GFH8NTB,5.0
AGOI33LLDPZDPGEEZ7YYC3YHZXJQ,B07DWLYGKH,4.0
AG5ZHK6XUYHCHSDTU7ZTNQ4T3BHA,B0BCXL2V52,5.0
AE3C65KC5Z5EFPTLXUVX3USBCJ6A,B08ZS312RW,5.0
AG2PXLWDUI2UYFBTYP6HVWRPGHBA,B0BLS86TMC,3.0
AG5SV4UPCDKZAVM2SOW6CSWR4EKA,B09QDL744G,5.0
AH3GHCF4DAUITRH54A2PYKITUUUA,B0C79QRDQV,5.0
AE7DH2WBBBVXYONNKZB44RWHPFHQ,B08R5GM6YB,5.0
AE7I55SG6HP2PAJJM43P6SCUGZHQ,B0007OGTGS,5.0
AEYCKX4UG7JTHM6IEAXSCDFIMS7A,B016P20UC4,5.0
AGGRPYA34S7CHDII6NQWKUXV2HCQ,B07CQMWWLV,5.0
AHY32JW7XO24ION2N7XRFFTEPDZQ,B00WJ3HL5I,5.0
AEIRJK6XP4IQL6LQRYY3MB4ACPZA,B09B15BDHS,5.0
AFQOBDTUZ6K577Z5JII45DAEE3QA,B00NPAMDQ6,4.0
AFRUEAFOS7NHZ6FXCVPJZS2N3W2Q,B07TMJX85D,5.0
AFRHNWS4YBZWFQ4NKQR3Y3Q6KRPQ,B08NVVLB16,5.0
AGD25H7BIT2JUXSIOPYCYB23J3ZQ,B0BKZ49HY7,5.0
AFGRXXJJJICG4TODNZ76JDIREHMQ,B07MM2MB36,5.0
AHPT5VH6DDMZ53ZIQLHI43IKWD5Q,B0BZ1J3BW3,5.0
AHWHUI3ITEZ6AZCCNNS2J3NJ3V7Q,B07795XHLH,1.0
AE2OU3FDXOGNHVIXGRKRHY6YTMMQ,B0BJZZFSN9,5.0
AH7LMWVUNU47H2UGVA5YL54LYT2Q,B07C9YCY5J,4.0
AGEKFUJBRKMYZNGEQKXRLT7BZHYQ,B01M9GJC5V,5.0
AHEWHPQAQCJLSMYNCMCO6BE3Z35A,B00AKHACKQ,5.0
AFHNY4XQJCFWMJVHGKHLM2HWRCEQ,B0BRQ9TQSV,4.0
AHUGRXKGM5SXNLCLDPVM2ORW2ETA,B015JTEBN8,5.0
AHCIO4Y7MASS5GHGAZNOPPTXFTVA,B0BXZFS2QH,5.0
AGSAX2LKQSD72DSW2L6SCMD4EP3Q,B01DXVB4RU,5.0
AG25IEYUMS6V4XO2X4GUWVSPELOA,B01KDK4Y0S,5.0
AGGA75GROPWR6Q5SURTTHTERSIEA,B00EB11ZN0,3.0
AGSWTRJPZ7AVS2C33JGND5BQ6SMQ,B00JA8QD40,3.0
AG5UDX7F74B3F3C3HLXUYZ7DLHSA,B000BBRZ3S,5.0
AGAYXXFHOG2JKZIOECPCKEXXFFHA,B000VBH2IG,4.0
AGWSL6RCSUEPR5RGTVMO5HERQUEA,B0C3J448FC,3.0
AGGZLLBDARIQDZYZVKDHFNQHMHBA,B00A2H0F06,3.0
AH7EHJZ7VFDDVGAKECCTD2LE37ZA,B0BKZ6M28F,5.0
AHSZTRTGI7PXRM6A7BAKGDAM4UEA,B001E95KEC,4.0
AG7XGCZBVPKOESEH36KTS5EB2HTQ,B01N41SI41,5.0
AGPGFAWEV6DMUQTM4O75474IQW6A,B0BXBG7VRD,5.0
AFWDUPX3IRJ2Q7EG4XASQCFVKD2A,B017DNZKZ6,4.0
AFVDGBU4XGTVU5SSHTGT7WZ6TAIA,B0B9XK9WV6,5.0
AGXC6I5KLD55XTKY3MVT36GEXOYQ,B0BG95DG2H,4.0
AH4X7UMPWHH3CEEXAEV5IRPYLWEA,B001OIDXVU,5.0
AHS2IURF4TMP7GGTLVQA2IITYLWQ,B0BFRR25MY,5.0
AEBGYELMA4BKQPPWGIREPQXDLGQA,B073RBWJM5,5.0
AH3LWB7J5AISEPHX56QBZGAF7RCA,B01DE4DTAG,4.0
AFF6DVV7X33O2CGVMEZHESC4XWLA,B07HYSYXTT,5.0
AF677ONY3CIUZSPX65QTI7AWREWQ,B0BK9ZT28X,5.0
AESPIYN2KPFNMATAZNRXTGG2RTUQ,B01HCHDOTM,5.0
AHSOKJ6LW3KSZSLP2ZTGJI5KP24Q,B0BLGC3C1W,5.0
AH7EHJZ7VFDDVGAKECCTD2LE37ZA,B0BKZ3GCGR,5.0
AHX2MR6NLBEPURAZZUYFARJVHSEA,B09TRX519R,5.0
AEOJU3MJ5EJDUXV6N2OJJCIIT3JA,B002AT4UJQ,5.0
AFCXY64SNU4ZEGUUPYB47GTK6EKA,B0B2D98XV8,5.0
AFIJ75JQSAJKRL6RFKMSLPMHA5AA,B00NL2XSD0,5.0
AEKWBJWW7BOYFKFPF6JA4GTM45ZA,B01AH3RSAO,5.0
AGWYFSFSBGELWEVIJSTNQFP5QOZQ,B0B9XPLGMD,5.0
AE23WLBRYKEC67DM43M6E2MF7GPQ,B07JL1KFT3,5.0
AGKHNAF7EW4PWLMY7ADZ4RD2QHVQ,B004XNK7AI,3.0
AEZ2WBDBIEQYG462G2YONYBGZVZQ,B09YDBKT7M,5.0
AGXWBFBAKLMJWMQIC25BQF3IU7TQ,B0B23JC8PD,1.0
AFN7RMFT2BS6WD3R2E7GRHL36BXA,B0BL38ZMVZ,5.0
AGUQUN4TIWP46MPNHP5QOPOPRFPA,B00RYESS7M,5.0
AFJUEJD4K6TCPOMWLOYABXHG6JLA,B09ZSKK72G,2.0
AEMT6J7LNK3BZYPCMUHZQJ2IN5PQ,B0B7QWDRKW,5.0
AFUENSIC7Y26UOKSUU2E746FZ7LA,B07MJJ281Z,5.0
AFP4F2GUVJSNPRNCQA7DFDJRPV4A,B011N2VC64,5.0
AEZRHGN3PPKROE7XAYOIA6PDJUOA,B0BTC9YJ2W,5.0
AHHOIY2ECN3U5FBXUEG3ZIQ44MXA,B00N4ZHQ14,5.0
AGIJG2YRPFZJAF4QR2XMXAQ6BSFQ,B07C9YCY5J,5.0
AEJNAAJJQTE2G5BRC3G6EE4WTW3A,B0741MZ579,5.0
AHRPODCFJ7UNWQKCLLBKN6BQIN7A,B006QUGBVK,4.0
AEYO67OSVKLYD2D3AG5HNEA7IMVA,B07NDJ1HSG,5.0
AEZ2WBDBIEQYG462G2YONYBGZVZQ,B00CK2DM7Y,5.0
AEOJU3MJ5EJDUXV6N2OJJCIIT3JA,B0C67HCGBR,5.0
AEAXAJACFMXIAAH4WOHRMXPSZWFA,B00DUKP37C,4.0
AH6PFPNL6Y7ZGHCKZIIFPCITYN7A,B0BLLKKFR8,5.0
AERO2X3UKXVIUEF26U5PKLV4OQAQ,B0061OPQK8,5.0
AFDM2QBXR6TIAHRT4FMXXWHKIEBA,B0BQ4HSKC9,5.0
AHVJETUIVOX67X5KWFJE6WSD2VNQ,B07DM15V6P,3.0
AGHGVYWM42DGOOTZAAZ2TCBOWQKA,B07R3S93K8,5.0
AFY5TUCEFE3ANITHUXSRWTZ53UWQ,B07624MRT1,5.0
AG6ANM7XF22BQPWJZZI5TGVZ2BJQ,B07JCW1KGG,5.0
AFAQZYGOFDSTN3VL4ZBOEF5NJYHA,B01DN7OC00,5.0
AFSBFTCD4LW6WSHA3C3FMQVLNTIA,B00OQ3APKC,5.0
AEXA7NTPDY2UXZRU24M53A25SERA,B0BHSG5C3G,5.0
AEE3F2XA7I3WFVWAV2VZI2YLLELA,B0064RTS0G,5.0
AFBCN2VOZS4B64F7FKKWDK23WJ5A,B009CPFPFO,5.0
AHZCMDWRRLNVO4S7S55JDJQVLUVQ,B07281RLMX,5.0
AGCI4677JEAQIMY2DOT3Z2FVHI3A,B083BJKJ3G,5.0
AEAJFQMXRKKLUVQ3CKLPOMYPM7MA,B06XFMN8DC,5.0
AFVWG3A6UGWJZTL53HR4N32I2OYQ,B0BMDK2JC3,5.0
AFYM5NNIBINVTHU35YTWZOLBA5KQ,B07T2BVDZ3,2.0
AHVYUR3K3RKLXCE2BJHRA6DJ4QPQ,B00F1WLBTG,4.0
AEVPSBSO2FUNFP4I6GMZMM5WFC5Q,B00WHLLDWO,5.0
AHT4FUHPQHJVD4LCQVE4UYOUOCNQ,B00OC1LP6G,5.0
AEE6WOMUFCVC3VLRTLORF2IGICCQ,B0C159Y982,5.0
AEFWP7QQF5X4YDRF3U4LAXUO6PFA,B07D5W5X3Z,5.0
AGENT7K7THM6Q5VKHKH2PUACREHQ,B01M0IQ5QI,5.0
AG4Y7N32RELFN6TGWBGKSV2SKWWA,B07YD4HH65,5.0
AFH5PKKWDDAXPAVAQ4DY47CAP4IA,B0041T53JO,2.0
AFU6LE4MN4VRK3MJRTLCYLPSRBJA,B0002D0CAI,5.0
AG6EDKW4LTUP3EKVJUFQWJTF3AYA,B0BZJNPDJS,4.0
AEO3Q7XPILWJPQSWIRP2PWZIAINA,B01G26TRW2,5.0
AE6KNHYGPWBZGQTNIT3NZ742JUNQ,B0836RLZ46,5.0
AHCR5CDP5ESJE42CDD4FJQWK2UKQ,B07CC51PMN,5.0
AFXCZEZOLAHC3N5QQRJV5SQU27XQ,B00XHGVHL0,4.0
AHJSYOIN4W5IZ4SW5LSHCHEBMPNQ,B002HFFUGK,5.0
AGVT5E2C6WNOCFYSLOCPAPBJOIKQ,B00T38U7HQ,4.0
AF6277K7Q44XN464Q472ZB3X6UHQ,B01M72N0A6,5.0
AHDALDGFNPUZN5ZQGSPWZPVG67KA,B07B16JL73,5.0
AFYFPINXBMKZTJSLUWWPQ26TLYRA,B079W7NWNH,5.0
AFKC56ZSSFHF5XCYFFY52C3ZLFZQ,B09P3ZVLV8,5.0
AF66QBHHYBPJJV4DYGRUWPG7YRWQ,B0002ZPK0S,5.0
AGJDQVD67X3OSVONKW3EQDPJBBRQ,B003LPTAYI,4.0
AGUG7ONCKL4JOYS6AILUT3AGOCWQ,B015XDJB9E,5.0
AGHJMMZCZKGM2XC7E32JDSAGRWHQ,B01N7KF0T2,3.0
AEKRGPSDDTZMEZAYCBIM5YMIIZWQ,B00H8BRK0M,1.0
AFUA3AH4YS6GAL2QJCM6TLUMIPEQ,B0B8P1YW7L,4.0
AHT7ULEGSWNWLMFIENNTIELDXKUQ,B0C8MDSZP6,5.0
AF3E2MVT42F7OZNO4ALCNO7ZKHCA,B005PQ1AIU,5.0
AE23ZFVUOMPKR57BVSWXV34QLMVA,B00CP3GQQW,5.0
AHAFUIEUSEKYD34JJIJLRVJLGFZA,B01667IMKU,5.0
AGOFGZANYMUDHB2NTVTOW63TG2RA,B07GSJNMBQ,5.0
AERIIOUEUQBPYUJMGARLPNMFKKWQ,B0CBK1WSMR,5.0
AGF3VSDDBFGT7IQNKN6FTNXYFFBA,B095FVTV98,5.0
AHMYVVPBU7WI6SP5MNABEHF3LEKQ,B07BH4GFV6,5.0
AEEDYZE7SWKKVMVWYZD35VYCMAWQ,B076ZSHQ47,5.0
AGJGTZRZCLFSCVVMBNDXVPHSIHVA,B0BR2NC7ZL,1.0
AE4SCUJHWKFLMXTAJNZ266VZTS2A,B00H8BRK0M,3.0
AGJVN7BSF2WKOTFY5WKJBLF6RSWA,B0C6J1X7TD,5.0
AG5FEKWGQDLOPZPCCVTDEL5TWMLQ,B07D9PJW32,5.0
AHO5LUPMSZT2ISIN24MT3W37CYHQ,B08JGBHM72,5.0
AEAL4MJGXLIH3VY2GEZJUT54KILA,B095XZJ99J,5.0
AE3VXLLR4KYOJNMM6BGMVTSC5YCQ,B0C5BMZ1K9,4.0
AGSBFSEOGP5DIUCNJMPHJGQZDY2Q,B01DK1RHK6,5.0
AERCJ3T3QF2MOPLDNME2F4SQG2GQ,B00GN4VP6A,1.0
AE2BCWBDERZKN3ACIXQQISI3LHPA,B0BT34475K,5.0
AEWUJDNWZUABDIIGSGKDVO4EO2XQ,B09PH4DV67,5.0
AHK4QBZMKEAAR6DFQY4QY37EBLWQ,B07NDGTFJJ,5.0
AFSIFH65UCU5GE4GK7AUZHWUVJRQ,B07KW6VM9X,4.0
AHEJYPLN7DMCYRQ2KCWQ5YIY6JDA,B0731KPCCZ,5.0
AE6SMJZ225MI4KJD4S766T5YYCJA,B08YYKNRJ4,4.0
AH5L2ZWXT6BSAUYQCH52NWFD6BVA,B097Q9W8MW,5.0
AG74MZMWBRESS5NOSUWUE67LQ66A,B0064BCRQE,5.0
AEDEWDQ2TF4CTOLZGSNW4IGVONCQ,B0116TFMM4,5.0
AETTPKKDAHWCURKJZQD5RRPGOC2A,B09RTZ26KV,5.0
AGZKGEHOCLS6GB73NNABNIEWGLYQ,B07JF27NGM,4.0
AHKGRIKKRDBYFX4QF7O5AZA5FTXQ,B00BESRB8Q,5.0
AGUQUN4TIWP46MPNHP5QOPOPRFPA,B001ANI6FW,5.0
AHY3UKWN7JLP4AHAQ7NKZTCFOUNQ,B0B6P55RBN,5.0
AH4SSR6JQUMQAR7F5COKOYD2F7AA,B01J5A06OU,4.0
AGU46QHMBNY4242H5MCXGETTOMOA,B003HGFRO8,5.0
AFYFTNZQOU3VO7KX7ORJ3Y5X4L2A,B07DWY7R2X,5.0
AGSSF4YIHPCP2MIUITM34RWOCOWA,B09MT2JQ53,4.0
AGAXMCCVSHVNHW2IF6TOTZCXFA5Q,B07S82LVW1,1.0
AG3EF6QEUZ5337KFWDBIOEQKSWLQ,B088GF12PC,4.0
AHFJIW4HWEHRRWNBIHSJP6SM2IEA,B00KMDVKUO,5.0
AHOZGJTOUGNLCTEL74RCZ32PBOPQ,B09YDBKT7M,5.0
AGTOCWUOQPBBIFRI3UYYHJZNOMVQ,B08R5GM6YB,5.0
AHKHM6O6MSZMQOZXBDUJ2MC2J26Q,B00HCPTXJA,3.0
AE23WLBRYKEC67DM43M6E2MF7GPQ,B00VEMS03W,4.0
AGVBPKC2WQYF7ZGFXOVTT45KKC6Q,B0BLLXXT6F,5.0
AFRTXLSLVRLIYMUGOAGX2PA6URHA,B00HTWQVU0,5.0
AEYVYMQW7JWQWYLWLCI7ZXFCLIIA,B0C5PRQ9K6,5.0
AEUAR37M2GSBYMQLR76YSAOCP42Q,B07SZLB9GM,5.0
AGARMVTKQUMBK2XJH2OSGVOBCCCQ,B096FZ5TKG,5.0
AGXNHM6FE6RNTARQVPQSHUNC5UYA,B06XGS3ZD3,3.0
AFMUOYI53LJ5QGID3ABH2ZUFENHQ,B07HSGS27X,5.0
AEPN2RD5DNLVBU4OQPDDZLM5EAMA,B00X8N7XKG,5.0
AHBXCIZUBZU2EKLKRUDCQS7RZSAQ,B06XTW2R98,5.0
AEMTI3LLBJMTEVBYU3ZDEWIXJJUQ,B08LRLRRKM,3.0
AHPYQMRLEUCO5N3PMHQJGOX6SUJQ,B01B15JPCQ,4.0
AHSOKJ6LW3KSZSLP2ZTGJI5KP24Q,B0179A4ILK,4.0
AEWAPYKHTEXOLKI557Z2CYVHE23Q,B0B6P55RBN,2.0
AFTQL5KFH752LH35SF5UALIXNSXQ,B00WJ3HL5I,5.0
AEGS5YYS2NROXETUW5RPBN6DSEFA,B01M8N618U,5.0
AGRGLPIRFOMTUIBIYJOUTTGZHABA,B07HQG7YW6,5.0
AHMZYSO7LAKS6M3D63FQIPQ6UPAQ,B0749XX4KW,5.0
AE7GFJWCHUHU5XXNXSQERG52SD3Q,B00WE6INNY,5.0
AF2LHJ26ZRYYHDEVI3WZGUZ4NCGQ,B091MZPYBQ,5.0
AF7BFLZBXWO6TGTVSTARL73UJX2A,B0C5LYJXLR,5.0
AHXZ3VXHMIMKQYK7MAKAKEWWYHJA,B0BT2ZRCY2,5.0
AFH6AUO7HH5PMJBRBQGQQKDV5HLQ,B0BBRBFHK5,5.0
AGZOX4VGSMPDBKP47XYDVKBJAQ2Q,B071WMKJMY,3.0
AFEHPC5MSRUR2QWD6IRZ4KB42VRQ,B0179C3SQO,5.0
AHG2CAKQ74WFM7W7BWIVGV26OSVQ,B00LMRNIUE,4.0
AGF3MM2QRKLZMQLTTEGVKCFQISXQ,B06XX92Z8Y,5.0
AGDB44CQUCWRDULI7FJMEFUS3UBQ,B0B1WMLNBX,5.0
AF2GPIP26H7E5EHDWC6P7RKZ3OUQ,B0BXB8QTLD,4.0
AETIZWCOFGGE42ZUTCFUL37OJQPQ,B08SJY4T7K,5.0
AEEU7CICRRS3G3YBNW3DDPSRSRAQ,B09TGD5X27,5.0
AHQF4GMPT6H5XMVYGAGBKYN5V66Q,B08VHZ4FFW,5.0
AEO5TLC5WHQ6HED6RXQS6Y77NUGQ,B0BSGM6CQ9,5.0
AH7WTH5WIOSENLQKENY7ZFUKFFOA,B0002GYYD6,5.0
AGPVZ5LRWIOJTCHEZFYB5KK4XVEQ,B0BR2L1375,5.0
AGUG7ONCKL4JOYS6AILUT3AGOCWQ,B06XHM1C3B,1.0
AFMOXNCYTYVRTZKJGVX4X7NHOU7Q,B06Y6BCX7B,5.0
AFZEJOGI4OODANIEO62OHDKU4HZA,B00B5LDMH6,4.0
AFYEWBPNJDVMVJHFR73JNQEBQ42A,B0BSR996X8,5.0
AGUSXHIHBHM453QTCP3O2BLGP7AA,B097FMTZCP,3.0
AHB7NX5MFSJ6W2NWR5UNUFEF7RNA,B0150YC54E,5.0
AG6ATLCKETNYRKL6GCQV35CSSGPA,B0BRSM5XBB,2.0
AFYA2BB2KC3RDRMZBGWVJIFUXRVA,B074JNWHZ4,5.0
AF7CC34DK36SQJS7WXI44DREGWJA,B07PM289SV,5.0
AHTQQIQONBBXF7WSHWJE32HRH2AQ,B0B16WH36J,5.0
AFXMPTECRN6BUOM65ZP7UXDZATBA,B00LGDYGSC,1.0
AGGA75GROPWR6Q5SURTTHTERSIEA,B01KDK4XF4,5.0
AEMCG3MJ7TMAMEJEWYD5GICKM3FQ,B07DL8BW6M,5.0
AGHETJ7PN7P2EEPPQZHFVHGV7TAA,B07WBZ1SFR,5.0
AHOTLXO4JZW4GNNHLYJ3Z2EQVV5Q,B07Q5GCY4M,5.0
AE6L3X5WMBDL6PVBIVB7UVMAFIXQ,B08T2N1WZR,5.0
AG5ZHK6XUYHCHSDTU7ZTNQ4T3BHA,B08BSFDY99,5.0
AEF2RX7ZF5KKRXYURVRY6AKZGLSQ,B0B8M5FJ9W,5.0
AGTBJVGF6Z6FTHBKFPZFUEGV3NRA,B0BKZ1GPM7,3.0
AHGYF6WPXSRKSINWX5RCOI65MHEA,B00LMC2HA6,4.0
AFTEWUV2FV7AEPP34WF522DN6ZHQ,B0002F6WR8,5.0
AERPP36RWS2WYRE44OCD56CZZ7LQ,B08BHWMKDN,5.0
AEN6QVGY7IYPDKZNGJWAQBGRAE2Q,B0BPLFP5P6,5.0
AHDO3Z2SFT3ONUF3WEIQDTSLSEJQ,B005ES7VSW,5.0
AEN6ANHOT5COUFKFIQUZMB4XGIEA,B003AYK14S,4.0
AHCBAYMJVLTILRVTBKJIPB3VIDWQ,B01LQO3GGS,4.0
AH7UOQQDCPZIWK42EWAAPCGDPJ2Q,B015X3CXXA,5.0
AGFK6ZAZD5Y6WP5YUMHFYV7KVZSQ,B004UJO41S,4.0
AGYRMCX4CHWWMEBXYY7BQIOT6ZWA,B0BHSG5C3G,3.0
AHFBALQTCIHW3OHR5WABW2EZIASQ,B0841BMTGZ,1.0
AG723UWMFMUICGE2QFUGPL3UUYIA,B07CZ8QC27,4.0
AEJ727Y7JSGHO3AJJBUKZX65NRMA,B06XW4SNFG,3.0
AG2DSSYTEPCQ5MBLH4L265J2LI6Q,B019NY2PKG,5.0
AHIVWIGXAM7DD4F5AKC5OCYO42JA,B016QUXTZU,5.0
AEZCTDIBXZVKKAKKKKWSXKPN2MVA,B07NBB4KRS,1.0
AFMQSX25IVEXUFMV4LBZFWTARSQA,B075GKTV88,5.0
AFY764TFOKIW7R6R3TF4SLTP3DYQ,B07BFT2B91,5.0
AHEMAURZYRCARVTVF6CQYTYE4I4Q,B000BUBF6M,4.0
AHMEIQYVEGHXBYOBMUQEVKPE3QUA,B0BSCF2FD7,5.0
AGV5EG6FOHTDDWOLXWMGQWQXDMWA,B07J341B3C,5.0
AGGCTCZBGFQEUFK2IMJLAG7T4QXA,B01AAX6KGY,5.0
AEMSFZ4NLED647BP3ZCQEY3FNGKA,B07217RS84,5.0
AHWA6UFI2V33J76UUQWQP6PHTQCQ,B092LF6RLS,2.0
AGP2P3VOGH7NNNH6CU7FKN4M62NA,B079TLFL33,5.0
AFTPUNQ4NGIKJHIEUAFA3GQBUY4Q,B0BPKH7FJ2,3.0
AH7GRHCAJCVNL6ROQOLIJT6PK2XQ,B0BM9BWB8B,4.0
AES7KU7JY6KI2MNQ4N4IP2YCMTZQ,B09RJZSQML,5.0
AFAAQVGMDINJAJNDD6HE2HFNJ7AA,B00LBKFYUO,4.0
AGBECCLTWXA2ZFFIS4KD3Q22PFRA,B0BCK6L7S5,5.0
AGN5FDHWM7WRJKFO3CLNJ4D32U7A,B015WD6FIK,4.0
AF5PM3LODZ3TCXBESCMRC33V26SA,B00OO30CDE,5.0
AFJQQWO6VAZCTTY3GXNB3SEUU34Q,B00RVE9X06,5.0
AGTOFPT2HFCQOHY7VTF7ZLZFNN4A,B08178GMTF,5.0
AGF7TG2EIMWONOO3WRWONQJVKDNA,B07PZDBGCR,5.0
AFBUMGG7XY5MQLB7HIXJQR5X34FQ,B09198262S,5.0
AETBRNPDURJZWOEQN5VR4BZD5C3Q,B0C4ZPNBYC,5.0
AHCBEOI3JFHG2DNP5USTZW2MPEJA,B01MD10XAU,1.0
AEZP5L6SPBC4WHUHBJEFCDDVB67A,B09QDL744G,5.0
AGR2HGNGBX6TFVFHQFKXRPP4B22Q,B0BT84L827,5.0
AEMBK5QLIOB6NHLJPH2GI3ZEW4EA,B007MY5BDI,3.0
AH2HKJL3HTZ7OHQPBKMANUB6XLBA,B00L75HGUY,4.0
AH6UKAFU6GC5PR45MMZMRAQIDM6A,B01FMKRG6I,5.0
AGZJ757HBQPRTEF3IFY37PMFPFIQ,B00M53HWQA,4.0
AF2HAUDZBKQZM5XZ2DM4UPO237UQ,B075CSHLYH,5.0
AE6JDIRVPTKC32Y7X3QQ3WAY2LIQ,B0BZJ3ZS8B,5.0
AHAR2WCDFYETREAF7SRKJ6T3RMKA,B0002F7IOO,5.0
AFPXIMJJAYJYB56PWZ5DSHAMVT6A,B092CVSQHR,5.0
AFUO5Z2K6MDX3SYTSIS5HBT47ISQ,B07Y3YB1DH,5.0
AGDRNG3FGVONPV75CF5ZMZ4CARKA,B0BXCQ9CJN,1.0
AGMGW2AXSHFLEP2KKAQBOM6OOQGQ,B06XB3FQKB,5.0
AFLBNI74FPOZRZR7AH2PBY6WSMFQ,B0061RNE0E,5.0
AFQDH4VJVLTDGFFZS4IAAG4VMBKA,B015XTFNP4,5.0
AGAGHJYANWY7FQDJRZ5XEVGHMB2Q,B0C4GJM9J4,5.0
AEYVPPWR4CIKWX4BGYKCBCDL2CZQ,B0C6R1FZNM,3.0
AEUXATQKIZHHXARX7DCMLD7LXG3A,B0B129LPD7,5.0
AH5VYONJC6AZLXGHCM32LEUVGWBQ,B0BKZ1KXLM,5.0
AF2HAUDZBKQZM5XZ2DM4UPO237UQ,B0B2Z13RCR,5.0
AEYSGCOJIR5X4PFUY7JGUOFCZVNA,B09RX2SYHJ,5.0
AFPEV76DW5AZ77YU6DXBX24YRD3Q,B07RYBJN7K,5.0
AECRFIY3HZZG5KMU424HTLAKDGFA,B07H8WXJNT,3.0
AEWVQYY4G6UMIFZD6QDPUDOYBU7Q,B000T5MQV2,5.0
AFGEE2G4XCML3OIVDBZU47XRZTDA,B09PWCF6T9,5.0
AHO5IPKZNXFFG2LYSCTINORZG7EQ,B01M15915O,4.0
AFXUKNAJ6DONF5K3HFFCVWIG7WUQ,B07PMLJ8PT,5.0
AEQWIQ5K6LLNVFPBJTPKK4J76SWA,B086QP7WM2,4.0
AFMG74ZXHJ2XIJW5OUELTC5KRPKA,B0B3VDFKB3,4.0
AET3AD34PERPEFPAFZ6LJV6ORW5Q,B0006IHLFI,5.0
AEOG5GP4YYOR6T7H4DTLTH5VXEVA,B09857JRP2,5.0
AGTS4HKNL43FZW3MZMUNVRYLBCKQ,B097FMTZCP,3.0
AERLABCYH2N5GVQMRM2SC7I3LY3A,B0BK6PMJD2,5.0
AGMJISSDQ7DXH7AYMYZBRHWISKYQ,B01AIF4CL4,5.0
AG4V6SXKSVYO5TTRJQRPLBSK25HQ,B08BLKZS1H,5.0
AFSID347MNEO7BB4FDS7G5WFXFOQ,B0BCW884JL,4.0
AHBQCICNAHDBS47M6LFAPV6LBFRA,B092LF6RLS,4.0
AHDTJODSAMZBYCCS6I35H4V452UA,B00LGDYGSC,2.0
AF4DS7QH4EAGQ6QWYLTMEMVHNQ4Q,B00DY1F2CS,1.0
AEABO4WBVLZ6J3VVOA5XDJ7HDBQA,B0BFF85D9R,5.0
AHLW5Q4AJQMIGC4YGUHALFLAQLGQ,B09BGCRS9T,5.0
AG5QJWMXSGR6QK7CTCJKXRD7OSOQ,B013MG2PPQ,5.0
AGFCZHTATBUI4HMETZZ5DXULTZJQ,B0C54RRCKG,1.0
AGSP5XAQPQBUUXZHEZSC65FD7NOQ,B01K2OLR28,5.0
AEICQU5QHFNKB2ROUABD2JNNPN5A,B000EEJKSA,5.0
AH5H3RK5Q2WAXHOCYTKNZFAV3UGQ,B0C3LHRRDV,4.0
AGZG7MB6QID6KRBUFHZSKIAOZENQ,B07DWM7Y6N,5.0
AGIU5IUE47VOAR36ZMNGTCP5KXKQ,B08BH7KHSZ,5.0
AETRLZMHXJWHRPFLNPAT5KWVN2UQ,B093PZDB9W,5.0
AEA3NLDRDLTW7U6TDQT5GPQOOIDA,B074335YFQ,5.0
AF25N7GLN5FPPTJTP7KP5BNRV25Q,B0BPJ4Q6FJ,5.0
AFZV4SQHKPAL65VYRSQSKUKWMXXQ,B009YCI62Y,5.0
AG6XVM67COQE6IDXIWOXYJTPISKA,B00CDA0IUC,5.0
AHWG4EGOV5ZDKPETL56MAYGPLJRQ,B09TXP3FSK,5.0
AGCCTCFGWGVABEVFKC44HJPXHHRQ,B07QYVX5DK,1.0
AFQVJYB73FB4EMH4CHYJI6DQ64ZA,B00UTH51KI,1.0
AEQR6VWJVW32O4N3STXCPXVF7PSQ,B0BRQGJZXR,5.0
AFTVOIJFGYFC62ALDHKINLLDDFAA,B09NWCD36N,5.0
AGTHEJOM7XSVYDS5ITRS7WUQGMKQ,B08R5GM6YB,3.0
AGPFAMWJTPQSQEZMW5TUC7QY633A,B0018TDULI,4.0
AFSA6YD3ACC3VQQJRNN27YN537NQ,B07L5B64RG,5.0
AFSR5KAF5DWNQ5OXA7KEFPPTZJPQ,B01DPCONFM,5.0
AEIBHSLYC3NCXPUA7P4OVRWQEMSA,B00979RZ9O,5.0
AF7TTQT52OE7QACCNUOOOTZUMAQQ,B09JWL3BF9,5.0
AELR55A2JR25GIIZGNKE5LAE55AQ,B00356J8KE,4.0
AHSUFZF7WQMX6TJ6WC2LBBMGSYDQ,B000EEJ3S2,5.0
AFCWX22LDG3CR5NHJDDWGXKRC3YA,B07K66F3N8,5.0
AF2BM6EMS6FKYSKZV5IBORZEXOKA,B095XZJ99J,5.0
AFTOYCLIMUB4A6TTSR6F2JINI4GQ,B00DYAAIAU,5.0
AFJ52QWR6Y5WPXK3MEZJJBHMUY7A,B08LRHL28Y,5.0
AG7NDDHQBGXQDQLHZPCWYMAWYM5A,B0C5BMZ1K9,5.0
AGDAX4BPTSLLAI63FKN6J5ZTFKOA,B08BSFDY99,5.0
AFAAJ4UTCN4SFXFVJ36RWKSOWCPQ,B01KHMUQ2M,4.0
AGEXOCVVUXJJZMX6AGI6LDVUC7SQ,B01DE4D4LU,5.0
AEJLXKSF7III3HR7ADY5TIWBOECQ,B01DQ2RFS8,4.0
AENNORCDOTT2KFT5WUIK7PJ2EXOA,B075MCRFYZ,5.0
AFI53ACNS6SYJPY3RKPA5NFOVRAQ,B08PMZQXN3,3.0
AGU46QHMBNY4242H5MCXGETTOMOA,B00S6251JY,3.0
AGS54MIP5XVBK7FM6QH7XNGFDVJQ,B0179C3Q20,5.0
AFPJGU2B476DH44PAROBTDQZQVPA,B076X9C7H1,5.0
AHJ733ZCG3SPN4NXNBP33SXN66TA,B0006NMUHM,5.0
AEQ26CZ7BTH3LGW4AMRVLEJKGOFA,0825603285,3.0
AE6PGN2WW447FQCQ7CQFTCO4L36A,B0BKK3H2F5,5.0
AERWQO4KG65FDWZTSAU44MKDCWFA,B097Q9W8MW,4.0
AGG7RMU6ECJHPQB2ZIQT7ESQEI5Q,B06XNBTLHC,5.0
AF3NQJJ4KIDA4GURLEALQBI4RKUQ,B09G5QS1VD,5.0
AG3HHGKGIZCIIQZ67ZGJ7SUBH22A,B0002F5C7Y,5.0
AEURYFHY5UKJWCTOYPJD3D2XLJLQ,B00CFEYN66,5.0
AHV7MPSPXX63ECNBQ3XQ4QHUOHFA,B00M6SI0X8,3.0
AF2NGUZ6QFZJUAAINQTWZL5WMXRA,B00A7KC9NO,2.0
AF3NOA47IJLZ3V5SQBOAJHUYDFJQ,B0BK6S7QF4,5.0
AHPLPI4RJDQMCN6Q7KREMZIL4HXQ,B005ZV5K0O,5.0
AHLQFKLT3ROJTFS2P4GQ7CFHLXFQ,B09GZBTSV2,5.0
AFEZ6PH4W6I2W5NDBWKKFXAV2EDQ,B09ZP4SZ72,3.0
AGDT3NTRES47WHT26YWV2CVOLOYQ,B007534LFK,1.0
AFUDNFNY7SEDKBT36AH2LZDN4QTA,B0749K3CB5,5.0
AGGSBHWCFOI7BGAQ3YAGICGVRZGA,B098KXQJVY,5.0
AESY7BV434R2YQ4PUJCJG2YVUOOQ,B01EL2TFXA,5.0
AFOZRALZ6GRV7B4Z2ZGUVNKI5DOA,B0B55ZJK68,5.0
AE3JNYVYO3C3UXO6ICDIOZIKJYHQ,B0C37QCPS4,5.0
AF3NJDOTMG7BRKDLV6UM7GHFC7XQ,B0BGQZNQ53,5.0
AH5B6OGW62H7VQZYF3KNZDMKQP2Q,B007MY5BDI,4.0
AFOWDN6YUFGKPXH5ZJE5J57JE2TA,B0019FYE34,5.0
AGUSYMZGN5IIQZWHPTPH2S6D6KFA,B01DZ6FBBI,5.0
AFDIHKY33QA2NCPYPOGJRSBH5UCQ,B07YCMQBRT,5.0
AGSAGGYZSLPFCVOJ3XTIUN42A52A,B07BZ2FZ8V,5.0
AEP6VSEK3Y5MHGJCG2RGHM2EHCLA,B00RVE9X06,4.0
AGA4GTW7N7KT3VL6PYMHCRSBMRUQ,B000P5OULA,4.0
AH7BTSFO77CNNKQFU7FBWTV5DI5A,B0040YZEJ4,3.0
AE4QBSUQ4TQSHRDMXE6CIDICH4SQ,B00B5LDMH6,5.0
AFUENSIC7Y26UOKSUU2E746FZ7LA,B074WXM13T,5.0
AFZUL4Z3J5LTJYTWP6IZULSDVP4Q,B018FCZKR2,5.0
AF6PK3PJIARACNSAQNXC6DZMITIQ,B0BPJ4Q6FJ,5.0
AFLQJJ7C4PKUZJOXPIR2RFS5GSSQ,B00IZA1GI2,5.0
AH4AIWIVLN43SGJGK45W4FCJB5GQ,B07WTRFSMB,4.0
AFPG5F53DZFYCV4MUZZJMRNBCS6Q,B0BVVT8XV4,4.0
AE4FLJ7EL2L56IUWIAWZRNHJXAEA,B0BKZ3GCGR,5.0
AFK2NWEVOB4BHP5V2XVAVE65B6CA,B0084CRYOG,5.0
AFMEK6HGMNRXS44ROKARI7467HAQ,B00DIGCE5C,1.0
AHV6QCNBJNSGLATP56JAWJ3C4G2A,B07711ZF5C,4.0
AGR66GB7J736YGNOEQXECJZENQXA,B07SCMRGW6,5.0
AGSP5XAQPQBUUXZHEZSC65FD7NOQ,B004C4UQZE,5.0
AFHPJTBQYQHQXIFBAODXDAIGCGMQ,B0C14SC57J,5.0
AE3HJ6CT7RAMP5XNGLYPEGDEMJJQ,B015JTEBN8,3.0
AG52TQ6F7NLG5WBLIK7Z4QIKVETQ,B09B45DLQG,5.0
AHFWSW4APYWHTKLSCLUQ7OOAXBDQ,B00XC2AQN4,5.0
AFS5GEDNULNRN4L576C7IKBC46WA,B086GNSNMC,5.0
AEVQES4DYXCIQMQL7KHTDM36Z6TA,B003OJE8LQ,4.0
AESJEFHJ2EDKWCAGDLHNIPG636DQ,B07ZN86ZFK,5.0
AGMADA7BVXWOPUYDHC3C3K3OKO5Q,B00H4PEMM6,5.0
AEIZXNH7FBJXMVY2CQLSSI2NZSZA,B0BXT3LKL4,5.0
AG437IVOHPYSB723CQHCTUIOPOUA,B000Y021NA,5.0
AH56VKWTOEVES33UCWBSJ4PNSTZQ,B097Q9W8MW,5.0
AG5SSLGUHBVW2WBIMICWOPQGV4MA,B00387G1MI,5.0
AGOORIF7OARBAL6HFDOLXUF7DBFQ,B0B4DB5QD5,5.0
AFZFOI4JUMS5UFMVWPLAVQ3ZM2QQ,B000068O4M,5.0
AHXJKALSQTNTY5FPUFFLHF7FOBDQ,B075VPGJCX,5.0
AFQK37VJADTSXECNN32K7O3ZWM3Q,B0040YZEJ4,5.0
AFKXPHJU332QCBEXRVZTY6K6B5HQ,B00BS1986M,5.0
AFLM7I2NCG3CEVZVMCMWN6SS2O7Q,B01K1EJQ9U,5.0
AGNZ55VEXGISWO3OH7F4CTP6HNRA,B00DY1F2CS,3.0
AE4HFI5J42AKFLFHZDE5D6LFGFCQ,B0012BPMHW,5.0
AE5EKWZ7BDIPUT2SQCCZ62H22ZTQ,B0C6H9T5T6,1.0
AFCTA7ADJVBKAOXVHUHMRZEEEE4Q,B071H41DFS,4.0
AFISTPNKN3EJKATATVLIFQMKQOXQ,B08R5M2FGY,3.0
AES7UWDI6OPAU4HN7336ZP75SITA,B098KXQJVY,5.0
AH2L4HXWXSECI3SMTHE6YB3T56KQ,B00H35YIJE,5.0
AHA27EHM74UI4VBZYCCOVUBUZNPA,B0B8LZKBN7,5.0
AGJ73YUYEW6PWPIO3HOKTPLKW7GA,B0B4SGJRHR,5.0
AHJ2NJTRCWB3QQLDFPPMYCEYDFJQ,B00KG7CB2C,5.0
AFM2DSFXQRROQL75DRQ6J32PMRRQ,B08B6BF5RH,5.0
AHVMI7WN5IHRKUS5RR4MWRL5BROA,B071RL22PZ,5.0
AGK7E6PYFPGPZ6MREYX4KANUCJGQ,B06XGS3D3S,5.0
AHBCMUMYBDO3DCWDT7RUSCSHVFSA,B07C91JT14,4.0
AHOGN6NSQV73UZ2PWVW5F4Q43Q3A,B0BX8HZ5RH,5.0
AHIXLMOB2ZZRRGEWCJXUZ7XND22A,B00OJHI6KQ,5.0
AF3BR6FQAGUDNKNFETNSU3KKHBOQ,B0C6H9T5T6,5.0
AHIUXHZZ44ELXOD77N5XGO73ZIZA,B075R94JY5,3.0
AFVTV5IBZU7SCCUSTID3SQHYH2CA,B07N1RPV4J,5.0
AEBJOLNLS7IRLB7HGXXFBZSLXAWQ,B07J9JR6VP,5.0
AGJK6S6LFHIGTRRCPNYGMGFQ3F7Q,B014ZYPT34,5.0
AFVNE7YGLL4YBJNHHPHEO3ENOAUA,B01MG3QVCK,5.0
AEYVPPWR4CIKWX4BGYKCBCDL2CZQ,B095QBH5ZB,5.0
AGMMFTC4LMPBUSCOSAPMQU4BQBJQ,B0BSGM6CQ9,1.0
AHK2JKHQ22EXZBQWCF6SAV3XYAYA,B08FHV6383,4.0
AFAT5EYIHBJC3AC5TZUKLLWLBPGA,B09BMTCQC2,5.0
AFWBENHWG6A6QJCJISR4IU7PO3UA,B072235GXG,1.0
AEAU46Z6SC3RRNCHFIB5RKUUGROQ,B07BHHDL37,5.0
AH74VAPB4EPE6DUCD5VNR7PQELQA,B00JL5I61A,5.0
AHJJGVQ5R6COEDIQTRKPH45IHDUA,B07MQK9168,1.0
AENHWLM7GME7SJX2RTO5JBPIUSZA,B07GXGXPBY,5.0
AHUIUCGSUO6B2KRQLQ2UWRYXTH5Q,B000TGSM6E,4.0
AHVRQ2F6723IXOL2VOYHCVYJLPKA,B08Z6TDJZ9,5.0
AFHPTJZIUVAIQYWANKXP6P3UVK7Q,B002Q0WSO8,5.0
AGQ3FPXZLJIHBHWM6BZYS3OCEKDQ,B07HMY1RWC,5.0
AEUAXVAUWJFDX44V2Q3OZFFYDZWQ,B004MN9746,2.0
AGJ2B223IQ4U6IAI3CUQRUX5IOCQ,B098KXQJVY,5.0
AER6WLSJPBPNOZIQWVHQBVOKTNCA,B09PWCF6T9,5.0
AERXAGU6PAY74OIAVZQKU5ONB3NA,B07NDGTFJJ,3.0
AF7IWQ26I2RJXFXKGSPGNNRBLNEA,B016QUXTZU,3.0
AGAJSGWWB75VLSBMF6I3LUUTL4AQ,B01DEX3CHC,5.0
AFKG57XVUDKCUGS7Y44EY677NBQQ,B072PWKPLW,2.0
AERWQO4KG65FDWZTSAU44MKDCWFA,B0772XDJX2,4.0
AHHHDPHIPV4CJY536D33OZV6LFPQ,B004XNK7AI,5.0
AFEZR2GVGMGGBMGG6WHCWRI3MK4Q,B00CHHUKY0,4.0
AFCGEML7F6W2U6YIW3BT5VVHAVSQ,B07CBT4SYD,5.0
AG7REFIGR4JHFZTYSHJGYFS6WYPA,B09Y1X5BSC,5.0
AEGEWZSJFQBTYZMFDTFAOCMGVAJQ,B01N5QJ0LE,5.0
AGJ5ZHY5Q43NH73NAAFRO3A2TQKA,B09857JRP2,5.0
AFLAAWHDSTPMYQDU55P7GKFY3ZHQ,B00PR8AW62,5.0
AH2H6UZNEA477XOPRQ3T37WXMBLA,B0002KYXTM,5.0
AEXXN5AQLXNN75TLPBTDPHVJKF4Q,B0BCXL2V52,5.0
AGG5VFUD4XK5TBLA4B724XEEV26Q,B000KN0BYM,5.0
AFUV6KLJPKFA6QQYGINR4D2MY2XQ,B00HTWQYSO,3.0
AFF7YUPAE6KRD2ELYPEQIWZYORHQ,B003LPTAYI,2.0
AGG3TGNIO4ULCWBMCUW4NHZZ4BGA,B07KDWXQ84,4.0
AFSPIN4QUVVAVW3HTX7L2J3KUR5Q,B00OO30CDE,5.0
AFXMSKCDLI6GRTDUC47LXZWZKIPQ,B00IWXMGH2,3.0
AFM2K5Z6FN65NXDAT3G7ZLFW33SA,B078H33C1W,5.0
AFB72OOKML6ATB33JXEUUYPQGMXQ,B00WTZRLOM,2.0
AE6TF34R3XLNVEOUQ5XGGJLOBNQA,B073CZTQFM,2.0
AEFXLPLCZWRJRK4OVWRHX2YUPW6Q,B0B127PM6M,4.0
AG6VOE54BWQKIPPH66M25GME2S5Q,B09Q39C7W2,5.0
AFZ4UIQJHMYNZMKSDU2QA4F436WQ,B0C5BMZ1K9,4.0
AGVDSDJTAPD3VRDKZKEX5ICMTASA,B073T2YK2J,5.0
AG2Y6CDZNCG2ZJIUIGDIJYADCJ6Q,B0951C4RGR,2.0
AF3NJDOTMG7BRKDLV6UM7GHFC7XQ,B019OO4IY6,5.0
AFCLOTB3P3EXMIQAKAZIP3KGAYQQ,B074WXM13T,2.0
AGVTKJAYTPW447JEYNPPTT5TDDGQ,B01D53JG5I,5.0
AGKVQWUZ2RQAOWHJHMQQBGIDYASA,B07MCRMLF3,4.0
AG7TXC563E642KFHS5YINKSCWE6A,B076K32CH1,4.0
AFCFGYHKKOCM7XVCRNBG72BQOPYQ,B0006UGEOK,5.0
AFUYIME2PIVVNZFSSDULBBIWZD7A,B0B6P55RBN,3.0
AF5JC6AAADC4WZZONMI3PK5AGJNQ,B0BHSG5C3G,5.0
AFR6WKFQBTKBG7HH7MOIHP7Y4IJQ,B08JMQR2JK,5.0
AHZOWNQENHOHDPK234WOZVMLS2SA,B0795PNCBG,5.0
AGGESXOSTBKQQ2MZKYON3UGB4Y4Q,B085C1XP92,2.0
AHENALE25EXP3M7QWZRXIYKTTFPQ,B09Y8KNXP9,5.0
AHRQCX6F7G5BXPNBEQ5MXPTRN25Q,B06XQ177ZN,5.0
AE6BYVUHZCRER7JBO5CFHJEOHAVQ,B0B69VXJ6G,4.0
AEXH3SBLTIIWZJ6LGBWKNXVDTRZA,B00B5LCADS,5.0
AGDWXEECHCW256RCMJKGTNJHQGIA,B000BYPJ1U,4.0
AF2CLARGDIRBOY2HMOPYSNCURNRQ,B07KPBVCKJ,1.0
AGEFZSKNCTSO4XQ5LU7MGYKQIEZA,B016XLLHCY,4.0
AFA4ZJGSTUWBV43E6FHQJV7ZWXDA,B098PJL986,5.0
AGFNMLVDG4FKJCSVW5MZDENDGZ4A,B0B1LK9SXB,5.0
AGBW7LZUPMPOBV4LJ7LO3TCTRVLA,B002QKRUJG,4.0
AFWHS5KMUDYBCMWKOLSLZZJR5HDQ,B07P67TV7T,4.0
AFHLBRCKVJX52YOOLP6G2MDRCGGA,B0075DO5K6,5.0
AFV7ODHDJYGFBCSQULUNPKZTC4EA,B091YFQGCJ,5.0
AENN2BGZN2YQ2OVGQTNXHLQ5W3JA,B00834KJ60,5.0
AE5XAHW2JPDP32P2BFJ7R3IFND6Q,B015HG7F3Q,4.0
AFTSNLQBX4R6BYTB337XHJIYS4SQ,B017VXNOK6,5.0
AGMRYSCYS4DGUW4QAISHDJSCHUUQ,B0BCK6L7S5,4.0
AE6TYSATATHUCWNO5ALASJCCV4UA,B07CQS5BMH,5.0
AHYDSH65ZAO5BMP5AFT4KYN7PAXQ,B00W7ZL4TM,5.0
AFQRD5USTZ62QENXGL2YDRIMPGGA,B0BR2PXCBW,5.0
AE4LWHIBYCREDXSNG3EOF3RLKKYA,B09R2TMLJR,5.0
AHAV4CADMBDGGHBQMBNTQX6YVXAA,B08NWG3F9L,5.0
AGA5ZXP7UELYMEEFPCM7Z3SVO5JQ,B0016H8S1O,5.0
AEXAQLGHLXRVILTEJQ66WITDGABQ,B07HHKV19H,5.0
AGHQFRCGHCGJIARSMRFJ3G4E5EXA,B014PEZVKU,5.0
AG5C4IBXOOHVYIGS4RUQSR5FLKNA,B0C6H9T5T6,5.0
AGVTKJAYTPW447JEYNPPTT5TDDGQ,B003WZ6VVM,5.0
AF3FBHCAUSTHXGTODQONDLTDVQ3A,B0C67HCGBR,5.0
AFNUD5CAN5NBVLUC6377NGRF2XEA,B07KR28VKS,3.0
AFID64NVSRMGS4FNVX6SQI23O4TA,B0919HG8S7,5.0
AFS5IBOOEKUZKI4MPWN25FGW76UA,B097FMTZCP,5.0
AFBSSUJ7JS74UIR22W44TDNK26WA,B08Z6TDJZ9,4.0
AGXQAH4PJCCLZAUWEE2J7NYRBKCA,B07Q6J4S89,5.0
AFU4WXFS3Y3OZ52E23YPAA2DIJRQ,B078KTV8L4,5.0
AG2DSSYTEPCQ5MBLH4L265J2LI6Q,B0C5BMZ1K9,3.0
AFDZ7Q3JWBSK3MEBNMHFMWINWDQA,B0B89ZSYS7,5.0
AEU5LBIAENNFA2SQXVQLFAT7PQ3A,B07VPLFNYM,5.0
AGZ3QMLZOWSZJPXAPSTGORHBPVQA,B00C5B26HC,3.0
AGTN6F4L6USRCJM6ZDIGVSRQMSWA,B0928HW2P4,5.0
AHXFHAG5TRFROX6VPMJJBB3JJAYQ,B0BSGM6CQ9,5.0
AGP4JFXNUWNXGL55F25YPQ5ZGIDQ,B07BC4KMQK,5.0
AFCGMIXOBNAESB7TJIGGRYWAYOGQ,B0BQ4XYZLK,5.0
AGEQUBTRADUL3RIFSR5NMHWAQJ4Q,B078KX8YJD,5.0
AHPYQMRLEUCO5N3PMHQJGOX6SUJQ,B0BK6MQDZ8,5.0
AFUGYX2OIIUMI5C5DMYZHUYO2XVQ,B0BZ1XQX97,5.0
AG477CZTN5DXXKI4PJQL33KQYQMQ,B07DFTWXL7,5.0
AGNRFLXG5P256TIYC7HM6I5IT2AA,B07NF16YKJ,5.0
AHDUKIDSK6ASLBFBUWVEQLJNKELA,B0BCXTPJR2,5.0
AHWPQARHTFJKRYID7IF7RUU5FXWQ,B0BHG58G2F,3.0
AEWHXZIO532D7GB3XK73JQO7V6XA,B018FCZKR2,5.0
AFFZTKH7UI4G5YTVEYBA232FY45A,B0BBPLFSCG,3.0
AG2FQVCSAPNCKC6M7GKCEQO4HFKA,B07SZLB9GM,5.0
AGYLR4VOLE334EGG5MER7CQKBCDA,B087TBKK97,5.0
AGKY277N64L5VISSLKOFR2EH3ZOQ,B06W2NS7RW,5.0
AHNG3NRGEDYO7E44QMYDHMBADPBA,B002C741B8,2.0
AG6BIRUHFL3WJNN2ZEBGGVPMSRTQ,B0BMDK2JC3,5.0
AE7ZTBUNKGJ347SZHE3B7QAJTNGA,B015XLDQD8,3.0
AF3V3ZFYEYBEL4QWWSWJ4H75A77A,B00LTL0KLI,4.0
AH4YXFX7BU7VENLTLNKSYDVHQBIQ,B005H2007E,5.0
AGHUVPFNJ7FWT6T2CUGY3A75N6WA,B07L5B64RG,5.0
AEJYOYLHAPY3LCYQOKUS65LGOVRA,B07GFH8NTB,5.0
AFUDTHASFDLLVHJ7T3S7W3FMGNZA,B086QMZG22,5.0
AGSCKCPNKACD2BT5BE7IKCA6CPRA,B08YK9HWTF,4.0
AG4OWQNR7J4O6QGYIZV53XJAUF5Q,B0002D01IG,5.0
AGKOFLHULW2C32544ABJNOTXJE4A,B07MZVPJ4Q,5.0
AFUNJGQJTP3AICSDN3DK6L3NHMXQ,B003FXM6II,5.0
AG57ZCKN4CZOESBMSWZPL2CR77JQ,B08JMQR2JK,5.0
AGPOPRW2DUAEQX5GH5EBAPN57G7Q,B0BYXQHW7Y,5.0
AEYVPPWR4CIKWX4BGYKCBCDL2CZQ,B01G26TRW2,4.0
AGC4DOJ7GIHCSOYUKXDDCTLDBAGA,B00V7YMOLG,5.0
AFJVICWQHTNH22HZHRQTPLDRMXXA,B07Q422FS6,5.0
AER62GONA24AVDCPUN7XUAXTFKTA,B07FTVKZB3,5.0
AF6HUMKJCWWTK4HJTVFA6HSZ7N3Q,B00MRNXJ06,5.0
AF5YR4OHQK33YIBQ4XRKW4RBTX5Q,B07DFSF3S5,5.0
AGTVZ7ZSDMTEDLMJGZRC7RFJNDWQ,B015HG7F3Q,5.0
AHY2FKC33WL5D5RQ3QRIWPWGKY5A,B00IWU4BF0,3.0
AH2J57YBS2WIYAEGFZGJZ7XYB7GA,B01AZ0WPPC,5.0
AFA3VOK27DFN7UYIFO5CQSCIOCIA,B086PG669X,5.0
AEDK5T3VBOFLHQ5KJCGL5YCKI4PA,B0009G009G,5.0
AG4AJVSS6426E7F5XTBXOSXPSAOA,B09TGD5X27,4.0
AGPJA5QSBWOYXOCJQTXF54TRGKFQ,B078KTV8L4,5.0
AHWQJGQJBJTGKBNCLRNJH65SNMCQ,B098KXQJVY,5.0
AGOTWNV25MJTCWQJAKIK5EL24VNQ,B08VJ9VGPL,3.0
AHBV7TH4Z3WRRKXUIDAOPVUBIR4Q,B0B8F6LD9F,5.0
AG3NKKQ7ZFWTDAHDWKI4JSFRH4FA,B09R6GDRV4,5.0
AHERXW7PHUZB2VN6B5XNSRAI4Y6Q,B004ZKY10Q,3.0
AHEMAURZYRCARVTVF6CQYTYE4I4Q,B001CWWNPK,3.0
AFOVPAGIXZG3TRBLV44SK63ETBUQ,B093YGKPTS,5.0
AHYDVO5UKW3QHLF6UFSCEOGECGLQ,B01DN7OAWU,5.0
AHGNK7XIP6W4SOL4B3MYH6Q6YESQ,B01N01NYGY,5.0
AGWW735D5YTMQYBMUDXC4KOZAXDQ,B0C4YHLT1M,4.0
AHK5FUZ6I2OXLSIJX4FZ44DF4FQQ,B00VNSOK2C,5.0
AETOD3RGKB4NR7F6ZX7Y4YQTJDDQ,B0098X01ZO,4.0
AE3Y65VROR3YICKMO6OJJ2LLN7RQ,B000TAHFCC,5.0
AEYPLXPGNUKJMHAPC3GONAXBIOSQ,B07GBQ4LGV,5.0
AEQAU7SKDC6BAFLH4NY5HGP2THCA,B00HTWQYSO,4.0
AG4EWD2WI4DTYGYZAMOJQ4DPSXGA,B002H3EZMC,5.0
AHS4LB7DEDJWMCKIVTUMSBZUC34A,B01DN7OLJC,4.0
AEVR5BUTA4MKV27LQINCRCM4WFAQ,B073VRMPDY,5.0
AEWKZY6NU4TOYG4QOJ2UUIXYUIPQ,B08FYSGZD1,1.0
AFWBENHWG6A6QJCJISR4IU7PO3UA,B0099DMFK2,5.0
AGMIECBRRAHS3YUEBQNL7M766ZVQ,B08VWZHQV1,5.0
AFX6X5HDCAOHHZJRKU7ZRIWACF2A,B071YMYXHS,4.0
AFLPLZYHGAASHAYJSEJPYUBJVLPQ,B09MJWYTQW,5.0
AF3JMCAJ6IICLZJRLDYWCPSSEN2A,B002L2E1TQ,5.0
AE4ZTY6QRIF3UULZDVAU7V7UJWYA,B00RVE9X06,4.0
AHZW5LNAKDKCM5ANQFNAZLT3JBSQ,B0CCK4YYNM,5.0
AEENWSVHLUOJFDM4HB2QEELDVEMQ,B0BSR996X8,5.0
AFBUMGG7XY5MQLB7HIXJQR5X34FQ,B07MJVGJSV,4.0
AEXY3DSSYKBHCGAMNYQRGD3GR4QA,B00B5LEAFE,2.0
AFO6SYZM7IXUOBJNBV6OEURF3DRQ,B00BFN58WQ,5.0
AG7SATUH2NYBLNGI45MURZJMCZKA,B01MTNCTCT,3.0
AGOHUZDWB7HUI6NQOLEY56QG6F7A,B0BKZ2S4PC,5.0
AEXLRZ34GTMM35NQRDZ4CDKKXLIA,B0BT8GVK6M,5.0
AFOWG7WVVQDQFY6MHOFL7MFPAG6A,B000UMFQHA,5.0
AH37ZV6A5UJW6A4PA62VDYOQSMKA,B073VRV6MS,2.0
AHVHBTIWRGYVFBVNVV7SSK2W2RYA,B09MQZ8VWH,5.0
AGSM75HHGVYI263VKMFQMK6GJQ7A,B0862G4SJ9,5.0
AEQIXOBGYVS2DIAO5XFBPPKNMA6A,B003AZ6KG0,5.0
AE5VICOXJ6XHMLISRION3NBJ54OA,B00INNJZPC,5.0
AGUNYCUTE2I2FQOSTZ6XZILKD6DA,B0C67HCGBR,5.0
AHJSYOIN4W5IZ4SW5LSHCHEBMPNQ,B086QMZG22,4.0
AESYGW72QCT4EU27P5PPM4X57MCA,B07KTVV4BC,5.0
AEA4WNCWOCN5W4GTQE4UMBFC6SUQ,B0002F7J7A,5.0
AFOKWBIT7ESXMZ5OOVEPVEY6AYRA,B0C4DG9Z5G,4.0
AE6PGN2WW447FQCQ7CQFTCO4L36A,B013VNHWAI,2.0
AHCOV6ID7GFK6ABVU35ZNEJAXT6A,B0C1ZYC5CK,5.0
AHZHSRRNEBAWENEVOD7Y5GJJAF5Q,B0BJZZFSN9,3.0
AHI62NY2P2F7W6MNBBMELHNWGWZQ,B081PQR33C,3.0
AEV32P7R5QEYRDR4DXX7F7V4LOUA,B07JGCQYN8,5.0
AGXOVGCVMYWP2GS6F52ZTGFX6OUQ,B097ZNTLHH,2.0
AF4EY2RL5MCVIFTSNCGQ3SNR5RBQ,B08JQNQKLL,1.0
AGF2ARUNAO6IKVQHQRZFYC4TU5IA,B09TBDG73V,5.0
AGMQUIDKC252ZDT5P7G3INBI2WTA,B00WM21DY6,5.0
AFB6NAYAW425HDMUUAKDUPILM5XA,B07BSZNKTM,5.0
AGN736WLG52SCARZJLYQGEM76DNA,B08DLK3GC9,5.0
AGXFELKL5OS2JLPR76CBZ467NA7Q,B08BHY6WWG,5.0
AFGDRNIMPVGMEICSWUU2AMBMPDOA,B07KJ1MVZH,5.0
AEMOYADP2JOCWPFFSQD5XOHPNCCQ,B014QKWCAK,5.0
AF4AO67EAISRN4VKPQWPD5LDM3AQ,B07JNKY9T8,5.0
AFC24IBMCOC5G33XDBQTGBU4ULEQ,B08DM9NFLH,4.0
AGBXY7ARX32OBIY5AAMAXYJSVXKA,B00T5PNT9A,5.0
AFZ252AZNJJ5SYCMZ7TQBZQSQPJA,B0B31RCL2G,5.0
AFUD46FQ5QP2KHEPMCNSWXMDZ5MA,B01D2GAKV2,3.0
AE53VDKFQ67YHCSPLIMTCFK2TBCA,B015XE0B7O,5.0
AGCKTXUY43QOGKGNIEHIXXZ5W4NA,B00EB11RLK,4.0
AHG2U7IGFWJNPHSU7HOTKCFLZKKA,B0002Z2C9A,5.0
AEOF2U5P3PEPOLGFUQBHOA64YJYA,B06XPJHYDH,2.0
AEZ6Z6F5RK6Y24QQVWADUZIOHKKQ,B0C2VGQYQ8,5.0
AHSXFPGEWTP6QM4CNETICMBUHODQ,B07B8WL33G,5.0
AFDIMXJ6FY6GX4G3UTLPXKVLVLVA,B00Y0CG9YA,1.0
AE6IF4LHZZFMPOUIQ2I4AMC6ZVPA,B09NDBVJXM,5.0
AFQ54FLISLOLXO2GO4EQA5DS7GBA,B00CIO6BEA,5.0
AFY62KFQD545JH4FWULTZ3CODYOA,B094JMK37C,5.0
AH3UBUKNUPJRPZ4MFG4JFE2BD2RA,B00CPLODUU,4.0
AFTPQXSU4KURGKWJGAKYLNJONTKQ,B00E3X5USC,5.0
AGID6DHXZOL34MVLPDSCO42D6GZA,B0BKZ59BQZ,5.0
AHCOQ6TOX2KVPHX2GMG5YCID57MQ,B00FPWRGAA,5.0
AGTJZXTCU2XYA2J3TDY6RIIO6TDQ,B00979RZ9O,5.0
AF2B7VXJHVVGGI2GPZVTRPWAI5NQ,B0BKZ51ZNF,5.0
AHQTWQXTBAXE2QSFOMEOGK4HH2MQ,B00GS82H86,4.0
AHOFAAC4SWSQKW6TO75RFASN7EXQ,B07CQPJSFM,5.0
AHGTX7G2RIY2EZJB23AM6H34HN4A,B07D9PJW32,5.0
AGRZYQTRG3YQCD2EISGFNSLHPOGA,B0BSCFTV2G,5.0
AHUYGNA2GEDE4I4CGQITS5RUZP5Q,B006QUGBVK,4.0
AF63XHUFXPDT7TIMND6IIJTDGZ2Q,B000NGVQKO,5.0
AH4NJIK7QV2YNYAUJAD7WCJW6BAQ,B079Y9L1G1,5.0
AFXRISBWQYPDQKEYLZ7VMKSDPDIQ,B01HCGWS2W,5.0
AH6HGW2QR5QVW56LUGSBXOLH3CTA,B00N5TGXOA,3.0
AGMOQRGZCULKJQE5GROUVEVGPEYQ,B00H4PEMM6,5.0
AEQKLE6U7TJCGBHR6ZJGSYBK53BA,B0B8M5FJB6,5.0
AHNGYELWDWTVPRTSMZ5HWCWDAUCQ,B0BSGM6CQ9,5.0
AHAYDMZW66Q5WZFEOC4AUJJ226SQ,B0183ITSB2,5.0
AHSNK6SYID66WDEXMNGDMK6JBT7A,B08T2N25MR,4.0
AGMCCXZIVMPJ5UZW2JKGMTHQXWXA,B091MZPYBQ,3.0
AGBQLDJQ42HII7EPMRVHHP2ESXCA,B07VMXTRQ7,5.0
AGRVMUVXUON36MP2UVCNPY6YULKA,B0002F5288,5.0
AGP6DVMFOPJAIJ2AU473OUN53ZGQ,B01H4Y186O,1.0
AHRYCNDY5S3V7LL3QVXYAT77CN6Q,B000LGA2K6,5.0
AFOH3RVBARU2R43PIPZIUD6PQQMQ,B0928FM4T3,5.0
AF4USQ6DYTGYTJPHHRKKL75RAFQA,B0BCK6L7S5,3.0
AHGRJF4ENU3XVPXWOJGC7WOVX25Q,B07GRG5SMB,3.0
AGVVXVJW6ISULJ6YM5MMFPDCJ2XA,B00LMRNIUE,5.0
AFGBQJ4TCIXR7YL7DNUKAQ2RRK4Q,B00FUTXO8G,3.0
AHODETMZCUDFRNJQP4R2ZLEGSJVA,B003AYIKNW,5.0
AFSMS2MHAVKJDLOK3PHV3IU3YSSQ,B00CJ3AGU0,5.0
AGXCV25HDW4JXI5QQSJTIZUHPRHQ,B0BPLFP5P6,4.0
AEHDGDGGA3LRDSWZFJMT3WMH44YA,B07DWLYGKH,5.0
AEVP7UGAPHSSQMMMR7IXUUYLL6DQ,B0BJPLQDWD,5.0
AGXOFMADDY2O5MUGWYJLUIQ6XH7Q,B005Q1XR8U,5.0
AHUDHYMPKVYPTVUFMWLBMWJX67JA,B005U9GDD4,5.0
AEIZLW5DLZUBDSUGZYV45X3QDHEQ,B07DL1L3M7,5.0
AFK6Z4AW7CDH3IHSRAABCGTQYH6Q,B0939BV175,5.0
AGBAM5RZQRUUMKQ4UPUNCOU22PPA,B07BVDGFSR,5.0
AHAYMBP2MO4GCR6ASHR43YV6D6TQ,B00IMB0Z4A,5.0
AGNEADFUKVX2GAUSR7OZAGIAYL7A,B01DE4DPSC,5.0
AGHVRG2HSUORQ4A3OHQFWKMIEOAA,B0080HYFTM,5.0
AGYVOONXBF4R24OWT67AA2UGSYXQ,B091G1LP41,5.0
AGC2D4ERWZFFC6TBEN7WVEVAYPCQ,B0C4QX4CQJ,4.0
AH3LWB7J5AISEPHX56QBZGAF7RCA,B00IPH8MD2,4.0
AEBTCCMZCJOVYR5LHI2ESWKITQSA,B07P5GGK5X,5.0
AEJE4TOVBD5TOLVYRBJSFBJM7IZQ,B004XNK7AI,5.0
AH5RP72S7EOXYWPVIF5NJXGNICIA,B017VXNOK6,5.0
AGPB7VMJFDRG6D5MIEIK5DLXQBQQ,B06X9KG3HW,5.0
AHRMYVXZC7MK5EBIO2XL3Q2GGEGA,B000VTFQCM,4.0
AEXZDLJQFKVDZIYYP7V6IUXBX7UQ,B08LW3YL8N,5.0
AFCSMQUEKOY3DW7IWIYZ4CW5XZIA,B01N2OBKIB,5.0
AF4BJRSGMCKQY5DFGB6KV3P5OY7A,B0BX8VJYMD,1.0
AHW2D5AFKMWOIVCEXUZJSB43TAHQ,B072FDH5X7,4.0
AGCRGA4K3TZYMVULSRLYGJILNJ6Q,B01KDK4QSI,5.0
AFZNG4THTEUTZC4XDEJS3U5WPOHQ,B001L8NGJ2,5.0
AGICD2I7CV354HTIMIUWJEHP6VZA,B077LVNP89,4.0
AEX67ETQV7BEFGI7HZIMBUI3M27Q,B07H5HM6F6,5.0
AGYKBJXKGCM7FUQSK5JSIT35DOJA,B08BHY6WWG,5.0
AEA64TVHGKB3T5UHJGBBPAM5BBSQ,B002P45B62,5.0
AHEO3QE7OE27ZZ2TIJP2W7BCZE7A,B00UTELPGK,5.0
AHWXEOF3AV66R44YXMV6OL3GTLWQ,B0002D01JK,4.0
AHJUEBYCGXJEJ2LE6WUWHD3J47SA,B07WW5PKCP,5.0
AH55P2KUM6KXOW2KWG6CNFHRPW4A,B09RTZ26KV,5.0
AH7GRHCAJCVNL6ROQOLIJT6PK2XQ,B09YYB7MNN,5.0
AEQK6QPYSQNUNNZJ76ZMAPCJOHIQ,B0BSGM6CQ9,3.0
AGRRU2INDXQYIJ4DUSPNMX4YFJPA,B073RTT48C,5.0
AG2DWLNJ7PZ4CNF3HG5LQLUK34OA,B0B92LPGD2,1.0
AED2TSFSYFRTY4JJ7TSCMFJIVNCQ,B07H7WX6VH,5.0
AE6JEOKRGHXGAGA4FNO4YA6OZHNA,B0BTC9YJ2W,5.0
AE67TMIITWIE5JJ4B5AHMSVDCP3A,B097Q9W8MW,5.0
AFN65DDQQSOAHZOK7XDWIJPU5BPA,B006BST39E,3.0
AFKA6Y5FDB75J6BMYLJMBL56L5LQ,B09RN6MGZH,5.0
AG5S2VTNYS7B62JWNGBC57G3L3FQ,B07CWLS8D1,5.0
AHPG4YCQ74YJYZT2S7QWWIX3PDAQ,B011N57QG6,4.0
AHZER36Y6IL7USHGBCELVMN56VOQ,B08NVVLB16,5.0
AFZJHJPQL62CP4JHVSH7FRLHXVTQ,B00WE6INNY,4.0
AG3TSA7OBFJ3MRAEPIKD3RR3LQOA,B07M6T47WZ,5.0
AGLS7OCGP6FTLWOW6FG5LNSPQWRQ,B07FKKD86H,5.0
AFKAOSE742HF6XVNMKIFCZBJOEEQ,B076PN1263,5.0
AFLEPFSD4GD6B6C76US36CVYGT6A,B08T9CCXZB,5.0
AFMGBSMLPM3YL7LAM32CZPNXZ73A,B07MJCLK46,5.0
AHJOGKL3G262UFCW5UVYX7TOJ26Q,B00LOAAPKA,5.0
AG4UD2WKMI7VQ3WUQDK6RMYE4UBQ,B0B8NXV975,4.0
AGOS3OK5UXGNFIHI3E2A3IZBXBIA,B00I9FL3OA,5.0
AGKQIFYBIOZQGQ5EX7PD5SFVYCAA,B0BGQZNQ53,5.0
AFT34SUD4RUCCDGBHAK6SP3337QA,B00GXN20K6,5.0
AHLW3QNXDTKSLISEZBY4RCE5KSNQ,B08JMQR2JK,5.0
AEPNCU3WSQM2TKWGFVECRCF3JAJA,B001R76D42,4.0
AGVPHZ24R2K6YEKM5BWFLYIG4IQQ,B07TDNWYSB,4.0
AHM4URAETRB7ZICHMC4ZSA2WYRBQ,B0B9XPLGMD,5.0
AGY3QOY2LKZBJI7U4D3KWVGIMOYA,B01HJCS88W,5.0
AH7EXT73SLCGBJC4OYS3MXIDCKCQ,B07D9LVCNG,4.0
AHQSOZB3PBOOCHTDN3IRCKU3RUCQ,B0BLZ458F2,4.0
AFC67DVPXIBVL5VESTV4PG7PHZGQ,B0151KT2B6,4.0
AH46X4UHBAV2KZ3UV77D4VG66TPA,B016CP76E4,5.0
AFKECPJOUIDKRR3I4RWPGW3BHE4Q,B0919825Z2,5.0
AFGQF3JZAPHICVRV6GMORUUFKYLA,B00L6C8PN0,4.0
AE2CZNPITZCAYXISFKZ4GUI5VY7Q,B09G7GH2FH,5.0
AH7C6PK25WFNGZXDQD2XPQP2GAZA,B01LXTBO7B,5.0
AG6F7SPJH33LKPGZWM2CXHOSTVMA,B0BFKPWGQ6,2.0
AG6ATLCKETNYRKL6GCQV35CSSGPA,B000BYPJ1U,3.0
AG4MVQG34R5BYWDV6NBCPRAHEJHQ,B08DBDD6CM,5.0
AHZCZUD6GBJYNJVHADRVQJ5P4PZA,B00JKML35A,5.0
AEEAA65PKDSBS45WBX5IVQ6OFGCA,B017QAL24O,5.0
AGKNSAIF7C6Y4L4CXNBU4WY3L45Q,B074KSDLQS,5.0
AHR7HFWDNFQH54VYWKXSJZMMEQUQ,B0BLH2CBVK,5.0
AGZY4THIYHSTYU7CT6O5YXQB23JQ,B0B6P55RBN,4.0
AEQL3STSWQRT4OQNXKFKRA43MBMQ,B0939BV175,5.0
AHFYN5R2UHLO7ZONIAVVBNGC5ZGQ,B00CGFRJ2Y,5.0
AFDVTLUWYDVFN6YZ372K4B3HKSDA,B00OGMD0VE,3.0
AFXVOM24JL7OMMEJEY7HEA7DYH3A,B00HTWQYSO,3.0
AHZCCQFMMANDVOFLJ7FEWOYVFLMA,B0C3Q29DML,2.0
AGI3IDLFDCWG6B7HE6P7WWUP4PKA,B005OZE9SA,5.0
AEGAK36V5XS6MLBKBB5HGZPXSZXQ,B0BT2Q355P,1.0
AHJ2NJTRCWB3QQLDFPPMYCEYDFJQ,B09HL8TQTF,5.0
AHD4P7SEH26JBMUVXF76ZY4ZO7VA,B0002F4YQY,5.0
AG5IRZQ7IYJ7HYHLPPE7FBYITT7Q,B09857JRP2,5.0
AGZQWNDQHJWRE4K6X554W4Q2MUJA,B0BG95DG2H,1.0
AGXTKJIZOEBEHRFT3SOZOPHAPPTA,B0B92Q5QTC,4.0
AHQKCRAIW6KOCBXNQQ2HCMDHPPCQ,B00FFVKM2U,4.0
AGRLJDWT6YCZ4SDXSZT7TZEC3MKA,B0040ZBI52,5.0
AG7EI3UOXIQXEL5QDZPVKPSVR4UQ,B0B59DLBMD,5.0
AHRTNXIDVTZPPET3MBLAMWML6WLA,B0002E1UDK,5.0
AHQKFLQUU5UH37DGEKVOKYZ6KQCA,B00TZH5DJW,5.0
AEHLARSBBEIYNM2ABDU6LHGE4QTQ,B003LPTAYI,5.0
AEIRBLA7WN4R3DFFWOUBDY6UYWEA,B015JTEBN8,4.0
AESVETCZKXFJI5FQG7KUJQP5EHBA,B0002F78KS,4.0
AH74VAPB4EPE6DUCD5VNR7PQELQA,B007T8CUNG,5.0
AH75LYSHSNLVL3D4J4YPW3E2RE5A,B00O5EKZ9I,1.0
AEP4KJDGBH6XPJKFEHPYSAPUNDBQ,B09BS25NJM,5.0
AEZQ6B2ZLT6EQTG3LIN4OL2DTZ3Q,B0010KCP98,5.0
AHYAJGALLUEC74KNODG7TDLJLQJA,B0C1CX8K6F,5.0
AFZKJMDP6CGZJI2TGPCOG7PZDXSA,B0BT855NFQ,5.0
AFEGQEIXILE5NIYM3ALL22HPAVWQ,B0915DH3NK,5.0
AHT67F7YZT6C4DAZ4XC7ZXYCTAWQ,B0B8F6LD9F,5.0
AGMMFTC4LMPBUSCOSAPMQU4BQBJQ,B01DPCONFM,4.0
AGGA75GROPWR6Q5SURTTHTERSIEA,B07K34CPZG,5.0
AHLCWDLO3LZRSKKBRQ3RVIPYLHAQ,B07NSWD8BR,5.0
AFFN67NKO4FPXSPUZYCOTZWVRWLA,B07NDJZW9Y,5.0
AHIRNUANOYBBZ4T7SHSAB5TC6EHQ,B0002KYXTM,5.0
AEJWL2VCYD5DYYK5KTYHBTRTTUVA,B0BXT384GR,3.0
AGZ7LYWY74HB34CX5NJD75E5R53A,B000RXN6XI,4.0
AELCUQCNW5WBWISKDZWDRW6VIGEQ,B07H57VPKY,5.0
AG4KT7KJTW4KZZPNOGRB2W3G4OXA,B08R5GM6YB,4.0
AF6NUCZR3MMBLJJCDNZS6PKZTOYQ,B00USQY0CK,5.0
AEFCF5DK4RWLR73TB4LHFQERA54A,B01M5CXA0N,2.0
AETSRSBYCGAWGUZ3BNSPEUXIQYGQ,B074JHPL8V,5.0
AEJIZI4BC2U7DCHW4LJI2VK27JPA,B01448TORS,5.0
AHZER36Y6IL7USHGBCELVMN56VOQ,B018W6KYOU,4.0
AFQVSSK5ENT3MDNA5M2UN3AIEVTQ,B08F9K24WG,4.0
AG7BHSVE5THHDWV5PUW6HIVXJ2LQ,B01HFRDEI0,3.0
AHW2G5R3FA7BBXBDIIGS6HFWX7LQ,B09LSK67XF,5.0
AF2QKTYLPEWJZVZCVOFYQZA2R54Q,B0C67HCGBR,5.0
AEN6ANHOT5COUFKFIQUZMB4XGIEA,B0B28X36H2,4.0
AEX6JWB5W37EJHWJSKYXBAP5DLIQ,B06X9KG3HW,5.0
AFHNGZ6NP3JRH6GB362SGJSJ4WMQ,B082WVMFYB,4.0
AFCUT6TLZBDQLXJAKOVJ65LARDFA,B0799734T4,5.0
AHSEOIZUN3Y4WCGAVYNOJW2S4S6A,B00L1LL7DQ,5.0
AFGWUUOIVYEBY6N2EBLZGZZQEFWQ,B0BT9R8MMV,4.0
AEHVF4A43236DDIY4KEN7XGQTA5Q,B0CCJ1BW4R,5.0
AGUEYTWVTYBRIKKOMZTQXD7OQXXA,B00005ML71,5.0
AGANKYJ6D2VIOOGVEFFWZRBSHLLA,B00CE1ZQ4S,2.0
AF2ISMZOUHTYR6KLLBUL2VED3DUQ,B00BJTGILG,5.0
AGV3WQAKB47WL6YGX3IYAVEEFU4Q,B072MLFW5B,3.0
AG6IBE7FYXFZOF3OZJQDY5R3WMQQ,B07T7ZSJXH,5.0
AHYHM7HGUQRENC22A67XTNVE6FSQ,B00615M2CC,5.0
AH2QI5E2JQF357AYYEQJSJGTVJTA,B07SPHH7TD,4.0
AF2S3FZP47TU7EEO73C26FBGGEDA,B0BXT6TL22,5.0
AGHDSQTG33WNHMJXFWSAJN5WA34A,B071HN5TQ5,4.0
AFGSM2IFWCMZCPCORIQEO7SGXIRQ,B072B9LFT6,5.0
AGHETJ7PN7P2EEPPQZHFVHGV7TAA,B087MLNCXW,5.0
AHIUJLOAXRE3NKZ5QGJ3S4C2AQ2A,B073TXJNHX,4.0
AGZVL5H3CUFV6K563BQ3Y7B6PPZA,B01BU6B4Q6,5.0
AGKBMYYKA47EVKHM65BYZHTARYLQ,B075R94JY5,5.0
AFTM7UBMYY6WS36ZESQQQ3SHE2HQ,B00P0HHNJO,4.0
AFIRPPNO7RSBC6ZM6OILCILN5ZJA,B09367ZJMG,4.0
AGGYEV5ST5S72PYKJPK2ASXOUM5Q,B0BSGM6CQ9,5.0
AFIPUOQA55DSYMSWGGKNQ6FXVXTQ,B07C9YCY5J,5.0
AEHS4OB3G7UHTHUCP3YVQE5V6BPQ,B07R1VSKL8,4.0
AFZIAUNJ5DNQDY524BRRVMFM6LBA,B09WF82F1V,4.0
AHHQMVOQSY4WOIU5AWA5AEAQPJ6Q,B093KWXYVZ,5.0
AF33Z3Y6ETQZV5LJI5N4NXV52KAQ,B002G1UT5C,5.0
AFDEXVHAVDWBJUKD3GUY64H4YZWQ,B0C159Y982,5.0
AH7WMY3V55DTEND6PA4TH3BVGGLQ,B0C6HZHZJJ,5.0
AGGGQEY2TCTVPBBRU4E7VCW57BOA,B00WFW2CZW,4.0
AFVCGMPCE75MWLFYLYN7ASTQEZ6A,B0002ZO5Z4,5.0
AFD7NQEFB5SXRNZ6T4HTKUAXQ33Q,B00BIPL9JW,5.0
AECFGXLEX3SU6D4T6C55X2NWMJVQ,B0016BFBO2,2.0
AFNPMZT7VRZGEI4ZG5LDSYUGHWRQ,B0BKZ5F8BS,5.0
AESX54YDSH4U4NJKDY34QDVGEXZQ,B0BPLFP5P6,5.0
AG26VSS7RPKXVTAUH5XE3SEVZYCA,B00KXQIU5S,5.0
AFDSDZ4A6HKSIFVTISXLNY4KBTPQ,B0B58M32GZ,5.0
AFXBCEEH2IO5J72DZFDEGZXZGM7A,B0BHSG5C3G,5.0
AGIJKNB277PNPQ3NPETNXWN6YQ3Q,B07FTVKZB3,5.0
AH2KNTQFU4DWMQIMTDLFSMRQHRYA,B007MY5BDI,5.0
AG5IJZSS6AR5WICQDFBLP7JGHHDA,B07YM5ZHS9,4.0
AHWQWO3TDGHGSTCGTU77TE5AITKQ,B082WVKSNG,5.0
AH6JESOL3IE2HXVN75ODIOHNWJYA,B0B1N6LJPY,5.0
AGT4ZGSFFZBKHPY67NJKXVP3ADWA,B09QZJ57YW,5.0
AESURT3LG3G3CVUJDZMCXRJ2BGOQ,B0BPJ4Q6FJ,5.0
AESCPQD5RHHP65UTHAGCQDE7BUAQ,B08SJY4T7K,3.0
AE2BZY5FWI5KSBCEU4CRCDSX2XUQ,B089T4BHM5,5.0
AEOK4T53CV2V3HI4NFDOAOCRH3EQ,B07GJHX9W8,5.0
AFS24POYFUSC6BRTUFGSVF3ODRHA,B07YCMQBRT,5.0
AHNVZ5XVQJF6HHKVKUN44DXVI5BQ,B0B8V7C5N8,5.0
AHBIFGZDADPTOK7CCTSWXQYVY7IA,B00N5THDR6,5.0
AEPBPML6HZCNA2CN5QARQJCIIHSA,B0BT855NFQ,5.0
AHHZGNO2E4NAIBOKZ4CP4RMDHONA,B000DZXTFK,3.0
AHNY2MHCR3LYNLRKLZVLTUX553ZA,B07T3Z11QJ,5.0
AEOBNJFZNO3YZC76JOBDBXUAFVYA,B08R7V5S3X,5.0
AFPQPFMGLESPNSFDMVCZPWCGDAFA,B0BCXL2V52,5.0
AEQIN4M4HIAJV4LSFTGGTQ2KU6ZA,B0116TFMM4,4.0
AFFKWNAIQAYIWWRAMBH45SCGAJEA,B07Q38FWFJ,5.0
AEHVF4A43236DDIY4KEN7XGQTA5Q,B0188WO6OC,5.0
AHQPPPWBZCUEIKOIGEGXMBNDWQTA,B004Z8VQ2O,5.0
AEL275DNGFTFLIFSPTKDR6VJECUQ,B01BJNIFLC,4.0
AGCVCVBQ5PECVBEARVIAQKDWKV3A,B0085545YO,5.0
AFOOI5ACUEN6EQJGID72GT2LDZAA,B01M5F92GD,2.0
AH6G3YNWPVCXX3C76IM5B2QPFUJA,B0B2QG44CZ,4.0
AH74VAPB4EPE6DUCD5VNR7PQELQA,B0002Z2D08,1.0
AHKPGMWJYPVJUZ3WKPO7WPRQOQFA,B07D533BY8,5.0
AGEJRGFQAE756CZAUY4OQLHQ534Q,B096BHMVN1,4.0
AFUAQQ6VNKIE775XCZXO6JWY4FRQ,B00VSYN25M,5.0
AG64SW2Z4TEZG4IWEGEUFEEZBTRQ,B0BR2WFYL6,5.0
AF5UYSBQUE7CZYB4XX4P62KIX5NQ,B0BMYZRY86,5.0
AH34OJILGDQ2AKX6WUTYD3W7ZAAQ,B077P9K2DV,5.0
AGTGKLYFHGWKNOMOMJSCTLCPPRPQ,B0C54RRCKG,5.0
AFJ6BNKTPZQXGEOAIOMMCSESJS2A,B0772STLBS,5.0
AFQEN3LGLPJJQPNATJMFW4ROBALQ,B017808XKS,5.0
AFUERYPQDEJGMFQ24OMVIKOAOWFQ,B01667IMKU,5.0
AE4LX3GCVHJIMCM4DIJZCWO7RCKQ,B078YMMBWC,3.0
AE23ZFVUOMPKR57BVSWXV34QLMVA,B000MVYOZY,3.0
AFIBH7WXO4EP7S7MPBNUSRTIGO3Q,B0BK6S8QDW,3.0
AFZSMLMBFEZVO3R444YHFYZANESA,B087W4WLKD,5.0
AFQUMYRPKJJT5VFV3SXZX576Q4OQ,B00KMA0R38,5.0
AFGNBP4CGZGNXB33LHNUQ7SJZQ5Q,B0925WNSYJ,5.0
AFES2HZGVZLGZO2LNH2YRMIW3EYQ,B074KG3QWG,2.0
AGE6VFVSIBY5MZIHSY3M65IN2LPA,B099NFZP4S,4.0
AEIP4QW665JJOGQUKPV2LPTCRNTA,B00EQ25MTW,4.0
AF62V5OQ5N6AXFIPEC5OW3BITFCQ,B08CMNXMZ1,5.0
AEHMXMFC27SNQOSETCOQUVKFBCRQ,B0BT855NFQ,5.0
AG3HAPNQSMKOI362OW3D6I5XBUVA,B08DM9NFLH,5.0
AEYM4JF7CX4PXVZX6HBA5ELI544A,B0002E38BM,4.0
AGKFZT2MT5YRDKDTKWYKEAEGLUZQ,B00HTWQWFO,4.0
AEGDJDPBNZIWPY5VWOWMPW7ZJ6CQ,B07BZWB2Q6,3.0
AEIBZ72IEC2U3QK2COAAGN3IOJNA,B00WJ3HL5I,5.0
AG6UNPDBZCRVEBYEWGBIKOX7FV5A,B07KG1KPT3,5.0
AH7VVPGAXBTVXWJOKQS4FFLNLFWQ,B0B95V41NR,5.0
AFT5P5TGXEBFHQDQPSU7COEQGTPQ,B01E0TCCIO,5.0
AGH24MMACIIQCF5BY3Z2IPMQ6KSQ,B09QDL744G,2.0
AELW2KBTX6VJ6RO2OSAKBEBXZNLA,B00CIO6BEA,5.0
AEBCA4T6SNCNUEDXBKCX7ZFJQL4A,B0817CVBLV,5.0
AH3A75BKNRKPBNJZZ6IK3CEGBR5Q,B081BKLQJ7,5.0
AEOUOKA2NPLBOSG73KGJTVQIOK6Q,B0BB3LY92H,4.0
AENNORCDOTT2KFT5WUIK7PJ2EXOA,B01AIF4CL4,5.0
AEXDJIXUAUGIQ2AE3PYDJI3G6VOQ,B06XGZ5Y5P,5.0
AGODDVRWGAQPWOIVFD4V76XIST3A,B07D5W5X3Z,5.0
AHUZL5QVP2SC6GOXSKGNAYUZQZ6A,B0B95V41NR,4.0
AF2BVC7G4GIJGTXCKNZBTXVYEFEQ,B00Y9AD4HS,5.0
AGQRL6XMEEY66MRXGBM6JSYF7AKA,B01FX69CHW,2.0
AEN6ANHOT5COUFKFIQUZMB4XGIEA,B07CQSZQZL,4.0
AFA5S5G5YODYDDKYA4I3GYFU27XA,B0C3LGQ9S5,5.0
AG4PK6HY6J3ZFZODPIT6ZB3VV4IQ,B0BJPNRP4V,5.0
AHGYSJ5C6F7YUTGNX6EMVI5QLYUA,B0B8P1YW7L,4.0
AHDZKPPKUT7HD47LXCBN7RQNN6KQ,B08448RJNW,5.0
AG5F4B4NU6DRMAKP743BDE5S3T5Q,B00VEMPWVU,5.0
AFWBENHWG6A6QJCJISR4IU7PO3UA,B0BX8VV8Z2,3.0
AEKGQMZDSCDWHSP4KYEJHRNSTX6Q,B0C5BMZ1K9,5.0
AGRYONT5LYN4O3T555UX5TRUOBYA,B0BKZ7328F,4.0
AET3WWTDHC32X57Y3WR7C34L5MZQ,B078X3SSY7,4.0
AFXNEMBTXLBPE722NF3QI2OX6QFQ,B01KDK4UTI,5.0
AFIPUOQA55DSYMSWGGKNQ6FXVXTQ,B075SVQVVW,3.0
AFLYNE7DKJGOYOCNWPQ46WNP5KJA,B00IMB0Z4A,5.0
AF4CELFQ3HMHZYWCKMITB6KSJFEQ,B00H8AOKO2,5.0
AFSMS4HPP75DQULTPV4E6CLL454Q,B0BSCF2FD7,5.0
AG4ZLTRHVAZRU33BPY5Y643IZXPQ,B0C3H7SNPQ,5.0
AE47C7UCH25CZOSDB3ER3YYW6ZJA,B00178LDW8,5.0
AGJE4HMAW5VELBJO2TVTVOH4OYTA,B099QSKMBP,2.0
AH7FBTPM4NURZRFIATVTWHJHRG3Q,B01BZTH3ZY,5.0
AHPWJQOL2OR454QAR6AHWS4HWNPQ,B08CNGNB7S,5.0
AGMF7KUX766SMMOL5OBOMUR3LHYA,B005H2007E,5.0
AEPAL3UKP57YJTELML3OBPLR7TVQ,B016MJ80PO,4.0
AGSM5OIJ35QCDVX6F36S4DBHKZCQ,B003MB7156,4.0
AEZZ2LUOLUH2FIIIV5SHAWRC7PKA,B004XNK7AI,5.0
AF52YYNCWCZXLKCCCC4JT6MWB6QA,B0BPJ4Q6FJ,5.0
AG7E5VMNQ67U4UMWHF2FOZNA4NTA,B0B8P1YW7L,5.0
AEWMZ6RHOOOX7FSGKLOJKQQ5EZOA,B087X1CF8G,5.0
AEKCJMQBLT3GBJA6JG2MY34B3T2Q,B00065Q1BQ,5.0
AE5JTZUAR74DEHJ5SQB7RS3SWQJQ,1423414357,5.0
AF4O6CFDOAPNEW63OPOZLJGZ5C2Q,B0C4CJND96,4.0
AEUKSU7GTIU6WHZHLKVDDXF3FMFA,B004UIFXRI,3.0
AGW556U5PWHKSJY44HOFU6J6Y2AA,B0BT855NFQ,5.0
AE7KLONBB6QE74EMTW7WWWFABNIA,B07CYRYQ8G,5.0
AF33HEDLD3R7575PIVJCBZVQ2SQQ,B09P3ZVLV8,4.0
AH5SU22TDKPZPA7V7VHL66CPV4ZQ,B0B7ZQPJ1X,5.0
AFGI5XVA5EBVOE2EOS42KHQSULXA,B005OZE9SA,4.0
AFASXE3IVLE6SLEIUL6MZLWZPSHA,B0BGQZNQ53,5.0
AHS3ISPBYRBX7O2VLTERGFW2MXHQ,B01M5CXA0N,1.0
AEQH3EXLP4OQR4XMXVDVITSKESQQ,B01J317H5M,5.0
AG5QJWMXSGR6QK7CTCJKXRD7OSOQ,B07MJVGJSV,5.0
AFLPT4RYDWXLQ24OZU7RQETE4CKA,B08F9K24WG,3.0
AFDI3YPNNR6IN2BJIJS7RCC64V2Q,B00N4ZIWN0,5.0
AFG5CUW2ZXJHKIGDKYSPUSRCUS2A,B005SNMAWK,5.0
AGUOHU3QINJE3M3WER7FBW3GNALA,B0BHG58G2F,4.0
AHEQMSP3LBFELE4QDJ4LXAD3LYAA,B07YB77XXD,5.0
AHV2XUY4DXHZD7RKGPWFEU74NBNQ,B00WB2401K,5.0
AEFWP7QQF5X4YDRF3U4LAXUO6PFA,B0BLLKKFR8,5.0
AHKVXBCLPRHVT6XJVQBU75JHG4XA,B0B8YVK5YC,5.0
AHICAEXRGOBNEKCK2KQYUI44SMVQ,B07MJVGJSV,5.0
AFHDHQ4RL34M4KLPBSN5FRJK4CDA,B0B8M2Q1DS,5.0
AEQENVDD5SGG3O6H6LFQVQY4PL5A,B08TVWY2WY,5.0
AER2KIKOGMGPCUESQTEQJGSVM2GQ,B07YJZGP5X,5.0
AG56GLTP5QGI3KRCHCFC7RGWQ4QA,B09DGSCGW8,4.0
AF63VW7YLF42A6STVGBLACD7RUWA,B08BN4G8GG,4.0
AERGPILRKONAH3OE4YYQOKRCSNMQ,B01AATMW38,5.0
AF3FBHCAUSTHXGTODQONDLTDVQ3A,B00L1E6NR8,5.0
AGHECGJA3S5TVQGZHJZREKKIHPIQ,B00VEMQQB0,5.0
AHD6HKJ4CNXV33UEHRJ4VY2ABMTA,B0BKZ61YJJ,5.0
AE4FN47IOPN63ZFGGYNMY7RLMODA,B005EU6KYG,5.0
AEMG6EP7KEMQNNP5C2ETNZ2A5DNA,B07NSND3FJ,5.0
AHAHOZT5TWLEYPYLP3UP2SMEKHYA,B00JER27MO,2.0
AGL3JNBPKKW22ET2KU6GFSE7Q22Q,B09BR11LYJ,5.0
AEGVLJIQBZBO6BWEALPMJPPQEZCA,B01E4MELN6,5.0
AHWBYKM4ZH2W3KCZFJSRU5ZAJE5A,B00D35CNL8,5.0
AGHQ2K3TT2J2TYTGJENKB736QD3A,B0BXT1HP18,5.0
AFHDXRVY6XZO6QVPIOOQRODJK54A,B003LPTAYI,4.0
AEDW7SQR47MF36I4WNHKGDBO6SXA,B0002H0KG0,5.0
AG4UIV3BKJP4SYWONJ3RMWCPBHXQ,B0C53Z9TDF,5.0
AGLTZKRU7DBJUW2ETIYDCZTX35PQ,B0BT9R8MMV,5.0
AFX66HHUFOEYU34TWTIJ5G6UMUBQ,B07F5PX9Y3,5.0
AHRJJ4TYII5MHJUTLCCOGMB466JA,B0C3J448FC,5.0
AGOE4EACWAS5GX6JQJA64IL2GOJQ,B09RSG3D9Y,5.0
AGRENY3LF3ZMX7Q4LLIFLWACQDNA,B0BJPLQDWD,5.0
AGLP2XILQOGYKU4SS24HUGYUUCOA,B00378GEAM,5.0
AFILAHKCMDQESN2SURI7F3IJB2LQ,B06XB3FQKB,5.0
AHFROC2LGESBRQYKHELKW4SHNSKA,B089ND6BCY,5.0
AGVK34A2WS5EDKNW35GTRHSOA2XA,B0002GWNMU,5.0
AFXWB2FZMZATXH727LV4BH7TQ6GQ,B014L9CCHO,5.0
AHIPKIT25JKKXMUL332SVAWYAKBA,B0B92LPGD2,5.0
AHECTAKZROG5ZLM3CABAAIBRS3NQ,B0BCK6L7S5,5.0
AHMY4433RXWWWIPLL52FFK3KA2BA,B07BHTDYGR,5.0
AHO5IPKZNXFFG2LYSCTINORZG7EQ,B00RMCTTLA,4.0
AFIYLTZOVWCPKU4HWLRBJ55QYQGA,B015IJIO5U,5.0
AHQ57ITZAVCHJFVBDTPJC6GFZIGA,B07QH1B746,1.0
AGOALS5CC76GFFR2NIIYNIHHIABQ,B07FYL7LW1,4.0
AEH6HVH3KDBXPOCUBS3FU3EPDJNA,B0C6J1X7TD,5.0
AHB7NX5MFSJ6W2NWR5UNUFEF7RNA,B00OGMD0VE,3.0
AEPX34YWVIUCVH4NTQRTPWILHC6Q,B09NWCD36N,5.0
AE3WKLUJVFL6MZVG4N6K3JDYRG5Q,B002GYWBKU,5.0
AFPNXG7VP6RXRJ7JGETPK5RDB2OA,B00WJ3HL5I,5.0
AGT2TLMLIWZOIPRZ4ZANFYICIKDA,B09PBL98Q4,5.0
AH5D3TL2SIYIOBOHO6PK6HKB7IYA,B0C6J13QDT,5.0
AFD3SUBU6QV4WG3FUYMQNRHKHADQ,B00T631UTC,1.0
AEXUKBVS6GXAUCTDCHL6AX3A6DOA,B0BKR2ZM9X,5.0
AF3WPB2U3INP4QLJ7LMFA2ZUBAIQ,B08Z5ZQB7F,5.0
AFYHJWIGHP4L6MNJXMWFDRM2PNJQ,B000CZ0RME,5.0
AECSHKQ3FAAINVZZL4REOOWYIJGA,B072575CX4,5.0
AH5QEH7VIRRWOQ7DHQ74CJ4FLRNQ,B09FSRVQ61,5.0
AERXMC47CCEV4V4ZFSZMQEEVBQDQ,B005QKNUOW,5.0
AH23J2XIYQYV4UR2G7LK3JG6TGCA,B01JRKPCG0,5.0
AFP3NWSV6FAVUJOBMED5Q2CA5VTA,B00IFOTSJW,5.0
AFZHRGPFPMKKAPUZ7UN6ETIKTP2A,B00P00C1UW,5.0
AHTRZPYHDLUDSPYWMFELSSY2F2KQ,B08VJC3GCM,5.0
AHPQ7WC7LTS4M3NMXHMGMCXHFBJQ,B0BJHZR65R,5.0
AH3KEIO5FWO67MSZBUDQJFDD2O5A,B07C9YCY5J,5.0
AGBBU5ZI6SNTPSVKYHUVUAPRXEHQ,B09G9DVTD3,4.0
AHK2JKHQ22EXZBQWCF6SAV3XYAYA,B08SJY4T7K,4.0
AE6BYVUHZCRER7JBO5CFHJEOHAVQ,B005OZE9SA,4.0
AGL755XXU2BKX6BRIRD54MUZTRKQ,B0BPKH4HB2,5.0
AENQIPCGFGPVCMZYAJK7LIBIZNQQ,B00P6KJ4P6,5.0
AFGD2TUWHNIVK3UQJB2SK25U7ZBA,B00OYUSHJS,5.0
AGFB74WQOHVJP4PGF5QOXM5CXYQA,B004VSQ5Q0,4.0
AG6IBE7FYXFZOF3OZJQDY5R3WMQQ,1423414357,5.0
AFFPCRIHLQNCUF3UHZKFIO7TWK2A,B00IJQLZVK,5.0
AEATATWIJVRKLZHL4XQBAZTTVWGA,B00L9R9YVO,2.0
AETDJLRMEZGXMFP2UJMNCQOGMQJA,B019MF3U9Q,5.0
AHA3RWGZYBVOWOCD6NZ5U7SJPRVQ,B0BSCFTV2G,5.0
AH3NV4CV2XTSTD2APLWTU4RQY4WQ,B0151KT2B6,5.0
AGZXSZ3JSHVOVFSVIPJN2AZXAKDA,B07JKRBNWY,5.0
AHWVLOZPSUC5ZDUOTHL6MTPH44SQ,B00T3SKTCO,4.0
AH7YWZ4DE5LS66XEUKXJWBKN35AA,B016P20UC4,5.0
AG333H4F43U47DZL4GO5CFBLMU7Q,B0B7B9W8HP,5.0
AFH72LPZ4WR2NUKOX6VR2Z7HXIZQ,B07YTPVLV3,4.0
AHJH3LLQPKTVUMUAGO4BJO5BPHJA,B00JQYUAQU,5.0
AHF24R5NP5RIVLACS63KEM7MQH6A,B0796CFWKG,4.0
AEW2LO2YEEIWZ2V7CPL7Q6JBM4HQ,B0B8Z5SW8Q,4.0
AFNTSVIYFEGL4LCVQ57LQLNT6FEA,B0BJ8WDC13,3.0
AHK5WUWBA4YLYDVBSEIOUL73A33Q,B00IPH8MD2,5.0
AGDNOK4WENFWV3HIU6EWS3PGKFPQ,B019H1STZ0,4.0
AHVOTEEVDVGU72JTLCLMFW5LLY3Q,B0BR2HYQ18,5.0
AGWQM2RDWHESGJBIMAO5YYYFMS6A,B00X7DEBXO,4.0
AEPIKVM4G45VPQVGYKTVQVCV42ZQ,B074WXM13T,5.0
AGNEABV223NAJ3T7MKZBTOMDSX5A,B004U0JTHG,5.0
AF4SXAHUFXPXFBBM333BSHEX52OA,B071ZHLFH2,5.0
AE6WNCV4K6LZDH325544MX5ODOTA,B0B59DLBMD,5.0
AGMD4FTETUZZRG5DAGD3ALQEMEQA,B0C9NGP88D,3.0
AFE77S5RFZS4KQJL6SVT5U52ASCA,B0B16WH36J,5.0
AHMIJ4JOTBVZX7ERWMM72CRSEQZA,B0BSGM6CQ9,5.0
AFLP3PAE3CNZ7ETSWRS34KDYMZAA,B00XBQ8UGG,5.0
AEK44DL2VPRLCOPLRUCGNGHBNY5Q,B01AH3RSAO,5.0
AEPNCQE67RNHL55MEZGPI653CNOA,B00JL5I57U,5.0
AFVXOXPDFHFXLCYM6H2HM5PUOCMQ,B005Q1XR8U,5.0
AEVUFBDEHWXHLGY3VNAET66A5ATA,B000CCSWPQ,5.0
AH2ZQVPKTAYCR67QNZ2BNYP47HAQ,B00OYUSHJS,5.0
AEBEWVBPH5MBXTRNXQR7WSQ2WWZQ,B08FHV6383,4.0
AE7FJY7OAOPE6MSGJLWVLQQRWMJQ,B0BYPSNQYG,5.0
AGKJNHXZ2RYFT4CN3ZTRGAGDPLCQ,B0BK6TR1M4,4.0
AGRT6VTGHZIQYDQKPWKQGMUXCGJQ,B097FMTZCP,5.0
AFQ2E6LDZCDURZ2WY6BJV5RYOLVA,B07DLBJKMR,5.0
AGDYPVIYB5CJTZSJ5H6ZTQHXPFBA,B099Z7ZKM1,5.0
AFASBYSUT2NHJH4M3PWBO4ZYZNTA,B0002F79E8,5.0
AGJ5ZHY5Q43NH73NAAFRO3A2TQKA,B0B154YB1X,5.0
AFW5SULKL2IZK53IEA7T3HJMQXZQ,B018FCZKR2,5.0
AE2NR3B5X5JKLKOZ3LTKABR3FMFQ,B0C3LKLKLR,3.0
AG3S4FROO422V5KP7DJCBXVUQLJQ,B08P4W7NFP,5.0
AGPE234Z5X3X73B4DSG2DE3ZTG3A,B07NDJ1HSG,5.0
AFUV6KLJPKFA6QQYGINR4D2MY2XQ,B08T2N1WZR,5.0
AGG4LCGNKY3EVBOSELGXMEDXFYEA,B00NARHNCS,5.0
AFKYUEIARYQHQBR3D7L4VNO7ELRQ,B00PKP3EG2,5.0
AFROEQNCYABMPCZYZPJSQZALYZUQ,B093GY64S8,2.0
AHLCWDLO3LZRSKKBRQ3RVIPYLHAQ,B01DE4DEGK,5.0
AEEFBCECFWLMTV7INRRMZHWMYLOQ,B076ZNHZ59,4.0
AHNUALEQSBJJGHXFMSEIHPPXJGPA,B01FF4L8Q0,5.0
AGBCUPQNLHJ4MYDFKJSRB3ZX3MHA,B09BQWCDP8,5.0
AFF6IT5MM7GHW5HLHWHVMWPFNUPA,B0C53B85WZ,4.0
AGUQUN4TIWP46MPNHP5QOPOPRFPA,B009GS6Z3S,5.0
AGTY23JAMILFRITGRT5OIA4HKFSQ,B00JLPHKDA,5.0
AFQOWS53WHEFRW2W6AWOQ2MOEMZQ,B000LGA2K6,4.0
AHSKAICVSFGCKQNXY36HSJ2NH7JA,B07MVRZY88,5.0
AHITNRIG3XWBTZQ6NIWR3IIHA6PQ,B07BMWJBY2,5.0
AGOTB2JUTFNKGUG37SWAS4XVAPTQ,B014F1UKI6,5.0
AEPJXX4K5S4WEJ7EHNBIGZA65CGA,B008FDSWJ0,3.0
AFSHECZQ35LO42UUW3XJSQOH2QKQ,B07FYPBL6K,5.0
AETH5XE2ZFEB54ARJBP35D2CZLPA,B08XMK3D28,5.0
AHSSA3HG2J77L5CLVFOXMN2I6VSA,B00UQHLNDK,2.0
AES7KU7JY6KI2MNQ4N4IP2YCMTZQ,B01N40YZZQ,4.0
AGZYIDZNKPDI7NJFATD4H5UKEIHQ,B07MZVHQXQ,5.0
AFEBTJ3TAS5F3OGU5NDX5EYGBP2A,B00EB123MM,5.0
AFRX43P7EYLAC2GPFFUU7XN6OL6A,B01N9CJDVE,5.0
AG2ELZ2DRRAACHKCN676XALIEI7Q,B0745KXRSL,5.0
AHJ77FMTOSG62L47HGC7U6NPAV5A,B08H1PVP9N,5.0
AHEAUBT2BHFMZZVR44BH5NKTU4KQ,B000GATTM4,5.0
AHOAKTHD5FA7MWLV4I2IBOYZCCAA,B07DVCVG94,5.0
AGL74F3QKUTVW6JAEHRM3DFXKBRA,B0BLH2CBVK,4.0
AEW3RXLOEMYULYRIDHAKSVNM5KSA,B097Q9W8MW,5.0
AFRHKO4374QYE6EFRHEGGSPVWJSQ,B003KX4SC0,5.0
AFFCH5I443XTDKKP6XVHFGRNRN2Q,B0B1LK9SXB,5.0
AF4KQTMWVCWCJN3MX2PX4JXCAHHQ,B00RX5HQS4,5.0
AF6IFSGJ6MZRYRS2TEDTSXHE5VXQ,B0BPKH4HB2,5.0
AEREY6SH7SQUHGC2ZE3QZLWNKVDQ,B07BLM53Z1,5.0
AFJ64QKSQO4JS2RDTIM6R5RIAMBA,B09R3KNKKG,5.0
AHMYDJYCDBIVYE24FCGQQFPCG4LQ,B001E95KG0,4.0
AFO5NENKMIZMM4NNXRWML6JG2CWA,B0002I9MPO,5.0
AEOM4BJ3MA6T6Y2JD23KRHYMUOXA,B01N1UI8V7,4.0
AEUI4EM6UBCN6FUKBGISB7UJIFBA,B00BS1986M,3.0
AGIQ2MENYEDXSL5VZHDKQTCC4ZSQ,B000CZ0RLU,5.0
AFRTO6XX4O7NOD6UYOMG3ISOYTDA,B01LYJMH9P,5.0
AGEYOG5C2ZNK32UKSRKALA6MFSYA,B09857JRP2,5.0
AH3M56TVSIIT635XXCL7ZXR44TYQ,B09N3PBT9S,3.0
AE23WLBRYKEC67DM43M6E2MF7GPQ,B00356J8KE,1.0
AF4VXIBLX7STK73A7PH3ECA4GBUQ,B07RL64LCG,5.0
AFVF5ZISRZDB4O7TWRAKFCX5RL6A,B00PZGTVAE,5.0
AFQD2EZ4O2ITFTDMWYBJOHSRJNJQ,B09R2TMLJR,5.0
AGN77Y4XMITXHDOOVYTIS5ARTU2Q,B0002EJNH0,4.0
AEHS4V3DRQ4ZIXBWECYJPRN5TFZA,B0928HW2P4,5.0
AF7VRLJZIRYWVNXMW2SAFC3LZWMA,B07N5J3GTB,2.0
AEYVYN2QKZKKFTW2LNJG3QKFGHPQ,B09BS25NJM,5.0
AEMLDUMRZRY3H5UQSTVOGIKOR6HQ,B00H7PWPQI,3.0
AE7GVDNRY5NABEP253Y3GMDUZOZA,B00HTWQVU0,3.0
AHVXKHLQUUSLMXEJHNULQ2IK6QKA,B09JMYM88H,5.0
AH37QN446MUICQOGTHU2R2EUKLXA,B071V3MY58,5.0
AH6MAK6PF2Y5LOQKNJCZBEXMKYSA,B015WD6FIK,5.0
AF4EY2RL5MCVIFTSNCGQ3SNR5RBQ,B00IFOTSJW,1.0
AH4PLW7QNHKGICQTUDLLLEGLRKFA,B0012BPMHW,5.0
AFYU7L6PPUGCEG4QKNLBLABGJSTA,B00Y3NG5HM,5.0
AFNBGFNNXC67NLYI54RYRDKFA2UA,B07T65XWM2,5.0
AHGIW4KOZ7GCGETIM5WLEGYIYPVQ,B00H8BRK0M,5.0
AFJXYPYONCFB7NAUAUK6AVRHFTLQ,B08B6BF5RH,5.0
AH54RFRZZFYUNYDPEEZJQDXEVISA,B0C2X15CPH,5.0
AGQ6GRPMLRH6TUFSQLMCND27UTKQ,B07PPHHG34,1.0
AEYVWHALKMARVCXXX6XJOATQ5LHA,B09RN7GR8F,5.0
AGMAZX4H5TKOZODQJ7MVOBMS32OA,B07C91JT14,5.0
AEADVMHY7IFFYDMM2IINZGE7UDEQ,B0BXCXGCVN,5.0
AE5KMHTBVVH4B4TDRKLTR5HQXJVA,B0BZTB9B4X,4.0
AFNDHAODHIE4ZQLJGOA3PYY7FTUA,B077YGLM39,5.0
AFQKIGEYXZL76W7BIGLVR2RIPMZQ,B019OO4IY6,5.0
AHSYUEHHWA3FIZAUAZYFN54OHZWQ,B0BHG58G2F,5.0
AE534R5TF6WSI6SQTKUHLDSPUFIQ,B095XCZXNQ,3.0
AFOBLXDRYH2XKLUTRJ675NJGLLPQ,B00LU8K790,5.0
AHVFDHPFOJQU7QROTAEKIOTIAI5Q,B01LX96P3A,5.0
AENHAKVFOY7IOTVFZ427OOWIB66Q,B0002E1IW8,5.0
AHRQCX6F7G5BXPNBEQ5MXPTRN25Q,B00UXE3WOY,5.0
AHMZYSO7LAKS6M3D63FQIPQ6UPAQ,B07CQMZVYL,1.0
AHI3FR2LO3SB5SALPSQEFYVAY5TA,B0040YZEJ4,5.0
AEDSQQJHX6LWSUUJEL76MQSYBELA,B00O6KT5HO,1.0
AHJ7KQRR6SH62UD4ESCUELE2BMZQ,B00HH4NO96,5.0
AEGQPKRSLGQQORW3OD4TGBYLPAHQ,B077J6ZGD5,5.0
AG3TPH4URP2435TBSYMQMEDWFVQA,B07CQ9VV6F,4.0
AFU65KF3HONQANSBDPJ24PMXDCHQ,B09RTZ26KV,5.0
AG3ML6ROY7CFJTLMPJYWIW7KXQ7A,B0036E8DE2,5.0
AFDVTLUWYDVFN6YZ372K4B3HKSDA,B0042EZH6W,4.0
AFZOKI2OHUU7CIDPTMUHNIRBT4OQ,B00E1P4LGE,5.0
AFUBUHRWHPHCEJXO2ECK335UGLWA,B07M6B3RDW,5.0
AEN5VFEOCM4ELH2ZTQHDGUZDWDHA,B00H8AOKO2,4.0
AEZNCOTOACFQXLFM4MXKSQW6SFKQ,B07WJ1FPX6,5.0
AH6STOAHH6WQEOX2LJHUIMNX5VVQ,B000RXN6XI,3.0
AHOBKBVHEAT4KPRVI7TYTF6MEJXA,B07NKMZJ5M,3.0
AHWAYCEX3NCWJD32JTFVBFXKUHOQ,B07DXQ1NP2,5.0
AGT7E463C4DAGHWCWOPRZBMLYSRA,B01M1ESQ9A,5.0
AEDMWS2C47FQKX7YCUBF2AKGOUMA,B07B8WL33G,5.0
AHKJF7SU2DIXO7MG4SODYBOJWPWQ,B06XFYX3NH,1.0
AHMA7ASEUEDMYKTWHXZ22SLC46GQ,B06XDBGL88,5.0
AGSAA6D4WSVEO4G2JONYMQZGVCJQ,B018S20LB4,5.0
AHC5GG7MPPNIJ6WGMBE5PEQVCCSQ,B004MN9GWY,4.0
AEN326SBT64VHDX7FG2G7ETRXB3A,B098KXQJVY,5.0
AELBQJXOJ6S45HQ7IT5QOIZGDDGA,B08FYHSQTZ,4.0
AGBN5H6XSN2RUYI5DGFRDAURIUUA,B00FZJ25TU,5.0
AHJS6QDWCAHL75QZJAGW2VG3SZKQ,B0BK6S7QF4,5.0
AGAPF6VHHUW6PCF5XWW66RGE5QJQ,B075GKTV88,4.0
AFUHHLYX3FRBXN7T3V737VFKS2ZQ,B071VN1573,5.0
AGBB2ZXVQGP55MT6EFSXVDRBVKHA,B0BT84L827,5.0
AH3O36VZKKWCD5U7AWEQ3MYGWBKQ,B07NST2LSB,4.0
AH4VJK4THFGKS4DEP4ACMUYHLIKQ,B0073XCZ3C,5.0
AHEMAURZYRCARVTVF6CQYTYE4I4Q,B07CRLJWQ9,5.0
AFKETZIETXOR3O3WQ2IEITFSYJ7A,B0BXBFG6BX,5.0
AEZCTDIBXZVKKAKKKKWSXKPN2MVA,B00H35YIJE,2.0
AGRSW6MPQOGFHVMYGV3X5LVHEQUQ,B00PH2M4KK,5.0
AFDGUCQSIXBG4HVA4BOYOY3VIRDA,B003JFVESA,5.0
AGF65W2AYMMX6AGTCI6FW6FVCYXA,B09C5XTVCD,5.0
AH6LZMLMHAU5AHGSA7G7E5VEIUNA,B0BSGM6CQ9,5.0
AGEDMQORKPTVJJHUOOW6USGHTUJQ,B00B6WZGHS,4.0
AELVAQBY4YVAMT24YPU6FYTK2I4Q,B00VTCBQS8,4.0
AF2NGUZ6QFZJUAAINQTWZL5WMXRA,B019OO4IY6,3.0
AFMMK575JLG32D3ZQMSSR3MX6R2A,B08JMQR2JK,4.0
AG7ZPB5T4ZGBEJXMUSVYO3B3WCPA,B0BZ5JK2GC,5.0
AFK2BXNXJHJAKDMSCRX6V6RZNX2A,B08BW2TBD7,5.0
AFZVBHPHF7PGY3EAVSLEDOGCA6NQ,B09VGM7F6Z,2.0
AEBKMSFD3VIXE6CJSSMV3SSPEF7A,B091F4D8NF,5.0
AEIXKVIOBX6AFYFRENWBSESOGMOQ,B06Y2W66F5,5.0
AHQCDCQ5VFDGM74DM7RQ737GTOYQ,B09SHCSSWM,5.0
AGU2MZU3LPS5YIY2CPDAMX3XXJOA,B0843PZHQ2,5.0
AGFO7J7AHSMMOZJCBP4B2UADWX5A,B0731K3M6Z,5.0
AFVKWBQQ6VUMTZKTVXN4Z237ZMOA,B07BHWJMB2,5.0
AG3TURJ4DOPD3S6RHZRV2XRRJYPA,B004THB824,5.0
AFLT6YM6MG5IVAYHJRNVSQJIJXIA,B01MT5S67X,5.0
AEWSA55RYTVXGVCMPGGUMBHJKIMA,B01GW69IQ2,3.0
AG4HSLU5KO7KGCFCOUKKBXS2NGWQ,B07PSWC1XY,1.0
AGBN5H6XSN2RUYI5DGFRDAURIUUA,B0BSCGXCVP,5.0
AHR4N4IZKDYWKN7WB22HJF3TE5MQ,B0BKZ2F82F,4.0
AHLFJCO3SENFEDTOXOS5VC3GKSXA,B0002GXQ2Q,5.0
AH3DEAE4AW5D4AO67MNOXOI5YE7Q,B09396NY1C,4.0
AHX2ASVMXSHSQDBYGTZFDMCGVCQA,B007MY5BII,4.0
AHLWV6FKLFZU7O46CIC4EPMK5NQQ,B08566SXNF,4.0
AHOTQQMMQDCYWZHF7HA3Y7DLVQVQ,B07CV6VYXQ,5.0
AFITYUC3765LLGHMH4L6XJXCOWIA,B0BPNHG7M2,5.0
AGP3AB5E5WTGFFVJEYVSW2DYJI2A,B0041OU1X2,5.0
AFEXGGP2FKT5NOCTC5O4KAHEIVHA,B01FJZBI7E,5.0
AHGSGQ6GSGOIRZOG6YXTMXJIXKUA,B001L8IJDU,5.0
AHW7ETGBKGX6DCG2LBAG5YAXU46A,B0B8NJBS3V,5.0
AGBC6LK4N4ANCY7GPBKSV73XQK4Q,B0BCK6L7S5,4.0
AEDUWOYVRIMELJMAH5D64RBYKKUQ,B004MNTIL8,5.0
AEOAMGJVK4MXPWM3AYQ2RAVC43SA,B07N8V6K46,5.0
AEKMHFZZ72OB26PKFPECASSLCBMA,B09N3K3KGT,1.0
AG65EMDZJ3RRQSYRZMMBUR7TBA7A,B00JER27MO,5.0
AGL62R6J2RX6ZL5FJRK46OZLJZAQ,B09PWCF6T9,5.0
AHEAY4LVXGQBFORIT6TQ35RR57GA,B08JMQR2JK,5.0
AEBT5FUF3Z2Y4DDIJV5TCW43C63A,B0BRG35HYH,5.0
AHQBI36Z5MNGGQS22FDO5ETXLLNQ,B0C3LGQ9S5,5.0
AHQ5AL3NKAPUD6K7DL6EUC5XX3JA,B07FYPBL6K,5.0
AGXZIOXJQITHVPEVRZL7AJO4TAYA,B00Q8KGL54,5.0
AHRRM3MQAP2ED5JAKBCLTJ5DQBAA,B09857JRP2,5.0
AEMMOYNKT6BNKNRUNRY3TH53DYOA,B005PGGU9O,5.0
AETU2L7GWTRUWX2FPHLAJEKC7EZA,B0002MS7NS,1.0
AE2A7NOBDCZP7RINLG5REL5I2GMA,B077GK1J7N,5.0
AFLCKOPHSPEOXRM5HZQC6X62Q5AQ,B0002GX7XY,5.0
AG3S4FROO422V5KP7DJCBXVUQLJQ,B0002CZU56,5.0
AE7GVDNRY5NABEP253Y3GMDUZOZA,B00B5LDMH6,4.0
AFKVZFKWM3FJTWEDGJFSQMWR2KYA,B0B8M5FJ9W,1.0
AEBTJ5U5BUV3TSYAFMDHEZVEPHNA,B0002D0L4K,5.0
AFFYHATF3D7K36FDI5EMWOUXRXAQ,B0064BCRQE,4.0
AHGC6HXFKTGNC7UVJ2MXA2ZLMUCQ,B001MXCY58,3.0
AF4F5YORO5MADXZQC63MO65FQDGA,B076GHR7DN,5.0
AHY2QC53VJB2Q4WX7I5MYFXBFSGQ,B00GOIC1S6,5.0
AGVH6XX42P6SIONXKWBKGJODPMTA,B01LSHMR86,5.0
AHJYHZOBOSEBCUCJNMHN5DPZ5DRQ,B0B52FBC66,5.0
AGMADA7BVXWOPUYDHC3C3K3OKO5Q,B09CH8SDPD,5.0
AF2FHIOZUNV67HEU4MSXQ5DZ5A5A,B01GSVQM2E,3.0
AG4AVSOJINHN42XUE3Y5D5XSAHBA,B008YOMVDS,1.0
AGHLAYBLKOMA7JAM2PKTKEQ7EOMQ,B0C54RRCKG,5.0
AEH54Q5HTMEFTXWFJA4ONZK5UZNA,B011N2VC64,5.0
AGJ5ZJKUFS3F6QECAILM2J4L7ETA,B073RTT48C,5.0
AFNY2S3YRSPY6NST2O2SQFMSFRIA,B004XNK7AI,5.0
AEZJFN2YIACVU5YHNMQVKNZ7W7VA,B085H22BGK,5.0
AFKJVDSTDRAQZUEEWZUEYDUEDWDQ,B076346CZ9,5.0
AFY5LZPYVJ52XQRIBQ7JJVNS7TDQ,B09XQHQ5VF,1.0
AE3L6TIPOX3PCWWEKRRM32YPNTXQ,B0B949FD92,2.0
AF2ADEWSNFYF3BRXGP5KXRXULGKQ,B08448RJNW,5.0
AEJ4UHRQGA22XAKVA5QKWJ3ZIMMA,B0BLGC3C1W,5.0
AH5H3RK5Q2WAXHOCYTKNZFAV3UGQ,B07N5NMWXK,5.0
AHAWNAKRUGKRZR7F5TNJZWR77XPQ,B08T2MZVCJ,2.0
AHQXSURNHTA2ACNNVL6F7K5BDOZQ,B09857JRP2,5.0
AHSVOKGVCE3MBLCCGXRLFPLLISJA,B07YQ4MWD1,5.0
AGS55F6CFFURDAUEXOEH6NTP2CBA,B07PPDY2NS,3.0
AHXZMBZM7TCTGR6YQ7MI7LEAZ7QA,B0007SL860,5.0
AFJL2PWGEZFPTWMAWAPCGYY2F4AA,B00RMJORJ2,5.0
AHHNBVPAODMOFE2SDZ7P4K2CEWOQ,B0C67HCGBR,5.0
AFND4WHBO6MV75PBKNHCBFZK6VWA,B0C6J1X7TD,4.0
AH74S4ZHQIZ2HCY4CYQNNFD2EL7Q,B088WWS9GM,5.0
AEDW7SQR47MF36I4WNHKGDBO6SXA,B0BGL5H5Y3,5.0
AFHZXNYNK74PAWXKHPNHLMY5VJNQ,B0C2CBF3SK,5.0
AF6VHCT7J2T3FLU2BPMYWGVDG6HQ,B06XZ91CGG,5.0
AEN326SBT64VHDX7FG2G7ETRXB3A,B07FYJ7ZLJ,5.0
AHOTV4CLZXG5X653HKHCKHVAPG3Q,B00JL5I8H2,3.0
AEENWSVHLUOJFDM4HB2QEELDVEMQ,B09PRKZ6FN,5.0
AGL3XHUKQSHTUANT673GKEH5OU5Q,B077Z635YX,4.0
AGETR4QIMGHVFE3QCL3USO2DRGIA,B08SJY4T7K,5.0
AFUS6JTLJZK3Q62HGDKY2MUAVPHA,B07BHJH2Y8,4.0
AGZDVF63KXJBQEPNLNKCRDAH5OZA,B07CNY1HPX,5.0
AFN6353UFHPWCP6AA5V6XWDQKQPA,B00HTWQWWM,4.0
AGG4LCGNKY3EVBOSELGXMEDXFYEA,B07MJJ281Z,5.0
AHUXAPPM6WHJN2A3X5DOO4AQLKDQ,B09Y8DM5JZ,5.0
AGTGCRBYT2WQEGBDTCKLGNK4CXQA,B01JGQVQBU,1.0
AGUQUN4TIWP46MPNHP5QOPOPRFPA,B01ABJ036U,5.0
AGMGW2AXSHFLEP2KKAQBOM6OOQGQ,B00AV557UC,5.0
AHOEKHBS6FPANUZKASOIRVSCH7QA,B009BZAQQI,4.0
AHEBSXAOC7DZJ3Y2ICCM4R2RSYWA,B07WS6G634,4.0
AHRTNXIDVTZPPET3MBLAMWML6WLA,B0002F4YQY,5.0
AF4SPJ4OCL5VBNSZCVJWHX335EUQ,B0002GJHYM,5.0
AEWWKKSI3XGONPAWUPUVPXAACNHQ,B01DPCONFM,5.0
AGO4PWTACG5H4W63S3WT7CD7XDQA,B07VPLFNYM,1.0
AEZZYYV6UFTFOQ76YJ7RGL2JELHA,B00H35YIJE,5.0
AEHZO34D7CYLRZ5VFUPFI5IFKY5A,B015HG7HMA,3.0
AH2ADQH7UOGDTDAAOQMXQCUAGFQQ,B00WTZRLOM,5.0
AGCZUILWOTAOWI2SZRF4IOPREQYA,B0749WPC79,5.0
AEPJL2A5CE2ST2ZBZXZFCBIGLSVA,B0B84XTJJP,4.0
AEIU63EAGJN2HD2JBPWHEVWT6THQ,B0BCK6L7S5,5.0
AHJDK246IF27VMB55EDYVVHPY6RA,B0BTC9YJ2W,5.0
AES62SVPMQKJVYREQRVKRBVODIGA,B0B8LMGQVX,5.0
AFDLX64MUTNBUHOU2L77J54QI4FA,B00V8URXSS,5.0
AGCMJUW3TAOMRRV6TL4V2SK56P7Q,B089QRBZQ8,5.0
AEBIEMNW4BPGOFLHZCE7TRXIQLAQ,B01HUCYOXE,5.0
AEDL6IQZVL3POCWKWQQEYCSYCPUQ,B014PEZVKU,4.0
AEJO75YNQXAOIKXC2PF4CZEORMUQ,B07B4XLP57,5.0
AF5OEII5AJLAWIS6QWTUP2J72EAA,B011R0XDYQ,5.0
AHCPG6UCDD3OKNGACZNLW3EXJXUQ,B07SZLB9GM,5.0
AHTIXMC45Z2WUMKNCPENUVEFP3BQ,B014JY7WGW,5.0
AH4JGVD5QVUSZZVGHSMR5SRGHVYA,B0B1T92VM6,1.0
AFWNIPDL72FP2UXKRYXN673BN7HA,B07Q75MDB8,5.0
AEPNUR3UKHG5JLGS6JLKXVXSMJ2A,B09BF8XDF4,5.0
AGOAOXZU4C2FYKKH4X4NPAYPOI4A,B0B14LN9H9,5.0
AH3Z6C3F2K4DHOJVCJPN4EWEKT2Q,B01J3S91WW,3.0
AGHQ6RPNVO7KEQHEI2HAQHAGCTVQ,B00OGMD0VE,5.0
AEFICJTVERYBGXDBNCYY6LYBF6HA,B01DN7OLJC,4.0
AH5CRT5ZT3ESMYJUVDIH5RZPH2BQ,B000T9NKEU,5.0
AFJZIOVKFSIRFHER4BQIHMOA4ZYQ,B087WVJGQQ,1.0
AGVMLHKYMOD35HC5XL5BN5ZSMUFQ,B07CBT4SYD,4.0
AF6N2DGSAXSNFBDROTSRYU6ADXRA,B00WJ3HL5I,5.0
AEIEKT6RZKZF2VX4R2UJHKMFLXEQ,B0822LB7CL,5.0
AH6HIGTF5ACPPHH5J7MP6GMRIFAQ,B0BG95DG2H,3.0
AHXYOGPYRBEVNJCESMCD6QN4CUYA,B005OZE9SA,5.0
AGUG7ONCKL4JOYS6AILUT3AGOCWQ,B019F9DR3S,3.0
AFGNBP4CGZGNXB33LHNUQ7SJZQ5Q,B07BLM53Z1,5.0
AHYQNKECUJ7XNEOPQY7BBR3OYYLA,B0040O49OU,5.0
AGIGLCDBUMZT45LJEQR2EDJUDZUQ,B018VAQWEI,5.0
AEQ74J5XBTN2YQID7PBZMICSZL2Q,B07ZWHY5TD,4.0
AF5BNNFFASTI2LEXYRWROMIUJWYQ,B08R5GM6YB,5.0
AHV2RWTWUZDZB5VK62GU522U7N4A,B000FZ1KF4,5.0
AGHEYBT2KQDX2I32KRBZ7D4RCZIQ,B07FYJ6K6L,1.0
AF3QJZYZ67KTLYLZRRAIZTBG4L6A,B0002E37G8,5.0
AHMKYMQRIFIF2QGP46NCB5X2JN4A,B08MFCJMSZ,2.0
AHK65NE3TUTI6YOF5HK5AFC24XBA,B00F20MIC6,5.0
AFOV3YMGYHOVKW65ZOFVUITMT6SA,B078WNW4YW,4.0
AFMCJFEPXSDR6CBD6JAFUNDNIPUQ,B0BFKKVQZT,5.0
AGFTJ4ZNP62NDBCII3LLOWYIUVEA,B015M92GZ0,5.0
AGDEYWGZKNGR36MRO7ZT3AB45AXA,B0C3Q29DML,5.0
AHCWSKQIDST34SUY5LKWWLBPDRDA,B00W6WD12O,5.0
AE565UKB436TSU3TMFKFWM2RL4KQ,B0BTC9YJ2W,5.0
AHXVH3WID7DBJAYYL7G2NKPE2AIQ,B0B8Z34Y9M,5.0
AHOTV4CLZXG5X653HKHCKHVAPG3Q,B09QZJ57YW,5.0
AFFMSQ2EX3FEFPRL2AH2L523WDMA,B0BG4BZC5L,5.0
AGBQ3TX4QYWQQOW2DBADLGOJHQGA,B0BT3B7GTY,5.0
AFYV2D4QBIJITGHQBWCURNGOX4JQ,B019MF3U9Q,5.0
AEMDDN7LCA2LR4KBPMCICXTG24TQ,B08R5GM6YB,5.0
AEZWO6JBHBOWFWDD3SHY3TPNB5AQ,B000UMFQHA,4.0
AHMVEV4AJPDOUQ73DMD7FMFIWOGQ,B00WJ3JUFM,4.0
AG4WQTH7Y5R6N5TNVVZJ6GJG5GGQ,B0C6H9T5T6,3.0
AEJSKR2NKPC4ZS65RIJL3V352K6Q,B0BWXY17MT,3.0
AHV7MPSPXX63ECNBQ3XQ4QHUOHFA,B014MQ22XU,5.0
AHXI5OYTSU227DFONJML5ZLE4MZQ,B0C4KH72T7,1.0
AGB3YZIRHOSAZGQF3NRHKQJWWQTA,B07R2X3GG9,2.0
AHEJ7L4IJOC3BQ37XCDJH32QP52Q,B07DPJS6DZ,5.0
AHRCC5CKEHASCA6B55G7NZBB4I7A,B09MNCSPHN,5.0
AEJQMZVE6HGW4SO52IRKWKQDB7XA,B07V46KRD8,5.0
AFGIGAOI6AF77YD2KG3VLOZQS5LA,B07MTS57P4,4.0
AEQQOWGNLMIQ4QJUKX3PAFDQ3TXQ,B00JW286K8,5.0
AEUAXVAUWJFDX44V2Q3OZFFYDZWQ,B073DRTLPC,5.0
AFZXFSKN7FOEUCYHXT4GTK62RO5Q,B01E989SZQ,5.0
AF6TDFRJUSAUTLFZOVEGAOUCZTMA,B01M70SYSN,5.0
AHETQRJ33CMSEUL4SDS6CJMHDU6A,B0BXZFS2QH,3.0
AFRULV2NIZROJ3DN2F7ZVZE46FYQ,B000IO8XFM,5.0
AEHS4V3DRQ4ZIXBWECYJPRN5TFZA,B07B8WL33G,5.0
AFYEPSM6CEVCXCX3KH3HJZTCFYDQ,B0C18CV4TS,5.0
AEVIT6MYT5ATEMEMRAENZEEZHCTQ,B005T0L63Q,4.0
AE4LWHIBYCREDXSNG3EOF3RLKKYA,B0C6HZ3ZW6,5.0
AEIDGPYNI3VZUBMPGAOSX2R3K6HQ,B09G5KDVWW,5.0
AF62AMU6MZHZQGKUD4N2TIGO34SA,B07PRC5VQB,5.0
AENMRI3CNMP4P2KXNT6SB6ZD7FEA,B0098S1R9I,5.0
AEPOF2S7WD32ZGVOCCWVYNJTCGIA,B0BMLMCBMG,4.0
AFJVRGXC4HIVBWQT2IQMMVVPPQ2A,B09616T2BL,4.0
AFJQQWO6VAZCTTY3GXNB3SEUU34Q,B00IPH8MD2,4.0
AHWPCWQ2D66IJWQW5UOWEM32V7BQ,B000K69UM8,4.0
AFWVN3PP4WG4IPQUXVHS62ASS5XQ,B0C67HCGBR,5.0
AEJZB5NUC3M45CFBSEMTTELJB5OQ,B07GR69D9L,5.0
AHVW4W75DJAPTN6E2PJAMEDMABLQ,B00JER27MO,4.0
AE5HZNO6TKRU6CY3O4NDXPJB5KKA,B0BCK6L7S5,2.0
AEAL4MJGXLIH3VY2GEZJUT54KILA,B0047VIXBG,5.0
AFU73SX5DESEJTCUH4WYUUURP7MA,B00H7Y2X8O,5.0
AF6PG6UAMWJCKLF422AXF7B2CGHQ,B09RNG1MSF,4.0
AEDOO7I36DUZZUJT3IDCKDW7HXGQ,B0CBSQH75J,5.0
AGMYRILPTJDOK7WL5OYHYGRYVXMQ,B08NVVLB16,5.0
AFGAA7M6RD3TVIBWAM3GPAJACSJA,B0BBRMGRTS,5.0
AGYMZ3QSHADJABMWV5JF3QXR5QVQ,B00JKNS208,4.0
AGVK6BKGPFZRWV5UUWWJJUSANESA,B01DNC1FDM,3.0
AGNZ55VEXGISWO3OH7F4CTP6HNRA,B019G53ZJW,4.0
AESBHEIAXYOTT2RRYMLA5ISYFFTQ,B091MZPYBQ,4.0
AF3JMCAJ6IICLZJRLDYWCPSSEN2A,B086QMZG22,5.0
AEDEPSTPVPEHNHQXQEJ5H63JR27A,B083FTGJ5Z,5.0
AEHGPRL2ZLF6TY6JWBNFJNIDTE6Q,B007D5DHQY,5.0
AEQVENEFPIYMYXJ7X2ALDWEXP2SQ,B01E5GGU7Q,5.0
AHR6YKXEXGIMXC4KZXITPYDZSIMQ,B01N48D32A,2.0
AGBG657C2PXD3YN4X6SHCCXKNYEQ,B07D1WM2G6,5.0
AE4CO6Z6BYGYMV76PHRMTSOFUG2Q,B003AM913M,3.0
AHJYHZOBOSEBCUCJNMHN5DPZ5DRQ,B08XCG2M41,5.0
AFEY5KP557F7QOHEVWE4ZG2RNK6Q,B08T2N25MR,4.0
AHGDGGMCSMMALHTX6WGLJFFUVJXA,B09S2Y4MMC,5.0
AFLTSBEC325L53VKAJOAI2UJNUUA,B09RJZSQML,5.0
AHWAHTNGQTZCXBUPWH5G7NYST6YA,B099NFZP4S,5.0
AFJI4EU53OHSJNXBYXCL3L4IQRVA,B01EJ0N5FS,5.0
AHAMGCWWXZ4QIZT6TMDUG2CSEKSQ,B01GY8I616,3.0
AE3HFOXOL5XSDTR6ZMM3KQLUKP4Q,B008O0RKVA,5.0
AHVPG4SDTF2X3C4ZWYA7EUA453EA,B005N2E8A8,5.0
AH4KB2XWOWEIBTBVW6NVDX2PIBJA,B081H694YZ,5.0
AHETLAZWL7T3CFUQNU5VJIC7R6PA,B01H8E58SY,4.0
AF6IPYXSVTYOXYMAQTOUM5PXRN3Q,B0BHWP4RHD,5.0
AEQC5V4P7JXPI7M4COOZLIA3MUUQ,B07XW2Z5X1,5.0
AEAQF6SZ64S7N3IKHEJKQLMZHPGA,B00VIDJB76,5.0
AFNUD5CAN5NBVLUC6377NGRF2XEA,B003QTM9O2,3.0
AGIZ5JGA4QTX4SD5TFYZTP4E7LXQ,B095XCZXNQ,1.0
AGTD3IDTVYW5TDGYWPCUBDTAX76A,B08R5GM6YB,5.0
AEMR3TT6O5MSIMI56SR33RIWQQBA,B01DE4DVO0,5.0
AFMHKT2PXH7SLUMY2IQSP4HQWI3Q,B00RVE9X06,5.0
AGQA3F27NHCAMNBD6MD3PM5ETLHA,B00CIO6BEA,5.0
AHGBVAJ4O3RIADP4MWY66DN24EDA,B071LP49JQ,5.0
AFJBKMTRSW6PJOQT6PTIHRS64DWQ,B0B8YYJG2F,4.0
AGDBMDAL47YFZL6CT6HTOYG3JTYA,B07MDPF4SZ,5.0
AEESX3HNU65OOFXP7VYMTQG5OZLA,B0B2LSX437,5.0
AF6BJF7NTWXZHYV2R7EE5WN7GGOQ,B000TXZL4S,5.0
AEEWM3H4MGP5YEKKAWWN2K5GFDGA,B09KWWS7DH,5.0
AHJH5K24A5KB74WY34PC6ZN4L4IA,B07N2WWT61,5.0
AHETRIFNTQ5F7UICJDFWPCI4T7LQ,B07BQRDVYJ,4.0
AFTBLEAC2U7D4FW5GE26JE64FHTA,B015XDJB9E,5.0
AEG35XCAKNMYS6GUKKMQU4T7YXWA,B09SVD6M4Z,3.0
AEITZ6E4PPUZZLSVJ6DOWD6UDTEQ,B0B3VJ3TCJ,5.0
AHHZK5DNIEAX6Y3X3WBG6VZWSYKA,B01FJZBI7E,5.0
AEZ3FBYLAASU5N74SJSNU6G37WBA,B07DMS2QNL,5.0
AE6JDIRVPTKC32Y7X3QQ3WAY2LIQ,B0BHSG5C3G,1.0
AGDJVRV3ABHQOXKMFFLFE2LMIGXQ,B01C5TBS90,5.0
AGKM3HSVVVKGTLWKFFPAZFKF6I5A,B09M7D9SC8,5.0
AFVSDHRXFBIUSK43W2LYIG3ZP66Q,B075LQDQTQ,5.0
AGEG5EQFBOW547MT2N4IB7E7SKCA,B01GH436CQ,5.0
AEATUKWZMVL6IAHCXM52752FTCFA,B0BYXJ6JKZ,5.0
AEZKOSSPZDQAQJEVAWYIMF2EBRGQ,B001V6BW4U,4.0
AG7EI3UOXIQXEL5QDZPVKPSVR4UQ,B0BCXTKY9H,5.0
AF7FYQUKWYAXMMDZWRA3JVBOEWUA,B06X9KG3HW,5.0
AELHX7KPUROWEK74AUNULSGCXBZQ,B0006O2WFQ,5.0
AGWQRQRURVWB6KYTP24WVQZO2QOA,B01LSLZEF0,5.0
AEQJV6W3AGTTOF4M2EPZ5T23KPFA,B002Q0WSMK,5.0
AFTZ72IVVWEIQB3WIXESXZUTP2FA,B01MSKI46R,4.0
AE3O7NJGWB7LCFQUAANZSHBUQHXQ,B0B818M2YN,5.0
AEYEMBWRA3OM2EGMDPCXDWKJM2IQ,B00DDXK1BE,5.0
AGZ7GIMAYG33FI3CNM7M4RHU4NTQ,B0749R51B1,5.0
AFR7RRVXPNEUTF2SPXIQXGQRDUNA,B008V1O0IS,4.0
AFKXLVV6Y223XWWFAGFRH7ZG5AVA,B00009W40L,5.0
AEPLHCEMDY74XNN6GUSZWQ74YQEA,B0BCHG293C,4.0
AEMISRDYQCHSNOXKV6TQ67X2TIOA,B09TR38L5L,4.0
AGHMOR4A4MZUIVGIMRCFLGWUSTXQ,B01N5KND14,4.0
AEBS65ZJ4QFVZJFL2GDRDMKLIC6Q,B07FFNXF8W,3.0
AG3S4FROO422V5KP7DJCBXVUQLJQ,B0002E38UI,4.0
AHINZ5DFWVRC5V2LUPSDRJFO6P3A,B07K8H5FSX,4.0
AHALYOX63S6CACZTHN7R24RVEX2A,B075B1J56K,4.0
AE4URMY2E5NTUACMDOMZXZPFJDWA,B002QZ402Q,4.0
AHCDHPEM4KAB5QQ37YWQ3NUMU25Q,B07VLJ2TXG,5.0
AHF4JEWQEROLVQZJJHSI67KKWTFA,B00O9S69BI,4.0
AHDF5QL5Q4ULQN46WRCHXHYHXO6A,B0927PV9V6,5.0
AFZF76XTGJS4BDACJ3OGTNMZSZUQ,B01LYJMH9P,5.0
AHT6CZ4BD5P4I5VNBHCIT4Q2XIOQ,B0BKZ3GCGR,5.0
AELQRDWDYF4TSS63UZRNJ6D4YQWA,B074KPCGYL,1.0
AEGBCPJTA56WDBVUJIEJFWZG5OVQ,B09V91H5XM,5.0
AF54HMG2ULNSYJ7Y34Y5HSKICFVA,B000BUBF6M,5.0
AFUTTKU42VYSAO62XUBBFGKX5SLA,B08R5GM6YB,5.0
AE6ITZOLS4L3GX7SO2EVSZ6OP3BA,B0796CFWKG,5.0
AHLT67F2LH3MBY7LX35LYJL7RSDQ,B0C9NGP88D,5.0
AFUTPGDAL4QUPHCACPKBRQETO7HA,B000EEL7OA,4.0
AESCE6MX7H65VKLRAXRSEJTB5TMQ,B0B8CF62K8,5.0
AHMVEV4AJPDOUQ73DMD7FMFIWOGQ,B0BR2G8WYG,5.0
AESILTLC6225Y5HLJB5QVMYXBDMQ,B004CLFOK4,5.0
AG5ZVXXHEXDYUUODSEQC4XXV7DPA,B07NKMZJ5M,5.0
AHFN5MACWZPKYN3B4DZ7ZLGK3J4A,B06XPNRNF6,5.0
AH7LMWVUNU47H2UGVA5YL54LYT2Q,B0BK6PMJD2,5.0
AF7DRHZN7CDCVGL5PJPIADURT6KA,B01DMIB3CA,5.0
AF2HJDLUACCM3KD53SFDC4UXOJ3A,B088WMVDZB,5.0
AFMJOKJ7N62TYTB4FMPZJUJQSTAQ,B0BCXRJCL2,5.0
AH2O3QU4KENCEUNWEIUG6O2IXYLQ,B084RPXXBQ,5.0
AH3LKUHBM2UJSVIOJ6E5ACAQHRCQ,B07QXDH6HN,5.0
AFTPUNQ4NGIKJHIEUAFA3GQBUY4Q,B0BR2G8WYG,3.0
AHGTBVKLKSVZPI6FGJH7XYUHSEDA,B01J52X9UG,5.0
AF3QD6BGMCYADLFK4DMKZS6OZKGA,B00SDLZFFS,5.0
AG5AHJEHXXLCWZTSYXJO4SFUPGOQ,B0C6J1BN77,5.0
AFBLIAES35IGAZQJZLCLOWAS3SXQ,B09SD4CD5Y,5.0
AG5KQ4QD5FRXYAK7JJKBL3Z6RRZA,B00X7DDGBW,4.0
AGULNOJI6U4V4FUK2EYV6CJ3H2EQ,B00F0GQ8QE,3.0
AGXZUI6UMMRVO5EEXJZUOWJFFPHQ,B00RX5HQS4,5.0
AFE5ST46VVB7RX455VBMCQKKU5PQ,B07V8C74S9,5.0
AEWSA55RYTVXGVCMPGGUMBHJKIMA,B0721LHDJD,5.0
AEMJC7OXZIKFZOZIWF6ZIOAAJATQ,B07YD57169,5.0
AE75QLRJUIWMVYPI36WBEVBU2JZQ,B0BKK8N4HQ,5.0
AES3GEKX6ZMJZG46HAXJP5WYMIFA,B0058MJX4O,5.0
AGOHUZDWB7HUI6NQOLEY56QG6F7A,B0B6JP6KZ6,4.0
AGG6UQALZBTMJJ6CVDSHOGWYHIBQ,B071L9FKNZ,5.0
AESUWA2UPKIC7PXXIMI5AJI2DG2A,B0996R6MFQ,2.0
AE5BBWH4LVBB64GNWI3OYK73YYDA,B094FDSW2C,5.0
AHIY5JCLWOQVYAWJY6W7EB3C52CQ,B06XV9J1DD,5.0
AGBOR6PH7AXGNDKU4UQ5Y5KF2EXA,B075MXJXYX,5.0
AEXL5EIHZE4PJ22225FWU7RBPLCQ,B000E0TVDI,5.0
AEQJHICBCKYVFPI3SEDAX5GHCITA,B082NLXYBL,5.0
AGBXV2ITIUNKFPPCLLWF6YLF57NQ,B08D9WNM39,5.0
AF5OPCBDJUGP5FPKIGCQPNIYCIQA,B0002D01K4,5.0
AHL6FWCH4VJV4DGR2NDNCZ2GFK2Q,B0832WNN4P,3.0
AEVFWS7JFEKHYDZKH4SI5YDSNGJQ,B0B1DM3XD8,2.0
AE7ZTBUNKGJ347SZHE3B7QAJTNGA,B07CBT4SYD,5.0
AHFZAFS6N6PCSICYG5P3BEEBO57Q,B01EQ6LDCM,5.0
AEXZWQINYACSZXKPYWXTVBG3IZFA,B0B28ZK2NK,5.0
AE6L5XPMAN7FCPWHMJF4COE4HU4Q,B07S61KXPQ,5.0
AFKXLVV6Y223XWWFAGFRH7ZG5AVA,B015HG8E86,5.0
AEXYJXWBE6RJJWH6FSJQLZ5BM7BA,B07MFYHKLH,5.0
AGC7JK5YYGE5T6XIPGSIRLNKOUHQ,B0C1Y5KJPX,5.0
AGNLHFQGCYCHERL2WXDOFMHWIIZQ,B00HZH4D04,5.0
AEM3IWNBZTERT6RQFK7KEDL4NZVQ,B07G37S6S9,5.0
AEFPHVJL4U6PLUZT32SZCAV244FQ,B078KTV8L4,3.0
AEZ43GMRWM7Z5RJC7MKYGQYWADIQ,B09NLV5LBK,5.0
AGHRZX6QQEINSDMUBBXHA5JQFAYQ,B09857JRP2,3.0
AG25SX4KSZSNKETP62HEK2GAB7HQ,B09PBL98Q4,3.0
AHWU6CCZ2GHRUXSYYFHWQYUASDIQ,B08Q36MHJG,5.0
AGKKQOI7JPGFA25HGLVGVMC6QBGQ,B00T3GL2XQ,4.0
AGXCV25HDW4JXI5QQSJTIZUHPRHQ,B09X8TQNNQ,3.0
AGTS4HKNL43FZW3MZMUNVRYLBCKQ,B07Q5G54XF,5.0
AGKCRUJK7URMDM2CGQGSZWH5KC5Q,B08SJY4T7K,5.0
AFPQPFMGLESPNSFDMVCZPWCGDAFA,B075R9DNGF,5.0
AH55IBNS32OBFM37T2AUX4JR5P6Q,B09DR91XCS,5.0
AFPQEZKBEMAQKRZIX64WX73WICUQ,B07FYXMKP4,5.0
AHOBKBVHEAT4KPRVI7TYTF6MEJXA,B00IY0BLB0,3.0
AHXC7JEUXRETZUDFXR3SAD336P7A,B093YKLWVN,4.0
AFDLRPTS3IT4XBACV2J2GFLWEHXQ,B07YM5ZHS9,5.0
AEQQOWGNLMIQ4QJUKX3PAFDQ3TXQ,B09NH8PG5W,3.0
AEUGDXOV5ISVKRHJ5HUEVRI6R6CA,B08R5GM6YB,5.0
AG3522I4PO6OL7CJFXNYDZB5EUSA,B078MHS3SC,4.0
AFSVH5BFJNLMW53ABDVECJKIXWOQ,B0771NSMYP,4.0
AGPWFIBAUZAC3CMJUD73YYJQ22OA,B00DKAQGTG,5.0
AF6LBRKK5RSD3TBYPDXMMDP3PX5A,B09M7DPHCS,5.0
AH2KNTQFU4DWMQIMTDLFSMRQHRYA,B003HGFRO8,5.0
AFR6WKFQBTKBG7HH7MOIHP7Y4IJQ,B00WB2401K,5.0
AFXADZU7WCSR4KXGS35Y33INRSNA,B0B8V7C5N8,5.0
AGGUQMWTQHAYLFBW6QND4KKVV4XA,B00B3PB0PK,5.0
AFJJWM45JXP7ONUSAYQWWEIVDLDQ,B07F5PX9Y3,5.0
AHKYSWGAUYXDRDRDVPJF2IXTBQBQ,B09857JRP2,5.0
AES4G2G6GLODMHQI3OWXWZKYMVUA,B09V9172YN,5.0
AEGDREA3STZJTUULI4GPQOPIUQLA,B00N4ZIWN0,4.0
AHPE2VIQMN4QQMY6FDOBTI5MDHTA,B0BSGM6CQ9,4.0
AHSBOSQBGM6R25L7P3EM3KG7QXWQ,B07QL85Y56,5.0
AGKYAVDS6LE7DD2FVDSRKE56R64Q,B016QUXTZU,3.0
AGXCV25HDW4JXI5QQSJTIZUHPRHQ,B004OK1G64,5.0
AGZSQYZQTPMYEMP3XJH7WU5VQARQ,B00T38U7HQ,5.0
AHW6YFBKYIN5XRPR3KVBB77LKNZA,B0799734T4,5.0
AEMJZIL5Y5YRX5JNTZKNOV3V23AQ,B06X9YYRVZ,4.0
AHMM6WYPXJDZYF3U7AULIES6BPRA,B077J6ZGD5,5.0
AHK7LBEMWADRVGREBBS6ACHQYFEQ,B0002E3D9Y,4.0
AEEATBN5EQ44LM65IAU6S4GSBWHA,B07RRQG6LJ,5.0
AFFRCOTU354SFF2TWTMJSVJ3T5HA,B005T800V2,5.0
AGZZXSMMS4WRHHJRBUJZI4FZDHKQ,B07S9D9JYN,5.0
AEL7BTGBCNEOZY5WN6HLCQWCBL7Q,B00CA89IAI,4.0
AFQBFVHUVNE6ESFITVXT7ICA4P6Q,B00HZZ60T8,5.0
AGCI4677JEAQIMY2DOT3Z2FVHI3A,B0BT2Q355P,3.0
AH2WNIY22BZFD7BKGOHOC4TM7EPQ,B0B927ZR1X,5.0
AG5G4JJOBDKQSOQSMBRVR6MJ3VGA,B0195NQSTO,5.0
AG6VKVBTKQBK7PBRMY3YIQL4HWHQ,B089NJV8Z5,2.0
AERWH5YEBILRHRNUYMXAVAHLIFYQ,B004GR9MOI,5.0
AGNEJAU2YSULDNEJHFJKZ3WLDIQA,B000HZGFMA,5.0
AE7P4BKELMLMT2LYFCC3FZMFC2TA,B06XBB9FPF,5.0
AF65N4WSTNBO2V4VJDML2RE73ROA,B0B52FBC66,5.0
AG6HOO4VHEZGO64JCVOGXTI7OPAQ,B07SJHDL97,5.0
AFBFIVH32NPCDO5PE5DKWZXDKA5A,B003YJQX1O,5.0
AEG7VAZE2DPIKLI54MUNPFDK4PNA,B0002GJGUM,5.0
AGTVWLQL3Q3XMAIKFJ35ELNANSTA,B0CCK4YYNM,5.0
AELB6HYZWMIW76ZECZ7WXY6SON7Q,B003RPK4BK,5.0
AHLWV6FKLFZU7O46CIC4EPMK5NQQ,B01D4P2OI8,5.0
AEQJ4C6IRPWITBGZ3PVJJB6DLW3Q,B0C1MHGKHN,5.0
AFFC7LSYXECAEHCRLCLBMGFCVWDA,B07Q6P5FNF,3.0
AE4GDR74FW232GB2EN52B3DM3L6A,B09PGYXPHV,5.0
AFSAKXT76KFR6MLO2EMI6ETXOAGA,B00HZH4D04,1.0
AEVCUMPKWQKFIF7NYMUG2XSYL6QA,B07WS2BBVR,5.0
AGMPCB3TGA6MNNISDWYIOGQETCWA,B078KX8YJD,5.0
AFJ66RVSHHQWD3MZRM6JNQB5NGXA,B09Y8KNXP9,5.0
AHXBHGYV4SEVPVSNIDWNFSZ6AECA,B091MZPYBQ,3.0
AF2ENGUTLYO2BINRBO5JEA2NWYUA,B00MXUJ394,5.0
AGAW672ZXYYIKQXOGMTBF5INS2UQ,B07MZVPJ4Q,4.0
AFVEPOZYED4XUGN743TM3RQAH3BQ,B0002E51UI,5.0
AFAJYIWFPZCXCTA4UQV74N22SKKA,B00O5ELFU6,5.0
AF24D5VEYMR7IXEOCC7Z2ACZDD2A,B015JTEBN8,3.0
AH2P7BA2OBY6D4KRCOGP6ZEGPT2A,B0BKZ6JR1L,5.0
AF63VW7YLF42A6STVGBLACD7RUWA,B09PWCF6T9,4.0
AHCHW2CQHUSBPPNXHFE4RPGIXXDA,B0007L8BQW,4.0
AHWVLFKCGMR3ZBOMSNM4LWQINLTQ,B09RTZ26KV,5.0
AGEH26RB4Y7AXDGN3IL4UZ7PO6LQ,B07VQ6ND1D,1.0
AEJ354XETZRIGFKZSCQ77RWYN2ZQ,B0BK6JCZ9V,1.0
AHSKY4JX2O5XMG4HYW4IEYGORSRA,B09SD4CD5Y,5.0
AHHGE6FWXCATJQMU4VDV32VNM53Q,B09YXXHCCZ,4.0
AGMKPH5IY4GNNCOARIN5VKYKYJNA,B07B8WL33G,5.0
AGEWQAG36O2T7UQULMCPTXYRXKIQ,B09BGCRS9T,5.0
AH6NR2Q7F323VVUTIBCZA27BPEGA,B06XFMY9ZB,5.0
AHYZYJHCUREP7YXJBMOKBX3XGGXA,B09JGR9ZG7,5.0
AEZRFF2AWH66Z7KRPON4YBGTPZAQ,B0BSGM6CQ9,5.0
AG5QJWMXSGR6QK7CTCJKXRD7OSOQ,B0889BBTX7,5.0
AFH6VTF4HK7G6XEPGKMJS54HS2BA,B07F3TDWSW,5.0
AFODI5ZOLF55V7ZZDXCX5RYJUU2A,B0BLLKKFR8,3.0
AEAFQYME2KKDDFIA7IJGHX7Z7GHA,B0BBT9T4PJ,5.0
AH5JR6SYFSYSUV3LIPKY7SSMA7IQ,B00M53HWQA,5.0
AFATLLVPDSAZLT2HUI7VFWHLBV6Q,B0C6H9T5T6,4.0
AHPMJNUYUX4QOZCKLN5R34BB5EQQ,B07CL6Y82R,5.0
AGLS3LXZRF3S6AHDXUNPUKPFSFSQ,B00LYFFW9O,1.0
AEQTZ66XVTKZAJLIQILNHY3FDWCQ,B075ZDCFFX,5.0
AGPQAFCHG2MCVQQ2W6UOOUG7DKVA,B0BTC9YJ2W,5.0
AENNORCDOTT2KFT5WUIK7PJ2EXOA,B07KRZ1HH8,5.0
AHUCKAEMSP4F26GMTI5BNB3OBZGQ,B07QS26TVM,5.0
AGEVFSIPLANARTZMAXHWIF4W2YYA,B0BHSG5C3G,5.0
AEBII22L2OFKOYGXYC3PYMQSVPJQ,B0BKZ2BPGS,4.0
AGEDVIBZ4U3WNWUYK2VKGDJEWPNQ,B0BT3D5TZT,4.0
AHSUVRZ5X445VSTUV4NS2UYSPNFA,B0BT8FDL8B,5.0
AEDDH5EWHB2XBARG3BIJLUMOZGCA,B01KDK4VO2,5.0
AHJUQQX457HFPPIOXQ6YYNNB7SKQ,B0006ZXFWO,2.0
AFBE5DXQJ65JQOVBLSQBU6VN3G4A,B014GR0KYI,5.0
AHSKAICVSFGCKQNXY36HSJ2NH7JA,B017NT392Q,5.0
AFV3QJ26JCDGYUCCGROO2SZ5ZX2Q,B0051M6J48,5.0
AEGPOBKV7TLHDCJ6E42JVDKOBE7Q,B0192F765K,5.0
AEBF2QAX2TLFF4T5ZKMXAIRKVSEQ,B095QBH5ZB,3.0
AHNO2QUOKU56ZIYEZZHX7PEGY3JA,B01DK40R3M,2.0
AGPIE6PK5ZJKF6C4NB6NDPSAZQ2Q,B0BCXRG3QQ,1.0
AFMTD2O4ST2NJG53TQ4LIVG6GCEA,B0B2QG44CZ,5.0
AFEH255TPEXWR63YIUX4LVP6SKLA,B000TZTPQ6,5.0
AEQ37F2GDPGB4LVQT3QVPQSGP5MA,B09MK4X8YN,5.0
AHDRXYOFULH6PJHMYGASCRLETELA,B00WJ3HL5I,5.0
AFUHM5DZ6UOWY4JFKOEVWX6UNMTQ,B08SJY4T7K,3.0
AHF24GKKXGAKQLPBYVZHEMHHNQDA,B0BT855NFQ,5.0
AHL67QIBKSTRQMFTJPJK3RJ4KJFQ,B0002D0MI0,4.0
AGPWTBAKWEXJIJLZXKEV7T2E37AQ,B07TDNWYSB,4.0
AGIRR5URNJEVZXCRP3HS6LQKIEIA,B09S2VB3KW,5.0
AHD5N6UPSIDZ6H4MKRA62ZYJNCGQ,B08ZBSMFFK,5.0
AEFJCRMP67BBIQGEYO3XDHVQDUZQ,B017DO08L6,5.0
AE6B3FP6UAR66D3J2MIWDAKONHWQ,B09BF8XDF4,1.0
AGSY2FST7UU7SSOBJ3HCG2NJGNSQ,B07K58QSGC,5.0
AGV63VVUG26GQTNG2GTJEAFVC2JQ,B0BWVR4S6H,4.0
AFGRWJPHTOPNJPPXZ4A667EBHMGA,B07L9RKT41,5.0
AH2QKH3MOVXR2DHAUY4TXMFFLW7Q,B0731XJ2WN,5.0
AE6FEBZWJDO4DJDWIDCRXSMFVQCQ,B0002E57D4,5.0
AE5NWEATKNGPC2F5AUDU4G7COV5Q,B071GTNM6D,5.0
AGXCV25HDW4JXI5QQSJTIZUHPRHQ,B00JL5I70K,4.0
AHNOYSM6BGMCXVETNQNOKQBSXGTA,B098LHYD3K,5.0
AF6MVWJFHQT2OX2TSWXSU7L2D6XA,B07B8WL33G,5.0
AFOOSGLWVEYRI3BTTAYUZZRGPLFA,B0BX8HZ5RH,4.0
AE45WDXXXZ4KORRG4QC26I6TNVSA,B003AM913M,5.0
AFV3FCAYHRCOC2A52AGKK2RPPEYQ,B09T82W1SN,3.0
AG4NUQQOZOZMVC2NVNLWBTIVSOBQ,B001FSZR4U,5.0
AHX2MR6NLBEPURAZZUYFARJVHSEA,B0BFKN3472,5.0
AHITNRIG3XWBTZQ6NIWR3IIHA6PQ,B07N2WWT61,5.0
AHTFYXTJ7M7MDPVFP7XOP5HNVIGA,B0BR2PXCBW,5.0
AGPV44OWAIBX4EIPZYJSXLQPBZGQ,B00NTMTV88,4.0
AGWJ3WOKO6JPVGAPDSYZJCAOAD2Q,B002P9LCYM,5.0
AF3TUPL3CN4WOARNMBEUMEFEJW3Q,B0C6ZG7MQ9,1.0
AEAGSWW4RVIR4L5BH4MVOV4X23ZA,B0C5PRQ9K6,5.0
AFXXJKOQ7QN3VZSVKRMAKB4PSKYQ,B091YFQGCJ,5.0
AHXPMQ7YOOHFIKJKAKBCJ2AF7UDA,B071X5GC87,5.0
AE4OL5LGNMZXDJWENP32PLH4KXDA,B01CL3JXLA,5.0
AFJ6BNKTPZQXGEOAIOMMCSESJS2A,B0C6HXYY4R,5.0
AHV4SKXGCWKAT4NRPWQDWERJQLXQ,B07J5FVQNT,5.0
AESTCLTPG2A6OTAH55KHCMEVFL5Q,B0839119FS,4.0
AHSCKDESSXRZL6RQK4FHOFJGDDDQ,B00HTWQWFO,3.0
AEWNI7WO3QS5KWRKBAB4FLWGKYVA,B0B4WPYKSZ,5.0
AGJGTZRZCLFSCVVMBNDXVPHSIHVA,B00JJNFP54,3.0
AERO573NK4DRWCKS3JJ53TGSMB6A,B013ZHK4DM,5.0
AHF4GF6ZASGEYRWYWLW2U4RNN2BQ,B00UN8PH4I,4.0
AHLFYDRLX6L6LLJ4L25C5XFNEWKA,B0BPKH4HB2,2.0
AF7QY2ZO3X4CDJGV4ACGHYSSUMAA,B0799734T4,5.0
AFCIVS44DHRDBJKC763CZ6ILP5GA,B015QK3GUO,5.0
AG4XNEAB4VFRH7DYQWIJGL75KVDA,B09RJZSQML,5.0
AHEA7BJ6ZQXRD2TT6IZA5D7IRONA,B004XNK7AI,5.0
AF77F3QYN5GSD7OBRNXYP5QGI6GQ,B000T9L7W2,5.0
AEG3S2JSG7WW3BXOWKWYPVSTED3Q,B09WJ596LC,3.0
AEVBAPYXHRLDJOO6YH2DMRC56HXQ,B09S2VB3KW,5.0
AGVM3U55VHWHEJXRQ4IKLK7NCAAQ,B0BSCGXCVP,4.0
AGZYNSF4BAY5PVTF5ZPIUHE7C5OA,B07DCLVKBC,5.0
AEH6QOPVX3MEIJ3RM44DOXH7VTQQ,B07BSHS3BX,5.0
AFJUQ54UN2LAAU6QQYZNCTG4HMYQ,B07Y9Z4XQX,5.0
AHZOWNQENHOHDPK234WOZVMLS2SA,B0775CBC5R,5.0
AFC4BQEUEQWVU6TXMVVS47XZ6TJA,B003A7GM20,5.0
AFKGIJLJXTOW3I4R7TFM6RN6XBRA,B0BKZ6RT8Q,5.0
AH246HVN5MKGWAB7PMKHSPDREWOA,B087D91DN4,5.0
AG43KQOKOO573AON6M3W5TYWWE6Q,B097Q9W8MW,5.0
AHWAHTNGQTZCXBUPWH5G7NYST6YA,B00DCJ9DCW,5.0
AG3B2CFSOW2BJ74UFTCSTDLJ275A,B0C5RBP34V,4.0
AHZ5CFCVZLEBSPWWANJBCHP3B4AQ,B01DPCONFM,4.0
AGCPST7H7JLEUJIEECK2H5MYWOKQ,B019NY2PKG,4.0
AE3TDVF6M5MAB6UK34376XCCHBBA,B01H8E58SY,5.0
AF3CM6ZQAJLOVS3UW3XZORVEGVHA,B07MJQH1LT,5.0
AE2G7LHNL4YQI5EQHO6RIGHESR7A,B00Y0CG9YA,5.0
AFZUK7RCANY3O3S5Y4CUJ236A72Q,B0B8Z76J32,4.0
AEKUCQMVDAHN34ZQDYMU7PNBZR2Q,B01LWWYCRN,5.0
AFBSCZMVEQPP4CQHLZ6LYUB32UAA,B00IFOTSJW,5.0
AEPZV4R6ZGAHXLDCYXFBFQREWO7Q,B0002OP87E,5.0
AG4N4RGBHZCUXXIOISMGZ46VSJNA,B017AFVU7Y,5.0
AEDZCUIOKFTDVAQVJHQ5P2TU764Q,B01A0D3SSC,5.0
AEKQHCEMXQF7OW3LWKVAYJJHNZKQ,B002LTFTO0,1.0
AETCDHEOKEQREMRIBZJDTKL6YXQQ,B08T2DMFKD,5.0
AFURKYEZVRORWYCOZO7BPR2U65XQ,B0B2Z13RCR,4.0
AFRWXBFR2HE3ZHWU6QFFGSPR2QXA,B0BY8SWQ1W,5.0
AHDBO7QJ4EGECUDQKNVAW32Z3V6Q,B01N5QJ0LE,5.0
AEJVWNXW55ISA3OATOA64QX5WXYQ,B004XITWCM,5.0
AFQJOUEBNCCZXFELH5UR3ADP3BXA,B08KWM37GM,5.0
AFZ63RGQSNBQJQJQM3MHRBKRGGCQ,B01DECWM0G,3.0
AG5N7JCAWUWY2YH6BIGJC34EG4SQ,B00M9BSZMI,5.0
AG6GAO6LQQXN5N4QKX3ZQPLIYXEA,B0150YC54E,5.0
AHK7B6UG26R2QW427SGYW5HW4EIA,B07X624YB5,5.0
AHT7ULEGSWNWLMFIENNTIELDXKUQ,B075R58Q4Y,5.0
AHJZP422GCGGNTVER7Q3GJIR7ODA,B00V8URXSS,3.0
AFXTOZFT76UHKIYU7CZIRAKYIK5Q,B08BW2TBD7,5.0
AHKYG3ZX7SWW4K3KHIXVW5ZLMNJQ,B016E9HCTW,5.0
AGBC6LK4N4ANCY7GPBKSV73XQK4Q,B07QYPY3PC,5.0
AHSBOSQBGM6R25L7P3EM3KG7QXWQ,B0BCXRG3QQ,5.0
AEQZCIHPL376ZN3LRVIK7LKIO6IA,B07PFM41FN,5.0
AGKTHO5CAI2NK4V7HSCUIKJLYX4A,B088DD5M4V,5.0
AGAO3DXMEMNWQ475FJA6DEPJDM6A,B073ZH1FNX,5.0
AF3BR6FQAGUDNKNFETNSU3KKHBOQ,B082XMFWFK,5.0
AEOQMBKMCAUY3EQ2CFEYDB252GPA,B000CPSGD6,4.0
AFJ6THBTHGTJWWK7OIW2P2TWSBCA,B0BYXVCSGG,4.0
AHOAWBCSTIAMPQ5NXRG55NPC53XQ,B0B7C2NM84,5.0
AE7ZIKA2CKZOIKONML4BJ22X4QYA,B07CYRYQ8G,4.0
AHXALPBICGW4TP72ZXYN5AHAA6NQ,B07CRMZQTF,5.0
AEZUZF3QBV2XAOXEPVACVNDWYTOQ,B015I0WXAQ,4.0
AESGJFLYGVHQNH46NGWZI5NQC62A,B00GG20DJ4,5.0
AG3C6CXDXFVZO4ULKDAQDWOMKMWQ,B00L1E6NR8,4.0
AFY45KTDPSXXG26TP6Z2QFJZDIAQ,B08XMGNB3W,5.0
AGKIRTDMGIQN3WRMFLQSKXH4CVJA,B0794JD1DJ,4.0
AE7BAST2UTRFTYAP7V4OONCCFQTQ,0879309210,5.0
AEABO4WBVLZ6J3VVOA5XDJ7HDBQA,B09W9ZJBKC,5.0
AGG3BYW5FNAOLFRE2WUOT6LNHBDQ,B003GEJ5J4,5.0
AEIJO7WWMCD7DE6YQAFIB2L2QGZA,B0742RB7JK,5.0
AFURKYEZVRORWYCOZO7BPR2U65XQ,B00IFOTSJW,5.0
AHT742VUDQGIVZSKPHCKEOFEEG4A,B09T8HDBYK,5.0
AERTZGEIDREQYMZTMBUZQZVGDSWQ,B00KLLKE04,3.0
AGCLXVSLJN7TUGJI6YWQW46XEJSA,B001E0CK3K,5.0
AEQSMBSD5HP3LSYXFGQW2N3Y3CEA,B095M2K5KP,5.0
AEYAJCNIHP7FW3URXY3AOLYTY2WA,B001XJBWXG,5.0
AHYRQOSD7KNYDKRSURB5B4HBWBUQ,B0BKZ5DJZ2,5.0
AHDIPBNAP355S2TELPMBHBBN5TEA,B09G5KLKX2,5.0
AFOHCSWHO2N27LSXIATOMCFZM67Q,B00FUTXO8G,5.0
AGC7CFOW5DZ4EX2QVNP6ZRSDDLFQ,B07NST2LSB,5.0
AHNLWRU4FBQBR5KGHFV6OIM5DVBA,B0BKZ7FHHW,5.0
AERLXMBYKQGUWBDDQLVA4XX3R6JA,B091YFQGCJ,5.0
AFQKAEURQDE3GKD4HBW4VDZOZ22Q,B097Y8M21C,5.0
AGWVA2PPESBPQ5XK32DPGGH7KHRQ,B000M74WXM,5.0
AF6MBPLQMTFYIPFKY6PQOH7WCKEA,B09JC3Q3TH,5.0
AGX24YN4HZ73DCPZH2VCZ36MDMIQ,B004OK1G64,5.0
AEE6H6VC6RTWJS2RMXUJCDPOY6NQ,B00TV90MT0,4.0
AHGBHUGSYBGF7ZITSQXRPZESB33Q,B0B9BP315L,5.0
AG4ZB6GMF5W2K5OOBYH2LLQMAMOQ,B077Y4JGQ1,4.0
AEYM4JF7CX4PXVZX6HBA5ELI544A,B0C5PRQ9K6,4.0
AFMG74ZXHJ2XIJW5OUELTC5KRPKA,B07B9W2XFS,5.0
AEJHSV5VEW6DTNUIIQRBTCQGXFHQ,B07HM8Q5FR,4.0
AGT2TLMLIWZOIPRZ4ZANFYICIKDA,B000K69UM8,5.0
AFOXLAJLPADIV5NXYE6CLSTBAC4Q,B09HWJRQQ4,1.0
AHO2NGQECJA3SONZARFPZKKUH6UQ,B07CQQXQ4T,5.0
AEG2A2SPGLIATB3BP72NQT4MBK7A,B008OEWZ5M,5.0
AHDMFMMBOWVOTXAQMIV2KOPM346Q,B0158GWWJ2,4.0
AHP6UXQUXLRXD7ITXH55CBGVBLGA,B003YJQX1O,5.0
AGBFN7JJDKK3RURUIIXTLESUBSCA,B0B3LLNVNC,5.0
AFJZQ7ZK67AXFCA7GYLHVSBI4LHA,B012VQ5A7S,5.0
AENWSEPERMG6DSLCD2X27BGBWQAA,B0BK6MQF3Z,2.0
AFNPVYGE5OUMBZBC274J3V2UUXFQ,B07FQCQM4D,2.0
AF6EJYBF33I6ZOJWPS6SKJCN2DQA,B074P6SCS6,5.0
AHQKYENUOHAXZG6CNSBUU6X7BI6Q,B0064BCRQE,5.0
AH74S4ZHQIZ2HCY4CYQNNFD2EL7Q,B09BF8XDF4,5.0
AFJFIPK3DGPDXQAOPLESEBHIWZJA,B0BBPQGSZ6,5.0
AHWS7CTKOVDDBIP2PCJAY3QFTZTA,B0BWVR4S6H,5.0
AFBFEQ63CH3PADWCT52FIYQLG7XA,B00IFOTSJW,5.0
AFH6AUO7HH5PMJBRBQGQQKDV5HLQ,B091KVXGPH,3.0
AHCV5Z6U2C3B76UVSBEZYVWQNJ5Q,B07Y7ST6BF,5.0
AE3TS5R65QSFTYKTSRHFXQKVR5IQ,B0007WLWMG,5.0
AEHL4256MLAXKYTZGAPQL75WZ6AA,B01F6WIX5K,5.0
AEZWO6JBHBOWFWDD3SHY3TPNB5AQ,B06Y6BCX7B,4.0
AG4IBVQSLXLZFIBFE3EDMOJMVLHA,B0BHSG5C3G,5.0
AGCBIRCCOOCRQVVCM3LTOA365FNQ,B07M81HC4C,3.0
AFG6BOX7SFWFTWNRMO7LSMDLA6CA,B079Y7XKW2,5.0
AGVT5E2C6WNOCFYSLOCPAPBJOIKQ,B08F93KSDY,2.0
AFET7FPF4IJYOCCCQBKKGWLYEETA,B00A7KC9NO,3.0
AFGSM2IFWCMZCPCORIQEO7SGXIRQ,B00B9060X6,5.0
AG4WPSHRJ7W4UF6IKZJ2FMYUVGCQ,B00G6CMP1S,5.0
AEH5BNAS47KL2BMWVV6GKD7JDUDA,B07NBMCG9T,4.0
AHXYSMCKABR6O4W37Q6YIF6NWVYA,B00M1L1ADM,5.0
AEWH7JMFZ3SQI4UE3DU6VRYD2BGQ,B00L9R9YVO,4.0
AH544NICZBHWPHVOLJZNMEQKS6IQ,B07NDJ1HSG,5.0
AHGRMWOGEUJ356QVBRO6TVVJWI4Q,B07RYQ1X42,5.0
AEINHEPGMZVLGFEWFQY5ZNTKS3XQ,B09DYS2DDT,5.0
AEZTH2WTKDOJPZIT3GIFZ62OJLSA,B09R2TMLJR,5.0
AH7JAXK4CMAKGB2I7X2BIW4OMXGQ,B09S2VB3KW,1.0
AFKTMWUJ22FQFWTT4V3IKQNJWN2A,B017NT392Q,5.0
AEZRDBBVRRHFM2LTK3WW4RJNHOQA,B00E8CEW7I,3.0
AESVKFHONG5B25UZH7DRJ56ARJJQ,B005EHINSK,5.0
AF4MGMYWV6VLEQQ7E7M27JALDF3A,B000M23OQ8,4.0
AH4MENCROTJQK7T4D3NVIK3E7KZA,B0012BPMHW,5.0
AH3RE2HDYHA7C22F5VCYQLCWVDYA,B074T6YNSK,4.0
AHSPUN3WFKKPR2W3B2S73NSYFATQ,B00O2BISAM,5.0
AHDALDGFNPUZN5ZQGSPWZPVG67KA,B01CFNML9W,5.0
AG6FYGUMXO4TSTPFWPFTNHJXC7WQ,B095XZJ99J,5.0
AGOIXNAZLPTROLAJK7A6AEFKB3OA,B014F1UKI6,5.0
AG3LFN3BICH2V5RPI2XFRKQSEDZA,B07DWM2XSS,4.0
AGI2HHZK7SWM76BROAC5EYEFKCKQ,B0951C4RGR,4.0
AFBEGCILG53ZZXPI6FF5UN6UI3FA,B019ONS4TC,5.0
AHLVMWREGLYAOXZW3YPMPGU555ZQ,B0048F0QWA,1.0
AGSUZIVP3CBSFA24S3UGGREDGYCA,B015TBAAT0,5.0
AF3TUPL3CN4WOARNMBEUMEFEJW3Q,B01FHM1DNS,2.0
AECJK6QUF6XDRW5KDS2OB6TJ4VYQ,B004XNK7AI,1.0
AGH7F3VLUYMLE52O7FHD7X2B5RAA,B079DRQ4ZV,5.0
AHSN74GHQIXDIZTRGY2W22DCQYDA,B09JWL3BF9,5.0
AHNG3NRGEDYO7E44QMYDHMBADPBA,B0731YLWY8,4.0
AE3LXT2NVT6I4JHOXL5U6D33U5RA,B093YGS1F1,5.0
AGBX4BNES3BBJ2FFZIBA5763LLBA,B07CQS5DJV,5.0
AHZL2ZGOCP7VUX4RCTNTTQ7JNRHA,B09PBL98Q4,3.0
AEJVWNXW55ISA3OATOA64QX5WXYQ,B0BTC9YJ2W,5.0
AEDMLGFTCQT7ZADAK5CKMT2T2T4A,B0B8Z6192W,5.0
AFTBXQNBI6S63NJO36DBALW5M67A,B0BSCF2FD7,3.0
AEUFWFA3TBVVD67HVO7FOLWNXUSA,B08GZH46GW,5.0
AFWUY7OEQ3NRSEADRQ6PMRLOLP7Q,B071YTY3QS,1.0
AGDQCAX573GEXWKTJ4INUD7NSH2Q,B01F543PAW,5.0
AF626HHXSBCNSMN7NKVKP6UVWEXQ,B000J4I9VO,3.0
AFHTKUVUNIJ3R6NFVVPKWDTVX7DQ,B074QKLW4N,5.0
AFUWIHK23WPEEPBRRSPULFMYMP7Q,B07MZYNZ1C,5.0
AGSVLMHAE6DKL34BW5AJANZ2HP3A,B0BLSGXGPF,3.0
AFMXSST3YJL3H5IBCU7JRZGSCMFA,B07B9W2XFS,5.0
AHXGOXDCTF7J3ALC2ENH2LBGIB7A,B0BXT5BYPN,5.0
AH45K3P2YBR4JXYQ5TSH52BYL6OQ,B09RTZ26KV,4.0
AGENT7K7THM6Q5VKHKH2PUACREHQ,B077YJ3H6R,5.0
AFLMACQKFSUNVBSPPBFXV4AVMRIQ,B0BPBMBL6B,5.0
AHGYSJ5C6F7YUTGNX6EMVI5QLYUA,B0BK6S7QF4,5.0
AGHPBBUCMU72JNN57OKEFJ472UUA,B09617MLP2,5.0
AH4UVAVFFRYIYJIBREZK4WP5NKWA,B08C9YWGNM,3.0
AEBXDQP3DYUQMQUTAUIMYMOMSRZQ,B076ZSHQ47,4.0
AEGAA3WMX5TUOTVJUJJUNPOZVODQ,B07Y8FGXDF,5.0
AHJIN67MPL7OZPJ3HINXNP7BOCEQ,B077YGLM39,5.0
AG2VMRQG7CPHKGWNP3TT5V7I4JJA,B0BRQGJZXR,3.0
AETYS626OQR6IWDN7UJPGDA4NNLQ,B0B8FSCM9L,4.0
AGNME7F4IAJUQ7OIEIHDUXS2IFVQ,B09MBW81X3,4.0
AHYKZAUJXW3OCM5UZCKRVHAPQMLA,B07BC8DCC1,5.0
AHIUWHWGM4ZYDRKZHUNIKOJVLYCA,B08H75RJZV,5.0
AGKTPA4K3NKKVKX3RHSW7ZBLZEXA,B007T8OGLK,4.0
AFQK7EQ7D6ZPX7DJ5UOWB56BZWPA,B09RN7GR8F,5.0
AGDHBVAVHDE6JTAWUBENA2IXHIJQ,B09DJZK72G,5.0
AFZXFNKXADRAUQ2NEDYY267QINIA,B07DGW4H5Q,5.0
AHB7NX5MFSJ6W2NWR5UNUFEF7RNA,B000V1K7FG,5.0
AE77LTJF2VGJAZFPCJYL3RFAPZFA,B019NY2PKG,5.0
AFELGLT57C4JEDRENY5FBZBYXRPA,B0002CZT2A,5.0
AEHPI7DGK45GM4JO4PP25BE3RZJQ,B09396NY1C,5.0
AETYS626OQR6IWDN7UJPGDA4NNLQ,B0BXT384GR,3.0
AH7K6J4O5D7ZE5QZAJQJ7V4JJR4A,B08BJGBHN7,5.0
AHM6XU5UR2N6ONEAFVPHJKEN4BUQ,B0889FMRNL,5.0
AG7A4AVEW6FTLSQCEBRIXLGYTM5A,B001H3EV9K,4.0
AENN7ZX3EMGG3JKILEMJSYLBX4FQ,B004OK1G64,5.0
AEYBXANH4M5NRPMA5WGMTLN2XR3Q,B06XF6NF5Y,5.0
AEEDYZE7SWKKVMVWYZD35VYCMAWQ,B00PR8AW62,1.0
AFAFI6N2OEHEZMADEFS6BN4XMGRA,B00MJLZIDW,5.0
AEJXBPZPKA62VIDWND77RDR2LFXQ,B09V91H5XM,5.0
AFKVQRYREQIOY53LVNLH2MMIMQSA,B083Q5T15W,5.0
AEFE5OPBDT3RILFM3R3IX7XO7HGA,B09PRKZ6FN,5.0
AE7HFNHDMZFWK4FQ2NZDBVJ2LD7A,B077J6ZGD5,5.0
AGOIXNAZLPTROLAJK7A6AEFKB3OA,B091YFQGCJ,5.0
AHX3BWXWKDWSIOIANV5JZ6TY2WTA,B00T38U7HQ,5.0
AHI4HEBT7APLICJPKX2WXSSTEPZA,B09VBWXMBC,5.0
AGKU6OTPLHUFMEUZQCKLLC7SU7HQ,B09W9KRSHQ,5.0
AHL67QIBKSTRQMFTJPJK3RJ4KJFQ,B07RLVH6H4,5.0
AGR66GB7J736YGNOEQXECJZENQXA,B07D5W5X3Z,5.0
AGQ5FPALHWB627LAP4WZIMIWRJUA,B01J4PU7TK,5.0
AE3SOV2D5KXSUM3BXEQO7HXO55SA,B0BTC9YJ2W,5.0
AHNICXK2GA645SEALR3E762ILAYA,B0B8L1H6H5,5.0
AF4VAHTAJUP5UY6BOZG623H7KOEA,B000VBH2IG,5.0
AFGJOLXILLOCUFG64OFU2FQVNFOA,B0BSCFTV2G,5.0
AFFES2GI2HRUKJ666T7BBGQPICXQ,B07BSZNKTM,5.0
AE4UJ34DIERPH2M4MGBRWATWJY4Q,B0BQ48G9Q2,1.0
AFH6AUO7HH5PMJBRBQGQQKDV5HLQ,B09DVHGJSG,3.0
AFWB7XHYZWK7SPBQRQZQSO4YXTAA,B0BCK6L7S5,5.0
AFLI3BM2AJOV7JK6P2CWU2Y3QFQQ,B07FYCGSFJ,5.0
AFJ7FVPPYKTZGX6PY4KNUJQ7OOMA,B06XXRRGTY,5.0
AGXTFGO7KXIW257RRFLSA3C5VRWA,B0983RZ6P3,5.0
AHGYLAWJXRB5F3YQ6Y5HRV3GY4QQ,B000FZ1KF4,5.0
AH5JR6SYFSYSUV3LIPKY7SSMA7IQ,B0BPNHG7M2,3.0
AEKTPUZTC3F4YZG3YAU3UH3NYKQA,B0C4YN3MMY,5.0
AFH6EYTOJWTQ5XJIO7OER5HCQC7Q,B07SZLTL1W,5.0
AF3D3CKUZ3ESHEWI67ZXZO7RHGBA,B0BL8X66ZY,5.0
AFFTXDA5L7I2HYGFFKHBMGUWW3GA,B000ETOUAS,4.0
AGTG2UZYJCVVX7QDE4IW2I4JGB4A,B077Y6MY66,5.0
AGVITHXYWGKAMYWZ54F2UZWHMY6A,B07B16JL73,5.0
AFLL4CT7RVP2BTO2TBEOWXKYPGHQ,B09ZTBMWRK,5.0
AENFQD5EQBOPKB6TB7AOAD5QQCOA,B09V92RNL3,3.0
AFXOJVXLBLYD2KJCO2MV3TVEPEOA,B09X8TQNNQ,2.0
AEDBU4UHNM6F5BEWRO2LY2LGYAJA,B08LVQKMKZ,5.0
AEBE6ZW3F7MFDQI6LMM7OPAKGOCA,B08KKF5RW7,3.0
AHPJUTQ3YBWZYP3HHH5EN6ZKHQQA,B075FSQFPY,5.0
AGJJC3UVE2J5TFAG5AGCIFSMKZIA,B0165KH7GS,4.0
AHF4JEWQEROLVQZJJHSI67KKWTFA,B08DM9NFLH,5.0
AHAEDB7FPXJBM523PXFWBS6SWPRA,B07SB4413B,5.0
AE5D3UKKN4THMV55GGAARPRXHFCA,B001CWWNPK,5.0
AHHAZWP7DDUCLTBD2YOHLSGOWA7A,B08H7VTXWK,5.0
AHPVKP6B4O27XLL2I44H7ILH33SA,B00N5THBGO,5.0
AGLPJOIU5TK67LFND3AUIWMCAF3A,B07M7XDW33,5.0
AGFXATQGNYBKELFQPRMA7IGEMACA,B0BSGM6CQ9,5.0
AGJBLM6O43DUUTQI52GRVVR6YDFA,B09TXP3FSK,3.0
AFRQHCPK4TP7CKDVVRWR524DVW3Q,B014H8AWGC,5.0
AGUGDFZRH2G72L23E4WIB7BGMOVA,B077J6ZGD5,5.0
AFRMUNBPGSPKWWIAB5W5OBNT4O3Q,B07B9W2XFS,4.0
AHF7TPHK72VNTRAA675SXPJ2NVKQ,B09KRR7C6R,5.0
AEVNCPAF4GHJPW2QRQBUTV7U5JBQ,B08T2KB92L,2.0
AEKS23KTJWPSSKWVWNUPKQMKOVGQ,B0B8P1YW7L,5.0
AG65H3KESUARZW3IYMRXVITV42TA,B00X7YJUGG,5.0
AGOHUZDWB7HUI6NQOLEY56QG6F7A,B06ZY6D39R,5.0
AEOYITVO4RHHLQUN3VQANSVDIN2Q,B0002IP47Y,5.0
AHEG7C3WGLIFZ6KICEYYTTVB56TQ,B0035FZMYG,5.0
AFJ6SQSBNT2QNP2BTPXIFHDAL6CQ,B01C5TBX68,5.0
AG5JI7Y3IEBQNGD322UVZCXH4SAA,B01M8M90YJ,5.0
AECFLUVBH26B6DW5DNXN2S3TDG4A,B09JMYM88H,5.0
AFLX2VPV66I3RSCOSL2OPXLYZDJQ,B085H22BGK,1.0
AFZOLZJRFK54RYWXE2IADK2D5NUQ,B01142PFMA,4.0
AHPE2VIQMN4QQMY6FDOBTI5MDHTA,B09DVHGJSG,4.0
AFXTPN3SBU4JC4P3IZCFFNTXYQJA,B09SD4CD5Y,5.0
AF6TUHLWCEOMYDFENVEGKYKSHZZA,B0006NDF6C,5.0
AHS5EQSUTQIS6CCNXQEFCGK7XJ3A,B086W93GHN,5.0
AGUAR5LOTVA6SHQBEM5NYSO2EAWA,B00B5LDMH6,4.0
AERVJNZ5RKBWB4V5B74MU5LMZVEA,B0B5KX2882,5.0
AF6BGLFASHKUPEWPXBWFJKRMP3EQ,B07HGRFG5J,5.0
AFVFAY7JETKKWXAQBOPJTSALSAXA,B073VRMPDY,5.0
AFHHIAVPXFYRPDQYDE2OW4YO6FCQ,B08YK9HWTF,4.0
AFZMYX6OPU3UF2637SDLHZLWYDVA,B01CFGB8KM,5.0
AER3THLOZ7KZ6X6L3ACFZTTHDTCA,B07PGMGJPN,5.0
AFVSDHRXFBIUSK43W2LYIG3ZP66Q,B01M0KBF9F,5.0
AE6XZHWP7GCYYMB3KMFGBUMEQOMA,B07ZW1GBVT,2.0
AGADQZLASMTW3AVWPQIS7EDRAKTA,B07RS1QKGK,2.0
AGOLR5ENOMVPT2UONE22M4YIQDAA,B01K1EJQ9U,4.0
AEY5RIKJ4WW2AV2RF36I6XHCXOLA,B004FEBS8K,5.0
AGOUQ73XWQY73FW3Q3BXYN7HXG2A,B0BSCGBBX5,5.0
AEGXN3ZQSG42J3F3APJQKTTPLTBQ,B0C67HCGBR,4.0
AEYMJEI6E6LOPJPL4OU6Z4T5FOWA,B015IJIO5U,5.0
AFHET3OYTMIYN4EAJ4AOAZSZBPXA,B0036FFKE2,5.0
AEEL5H2C5ALPNBR3N67HM3HTBFCA,B06Y6BCX7B,5.0
AEWTYTLUBCTWDPCKMTKUFN4SRADA,B0BXT6TM6N,5.0
AGZ3EEUWPVVLQX5LMBBYHNKNBSNQ,B0BPLFP5P6,5.0
AH4ZEMKEG2WV7UHRLS6NGVBO5HKQ,B0BXX3MYXT,5.0
AGOYR4GPBPKPJRFMMGNOKALDT2RQ,B07DMS2QNL,3.0
AFXFBPCW7M5OYUSORHV6HQASVQWQ,B07YMGPV7P,5.0
AFRHPC7CFZICVH4IROAQCO7RL2GQ,B01F8BY2AO,5.0
AETNDIMM6EQH7SCFUYLUHJLBFKNA,B075R58Q4Y,5.0
AGNP5VOARWMYZYMNSQYQND4NB7TA,B0B31RCL2G,5.0
AGX5QVR6UPVGT4OYU5JCPSKN5X3Q,B004UDM37Q,5.0
AHCHW2CQHUSBPPNXHFE4RPGIXXDA,B0007OGTGS,3.0
AHAVMJ7OKLRLFKHUSZEZQHPQCHWQ,B00WE6INNY,4.0
AHFIIUGZRRSUV74WTKV7GK3P4EPA,B0B9LKKBHK,3.0
AEZWVY7SNYXITG2YVXG4CWWGKJDQ,B07HFLRCR4,2.0
AFKCIAGGH7KHMU7JCN6ZGWX3ITYA,B0BR2G8WYG,5.0
AG25BHPXN3IJ53EHA7JCLMPPQUDA,B0BLH2CBVK,4.0
AFNKANPQUS5G3ENXFLAJ4CHWQGFQ,B07H6WG4CG,5.0
AFVQQLENFSRWGERDSJAIIEPSGCIQ,B00B5LDMH6,5.0
AGJ4XF6MVSXI2HMTCU4EF3JWNMBA,B00EOAF0G6,5.0
AFXRISBWQYPDQKEYLZ7VMKSDPDIQ,B00145EVJ6,5.0
AFYFTNZQOU3VO7KX7ORJ3Y5X4L2A,B071P9JVKN,4.0
AHUDHYMPKVYPTVUFMWLBMWJX67JA,B0BPLFP5P6,2.0
AGY4LSANTCTFGGXVHUO6BBDARX7A,B00W7ZL4TM,5.0
AG7TXC563E642KFHS5YINKSCWE6A,B0018TBECU,4.0
AHJUKDLBKDLRZWZ2OFNOSAYOCTZA,B07G37S6S9,1.0
AFIWXMQJNT65JSZVB3KM2EYVMKKA,B0BCK6L7S5,5.0
AFQK7EQ7D6ZPX7DJ5UOWB56BZWPA,B016ZHLN7K,5.0
AHVC53MIZ3LKW6OZXLC3O3F2OQMQ,B09857JRP2,5.0
AEJO75YNQXAOIKXC2PF4CZEORMUQ,B07MJ3KSVS,3.0
AEEPQGUUCOYUMX43HWU2JIINBSUA,B09V91H5XM,5.0
AHCHNJXZ6Y3IH7QNDRV5VQGVVADA,B07N2WWT61,5.0
AELE432LWG6NBGFTGTGVLMNILSWQ,B075MPFFRV,5.0
AHNXP6YEKG5ZEOEQU6M4K6Y2OM5A,B004TM31QK,5.0
AGGRPYA34S7CHDII6NQWKUXV2HCQ,B08DBDD6CM,5.0
AHNQUGN2YMD3VM6LSJESF73OMGPQ,B07KY75YGF,5.0
AEAPENO2NBGU2UVLRBSH77V2CIOQ,B09ZTH7BCS,5.0
AGUIRJTR5DFHIQP26TDUJVJNQVTA,B0BHXYL8BT,5.0
AEUHHZV7XCP7O6WIJWSYBCTFOV7A,B07SZLTL1W,5.0
AHP54DEEFACVFPIFX7KZ3P32ZYVQ,B09Y5NZ8PN,5.0
AFJKBXS63DTOIVPXS244TKEEFGWQ,B011NJRM48,5.0
AHKONMGJWJK5I4QUQ2ZCAGWIEYXQ,B00HJOTMT0,5.0
AEN36LLBEDJ7NFDSKJFQFV6GMSFQ,B00IY0BLB0,5.0
AEUAZXMQOTNMJM7QUXLCHLYB5AZA,B01M1GG05L,4.0
AG7EI3UOXIQXEL5QDZPVKPSVR4UQ,B0089NNAFW,5.0
AFWZAOGMC5HAEDQAOX5MUN67T64Q,B015XDU5C6,5.0
AEIBMIYUP6WPZRTCVDSHQ5KNVIHQ,B08C9Z3BTS,4.0
AF6DCSQ2GVNG6DAKRDYPUCW74YCA,B0B1989GQS,3.0
AHAHIH6DC7KVK2DD3OX4VWX5Y5GQ,B004OK1G64,5.0
AFKMX6JZ655VPVYHBTATZQS4IBOQ,B085D7Y3JV,5.0
AFJFZ6GLBPK74N3SK5OCFJWPME4A,B01MD10XAU,4.0
AFESMXB2DZ2KFRQXDNW3DWDGS7WA,B07DX95KP2,5.0
AEYGPK264S4ZZEKDRL5VW7QFBUPQ,B00WJ3HL5I,5.0
AHMG3ALUBE3FEBHODTBHP5J24YDA,B0B312JZJG,5.0
AHPIRROBFYQ2UMS7FLWJKMOWYIBQ,B07CBT4SYD,5.0
AGJU7X3JKHJKEK3CYRYDTRY7OEVQ,B01CQQMLKC,5.0
AHREWZTRX6ATMNDH6CLATXMKIINA,B08DBDD6CM,5.0
AF4VYLI2QY2N7S65KZHMIET7OGOQ,B00AHEW7W8,4.0
AEXP37S7YKZSVJ26DLTWH3AYHTKQ,B08G8W9HJX,5.0
AF3BB3ZKONXGWB7PWVSJBXIPFUOQ,B0C61YYGT9,5.0
AHYICNHO5KASNWVVEGAZHUM3LNVA,B01AW50ADE,5.0
AEDTPBZP4AQMS7RZKEZKZYHDPT6Q,B06XPCNFRQ,2.0
AGBD57DOENI7Z45BUDSSNWUZB7IQ,B07PKL11N3,5.0
AEH52AKWVKZCLB6TLF7SYDFOFMCQ,B09BF8XDF4,5.0
AFLNJEKYTPPZDLQ4PSQ7UH3N6OMQ,B01MRJUB7Z,2.0
AHLWBN3XMEJUKJQECDTG4PZYDI7Q,B07BHM7RKB,5.0
AFTM6NO5MNIUK5GNNXPYZSHSSIRQ,B001LXMXU0,5.0
AHWEBH3KB6T6BTSHWJNFHOYZA74Q,B000RXN6XI,5.0
AHEMAURZYRCARVTVF6CQYTYE4I4Q,B082DBGJHM,5.0
AFWYGASZ6IGNFBSGEOUTEAQ54TWQ,B01AH3RSAO,5.0
AFDV5K3VD23LQNRZZONVHGJUVCLQ,B012V1TG9G,5.0
AGFCZHTATBUI4HMETZZ5DXULTZJQ,B00IFOTSJW,5.0
AGRCVTGVKU6I4WAR4WJGCAQZM6XA,B07FSD3CP4,5.0
AHBJS5XJDFWKWPLRDNP2GGKCHHCA,B088WMVDZB,5.0
AH2GKTYXSNROUD6VA6IH3IP3XRIA,B09R3CJSR1,5.0
AGOHUZDWB7HUI6NQOLEY56QG6F7A,B018S20LB4,5.0
AHWOHCJDFWFEM4PGOZB4NP7D4AVA,B08XZH8DTM,5.0
AEU4ZKO7CCFVXMEKTRVCO5CRN3QQ,B008PIVRY2,5.0
AG4NCPCLWH3ZWUCXA7HLVRQ2XLNA,B071XBX2HW,5.0
AFFIKTHLF35JXNMYR3GSG4HJRYAQ,B014ZZW8QE,5.0
AGTKP6UKPCRCX7DN3BRMOXKI3EIA,B079P9LDHN,3.0
AHYZGTJ4E4TS3IE24HF6IQRJV24Q,B0BR2NW577,5.0
AG4KTMEI5K6SATAUEUJ2LELQYBRA,B075MPFFRV,5.0
AFQFEJJS3JP7MIHAPIDLWQHKBWEQ,B09Y1QWK5W,5.0
AGKWSSS7E3YKKUJSQZJZXI5ZE5KA,B07PRC5VQB,2.0
AHOVBMETSKJH7C2RPYQFETIBUMLA,B00UAKWHB0,5.0
AE53AVIEMEFU245TVANDSUXTHP3Q,B0B16WH36J,5.0
AESVKFHONG5B25UZH7DRJ56ARJJQ,B01DBS3WJS,5.0
AHAXTKZXG64KPAV6TPVUASJ33E4A,B007LEV86S,5.0
AFKB2ICK554PA2D3H5ONFC3VL3GA,B0784PVZWN,5.0
AERNB7KZPZZGGM4BIHCV6KAAARKA,B003GEJ5J4,5.0
AERQYULSHI3ZZFNI7XJOKFYYEEBA,B0047VIXBG,5.0
AEUOVHII7R2OLOQIOMVO5JFCRWOQ,B01G35TZAG,5.0
AF7CC34DK36SQJS7WXI44DREGWJA,B0B81D5BB4,5.0
AHYZHJQR66MRI2KKUWA3OG4BFJZA,B07GFH8NTB,5.0
AHWKSJ62EEEXSRG3ZHRNWBEXWFXA,B0BGHR251K,5.0
AFBFIVH32NPCDO5PE5DKWZXDKA5A,B01I6EHKL8,5.0
AGJSFZPZUX63MGYM3TCLXEPLTIKQ,B0185B3CC8,5.0
AFPOTFD5RRB6MHZQ5P5UIVG7QTBA,B0BR2THBR2,5.0
AFIJ75JQSAJKRL6RFKMSLPMHA5AA,B0BXBG7VRD,5.0
AEHGPRL2ZLF6TY6JWBNFJNIDTE6Q,B0BPJ4Q6FJ,5.0
AGSE3WV7SGP44ULL3HPGIDU6BY5Q,B0BR2ND5SV,5.0
AFXVOM24JL7OMMEJEY7HEA7DYH3A,B0010GKX0K,4.0
AGE5YXPVOTT7B2DW5B4LPLL4GL5A,B01DXVB4RU,4.0
AFQ4E2UCAYIG6LU7UP4EZMMKNYFQ,B00IZA1GI2,5.0
AEI4K2NEMJ2UZLNR73JRGWEDU7AA,B0C6J1X7TD,5.0
AG2CCIXDW6TXDNC64A5422PFL67A,B07YPXFDTS,3.0
AEN5K6M24BIRZAYWNS7LDH65I43A,B000FLHSAY,5.0
AEKS23KTJWPSSKWVWNUPKQMKOVGQ,B001ANI6FW,4.0
AGDHUM4WRPOAECBDRPRDIJ6BEYKA,B006BST39E,5.0
AE3GCADR2HTGRNXWR33YGTZ6XW6Q,B0B8M5FJ9W,5.0
AHKXGOAE46LEG27N25E5KZONL77Q,B09T4TND5G,5.0
AEXJUIGHYYB3Y5RWBAYB2EIUENAQ,B09MXDPD57,5.0
AEE6Z622I6B7FO37VS3WLJIDBG5A,B008H51464,5.0
AEMOYADP2JOCWPFFSQD5XOHPNCCQ,B0C6HZ3ZW6,5.0
AGDJZFFQ2ARQJQOPZ4LCAJA5TCRA,B083MWZ1DN,5.0
AEAETBOZH2YG3Q5K73YLQSKVSD5A,B0002H0M7W,5.0
AGOAOXZU4C2FYKKH4X4NPAYPOI4A,B0749T9HMM,5.0
AGYVQXISNIURL4AIOHGR526WXLZA,B00TV0SA7U,4.0
AEAOAPF3OQV4VSD4BCQGS33IPJKQ,B018FCZKR2,5.0
AGV3WQAKB47WL6YGX3IYAVEEFU4Q,B07FZ5XBCJ,5.0
AGXOXA6HK2C4NUP4ADQCGLLQ234A,B0002F4Y78,5.0
AEWZDYB2M3BYZEF4BFP3VE2FNS5A,B07MX64M6L,1.0
AHSKOQWXLLQEV4YYMFNWBQQMWZBA,B0BX8SSNYP,5.0
AHFI6EVQKDDMROI4RSVPWF2Y6ADQ,B0C9NGP88D,5.0
AET3S3QXEZM7Y7MDGCJTFTTOPAHQ,B073S9BHBV,3.0
AHLRGX2BFGLQ4JCYSS5DB2AK2ZQQ,B000BYPJ1U,5.0
AGKR74DLGAXCX37YVUNAFND6QKQA,B07NDGTFJJ,5.0
AGUMJHIDCBW2XGASEMJIHD26JN3Q,B09F2HJKHR,5.0
AEXX7CEHGXHPKKA63HPYS3JR53EQ,B07K2J841D,5.0
AHVFEBH4PD2V3XK2AZ44LFXTPZUA,B097FMTZCP,3.0
AGKQLSTQJOGWRWV6GHIZXSLB4VQA,B09Y1X5BSC,5.0
AGSP5UQZMOO4U4VWUL2CVBV35NDA,B07BHTDYGR,5.0
AG3SNVZAJVFMX5WPHZIDVAPO6YBA,B0B1DNT9HT,4.0
AG5FEKWGQDLOPZPCCVTDEL5TWMLQ,B01LQM3534,5.0
AF6JSVPJ2DCT5CECPNXDU5PWBMEQ,B09857JRP2,5.0
AFPR4KLOEJKVJKQ2HDNYKIUFOZNQ,B0BCXKFMKD,5.0
AFKUVBPUO5PIIBCJYBKMQABF4VJA,B078X3SSY7,4.0
AF5WH2KQNQ23M7NVENH7F5ORQ6NA,B071P23N7Q,5.0
AGQ4KUC5JAXB3A6UGXUM5DIPW4LQ,B08718Q5J3,5.0
AEMLDUMRZRY3H5UQSTVOGIKOR6HQ,B0073B587E,4.0
AFZIQSQJWTGIF5JPJXUSHLEPWROA,B0CC665SQH,5.0
AFA6BGHQNJZBSW5VM342TSSCPFXQ,B08BTH6VJ8,5.0
AGLS3LXZRF3S6AHDXUNPUKPFSFSQ,B0006ZNAZ6,1.0
AGTY3O2EKBN5YXIM26GX7FDP4BCQ,B09WJ596LC,4.0
AEER2N4OMRBWAG7BWDUO2DOVBICA,B09YRWWW7L,3.0
AEEDYZE7SWKKVMVWYZD35VYCMAWQ,B0BT855NFQ,3.0
AFUZR6TRZXN3X2ZRRPFB3BQMI3VA,B08R5GM6YB,5.0
AHCPG6UCDD3OKNGACZNLW3EXJXUQ,B07TN2CHPZ,5.0
AEQNSBGTU3I3VAIGJUOE56OM26BQ,B099NYHNRG,5.0
AEUB3AAUYNXUO6DFNVU465ED2F4A,B0C3RC7WWX,5.0
AGZQD37YMBU4CNUZBI2JU3MLXG7Q,B0BPKH4HB2,3.0
AG662TUAT4KJA67XSMAKRIIRF7QQ,B07NLKL6N9,3.0
AGZYNSF4BAY5PVTF5ZPIUHE7C5OA,B00VOQQDHI,5.0
AHXZMBZM7TCTGR6YQ7MI7LEAZ7QA,B07WW5PKCP,5.0
AF7S6K2LJFYM5UXGVQ5VVFCGA65A,B0BKZ5NP3K,5.0
AGVRYUDMQMBAJA3U6U7Q4WECPRNA,B0C6HZHZG9,5.0
AHK3GB2AAC6VO2ZUJV3MAIC5ZCPQ,B0085545YO,5.0
AH3ZYF275M4EUI5TZFJ4OZ6DSUYA,B005NZ05J8,3.0
AHGUGE7UGFA25SLUIXAHIVGXNEPQ,B07S1SP7LY,5.0
AEGNNCCRQPA57ZYBT3IO44I2VAPA,B0BR2HWY75,5.0
AHEMIIDJNI5YOZXFEFFBQAEY5QOQ,B0B8CWRSFG,5.0
AEH3PVS3ATD4V36TYF4TQWHSQYBQ,B007Q0C3RU,5.0
AGEKML3B3AXH5J42LHHD5H2UGZBQ,B000BBQPBG,3.0
AGHE2EDF3FFNNWAVGAQ4S6K7PBKQ,B0BLV556W7,5.0
AFDS5HV3F3ONORE7U7PMXMVMZAUA,B0BL8897K3,5.0
AGISLAL2FVA52GBP2CQYQ4TFGSTQ,B0B6P55RBN,4.0
AHFKHAG5UQQQGJWTD2C7A6NJHVEA,B071W1J3WR,3.0
AEDBU4UHNM6F5BEWRO2LY2LGYAJA,B002G1UT5C,2.0
AEYVE4K36ZVU3OCAGOGH3GL3JFPQ,B018FCZKR2,5.0
AFFCCV37Z32PXRMUD7KANRJ4OBWQ,B00005ML71,5.0
AHD6HKJ4CNXV33UEHRJ4VY2ABMTA,B081T39QJS,5.0
AH7ZNBHNNGX7KN4JFOB53G3Q5WGQ,B07BLKHLPK,5.0
AFBBHTNRJHWRCWTCGXE54MJWVX7Q,B0002II66U,1.0
AFCXJHXCH3WOXI7C2WIUSEKMHYXQ,B088JYK3ZL,5.0
AHIE3AXU3OL7AJHSRPSDNC53Q23A,B09KS976VL,4.0
AF5XBYLOZUWJLVK7F7ZQDL6OZPJA,B07V3NL6JD,1.0
AGZYJ2ZZTZUYPVH3JUSEDFY24SEQ,B0BFKQGWZ7,1.0
AHW7ETGBKGX6DCG2LBAG5YAXU46A,B08YN4F15G,5.0
AFRQ5Q5OIRGZ4ED2XWF3CMLZVW4A,B005IHLSTM,3.0
AHUPJSMPURGM4QXXHW7VZLHZHITQ,B00CE20J3K,5.0
AHA5GU6ZUSCVSK2VNE6364ZRDJNA,B01B1IBSIM,5.0
AF3KN3WD7YOQI7G633UMGOQUQDOQ,B0BPJ4Q6FJ,2.0
AEBGYELMA4BKQPPWGIREPQXDLGQA,B01LB3T45G,5.0
AGBUFE4F746573LDJ65QKCODIDCQ,B075R9BMF5,5.0
AGZS2D53KAOXXASMVM6RY5KBRQHQ,B06Y19G8WD,4.0
AH6LYS5Y3M7WNKZ2VVBZUKUNWYKQ,B07HHKV19H,5.0
AFVMTWBWIB5HH4Y352HP7XS65WSQ,B07CQS5BMH,5.0
AGRLBP36CVERCY4ZWEP3EWGF4JZA,B09857JRP2,5.0
AGHIMWAIM6LO7YDHL2CEV6NVRWWA,B07SWF48CY,5.0
AHTCW5VTIHGE4NVJRTZ5TRV5PFDA,B000J5WB4E,1.0
AFLCMXOFCVAMVRAU75DUP5AHXXFA,B002N4GBLI,5.0
AGM6KNEL26JNB7DRQKFK5AZZXVTA,B0014STI7S,5.0
AEU4ZKO7CCFVXMEKTRVCO5CRN3QQ,B001G3XRVE,4.0
AEEFEPZ4HBVZ47W7VUOSW7JNX4MA,B0BHG58G2F,5.0
AF4WHAAZO2VKSW6GJJG5R5G2TXUQ,B08H7VTXWK,5.0
AHQGNHYEMY2THNZXZZJAT3VS4FIA,B0002E2TTO,5.0
AHMUAUOHLITDKIKI4C3KVRWIBMAQ,B0BX8VJYMD,5.0
AH4RORLGCUXFWGQT2EAB5G7UH7VA,B015X3CXXA,5.0
AF5BJKEIHNGBPJBFWGW75ELTVRNQ,B07C91JT14,5.0
AGJJ5YX3GKPBX22A2DKXRPX57MUA,B07SFYY1VJ,5.0
AFWE7V3NYN4D7OKBSFYLF6KPSIAQ,B0BKR2ZM9X,5.0
AF6LG365X7TL2DPS7HGYK5BOIVTA,B0B3VQ8DY8,5.0
AFDSVXNRE2LCL6KR76GDPSVAUEXQ,B0002Z2CZY,5.0
AG2CYX4ICATMPE465ZDZ6RQQRLLA,B0B5N91GLB,5.0
AHL6UZNIFDSOKASI2VECZG2QJO2Q,B017808XKS,5.0
AEQ2MOHAZIIMHROOS5VRWJC2T3BQ,B01J317H5M,1.0
AEEFDB5HGXZPRAVTHRBJOUKMWXIA,B0BCL7N4MB,5.0
AFOKRVF2NCLL5AUDCDDXVWDKO6WQ,B00EM5UOE6,5.0
AHFPXB2URVT5XNVXG54QIEM4Z2DQ,B09YYB7MNN,5.0
AEWSTSKVSAZIWM6TBKXZRHK5NFJA,B098DLRBXR,5.0
AF4ANWLDVQRE4MM7UMLBQNFJAX4A,B0C3VVNXPF,4.0
AEZXWNGHCKWX74CZNLY5E724HBLQ,B07BQRDVYJ,3.0
AGZYM4VIZUW2D6KCPB7D52O7E4MQ,B00WJ3HL5I,5.0
AF4F5YORO5MADXZQC63MO65FQDGA,B09857JRP2,5.0
AGF7GPI5ZHALTTZMU74STRMGRJTA,B0749X9R8J,5.0
AHMG3ALUBE3FEBHODTBHP5J24YDA,B07XFNJL66,5.0
AE5URYH3HQE4N5WYARBDJSMMWCOQ,B09396NY1C,5.0
AG3ML6ROY7CFJTLMPJYWIW7KXQ7A,B0BPLFP5P6,5.0
AH2ZDSONTKASCAR4RDCD5SEPTPNA,B0BPJ4Q6FJ,5.0
AETEDS6HQJWX2EQYEQFUIAHTTJXQ,B00N0EPZU8,4.0
AGHQJW3LPG3HCBOB7YWKEYA4KWRQ,B00009W40G,4.0
AHMUFF5EOXLXLQW54WQMGDGWVDSQ,B0006ZXFWO,2.0
AEOSQV627LGYW2ZHUPCFZTYSSRXA,B0BZTB9B4X,5.0
AF3C2LCNGH35OK6HLCMX7RTG3HEA,B08MZTBDV1,5.0
AH7EXT73SLCGBJC4OYS3MXIDCKCQ,B07LCRPFW2,3.0
AG52TGAEELTPZNJOS72J33VALWEQ,B00OGNDKEA,5.0
AEU6AFGJV7RWYKXGGONYMF4GOGBA,B001PGXIVG,4.0
AGSAGGYZSLPFCVOJ3XTIUN42A52A,B00L5R5W2I,5.0
AFRHPTCG4SZVWT7QOV7G6TW3GXPA,B078L11275,2.0
AGZB437NN6DJ6CBJLPBIO2CG4NEA,B0BFF85D9R,3.0
AHWJXB2NGYU4QVDQGXXASEMTCRDA,B0007XRMO2,5.0
AH4I7EG2GI4L35NZBNZONB7BDYXA,B000TGSM6E,3.0
AG6ATLCKETNYRKL6GCQV35CSSGPA,B01N13O0N5,4.0
AHJTFIUDE3J4S2YMRXGTEHQK6MBQ,B07281RLMX,5.0
AHMWUDNW4LCB7NSSIZUMNSHYFWXA,B08GZH46GW,5.0
AFC37H5DNDOQKBJSCEETE6T7JTGA,B09LYNWVPC,5.0
AHMA7ASEUEDMYKTWHXZ22SLC46GQ,B00VNSOK2C,5.0
AG2R6QX4BQPXG5LZLRQMRXMXRLLA,B08ZKGSL4D,4.0
AGIH5L56GRLWMJ7L4TLTXPN6SA2A,B09WJ35129,1.0
AHDZKHRJWZJ22G7JY6NX7TTCEOTQ,B019ONS4TC,2.0
AECRFIY3HZZG5KMU424HTLAKDGFA,B08LRFCDTK,5.0
AGCML7EM4QFDKXX7WKPZ5XXY3PRQ,B07M6B3RDW,5.0
AFXGSPUGWEKJENYDNCYEHUOLMPUQ,B09R3KNKKG,5.0
AHWPWNFLXL7W4KGXBI7CLXNK7REQ,B09CSNM1YM,5.0
AFNPD5FM2TPEJNP3DIHSGRKUOUVA,B08JMQR2JK,5.0
AHBKIH4KMVEHIWF4ZAES4DZUTS7A,B003VYBNLW,4.0
AEFEKAUOKJGCDC6MGYJHGUOF76LQ,B07V2JKL3M,5.0
AE4VA3LICLS3K5F2Z3EG6YYW7J2A,B0002E3DNK,3.0
AHMDBI54P7X4K4YRWKYC2XD73CNA,B07M7XDW33,5.0
AH6NWVW3W4RUQ34GIN2XFX5C2OGQ,B0BXX1RRNT,5.0
AGRBVW3SOLA34DPI24SNBQDSKK2Q,B00NPAMDQ6,5.0
AFG7DJM5DPJBHJD5QAX7GXECNFTA,B00EB121KG,5.0
AFFHKWRLXMUNAJP6Q3X3PBIFFKDQ,B0002GWRIK,5.0
AHMR6LWHM2P6SFZHQLVO4VOENEWA,B0BTC9YJ2W,1.0
AENKFLBSFB4IJCQNML2GSJMXDRBQ,B001LYDI6C,5.0
AFYXC6LKP472MEO5OS2ICSPIUNOA,B087WVJGQQ,5.0
AESSUWJ57ZQ6VRMWJYR53UJT2H6A,B09VP6F1DV,4.0
AHGTJA2GQU4VEMRCUSHCWG6KBVRQ,B0BYXQHW7Y,2.0
AHZQPH7HHSWLUIQFWEQ54NNKKN6A,B07VPLFNYM,5.0
AEVI3IWEFPFSW3XVSOSXOTXUENHQ,B0863H1DN7,3.0
AHHOVCJCDCAVW23ULQBBAGKUHYMA,B09QM4ZYRV,4.0
AHLYHY5UA5XWTXG7ZNN4DMYEXNRA,B0179A4ILK,4.0
AFCPOLPR7FDDEPMS2ZSJKAPMCJQQ,B0C4DG9Z5G,5.0
AHRIIQ5JK3SM4KX2ZPCI4SZL23XA,B074WXM13T,5.0
AFQRADPBJBT3FQPLY3DLXYDZYNFQ,B075R58Q4Y,5.0
AEHHK2RNICHW2UIC62SQB3HMRYOQ,B075Q8WNG9,5.0
AEJSAI4YKNWNMXHTUKTJH7WEBGDQ,B01HN41Y2I,3.0
AGGLA4XVPGU3OQSHL4VJ7QD7DEZA,B06XK7WQK3,5.0
AE6TYSATATHUCWNO5ALASJCCV4UA,B00005ML71,5.0
AEGKJ7WJCHGWAAUC6CRMKUEZYKWA,B08XMMFQ27,2.0
AHR2T6WRBZHZQDINIP4FEKFMJLGA,B019OO4IY6,5.0
AGYKBJXKGCM7FUQSK5JSIT35DOJA,B0B3VR19HS,5.0
AEMXGB4ZOBCCTEB73OXEDAITLCAA,B00K17YFC6,4.0
AGHKWLNKR3YTHTYZZCFTKDICRV3Q,B004THBG3A,4.0
AEENGR3NSQCF7Q5GDBXAQXWXSCQQ,B007YFWTXU,5.0
AEBO6XPHTBYVBGL2XXLMTUI5YL6Q,B09S2VB3KW,5.0
AEYZ2RBVCX7RAUVJ7ZWEGBCWWKVA,B00L0X8ATE,5.0
AGMO25NSI27D64W37GCW2T7W3R4A,B088GN7LPT,5.0
AHBLH67EE2QDH34EJI642YUJ5J3Q,B07N2WWT61,5.0
AFQOJI577L2A64VC676GX457NUXA,B0817CVBLV,5.0
AGNPQSAJGJ72E5OPR2NHS4CEA4BA,B07122K1X4,5.0
AEQVLVI3JUHYSVHO45F7CJ5NGY5A,B09857JRP2,5.0
AFZSMLMBFEZVO3R444YHFYZANESA,B01NAV3253,5.0
AEADVMHY7IFFYDMM2IINZGE7UDEQ,B074T1SZGQ,4.0
AGVJXUBDRIXMPXZRVHZIL6AFIJ3Q,B07MJVGJSV,5.0
AE32OUD2ECEL5QO4NPPT23BAT6MA,B015IJIO5U,5.0
AG6Y5E4F6CFUDIINMDTXIE4L4VXA,B091MZPYBQ,2.0
AEVKLTY6WVGWFBUFNPQPPBBJJEXA,B06ZZ3YR46,5.0
AHBGGY6ZT6ROC5OQFXIBKGL4TJSQ,B000EENO2S,3.0
AECYDZGJO6K6MMZIWTQA4RTK6QZA,B01EGV6UJ8,5.0
AH5IKWFPOCFRFA3RCWSUEUCZY25A,B0BHSG5C3G,4.0
AGV2SDA2PDL4BHFY4AQVYRETU3IA,B07STM2JNJ,5.0
AGQBXAZWYG3Y3QUON7MFLKQPF7VQ,B07CC51PMN,5.0
AGB5CRFACFQG6C3OB2TSE5JC5FHA,B00A9K386E,5.0
AE2NWSTL7JJJWOCBKZCZF6KDQIZQ,B0BLZD2X18,4.0
AFQBQXS26P44XI4LLUZHOQQCVDZQ,B004K1UKH8,5.0
AEU4ZKO7CCFVXMEKTRVCO5CRN3QQ,B00GOIC1S6,5.0
AG2WY45W3ZZ7FJHO36GRV2VSO6DQ,B079P9LDHN,5.0
AHA4C72NXTSR4V2TQQUIBOQMWYPQ,B002UXS4JO,5.0
AHMM3SULKEN7UHFRSLVQ67BCKIJA,B01AFHSS92,5.0
AFDY3YK7KL7STMYZLEDJ7WYNWYLQ,B0C53Z9TDF,5.0
AF3FYICX6MT2J3E7RBI6WGC2DSVA,B07KDYH2DF,5.0
AGXCH2LCCUKRTTDKCHZPNHNDVBIQ,B005M0CK9M,3.0
AFYHLB2VSKHODIMERHWHKEVNEK6Q,B09Q39C7W2,5.0
AECV7C3OLRHG443BVO7ABZI3GHYA,B07V4GG652,3.0
AELA5OUVEKLLQW7MHMZ7NYMTOSCQ,B07JZBH686,5.0
AH3UBUKNUPJRPZ4MFG4JFE2BD2RA,B006UOSUW0,5.0
AFVDSO7FDJY6PZTIVD4GQC4BI5JQ,B00181T20O,5.0
AH5D4TGHJYMBAAJAQUYH5E2OHAFQ,B005Q1XR8U,5.0
AFQ7VJBUAFMCD6WLRMNJVL5IZGUA,B07GFH8NTB,5.0
AETYS626OQR6IWDN7UJPGDA4NNLQ,B00724YJJ0,2.0
AHGHMXKZP7RLWP5BATYVEJ2I4TDA,B09S2VB3KW,4.0
AGKRNNH3IAWPL4TX5MZBC7TMM7XQ,B06ZZ375CD,5.0
AHETPYRS55HBETNZJ7ACESF5QNCQ,B09TRX519R,5.0
AEVIFWQIE6IT26354QCYQ3MYXDHQ,B06XK7WQK3,5.0
AF5WGXXX4SL4PKFN7AU23HDQWVRQ,B07Y863YT7,1.0
AHL4CAHXRDV56YKGU6E3OIXIVUGQ,B0C4RBG7N1,5.0
AE2ZMLACD5CPEMTXPRPHFHSJG6OA,B09JFZ3CKY,4.0
AEKBROPSAIVCFRQDXYRMBSY6SHYQ,B075MPFFRV,5.0
AGAZPMNPPQLZ75YRCHEKYHB65VZA,B0BKZ7LF6F,4.0
AF3FXB3DJ6UZ3WQKPBDGWRSYSBSQ,B076346CZ9,5.0
AE7HFNHDMZFWK4FQ2NZDBVJ2LD7A,B0BT9R8MMV,5.0
AEKUQFFCCUATJUR242AUVNNEMCEA,B09DY5162V,5.0
AGLM7F2WLHQ4B3PTAIWHKRF5YLPA,B0057FXCOE,4.0
AFHRPCWEWPAAA2ZVLDTJHDIFR3VA,B09RZR7QYC,5.0
AE2BCWBDERZKN3ACIXQQISI3LHPA,B07NDHXQQV,5.0
AGIEKLTWZL63QZ7YJXTOGJWADVEQ,B06XZ59PPS,5.0
AFMEABMXB2346O6T7C7ZCYFGX3XA,B08T13DP55,5.0
AFH6SP67XWRJPVGNF37PPFMELPVA,B07PSWC1XY,5.0
AGPS3ATD4MZWB2MNG3GZ2GOLBDGQ,B06XW9MTTV,4.0
AHUAXFKMPTODFNHJRRDSNCHKGUPQ,B0B8Z6XZ8P,5.0
AGK7YMB73MWEM3E6LTIDR2OW225Q,B0B47KFZCG,4.0
AEZPYVYVDCU6K2JBBSU33PGJQGQQ,B0BT2Q355P,5.0
AFBHZWYSP7A5KILYEILKRC5HDZFA,B07MDPF4SZ,5.0
AHGDGUCZQWIECGRE3LJRI5PLTXJA,B06XGS3ZD3,5.0
AEYVWHALKMARVCXXX6XJOATQ5LHA,B08XMK3D28,5.0
AG7NDDHQBGXQDQLHZPCWYMAWYM5A,B000J5XS3C,5.0
AG3FOCUC5MJAFY63RNQSRDSZAICQ,B074K56PFT,5.0
AFIENCUIHMROWDUODFRALNXMYGPQ,B01N9V0GV5,5.0
AEQNSBGTU3I3VAIGJUOE56OM26BQ,B09FQ2LWR9,5.0
AE3FAEGMA6K2A7N44AF7VEHMEQCA,B01F7GQ8DY,5.0
AFWIFQAR524D4CLYLL7RIQX74JJQ,B093YKC48W,5.0
AE353MBNVOAUGAX6GEHR7S7GNMAQ,B08R5GM6YB,5.0
AFEHPC5MSRUR2QWD6IRZ4KB42VRQ,B01C6YZN90,3.0
AEHP4UUNN2YJ74TCSRCZ76U2FLMA,B000CZ0R3S,5.0
AFXA4I44KYAST2OMETQBFTDTJI2A,B0B8FSCM9L,4.0
AF2GNRUCCIC5DYCDJQ6XF45STO3Q,B0018A5R5O,5.0
AHQPPPWBZCUEIKOIGEGXMBNDWQTA,B016QUXTZU,2.0
AFE22TU6VNOILTKLAIRVLBYKYZNA,B01N2W837N,5.0
AERBXYCVD6YTQ6I2JV2SFSQRODHQ,B000N5MK8M,5.0
AGYK2YYS35CDU2Z77ZQR7L3IAX4Q,B09QCPLYJ2,1.0
AGSTYKEKF5C2L4KHWKEKCYZC7Y2A,B0BT862N4P,5.0
AGGC2NUD4OH4CW2EV7ESFUAAPCIA,B008OEWZ5M,5.0
AH5JR6SYFSYSUV3LIPKY7SSMA7IQ,B0BQ2ZB5JX,5.0
AHQKFLQUU5UH37DGEKVOKYZ6KQCA,B00LOAASPC,5.0
AH3M56TVSIIT635XXCL7ZXR44TYQ,B005ETZBCY,5.0
AFUMN3VI5ZJLQ2DDJ2GBRRCH3WKQ,B0B8LW5KJM,5.0
AHCBAX4LOMZVVIZTC4FMKDLJTJWA,B0B4RDZ88X,4.0
AEPLHCEMDY74XNN6GUSZWQ74YQEA,B001R2O0BK,5.0
AGSWTRJPZ7AVS2C33JGND5BQ6SMQ,B0B7C7PYVC,5.0
AFWUAQXCBZOOS3ATVLTXPMJEPEQA,B07C3BKLD5,5.0
AGJY2PI4JDBLJCSAK6BMEBG5FR3A,B0009G009G,5.0
AHL4BCH2O33HFN7KSBTIJUHCJYDA,B09SH9C3S1,4.0
AFFYC346GQWLWCWVTPNBIHK4QDIA,B08DM9NFLH,5.0
AH44K3RPIQMVWG2G4EB5FPVIVUEQ,B074KPCGYL,4.0
AHBLX7LQNWI4JT7YGUE5I2VHGJPQ,B0CCK4YYNM,5.0
AHMUAUOHLITDKIKI4C3KVRWIBMAQ,B0BYNM15YB,1.0
AF2HAUDZBKQZM5XZ2DM4UPO237UQ,B0B949FD92,1.0
AF4IJMVZHPMUQMVPAUSENZRJFPBA,B00KND95KK,5.0
AEVIDOETQTYGFWUVJGTIDMWH4YFQ,B01AJV71F6,5.0
AHZH6A7SOLVJWYYVF7IA446ZC45A,B098PKTTRQ,4.0
AGOCJ6OBH4PHTFMTCXSATWY3RSWA,B07BRK2M2Q,4.0
AEG4UODHFEOZAWUPC5CJVONTQNVQ,B09PWCF6T9,5.0
AFVPTT34R7Q5LTSLB36DQBSHMVAQ,B09TXP3FSK,5.0
AFEPLHWMMPUHJCXBCDWHIDLE2A6Q,B096K2LZKH,5.0
AFEU72LBPQ6KPZM6WG23YI5DURKA,B07L6RCDP7,5.0
AFNH3KVRKGZ3RENJGQ5NUX6KNVYA,B016E9HCTW,1.0
AEIORZCHRBVERYFCQZTGPTVUYIWQ,B00S9GPS7M,4.0
AEA2TT5QTGCAS3N3HRTGKYXJFBRA,B07TWWT1KP,5.0
AGIS2VFFRNC2ZUF5LKWZ7TQGTHGQ,B000P1RB9C,5.0
AGMTCMP27WCMMXZ3R3FJ5F4KDABA,B0B8F6LD9F,5.0
AEXL5EIHZE4PJ22225FWU7RBPLCQ,B0C67HCGBR,5.0
AG24A7D2ZL3IT6I4CMXUA2N5YX6Q,B000EENMUC,5.0
AGKTBKXWB7TSHCSCALSFSEL36QNQ,B075PXZX7R,4.0
AFKQDKDIZX7G5QJH3LDYG56O3NXQ,B00EW5I30I,1.0
AGHEYBT2KQDX2I32KRBZ7D4RCZIQ,B0011FQK5C,1.0
AEATATWIJVRKLZHL4XQBAZTTVWGA,B0853X3VDC,5.0
AGWXAKH4744POOCZS4ZOG3WEN2HQ,B00AHL2ZBO,4.0
AF3QEXJDDPZECUV5SC2GRK2WSAQA,B018FCZKR2,5.0
AEAKPSBHSYTSRSGBSOPXJPXFDQ4A,B014ZZW8QE,5.0
AGT2TLMLIWZOIPRZ4ZANFYICIKDA,B07795XHLH,5.0
AGRCWLVIIB5CO53366VJCJPGRZUQ,B0C38LLMXG,5.0
AE5CG5J32MEINSPVKINSGFE3XUMA,B079QDMQHF,4.0
AEH7VS4MCJOUSC7774ERGEXJKA2Q,B0BG95DG2H,5.0
AHJQBCXVWZJZ6KYC75PBDXVDOCXA,B003QTM9O2,4.0
AFFRCOTU354SFF2TWTMJSVJ3T5HA,B079Z72D57,3.0
AGXR535FSKQK3R3ZEVM3HZXYQCTQ,B082WVKSNG,1.0
AHMSDSXPHL3OVE3ESLK5SAYFWGBQ,B0C6MW897N,5.0
AGG2QQ2TPFEBHWNTVYO5ICVDGHCQ,B0BSCFTV2G,5.0
AFUKO6YITJTYTXDGLAZHDXMWOBFQ,B0010SHU18,5.0
AGNFY5ACCGPN76PP73JZE2NKUQ7Q,B016QUXTZU,5.0
AFUC7GTWCVAJJEZ5UX2FUYNTX56Q,B00PIQMT7S,5.0
AFB2ANUCQUKOSZJCGY2FWEW7IIBA,B0B16WH36J,5.0
AF2GDED2NQYCKO2XPT2OIXTMXOXQ,B07DGZFZBK,5.0
AFA52JPRDGOBHYA56MQCHTIUPYHA,B0B81FBRNV,3.0
AENBPEIFKODS2DZB7JNJMYQTZ46A,B00EM5UOE6,5.0
AECW3WUSGA2I4KVJCHZG5XUHXV6A,B08GX2PGDX,5.0
AEPM4UP3I247AI3TVKGTE4NNR7WQ,B01DE4DPSC,5.0
AGTZNQAFNN3NQROPNHH7667W6FIQ,B0C3R6T7K6,5.0
AHXKDYQYHMVBVUAPFQGJDEZU7K3A,B01DPCONFM,5.0
AF25EHEIRYH66UGEPXAUH245J2QA,B00XHGVHL0,5.0
AHXYSMCKABR6O4W37Q6YIF6NWVYA,B00C86FA0E,5.0
AE3MF4QMOAWZRGCARXHIR73MKI6A,B00B1YOENI,5.0
AHDZKHRJWZJ22G7JY6NX7TTCEOTQ,B093KWXYVZ,3.0
AFNXM5S42H2WOW74OLJHHQJC62OQ,B08BX54VRQ,1.0
AGRJCUNI5ELSANQJD7BOPENIL4GQ,B0BKZ3GCGR,5.0
AHZHDVJR4IYIOXMPRQ35RYKBYKFA,B0010HCI66,4.0
AHMO7X3QGRNEGQ7CKZQ5ABAEERMQ,B0757Q45NK,5.0
AEWAHTRVKR3QZ43JFR4BEXRXCSEQ,B016B6YFDO,5.0
AF4DU7X56M2S6NM3SDKVWNMTHOOA,B00BLQ0D2C,5.0
AEYVWHALKMARVCXXX6XJOATQ5LHA,B06Y5L3CYJ,5.0
AERFFADRI3I6WIWDV3U6CV5OB4TQ,B0C4FTG56T,5.0
AGGXU6K4SOJYPGW3I7TD3NESEUNQ,B07MMJX9T7,5.0
AFSBX23YWCK6UMDKJPDEE3JSHRTQ,B09ZTH7BCS,1.0
AHL4QBECTPYZ76BAWTW3WDEPCLRQ,B000VTPR08,5.0
AGJZ4WKDOSWXXEMCI57NHE43A6AQ,B016B6YFDO,2.0
AHBV7TH4Z3WRRKXUIDAOPVUBIR4Q,B0C67HCGBR,5.0
AG5E6SWEN57XW4VNEED2HWJS3NEA,B007IE5JGG,5.0
AFA5EB7XANQVGT5L7JJ5SZW4WRXQ,B07FXPMKHW,5.0
AGNCFORXDUR6UGNKHMTYXQHKY5XQ,B09857JRP2,5.0
AGKRWGW5XKPBVWHIM73U33DMZGQQ,B0002D0JX8,1.0
AGXY65KBB7VEXRKE5KT2JWNXS7YA,B0C6MBLTKK,4.0
AG7NTVOQZ5NOWVD3BFPILSM4LYGQ,B0BXT385TL,5.0
AEPSSRGHHNMBSJ7ZAU4YQFX6HTTA,B00RVE9X06,5.0
AE3O7NJGWB7LCFQUAANZSHBUQHXQ,B077VMFY81,5.0
AHON7PNDSUL6P64IDXNOK6O4U5IA,B00SKI0HSO,5.0
AFCW3I4HL6FLOYFDC4PVL6AE4VLQ,B00RVC1UA4,5.0
AF7ZZZMFPAUVTL62FVUJ5GACOK7A,B07MQPQH7F,3.0
AHVI43NDUURIE32PAEBBA6XGXGOA,B0C6HZ2BJ4,5.0
AFNNJDGN45QK6EXOWGRSZ4J7YRQA,B0B1SF7C4M,5.0
AEFK4A22W4P6TW7ZVV2UJN7Z53RA,B0002E3DNK,3.0
AEBXDQP3DYUQMQUTAUIMYMOMSRZQ,B01MAYL1J3,3.0
AGSNBOFW3OLPB3BAS6IVI365OQNA,B00BVH7C66,5.0
AF2QKTYLPEWJZVZCVOFYQZA2R54Q,B07BZX9BCS,5.0
AHOBKBVHEAT4KPRVI7TYTF6MEJXA,B0BG95DG2H,5.0
AHKWMDVIQDZ43FRLBQQ37PY5RLEQ,B01I0T5H6E,3.0
AGXKROS7PUCF5FTKJP2V3Z2DVI6A,B08XMLRVSN,5.0
AFFYSCZKCCXDX2FFF3EBRFR3ZGVQ,B07TDNWYSB,5.0
AFNDIHLGOYAQ2LA2M5BK4DLW2JAQ,B0C86HZ22X,2.0
AFX7IPGBJFBI6ANG5ITI5GSWDKIQ,B00BFN58WQ,4.0
AGS2TDMTAC2L4AB277W52RWJNHVA,B01H8E58SY,5.0
AFDA7US2RKW23R5HL2DHIY6SDJ6A,B016QUXTZU,5.0
AHXENOIUMYCG343UZOHPZ662WZWA,B016QUXTZU,5.0
AFVYUY54LTCJKKEJFS65HOZ753ZA,B078X58WN5,5.0
AH6MAK6PF2Y5LOQKNJCZBEXMKYSA,B07S8WR748,5.0
AECYYG5NBWST4O77HOD7AQWS3PHQ,B087X1CF8G,5.0
AFFC6YHF2JNPQRDNCOKO2MFUCATQ,B017808XKS,5.0
AHDALDGFNPUZN5ZQGSPWZPVG67KA,B07YK57N2M,5.0
AFOD2RS4CU7CGW6FE47EKKEOE43A,B004Z0JH3M,5.0
AHRSXDWMMGBPIAF7FLEPJHM2VBEQ,B07MCZ9S8X,5.0
AH4CKDTXBSDQ5HF6EYLK56OZMQMQ,B09G9DVTD3,5.0
AG4FSWXIYRAWD4GVRIYXCARYASVQ,B0B8M2Q1DS,2.0
AHQVTTTWERJAIWXSI7SDOTI3LBOQ,B0BPJ4Q6FJ,5.0
AGRLPOX6E5PRCUFDB6DHC2TGXLBA,B000F3HK7I,4.0
AFO6XWHY7FAH6UL6LXPNPRCHTTRQ,B0BJF97MDV,5.0
AEASCHUDTX5JWM75PYJW56POA3EQ,B0C6HYPS5F,5.0
AHMC24HUJLMQYCPV3L3MFBDGYGUA,B07NQ8X3FV,1.0
AFW5AUC6SZSAVD66GAKREB7EQAUQ,B000P5OULA,5.0
AEZG4SHN6EDH7X2I4NPMCSN7MN7Q,B06Y6BCX7B,5.0
AGMSWNQ5N6MJEVF6CGG3O5XENX5Q,B07DWY7R2X,5.0
AF4WMXLSWQUD4A3FI6PNLZFKEWOA,B0B1SF7C4M,4.0
AGOLT3TFBJSH7BN4V3D2M4UJOAVA,B0BG4BZC5L,5.0
AE7TFCX7HWKKUCNMKUWHNC7DGB7Q,B0006ZXFWO,1.0
AHOEU2CY756M4YAEZXRCBZXP3AZA,B0BDL88TM3,5.0
AHZVZO3RJZCQA5BSOKX2TRPEEUGA,B0C6H9T5T6,5.0
AFPJYASOJQKODUQWQSXLU7WPVXUA,B07SZLB9GM,5.0
AEAZSCPKLB5FYVXWRCGLX3RFNMYQ,B08F3PSF6P,2.0
AGQDHJRFX6KKCS3PD25FWB7E7VDQ,B08JMQR2JK,4.0
AFRTXLSLVRLIYMUGOAGX2PA6URHA,B07P2CZDTZ,5.0
AGQLFZBLL2HTPOLTXLYYRYNYQMDQ,B00O5EKZ9I,5.0
AEAMKS4TLLFDJGAGQRDRVWQKTTQQ,B0BGQKNDP2,3.0
AFHQZEUUODBBUMOO3HTA5B6FKKVA,B008L3SXE8,5.0
AELSEEC2HSNYVGVDB6K2H3CMBOUQ,B00UZ7JADG,4.0
AEJATLF6ZB6TWPLQFAVF6P7YXFKQ,B00178JDCK,2.0
AGDCN7V4CLBI6HR6LQPPGKW76K4A,B017DNZ3XK,5.0
AHFAK3G452QCBWIMOQRDDFO3DHXQ,B089XFMQ5W,4.0
AGDJTMH4HPG35M2T3CBDUTGK35GA,B07BFZ2KSJ,5.0
AESROLI3HHXTGZIJOGBJYE6GSRRQ,B0813D5BFL,5.0
AGZXN4EM6PCRLAKT4VKOVT2CWJAA,B00WJ3HL5I,5.0
AHMBCU537QJAK732K33QSX7UR2XQ,B01F6WIX5K,3.0
AH2TSWZJNFCFAXVDWNCDUJRHAZTQ,B00NP8GYVS,5.0
AELD5XB7WAKU4T75C7K7A7BDCBQA,B082QLTZD2,5.0
AHELBGAFUBMQNPNU62HZLW6XVG5Q,B0BCK6L7S5,5.0
AHIEDM55SZ5V4UCWULFONXOT3DTQ,B07CQS5BMH,5.0
AGC7NEILXYL3VBI2KZN3OUZBYJZQ,B07QL29XXZ,4.0
AHK7B6UG26R2QW427SGYW5HW4EIA,B07MQBPZG8,5.0
AHWD2NSHVOEG4HA6HYHH7DVMC6HQ,B076ZSHQ47,5.0
AF6Q4K2NTL27IAOJGCI6TFJQUEZQ,B004XNK7AI,5.0
AGIGR25MN37ED7XZL4U3BCARE4XA,B01MRLGZTQ,5.0
AETHTA4WA3EPEQMS7KCQP6ZLQLEA,B0002CZZGA,5.0
AHY3J5NAJ3DAJBXXJPWNNUNCG3JQ,B077Z635YX,4.0
AG5QJWMXSGR6QK7CTCJKXRD7OSOQ,B0BKR2ZM9X,5.0
AE6FEBZWJDO4DJDWIDCRXSMFVQCQ,B003POF3R8,5.0
AG7C5GJSOGRHGPGT62KAZNJ3GODQ,B07YMGPV7P,3.0
AHMDWPOFULHEO76MIILWJAEGA6VQ,B01C5TC9LQ,4.0
AHWKSJ62EEEXSRG3ZHRNWBEXWFXA,B09MNCSPHN,5.0
AFXXPUL3WUJA5N7OHL2WSCZUJORQ,B009L4VZ3C,4.0
AFB4JAD3CWQARKHXOGSSOASYQNNA,B09PBL98Q4,5.0
AHMKOZYPGVBGUTG3A5NO3M64WFJQ,B003AYNHGW,5.0
AHDWGSLY5F6AL4WLGCL2YSSTJQLQ,B0B31RCL2G,5.0
AFPMUO3RPUOKALQCSHLET5YVLMGA,B088GN7LPT,5.0
AHJCDOPTP3TS3AKN3WXVWSQR322A,B09Z2SLPJC,4.0
AG3PDUNNZGSQI45FEUZEKSPBXT6Q,B01M1GG05L,5.0
AGKOQNSCJN4AAVPAIGFBU7AIU4UA,B0195NQSTO,5.0
AFU6LE4MN4VRK3MJRTLCYLPSRBJA,B0B16WH36J,5.0
AGBE6ETAIKPQXBYYRAUXXWKKU7QA,B0B29JY4BG,4.0
AH42LJKFB2OQC2J4MDGC4MQ6MLIA,B0002D0CCQ,5.0
AHJ4JYJ2YIL7JSDDG444JJAQFHTQ,B005EHILV4,5.0
AGJAAVMYOSWYRC3HRWGAWHJFS4WA,B09Q39C7W2,5.0
AGOIZPY7VKQUIV4QBR6APEELOBBQ,B09MR13TS1,5.0
AEVQES4DYXCIQMQL7KHTDM36Z6TA,B085RZ5X57,4.0
AHA3IJGM6TVWGJBOW4HM4UY2H5OQ,B09PGXJHVD,5.0
AHOZE2QEB5JLLAG3FB4BJKGUE2BA,B0B8V7C5N8,5.0
AGDEYWGZKNGR36MRO7ZT3AB45AXA,B07FS8N773,2.0
AGGGVYN6UWSDL6N37L77RAJLFHTQ,B0B9BP315L,4.0
AGGZLLBDARIQDZYZVKDHFNQHMHBA,B0B8L1H6H5,3.0
AFFD2UVMFK6ERQ5IEVQTRLTJ5CEQ,B08XYTW5S2,5.0
AGF2ARUNAO6IKVQHQRZFYC4TU5IA,B09PNF6NGG,5.0
AEAPGDW6CTHQ2YHAEVPWOU5XDEBA,B09YD44J6Y,2.0
AFITBSL7YZ34TYWR4E7I67ASN27Q,B07SB4413B,5.0
AFCUV5FE3VT2MS4LYAUFHYBQCP3A,B0BPLFP5P6,4.0
AHNWRU63FXLY6XHTA2Q2WCK3RWIQ,B07JZQBNDG,5.0
AHQCDCQ5VFDGM74DM7RQ737GTOYQ,B005ZV5K0O,5.0
AFLHFZVJG5BOHMDGWC3SS32O3YDA,B0012BPMHW,5.0
AF2O4GMP7Z6ZV7WZGJM5MGT27GAA,B004HZDFXI,5.0
AHVDJ54NGWPYG5SIQWJLUP4SESWA,B0812LVR55,4.0
AEM3RQF4LFUBUJKD4XXSYOZ3Y5NQ,B08VHZ4FFW,5.0
AHU6A7FS55M6NEWWY5Y3KQ4OUARQ,B003FXO8MK,5.0
AEK5ENP4GNKULEKWEVFCGY3V25XA,B0BPKH7FJ2,5.0
AGBG3KK74IKWJNQVMQAGVBWJ7FAQ,B0BW3BKL4K,5.0
AGGCZSRBYNP7SGYHFFHXV2V5FJBA,B000RYUUD6,5.0
AHWLYM4ONOHUGDWONJ4F4FTIGAMA,B0BGQG84Y4,5.0
AHG6A25NEHTHEN5ZY2XERTRYUHWQ,B09N3K3KGT,4.0
AFZV77C2B43TKQSJAH54J5CIVBIA,B002M8GBT2,4.0
AGBWY2Q4KM2IH3WA45BSPOCKRJOA,B09R6GDRV4,5.0
AEGNQC6SO5SG7UUQ2CIYJWG2YU6Q,B07CRLJWQ9,5.0
AHPKSVZSZ2AGO4Y7ON2XSDC6OF5Q,B075KNF6GZ,4.0
AGSH3BOYIC3UJLYIAUDLNZYTXFNQ,B00QDHK69O,3.0
AGYEAB4XOJZKJBZFGFQPZSIUL3VA,B0009G009G,5.0
AHXTZ6TQJPPTLUPDXLS6DNAJ6GYQ,B00EBJ0JPW,5.0
AGKO5OGFXXCN354PFOSNIXFTYOXA,B07MZYNZ1C,5.0
AEZOQMNB3BOUTZIFWDELZPB3JXOA,B09BF8XDF4,2.0
AFMG74ZXHJ2XIJW5OUELTC5KRPKA,B06XV9J1DD,4.0
AHCXKCUYZ3EHECVF4EP5FMVMRS2A,B07CL6Y82R,5.0
AE2K2JVGQP57HIPAXURIFLXLJILA,B09NNCSVQW,5.0
AHJH4JENJNV2WIBEOIXHQEF2GQIA,B0006NDF6C,5.0
AHDTJODSAMZBYCCS6I35H4V452UA,B07G4H21PM,1.0
AEORHVIBAWHUO7JWEGFDVP3Q4Q4Q,B0B8Z6GZZ5,5.0
AGY7CYYTVW3BXZMZKVJ43LUEN4BA,B00BVH7C66,5.0
AG6UNPDBZCRVEBYEWGBIKOX7FV5A,B09PWCF6T9,5.0
AEQJJSAZIFWJKYQUGL6P7KR55P6Q,B0928HW2P4,2.0
AEJ7S5C53PDEYNGKTSJPCZCT3RZA,B0C5PRQ9K6,5.0
AFA645RBPM3DQ7M456ER3ACPTPHA,B07C9LSNQK,5.0
AHX7A37P6PKOD7W3PHI7OASXEOZA,B0BGN92PJM,5.0
AE3NUJULISR56KJZB6XPD2KO76KQ,B004TPDHJ8,5.0
AED4QB2WMSEKWT5RXAVNI6YHOWUA,B07QLGB4D8,1.0
AGFNIFCC5UDQGL2BN727UV2Q3ATA,B001L5U0Y4,4.0
AGVT5E2C6WNOCFYSLOCPAPBJOIKQ,B06Y2W66F5,5.0
AGFSPZ7XOYCABXF6VYXQVWQRMO4A,B00PZGTVAE,5.0
AF2QKTYLPEWJZVZCVOFYQZA2R54Q,B07RBZHDT7,5.0
AGH4UMD4PDQ2J3Q4PYX627TKEJZQ,B00PTAD7QU,5.0
AGXY65KBB7VEXRKE5KT2JWNXS7YA,B0B3QHY7GB,5.0
AGWSL6RCSUEPR5RGTVMO5HERQUEA,B09M7D9SC8,5.0
AHYAO24VSRJF47XSA3XNLHHDE4VA,B07QDN6Z83,5.0
AFYZSWEYWH2O7SZ3XROG6DYZ5SBQ,B09PWCF6T9,4.0
AHOFZCHFULZ2SZTOXOCMV6FWHMAA,B0919HG8S7,5.0
AGFMFD2HKXUJZ4UTF7DCEVCMUTKA,B0C4QX4CQJ,3.0
AEOGO4EUQ4SODCLNQAF2QE2246VA,B013OFJVPW,3.0
AFZNG4THTEUTZC4XDEJS3U5WPOHQ,B06XW9MTTV,5.0
AF65N4WSTNBO2V4VJDML2RE73ROA,B0002OKGNK,5.0
AEUMH56TGXJR2KRLS2OTNPPLJRMQ,B0025V1REU,5.0
AHLNHRYQZKCISQM4XMJMA2V5MV7Q,B09198262S,5.0
AEYSYCXFIB4OBSAJ6DXVYHD4JJIQ,B071NN4WSC,5.0
AEYB2G3AM66RHK4ONMQYWVLCI3TQ,B0178QB9I0,2.0
AFPJLBVVR6SLETMKYKEJ4FQBJPTA,B07CBT4SYD,5.0
AEL6LHHM5XOECBA3MAPB32W4DLOQ,B0002E56IA,5.0
AGSXFQ5EIJKOWUWKGK6VYAOJXXZQ,B07J9JR6VP,4.0
AEVQYOU7JYIXIVXIUDRSOSGWCGFA,B00GESEQ4S,5.0
AHEDE2SI6D32L6OKL6B5QCB42ZLA,B00WHLLDWO,2.0
AGYSS3SBEZELT25CMOQ3VVAJUP5Q,B07FBD8F7C,5.0
AEB3X3OFSF6CY2VPUN6NN72DVZFA,B00DY1F2CS,5.0
AHTUJMOFO73XXJHADHZ7JOZ6XNLQ,B07CRTCXDV,4.0
AFIMPB6NJRER6XOJECJLPEVZ376Q,B00ADHKKZK,3.0
AFFMTXZ6ZKG7PV3BO6UKZBSLXYPA,B07MMJX9T7,1.0
AEJLELEWFD3SNKK6ER6DDUKRCXNA,B01JJP7NII,4.0
AFKLIW5727DBZBNQ6R675TM4VRFA,B0B819R6CN,5.0
AEGGYBBQ5FVWI4QGTTVB3BTH37VQ,B077C5BNJB,5.0
AFQ7VA3GZLNTRUXFYOTYZ6YYC3PQ,B0C5BMZ1K9,3.0
AGVRLUFL4ZEIFPCUS3MO3TYW337Q,B00DD5WWQE,5.0
AG3LFN3BICH2V5RPI2XFRKQSEDZA,B077Y4J6LK,4.0
AEEXUQ2ILOMASMA47VXXDCJAHUGA,B01MQKIZ4M,5.0
AH6RYMKOBLZISW2TKST2EI6G4PTQ,B07KG1KPT3,5.0
AFD637UMCLE7CMXD547PBEXNAMWA,B01DN7OC00,5.0
AGBW5G33ZMRHXPLAK6BF5GZGTUKQ,B00H35YIJE,5.0
AF3ZZBMYBGPUI3O3RZXBSNH3YEUQ,B07MZYNZ1C,5.0
AGEK2Q27LYVZUVUJLUCXSYV5DANQ,B081JR2H8Z,5.0
AH3C54XADC2RQX5D753WWL4DNYGA,B0BMZ3PZ3G,5.0
AHDZKPPKUT7HD47LXCBN7RQNN6KQ,B07STTRGFW,4.0
AEDK5T3VBOFLHQ5KJCGL5YCKI4PA,B09DR91XCS,5.0
AGVWNNRU3RCSDNTOJ6DCFDIQSYLA,B000T9L7W2,2.0
AFLSR6TUF3KPOYGNIHXHODNAZUEQ,B0B4S1WY6K,5.0
AELBL3GHBDNBYAXPFC6MNPPWG4YQ,B017DNZ3XK,5.0
AFQ3MI5EMRY3KXDLZX3QHEQVGQOQ,B01N9V0GV5,5.0
AH4A5EHENGUKTMJ7CT4TP437BAPQ,B000ZMYRJS,5.0
AHST2SDR2IPRKGNB47AKL63MKKCA,B09R6PRMMY,5.0
AGBW7LZUPMPOBV4LJ7LO3TCTRVLA,B000T9L7W2,5.0
AH6RUAIDE4DPFNXNDON6QRLCEQDA,B003OYOXDO,5.0
AEJ6PSXEQFQXW6PSSGOMAHGT7YUQ,B09B45DLQG,5.0
AHRMYVXZC7MK5EBIO2XL3Q2GGEGA,B01LW9BF92,4.0
AHTVJL3FJH5CHBAPBR6EPIGJZOEA,B002YL81RW,5.0
AHSA453Q27HVVDN3XTR3WKCN6AQA,B0BT855NFQ,4.0
AGKVCWOKPPT3ODIMW2QZPX3BKRQA,B09MMT45P1,1.0
AECIT3NMW6RKABFS6YOCYX4YUYOQ,B09M78T485,3.0
AFIEQ7BNYXBQTLYIJRTBNKWQTKEQ,B083J614C5,5.0
AER6WLSJPBPNOZIQWVHQBVOKTNCA,B0BSGM6CQ9,5.0
AGFSF44SBWIXPONDUSNCKXDJHYNQ,B0BSGM6CQ9,5.0
AFPPCR5EZVS6J62MTQLNUE33LTVQ,B0002GXPRM,5.0
AHX35XPY547VAN6XET42HCKD75HQ,B00OGMD0VE,5.0
AH2KNTQFU4DWMQIMTDLFSMRQHRYA,B07M6H5RM9,4.0
AG2ZGELVABDJPU5S2YRWM6EE7VIA,B01NBP7MS2,5.0
AE7GVDNRY5NABEP253Y3GMDUZOZA,B00CPLODUU,4.0
AEJW2SZLBG45RD3BL5WOZQGLGF3A,B0BKZ4RCV3,5.0
AG6ADHHJ2MHUP3ZBBTGMZVJ47Z4Q,B09V4JQTN4,5.0
AFMLPEM5ZNCYJ45CZZ7K7GIR2LIQ,B07MTFY4TL,3.0
AFJXFJ3DMG7IRI76BBIBCY2HVLAA,B016QUXTZU,5.0
AFFFDZ3YLAYSMDK356X7KIAJESXA,B000BBEQZ8,5.0
AG3S4FROO422V5KP7DJCBXVUQLJQ,B0179C3V7K,5.0
AHMEXIGTXRS4HEO2VW3GEQITMMCA,B01CBC5ZE0,4.0
AHWUG5BIUQWHO6KPODY2QJFFQYWQ,B0002M72JS,3.0
AHMVEVZHJALGYHHVMDMIAAWHLUDQ,B0C6J1X7TD,5.0
AFUJ72Z6MXB237FUGMSVQJFFRLEQ,B096K2LZKH,5.0
AE3MLVJ2OOZ3WLVKQG42G3AQ2KZQ,B000PAPO9W,3.0
AE6ZV37Y2BVKSZCMJTZOK73AUCJQ,B072VH61FV,5.0
AFH7AQN4DHER236MDPEFHTOKFKHA,B07NWZSBF3,5.0
AFABFPPQO7PSIFNQWK46LY7RREGA,B0BTR12G3V,4.0
AEKMNAJE6DA7ETYWCBVCOL3YCPIQ,B00N4ZHQ14,5.0
AGVT5E2C6WNOCFYSLOCPAPBJOIKQ,B0CBSQC51Y,3.0
AEOQMBKMCAUY3EQ2CFEYDB252GPA,B07DWY7R2X,5.0
AFHHXA727PPOUUVXOSYLR3DSIHMQ,B00HH62VB6,5.0
AFAP7A6P3TICUUAOBBRXPHUXNCZA,B08C2TBWGV,5.0
AFBOEGM4O3PNLUVYWVDCLD2FJLUQ,B0BKZ1G3P3,5.0
AET4U35AEFIVWAGCKF4KVUAQXDRA,B073XXLVWT,4.0
AHR2T6WRBZHZQDINIP4FEKFMJLGA,B00SM1IWHC,5.0
AE72GJCOI37UD7IOD67B3XZBD5NQ,B0839119FS,5.0
AHUTJQWZUJEBOJOFMRJ34TKWOO7Q,B0B81HB47Q,5.0
AENQIPCGFGPVCMZYAJK7LIBIZNQQ,B0B2Q55RM6,5.0
AEV32P7R5QEYRDR4DXX7F7V4LOUA,B07N2WWT61,5.0
AGRE76ZT4VB7Z2BIOFV7WVHGIVQQ,B0BRSHC796,5.0
AG7R5DXVDILMBIFSFDT7PIUWIFQQ,B09857JRP2,5.0
AHUWS6MJOUVKCRS63HJ4LSB56OPQ,B01AH3RSAO,5.0
AGN65FCMRQSRXS6PWIVSUYIDZXFA,B081592T7F,5.0
AGMNAMH77QXBOAWQRR62V3NMOZ5Q,B0BVLJTMV2,5.0
AGIVMGPIL54BA6GYBNOWNUZUE2TA,B001MQ9Y5I,5.0
AFXXPUL3WUJA5N7OHL2WSCZUJORQ,B071G734F5,2.0
AF4RVRGYJTFGFSMAXGB7KCSUTCHQ,B01LKYTQOK,4.0
AHHGHZWN7DV5HP3CUCZZLRV7RB4Q,B016QUXTZU,5.0
AENL5UR65X7N4Y4J5DIFVV2ZAJXQ,B00721BB44,5.0
AFL2UCRKEQUKNNO27IUNUDKTZN3A,B004L66AM6,5.0
AFFEOK6DMOUVS5IK4NM76VPYXA3Q,B00DUKP37C,5.0
AGK6346KRVUN3QFXSGWMWGZTR2UQ,B0BK6MQF3Z,5.0
AEZWUCUVYKFHY4O2XE4DVDHJYKVA,B00HF07D6M,1.0
AGY7CYYTVW3BXZMZKVJ43LUEN4BA,B07KYX3S8X,5.0
AEQ7VNICYNT6W6MCWGQOMFNEQ2ZQ,B0B8Z4YV4T,5.0
AGUIWCE3TEQX32UQAXRPKSM4Y5CA,B074FL1CP1,5.0
AG7IN5L7BFVBNE2TNWW3P3A5RF7A,B075NTZ5CK,5.0
AFCCN4LECS2S7CZ4CHXK33YXY7IA,B0BPLFP5P6,3.0
AEGI4CAWOBX4MLNWUIY3IP7CNZ7A,B00ANTTSFQ,5.0
AGT5BUYMUIX54NNCXSJPWYNJ7E4Q,B01MRJUB7Z,5.0
AHQO2Q2Z66EGYUYBELDADP4L2XEQ,B00K7VDMJS,5.0
AH5CRT5ZT3ESMYJUVDIH5RZPH2BQ,B00IFHCOAE,5.0
AFQ54FLISLOLXO2GO4EQA5DS7GBA,B0C6J1BN77,3.0
AHI6DFB2N6SA5BR3CPLOCCN77XZA,B07YMFXRX5,4.0
AEQZFV6M3QLDV2IAFVDGNM7CNMTQ,B079TLFL33,5.0
AGKDT74ZP33B4O6LY76GYKMUZGGQ,B000V1K7FG,5.0
AHAIHFJL6RGSQRFSI7RXMRJF3VJQ,B00646MZHK,5.0
AHP7C5XFGXHJQ7L6BK3SNPGOPQIA,B005A09I7Q,5.0
AEPPHMNCAV77NB5KRFV7NKMYYXOA,B06ZZ2S6ZS,5.0
AGAO3DXMEMNWQ475FJA6DEPJDM6A,B0BYCG24L7,5.0
AGU5KKDWKCVSHEQIKNRI5HLGSJ6Q,B08BJGBHN7,5.0
AEHLM3EAXPMXVEZTG4F6ERRRLOMA,B01M6C8X57,5.0
AHXMKLMWQVVRA6IAKL63EK7U6YHA,B0046A04LU,5.0
AEWL6EFLEQXOQMB77RH6GKOG6UWA,B003ZKLP4W,4.0
AGFYUNPN5IMCAN7C45KXDXYHNGCA,B076PF19FQ,5.0
AEVIHE2VEXHVIUYQZLYJREFCQTYQ,B06XDBGL88,5.0
AEUPIYW4A4SYHXRJAGEP4ZG6YPRA,B077GH8LF6,5.0
AHGQWA6ZHRH4I2PIDDXBWDI3CTRQ,B0C67HCGBR,5.0
AGLNBCX3AKNOFAANHVU4V6YKPQSQ,B0046LGS0A,2.0
AEYML2YFNYT3MWAD23KAME7HQUHA,B079FGN89H,5.0
AEFLZATUAA6YR7UNZXMP2UKIFQ2Q,B0B5D7JW6B,5.0
AFRQPDPDS265WAXYUCEBRM5DMAOQ,B076ZSHQ47,4.0
AEHC3XG7CT7UP5TTPFPWIOG6ACDQ,B0BTC9YJ2W,5.0
AGEUWSL3XES6EGG2B43CDIEQRYRA,B002Q0WSO8,5.0
AGQ4NTOQIHY47KVMCWOHYFYFQ6KQ,B0C5D8X3JT,5.0
AHEJWKUYOCGSVI5KTPKKGCSJV2CQ,B019H1STZ0,4.0
AFSIFH65UCU5GE4GK7AUZHWUVJRQ,B0BXBFG6BX,5.0
AE6PYJX3K5T4WCDVMYYA6C2EA7OQ,B07BF7ZLKY,4.0
AF6HBNODXC27WE6BRERWS42VWW6Q,B0B6P55RBN,4.0
AHHZGNO2E4NAIBOKZ4CP4RMDHONA,B0C3WPPB5B,4.0
AFID5ARIFYCNYC77W4TLN76YEL2Q,B072JVYTHS,4.0
AFJSY47SWGUSSJWPFEY4ALCI75RA,B01ISNU3X4,4.0
AEATP53UFSJQN4EWMZEG6TPTOBHA,B00IYGR316,3.0
AH5PPNPBIL5VFASDP5QMDCUNXRPA,B01M18LT95,5.0
AF6L5ZQD3WBL2P7ZN5VAFMABWMHQ,B0BKZ66FRY,5.0
AHETLAZWL7T3CFUQNU5VJIC7R6PA,B001HGOXDG,4.0
AGUJVWL2H2ULK24GNKGTM7MBQ5OA,B00VMZLCTA,5.0
AE6IC2GMOK7D5GKCYMFBS47XYRZA,B017NT392Q,4.0
AFWHS5KMUDYBCMWKOLSLZZJR5HDQ,B07PPHHG34,4.0
AH2M5U7UKPQPDMMU2URAUE74Z4MA,B07KVV674K,3.0
AEFK4A22W4P6TW7ZVV2UJN7Z53RA,B0BG95DG2H,5.0
AFJBPPUHABKT3NK4CCTZGI22UDVQ,B07BMWJBY2,5.0
AGUT4BSZDABF2TKPWTP7QJTWARHA,B06XDBGL88,5.0
AET4IUQ2PMMKZOMRGNCTSTEGKQLA,B07BYGWHZ3,5.0
AFSMS2MHAVKJDLOK3PHV3IU3YSSQ,B00WJ3HL5I,4.0
AEKF2YJ5ZXHTZEQSF7ALVYR2VJFA,B08R5M2FGY,4.0
AF62AMU6MZHZQGKUD4N2TIGO34SA,B0BCXMFM46,5.0
AHECXORNR3TAFF5SXLTY5EKCRQ7Q,B01DK40R3M,5.0
AFBPLMDM7IR2MY4EH7BHUK2AVPNA,B0BGMVH3GS,5.0
AG4ZLTRHVAZRU33BPY5Y643IZXPQ,B096K2LZKH,5.0
AHNG3NRGEDYO7E44QMYDHMBADPBA,B0C3Q29DML,5.0
AGSVLMHAE6DKL34BW5AJANZ2HP3A,B09DCVN1M4,4.0
AFAMP3QF2V4E3VOFKBVG7KMBBJEQ,B0BLM2DG9F,5.0
AEYPLXPGNUKJMHAPC3GONAXBIOSQ,B09KR857F4,5.0
AGTD7IKL26LTOZAUHBEV5JEQJHCA,B0BPKH4HB2,5.0
AFBHZWYSP7A5KILYEILKRC5HDZFA,B074KPCGYL,5.0
AEAO7MGTW5ZXQBBPPW7ZW5JU7OFA,B06XWLXCFC,4.0
AENU4KR3TL5KDFNSL4U5BG7RRN5A,B0141IN4CW,4.0
AGHECGJA3S5TVQGZHJZREKKIHPIQ,B01J9AD1GQ,5.0
AE6BRKNVK4LQXEDHYKHPDDEB5U5Q,B0BPLFP5P6,5.0
AHZDRM3HOZLSWFXSQ5P3BFBB5O7Q,B00WBCBQF8,4.0
AE5D2G63BJ3IOHMYE7DT5DTSSMTQ,B076ZSHQ47,5.0
AHIZ52ZDJJRFKA2Y3AYLOLRJDSZA,B001D2TPZU,5.0
AHDEDVH2IWSYQR4Z2HHY66EHXWIA,B07PPHHG34,5.0
AFKQQ5JGFWT6YINVGI6NVKPR7QNQ,B00WJ3HL5I,5.0
AFGQ5MDMML62FYXYJSFD5QJ3M3WQ,B07DLCDT3N,3.0
AHEMAURZYRCARVTVF6CQYTYE4I4Q,B0006LXW9E,4.0
AGMPCB3TGA6MNNISDWYIOGQETCWA,B07DLWYV8D,5.0
AEL77WRPLWQFXSFTPQQIBLHS362A,B009AQZM30,4.0
AFXROWEZMRY3EHZFCIOF27DVOGEQ,B08R5GM6YB,5.0
AEAR7RK4H75BYXFVGZKA4MOCFDTA,B01K1EJQ9U,5.0
AG6XTTBGDOTVNHT22X76U27Y34VQ,B09DJVRZGS,5.0
AGA5WK3RYRITT6YLBM2IZWORS3LA,B0BFKQ9QXD,1.0
AEKIL7TYYHSE5YRHA7WLDVCHW6PQ,B00646MZHK,1.0
AHKYW62DZ3QJE67TO2PKF2NR6FJQ,B005A09I7Q,5.0
AEFDYT6GBQN2D7X2ZHHZT63EPIRQ,B07M81HC4C,5.0
AGTVZ7ZSDMTEDLMJGZRC7RFJNDWQ,B00CIO6BEA,5.0
AEUAXVAUWJFDX44V2Q3OZFFYDZWQ,B000CCS3UA,4.0
AFND4WHBO6MV75PBKNHCBFZK6VWA,B09MSQBZFJ,4.0
AG5SXV4XRKBOZMKDGST7LB3C643A,B0BR2VHR6T,5.0
AECFGXLEX3SU6D4T6C55X2NWMJVQ,B01KPYGBR6,5.0
AG4WPSHRJ7W4UF6IKZJ2FMYUVGCQ,B0B16WH36J,5.0
AE6IXMUN5V3WECZERXLUQTKPK6YA,B07PPHHG34,4.0
AEXUDYZQ6UWJHNPKVSVI3FI4IBZQ,B0C67HCGBR,5.0
AHEMAURZYRCARVTVF6CQYTYE4I4Q,B07KDYH2DF,5.0
AEALTR3WRLHHAJKW2AHUSVXM4HBQ,B09396NY1C,5.0
AFG4ECOVR5MACEQKTP4CMSKS3AHQ,B07N5J3GTB,4.0
AHYGBZX3XJDZUC7A7VNQATLM3UGQ,B018FCZKR2,5.0
AER5XQROGISYKN6ABH7EAK7OHGTQ,B071J3CB4X,4.0
AG6HOO4VHEZGO64JCVOGXTI7OPAQ,B0002CZWRW,5.0
AGKBMYYKA47EVKHM65BYZHTARYLQ,B07Y9X6YZ5,5.0
AEGP5AQJUETI6VTX3ZFX33KO2WPA,B00EB11XTQ,5.0
AHXHOPYV5ZR7PT47GK66FJZIQBEA,B091C1BDYV,2.0
AFNX464EORGQMDR2OGWOLWJEHDRA,B087PWLP4N,5.0
AHWVLFKCGMR3ZBOMSNM4LWQINLTQ,B01KBCUPFG,5.0
AELUT73PSKWAQ3D5L6SDD72TCPNA,B00VSYN25M,5.0
AGDDHRF3GVF7FXDLXU76JCRKVB5A,B01E6T56CM,5.0
AHWAJPIGZTDRDSCOICE5YWUDPJTQ,B08R8FSFRB,4.0
AFVCGMPCE75MWLFYLYN7ASTQEZ6A,B0BLM1W9XH,5.0
AH7IHB7THIV6KVXC5O737F33WHEQ,B099NYHNRG,5.0
AF2B7VXJHVVGGI2GPZVTRPWAI5NQ,B0C3VVNXPF,5.0
AE2YVL3KUQJM645F4OYOEG4EVHIA,B004W7ZWB4,2.0
AGHPBBUCMU72JNN57OKEFJ472UUA,B000RXN6XI,5.0
AEU53MEPI6E5AEKW6SQH4J2HR4OA,B0C4FVS3L7,5.0
AGA76RB5YI46IRNJFAIGOCGHHF3Q,B07L5B64RG,5.0
AEJDUT4MZ2N5JQKUCHABBP3D22VA,B071G734F5,5.0
AHINVBXOV747R4UROFCTCE4CQTHQ,B08DLK3GC9,5.0
AFRFYELVMFERMILMAIN3NY7YOPSA,B00N4ZHQ14,5.0
AGN7KMV3GSGCBANTJAKIHDQYEFJQ,B00743L6V8,5.0
AFN2EUCH43NLAXRSCQTS2VWAXVCQ,B09PH4DV67,4.0
AFHER2NWLJQHNQ4BRB4NZAG46VCQ,B005M0CK9M,4.0
AEIIRIHLIYKQGI7ZOCIJTRDF5NPQ,B09895PBVZ,5.0
AGOGNMQ567OLCAP6QHNF3Q37FUCA,B01M4ICDNE,5.0
AFMX5QJIJMQUBJWDE3CSQA776X6A,B08R5GM6YB,3.0
AE3WYKKSK5ZZ2S3O7KHSJ4UKG4CA,B07RK5HF9D,5.0
AHH2UCSRPPENBT7U5II5HKFYV52Q,B00FC4YTZQ,5.0
AFDBGQ77DIENSIIBMKK3HM4X52DA,B014W0L7ZU,5.0
AHUWTBLGZWOIE4OYFO56IOXKJMOQ,B0BXZFS2QH,5.0
AEG3P7S6QTKVI3P5LQJRSS665FOQ,B09G5QS1VD,5.0
AF6ELLW7NT5WNL447YQWXJOFYLUA,B08PPBGVK8,5.0
AH5S4XKENHVECUH4CNLWHQYIP2NA,B093YKC48W,4.0
AHFHIEY2BIDWDNA46D5W7RWFX24A,B00WFHBJH4,4.0
AF5JOUT2RD3EZI7G553AWPKGDGLA,B07BSZNKTM,5.0
AESCPQD5RHHP65UTHAGCQDE7BUAQ,B08NSVV6FZ,5.0
AH342PH6NCKCD5UMGQRP2VNTBS5A,B017KFVBGY,5.0
AHGYK6Y2LA4GIKZURFNWD2XXEJWQ,B076YPR9PH,1.0
AHT7ULEGSWNWLMFIENNTIELDXKUQ,B0BX8SSNYP,5.0
AEQD3ZBLPEQEKPSKXQDLDFPGK32Q,B08Z5ZQB7F,5.0
AGWWCX5J7MNO6HLHGPDUWISE2SDA,B00Y0IV8AO,4.0
AGEKML3B3AXH5J42LHHD5H2UGZBQ,B06XHYLXZ8,4.0
AERXAGU6PAY74OIAVZQKU5ONB3NA,B01NAZMWZK,5.0
AHW4NQZJXTFN5UHC3SDKQPYTFZNA,B089QY6YYQ,5.0
AGOFEC5HKNFNOGAMR6ZDACVQOFMA,B00356J8KE,5.0
AF6Z2TQ5BOCRCNQUNPUBP5XCYZMQ,B081P1SQGG,5.0
AF5UYSBQUE7CZYB4XX4P62KIX5NQ,B0154JSY68,4.0
AEAXMPFMBBZTPBSGKDGQGBOYXDBA,B015HG7HMA,5.0
AFKMRDJ3QAUQB65MCAQHLKTJNPPA,B0002GIVIK,5.0
AECH7O3ROJKU66LUU6S6VLO3EAHA,B008TNAHX0,5.0
AFXABTTWQTMQTCFESJ75437ATYXQ,B07175TMXS,5.0
AE5CFFYYB6ZF5KWXQDULCTXOUSNQ,B0BLBZDZTX,5.0
AGR2HGNGBX6TFVFHQFKXRPP4B22Q,B0BJ3BBTXH,5.0
AHSX5YF55LYO3M2ODEKTHCHGYQ4A,B07N5GZ2MF,5.0
AEHVR6WKEXENV637D3LEOOBECPBA,B08NYZM99L,4.0
AEUGRGHOWY23GCKG6LLYUJERZBQA,B0B59363YK,5.0
AH5E2TAIZPV7HKZ3M3S44UIQRMCQ,B00RVE9X06,5.0
AFZV4SQHKPAL65VYRSQSKUKWMXXQ,B0BTC9YJ2W,3.0
AGXWBFBAKLMJWMQIC25BQF3IU7TQ,B08MWSS6SL,5.0
AHVKGDD2OV6WLV2KGSSVEGRHZLCA,B08DBDD6CM,3.0
AHEEE2KB2EVXIUCUXEVKVGVKJIGQ,B07NP7HF7X,5.0
AE6BWNMYSUWC7KOOGI4IE475U2LQ,B01J5A06OU,5.0
AEU5GN766HQJG2WCFWWLJSL7EPTQ,B00ADHKKZK,5.0
AG5UQM2HGELE5HUDREGA5BDL7CWA,B00HU25WSQ,5.0
AEYQWVFYGHQ6YRM4NSMCPI544CPA,B09XQRVFC3,4.0
AHZWCCGZFVFQCXB3CAFAIKQZFIRA,B07Q6L4YMC,5.0
AFNR4DU37IAIYRYQSCO5LD3SR3OA,B07ZPSCW5K,5.0
AE23LDQTB7L76AP6E6WPBFVYL5DA,B0006V6SB8,5.0
AGRBVW3SOLA34DPI24SNBQDSKK2Q,B0B44VTPS1,4.0
AG5ZVXXHEXDYUUODSEQC4XXV7DPA,B01ANNNKMI,5.0
AH7BTSFO77CNNKQFU7FBWTV5DI5A,B0072LXG2Y,4.0
AGCML7EM4QFDKXX7WKPZ5XXY3PRQ,B084HLG86T,5.0
AHZCVYEEYWXLFNFDYHAWZNTVW74Q,B06XX417G6,4.0
AHHXUCKVUSI7A5ECJMAV6KU2HOHQ,B003YJQX1O,5.0
AF2WT5HLSFDRZLZXCMBQL4DT2FBQ,B00N4ZHQ14,5.0
AHMNA5UK3V66O2V3DZSBJA4FYMOA,B01FHJLE6M,3.0
AFONTBXNXRGS5WJO57UBKW4A2UEA,B0B24RR2MV,5.0
AE2FR7SKS6WTM5HLF6Z7JAUJEYLQ,B09YDBKT7M,5.0
AFPFQUNXMIBSHK3ESA7RA4CCB6MQ,B072DXPHC3,5.0
AGBQKWXYGWQUURLKTF2S5FPTJF4A,B010NAIE1I,5.0
AFRX6Z2R32E5KHKQVJTTBMYHE22Q,B075VHF7DQ,5.0
AFJ6BNKTPZQXGEOAIOMMCSESJS2A,B0C621L9FB,5.0
AF52VJ73TUZISUIW4H36R7IFY6DA,B09JJQR4LF,4.0
AGH2R6V52CPCK7ZOYE26G6XZPC2A,B0B27PZV1D,5.0
AF46VJOZTEVDEWQECUVX22FZXGGA,B0BCK6L7S5,2.0
AHBAALGJM3WOUSOXXUXVGXMY46IQ,B0B92LPGD2,5.0
AGEAPQKCIAXEDWFYKW2TEAJ42PHA,B0731JGPBT,4.0
AE4HL6GTIQJ7HRI53XDKIGVJSPRQ,B073T2YK2J,5.0
AE4KQ45U5PV2LEKFZP3RUM5L7JYA,B07NDZSF2M,1.0
AFJLV7O56674QAXNCZKDUMRTQ24A,B016133LAK,5.0
AH2T4ILXGUB4NIANK6XPC4L7EO6Q,B0002E4Y2E,3.0
AEE6H6VC6RTWJS2RMXUJCDPOY6NQ,B09WQTXJRK,5.0
AGIGR25MN37ED7XZL4U3BCARE4XA,B01BU6B4Q6,4.0
AEAENCVJGSC5KSHMTWYFAUG2J3VQ,B08KWM37GM,5.0
AH2G2C2AD5EHI7NW5VVSKENNWCTQ,B08R5GM6YB,5.0
AE73Z644LPIBCCFQ5GFXVNMAFXBA,B000TGSM6E,5.0
AGRT6VTGHZIQYDQKPWKQGMUXCGJQ,B00N4ZHQ14,5.0
AGJGLCZKE5735HGK27G2B7QZB5UA,B000LQLDM2,4.0
AGPFCVE36JI4PXFC627LXEQTBD2Q,B08PPBGVK8,5.0
AHLCWDLO3LZRSKKBRQ3RVIPYLHAQ,B0BPLFP5P6,5.0
AEJGORR5LABAQGREISJHB36GTD6Q,B09ZTJH58K,5.0
AHDEOEDSIXUHKXUDNA3KR5BMHRKQ,B00N5THDR6,5.0
AELS7RFFR5L5YUKQ6TOR6MBA7ETQ,B07GFH8NTB,5.0
AHEMAURZYRCARVTVF6CQYTYE4I4Q,B012V1TG9G,5.0
AEQ3XKG6ZOJNIPA7EQNMONUDHKRQ,B07CZ8QC27,5.0
AH4TRI62M3DQDEIPLWI5BDBDIUKQ,B0BS1QYSFS,5.0
AEU6AFGJV7RWYKXGGONYMF4GOGBA,B09V91H5XM,3.0
AGY3WTXVAKWR4KGCW3DJHZR5Y76A,B00CGFRJ2Y,5.0
AGA3UZAMOM33JZ5QFAPVV5QW42UA,B004G7O1Z8,5.0
AF7SOHKHVL3AUZ5WJDUMPOFDS5NQ,B07DLC8CQZ,5.0
AERG7PAAOYKH3RMANNHJ2PMOQ2DQ,B0C21BG2KZ,1.0
AHV4SKXGCWKAT4NRPWQDWERJQLXQ,B0919G5ZTY,5.0
AGHAFZQSZLIALFSCHDYHAZPW24FA,B018FCZKR2,5.0
AEGNNCCRQPA57ZYBT3IO44I2VAPA,B0002DNUWK,5.0
AHX2MR6NLBEPURAZZUYFARJVHSEA,B07B4XLP57,5.0
AFD4VCHPTEWZVXBCCILDLHU6SSEA,B0002GH8X4,4.0
AEVIDOETQTYGFWUVJGTIDMWH4YFQ,B06WVXN1YQ,5.0
AES2BBDYMUFVFNRLDPD2WTKS7A2A,B012VQ5A7S,5.0
AHQIX3TQQCQRG4VLAEKKURPGW7EQ,B0BPJ4Q6FJ,5.0
AGSVLMHAE6DKL34BW5AJANZ2HP3A,B0BTPB6GRM,4.0
AEWVU5J4PG33DCCBEUU3NC2GLBFA,B0BTC9YJ2W,5.0
AE5JOCZ3MGV3MS5FTISYD6T3D3ZA,B095BQ6T33,5.0
AH7YS622MC7QXBBAFEBQLY6PVTGA,B0002DV0CC,5.0
AEMXGB4ZOBCCTEB73OXEDAITLCAA,B0BHG58G2F,5.0
AGFZZZQOQBBYYU63HYX5YJRDB2DA,B07M6T47WZ,5.0
AHQSLUIQE2S6RTEJHPKQTLQY6ILQ,B00O9S69BI,4.0
AG32CG3V4PGAJGAQMRADO2QOAJOQ,B00TH48HUK,2.0
AE5VPKX64CVOPH6X75C7EQXAIGLA,B0BZ1XQX97,4.0
AEB6QK54PZDMGSGTZ43QGPNG7HEA,B092LF6RLS,5.0
AHLD7UDM67OZJZVX3MNHQVTP4JCA,B07B8WL33G,3.0
AEWYKSYOUQSUSRCMJALU6SQMNTUA,B09998RDGC,5.0
AENRVEVFEOOUT3CSPWXBRHTV7DNA,B00B6KMDU8,1.0
AHALYOX63S6CACZTHN7R24RVEX2A,B0B8M1RZWV,3.0
AEZE4LZURVM2QWHLRMB7D54T3MAA,B0002DV0CW,5.0
AGVRLUFL4ZEIFPCUS3MO3TYW337Q,B07T3GZVMD,4.0
AFO24CAUCZQKEVDR6FMRJHOLEE5A,B009N3VDBA,5.0
AFV3FCAYHRCOC2A52AGKK2RPPEYQ,B001VO7FPC,5.0
AGKZ2ZB2D7CCGKIUW2EHZ7HPQOIQ,B096K2LZKH,5.0
AGHIMWAIM6LO7YDHL2CEV6NVRWWA,B07RG6P3N1,5.0
AEMLDUMRZRY3H5UQSTVOGIKOR6HQ,B0BBPLFSCG,5.0
AHIRWKIA4JWTMPDXNI6ZTUCUQ5NA,B0BT8FDL8B,5.0
AFA52JPRDGOBHYA56MQCHTIUPYHA,B07DWY7R2X,5.0
AHSHEQGI4K56JQBSWBXQAB5UDHFQ,B07L5B64RG,5.0
AF5LA2ZA24TKFPGE54QQK7LV52XQ,B0BPJ4Q6FJ,5.0
AGPQV76FD2ZADKYY3AORROQCEXPA,B08JMQR2JK,4.0
AGIZAXPBONK53PAVEEILT5YKYINQ,B00I03OGKY,4.0
AFROAABFKVW3IEIVRSHAIA7VR2EA,B07HM16JZB,2.0
AFQQRHNOS2AJSMORGOJQTDOWF6EA,B07VKYKXDZ,4.0
AEOOMMRNOICCQAIPTXNDSX3M6WYA,B0B55ZJK68,5.0
AFWVN3PP4WG4IPQUXVHS62ASS5XQ,B0BKZ51ZN4,5.0
AHUNAIVAYBPPDBVW2WOKRATDRQPA,B0BPJ4Q6FJ,5.0
AFDSQDYICQ3ZUK6K66IKKURLEKGQ,B07CRFB66G,5.0
AFZUIWPRDEKD7XPVABNXN764RFEA,B085QKS9LZ,2.0
AEC4JX3YOS6V5AOJMU3YD7X5BUXQ,B0B4SGJRHR,5.0
AGX34SAPG26BUKKPPRKRXAAUKBWQ,B01FJZBI7E,4.0
AGQ2FSQ2EJJXXJDWNXNLRAQCQLVQ,B07GV85N58,4.0
AEBIEMNW4BPGOFLHZCE7TRXIQLAQ,B07YMGPV7P,5.0
AEVPSBSO2FUNFP4I6GMZMM5WFC5Q,B0B95V41NR,5.0
AEPFMCRRSJJXQCYS463NU355VGZA,B07T1P4V9V,5.0
AG3QPT6XXHWPA6BFADE5XSVAVYOA,B07685T8FT,4.0
AFITYUC3765LLGHMH4L6XJXCOWIA,B09ZTK33ZC,5.0
AH2KEO2XP7LXZ5OHOP2M64SJO6UQ,B07CQS5DJV,5.0
AGP5W4XNLLC32Q5ZPAQB6EMK3RTQ,B095WG3LWV,5.0
AFKZTCN4BNEKHAJQARBTQ4RZVETQ,B00BQ91V48,5.0
AHXZMBZM7TCTGR6YQ7MI7LEAZ7QA,B00HWMG44U,5.0
AFZHRGPFPMKKAPUZ7UN6ETIKTP2A,B08NK7LFV3,3.0
AFADSIHYNNSBDX73K7YVB6Y2MCHA,B0002E4YI8,5.0
AE5MXJ2USMZKM3XOPWONVYUEAUUA,B095XZJ99J,5.0
AHEYMCHDEQZ7TLMUCRRSNZNFDWSA,B07NSWD8BR,5.0
AGWPL75LA3K2XKGE6NIKTHOVLJEQ,B0071ML4N2,4.0
AE4RY4OBRREKXFXI32SR47R3SXGQ,B00USQY0CK,3.0
AEJDUT4MZ2N5JQKUCHABBP3D22VA,B0006UGEOK,5.0
AEJ6HNHF32QL6ZB2UOFMCYJNT4RA,B001L8NFZW,5.0
AH4VH7HDF2ANWCFABECA7ZXPL3LQ,B07B4WXVTZ,4.0
AG7IN5L7BFVBNE2TNWW3P3A5RF7A,B07MJ844DM,5.0
AEWBPGHXAWZU45S26IQNREVTZRMA,B08XTNS9T5,5.0
AFUD46FQ5QP2KHEPMCNSWXMDZ5MA,B075B67HFY,4.0
AH7YPVRYKYOEFIO2KAADU3AAXXTQ,B08R5M2FGY,5.0
AEAFOCTHO3YMMX5M3YVUGAU5S3VQ,B01LQO3GGS,4.0
AGCML7EM4QFDKXX7WKPZ5XXY3PRQ,B0B2M1GPR7,5.0
AELBSC427YP3XNO3L4ULNIASKB6A,B015HG7HMA,4.0
AESCRGAOM4FMUCDGGPUIRSW62JPQ,B08T2PK2DG,4.0
AFB6XAMKLLNH7JVIJ42QJ7TZNG7A,B0BL2W52CK,5.0
AGMTCMP27WCMMXZ3R3FJ5F4KDABA,B01C5TBX68,5.0
AGFSPZ7XOYCABXF6VYXQVWQRMO4A,B003AYIKNW,5.0
AF7TFOXQFNNFVM2IIFSSVXTNGFNA,B017DBD44C,3.0
AFEHZC64FEDKDTMFEAP6VABWIO5A,B00TH3YPDE,5.0
AE2G7LHNL4YQI5EQHO6RIGHESR7A,B06X3XT47P,5.0
AHCLEFILWZQNDMN4L3LC3DJLZNSQ,B07MQBPZG8,5.0
AFCCQ65LWHZZ35ZA5BR25DVKLNZQ,B01LYV68RY,5.0
AGYV6AFXZR5TFYH7B5FLJX3DPYNA,B08HRZ15QB,4.0
AF2ADEWSNFYF3BRXGP5KXRXULGKQ,B002M8GBT2,4.0
AERNRI6KSDC5MTIFVRSJGJYVLBZA,B07T4TKLW2,3.0
AE4ZHMTUJZKVNPRTAVPTOTMMTHQA,B001LXMXU0,5.0
AF7OYQHKRXAWHQDLDOVMRNX6V6RA,B01DN7OC00,5.0
AHGYRKOFMG4EM45YSZBUTWUX3KJQ,B087D91DN4,3.0
AH7YMO4TVV6ZNDCST3A5SSR633CA,B01EPWGF8O,5.0
AEQJG2LA2SCOGALBII4XVQ5DCOKA,B0071YXCVM,5.0
AGE4MJI4ACCVR2HUDBPA27GVIZFA,B07ZMCH5PB,5.0
AEXY3DSSYKBHCGAMNYQRGD3GR4QA,B01NBNM97K,2.0
AGMIECBRRAHS3YUEBQNL7M766ZVQ,B07GQDYWWB,3.0
AE4OL5LGNMZXDJWENP32PLH4KXDA,B01FF4FX2U,5.0
AG6ADHHJ2MHUP3ZBBTGMZVJ47Z4Q,B01HN41Y2I,5.0
AHACHAD3DDY3NKK6BCN7RWH5XWTQ,B0BPLFP5P6,5.0
AHSYUEHHWA3FIZAUAZYFN54OHZWQ,B0C5Y549L5,5.0
AHJSYOIN4W5IZ4SW5LSHCHEBMPNQ,B07X2LN3FV,5.0
AG4IBVQSLXLZFIBFE3EDMOJMVLHA,B0779ST115,5.0
AGE5YXPVOTT7B2DW5B4LPLL4GL5A,B00EBK6C20,5.0
AHR4N4IZKDYWKN7WB22HJF3TE5MQ,B003GEJ5SK,5.0
AE3TDVF6M5MAB6UK34376XCCHBBA,B081P1SQGG,5.0
AHOPM2RGN6VXHKOR2NCYQ6EGTAYQ,B000K9JPB6,5.0
AEGO3MGGYGTJZINMKJ4UZ5LR4SAA,B01J5M2GO6,5.0
AFAAQVGMDINJAJNDD6HE2HFNJ7AA,B009MAB0S0,4.0
AF7IDWLJAS3YD3QYSBECQLZ5PYKA,B016QUXTZU,5.0
AG3PQBC2VIMREI2WXU7IFYRIGTPQ,B0BK5CXZBT,5.0
AGSZ34I5SMWFEZ4ORPYAAOALSV6Q,B09R6PRMMY,5.0
AHYOPNWLGYLSKSBUQKAIWYDOSV5A,B0BYNM15YB,5.0
AGRCXV4NM763VGZGD6BQ2VGNCJNA,B09Y53WDDY,5.0
AHNXWNFZIZLK2A3OGVF62FGR6SFQ,B00VKI4YDA,4.0
AG3FI4LLMISCHAOGWQT6TCP4ORHQ,B002CMLQ0M,5.0
AHB7UA5R3C2NUJTZWPJPR6SNOGQA,B000TGSM6E,4.0
AFSKOXGAKKYKA2UDMHUGHPPT7W7A,B0B1ZW83N8,5.0
AFLABIBLTVBHSWCDT6CVWJ2BPTFQ,B0BK6Q2HDN,5.0
AGQEZMUPBTC6K5PQNIUXB57MMSIA,B01DTGCMFC,5.0
AFXGSPUGWEKJENYDNCYEHUOLMPUQ,B0BZ5JK2GC,4.0
AHQIX3TQQCQRG4VLAEKKURPGW7EQ,B00IWU2CBA,4.0
AEYVNF74XFFZ6UDVWDZVCTFFICNA,B07GSJNMBQ,3.0
AEKELSFZ6K5E5W3BHUWIJAZ2BW2Q,B003WY26VM,5.0
AFH22HRJGMLKZUDI2UN5APR5YIAQ,B074TNDXM2,4.0
AFKOCLGNVPBGV32N3QBZRUAZHOLA,B091YFQGCJ,4.0
AFKICODOC3GQGWHGEYDUBNFHJWOQ,B09GTV6QZQ,5.0
AGXKC72DZQZZXSYAKCMTSLRGUS5A,B083FTGJ5Z,5.0
AGSB65UVLST44NVCLYYW67CJAV5Q,B06XW9MTTV,5.0
AHW4G6FPXYTHSCVVU4DC42L63IQQ,B08VWZHQV1,5.0
AGJY5ZQ56LDNXBGSQ6UWS7WUJXHA,B015HG7ZR2,4.0
AGGZ7UAJ5H632KVEBRZJX4TH37SQ,B0002KYXTM,1.0
AHDF5QL5Q4ULQN46WRCHXHYHXO6A,B0787H2XHY,5.0
AHTOCSUMQGOABZ6Y6MR7XL6ICETA,B07CQQXQ4T,5.0
AFPJNWATIEOD6OYRPC4BI65KUPZQ,B095XZJ99J,5.0
AEXQXXYJKOGNFK4BIA7CNTZ53ZMQ,B00HX40OL6,5.0
AER2QRZUIRFMMQHUKONI6X2CASSA,B092LF6RLS,5.0
AFDTO24ABREOG7VZHGM5MUINEONQ,B000T9L7W2,5.0
AENFFWFS25A7LLXCXTK5P2NDTS6Q,B09YYF4X1Y,2.0
AEQZCIHPL376ZN3LRVIK7LKIO6IA,B0BYPSNQYG,5.0
AHZVNE4T643FNNMVG73UHCN3EM4A,B08T2N25MR,1.0
AEQIE2USMD5JWF7BFPFSB2TEEKVQ,B07VHZFD6Q,5.0
AHF5NTSGVKI7CPBJ4IAFOIABKZOQ,B00DY1F2CS,5.0
AGFI4RKJONGNCQLVN7JQUO6YYOXQ,B09Q39C7W2,4.0
AFGQTSA5VSAM326LO6ZKAIWIFK5A,B00HZH4D04,5.0
AF5HGFNU4OVZIZEWCTWQLTK2HMNQ,B07C91JT14,4.0
AGZH25VPWSNSD4E5IERFYWMEBOWQ,B0BXT1HP18,3.0
AHF24GKKXGAKQLPBYVZHEMHHNQDA,B0B8NXV975,5.0
AEBLVOJUISLAIOWLTIXTJEYBE3HA,B0002GZV5Q,5.0
AHIU3GE2TRI4ORRL7LLFAEQTJAYQ,B0BFKPM8MQ,5.0
AHEIHSN5VJYUIV73TEU6VIK7ZDNQ,B01CS87OLO,5.0
AFTWTCVFKL5GDM6YHN5ZLLXS4DOA,B01MRJUB7Z,5.0
AFF5XKPT3SWRRPWQW4WKIVQ5QGAA,B000T9L7W2,5.0
AEVXZ5HNDHIRVO7AGCSTPLFI3OHA,B075PPKM28,5.0
AFOD3ZGWBE5VCJ4KGH2OWQP3QDGQ,B003OYOXDO,5.0
AHIR3YSOUWL2ZU45WVOXTO7JGE2Q,B01448TS1U,5.0
AEIVZRLV4V53ON6VTC2U4TVBZF6Q,B09ZDMFDW5,5.0
AES2ZTXMTM2USYRA6JS7MPAMZ3ZA,B097Q9W8MW,4.0
AFQJYVZJRRJKT73QEQYX657RRIOA,B00557KN28,3.0
AF7SO6JG76JZKBKRBXAVQJOJBPHQ,B0B7B9W8HP,5.0
AEFT4MMHBTLSDAH65OHIQGKVNBQQ,B00GESEQ4S,4.0
AHUYGNA2GEDE4I4CGQITS5RUZP5Q,B07MCM2DCZ,5.0
AEPNDOJU3WRZU4C4BPTUTJTA74TQ,B008BPI2OW,4.0
AHAHOZT5TWLEYPYLP3UP2SMEKHYA,B0BT2Z1DF1,4.0
AGNRFLXG5P256TIYC7HM6I5IT2AA,B01DPCONFM,5.0
AHQXZXO3N2WPKJCIUWXLBD4HU66A,B07VWSB34H,3.0
AEVAZYJYKF7GQKK5BA4Q67I2TC5A,B008TNAFZK,5.0
AF677ONY3CIUZSPX65QTI7AWREWQ,B07Y2Q3RJ4,5.0
AGCWPLTK3SHPNH3T2RNITANQJ7UA,B0C18CV4TS,4.0
AHZUM5IKWN7PMCQOVZZ3KIWZIOQA,B0007SL856,4.0
AEXUUT6Q3B7KIV576X6RZDSZ46QA,B004S8AU2I,4.0
AEHV7MX3RQEWNYLQYANYEKZCJKAA,B077KGX7W8,5.0
AHVCAMIWNQNSJ5ZEEHS7M6MML5PQ,B0095DRRFO,5.0
AHM6XU5UR2N6ONEAFVPHJKEN4BUQ,B09Z933SNY,5.0
AEJOVM2ALRKRJRWVSDE3PYRVUOJQ,B004C4UQZE,4.0
AF4KIR2XI5YIEI4BUP77DBCUKTNA,B076322LP4,5.0
AE6BF2OU43AYS3JCBNVWV557TCMQ,B0BPKH7FJ2,5.0
AEVIDOETQTYGFWUVJGTIDMWH4YFQ,B001FB5Z1C,2.0
AGX2AP2EVUVFTBGCGS4K7JXT5XMA,B093YGM3KQ,5.0
AGGK3X3WGTH6W5DBGC3QH55HKJ7A,B01E4MELN6,5.0
AGTJMPFA4UFAU5ESGIUL7UH5OENA,B07N5K2V9H,5.0
AGKNSAIF7C6Y4L4CXNBU4WY3L45Q,B07S1LKQMB,3.0
AEIBKB5PUUEGL4KKJI3JX5XBWIQA,B07CTD883P,5.0
AFS673IRZOY3VOUOVTEN46GJ6ILA,B086RHFW8Q,5.0
AFAFI6N2OEHEZMADEFS6BN4XMGRA,B0C67HCGBR,5.0
AEKBBT67IL2I6N4BWLSBRL2AIECA,B00BKXN9LS,5.0
AGYWUC3S7UKKPS7TUSNVDSB4L3BQ,B093YLCJVH,5.0
AHYKDZQIJSFNDBGMKREOKXQ3CNLA,B07KNJSD49,5.0
AGXQG72Y6EIMUAUYDEY7IGJUQPMQ,B08T1TWV29,5.0
AFPWFNBSJ2BTR5JFERVM3G36OGYA,B092LF6RLS,5.0
AGTHNNXKJS4JBP6OAHE4J3BYXK7Q,B093YKLWVN,5.0
AHOPENJEX6Q33FXYLE5UA6FLFQ2Q,B08R5GM6YB,4.0
AFKQDKDIZX7G5QJH3LDYG56O3NXQ,B08HRZ15QB,5.0
AGYKOOS6KFMDEQ2PGJ4C5GZFVJYA,B001B16ATC,5.0
AGWRKFZHFPPHHO5LGEUI5Q5V5YFA,B0B8LMGQVX,5.0
AHN7YYV2JL4BFTMIJRYAI5PF3A7A,B00WJ3K3QW,5.0
AE5GU6FB5WPUSX37JGGNXLS5MNLQ,B09VVV7CZ8,5.0
AEQ4WIM7ULSVAK7HRV5U3LLC6QHA,B08H1PVP9N,5.0
AHCYDRGR5OLYTFQL4OPDHOUJ2Y3A,B0C3WPPB5B,5.0
AHGDGGMCSMMALHTX6WGLJFFUVJXA,B007MY5BDI,5.0
AEJX567KHPDJBTADR5WCKVVXORRA,B0759JQ57Q,5.0
AFCNKGMC2A6IKLW4OALP7RD34FSA,B0B2LMZ9RT,3.0
AHWMAINY2QSKJBVYDTNANQQBP2NQ,B01G26TRW2,5.0
AH4U5I4KI6JDPIAFHYQE672SBUAA,B0BT9R8MMV,5.0
AHR6YKXEXGIMXC4KZXITPYDZSIMQ,B0BPNMSDGB,5.0
AEEGBXTASTDNNZE2QXR5IIGX725A,B00N12WYUS,3.0
AELYPSLZVDD2H3VFIKHBMMXV3SBQ,B002YL81RW,3.0
AFQZQTVMHCRV3OLIWVWAHUZIQG7A,B07NDFFKJZ,4.0
AFVUOJI7RCDL5XTF5RPKZYSEGOVQ,B07DLCDT3N,5.0
AGMHYG4CTWKILTZWCZ7QM3JPVGXA,B0787H2XHY,5.0
AF6ELLW7NT5WNL447YQWXJOFYLUA,B0002GKYZI,5.0
AF4IJ7EGPU2LWQAZTYBA26KY4UVQ,B017NT392Q,4.0
AEQIXOBGYVS2DIAO5XFBPPKNMA6A,B018SA2CPE,5.0
AH4CKDTXBSDQ5HF6EYLK56OZMQMQ,B0BLJSQF7R,5.0
AG7IYY7DBVJGLXBDW7VOZSLYS2QA,B0002GNSUQ,3.0
AHLT5ZI2KDKZPDKOHWZNHNQMDFYA,B0BXT43MN3,4.0
AEKS23KTJWPSSKWVWNUPKQMKOVGQ,B016X2ELIU,5.0
AG2VMRQG7CPHKGWNP3TT5V7I4JJA,B0BYXQHW7Y,3.0
AEX7FVG2DT54ZTSPX3E5PIYURQGA,B07BSL26ZW,1.0
AHTLRQ7HCERAHBTOD4QGJ4CE6WUA,B0002F5C7Y,5.0
AET3S3QXEZM7Y7MDGCJTFTTOPAHQ,B005M0CK9M,4.0
AHXXM67KZP5QLRJXRK2X3VPJIVGQ,B01DECWM0G,3.0
AHHO3PFPFK5PZMYWZMKQIIMLGOFQ,B08ZS312RW,1.0
AHKCSUGN4Z7LGDRN3YPANQBGOBUQ,B0089NNAZ2,5.0
AHDA2HXHNPLZLKLZGCDZCCTQOFHA,B07L5B64RG,5.0
AEVI7UHYFLB3IR4ZXWZSDLUH4ZAA,B08JMQR2JK,4.0
AG5JUX7FXX2LHPVNLMPUVLKMQNGQ,B01KQ29Q4C,4.0
AFAC3WZ54MY5GPJ3AZMZYHHP2RIQ,B0010XSZ3A,4.0
AHNH5HCKCICNCS42TDTL4NDSPCMA,B0BRG26SYG,5.0
AFOLEJG76QYTV6QYU7GQDPHBAKQQ,B01KNZOYBC,5.0
AEA2NBRBGJ7YCMWFUBDJ4TUW6PJA,B08BJ37FNS,5.0
AHCTTD6GVQ5S4SDLBCMLIXEFH62Q,B0010HCI66,5.0
AE4B2GFN54FFRAJ6PKTMFN2BI35Q,B015X3CXXA,5.0
AHJ7A4GFTLZBIWG2NBUAJWK6B77A,B004ISK4AQ,5.0
AHNBFV3L62BHBMX6V4NFRT7PR47A,B0BNCDVD4M,4.0
AGUMX4MREHVOVE3I2DZAOSBF43ZA,B09CGJ6XK2,5.0
AG545MMHYSJ5GUXAXDOVIC6IZ7ZA,B0C6J2DPBW,4.0
AFFRCOTU354SFF2TWTMJSVJ3T5HA,B001U0ORN0,4.0
AGX2AP2EVUVFTBGCGS4K7JXT5XMA,B09G5QS1VD,5.0
AH2ADQH7UOGDTDAAOQMXQCUAGFQQ,B07M6H5RM9,5.0
AFZUL4Z3J5LTJYTWP6IZULSDVP4Q,B01CUZ857W,5.0
AHCBCGJUYWKLVCHVXNU4TUSZHFNQ,B09T82W1SN,5.0
AG3YSGTHAD3XS22MCYKNMVKVIKGA,B00VRPHV2M,5.0
AFTRBS7WXYEYEKN67P5GBLKBXFEA,B00BXE4R6U,5.0
AFDINRMUT6ZYV2P5SAJHGDWWYCDQ,B08R5GM6YB,5.0
AGMRYSCYS4DGUW4QAISHDJSCHUUQ,B09M7CK2WK,5.0
AFVWWNWNSTEY5P6JAPQPESCVSLWA,B00H35YIJE,5.0
AH6CH7YIZY2EWT7UENH73RZVWUTQ,B013ZHK4DM,5.0
AEUH4L52LUHVPTST3WLZIWTLTDWQ,B078X3SSY7,3.0
AEM3SC4PPHGA7KAR2YIGUEC4FUEA,B08T9CCXZB,5.0
AGUZJ3UUDPR4RYAP4C6R3SJUXQ2Q,B074FL1CP1,5.0
AEK3AZJGYPN25QIZM6WXRFG3HO7A,B097Q9W8MW,3.0
AFL3PZUHVXQES2NB25YCAYJ44X5A,B07Y94MSG9,5.0
AGUBV3YUSN2CPPH4OQBNF25FLZGQ,B01DPCONFM,5.0
AHXTVTZ5AXDYH2ZXBOCSODALZROQ,B00GKBFII2,5.0
AHJTMJYE6S55L3I7CVDRFQFKVS6A,B098KXQJVY,5.0
AELW2KBTX6VJ6RO2OSAKBEBXZNLA,B07FZBF5HY,5.0
AEBFEHMBWTPBUVIGMLJC5AIILUNQ,B07TSGLPLY,2.0
AF6IPYXSVTYOXYMAQTOUM5PXRN3Q,B071Y4HJWX,5.0
AGS2TDMTAC2L4AB277W52RWJNHVA,B00WRJM5NC,5.0
AGQA5BRX2ERUST4AUMTLVC3JMWRQ,B08HHVYGV5,5.0
AH4TXKB3XTGBGU4NY3M3S5JSCEXA,B004AE3W7U,5.0
AGFTIABCQLO57WAANY32UAELMT2A,B076LRN23J,5.0
AERTAT3QNBMZ37Q2QXE7LSZQNBZQ,B07541NT4L,5.0
AE7GFCKWYXDFXWJGRCVZO3QFMXIA,B074MBD643,5.0
AFTRYPOFRCX65QE5BOHMW7GRYAOA,B0BCK6L7S5,1.0
AFOOI5ACUEN6EQJGID72GT2LDZAA,B0146YTJOI,5.0
AHC46G7YQEC37VOLPDIWZQEWXE4A,B07TXL153N,5.0
AE4KQ45U5PV2LEKFZP3RUM5L7JYA,B09RN6MGZH,5.0
AFBZUTNSJAW5GQJZORPGE5B5NPVQ,B000DZXTFK,4.0
AFNT2D5HWVLYXB2OWLMEV6ZJPVPQ,B07NKRZ1KQ,5.0
AFC3O5Z27ZZ5BOZEPDDE5LTIFXIA,B00AXEDVJA,5.0
AGZ4FRR2ODBHJWUCPET42AMRU5NQ,B09WQTXJRK,5.0
AEMX4QQHS3HDQGM6IPOFJMM3534Q,B07NDHS7FN,5.0
AGTQ4XU4K3HRG4A26IKNCCIEX4KQ,B07BFZ2KSJ,5.0
AFPTMVT5EH3PJZHK3LUE5SEIP3UA,B06XBB9FPF,5.0
AHX5CCO3VSCRLZ46HN4EB2OCAZBA,B06WVFRW4H,3.0
AFWS4JNT66C4CCYBGOYFLTJXJDPA,B01M5DF38P,4.0
AEVNV4O74H2AN5PJ3OAYYH3T7AMA,B0B5TBHFLW,4.0
AFQKIGEYXZL76W7BIGLVR2RIPMZQ,B075R94JY5,5.0
AEVAWGTR5FUYEO3WRMUI6SMGR2TA,B0BCXL2V52,4.0
AHNIDSZTL7HFLSNY7WA7YF3ZWKOA,B005SUT0BC,5.0
AER5XQROGISYKN6ABH7EAK7OHGTQ,B003B1BOFK,3.0
AHAUV465EY5R5K4KRUNC3Q6MRA3Q,B005OZE9SA,5.0
AGZXAIGW4CJNWEY7WL66MSGGVBQQ,B00H4J7WLU,5.0
AFXVXYBWXDV7NT4GGRRNFT56NONQ,B00126HUGS,3.0
AEZD2WTGKS5BQCHHLPVO3SSL7HBQ,B00VIDJBSU,4.0
AHDORHGOBGGQFUSOKSPIMK23A7IQ,B0002F74IE,5.0
AHVKGDD2OV6WLV2KGSSVEGRHZLCA,B09DR91XCS,4.0
AEI4K2NEMJ2UZLNR73JRGWEDU7AA,B09396NY1C,5.0
AFVP3KR3HBOXYMXIBL3ZGAZVDQMQ,B00IFOTSJW,5.0
AGZABQWQQ5BECURSRGYLNQWTZBIQ,B00JJ18U6W,5.0
AEVP2C4BSOO2TLDDUACWGGJURQIA,B07K7VC41S,5.0
AHA53E3UYPIUKH3CMQ3NMZRCTTBQ,B07MG8PHF2,5.0
AGTF4QKF4QKW4OJSHDMTFWPIU2JQ,B07B8WL33G,4.0
