ReviewerID,ProductID,Star
AFKP7GPURJA6SIE2IQAPMQVFZYWA,B01K9AMG8E,4.274222
AEHJ3SL5NHVDUH7ACAAJD3JYXTFA,B07N5K2V9H,4.1854987
AFLKS523NY36AY6WTAAKFAHYT7BA,B09P7LVYDR,4.745419
AEB6NY4IDOJQTFCHNUGKOKLXCZJQ,B0BK5CXZBT,4.05174
AHSYUEHHWA3FIZAUAZYFN54OHZWQ,B077Y4JGQ1,4.7458835
AHRPH3DCPDNWEDZJAP7L4UJ6USOQ,B009WS7V5I,4.5114202
AGKGURGEUE4BGKGRI7AYW6TIKUBA,B0BKZ3GCGR,4.8537173
AGFB74WQOHVJP4PGF5QOXM5CXYQA,B000RXN6XI,4.195304
AGPFCVE36JI4PXFC627LXEQTBD2Q,B00HX9F3ZS,4.8609586
AF6LC3PL7ATCSC6VQ2SX4PS2JNTA,B075R9DNGF,3.8954067
AE53UBM6H6SDUWZTV3Q6OJMJDB3A,B016CK4Q0G,4.604929
AGWW735D5YTMQYBMUDXC4KOZAXDQ,B0BGXSRTB2,5.0
AHJUKDLBKDLRZWZ2OFNOSAYOCTZA,B0002E3FBA,4.718814
AGV2HFYUYPDTCKHXP2VUSKKR43AQ,B0002OJPE6,4.725728
AHYDVO5UKW3QHLF6UFSCEOGECGLQ,B002HJ9PTO,3.9384553
AH535Z72NTQFY4YZ7TXSYFP53ALA,B00CA8982Q,4.2370996
AGXGOWEGH57GQAL7MFXUJYTDYVIA,B08G7X73ZN,4.4611945
AGSUOVNK6FSW4EFQVPRMN4IMWJWA,B001E95KEC,4.385856
AELSGY4WCLESJ7VLUYUHAJT4BHBQ,B0799734T4,4.505222
AHQDVOYHBY33A6ARDSAA3AHORBJQ,B08CSQNMN5,4.711809
AESPIYN2KPFNMATAZNRXTGG2RTUQ,B0089NNAFW,3.8468955
AGTDFPFY44MJBGGG754JMRA44TKQ,B07BC4KMQK,4.04132
AEW3WN45BO5QRGK3RPQ2DREV4NGA,B000G3MV1W,4.739794
AFV3OQHHDBYYDDQT7XU44VPQRLCQ,B0BKKZT1BQ,4.013333
AEC5RGUIQ3DZMJFZEPST5R4O7PPA,B08R5GM6YB,4.376607
AH6WGAEBHJQJLZJMQI6NM74ZKFGA,B07FZ5XBCJ,4.1550574
AF7SOBRJNAC5ORUZAMT2EJNH3RNQ,B00FPXDRQQ,4.0760517
AFQVJYB73FB4EMH4CHYJI6DQ64ZA,B08ZFQ8GLV,3.5495324
AHFJIW6GUHWLNDE6KIME3JB7GYVA,B0002KX5E6,4.4709167
AGNPTJJ3IN3Z6HMZAJECSJES7BBA,B08PMZQXN3,4.4321775
AEYIGWWXTT5AD4ZONPSHMK53WR2Q,B0002FO8CY,3.8839662
AF5XVNQXEWRDQHIEK4RIJU5JZGWQ,B00TV90MT0,4.9019313
AEIYX25CEO6PSO7NQUMSSIIXBMWQ,B0BT2Q42DV,4.778034
AHQUW4WT7RGDAEWOMG7FZ3EKMINQ,B0046LGS0A,3.9968326
AF6AWOX5OCZXE4XLWROTNPEZWVLA,B09HCVN9M9,4.448926
AHNG3NRGEDYO7E44QMYDHMBADPBA,B06XZ91CGG,4.6124783
AFOQTBFBJWHAZM2DSCVN4GIFZWVA,B0C61YCRKM,3.9396505
AGSFWUWZB4NXQHKWYKBYB7JIGRJA,B07W44SZ95,4.1298556
AGU3467K6OPI2HEDABM5P2APPM5Q,B000NGVQKO,3.987864
AFHI666HJMKCI4K6KYN72NLG6ZQQ,B07DWLYGKH,4.8557773
AGTUP64TUDREXZLFMZXLVWJQD4UA,B004EBR5VI,4.6770015
AEJFHFNVYIIZIDHJHDPGPKGYTQHQ,B09YDBKT7M,4.9014926
AFRGWN2OQMXTMFUCW7DBTJXXZC5A,B0BLLZYYPK,4.56883
AENVRY2ODR5XXL24FXQFBQMXFM3A,B08BJGBHN7,4.353899
AFQ7VJBUAFMCD6WLRMNJVL5IZGUA,B000WKW8EY,4.422148
AG3S4FROO422V5KP7DJCBXVUQLJQ,B019OO4IY6,4.8763485
AHWKKYJLZGHYBTMB74R5TRNY5JRA,B075MRMFM8,4.413997
AHNOYSM6BGMCXVETNQNOKQBSXGTA,B095JMYLPZ,5.0
AFLKPJZCNDA7M5RHJXFQZQYTJXZA,B07N5NPKRW,4.8840766
AHY4BIN6TICBUHIUNKJTLVJ6WOMA,B00WGDS77C,4.555003
AGSM4LM5MKYYD3CJPXAF3MIFGAEA,B01M9GJC5V,3.9723217
AHAMWA6AJD7RPNUGVOHWODNKI32A,B092LF6RLS,4.7760553
AEIORZCHRBVERYFCQZTGPTVUYIWQ,B0BLLXXT6F,4.6714354
AGQLFAMQA7WJBPRVDSZATYNGAGKQ,B0BCK6L7S5,4.390018
AHTQJFXQNPHYWI6NCGNOLMNWHOMA,B0002D0JX8,4.1809464
AGAKSCBPVTFI7CXR6L3UI66AHL4Q,B0071ML4N2,4.506383
AHEMAURZYRCARVTVF6CQYTYE4I4Q,B01EY7NNSK,5.0
AGN6YXFPLQOIVURKG5LGZ76J4UWQ,B07N1RPV4J,4.7327952
AGGGVYN6UWSDL6N37L77RAJLFHTQ,B0B89ZSYS7,5.0
AFLI3BM2AJOV7JK6P2CWU2Y3QFQQ,B0BYXVCSGG,3.711677
AHNPHPHF4TT5JPHYHNPI3OHTO36Q,B09RJZSQML,4.9557366
AHX2CMSXBTB7L72QUQPXNSQRD26A,B0002M72JS,3.9303737
AG2L77BTIVSYYB6ORTCR5HWPDZOQ,B09T7P2RNC,4.581641
AEXUUT6Q3B7KIV576X6RZDSZ46QA,B00LOAAME4,4.1906905
AEXYZU6XCODDBB67J6MAJSN2NXIA,B0C5M1WZ9V,4.4013157
AHJ7KQRR6SH62UD4ESCUELE2BMZQ,B00AV557UC,4.2369337
AFK6CXFGEKRFSCV7ZY2VIJNDJLQA,B0938MMWSV,4.4939275
AEH7IOTDSZGSZLE74R7YMFXFZD6A,B0C61T841P,4.9345946
AHBQCICNAHDBS47M6LFAPV6LBFRA,B0C3LDN2TN,3.842897
AG3S3WPA3YRI666NTL3Y4TINWYWQ,B083YRNPSR,4.3955264
AEQP2NXBADXJISSIYTTUXUBBKVEA,B0CBK1WSMR,3.8958828
AGYUMKBBYKOVQKT2BDG6P76CXPSQ,B07MMKMKC1,4.2391014
AFV5UDD5Q4FBR57QCJGLL2SE7OHQ,B07WJ1FPX6,4.4387765
AEHWRW3PWRFQOIXVKEPJCY33O7BQ,B07KDYH2DF,4.007371
AGTBJVGF6Z6FTHBKFPZFUEGV3NRA,B004FPEGT2,4.128109
AHE47OSHXNOJBJSUATR77ZKFXKDQ,B07SK3YRF2,4.1036034
AG3ML6ROY7CFJTLMPJYWIW7KXQ7A,B0BCK6L7S5,4.587975
AHJ6I5S2GY3SD3HNECB4PK75BT3Q,B014MQ22XU,4.318547
AHCPWTP2HVKZWDFJ2ESPXS6OJKHQ,B0C3PGFZ3H,4.285041
AG33SC352BGAEXJJGKUGEYAOZJZQ,B01BZTGSC8,4.644181
AFOAF2ZM5JEUC4HEXDCSQVRN4VBA,B07112LZSM,4.126913
AERSZ2M6JUHJEJ27PX5SS5JGHCHQ,B095BQ6T33,4.084451
AFOF3QHFHEPGQ7QQJBGWFJAC7RMQ,B00FSDBTHW,4.572389
AHLBYQU25Y3KOTNGDXLQG4QTI2VQ,B01GMWH5PC,4.0804534
AHJBRDZIS3BYBISIRTW4ONRLNJMA,B0B8Z5SW8Q,4.6512957
AHIAM5SDVPJAM67HKUJHCSWLVMFQ,B0C6HZ2BJ4,4.603099
AHT5VICCGHXRSEGPZZZOCIN2KF4A,B009756KE4,3.5968351
AFTISDTHOS27BWGSWKZ2S27ABVGQ,B07FYJNJJH,4.8545923
AHP45X564BZWISH5MADW4Z24ACHQ,B002NGMBGA,4.289407
AEOM4BJ3MA6T6Y2JD23KRHYMUOXA,B0B2T32W46,5.0
AG236DA5TDMWWP4NCFS7HWJ23HYQ,B091YFQGCJ,5.0
AEBCO7YV3RWXD7SIH57FFGWKENUA,B00OYUSHJS,4.285991
AHAVMJ7OKLRLFKHUSZEZQHPQCHWQ,B00INZY55K,4.413959
AGQMTPWXG6UUCT6VFJBXBLWONEFA,B00NPAMDQ6,4.5635467
AFQ3H6LDLAE47OMXF67GWCCRUIOA,B071YBCYQQ,4.5269165
AGTSSEXHZYERJYNWF2UYM7PBHTOQ,B0BP3MNJKN,3.8155248
AFASAOSH3DUTLSA4DWSQGJR25GWA,B09PJ3N73Y,4.6847134
AGWJ3WOKO6JPVGAPDSYZJCAOAD2Q,B00KXQIY86,4.4531064
AHHTYXG5DLE4VN7NQLY5LP6USH5A,B07RG6P3N1,4.286414
AGFGZYNZBXCGUPAOIXDZGH7ZHN2Q,B0002E3GO6,3.9072087
AHCWSKQIDST34SUY5LKWWLBPDRDA,B00YJ5C46K,4.707992
AF4RDK3DARVW2FRALUHV5BMHMCGQ,B00P2EKHDO,4.36976
AHZNQTN4Q5TKNSVNKIXJU64LJEAQ,B06XHCSY28,4.738135
AGLTOOTGDPFOHALWBAIXHBE42FRQ,B0C6HZ3ZVT,4.3704762
AE3D7XQZGHDYL7IAZHVBOES772ZA,B00X87FAOI,4.322418
AGYVIJCXTIRUKHIIJBRWW4ZYCCRQ,B0C6HZHZJJ,4.791392
AEWUW6NYZW7533JCI6UJWDZAIPJA,B0002T67K6,4.7192025
AE7U4PM3XC5EL3Z5UITQR2E2DD2Q,B077DJBDZZ,4.264821
AEVIDOETQTYGFWUVJGTIDMWH4YFQ,B00N5TH2H2,4.756708
AGH6SW7MNE4SSGACMJTHYLIKLIFA,B01B23BA98,4.1177225
AHHG3FREHN4EZOSRVIH2UD5YM46Q,B0B3VQQ6XY,4.579993
AHNG3NRGEDYO7E44QMYDHMBADPBA,B01DPCONFM,4.344096
AH2LUXXMIH4QXRDFOSLGZA6R7CMA,B076PN1263,4.497691
AEZNY25GTTQBWES2TRWYEZGDM32A,B0B9S8G4HD,4.067261
AHXKSJKTLH4DNQ57FCNOH6MYOTLQ,B07T3Z11QJ,4.6831307
AE5YND4EAVEPMNPKPXODEBVHSG5Q,B004U2HT9Y,4.5403566
AH4AIWIVLN43SGJGK45W4FCJB5GQ,B08LRLRRKM,4.501496
AG64SW2Z4TEZG4IWEGEUFEEZBTRQ,B09BF8XDF4,4.5146594
AFPG7J4AME6QVSARKPXTOXWUR6DA,B09V4N515D,4.3364587
AHBYNOMVJ37DFQK2322JKNXW37VA,B017DNZ3XK,4.654707
AG3QPT6XXHWPA6BFADE5XSVAVYOA,B0BKZ6FK4D,3.928984
AHI2JCT4QVCJLQICAO64CYXQ3NVQ,B0BKZ6M28F,4.569464
AGCBRKJSQECOQJM23WHBKDDOXCGQ,B083MWZ1DN,4.202973
AGOVVFMZ7IPENJBVNAFQ33S7O3TA,B0B9T61HDX,4.5797424
AHLXIZ3CXU5UZKHT2EWIHO3KHGDA,B09857JRP2,4.7161765
AEV4SAI37FLJ6NK4M55NWKYVMDAQ,B0C6H9T5T6,4.0262775
AEAU2KDIKNMONDRX5Y6DV5F73F3A,B015WSCNHW,4.5498056
AEK5452BSJUE5N23GU6PPAGM4MEQ,B0BTLZMMFT,4.533921
AFKYUEIARYQHQBR3D7L4VNO7ELRQ,B01F7GQ8DY,4.3888354
AFPOTFD5RRB6MHZQ5P5UIVG7QTBA,B09G9DVTD3,4.2327695
AEHG2FL2VTCX6K77GJZ5DBODFE2A,B075VPGJCX,4.7026734
AGYKBJXKGCM7FUQSK5JSIT35DOJA,B07BKYBTNJ,4.1443405
AEC7TBNDVCE3O4TLCEEDNWTM6RJQ,B01J38RW9Q,3.9247508
AFRUTEYFUJDAUASSQADZ3UQJHXAA,B0BK9YKQFR,4.3976417
AFQDQ7355KHCZLER45SETZZ3RBAA,B08DTH6M77,4.568241
AGFXPATACXLGNXETSYZRD4QAHUTA,B07BC4KMQK,4.357663
AGXQG72Y6EIMUAUYDEY7IGJUQPMQ,B0768R4GHS,5.0
AE5WEF3RO4QRTJDMRXUEF3JB5FOA,B0002D0L5E,4.3344903
AET5WDQG4RMZYUACS75QGTR5DN2A,B08T2DMFKD,4.8734317
AGGCBQMBTI76TAQ35ISJR24OQH7Q,B06Y2W66F5,4.297878
AFYKOOYILZJDSJKTSJKEQYILFLOQ,B07C3BKLD5,4.058396
AE6TF34R3XLNVEOUQ5XGGJLOBNQA,B0165KH7GS,3.5585148
AE4PX7WPFYOKQ7JY2XCDJIXQG6NQ,B09JJ586GD,4.3549776
AH7VFEVL3IOVGXVGA6NCV5FK5EBA,B073W2Y8NJ,4.5575027
AFAPQJJSMGJIP72FIGH33BNET6KA,B0BKZ61YJJ,4.6058445
AF3MDNGUNU6IDVBYNELKDFH4M7HA,B099NFZP4S,4.2262883
AFFZO6PEJS5E3J7YISHHNOTA6RWQ,B08KHSBL34,4.3071294
AGP2BAEBBIE6P7XZAOAIUFYCEHNA,B072LXH1V4,4.4367476
AH7UMWKEKWHRAACBVZQVJGOP2DCA,B016D7KIWS,4.7130384
AHX64VD7FLIT3KB2U67MRWOEQHPQ,B09Y1X5BSC,4.2617273
AH7VFEVL3IOVGXVGA6NCV5FK5EBA,B09V915Q6P,4.1042185
AGUJ2VW5XM5ASOR5KLP27YBW3C3Q,B00BNVHCYM,4.7322636
AF7IWQ26I2RJXFXKGSPGNNRBLNEA,B000CZ0RME,4.2656155
AHELX7UOIDURULSSVA52BNVTMT7A,B0BSCDNQT1,4.822712
AFCUV5FE3VT2MS4LYAUFHYBQCP3A,B002C741BI,3.6021934
AGQLFZBLL2HTPOLTXLYYRYNYQMDQ,B000H58HN0,4.186019
AE6PYJX3K5T4WCDVMYYA6C2EA7OQ,B0BKZ2W81F,4.3918405
AEFOUHISLMQKQKXRMICVYMS6YF3A,B07TD9NX9F,4.024493
AEZG4SHN6EDH7X2I4NPMCSN7MN7Q,B07FZBF5HY,4.3117127
AHFWSW4APYWHTKLSCLUQ7OOAXBDQ,B09MTHTMBB,4.8908315
AEKHOFU35JS3BOIWZSEM7DKSTEVA,B00HTWQWWM,4.223884
AFKXPHJU332QCBEXRVZTY6K6B5HQ,B06X9KG3HW,4.9844847
AHCRUMAU2ZAZ6EP6RVSXNHJSEVYQ,B003XKIY3E,4.513224
AHH7NFK7CPZCLCX2YO3TBNLVSVJA,B01N6448Q4,3.730255
AF66OCN2Z5V3FKFOAVUKWHPQ3BHA,B00GG20DJ4,4.208452
AGHZXVOSR6BUBEGP6K3BDYLSOJ3Q,B09MLLNDB9,5.0
AHNO5YFCPLGHET6VHUICVPTN4LMQ,B00P0HIZXM,4.1394987
AGQ3CRIH64J5HUPGKKZEYMUKKR2A,B08R5GM6YB,4.285738
AETEDS6HQJWX2EQYEQFUIAHTTJXQ,B0BHSG5C3G,4.1280417
AF7CC34DK36SQJS7WXI44DREGWJA,B003B1PETC,4.787498
AFGAABVW3PF4YATBL5EX5EGUVZ4Q,B09997NM44,4.2319036
AFW3N4C3DTYHREJ3K7X3THVUVJEQ,B08KRJ578Q,4.2761226
AEBPFXOLYES5XQEQPR43HLGX2HVA,B01DN7OC00,4.628349
AFHEYIB5M5MYLROKZ5IEMZSJDD2A,B015HG82EW,4.6953225
AFBC7PUOJGJPJKAZZZVTIAW4UQ7Q,B0BL2W52CK,3.987595
AH7K6J4O5D7ZE5QZAJQJ7V4JJR4A,B0002F519I,4.167213
AFFWTNREAP77LMBFKJVS526IWD4A,B095XZJ99J,4.8296103
AHGDIK37BK2KKLH75FXYZFFWP5IA,B08B6BR4KG,4.679259
AEZNCOTOACFQXLFM4MXKSQW6SFKQ,B07VPLFNYM,3.8098903
AFCUT6TLZBDQLXJAKOVJ65LARDFA,B00ETP9FFI,4.245349
AFVQ23JNGVSAXVFEM2ZRPQ6HUUDA,B00646MZHK,4.575087
AFADWJP75FQZ24GRNBIIWTFNUU4Q,B07W3NQLX3,4.753919
AHOBKBVHEAT4KPRVI7TYTF6MEJXA,B0015B0EB8,3.8114681
AHB2C67YEIUJBM7WRNKVPYRUIHFQ,B0BSR996X8,4.8253703
AGXMYC3U7AF4LBADRZAZUAVAJNYA,B00RWDSILG,3.9975374
AGSSF4YIHPCP2MIUITM34RWOCOWA,B0CFD7WW4N,4.8570614
AE6ZQXU4UDWTLQAGLW6AR3BTJ2PQ,B00OGNDKEA,4.3392735
AEJH4HUMFAN62AII4PTCGRGGAE7Q,B092LF6RLS,4.1311855
AEFJEW5GQ5A5PG27ZXJ2ZZ33VCAQ,B0BR2HYQ18,4.2667623
AEOGRG7N4WAUYTPHEZ4QMHNZJ3MQ,B0BXT384GR,4.3504267
AG4PVZMW3G6CBH2RV5CZE7HJMT5A,B014W0L7ZU,4.076237
AGIGLCDBUMZT45LJEQR2EDJUDZUQ,B0B863M78X,4.864753
AHP3UQWZWRJBESHIOGGNP525A6RQ,B00127HZG2,5.0
AFG7DJM5DPJBHJD5QAX7GXECNFTA,B088Q6XF9J,4.645695
AHMUGCUTGCXKXMATCIJ5QAZHJ66A,B07685T8FT,4.4682326
AEMJ2W2VK5D54J6XZFHALLBMHDZA,B09HCVN9M9,4.944723
AGXL56TLDRWEENDVD5QV3U4H6EDQ,B06XH7487S,4.345071
AGW7SUXC7FRQYEDORCMJEIBFFO2Q,B009O7CE5O,4.051828
AHZDFAFJYWCHQ6TD26DGE5GTVEXA,B08HMM1PVT,4.406457
AE6FQUL47GYURP65UOAKUUZT6A6Q,B07BC4KMQK,4.3801723
AE2W7OBJ45J4J52CGH7OFWHQZJQA,B002NG7DEK,4.548276
AG2Y6CDZNCG2ZJIUIGDIJYADCJ6Q,B0B8NXV975,4.7211328
AFU6WBRZTAJVURT36WRAOGXXJ4ZA,B0791VK6D9,4.1252995
AFPTQLGMPPI4KEUDO7ZWRBYP254Q,B004XNK7AI,4.822435
AEQBKUKRDYBAFYRSA4OHINKIHY2A,B07HHZ3X4M,4.3123946
AF5KUQ4UMS74JRNRSNG7PRILECPA,B01G2KH9SW,4.8892565
AFG2FNXFLUYZCY7UJQVXPQQHVDUQ,B00OIA3QNQ,4.565985
AGZEDKJEUXQ3KK5D462HQZYTQWXA,B0BXBBGTGL,4.5682454
AEA3DMA2VE4KGEE3XBVEOCRS47IA,B0002F4MKC,3.8738353
AG4WBOI27FQQ7JEY6CWCK3UEQG5Q,B07KB9QBQ1,4.7671137
AEYSJZB6V2XGE7EH4YTAPXWX7PLQ,B0002E2S1I,4.6163855
AHP2UGRBLKHCHX43ZDAOMH74675A,B09NDBVJXM,4.8614798
AEU5GN766HQJG2WCFWWLJSL7EPTQ,B0002D0EII,4.7865987
AGHY2O33XXIXWLCU5A7SMPADK4UA,B09VGM7F6Z,4.323929
AHUVBCTKQQ34MIMPNVH6N67MK7OA,B07PPDR5NT,3.7995627
AHAERNE47GD7KUT42ZDYVNJ7454Q,B07MCRMLF3,4.5128546
AEO6QT73E5MQ3SXXA34IH4JP4JZA,B079HP2PFK,4.2843447
AE2UOZSYKRVSGWNG4AU5AFJ752JA,B09T82W1SN,4.3229737
AFGAABVW3PF4YATBL5EX5EGUVZ4Q,B08JMQR2JK,4.3884754
AGLQFICRV4ADTC5C5XNDBATOKJTA,B07MZYNZ1C,4.446123
AHAW3SX75UIROZFBFFEQDLG4LNGQ,B01H0PACWI,4.6776743
AGHPBBUCMU72JNN57OKEFJ472UUA,B007EWHXM0,4.871308
AECRT3TVTXJX4RPQM5BVGJQNLTFQ,B00J4A70M8,4.3178315
AFUVQSIHX2ZFBTV6JZYZW56SXXLQ,B015QK3GUO,4.667206
AFYSLU4BTTUCFRDL7GSN64Y2XOKA,B0853X3VDC,4.3344836
AGZGFTWAUS73D7WKUU2ZYYOIACTA,B07B9W25ZK,4.6519995
AF5WH2KQNQ23M7NVENH7F5ORQ6NA,B019NY2PKG,4.3498297
AGXTZT3VSWHFJT2Z6KTQWT4ILX5A,B06X9QRQ71,4.17934
AGCT56C3MLESH3DUYFDG7D7ME4SA,B07WJYTDMH,4.703293
AGZC34D3ATKE4SJ6V63B3VWBKNHA,B01CQ01SPM,4.977665
AGLSNCKCAMBZTZKPFN3BY2ANTARQ,B01LXTBO7B,4.6267347
AF33HEDLD3R7575PIVJCBZVQ2SQQ,B07TJX692W,4.453963
AFJFIPK3DGPDXQAOPLESEBHIWZJA,B0BR2V8V9B,3.7564845
AH7YWZ4DE5LS66XEUKXJWBKN35AA,B00CGFRJ2Y,5.0
AF6EOHGMVZ5ATEEXTSFSUJOGIXDQ,B00005ML71,4.795349
AF4H7MSDHSUVEMA2BPLP6MWGITGQ,B0B9LLF1CN,4.629433
AEFK4A22W4P6TW7ZVV2UJN7Z53RA,B07BLM53Z1,4.7300987
AGL2ZWEA33BCBPOZ3T7QRJ56XDGQ,B075MPFFRV,4.4645357
AFEVRXXYRPUOVSFNMCYIQDFS765A,B000J4I9VO,4.534578
AGPU4VYZDXTREL2FJVIJG7VEIC4Q,B072271GQ7,4.5918627
AHSMYOSEDSDIQ7UCAJSDQAHPV4IA,B0002D01KO,4.6351285
AEFJEW5GQ5A5PG27ZXJ2ZZ33VCAQ,B09R3CJSR1,4.2759275
AHJDJLCEUDPAII3A3L4TXVNBFKZA,B06WPBKDBW,4.1852536
AECTK5H3C3DQG7LIFPDHUVZIOAVQ,B0BKZ22NHL,4.3748875
AGPS5K4IOLONOQXRCKCE2PQTW5LA,B001ELVCDS,3.882364
AFJBKMTRSW6PJOQT6PTIHRS64DWQ,B01AA6BNCC,4.6743703
AHCIO4Y7MASS5GHGAZNOPPTXFTVA,B07PWKHPFG,4.487633
AHD4DUQXQZWPVSYBWMNFCFRPK7BQ,B0853X3VDC,4.7680893
AG5OPRT747NAJPFQSSXAUBLCUVTQ,B07DLC9KYG,4.6980658
AEIFNJPLBHG7YN5IKRWCHRSO3W4A,B07KGF3MHC,4.147445
AH7JOU3OXKPMYOBK4JGJJI4BCLMA,B0BT8FDL8B,4.462544
AG2XBVVPXRIUYH4IETE3DZT667LA,B00ON9WQ1A,3.7122872
AHSAY2WIS63JDIV62RAQ63QGD2NA,B092LF6RLS,4.5309505
AENTHU4L3BLWQQ2EIOT3BPSX4MJQ,B075RB1KN7,4.3698273
AEOS2ALLIKEV7WLIPXWG2346HAZQ,B092SC4XNB,4.8553085
AF77F3QYN5GSD7OBRNXYP5QGI6GQ,B071L8C6MW,4.6308656
AHH5KSC5O5SEK7ANLMEXUD6ZAHDA,B07FYCQZWD,4.8404164
AEGXGQ46AQIHMGYZSTBTFW5G2XXA,B09RN7GR8F,4.299344
AERGPILRKONAH3OE4YYQOKRCSNMQ,B082WVKSNG,5.0
AFBCC4UQDHZRJO4QROXQXC2HVA4Q,B01M3P777W,3.7827685
AEOBVIDGSRKUGVMRGE3LYPVC3KYA,B07427ZHRK,4.4287567
AF74NQZGZTQG6CRKBJUSNCBAJNQA,B0BKZ3GCGR,4.2504983
AHNXVAEDE22CRTDXPIPFLAXTINKA,B0B8NXV975,4.4954057
AH5DNYOJOCIFAQLMZLGY3EQ6LA3A,B0B8DHDVJZ,4.1676426
AFMY6F6WJOAKCGFGT4P7XUNPWWKQ,B07WW5PKCP,4.897337
AGV5EG6FOHTDDWOLXWMGQWQXDMWA,B0C5QKBX9F,4.3454413
AHJJQRLMCY4I7OOIUHI26OHAX5IQ,B015HG7HMA,4.469303
AFU3TK3ERDCF2NTBO5BCE3U2LXFA,B0BHSG5C3G,4.504938
AFDTO24ABREOG7VZHGM5MUINEONQ,B0BPLFP5P6,4.4693375
AFHXAZFQLN6RWIKMW2NJGBOHSRYQ,B09Q5HWYG1,4.565978
AFOD2RS4CU7CGW6FE47EKKEOE43A,B0777QWVG9,4.874946
AHMNTISHI3GTTMZI4SRCBMCSEKFQ,B08GGYMGY3,3.9023082
AFQBCVTAHQG6HXDPN7NCOHY2YS4Q,B0BFKR6YDJ,4.7610865
AHUG47XGDRMNC2JUIIPN6W6CYE2A,B098KXQJVY,4.9380226
AEXACMZGHMCNZ5IW26NWR3TF7M7A,B09V91H5XM,4.677
AHP2UGRBLKHCHX43ZDAOMH74675A,B07Z8JCBG3,4.662881
AEYAHEVIBJLOT2XEBJTVB6TFAEEQ,B07FM97YFY,4.3324466
AGDPMG3RMPOWLR6C3OOE5H6SNF3Q,B01BHPZQ1O,3.6618142
AGXOVGCVMYWP2GS6F52ZTGFX6OUQ,B016GNPTZ0,4.037425
AHRTP6RH7TC32Y3A6KBR7VFGMURA,B07MZYNZ1C,4.4036508
AGYNPTCSVWDIHSPRI3W4BHC4TXPQ,B07MVRZY88,4.2135305
AHDXXEF5PEIQDJWO4YHUNLKIHL2A,B00B3PB0PK,3.9929438
AEIR2PDJQKP6MSWZW2UGJDDSFKFA,B012P7NEW6,4.863831
AEHEQUPVU7V3JOAMO22LARHBOSXQ,B00B5LCADS,4.306344
AEGXDB7JPODQ2VIAIO5CQL4TVCTQ,B000OR5928,4.7376814
AEI72WLRE7LRYOAXJ6BSBCIZ355A,B0BPLFP5P6,3.964316
AHTCY2ZWS6KG6MDPVGHZIM3FYTIQ,B0013YGMRC,4.4133224
AFJESFZNXTENLY7JFE4XFJPLH5XA,B083JVJFLJ,3.817462
AHBHS2NCMHS2QHUU2Y7YLD3XNNBA,B0BR2JC947,4.5331697
AGZFHWJLEXSNQAGPKLJTRIR3XIDQ,B005FG34F2,3.9609065
AF6KMQEODG3TRGHTHI3NIZ7CVD2Q,B06Y6BCX7B,4.344145
AGOA27EHDRLFV72SKDTUT5YNR7LQ,B09JFGY35Z,4.8242216
AFBJE4L3HTPQ6HY2VHIWRN3CV6BA,B0179C3V7K,4.954875
AF7IFDKD45ASPFXC4LOYESEA47KA,B0192JRA2A,4.4961953
AHHTYXG5DLE4VN7NQLY5LP6USH5A,B083NZZ712,4.1665015
AEIPOYTRQ3WFQ3BPH2MME2QKT6UQ,B00BVH7C66,4.5541096
AHHHU6X343PMH2VY6SJIWTPSC74Q,B07V46KRD8,4.724156
AEUONQ4YBHYWOKZUYAPLRTPBVJEQ,B00178JDCK,4.219205
AHKZV2B3L3WPHVMNAZWK4YB2TQOA,B07FXPMKHW,4.368893
AGCBRKJSQECOQJM23WHBKDDOXCGQ,B015QK3GUO,4.3131156
AG5ZVXXHEXDYUUODSEQC4XXV7DPA,B07Q6Z5VK9,4.874668
AG3OUTHXSZ3WBMJLNKV7VLJV5NSQ,B016E9HCTW,4.145317
AH7WMY3V55DTEND6PA4TH3BVGGLQ,B07F2NZWY5,4.2644258
AHO3QW4O6JLMYHDH5IXMXYJK2GHQ,B00B5LDMH6,4.66365
AGSVLMHAE6DKL34BW5AJANZ2HP3A,B08D4YXD33,3.9419284
AE6E6N27YBWM3PPG4QJ24AQOXH4Q,B00P6ZOPP0,4.1945543
AEK5Z5IGCZC3BOIAHEZKJ5LALEHA,B0C4FVS3L7,4.4031067
AEKVPWOJMYF5L5VLHTG4CLCEB7QA,B06XZYD4NJ,4.641229
AEHL4256MLAXKYTZGAPQL75WZ6AA,B07TG9RWST,4.7603235
AF34CA4KPGWTVWQQBK4G3N4MUTXQ,B0BS8PZNGK,4.4811144
AGVEW3UDHY4TFUWSKPOHJGRCYCBQ,B09S2VB3KW,4.5049233
AFO6G74UZDWO4UYRBLXEAHR6EUKA,B07MW198RZ,4.6001577
AGFYUNPN5IMCAN7C45KXDXYHNGCA,B08F2QZ9XX,4.336262
AHMGRS7F7IA4HM2AYAEU42MFFDCQ,B09396NY1C,4.657524
AE4B3FG6SRTDDJG4T2CIYDM7HHNQ,B003LPTAYI,4.7838864
AEBZKYDJAA4322KPKQGOPZAYIYQQ,B000XYFBMK,4.490849
AH2ZUW3SZDGAPPJXOWSTS2LIKLNQ,B00XD6EJ2I,4.728111
AGID6DHXZOL34MVLPDSCO42D6GZA,B075MLS97V,4.0095553
AEXJAKRK3BULCVCWLEQD4TZMYWFQ,B09WQTXJRK,4.579964
AF4WGPVVGGAVX22URXDVKYL7JK3Q,B07D5TR3R2,4.5820622
AHAQPHIBI4MGNCKOVM56NOZSOM3A,B0BHSG5C3G,4.4788156
AHVJZIPGKB6EENMRVZGXZRWEQWTA,B09F98MG91,4.550807
AHRYPIV4HCXR343WAJYXC45LRVKQ,B00CGFRJ2Y,4.596068
AFJLUJRHMALFEUHTNV7DSSJJ623Q,B09LSKPP2L,4.512939
AEN5VFEOCM4ELH2ZTQHDGUZDWDHA,B075KL6ZLC,4.522304
AHWAYCEX3NCWJD32JTFVBFXKUHOQ,B07WGKJY1D,4.7611785
AHBV7TH4Z3WRRKXUIDAOPVUBIR4Q,B0BT9R8MMV,4.7269845
AFZTZTIUKWVBHZWWXHP5GDF6QODQ,B08HC8HTH3,4.4889164
AFZVUXBT3TNDBLT6MFQOAJ4I55YQ,B08R5GM6YB,4.588863
AHV6QCNBJNSGLATP56JAWJ3C4G2A,B071JHJ9RV,4.559912
AHDORHGOBGGQFUSOKSPIMK23A7IQ,B07N5J1YNN,4.572263
AHNISDQL2AYLH6KQOLPOHO4UDJKQ,B01MQSAU6P,4.369895
AFN3R5AOXYR3BIDWAZWABBCFYJUA,B079L5G8FK,4.2917023
AH3QWAFMDYN7SGP3QF4YIM4YS26A,B075GQ4YP5,4.01638
AGBG3KK74IKWJNQVMQAGVBWJ7FAQ,B081T636X2,4.8881364
AEVSFJBESKDRNM74LZNGODJRERRA,B0C3LJM9F7,4.814756
AEMNS2DOUVR6KZO3JN75GP44QRJA,B01E6T56CM,4.283291
AE7GFJWCHUHU5XXNXSQERG52SD3Q,B0B4RWYV1D,5.0
AEN6ANHOT5COUFKFIQUZMB4XGIEA,B07WJYTDMH,4.2274694
AEJHTN7ARNOUDTWEPAVQP6FB4ICA,B002R9ILOY,4.075509
AHLWV6FKLFZU7O46CIC4EPMK5NQQ,B0B7C52N2F,4.7559023
AE6PGN2WW447FQCQ7CQFTCO4L36A,B0BKKLR2Y8,4.184568
AEN63GCGPS5MXJ44PS2DOU5UKYSA,B01CFGB8KM,4.094114
AHMF3CETOSFHORGNDO7D6X32GUUQ,B07HHPVHYF,3.9217858
AEAB4LQBBULU6HIFVOOFFIPWDRQA,B08XVVC2C1,3.725233
AHGQWA6ZHRH4I2PIDDXBWDI3CTRQ,B00DY1F2CS,4.3093843
AG26VSS7RPKXVTAUH5XE3SEVZYCA,B07RRQG6LJ,4.624785
AEOSGY7IDZQ7YS32FCMO6LJTTXEA,B0B81J9HDM,4.607508
AFTPUNQ4NGIKJHIEUAFA3GQBUY4Q,B07DWKWLW1,5.0
AFA2RE2FHTN4VMX5HKI6YDBKWRUA,B0BKZ7328F,4.5045643
AGBB6RRNC5RI6PIQJI7JEQ5GPMNA,B0C5CTX5LZ,3.4777384
AEQWIQ5K6LLNVFPBJTPKK4J76SWA,B009DAHPLU,4.6877
AGKO2DKAZ4JOGXIFYPDM5AZXU3RA,B00GGN4NXA,4.4229946
AHW2G5R3FA7BBXBDIIGS6HFWX7LQ,B00HV8F694,4.302975
AGNUSBUMRYEQCOVGPUQPEOSZ5WRQ,B07CQ919R3,4.010974
AGBRYKFKK2VTUEGQZB6BM4Z6B54A,B0749K3CB5,4.798744
AEW2LO2YEEIWZ2V7CPL7Q6JBM4HQ,B074VRW7PP,4.6663203
AE4QG7BGTHU5R5U3GJEY2N2GCHEA,B07BWMQFMT,4.397766
AFUUITGBIEU2J72MYFZXPRBY4BPA,B09TXQ22KG,4.62265
AE6LBUCRJA4BYSOSQZRYQ7DCR6BQ,B003552MFI,4.3430476
AH6IJPT5AGQ2REQG6M7HT5SAX5QQ,B0002ZO5Z4,4.043726
AHYDSH65ZAO5BMP5AFT4KYN7PAXQ,B00A7KC9NO,4.1508627
AEPBFQ3U5RDTWMZJHZ2UXQEZZ54A,B0BYP5CC5T,4.690042
AGBQLDJQ42HII7EPMRVHHP2ESXCA,B08LVRB74Q,3.7841175
AH54WSBMTMNXGHWVWXMKST7AW6BA,B0B92LPGD2,4.178128
AFKCNXEIXNHATVJDGJHI6GY6UXAQ,B0BXZFS2QH,4.588895
AHCTXCBORWAVSGY3WDDKO7SU2TAQ,B019FAKN4I,4.4876924
AFUZSTHGF4TSNO4WHZTJRQXAITKA,B018FCZKR2,4.305871
AHWJ4MYIREGTA2FCTJMYFGGJ2ERA,B07FYRDYRZ,4.2262635
AG35W6GDZ6L4HFCDMMJEKO45S2AQ,B00GS41CHW,4.7537513
AHWSZB7RGTT7VKF5ZLHFE35KAJRA,B004XNK7AI,4.5244455
AHCLEFILWZQNDMN4L3LC3DJLZNSQ,B00B5LDMH6,4.586598
AEBRAOXMNRPNF4LWT3FICZ7KRP7Q,B0BK6MQDZ8,4.6911373
AEVIDOETQTYGFWUVJGTIDMWH4YFQ,B07234PV7Q,4.9451437
AF2CBWLZWCLXR3NKUNW3RWFY3QMQ,B0BFKQ9QXD,4.666574
AEJ354XETZRIGFKZSCQ77RWYN2ZQ,B0BCW884JL,4.456307
AFSBX23YWCK6UMDKJPDEE3JSHRTQ,B06X9YBVXS,3.698493
AEMPFCS7HQ2Y6NGNT77N7LPZBUXA,B0CC665SQH,4.7873225
AGDSRUXYPJXPQ7RPI3CAHSS6PQHQ,B01GGUTOFE,4.3747644
AF3NJDOTMG7BRKDLV6UM7GHFC7XQ,B00BAYRLBG,4.50563
AFDSDZ4A6HKSIFVTISXLNY4KBTPQ,B0731J628Q,4.129318
AFPUPFU2NB4XSBE4EAHYFE6OCRSQ,B0BPJ4Q6FJ,4.9314737
AEACBSG6VLBDVF4LZ745X6IQS5EA,B00TSCFIDA,4.600228
AH2IGNRPNCVDZH3RZLOHZG3Y5OOA,B082285YXD,3.8311892
AEVH5YZ3L44XXUNLZQH27N7K7QNA,B01BCQ12C0,4.506071
AHL457VUDF43IDVOQBXFPGWTDYMQ,B0C5LYJXLR,4.3298383
AFCNM3YI5C2PJ7RGSJO7ULK45GXQ,B0016OIIX0,4.462546
AFLXHZ2VWT2UBCBWEFZST7BWTQ6Q,B0036ECH1M,4.532203
AH7UOQQDCPZIWK42EWAAPCGDPJ2Q,B077DJBDZZ,3.6765158
AHOYUUCJQC2AISSMC3CEDCPJ4CCA,B078L11275,4.6722517
AHOYB35WGREZCTDLU5UK7RB4635Q,B07RPW4PSS,4.3906393
AE46JXESDQQOX3CPKT4SU6UE66OA,B01DBHC9U2,4.7724843
AHSMTWPUYFJQEQKGDC5JQKF3WBDQ,B07PR9DHPP,4.6872954
AHJSQLOO6QGKKTISN4MESXX4KIHA,B015WUVA5G,4.5812073
AFFF67RV3HP77VQ5APIA5IBUNYAQ,B0002OSCPO,4.3824286
AEJFDCNUNEUBA3QZTWMKL2QIYOPQ,B00Y0CG9YA,4.4596744
AHBERUF4M2B6RH5GWANC7POHYIWA,B07795XHLH,4.3643103
AHY3P536MRDP65BQ7425KJIC765Q,B0043NQVJY,4.576751
AEYVHL5XEPNEA2XJGVG2PUWROHMA,B0BPJ4Q6FJ,4.7762923
AG4KW6SDOPLIZ2Q4ZMG7CXYA2XCQ,B075H3NK7R,4.254686
AEMCTOWA4Y7TVDDMMQB6PTBT7WTA,B0B5D7JW6B,4.118004
AG32TQXMHJ7SQIEIC7NPE4SI6AYQ,B07DWY44X8,4.7448635
AER5QDAS73DK4YQMARYZKXQDDCIA,B09Y1QWK5W,4.509686
AF7PHXT3XKR4T5OY6VLNPSLIIMFA,B07T9NM5QR,4.439883
AHOUKQ3IRAEAMEHDB6U4AMB366NQ,B07T19X6YP,3.824448
AFTWTCVFKL5GDM6YHN5ZLLXS4DOA,B076ZQYPTY,4.7153215
AEGRFNR75LHVGYTL3S7KM6GK46QA,B07NDFFKJZ,4.2035913
AHCLGHTHPTV3ODGOQUSJI5KT5KXQ,B005DM7G84,4.823811
AGSS2AHFN2Q453OGXRQCWBAWMFSA,B000WKW8EY,4.2326674
AEU6XHKEJAVSZBGL2YK4II2OUSEQ,B0C67HCGBR,5.0
AGVCM3R5WP4HKBBZZ5LTCO6U7CZA,B0894RHK93,4.975535
AFNM7GF3MJDZY6V5JXN7BCCP557Q,B06Y3MBRJS,4.5442543
AHU3JRE5VZZ2UJ4WWXYBJ7FKUM4A,B091YFQGCJ,4.6781697
AE5NHYE7QHY5NDUJTMYQIUT4GPZQ,B09MQZ8VWH,4.229704
AHSAPOPT4FEV2BSC64GQUHU5PAKQ,B09CF6CL5Z,4.3073473
AFOOI5ACUEN6EQJGID72GT2LDZAA,B0007TYPZA,4.837148
AFTTEV6XOTXQ63ZHYDUOSJ73N6WA,B0BCK6L7S5,4.3923144
AEJRAI75WPYAHLU7P7NQVQDYQW3A,B01AFHSS92,3.8917496
AEMUWOGQ7TO6DJKFAKMBPZ2TEDHQ,B07NWZSBF3,4.9375505
AGIJFL4R5TAGREX3P4MRA7IG3CRQ,B001EW5YQS,3.8132389
AHOOMRPHHCRSWE7ILQ3FA5MLZAUQ,B004GWQM1Y,4.072665
AG4IZRO7BIHOZQDCH65GF2N4OJRQ,B00C5GZU2K,4.35687
AGYZUXIZBE722EPVMRXGM7GMFWYA,B0BBPQGSZ6,4.317833
AF7CC34DK36SQJS7WXI44DREGWJA,B00G964BUY,4.8416295
AHU4TGHXLUATFJ2AYXXXCCCZOQ6Q,B07Q9JB3CF,5.0
AHNSPXAYSM6UVQ22WMIUMSJUCVDA,B0002MSQVQ,4.2623067
AHQYKFQSALRRFQIZLR7QQZTXP5HQ,B07J4Y1XZ3,4.224223
AGAHOWH4BZ35HBTGXRRC7P35LEOA,B00ICIUZXY,4.3827753
AFYGFCJC43J2XHGJPLBPPACRLCRA,B0035LCFRW,4.65562
AH4PCTM7BHVUX6WCGJB5PNS6K3JQ,B088DNMHKZ,4.1559625
AHJBRDZIS3BYBISIRTW4ONRLNJMA,B0C61T841P,4.753734
AH2WPG5KN5BDQ2OFGSCFPZR24UCQ,B00G3785WO,4.6422415
AFP2W5EO5KUKR65IEVIOPK4YBXCQ,B0B7C2NM84,4.372344
AGN7KMV3GSGCBANTJAKIHDQYEFJQ,B008BPI2OW,4.657015
AEUTHNALJONDC2QCK4AOXDN7RLGA,B00B5LDMH6,4.6371274
AG2PW23TNWB4BYACHY7DDDTHCDYQ,B00646MZHK,4.793862
AFHABO3IHDSN4KN4GZLDNFGSVSNA,B07TXTJ9CN,4.5576086
AE7GVDNRY5NABEP253Y3GMDUZOZA,B0002E1VUW,4.265705
AFTLM7TQ32JZRHMPTIIULBY6DA4Q,B0BFKKVQZT,4.0574675
AE7EVXVTRZV7QON23BTOMC7L7W3A,B00HSP6KGS,4.8821154
AFH6AUO7HH5PMJBRBQGQQKDV5HLQ,B09TZWTFQJ,4.578642
AE3K3YK34ZBYG5JEV2YJ6NQQWTAA,B01DK1ZGSQ,4.702945
AGW4GB2VIHMPVRKK35QXA5PY5O7A,B00I6JGPHY,4.440785
AFG2SJMPR5KW3BMFTOXGVBTDQW3Q,B000EELBQ4,4.029376
AFUOTG3XTETQ62JX4RBG535YHF5Q,B08Q42TDNX,4.2305217
AFPIRSAROIQJGPSBTYYFZ6LCFSDQ,B00460AIY8,4.2841783
AEZCTDIBXZVKKAKKKKWSXKPN2MVA,B08M5GP4R4,4.441878
AEHAOAYZZPRN6AGCPB57Y64JRHGA,B08T9CCXZB,4.640478
AFUC7GTWCVAJJEZ5UX2FUYNTX56Q,B00T38U7HQ,4.8496327
AELPZ4L6SBDGVM6LTOQFTBJNHTTQ,B0B863M78X,4.664846
AHAIHFJL6RGSQRFSI7RXMRJF3VJQ,B000CZ0RME,4.425597
AEPIBDY5VZBDD46DVEAA5YDTJ6BQ,B00UTD0YG8,4.5116773
AGDGE45XMVECKBID7RUI5DYSARRQ,B004SX1BCG,4.270771
AGUGTCTCOHWX27GP4HY7DXJWA42A,B07DWLYGKH,4.722172
AHZKNVTNLZUHNYE56UALW5L376FA,B01E6ATMVC,4.406118
AGMAQW3YOWHJHUEQ7XLVKCXEQ5LA,B0B4SGJRHR,4.4296165
AGU7QPHJEV3I223SCEK6WUYKWCQA,B085JXWDPC,4.1026144
AF7Q3BESM2J4ZGMO33U22NOH5N4Q,B08T2GKXNG,3.9091082
AG6DCMMH6QAKQBX5R32MBRHYPEUA,B09JYHK3KF,4.321508
AGKK2ESNN5YDPLEM723AYXM6Q57A,B0764G5LLF,4.4297976
AFIQINUQGWBM2V77C6RACX6CB2KA,B09NLV5LBK,4.5026517
AHICPR4QVQ5FMDFSESYDMTT3BDZQ,B01C189D3S,4.137371
AEC5F6TB3IB5HVKMUBAK7IHJ5APA,B019GYKGRC,4.555219
AFZF6TKKPUMKKB63FCUUCNYUMUXQ,B0002D01KO,4.428298
AGTW6EIKVNWE4ZGPPO4BOIBIEYMQ,B001GH4H3W,4.616753
AEPETAF7OIZ533QUDAMCY7TZVS6A,B010AFGUXK,4.6651506
AE4YPIJSDXWSKOUGYF4SDK4SBLFA,B0BXT384GR,4.4407444
AFXFM5NXAVT4XKG2KKN2VKJNELLQ,B00LOAAPKA,4.1787643
AGDLSEHQJIHHVM4WEZW4TZ3UP2EA,B0BZD23GWH,4.6358056
AHROUXIVZXJZW4MO2AFN3ONK6DTA,B00HX9F3ZS,4.733565
AF3NOA47IJLZ3V5SQBOAJHUYDFJQ,B000CCSWQA,4.566677
AGTTMVW43RNZJSHQU6XL72TTTJJQ,B0B8SNVK5K,4.5030956
AGZ3QMLZOWSZJPXAPSTGORHBPVQA,B09Y1QWK5W,4.5561175
AG5VPLIV35AA6PZ26WYOLICVDSOA,B079SBHJG2,3.9729545
AEZIIYLOX32LD5NZCQHC6RM5FJPQ,B00MS7GAXE,4.5935926
AGUL5JPSQGFI3L577EYSVVN6UW4A,B00MW47D52,3.9312816
AFDSDZ4A6HKSIFVTISXLNY4KBTPQ,B07KYX3S8X,4.5711794
AFNKBT43T4ZU57H4SVLWIEB2RBIA,B009756KE4,3.9837148
AFZXFNKXADRAUQ2NEDYY267QINIA,B096N9VDL5,4.1368217
AFEJWAUYO65ISM7466PZBVNE6AWA,B0891WVCNV,4.4977508
AGQDLCYLRHEYZCPRSIASZ6O5IH7Q,B004WFXM8Q,4.682031
AEP6P3KJKABIZ2XBA3OQKRHEB3WQ,B08DG2LV8D,4.979293
AEL5CQ3X6KXRV5WYDVVDLDRSVXKA,B081F899LF,4.2425075
AHHGMWJB7XA6STPOVKYABUZ3X46A,B0BHSG5C3G,4.727316
AGLNYIXGIWLM6XPIARAHD2MHUJQQ,B076GHR7DN,4.779074
AHJLIZ2I33CYSBMESAQRJ6QOIKKQ,B07CLJ3X9V,4.979147
AGCZ3QLNT5PPADTVY7CUGUI3VNPQ,B09KWWS7DH,4.5771885
AHVTPXABLBUBOHIQYQ3QQG6WR6LA,B0BNVFLP64,4.5423226
AE4PQQ2BQO6IGXVLTI6GBFCNC7YQ,B015XTFNP4,4.689192
AFF6IT5MM7GHW5HLHWHVMWPFNUPA,B086RHFW8Q,4.5234313
AECHOIKAEH2LO65T5MXU2VEYDXLA,B0BKQ6GJ4Q,3.928054
AHQD6POMHRBDXXOFWU7URVQADS4A,B07V3G21HX,4.4507995
AH523GWJBQYNOABIP2MMVG52UDJA,B01K1EJQ9U,4.6597943
AEENSLZS6WAJQE7GRMNHI74TIYYA,B077Y4J6LK,4.215877
AE7H6JSPLCW25AV2FFZWUOMK4Z7Q,B0BRQGJZXR,3.8162594
AEEGBXTASTDNNZE2QXR5IIGX725A,B009B3QK1K,3.8493476
AEAMKS4TLLFDJGAGQRDRVWQKTTQQ,B07Y6TM959,4.9798017
AGTTMRIFEHUY465FSDBKHC7VO3QQ,B0817CVBLV,4.4188323
AGFYJV3I5PY4BEVYZ7ZF5M2TQ2MA,B00H7Y2ZXM,4.362482
AFLQPQYPYU37DCI5FTQVUS3LRHAQ,B0C6J2DPBW,4.9610677
AEJZFZFWZWXIG7HSGPV7HHQXU47A,B07DKXHD23,4.6584516
AE7IOTV5KHC6JJOWIRCTXGRLPXLA,B0B5K9HNRZ,5.0
AEAGSWW4RVIR4L5BH4MVOV4X23ZA,B076ZSHQ47,4.5304017
AF7L5HEKBLHA2ZJV3W3WEJHAS6RQ,B07FY3DN6Z,4.662089
AEI4IG2E3DB6EG77RG7QTQWIO7PA,B07DKZZPMK,4.1162286
AGMVV3CK2WFPFKXOMYX6F7KVQOCQ,B0BSGM6CQ9,4.7902102
AECRFIY3HZZG5KMU424HTLAKDGFA,B006Y2FUW6,4.3498216
AFDTKZQWHY7X7WCXKNI7I5OMV24Q,B09ZTWQPCH,3.981929
AEHTWU2WWGU6QC77IAKXIEKJVDZQ,B0002ZPK0S,3.665421
AEDUXNERFORVFJZGC54KAAYSVA3A,B06XPJHYDH,4.258385
AEVXF65DTCWQ6CRAJNNOAIQRLNTA,B08NYC91V2,4.4203115
AH7XO376URXXCSK332KEPQOX4CKA,B0002E2O2Q,4.4034343
AGVIE3SEBXB423WTCXJXXU6GJHWA,B002AKVQK6,5.0
AEUGTL4YUP7YPR5GR6EEWVUBV72Q,B00RVE9X06,4.3082047
AFB6ZBPMGBPQ4P6AUSRS5A5DNHHQ,B00RWF76NK,4.282434
AGRIXMGJZX63BYJKHN3B2MFPCSZQ,B003QTM9O2,4.430068
AGMD22ISCSNBD7MO5OHF4X4OZAYA,B0BZK3X11C,4.4699087
AHDDXHXK7YKEQAT4XUIFOPHGXPOA,B07JCW1KGG,4.394267
AGNUX6FLI5B35IF3BOO5UMHR2DMQ,B09CSNM1YM,4.7777243
AEVMUYW4QOI2KRXFKTAD6XHBOTEA,B0BPKH4HB2,4.4462934
AFT6HB5DLOBCIEFNEHW7LC7I5EEQ,B00BKXN9LS,4.0135727
AFGDL6B7XAOXCKQCPE3VIKORLA7A,B07H29JSW2,4.8512726
AHZHSRRNEBAWENEVOD7Y5GJJAF5Q,B07XW3XD9M,3.9476917
AG5NEBS3VFNQPNWGGXYQNRNAHQTA,B0BKR2ZM9X,4.972453
AHI6VKDBMMW3SFIELB7FTNA23GLQ,B08MX4Z69S,4.079198
AH2TYI3CFL4OKNP3UZ7LFILYMODA,B00C86FA0E,4.1474223
AHWXEOF3AV66R44YXMV6OL3GTLWQ,B082Q2Y9VY,3.871028
AFGQTSA5VSAM326LO6ZKAIWIFK5A,B0B1989GQS,4.325679
AELKTYI3IJD72NC2XNTKIBQXISFQ,B07Q1GKMHW,5.0
AE6BYVUHZCRER7JBO5CFHJEOHAVQ,B01M6C0Y4T,4.2810473
AE76MPFI6EGHS7HMMTW3SXCLVVKA,B0BKR2ZM9X,4.8318877
AFLCRJREMULJV5T7IK6CBKWUTJEQ,B015JTEBN8,4.593759
AF6F2APVKRIOUONGEZECMR2B3CVA,B0BS6HRTYM,4.8804283
AGHYA4YWNDRQCRJIYMIETBE5GOQA,B077Z635YX,4.7960753
AFSBX23YWCK6UMDKJPDEE3JSHRTQ,B00YJ5C46K,3.7761364
AFESQMXWP4XIRXTUYYBEQYFUGVDA,B09LTZ1QXP,4.8772326
AG25BHPXN3IJ53EHA7JCLMPPQUDA,B0BKZ3GCGR,4.2719946
AHB23CY7FVVDASDABSXKUQBMGMEQ,B005KR15HU,4.193401
AHXTCFJKNZFKU7LCHHP3X52UGHYQ,B0BGHMQJGC,4.9730787
AFUHPP3DU74RKKXMDTXDKRSQ2BEA,B0B3VKD9YG,4.1897655
AEY2NVJC7XMQF5GKEN3SAIPBN6FA,B0899N9BYZ,4.482015
AH24AXIG2WSMXXKEJWCZOCCBYP4A,B07KDSZ2TJ,4.3556657
AGJ4XF6MVSXI2HMTCU4EF3JWNMBA,B0089NNAZ2,4.920583
AG5SZTGY7NOOTMAAINWQFF6ABKOQ,B0006IHLFI,4.7261505
AFCLOTB3P3EXMIQAKAZIP3KGAYQQ,B0776RXV87,4.004806
AHCCPJ5DAAMUBK4K4AM56752Q47Q,B07ZG6ZB6K,5.0
AGR2HGNGBX6TFVFHQFKXRPP4B22Q,B01LKYTQOK,5.0
AEGY4M2W2G7TDWBR5YPPSLPSKWUA,B0BKR2ZM9X,4.8678327
AEQP2NXBADXJISSIYTTUXUBBKVEA,B0BKZ51ZNF,4.1900644
AHPVI3OB4ACS2O5IZHURWVZBW5GA,B0BCK6L7S5,4.0316467
AFOMZPIYSXVAK3NJUCP6O5SXVV6Q,B0BKZ3GCGR,4.9960294
AFIMPB6NJRER6XOJECJLPEVZ376Q,B01DN7OC00,4.4316516
AEQKLE6U7TJCGBHR6ZJGSYBK53BA,B09Y5NZ8PN,4.5886364
AHQ7UIJUCTKYWL6SHF444WJYBZPA,B07T7ZSJXH,4.7975926
AFERHIL333KWT5WU7YKEOPSUPNSQ,B09TSX4LRR,3.7277083
AFBVKQ4TBCCIG7N5BOIREJ47BGEA,B0006I935Y,3.9673219
AHMISJPGXHEYASCQVCZF7HRA3HXA,B015HG7HMA,4.45141
AHVI43NDUURIE32PAEBBA6XGXGOA,B015XDJB9E,3.9419785
AFYARBZU7G5SNM376QLB2LAN26EQ,B06X9KG3HW,4.8843565
AF4KMM2FTBZGXA73A2GREYOBPUWA,B012F2891C,4.6372557
AHCDQKCODVZFMU37AXNWP4ZO5DWA,B094CH1B9Q,4.287497
AF45I3GRZOWVCAOUZTZP5GWKYACQ,B09BF8XDF4,4.988648
AFVKFJG4GS3B5ZRY5WP4ZD4QRMHQ,B09857JRP2,4.9869027
AF3HCCRD73O3FDIBO2MGDFGSP6YQ,B07YK57N2M,5.0
AFPWFNBSJ2BTR5JFERVM3G36OGYA,B00JXOCJDK,4.617325
AEFE5OPBDT3RILFM3R3IX7XO7HGA,B0C5CTX5LZ,4.313929
AFVMYR2FFXAFJFA6PH4DKH74VWZQ,B00R2IPGAM,4.794859
AFOXIZ6JE4V3UQTNXLLYRQBQP65A,B074G53Q94,4.345271
AF6BJF7NTWXZHYV2R7EE5WN7GGOQ,B09857JRP2,4.9455667
AERBQKR3V6LV57PTQVWP23Y6GRQQ,B09T7NX5K7,4.8023057
AE66ZE44XDI6BJCJSOSKG6MBWGGQ,B08JMQR2JK,4.498205
AGGNUHX7SHFNTW2BXMX3L6IQMVJA,B01KHP70Q4,3.4317474
AFQTVVXBTAVRD62ZRIY4VEKJAXCQ,B08R5GM6YB,4.547634
AGF3S7SP4POWQFRMEHW3EKQLDQEQ,B07RYFLMKR,4.3569913
AE3AHNSAV2PKUMPM6VJDZVQBI24A,B07BFZ2KSJ,4.5943136
AFJTLZY2NBAFQGLY2WO3EXQ57IMA,B08JMQR2JK,4.722852
AEGMU3LN7XWD4BZBYRUI3H3P2PTA,B07T1NNR9J,5.0
AHIC5S5WEMJBL4CTQTEQMMPXYHOQ,B00TXC247S,4.722816
AFMLW345SNBGK3JEAORUARDH2XCA,B015XDU5C6,4.3337884
AEHEDFYDQJCBL4NAZQNLL77LZKLA,B09PWCF6T9,4.8493433
AHNHO36HHQWJMDOE4WCC6MQP6IQQ,B08BN4G8GG,4.630045
AHOAWBCSTIAMPQ5NXRG55NPC53XQ,B09R2XFGH4,4.5787563
AEHZGXSDEAGUASHTS4WCKIZ2RAWQ,B01LEEWO7C,4.4083633
AEQZCIHPL376ZN3LRVIK7LKIO6IA,B0BFKQ9QXD,4.6157646
AF5C267YUPX3E6BS5SVVTOJ7MZRA,B015TBAAT0,4.7409415
AGWJ3WOKO6JPVGAPDSYZJCAOAD2Q,B08DBDD6CM,4.78928
AHOIXO4BNOZJEF34VCBF2623OR7Q,B072HMBSND,4.7913713
AFSVCKU6P4HUUJKHLWQC5MSI6NAQ,B0BK9ZT28X,5.0
AFFQDI5IDC56MNBDE26K4N67JNZQ,B015WYRWYA,4.9181805
AGKYAVDS6LE7DD2FVDSRKE56R64Q,B072L1GZS1,4.59571
AGACPCDVQI5PYLAMRF4N42CZ5JYQ,B07DWS1PTN,4.730961
AHRHPM3CBEFVTPT7K3QMG2H5N4GA,B0BKZ6JR1L,4.688416
AE7XSUWVSIIVOMXCCM5UA33WEGMA,B074QKLW4N,4.379762
AHFFQF7F54OARQ2OOKA3ILYMRK2A,B09KWWS7DH,4.7042193
AGSE3WV7SGP44ULL3HPGIDU6BY5Q,B0151KT2B6,4.4158683
AHJ5E6U3NZBRT5TDYJIDVAR4WMVQ,B0C1Y5KJPX,3.895041
AG5ZVXXHEXDYUUODSEQC4XXV7DPA,B0872CS1BX,5.0
AGASE3XTUSEWWXX6RV5KD4NDXFAA,B0002KZH9C,4.7590756
AHLFISEX2ZHKDZEVQ6JJUQW2FP6Q,B077GK1J7N,4.5623302
AHNIRBHHFJRLSXMGAII6GIZS6KJQ,B0B8LYBTXZ,4.706042
AFPBAKD7M3P6L6C6M6OQZYEAJ5OA,B0072LXG2Y,4.9530864
AFUA6OB6SCWBKSYUGQD36JYUG6EA,B081T5GXGT,4.610635
AETTWO5NLVUFBUSLI4ERXLEBEAXQ,B07CQMZVYL,4.478204
AHN4URYKUCQ4N4H6ALR2A3W64GIQ,B08V4NHDD1,4.4747634
AG4V5XXWHDNHNDQB7LC53EMMVBBQ,B0C6LGVWBR,4.450972
AHWRM6MTDIISQLIKSQ7WG6JYPXFA,B0BRSK33BC,4.562253
AGNEJAU2YSULDNEJHFJKZ3WLDIQA,B001P33HVK,3.7253685
AFSPQJJT2RCSSSO3O4MO4IJPETLA,B0007Y18UA,4.55682
AGFXIC7CBCZ7S6TAQSMYJTX25T7A,B00HU260SW,4.246307
AHGKRZ7262OXWYK3MW7SRF6II34Q,B00724YJJ0,4.154533
AGA4R2ZGTSIJHDIBLG23AMNKJ73Q,B0BT9R8MMV,4.7404127
AH44K3RPIQMVWG2G4EB5FPVIVUEQ,B08FYHSQTZ,4.587406
AEMOOALRVX5GJZFIDTWBE6LD77CQ,B00DY1F2CS,4.2765994
AGBX2M3IT2QUEK7FH7FBJX3IIKUA,B0002H0BZU,4.7398314
AGOVHGOTW22CLVIRUIW4JG6BB66A,B01DBS2U9G,4.561688
AHQ72YFKLA3Z7CUMMDNNVDPLR7WA,B003K16N0C,4.3965645
AFH6VTF4HK7G6XEPGKMJS54HS2BA,B00ABMCHOO,4.4716787
AHQCDCQ5VFDGM74DM7RQ737GTOYQ,B0B16WH36J,4.6624537
AEAO7MGTW5ZXQBBPPW7ZW5JU7OFA,B07DM7T23J,3.8970082
AG5QH47JHVYT2XEZI7TPJZIDRCJA,B00IFOTSJW,4.882728
AHMRQ5BGO5EBOFVVGOECBWCNEESQ,B07S9X47LT,4.4652276
AG6FYGUMXO4TSTPFWPFTNHJXC7WQ,B0BK2ZTCWF,5.0
AGBJAE2I4KB4GCVNGK3CVXCPGGYA,B09RTZ26KV,4.5104475
AGPU4ANHDRQEW2M6F7AWFLXSXFNA,B08SJY4T7K,3.919539
AFO6QHRGRZDTKQC6SI7V3F23EPYQ,B08R5GM6YB,4.446463
AEY2D6S47J7ZNE5B5WHDGOMTBDRA,B06XB3FQKB,4.774187
AHNG3NRGEDYO7E44QMYDHMBADPBA,B0B2LSX437,4.1988482
AHHHU6X343PMH2VY6SJIWTPSC74Q,B01LYV68RY,4.851387
AHLFNMCO2C6QX2MXA67OMESJWMJA,B00X9OM9AI,4.071543
AEDJWFGRV2TQQ4MBPEW2HWXBIJQQ,B0BT84L827,4.603914
AHOEAFR76BBEHYKBUJOARRUUZXUQ,B0C5D8X3JT,4.238357
AHEMAURZYRCARVTVF6CQYTYE4I4Q,B0BK5CXZBT,4.923749
AFU3UIBFZ27X4ND7JL4WDM4BWWUQ,B0B927ZR1X,4.570715
AEY7XWU3UUYRDIZRWS3BOL5WCXMQ,B01E6T56EA,4.84949
AH7WTH5WIOSENLQKENY7ZFUKFFOA,B06X3R93JH,5.0
AHAR2WCDFYETREAF7SRKJ6T3RMKA,B01LYM0TU7,4.8199043
AGOTIZH7DO5TBSSAKDOMYQKDMDSA,B0BWSLC95X,4.7983265
AHT4MIYEH2QRDBU6EZSLLSR6DHGA,B07C91W874,4.1647763
AGZ3LEJIBPYXZZQ4PCMSOBFEKBEQ,B00WHLLDWO,4.555559
AHWEFDLYUK65S6GKOH2OB5EZXK2Q,B08F8NV6JP,4.489152
AGBIJYZ7IEINJTEABKHPXZYE3XCA,B00IYGR316,4.354299
AG7OXBZLYEUB2RGFJE3M4YSODTQA,B01GV1ROPA,4.777603
AGEJBHASBLTFJKEFNWWWQUY4BZBA,B00WJ3HL5I,4.1258802
AHJ6CRIQ43EJYLQZ6NA3BH5K76WA,B00L1LL7DQ,4.6817884
AFXAOSP6DVC5SKYKKZ7YWCLSZXVA,B001PGXKE6,4.6421437
AGY4LSANTCTFGGXVHUO6BBDARX7A,B0BMDF94FH,5.0
AHQZ2NS5S3ABY7JYVNXD4LCOD5MA,B000VJZOLK,4.186361
AHSIQ6XXQM27XS53U5KJXPJQM7QA,B0713YCK3Y,3.876728
AELR7SP5EGJFQ4CK6PEKBOXY3IXQ,B08R8FSFRB,4.123965
AEZKUSCAQI233DQ5QHO33MLVQWYQ,1423414357,4.237756
AFN6N6Q7OHAEP7FXRONUUN2WFO7A,B0BTC9YJ2W,4.86108
AFMPAORO46YEZSKP237NKNPARFCQ,B07CBT4SYD,4.6128244
AHOEAFR76BBEHYKBUJOARRUUZXUQ,B0BSCF2FD7,4.2501493
AHQ44RQY4L6L5JFMEP6XZMRC7WXA,B0983RZ6P3,4.766631
AFUDTLQNMIHNKJPLEEGTYG7JU3WQ,B0002F5IJ6,4.233564
AGDUZDJQUH2MA6Q6RBVBVV7FIAIA,B088RC37QK,3.804504
AEMUY3R5V2OTJGLA3HKDDYTHN6QQ,B08Y5QMCYQ,4.3498955
AECINQ2KJWDR5GR2JWVIAEPGR2SA,B091MZPYBQ,4.673848
AE5ZMMF66YZVYG2JZLE3UDAGVYTA,B005SUS2YS,5.0
AGEJWLMA7VCEWQQFI4FOPYIMFW7Q,B0C3LHCRJ6,4.163896
AFXCILHG52QQU6OVFOX6RNAWA4CQ,B01NBT5ZP5,4.5401545
AE4X6EDOWQIX7OUSMRWSAHHJ7HAA,B08JMQR2JK,4.4242253
AH4AZOJ2PGCRKTDED2SGZXOOKRGQ,B00TV90MT0,4.5026565
AGTIWTOM2GUUFVUU3FBFTFZBI6HA,B098LHYD3K,4.542112
AHFZAFS6N6PCSICYG5P3BEEBO57Q,B07QKTLN2Z,4.295721
AGOFGZANYMUDHB2NTVTOW63TG2RA,B09JMYM88H,4.570574
AEQK6QPYSQNUNNZJ76ZMAPCJOHIQ,B08VCYR3T9,4.5922
AF5XVNQXEWRDQHIEK4RIJU5JZGWQ,B0002VSRR0,4.760112
AF6UOGIEDOPIQQVIVG4LISE7QJMQ,B09BFBHQ1T,4.477798
AG4ZLTRHVAZRU33BPY5Y643IZXPQ,B009IWNWGU,4.8953557
AG5EBSOOD75MB3YZVBKH2Q5GDYKQ,B00466HLWO,4.379385
AGXZVBAQ7O5AXLHRTNEZ4RPULYSQ,B07TDNWYSB,4.6571765
AGNM5MOSGUVFVLSCZHUDEMSAYIAQ,B01NAZMWZK,4.2250137
AH2OBRZXXMVOFKUQQUGXFSGIMYPA,B09G5KLKX2,4.427975
AH7WMY3V55DTEND6PA4TH3BVGGLQ,B06XXND94L,4.5916076
AFNY2S3YRSPY6NST2O2SQFMSFRIA,B06XGSXWKH,4.454595
AEZJ2TGHQC2AYUZFDM4Q6YX4LOHA,B0002CZVU0,4.6317086
AEDUKEXOU3LRYCIRYKYBXA72HGBQ,B089QRBZQ8,4.164793
AEYZHA3LZJHOZJPB7AU75VO6DYSA,B01NCBLF4M,4.440432
AENN2BGZN2YQ2OVGQTNXHLQ5W3JA,B00KZQ1VXY,5.0
AGBXV2ITIUNKFPPCLLWF6YLF57NQ,B07KDWXQ84,4.110155
AHNLGFONIDYSUIPCHGTHAMDIRIYA,B0BHSG5C3G,4.5600157
AEBID3HKBMGORBEBUBAZWS2FFQPA,B074T6YNSK,4.56248
AEYTL6EEQHOMLGJM323OWT7BENEA,B015G2AFTW,4.0339174
AHPD47TVAIQ2JBQNAYV7UOONY2VQ,B016B6YFDO,4.3000417
AFVSSJ5QSQBZBTAVR5XHF6UQQVBA,B097Q9W8MW,4.034352
AGDLJP5QN4VUKOF7QJOTCCUVUGJA,B019OO4IY6,4.14122
AEARB6VONAYLG7F3CJU234XIGWWQ,B0C3DPLVHB,4.535035
AGHLAYBLKOMA7JAM2PKTKEQ7EOMQ,B06XG21X1X,4.5805235
AFDZ7Q3JWBSK3MEBNMHFMWINWDQA,B0BZQ1KTY1,4.4038997
AFFD2UVMFK6ERQ5IEVQTRLTJ5CEQ,B0C3BSXX6N,4.1887646
AFZFOI4JUMS5UFMVWPLAVQ3ZM2QQ,B000J5UEGQ,4.7114873
AHL4BCH2O33HFN7KSBTIJUHCJYDA,B075VHF7DQ,4.6695337
AGVA2XYHJXQQF27PYZPFTMFHH2UQ,B0BZTB9B4X,4.1846566
AF4QLGCACAZ67CKQBMSQNC6TIOSA,B0B8M2Q1DS,4.1476603
AGFSF44SBWIXPONDUSNCKXDJHYNQ,B09ZTWQPCH,3.6695495
AFPEIQYVFZWLQZZKR3OXZSMGSCTQ,B01LZ7ET20,4.433238
AEY67UM6R2R2XFEAXAXMWTZ4Z5UA,B0919GK359,4.8190236
AH7ZHIIHLTW6SQQXSG4EHYYWTAAQ,B0BPLFP5P6,4.2811804
AGETR4QIMGHVFE3QCL3USO2DRGIA,B09M7F7LFB,5.0
AEAQIMWMCUGLGDAM3BRQ5LCN3CEQ,B00J989VV8,4.5018344
AECRC2FDBKONKCHSH7GPRZ4M2CVQ,B0041T53JY,4.9070873
AH6QSJEXBISHMQ3M3THWZAKMB72A,B018FCZKR2,4.204184
AG2PW23TNWB4BYACHY7DDDTHCDYQ,B09G5KLKX2,4.628637
AFGATCB23OJ4PTUAPGTIT2YZIELQ,B07YMGPV7P,4.8381357
AFZJTKAUHOMRSPYPQD5IHUVDML4Q,B09LJ2796G,4.6909475
AGFLLRNTYZI2ZIBXZFWZKDHOJ6PQ,B00HK1MLKY,4.4587483
AGJDAPR767ZLTFPQ2EH7SKIWCVBQ,B0BLJVX35M,4.4338584
AGY4LSANTCTFGGXVHUO6BBDARX7A,B00LMC2PNA,5.0
AH5D3TL2SIYIOBOHO6PK6HKB7IYA,B08R5GM6YB,4.530848
AFCCD5FKMJUMFTWE3OYSV5TZEGEA,B07BSHS3BX,4.5662384
AFHIAAZ52G52AQAAJYBA72ZM67GQ,B09WHG3TX4,3.7329824
AFROGD4V43PJTAAXM7VM65I7MSNQ,B07S19XSPV,5.0
AGUQK3H25TSBTIMF3Q7DS7GPIJ6Q,B0BMT74KX1,4.8547235
AFB6ZBPMGBPQ4P6AUSRS5A5DNHHQ,B0B8Z76J32,4.4140215
AGR4KDJHASNF7ZOGNENQLAIKNYIQ,B095ZXXS1R,4.343857
AEOFOAZVKGLSKNYRWXNP6JJXAE3Q,B00SX2L4RA,4.576878
AFK3FEP4IDCJVYD5P3FISE4SIM2Q,B07CQPBPHH,4.3110833
AEXY6JTA6SOJZ5JDOXCHV76CDJ5Q,B01AZ0WPPC,4.5722265
AES6T2HMZFWRQW5ECR6H5PWLZUWQ,B0B8FSCM9L,4.665025
AEM2SIMFDE3SQ4HS5QZROFANOY5Q,B09SHNT5B1,4.56169
AEFS3IWS4TSNEFFNYGAMVG2ZHIRA,B00LIW7N9U,4.800634
AEJ4F44RE3N236XNJBRKBGPPZSNQ,B0B8LYBTXZ,4.6221967
AGXYBAI6TANWRZ2Z3K2AJ6REMICQ,B08NW2SYPZ,4.0196266
AEIDDQKJTJKBLHHGL2PLHQJ3MBFA,B0BJ8WDC13,4.5434484
AENQIPCGFGPVCMZYAJK7LIBIZNQQ,B00378GEAM,4.4157686
AFHPCOEDC6RQVI7BKSRAWEBXLCDA,B00UTD0YG8,4.367712
AFIZEMKLVYIDJJ5IJMBUU2VAVK6Q,B075R9BMF5,4.265634
AHAMEWQLPTRHWH3L4Y3YQZCZXWVQ,B0BRSK33BC,4.766109
AFTLHK6QS7EJ25AWSCYSJB6G6KBA,B07C3TXJM6,4.8444176
AG23AW56WZ7KPYYAS4A3YUDTYWCQ,B004THB99Q,4.2934713
AF7UCCPZPJPW76PNE2ICQPJUQEYQ,B002LJPL5W,4.203435
AEIBJXOMYHYM2GHFZWFVH4OYSVWQ,B00BQ6KSN6,4.5334215
AGGESXOSTBKQQ2MZKYON3UGB4Y4Q,B088RC37QK,4.1622787
AGVMESCB42ALLXMQ2ZBMZKK4FCOQ,B07JCW1KGG,4.50567
AG6YXEPL6ENWE4CTSAOR3HHPX6BQ,B0BPLFP5P6,3.885604
AHL2XDBDBBVA2Z5LJO5HEJJ2KSKA,B0002GH8X4,4.7792544
AHAJHM77GJYG3R2V5324MAJAEYCQ,B004THB824,3.7997718
AGODW5MVZYO2NQ62TGD5JX2WPPUQ,B01EGPJ67C,4.179911
AGNJ65DORLK5QTA3DVYWNSSUQ4XA,B092LF6RLS,4.8411007
AHVMIRIICYQJG2Q5VPS2IODOYWSA,B0C3LJ8962,4.840239
AEHPI7DGK45GM4JO4PP25BE3RZJQ,B01BU6B4Q6,3.8787444
AHNF7ALJJC6AR2JJKRZKJ4ATQZUA,B000P5OULA,4.699476
AERIMUQMCVUEN3D5WMGN7JER747A,B07CZ8QC27,4.09846
AFCW3I4HL6FLOYFDC4PVL6AE4VLQ,B09BF8XDF4,4.83535
AHA3ADHFLHTQLYAI5JUGNL2LZENA,B00AV557UC,4.400104
AHWRNYOWY4IRKGIMFKZGO55XSKQQ,B07VSYFG26,4.224431
AEJ3ZHB5WCOY7JEAKTNKGHL6KYVA,B000V1K7FG,4.5361247
AEIRBLA7WN4R3DFFWOUBDY6UYWEA,B003WZS2KU,4.4937572
AEXDLP2NUCSK7Y2O46Z4VIN2A65Q,B09857JRP2,4.836951
AEP5MYJIGIGVOGCZ57SRBD27MIGA,B098QGM3JR,4.4125214
AGZXN4EM6PCRLAKT4VKOVT2CWJAA,B0064RTS0G,4.550768
AHMQPD2G6YNBES42KF42BUNLXJKQ,B07N5J3GTB,4.4307904
AF3QYX47IGHZOZBFMSVMG4KQUDWQ,B0BK6T14KN,4.6680045
AF2RJAKC5JG7U5MUR67ALQ55GUTQ,B00RVE9X06,4.5679474
AFQMFCPCNAIEFZ6XYAOKNT5GNBTQ,B074JF4CMN,4.6583734
AFHER2NWLJQHNQ4BRB4NZAG46VCQ,B0BL2ZJ4B8,4.842753
AEFWUZWVPTT6LVIPHMGXH3MJRYCA,B0179A4ILK,3.7530181
AEXAF72EML4UPYS4KTSBUDKBMTBA,B0BHSG5C3G,4.503686
AGULNOJI6U4V4FUK2EYV6CJ3H2EQ,B0BSB9249S,4.3406715
AHP4SAPZJLPTWUNDEFRAW4B7QFDA,B08R5GM6YB,3.95642
AG6SNOJ6RE3EYKRZ3TUMF5SGSKLA,B071V3MY58,4.0773554
AHZXMBKQJTVG2J7P7EB5WCYTOLDQ,B008TNAHXA,4.5040803
AFKA5LZ7M4GJMI5TG7F7NPAUGZYQ,B0BX8J1P8C,4.3595505
AESVETCZKXFJI5FQG7KUJQP5EHBA,B0822X83YJ,4.3758698
AEAE5ZVBWJCRQICGZHSE6QT3UCIQ,B074K1N1NB,4.251116
AHDL4IHGUSE36PHTIS7YUMQM6EBQ,B0C67HCGBR,4.5406666
AG3HAPNQSMKOI362OW3D6I5XBUVA,B0B8NXV975,4.371593
AHCLJLP7CSBBARBY5X77TUVRV3MA,B0002D03ZC,4.7289495
AFHIS4F6WUTSE2ECHM6MCDWRZB5Q,B00145EVJ6,4.283055
AH2UN5Q4S5IPLNIUYX7BVJOXQG2A,B0BBNCY2VC,4.810302
AFGBQJ4TCIXR7YL7DNUKAQ2RRK4Q,B0BXT6TM6N,4.207286
AHEDAKOGZVW6FL6WOPJRYZTPSRLQ,B08BN8S4NM,4.702413
AE7T6GD5KZP5TM2GFOZ2GAYBLK7A,B0B8M5FJ9W,3.9165993
AG6B35K3D2EOJQZC3E3ZLCRG5HTQ,B09857JRP2,5.0
AGC5BK42YHPDHB5BNMKTMADPBURA,B07CXK6MDQ,4.6052265
AGWRNWBMWLPNUYBD3GGO5LV4V2KQ,B00IPHSRN2,4.7896733
AGDF4EFI3JK6VZMPSZ5XILKZN24Q,B079TLFL33,4.7578588
AHZT6MVWNF4GG6FISMZMORKZKK4A,B08GGYMGY3,4.1726456
AH2A3MAH6GIWUIZJEOFXW2HBDURQ,B07D8WXDTC,4.4470177
AHDJSYNKXNWW2MQQPABYYMH7RTRQ,B0BPLFP5P6,4.8078594
AGCZN4DI7XPQZZGXKCHF3AQ7ZWEA,B00T275IR2,4.3721642
AEPBPML6HZCNA2CN5QARQJCIIHSA,B0BKZ1S7G8,3.8982763
AEXQ274ZUBUV3L33AKGLYEVVXUAQ,B00NPAMDQ6,4.487702
AFT3YREYEF7HVUAP2SMI55RZDCJA,B07FZ5XBCJ,4.401848
AGMOQRGZCULKJQE5GROUVEVGPEYQ,B01AH3RSAO,4.374767
AEYKUQGCDH5A22ULXMYPWRQ5GAWA,B09857JRP2,5.0
AEIFVI6AID42FB33YBVLA63CJT2Q,B00WJ3HL5I,4.3267746
AHRTPQHFKDUQEAN36WDEY4BPTBAQ,B0B4STBJZW,4.604654
AGWD6ZH66GXJDVRNQEGY77HOYEJQ,B08F9K24WG,4.726949
AHKJHMFU4DUVYZDOPUA6VEKKM5QA,B08XYTW5S2,4.1612654
AFQYQWAIBLVTKHALRHNI7MVSBHOA,B087B6MMYR,4.207724
AG4FC7EWZL5AU5M667BERCSVNHKQ,B07685T8FT,4.6998267
AFO6EBINMPEYJ4RFIZFB2UHUP2PA,B00615M2CC,4.5082803
AFMK4SIFYYQISG2YVU2U2FOCQIVA,B0B8Z6192W,4.812675
AG5ZDKP2LXSP4RG3P4UJKAEPFKWA,B00IFOTSJW,4.4544826
AGK2NQ6CYM2O4ACVI6GOXCGAI35Q,B09R6W3B2Y,4.3810477
AHK2GPONUS4HZYDUVTK3AWLZZ5QQ,B0BZTB9B4X,4.8339467
AHBIFGZDADPTOK7CCTSWXQYVY7IA,B0987C2TBZ,4.44836
AFGDTX6XTSPB3GYWZNA3UHXRISIA,B07NKRZ1KQ,4.691225
AFOBBYP2YQDB66SOFEFONDKZUOSQ,B0BT8FDL8B,4.462564
AEM5IKW5US4UFYTUGVJNYC3LD4WQ,B09M7CK2WK,4.8806577
AG7F7UFF5VDMEK72PAB7NRISLVZQ,B08R5GM6YB,4.4210043
AFPK6ZJ5T6IV5LGXOSF7BNR3MCFA,B000ZU4GTQ,4.515387
AFGQH4JD5QBDF27M4MG6OJ7IXWBQ,B0B8M5FJ9W,4.665483
AG6Q4C5BBGFEHIKKPWGACT4ALGAQ,B0B47KFZCG,4.612538
AFC2DAKRFMKGNS5XXFUKY5P7TZCQ,B00WJ3HL5I,4.6251044
AHPWEIREBCNF6KADWSLLJFOTIY5Q,B082WVV4SF,4.946645
AFOAW4ZUVJN3JNZEY5WXMZJWIFIA,B00O4GF3L2,4.3409247
AHUTI635VGXW43UNQRALJR6PURWQ,B08JMQR2JK,4.5281644
AFAADQEJDYJ2D6P5UY73XTRZICUA,B073W2Y8NJ,4.808606
AHFFQF7F54OARQ2OOKA3ILYMRK2A,B00P0HHNJO,4.5444436
AFYU7L6PPUGCEG4QKNLBLABGJSTA,B06XDDXZQ8,4.0304523
AGPPGPYSRZIR32TZC3PWWHHK5BRQ,B09MMT45P1,4.277373
AGBN34VVOPNSM4ZVUQWDVGJYA2AA,B07L6RCDP7,4.517974
AGYHHLZIQQM7KVVBS7R6U7JKMUIQ,B00JER27MO,4.508283
AHAR2WCDFYETREAF7SRKJ6T3RMKA,B07DL1L3M7,4.7590685
AH5HBA76JNM2MTAU7IJGFXEQEQAQ,B0951C4RGR,4.438599
AHWSPVFV7CNKCRH4PKUILHJSS3AA,B0BPJ4Q6FJ,4.8862267
AEHIRJJMIKUH3JVDTUPRY4L2GFDQ,B01C5TBX68,4.7839503
AHGIBSFUX75SKXE57B3GHITHYR5Q,B078WLKYZZ,4.836919
AFISKED3TW44RJXZH4FB7A3WWCKA,B000Q847M8,4.318975
AHPLBHLPKEWMHIYGC24RK7BVWNLA,B003LPTAYI,4.590786
AGA3UZAMOM33JZ5QFAPVV5QW42UA,B009AQZM30,4.2024937
AEST4VTEXAUUNNH3IJVJORDVZBNA,B08PBNXZYP,4.97535
AEKHURS6TJTJMT7HBTG6TOTDJPKQ,B0BCK6L7S5,4.1319666
AF2ISMZOUHTYR6KLLBUL2VED3DUQ,B07CQ19T1J,4.876566
AGASE3XTUSEWWXX6RV5KD4NDXFAA,B0C1S8XK38,4.459734
AE677ZVP4VXXSIBJF4HLMB4WB2PQ,B0BR2WB9JY,4.8692107
AHOSMYGEURJT3QUKNKSVWHXBWZWQ,B0928HW2P4,4.9114943
AGOQL2C3KGTUCQCYUPNNCWEMPMYQ,B0BKZ5F8BS,4.427791
AHH2KJPYNZUMU5FNTIM5J45DBR6A,B00S0E7268,4.3644743
AEQ5XB6DPQ5BJ5D6R2JCPHYBWGHQ,B0006GSEME,4.516763
AGKH3QAKXJMSDEE2C6JZULGKESYA,B003BGXW50,4.666851
AGUG5C2WFEGSACVXYG6AU556RERQ,B09KWWS7DH,4.4582367
AFL567XYUWWT4WOL4FEIADS6NZIQ,B0BSGM6CQ9,4.824197
AHCOL6TTS5TK7LG7T2LYVIMHJSEQ,B07CC51PMN,4.552789
AE4C22KHQVAJGNPGQWCMVW3Y5ADA,B0C4VSM51M,4.3297143
AFEO7UYE735OCSN7TC2WBQWERQAQ,B09PBL98Q4,3.9366076
AHYJCQYCHHT5FH6RGLT4PWUR6PZA,B07TV7J574,4.3494463
AEOPWU2ZHY73ZI26E4E2LVOCIN3A,B0BK9YKQFR,3.9059339
AGLE47TRG6WQ4SOAWUTKYVZYU3VA,B0718SMQXN,4.847525
AGZ6OOWN2V53LYU73RT7ZDQCQV6Q,B005OZE9SA,4.3139257
AFOGOIQFHOLRR4I3NCUB33WFHDBA,B00JL5I8H2,4.6774526
AF2NRER4ZB2JIIMAA5ORIB5RGOCA,B09857JRP2,5.0
AEB3T7FT5VNOG2L4KJPRMIOLF3SA,B08XYTW5S2,4.002749
AHHP427ENW2EDKHO2BJZDVKTIQNA,B09VVS2RYK,4.0095606
AFRQZ4GJKCECPIFZS7XIEHYLEWDA,B00UZ7JADG,4.717345
AGOWSJ4ZAWXI37BO7ZQ4ACUFXWEA,B00IPGY11K,4.6015687
AFO5DUSEVD3OREGSEEPFDKVYV2AQ,B0007Y8GSM,4.88859
AHD74WLDYHD2UVZ5NIYTLY3HRHGQ,B0925F8LPD,4.7176504
AFLAP3F65TW7PVSU6ASIF4F5QXTQ,B07FMRQVPN,4.278362
AGHIR4KWLXYVMFC55FQAEW5PM5GA,B09JFZ3CKY,4.273724
AEW23TPKWNRCLGGPK6P6MS3PLHFQ,B000K67VRO,4.516843
AHPWEIREBCNF6KADWSLLJFOTIY5Q,B00UTELPGK,4.6119747
AFXLVYW7RDMXH2Z3I3Y4BY2634MA,B07NPR1S6T,4.6114144
AELTKUOPJKGE77UV2WFRTRSNZ62A,B0C67HCGBR,4.9447417
AEAJ5WLUZIZRMSRTJ4NZUKYTXCHQ,B00N19LGZ0,4.1714463
AF6EJ2XGS7POVJ6OHJUXOVWJN75A,B015HG7HMA,4.3809624
AECIT3NMW6RKABFS6YOCYX4YUYOQ,B07DLBZWXS,3.9563227
AHRSFWM7HT2Z3HIWSAOQ3XPRUO2Q,B00BQYODWK,4.758373
AE3YNEQPU3BX7JSGG72XU5V2GZTA,B08T6X2974,4.315646
AF6PIY6PZCGBM6HFZB6D7OWORVHA,B091MZPYBQ,4.4520917
AH55BBF7YI26IG2SQ4UVOC6UJZUA,B077PSQQVH,3.6456356
AHTTV4K2AG3ULVGME2UD6R2UFE2A,B003XKFHFM,4.298357
AGRXVSLZ5ADADS2MPR55BHXGV36Q,B09PWCF6T9,4.5142474
AGWNI2VJFJGRZZEQFUEEAMJOZI3Q,B01F4QCP84,4.337848
AFT5P5TGXEBFHQDQPSU7COEQGTPQ,B002CMLPYE,4.021236
AEHWRW3PWRFQOIXVKEPJCY33O7BQ,B0BT84L827,4.3776913
AFSRUMHD6AOGSR5LMOG7AQJMTMGA,B000AAGM0M,4.1875615
AFAUI5YDY5SFUUER3ICUDP7DNABA,B0027V760M,3.7209327
AFCYUWDZ2F3DZB3S6FURGYD2VADA,B01F6WIX5K,3.987789
AFYWORNWI66UAEXO5TTXFAP3HKEQ,B01AAX6KGY,4.5431757
AHITTEAFYKSFWHQDK6LQ3K7RBM6A,B01LF4C2QY,4.540411
AFHDWGZWTHJNQIRYSW23WQM4Z2TQ,B016C4ZG74,3.953559
AHPWWZH7QS2FIHAHNQJNRVOPVZEQ,B00G33N1F4,4.352067
AGJGLCZKE5735HGK27G2B7QZB5UA,B004DE1K5S,4.501413
AGPE234Z5X3X73B4DSG2DE3ZTG3A,B01EHJL652,4.5412292
AH6XAWAUUU7SDPRRVV3FALQE7WMA,B0BKQ3DPPL,4.277865
AECEM4ZNK43ZUOJ7UO7FNOYIBG5A,B081P1SQGG,4.5429525
AE34NU2IK7BLZXXQ43STKR5W5JOQ,B0BSGM6CQ9,4.952508
AGRM3B2N2NGKGNJMLYVGH6STQA4Q,B01H7B1JD6,4.628122
AGN6JJ6HBB54CDDMDTPQF2BHYYHQ,B07DWLYGKH,4.950323
AECDFP3R73WCEN6RFLPGUSU3DNMQ,B07G98F55T,4.508004
AHI7BFFVBFZAQMUTWX7XVRX5AFUQ,B0BBRMGRTS,4.2389135
AF2O4GMP7Z6ZV7WZGJM5MGT27GAA,B07R3S93K8,4.2848682
AG5ZVXXHEXDYUUODSEQC4XXV7DPA,B0C4SQBLC4,5.0
AHRPB4XLKDWSAYBFEQF3M5YPGWUA,B079T9KWGQ,4.335681
AETMPCLTYYDZPKDQOMHFVN2CFM7Q,B009YRL4OG,4.691704
AHSAI3EDUQ7HRB2W2SOWGEXQF2JQ,B0037JT95I,4.2301054
AF5VDKIJH5MWPGQWBNEAOXEJQ5JQ,B00HK1LQ28,4.424219
AHNP4UU7OJ6JDANT5Y67QGMCIABQ,B076ZNHZ59,5.0
AFANAS6ZJNZQ4H7OFWZF7LTQNIHQ,B09S2VB3KW,4.9226537
AGBBU5ZI6SNTPSVKYHUVUAPRXEHQ,B0B2C6TK2Z,4.809029
AFVZZZQPULQQHTFSOK2MF5QYGZTA,B094NDQRJQ,4.5760303
AFGGL36KJJXEQTMHPERGAJ3ETG7A,B0C1Y5KJPX,4.312864
AFGC3CVTWDXINUBXXD2YPCD5RHCA,B01K1EJQ9U,4.7050524
AHKNJUO7L4KX66JTJFCL7TDYPWTQ,B0864N9HRK,5.0
AGXCV25HDW4JXI5QQSJTIZUHPRHQ,B01CQQMLKC,4.2462153
AGUS46T3NLZERFSFY6634ON4HETQ,B06Y2W66F5,4.0629272
AEFCFMUN235NIXAZX6FDFT2JUEQQ,B001C9R5P6,3.9215727
AF7YHF2VCYZJP3ARK6J5GXZ7HZEA,B0928HW2P4,5.0
AHLKEQRAWNFROS6AKMQK7WACLJZQ,B07YJZGP5X,4.803079
AGVKIQJCRMTLZWG2V6FTD3E4ZZDA,B08SJY4T7K,4.022954
AF7E6RHOZNHXMOTVQVTGVYETOQMQ,B07DVX841V,3.6244016
AGVM3U55VHWHEJXRQ4IKLK7NCAAQ,B01BLE4SU6,3.8616927
AFJN3DGVOEXNJO4IZLXQBQXMYNNQ,B01CS87RGQ,4.344029
AHNUN6MBXIGLPXDFX57V56LB3D6Q,B08B3L6MGL,4.415928
AFAFGXMIMBAKH4MT77XPTTHE5VUA,B09NXQ86L1,4.7715487
AEAERSACQKLS4M54KOWSSPJVWHLQ,B07BVDGFSR,4.6201262
AFDSVXNRE2LCL6KR76GDPSVAUEXQ,B0B58HH8XN,4.7242885
AH7GTGJLT4EWVEX2R6FFKULCNDQQ,B00CPLODUU,4.412407
AEGAK36V5XS6MLBKBB5HGZPXSZXQ,B07B9W2XFS,4.3782806
AHBGT6Y2NTDTMPCV4OGK4BJM7EYQ,B0B92LPGD2,4.646517
AH4EBXBCNHNVQ5MKFUO62MZEVPKA,B0BFKKVQZT,4.540189
AEPI32BVUBYNYBHBEY3IFIQF4CEQ,B075FSQFPY,4.4066544
AEAO7MGTW5ZXQBBPPW7ZW5JU7OFA,B08BJ37FNS,4.32521
AFSMS4HPP75DQULTPV4E6CLL454Q,B0928JXFNF,4.4248505
AF56NQKSEMS5Z5BSWD6YFOBFJP3A,B00JL5I61A,4.639284
AHMUFF5EOXLXLQW54WQMGDGWVDSQ,B0C6HZHZG9,4.6538563
AE5GKEAWEDM6RG75MEOIXB5QPZTA,B0BLLKKFR8,4.297495
AFAJZUT63QMOLXZ657YAISCLHBYA,B0BCK6L7S5,3.9458368
AHQEBEMXOE2LUB3GSASWX7MENGIA,B0C3Q29DML,4.732569
AGYVINGW4VBWAX5UHWUCW6AEJSWQ,B0C53Z9TDF,4.90359
AFIMFNL4UWGNY3H2YOIA57JYINYQ,B004B470XG,4.737641
AFWRDEJJALWBO6KHOOBCBY6DAXHQ,B0BHG58G2F,4.4977574
AH2H6UZNEA477XOPRQ3T37WXMBLA,B07KDWXQ84,4.5466013
AHEDCHTTKJDLZZ6Z3FTYKSIWAJMQ,B0BCL4K9GF,4.3912997
AGKANGAWO52ADFIGSOFLLBIV6TCA,B0C5PRQ9K6,4.866111
AGMNAMH77QXBOAWQRR62V3NMOZ5Q,B08GPH33QR,4.5746546
AE5IB4R6UZSREN4KRIGC743OIZSA,B00BKXN9LS,4.4547677
AGIA3ZNA7OJDRHNPWVATX5FDCEHQ,B0B2YZYGMQ,4.181419
AE45WDXXXZ4KORRG4QC26I6TNVSA,B0C62DP9WQ,4.0511518
AED4QAIZU74PMJLMYBF3SY55EC4A,B0B58JSMB7,4.3949647
AGRPTP4PEIYDDNEBAQU4FEY6KTNQ,B00WJ3HL5I,4.434592
AHF7Z76TLU5TWM3UTOYQMQGFLFYA,B002H3EZMC,4.8192215
AF6B2MHYX44NXIJKLOQHXTUE54EA,B078GNPZ6X,4.9180074
AHVJ7UVESCIEXJDPRIYMIIBQEM6A,B007X60AZ4,5.0
AFGDL7A3J5VVF6VYJRHRJ7UKTSGA,B002LJPL5W,4.4733915
AHLM7WOXORQPFRE64ZHN2IV52REA,B0BT84L827,4.7969613
AFWFHC6WQSA7LQZVY4QKFX62EHOQ,B07B4ZZVDV,5.0
AHPCRMQVQYOVIYGCFBURHPSW4LPQ,B07SG2SGZ5,3.960065
AEYN2ATYIHPXKL3JEC6FLXK73JAA,B0BCHG293C,4.871291
AFBXPXZXOBJZI7N33THA2W5JGJEA,B0064RTS0G,3.8317556
AFC7CN3GHCUXCUS6EXYASLDZYS2Q,B01EB5SYDY,5.0
AHRPOGWS4FDBIU6LHAYGE3FOMEVQ,B0BKZ3GCGR,4.313087
AHSRMNZAUSJKKHQM2Y5SFLXPXYEQ,B0C5CTX5LZ,3.8113227
AFX66HHUFOEYU34TWTIJ5G6UMUBQ,B08R5GM6YB,4.6478353
AHXN24SQSFO4TJAXQSERXXGLO5FA,B0B8Z6HSK5,4.885666
AGK6REQW2NDSSDVNRVXXCNEQZMEA,B0BPJ4Q6FJ,4.963766
AHMY4433RXWWWIPLL52FFK3KA2BA,B0872CS1BX,4.988661
AHT6CZ4BD5P4I5VNBHCIT4Q2XIOQ,B09BF8XDF4,4.751858
AG5FEKWGQDLOPZPCCVTDEL5TWMLQ,B0BPKH4HB2,4.507415
AG5NEBS3VFNQPNWGGXYQNRNAHQTA,B0BCW884JL,4.6543055
AE4X6EDOWQIX7OUSMRWSAHHJ7HAA,B000J4I9VO,4.0916867
AGHARSG3LRWDNOAM3HVDWKJJMS3Q,B0B16WH36J,5.0
AGIORBOULYLRAG7GKTJGV5YEEMZQ,B087PKH93S,3.9658878
AGFSPZ7XOYCABXF6VYXQVWQRMO4A,B00117TFL6,4.7097373
AGLKS7VMMPLSNP2NANAUOBZBHGJQ,B01ANNNKMI,4.2450476
AGCC2TT463H4XT4GVMOXI2DPP7AA,B0C9NGP88D,4.110142
AGNDNH6DN46HBFSB5IAFHIOO7DKA,B0095D5BF2,4.37281
AHPWO7MKOQMC5DMP44MVALDZKWUA,B082WVKSNG,4.3901896
AGVH6XX42P6SIONXKWBKGJODPMTA,B01K9AMG8E,4.4235578
AFVYTABRIESKZ2WUA6XLENKB5QCA,B0C6K471PB,4.182339
AF6MPNSZKXAGY24F7BGTGH2LZI4Q,B08XMGNB3W,4.5307074
AGARMVTKQUMBK2XJH2OSGVOBCCCQ,B01HCGWS2W,4.7606473
AGMDMA6XA22SNTEHKWHFQ2D2YN6A,B07MZYNZ1C,4.6247663
AGC5BK42YHPDHB5BNMKTMADPBURA,B01HUCYOXE,4.506562
AHZAWZBAEVLGKNBGGTZII3JNHRGQ,B01DE4DPSC,4.843672
AG2CPGYQOVZMGVEZ7QPN5NXB5ACA,B09397FWYW,4.700288
AHSRMNZAUSJKKHQM2Y5SFLXPXYEQ,B00GESEQ4S,3.9210274
AED7CZI2A4UFHHKBLM2T55BK7W7Q,B0BT9R8MMV,4.425678
AGZXSMUGUCUPIHVCQ6DFP52BVPQQ,B07NXZCM9S,4.6137075
AH5MY3FGKF67EXOLB7S2NXQBBIMA,B088P5X4RQ,4.772398
AEI4IG2E3DB6EG77RG7QTQWIO7PA,B0BKZ1G3P3,4.6404786
AGZMJNIBVOGUJC5VGQ3EXLRUINSQ,B01HFRDEI0,4.577233
AECLUCEGCHCODEK2QSY2UZFESGJQ,B0799734T4,4.682624
AEVSTHVHASQP4BSETOKS5L42ZU3A,B0002H0LDW,4.535656
AGP2BAEBBIE6P7XZAOAIUFYCEHNA,B00PZGTVAE,4.8090353
AFHLVH6VXUGE7VFXVZHQ5JEQWOCA,B07Y6TSTS2,4.575117
AESDNHQRRZEWTZF7A7TFFFTSNY5Q,B00HZH4D04,4.4978156
AEMAZ536TDHVN3TB7NI6AWRO2RFQ,B08R5M2FGY,4.757987
AHLVMWREGLYAOXZW3YPMPGU555ZQ,B0099DNZMY,4.3098927
AG676CNM5GFRUZQUFQCIWAWHKZLQ,B0012BPMHW,4.815811
AFKXLVV6Y223XWWFAGFRH7ZG5AVA,B007BR5PWI,4.8722024
AECK5JRGPRBVXS5BV36PBXG4UVWA,B0B63DPVDK,3.952061
AGDR5UXGHUY2HYK276OUE7J4T73Q,B008YGONR8,4.902924
AFKEYQICSZOJF2UUKZK6QW2P3C3Q,B07QQLLXBG,4.2482123
AHCIO4Y7MASS5GHGAZNOPPTXFTVA,B0BKZ3GCGR,4.376583
AG52A6Q7CTQXG244EUIS7KWFVOGA,B0B8NXV975,4.308246
AEJ354XETZRIGFKZSCQ77RWYN2ZQ,B00WE6INNY,4.569695
AEOAVQQMRY652RTKHFB3L6Y5TYIQ,B07DLBJKMR,4.437272
AHDPEFTXF4GWDD57WJRM5SVE5MDA,B0B9LKKBHK,4.5107975
AHUWTBLGZWOIE4OYFO56IOXKJMOQ,B0BSCF2FD7,4.6864758
AFA465EKUHASW6EOIJZERMAKI66A,B01HRLREKI,4.7514796
AHIHHALU5BBSJTZDS2KKQJNYJGMQ,B07N1RPV4J,4.2931347
AEOF2U5P3PEPOLGFUQBHOA64YJYA,B0C3Q29DML,4.3633676
AEI3JK3NJTVVB6RQVVJXFYWBNEYQ,B08MTVC27F,4.578109
AG6MB6ECQOKI5LMTUXYE7NCQYQQA,B08881TP55,4.4093366
AGCPKJ6ERXDP7M3AI45P3WMW7KAQ,B00IFOTSJW,4.930794
AH7UMWKEKWHRAACBVZQVJGOP2DCA,B0BPLFP5P6,4.4460106
AFFPCRIHLQNCUF3UHZKFIO7TWK2A,B07D4QCBX4,4.2376146
AH2L4HXWXSECI3SMTHE6YB3T56KQ,B00E3X5USC,4.4290533
AF7IKYKBWRTMMRKSY6EX6XUVROSQ,B09V91H5XM,4.5102315
AHWRZNV5QVHOIMWAVYREEKJLKSHA,B002Q0WU3W,4.610841
AGGU6YCHY6BLNPTJ2YAU4Y5IKJJQ,B008FDSWJ0,4.871862
AFBIB5XMB27ZIUM3YDTESOKSLLQA,B093YKLWVN,4.402535
AFVRNSWCGZBFH6ZSULIFIHW55DGA,B07KDWXQ84,3.942423
AGPOYZY5YU4FD5PJPXT3UFCRBK7Q,B0C3BSXX6N,4.3686633
AGRYDY7V7RLYLKDBPMIOCLIZB35Q,B076H8SGMB,4.194582
AFWI2VMSLJZKN7ECI2GDNC3CX6DQ,B07B4XLP57,4.7867427
AEQFIGS5UJKWTXXLHOE4KJ32RYIA,B005SUY9H2,5.0
AGEIH53JJO4GZZVOM3UQVWVXJAIA,B00JER27MO,4.1888347
AGG3TGNIO4ULCWBMCUW4NHZZ4BGA,B001BYLWD8,4.721927
AHE7II3TJOEA3VFD4GBUOSJCIGCA,B0BCXKYXVN,4.1060386
AF53AY2WWHOPWSOXUIEV6NFQLMUQ,B000G3MV1W,4.464627
AGLTZKRU7DBJUW2ETIYDCZTX35PQ,B00YJ5C46K,4.720079
AHRQYYKEOUWW5HJU3RNRCXTXKAMA,B01M7TE7LX,3.5188727
AF72QOH3CCCECJGIBMH3ZZQZ3M2Q,B0BRZ92P9Q,3.9283016
AHTCJK6Q37Q2W33CSKNPKZGTII3Q,B002Q0WU3W,4.7018228
AEE6H6VC6RTWJS2RMXUJCDPOY6NQ,B06Y275GHN,4.0707436
AEZIWY5MGFWEIWELVGYQBFWPK4IA,B0BHSG5C3G,4.692063
AEB6NY4IDOJQTFCHNUGKOKLXCZJQ,B08R5GM6YB,3.9353771
AHJYXFSJIGSKWCQ6IIB2GW5SN7WQ,B073RQ3DQX,4.6071577
AHABCXD4YCPXXENKKC344EURZCCQ,B002KI8X40,4.6455135
AEGFQ5OD5RN4XKYGLAWEDH6JLQXQ,B00B5LDMH6,4.7648892
AF7X6XLGYRQI5U7QKL3ZMNMICILQ,B0BPNMSDGB,4.1569114
AF3FBHCAUSTHXGTODQONDLTDVQ3A,B01DN7OI40,4.787511
AEQFTHWRKZ2T2LMV47WVHRSOKZGQ,B0B3VKD9YG,4.775776
AFBYX46MQBPS42YYFRO6QHRKKJEA,B083KJ7FKH,4.456609
AEOS2ALLIKEV7WLIPXWG2346HAZQ,B08P76P2K3,4.6547527
AF3NOA47IJLZ3V5SQBOAJHUYDFJQ,B0BK6S8QDW,5.0
AHLWBN3XMEJUKJQECDTG4PZYDI7Q,B01CS87RGQ,4.873332
AHPVFKJE6V7RH7SNKDP5VK5GGCKQ,B0CCK4YYNM,4.150183
AFDBKFO3VADYLJ73J6P57DEBPEKQ,B0928HW2P4,4.528132
AET6JD7MK2QJAPGVTAML2L7TB5HA,B07Z63HSZ3,4.6381326
AGVBT7ERKE3PKMRFD3SC6ST3QAQA,B0BSR996X8,4.574499
AFJQQWO6VAZCTTY3GXNB3SEUU34Q,B0002KZHTW,4.899329
AH4MENCROTJQK7T4D3NVIK3E7KZA,B00B2N3XU8,4.7035623
AE6PGN2WW447FQCQ7CQFTCO4L36A,B0002GYVZW,4.1190267
AE4KCU73O4KSJOQKPLC5BG4B7RKQ,B07CQS5DJV,3.9904644
AHXGY5M5CQQMIEJZTSGIHGV7SO5Q,B0BTC9YJ2W,4.1563888
AGWVA2PPESBPQ5XK32DPGGH7KHRQ,B0C3PGFZ3H,4.178527
AHFBAA35TCBSDKD6GKRIZG7IGQGQ,B00T275IR2,4.5596194
AFFCNEJLNMAUSBFDTVL7TDS76HHA,B0BJPLQDWD,4.485036
AGENKZMKGVCQIKH4A62NSRPH3TSQ,B01MRJUB7Z,4.043179
AEQN6LLSZSPI4O7MABHJXYA53RXA,B00CPLODUU,4.062126
AF7DRHZN7CDCVGL5PJPIADURT6KA,B0BSGM6CQ9,4.846036
AG24WNAXFQL7GMVNARKGAZMKBBJQ,B00I9FL3OA,4.172361
AHJTAHSOTD635R6J2KKZG6WVR3BQ,B07S19XSPV,4.7121153
AH5UCNVRO2WQGUDHO27YM67VRUOA,B07S61KXPQ,4.487006
AEXWONTZWMNRENRFG6ASVUCWNXLA,B078KTV8L4,3.959146
AFVSSJ5QSQBZBTAVR5XHF6UQQVBA,B072MRBN4G,4.0718837
AHENU2XO6JW65OCUTQ6VBDFM2ZHA,B0B9SJFKY1,4.7043686
AHEZMZ7VYB4BF2DE5QV4QFNQIWGA,B00BBPKZIU,4.2388525
AF7CC34DK36SQJS7WXI44DREGWJA,B076K32CH1,4.859397
AFOWG7WVVQDQFY6MHOFL7MFPAG6A,B012VQ5A7S,4.6981926
AH7B7WKKAQETZ4U7ZIVHFR7IZGKA,B08N325W3L,3.750164
AHDONNGPHQ62BJNMUCDN3V6WQMEQ,B0BR2G8WYG,4.366318
AGCVCVBQ5PECVBEARVIAQKDWKV3A,B0C4GJM9J4,4.393173
AG5SXV4XRKBOZMKDGST7LB3C643A,B00WBCBQF8,4.8115864
AFHPDLXI5LH52OFLZSP4KUBTZ2UQ,B00X7DCM4Y,4.1527853
AEDCSOZMB6ZTI55JIPKJXEKB7K6A,B0002D00FK,4.393762
AEFMUJVOH4TJSOXWZS2TEJXEGMKA,B0002E4YI8,3.9813635
AH3C3NEQAIGMBODE5BMXKSRNDFZQ,B0B3VQQ6XY,4.2926097
AFNHOWRHARD3M6T2NVPQ775AH4MA,B0009G009G,4.62371
AGEJZX3P4KTM6A63XW7IS6KYAKZA,B016CKAVRI,4.746366
AF6K6IGXD3OMCVNWQEP7CYUZXYSQ,B004MN9GWY,4.943085
AF7VRLJZIRYWVNXMW2SAFC3LZWMA,B00WB244XY,4.238068
AGPWTBAKWEXJIJLZXKEV7T2E37AQ,B082WVKSNG,4.508195
AGYNPZM3W54EX4GURQLXCNJOT6KQ,B07MQK9168,4.473794
AHX2MR6NLBEPURAZZUYFARJVHSEA,B083BT49BX,4.789844
AHAE46AEKDCLIR564PEQWOO4H4VA,B078KX8YJD,4.747698
AHDMFMMBOWVOTXAQMIV2KOPM346Q,B07BJ728GP,3.979913
AGETR4QIMGHVFE3QCL3USO2DRGIA,B0049BKIF8,5.0
AHSCFIE2HGELN2X4RRAPIRZYZLDQ,B00F20MIC6,4.4123583
AF7QMGYZK5HO7NP62SFS3NFGZW3A,B00H35YIJE,4.776673
AGB6YJDQ3IJ2F2RVS5GLNRHOKRYQ,B09CD32F7Q,4.91468
AE5ZMMF66YZVYG2JZLE3UDAGVYTA,B0BKZ61YJJ,5.0
AE4OEJMTMMN67HAFXYTGCW5LDVBA,B08SJY4T7K,4.115127
AGBQ3TX4QYWQQOW2DBADLGOJHQGA,B008TNAHXU,4.3304186
AGELXEQ7HQL4564TYOBFJSOPBAVA,B07DVX841V,4.3270574
AHZAWZBAEVLGKNBGGTZII3JNHRGQ,B001383XT8,4.6208496
AEZ43GMRWM7Z5RJC7MKYGQYWADIQ,B0002H06X2,4.5375767
AFO4VO3EMAEWPOST4DIAMAEB7ICQ,B071V3MY58,4.7773914
AE6QHO4W443XFTAAWORXJNE2DSQA,B000PGMSZY,4.5917206
AH44B5QNONVHQIKM4BOLW2YF63YA,B0B8M5FJ9W,5.0
AFSV7TNCJP7V2OUPWNVO6YWM2HZQ,B00WB242X6,4.0922556
AE7IRQM2JRJU6YZ23HD36B54LBQQ,B09PGW1W7R,4.4228296
AGFB74WQOHVJP4PGF5QOXM5CXYQA,B001XWD3LC,4.0694685
AFTPUNQ4NGIKJHIEUAFA3GQBUY4Q,B00646MZHK,5.0
AHA4C72NXTSR4V2TQQUIBOQMWYPQ,B09H1JQ8L5,4.6072726
AESEUN6IBHLP34ZCQFUXJ3ODEUJQ,B07CQMZVYL,4.5245533
AHK2NL4CMRVKTZO2ZZ2JFPES6WZQ,B0919GCCBW,4.066773
AFPYPYWWBNPQKOGF3SANF3ZDQ6PQ,B0992VZVKN,4.2706146
AGNEOQLGQPD2NKSKBGFCXAZ3AW2Q,B0B3LJZXK7,4.504119
AGWK6CDT6HOBXS6JJEWZJUQRUTZA,B0002E3FBA,4.769471
AFGFNA3PKGMAQWQVH5A4Z5CD2QFA,B074FL1CP1,4.5866995
AEY73SCG2WZ5KCSL5WN6T75P25UQ,B06XWLXCFC,4.0353537
AHLEUWSV62G45HPULLFAIUFLWEJQ,B0002Q2DE8,4.489109
AED3BMXQT7LFTKWZCNTVOKEE4GDA,B07Q6Z5VK9,4.572042
AE242ZZNGN76NJGBHE5ATA73NBTQ,B01N5QJ0LE,4.618017
AEL275DNGFTFLIFSPTKDR6VJECUQ,B00Y4TY3JM,3.9695756
AFRGWN2OQMXTMFUCW7DBTJXXZC5A,B099NYHNRG,4.814337
AHC2LMWC3UATTZVVLQCXG63ZS3SQ,B07ND4MZMW,4.4139805
AH6CSA4SAY5PP6VXEE2MLQU2UZTA,B0010XSZ3A,4.1004415
AFRUTEYFUJDAUASSQADZ3UQJHXAA,B08NVVLB16,5.0
AGVDWRJMULIAELDXB6WAOO27RYPA,B0006ZJ48I,4.295406
AHWUVM45AU54BXX7DEEQTEHVPWKQ,B01CNAN5OC,3.9991136
AEMPFCS7HQ2Y6NGNT77N7LPZBUXA,B0BQM98L6D,4.777273
AHIZ52ZDJJRFKA2Y3AYLOLRJDSZA,B09WVFZPLS,4.40157
AHP54DEEFACVFPIFX7KZ3P32ZYVQ,B09LSLS83Y,4.2388024
AG5IDHF3GQJ66NX4SUVVMD6AJCWQ,B08YJ5GQ9R,4.4578543
AE4PQQ2BQO6IGXVLTI6GBFCNC7YQ,B01N40YZZQ,4.5000834
AGMYRILPTJDOK7WL5OYHYGRYVXMQ,B01HFLKO6G,4.954055
AHKPGJ5HFA4I7IKUHBTMOSFSKUWQ,B00XC2AQN4,5.0
AG224IRACLTGD3CO745GKS3UQIVQ,B001MQ9Y5I,4.973008
AH5HQDMJMUHNEFQ6HSU5C7WCS75Q,B0179C3SQO,4.6671796
AFT5P5TGXEBFHQDQPSU7COEQGTPQ,B0002GY10M,3.9549196
AEHZ2XPBR3DD7KQKP5QLUMNEJEJQ,B000W348OO,4.8437657
AF4YDYJHJGEIVVUG3BHTZ7DCQY5Q,B01DE4DTAG,4.493094
AHW6YFBKYIN5XRPR3KVBB77LKNZA,B06XTW2R98,4.4746604
AE6JEOKRGHXGAGA4FNO4YA6OZHNA,B09NLHX8VR,4.5868316
AE5VICOXJ6XHMLISRION3NBJ54OA,B07DK59QNR,4.6486845
AFMF64BUD7BO2FCMXDY6VYF65POA,B09JGR9ZG7,4.640867
AHIBMAOLVIYSJGHVEVN3TJLCAXBA,B0BKZ67C9F,4.8555884
AG34MRPZANUVEV5QIJEZ4JEQ6O5A,B0BCL4K9GF,4.346551
AFBLIAES35IGAZQJZLCLOWAS3SXQ,B074WXM13T,4.6760597
AHLEUWSV62G45HPULLFAIUFLWEJQ,B008L3SXE8,4.7446938
AFAWEQ7RYCWPUSBA7SRPFWREWOCA,B0002KZB8E,4.382551
AE4BRUKTU5WDWF7UTC2B5Z2GTZKQ,B07N83Z3W7,4.4487743
AHQGNHYEMY2THNZXZZJAT3VS4FIA,B000B6FADU,4.3465977
AHDXU7C43XRQRNTX4FBNY2YHDQOQ,B09CPZ2QS9,4.7274017
AGYEKWJYOPP3NHI7QRNVOPTOGTNQ,B0BLSLKBCQ,3.8490653
AEOG5GP4YYOR6T7H4DTLTH5VXEVA,B07BSSS8VZ,5.0
AH7TL6PVUTX5BIN72WT5G3DENC5Q,B07D4QCBX4,4.520831
AGUQUN4TIWP46MPNHP5QOPOPRFPA,B00CALHPGY,4.20568
AGC7CFOW5DZ4EX2QVNP6ZRSDDLFQ,B01JJP71Y4,4.6670413
AGBB2ZXVQGP55MT6EFSXVDRBVKHA,B0BT9R8MMV,4.6662445
AEELYEJTMEJC2Q7TLM6B7SODDPEQ,B09B45DLQG,4.4031086
AFXXPUL3WUJA5N7OHL2WSCZUJORQ,B0BRSCCL39,4.073818
AHELCEBAXB4RHDYFRDA2BAY7B3GQ,B072WPD8MY,4.647687
AFOLIN4WBEQKBXBI7TONI72PXJWQ,B01N5QJ0LE,4.3673353
AGWI452C24HVTPJSA7KWM3HNOUBQ,B09GF6NX3X,4.768821
AF5XVNQXEWRDQHIEK4RIJU5JZGWQ,B015IJIO5U,4.5145893
AFE2ED3TOKZKTVVMV26F7DO7THZQ,B09DR91XCS,4.410865
AFRTBHHXZAQDCTONAS632OGYDJOQ,B0B8YWPB3K,5.0
AEQGGWXHGCZIDMJB2Q5D4VS5TH3A,B07KG3SDZK,4.3676186
AG3XSRIN4MQBL2AUGOPEU6TGCF4Q,B09BF8XDF4,4.9529243
AGS5T2BWF5GLMFHWDASCPV5VDOEQ,B07PRBM1QJ,4.7097893
AGSIYEJTA3W3WHYOMO3GZ4LFDQ5A,B072FQ4D31,4.569185
AGI3F3UMKKPXGAQ474BDITAS3FDA,B07JNKY9T8,4.4537477
AEZBBZPGTXZF2JQ6S2PNOOSHZFPQ,B0C3LKF6VL,4.430946
AGKJNGVNDATZRQH4WSSN4OJSIQKQ,B00UTD0YG8,4.7368126
AGNE3LTUI7OD5OEK2K3K6NHMBUOQ,B01MG3QVCK,3.8823152
AF37R5H65LWFM44HTVZUH5WNWA6A,B07RG6P3N1,4.7625117
AFSKOXGAKKYKA2UDMHUGHPPT7W7A,B0BW8L9WF2,4.5770144
AHXOER5GYRVR4LHHXTDAPROJKQGQ,B0046A04LU,4.3181705
AG52TQ6F7NLG5WBLIK7Z4QIKVETQ,B07D9NK1S1,4.5958276
AHVWPYPNAPJ4H4YHHPCXRX5MVETA,B0BTC9YJ2W,4.712067
AHRJGEBB6MS7KB3PFZOXLGM6S5HQ,B00T0S0SPU,4.9685726
AGNVDPYCZJ26J44AIEI5BZ3ZPR5A,B0BHSG5C3G,4.156132
AG7JPPWSBNXRF6BJXMCXYPM3ENBA,B003AYRK1K,4.8453913
AGELPWHIAKFSOSPQHTLHLK64XBYQ,B07PYQM5RY,4.3703165
AG3ONYTMKA2UJNUBSMMD5YG2NS3A,B0C3BSXX6N,4.315662
AH7WMY3V55DTEND6PA4TH3BVGGLQ,B0872CS1BX,4.397189
AECH6FKMNPEVOR27FIUZR75DDMPA,B08C9YWGNM,4.593084
AGKSVIURJH4HT2U76B25XBTWALOA,B003XJ4O2A,3.7336373
AGDFJXOHM2MEED3KPC7CRRLQPNVA,B07GBQ4LGV,4.0841694
AEVBHGRN6HBLVJIVMW75XOG3KGRQ,B074W6S6K9,4.958089
AGHRTUDVQTCLQXO4QQ3PBNCL7EOQ,B0B8M2Q1DS,4.3967056
AFTU5SMQVGVFIYFGD26EO7OMVB6Q,B00X7DDGBW,4.085856
AGXWPCGLCV23BLX7CDUE2R3ZHKQA,B09SH423ZY,4.4375215
AHJN4WZBHT3PRYJQOXM5K5TWZEIA,B0C5BMZ1K9,4.663095
AEIJ5TAWHBJYV5SRKSYTO6RGSQ6Q,B00MXUIYNA,4.642841
AGWD6ZH66GXJDVRNQEGY77HOYEJQ,B0010SHU18,4.5354276
AFCLOTB3P3EXMIQAKAZIP3KGAYQQ,B00T3SR9ZO,4.159154
AFRUEAFOS7NHZ6FXCVPJZS2N3W2Q,B0071NO7I0,4.226968
AHMMD7VGJIM2NEEJVA2VZZU4S7RA,B074QKLW4N,4.6044965
AH4A5EHENGUKTMJ7CT4TP437BAPQ,B074VRW7PP,4.417479
AGDEUEHXRVCWANF6PENBUO3PDUKA,B00VYQABEE,4.615651
AFQRTUCR7DFM5VF7B22WKF7YEKUQ,B08R5GM6YB,4.4604087
AETTWO5NLVUFBUSLI4ERXLEBEAXQ,B0BZQ1KTY1,4.5307803
AGKTBKXWB7TSHCSCALSFSEL36QNQ,B0002D0LBI,4.230938
AGQR5XCLTZ74WOY755VEO22L6N4A,B0192JRA2A,4.133986
AHFNLFAN42RAZONLGPPS66YTUEBQ,B07NF23KMM,4.770453
AHKNE44SB2XXRTY5A2ZWFK4M7Y2Q,B001EL6I8W,4.463367
AG6GUKKGVG5WSI6QTH7S6JW54NMQ,B01HTG4WG0,4.2580214
AHXV5FF4VTCGDLSZNOWWB3Z3MGGA,B07ZW9R1XK,4.2559752
AGGMEERVIX4WNT4TIQ2A2ZMTCCKQ,B0062NUUW2,4.7797937
AGPS4MKW2SPRUBQTEXHH2EM6V36Q,B001GDJQTG,3.9439352
AEFJHW4IR337Q33F42JL3QMCMRCQ,B000WGJ71U,4.397198
AGP7L5XOQOBUV4R3UZ64ES7F3YPQ,B07KW6VM9X,3.9747303
AER7II5DJUTMN7NZM2OQDRG7TMCA,B07CJJV5BR,4.4718285
AFPG7J4AME6QVSARKPXTOXWUR6DA,B075RB1KN7,4.5296416
AFUGO6TJPE6FMFDFFGT3UUTHTHVQ,B07MQJQTR7,4.5568523
AHVGICSVXM66E4SXX23PH7R3Q74Q,B07VPLFNYM,3.6727543
AHA7W3VGHBJTMU46T2RM752HJY2A,B01DK1ZGSQ,4.793537
AHPASVFRV2SQFYLCAZSEKB4FOGIA,B07C91JT14,4.230395
AG76LKUDAVTICNQWJZ5V4LILAN3A,B075GQ4YP5,4.269425
AGVT5E2C6WNOCFYSLOCPAPBJOIKQ,B00IFOTSJW,2.9228997
AFZ7XFQI7X7LQBKVIIPVNTMLGI3A,B09HD48CZN,4.9355307
AG6XP7YKD35LKMAUTT2SPLCKKXCA,B00CPLODUU,4.8571897
AGUAR5LOTVA6SHQBEM5NYSO2EAWA,B07Q6J4S89,4.574412
AGFWN5S6I4QHRUDQYYS7YRLUGIIA,B09Y65YVMY,4.239165
AHDSPCS2KLFJZYAWCB33VTXCBUWQ,B071JZNWRM,4.931621
AFYF4XHHCBIOT52VMRZ6W7FOJAOA,B09TL1FRLY,4.671077
AERXAGU6PAY74OIAVZQKU5ONB3NA,B003OJE8LQ,4.7832522
AHTDSZE4JNAV4Q2W6ARS6R7DSBGQ,B01FG29LFQ,3.7292838
AF5KJIMQXNEY7M5U5YM43QPCO4PA,B09V91H5XM,5.0
AEOBE4N2IOVEVU7RAFPCVLBBFBQA,B08MVNHBMZ,3.8254495
AGY2DCIBLZTHBQHNFL7BGGHKIMFQ,B003HGFRO8,5.0
AGULNOJI6U4V4FUK2EYV6CJ3H2EQ,B08BH7KHSZ,3.891402
AFFN43XNWDLKRHFQQZJR6IDI3FEA,B08NVVLB16,4.776106
AEZBPDYHMCAJJ3Y6EM2ACUAOZIEA,B018DMSNQ4,4.1025314
AHD7BRPWD76N2HAKPHG7GQC2LQ3A,B0BLJWTB36,4.127536
AGFX4QLI5ATB7UTCF225IURSJY4A,B08T2N27DG,4.5738573
AEDGH4ZJ4WGGFP2OACMNEFL6XK7A,B0002F73YY,4.5542283
AFYLZIHVNNEAOJTF5UPHYCNHHROA,B0002E57D4,4.411138
AF2HAUDZBKQZM5XZ2DM4UPO237UQ,B01LXTBO7B,4.8553834
AGJBLM6O43DUUTQI52GRVVR6YDFA,B07MZ9DGMP,4.0847554
AHQSUITFFVARCQ4GGCH4EBYGOWIA,B009EM7MZG,4.214648
AF4VXDAABTQBQVYTY66KGI3OQKZA,B07NDJ1HSG,4.695541
AEJWL2VCYD5DYYK5KTYHBTRTTUVA,B0B52FBC66,5.0
AER6WLSJPBPNOZIQWVHQBVOKTNCA,B06XB3FQKB,4.3044014
AG6EDKW4LTUP3EKVJUFQWJTF3AYA,B09KR857F4,4.4637814
AEST4VTEXAUUNNH3IJVJORDVZBNA,B07Q6L4YMC,4.8633795
AFVQQLENFSRWGERDSJAIIEPSGCIQ,B015XDJB9E,3.901766
AEUQMRMTSPH4W52T2FDAGM2ES4RQ,B002GRBA2M,4.4612823
AEHUX7BFZJVA3DFYPTN4OCGUG2JA,B0C6HZ2BJ4,4.8668633
AHICFG7RTZ5XSIGBUFK5XVOLZIJQ,B00PVBOTI2,5.0
AFWS4PIMKK4IFMMFQ3X2X72MLFGA,B09RTZ26KV,4.650986
AGHGBNYNCAABS3ZNGCSDOJIGMDQA,B081PSNDCV,4.2548733
AEA3NLDRDLTW7U6TDQT5GPQOOIDA,B00EB11ZN0,4.6334114
AHRPODCFJ7UNWQKCLLBKN6BQIN7A,B07C183K1R,4.43246
AGRSHARPM4IR54RKYQXZB7F7D76A,B0BFKQ9QXD,4.222388
AEWAQMVRQBUGFTQIK5FR52QZFO2A,B01LSHMR86,4.258895
AHVAHCU3H4OPODN642O4SRINRAFQ,B06W2NS817,4.1851945
AE3Z4ZV2QZYZUDS6XQHLH52JYJRQ,B09HCRTKL4,4.3443284
AFIZSMCB7TIH7APWCJ2AV3V6OSFA,B0887SDCS9,4.680651
AEKTVFSI4N5H64XNZOKJOEBBYVSQ,B074WXM13T,4.8237286
AGMZDEWHNIE36ZAU46RRT2P2Y6VQ,B097Q9W8MW,4.2802544
AECVQSYPP6C7I2FYFUICHPYVIXNA,B07KDSZ2TJ,4.8882236
AETUAGATWF4MPA37VOMGRRBGKQHQ,B0002E520C,4.2220774
AFGP3BNMCLSVIVJJW7YKW26HL7AA,B0C54RRCKG,4.1663837
AFXVOM24JL7OMMEJEY7HEA7DYH3A,B08T9CCXZB,4.898896
AHKEPQU5OXUSN2573LYB2VHN6H5Q,B0002KZHP6,4.3996706
AFTSORKZ5J7TPFF4EHDBW73SHI7Q,B00VU75AA2,4.239169
AGBW7LZUPMPOBV4LJ7LO3TCTRVLA,B000G0ATGE,4.304707
AHYKSRZPZKIYUDQGKDW6667SQ77Q,B00CPLODUU,4.5678926
AHLWEN2DZAEXDCA35IPSMOBP3WQQ,B0836RLZ46,3.9647477
AERTVBSRSK6AA4OQEV7R6OUHAEHA,B0BCHPSV1X,4.547148
AGXZ6KUKS2VXHYLLTS6W655MQQ3Q,B07MQQM33D,4.653137
AEKXSP43WOJHRPOLIG5FUPLYALUQ,B0BR7Q74PC,4.4383082
AEISIG7H44OUAQQDNSLOFCIIK4MA,B00M9BSZMI,4.320697
AEMF5UMRCEBQ6IQCEMROGSAIV4XA,B0BK5CXZBT,4.467066
AEXH4ZE6XAKI4YMN4NA2NYJRFV2A,B0BYNM15YB,4.1508603
AGPYG5JL3SNWMJL4WZ4RUNVV6J3Q,B00G059CRQ,4.491772
AGZTAMAUIY5SSSKSYPEBVXBU373Q,B0002OOMWQ,4.6667967
AF5XT4SZRB7BLH6FB3RXQJBPW4PQ,B0075DMYC2,4.503953
AE23WLBRYKEC67DM43M6E2MF7GPQ,B0BT9R8MMV,4.5895886
AG5WE3XGSKHUP326YESVMB52VDYQ,B01JO7AEK0,4.0306773
AEDVFQGEMRPBB6AP5GTCHKPBH2UQ,B075BDNHZB,4.0327125
AGCK7XANFA53YJYYNHQY6MIZM2VA,B00HY657E2,4.086631
AHEATNFOOUXTJU7NL3Y3GLO4O3UQ,B00JXOCJDK,4.608278
AEOVNIHTK6YWGM35ZUSAFUIRH7PQ,B0BCMPP7F7,4.6276116
AEOWDZHMPA75S4CB4OLVC2357SSQ,B019IMEX44,4.191288
AFU4W2TZRAXIM5JQZ573E4VBNLSQ,B004XDQFJ0,4.7539663
AFDRV44BJLVSWMXE6V5NZDYC64ZQ,B0B7896KQT,4.2715635
AGNTBJ7AAPSMV3O5F7THNJRKGM4A,B004XNK7AI,4.4548793
AFZUK7RCANY3O3S5Y4CUJ236A72Q,B07CPW22H8,4.2532215
AECRC2FDBKONKCHSH7GPRZ4M2CVQ,B073W2Y8NJ,5.0
AH7YJ7LV42LQKXZ3YDIRY6G4S3EQ,B015XDJB9E,3.8978796
AHNQDDX4XIZEQM66ZLWWIEBG7JOA,B00VEMPWVU,3.9555743
AFWRDEJJALWBO6KHOOBCBY6DAXHQ,B09V91H5XM,4.3311753
AEDED7TTPX3SRGVYPSYFLJZJ5UDA,B07K7VC41S,3.7029147
AGACWHSNB43GEOHKG2EUDLOSMIEQ,B09S2Y4MMC,4.919209
AFXBFI2F5WNLTIOVDM5PKEFOAI3Q,B00B5LDMH6,4.407279
AEJQ7YOQQQL6WAAGALAPQECSQHUQ,B000RLI76G,4.026933
AFD4HEOW3XSZS3IOLY5HKDZA6UWQ,B08MWVX9JD,4.2705717
AE7654C4N5SIUGLBWUVCZIIANB7A,B000F9J5GQ,4.3165708
AGPA33SKOCJTWTGFFT57MKFWHOJQ,B000CCSWQA,4.332173
AFPFGEXYZ5C457R3VIQMP47RKJDQ,B00L0X8ATE,5.0
AER3THLOZ7KZ6X6L3ACFZTTHDTCA,B0C4R9CTV8,4.3982563
AHLQVPOCQKVXGIVMZTJLSTMCS63Q,B00IPH8MD2,4.900148
AFGWUUOIVYEBY6N2EBLZGZZQEFWQ,B0BSCF2FD7,4.3514934
AG344D46XM2XAMSPN4IGM4DORUHA,B082WVMFYB,4.6379294
AEFAKDENKTWXF2RQU6RTA7AWZZCQ,B07CQQXQ4T,4.0599203
AHGYSJ5C6F7YUTGNX6EMVI5QLYUA,B08DBDD6CM,4.2035913
AHIPKIT25JKKXMUL332SVAWYAKBA,B0B2445LLL,5.0
AHHKJOSTEB6PFRPDSK6SXWFZI6NQ,B01F6WIX5K,4.360531
AHDXMXSQPZX6TXVDHXV7PQWAKS5A,B004XNK7AI,4.8208976
AFU5IERTHDNTX7STHYPRFZFKHONQ,B0BPKTYTPQ,4.379567
AEZRFF2AWH66Z7KRPON4YBGTPZAQ,B06XTW2R98,4.275386
AHIJOIUM2UOE6QTENQKWZ4LDOZCQ,B077Z9HF27,4.268089
AFTKKUXXNUYCGVEUCNH7RISTVX5A,B0C4FVS3L7,4.7238774
AHXV5VPSODDUC6ZHGPUDKQNXZ3YQ,B081592T7F,4.5125914
AHJTFIUDE3J4S2YMRXGTEHQK6MBQ,B0002GO8NM,4.9090233
AFVTV5IBZU7SCCUSTID3SQHYH2CA,B078Y89GRT,4.5512614
AEWVOHW6H6U6UAJAUTKRSET4QFRQ,B01NAZMWZK,4.1729603
AH4PST3O2RSB2MKEQSQDVGGQ7LKA,B09857JRP2,5.0
AFYGNUWRCNB7ZVGFAQES5EC4IS3A,B09D74VBJF,4.3351846
AGVT5E2C6WNOCFYSLOCPAPBJOIKQ,B07NSWD8BR,2.8149266
AF6Y32ENW4DHLHN2AOT7DF3L6PYQ,B0002CZVWS,4.844033
AGR6WMSQRGC5UIXMOIPSTOCL3E6Q,B09TXP3FSK,4.426372
AGTIWTOM2GUUFVUU3FBFTFZBI6HA,B077PSQQVH,4.3569865
AH7LLWX47LHBPP3VAKO6MGTGOAQA,B078XDMKWM,5.0
AHI3FR2LO3SB5SALPSQEFYVAY5TA,B00JER27MO,3.420817
AG5G6CFL2C6KFLMBAEZRTQGHRGJQ,B000RNB720,4.1226306
AHRJONWXD46T3DWKR2UJG4RB44SA,B07NDJ1HSG,4.766139
AF5VGANSNUJ6DMLXGIEOPGRXIODQ,B07FM97YFY,4.602114
AF67IH7LKCKADW6VCGNFUKRAREAQ,B0002F6ZJS,4.467609
AFDBBJTCNY6WUQQVIZ6QNZJEZBUA,B0C1YB7KFH,4.0386972
AGO7VCK6FT7PMZ3MK4MI3Y7R55IA,B07T96ZKRS,4.56382
AFBJYXI756RJ7PNDD6RI7SEIZAFQ,B011AJ8KHO,4.4567237
AEVV53KKJFALWH75EY7LFE5NTQOQ,B07T41F22R,4.5997458
AETM34MLWJDDYMFNNTWXVYOGPCMA,B07N5NKMFM,4.978473
AGSM4LM5MKYYD3CJPXAF3MIFGAEA,B00FQ10MWY,4.6508636
AFNN6U672YPXSWNPCBUXSLYBDQXA,B07D5W5X3Z,4.4287896
AEENSLZS6WAJQE7GRMNHI74TIYYA,B06XJ53JLJ,4.476446
AHJS6QDWCAHL75QZJAGW2VG3SZKQ,B0019QABGW,4.577527
AEWF4NEN6QUFTMF4P4RXGC7BVJ6A,B07RSSBZC2,3.814253
AFJCMXTTCBPMARCHD6EVWL5WW2YA,B08XMK3D28,4.081554
AEBJ66PMIIS3HX6ITE57SG5HQYZA,B00UJHFD2Y,4.1722894
AF7CC34DK36SQJS7WXI44DREGWJA,B0B81HB47Q,4.5883713
AGFFYBEJ7PPHHQE3CXR6B4FBS6CA,B07BQRDVYJ,3.9373174
AGRHJQVFM4WWYZULXXSZHCCLUMRA,B09M7CK2WK,4.3140273
AE53AVIEMEFU245TVANDSUXTHP3Q,B08PZ5FQ3H,4.342349
AF2P3RLNKQGTDFRBGQPS6QKZC3FQ,B00L1LL7DQ,4.777506
AH7YS622MC7QXBBAFEBQLY6PVTGA,B07SR3TDZQ,3.215655
AFVZ6EHLAF5MXXRU2CHNIKZCTENQ,B07KNJSD49,4.47162
AGGF6WC6ORV6VV6IBPBPS7VDPREA,B00LCY77NG,4.7257414
AH7KUHFPD2SO4PZCNXVSY3XRLTFQ,B0BKZ61YJJ,4.6247125
AFITBSL7YZ34TYWR4E7I67ASN27Q,B01MSVSA4X,3.9939837
AGGWVXEA7MU6H63OVAPUL6XX7JFQ,B07FYYV6Q9,4.477191
AENFQD5EQBOPKB6TB7AOAD5QQCOA,B09857JRP2,4.76081
AFROAABFKVW3IEIVRSHAIA7VR2EA,B00USQY0CK,4.463282
AEESX3HNU65OOFXP7VYMTQG5OZLA,B005H2007E,4.3729625
AELDUQBFBGYWSPXFJ5Z3HJ3YL65Q,B00VYQABQ2,4.4140296
AHGPS6M64DTATP53YBSK2SPY2QOQ,B07GFH8NTB,4.8676133
AF3Z6NIK6HCVQSPUKRFMHRHLDJOA,B0CB98SMQR,4.857682
AGPWFIBAUZAC3CMJUD73YYJQ22OA,B01MT72S9A,4.118044
AE2N26XNOMBRGFNU72Q4FOCZFA7A,B0BFKN9P7R,4.2774396
AGRAOA7QVG7JT5JIVSEO3ES54HBQ,B000J5WB4E,4.1632843
AFN6HSXIFGJROQZ2NN3FSUNNM6QA,B0039ONN5S,4.201885
AFQJYVZJRRJKT73QEQYX657RRIOA,B09PWCF6T9,4.357659
AETRLZMHXJWHRPFLNPAT5KWVN2UQ,B0B8Z76J32,4.2155194
AEG6OB47J2PRTMCZ23S52PWW2BSQ,B0713YCK3Y,4.0275774
AGYVIJCXTIRUKHIIJBRWW4ZYCCRQ,B08VF4K987,4.8582807
AEHZLERK7MKZNMJ73WK7HN3CCS3A,B0936WZT3J,4.755871
AEK46MKUYWGIC32UGOGJ5XNCHGUQ,B07KVT68WY,4.3787775
AE2Z3OU36GTOAEVZNCFHULNC4SEQ,B07D9BW8ZT,4.690255
AFNKH2Q4B4UWDWJN73UODTARAN6A,B0BZ166MLS,4.6427574
AESVFN67IDLTGZUQEMSPJAESH3KA,B0723D2759,4.850637
AHRYD3RNVS6Z6KNQQFLIOI3XLZ6Q,B0051IE05W,4.187006
AGE6QCQA3IDXEVSSUWVWNIGYVV2Q,B01D42PQCW,4.5351987
AHWAYCEX3NCWJD32JTFVBFXKUHOQ,B06W2NS7RW,5.0
AEK3J4P3VZSXTFCRPYKCMRG6562Q,B07N5NMWXK,4.758617
AE7WTZD7ARI23J6UYS3VD2R4MKBQ,B0050P09WY,4.4816747
AFG7GOJ4XZ6MQA7EXJQ6BCK3Y2YQ,B00DJWO85E,4.9774504
AGXNHM6FE6RNTARQVPQSHUNC5UYA,B08P4W7NFP,4.0364103
AE5GU6FB5WPUSX37JGGNXLS5MNLQ,B07G8J1XQ3,4.785812
AENPMEUT6ZWW3V3QVBLKWX45TG2Q,B075R58Q4Y,4.347696
AF5XBYLOZUWJLVK7F7ZQDL6OZPJA,B0002J6H2Y,4.5109773
AGRANUNQRSXU32PTYKNNGLT4QGUA,B01DZ6FBBI,4.415949
AFWYJRXR3ZC5QWD2CPDL762HWI6A,B0B6P55RBN,4.3233614
AHO5LUPMSZT2ISIN24MT3W37CYHQ,B015BKBGZG,4.540731
AGDLSEHQJIHHVM4WEZW4TZ3UP2EA,B09YW3PJ7V,4.615989
AG2BNWGHZ7E53YD7US73TKEQY7ZQ,B0BFKQGWZ7,3.8741283
AFES2HZGVZLGZO2LNH2YRMIW3EYQ,B07MC4N6P9,4.264853
AFYRL4FOQ56QKA6VZOBVMIKVYH6Q,B01N40M4KK,4.50654
AHTNI7C4ANON2I2LZVL7KDO6PTEA,B0BW41MRGK,4.6726375
AEQKLE6U7TJCGBHR6ZJGSYBK53BA,B00JA8QD40,4.0938807
AHYAJSJYNJNYY675NJFTNOQE3OQA,B0B8LWBTH9,4.826435
AE4CLE7HXMRP3XPZAHXEDMYCNEJA,B01199MA9Y,4.5720563
AEC22VJTGBP2NSSEFFE4436KBOMQ,B088GF12PC,3.7315223
AEAPGDW6CTHQ2YHAEVPWOU5XDEBA,B0BPNMSDGB,3.5101542
AGVT5E2C6WNOCFYSLOCPAPBJOIKQ,B003B06IMA,3.0893555
AEYVYN2QKZKKFTW2LNJG3QKFGHPQ,B0BWXY17MT,4.6955824
AFEPLHWMMPUHJCXBCDWHIDLE2A6Q,B0179A4ILK,4.137898
AGWWFKFSK3KYPQFSEOUVAVCDFBKQ,B0C4SQBLC4,4.8940234
AGENT7K7THM6Q5VKHKH2PUACREHQ,B09NLV5LBK,4.1137447
AGPWPQZFGLIGJJDQR3WFVKLODSUA,B00AQ4U76M,4.563498
AFZ3C46427HBPAJPNFHWADDIBGXA,B0BKZ685H4,4.348761
AEXHOH3UTHYIRRTX6U7LDAZHLMPA,B07N3Z1289,4.7787147
AE4RQ6OMDFEXLU5Q37ZQFW524J5Q,B08T2N1WZR,4.693281
AFFZNXPPX2MF7F6WSX4KYASX3TLQ,B0BT84L827,4.8300486
AFOHCSWHO2N27LSXIATOMCFZM67Q,B01LMDLNAY,4.4896207
AGZB437NN6DJ6CBJLPBIO2CG4NEA,B0B626J6MT,4.3496366
AEPBPML6HZCNA2CN5QARQJCIIHSA,B000EB68VK,3.822319
AHNG3NRGEDYO7E44QMYDHMBADPBA,B0033PSLSM,3.9860723
AETKHJE5RREYGLLOHPOQEC77ECEQ,B08JMQR2JK,4.741878
AE74LXAR2UTNMY4Z4ADURC2TXWQA,B07MG8PHF2,4.7723374
AHEDE2SI6D32L6OKL6B5QCB42ZLA,B0BRWSYSJS,3.7072515
AGJX6XVM4R33WWI4R4PNSXVFZ7RA,B0002F4V30,4.745049
AHPSEAIJQPOW7IWRQL4KH5ZM5BMA,B07WJYTDMH,4.7777624
AGAVAGDERIBPSIQPFQWIC7URSNOQ,B094DT88S9,5.0
AEN4JVIBT24RAPMWEHX7UGOX5CMA,B08GZH46GW,4.616489
AHGEZE3BVNV4PBLJHQ747Z6FUIZA,B0183ITSB2,4.4555287
AFKC56ZSSFHF5XCYFFY52C3ZLFZQ,B0BDMP3CW5,3.9198642
AGX3GMJ24TNG7OZWWDYSXH46ATMA,B000T5PPQA,4.2884455
AHW2G5R3FA7BBXBDIIGS6HFWX7LQ,B072235GXG,4.4137726
AF5OTK7QRYLFXITBWKD5AYH2Y4BQ,B0BXX3MYXT,5.0
AEZWVY7SNYXITG2YVXG4CWWGKJDQ,B0BXBG7VRD,3.785867
AEVQYOU7JYIXIVXIUDRSOSGWCGFA,B009A3JEZK,4.4508123
AGM6T4Z6E7NEWKUQIW34DDBHYT5Q,B0002F6WR8,4.8111825
AERKATJE467MEOYHBLICXUTG2F2Q,B075MRW285,4.118529
AE5XF7B3YXXLCP2TIYR3A5WXZR6Q,B09PWCF6T9,4.392037
AEMVIRJQCGVVYBFMIGX5UNRGPRWA,B07MFYHKLH,4.236881
AF4HL3ZLQ4TINY2YWENTVTBP2ZGA,B002CMLQ0M,4.5518813
AFAJWSAW4JGIMIWNK5VQH36YKYTQ,B0BT2RP11L,4.535518
AEP6P3KJKABIZ2XBA3OQKRHEB3WQ,B06XWLXCFC,4.830652
AFCIVS44DHRDBJKC763CZ6ILP5GA,B0BKZ3GCGR,4.5334554
AFD3SUBU6QV4WG3FUYMQNRHKHADQ,B0919GCCBW,4.336295
AGTFEXWAKKGB3P25NJU57G2JXWNA,B000EEL50Q,4.195034
AFIGN7XBI6JWQG7G22JQEDZAAOUA,B0BCXS7X26,4.753536
AEZVM4MTRYYVQHX3O2HTA4LSPBZA,B0BPJ4Q6FJ,4.690095
AEAU4KJFIXGZODX4R23HMUVUZV7Q,B06X9KG3HW,4.9621177
AFNC4AEF5EWJOT73I7V2LKMWOOEQ,B0C61YQFHH,4.4362736
AFDAU5M5NRUN4LYLI7N4YROKYLWA,B076LRN23J,4.770661
AELAJ6D4JXOZ25T62VNQEOERFWQA,B07QQLLXBG,3.8157551
AHBK2MB5HZGAIKP2DM3VUCOOQ23A,B06Y1KSVDK,4.4371285
AGHA4OJMCWUO27UTPY2JHNGYXB5Q,B01DE4DPSC,4.897947
AGNPXZERD2EQJICAHX2VHBRTDNFQ,B0BZ166MLS,4.6554513
AG6BU665T6DKOUYJQNO3IAZCJ25Q,B0BS8PZNGK,4.7073393
AH6ZOJ5KTN23MYCHYUMFNWCDDCQA,B0C6HZ2BJ4,3.8942227
AFVCAHAMFK5OJQQPDJ5LUXH5FSPQ,B01MSZ25L9,4.4802747
AFQJVHDJWJR7MESW77B5XJ2CJ7BA,B01L3JPLWI,4.168481
AF3EBMSD7BBGXKFCGDHDT5ACGJIA,B01MF9H516,4.415114
AGLKS7VMMPLSNP2NANAUOBZBHGJQ,B00HSP6KGS,4.9080424
AEIWCG52NFSOZUVGLQ47BD3RRCGQ,B094RD529N,4.5292883
AG65EMDZJ3RRQSYRZMMBUR7TBA7A,B0002E3AHY,5.0
AE2W7OBJ45J4J52CGH7OFWHQZJQA,B07N5MJDBF,4.9030514
AEZG4SHN6EDH7X2I4NPMCSN7MN7Q,B079NS31NK,4.5271177
AFO6XWHY7FAH6UL6LXPNPRCHTTRQ,B014ZYPT34,4.312341
AHGXIQPLSY6BOS66R3V4RMEIM2OA,B01AAX6KGY,4.238719
AFUAQQ6VNKIE775XCZXO6JWY4FRQ,B07T4FM8C5,4.144468
AGGR6BAOXEUYRBR37SXH3OS73V4Q,B09RN6MGZH,4.2261667
AHJOVCWIY7VHL3GA544JONCJNSEQ,B0BKZ66FRY,4.7034016
AHQMEESXZDL2LPUFFMO7DDAXMMJA,B07XP6MHQT,4.5315123
AGMTCMP27WCMMXZ3R3FJ5F4KDABA,B07NZ14SP2,4.3792744
AGN5FDHWM7WRJKFO3CLNJ4D32U7A,B0BNCDVD4M,4.0827103
AEUFKX3YWACB5WMCIKX3DQJK2EKQ,B079TLFL33,4.584094
AHAMNFZUBWQDDKPCIU5MHVPCWZEQ,B00O2LT4F0,4.5730114
AFKCIJWTRGR4PW3KWUMWP7L5OIWA,B07BSZNKTM,4.27613
AFGC3CVTWDXINUBXXD2YPCD5RHCA,B07P67TV7T,4.6195297
AEZEVMIL7CWPAMT462JJC2AAVTTA,B0002F73KI,4.8934455
AGKQIFYBIOZQGQ5EX7PD5SFVYCAA,B01NBOF5MD,4.648727
AF4IJ7EGPU2LWQAZTYBA26KY4UVQ,B00TQZN1LU,4.178667
AHC32FZVPNMEWOEJGLTZYNJ65ZSQ,B076BW4ZRP,4.7571025
AGELXEQ7HQL4564TYOBFJSOPBAVA,B0BSGM6CQ9,4.7980695
AEU5LBIAENNFA2SQXVQLFAT7PQ3A,B005ZV5K0O,4.362762
AG3S4FROO422V5KP7DJCBXVUQLJQ,B00F3D9ZQE,4.8233457
AHOFX2QE5YBKLO6GRP5ATWGDH4NA,B0BFFTRRRG,4.1665845
AEU2O7FSZ6PPNCECOVQSC25OLJ3Q,B07175TMXS,4.5741735
AERJUD4NREPMW7VM26CSV32KJZJQ,B0BTC9YJ2W,4.621062
AF3NJDOTMG7BRKDLV6UM7GHFC7XQ,B076346CZ9,4.3022056
AEKE5PFGZXJF7WY3UCLPX76KDHLA,B00N5TGXOA,4.8902063
AENOIMGIPZ2LPSOS4YCUUR56C3TA,B082285YXD,4.3768044
AFATIZMBMCY47EOUEPCV3TCNLNZQ,B074RL7WQJ,4.8074665
AF2QKTYLPEWJZVZCVOFYQZA2R54Q,B005OZE9SA,4.7907324
AHOFWP4LITEBFBWVQDV25AZK6C3A,B0BSGM6CQ9,4.759643
AFMOXNCYTYVRTZKJGVX4X7NHOU7Q,B0BSC9T1BY,4.3410773
AG3HHGKGIZCIIQZ67ZGJ7SUBH22A,B0CCK4YYNM,4.2085667
AF3QU2YYPZLQSXRYSEGLWMXIOV6A,B072MLFW5B,4.2777534
AGRUH2FJR2BIFFEA77I6ILXY6P5Q,B01N6LKIO4,4.4971213
AEZI7MUZKOSYAQITXWI6GWJC53IQ,B00WBCBQF8,4.9786973
AEQDBGBIFHPMU6FFAZQ25U7BTGQA,B00346LJ2A,3.8681493
AFHQZEUUODBBUMOO3HTA5B6FKKVA,B0749R51B1,4.7051125
AE7BAST2UTRFTYAP7V4OONCCFQTQ,B07KYX3S8X,5.0
AE3SOV2D5KXSUM3BXEQO7HXO55SA,B0BK9TXQ7Y,4.8165703
AHLWBN3XMEJUKJQECDTG4PZYDI7Q,B07Y9P1CR9,5.0
AHAOKT34FB2OVB7UTCVRRPWDFIOQ,B08VF4K987,4.4889545
AFTQXMXNFZAGW2YWFCH3SPHYIIDQ,B000EENHJ8,4.182617
AGNLHFQGCYCHERL2WXDOFMHWIIZQ,B00JWVVHAK,4.495624
AGN7KMV3GSGCBANTJAKIHDQYEFJQ,B076H8RBPC,4.8989506
AHXNINWNEGPRI6RIHBQIDIWJCBSA,B0BPLFP5P6,4.2276897
AHKFANAOLSIEMTIM7ILBTUUDEFHA,B00DH4Q668,4.4528794
AFRHPTCG4SZVWT7QOV7G6TW3GXPA,B00RVE9X06,4.4619436
AFUZLLFBTEMFFNHEXPEMTWWFU65A,B00IY0BLB0,4.725503
AFF5DXDGZWYXZ6BDDLOPFFPLKKQA,B0107BCV1M,4.8885517
AEJWUXWEO2PPCM2UOVJNN24S4MIA,B09N3PBT9S,4.100207
AGQ5CAQDCCR7HN63DJNQBIYRGQEQ,B07ZCJJKRG,4.181908
AEMT6J7LNK3BZYPCMUHZQJ2IN5PQ,B01MRJUB7Z,4.362197
AED3UVQUX4DN4DOUQJQN3AR3QUDQ,B09VP6F1DV,4.584069
AE2XNFCTZXR5ATG2B62NBED5YVKQ,B0BJ8WDC13,4.947681
AHBUGHHFS3VT3ICT3XO35WJEDO5Q,B07MDT5WJX,4.794668
AG5JSCSMRBS6A2UL3CSWQVUFAAVQ,B000Q847M8,4.3475723
AE7CZRB46NV6QFMFBV2KO773ZMPA,B00CALHPGY,4.320986
AFFYR2A7MHOFGXKXOAS6NYCGEFSQ,B076322LP4,4.6660724
AEI6W3CJO4FEQT2UWAYWJBAGNJHQ,B01M5CXH65,4.6655335
AHAGDQE6VTTDDSDDIEOVJSSGH3LA,B0C6J1T616,4.3642955
AHRMYVXZC7MK5EBIO2XL3Q2GGEGA,B00OYUSHJS,4.0886383
AHCWJFAMVFJ52YERNU3A6QMYH7PA,B01LDTXWKQ,4.4971166
AHLQVPOCQKVXGIVMZTJLSTMCS63Q,B09857JRP2,5.0
AFGQ6RLFIIRFLQZKIUMJNFZABWPQ,B07PPDY2NS,3.5236626
AHYW5HKXV2VYBDQKXWXZAKXPVMRQ,B08R5GM6YB,4.220628
AG5WE3XGSKHUP326YESVMB52VDYQ,B088DT926Q,4.371153
AGAGQDT6HCJJCPQQNXYWPTXKJYDQ,B0C5CT47DX,4.3236265
AGXFEN4ZCEDWOKWWM62WHABQJTVA,B071DH8PW9,4.231971
AG477CZTN5DXXKI4PJQL33KQYQMQ,B06XJ19VWG,4.921215
AFCESPIEZZMNAOIUYWFTVRXDY4NA,B01DE4DEGK,4.802044
AFEYKY4PX6MMT64Q4L57K5VWZ6LA,B0088DXS14,4.2777195
AEUFCTMP25QBJ4AB2AN5LKHR53WA,B0BPJ4Q6FJ,4.7163606
AHPPNXBRVHYJ4U5ULMVS62PKMWWA,B08P4W7NFP,3.8454509
AHC7I2RQ6MAL3UUOMHTOVKQQX4GA,B00WJ3GS16,4.4604945
AGB3CWNAGKSYFS5HSMIEGF4MU3HA,B00OGMD0VE,4.643105
AHQQRRBAO2QYRA5LG5E7OJYAQE6A,B07K66L4VL,4.9518576
AF3NJDOTMG7BRKDLV6UM7GHFC7XQ,B0027V760M,3.6778605
AHJOGKL3G262UFCW5UVYX7TOJ26Q,B0C67HCGBR,4.813689
AGXCV25HDW4JXI5QQSJTIZUHPRHQ,B07NKRZ1KQ,4.6314335
AHSJ73XC3DMN6FGEHNJ6HI2L2WLQ,B0C9D7W4SM,4.2907753
AHCDQKCODVZFMU37AXNWP4ZO5DWA,B0B9XP5VFW,4.059389
AGDX76QOOHVAXJJMSBNSJHJV6LKQ,B00OGMD0VE,4.6861143
AHT2FXCCVPDKKIMQ6S7AVHQ4ZNSA,B0B7WSSX8T,3.344658
AFUA3AH4YS6GAL2QJCM6TLUMIPEQ,B0BM71QK8M,4.6627226
AE2OU3FDXOGNHVIXGRKRHY6YTMMQ,B015JTEBN8,4.6459327
AFVSFT434NS24FVRSL3E32JMPNAQ,B099NYHNRG,5.0
AEY2D6S47J7ZNE5B5WHDGOMTBDRA,B0BRSKMZVV,4.8978286
AE5VUD3ZALJSYNWAHP3AEWSFJQ3A,B01LVXY4GF,4.6798906
AGODDVRWGAQPWOIVFD4V76XIST3A,B0BCXRJCL2,3.8844078
AF67UFXPM24ELQQMDH7UVQLDRJVQ,B07YMGPV7P,4.5501723
AHTWAINQI4ZDZA7GPISHQGC6LH6Q,B00INK6PIU,4.7610765
AFLCWNNFONDAF7WYBT6BHG22ITRA,B09BF8XDF4,5.0
AHOPM2RGN6VXHKOR2NCYQ6EGTAYQ,B085HGYN4C,4.8613615
AEIPLIP6FHRY6D3IMF4MM4ANWLYQ,B002MWIVNM,4.9687276
AE4XDOLOLDHCE3JLFPIOCU2CDPVQ,B0B819R6CN,4.167906
AG6ATLCKETNYRKL6GCQV35CSSGPA,B06Y6BCX7B,4.2932487
AE2ML65H4XYB6KGEUWIPA6KQJXLQ,B000ARHGSC,4.498752
AEH7IOTDSZGSZLE74R7YMFXFZD6A,B0B3NJ1TDB,4.599477
AHYU5PQSGXDZ6V7F6UUG6LX5HJRA,B005H2007E,4.060721
AF3XBNK46KFV5SZF5WYV6Z4EFIWQ,B07S1SP7LY,4.318819
AFQY322LW2MXVICDXMZ4QFWAGP7Q,B0B291RR9J,4.4532213
AH5BGSPUSM5ZKUHBSEHRDPDSNLJQ,B004HR892I,5.0
AHSZYTQBIGNBWEXCZV4YMR3A5CCQ,B003XNTQWO,4.889511
AEO6OEASYX5JVYAWEGXFZ5UPBDIA,B08T9CCXZB,5.0
AEL275DNGFTFLIFSPTKDR6VJECUQ,B003Y5BVN8,3.9046469
AGGRZR7RQQXUDJIVEWFEBD2CNTVQ,B0BYXJ6JKZ,4.536215
AF7HJLFM2MIP6HPGUFFQFRPITXDQ,B01FS4JNVY,4.3819113
AFJC44PF7YHE6P47UU5LX2NDOEZA,B003B07LI0,4.644578
AEAFJUXBROINGNN4KCQGS3V2EMAA,B08HHVYGV5,4.169261
AEOWIXLCWGPLFJ5FAAIVMNJKZTSA,B0064RTSUQ,4.6774435
AG5CLB4M2P4GCGANQS4WS3JGHFOQ,B078KGLKH3,3.7644362
AHKFXYFQXGWQPZ22R34O6P6YSMBA,B07CYRYQ8G,4.6830993
AGTIWTOM2GUUFVUU3FBFTFZBI6HA,B07HKYZTX6,5.0
AGKFP6RGI2I45OUK4CHQ3YZO524Q,B09V91H5XM,4.4074364
AESOEDJVQQA5P7WROKE4ZLCMD7CQ,B09TPZN5JJ,4.3084836
AFAQBC3T4TZUBO2BZJFSGQX7ZT5Q,B0BXT6TL22,3.982552
AGNAP3VRTXIECI3MGMEMF3B6V4XQ,B0BZK3X11C,4.028852
AHXC7JEUXRETZUDFXR3SAD336P7A,B015IJIO5U,4.1184144
AHOKAI6XL4KDSK2EZRV6J2XDIXLA,B09857JRP2,5.0
AFQGRZFAOTLBDPYOLT462I732ICQ,B0B92LPGD2,4.724734
AHXRF6W7ESUNDFKBSQJSP6VJ2F2A,B09T7NX5K7,4.322083
AE3SKTQCCNKB4GYG5RUDUJCGXQCA,B079QHC29R,4.1195283
AFI35SPJJX54G2T3CW4CRH7D3WLA,B00CP3GQQW,4.1509986
AE2UV6XH56H44OZBF3FY3IBS37TA,B0B56MCNBL,4.7342796
AGTQQMW7HNFMXJILBOBFZAAA5D5A,B01LXTBO7B,4.684412
AEISZPMG4E633J4IM4ZGFLUVCGWA,B07FYL7LW1,4.8275094
AHGPT5QIALNVAPT4FQBEUBWKEHOQ,B003YJQX1O,4.1244674
AEJHSRQR2RW2BG4LUTTZMXBCOJWA,B07FYCR5H2,4.928966
AEMF56577VPVKT6SBZRQROSTEL7Q,B001V6BW4U,4.9146414
AGP4ZPYZGTJEYLYSKCQJBE5WYGSA,B0BJ3B8TXN,4.6338425
AHYQKMLIXHKFDHC7K2Y4JXM4YLOQ,B00M53H80K,4.503901
AGIS7IZ2KTZTD7RYTKZIYAKIR67Q,B01GGUTOFE,4.3538485
AHXOER5GYRVR4LHHXTDAPROJKQGQ,B01DN7OI40,4.201068
AGY4LSANTCTFGGXVHUO6BBDARX7A,B09WVFZPLS,5.0
AEGCEISD77PLJ5CDAXN5MLL4FPAQ,B075MCRFYZ,5.0
AFSA6YD3ACC3VQQJRNN27YN537NQ,B07CQS5DJV,4.230248
AEIJO7WWMCD7DE6YQAFIB2L2QGZA,B07DK59QNR,4.685728
AGCLDTIX6BEN6YTPL2ZNULFQDQCA,B003VYBNIU,4.337766
AHYKDZQIJSFNDBGMKREOKXQ3CNLA,B017VXNOK6,4.541289
AHVIEHUW2JKP35YI3YAMQNTQGJXA,B00BESRB8Q,4.3968835
AHBWDWVH5WANPTQ4GF2M5F46S3PA,B09RNG1MSF,5.0
AGBOSU3X2EFARU6PRHGZVYHLUKLQ,B09TPW5HSK,4.7146235
AEKP3YMONZP4GFRTLXJLTSEGXXFA,B0002H0BZU,4.625895
AGSWTRJPZ7AVS2C33JGND5BQ6SMQ,B072LXH1V4,4.1465855
AFPON4DBYQNDCNYOC2UM5LXFYJIQ,B0BNCDVD4M,3.9502134
AHGIW4KOZ7GCGETIM5WLEGYIYPVQ,B00YIKO4CI,4.326109
AHBGT6Y2NTDTMPCV4OGK4BJM7EYQ,B099NFZP4S,4.852289
AFZV75N7D6JB6GXICYEYS6NOHA3A,B01DN7O97G,4.7300577
AE6M7H4LZHW4SPTZIDFHYYDYPAEQ,B08BJ37FNS,4.758703
AHRVFOLGXQO3PSAAF7XTRWO4ZENQ,B0127V93D4,4.2589216
AGEDVIBZ4U3WNWUYK2VKGDJEWPNQ,B0C3LKRRFZ,4.53289
AEPIBDY5VZBDD46DVEAA5YDTJ6BQ,B00646MZHK,4.6851783
AGTD3IDTVYW5TDGYWPCUBDTAX76A,B004SX1BCG,4.5345488
AFDLRPTS3IT4XBACV2J2GFLWEHXQ,B0BLLKKFR8,4.7872953
AEEE6HXPTVNXEJAAL7GWHXTSU3EQ,B014F1UKI6,4.5152173
AE5VICOXJ6XHMLISRION3NBJ54OA,B0002H0SWQ,4.4153185
AEOWIXLCWGPLFJ5FAAIVMNJKZTSA,B09R2TMLJR,4.752506
AEIBJXOMYHYM2GHFZWFVH4OYSVWQ,B0BG95DG2H,4.9554744
AEAJFQMXRKKLUVQ3CKLPOMYPM7MA,B081H694YZ,4.5025287
AHWJXB2NGYU4QVDQGXXASEMTCRDA,B0002GYX5K,4.5620527
AEHBVSNQHWSBV5RXVHMGN3YOO4LA,B0B81D5BB4,4.7187104
AHI2TEVNDZXRO4VCOPF3RXRAU4ZA,B074K56PFT,4.4808407
AFHPDLXI5LH52OFLZSP4KUBTZ2UQ,B07G98F55T,4.455888
AFT7ZNJFMLEFNPUU4FI5MATSZCKQ,B00A2H01IW,3.9985802
AFPOTFD5RRB6MHZQ5P5UIVG7QTBA,B00RVE9X06,4.651465
AECUZZA7GWAAL7BMAEXNOTLRKVFQ,B09VP6F1DV,4.0747004
AG2LR6OTKY3TOO4CIH56E6JBYPWQ,B001L8NGJ2,4.477365
AGENKWPB5FFH3375MDFYOGJ73QMQ,B01M72N0A6,4.668014
AG2G5F3GABGI6CPVD4EL76ERFZNA,B07DWM2XSS,4.587658
AGJ7RLVCMTUBOVBIHLK2TXPNJL3A,B00SZT4TTQ,4.782238
AGTFVU24EZKHXUFYKLSRPB2ZUG6Q,B004UJWBL8,4.4450026
AGJWH7NGBBLGJBRDYD3SQ4STKN7A,B000WIPGG8,4.6868815
AGY53AAWLQK5O77H2YKXCURQHNTQ,B0BSGM6CQ9,4.5293026
AEO56G3OFK7ACPYFK57RQZPHC3MQ,B0C43X1YDH,3.8603387
AH2KNTQFU4DWMQIMTDLFSMRQHRYA,B0BNCDVD4M,3.978248
AHNCGYAQJFC2W5N33AOVBPCOP2WQ,B07CRK35NG,4.5285215
AFDI3YPNNR6IN2BJIJS7RCC64V2Q,B000EAKZJ2,4.225476
AEKFPM26FPOBYQO24ZSDMAW6TC7A,B0B6P55RBN,4.632239
AE2ZQZNGYDIR6KW2TTLMZUD7NSBA,B095XCZXNQ,4.430346
AFAOI3QN4UWTNNWNVQOE6QQAJKBA,B018FCZKR2,4.7612615
AHOUKQ3IRAEAMEHDB6U4AMB366NQ,B07R28FF44,4.097845
AG7PTH6BRNGOAKYFR2KUSMPVO73Q,B09857JRP2,4.877256
AF63VW7YLF42A6STVGBLACD7RUWA,B09R2XFGH4,4.1207337
AE2GJDEGL4G6J4VCIWD2WA6FONFA,B0002KZB5C,4.706714
AH6JESOL3IE2HXVN75ODIOHNWJYA,B0002E3830,4.358378
AHXOBRO2VTZ2WUA2CGIR3JXHZ7HA,B09MTHTMBB,4.938745
AEG5IJCEK4RXXLTMQDHBKXKZ4LCQ,B07R3S93K8,4.5230074
AGK5J33TK5YZJZNMTXRINKBZ6MTQ,B00N4ZHQ14,4.362257
AHNWTDM2BHT4KVCKGSQVEKXZJCBA,B0B9S8G4HD,4.6460853
AFMEX6I3YRYORJRHNM67XPKTSNRQ,B06XFYX3NH,3.978407
AFSSGMMR4TVPLP6XTNIAHQTRB2VA,B06W9NGW7Z,4.2409663
AGJRSSCJDOJTCM5JPFMFWP7DNHWQ,B0BPLFP5P6,4.0227757
AEZZEFAXH7SOS46D4THTU3IL3D3Q,B09JJQR4LF,4.6836863
AGOJMG7H4PTWB3PXU46ESY6FSTDA,B00F912X96,4.3489127
AFHDHVQNIJO4RTZSJDPJMVLM7RNA,B015XDJB9E,4.516708
AEZIWY5MGFWEIWELVGYQBFWPK4IA,B015CO3U14,4.3079643
AHFPGYQJW6ZOMWCS7PBJJZEZ6NVA,B07F1H422Y,4.6125197
AFBMVBSWVLA44QKWJPRXI4P46FFA,B003YKSKBE,4.432026
AFLCXIOIKSV4RSDYOBQMA5IFYVAA,B0C4FVS3L7,4.665208
AFBO4HWHVJPJUOVJXDVPHX5SOHBQ,0825603285,4.609115
AF5N5ERK4YHMLXBXFXPEI5ZRS5BA,B0002F79E8,4.423025
AGXWPCGLCV23BLX7CDUE2R3ZHKQA,B09VGM7F6Z,3.99968
AHYEUIJWZ2KNFA3G4OPBRTVO5TKA,B001FSZR4U,3.9423828
AGSNQ7JEBI4O2XKWGXEIDNFYMGUQ,B000V1K7FG,4.716729
AFLDO6CCUQ6JJHFAVR3GIFNXUKEQ,B0C1MHGKHN,4.3901205
AEYHALMBBXTLHMCBZTNNDW7A4PXA,B015WUVA5G,4.3494205
AFJW6DSMMDZF45UIFAT6VPYL74HA,B000NUXNWE,4.1938825
AETH35ROJEF7T2FERRHTTSSQY4OQ,B07MG78TDT,4.587783
AFKXLVV6Y223XWWFAGFRH7ZG5AVA,B09DR91XCS,4.772659
AH5MZVAOBU2PWPJ2G663BY5S2R5A,B0049SBVLG,4.1413255
AHQ3WFXQLPDHTV3BPXJH3COHLUHQ,B09TRX519R,4.8045907
AFND2J7ISWIQT2WGEBO6OQA422AQ,B01JJP7NII,4.1498265
AGBDQQNDS4TSYXHOB3WCWARDO5OQ,B01M8N618U,4.368988
AEWLK6HFFQ44AJIC4YHECUU7L4QA,B001CIZA8G,4.374321
AHU4TGHXLUATFJ2AYXXXCCCZOQ6Q,B0002D01K4,4.9271154
AGQGQNKQEUZLXVMAD37CUFLLGMMA,B08CMHD5HG,4.4991736
AETH5XE2ZFEB54ARJBP35D2CZLPA,B07Z63HSZ3,4.3127055
AFHURQAVXVFY6SNPFIJGQPGF76SA,B01EUTJ4IK,4.3217826
AF4JAA4MOJFTMLCC4754CWXJBUSQ,B013NDP2TY,4.5340576
AHNC3B46PPIQWP6XOAQPIRP6SLNQ,B06XNBTLHC,4.5022273
AHWAYCEX3NCWJD32JTFVBFXKUHOQ,B0B8Z5LTZ2,5.0
AGVZDCTSOOTVZRWGFFGHDFBGM4PA,B07D5W5X3Z,4.7582626
AFOLSP6IGSO6M7NB43OTQIH3BG7Q,B09NWCD36N,4.963791
AEWBPLYRC5TPLQ4ZASZFKZSVAJMQ,B07K2KX3P8,4.9812493
AGO4PWTACG5H4W63S3WT7CD7XDQA,B0C6MW897N,4.9469213
AF63XHUFXPDT7TIMND6IIJTDGZ2Q,B079GW2PNY,3.9442616
AEGKJTQWHGBIOTO34OB3GKIGCN7A,B0B1ZW83N8,4.587873
AFMK4SIFYYQISG2YVU2U2FOCQIVA,B09857JRP2,5.0
AFWH2ZHBRF7EKVOCO5QLDI6XWNXA,B07BLZX73S,4.2471685
AEWZE5LGZEF6Q6TJC2LJKOSKIWQQ,B09R72Y5G6,4.24259
AGYV6AFXZR5TFYH7B5FLJX3DPYNA,B08DJC4SYP,4.8173194
AH4HLCDFTQ3ZZVAR7SBVN3MCZESQ,B071KTZ35D,4.9116044
AEDCV22P7AK6YFEWB2UU6XD4OBAQ,B07FYL7LW1,4.635371
AH7W2JX47IXC5XFHOQQEV3IYJKSQ,B017NT392Q,4.5926976
AEVSFWRNQ32ALSVAVBSBT2C5RARA,B07QCMSZSN,4.167944
AFO6G74UZDWO4UYRBLXEAHR6EUKA,B073NZDH1J,4.534112
AGNEJAU2YSULDNEJHFJKZ3WLDIQA,B001T9O60Q,3.501273
AFOGHZMFR7M2CNXJLX3YK6UV22JQ,B003BGXW50,4.521459
AHKFVHWN2TKMOHOZH2VKUVOCMUSQ,B002P9LCYM,4.517135
AF6B2MHYX44NXIJKLOQHXTUE54EA,B07KFNST7G,4.6065726
AFGSTWVYRRQY7XSNKMVPLEAX4UEA,B01JJQA4M4,4.0094814
AF5PM3LODZ3TCXBESCMRC33V26SA,B00C5QMVI6,4.7814784
AEB5NDWYIGALIJTOMT6ZSYN6AJDA,B007CRBQPW,3.8402624
AHZNM2IO247WOE2HB6HFHNCK46IQ,B09SNBQCM8,4.3370013
AED6Y66JGGJEBPEBHU637IJMNAOQ,B06X9VC2VP,4.5157003
AHMJHVELMSTY3G3EGBGAIBACNORA,B00WJ3K3QW,4.114775
AFRCFSZ5JBGD4BKHAEJB64QGGLHA,B014U5O8NA,4.408245
AHNSPXAYSM6UVQ22WMIUMSJUCVDA,B0B41JFP9C,4.435525
AG5RBEM2ZWF4A6QLBNCGV7FJKWNQ,B01IP4ENCS,3.851844
AHKV3LJQFB3P6EX6VYJBCKB2CLRQ,B00Q0OWR9M,4.4302077
AHCZPXH25LJYENL4VJGYRB4AKGOA,B00IZA1GI2,4.9142113
AGU422YBQTIXMFR3WYLVUXUXCXHA,B00HY657E2,3.5133972
AHODQCCIMHNRFD2VGSHLFOBRN5HQ,B097Q9W8MW,4.3498845
AFGDOWXYBXW46W56NEVSOPWFKLWA,B08M3Z4WD6,4.0097375
AER3THLOZ7KZ6X6L3ACFZTTHDTCA,B0BCXL2V52,4.4235005
AFMCJFEPXSDR6CBD6JAFUNDNIPUQ,B07GDTH9RF,4.092664
AGD3XHJMPIXR572HP2NKUKPBAZFQ,B0716DK86D,4.144354
AFLYGYD5JBG32JDSBOQIGJTBL3OQ,B00T0S0SPU,3.9173055
AHX5YR6R6MXIMS557XKXSE5WHUIA,B071HN5TQ5,4.805507
AFFG2JPG26ZBNF7GPDSPPBVBXOIA,B0BS1QYSFS,4.0868387
AFO6T767OXV24YU65XUACO4O6DJQ,B097FMTZCP,4.309384
AEDJWFGRV2TQQ4MBPEW2HWXBIJQQ,B00E3X5USC,4.491591
AGTCUHA2OI32ONK5LE4CFG6JZFUQ,B079QDMQHF,4.961812
AEZNCOTOACFQXLFM4MXKSQW6SFKQ,B0B9XPLGMD,4.676161
AGBCLRMS7OW3N3T44GO6W6M6RNBA,B0002F71RI,4.3091125
AHICPR4QVQ5FMDFSESYDMTT3BDZQ,B0BKZ22NHL,4.395871
AEVGXRRI7C6LGQI54Z73I6CNORZQ,B0BW43P2H7,4.1172132
AFYWMY47CRZXSP4PJYTOQX5BCEDA,B07KG3SDZK,4.8419423
AFQL4A6YCBYDIPUPWTIH6VRIJ4IQ,B015WD6FIK,4.0850334
AFVSSJ5QSQBZBTAVR5XHF6UQQVBA,B07ND4BBX3,3.9188716
AFR53WLNPUC3EQFBXCGL2NU3YEWQ,B0149GFCX0,5.0
AG2WY45W3ZZ7FJHO36GRV2VSO6DQ,B0BTC9YJ2W,4.935617
AE3CYBE7XGSBDNQPILWXQ253LHXQ,B0B8F6LD9F,5.0
AG5PP3I6IT3W633ME2FGKGG3SDAA,B0BJ8WDC13,4.273235
AGM3CUPVBROSWBFPGWSNUXHLPL4Q,B088DD5M4V,4.866306
AEQT2EJM64SZEGP7E36GKCAYZQOA,B01DN7OLJC,5.0
AFLHFZVJG5BOHMDGWC3SS32O3YDA,B01DK40R3M,4.538246
AEQC4GLQROXYW36PX5IVD4AQKMRA,B095XZJ99J,4.7140207
AFUGYX2OIIUMI5C5DMYZHUYO2XVQ,B0749K3CB5,4.6161356
AENNSMZVV5RYNFMIVY757EXBYLQA,B07SJ1Q4GP,4.613452
AF2RWUHNSVTHNBRI2UEE7PBQXJMQ,B00SVRLQSE,4.3459167
AG3FOC23LZJXWOVFAADAFZWSX73Q,B014W0L7ZU,4.7506046
AF7LX5UI7Y7KKCAW7UKW3JUZKTEQ,B072PWKPLW,4.4929104
AHLTZFMLFGCDEDDGBNX6YPMQIMPQ,B072MLFW5B,4.4714284
AFBS7KQ5Q7H3GFT3GA6OQA6EJUEQ,B07RBZHDT7,4.8044376
AGAPBHWCP4ZRSGTPHPWJCCRXYTOQ,B0871YN75N,4.6146464
AE3YJLLDWOWFD5RY3HVYZCZKUMIA,B01NANTPE9,4.205495
AES2EMOE2IMYPHWUU2EBRMLF5V7Q,B0007U9SOC,4.472033
AHWQWO3TDGHGSTCGTU77TE5AITKQ,B074CM9YNY,4.4711704
AHMYVVPBU7WI6SP5MNABEHF3LEKQ,B0BLLKKFR8,4.399596
AE4SCUJHWKFLMXTAJNZ266VZTS2A,B07BSZNKTM,4.1634793
AGU6IQXE2QIAP2HSVICFNCYV6VDQ,B096K2LZKH,4.5401616
AEAZAEUOYT2WUSTFLXI5Q7R2CSFA,B08LVRB74Q,3.9566677
AFFRCOTU354SFF2TWTMJSVJ3T5HA,B0794JD1DJ,4.010974
AGF4HJUL2X2KSJ3DBYZVSBYSNXUQ,B00F0GQ6TS,3.8936872
AGYUWXZSOKQS2IEGKKTXD7EEBRDQ,B07N3146QF,4.591122
AHLERLIKFEZ7VZPC6SVYMVSRPRYA,B0BKQ2VGP1,4.731072
AHN535MBJTI4BGLTUORFR3TLABLA,B015WUVA5G,4.2044773
AE5XWGBISMIFLQR5SQHX5GR22HRA,B06X3XT47P,4.6190352
AHHNKFG33VHQKC2DMXQOXDUFJXVA,B08QTSGNNQ,3.5808482
AEMOYADP2JOCWPFFSQD5XOHPNCCQ,B073C9Z8HV,4.6451645
AE72UOL7UVRMIPJRHY6A4FSQKJVA,B0158GWWJ2,4.4985514
AEGFQ5OD5RN4XKYGLAWEDH6JLQXQ,B07RYBJN7K,4.4364157
AFDTO24ABREOG7VZHGM5MUINEONQ,B07FM97YFY,4.5857387
AG6HQSBJPDWOKGKM6F5V2NAZ273A,B08BW2TBD7,3.9981647
AEYGHK2XKWN6SJ3ZDSSP4CSKDZIA,B08HHVYGV5,4.2560077
AET456SV5KEEOBGGHEAHTRNEG52Q,B096FZ5TKG,4.818376
AF5C2VN2T3YFMG37IF6UNYL32GCA,B001OICJCE,4.1987424
AFM2K5Z6FN65NXDAT3G7ZLFW33SA,B01N5QJ0LE,4.082739
AEVDN7DRDHN53ZPMTZPRZKGNGMMQ,B0057IVKT0,4.5653043
AEASD7QIONBITO7SNEDXKJEEACEQ,B07HF4ZCGS,4.5932517
AEMOKFRDML3SWYB7DCLK6ZW7544A,B003D3OCD2,4.182794
AFSHT66OVN4NTDOFPDUZEVBLBJDA,B09SH9C3S1,4.112848
AE4N5XPX57OH6MC5A6I7YMQ2WCFA,B00X7DDGBW,4.927564
AEW2LO2YEEIWZ2V7CPL7Q6JBM4HQ,B014F1UKI6,4.320783
AFOBI6TL5KJZ4PXECZXGF23V6JPA,B00X7DCM4Y,4.3073263
AH5PPNPBIL5VFASDP5QMDCUNXRPA,B07N5NMWXK,4.787421
AESCPQD5RHHP65UTHAGCQDE7BUAQ,B0BT2XJDBM,4.5225816
AEOK4T53CV2V3HI4NFDOAOCRH3EQ,B096X4XB5N,4.739677
AE62AMAAHZN3XHVPSHWXPWHVPYIA,B0BHSG5C3G,4.9710584
AEOGRG7N4WAUYTPHEZ4QMHNZJ3MQ,B07MDPF4SZ,4.663724
AFSTKZ46JMFZCWEDBL76K6B5OLKQ,B0BQ4WFDFS,4.438417
AHINDSRNO2KD7WSUIYLNE6FJ42QQ,B0107BCV1M,4.8683796
AHOEAFR76BBEHYKBUJOARRUUZXUQ,B00FI2PE1U,4.2892313
AEURYFHY5UKJWCTOYPJD3D2XLJLQ,B00BYI3UMC,4.8118806
AFBU2OKYDAWEKQZSGU4KWUMXUTOQ,B0C67HCGBR,4.931934
AG23AW56WZ7KPYYAS4A3YUDTYWCQ,B00JL5IECG,4.4841275
AFXVBB7QDI45CCQ36S3NDGP5JXZQ,B07JNKY9T8,4.374398
AHWSQSOLW3R4BI2CGU76ZR37CJ4A,B0942NY5J9,4.680466
AGWLUHYZ2M4P4NPMOJCJGKL4UXEQ,B00NPAMDQ6,4.7947726
AHMO7X3QGRNEGQ7CKZQ5ABAEERMQ,B07S9X47LT,4.752755
AGNOV6KYFMFE746R43PI27PCMTBQ,B07CQS5BMH,4.8571706
AETHP2JY3WDR3UG7KPK56LIWJQVA,B01DXVB4RU,4.7383595
AEMR3TT6O5MSIMI56SR33RIWQQBA,B0BDQVNX4K,5.0
AGYVINGW4VBWAX5UHWUCW6AEJSWQ,B0046VXQQE,4.7486296
AE4YC2QFG5TC3AE4FH52VWIKLBZQ,B00FSSU41Y,5.0
AEQQZFX3NNGWSP26RJ5KPECI45KA,B01N1UI8V7,3.9698687
AE4LK4DLHJSEYO2HJ6NONKZUGOKA,B00TWHTFSU,5.0
AHNLPXSGHTX3G72AKOF4CXARGDPQ,B000UV8I7Q,3.8310246
AE6E6YBBMXS5CQLQ3ML5DQJPNWJA,B0C61GDMJL,5.0
AGXFCJEB7DMPI4TWBCCG5SRU4NHQ,B0002CZYHK,4.5707026
AEPLYYM44R77PXEBCICPCGEKCO3Q,B00646MZHK,4.924508
AGTNSOHIGESRMHSBEE7OZHP5X2LA,B01JB0SPEC,4.8648624
AEOBPIPUOOQUGQEXNMBWZYEC2XIA,B00H05ZVZ2,4.4277534
AEVZHIZGHRVIPJBVV67RVR7GGYZQ,B0BTC9YJ2W,4.8313046
AELA7SBKIKMMMFOSMPOM55GE7GEA,B01HCHDOTM,4.925954
AEBF2QAX2TLFF4T5ZKMXAIRKVSEQ,B09SNBQCM8,4.5388594
AHWRNYOWY4IRKGIMFKZGO55XSKQQ,B075RB1KN7,4.4709864
AHMOULZUCO4KAUY65VQ6JXCHBNSQ,B09R6KV6QX,4.468843
AHHHSIYHURY6KKWGLTMN7Q3JSBPA,B078Q678C9,4.292121
AFKVKVRQRTZLQ4B2MBRH6IEAZK4Q,B0B1DPY481,4.2258363
AHTYMUVELACPSPGNXH2TH4WEQWVQ,B015JTEBN8,4.909247
AHP5XNYCMUTWMYVSJVAKWF663ZFA,B01E6T56EA,4.118432
AGF2BWWRJBXNSO6N3YHTFFCWCL7A,B01MYTO85F,4.187793
AF736W3YRCLMP6KMKVZV5HN2KC6Q,B017P7Z2QC,4.0979753
AE52EI65PJ5YA3CQ6HEFTQSRK7AA,B00WJ3HL5I,4.0739746
AEIGSLLO5UNOBNT353NGRYGORJLQ,B06Y2W66F5,4.4080086
AHROMV7LJFWNQYS3U7N2ULAMO5MQ,B000J5UEGQ,3.893463
AHQMOFC4UGTF2S5NS73PPOG2T2YA,B08RXRQFRJ,4.236957
AFKZTCN4BNEKHAJQARBTQ4RZVETQ,B0BTC9YJ2W,4.415729
AE67KRP7JRFPJCOOMV2YPN7KIABA,B01MROS266,4.737855
AGSJH7NWOOEERC2GJAWK2MM7HZUA,B007T8CUNG,4.1617603
AG5F4B4NU6DRMAKP743BDE5S3T5Q,B0BT9R8MMV,4.4687114
AHUWTBLGZWOIE4OYFO56IOXKJMOQ,B00OGZVTZA,4.609057
AGT4KD3LUBVFSDI4WG2W2YW5GMNQ,B0002F6W1Y,4.0556374
AFJC44PF7YHE6P47UU5LX2NDOEZA,B00WJ3HL5I,4.308873
AGUNY4JT3NXKCFYWAZ7O6SF22MPQ,B0BXT2WN33,4.710703
AHRFTXV4YF7A7C3V2I7JNZIJ4OBQ,B01N5QJ0LE,4.835988
AFVDSO7FDJY6PZTIVD4GQC4BI5JQ,B0C15FYC5V,3.7243462
AEX76EATB2LATCHN6WDMPBHRJHWA,B08C7QF9DT,4.199567
AG3OCQFEBTOET7ZBF5LVSBKLDA6A,B073RTT48C,4.893444
AHQOMLZZJAA7TWN4XUHON6RIRC4A,B00SKI0HSO,4.920723
AF3TDYWL7K5SP5QCBPPUDK5U3N3Q,B07BC4KMQK,4.0655956
AFTTSALKKCUNXGMGV2LGQUP5SXYA,B008AWPI1Q,4.6105824
AGOI33LLDPZDPGEEZ7YYC3YHZXJQ,B00IPGXZMG,4.3766394
AFEOZ2IHJAKVNIAWLKJRFLTPNCQA,B09PRKZ6FN,4.2247148
AGMNTBFYYGI66QEZJ4KX5ZMHSRXA,B0002F519I,4.495688
AEHEOPLYLFLYGKX7YR42SGHAVTVA,B07T4TKLW2,4.1104064
AFKGRP4MXTNT4YFHIWX67RNARIJA,B09NNCSVQW,4.1191626
AH6LZMLMHAU5AHGSA7G7E5VEIUNA,B01K1EJQ9U,4.7386436
AHQXZXO3N2WPKJCIUWXLBD4HU66A,B07T3GZVMD,4.1097383
AGUBDGORAUUMXUWCP636WEUVYSFA,B077Y6MY66,4.1953397
AFUI2YSEV5HZ2PTVF5UF6OO3L5GQ,B07BZ2FZ8V,4.3596215
AE6LEIMRX3UITDDKY2HLBITPFXCA,B004XNK7AI,4.8290744
AGYBMTZDIVSRQ3KD43OAYPHJY6SQ,B00WE6INNY,4.48924
AHFLBU62G7X62WE6T7C2HHK2G2IA,B0B755Y6DB,4.3993826
AETXBM35I6ZQSJIRG5WNJOQURSWQ,B01LYJMHXV,3.9693627
AGYK2YYS35CDU2Z77ZQR7L3IAX4Q,B07KRZ1HH8,3.9961708
AGC4PLLCQH7KL42INYQDANWLJDCQ,B09YYB7MNN,4.9470744
AHG3AYMNGTARJCPKJWXYHRD4LNYA,B072226Z5Q,4.1326056
AFZYOSEV23R7RSHV7GX2WORLJSMQ,B0BSGM6CQ9,4.8752236
AF7LDTPGNFMGMP3YLBCCBQG3PVIA,B0040FJ27S,4.454369
AGYZBADUFDGUWJZ2SHEZAU5LVPNQ,B017MHXV3G,4.4208274
AG7LQUQVFTQT4Z7O7R4ZW3QHDTEQ,B005M0CK9M,4.2145557
AFY6S76BX5UYVS3ADFKJOWISF33A,B00TQZN1LU,5.0
AHWUG5BIUQWHO6KPODY2QJFFQYWQ,B0BLZD2X18,4.7197957
AHF4JEWQEROLVQZJJHSI67KKWTFA,B006XXT8EW,3.6693764
AFKVQRYREQIOY53LVNLH2MMIMQSA,B07BZX9BCS,4.602736
AFJBPPUHABKT3NK4CCTZGI22UDVQ,B07NDLJJSM,4.7849894
AEFGZF5QAI7IQGZBFPBES2TPTRLA,B07N83Z3W7,4.3723536
AGMKC4KFENDHDKVSQ63X6Z6T26NQ,B004XNK7AI,4.4036417
AFWET6TGZFBZOJUGGD6MVRCS7ZKQ,B0C5CTX5LZ,4.3795376
AHJ3SHJX5Z5T2KPEAHQSFDQB5KIA,B07711ZF5C,4.462371
AFYXC6LKP472MEO5OS2ICSPIUNOA,B0C13HVDVZ,4.35717
AHO3TW34BLH3DMMGC76PPSBHLCNA,B007ZXWQ8E,4.228737
AEP2JJUCKG6NBVBQHCL3NVQ56WGA,B0BPKH7FJ2,4.545597
AERBARCVGO4LQ7S3GH4V54N7RLWA,B07F7NXL8V,3.9599783
AG6ATLCKETNYRKL6GCQV35CSSGPA,B0185B3CC8,4.4748855
AEHIXSVSO4RBFXKO6MHNNBRQGQ3A,B00IFOTSJW,4.677581
AHZ6MKX4PCYOZVXLCONRCQSJ44BA,B07FYYS5ZP,4.8738985
AEWMLY6PKKJ4CSTYPEKASWTFQKNQ,B006UOSUDE,4.5847964
AH3GNKLWTDPCG42PLQ2SRYMK3KEA,B01E6T50GY,4.222268
AFP72GJTYILTZLC6PNWWFK5GSUZA,B0179A4ILK,4.64347
AH3GZCPR5LYWRN2IOMZUU3RGWRJA,B09KR857F4,4.0040703
AEXDYLC23FPJTOSHWXNWSKQXNNWA,B0BKZ7M5VG,4.8968587
AHWGBAKH7QDCPMELIEXWWO7NBK7A,B0791FNPTK,4.3966002
AELHFSFNZGMUKRQ6Q2MYN367HZUA,B074WXM13T,5.0
AH62HWTT7MJCJM7V2B5LS2VTQBRQ,B01DN7OLJC,4.243416
AF6R3LIPXBFWYQ4LORVCRLABXEYQ,B09BF8XDF4,4.4370165
AE7QA3XEZT6PIARLAAMXT7CQ2ZPA,B0C4S58NLX,4.8152294
AGTZNQAFNN3NQROPNHH7667W6FIQ,B0CCK4YYNM,4.397001
AHSX5YF55LYO3M2ODEKTHCHGYQ4A,B072FDH5X7,4.3028083
AE6J5SM42A2IFBSSJYIJUPAQKZPA,B00IFOTSJW,4.805974
AGER7EQMAWQFG62IC6MVLVZ4DRXA,B07H87XJ19,4.169269
AHLCZHLUH342KHICKOLCIHQ5CY3Q,B005FIFM14,4.7248783
AGB5Y66IQLZTKJIL5F4OSVP3QB2Q,B0BYXVCSGG,4.0828843
AEC6HKN4R2TU4G3ZZX726K7CKV3A,B0BX8VJYMD,4.078183
AHBTL2SUNMBXHTYOVE6KMIKWX4RQ,B09P3ZVLV8,4.0185905
AHYQKMLIXHKFDHC7K2Y4JXM4YLOQ,B0C5CTX5LZ,4.1867285
AERXAGU6PAY74OIAVZQKU5ONB3NA,B074KPCGYL,4.1853576
AH4RCREW6GITBHUORQSYDFJ2LATQ,B09857JRP2,5.0
AFFIQP6E3XTFNIZZL7VXRBSPMUCA,B095F3NRQW,4.330768
AGOTIZH7DO5TBSSAKDOMYQKDMDSA,B0C59PH5R1,5.0
AGM6UGKARSLRPCQME3Q2VEQ7IP7Q,B01LEZVYZO,4.097048
AF6NGFPCRFC2H2DNAUQGLTSNSDMQ,B081YCXDFF,3.8934066
AG5IDHF3GQJ66NX4SUVVMD6AJCWQ,B0BKZ6JR1L,4.379858
AEBC453QY3X2W74ZLA4Y2GXS7F3Q,B00N19LGZ0,4.6236606
AGMF7KUX766SMMOL5OBOMUR3LHYA,B00N5TH2H2,4.394999
AECCI3ZAQSDKRBTIG2BWZSCHYY6Q,B008L3SXE8,4.2054543
AETT5NPJAVOQMSCUYMTAVCYIXEFQ,B0002D0KG4,4.5070095
AEFVKIUKD6UM4GULEUGTGMFHATKA,B00B0AQHVA,4.9521403
AF4WQYIS54RCMKCU4W4OTSHUM3YA,B09XHQF17H,4.4673095
AGMTCMP27WCMMXZ3R3FJ5F4KDABA,B01N5KND14,4.355064
AEIGNQD2PURKBD57LI4CYPUF2SNA,B005GJIV2Y,5.0
AHLPCSTKZELWVAFPEYEPO4DEO7JA,B0BLM3QHRL,5.0
AHSXBC5P55TQZXDNPWOVXQWCCWDQ,B0C1MHGKHN,3.8823445
AHEA7BJ6ZQXRD2TT6IZA5D7IRONA,B001LTZZSG,4.6335125
AF43J3HR4DGZRQBRCLPAOCPMRVOA,B01LYJMH9P,4.652464
AEOG5GP4YYOR6T7H4DTLTH5VXEVA,B09M7P8SBH,4.9249125
AGNK3RRZXRG4YBKIVOD4ACN2LEVQ,B001RNOHHG,3.9880028
AF2WG7KCZB65GI6JZQ7ZKZNODHZA,B06Y17CPDF,4.5248094
AG7FHTSKKWZB234EAOMCSKNZU3OQ,B00B6WZGHS,4.419628
AGDD5QGNAAFBEIVL7YFCCK7K66PQ,B015M92GZ0,4.0080423
AGOZQASAETUICMSSSZFV2JETPRHQ,B075CSHLYH,4.0228662
AF2GPIP26H7E5EHDWC6P7RKZ3OUQ,B0BGQZNQ53,3.9137127
AGW4GB2VIHMPVRKK35QXA5PY5O7A,B0161CIA4S,4.3242064
AE23WLBRYKEC67DM43M6E2MF7GPQ,B06X9YBVXS,4.282538
AEHRLD5AHMB24TKVH2GPF3J4DITQ,B00T3SR9ZO,4.4400067
AEAKXE5BOXEQ7TWLHV7FSN7RBMYA,B08Y6PVK2L,4.477655
AGRYDY7V7RLYLKDBPMIOCLIZB35Q,B000EEHKVY,4.335502
AEXXLUPKAUXOW3H2CAYAJ2HUTZ7A,B016X2ELIU,4.644892
AFTSLSIU54LZW6QUBJSGCT3XIO6Q,B07GFH8NTB,4.96335
AGEIEJ2JRX24OMQOGY6MNJBWUL7Q,B0002KYXTM,4.2125807
AFDJSTTQE46AM53MEJHPPHLLXV5A,B095T7S12G,4.5669966
AFYOJ4GGMPJF6RQZR5SIO6VHVU7Q,B072JVYTHS,4.2623663
AGGV2GVENYI34JRAGOSUUEFNDXUA,B004XNK7AI,4.894486
AF6L5ZQD3WBL2P7ZN5VAFMABWMHQ,B07MG59N55,4.2481995
AECIT3NMW6RKABFS6YOCYX4YUYOQ,B08CGCWGH8,4.1993546
AHIGZMUGQ4GXV6NJYZZI6H6D2XIQ,B0BT2ZRCY2,4.275615
AHTYFGUR2T4BVOCZL4AKNRAPS3AA,B00WJ3HL5I,4.661
AHJBRDZIS3BYBISIRTW4ONRLNJMA,B06WRTGSFR,4.1836524
AGMYRILPTJDOK7WL5OYHYGRYVXMQ,B08T9CCXZB,5.0
AFUI2YSEV5HZ2PTVF5UF6OO3L5GQ,B004J0A264,4.2620883
AFCIKDOY5R5VUPEJWABYXT2G4OQA,B00XH2Q9TO,4.6541877
AHSHUIZHSPWYY3OD3PI56MSBKZ4Q,B0BLLKKFR8,3.9531329
AFKDAELWZIYXQVIHJ26ZQNZ3YYFA,B0C61YVW2S,4.347313
AFEZOYIBJEQRPPIKLS4GYEZMPPQQ,B00LTDOL02,4.9280934
AHUXXNY2JWBI6E5TXSK6TABTFZFA,B07CPW22H8,3.4815836
AGMFWVTOPGGJ372CLWZJZSAIVTGQ,B075MPFFRV,4.66304
AFJLRQ5GNY7J4FOI2ERRIF44XUOA,B07DV6NLYF,4.8266807
AHQGNOWJSKABAXNAK4KZ7SMBP46A,B09S2Y4MMC,4.600756
AGXTFGO7KXIW257RRFLSA3C5VRWA,B0BKZ1KXLM,4.8454776
AFHDRQARWLYK6JXI3MX2A7YS3L4Q,B0002ZO3LU,4.4755416
AHI65GFGKZCOZW6XX2TNNADXA7AA,B07G7HLSS1,4.256142
AFO3EVBFEP7ZQG3IE7BLT7W2F5KQ,B09WCL5QKV,4.84752
AFUSXKAOKI3SI37XQSR7DQO74YOQ,B0BT352YQ8,4.272081
AFZFAXZHDVNKI5DUH6FB5V7JKFAQ,B0C5Y549L5,3.6403968
AGKK2ESNN5YDPLEM723AYXM6Q57A,B0002E4YI8,3.7394595
AEGBZMCFJFBATEIPDQX6NDYX4NHA,B094DR9724,4.69344
AHHPKZ3F4WPTUYZQYYAGB6UQNT4A,B0B3VF84DL,3.9900277
AFWH3K72CR65SENLSGJWEILW4SNQ,B0BRG6ZYZ2,4.7858415
AGYCKFZ3PHB54FOHEMGBMGVTQBHQ,B01I4AXG7G,3.945563
AHZT6MVWNF4GG6FISMZMORKZKK4A,B0BKZ3GCGR,4.5522456
AFYHXURBG65PEOSGHZD4CIDEJ2TA,B0002VB8AS,4.0235777
AHFDBUGMPA2ETFINXOYIVAZPNZAQ,B008TNAGQS,4.3298616
AGKTBKXWB7TSHCSCALSFSEL36QNQ,B09XDY3TYN,4.4474883
AGQT6IN635UD4LQ5THQHXV56P6YQ,B00WJ3HL5I,4.2349443
AGNIGDHWK5VNATR76JI7CHODDUJA,B077MJTG4K,4.0832763
AHRB2TPKEBMBZ2XUTEYE66MGFZXQ,B00B5LEAFE,4.442703
AHXPMQ7YOOHFIKJKAKBCJ2AF7UDA,B0B4SGJRHR,4.4776344
AEMN357KYMFZXPEZGYRKMS5CUWVQ,B01E6T50LY,4.195057
AHJ3CX5T437SPYIUYQQVCE2HSXNQ,B07N83Z3W7,4.617177
AFSIVX5M2AC4KQ3EK772WFNNJPGA,B00H35YIJE,4.778614
AGZEDKJEUXQ3KK5D462HQZYTQWXA,B0097WDJZA,4.423254
AERE4WE4ZXZUK2TWOR33P6XWHPHQ,B08JMQR2JK,4.725912
AGWJ2NEW7EMYKLBTPLN4KIKAHOKA,B07DWLYGKH,4.6541095
AGGLE6KYMOVTLW2O26COKPUEEAVA,B00T3FTEMS,4.9332323
AGQOPNQ67XVWKJFVCYJGZHI5P4XQ,B06Y2W66F5,4.549542
AH35SZXQWWGHRFNOK2G6GMP4XHHQ,B07GS5R4TX,3.8777905
AGE5EPC7QA2NEDRFC7OJNTPQWBJA,B000AS7QJU,4.690555
AFPTPTM5OKLYHOCNKILC6GC2RWOQ,B01LE49PTC,4.5160313
AF2NDCB5HLWYEC76MB4ZKFJGRLTA,B00G69FBQM,4.5631394
AFSWIMPWON5PRF345TI6JUMWBA2A,B06XH7487S,4.5520253
AHL67QIBKSTRQMFTJPJK3RJ4KJFQ,B07KYX3S8X,3.957163
AGKK2ESNN5YDPLEM723AYXM6Q57A,B00101WA4C,4.0075207
AH7I57UVCR75DY4O5MDVVGWT2CJQ,B0B59DLBMD,5.0
AECKX5ZDW6FW4MBP3QKTPWTWUROQ,B0BSGM6CQ9,5.0
AF7FS6PDNV5QOJHBCL4NKVSGVPUA,B012VQ5A7S,3.9532933
AF3FYICX6MT2J3E7RBI6WGC2DSVA,B01KJOJQ06,4.114066
AHZ6MKX4PCYOZVXLCONRCQSJ44BA,B0BWXY17MT,4.6250677
AF2SLE2H5QRPH3UO4BTO62YCLM2Q,B015X3CXXA,3.971548
AG4GSXL3NEJPMZOVMFYGZNVURM7Q,B0C5PRQ9K6,5.0
AHCLGZ3I4XLXRTK7FSSJFBEVTABQ,B015JTEBN8,4.3465195
AF2YGYDJAH7YDQOPEBYWWKV333UA,B0BSCDNQT1,4.7280903
AFEU72LBPQ6KPZM6WG23YI5DURKA,B07NDC53ZK,4.9447947
AHG5I3CA5TI43765KB43YLFPEQXA,B08VJC3GCM,4.3363996
AG4GB3YM2T6XH7JS7JD5D5S6S54Q,B07DRMB6X1,4.8288603
AHRSXDWMMGBPIAF7FLEPJHM2VBEQ,B0925WNSYJ,4.7217526
AEL7BTGBCNEOZY5WN6HLCQWCBL7Q,B09M7F7LFB,4.528798
AGOYA73U7NSVWD33OLBWZSHDLSZA,B09PGXB1BH,4.4616356
AFQ3MI5EMRY3KXDLZX3QHEQVGQOQ,B07VWSB34H,3.936438
AEENGB3F5NPUGBBQUPOTSHZ4JUTQ,B00I3TP9JM,4.510031
AH32F32TJIOZKQ5YVMXQEMTKHGOQ,B00EB11OHC,4.6413283
AE72CWXP2K7ZZH4LNBRX4PDGZIWQ,B0002E50MC,4.3843646
AFVABWMVYYXSI4RBOE3GFITNRV5A,B096FZXRM4,4.4799104
AFH6FKTW5XD2TJFJESFEPFDS56SQ,B078Q678C9,4.245784
AFSWCMYXW7NHM4IHL7K2VNCPX22A,B09S2VB3KW,4.7611895
AH5D4W76WTWVES3BKJKJPOHLBJ2Q,B0B2TND26L,4.5815153
AELVQZD526TCYZLFPERIGGHNQQBQ,B00EQ2558U,4.7864437
AHSRMNZAUSJKKHQM2Y5SFLXPXYEQ,B0C4GJM9J4,4.0248094
AFGOG2ZIDC2JXUVEXWN2YMVSJSXQ,B01N5PRRY8,4.4237933
AG2BNWGHZ7E53YD7US73TKEQY7ZQ,B077Z635YX,4.219341
AEPJL2A5CE2ST2ZBZXZFCBIGLSVA,B0C4CJND96,4.340159
AE7GVDNRY5NABEP253Y3GMDUZOZA,B07NDJ1HSG,4.3333187
AED7W27UDLS3CUTBNPNLTBZGOD5Q,B0BKR9BCVK,4.6803317
AFIEY7TA5YNMOWUPNTGRX2SF4OPQ,B0BWTPR1W9,4.672609
AFVKWBQQ6VUMTZKTVXN4Z237ZMOA,B093YLLJX9,4.409599
AEM7J236BRUHMVBVSAQJQNFRBWIQ,B0771PMLFX,4.789077
AGV25JJ522CLBJIOGMAWNW4KYQKA,B0009EQMZE,4.6578794
AGVGP2XURE6A54ZUEBLRMFGHA2TA,B00UJHFD2Y,4.3475566
AEGLGY2SSXUNZ3HCG7XPISN7F2GQ,B00T3G1164,4.7948813
AGBQ3TX4QYWQQOW2DBADLGOJHQGA,B0BCK6L7S5,4.3525963
AESZ4KE372S7N2KIGYZXTBV37RAQ,B0BBNCY2VC,4.481379
AH73DRVHIQJSPYS6XZVVIB7RXURA,B0C67HCGBR,4.5334344
AEYEK5LKDSFIWV36C3Z2LT4CB5EA,B016QUXTZU,4.2541156
AGR5I4KTN3NSHVPV7IA6GOVM3FTQ,B00USQY0CK,4.3766084
AELSB7HQSUYTNHOCXTINKVOCYBNA,B0C9NGP88D,4.1435146
AFHACMOT6DXHVGKAHKLC2XVHCHSQ,B00N4ZHQ14,4.81209
AG5RILLGMYUOSW6RO4QQ32N5FZRA,B09857JRP2,4.7293363
AE5OTSYIJLVZKOBCNLFJXTU7P3OA,B08DZZ89Z9,4.813939
AESVJIPLFNLZ2CWOSKNWBP4KE6XA,B00SW15C9S,4.8755965
AEICL4I62FLVLMNJMFSAZE2VI5CA,B016QUXTZU,4.161748
AFWGYK2GNHYMT4SBAGLT4G25PKAA,B005DUR7U8,4.3167424
AFMAFDEOM3RER4W55EZCYXV7I74Q,B09RN7GR8F,3.882629
AEIC64XPFPXOWL624SR4XBRW3MUA,B09YDBKT7M,4.8895683
AGVINP36J5E4IH6QFNGGNYI6T2YQ,B07FYPBL6K,4.965869
AF2VQ2P7UISQFZUVQOONNNV2Y4SA,B08L3K1T2T,4.6785583
AFFYSCZKCCXDX2FFF3EBRFR3ZGVQ,B0BKR2ZM9X,4.7214813
AF6NYDOZGEN2FNPVEYMEM6DEVIQA,B07N5J3GTB,4.654812
AFGO4HSI76RTBBRNPJTRS55ATLZA,B0089EUZ4A,3.6807365
AFYMBYRQILQMD4YEWDEBUJHRXBAQ,B0179C3SQO,4.581994
AHOMQZDT4EPMWI7IAZMMFXJG2CUA,B08T2N25MR,4.4696608
AEAXIDPWNA75VUGVVL4E6KYX4R7A,B00AV557UC,4.191526
AEXLRZ34GTMM35NQRDZ4CDKKXLIA,B0BSGM6CQ9,4.8768682
AGKNEMZUFP4BVRFN3FXUAB7FZMFA,B00KZQ1VXY,4.8531895
AH2L274GMVOWVAC5MF5IXUF3UHOQ,B074JNWHZ4,4.6561975
AGTLI7233IWUHM6Y5UBUUQKF7E4A,B005SUSXGA,4.436438
AHV23IZTZL3UH74JOPICIUQYCXOA,B07WW5PKCP,4.9743323
AG6KMZ4N7N643SS7YNDQS4DFGQRA,B097JDV3FW,4.9272013
AH5S4XKENHVECUH4CNLWHQYIP2NA,B00AV557UC,4.466361
AGEWXW526KOH5743XNOIKVCMVJQA,B0C9NGP88D,4.7805343
AHHDLIT4BPZAFDKKTCXETFZDV4FQ,B0BYNM15YB,4.1728973
AHVEVF3K7UWTPZJQ6J45MOWBRRPQ,B081PQR33C,3.801886
AEZTKJGIOQA2ALYBJ3I4QEEAETUQ,B082285YXD,4.013847
AFVEGE6MCTDWLG2CAR7O4AHL26MQ,B004VDD4SW,4.5134907
AH3XHJCHHLVURHVDWHRIXWPQTPWA,B01C5TC6O6,4.508649
AFGQH4JD5QBDF27M4MG6OJ7IXWBQ,B0BCK6L7S5,4.4581265
AFH6AUO7HH5PMJBRBQGQQKDV5HLQ,B09SVL9PW6,4.890394
AEUZ6EWZPJ7MHL2G4S7VCSDXRMWQ,B0B2QG44CZ,4.913901
AEK52OVGR4LXYABHNINSHSBS23ZA,B08SJY4T7K,4.347552
AG6CZXXQXXL3L7TE7XVHTW3DYKYA,B0BLBTT86L,4.4873047
AGC4PLLCQH7KL42INYQDANWLJDCQ,B00WJ3HL5I,4.773774
AFUOGVGBKB2PYSHBVSN5S3ZX3ORQ,B0925WNSYJ,4.4941325
AGF2BWWRJBXNSO6N3YHTFFCWCL7A,B015ZDDF0S,4.1341505
AH3HUVC6ODJXIG2MACTMS7RHEFPA,B0BP78F7CC,4.4343
AEL6LHHM5XOECBA3MAPB32W4DLOQ,B00RVE9X06,4.9335284
AEXAF72EML4UPYS4KTSBUDKBMTBA,B07RS1QKGK,4.5303288
AGLS3LXZRF3S6AHDXUNPUKPFSFSQ,B000WIPGG8,4.805276
AHHVKDA6ZVQGESNMFJDHKOJIG6WQ,B06Y5GKJQK,4.7794394
AFFPQSDGBJC5Q2POUYOP24WKMV7Q,B0C6K471PB,4.743515
AGCDMYMIU4NTLTJJ5AQZVELD4ZLQ,B0753PSL2D,4.693072
AH6KUZJXTBQY2WWVRBJ5UOTV2ODQ,B07NDHXQQV,4.621559
AHRQCTRBR4IR6R4IAC55SCW5QH7Q,B08JMQR2JK,4.1355014
AGOFEC5HKNFNOGAMR6ZDACVQOFMA,B00NL2XSD0,4.8338346
AEMZLP5VHZNKE2T3TW3MPEK3OJIQ,B0B2Z13RCR,4.3544955
AGCKPDUZTEZAGOLCCG3DQV4J5XXQ,B076H8RBPC,4.757869
AEP4KJDGBH6XPJKFEHPYSAPUNDBQ,B07WBZ1SFR,4.6384034
AE2XOYSW22GQYCFJCHLWZRUQ767Q,B07MG8PHF2,4.4456196
AGZDAHTALWUZYOSTCBFEDNACMDGQ,B00HJOTNBC,4.647117
AHR5GDAC7LREPV2SYJGAGCBNH5AA,B0BPLFP5P6,4.5020065
AHCAUSSLWUYO35DHO3ACJA6UD7ZQ,B0149IWDS0,4.86864
AHSCA5GKZMVKAYKINVSXB6E3XMTQ,B06XPJHYDH,4.094822
AFE5LE7HE7RJBMXHZN3XF6HSJPBA,B00N5THBGO,4.2517977
AH3QWAFMDYN7SGP3QF4YIM4YS26A,B00G33N29O,4.515696
AEJ7GWF2F47PHU7L26RHYYO42NZA,B0B12H4PD9,4.7085824
AHWGL6LQA7CVBMZRTXK3V6UYL2BQ,B015X3CXXA,4.5030437
AFB5UR5STNM4EQGCWPEPKUPKTYJA,B07FYYS5ZP,4.92012
AHTIZIO3VNXKLENDE3TMIUUSINHQ,B09RN7GR8F,4.271468
AFO4VO3EMAEWPOST4DIAMAEB7ICQ,B0032UYJ98,4.864373
AHYRMUBJNAYHJRHJALTXJL4FBHSA,B005FIFM14,5.0
AFYRQ23ENSDEFSFPOX4ZQH6ZH2GQ,B0BL2ZJ4B8,4.829295
AHMNR47GKOYYXWB4IMSRZLZSBY5A,B00646MZHK,4.456734
AF7ZZZMFPAUVTL62FVUJ5GACOK7A,B0BCL4K9GF,4.2773447
AEGK5HULJVZSSTILECMF76DA7HFQ,B07YD57169,4.7512093
AHRPATCCBUSBFNJ3U5JEIYTXYCAA,B08PMZQXN3,4.8777657
AGBG3KK74IKWJNQVMQAGVBWJ7FAQ,B09895PBVZ,5.0
AHXUKKTRTEEQAWREA6Q7MA6ZKOCA,B00U43T1KI,4.8704877
AG56DTGKN5OVA5CYYYFGBFVGXHDQ,B010GPFRUQ,4.2388763
AEXDQ3ET3KGPPTZNC5U72WED6HEA,B08XMGSLMJ,4.3990893
AH4T2SPL4QMPJOTF667RYLK7WAEA,B0C3PX32HD,4.8402905
AFBYEI2ABDAV55KZXU76MHGLUYDQ,B0B8M2Q1DS,4.249071
AELEI3CA5BYLVHSCI2TIYVRIKD2Q,B09Q39C7W2,4.118135
AEU6JFGIA7ZYZYICE4XWSGURZUYQ,B0071NO7I0,4.423981
AF63VW7YLF42A6STVGBLACD7RUWA,B07YKTQWSL,3.6283722
AEQT2EJM64SZEGP7E36GKCAYZQOA,B0BT9R8MMV,5.0
AENYBPVASWQRXKHOIAV43ZXKVEUQ,B009DAHPLU,3.8609047
AE7P3HIBI3UDLCJLUPUZQWYVPEWA,B07DMZWYXV,4.0625596
AEIQSLRLI7R7FHPNFDEQRDZ23RFQ,B08R5GM6YB,4.095296
AGNJFKRUT2SCSJMIS67A4HZ3L23A,B0B4G3QM3L,4.5230975
AEIPGKRHCENK75ZJOGGIRTO6CTZQ,B08N4FK85X,4.2742095
AHDZKPPKUT7HD47LXCBN7RQNN6KQ,B089LQVQ32,4.1970606
AGCVD55ETDBSHYS2CCQE42P4J3NA,B0B92LPGD2,4.4152193
AHGAJ6EAHD3CEFVFKMC2OO2IVHTQ,B005F5TP6U,4.136568
AGIBAXUNJ4PSY34SL5OCL5GQLUDQ,B000P1RB9C,5.0
AGK5J33TK5YZJZNMTXRINKBZ6MTQ,B01AA6B5WU,4.320922
AFBAOL7MOE7AIOADKAXH5QTSBM5Q,B09MJWYTQW,4.1643367
AEROATPHZS4Z42BB3BERTYS24GAA,B07H5HM6F6,4.2379355
AETEDS6HQJWX2EQYEQFUIAHTTJXQ,B0002D01KO,3.9182532
AHO6JZJO74RBYK6KAPCPQ5WW3VEQ,B07KDSZ2TJ,4.7707963
AE57MRF2R2ALCC6H5WQLFKT7KSSA,B08R5GM6YB,4.5500197
AGNZ55VEXGISWO3OH7F4CTP6HNRA,B0BR2PXCBW,3.9399505
AHPJUTQ3YBWZYP3HHH5EN6ZKHQQA,B015OP6OOG,5.0
AG2AUKULKSMNFTIVVK5773MTGOIA,B004FEBS8K,4.162117
AF3ZWOXSL3LOV2IX3A7JK2ERNXOA,B09TQ5K47S,4.966688
AFCLNMP25HCXSDNKE3JSISGIRA6Q,B0C5S47TT9,4.2749553
AHTRBTORBRFFIMLSERT4ZQMJTADQ,B0B8Z76J32,4.239148
AHCTXCBORWAVSGY3WDDKO7SU2TAQ,B073CZTQFM,4.1067343
AFWVAGRFA2IMCAAW44JLS35DSBYQ,B09G5XH5YD,4.4792633
AFVYKHHOJPUWETNZJ77GFIBM7GEA,B0B6P55RBN,4.361624
AFEH52MVAUDMFICQ4OHPHLIRAUGA,B08VHZ4FFW,3.8295667
AGCSIPN6UMKXCMLEVLC2PSK3Q4EA,B0BXCW6SP3,4.2246423
AFU5HZB6IXKS4FFAJEY7LBQROVGQ,B00X7DD6GW,3.8368971
AENDXV3UMAX33LIPUBWD45OQEIAA,B01HCGWS2W,4.7370276
AEUPTKRM33A7FDZJJRLKPHQNWKNQ,B09J4M3KQG,4.946483
AFDWXKZS3YVT7GOXREHCEZLPEQ5Q,B0002FO9RI,4.502844
AES4RSOTLVGA7PFLP3HUHFS57VKQ,B00CPLODUU,4.207782
AGA3I7V3SYQ223OIO3CY7UCSKXAQ,B08MF7Q9RW,4.362744
AFX6RYPCNFUEPT62B42ZPZXIDJAQ,B0BKR9BCVK,4.2737703
AGZZXSMMS4WRHHJRBUJZI4FZDHKQ,B0BHYWJVFW,4.4843874
AF2GCTNO7F4SVEBDXYZ64IVLLRHQ,B07B9W2XFS,4.4555373
AGNZ55VEXGISWO3OH7F4CTP6HNRA,B078PG7NBY,4.181646
AET2MY4AL52Q4DTADBW44OBWGYIQ,B015WSCNHW,3.8302584
AEMDDN7LCA2LR4KBPMCICXTG24TQ,B00I6JGPHY,4.572942
AG3S4FROO422V5KP7DJCBXVUQLJQ,B07CQQXQ4T,5.0
AG23AW56WZ7KPYYAS4A3YUDTYWCQ,B08JMQR2JK,4.4547067
AH4EBXBCNHNVQ5MKFUO62MZEVPKA,B07Q9JB3CF,4.687287
AF7OD3F2V4E64XZJBQLMVEOKTKXQ,B00B5LDMH6,4.0434685
AGD5RHGRJRKT7OXASOUYBBU7KDRA,B09V91H5XM,4.5424457
AEV27VCRIQRDWAJ57U5EZMYAFYOA,B0BCXRJCL2,4.636705
AH7I57UVCR75DY4O5MDVVGWT2CJQ,B09857JRP2,5.0
AHALYOX63S6CACZTHN7R24RVEX2A,B009AS1FLG,4.2161474
AHRRF2ITLZ42FQ7RKVPW2KN2363A,B01LXWI3T0,4.134139
AHIDM2DCMJZVSROBSFCWWKZBDHHQ,B07Q5G54XF,4.689463
AGD2M4ILXY46NJDCD4ADCYQFZGZA,B08DHMJYLD,4.390758
AFNI6GZFGS4A72K6LX6Q4VI4WWZQ,B0BHSG5C3G,4.31885
AF74F2YZDVP4HFDWZXXRVEQVSSUA,B08DVPJSX9,4.752074
AGBG64QTSJJR6IDUZEV6CLVSMUDQ,B005DM7G84,4.420011
AH5L4JOS5H4ZPJ4K43VTWJYBUPOQ,B00M5DWB5W,4.424777
AGBG3KK74IKWJNQVMQAGVBWJ7FAQ,B07Y9WZ9XY,4.987651
AG44UYFDZHI6FRBQSLDWOGIEOY4A,B08LVW75N5,4.9335694
AHMMRMBNKFL47QWGXRS2227X4K5Q,B005H2007E,4.3666224
AE2NWSTL7JJJWOCBKZCZF6KDQIZQ,B015WUVA5G,4.137635
AHOUKQ3IRAEAMEHDB6U4AMB366NQ,B0BSGM6CQ9,4.166225
AHXX4HAGLIPKZ7TM7GSLS2JBZKNQ,B01I1NKJAS,4.0888147
AG5ZVXXHEXDYUUODSEQC4XXV7DPA,B07JKRBNWY,4.874018
AFGDRNIMPVGMEICSWUU2AMBMPDOA,B0B38VK2BX,4.6617646
AH4PST3O2RSB2MKEQSQDVGGQ7LKA,B003OYLGWA,4.8035445
AEYM4JF7CX4PXVZX6HBA5ELI544A,B00WJ3HL5I,4.814512
AHDZKPPKUT7HD47LXCBN7RQNN6KQ,B0BGCMQWPF,4.0851693
AECKX5ZDW6FW4MBP3QKTPWTWUROQ,B018FCZKR2,5.0
AE6B3FP6UAR66D3J2MIWDAKONHWQ,B08NZ14V6P,4.244907
AEWRX6BE2CASVQF4ZOWKS77NKBAA,B009WS7TSW,4.959376
AG65H3KESUARZW3IYMRXVITV42TA,B084P99JLP,4.636983
AG3ACUVHP2XSQUEGZRIIZC4X7YDQ,B00CTKI5QA,3.878384
AGOWSJ4ZAWXI37BO7ZQ4ACUFXWEA,B07L6ZR9V9,4.708242
AG4II62W4SSRUUOT2GWQQKUDEGRQ,B0928H9QXC,4.3517103
AFQQRHNOS2AJSMORGOJQTDOWF6EA,B081W3MH7Q,4.44805
AEM2JD5JQSDXA5YBZLKVTGXDQ2NA,B003YJQX1O,4.7475915
AHRN4W52E3M4TZQMWTYLFZGXNMHQ,B00N5THBGO,4.70121
AGYGRX7UYSPDON7UURJJTTMARK4A,B087X1CF8G,4.588573
AHT5LYU53R5RY6DIEZYSG27SJ3PQ,B06XTW2R98,4.5743804
AGNCVLVE7QHYAMIPJSV7F3WMAEJQ,B07KXHBBGS,3.990754
AH37ZV6A5UJW6A4PA62VDYOQSMKA,B09SD4CD5Y,4.2843747
AHLR33LQJ67RQLCHCEQJJGJDXNSA,B076PBCM2H,4.444949
AHBFM7TTBHFPQHPWVXTANBO5BDPQ,B015WD6FIK,3.6643405
AE7IRGN5QWIIIPASDW4WG5LD7HNA,B09T4RH56Q,4.8548927
AFRQJYTU5RDVVWXINMHTNE26C2YA,B08BSFDY99,4.892046
AE4EZF2M5WVUHXZD7OIMAZTWETXA,B09PRKZ6FN,4.2576637
AHKFFS6MZ6BOEWNBXPCHEYGNHWCA,B01GO7PHSC,4.4849153
AFEYB24M4HNZQQHWPJYMJ22PLNYA,B0BXX1RRNT,4.9882097
AHDFPBWC4J7AK2CL7FBNQPA3QP3Q,B074JNWHZ4,4.6350794
AFWS4PIMKK4IFMMFQ3X2X72MLFGA,B0BJ3BBTXH,4.7460313
AHY3ZZMHIMZXA3SRUN2UGS44R5PQ,B0BHY52P8D,4.650161
AE4RQ6OMDFEXLU5Q37ZQFW524J5Q,B00Z9TIXOC,4.8318834
AFEMDCWJO2OM6RADJRL37G46VSPA,B004XNK7AI,4.1314178
AH277J7WPXVU4WKVOCNPLPB5OEQA,B0B8P1YW7L,4.4953876
AGDCEPSZFC64MVUXPBIQ6MPBUZSQ,B07KJ3Z9RJ,4.3669596
AGZUKNR3MEGGPFUALRKBVCUTOFLQ,B0041T4DK4,4.5238633
AFA45AUS3WMXAUTS7IDGWESA5HFQ,B074JNWHZ4,4.630797
AGNQNKAAMVG6PQQISO7MKJGFRJYA,B07JGCQYN8,4.1425447
AHDFQBP2ZC7W37647DUANZ3HJTIA,B00HV7U4CY,4.704498
AHFCJTMNLVV6EDUL2IQBR6PBRDTQ,B07P5GGK5X,4.6682925
AF7UCCPZPJPW76PNE2ICQPJUQEYQ,B00E9SWQ3S,3.934887
AFBLIAES35IGAZQJZLCLOWAS3SXQ,B015DKZXXA,4.396783
AFKFJDNRMX5RUG6DLAY7362NOA7Q,B07MZYNZ1C,4.831445
AH5MP4D5AWPQCPLYSFOQHSIJYVSQ,B000BSMKPY,3.7764413
AHRLCH6R2Y7JNEPVPCJRT6FHCC3Q,B074MBD643,4.343081
AHSNUB4FPRGR5TNLK5BO3BHFNFFA,B074N8W3GL,4.8282843
AHP2UGRBLKHCHX43ZDAOMH74675A,B00TH3YPDE,4.9820046
AEQWCT2DSCQIT4E4I4KNG3EITYSQ,B09VVS2RYK,3.6105826
AEBDVELV5QUZNVMFRSX2OILTNGDQ,B09RBFKS1X,4.970189
AERWGD4OLR7FS3VPO6QHVZCDQLSQ,B0052S3YC6,4.425849
AECFGXLEX3SU6D4T6C55X2NWMJVQ,B00I3TP9JM,3.7590258
AHWYWGQZZ24MQP5VNBOCPFWUNMCQ,B01G26SEJO,4.991518
AE3JTMU2ZWD7SQVK3EIMCPMMBXFA,B07KGF3MHC,4.127176
AGTUM3TLHZIYIW6A7JLL6BZODZDA,B0B3VDVLQJ,4.728702
AGM2HNRQUHZFOLAP2WTIUH6R5TIA,B0B9LLF1CN,4.453848
AHK6CM5EYRKB2LKUMO2HO2KWAWNA,B0742RB7JK,4.659586
AHHDLIT4BPZAFDKKTCXETFZDV4FQ,B0938MMWSV,4.5930133
AEB3FFGFI5H37NBEIROPDUR2HDPA,B015X3CXXA,4.2722297
AESDNHQRRZEWTZF7A7TFFFTSNY5Q,B01M0HV7SC,4.3662663
AHVKGDD2OV6WLV2KGSSVEGRHZLCA,B0010KGD4Q,4.129854
AEPNBKCSTUAN265ABWRJEUQK6Y3A,B08T9CCXZB,4.8323092
AF7S6K2LJFYM5UXGVQ5VVFCGA65A,B0BBP71K6M,5.0
AFA3Y2SOHSJ2MBGZR2VNVB2LGISQ,B071KZ892W,4.8839126
AH2QGOLSFLD75CXS5IGPYRCBYY2A,B07BVFTLFW,4.820203
AF6MSSCLAPGEDSJSEHUJWFR7K4GQ,B0722QJS3J,4.6620865
AEN4JVIBT24RAPMWEHX7UGOX5CMA,B01DPCONFM,4.4823813
AEZKWI7QRZ2BOO4J5ZIRNY5YIL2Q,B0BYKZPD3W,4.7319717
AH44K3RPIQMVWG2G4EB5FPVIVUEQ,B0BHSG5C3G,4.4550767
AGQW2ZO6LOYZMRZ7JKDM6LIGM44A,B07N1RPV4J,4.3088217
AFYLSXOKKOKTZYKFAK33GAXNLIMQ,B0BVHFTP4P,4.011347
AH2CQZM76NVZCBGL4QZDTQ32XMUA,B006BST39E,4.113965
AFTYUC2644SXODMOUAOCS3EUXLNQ,B018FCZKR2,4.62185
AHMMA4WU554YWFMEYDYU4S3KMQHQ,B07D9V7RCL,4.930052
AEBDVELV5QUZNVMFRSX2OILTNGDQ,B07D4SR8GZ,4.7733707
AE5URYH3HQE4N5WYARBDJSMMWCOQ,B01AJGC27I,4.8605976
AHIO4BIYAYENSKTI3Z52DU6H5BIQ,B00T8I9QXW,4.0834913
AGMHEZ7SN2RNVJCMIHIRRSKLQ2AA,B0161WG9ZA,4.015444
AGZO33RFLPWJFDIHJ2IHRJ2CA26Q,B0B5SJVY85,4.5132875
AE23ZFVUOMPKR57BVSWXV34QLMVA,B07N2WWT61,4.705703
AH5XMLDWX6USQHW7XC56ZRKGTRBA,B0002GO8NM,4.6583104
AHLFNMCO2C6QX2MXA67OMESJWMJA,B016QUXTZU,3.909988
AGN7PZXO4DA4KUC3RLI4SUSYXELQ,B091MZPYBQ,3.8259678
AEZIIYLOX32LD5NZCQHC6RM5FJPQ,B01C5TBVH4,4.481608
AGLBP6NQ3TRDCBEW5MT333YSQA5A,B0B9XPLGMD,4.9716263
AHZPSAULSXTEOMRSCTIC6WLMOMBA,B0BDMR3TD7,3.6518161
AEYPKSPNG53NP7OUQRAQZRLHHB7A,B00CPLODUU,4.259364
AGZOGWXQN72ULW5XRX4JGUA3CH5A,B01DE4DPSC,4.379509
AHAZ2XJXODADLAHTIV3S4TY3BNJA,B0CF797FLB,4.289991
AFKMX6JZ655VPVYHBTATZQS4IBOQ,B07ZW1GBVT,4.933929
AHA7ZZSLTORYTZH7P7G47EL5D3KQ,B07MV2ZQ9F,4.558862
AENMAJH6XMM2ZEMELRB6HSG4CDFA,B0010SR8G0,4.9026027
AHI4HEBT7APLICJPKX2WXSSTEPZA,B07VRY5ZPD,4.6373224
AEFS674M75WS32DB3CNTBNCVCBQA,B00DZJ5ZTE,4.3350086
AFHRS46OEQQJYQXRARFMOO3TVN4Q,B00J1T5BLY,4.190777
AG6F7SPJH33LKPGZWM2CXHOSTVMA,B07Q28P6JM,3.6378245
AFCNYEP35Q74SXUUFZG6VLH2LZZQ,B00646MZHK,4.8424077
AFF5LX3AMWROBQ5OONG4W7HF2QOQ,B0002GZSNQ,4.0136123
AH7ACAJJVDR5MZZZNMBAGQNEXEHQ,B072PQT2DM,4.485455
AGY7CYYTVW3BXZMZKVJ43LUEN4BA,B078W6PTK6,4.396019
AFMUJ2QQGFHDQYXZKGAKJ2Z3GKGA,B0925F8LPD,4.593435
AF2V6KV3PPKRJQUNQ2STLVN4ULCQ,B00CK2FOZM,4.9040933
AHHT2ZWTTM26NTB6Y65DNPXIKT2A,B0C67HCGBR,5.0
AEUAXVAUWJFDX44V2Q3OZFFYDZWQ,B00SXZBLXE,4.33972
AEBK56BDUH23KP5TALYH2UBMT4TQ,B00CMUE76O,4.2093916
AH2SOOHUAEQ736UFTV4YRUWXYOZQ,B0B2CWTP43,4.613622
AFDSDZ4A6HKSIFVTISXLNY4KBTPQ,B095FVTV98,4.495365
AH7PIDQFLYQEO5CNCL2E26IHP2VQ,B01EY7O0A0,4.3844924
AE43XP4GKKW35I4NEHOIFE4KEEMA,B078JGMF6M,4.4099092
AG3S7LEUWNKV4765DN3RQY3CFYLA,B003VYBNLW,4.714529
AGACWRMANGN7YVCQ7BHFP7H24F3Q,B07G4Y7QYP,4.682412
AHJET2TASMZN4J7B7PCY36RBJRWQ,B0087UPSLQ,3.8546498
AESPIYN2KPFNMATAZNRXTGG2RTUQ,B06XG4BJFW,4.260982
AHKZVNRRZWYZHQ3TZJVQG6QS66VA,B003AQ1X7A,4.4354835
AFJUEJD4K6TCPOMWLOYABXHG6JLA,B001JJFR8Q,3.8894475
AFMVV6BV2S3M55OLSGMNMIHWKBXA,B008MUPALY,3.8615901
AEJX3VGSJVI4IBSY2JVYJYEXJ2PQ,B07L6RCDP7,4.8327565
AHM4URAETRB7ZICHMC4ZSA2WYRBQ,B007723JF2,4.1886187
AG7QOJYFHZHLK2FH3QDDFMUXDYUA,B09857JRP2,4.9808383
AEP6HZO2OUHEYGMDLZ5OXZ3EIGKA,B000M74WXM,4.468903
AEK3AZJGYPN25QIZM6WXRFG3HO7A,B07PSWC1XY,4.258355
AF5XJLMWDP7FHGFOYMNJJIHQCPRA,B01MDU5U60,4.305322
AGUFOFR5JJLYZDECXZPSOV7TMZPA,B08H5845YF,4.76755
AE6OJSLUGINECA3R5K5ZXCGDXZ6A,B00O5EL4MA,4.3205566
AFDSDZ4A6HKSIFVTISXLNY4KBTPQ,B0BKNYGC3V,4.3963404
AHYUYW4OYMCDYOY3KK2OTIW2GDIQ,B00N4ZHQ14,4.278635
AFGGL36KJJXEQTMHPERGAJ3ETG7A,B01J5A06OU,4.5842643
AH6PJZAAL265XW6QBMTLZLNYVI3A,B00BYI3UMC,4.6725054
AG7UBV3IXQAV2BSKDSKJYZ3Q36AQ,B01LYV68RY,4.768179
AF3NJDOTMG7BRKDLV6UM7GHFC7XQ,B000G0ATGE,3.88871
AFMNSKAAAPVFNPNY55G7QRBZS57A,B00646MZHK,4.4014072
AFQSGCTOHFIJRR3TFZ2YGU764W3A,B09QBYTMYN,4.452738
AEE3F2XA7I3WFVWAV2VZI2YLLELA,B0BPKH4HB2,4.9254894
AFTPQXSU4KURGKWJGAKYLNJONTKQ,B07P2CZDTZ,4.886036
AGVTKJAYTPW447JEYNPPTT5TDDGQ,B072575CX4,4.3817434
AEKE5PFGZXJF7WY3UCLPX76KDHLA,B07L91TJTT,4.947245
AFAUI5YDY5SFUUER3ICUDP7DNABA,B09TPW5HSK,4.44485
AF4EKDP5NU2UH5TGQOEGW2ULSMYQ,B071KGBWK5,4.7952256
AHZHTMIJ2DVI5YINPJYJXUK3N6BA,B07BH4GFV6,4.9055285
AHQKCRAIW6KOCBXNQQ2HCMDHPPCQ,B00WJ3HL5I,3.680048
AFBXPXZXOBJZI7N33THA2W5JGJEA,B07MJVGJSV,3.3959985
AGWNNXFVI2WRVFTPXZMFUYPMRRBA,B08R5GM6YB,4.291574
AHTH3BYSBOY7EBENMTAWYWWQXPNA,B000SZVZ74,4.5282226
AHGYK6Y2LA4GIKZURFNWD2XXEJWQ,B008BPI2OW,4.2299366
AEZG4SHN6EDH7X2I4NPMCSN7MN7Q,B09RJZSQML,4.7102575
AFGG7OFYIXEGXLJFMHCJ4CP7RDPA,B0C698B5WR,4.7021704
AH4EBXBCNHNVQ5MKFUO62MZEVPKA,B00IPH8MD2,4.65253
AGQOZER7UNMZIJE2SYIL3WGLBZRQ,B0BSR996X8,4.924718
AHAEDB7FPXJBM523PXFWBS6SWPRA,B07BSZNKTM,4.126045
AHRXOMUDZ2OFIZEUPWWIFX74EG4A,B09857JRP2,4.4728127
AFPSGOUZDBRH5FUTUU5526JVYMPA,B09PWCF6T9,4.5422196
AEEQ7UESBPQYBPBJ6JKP5CFWPBTA,B07L5B64RG,3.6326656
AEMPWVEFRXQAC4RVAEEFHMFYA3LQ,B07QL29XXZ,4.584117
AFK4HVPTJ46LKD7CA7HSNPJQNNGA,B09SHCMRW2,4.637148
AFQFEJJS3JP7MIHAPIDLWQHKBWEQ,B099SK5QZ4,4.4751563
AEJG7X2JPSSZWWLTEOW2YNDQW53Q,B079TLFL33,4.818217
AHWQIKVDRYNQLJODTCSKUL3WZKHA,B07L5B64RG,3.91607
AFFKWNAIQAYIWWRAMBH45SCGAJEA,B07BK9VCT4,4.3025584
AF4SXAHUFXPXFBBM333BSHEX52OA,B00H4PEMM6,4.61838
AGKHDZNI4XVSWKG7HAW3XMGICRDQ,B00GK73HI4,4.6819806
AFKMQ4PILRHGC4N6CABVZXMTVH5Q,B00RVE9X06,4.9282713
AGUG5C2WFEGSACVXYG6AU556RERQ,B075PY9KF2,3.9956412
AFK2WLVMSL2MW3H3HJT5WMTXRTBA,B01DK1RHK6,4.551246
AGD53WYWQZKCVIIJEGVFN2XLXYRA,B09VT45772,4.6719494
AHIMLKZOHAUPH3YUPGP7SWAANJBA,B017JK7O7K,3.9942536
AFGIGAOI6AF77YD2KG3VLOZQS5LA,B0002E5266,3.9872057
AG43KQOKOO573AON6M3W5TYWWE6Q,B00AJHE5E6,4.574579
AHSRMNZAUSJKKHQM2Y5SFLXPXYEQ,B0099DNZMY,4.084573
AFUWIHK23WPEEPBRRSPULFMYMP7Q,B0BHSG5C3G,4.4895186
AFURZWZGZUGPGCRFXTNHOMU4YODA,B0BT9R8MMV,3.6448302
AGTJMPFA4UFAU5ESGIUL7UH5OENA,B08KHZXLDJ,4.365169
AHMV4A3ECLZ35GBHW22RN7AKYPMA,B00JL5I61A,4.2563024
AGYO5KEPETGKJRCVLTNP5R7TMRVA,B09PWCF6T9,4.463779
AE4TOI5QIX3CJNFPXKIUMNY5WQ4A,B0B3VF84DL,4.433799
AGC2D4ERWZFFC6TBEN7WVEVAYPCQ,B003GEJ5SK,4.0254087
AGMWVGV6R44F4CB5QU7GUKDGVJGA,B01MRJUB7Z,4.536289
AGE4MJI4ACCVR2HUDBPA27GVIZFA,B0BZ166MLS,4.539304
AFHBA3XXVMYAHM3TVI5I6LIFVUHA,B002NG7DEK,4.0892286
AFWCHDUAQGDBY64GWKKF2HSF6DLA,B01E4MELN6,4.3549075
AEIC64XPFPXOWL624SR4XBRW3MUA,B0BKZ3GCGR,4.897258
AEA6EC4Q4NZVCH6EXKJPAFDPS56Q,B075SVWJ6K,4.477636
AGZMJJPHOH3O5R5AG2WNODLXW5GA,B0B89ZSYS7,4.459568
AFF6DVV7X33O2CGVMEZHESC4XWLA,B00A2H01IW,4.790738
AEOJHU6GSSVCEZAM6FEODEONVFOQ,B093F6V4YD,4.941948
AFC265XYEH7HU2X2IROZFOJNHJSQ,B07W17441F,4.383411
AFRYJ75AYEES6IRLVELYFADHCN5A,B00F20MIC6,4.1133614
AH3XHJCHHLVURHVDWHRIXWPQTPWA,B076H8RBPC,4.5690866
AG7BKYVUQPRDJYOEEJFA7CABODPA,B000J5UEGQ,4.0996227
AHZAHAU5BSZV62Z2TNQZDJC7SMQA,B0BCFR3ZNL,4.5713816
AFGXMICVBMHATS3XS5QMMW7WZ4VQ,B0035LCFRW,4.3930287
AEGGHCKB32ZBMXYLDF2BZVWUIOTQ,B01M4ICDNE,4.2826524
AGBR6PZW32IC3DKHJRFUOOOFLINA,B00IPHIPS4,3.92838
AFWDQHCMEOZMGWK3S47XD33T37YA,B07SPHH7TD,4.8243237
AEAF2JYA5RYKZDPKCXOJB46DDZGA,B074WXM13T,4.3063507
AEI6W3CJO4FEQT2UWAYWJBAGNJHQ,B00RX5HQS4,4.8021846
AEJH4HUMFAN62AII4PTCGRGGAE7Q,B08ZNY3SZ3,3.8455164
AGQE7GBNTL2D5CRGSEWA3IMXYXQA,B0BKZ5F8BS,4.7866087
AF3F36AQYFSFIAIH2XMIUH5WY4LA,B01MQSAU6P,4.530937
AEJATLF6ZB6TWPLQFAVF6P7YXFKQ,B071RYWF1X,4.0804048
AHLM3EPKW4KDTZWLD5IAMHOCWUKQ,B07QLYKVQR,4.5036454
AF77JPPQC3YQDVFLFE6I7UU3EVPQ,B07BFZ2KSJ,4.561577
AHCDPMD24SBS4MR62JA3F7HC3AUA,B0B9XPLGMD,4.5753675
AFFC7LSYXECAEHCRLCLBMGFCVWDA,B07P72FCR5,3.9909954
AHTCFI5OJALGN4MNRADWEOXMYKNQ,B0BF4L13DT,4.2125998
AHYAJSJYNJNYY675NJFTNOQE3OQA,B09VT45772,4.9805284
AHOJB6TPWSUGREQVWUHBXUVRZKGA,B0C8MDSZP6,4.167345
AEP6P3KJKABIZ2XBA3OQKRHEB3WQ,B01C5TBX68,5.0
AH46X4UHBAV2KZ3UV77D4VG66TPA,B002GYWBJ6,4.3816795
AG7AIZBTTJWJIPTRXHIFZB5MUMLQ,B07QDCBRKL,4.4187355
AFZDYVNE7K3L7FE4RMJUBLCYM3KQ,B087YNF8BY,3.8983965
AF4W622Q3ZWEEVIKHPEJADCCQSTA,B09MSQBZFJ,4.226613
AEPBC5VE2OKFDLG22CSXHKN5VCNA,B09TRX519R,4.760437
AGNCRXC7PNYQJW335W7D4KFZMGHA,B0C6HXYY3R,4.749478
AFM6P2DMLWLE4QM45XLNENPDCANQ,B005NACC6M,4.045098
AHFZ4K77UQRUXMECV54VEEEVUUPQ,B00T3SR9ZO,4.7738366
AHBLH67EE2QDH34EJI642YUJ5J3Q,B08H5845YF,5.0
AFUZSTHGF4TSNO4WHZTJRQXAITKA,B01E7FQ03O,3.8456063
AG2PW23TNWB4BYACHY7DDDTHCDYQ,B009O7CE5O,4.6068096
AFHZDQPD2TDHI7HGWNYRBD3E4SRA,B071J84X1J,4.084019
AHZT6MVWNF4GG6FISMZMORKZKK4A,B01H8E51CC,4.7056518
AGQ3O6VTMDBP4SUY5HR2STHEZIZA,B06XN6QWFC,4.836906
AESEGTNVGIM67XSHIBRIUDRKYQJA,B0BQ4FJWYZ,4.8899508
AENGAOA6V2UAM3NAGJAGLWJ7FZFQ,B07JNKY9T8,4.678729
AEQSMBSD5HP3LSYXFGQW2N3Y3CEA,B00UZ7JADG,4.8661366
AFWFZBPFSKNEYFMY42YDXUZUJTDQ,B06XYXMN72,4.611911
AGUT4BSZDABF2TKPWTP7QJTWARHA,B003HPQDYC,4.3315
AFV3FCAYHRCOC2A52AGKK2RPPEYQ,B0B6HQR6H3,4.5378985
AGNPXZERD2EQJICAHX2VHBRTDNFQ,B07FSD3CP4,4.615587
AGXFJ5MHUDCERSROHV6SIFEXGT6Q,B00DZJ5ZTE,4.555483
AERO573NK4DRWCKS3JJ53TGSMB6A,B01ID7LB6S,4.2133074
AG6ATLCKETNYRKL6GCQV35CSSGPA,B093T1Y12B,4.42714
AHZ73ZAIN522UIXPHNZLJNJ4TWWA,B073DH77YP,4.469416
AHQCDCQ5VFDGM74DM7RQ737GTOYQ,B07KJ1YFPC,4.2256317
AHHLPVE6EZSVKQGVAZDJXENDPGEA,B012VQ5A7S,4.5993867
AHLD3BAM5XXNSUGS3QICCDK6PR6Q,B07PSWC1XY,4.308294
AHUSCCJO4YMU4JD32SNDWMG5BZDQ,B06XB55D1M,4.5981846
AFEICWMWPP3K4POH3LJJXF7AVEYA,B08DZZ89Z9,4.755415
AHBQKNRANQY2ZBBVENAS5IXL6CUQ,B00K1WIAV8,4.417729
AHZDRM3HOZLSWFXSQ5P3BFBB5O7Q,B098PK65WX,4.3966684
AFQRADPBJBT3FQPLY3DLXYDZYNFQ,B01NAZMWZK,4.865658
AHUCON5LFRGMY6ZBBR5LBERZ3ZLQ,B08T9CCXZB,5.0
AGCB4LPCEEZX2MJNPGSRSOWWLQLA,B0064RTS0G,4.9208417
AED6HJUVBCHOCZSU7TVSUGSXH6KA,B00646MZHK,4.33903
AGG4TIH76JJJ65G66W6UBTLKSE4Q,B00OYUSHJS,4.29276
AHKPDHLJXOUJQDLDCREEHZ24OBZA,B000CZ0RLU,4.6371584
AFQFYEPQJ4K56CHFXATZBQ3IGLHA,B0BT9R8MMV,4.816716
AEOGO4EUQ4SODCLNQAF2QE2246VA,B09G5QS1VD,4.109769
AFH3AUYGMXY6NFLHCWZ4HUJIS54A,B07N5J3GTB,4.1426997
AFOH5MZFOA5QOYWAUC3GNJJ2RLYA,B00H5XQH20,4.7625933
AGH4UMD4PDQ2J3Q4PYX627TKEJZQ,B07VWSB34H,4.2293057
AE4QHKV4QJCQBDCEFVIFB2XQIKTQ,B0817CVBLV,4.4642677
AEK5Z5IGCZC3BOIAHEZKJ5LALEHA,B00HZH4D04,4.4428754
AEUZWYCNH3XRU3SL4RGNVQDWNBDA,B005SUSXGA,3.550262
AHXXM67KZP5QLRJXRK2X3VPJIVGQ,B076CF9234,4.1939363
AFFYSCZKCCXDX2FFF3EBRFR3ZGVQ,B078S136R7,4.5355377
AHY5LOOHEJS2PBAU6TBGVE3A5KLA,B06ZXX8M6K,4.5279775
AECEYRS5X2CFMDC43NZWL3KGVVUA,B00F20MIC6,4.5569654
AG22ARBXBZEHDEGORR5CV4YU2YAQ,B013VNHWAI,4.3173633
AETZFMN57JCHIPVEHXRQABYXJYWQ,B08DBDD6CM,5.0
AG23AW56WZ7KPYYAS4A3YUDTYWCQ,B01C5TBS90,4.485155
AFUMAGJW5ZKDFR4TDENXUFOV33TQ,B07L5B64RG,4.1488013
AF3HPF5WQCTM6CMW6RDZR2CLU2BQ,B09HN5T4X2,4.039675
AE7HRPX4YO7IU4EJ25ZNC5DPUXDQ,B01NGWFQLI,4.405544
AGVT5E2C6WNOCFYSLOCPAPBJOIKQ,B00771QSA6,2.9535394
AGC4T6HKARBWXWIETWXQ3NCO5BDA,B0B1LK9SXB,4.242307
AHV2RWTWUZDZB5VK62GU522U7N4A,B0C58M767M,4.197478
AHXWA2LX62UCCRZLUYIVH5SQOIPA,B08BW72YHB,4.280598
AEBBCGPAQQIP5TEFXM4UKLAL6ICQ,B0002CZVU0,4.0567613
AE2XOYXCYD7XZYEJKRRN73HQWZWQ,B07Z5KGCBX,4.3910375
AE4PX7WPFYOKQ7JY2XCDJIXQG6NQ,B0018TG8HQ,4.389635
AFJA2TIE36MA34NTU4X2AYDASXBA,B084F2HHWW,4.883618
AHGIYCYEO52KREJSMUG4HVRWXNYA,B0BT2QH7V5,4.4400606
AHIDTWUTSFPG2UWJMPLVB2WG2JQA,B00WB244XY,4.0817356
AGTSCOC7DUIMJRTVNMKIOMYYE2JA,B085JXWDPC,4.0678806
AHB5ERKDN3N6XGMPRH3BSS6FPJ3Q,B006I387UI,4.305317
AEI3JK3NJTVVB6RQVVJXFYWBNEYQ,B08LYV9BCZ,4.8845463
AHWUG5BIUQWHO6KPODY2QJFFQYWQ,B09PBL98Q4,4.282992
AECFGXLEX3SU6D4T6C55X2NWMJVQ,B08R5M2FGY,3.80199
AEBDVELV5QUZNVMFRSX2OILTNGDQ,B00D353N5I,4.403287
AHG4BKFPRKPCA76UXYE32EEW377Q,B0BHG58G2F,4.7248144
AFC647CM7TNBTPSPPM2EXPJWBNYQ,B06W2NS7RW,4.093179
AGFSPZ7XOYCABXF6VYXQVWQRMO4A,B004LG93KC,4.695317
AG6XP7YKD35LKMAUTT2SPLCKKXCA,B010CI6M88,4.826502
AE2SNEBKDHQIZCKJIBV5JOPUWJ4Q,B001R76D42,4.5514903
AECH6FKMNPEVOR27FIUZR75DDMPA,B0B3F96MH2,4.828113
AHYYJPAALMRAGRBUY3XGB46RDLLQ,B0BXZFS2QH,3.8400795
AHOFWP4LITEBFBWVQDV25AZK6C3A,B0071YXCVM,4.757594
AHIC5S5WEMJBL4CTQTEQMMPXYHOQ,B0BK5CXZBT,4.62052
AGY6RRN2DDWDKITFMFZBTBJ25M2Q,B000J5UEGQ,3.9888582
AFGI5XVA5EBVOE2EOS42KHQSULXA,B0C38LLMXG,4.745729
AHY6GIC4JE6U7L6GPZ4GVK23YFVA,B09G7GH2FH,4.5220537
AEZENY5LLEUSCC3JQC2F3GJ4HMZA,B01FMKRG6I,4.5297136
AE3C2M62HHDRFDW6E2XADFQUXCGQ,B0919GK359,4.3895745
AGPWTBAKWEXJIJLZXKEV7T2E37AQ,B075MLS97V,4.5421605
AFQFUOUDCVTQ4F5OYM66HTMHVOUQ,B087Q1LY8Z,4.397072
AFWYQQAFUAWPVAX5HOXR3WSAN5BA,B016QUXTZU,4.4327793
AFCANIN6FS52VKITA7YMONU6S3EA,B01CTWVIY8,4.1669445
AG6BBIGPA7TIOM4BGES6SSGZHIKA,B07NWG39JM,4.5823345
AGP2NR66453AJZJAYKZGSMONZ4KQ,B0002H06X2,4.5283422
AFR4T3JVNVCDWIOE4J2UKMBYPOEQ,B0B89ZSYS7,4.8075542
AFX7V34VOABD3RMN6Q7QNDOFWOOA,B01H0PACWI,4.84005
AFVYTABRIESKZ2WUA6XLENKB5QCA,B011AJ8KHO,3.9927802
AGBW7LZUPMPOBV4LJ7LO3TCTRVLA,B0BR2Q367S,4.5700364
AFLLD4HIWPJGLLBNJXCZ4OWH64DQ,B07B9W25ZK,4.5749917
AFOI7DJOGJ3FDEYYXCDWZKYB4IQA,B0002D03VG,4.43212
AHV3PKYYDJIQCEKAVLVIHM27U2YQ,B00M4M9RF6,4.7484274
AFBPVAR4I2B5EZTHKW5QZCXTERHA,B00IFOTSJW,4.6313324
AGIGTISGZA4LRJ34FG3FZSLXFS3Q,B005SUT9I6,4.88759
AEUFWFA3TBVVD67HVO7FOLWNXUSA,B098LHYD3K,4.251957
AH2F6A7VS6CDBSJA24NWYKBEWPOA,B07MHL48V6,4.372803
AEZIQZZSUVSU4UAQAZQJWUR4NHRQ,B0BZ5K6XPN,4.7954717
AHDHVYDPFXKSLOV3WCYUYDNCCWRA,B008L3SXE8,4.574714
AE3H2GO6RH2ZL6OHLBAVSKEFDIHA,B08Q7HQHNX,4.363187
AH45TR3BV6T3QVMWHGXDSUL3TQXA,B00RWF76NK,4.146948
AERGXYG6NYIWY3VIBK7ZUQMQQQVA,B008B83SY8,4.054302
AEBID3HKBMGORBEBUBAZWS2FFQPA,B0C67HCGBR,4.656396
AFEWXSPZBD4YB373PB6Y3NA476CQ,B01N8SXS2H,5.0
AHSBERFD4KPEBMI7GW7QL3IJRHJQ,B0015B0EB8,3.9454312
AFOF3QHFHEPGQ7QQJBGWFJAC7RMQ,B01H8E59FQ,4.528637
AHRQLNYKGQKNDZI2DKRSST6JDQ4Q,B0B8YWPB3K,4.994361
AGODDVRWGAQPWOIVFD4V76XIST3A,B072PWKPLW,3.5015814
AFSTKZ46JMFZCWEDBL76K6B5OLKQ,B07DLVDV7P,4.2607503
AEZKOSSPZDQAQJEVAWYIMF2EBRGQ,B0C3JJ2WLM,3.9947517
AG5QJWMXSGR6QK7CTCJKXRD7OSOQ,B0BTC9YJ2W,3.7178535
AGPJWCUWLVIR2VXLJANPYHHZ7VQA,B0983RTWDV,4.317641
AGBQ3TX4QYWQQOW2DBADLGOJHQGA,B07Q6L4YMC,4.6373
AHUIUCGSUO6B2KRQLQ2UWRYXTH5Q,B01AQNIOO4,3.7605956
AHJEYA3QHJSUWT4UN6FXYWDX3OZA,B0002E2O2Q,4.1285753
AFKA6Y5FDB75J6BMYLJMBL56L5LQ,B0049S9FVE,4.7015924
AGWS2UTABX6UIBLDKBBUN3Y73YPQ,B0BZ5JK2GC,4.8774424
AE3HJ6CT7RAMP5XNGLYPEGDEMJJQ,B00IZA1GI2,4.6543527
AFUSHAI2F56KYEMOTGFW3WZ7OECA,B082WVKSNG,4.4085574
AGPE7ME5O2UO3IKHIAVFQ6C4JKNQ,B09SH9C3S1,4.1178226
AHGPQ4KSNZBWGDSFBMAOBSWAZBUA,B0BCHG293C,4.298576
AGQE6XJ6T2AYF6LTIH3E2VOK4UXA,B0C2X15CPH,4.768899
AH2HT6SO37BPQ4EKOTAZ7A6WDWZA,B072WPD8MY,4.929661
AGMYY55Q5EIYMCNQF5DAYXSB4WHQ,B0BXT5BXFL,4.1530533
AHL6CT3IX5344QT4S3GSBUVZFNAA,B015XDJB9E,4.3760166
AH5S4XKENHVECUH4CNLWHQYIP2NA,B000J5UEGQ,4.466727
AFFZNXPPX2MF7F6WSX4KYASX3TLQ,B07L5B64RG,4.209502
AFBXI47K73AAHBTFJYX6T7QIEVFA,B09PWCF6T9,4.71576
AG5S2EQFQ76MEDNWNKXD27VBGQBA,B07CYRYQ8G,3.9405193
AEWRQF227ST6I3DXCM2AJQ7QGXJQ,B09M7P8SBH,4.1660256
AFHDHVQNIJO4RTZSJDPJMVLM7RNA,B00WM21DY6,4.4569592
AHIPKIT25JKKXMUL332SVAWYAKBA,B07Z3GVQFZ,4.9847884
AHROUXIVZXJZW4MO2AFN3ONK6DTA,B00BQYODWK,4.6173606
AF6FOQSBPWCC6LBUJ5E7M5EWZI5A,B019MIPZ8M,4.2902646
AFZ5JLS76NTQNWVF654CNXF3SEHQ,B0B949FD92,4.4969745
AHF3YGM54O5RAXYBAV4FRG2FQWDQ,B09V91H5XM,4.9281216
AFDPDHHU54M5M67PI7ZA6SEGANEQ,B07D4QCBX4,4.4491396
AHFSZBRXW3JCT4BGEDMR5LXKFCJA,B00R5VZXKY,4.4405503
AFOKWBIT7ESXMZ5OOVEPVEY6AYRA,B09JFZ3CKY,3.9421244
AFVSSJ5QSQBZBTAVR5XHF6UQQVBA,B086QP7WM2,4.1474457
AFOV3YMGYHOVKW65ZOFVUITMT6SA,B000BNG668,4.193373
AGUS2NZDI5C26OUO3OKRKDCYI2SA,B0002BG2R2,4.4006124
AFA4ZJGSTUWBV43E6FHQJV7ZWXDA,B09397FWYW,4.710211
AHH2S6RQ5UCCSGDC4YSFGIRBXTTQ,B00DKAQGTG,4.7965364
AFSAEAZMJRB3KQF2EX5DXLCHFMUA,B075ZDCFFX,4.4872513
AFHNWGO25QKIPAEMLJ7ZLAXVXXYA,B09VBWXMBC,4.48383
AFI2Q4HGBSVHDT7N3DYGZBZNLOOA,B01M8N618U,4.246234
AGAOQLKN74M6NEVHNV3BLTJDNRJA,B004XNK7AI,4.7270193
AHWSZB7RGTT7VKF5ZLHFE35KAJRA,B001MX3WWC,4.1426773
AG64SW2Z4TEZG4IWEGEUFEEZBTRQ,B000A7PQIO,4.2031784
AFLKS523NY36AY6WTAAKFAHYT7BA,B08Z6TDJZ9,4.574251
AEXSJRCAW5RDAOCGSRNV7BSK26QQ,B09JC3Q3TH,4.354548
AFRHKO4374QYE6EFRHEGGSPVWJSQ,B005OEM43S,4.4136724
AGN62QQ3G4QRVVDCJQ6F6Q264M7A,B0BK5CXZBT,4.634569
AG57ZCKN4CZOESBMSWZPL2CR77JQ,B07WTBV69J,4.7138653
AE3JDWVNPCOENCG57MBK66UHQCMQ,B0B8M5FJ9W,4.52403
AFTZQD5DUX4N2BQY3QJ4WCGIL3WA,B002G1UT5C,4.345654
AE4OEJMTMMN67HAFXYTGCW5LDVBA,B0052S3T9O,4.198565
AHLGPPI5LLPXUYFAPN6VGRHMFNQQ,B01AW5068S,4.4705005
AHUPCY2JBC25O6H556TRJZWZMFXQ,B0050CEEIW,4.300311
AGIBXQUC5LU5WP6V6NWJYHKLLG3A,B009DYPWBG,4.6081076
AHDWGSLY5F6AL4WLGCL2YSSTJQLQ,B09ZDMFDW5,4.4779115
AGSUOYF2YX33MWSX4BUAW5LFETTQ,B0BR2NW577,4.914166
AGZDUBW56W3GTKFCJ7VUDSHVUB2A,B00X7F1LQ2,3.3757215
AG4JFCTSTDDLSYABQYGKRGV2F6NQ,B07ZKP1KF4,4.190787
AGNPXZERD2EQJICAHX2VHBRTDNFQ,B01N5KND14,4.6600075
AED7CZI2A4UFHHKBLM2T55BK7W7Q,B016133LAK,4.0717993
AGN5JKC76NLF2PUJYOGMWH4EZR6A,B0C39H86Q1,5.0
AHTAJ2OUVWDB4RPWSJQRK6WBNN3Q,B00646MZHK,4.551899
AFJ6BNKTPZQXGEOAIOMMCSESJS2A,B002RVQTR8,4.751395
AG545MMHYSJ5GUXAXDOVIC6IZ7ZA,B003AYJU5O,4.727576
AF7UGFJC7H3PBAJ44UTW4MCWFCSA,B07MMJX9T7,4.1595426
AHVJ7UVESCIEXJDPRIYMIIBQEM6A,B015OP6OOG,5.0
AHWODSX3VEDWXPOIMZFIWCUXSVTQ,B0BS6HRTYM,4.4412384
AELBSC427YP3XNO3L4ULNIASKB6A,B07883GRPL,3.8417149
AEC5F6TB3IB5HVKMUBAK7IHJ5APA,B09T7Z8VB2,4.7495837
AGLGKDWYUI3QG54WUNJ7EWYXXHLQ,B06Y6BCX7B,4.30033
AFGJC5TF3BY7ZZSHWY2ONSPU7VIA,B0B9JZP4BQ,4.545464
AEEGTK6WKYOWLE57UPJYL4ZOZ7RA,B07Q75MDB8,4.7283196
AF275ZFFGX7UOQR2F3VTUPPDOCEA,B0BT2W3TTM,4.854401
AHSXY2RE3D43XV3NAQXJFZ3FEFMQ,B0B9LKKBHK,4.6010747
AG3GKTRAHOZP7J6XHVZ74EO4GJZQ,B00O5EL7S6,4.922908
AFODRXNLEQI45IJTZOSHP2H2AMMQ,B074T1SZGQ,4.0441675
AFQAITIWHYF277C64BWNAQODYE7A,B07B16JL73,4.756615
AHW5L5NONM2GMDBDOMAWICXCLOJQ,B017808XKS,4.6742687
AFZPLBJIKNDIJAYC34RG7MYJS6DQ,B00P1GZ39G,4.6494017
AFZUSTESN2HG2A2VIEJC53WXSQCQ,B0C4SP3PH1,4.5836535
AHVL6NLW2ETK2KCNUGI6OTQ6IDQQ,B07T9W146S,4.6138415
AFBW6R5V7AL57BMCUYFK5ZQRHU3A,B00504BLJU,4.6804757
AF2GNRUCCIC5DYCDJQ6XF45STO3Q,B07MG78TDT,4.3340626
AHQCQOYWUBEIRMSJVIAY62ZX3GSQ,B0CHMQ9H9Q,4.6988277
AFUDNFNY7SEDKBT36AH2LZDN4QTA,B000Y021NA,4.151403
AFMWSJXVD2ITRLSHTOVKET5IF3SA,B0B8M2Q1DS,4.566264
AGTOYBZBFDWXXD32G3TKF3IOTLBA,B0002F59ZY,4.652151
AGRCVTGVKU6I4WAR4WJGCAQZM6XA,B00HTWQWFO,3.8308566
AEDKWF6D2KIBJDGAWTXGMLCR3WMA,B095XCZXNQ,4.047938
AGDPYGKE6ZOXBMUDUOLHKMZHCJ3A,B07MFYHKLH,4.3709416
AEG6JSCCSPLNC3WDSNULLRNVWOXQ,B0B7C7PYVC,4.006357
AGQ2FSQ2EJJXXJDWNXNLRAQCQLVQ,B07HGRFG5J,4.0232215
AHUFMBH5VMD7UKPLSWAGMYSFHMUA,B09HCRTKL4,4.884403
AFM7D2H5LRVJUVMGLUUS5MNYR5WQ,B07BH4GFV6,4.7443275
AFAQSQ5NDDBKAWTJBFS45OSCAW4Q,B0BQ4G4JYQ,4.708054
AFG4O5LTIHBOWSQ4LBYQLY4TBJDA,B0BW8L9WF2,4.421774
AEYJ4BWSPRCLEJQIMDL7BH53TYGQ,B09NDBVJXM,4.740142
AEUSNVRZQLPKRERL4EJ3HXR7X3LA,B07KK8XL44,4.2573795
AGLGD4PSAOA6W6AEZIQ7PT74RJ2Q,B0BSGM6CQ9,4.8120623
AEDHDFUNQQHHO4IV57N5YHW6IVGA,B08FC4P2F6,4.263602
AGJRMIF3LHVDBHMCEYRL7GWCVMRA,B083MWZ1DN,4.768151
AEKHOFU35JS3BOIWZSEM7DKSTEVA,B0C3QWRH66,4.12831
AGCV5GUWIDXH53ENHCIXSZN7OBHA,B0002D0M94,4.7166204
AEENSLZS6WAJQE7GRMNHI74TIYYA,B0006UGEOK,4.4228153
AGBELFRDXNHI2I4WWUM2WPEAM7UQ,B01CQ01SPM,4.5917544
AGDATDMAB2JQFVOC5BSRRIGFILVA,B06XVX7BHJ,3.9704497
AGJAAVMYOSWYRC3HRWGAWHJFS4WA,B01NBIW57O,3.735499
AGBG3KK74IKWJNQVMQAGVBWJ7FAQ,B0B2MTYQJP,4.497451
AHO6JZJO74RBYK6KAPCPQ5WW3VEQ,B09857JRP2,5.0
AGID6DHXZOL34MVLPDSCO42D6GZA,B08WB1VLRJ,3.7133555
AEXNTI6B2RAU4KEAXHXAYKKI23HA,B075B1J56K,4.5037007
AGZ6AX5RT2WKRJYCYVT27ZIMMGMA,B0195NQSTO,4.8257556
AFU4WXFS3Y3OZ52E23YPAA2DIJRQ,B015WYRWYA,5.0
AHZP4EGVGXAQYU6NONQW7WZTPEZA,B0085545YO,4.6047773
AFGQH4JD5QBDF27M4MG6OJ7IXWBQ,B07MDT5WJX,4.8245187
AFR2QCLNJZYL3R3JDCNNBGLH75QA,B006UOSUW0,4.9092054
AHJCDOPTP3TS3AKN3WXVWSQR322A,B095QDDCKN,4.632104
AGHGEAJWZF4K5ZD3AVJMVR4VTIVQ,B09G5QS1VD,4.4931445
AEPQMXHOMG5ZBK3X223A6E367KLA,B073NPJF54,4.442758
AG5QJWMXSGR6QK7CTCJKXRD7OSOQ,B01N6U2EJ1,3.788238
AER47L3AWJNSW7S2YC6UI6V77RAQ,B09857JRP2,4.8765664
AGEA7N4MSNAK7ANYT2RPCY676KNQ,B0035LCFRW,4.8688855
AFBVKQ4TBCCIG7N5BOIREJ47BGEA,B06X1C3GWZ,4.2553535
AEIW3FPJYRTL2ABJQNZRVELSDIHA,B004XDQFJ0,4.8018894
AH5D4W76WTWVES3BKJKJPOHLBJ2Q,B08F2QZ9XX,4.1789227
AEKS23KTJWPSSKWVWNUPKQMKOVGQ,B0BSGM6CQ9,4.6111145
AEGPB5P5RTPWTVSARDZCY4NIITKQ,B00KND95KK,4.3426175
AGONUN3SQ3DQUX62IHQE5HCAXT4Q,B0BDMR3TD7,4.076509
AH665SQ6SQF6DXAGYIQFCX76LALA,B0B8LYBTXZ,4.0916986
AFRGWN2OQMXTMFUCW7DBTJXXZC5A,B00CK2FOZM,4.5623016
AG4FSWXIYRAWD4GVRIYXCARYASVQ,B008MI70QE,4.5074778
AFSCF6RFBDYMGTDCGT7BZ4Y7G3SA,B071ZQK57R,4.1596212
AEX7IVE3YZLESAPRDVOPTUMVD4FQ,B00P6ZOPP0,4.060643
AHMBTMDNL6YETYVEVAX5JCIWWNCQ,B07Q38FWFJ,4.7361336
AGTFVU24EZKHXUFYKLSRPB2ZUG6Q,B01DE4DTAG,4.688465
AFC3LUU6EQ2CJDKUOVUANLP2JJOQ,B011EXBCMQ,4.058229
AFZISTRYDPBLS4IDSBZTKRIGKDOQ,B00WJ3HL5I,4.725665
AFKRDWMANJ6YAYLX5LLJTPI2NXBA,B088DD5M4V,4.5788393
AGWAWVRXUKLL64QUQZUHNHMNFKMA,B0BFKKVQZT,3.9677532
AEOAVQQMRY652RTKHFB3L6Y5TYIQ,B001GDJQTG,4.09117
AEMJGS26JFHL24UXI2Y4IN42MUQA,B09ZTJH58K,4.9314814
AF2SSK423YDGF5C5EVEWDZFV2TQQ,B0B95V41NR,4.735485
AFOCHHI44XKMG44TIDXRHY7R2H2Q,B0B8M2Q1DS,4.180368
AENLVOY3BCY4AXHOB5WIGE65SRHQ,B08R8FSFRB,4.3444653
AEWH7JMFZ3SQI4UE3DU6VRYD2BGQ,B0872CS1BX,4.2929
AF6JSVPJ2DCT5CECPNXDU5PWBMEQ,B08BW2TBD7,4.3406777
AERERSWI7SYRKB5A5K6N3VSWWS5A,B0777KT21W,4.28819
AFO4VO3EMAEWPOST4DIAMAEB7ICQ,B0032UYIQM,4.767351
AFJ5GUZSFBLA2K6DI4XHMSG2ANJQ,B00KLLKE04,3.496153
AGJNQM3DSVQLJISEL4NSWE5JOOSQ,B0BKZ3GCGR,4.445263
AG3YM7FMYVGQ4UKSE4LQGJTXD5FQ,B07TJX2K8G,4.875338
AGVO65TAROWVIZVT227P76LOBEPQ,B08XMJVW2D,4.2856526
AEV42PMIPV5O2GR7XEEVAKNPJF6Q,B01B15JPCQ,4.079689
AGB5HMEVDU6ZTYLFVUSDBISX3U7A,B07DMZ4B7N,4.773783
AF6EJYBF33I6ZOJWPS6SKJCN2DQA,B0016H8S1O,4.832388
AGUUZPBKG7FN3UFJIS4IXRDZWVMQ,B0161MMX4G,4.330896
AGXMTHMKZG3QKW6UZPY54A6225ZQ,B01MSNIVKE,4.547541
AHNUALEQSBJJGHXFMSEIHPPXJGPA,B077YGLM39,4.484159
AHK2JKHQ22EXZBQWCF6SAV3XYAYA,B0B7C7PYVC,3.9212523
AHR4QTZAOVEE5Y4RZ2PRDEWZ6SBQ,B09RTZ26KV,4.9573617
AH2POAHDXXWBO6AJYISIC5WO35RA,B08C2TBWGV,4.043903
AFTYUC2644SXODMOUAOCS3EUXLNQ,B0925WNSYJ,4.606515
AFH6VTF4HK7G6XEPGKMJS54HS2BA,B01M0RWZSB,4.630059
AH7B4LZKXIRVOKMQABH4TYJWKYPA,B07BK1KRMZ,4.9103537
AE7BOZUENUHTO74ZOFS2MCV2OIPQ,B01K1EJQ9U,4.178775
AEPJXX4K5S4WEJ7EHNBIGZA65CGA,B008BPI2OW,4.3362193
AFIE5BI2QPM355FG7JOUDUL3MOQA,B07234PV7Q,4.773184
AGUT4BSZDABF2TKPWTP7QJTWARHA,B000V6E01I,4.679942
AFQSGCTOHFIJRR3TFZ2YGU764W3A,B00RX5HQS4,4.7204046
AGZF6BB2D5R6EMB4P4353LFKR4PA,B0B59HT4CW,3.8838074
AGEZ4NC2DGLNTGW4WK5PB4PVPQ7A,B07Y6TSTS2,4.118808
AFXSSSNW7ZJY5LZTDXHURSA7I3WA,B008DCOOA4,4.3761992
AHJPWPHCWZ5MX2UY6CNGJUNBWP3A,B0B8YY3M18,4.589559
AH7JAXK4CMAKGB2I7X2BIW4OMXGQ,B07PMLJ8PT,3.9370708
AHSLQLTCTL7BXJCKPC4CS5WZ6P3A,B09857JRP2,5.0
AH6WLUR6WYU5G3UNQDCHKDTBGEGQ,B087B6MMYR,4.0225854
AHCKFEE2OR3IUWX3C4GSR3BTXTSA,B001B850DM,4.178579
AFA2XGIBDVRKJW5TUJ4XBSFRKD4A,B0BZPVZC89,3.9114687
AF73XBA3ZP4WT5PJ35HOIH7RCX6A,B003KVKT0W,4.469888
AHAVMJ7OKLRLFKHUSZEZQHPQCHWQ,B015HG82EW,4.383676
AEJWL2VCYD5DYYK5KTYHBTRTTUVA,B074KPCGYL,4.4932866
AFQFO4MXAJX3BTIPTQGSKIOAJ7IQ,B001NTX914,4.2868876
AHITPAZLFZ6MUAIRVQ7O5P5XGBBA,B00VYQABQ2,4.2943797
AGPDZTRIIRXHFAPGHUR6WG3NFD7Q,B072HMBSND,3.988546
AHWPCWQ2D66IJWQW5UOWEM32V7BQ,B017GSAT0E,4.7151875
AGXFIFO4VWNHPAX3VJPRQ2QJSCSQ,B06XHXTNK6,4.3422623
AE4XDOLOLDHCE3JLFPIOCU2CDPVQ,B09DY5162V,4.379674
AGMLFM5LJZ6NWOQ5SKUTHJZ3WMCQ,B06XXND94L,5.0
AGXTFGO7KXIW257RRFLSA3C5VRWA,B00IFOTSJW,4.6945405
AHGIBSFUX75SKXE57B3GHITHYR5Q,B07GBPF914,4.5813627
AHHT2CP2KHNLPRBP3QFHWA445TFA,B09PJ3N73Y,4.179317
AHQRMJ276MO2DYT6Y35GUTUZUQEA,B0BT9R8MMV,5.0
AEAGSWW4RVIR4L5BH4MVOV4X23ZA,B0BPLFP5P6,4.4059505
AGRMBKF2SDE2UFCVGX3C3YU7UVIA,B0884DCBGJ,4.4485087
AEQCZKNMWZW72YG5ROSWVBGOXHWA,B00FFVLKJE,4.1070075
AH6MAK6PF2Y5LOQKNJCZBEXMKYSA,B0BW41MRGK,4.8285704
AFFCNEJLNMAUSBFDTVL7TDS76HHA,B09NC8HCRS,4.5893755
AGHGEAJWZF4K5ZD3AVJMVR4VTIVQ,B0769VKBTZ,4.9985986
AFHXGVSCCIAZUZKLKFO4SF23HOEA,B002AKVQK6,4.9702015
AHSDVLG6RG7X75WCJSRNBW52INCQ,B08KRDKZ6K,4.6228466
AEJWL2VCYD5DYYK5KTYHBTRTTUVA,B00WJ3HL5I,4.760574
AGEJRGFQAE756CZAUY4OQLHQ534Q,B08XL4NHL3,4.452516
AG5ARKH5DHRZD4H3SGD5IYTY654A,B0BXDSJT52,4.289052
AHNWYYSU37USMKUNI2XSTHCD2VZA,B07MHL48V6,3.8001702
AGUIKU6A43BXYLTYZXNODQRHZ7EA,B0BR7Q74PC,4.7317634
AFKDPE3P5ZL7WWTHLJGPGHLFLEDQ,B08T9CCXZB,4.7659736
AHGFANFHSMQOHSDTHKO52DWZFYAQ,B00GG20DJ4,4.1780515
AGNDXQMA54YLPLIRSJ4CRPHH324Q,B0BT3B7GTY,4.7838907
AHHIVSLNNBQTWQ2PQJMOFF4IPURQ,B0796CFWKG,4.6519585
AHF5MC62OR5WJKQ44L6CWWBAJIDA,B09JZQ67LR,4.383045
AGDEUEHXRVCWANF6PENBUO3PDUKA,B07B9W2XFS,4.641057
AEIGZOWPIU3PMS72QQVOSPK5DSWQ,B09G5QS1VD,4.1821823
AGXKROS7PUCF5FTKJP2V3Z2DVI6A,B09398HH18,4.821704
AFQ7VJBUAFMCD6WLRMNJVL5IZGUA,B07K58QSGC,4.71318
AGWS2UTABX6UIBLDKBBUN3Y73YPQ,B0BCK6L7S5,4.735848
AEQZCIHPL376ZN3LRVIK7LKIO6IA,B077RL5S6L,4.697596
AHQ7UIJUCTKYWL6SHF444WJYBZPA,B008BPI2OW,4.7525234
AGN3MQNSNQNYLWDVVGL5RTDA2DHA,B00XWLVDUU,3.7568054
AFUZLLFBTEMFFNHEXPEMTWWFU65A,B07GFH8NTB,4.678867
AHSCZVYJIQ4N5YJQDGCIZZN3CFJQ,B09BF8XDF4,4.1424093
AEIZ2AYL7ATS6TTBKCC2SO67YCYA,B01B7N8P5A,4.259521
AE7PQEPFCV7OBKK2FZ5HNRKZE7KA,B000JWTWCQ,3.8584776
AEW7WXMSL3KZ6ICVWN4S5I7PEUKA,B08T9CCXZB,4.833499
AHLLDYLLXIAPQN7DJCA4BVYPPEFQ,B0CBSSC46G,4.575942
AHWKSJ62EEEXSRG3ZHRNWBEXWFXA,B0BWXY17MT,4.840153
AFPQPRIZXHHOVL5VYHPKQYMEPHQQ,B00P0HIZXM,4.454569
AFWQ5JUXYJJQDJNYLVVOQDDW2C7A,B0006IQNES,4.669783
AE3KSV543QVC7GAKJGAE6F5TS7WA,B00F4MYC5I,3.8387759
AHZZX3DQ6IZHVV7GI77GL4PAQKCA,B0B8M2Q1DS,4.3258314
AGE3YAKMNHECBEAFUIJ7NNLO5RTQ,B000637LVC,4.6864295
AHNG3NRGEDYO7E44QMYDHMBADPBA,B0B8LZKBN7,4.1758666
AG43KQOKOO573AON6M3W5TYWWE6Q,B09D9HYFYY,4.684198
AGGC2NUD4OH4CW2EV7ESFUAAPCIA,B004XNK7AI,4.7229457
AEK7KBA4LVW6N7422XG2NSSRSJAA,B0BXT3YHW7,4.148179
AEUFCTMP25QBJ4AB2AN5LKHR53WA,B00H35YIJE,4.674659
AFBW6R5V7AL57BMCUYFK5ZQRHU3A,B0B76W9CDF,4.93769
AHKYSWGAUYXDRDRDVPJF2IXTBQBQ,B075YF8VTV,3.9195364
AGFVP2RIKQMCJOWPEFL2YOQKSUGA,B00Z9TIXOC,4.906175
AFKK7F5DY6QVQMPGYFXJUJMH5GDA,B096QV18NX,4.426702
AEUL7J5DOLN5C2TNYN6WLR7VK7CQ,B09R6PRMMY,4.9538584
AGORB27V52BOPCJGRI3QPQZ7SF6Q,B003KJ0ZD0,4.630294
AHYU5PQSGXDZ6V7F6UUG6LX5HJRA,B009J8DXQW,4.511957
AGH7F3VLUYMLE52O7FHD7X2B5RAA,B0C61YQFHH,4.3095484
AEPUDI6BXIIFIBDD6HN66DFSXXIQ,B08DLK3GC9,4.8283834
AH374ITGDQXQGVBJ5ZSW5LVEX2IQ,B0BKR2ZM9X,4.966505
AFJPB6LUARRD2IM4HZKYPSVC3FAA,B0BBG39TZ9,4.5816865
AHTRLPO6Q7FNLBNB5SQSDPLC6I3A,B07PSWC1XY,4.525305
AFZQH5XG2U7PUV4ESRY7IA26VMPA,B074WXM13T,4.5857625
AEHGYB4EMFSAOJVQSYG2QD6HMGYA,B01KBCUPFG,4.0517864
AFZTZTIUKWVBHZWWXHP5GDF6QODQ,B0819XW78V,4.7152853
AGEXOCVVUXJJZMX6AGI6LDVUC7SQ,B006UOSUW0,4.3777914
AEVB5BSDA5OASLEFI37PGC2XHIIA,B07CRK35NG,4.3848667
AE57MRF2R2ALCC6H5WQLFKT7KSSA,B07YXY9L3T,4.661117
AH6JESOL3IE2HXVN75ODIOHNWJYA,B0C3LK9886,4.1017494
AEVP7D4FN334JKBYDZ2EP5AQPKFA,B07MQJQTR7,4.3955693
AHHXUCKVUSI7A5ECJMAV6KU2HOHQ,B00OO0XTB4,4.7262826
AF7PSUJM2OPFVDSI53L2EKYUPZKQ,B00USQY0CK,4.189986
AEVYZFKOMNX4DOSBR7SI6PSU6JJA,B01LYIRO3H,4.5262666
AHMVWBJ4FNFOXJ6BXA5M7CEDHSNA,B08S3X7WMR,3.5145142
AF2OOLUOKOYQ2HOAECQPBVCIIUVQ,B07PPHHG34,4.55002
AEEWM3H4MGP5YEKKAWWN2K5GFDGA,B00CGFRJ2Y,4.9618273
AEZ25O3HQYWEXVANIUM6VHNRDAWA,B000GASJF2,4.045375
AEZEQQAJOBZ5B7QVPWXBXZ33LAJA,B078KTV8L4,4.02051
AEKIBDMB3G3V2F3S7UTCCKDMR3YA,B00US6YYMG,4.156131
AF2GWXZDIXTBHQD6Z35SR26KSGYQ,B0CBK1WSMR,4.234804
AHFFHYIW76RJQMCGMNNOHD35W5DA,B07SPHH7TD,4.894844
AGHVRG2HSUORQ4A3OHQFWKMIEOAA,B06XXRRGTY,4.946263
AF6QJEYUUAUD7J4D6V4NW6TWX7DA,B003KX4SC0,4.421316
AEFJPCWWQJOL4HBWQXYQ775IBTJQ,B01822J05S,4.401117
AFW6ISKFJUM5ZDRGSDJCJF7TW4IQ,B00H35YIJE,4.8261366
AF6LBRKK5RSD3TBYPDXMMDP3PX5A,B0B8DHDVJZ,4.7660866
AEBPH5OGFZWNYAOE4EL2Y4MDPKDQ,B071WMKJMY,4.691952
AGUAR5LOTVA6SHQBEM5NYSO2EAWA,B07BS497RX,4.564379
AFLE6K7Y7L53CS7SV6JR5IPXJQ7A,B0002F51DO,4.163383
AHNXWNFZIZLK2A3OGVF62FGR6SFQ,B00IWXMGH2,4.3945775
AGKMKTMMN3RT4CSD6P4TAWTWYPIQ,B08BSFDY99,4.4604816
AEN326SBT64VHDX7FG2G7ETRXB3A,B0002CZTIO,4.232883
AHHWYG7BHH4KL2NMB7SRQBRLZBXA,B00KBCOWL0,4.2714705
AHLV6WPBIKRRVRV7ATUGZVVPY24A,B01FH89Q5O,4.935657
AEVWFJBKJSOPAP6RKLA62OZNCEGA,B015X3CXXA,4.487769
AGY4QLGJ3WS572EJXYILMZP6U5XQ,B0C61YRZ1H,4.5295167
AGCKPDUZTEZAGOLCCG3DQV4J5XXQ,B0BT2ZRCY2,4.7047257
AENG2XOGTZ5PWTWKRPDZP2S62IOQ,B0B31RCL2G,4.4061694
AFYQ5ERCXJW4T6D7VSCXP4BL535A,B0BJYS4BQT,4.3488913
AE53VDKFQ67YHCSPLIMTCFK2TBCA,B0B8M1RZWV,4.743949
AEYLNJLX7GYF4NXNAVBDL73VEYPQ,B0CBC8FHVD,4.0898695
AG7YOQATPK3IWI5WQHMNQSGNYQ7Q,B000H18RYS,3.65675
AG553SGZBEHRCZMXNXWJINFND4YQ,B01I6EHKL8,4.421713
AF4R3QHJTOOHMJXQROF7MA2RM2QQ,B00M9BSZMI,4.5858183
AHB7NX5MFSJ6W2NWR5UNUFEF7RNA,B00N5THDR6,4.6279073
AEG3S2JSG7WW3BXOWKWYPVSTED3Q,B07NDJ1HSG,4.2359934
AF7CC34DK36SQJS7WXI44DREGWJA,B004P4MLMW,4.691525
AFQGOHTGJDVQ7PWB3MGLRTG7YHDQ,B07226MCY6,4.534445
AEQN4YUQXU27N3EXVSGUEWRSY6IQ,B093YGS1F1,4.462959
AG3S4FROO422V5KP7DJCBXVUQLJQ,B07MQPMS7S,5.0
AHDZKPPKUT7HD47LXCBN7RQNN6KQ,B09997NM44,3.9471173
AF4FA6MXKUITCOOQCHJZH3EDEW6Q,B0BSGM6CQ9,4.677149
AFTEZGXRBCAE4WOKUTABLKG6GHCA,B075JNW6BK,4.2072625
AEZVMCJMXA4ZJWUTFHQCLZIQO3LA,B00CRQWMYM,4.0859275
AFD2MJZTOT57DPG42CDZ6J3ZW3XA,B0B4SGJRHR,4.6490445
AGFUJJJTJMQXQT2PGDBAJE6DIPQA,B09857JRP2,4.630589
AEFTOJ4ZJ77AZONVSHEJENIC2JUQ,B0BJYS4BQT,4.1849065
AG6Q7E7GGX643JLMRMPISRS4ZGOA,B005H2007E,3.7878246
AGP2NR66453AJZJAYKZGSMONZ4KQ,B0853X3VDC,4.570329
AENJN3SAZXVRKSYKW57MJLXAUI6A,B0179A4ILK,4.080199
AEZFHZS4BLIBM2BZVUWZ3PO4VFXQ,B0007L8BQW,3.9225676
AFXOJVXLBLYD2KJCO2MV3TVEPEOA,B0723B2GNR,5.0
AHLQP6LTDDC5HOP5TELA473KFRDQ,B01C6YZFY8,4.7387695
AGNJGGJ7ZVWUJ2CPLO2FCI6UKTFA,B0BQYH4Y5L,4.365133
AGZXSZ3JSHVOVFSVIPJN2AZXAKDA,B0B4SGJRHR,4.5396056
AF6PBG7LLN5RCHTOHZ7XQSU6JKYQ,B00WJ3GS16,4.063921
AF7TNRCWEV4U5PMRMSMUOULNQWFQ,B01GKX638S,4.0442333
AHVMNUYCMLPJIGPR7BKLLJLX57PQ,B00IFOTSJW,4.6780553
AHC2TT2NQZJDTZG56UF3GGLO3WCQ,B08PZ5FQ3H,4.288405
AF746O6B6UNT4OC4TS7CL3Z7TAFQ,B0002E3D9Y,4.632452
AF7UCCPZPJPW76PNE2ICQPJUQEYQ,B01JM0WCYA,4.320373
AG7SOAQOQ46YSE3DL24EILYE4XWA,B071ZQK57R,4.336126
AHJPWPHCWZ5MX2UY6CNGJUNBWP3A,B0B8YX1H2H,4.5825305
AEIORS6YPYMQBLYQVTB6OLRC45UA,B01DK40R3M,4.6524725
AGP6DVMFOPJAIJ2AU473OUN53ZGQ,B004X7OIRC,4.0290556
AGEHREYYWFDH6O3NOOJSPWC4JSXA,B0002ORP8O,4.2228713
AF62V5OQ5N6AXFIPEC5OW3BITFCQ,B00WQI2TM6,4.3014603
AGQGQNKQEUZLXVMAD37CUFLLGMMA,B0BKB22QPB,4.5223107
AFH7JZJO6B5MCIS5RII5J7JG5QOQ,B0018T62KE,3.7460282
AHZER36Y6IL7USHGBCELVMN56VOQ,B07MLM8TGT,4.2137947
AFOAF2ZM5JEUC4HEXDCSQVRN4VBA,B0BK6MQF3Z,3.9878736
AGXCLEGTACWVEW5H6T4S3Q54Q7DA,B0745KXRSL,4.3797994
AHJMSTODUTOUDOTDQUB3W3UUL6MQ,B0BSR996X8,5.0
AFHEYIB5M5MYLROKZ5IEMZSJDD2A,B097JDV3FW,4.9686136
AE5GU6FB5WPUSX37JGGNXLS5MNLQ,B0179A4ILK,4.9468246
AH4AIWIVLN43SGJGK45W4FCJB5GQ,B01MF9H516,4.4804296
AHBZTWSVWOVGZACP3DOO4IVRVBLQ,B0BFVMLVWB,4.358081
AG7D7FLX2VNKHIEPOEAYLPKEPRDQ,B0C67HCGBR,4.9596243
AFUAJBFLBR2QNLGZJHPH4NXW6TTA,B07WTBV69J,4.7753572
AHR2T6WRBZHZQDINIP4FEKFMJLGA,B08R5GM6YB,4.7960696
AE5MM5FGVZCIPU5325CBSL6BL76A,B074QKLW4N,4.9899745
AFEJOKVEBOJR2MZEDPCEMXEV5C5A,B013RX1IJI,4.229486
AE6DSAVSFEUJXG6Y6OXSNBF2GR2A,B003YJQX1O,4.58357
AFUVULLBBA42PQXUQ3OIHUJULV4A,B0BSGM6CQ9,4.6152477
AF6KNY5JSYLUFJB4LCANTACTXPFA,B09Z68J6P8,4.855364
AHGC4VVFAHJ2CYX2C4HYRZCRJGCQ,B0179C3V7K,4.8452334
AG2BUODRLIQFESF7NG5QHFDK2KEQ,B004HNZZCY,4.33564
AGS3RJXAVACT2S5EKGAFSWADHY7Q,B07WWK46Q9,4.2766337
AGN7PZXO4DA4KUC3RLI4SUSYXELQ,B0BSC983V7,3.9628837
AFN3OV2D5SKJPE2XHIENADGPW7YA,B0BK5CXZBT,4.5315
AGTN3NRGMYAX236N4FCZV3G5A5HA,B07V2JKL3M,4.572482
AGIBAXUNJ4PSY34SL5OCL5GQLUDQ,B000CCN152,4.3990474
AFQGYW6TLQ7IOG475GG6WDXHPY5Q,B095XCZXNQ,4.0854945
AFMZRMZM6IRXS2JNBEZ5AYQMPDJA,B0002D0LCM,4.60115
AFWH2ZHBRF7EKVOCO5QLDI6XWNXA,B0BQ4HSKC9,4.6221604
AEOZYGYVOZH56BYIKIHSZ5VLO27A,B01M9D2C5L,4.7136846
AEOJHU6GSSVCEZAM6FEODEONVFOQ,B0006676A0,4.387683
AHOLXWCFOWHLDA64LCMFGD4J4PDQ,B01MCUYAZ1,5.0
AFZUAJ5PMJGGOVOTKPVCIMQLO4KQ,B00P0HIZXM,4.2989573
AGYHFN4XDNHUITNETIXMII65Y7CQ,B0C5NX9VCH,4.534733
AEQJ4C6IRPWITBGZ3PVJJB6DLW3Q,B0BSR996X8,4.974249
AETZB7U7X35AY44OUKBASKP6TDYA,B000BYPJ1U,4.4528146
AFSJBRLZNDADGSXJ7QFLIQVU576A,B0BCK6L7S5,4.4412823
AHV7MPSPXX63ECNBQ3XQ4QHUOHFA,B012VQ5A7S,4.621563
AFKFJDNRMX5RUG6DLAY7362NOA7Q,B004XDQFJ0,4.9011226
AFFN67NKO4FPXSPUZYCOTZWVRWLA,B01DPCONFM,4.701751
AHPKNOIDJLQBTSKV6OYC6TGDPGMQ,B0BYXVCSGG,3.888681
AE3KYIL2STVS4RZEBPXGPIJWVIZQ,B09KR857F4,4.4440174
AHO7ZCW3BZ3GJQXQ74M6LGJNO7VA,B019NY2PKG,4.581804
AHG32NYWESLOGB6OYVPRTO5BJMKQ,B06X1C3GWZ,3.9767287
AGNJ65DORLK5QTA3DVYWNSSUQ4XA,B06XF6NF5Y,4.7674356
AHJUKDLBKDLRZWZ2OFNOSAYOCTZA,B00282WZG0,4.4328375
AGDUZDJQUH2MA6Q6RBVBVV7FIAIA,B083ZWDTXW,3.523783
AE47BLFQQB354YHT25DB5AK5CYBA,B07B9W2XFS,4.252072
AH6NZEBZS5W7DZHLITK6B5KBHQOQ,B0C6HZHZJJ,4.4410195
AHJPWPHCWZ5MX2UY6CNGJUNBWP3A,B076JH5YJK,4.2396135
AG6CAX2ARLBEGBRWNL2BPPOOPHLA,B08RYV2ZJP,4.0005016
AGWKQRZOH2KLRB3W72ZFRMOTZRXQ,B0928HW2P4,4.835708
AFUS6JTLJZK3Q62HGDKY2MUAVPHA,B07QCQ55YM,4.653785
AHICPR4QVQ5FMDFSESYDMTT3BDZQ,B0BR2VHR6T,4.1840696
AFER5T4ZS5YH5EKB7LNOGN45ER2Q,B08P34KV3X,4.232037
AHV2XUY4DXHZD7RKGPWFEU74NBNQ,B0B7C7PYVC,4.751286
AHV7LCY27PDOW6O6ALGAAK3YW7OQ,B0BPKH4HB2,4.1708097
AFHIS6C62UGA2SKV3M37TVTMEEJQ,B005NACC6M,3.7568436
AFWNIPDL72FP2UXKRYXN673BN7HA,B096K4CPC7,4.723162
AFWB3VZAKJWI4UMADRMOKAQ5LNUA,B07JGCQYN8,4.310327
AED4QB2WMSEKWT5RXAVNI6YHOWUA,B0BWPTCWM7,4.1446733
AGXQG72Y6EIMUAUYDEY7IGJUQPMQ,B0B8FSCM9L,4.9427075
AHFI6EVQKDDMROI4RSVPWF2Y6ADQ,B0C3J448FC,4.060155
AFCLOTB3P3EXMIQAKAZIP3KGAYQQ,B001OAGQ80,4.062089
AHVI7QLSKPBIW75FEW2HYEVT6YEQ,B07QL29XXZ,4.5321255
AHK4KM746PZ75TTKIXKIGK5MZWPA,B01K9AMG8E,4.0280395
AEWMRA77SLIB4SBUM3KEETKZDQTA,B077XXXZDY,4.500564
AEJLDE2NMFTUMKBOMFJSS7O5SKVA,B07NP7HF7X,4.0323524
AETB62XZJ5WVKESTF7USQPQWW7KQ,B076F5W8Q5,4.205145
AFO6RUIVRV4PUYTGNAGY4NLYYYJQ,B0763ZF7FZ,4.408613
AEZDB22RA2Q6IVC7KQHPZQK2MHDQ,B0713R6CY5,4.67507
AGAM4YMLO2I3H573MRATCQBVH64A,B002NG7DEK,4.664011
AEBBQOWNSQ63MFMGO4TTXL3SVOXA,B0B56Z5G3V,3.6300938
AER2QRZUIRFMMQHUKONI6X2CASSA,B00008W2LW,4.8686533
AHRPH3DCPDNWEDZJAP7L4UJ6USOQ,B07C4HLT8X,4.6004925
AFDVTLUWYDVFN6YZ372K4B3HKSDA,B015HG7F3Q,4.145526
AFJBVD32IH6ZX5BNLILRZIPUJZZA,B08R5GM6YB,4.655712
AFZ3C46427HBPAJPNFHWADDIBGXA,B0BKZ5N3PC,4.1636815
AHJTAHSOTD635R6J2KKZG6WVR3BQ,B08NVVLB16,4.8718467
AGHPBBUCMU72JNN57OKEFJ472UUA,B0777214NC,5.0
AHU7SOTUAYWHKXXEFAB4IPX6LJEA,B0C6H9T5T6,4.5073986
AEWWKKSI3XGONPAWUPUVPXAACNHQ,B015WUVA5G,4.6920214
AFAECBWSG2ANSNDXNRJVIEEYJ2CQ,B09V91H5XM,4.5145535
AFXVOM24JL7OMMEJEY7HEA7DYH3A,B08LRLRRKM,4.397593
AGSQ22VXCACZVWJ4XXFTNVMEBQYQ,B07D1WM2G6,4.5676646
AH3ING3LIZEANVWVY3QBYYB6EMSA,B09M7P8SBH,4.716187
AEQHY2FHST4SMN26QCWYA5VEWOPA,B00WJ3GS16,4.235083
AG5A36LEGWKOSS6FKTBMH5QM6PHA,B09HCRTKL4,4.490112
AFGQTSA5VSAM326LO6ZKAIWIFK5A,B01DE4D4LU,4.5485125
AHPNDZ62QLYS6OQRQ7UGZ4P36QQA,B0BBRMGRTS,4.3744016
AFEYB24M4HNZQQHWPJYMJ22PLNYA,B00WHLLDWO,4.4781775
AHRQPFLXCGZAB57SGBOJA5JLOEKA,B08KHSBL34,3.8345468
AHMIJ4JOTBVZX7ERWMM72CRSEQZA,B00BNVHCYM,4.7457685
AFJ6BNKTPZQXGEOAIOMMCSESJS2A,B09857JRP2,5.0
AFLUYFO2OX32ABMQAGQZDRCFT4BA,B00557KN28,4.277274
AFCTA7ADJVBKAOXVHUHMRZEEEE4Q,B07226MCY6,4.2204
AHTNHU6RK7ECI3WRIT4KORNYQPOQ,B08BHXRGML,4.400746
AHQO2Q2Z66EGYUYBELDADP4L2XEQ,B0BZKBPRVM,4.4974475
AESJNJSZZ7STVVZE46RTE2OFYISQ,B01LWWYCRN,4.7316275
AF6LC3PL7ATCSC6VQ2SX4PS2JNTA,B08RS1NGLM,4.451307
AHRP6TT5VE2NFIKXCBU24SD4PRGQ,B010GPFRUQ,3.897373
AG7SIPR7YPAEQ6WNUUMD7M2YUEXA,B09857JRP2,4.52729
AEPT6TMOHTPA6V644QQVM5G3PJBQ,B082WVKSNG,4.998132
AFFHJNYPY6JKYNB3UHWETGBAHFUA,B0B41JFP9C,4.030891
AFLZHVQKCWSLQM5I2Q2UZFHDRSBQ,B0B7Z4Z88L,3.9542007
AFKP7GPURJA6SIE2IQAPMQVFZYWA,B0BXT41XC6,4.889555
AGC7JARZMJSMJFFKT7LQXZ6QFZ2Q,B0C2X15CPH,4.5067225
AFTQL5KFH752LH35SF5UALIXNSXQ,B09PWCF6T9,4.6855507
AFK5JSKYDDZ5I7EZGR67F7ZW64VA,B003IJ3WIW,3.7688227
AFZHQXVBWWHO3F5JF2CEUCABVAHA,B00CPLODUU,4.6046357
AHO5LUPMSZT2ISIN24MT3W37CYHQ,B0009FUUOC,4.2206836
AH2F6A7VS6CDBSJA24NWYKBEWPOA,B0B9T61HDX,4.566749
AE5OSZOY7GGHPWRN5V66YTEY5FMA,B0006LXW80,4.378218
AEC6SU2J4YKKWPYWR23LZX6MARNQ,B0023BYDHK,3.9110887
AEZC3BZA4JBY4JC2EYAX36FLTMZQ,B00MCBVY2S,4.8971143
AH2J57YBS2WIYAEGFZGJZ7XYB7GA,B07BQ8JQZ4,4.1285787
AHPG3HA4SKQBIGAPE64RAQ7XQQYQ,B0776RBZF1,4.292802
AHZKE7W7FCLQLRXILNZZBNW2SBSQ,B0B8P1YW7L,4.2818
AEF57CDFWDBRC4QJ3RPLBAHB2JGA,B01DK40R3M,4.585457
AEJD6FDFMB7DIJQER7XLWZFDNMXQ,B0BLP3WRKX,4.0723023
AG5XY2G6FGRKC5B46QB7DJVWBK4Q,B07KJ3TD6W,3.9588406
AHLCWSDDDARN63GR24EPLCPAO6NA,B07CYRYQ8G,4.3865476
AGMQD2OLQTMWCPA23Q4WE6TTSKVQ,B00F20MIC6,4.3968067
AFALDYQX7GLWJOTNR2IEZ7EUFCBA,B01BNTYSKO,3.96692
AGHZISWZBPUB2LLPQLT34LBJQWBA,B07Y6TSTS2,4.6093736
AE7HSNODYHJTFA44QPRBOTYATBJA,B0B3VDFKB3,4.279104
AHBV7TH4Z3WRRKXUIDAOPVUBIR4Q,B00IPHISW2,4.7111645
AEZG4SHN6EDH7X2I4NPMCSN7MN7Q,B003GEBGA0,4.115846
AG56XLFPO5ANKABQHXMGQB2DACMQ,B0C67HCGBR,4.855559
AGMT3DM7RJH3CDMI2LSTWGOF7KNA,B004XNK7AI,4.370576
AG34YJOTCJWCEA6XGG3NWWHDSQIQ,B074QGK1F5,3.9882627
AHFVDOBDHD55X4YG64AXNIVLJAJA,B09VBWXMBC,4.37794
AEGMDORZJ7HGMQNUKQVFCLHXIE2A,B017NT392Q,3.909315
AHT5LYU53R5RY6DIEZYSG27SJ3PQ,B07DSY3GGH,4.5215974
AFKMX6JZ655VPVYHBTATZQS4IBOQ,B0B3CYX8N9,4.8009825
AHYCLVA25UCDXZWWVHAD3JWBA52Q,B00VK4YXF8,3.739127
AECTWJ6K5LCAIIW6HQW5YJRKGMSA,B08SB7FY7P,4.949616
AEHBB2XPFWP2KFLNNWJGV5QZFOHA,B09616T2BL,4.4596434
AH5ORMMLXAON6NCWWCAZTZZVZRGQ,B079G694KL,4.4233966
AEHMXLUUSBFY74Y4VH6O2SNPSXVA,B0BK9Y7NCC,4.899938
AGX5IZ5OO65C7AHLP67KZAZ3F6GA,B00UZY2YQE,4.2591214
AHF6DQZL6IPVSACVH44QPVXOPZAA,B095XCZXNQ,4.5484953
AE4PRPPY6FJU4EUMDIVESE4SFYCA,B0BK9YKQFR,3.4486942
AGILX5KKY2LVWR72IKBQRYAIJCRA,B07DDJ8N3M,4.165208
AGPXR7X4MR7MLO5ZZ4TTT3ER4BXQ,B09GVP7N5Y,4.5427313
AFGDL6B7XAOXCKQCPE3VIKORLA7A,B00IXPXEN4,5.0
AGIGTISGZA4LRJ34FG3FZSLXFS3Q,B0B59363YK,4.9263983
AFSJBRLZNDADGSXJ7QFLIQVU576A,B007VOGU8O,4.2069607
AEZVMCJMXA4ZJWUTFHQCLZIQO3LA,B00F3D9ZQE,3.8759854
AG3XMZGR2PAJAAHNRN3QZJUMHEXA,B00N4ZHQ14,4.6842213
AG7SZ44BL2TGI5OGPXTHWYRXMIOA,B07X7HW32M,4.498774
AF62FR3Y4HMPLGE3OTB3GMDKRW7A,B079GW2PNY,4.113385
AGK53XQORMWLVMAMB6WLQFTQDJSA,B00RVE9X06,4.703919
AEYVYMQW7JWQWYLWLCI7ZXFCLIIA,B09857JRP2,5.0
AFPIRSAROIQJGPSBTYYFZ6LCFSDQ,B000EEHP78,4.2220025
AELGLFMUZF6XHXTBNOCRFOWP6DIQ,B01LZBHHC2,4.0875764
AE7EVXVTRZV7QON23BTOMC7L7W3A,B000RNB720,4.7719274
AEO4O2TQI2LKLRC47RZZRPVUEXLQ,B00378GEAM,3.9959493
AGHY2ZA2YQFVD2NG6OROP3AAIYAA,B01AMQYS3Q,3.8208287
AGHTHSP5N2CZB2SMRT7JXTTNIDRA,B00YJ5C46K,4.690376
AGFUJJJTJMQXQT2PGDBAJE6DIPQA,B0CBSSQ6RC,4.455071
AHBMTFEMUPPC7CM2Y5BZM4WQFUHA,B005FIFM14,5.0
AGDZBOHI5WXKABQJS4HMIEDWAVHQ,B07YYZY148,4.268369
AFJJYEJZACV5G2MCS3RBGDJ4AC2Q,B07R3S93K8,4.9433475
AF76RS5R5QLSFXIOOD2SLCHYB4DQ,B0002E1UEO,4.7288175
AG6XTTBGDOTVNHT22X76U27Y34VQ,B08KRFGST9,4.415395
AFYSLU4BTTUCFRDL7GSN64Y2XOKA,B00006I51S,3.852692
AEHDYSX54B3NYUIIEIHEGHIGJNMQ,B00ZTRVA80,4.6308947
AEV4B2IL77KB6DZHMSAWCXYBJDKQ,B0BN8QN32K,4.6351004
AGBR6PZW32IC3DKHJRFUOOOFLINA,B01K1EJQ9U,3.9988155
AGZPN4A5HMCS3LSMETBT5IOSVQQA,B07FL9G2J2,4.695731
AHVJ7UVESCIEXJDPRIYMIIBQEM6A,B01K1EJQ9U,4.815604
AH4ELMHTLOKAN7TQWQY4C55HWCKQ,B0BFKQ9QXD,4.5720596
AGDHWM2D3GOHKSVBRYUD7VLPTTOQ,B0CBK1WSMR,3.8298516
AEJD6FDFMB7DIJQER7XLWZFDNMXQ,B00WUMGDZC,4.2544055
AG6BIRUHFL3WJNN2ZEBGGVPMSRTQ,B088WMVDZB,4.16779
AHPJUTQ3YBWZYP3HHH5EN6ZKHQQA,B00FBRUSAE,4.492182
AGW7ZRW7XXPS36TJIALXQ32TCM4A,B000RNB720,4.885803
AHLT5ZI2KDKZPDKOHWZNHNQMDFYA,B08M5GP4R4,3.9041014
AEYVPPWR4CIKWX4BGYKCBCDL2CZQ,B07DWM2XSS,4.0429735
AHEILSHIJWNRC55HWDWLFHGGBXGA,B07L5B64RG,3.94395
AHGNZ5ROTYE6R5MXH4MW2MAXMFWQ,B07X624YB5,5.0
AFMMJAAETXOAM3FMIQHUXVX3ZWHA,B0BHSG5C3G,4.8635674
AGZ3EEUWPVVLQX5LMBBYHNKNBSNQ,B0BR2VNH4X,4.891364
AF6D54BW67RAYIS57D56S4WBEQZQ,B00LTDOL02,4.4844937
AF33OYOQ5AYCFNGO366EGRKJQ46A,B0BHSG5C3G,4.2912946
AHSSHPP7VQRWVDRV2SX3DGX5MELA,B019NY2PKG,4.384625
AG5L3GD7NG2YX7SU6PPFZ6QRTVPA,B0817CVBLV,4.9087396
AFQZL7EVDH43BBKNITQYGGDMWEYQ,B003VYBD58,4.1180534
AF7IW7GVLVT5TDXUX62HTHR2VCFQ,B0080HYFTM,4.4849806
AGSQKU4Q2KI6P3UWL4W54U7JTCOQ,B0753PSL2D,4.496855
AGMHEZ7SN2RNVJCMIHIRRSKLQ2AA,B00BVH7C66,4.526805
AHNUJ3HAVDKMXMIARLFQJS62VKTQ,B00CPLODUU,4.643034
AGGR6BAOXEUYRBR37SXH3OS73V4Q,B004GTED7C,4.2213035
AEOGM6IKVQXQUUMQSLR2DCLDFFUA,B0B14LN9H9,4.436879
AEAX2B23TVTFR32NCTVKUVXTRH3Q,B0085545YO,4.4032745
AEQP2AGR3VBXEL62GSEHN77AI5FQ,B012VQ5A7S,4.600728
AFWQ5JUXYJJQDJNYLVVOQDDW2C7A,B07BSQ44T2,4.517305
AEZL252UNZT5P6JOVHEI5YUQQZWA,B00F9SWK9M,4.2507424
AGWD6ZH66GXJDVRNQEGY77HOYEJQ,B09JJ784V5,4.701669
AHOLXWCFOWHLDA64LCMFGD4J4PDQ,B093YKR8NH,4.8113837
AEQKSNITTVTBWAO4DF2QX4AEEGFQ,B08JMQR2JK,4.5862
AERJUD4NREPMW7VM26CSV32KJZJQ,B00VOQQDHI,4.647297
AGH6SW7MNE4SSGACMJTHYLIKLIFA,B00AHEW7W8,4.122872
AEDGH4ZJ4WGGFP2OACMNEFL6XK7A,B07MTS57P4,4.263665
AHK627Y42PZ5QCH3KLFPDILDERAQ,B01LVXOO61,4.396686
AELQZABAMLATSSMW2HZ7UVHP4NUQ,B09X2WHS7H,4.7917233
AGKTPA4K3NKKVKX3RHSW7ZBLZEXA,B07MMJX9T7,4.449382
AG3P3IEYHP4X3XSJF2O5POYE3JOA,B0BR2PXCBW,4.6652
AGNTBJ7AAPSMV3O5F7THNJRKGM4A,B0C5LYJXLR,4.3589396
AHWPWNFLXL7W4KGXBI7CLXNK7REQ,B0BSGM6CQ9,4.8494854
AENNPX2DQMPLJ3MXV55ICO2JVFEQ,B0BT84L827,4.925021
AHJTJWGYGHVERCNQ6D74ARPC3QUA,B072WPD8MY,4.8890104
AGSATHGY2JEFLGFJCRVLS7P2ZAZQ,B0BG3QZCJN,4.3738728
AHREJSWTG7ZCOIR5UQGH64VFN7LA,B0B7Z4Z88L,4.4220457
AFNTZARWHIT27SDRJ6W7K5L6PJHQ,B01MXOLC2U,4.326297
AGP2NR66453AJZJAYKZGSMONZ4KQ,B08R5GM6YB,4.2828255
AH3HK4DWLRUQGGMDARSGQUCFH5SQ,B093YGS1F1,4.4426413
AGQRZRABGRFROFNJTQZMDDCTYEGA,B00P0HNZIM,4.9603753
AEHDGDGGA3LRDSWZFJMT3WMH44YA,B00KBMLAV0,4.661784
AEHKE5RUMRAGDMP46FET5XXO764Q,B0B7C7PYVC,4.592467
AEALTR3WRLHHAJKW2AHUSVXM4HBQ,B0876XPKF2,4.3518515
AE2UV6XH56H44OZBF3FY3IBS37TA,B0BRSK33BC,4.8093367
AGJMEVYSO7X5NK2AJQE3EJ4WXA5Q,B00JL5I61A,4.669265
AHHJ6TAJ2A5C2ERCASYIVDZ2MPLQ,B07DLWYV8D,4.532573
AF7IKYKBWRTMMRKSY6EX6XUVROSQ,B00X8MTF8A,4.793584
AEIDDQKJTJKBLHHGL2PLHQJ3MBFA,B00CPLODUU,4.6701217
AEH3ZU2NCEOSSG5U6A7E2IUAXTSA,B001ELVCDS,3.7688942
AFNNEAHKPJUUZYP7P4OQLYZRNBGA,B00N5THDR6,4.0268764
AF4VYLI2QY2N7S65KZHMIET7OGOQ,B0BZ5QTMKT,3.7298553
AHLFJCO3SENFEDTOXOS5VC3GKSXA,B072B9LFT6,4.2677956
AEUXDHRV2CR5QPISL7NDDA53633Q,B0BKZ3CWFB,4.671143
AFNG6UYRKINSI3XFGEQQCUEM4TIQ,B07DLVDV7P,4.4610286
AFFEU3PAMNMMVAU4GIR5C6ZTWEUA,B098HKC55W,4.2564325
AFROGD4V43PJTAAXM7VM65I7MSNQ,B07CYRYQ8G,4.632662
AG55KFZWEFWIAKRCFI26DSGFWWIA,B01N7H2MC9,4.562167
AGP4UN72BALWFNKE3HRVAD4QJPHA,B08D3FJ89Z,4.4823356
AE6R5VSHXSCOZJBEJY7BCRM7A6OQ,B00USQY0CK,4.805169
AG6FEJBYZG6XENCU4HMJDCA6JDEQ,B01KZ2FNC2,4.7815585
AHCMBNTJJSO5GFOY237MCSUWF6EA,B0938Z4GL9,4.781187
AE4JPPM4YPZ4EONHBXME6VWPVS2Q,B09B23G7CV,4.5730467
AH6SYHVVXBIGMJ64CYW5WAMWBN4Q,B00CRQWMYM,4.623446
AFBHHG3G72P27CDV2NYZZNOPY3FA,B0002II7H8,4.8039513
AG54UZUGNVHJ6PMWR2UNOLT6JBUA,B079P9LDHN,4.453807
AEM3GBSGBAZAIXMLJPZWLTGZLKUQ,B09RJZSQML,4.5615907
AHIPKIT25JKKXMUL332SVAWYAKBA,B000RVWY42,4.6968613
AEWVY5ZRJMTOERFYDSSK7DLIHB4Q,B00LIW74US,4.2819133
AHWDSJPG6MXWPQ7QHW6ULI2TON5Q,B07T2JQQWL,4.1143723
AGOLHEMWGJZDPJH5VEDE4BAX2Q5Q,B082NLXYBL,4.8969693
AF727T5FSA22URRDLEXAXCN3WANA,B0002OOMWQ,4.6823487
AFAENYGNEYSKTWHB4TJS4LOWEOEA,B0B2LSX437,4.6327987
AH2KNTQFU4DWMQIMTDLFSMRQHRYA,B0919HG8S7,4.0398436
AGNPLC45E6ZHOAPYIFBXMWN7D4WQ,B00NKD1PUI,4.539068
AGYTZHAQIH35F5453PC7TJPJANTQ,B088FKR9DL,4.6798296
AENIOTT3B3SCW5FULPGUQVXIQNTA,B0006IQNES,4.2160554
AHQ542HBGYLNPQF4RI6RO6QOURUQ,B01LQWRGQG,4.8686323
AEMISRDYQCHSNOXKV6TQ67X2TIOA,B07D4SR8GZ,4.35808
AGH6OS2UAGJBXXQTRSAFZMYNZQBA,B0741SXP2K,4.967243
AGG27DPSZPNB4PJCYVJQAHYAFUUQ,B07DWVGJFJ,4.060095
AFRXHIJEZEIJ2RR27QFNY5ZUXUZA,B00JER27MO,4.35477
AEFMUJVOH4TJSOXWZS2TEJXEGMKA,B0002GH8X4,4.3931713
AH4SBH5P2GRF3ATR6ZFDDWJVOAUQ,B07MZVLGK2,4.0165696
AHAVMJ7OKLRLFKHUSZEZQHPQCHWQ,B0064RGVH4,4.4964657
AG6DCMMH6QAKQBX5R32MBRHYPEUA,B073PXWMJ5,4.4018598
AF3TDYWL7K5SP5QCBPPUDK5U3N3Q,B07MBRKNJY,4.518836
AHDSPCS2KLFJZYAWCB33VTXCBUWQ,B00ADHKKZK,4.4319267
AGJGLCZKE5735HGK27G2B7QZB5UA,B07N5J7CVC,4.7061625
AHZCAF6J3GPLENOR4J3QDYROIORQ,B07593G916,4.0788655
AHJSTQD24P73OAMTTNU3PSKTIVFQ,B07MFYHKLH,4.6156373
AH62HWTT7MJCJM7V2B5LS2VTQBRQ,B00BSUHNWY,4.1860013
AENFQD5EQBOPKB6TB7AOAD5QQCOA,B07ZW1GBVT,4.282653
AESSUWJ57ZQ6VRMWJYR53UJT2H6A,B001CWWNPK,4.799898
AFUH5PW5JCRI3ZK5T7YOVH2L2PJQ,B094DT5HKF,4.462348
AFC47CMQFYQHAJCVJDTX66O5UMXQ,B00I9FL3OA,4.806785
AGVXCUZHUPKIIGZ4E6A65YW2VQ5A,B01ID5PSQE,3.9826353
AECYVZ2FQMWVZ2OCKJH4DD3MKRSQ,B0BPLFP5P6,3.8314521
AHDJXLYTHRFPB4SM2MPEPKKFZXTA,B0150ZL6ZC,3.7522328
AH2KNTQFU4DWMQIMTDLFSMRQHRYA,B004L66AM6,4.4180217
AHUUUJHGOH3CGI2ZIESN73P236DA,B002PAY3WY,4.0253024
AFM6772ZVF5RAG2G6FNSDPTPPA6A,B00724ZD40,4.15024
AGYIZFZNV2I7BED4TZPYYES2WSVQ,B0C5LYJXLR,4.3234053
AEDZCUIOKFTDVAQVJHQ5P2TU764Q,B09NYGRGZG,4.542091
AEVK2LOLAR5L6ASVKZ5JCIZFUFEA,B00UN8PH4I,4.575806
AE6F6FUF2XLO7544DKKS3PJQCSPA,B09R3KNKKG,4.2766156
AEPSSRGHHNMBSJ7ZAU4YQFX6HTTA,B08B9H12NJ,4.620016
AEN3VO4XP37YOHDZPO7LBPDMZV7A,B00NS76420,4.8353515
AGXFCJEB7DMPI4TWBCCG5SRU4NHQ,B075YF8VTV,3.8746905
AHTRLPO6Q7FNLBNB5SQSDPLC6I3A,B00LOAASPC,4.730416
AFJKBA2YPHYNG6RCLWEHU7SPHP3A,B0B7C7PYVC,4.4326453
AGACR42ZBWUG3LEZXWPINXEI632A,B0C3LH1GK8,4.418166
AH6PPA7VXXYIJGZQTWTNJKWNT7HA,B08CSQNMN5,4.5425425
AEDJWFGRV2TQQ4MBPEW2HWXBIJQQ,B09LS8JNPL,4.20751
AEZJ4NN57GXPSGHZSRLJQBI7VIEA,B01K9COJZK,4.8263664
AHGTJA2GQU4VEMRCUSHCWG6KBVRQ,B07KDSZ2TJ,4.788747
AHPVEYNYRWIWUR6ALVV6SXWJHTPA,B0BG4BZC5L,4.722096
AFUXMV3TZHUGSHBTAVORFUPWPCMQ,B08PMZQXN3,4.593026
AFBIB5XMB27ZIUM3YDTESOKSLLQA,B0002D0CEO,4.292415
AEL3H73S6LPVYZMX4XNIJKLAN5LQ,B09WF82F1V,4.21534
AHXPXPEVFEHR4IDBFODOUJ655RCQ,B08H7VTXWK,5.0
AF4VAHTAJUP5UY6BOZG623H7KOEA,B005N2RGJ8,3.908368
AHTLRQ7HCERAHBTOD4QGJ4CE6WUA,B086543FTN,4.142621
AE57MRF2R2ALCC6H5WQLFKT7KSSA,B01MDTKJL6,4.8234143
AHVHBTIWRGYVFBVNVV7SSK2W2RYA,B07KJCRYN8,4.2207036
AHAQCRGX5LDTNECMI7QBBDW2PNPA,B0BMLK658H,4.0419087
AFCX4S7V3JE5PYVC35ODD2QFQDMQ,B0107BCV1M,4.9538116
AF3MFUM3LYI3NJ6CIDOP55YQUFTQ,B0BCXKFMKD,4.11518
AFXJQJSOXXAJPJZWDUOFGVMMODDA,B01N4OMRVG,3.8261657
AEH3PVS3ATD4V36TYF4TQWHSQYBQ,B0B8LK7MTH,4.5079756
AEJCALFWLC5EMGDUDBO56UBJM5KQ,B00LA10IUU,3.962364
AHO5IPKZNXFFG2LYSCTINORZG7EQ,B0BX8HZ5RH,4.0550003
AFUW5HBGLM3ZZIBCPECGAZJM7TZA,B0B863M78X,4.2981386
AGOE4EACWAS5GX6JQJA64IL2GOJQ,B09WN62986,4.1629443
AEGXBV24JARO5YODOIXVJHUSAMLA,B00FFVKM2U,4.421953
AHFI6EVQKDDMROI4RSVPWF2Y6ADQ,B07CBNBTDX,4.2087135
AE7MQDANIJHUB4ZJAEAS4VW5H2BQ,B09PRKZ6FN,4.8221116
AENI7OCA44OPD5AYJKLT4GGVJ42Q,B00HZZ60T8,4.3371744
AGGBMOAWS3H67EXZE3HLYZELWTHA,B0035FZMYG,4.287343
AFVESKR5OLU4YPHQ7IOZEX4NMTZA,B09Y1X5BSC,5.0
AFO24CAUCZQKEVDR6FMRJHOLEE5A,B0BPLFP5P6,4.369726
AGY53AAWLQK5O77H2YKXCURQHNTQ,B01AKRA4PS,4.567034
AHCJBJK676NVLJIT2ZVJGTUHYFUA,B07B9W25ZK,4.344337
AFSZFCI46YYKGFOLMIC2HVK3GEBA,B0007ZCHKE,4.6734676
AH6HRKTAVOLZCRLMSUZZXGG433XQ,B01LF4CK16,4.7428136
AFOLVUCMQX2AWNFNL2MXNJREMRTQ,B00CGFRJ2Y,4.437723
AEUXBWFT5BBSRCEMCENVYKF6FBJA,B08DM9NFLH,4.854069
AHUPJSMPURGM4QXXHW7VZLHZHITQ,B01N5KND14,4.194901
AGN77Y4XMITXHDOOVYTIS5ARTU2Q,B07N1RPV4J,4.4054174
AHVGICSVXM66E4SXX23PH7R3Q74Q,B076BMTW9P,4.623656
AGNCRXC7PNYQJW335W7D4KFZMGHA,B09M7F7LFB,4.967329
AEPECTTZL5ZGQFXORB7SEIZPI2VA,B01LF4D8M6,4.321787
AHYLUUYP3BCGFDZI3WDZCTBJOTGQ,B0B7J6G482,4.477613
AEPHL5DLBHV6ODQFGHNFGTF4ICRQ,B0B962GTW6,4.277332
AHUXXNY2JWBI6E5TXSK6TABTFZFA,B003Y569DA,3.814657
AG3ONVHLOS2J6G74JMYOUZUCO3HQ,B09RJZSQML,4.9438324
AFJOM3QSBWP235SSF2LLJILM7IYQ,B08LRFCDTK,4.9705777
AGPA33SKOCJTWTGFFT57MKFWHOJQ,B001FSZR4U,4.4990005
AEUCUEBGAFLLTG6WQAJ5ZLEAPP4A,B00ZA3FXEU,4.3399434
AFAECBWSG2ANSNDXNRJVIEEYJ2CQ,B078KTV8L4,4.35321
AGSEJS735DIWWMUNQZ5U5SBVBFRQ,B0BXX1RRNT,4.9819946
AGSS2AHFN2Q453OGXRQCWBAWMFSA,B06VWY2VGQ,4.798133
AHCDQKCODVZFMU37AXNWP4ZO5DWA,B01N5QPY11,4.759301
AF7Y5TEAHQVUWVVRC546CEUAEV3A,B079TLFL33,4.1006455
AGCLZ35MK2SSUC45HURQPQSA3H4Q,B0928FMP3T,3.7981842
AHIPYFGEXWYKTWY4AQRE64CYHYJA,B07ND5PQTP,4.6577697
AHH3LW4BOPFAI6XNV72G5X4V37GQ,B00MB5F33Q,3.7213593
AF5KJIMQXNEY7M5U5YM43QPCO4PA,B07CBT4SYD,5.0
AHFJ7EQIZZ63YU7QCPV2G3YRUXVQ,B003AQ1X7A,4.267398
AHZDPIFULOIQLQQL2OCN75SJ6DDA,B075FW24C5,4.4472013
AFF337BUMTSPVALCH5ANDUFQBMOA,B0919BN3QJ,4.5661793
AHYZYJHCUREP7YXJBMOKBX3XGGXA,B09XT7G5D9,4.2095327
AHSHT3LCIEZ4A7BANW7CH4VZZ7IA,B000M23OQ8,4.576444
AENNORCDOTT2KFT5WUIK7PJ2EXOA,B0BCK6L7S5,4.10844
AFJSSKOR2YN7U3ZPEMD6LMDR27YA,B001E95KEC,3.7339044
AEITDL63LVSM7VYKAZ3Z5DXM7ZOQ,B0B5DW6F95,4.544302
AEG6NGV3ZYGSVEXM3UPPTB3EJ5IA,B0BPNMSDGB,4.6860976
AFH6AUO7HH5PMJBRBQGQQKDV5HLQ,B0C2XTZ1FG,4.9472857
AGYKIAGDM4VSGMIOYEO53W32U4TQ,B09397FWYW,4.839987
AE5XF7B3YXXLCP2TIYR3A5WXZR6Q,B07BW2JNNL,4.256606
AHO22GV5T3DVTJFKC3KZEH44LBKQ,B081P1SQGG,4.1133223
AHUTJQWZUJEBOJOFMRJ34TKWOO7Q,B0002H0KG0,4.6705723
AFNIJGBQBLX3YMZ55X7HXJODEW3A,B0BR2N43GC,4.773183
AG5QJWMXSGR6QK7CTCJKXRD7OSOQ,B007MY5BII,3.6116996
AFTEWUV2FV7AEPP34WF522DN6ZHQ,B00RMCTTLA,5.0
AEZL6LMUCBRQXIMXHRDKTS3BDT4A,B00USQY0CK,4.7359896
AG47VD7CFGFF3JTPR2TJ77E7YFWQ,B08CMHD5HG,4.7305713
AE4CZOBNIA2JBHSCGWURXDSFXFFA,B07CRK35NG,4.227206
AGTN3NRGMYAX236N4FCZV3G5A5HA,B09CH8SDPD,4.352549
AHTZI4VQW2QEL7SIMD76QED2FZBQ,B08FDBCYHL,3.7272081
AG5G6CFL2C6KFLMBAEZRTQGHRGJQ,B00OYUSHJS,3.7027748
AHHLI3DUBKFOJVM67KO5MCJYB2CQ,B07GFH8NTB,5.0
AGOI33LLDPZDPGEEZ7YYC3YHZXJQ,B07DWLYGKH,4.616603
AG5ZHK6XUYHCHSDTU7ZTNQ4T3BHA,B0BCXL2V52,4.8469872
AE3C65KC5Z5EFPTLXUVX3USBCJ6A,B08ZS312RW,4.9803023
AG2PXLWDUI2UYFBTYP6HVWRPGHBA,B0BLS86TMC,3.703156
AG5SV4UPCDKZAVM2SOW6CSWR4EKA,B09QDL744G,4.5912
AH3GHCF4DAUITRH54A2PYKITUUUA,B0C79QRDQV,4.9229307
AE7DH2WBBBVXYONNKZB44RWHPFHQ,B08R5GM6YB,4.3743978
AE7I55SG6HP2PAJJM43P6SCUGZHQ,B0007OGTGS,4.4853134
AEYCKX4UG7JTHM6IEAXSCDFIMS7A,B016P20UC4,4.550733
AGGRPYA34S7CHDII6NQWKUXV2HCQ,B07CQMWWLV,4.3393393
AHY32JW7XO24ION2N7XRFFTEPDZQ,B00WJ3HL5I,4.0275316
AEIRJK6XP4IQL6LQRYY3MB4ACPZA,B09B15BDHS,4.7483177
AFQOBDTUZ6K577Z5JII45DAEE3QA,B00NPAMDQ6,4.341152
AFRUEAFOS7NHZ6FXCVPJZS2N3W2Q,B07TMJX85D,4.2653627
AFRHNWS4YBZWFQ4NKQR3Y3Q6KRPQ,B08NVVLB16,4.172237
AGD25H7BIT2JUXSIOPYCYB23J3ZQ,B0BKZ49HY7,4.083497
AFGRXXJJJICG4TODNZ76JDIREHMQ,B07MM2MB36,4.380706
AHPT5VH6DDMZ53ZIQLHI43IKWD5Q,B0BZ1J3BW3,4.1399097
AHWHUI3ITEZ6AZCCNNS2J3NJ3V7Q,B07795XHLH,4.7421055
AE2OU3FDXOGNHVIXGRKRHY6YTMMQ,B0BJZZFSN9,4.270461
AH7LMWVUNU47H2UGVA5YL54LYT2Q,B07C9YCY5J,4.187599
AGEKFUJBRKMYZNGEQKXRLT7BZHYQ,B01M9GJC5V,3.79244
AHEWHPQAQCJLSMYNCMCO6BE3Z35A,B00AKHACKQ,4.523435
AFHNY4XQJCFWMJVHGKHLM2HWRCEQ,B0BRQ9TQSV,4.5966945
AHUGRXKGM5SXNLCLDPVM2ORW2ETA,B015JTEBN8,4.770619
AHCIO4Y7MASS5GHGAZNOPPTXFTVA,B0BXZFS2QH,4.2521873
AGSAX2LKQSD72DSW2L6SCMD4EP3Q,B01DXVB4RU,4.2971654
AG25IEYUMS6V4XO2X4GUWVSPELOA,B01KDK4Y0S,4.32399
AGGA75GROPWR6Q5SURTTHTERSIEA,B00EB11ZN0,4.2432947
AGSWTRJPZ7AVS2C33JGND5BQ6SMQ,B00JA8QD40,3.8123388
AG5UDX7F74B3F3C3HLXUYZ7DLHSA,B000BBRZ3S,4.1355133
AGAYXXFHOG2JKZIOECPCKEXXFFHA,B000VBH2IG,4.31993
AGWSL6RCSUEPR5RGTVMO5HERQUEA,B0C3J448FC,3.8650646
AGGZLLBDARIQDZYZVKDHFNQHMHBA,B00A2H0F06,4.1434393
AH7EHJZ7VFDDVGAKECCTD2LE37ZA,B0BKZ6M28F,4.7918177
AHSZTRTGI7PXRM6A7BAKGDAM4UEA,B001E95KEC,4.3485017
AG7XGCZBVPKOESEH36KTS5EB2HTQ,B01N41SI41,4.54421
AGPGFAWEV6DMUQTM4O75474IQW6A,B0BXBG7VRD,4.65459
AFWDUPX3IRJ2Q7EG4XASQCFVKD2A,B017DNZKZ6,4.125086
AFVDGBU4XGTVU5SSHTGT7WZ6TAIA,B0B9XK9WV6,4.808209
AGXC6I5KLD55XTKY3MVT36GEXOYQ,B0BG95DG2H,4.7376747
AH4X7UMPWHH3CEEXAEV5IRPYLWEA,B001OIDXVU,4.2839136
AHS2IURF4TMP7GGTLVQA2IITYLWQ,B0BFRR25MY,4.3787107
AEBGYELMA4BKQPPWGIREPQXDLGQA,B073RBWJM5,4.427929
AH3LWB7J5AISEPHX56QBZGAF7RCA,B01DE4DTAG,4.519906
AFF6DVV7X33O2CGVMEZHESC4XWLA,B07HYSYXTT,4.954952
AF677ONY3CIUZSPX65QTI7AWREWQ,B0BK9ZT28X,5.0
AESPIYN2KPFNMATAZNRXTGG2RTUQ,B01HCHDOTM,4.255238
AHSOKJ6LW3KSZSLP2ZTGJI5KP24Q,B0BLGC3C1W,4.1613617
AH7EHJZ7VFDDVGAKECCTD2LE37ZA,B0BKZ3GCGR,4.73204
AHX2MR6NLBEPURAZZUYFARJVHSEA,B09TRX519R,5.0
AEOJU3MJ5EJDUXV6N2OJJCIIT3JA,B002AT4UJQ,4.6005096
AFCXY64SNU4ZEGUUPYB47GTK6EKA,B0B2D98XV8,4.5591483
AFIJ75JQSAJKRL6RFKMSLPMHA5AA,B00NL2XSD0,4.321545
AEKWBJWW7BOYFKFPF6JA4GTM45ZA,B01AH3RSAO,4.243441
AGWYFSFSBGELWEVIJSTNQFP5QOZQ,B0B9XPLGMD,5.0
AE23WLBRYKEC67DM43M6E2MF7GPQ,B07JL1KFT3,4.148977
AGKHNAF7EW4PWLMY7ADZ4RD2QHVQ,B004XNK7AI,4.831621
AEZ2WBDBIEQYG462G2YONYBGZVZQ,B09YDBKT7M,4.841214
AGXWBFBAKLMJWMQIC25BQF3IU7TQ,B0B23JC8PD,3.5775342
AFN7RMFT2BS6WD3R2E7GRHL36BXA,B0BL38ZMVZ,4.9714174
AGUQUN4TIWP46MPNHP5QOPOPRFPA,B00RYESS7M,4.2863345
AFJUEJD4K6TCPOMWLOYABXHG6JLA,B09ZSKK72G,4.3303814
AEMT6J7LNK3BZYPCMUHZQJ2IN5PQ,B0B7QWDRKW,4.3472857
AFUENSIC7Y26UOKSUU2E746FZ7LA,B07MJJ281Z,4.610919
AFP4F2GUVJSNPRNCQA7DFDJRPV4A,B011N2VC64,4.469171
AEZRHGN3PPKROE7XAYOIA6PDJUOA,B0BTC9YJ2W,4.6153917
AHHOIY2ECN3U5FBXUEG3ZIQ44MXA,B00N4ZHQ14,4.2400055
AGIJG2YRPFZJAF4QR2XMXAQ6BSFQ,B07C9YCY5J,4.6546526
AEJNAAJJQTE2G5BRC3G6EE4WTW3A,B0741MZ579,4.8509946
AHRPODCFJ7UNWQKCLLBKN6BQIN7A,B006QUGBVK,4.3442082
AEYO67OSVKLYD2D3AG5HNEA7IMVA,B07NDJ1HSG,4.9262986
AEZ2WBDBIEQYG462G2YONYBGZVZQ,B00CK2DM7Y,4.3497763
AEOJU3MJ5EJDUXV6N2OJJCIIT3JA,B0C67HCGBR,5.0
AEAXAJACFMXIAAH4WOHRMXPSZWFA,B00DUKP37C,4.4152384
AH6PFPNL6Y7ZGHCKZIIFPCITYN7A,B0BLLKKFR8,4.778632
AERO2X3UKXVIUEF26U5PKLV4OQAQ,B0061OPQK8,4.7155523
AFDM2QBXR6TIAHRT4FMXXWHKIEBA,B0BQ4HSKC9,4.2560983
AHVJETUIVOX67X5KWFJE6WSD2VNQ,B07DM15V6P,4.899237
AGHGVYWM42DGOOTZAAZ2TCBOWQKA,B07R3S93K8,4.2640038
AFY5TUCEFE3ANITHUXSRWTZ53UWQ,B07624MRT1,4.894294
AG6ANM7XF22BQPWJZZI5TGVZ2BJQ,B07JCW1KGG,4.5643263
AFAQZYGOFDSTN3VL4ZBOEF5NJYHA,B01DN7OC00,4.737242
AFSBFTCD4LW6WSHA3C3FMQVLNTIA,B00OQ3APKC,4.368562
AEXA7NTPDY2UXZRU24M53A25SERA,B0BHSG5C3G,4.7230096
AEE3F2XA7I3WFVWAV2VZI2YLLELA,B0064RTS0G,5.0
AFBCN2VOZS4B64F7FKKWDK23WJ5A,B009CPFPFO,4.295668
AHZCMDWRRLNVO4S7S55JDJQVLUVQ,B07281RLMX,4.4672966
AGCI4677JEAQIMY2DOT3Z2FVHI3A,B083BJKJ3G,4.090595
AEAJFQMXRKKLUVQ3CKLPOMYPM7MA,B06XFMN8DC,4.804949
AFVWG3A6UGWJZTL53HR4N32I2OYQ,B0BMDK2JC3,5.0
AFYM5NNIBINVTHU35YTWZOLBA5KQ,B07T2BVDZ3,3.8148518
AHVYUR3K3RKLXCE2BJHRA6DJ4QPQ,B00F1WLBTG,4.802115
AEVPSBSO2FUNFP4I6GMZMM5WFC5Q,B00WHLLDWO,4.5325913
AHT4FUHPQHJVD4LCQVE4UYOUOCNQ,B00OC1LP6G,4.4424424
AEE6WOMUFCVC3VLRTLORF2IGICCQ,B0C159Y982,4.708214
AEFWP7QQF5X4YDRF3U4LAXUO6PFA,B07D5W5X3Z,4.8969507
AGENT7K7THM6Q5VKHKH2PUACREHQ,B01M0IQ5QI,4.224375
AG4Y7N32RELFN6TGWBGKSV2SKWWA,B07YD4HH65,3.8407662
AFH5PKKWDDAXPAVAQ4DY47CAP4IA,B0041T53JO,4.601668
AFU6LE4MN4VRK3MJRTLCYLPSRBJA,B0002D0CAI,4.7856812
AG6EDKW4LTUP3EKVJUFQWJTF3AYA,B0BZJNPDJS,4.7264996
AEO3Q7XPILWJPQSWIRP2PWZIAINA,B01G26TRW2,4.744481
AE6KNHYGPWBZGQTNIT3NZ742JUNQ,B0836RLZ46,4.547967
AHCR5CDP5ESJE42CDD4FJQWK2UKQ,B07CC51PMN,4.5763035
AFXCZEZOLAHC3N5QQRJV5SQU27XQ,B00XHGVHL0,4.583631
AHJSYOIN4W5IZ4SW5LSHCHEBMPNQ,B002HFFUGK,4.9141407
AGVT5E2C6WNOCFYSLOCPAPBJOIKQ,B00T38U7HQ,2.9561267
AF6277K7Q44XN464Q472ZB3X6UHQ,B01M72N0A6,4.5986056
AHDALDGFNPUZN5ZQGSPWZPVG67KA,B07B16JL73,4.727695
AFYFPINXBMKZTJSLUWWPQ26TLYRA,B079W7NWNH,4.866563
AFKC56ZSSFHF5XCYFFY52C3ZLFZQ,B09P3ZVLV8,4.404972
AF66QBHHYBPJJV4DYGRUWPG7YRWQ,B0002ZPK0S,4.201562
AGJDQVD67X3OSVONKW3EQDPJBBRQ,B003LPTAYI,4.296089
AGUG7ONCKL4JOYS6AILUT3AGOCWQ,B015XDJB9E,4.0209684
AGHJMMZCZKGM2XC7E32JDSAGRWHQ,B01N7KF0T2,3.3746953
AEKRGPSDDTZMEZAYCBIM5YMIIZWQ,B00H8BRK0M,3.8871381
AFUA3AH4YS6GAL2QJCM6TLUMIPEQ,B0B8P1YW7L,4.717623
AHT7ULEGSWNWLMFIENNTIELDXKUQ,B0C8MDSZP6,4.560164
AF3E2MVT42F7OZNO4ALCNO7ZKHCA,B005PQ1AIU,3.8619776
AE23ZFVUOMPKR57BVSWXV34QLMVA,B00CP3GQQW,4.2040286
AHAFUIEUSEKYD34JJIJLRVJLGFZA,B01667IMKU,4.9456477
AGOFGZANYMUDHB2NTVTOW63TG2RA,B07GSJNMBQ,4.654957
AERIIOUEUQBPYUJMGARLPNMFKKWQ,B0CBK1WSMR,4.3962293
AGF3VSDDBFGT7IQNKN6FTNXYFFBA,B095FVTV98,4.787923
AHMYVVPBU7WI6SP5MNABEHF3LEKQ,B07BH4GFV6,4.5535364
AEEDYZE7SWKKVMVWYZD35VYCMAWQ,B076ZSHQ47,3.4287567
AGJGTZRZCLFSCVVMBNDXVPHSIHVA,B0BR2NC7ZL,4.1780114
AE4SCUJHWKFLMXTAJNZ266VZTS2A,B00H8BRK0M,4.1365843
AGJVN7BSF2WKOTFY5WKJBLF6RSWA,B0C6J1X7TD,4.8084064
AG5FEKWGQDLOPZPCCVTDEL5TWMLQ,B07D9PJW32,4.450798
AHO5LUPMSZT2ISIN24MT3W37CYHQ,B08JGBHM72,3.8047922
AEAL4MJGXLIH3VY2GEZJUT54KILA,B095XZJ99J,5.0
AE3VXLLR4KYOJNMM6BGMVTSC5YCQ,B0C5BMZ1K9,4.2327313
AGSBFSEOGP5DIUCNJMPHJGQZDY2Q,B01DK1RHK6,4.6266623
AERCJ3T3QF2MOPLDNME2F4SQG2GQ,B00GN4VP6A,4.2845526
AE2BCWBDERZKN3ACIXQQISI3LHPA,B0BT34475K,4.735911
AEWUJDNWZUABDIIGSGKDVO4EO2XQ,B09PH4DV67,4.3766646
AHK4QBZMKEAAR6DFQY4QY37EBLWQ,B07NDGTFJJ,4.6779904
AFSIFH65UCU5GE4GK7AUZHWUVJRQ,B07KW6VM9X,4.45845
AHEJYPLN7DMCYRQ2KCWQ5YIY6JDA,B0731KPCCZ,5.0
AE6SMJZ225MI4KJD4S766T5YYCJA,B08YYKNRJ4,4.0843573
AH5L2ZWXT6BSAUYQCH52NWFD6BVA,B097Q9W8MW,4.426412
AG74MZMWBRESS5NOSUWUE67LQ66A,B0064BCRQE,4.921249
AEDEWDQ2TF4CTOLZGSNW4IGVONCQ,B0116TFMM4,3.8639004
AETTPKKDAHWCURKJZQD5RRPGOC2A,B09RTZ26KV,4.085318
AGZKGEHOCLS6GB73NNABNIEWGLYQ,B07JF27NGM,3.6800854
AHKGRIKKRDBYFX4QF7O5AZA5FTXQ,B00BESRB8Q,4.617588
AGUQUN4TIWP46MPNHP5QOPOPRFPA,B001ANI6FW,4.242182
AHY3UKWN7JLP4AHAQ7NKZTCFOUNQ,B0B6P55RBN,4.474058
AH4SSR6JQUMQAR7F5COKOYD2F7AA,B01J5A06OU,4.1689377
AGU46QHMBNY4242H5MCXGETTOMOA,B003HGFRO8,4.554201
AFYFTNZQOU3VO7KX7ORJ3Y5X4L2A,B07DWY7R2X,4.436582
AGSSF4YIHPCP2MIUITM34RWOCOWA,B09MT2JQ53,4.7395353
AGAXMCCVSHVNHW2IF6TOTZCXFA5Q,B07S82LVW1,4.5510707
AG3EF6QEUZ5337KFWDBIOEQKSWLQ,B088GF12PC,4.2728014
AHFJIW4HWEHRRWNBIHSJP6SM2IEA,B00KMDVKUO,4.4602895
AHOZGJTOUGNLCTEL74RCZ32PBOPQ,B09YDBKT7M,4.993281
AGTOCWUOQPBBIFRI3UYYHJZNOMVQ,B08R5GM6YB,4.226449
AHKHM6O6MSZMQOZXBDUJ2MC2J26Q,B00HCPTXJA,4.230076
AE23WLBRYKEC67DM43M6E2MF7GPQ,B00VEMS03W,4.125652
AGVBPKC2WQYF7ZGFXOVTT45KKC6Q,B0BLLXXT6F,4.7633834
AFRTXLSLVRLIYMUGOAGX2PA6URHA,B00HTWQVU0,4.438914
AEYVYMQW7JWQWYLWLCI7ZXFCLIIA,B0C5PRQ9K6,5.0
AEUAR37M2GSBYMQLR76YSAOCP42Q,B07SZLB9GM,4.6103806
AGARMVTKQUMBK2XJH2OSGVOBCCCQ,B096FZ5TKG,4.990211
AGXNHM6FE6RNTARQVPQSHUNC5UYA,B06XGS3ZD3,3.8781145
AFMUOYI53LJ5QGID3ABH2ZUFENHQ,B07HSGS27X,4.8285317
AEPN2RD5DNLVBU4OQPDDZLM5EAMA,B00X8N7XKG,4.0732527
AHBXCIZUBZU2EKLKRUDCQS7RZSAQ,B06XTW2R98,4.31242
AEMTI3LLBJMTEVBYU3ZDEWIXJJUQ,B08LRLRRKM,4.0820255
AHPYQMRLEUCO5N3PMHQJGOX6SUJQ,B01B15JPCQ,4.3163724
AHSOKJ6LW3KSZSLP2ZTGJI5KP24Q,B0179A4ILK,4.375467
AEWAPYKHTEXOLKI557Z2CYVHE23Q,B0B6P55RBN,4.3638625
AFTQL5KFH752LH35SF5UALIXNSXQ,B00WJ3HL5I,4.6078105
AEGS5YYS2NROXETUW5RPBN6DSEFA,B01M8N618U,4.640305
AGRGLPIRFOMTUIBIYJOUTTGZHABA,B07HQG7YW6,4.2505913
AHMZYSO7LAKS6M3D63FQIPQ6UPAQ,B0749XX4KW,4.328472
AE7GFJWCHUHU5XXNXSQERG52SD3Q,B00WE6INNY,4.892019
AF2LHJ26ZRYYHDEVI3WZGUZ4NCGQ,B091MZPYBQ,4.2821894
AF7BFLZBXWO6TGTVSTARL73UJX2A,B0C5LYJXLR,4.860326
AHXZ3VXHMIMKQYK7MAKAKEWWYHJA,B0BT2ZRCY2,4.6915545
AFH6AUO7HH5PMJBRBQGQQKDV5HLQ,B0BBRBFHK5,4.653553
AGZOX4VGSMPDBKP47XYDVKBJAQ2Q,B071WMKJMY,4.601111
AFEHPC5MSRUR2QWD6IRZ4KB42VRQ,B0179C3SQO,4.1176467
AHG2CAKQ74WFM7W7BWIVGV26OSVQ,B00LMRNIUE,5.0
AGF3MM2QRKLZMQLTTEGVKCFQISXQ,B06XX92Z8Y,4.743684
AGDB44CQUCWRDULI7FJMEFUS3UBQ,B0B1WMLNBX,4.8698945
AF2GPIP26H7E5EHDWC6P7RKZ3OUQ,B0BXB8QTLD,3.8311853
AETIZWCOFGGE42ZUTCFUL37OJQPQ,B08SJY4T7K,3.9987504
AEEU7CICRRS3G3YBNW3DDPSRSRAQ,B09TGD5X27,4.791003
AHQF4GMPT6H5XMVYGAGBKYN5V66Q,B08VHZ4FFW,4.0132995
AEO5TLC5WHQ6HED6RXQS6Y77NUGQ,B0BSGM6CQ9,4.912566
AH7WTH5WIOSENLQKENY7ZFUKFFOA,B0002GYYD6,4.623208
AGPVZ5LRWIOJTCHEZFYB5KK4XVEQ,B0BR2L1375,4.7685976
AGUG7ONCKL4JOYS6AILUT3AGOCWQ,B06XHM1C3B,4.4867473
AFMOXNCYTYVRTZKJGVX4X7NHOU7Q,B06Y6BCX7B,4.715162
AFZEJOGI4OODANIEO62OHDKU4HZA,B00B5LDMH6,4.7016335
AFYEWBPNJDVMVJHFR73JNQEBQ42A,B0BSR996X8,4.9828568
AGUSXHIHBHM453QTCP3O2BLGP7AA,B097FMTZCP,4.38303
AHB7NX5MFSJ6W2NWR5UNUFEF7RNA,B0150YC54E,4.5303826
AG6ATLCKETNYRKL6GCQV35CSSGPA,B0BRSM5XBB,4.134943
AFYA2BB2KC3RDRMZBGWVJIFUXRVA,B074JNWHZ4,4.3910856
AF7CC34DK36SQJS7WXI44DREGWJA,B07PM289SV,4.6730185
AHTQQIQONBBXF7WSHWJE32HRH2AQ,B0B16WH36J,4.4770327
AFXMPTECRN6BUOM65ZP7UXDZATBA,B00LGDYGSC,4.316469
AGGA75GROPWR6Q5SURTTHTERSIEA,B01KDK4XF4,4.5033603
AEMCG3MJ7TMAMEJEWYD5GICKM3FQ,B07DL8BW6M,4.344951
AGHETJ7PN7P2EEPPQZHFVHGV7TAA,B07WBZ1SFR,4.659046
AHOTLXO4JZW4GNNHLYJ3Z2EQVV5Q,B07Q5GCY4M,4.9232697
AE6L3X5WMBDL6PVBIVB7UVMAFIXQ,B08T2N1WZR,4.734656
AG5ZHK6XUYHCHSDTU7ZTNQ4T3BHA,B08BSFDY99,5.0
AEF2RX7ZF5KKRXYURVRY6AKZGLSQ,B0B8M5FJ9W,4.409127
AGTBJVGF6Z6FTHBKFPZFUEGV3NRA,B0BKZ1GPM7,3.8684046
AHGYF6WPXSRKSINWX5RCOI65MHEA,B00LMC2HA6,4.0892806
AFTEWUV2FV7AEPP34WF522DN6ZHQ,B0002F6WR8,5.0
AERPP36RWS2WYRE44OCD56CZZ7LQ,B08BHWMKDN,4.5645866
AEN6QVGY7IYPDKZNGJWAQBGRAE2Q,B0BPLFP5P6,4.3081455
AHDO3Z2SFT3ONUF3WEIQDTSLSEJQ,B005ES7VSW,4.0172424
AEN6ANHOT5COUFKFIQUZMB4XGIEA,B003AYK14S,4.3251
AHCBAYMJVLTILRVTBKJIPB3VIDWQ,B01LQO3GGS,3.5715847
AH7UOQQDCPZIWK42EWAAPCGDPJ2Q,B015X3CXXA,3.9074535
AGFK6ZAZD5Y6WP5YUMHFYV7KVZSQ,B004UJO41S,3.780682
AGYRMCX4CHWWMEBXYY7BQIOT6ZWA,B0BHSG5C3G,4.2384515
AHFBALQTCIHW3OHR5WABW2EZIASQ,B0841BMTGZ,3.9464467
AG723UWMFMUICGE2QFUGPL3UUYIA,B07CZ8QC27,4.5654488
AEJ727Y7JSGHO3AJJBUKZX65NRMA,B06XW4SNFG,4.2829804
AG2DSSYTEPCQ5MBLH4L265J2LI6Q,B019NY2PKG,4.573013
AHIVWIGXAM7DD4F5AKC5OCYO42JA,B016QUXTZU,3.922533
AEZCTDIBXZVKKAKKKKWSXKPN2MVA,B07NBB4KRS,4.4807725
AFMQSX25IVEXUFMV4LBZFWTARSQA,B075GKTV88,4.4348702
AFY764TFOKIW7R6R3TF4SLTP3DYQ,B07BFT2B91,4.4918866
AHEMAURZYRCARVTVF6CQYTYE4I4Q,B000BUBF6M,4.6908364
AHMEIQYVEGHXBYOBMUQEVKPE3QUA,B0BSCF2FD7,4.4152284
AGV5EG6FOHTDDWOLXWMGQWQXDMWA,B07J341B3C,5.0
AGGCTCZBGFQEUFK2IMJLAG7T4QXA,B01AAX6KGY,4.45255
AEMSFZ4NLED647BP3ZCQEY3FNGKA,B07217RS84,4.59086
AHWA6UFI2V33J76UUQWQP6PHTQCQ,B092LF6RLS,4.1817713
AGP2P3VOGH7NNNH6CU7FKN4M62NA,B079TLFL33,4.528263
AFTPUNQ4NGIKJHIEUAFA3GQBUY4Q,B0BPKH7FJ2,4.968157
AH7GRHCAJCVNL6ROQOLIJT6PK2XQ,B0BM9BWB8B,4.2545643
AES7KU7JY6KI2MNQ4N4IP2YCMTZQ,B09RJZSQML,5.0
AFAAQVGMDINJAJNDD6HE2HFNJ7AA,B00LBKFYUO,4.092443
AGBECCLTWXA2ZFFIS4KD3Q22PFRA,B0BCK6L7S5,4.4158926
AGN5FDHWM7WRJKFO3CLNJ4D32U7A,B015WD6FIK,3.9609156
AF5PM3LODZ3TCXBESCMRC33V26SA,B00OO30CDE,4.6773915
AFJQQWO6VAZCTTY3GXNB3SEUU34Q,B00RVE9X06,4.8323946
AGTOFPT2HFCQOHY7VTF7ZLZFNN4A,B08178GMTF,4.2180862
AGF7TG2EIMWONOO3WRWONQJVKDNA,B07PZDBGCR,5.0
AFBUMGG7XY5MQLB7HIXJQR5X34FQ,B09198262S,4.464279
AETBRNPDURJZWOEQN5VR4BZD5C3Q,B0C4ZPNBYC,4.9555287
AHCBEOI3JFHG2DNP5USTZW2MPEJA,B01MD10XAU,4.0425344
AEZP5L6SPBC4WHUHBJEFCDDVB67A,B09QDL744G,3.9476824
AGR2HGNGBX6TFVFHQFKXRPP4B22Q,B0BT84L827,4.964409
AEMBK5QLIOB6NHLJPH2GI3ZEW4EA,B007MY5BDI,4.4746757
AH2HKJL3HTZ7OHQPBKMANUB6XLBA,B00L75HGUY,4.199094
AH6UKAFU6GC5PR45MMZMRAQIDM6A,B01FMKRG6I,4.7176857
AGZJ757HBQPRTEF3IFY37PMFPFIQ,B00M53HWQA,3.84311
AF2HAUDZBKQZM5XZ2DM4UPO237UQ,B075CSHLYH,4.362521
AE6JDIRVPTKC32Y7X3QQ3WAY2LIQ,B0BZJ3ZS8B,4.607442
AHAR2WCDFYETREAF7SRKJ6T3RMKA,B0002F7IOO,4.794098
AFPXIMJJAYJYB56PWZ5DSHAMVT6A,B092CVSQHR,4.0396895
AFUO5Z2K6MDX3SYTSIS5HBT47ISQ,B07Y3YB1DH,4.4452376
AGDRNG3FGVONPV75CF5ZMZ4CARKA,B0BXCQ9CJN,4.2846785
AGMGW2AXSHFLEP2KKAQBOM6OOQGQ,B06XB3FQKB,5.0
AFLBNI74FPOZRZR7AH2PBY6WSMFQ,B0061RNE0E,5.0
AFQDH4VJVLTDGFFZS4IAAG4VMBKA,B015XTFNP4,4.4986777
AGAGHJYANWY7FQDJRZ5XEVGHMB2Q,B0C4GJM9J4,4.401776
AEYVPPWR4CIKWX4BGYKCBCDL2CZQ,B0C6R1FZNM,4.0620437
AEUXATQKIZHHXARX7DCMLD7LXG3A,B0B129LPD7,4.8826847
AH5VYONJC6AZLXGHCM32LEUVGWBQ,B0BKZ1KXLM,5.0
AF2HAUDZBKQZM5XZ2DM4UPO237UQ,B0B2Z13RCR,4.910451
AEYSGCOJIR5X4PFUY7JGUOFCZVNA,B09RX2SYHJ,4.2777634
AFPEV76DW5AZ77YU6DXBX24YRD3Q,B07RYBJN7K,4.229975
AECRFIY3HZZG5KMU424HTLAKDGFA,B07H8WXJNT,3.8874924
AEWVQYY4G6UMIFZD6QDPUDOYBU7Q,B000T5MQV2,4.6636558
AFGEE2G4XCML3OIVDBZU47XRZTDA,B09PWCF6T9,4.4879904
AHO5IPKZNXFFG2LYSCTINORZG7EQ,B01M15915O,4.018976
AFXUKNAJ6DONF5K3HFFCVWIG7WUQ,B07PMLJ8PT,4.8914657
AEQWIQ5K6LLNVFPBJTPKK4J76SWA,B086QP7WM2,5.0
AFMG74ZXHJ2XIJW5OUELTC5KRPKA,B0B3VDFKB3,3.5179646
AET3AD34PERPEFPAFZ6LJV6ORW5Q,B0006IHLFI,4.82968
AEOG5GP4YYOR6T7H4DTLTH5VXEVA,B09857JRP2,5.0
AGTS4HKNL43FZW3MZMUNVRYLBCKQ,B097FMTZCP,4.2026854
AERLABCYH2N5GVQMRM2SC7I3LY3A,B0BK6PMJD2,4.760807
AGMJISSDQ7DXH7AYMYZBRHWISKYQ,B01AIF4CL4,4.679116
AG4V6SXKSVYO5TTRJQRPLBSK25HQ,B08BLKZS1H,4.1286693
AFSID347MNEO7BB4FDS7G5WFXFOQ,B0BCW884JL,4.129912
AHBQCICNAHDBS47M6LFAPV6LBFRA,B092LF6RLS,4.5338836
AHDTJODSAMZBYCCS6I35H4V452UA,B00LGDYGSC,3.959847
AF4DS7QH4EAGQ6QWYLTMEMVHNQ4Q,B00DY1F2CS,3.9622664
AEABO4WBVLZ6J3VVOA5XDJ7HDBQA,B0BFF85D9R,4.3642616
AHLW5Q4AJQMIGC4YGUHALFLAQLGQ,B09BGCRS9T,4.7585683
AG5QJWMXSGR6QK7CTCJKXRD7OSOQ,B013MG2PPQ,3.6381998
AGFCZHTATBUI4HMETZZ5DXULTZJQ,B0C54RRCKG,4.442702
AGSP5XAQPQBUUXZHEZSC65FD7NOQ,B01K2OLR28,4.636463
AEICQU5QHFNKB2ROUABD2JNNPN5A,B000EEJKSA,4.3381104
AH5H3RK5Q2WAXHOCYTKNZFAV3UGQ,B0C3LHRRDV,4.762785
AGZG7MB6QID6KRBUFHZSKIAOZENQ,B07DWM7Y6N,4.77315
AGIU5IUE47VOAR36ZMNGTCP5KXKQ,B08BH7KHSZ,4.0948577
AETRLZMHXJWHRPFLNPAT5KWVN2UQ,B093PZDB9W,4.2246923
AEA3NLDRDLTW7U6TDQT5GPQOOIDA,B074335YFQ,4.080449
AF25N7GLN5FPPTJTP7KP5BNRV25Q,B0BPJ4Q6FJ,4.826791
AFZV4SQHKPAL65VYRSQSKUKWMXXQ,B009YCI62Y,4.22258
AG6XVM67COQE6IDXIWOXYJTPISKA,B00CDA0IUC,4.5516067
AHWG4EGOV5ZDKPETL56MAYGPLJRQ,B09TXP3FSK,4.443518
AGCCTCFGWGVABEVFKC44HJPXHHRQ,B07QYVX5DK,4.2532454
AFQVJYB73FB4EMH4CHYJI6DQ64ZA,B00UTH51KI,3.89503
AEQR6VWJVW32O4N3STXCPXVF7PSQ,B0BRQGJZXR,3.6578367
AFTVOIJFGYFC62ALDHKINLLDDFAA,B09NWCD36N,4.3826704
AGTHEJOM7XSVYDS5ITRS7WUQGMKQ,B08R5GM6YB,4.5439725
AGPFAMWJTPQSQEZMW5TUC7QY633A,B0018TDULI,4.5957303
AFSA6YD3ACC3VQQJRNN27YN537NQ,B07L5B64RG,3.9659913
AFSR5KAF5DWNQ5OXA7KEFPPTZJPQ,B01DPCONFM,4.776335
AEIBHSLYC3NCXPUA7P4OVRWQEMSA,B00979RZ9O,4.5155487
AF7TTQT52OE7QACCNUOOOTZUMAQQ,B09JWL3BF9,4.8001595
AELR55A2JR25GIIZGNKE5LAE55AQ,B00356J8KE,3.9516306
AHSUFZF7WQMX6TJ6WC2LBBMGSYDQ,B000EEJ3S2,4.090573
AFCWX22LDG3CR5NHJDDWGXKRC3YA,B07K66F3N8,4.8609643
AF2BM6EMS6FKYSKZV5IBORZEXOKA,B095XZJ99J,4.5060196
AFTOYCLIMUB4A6TTSR6F2JINI4GQ,B00DYAAIAU,4.3955493
AFJ52QWR6Y5WPXK3MEZJJBHMUY7A,B08LRHL28Y,4.3295064
AG7NDDHQBGXQDQLHZPCWYMAWYM5A,B0C5BMZ1K9,4.548691
AGDAX4BPTSLLAI63FKN6J5ZTFKOA,B08BSFDY99,5.0
AFAAJ4UTCN4SFXFVJ36RWKSOWCPQ,B01KHMUQ2M,4.3971577
AGEXOCVVUXJJZMX6AGI6LDVUC7SQ,B01DE4D4LU,4.4497676
AEJLXKSF7III3HR7ADY5TIWBOECQ,B01DQ2RFS8,4.215159
AENNORCDOTT2KFT5WUIK7PJ2EXOA,B075MCRFYZ,4.570251
AFI53ACNS6SYJPY3RKPA5NFOVRAQ,B08PMZQXN3,4.7092347
AGU46QHMBNY4242H5MCXGETTOMOA,B00S6251JY,3.8975637
AGS54MIP5XVBK7FM6QH7XNGFDVJQ,B0179C3Q20,4.6583343
AFPJGU2B476DH44PAROBTDQZQVPA,B076X9C7H1,4.4135356
AHJ733ZCG3SPN4NXNBP33SXN66TA,B0006NMUHM,4.8726397
AEQ26CZ7BTH3LGW4AMRVLEJKGOFA,0825603285,4.249249
AE6PGN2WW447FQCQ7CQFTCO4L36A,B0BKK3H2F5,3.9619467
AERWQO4KG65FDWZTSAU44MKDCWFA,B097Q9W8MW,4.43857
AGG7RMU6ECJHPQB2ZIQT7ESQEI5Q,B06XNBTLHC,4.5783906
AF3NQJJ4KIDA4GURLEALQBI4RKUQ,B09G5QS1VD,4.3600335
AG3HHGKGIZCIIQZ67ZGJ7SUBH22A,B0002F5C7Y,3.979094
AEURYFHY5UKJWCTOYPJD3D2XLJLQ,B00CFEYN66,4.560705
AHV7MPSPXX63ECNBQ3XQ4QHUOHFA,B00M6SI0X8,4.744537
AF2NGUZ6QFZJUAAINQTWZL5WMXRA,B00A7KC9NO,4.0702186
AF3NOA47IJLZ3V5SQBOAJHUYDFJQ,B0BK6S7QF4,5.0
AHPLPI4RJDQMCN6Q7KREMZIL4HXQ,B005ZV5K0O,4.529086
AHLQFKLT3ROJTFS2P4GQ7CFHLXFQ,B09GZBTSV2,4.27137
AFEZ6PH4W6I2W5NDBWKKFXAV2EDQ,B09ZP4SZ72,3.736085
AGDT3NTRES47WHT26YWV2CVOLOYQ,B007534LFK,3.398254
AFUDNFNY7SEDKBT36AH2LZDN4QTA,B0749K3CB5,4.47778
AGGSBHWCFOI7BGAQ3YAGICGVRZGA,B098KXQJVY,4.3711066
AESY7BV434R2YQ4PUJCJG2YVUOOQ,B01EL2TFXA,4.580589
AFOZRALZ6GRV7B4Z2ZGUVNKI5DOA,B0B55ZJK68,4.4546304
AE3JNYVYO3C3UXO6ICDIOZIKJYHQ,B0C37QCPS4,3.900279
AF3NJDOTMG7BRKDLV6UM7GHFC7XQ,B0BGQZNQ53,3.9814491
AH5B6OGW62H7VQZYF3KNZDMKQP2Q,B007MY5BDI,4.6942945
AFOWDN6YUFGKPXH5ZJE5J57JE2TA,B0019FYE34,4.4565277
AGUSYMZGN5IIQZWHPTPH2S6D6KFA,B01DZ6FBBI,4.6182036
AFDIHKY33QA2NCPYPOGJRSBH5UCQ,B07YCMQBRT,4.5891767
AGSAGGYZSLPFCVOJ3XTIUN42A52A,B07BZ2FZ8V,4.5201454
AEP6VSEK3Y5MHGJCG2RGHM2EHCLA,B00RVE9X06,4.230098
AGA4GTW7N7KT3VL6PYMHCRSBMRUQ,B000P5OULA,3.9813097
AH7BTSFO77CNNKQFU7FBWTV5DI5A,B0040YZEJ4,4.7762733
AE4QBSUQ4TQSHRDMXE6CIDICH4SQ,B00B5LDMH6,4.631275
AFUENSIC7Y26UOKSUU2E746FZ7LA,B074WXM13T,4.641116
AFZUL4Z3J5LTJYTWP6IZULSDVP4Q,B018FCZKR2,4.9371476
AF6PK3PJIARACNSAQNXC6DZMITIQ,B0BPJ4Q6FJ,4.5758877
AFLQJJ7C4PKUZJOXPIR2RFS5GSSQ,B00IZA1GI2,5.0
AH4AIWIVLN43SGJGK45W4FCJB5GQ,B07WTRFSMB,4.550296
AFPG5F53DZFYCV4MUZZJMRNBCS6Q,B0BVVT8XV4,4.016747
AE4FLJ7EL2L56IUWIAWZRNHJXAEA,B0BKZ3GCGR,4.7442555
AFK2NWEVOB4BHP5V2XVAVE65B6CA,B0084CRYOG,4.2333064
AFMEK6HGMNRXS44ROKARI7467HAQ,B00DIGCE5C,4.092713
AHV6QCNBJNSGLATP56JAWJ3C4G2A,B07711ZF5C,4.4013376
AGR66GB7J736YGNOEQXECJZENQXA,B07SCMRGW6,4.5609293
AGSP5XAQPQBUUXZHEZSC65FD7NOQ,B004C4UQZE,4.1526494
AFHPJTBQYQHQXIFBAODXDAIGCGMQ,B0C14SC57J,4.6538873
AE3HJ6CT7RAMP5XNGLYPEGDEMJJQ,B015JTEBN8,4.6377673
AG52TQ6F7NLG5WBLIK7Z4QIKVETQ,B09B45DLQG,4.5499525
AHFWSW4APYWHTKLSCLUQ7OOAXBDQ,B00XC2AQN4,5.0
AFS5GEDNULNRN4L576C7IKBC46WA,B086GNSNMC,4.6079926
AEVQES4DYXCIQMQL7KHTDM36Z6TA,B003OJE8LQ,4.498818
AESJEFHJ2EDKWCAGDLHNIPG636DQ,B07ZN86ZFK,4.352632
AGMADA7BVXWOPUYDHC3C3K3OKO5Q,B00H4PEMM6,5.0
AEIZXNH7FBJXMVY2CQLSSI2NZSZA,B0BXT3LKL4,4.872674
AG437IVOHPYSB723CQHCTUIOPOUA,B000Y021NA,4.32393
AH56VKWTOEVES33UCWBSJ4PNSTZQ,B097Q9W8MW,4.590213
AG5SSLGUHBVW2WBIMICWOPQGV4MA,B00387G1MI,3.984671
AGOORIF7OARBAL6HFDOLXUF7DBFQ,B0B4DB5QD5,4.0158176
AFZFOI4JUMS5UFMVWPLAVQ3ZM2QQ,B000068O4M,4.917737
AHXJKALSQTNTY5FPUFFLHF7FOBDQ,B075VPGJCX,4.575525
AFQK37VJADTSXECNN32K7O3ZWM3Q,B0040YZEJ4,4.620001
AFKXPHJU332QCBEXRVZTY6K6B5HQ,B00BS1986M,4.542307
AFLM7I2NCG3CEVZVMCMWN6SS2O7Q,B01K1EJQ9U,4.809896
AGNZ55VEXGISWO3OH7F4CTP6HNRA,B00DY1F2CS,3.6952763
AE4HFI5J42AKFLFHZDE5D6LFGFCQ,B0012BPMHW,4.2284856
AE5EKWZ7BDIPUT2SQCCZ62H22ZTQ,B0C6H9T5T6,3.9086006
AFCTA7ADJVBKAOXVHUHMRZEEEE4Q,B071H41DFS,4.1097817
AFISTPNKN3EJKATATVLIFQMKQOXQ,B08R5M2FGY,4.68774
AES7UWDI6OPAU4HN7336ZP75SITA,B098KXQJVY,4.8088675
AH2L4HXWXSECI3SMTHE6YB3T56KQ,B00H35YIJE,4.4919767
AHA27EHM74UI4VBZYCCOVUBUZNPA,B0B8LZKBN7,4.456067
AGJ73YUYEW6PWPIO3HOKTPLKW7GA,B0B4SGJRHR,4.505298
AHJ2NJTRCWB3QQLDFPPMYCEYDFJQ,B00KG7CB2C,4.969901
AFM2DSFXQRROQL75DRQ6J32PMRRQ,B08B6BF5RH,4.0880413
AHVMI7WN5IHRKUS5RR4MWRL5BROA,B071RL22PZ,4.7456493
AGK7E6PYFPGPZ6MREYX4KANUCJGQ,B06XGS3D3S,4.7845654
AHBCMUMYBDO3DCWDT7RUSCSHVFSA,B07C91JT14,4.1061726
AHOGN6NSQV73UZ2PWVW5F4Q43Q3A,B0BX8HZ5RH,4.244668
AHIXLMOB2ZZRRGEWCJXUZ7XND22A,B00OJHI6KQ,4.8161283
AF3BR6FQAGUDNKNFETNSU3KKHBOQ,B0C6H9T5T6,4.784407
AHIUXHZZ44ELXOD77N5XGO73ZIZA,B075R94JY5,3.8328474
AFVTV5IBZU7SCCUSTID3SQHYH2CA,B07N1RPV4J,4.910829
AEBJOLNLS7IRLB7HGXXFBZSLXAWQ,B07J9JR6VP,4.711965
AGJK6S6LFHIGTRRCPNYGMGFQ3F7Q,B014ZYPT34,3.699172
AFVNE7YGLL4YBJNHHPHEO3ENOAUA,B01MG3QVCK,4.117225
AEYVPPWR4CIKWX4BGYKCBCDL2CZQ,B095QBH5ZB,3.6971006
AGMMFTC4LMPBUSCOSAPMQU4BQBJQ,B0BSGM6CQ9,3.9563913
AHK2JKHQ22EXZBQWCF6SAV3XYAYA,B08FHV6383,4.063799
AFAT5EYIHBJC3AC5TZUKLLWLBPGA,B09BMTCQC2,4.379006
AFWBENHWG6A6QJCJISR4IU7PO3UA,B072235GXG,4.506869
AEAU46Z6SC3RRNCHFIB5RKUUGROQ,B07BHHDL37,4.6999626
AH74VAPB4EPE6DUCD5VNR7PQELQA,B00JL5I61A,4.304535
AHJJGVQ5R6COEDIQTRKPH45IHDUA,B07MQK9168,3.8101952
AENHWLM7GME7SJX2RTO5JBPIUSZA,B07GXGXPBY,4.3785048
AHUIUCGSUO6B2KRQLQ2UWRYXTH5Q,B000TGSM6E,3.7342374
AHVRQ2F6723IXOL2VOYHCVYJLPKA,B08Z6TDJZ9,4.5125055
AFHPTJZIUVAIQYWANKXP6P3UVK7Q,B002Q0WSO8,4.216499
AGQ3FPXZLJIHBHWM6BZYS3OCEKDQ,B07HMY1RWC,4.5558133
AEUAXVAUWJFDX44V2Q3OZFFYDZWQ,B004MN9746,4.4726496
AGJ2B223IQ4U6IAI3CUQRUX5IOCQ,B098KXQJVY,4.948462
AER6WLSJPBPNOZIQWVHQBVOKTNCA,B09PWCF6T9,4.1909847
AERXAGU6PAY74OIAVZQKU5ONB3NA,B07NDGTFJJ,4.793923
AF7IWQ26I2RJXFXKGSPGNNRBLNEA,B016QUXTZU,4.1050124
AGAJSGWWB75VLSBMF6I3LUUTL4AQ,B01DEX3CHC,4.624552
AFKG57XVUDKCUGS7Y44EY677NBQQ,B072PWKPLW,3.5585446
AERWQO4KG65FDWZTSAU44MKDCWFA,B0772XDJX2,4.443472
AHHHDPHIPV4CJY536D33OZV6LFPQ,B004XNK7AI,4.1337647
AFEZR2GVGMGGBMGG6WHCWRI3MK4Q,B00CHHUKY0,4.660763
AFCGEML7F6W2U6YIW3BT5VVHAVSQ,B07CBT4SYD,4.4368014
AG7REFIGR4JHFZTYSHJGYFS6WYPA,B09Y1X5BSC,4.451807
AEGEWZSJFQBTYZMFDTFAOCMGVAJQ,B01N5QJ0LE,4.4818163
AGJ5ZHY5Q43NH73NAAFRO3A2TQKA,B09857JRP2,4.726569
AFLAAWHDSTPMYQDU55P7GKFY3ZHQ,B00PR8AW62,4.7104053
AH2H6UZNEA477XOPRQ3T37WXMBLA,B0002KYXTM,4.5171485
AEXXN5AQLXNN75TLPBTDPHVJKF4Q,B0BCXL2V52,4.8200793
AGG5VFUD4XK5TBLA4B724XEEV26Q,B000KN0BYM,3.881627
AFUV6KLJPKFA6QQYGINR4D2MY2XQ,B00HTWQYSO,4.635091
AFF7YUPAE6KRD2ELYPEQIWZYORHQ,B003LPTAYI,4.2128043
AGG3TGNIO4ULCWBMCUW4NHZZ4BGA,B07KDWXQ84,4.41892
AFSPIN4QUVVAVW3HTX7L2J3KUR5Q,B00OO30CDE,4.133251
AFXMSKCDLI6GRTDUC47LXZWZKIPQ,B00IWXMGH2,4.6697855
AFM2K5Z6FN65NXDAT3G7ZLFW33SA,B078H33C1W,3.6825516
AFB72OOKML6ATB33JXEUUYPQGMXQ,B00WTZRLOM,4.526243
AE6TF34R3XLNVEOUQ5XGGJLOBNQA,B073CZTQFM,3.605954
AEFXLPLCZWRJRK4OVWRHX2YUPW6Q,B0B127PM6M,3.8348014
AG6VOE54BWQKIPPH66M25GME2S5Q,B09Q39C7W2,4.889648
AFZ4UIQJHMYNZMKSDU2QA4F436WQ,B0C5BMZ1K9,4.5040956
AGVDSDJTAPD3VRDKZKEX5ICMTASA,B073T2YK2J,3.9723592
AG2Y6CDZNCG2ZJIUIGDIJYADCJ6Q,B0951C4RGR,4.593135
AF3NJDOTMG7BRKDLV6UM7GHFC7XQ,B019OO4IY6,4.032507
AFCLOTB3P3EXMIQAKAZIP3KGAYQQ,B074WXM13T,4.112026
AGVTKJAYTPW447JEYNPPTT5TDDGQ,B01D53JG5I,4.540854
AGKVQWUZ2RQAOWHJHMQQBGIDYASA,B07MCRMLF3,4.4483714
AG7TXC563E642KFHS5YINKSCWE6A,B076K32CH1,4.931102
AFCFGYHKKOCM7XVCRNBG72BQOPYQ,B0006UGEOK,4.209354
AFUYIME2PIVVNZFSSDULBBIWZD7A,B0B6P55RBN,4.054327
AF5JC6AAADC4WZZONMI3PK5AGJNQ,B0BHSG5C3G,4.8345494
AFR6WKFQBTKBG7HH7MOIHP7Y4IJQ,B08JMQR2JK,4.820592
AHZOWNQENHOHDPK234WOZVMLS2SA,B0795PNCBG,4.287049
AGGESXOSTBKQQ2MZKYON3UGB4Y4Q,B085C1XP92,3.9624171
AHENALE25EXP3M7QWZRXIYKTTFPQ,B09Y8KNXP9,4.5107145
AHRQCX6F7G5BXPNBEQ5MXPTRN25Q,B06XQ177ZN,4.17746
AE6BYVUHZCRER7JBO5CFHJEOHAVQ,B0B69VXJ6G,4.3228626
AEXH3SBLTIIWZJ6LGBWKNXVDTRZA,B00B5LCADS,4.904798
AGDWXEECHCW256RCMJKGTNJHQGIA,B000BYPJ1U,4.1238728
AF2CLARGDIRBOY2HMOPYSNCURNRQ,B07KPBVCKJ,4.0433717
AGEFZSKNCTSO4XQ5LU7MGYKQIEZA,B016XLLHCY,3.890076
AFA4ZJGSTUWBV43E6FHQJV7ZWXDA,B098PJL986,4.6955037
AGFNMLVDG4FKJCSVW5MZDENDGZ4A,B0B1LK9SXB,4.1857023
AGBW7LZUPMPOBV4LJ7LO3TCTRVLA,B002QKRUJG,4.2888556
AFWHS5KMUDYBCMWKOLSLZZJR5HDQ,B07P67TV7T,4.6833844
AFHLBRCKVJX52YOOLP6G2MDRCGGA,B0075DO5K6,4.772804
AFV7ODHDJYGFBCSQULUNPKZTC4EA,B091YFQGCJ,4.759934
AENN2BGZN2YQ2OVGQTNXHLQ5W3JA,B00834KJ60,4.517214
AE5XAHW2JPDP32P2BFJ7R3IFND6Q,B015HG7F3Q,4.170972
AFTSNLQBX4R6BYTB337XHJIYS4SQ,B017VXNOK6,4.5248733
AGMRYSCYS4DGUW4QAISHDJSCHUUQ,B0BCK6L7S5,3.8552651
AE6TYSATATHUCWNO5ALASJCCV4UA,B07CQS5BMH,4.6318645
AHYDSH65ZAO5BMP5AFT4KYN7PAXQ,B00W7ZL4TM,4.5503793
AFQRD5USTZ62QENXGL2YDRIMPGGA,B0BR2PXCBW,3.9643266
AE4LWHIBYCREDXSNG3EOF3RLKKYA,B09R2TMLJR,4.3109603
AHAV4CADMBDGGHBQMBNTQX6YVXAA,B08NWG3F9L,4.1667438
AGA5ZXP7UELYMEEFPCM7Z3SVO5JQ,B0016H8S1O,4.516774
AEXAQLGHLXRVILTEJQ66WITDGABQ,B07HHKV19H,4.242451
AGHQFRCGHCGJIARSMRFJ3G4E5EXA,B014PEZVKU,4.170227
AG5C4IBXOOHVYIGS4RUQSR5FLKNA,B0C6H9T5T6,4.0691705
AGVTKJAYTPW447JEYNPPTT5TDDGQ,B003WZ6VVM,4.163238
AF3FBHCAUSTHXGTODQONDLTDVQ3A,B0C67HCGBR,5.0
AFNUD5CAN5NBVLUC6377NGRF2XEA,B07KR28VKS,4.113308
AFID64NVSRMGS4FNVX6SQI23O4TA,B0919HG8S7,4.638806
AFS5IBOOEKUZKI4MPWN25FGW76UA,B097FMTZCP,4.353641
AFBSSUJ7JS74UIR22W44TDNK26WA,B08Z6TDJZ9,4.553443
AGXQAH4PJCCLZAUWEE2J7NYRBKCA,B07Q6J4S89,4.8672066
AFU4WXFS3Y3OZ52E23YPAA2DIJRQ,B078KTV8L4,4.691841
AG2DSSYTEPCQ5MBLH4L265J2LI6Q,B0C5BMZ1K9,4.5853796
AFDZ7Q3JWBSK3MEBNMHFMWINWDQA,B0B89ZSYS7,4.7325416
AEU5LBIAENNFA2SQXVQLFAT7PQ3A,B07VPLFNYM,3.740672
AGZ3QMLZOWSZJPXAPSTGORHBPVQA,B00C5B26HC,4.8944283
AGTN6F4L6USRCJM6ZDIGVSRQMSWA,B0928HW2P4,4.9642344
AHXFHAG5TRFROX6VPMJJBB3JJAYQ,B0BSGM6CQ9,4.9180593
AGP4JFXNUWNXGL55F25YPQ5ZGIDQ,B07BC4KMQK,4.184009
AFCGMIXOBNAESB7TJIGGRYWAYOGQ,B0BQ4XYZLK,4.4411683
AGEQUBTRADUL3RIFSR5NMHWAQJ4Q,B078KX8YJD,4.3873186
AHPYQMRLEUCO5N3PMHQJGOX6SUJQ,B0BK6MQDZ8,4.4121113
AFUGYX2OIIUMI5C5DMYZHUYO2XVQ,B0BZ1XQX97,4.493597
AG477CZTN5DXXKI4PJQL33KQYQMQ,B07DFTWXL7,4.8316965
AGNRFLXG5P256TIYC7HM6I5IT2AA,B07NF16YKJ,4.821162
AHDUKIDSK6ASLBFBUWVEQLJNKELA,B0BCXTPJR2,4.2435575
AHWPQARHTFJKRYID7IF7RUU5FXWQ,B0BHG58G2F,4.8922133
AEWHXZIO532D7GB3XK73JQO7V6XA,B018FCZKR2,4.712887
AFFZTKH7UI4G5YTVEYBA232FY45A,B0BBPLFSCG,4.676504
AG2FQVCSAPNCKC6M7GKCEQO4HFKA,B07SZLB9GM,4.512727
AGYLR4VOLE334EGG5MER7CQKBCDA,B087TBKK97,4.5390344
AGKY277N64L5VISSLKOFR2EH3ZOQ,B06W2NS7RW,4.286132
AHNG3NRGEDYO7E44QMYDHMBADPBA,B002C741B8,3.964427
AG6BIRUHFL3WJNN2ZEBGGVPMSRTQ,B0BMDK2JC3,4.9879465
AE7ZTBUNKGJ347SZHE3B7QAJTNGA,B015XLDQD8,3.853272
AF3V3ZFYEYBEL4QWWSWJ4H75A77A,B00LTL0KLI,4.3519125
AH4YXFX7BU7VENLTLNKSYDVHQBIQ,B005H2007E,3.908099
AGHUVPFNJ7FWT6T2CUGY3A75N6WA,B07L5B64RG,4.299563
AEJYOYLHAPY3LCYQOKUS65LGOVRA,B07GFH8NTB,4.6259565
AFUDTHASFDLLVHJ7T3S7W3FMGNZA,B086QMZG22,4.529055
AGSCKCPNKACD2BT5BE7IKCA6CPRA,B08YK9HWTF,4.7418613
AG4OWQNR7J4O6QGYIZV53XJAUF5Q,B0002D01IG,4.3288946
AGKOFLHULW2C32544ABJNOTXJE4A,B07MZVPJ4Q,3.9375772
AFUNJGQJTP3AICSDN3DK6L3NHMXQ,B003FXM6II,3.6418185
AG57ZCKN4CZOESBMSWZPL2CR77JQ,B08JMQR2JK,4.617095
AGPOPRW2DUAEQX5GH5EBAPN57G7Q,B0BYXQHW7Y,4.5334153
AEYVPPWR4CIKWX4BGYKCBCDL2CZQ,B01G26TRW2,4.0302296
AGC4DOJ7GIHCSOYUKXDDCTLDBAGA,B00V7YMOLG,4.541643
AFJVICWQHTNH22HZHRQTPLDRMXXA,B07Q422FS6,4.7611737
AER62GONA24AVDCPUN7XUAXTFKTA,B07FTVKZB3,4.9167013
AF6HUMKJCWWTK4HJTVFA6HSZ7N3Q,B00MRNXJ06,4.520307
AF5YR4OHQK33YIBQ4XRKW4RBTX5Q,B07DFSF3S5,4.6636467
AGTVZ7ZSDMTEDLMJGZRC7RFJNDWQ,B015HG7F3Q,5.0
AHY2FKC33WL5D5RQ3QRIWPWGKY5A,B00IWU4BF0,4.086233
AH2J57YBS2WIYAEGFZGJZ7XYB7GA,B01AZ0WPPC,4.5649962
AFA3VOK27DFN7UYIFO5CQSCIOCIA,B086PG669X,4.3494897
AEDK5T3VBOFLHQ5KJCGL5YCKI4PA,B0009G009G,4.394146
AG4AJVSS6426E7F5XTBXOSXPSAOA,B09TGD5X27,4.880278
AGPJA5QSBWOYXOCJQTXF54TRGKFQ,B078KTV8L4,4.446056
AHWQJGQJBJTGKBNCLRNJH65SNMCQ,B098KXQJVY,4.5048122
AGOTWNV25MJTCWQJAKIK5EL24VNQ,B08VJ9VGPL,3.8000927
AHBV7TH4Z3WRRKXUIDAOPVUBIR4Q,B0B8F6LD9F,4.9352756
AG3NKKQ7ZFWTDAHDWKI4JSFRH4FA,B09R6GDRV4,4.7617064
AHERXW7PHUZB2VN6B5XNSRAI4Y6Q,B004ZKY10Q,4.256279
AHEMAURZYRCARVTVF6CQYTYE4I4Q,B001CWWNPK,4.856271
AFOVPAGIXZG3TRBLV44SK63ETBUQ,B093YGKPTS,4.664634
AHYDVO5UKW3QHLF6UFSCEOGECGLQ,B01DN7OAWU,4.5866337
AHGNK7XIP6W4SOL4B3MYH6Q6YESQ,B01N01NYGY,4.7106185
AGWW735D5YTMQYBMUDXC4KOZAXDQ,B0C4YHLT1M,4.64546
AHK5FUZ6I2OXLSIJX4FZ44DF4FQQ,B00VNSOK2C,4.780195
AETOD3RGKB4NR7F6ZX7Y4YQTJDDQ,B0098X01ZO,4.1764965
AE3Y65VROR3YICKMO6OJJ2LLN7RQ,B000TAHFCC,4.4193606
AEYPLXPGNUKJMHAPC3GONAXBIOSQ,B07GBQ4LGV,4.462813
AEQAU7SKDC6BAFLH4NY5HGP2THCA,B00HTWQYSO,4.4244914
AG4EWD2WI4DTYGYZAMOJQ4DPSXGA,B002H3EZMC,4.5893693
AHS4LB7DEDJWMCKIVTUMSBZUC34A,B01DN7OLJC,4.175756
AEVR5BUTA4MKV27LQINCRCM4WFAQ,B073VRMPDY,4.212059
AEWKZY6NU4TOYG4QOJ2UUIXYUIPQ,B08FYSGZD1,3.5716043
AFWBENHWG6A6QJCJISR4IU7PO3UA,B0099DMFK2,4.3196
AGMIECBRRAHS3YUEBQNL7M766ZVQ,B08VWZHQV1,3.9275687
AFX6X5HDCAOHHZJRKU7ZRIWACF2A,B071YMYXHS,4.7294736
AFLPLZYHGAASHAYJSEJPYUBJVLPQ,B09MJWYTQW,4.6008506
AF3JMCAJ6IICLZJRLDYWCPSSEN2A,B002L2E1TQ,4.3435745
AE4ZTY6QRIF3UULZDVAU7V7UJWYA,B00RVE9X06,4.732523
AHZW5LNAKDKCM5ANQFNAZLT3JBSQ,B0CCK4YYNM,4.429177
AEENWSVHLUOJFDM4HB2QEELDVEMQ,B0BSR996X8,4.822401
AFBUMGG7XY5MQLB7HIXJQR5X34FQ,B07MJVGJSV,4.2550306
AEXY3DSSYKBHCGAMNYQRGD3GR4QA,B00B5LEAFE,4.3001633
AFO6SYZM7IXUOBJNBV6OEURF3DRQ,B00BFN58WQ,4.2459054
AG7SATUH2NYBLNGI45MURZJMCZKA,B01MTNCTCT,4.2861233
AGOHUZDWB7HUI6NQOLEY56QG6F7A,B0BKZ2S4PC,3.9442015
AEXLRZ34GTMM35NQRDZ4CDKKXLIA,B0BT8GVK6M,4.799794
AFOWG7WVVQDQFY6MHOFL7MFPAG6A,B000UMFQHA,5.0
AH37ZV6A5UJW6A4PA62VDYOQSMKA,B073VRV6MS,4.2459064
AHVHBTIWRGYVFBVNVV7SSK2W2RYA,B09MQZ8VWH,4.2993464
AGSM75HHGVYI263VKMFQMK6GJQ7A,B0862G4SJ9,4.7551346
AEQIXOBGYVS2DIAO5XFBPPKNMA6A,B003AZ6KG0,4.4101567
AE5VICOXJ6XHMLISRION3NBJ54OA,B00INNJZPC,4.401158
AGUNYCUTE2I2FQOSTZ6XZILKD6DA,B0C67HCGBR,4.7289147
AHJSYOIN4W5IZ4SW5LSHCHEBMPNQ,B086QMZG22,4.6351557
AESYGW72QCT4EU27P5PPM4X57MCA,B07KTVV4BC,4.749779
AEA4WNCWOCN5W4GTQE4UMBFC6SUQ,B0002F7J7A,4.8799925
AFOKWBIT7ESXMZ5OOVEPVEY6AYRA,B0C4DG9Z5G,3.8707037
AE6PGN2WW447FQCQ7CQFTCO4L36A,B013VNHWAI,4.031641
AHCOV6ID7GFK6ABVU35ZNEJAXT6A,B0C1ZYC5CK,4.4139504
AHZHSRRNEBAWENEVOD7Y5GJJAF5Q,B0BJZZFSN9,3.6493378
AHI62NY2P2F7W6MNBBMELHNWGWZQ,B081PQR33C,3.886619
AEV32P7R5QEYRDR4DXX7F7V4LOUA,B07JGCQYN8,4.532536
AGXOVGCVMYWP2GS6F52ZTGFX6OUQ,B097ZNTLHH,3.8869848
AF4EY2RL5MCVIFTSNCGQ3SNR5RBQ,B08JQNQKLL,3.8715
AGF2ARUNAO6IKVQHQRZFYC4TU5IA,B09TBDG73V,4.4473705
AGMQUIDKC252ZDT5P7G3INBI2WTA,B00WM21DY6,4.3467045
AFB6NAYAW425HDMUUAKDUPILM5XA,B07BSZNKTM,4.2557993
AGN736WLG52SCARZJLYQGEM76DNA,B08DLK3GC9,4.8889623
AGXFELKL5OS2JLPR76CBZ467NA7Q,B08BHY6WWG,3.8976188
AFGDRNIMPVGMEICSWUU2AMBMPDOA,B07KJ1MVZH,4.807421
AEMOYADP2JOCWPFFSQD5XOHPNCCQ,B014QKWCAK,4.550891
AF4AO67EAISRN4VKPQWPD5LDM3AQ,B07JNKY9T8,4.661111
AFC24IBMCOC5G33XDBQTGBU4ULEQ,B08DM9NFLH,4.5344663
AGBXY7ARX32OBIY5AAMAXYJSVXKA,B00T5PNT9A,4.328989
AFZ252AZNJJ5SYCMZ7TQBZQSQPJA,B0B31RCL2G,4.315938
AFUD46FQ5QP2KHEPMCNSWXMDZ5MA,B01D2GAKV2,3.880539
AE53VDKFQ67YHCSPLIMTCFK2TBCA,B015XE0B7O,4.6864014
AGCKTXUY43QOGKGNIEHIXXZ5W4NA,B00EB11RLK,4.5374403
AHG2U7IGFWJNPHSU7HOTKCFLZKKA,B0002Z2C9A,4.0972233
AEOF2U5P3PEPOLGFUQBHOA64YJYA,B06XPJHYDH,3.7734177
AEZ6Z6F5RK6Y24QQVWADUZIOHKKQ,B0C2VGQYQ8,4.94233
AHSXFPGEWTP6QM4CNETICMBUHODQ,B07B8WL33G,4.815256
AFDIMXJ6FY6GX4G3UTLPXKVLVLVA,B00Y0CG9YA,4.077807
AE6IF4LHZZFMPOUIQ2I4AMC6ZVPA,B09NDBVJXM,4.899016
AFQ54FLISLOLXO2GO4EQA5DS7GBA,B00CIO6BEA,3.5680037
AFY62KFQD545JH4FWULTZ3CODYOA,B094JMK37C,4.6414466
AH3UBUKNUPJRPZ4MFG4JFE2BD2RA,B00CPLODUU,4.8013644
AFTPQXSU4KURGKWJGAKYLNJONTKQ,B00E3X5USC,4.7309384
AGID6DHXZOL34MVLPDSCO42D6GZA,B0BKZ59BQZ,3.7757502
AHCOQ6TOX2KVPHX2GMG5YCID57MQ,B00FPWRGAA,4.359199
AGTJZXTCU2XYA2J3TDY6RIIO6TDQ,B00979RZ9O,4.8204184
AF2B7VXJHVVGGI2GPZVTRPWAI5NQ,B0BKZ51ZNF,4.5519743
AHQTWQXTBAXE2QSFOMEOGK4HH2MQ,B00GS82H86,4.0547085
AHOFAAC4SWSQKW6TO75RFASN7EXQ,B07CQPJSFM,3.987842
AHGTX7G2RIY2EZJB23AM6H34HN4A,B07D9PJW32,4.5877614
AGRZYQTRG3YQCD2EISGFNSLHPOGA,B0BSCFTV2G,4.525002
AHUYGNA2GEDE4I4CGQITS5RUZP5Q,B006QUGBVK,4.3562436
AF63XHUFXPDT7TIMND6IIJTDGZ2Q,B000NGVQKO,3.913545
AH4NJIK7QV2YNYAUJAD7WCJW6BAQ,B079Y9L1G1,4.274887
AFXRISBWQYPDQKEYLZ7VMKSDPDIQ,B01HCGWS2W,4.690786
AH6HGW2QR5QVW56LUGSBXOLH3CTA,B00N5TGXOA,4.4309907
AGMOQRGZCULKJQE5GROUVEVGPEYQ,B00H4PEMM6,4.475115
AEQKLE6U7TJCGBHR6ZJGSYBK53BA,B0B8M5FJB6,4.677269
AHNGYELWDWTVPRTSMZ5HWCWDAUCQ,B0BSGM6CQ9,4.908868
AHAYDMZW66Q5WZFEOC4AUJJ226SQ,B0183ITSB2,4.1180573
AHSNK6SYID66WDEXMNGDMK6JBT7A,B08T2N25MR,4.061188
AGMCCXZIVMPJ5UZW2JKGMTHQXWXA,B091MZPYBQ,3.9564722
AGBQLDJQ42HII7EPMRVHHP2ESXCA,B07VMXTRQ7,3.8431487
AGRVMUVXUON36MP2UVCNPY6YULKA,B0002F5288,4.823096
AGP6DVMFOPJAIJ2AU473OUN53ZGQ,B01H4Y186O,3.6122022
AHRYCNDY5S3V7LL3QVXYAT77CN6Q,B000LGA2K6,3.953764
AFOH3RVBARU2R43PIPZIUD6PQQMQ,B0928FM4T3,4.2757196
AF4USQ6DYTGYTJPHHRKKL75RAFQA,B0BCK6L7S5,4.3578963
AHGRJF4ENU3XVPXWOJGC7WOVX25Q,B07GRG5SMB,4.4383655
AGVVXVJW6ISULJ6YM5MMFPDCJ2XA,B00LMRNIUE,4.258579
AFGBQJ4TCIXR7YL7DNUKAQ2RRK4Q,B00FUTXO8G,3.8697393
AHODETMZCUDFRNJQP4R2ZLEGSJVA,B003AYIKNW,4.787247
AFSMS2MHAVKJDLOK3PHV3IU3YSSQ,B00CJ3AGU0,4.7735186
AGXCV25HDW4JXI5QQSJTIZUHPRHQ,B0BPLFP5P6,4.0626163
AEHDGDGGA3LRDSWZFJMT3WMH44YA,B07DWLYGKH,4.813142
AEVP7UGAPHSSQMMMR7IXUUYLL6DQ,B0BJPLQDWD,4.556309
AGXOFMADDY2O5MUGWYJLUIQ6XH7Q,B005Q1XR8U,4.120952
AHUDHYMPKVYPTVUFMWLBMWJX67JA,B005U9GDD4,3.8181114
AEIZLW5DLZUBDSUGZYV45X3QDHEQ,B07DL1L3M7,4.5594387
AFK6Z4AW7CDH3IHSRAABCGTQYH6Q,B0939BV175,4.0063787
AGBAM5RZQRUUMKQ4UPUNCOU22PPA,B07BVDGFSR,4.245034
AHAYMBP2MO4GCR6ASHR43YV6D6TQ,B00IMB0Z4A,4.6734285
AGNEADFUKVX2GAUSR7OZAGIAYL7A,B01DE4DPSC,4.5981264
AGHVRG2HSUORQ4A3OHQFWKMIEOAA,B0080HYFTM,4.588268
AGYVOONXBF4R24OWT67AA2UGSYXQ,B091G1LP41,3.9614573
AGC2D4ERWZFFC6TBEN7WVEVAYPCQ,B0C4QX4CQJ,4.8233867
AH3LWB7J5AISEPHX56QBZGAF7RCA,B00IPH8MD2,4.693843
AEBTCCMZCJOVYR5LHI2ESWKITQSA,B07P5GGK5X,4.600543
AEJE4TOVBD5TOLVYRBJSFBJM7IZQ,B004XNK7AI,4.891892
AH5RP72S7EOXYWPVIF5NJXGNICIA,B017VXNOK6,4.361197
AGPB7VMJFDRG6D5MIEIK5DLXQBQQ,B06X9KG3HW,4.8912215
AHRMYVXZC7MK5EBIO2XL3Q2GGEGA,B000VTFQCM,4.2189145
AEXZDLJQFKVDZIYYP7V6IUXBX7UQ,B08LW3YL8N,4.980548
AFCSMQUEKOY3DW7IWIYZ4CW5XZIA,B01N2OBKIB,4.518326
AF4BJRSGMCKQY5DFGB6KV3P5OY7A,B0BX8VJYMD,4.259817
AHW2D5AFKMWOIVCEXUZJSB43TAHQ,B072FDH5X7,4.0660377
AGCRGA4K3TZYMVULSRLYGJILNJ6Q,B01KDK4QSI,4.4337387
AFZNG4THTEUTZC4XDEJS3U5WPOHQ,B001L8NGJ2,5.0
AGICD2I7CV354HTIMIUWJEHP6VZA,B077LVNP89,3.7747831
AEX67ETQV7BEFGI7HZIMBUI3M27Q,B07H5HM6F6,4.1045566
AGYKBJXKGCM7FUQSK5JSIT35DOJA,B08BHY6WWG,4.226158
AEA64TVHGKB3T5UHJGBBPAM5BBSQ,B002P45B62,4.6920376
AHEO3QE7OE27ZZ2TIJP2W7BCZE7A,B00UTELPGK,4.770147
AHWXEOF3AV66R44YXMV6OL3GTLWQ,B0002D01JK,4.4316273
AHJUEBYCGXJEJ2LE6WUWHD3J47SA,B07WW5PKCP,4.1999764
AH55P2KUM6KXOW2KWG6CNFHRPW4A,B09RTZ26KV,3.9715867
AH7GRHCAJCVNL6ROQOLIJT6PK2XQ,B09YYB7MNN,4.468106
AEQK6QPYSQNUNNZJ76ZMAPCJOHIQ,B0BSGM6CQ9,4.674493
AGRRU2INDXQYIJ4DUSPNMX4YFJPA,B073RTT48C,4.2250223
AG2DWLNJ7PZ4CNF3HG5LQLUK34OA,B0B92LPGD2,4.651608
AED2TSFSYFRTY4JJ7TSCMFJIVNCQ,B07H7WX6VH,4.619932
AE6JEOKRGHXGAGA4FNO4YA6OZHNA,B0BTC9YJ2W,4.8913417
AE67TMIITWIE5JJ4B5AHMSVDCP3A,B097Q9W8MW,4.566098
AFN65DDQQSOAHZOK7XDWIJPU5BPA,B006BST39E,4.556249
AFKA6Y5FDB75J6BMYLJMBL56L5LQ,B09RN6MGZH,4.5858197
AG5S2VTNYS7B62JWNGBC57G3L3FQ,B07CWLS8D1,4.4516993
AHPG4YCQ74YJYZT2S7QWWIX3PDAQ,B011N57QG6,4.219263
AHZER36Y6IL7USHGBCELVMN56VOQ,B08NVVLB16,4.8860292
AFZJHJPQL62CP4JHVSH7FRLHXVTQ,B00WE6INNY,4.795325
AG3TSA7OBFJ3MRAEPIKD3RR3LQOA,B07M6T47WZ,4.6917925
AGLS7OCGP6FTLWOW6FG5LNSPQWRQ,B07FKKD86H,3.718492
AFKAOSE742HF6XVNMKIFCZBJOEEQ,B076PN1263,4.2887735
AFLEPFSD4GD6B6C76US36CVYGT6A,B08T9CCXZB,4.6983876
AFMGBSMLPM3YL7LAM32CZPNXZ73A,B07MJCLK46,4.6782193
AHJOGKL3G262UFCW5UVYX7TOJ26Q,B00LOAAPKA,4.2585096
AG4UD2WKMI7VQ3WUQDK6RMYE4UBQ,B0B8NXV975,4.4116473
AGOS3OK5UXGNFIHI3E2A3IZBXBIA,B00I9FL3OA,4.3041754
AGKQIFYBIOZQGQ5EX7PD5SFVYCAA,B0BGQZNQ53,4.414458
AFT34SUD4RUCCDGBHAK6SP3337QA,B00GXN20K6,3.9282367
AHLW3QNXDTKSLISEZBY4RCE5KSNQ,B08JMQR2JK,4.850684
AEPNCU3WSQM2TKWGFVECRCF3JAJA,B001R76D42,4.467448
AGVPHZ24R2K6YEKM5BWFLYIG4IQQ,B07TDNWYSB,4.6044455
AHM4URAETRB7ZICHMC4ZSA2WYRBQ,B0B9XPLGMD,4.4754586
AGY3QOY2LKZBJI7U4D3KWVGIMOYA,B01HJCS88W,4.4299927
AH7EXT73SLCGBJC4OYS3MXIDCKCQ,B07D9LVCNG,3.8395472
AHQSOZB3PBOOCHTDN3IRCKU3RUCQ,B0BLZ458F2,4.081606
AFC67DVPXIBVL5VESTV4PG7PHZGQ,B0151KT2B6,4.341054
AH46X4UHBAV2KZ3UV77D4VG66TPA,B016CP76E4,4.508859
AFKECPJOUIDKRR3I4RWPGW3BHE4Q,B0919825Z2,4.78843
AFGQF3JZAPHICVRV6GMORUUFKYLA,B00L6C8PN0,4.5952344
AE2CZNPITZCAYXISFKZ4GUI5VY7Q,B09G7GH2FH,4.541436
AH7C6PK25WFNGZXDQD2XPQP2GAZA,B01LXTBO7B,4.8037925
AG6F7SPJH33LKPGZWM2CXHOSTVMA,B0BFKPWGQ6,4.0639863
AG6ATLCKETNYRKL6GCQV35CSSGPA,B000BYPJ1U,4.1713004
AG4MVQG34R5BYWDV6NBCPRAHEJHQ,B08DBDD6CM,4.9672303
AHZCZUD6GBJYNJVHADRVQJ5P4PZA,B00JKML35A,4.4605436
AEEAA65PKDSBS45WBX5IVQ6OFGCA,B017QAL24O,4.31886
AGKNSAIF7C6Y4L4CXNBU4WY3L45Q,B074KSDLQS,4.3562336
AHR7HFWDNFQH54VYWKXSJZMMEQUQ,B0BLH2CBVK,4.1464877
AGZY4THIYHSTYU7CT6O5YXQB23JQ,B0B6P55RBN,4.160499
AEQL3STSWQRT4OQNXKFKRA43MBMQ,B0939BV175,4.107016
AHFYN5R2UHLO7ZONIAVVBNGC5ZGQ,B00CGFRJ2Y,4.5902734
AFDVTLUWYDVFN6YZ372K4B3HKSDA,B00OGMD0VE,4.2403665
AFXVOM24JL7OMMEJEY7HEA7DYH3A,B00HTWQYSO,4.4774876
AHZCCQFMMANDVOFLJ7FEWOYVFLMA,B0C3Q29DML,4.22783
AGI3IDLFDCWG6B7HE6P7WWUP4PKA,B005OZE9SA,4.0194216
AEGAK36V5XS6MLBKBB5HGZPXSZXQ,B0BT2Q355P,4.379992
AHJ2NJTRCWB3QQLDFPPMYCEYDFJQ,B09HL8TQTF,4.992262
AHD4P7SEH26JBMUVXF76ZY4ZO7VA,B0002F4YQY,4.6477227
AG5IRZQ7IYJ7HYHLPPE7FBYITT7Q,B09857JRP2,5.0
AGZQWNDQHJWRE4K6X554W4Q2MUJA,B0BG95DG2H,4.343645
AGXTKJIZOEBEHRFT3SOZOPHAPPTA,B0B92Q5QTC,4.4329762
AHQKCRAIW6KOCBXNQQ2HCMDHPPCQ,B00FFVKM2U,3.7321715
AGRLJDWT6YCZ4SDXSZT7TZEC3MKA,B0040ZBI52,4.4790816
AG7EI3UOXIQXEL5QDZPVKPSVR4UQ,B0B59DLBMD,4.779567
AHRTNXIDVTZPPET3MBLAMWML6WLA,B0002E1UDK,5.0
AHQKFLQUU5UH37DGEKVOKYZ6KQCA,B00TZH5DJW,4.685608
AEHLARSBBEIYNM2ABDU6LHGE4QTQ,B003LPTAYI,4.3196497
AEIRBLA7WN4R3DFFWOUBDY6UYWEA,B015JTEBN8,4.5993257
AESVETCZKXFJI5FQG7KUJQP5EHBA,B0002F78KS,4.1155596
AH74VAPB4EPE6DUCD5VNR7PQELQA,B007T8CUNG,3.5906782
AH75LYSHSNLVL3D4J4YPW3E2RE5A,B00O5EKZ9I,4.6019154
AEP4KJDGBH6XPJKFEHPYSAPUNDBQ,B09BS25NJM,4.5239687
AEZQ6B2ZLT6EQTG3LIN4OL2DTZ3Q,B0010KCP98,4.350121
AHYAJGALLUEC74KNODG7TDLJLQJA,B0C1CX8K6F,4.423848
AFZKJMDP6CGZJI2TGPCOG7PZDXSA,B0BT855NFQ,4.5129776
AFEGQEIXILE5NIYM3ALL22HPAVWQ,B0915DH3NK,4.4053016
AHT67F7YZT6C4DAZ4XC7ZXYCTAWQ,B0B8F6LD9F,4.854531
AGMMFTC4LMPBUSCOSAPMQU4BQBJQ,B01DPCONFM,3.9091902
AGGA75GROPWR6Q5SURTTHTERSIEA,B07K34CPZG,4.3187017
AHLCWDLO3LZRSKKBRQ3RVIPYLHAQ,B07NSWD8BR,4.247445
AFFN67NKO4FPXSPUZYCOTZWVRWLA,B07NDJZW9Y,4.460883
AHIRNUANOYBBZ4T7SHSAB5TC6EHQ,B0002KYXTM,4.399929
AEJWL2VCYD5DYYK5KTYHBTRTTUVA,B0BXT384GR,4.79286
AGZ7LYWY74HB34CX5NJD75E5R53A,B000RXN6XI,4.2802405
AELCUQCNW5WBWISKDZWDRW6VIGEQ,B07H57VPKY,4.529172
AG4KT7KJTW4KZZPNOGRB2W3G4OXA,B08R5GM6YB,3.8025236
AF6NUCZR3MMBLJJCDNZS6PKZTOYQ,B00USQY0CK,4.294608
AEFCF5DK4RWLR73TB4LHFQERA54A,B01M5CXA0N,3.816662
AETSRSBYCGAWGUZ3BNSPEUXIQYGQ,B074JHPL8V,4.3043222
AEJIZI4BC2U7DCHW4LJI2VK27JPA,B01448TORS,4.1886735
AHZER36Y6IL7USHGBCELVMN56VOQ,B018W6KYOU,4.0639963
AFQVSSK5ENT3MDNA5M2UN3AIEVTQ,B08F9K24WG,4.5055146
AG7BHSVE5THHDWV5PUW6HIVXJ2LQ,B01HFRDEI0,4.4563017
AHW2G5R3FA7BBXBDIIGS6HFWX7LQ,B09LSK67XF,4.217712
AF2QKTYLPEWJZVZCVOFYQZA2R54Q,B0C67HCGBR,5.0
AEN6ANHOT5COUFKFIQUZMB4XGIEA,B0B28X36H2,4.23682
AEX6JWB5W37EJHWJSKYXBAP5DLIQ,B06X9KG3HW,4.9596095
AFHNGZ6NP3JRH6GB362SGJSJ4WMQ,B082WVMFYB,4.3135433
AFCUT6TLZBDQLXJAKOVJ65LARDFA,B0799734T4,4.6508584
AHSEOIZUN3Y4WCGAVYNOJW2S4S6A,B00L1LL7DQ,4.771741
AFGWUUOIVYEBY6N2EBLZGZZQEFWQ,B0BT9R8MMV,4.5712852
AEHVF4A43236DDIY4KEN7XGQTA5Q,B0CCJ1BW4R,4.777346
AGUEYTWVTYBRIKKOMZTQXD7OQXXA,B00005ML71,4.249311
AGANKYJ6D2VIOOGVEFFWZRBSHLLA,B00CE1ZQ4S,3.7594378
AF2ISMZOUHTYR6KLLBUL2VED3DUQ,B00BJTGILG,4.4219007
AGV3WQAKB47WL6YGX3IYAVEEFU4Q,B072MLFW5B,4.5173736
AG6IBE7FYXFZOF3OZJQDY5R3WMQQ,B07T7ZSJXH,4.2746325
AHYHM7HGUQRENC22A67XTNVE6FSQ,B00615M2CC,4.3777733
AH2QI5E2JQF357AYYEQJSJGTVJTA,B07SPHH7TD,4.5206513
AF2S3FZP47TU7EEO73C26FBGGEDA,B0BXT6TL22,4.2397118
AGHDSQTG33WNHMJXFWSAJN5WA34A,B071HN5TQ5,4.3498507
AFGSM2IFWCMZCPCORIQEO7SGXIRQ,B072B9LFT6,3.8571658
AGHETJ7PN7P2EEPPQZHFVHGV7TAA,B087MLNCXW,4.706512
AHIUJLOAXRE3NKZ5QGJ3S4C2AQ2A,B073TXJNHX,4.2027764
AGZVL5H3CUFV6K563BQ3Y7B6PPZA,B01BU6B4Q6,4.702114
AGKBMYYKA47EVKHM65BYZHTARYLQ,B075R94JY5,4.37398
AFTM7UBMYY6WS36ZESQQQ3SHE2HQ,B00P0HHNJO,4.267983
AFIRPPNO7RSBC6ZM6OILCILN5ZJA,B09367ZJMG,4.400422
AGGYEV5ST5S72PYKJPK2ASXOUM5Q,B0BSGM6CQ9,4.810452
AFIPUOQA55DSYMSWGGKNQ6FXVXTQ,B07C9YCY5J,4.555045
AEHS4OB3G7UHTHUCP3YVQE5V6BPQ,B07R1VSKL8,4.7438164
AFZIAUNJ5DNQDY524BRRVMFM6LBA,B09WF82F1V,4.2081246
AHHQMVOQSY4WOIU5AWA5AEAQPJ6Q,B093KWXYVZ,4.4865994
AF33Z3Y6ETQZV5LJI5N4NXV52KAQ,B002G1UT5C,4.4923577
AFDEXVHAVDWBJUKD3GUY64H4YZWQ,B0C159Y982,4.3938403
AH7WMY3V55DTEND6PA4TH3BVGGLQ,B0C6HZHZJJ,4.277913
AGGGQEY2TCTVPBBRU4E7VCW57BOA,B00WFW2CZW,4.7266545
AFVCGMPCE75MWLFYLYN7ASTQEZ6A,B0002ZO5Z4,3.8101473
AFD7NQEFB5SXRNZ6T4HTKUAXQ33Q,B00BIPL9JW,3.6494806
AECFGXLEX3SU6D4T6C55X2NWMJVQ,B0016BFBO2,3.5970721
AFNPMZT7VRZGEI4ZG5LDSYUGHWRQ,B0BKZ5F8BS,4.8990746
AESX54YDSH4U4NJKDY34QDVGEXZQ,B0BPLFP5P6,4.312419
AG26VSS7RPKXVTAUH5XE3SEVZYCA,B00KXQIU5S,4.7771177
AFDSDZ4A6HKSIFVTISXLNY4KBTPQ,B0B58M32GZ,4.536552
AFXBCEEH2IO5J72DZFDEGZXZGM7A,B0BHSG5C3G,4.5254316
AGIJKNB277PNPQ3NPETNXWN6YQ3Q,B07FTVKZB3,4.225439
AH2KNTQFU4DWMQIMTDLFSMRQHRYA,B007MY5BDI,4.4091334
AG5IJZSS6AR5WICQDFBLP7JGHHDA,B07YM5ZHS9,4.024636
AHWQWO3TDGHGSTCGTU77TE5AITKQ,B082WVKSNG,4.535503
AH6JESOL3IE2HXVN75ODIOHNWJYA,B0B1N6LJPY,4.281267
AGT4ZGSFFZBKHPY67NJKXVP3ADWA,B09QZJ57YW,4.91722
AESURT3LG3G3CVUJDZMCXRJ2BGOQ,B0BPJ4Q6FJ,4.51619
AESCPQD5RHHP65UTHAGCQDE7BUAQ,B08SJY4T7K,4.059076
AE2BZY5FWI5KSBCEU4CRCDSX2XUQ,B089T4BHM5,4.7424693
AEOK4T53CV2V3HI4NFDOAOCRH3EQ,B07GJHX9W8,4.6517005
AFS24POYFUSC6BRTUFGSVF3ODRHA,B07YCMQBRT,4.3781395
AHNVZ5XVQJF6HHKVKUN44DXVI5BQ,B0B8V7C5N8,4.3863287
AHBIFGZDADPTOK7CCTSWXQYVY7IA,B00N5THDR6,4.303016
AEPBPML6HZCNA2CN5QARQJCIIHSA,B0BT855NFQ,4.2399592
AHHZGNO2E4NAIBOKZ4CP4RMDHONA,B000DZXTFK,4.1466165
AHNY2MHCR3LYNLRKLZVLTUX553ZA,B07T3Z11QJ,4.9158096
AEOBNJFZNO3YZC76JOBDBXUAFVYA,B08R7V5S3X,4.3368363
AFPQPFMGLESPNSFDMVCZPWCGDAFA,B0BCXL2V52,4.5541506
AEQIN4M4HIAJV4LSFTGGTQ2KU6ZA,B0116TFMM4,4.2224393
AFFKWNAIQAYIWWRAMBH45SCGAJEA,B07Q38FWFJ,4.75705
AEHVF4A43236DDIY4KEN7XGQTA5Q,B0188WO6OC,5.0
AHQPPPWBZCUEIKOIGEGXMBNDWQTA,B004Z8VQ2O,4.3044133
AEL275DNGFTFLIFSPTKDR6VJECUQ,B01BJNIFLC,3.9944506
AGCVCVBQ5PECVBEARVIAQKDWKV3A,B0085545YO,4.55591
AFOOI5ACUEN6EQJGID72GT2LDZAA,B01M5F92GD,4.3718424
AH6G3YNWPVCXX3C76IM5B2QPFUJA,B0B2QG44CZ,4.881348
AH74VAPB4EPE6DUCD5VNR7PQELQA,B0002Z2D08,3.8302822
AHKPGMWJYPVJUZ3WKPO7WPRQOQFA,B07D533BY8,4.9862647
AGEJRGFQAE756CZAUY4OQLHQ534Q,B096BHMVN1,4.4178333
AFUAQQ6VNKIE775XCZXO6JWY4FRQ,B00VSYN25M,4.408143
AG64SW2Z4TEZG4IWEGEUFEEZBTRQ,B0BR2WFYL6,4.3905163
AF5UYSBQUE7CZYB4XX4P62KIX5NQ,B0BMYZRY86,4.232906
AH34OJILGDQ2AKX6WUTYD3W7ZAAQ,B077P9K2DV,4.578706
AGTGKLYFHGWKNOMOMJSCTLCPPRPQ,B0C54RRCKG,4.5129232
AFJ6BNKTPZQXGEOAIOMMCSESJS2A,B0772STLBS,4.270354
AFQEN3LGLPJJQPNATJMFW4ROBALQ,B017808XKS,4.196019
AFUERYPQDEJGMFQ24OMVIKOAOWFQ,B01667IMKU,4.9049215
AE4LX3GCVHJIMCM4DIJZCWO7RCKQ,B078YMMBWC,3.9315758
AE23ZFVUOMPKR57BVSWXV34QLMVA,B000MVYOZY,4.4489245
AFIBH7WXO4EP7S7MPBNUSRTIGO3Q,B0BK6S8QDW,4.6280303
AFZSMLMBFEZVO3R444YHFYZANESA,B087W4WLKD,4.3634176
AFQUMYRPKJJT5VFV3SXZX576Q4OQ,B00KMA0R38,4.0126195
AFGNBP4CGZGNXB33LHNUQ7SJZQ5Q,B0925WNSYJ,4.5350103
AFES2HZGVZLGZO2LNH2YRMIW3EYQ,B074KG3QWG,3.8001556
AGE6VFVSIBY5MZIHSY3M65IN2LPA,B099NFZP4S,4.356891
AEIP4QW665JJOGQUKPV2LPTCRNTA,B00EQ25MTW,3.9153936
AF62V5OQ5N6AXFIPEC5OW3BITFCQ,B08CMNXMZ1,4.328209
AEHMXMFC27SNQOSETCOQUVKFBCRQ,B0BT855NFQ,4.0888233
AG3HAPNQSMKOI362OW3D6I5XBUVA,B08DM9NFLH,4.4671907
AEYM4JF7CX4PXVZX6HBA5ELI544A,B0002E38BM,4.8998528
AGKFZT2MT5YRDKDTKWYKEAEGLUZQ,B00HTWQWFO,4.4661536
AEGDJDPBNZIWPY5VWOWMPW7ZJ6CQ,B07BZWB2Q6,4.4295278
AEIBZ72IEC2U3QK2COAAGN3IOJNA,B00WJ3HL5I,4.439127
AG6UNPDBZCRVEBYEWGBIKOX7FV5A,B07KG1KPT3,4.7971644
AH7VVPGAXBTVXWJOKQS4FFLNLFWQ,B0B95V41NR,4.5500855
AFT5P5TGXEBFHQDQPSU7COEQGTPQ,B01E0TCCIO,4.25291
AGH24MMACIIQCF5BY3Z2IPMQ6KSQ,B09QDL744G,4.064995
AELW2KBTX6VJ6RO2OSAKBEBXZNLA,B00CIO6BEA,4.4951787
AEBCA4T6SNCNUEDXBKCX7ZFJQL4A,B0817CVBLV,4.8955507
AH3A75BKNRKPBNJZZ6IK3CEGBR5Q,B081BKLQJ7,4.26247
AEOUOKA2NPLBOSG73KGJTVQIOK6Q,B0BB3LY92H,4.26906
AENNORCDOTT2KFT5WUIK7PJ2EXOA,B01AIF4CL4,4.3727055
AEXDJIXUAUGIQ2AE3PYDJI3G6VOQ,B06XGZ5Y5P,3.8840723
AGODDVRWGAQPWOIVFD4V76XIST3A,B07D5W5X3Z,3.8615952
AHUZL5QVP2SC6GOXSKGNAYUZQZ6A,B0B95V41NR,4.435722
AF2BVC7G4GIJGTXCKNZBTXVYEFEQ,B00Y9AD4HS,4.370995
AGQRL6XMEEY66MRXGBM6JSYF7AKA,B01FX69CHW,4.1411552
AEN6ANHOT5COUFKFIQUZMB4XGIEA,B07CQSZQZL,4.2467146
AFA5S5G5YODYDDKYA4I3GYFU27XA,B0C3LGQ9S5,4.868566
AG4PK6HY6J3ZFZODPIT6ZB3VV4IQ,B0BJPNRP4V,4.8368
AHGYSJ5C6F7YUTGNX6EMVI5QLYUA,B0B8P1YW7L,4.0755224
AHDZKPPKUT7HD47LXCBN7RQNN6KQ,B08448RJNW,4.0312877
AG5F4B4NU6DRMAKP743BDE5S3T5Q,B00VEMPWVU,4.1127706
AFWBENHWG6A6QJCJISR4IU7PO3UA,B0BX8VV8Z2,4.213818
AEKGQMZDSCDWHSP4KYEJHRNSTX6Q,B0C5BMZ1K9,4.3302402
AGRYONT5LYN4O3T555UX5TRUOBYA,B0BKZ7328F,4.1349087
AET3WWTDHC32X57Y3WR7C34L5MZQ,B078X3SSY7,4.255056
AFXNEMBTXLBPE722NF3QI2OX6QFQ,B01KDK4UTI,5.0
AFIPUOQA55DSYMSWGGKNQ6FXVXTQ,B075SVQVVW,4.713793
AFLYNE7DKJGOYOCNWPQ46WNP5KJA,B00IMB0Z4A,4.4773903
AF4CELFQ3HMHZYWCKMITB6KSJFEQ,B00H8AOKO2,4.632581
AFSMS4HPP75DQULTPV4E6CLL454Q,B0BSCF2FD7,4.5592065
AG4ZLTRHVAZRU33BPY5Y643IZXPQ,B0C3H7SNPQ,5.0
AE47C7UCH25CZOSDB3ER3YYW6ZJA,B00178LDW8,4.5474963
AGJE4HMAW5VELBJO2TVTVOH4OYTA,B099QSKMBP,4.2638774
AH7FBTPM4NURZRFIATVTWHJHRG3Q,B01BZTH3ZY,4.1322827
AHPWJQOL2OR454QAR6AHWS4HWNPQ,B08CNGNB7S,4.8796177
AGMF7KUX766SMMOL5OBOMUR3LHYA,B005H2007E,4.1422787
AEPAL3UKP57YJTELML3OBPLR7TVQ,B016MJ80PO,4.3442397
AGSM5OIJ35QCDVX6F36S4DBHKZCQ,B003MB7156,4.5687575
AEZZ2LUOLUH2FIIIV5SHAWRC7PKA,B004XNK7AI,4.419929
AF52YYNCWCZXLKCCCC4JT6MWB6QA,B0BPJ4Q6FJ,4.497977
AG7E5VMNQ67U4UMWHF2FOZNA4NTA,B0B8P1YW7L,4.9485383
AEWMZ6RHOOOX7FSGKLOJKQQ5EZOA,B087X1CF8G,4.5732746
AEKCJMQBLT3GBJA6JG2MY34B3T2Q,B00065Q1BQ,4.023944
AE5JTZUAR74DEHJ5SQB7RS3SWQJQ,1423414357,4.082431
AF4O6CFDOAPNEW63OPOZLJGZ5C2Q,B0C4CJND96,3.5009274
AEUKSU7GTIU6WHZHLKVDDXF3FMFA,B004UIFXRI,4.315669
AGW556U5PWHKSJY44HOFU6J6Y2AA,B0BT855NFQ,4.406339
AE7KLONBB6QE74EMTW7WWWFABNIA,B07CYRYQ8G,4.237721
AF33HEDLD3R7575PIVJCBZVQ2SQQ,B09P3ZVLV8,4.341149
AH5SU22TDKPZPA7V7VHL66CPV4ZQ,B0B7ZQPJ1X,4.5006075
AFGI5XVA5EBVOE2EOS42KHQSULXA,B005OZE9SA,4.2019606
AFASXE3IVLE6SLEIUL6MZLWZPSHA,B0BGQZNQ53,3.7953267
AHS3ISPBYRBX7O2VLTERGFW2MXHQ,B01M5CXA0N,3.8086896
AEQH3EXLP4OQR4XMXVDVITSKESQQ,B01J317H5M,4.530599
AG5QJWMXSGR6QK7CTCJKXRD7OSOQ,B07MJVGJSV,3.3611524
AFLPT4RYDWXLQ24OZU7RQETE4CKA,B08F9K24WG,4.7251296
AFDI3YPNNR6IN2BJIJS7RCC64V2Q,B00N4ZIWN0,4.533247
AFG5CUW2ZXJHKIGDKYSPUSRCUS2A,B005SNMAWK,3.913219
AGUOHU3QINJE3M3WER7FBW3GNALA,B0BHG58G2F,4.465618
AHEQMSP3LBFELE4QDJ4LXAD3LYAA,B07YB77XXD,4.703101
AHV2XUY4DXHZD7RKGPWFEU74NBNQ,B00WB2401K,4.852432
AEFWP7QQF5X4YDRF3U4LAXUO6PFA,B0BLLKKFR8,4.8549066
AHKVXBCLPRHVT6XJVQBU75JHG4XA,B0B8YVK5YC,4.2958508
AHICAEXRGOBNEKCK2KQYUI44SMVQ,B07MJVGJSV,3.7124875
AFHDHQ4RL34M4KLPBSN5FRJK4CDA,B0B8M2Q1DS,4.135718
AEQENVDD5SGG3O6H6LFQVQY4PL5A,B08TVWY2WY,4.986915
AER2KIKOGMGPCUESQTEQJGSVM2GQ,B07YJZGP5X,4.8972673
AG56GLTP5QGI3KRCHCFC7RGWQ4QA,B09DGSCGW8,4.4987006
AF63VW7YLF42A6STVGBLACD7RUWA,B08BN4G8GG,4.079359
AERGPILRKONAH3OE4YYQOKRCSNMQ,B01AATMW38,5.0
AF3FBHCAUSTHXGTODQONDLTDVQ3A,B00L1E6NR8,4.8785295
AGHECGJA3S5TVQGZHJZREKKIHPIQ,B00VEMQQB0,4.4091306
AHD6HKJ4CNXV33UEHRJ4VY2ABMTA,B0BKZ61YJJ,4.313593
AE4FN47IOPN63ZFGGYNMY7RLMODA,B005EU6KYG,4.008709
AEMG6EP7KEMQNNP5C2ETNZ2A5DNA,B07NSND3FJ,4.2918267
AHAHOZT5TWLEYPYLP3UP2SMEKHYA,B00JER27MO,3.6639287
AGL3JNBPKKW22ET2KU6GFSE7Q22Q,B09BR11LYJ,4.3040104
AEGVLJIQBZBO6BWEALPMJPPQEZCA,B01E4MELN6,4.616399
AHWBYKM4ZH2W3KCZFJSRU5ZAJE5A,B00D35CNL8,4.3046803
AGHQ2K3TT2J2TYTGJENKB736QD3A,B0BXT1HP18,3.9358015
AFHDXRVY6XZO6QVPIOOQRODJK54A,B003LPTAYI,4.1222906
AEDW7SQR47MF36I4WNHKGDBO6SXA,B0002H0KG0,4.979593
AG4UIV3BKJP4SYWONJ3RMWCPBHXQ,B0C53Z9TDF,4.6576023
AGLTZKRU7DBJUW2ETIYDCZTX35PQ,B0BT9R8MMV,4.949558
AFX66HHUFOEYU34TWTIJ5G6UMUBQ,B07F5PX9Y3,5.0
AHRJJ4TYII5MHJUTLCCOGMB466JA,B0C3J448FC,4.4187145
AGOE4EACWAS5GX6JQJA64IL2GOJQ,B09RSG3D9Y,5.0
AGRENY3LF3ZMX7Q4LLIFLWACQDNA,B0BJPLQDWD,4.644667
AGLP2XILQOGYKU4SS24HUGYUUCOA,B00378GEAM,4.4180784
AFILAHKCMDQESN2SURI7F3IJB2LQ,B06XB3FQKB,4.9418564
AHFROC2LGESBRQYKHELKW4SHNSKA,B089ND6BCY,4.306583
AGVK34A2WS5EDKNW35GTRHSOA2XA,B0002GWNMU,4.4241543
AFXWB2FZMZATXH727LV4BH7TQ6GQ,B014L9CCHO,4.614704
AHIPKIT25JKKXMUL332SVAWYAKBA,B0B92LPGD2,5.0
AHECTAKZROG5ZLM3CABAAIBRS3NQ,B0BCK6L7S5,3.924212
AHMY4433RXWWWIPLL52FFK3KA2BA,B07BHTDYGR,5.0
AHO5IPKZNXFFG2LYSCTINORZG7EQ,B00RMCTTLA,4.381633
AFIYLTZOVWCPKU4HWLRBJ55QYQGA,B015IJIO5U,4.473532
AHQ57ITZAVCHJFVBDTPJC6GFZIGA,B07QH1B746,3.8958855
AGOALS5CC76GFFR2NIIYNIHHIABQ,B07FYL7LW1,4.4910746
AEH6HVH3KDBXPOCUBS3FU3EPDJNA,B0C6J1X7TD,4.6725664
AHB7NX5MFSJ6W2NWR5UNUFEF7RNA,B00OGMD0VE,4.8662663
AEPX34YWVIUCVH4NTQRTPWILHC6Q,B09NWCD36N,4.712243
AE3WKLUJVFL6MZVG4N6K3JDYRG5Q,B002GYWBKU,4.2899327
AFPNXG7VP6RXRJ7JGETPK5RDB2OA,B00WJ3HL5I,4.46989
AGT2TLMLIWZOIPRZ4ZANFYICIKDA,B09PBL98Q4,4.2378454
AH5D3TL2SIYIOBOHO6PK6HKB7IYA,B0C6J13QDT,4.847532
AFD3SUBU6QV4WG3FUYMQNRHKHADQ,B00T631UTC,3.8844428
AEXUKBVS6GXAUCTDCHL6AX3A6DOA,B0BKR2ZM9X,4.8940163
AF3WPB2U3INP4QLJ7LMFA2ZUBAIQ,B08Z5ZQB7F,5.0
AFYHJWIGHP4L6MNJXMWFDRM2PNJQ,B000CZ0RME,4.392066
AECSHKQ3FAAINVZZL4REOOWYIJGA,B072575CX4,4.79576
AH5QEH7VIRRWOQ7DHQ74CJ4FLRNQ,B09FSRVQ61,4.616229
AERXMC47CCEV4V4ZFSZMQEEVBQDQ,B005QKNUOW,4.124949
AH23J2XIYQYV4UR2G7LK3JG6TGCA,B01JRKPCG0,4.6907716
AFP3NWSV6FAVUJOBMED5Q2CA5VTA,B00IFOTSJW,4.2020035
AFZHRGPFPMKKAPUZ7UN6ETIKTP2A,B00P00C1UW,4.121665
AHTRZPYHDLUDSPYWMFELSSY2F2KQ,B08VJC3GCM,4.0913315
AHPQ7WC7LTS4M3NMXHMGMCXHFBJQ,B0BJHZR65R,4.05344
AH3KEIO5FWO67MSZBUDQJFDD2O5A,B07C9YCY5J,4.761996
AGBBU5ZI6SNTPSVKYHUVUAPRXEHQ,B09G9DVTD3,4.359061
AHK2JKHQ22EXZBQWCF6SAV3XYAYA,B08SJY4T7K,3.570941
AE6BYVUHZCRER7JBO5CFHJEOHAVQ,B005OZE9SA,4.117322
AGL755XXU2BKX6BRIRD54MUZTRKQ,B0BPKH4HB2,4.6948466
AENQIPCGFGPVCMZYAJK7LIBIZNQQ,B00P6KJ4P6,4.7866335
AFGD2TUWHNIVK3UQJB2SK25U7ZBA,B00OYUSHJS,4.3559318
AGFB74WQOHVJP4PGF5QOXM5CXYQA,B004VSQ5Q0,4.1452293
AG6IBE7FYXFZOF3OZJQDY5R3WMQQ,1423414357,3.8622818
AFFPCRIHLQNCUF3UHZKFIO7TWK2A,B00IJQLZVK,4.0913267
AEATATWIJVRKLZHL4XQBAZTTVWGA,B00L9R9YVO,4.832682
AETDJLRMEZGXMFP2UJMNCQOGMQJA,B019MF3U9Q,4.348251
AHA3RWGZYBVOWOCD6NZ5U7SJPRVQ,B0BSCFTV2G,4.937669
AH3NV4CV2XTSTD2APLWTU4RQY4WQ,B0151KT2B6,4.516772
AGZXSZ3JSHVOVFSVIPJN2AZXAKDA,B07JKRBNWY,4.4260416
AHWVLOZPSUC5ZDUOTHL6MTPH44SQ,B00T3SKTCO,4.6643496
AH7YWZ4DE5LS66XEUKXJWBKN35AA,B016P20UC4,4.655916
AG333H4F43U47DZL4GO5CFBLMU7Q,B0B7B9W8HP,4.8954086
AFH72LPZ4WR2NUKOX6VR2Z7HXIZQ,B07YTPVLV3,4.0037026
AHJH3LLQPKTVUMUAGO4BJO5BPHJA,B00JQYUAQU,5.0
AHF24R5NP5RIVLACS63KEM7MQH6A,B0796CFWKG,4.624924
AEW2LO2YEEIWZ2V7CPL7Q6JBM4HQ,B0B8Z5SW8Q,4.556204
AFNTSVIYFEGL4LCVQ57LQLNT6FEA,B0BJ8WDC13,4.4260006
AHK5WUWBA4YLYDVBSEIOUL73A33Q,B00IPH8MD2,4.7300353
AGDNOK4WENFWV3HIU6EWS3PGKFPQ,B019H1STZ0,4.1551733
AHVOTEEVDVGU72JTLCLMFW5LLY3Q,B0BR2HYQ18,4.5163956
AGWQM2RDWHESGJBIMAO5YYYFMS6A,B00X7DEBXO,3.9854093
AEPIKVM4G45VPQVGYKTVQVCV42ZQ,B074WXM13T,4.642667
AGNEABV223NAJ3T7MKZBTOMDSX5A,B004U0JTHG,4.881714
AF4SXAHUFXPXFBBM333BSHEX52OA,B071ZHLFH2,4.090926
AE6WNCV4K6LZDH325544MX5ODOTA,B0B59DLBMD,4.9105363
AGMD4FTETUZZRG5DAGD3ALQEMEQA,B0C9NGP88D,4.337054
AFE77S5RFZS4KQJL6SVT5U52ASCA,B0B16WH36J,4.8777685
AHMIJ4JOTBVZX7ERWMM72CRSEQZA,B0BSGM6CQ9,4.710121
AFLP3PAE3CNZ7ETSWRS34KDYMZAA,B00XBQ8UGG,4.6052775
AEK44DL2VPRLCOPLRUCGNGHBNY5Q,B01AH3RSAO,4.249508
AEPNCQE67RNHL55MEZGPI653CNOA,B00JL5I57U,4.548898
AFVXOXPDFHFXLCYM6H2HM5PUOCMQ,B005Q1XR8U,3.604917
AEVUFBDEHWXHLGY3VNAET66A5ATA,B000CCSWPQ,4.322524
AH2ZQVPKTAYCR67QNZ2BNYP47HAQ,B00OYUSHJS,4.5007496
AEBEWVBPH5MBXTRNXQR7WSQ2WWZQ,B08FHV6383,4.6548634
AE7FJY7OAOPE6MSGJLWVLQQRWMJQ,B0BYPSNQYG,4.526009
AGKJNHXZ2RYFT4CN3ZTRGAGDPLCQ,B0BK6TR1M4,4.3666563
AGRT6VTGHZIQYDQKPWKQGMUXCGJQ,B097FMTZCP,4.2007194
AFQ2E6LDZCDURZ2WY6BJV5RYOLVA,B07DLBJKMR,4.566046
AGDYPVIYB5CJTZSJ5H6ZTQHXPFBA,B099Z7ZKM1,4.2617984
AFASBYSUT2NHJH4M3PWBO4ZYZNTA,B0002F79E8,4.618435
AGJ5ZHY5Q43NH73NAAFRO3A2TQKA,B0B154YB1X,4.207404
AFW5SULKL2IZK53IEA7T3HJMQXZQ,B018FCZKR2,4.808449
AE2NR3B5X5JKLKOZ3LTKABR3FMFQ,B0C3LKLKLR,4.595977
AG3S4FROO422V5KP7DJCBXVUQLJQ,B08P4W7NFP,5.0
AGPE234Z5X3X73B4DSG2DE3ZTG3A,B07NDJ1HSG,4.9160504
AFUV6KLJPKFA6QQYGINR4D2MY2XQ,B08T2N1WZR,4.7341247
AGG4LCGNKY3EVBOSELGXMEDXFYEA,B00NARHNCS,4.6814976
AFKYUEIARYQHQBR3D7L4VNO7ELRQ,B00PKP3EG2,4.3183284
AFROEQNCYABMPCZYZPJSQZALYZUQ,B093GY64S8,4.5341244
AHLCWDLO3LZRSKKBRQ3RVIPYLHAQ,B01DE4DEGK,4.661937
AEEFBCECFWLMTV7INRRMZHWMYLOQ,B076ZNHZ59,4.8666997
AHNUALEQSBJJGHXFMSEIHPPXJGPA,B01FF4L8Q0,4.5257382
AGBCUPQNLHJ4MYDFKJSRB3ZX3MHA,B09BQWCDP8,4.5133476
AFF6IT5MM7GHW5HLHWHVMWPFNUPA,B0C53B85WZ,4.613279
AGUQUN4TIWP46MPNHP5QOPOPRFPA,B009GS6Z3S,4.195708
AGTY23JAMILFRITGRT5OIA4HKFSQ,B00JLPHKDA,4.616926
AFQOWS53WHEFRW2W6AWOQ2MOEMZQ,B000LGA2K6,4.149513
AHSKAICVSFGCKQNXY36HSJ2NH7JA,B07MVRZY88,4.6094728
AHITNRIG3XWBTZQ6NIWR3IIHA6PQ,B07BMWJBY2,4.294091
AGOTB2JUTFNKGUG37SWAS4XVAPTQ,B014F1UKI6,3.993754
AEPJXX4K5S4WEJ7EHNBIGZA65CGA,B008FDSWJ0,4.439805
AFSHECZQ35LO42UUW3XJSQOH2QKQ,B07FYPBL6K,4.8418097
AETH5XE2ZFEB54ARJBP35D2CZLPA,B08XMK3D28,4.22255
AHSSA3HG2J77L5CLVFOXMN2I6VSA,B00UQHLNDK,4.3308125
AES7KU7JY6KI2MNQ4N4IP2YCMTZQ,B01N40YZZQ,4.4826865
AGZYIDZNKPDI7NJFATD4H5UKEIHQ,B07MZVHQXQ,4.898255
AFEBTJ3TAS5F3OGU5NDX5EYGBP2A,B00EB123MM,4.8063955
AFRX43P7EYLAC2GPFFUU7XN6OL6A,B01N9CJDVE,4.439764
AG2ELZ2DRRAACHKCN676XALIEI7Q,B0745KXRSL,4.585724
AHJ77FMTOSG62L47HGC7U6NPAV5A,B08H1PVP9N,4.3170457
AHEAUBT2BHFMZZVR44BH5NKTU4KQ,B000GATTM4,4.40615
AHOAKTHD5FA7MWLV4I2IBOYZCCAA,B07DVCVG94,4.6545196
AGL74F3QKUTVW6JAEHRM3DFXKBRA,B0BLH2CBVK,4.3969207
AEW3RXLOEMYULYRIDHAKSVNM5KSA,B097Q9W8MW,4.6890597
AFRHKO4374QYE6EFRHEGGSPVWJSQ,B003KX4SC0,4.7601485
AFFCH5I443XTDKKP6XVHFGRNRN2Q,B0B1LK9SXB,4.2403092
AF4KQTMWVCWCJN3MX2PX4JXCAHHQ,B00RX5HQS4,4.79902
AF6IFSGJ6MZRYRS2TEDTSXHE5VXQ,B0BPKH4HB2,4.095039
AEREY6SH7SQUHGC2ZE3QZLWNKVDQ,B07BLM53Z1,4.315887
AFJ64QKSQO4JS2RDTIM6R5RIAMBA,B09R3KNKKG,4.971518
AHMYDJYCDBIVYE24FCGQQFPCG4LQ,B001E95KG0,4.329752
AFO5NENKMIZMM4NNXRWML6JG2CWA,B0002I9MPO,4.8268843
AEOM4BJ3MA6T6Y2JD23KRHYMUOXA,B01N1UI8V7,4.8865576
AEUI4EM6UBCN6FUKBGISB7UJIFBA,B00BS1986M,3.707935
AGIQ2MENYEDXSL5VZHDKQTCC4ZSQ,B000CZ0RLU,4.122422
AFRTO6XX4O7NOD6UYOMG3ISOYTDA,B01LYJMH9P,4.6187997
AGEYOG5C2ZNK32UKSRKALA6MFSYA,B09857JRP2,5.0
AH3M56TVSIIT635XXCL7ZXR44TYQ,B09N3PBT9S,4.357802
AE23WLBRYKEC67DM43M6E2MF7GPQ,B00356J8KE,3.7938445
AF4VXIBLX7STK73A7PH3ECA4GBUQ,B07RL64LCG,3.8049624
AFVF5ZISRZDB4O7TWRAKFCX5RL6A,B00PZGTVAE,4.5695806
AFQD2EZ4O2ITFTDMWYBJOHSRJNJQ,B09R2TMLJR,4.603777
AGN77Y4XMITXHDOOVYTIS5ARTU2Q,B0002EJNH0,4.5292892
AEHS4V3DRQ4ZIXBWECYJPRN5TFZA,B0928HW2P4,4.98712
AF7VRLJZIRYWVNXMW2SAFC3LZWMA,B07N5J3GTB,4.375189
AEYVYN2QKZKKFTW2LNJG3QKFGHPQ,B09BS25NJM,4.703364
AEMLDUMRZRY3H5UQSTVOGIKOR6HQ,B00H7PWPQI,4.0569057
AE7GVDNRY5NABEP253Y3GMDUZOZA,B00HTWQVU0,4.103852
AHVXKHLQUUSLMXEJHNULQ2IK6QKA,B09JMYM88H,4.6822014
AH37QN446MUICQOGTHU2R2EUKLXA,B071V3MY58,4.4408607
AH6MAK6PF2Y5LOQKNJCZBEXMKYSA,B015WD6FIK,4.3389373
AF4EY2RL5MCVIFTSNCGQ3SNR5RBQ,B00IFOTSJW,3.7510087
AH4PLW7QNHKGICQTUDLLLEGLRKFA,B0012BPMHW,4.887334
AFYU7L6PPUGCEG4QKNLBLABGJSTA,B00Y3NG5HM,4.0386987
AFNBGFNNXC67NLYI54RYRDKFA2UA,B07T65XWM2,4.3475413
AHGIW4KOZ7GCGETIM5WLEGYIYPVQ,B00H8BRK0M,4.402561
AFJXYPYONCFB7NAUAUK6AVRHFTLQ,B08B6BF5RH,4.5383387
AH54RFRZZFYUNYDPEEZJQDXEVISA,B0C2X15CPH,5.0
AGQ6GRPMLRH6TUFSQLMCND27UTKQ,B07PPHHG34,4.183798
AEYVWHALKMARVCXXX6XJOATQ5LHA,B09RN7GR8F,4.1871753
AGMAZX4H5TKOZODQJ7MVOBMS32OA,B07C91JT14,4.4601135
AEADVMHY7IFFYDMM2IINZGE7UDEQ,B0BXCXGCVN,4.5340233
AE5KMHTBVVH4B4TDRKLTR5HQXJVA,B0BZTB9B4X,4.3265224
AFNDHAODHIE4ZQLJGOA3PYY7FTUA,B077YGLM39,4.831887
AFQKIGEYXZL76W7BIGLVR2RIPMZQ,B019OO4IY6,4.1555877
AHSYUEHHWA3FIZAUAZYFN54OHZWQ,B0BHG58G2F,4.731139
AE534R5TF6WSI6SQTKUHLDSPUFIQ,B095XCZXNQ,4.447928
AFOBLXDRYH2XKLUTRJ675NJGLLPQ,B00LU8K790,4.0902042
AHVFDHPFOJQU7QROTAEKIOTIAI5Q,B01LX96P3A,4.684969
AENHAKVFOY7IOTVFZ427OOWIB66Q,B0002E1IW8,4.6490607
AHRQCX6F7G5BXPNBEQ5MXPTRN25Q,B00UXE3WOY,4.1659083
AHMZYSO7LAKS6M3D63FQIPQ6UPAQ,B07CQMZVYL,4.0682483
AHI3FR2LO3SB5SALPSQEFYVAY5TA,B0040YZEJ4,3.8827934
AEDSQQJHX6LWSUUJEL76MQSYBELA,B00O6KT5HO,4.402284
AHJ7KQRR6SH62UD4ESCUELE2BMZQ,B00HH4NO96,4.581725
AEGQPKRSLGQQORW3OD4TGBYLPAHQ,B077J6ZGD5,4.763878
AG3TPH4URP2435TBSYMQMEDWFVQA,B07CQ9VV6F,4.5592628
AFU65KF3HONQANSBDPJ24PMXDCHQ,B09RTZ26KV,4.8490133
AG3ML6ROY7CFJTLMPJYWIW7KXQ7A,B0036E8DE2,4.669635
AFDVTLUWYDVFN6YZ372K4B3HKSDA,B0042EZH6W,4.2409086
AFZOKI2OHUU7CIDPTMUHNIRBT4OQ,B00E1P4LGE,4.5973325
AFUBUHRWHPHCEJXO2ECK335UGLWA,B07M6B3RDW,4.6715646
AEN5VFEOCM4ELH2ZTQHDGUZDWDHA,B00H8AOKO2,4.301768
AEZNCOTOACFQXLFM4MXKSQW6SFKQ,B07WJ1FPX6,4.318018
AH6STOAHH6WQEOX2LJHUIMNX5VVQ,B000RXN6XI,4.89399
AHOBKBVHEAT4KPRVI7TYTF6MEJXA,B07NKMZJ5M,3.9905627
AHWAYCEX3NCWJD32JTFVBFXKUHOQ,B07DXQ1NP2,4.9805236
AGT7E463C4DAGHWCWOPRZBMLYSRA,B01M1ESQ9A,4.7749777
AEDMWS2C47FQKX7YCUBF2AKGOUMA,B07B8WL33G,4.8479958
AHKJF7SU2DIXO7MG4SODYBOJWPWQ,B06XFYX3NH,4.281173
AHMA7ASEUEDMYKTWHXZ22SLC46GQ,B06XDBGL88,5.0
AGSAA6D4WSVEO4G2JONYMQZGVCJQ,B018S20LB4,4.6579847
AHC5GG7MPPNIJ6WGMBE5PEQVCCSQ,B004MN9GWY,4.93162
AEN326SBT64VHDX7FG2G7ETRXB3A,B098KXQJVY,4.6927357
AELBQJXOJ6S45HQ7IT5QOIZGDDGA,B08FYHSQTZ,4.7551894
AGBN5H6XSN2RUYI5DGFRDAURIUUA,B00FZJ25TU,3.8595915
AHJS6QDWCAHL75QZJAGW2VG3SZKQ,B0BK6S7QF4,4.9680634
AGAPF6VHHUW6PCF5XWW66RGE5QJQ,B075GKTV88,4.3219185
AFUHHLYX3FRBXN7T3V737VFKS2ZQ,B071VN1573,4.8275356
AGBB2ZXVQGP55MT6EFSXVDRBVKHA,B0BT84L827,4.6418223
AH3O36VZKKWCD5U7AWEQ3MYGWBKQ,B07NST2LSB,4.7270594
AH4VJK4THFGKS4DEP4ACMUYHLIKQ,B0073XCZ3C,4.432721
AHEMAURZYRCARVTVF6CQYTYE4I4Q,B07CRLJWQ9,4.5832424
AFKETZIETXOR3O3WQ2IEITFSYJ7A,B0BXBFG6BX,5.0
AEZCTDIBXZVKKAKKKKWSXKPN2MVA,B00H35YIJE,4.677126
AGRSW6MPQOGFHVMYGV3X5LVHEQUQ,B00PH2M4KK,4.573493
AFDGUCQSIXBG4HVA4BOYOY3VIRDA,B003JFVESA,4.280986
AGF65W2AYMMX6AGTCI6FW6FVCYXA,B09C5XTVCD,4.788879
AH6LZMLMHAU5AHGSA7G7E5VEIUNA,B0BSGM6CQ9,4.829762
AGEDMQORKPTVJJHUOOW6USGHTUJQ,B00B6WZGHS,3.9344738
AELVAQBY4YVAMT24YPU6FYTK2I4Q,B00VTCBQS8,4.2756305
AF2NGUZ6QFZJUAAINQTWZL5WMXRA,B019OO4IY6,4.342128
AFMMK575JLG32D3ZQMSSR3MX6R2A,B08JMQR2JK,4.2380238
AG7ZPB5T4ZGBEJXMUSVYO3B3WCPA,B0BZ5JK2GC,4.088987
AFK2BXNXJHJAKDMSCRX6V6RZNX2A,B08BW2TBD7,4.6454167
AFZVBHPHF7PGY3EAVSLEDOGCA6NQ,B09VGM7F6Z,4.271847
AEBKMSFD3VIXE6CJSSMV3SSPEF7A,B091F4D8NF,4.4008436
AEIXKVIOBX6AFYFRENWBSESOGMOQ,B06Y2W66F5,3.967357
AHQCDCQ5VFDGM74DM7RQ737GTOYQ,B09SHCSSWM,4.537963
AGU2MZU3LPS5YIY2CPDAMX3XXJOA,B0843PZHQ2,4.7501144
AGFO7J7AHSMMOZJCBP4B2UADWX5A,B0731K3M6Z,5.0
AFVKWBQQ6VUMTZKTVXN4Z237ZMOA,B07BHWJMB2,4.588223
AG3TURJ4DOPD3S6RHZRV2XRRJYPA,B004THB824,4.4815397
AFLT6YM6MG5IVAYHJRNVSQJIJXIA,B01MT5S67X,4.8804545
AEWSA55RYTVXGVCMPGGUMBHJKIMA,B01GW69IQ2,4.6263466
AG4HSLU5KO7KGCFCOUKKBXS2NGWQ,B07PSWC1XY,3.8417077
AGBN5H6XSN2RUYI5DGFRDAURIUUA,B0BSCGXCVP,4.1890855
AHR4N4IZKDYWKN7WB22HJF3TE5MQ,B0BKZ2F82F,4.627246
AHLFJCO3SENFEDTOXOS5VC3GKSXA,B0002GXQ2Q,4.709771
AH3DEAE4AW5D4AO67MNOXOI5YE7Q,B09396NY1C,4.5670547
AHX2ASVMXSHSQDBYGTZFDMCGVCQA,B007MY5BII,4.530388
AHLWV6FKLFZU7O46CIC4EPMK5NQQ,B08566SXNF,4.413064
AHOTQQMMQDCYWZHF7HA3Y7DLVQVQ,B07CV6VYXQ,3.9645875
AFITYUC3765LLGHMH4L6XJXCOWIA,B0BPNHG7M2,4.761884
AGP3AB5E5WTGFFVJEYVSW2DYJI2A,B0041OU1X2,4.7072644
AFEXGGP2FKT5NOCTC5O4KAHEIVHA,B01FJZBI7E,3.9623213
AHGSGQ6GSGOIRZOG6YXTMXJIXKUA,B001L8IJDU,4.6702642
AHW7ETGBKGX6DCG2LBAG5YAXU46A,B0B8NJBS3V,4.764677
AGBC6LK4N4ANCY7GPBKSV73XQK4Q,B0BCK6L7S5,4.177414
AEDUWOYVRIMELJMAH5D64RBYKKUQ,B004MNTIL8,5.0
AEOAMGJVK4MXPWM3AYQ2RAVC43SA,B07N8V6K46,4.436963
AEKMHFZZ72OB26PKFPECASSLCBMA,B09N3K3KGT,4.804141
AG65EMDZJ3RRQSYRZMMBUR7TBA7A,B00JER27MO,4.4190536
AGL62R6J2RX6ZL5FJRK46OZLJZAQ,B09PWCF6T9,4.5654035
AHEAY4LVXGQBFORIT6TQ35RR57GA,B08JMQR2JK,4.2626
AEBT5FUF3Z2Y4DDIJV5TCW43C63A,B0BRG35HYH,4.328627
AHQBI36Z5MNGGQS22FDO5ETXLLNQ,B0C3LGQ9S5,4.7215343
AHQ5AL3NKAPUD6K7DL6EUC5XX3JA,B07FYPBL6K,4.7245646
AGXZIOXJQITHVPEVRZL7AJO4TAYA,B00Q8KGL54,4.496065
AHRRM3MQAP2ED5JAKBCLTJ5DQBAA,B09857JRP2,4.917805
AEMMOYNKT6BNKNRUNRY3TH53DYOA,B005PGGU9O,4.3113794
AETU2L7GWTRUWX2FPHLAJEKC7EZA,B0002MS7NS,4.3340545
AE2A7NOBDCZP7RINLG5REL5I2GMA,B077GK1J7N,4.2728386
AFLCKOPHSPEOXRM5HZQC6X62Q5AQ,B0002GX7XY,5.0
AG3S4FROO422V5KP7DJCBXVUQLJQ,B0002CZU56,5.0
AE7GVDNRY5NABEP253Y3GMDUZOZA,B00B5LDMH6,4.1507783
AFKVZFKWM3FJTWEDGJFSQMWR2KYA,B0B8M5FJ9W,3.9280343
AEBTJ5U5BUV3TSYAFMDHEZVEPHNA,B0002D0L4K,4.5031257
AFFYHATF3D7K36FDI5EMWOUXRXAQ,B0064BCRQE,5.0
AHGC6HXFKTGNC7UVJ2MXA2ZLMUCQ,B001MXCY58,4.352528
AF4F5YORO5MADXZQC63MO65FQDGA,B076GHR7DN,4.648335
AHY2QC53VJB2Q4WX7I5MYFXBFSGQ,B00GOIC1S6,4.6172905
AGVH6XX42P6SIONXKWBKGJODPMTA,B01LSHMR86,4.5772433
AHJYHZOBOSEBCUCJNMHN5DPZ5DRQ,B0B52FBC66,4.5268044
AGMADA7BVXWOPUYDHC3C3K3OKO5Q,B09CH8SDPD,4.8649325
AF2FHIOZUNV67HEU4MSXQ5DZ5A5A,B01GSVQM2E,4.2142696
AG4AVSOJINHN42XUE3Y5D5XSAHBA,B008YOMVDS,4.35806
AGHLAYBLKOMA7JAM2PKTKEQ7EOMQ,B0C54RRCKG,4.5084643
AEH54Q5HTMEFTXWFJA4ONZK5UZNA,B011N2VC64,3.9808497
AGJ5ZJKUFS3F6QECAILM2J4L7ETA,B073RTT48C,4.768736
AFNY2S3YRSPY6NST2O2SQFMSFRIA,B004XNK7AI,4.6546254
AEZJFN2YIACVU5YHNMQVKNZ7W7VA,B085H22BGK,4.258355
AFKJVDSTDRAQZUEEWZUEYDUEDWDQ,B076346CZ9,4.600717
AFY5LZPYVJ52XQRIBQ7JJVNS7TDQ,B09XQHQ5VF,4.24739
AE3L6TIPOX3PCWWEKRRM32YPNTXQ,B0B949FD92,4.4798717
AF2ADEWSNFYF3BRXGP5KXRXULGKQ,B08448RJNW,4.303966
AEJ4UHRQGA22XAKVA5QKWJ3ZIMMA,B0BLGC3C1W,3.9083214
AH5H3RK5Q2WAXHOCYTKNZFAV3UGQ,B07N5NMWXK,4.899343
AHAWNAKRUGKRZR7F5TNJZWR77XPQ,B08T2MZVCJ,4.4085608
AHQXSURNHTA2ACNNVL6F7K5BDOZQ,B09857JRP2,4.6302824
AHSVOKGVCE3MBLCCGXRLFPLLISJA,B07YQ4MWD1,4.4705815
AGS55F6CFFURDAUEXOEH6NTP2CBA,B07PPDY2NS,3.7371297
AHXZMBZM7TCTGR6YQ7MI7LEAZ7QA,B0007SL860,4.594705
AFJL2PWGEZFPTWMAWAPCGYY2F4AA,B00RMJORJ2,4.945777
AHHNBVPAODMOFE2SDZ7P4K2CEWOQ,B0C67HCGBR,4.9676538
AFND4WHBO6MV75PBKNHCBFZK6VWA,B0C6J1X7TD,4.3680706
AH74S4ZHQIZ2HCY4CYQNNFD2EL7Q,B088WWS9GM,4.842037
AEDW7SQR47MF36I4WNHKGDBO6SXA,B0BGL5H5Y3,5.0
AFHZXNYNK74PAWXKHPNHLMY5VJNQ,B0C2CBF3SK,4.3761053
AF6VHCT7J2T3FLU2BPMYWGVDG6HQ,B06XZ91CGG,5.0
AEN326SBT64VHDX7FG2G7ETRXB3A,B07FYJ7ZLJ,4.559009
AHOTV4CLZXG5X653HKHCKHVAPG3Q,B00JL5I8H2,4.4723477
AEENWSVHLUOJFDM4HB2QEELDVEMQ,B09PRKZ6FN,4.462992
AGL3XHUKQSHTUANT673GKEH5OU5Q,B077Z635YX,4.7740417
AGETR4QIMGHVFE3QCL3USO2DRGIA,B08SJY4T7K,4.419955
AFUS6JTLJZK3Q62HGDKY2MUAVPHA,B07BHJH2Y8,4.5824795
AGZDVF63KXJBQEPNLNKCRDAH5OZA,B07CNY1HPX,4.2523184
AFN6353UFHPWCP6AA5V6XWDQKQPA,B00HTWQWWM,4.7192354
AGG4LCGNKY3EVBOSELGXMEDXFYEA,B07MJJ281Z,4.6318326
AHUXAPPM6WHJN2A3X5DOO4AQLKDQ,B09Y8DM5JZ,3.98634
AGTGCRBYT2WQEGBDTCKLGNK4CXQA,B01JGQVQBU,3.8246837
AGUQUN4TIWP46MPNHP5QOPOPRFPA,B01ABJ036U,4.055756
AGMGW2AXSHFLEP2KKAQBOM6OOQGQ,B00AV557UC,4.7686405
AHOEKHBS6FPANUZKASOIRVSCH7QA,B009BZAQQI,4.3297515
AHEBSXAOC7DZJ3Y2ICCM4R2RSYWA,B07WS6G634,4.2523293
AHRTNXIDVTZPPET3MBLAMWML6WLA,B0002F4YQY,4.6610646
AF4SPJ4OCL5VBNSZCVJWHX335EUQ,B0002GJHYM,4.1089196
AEWWKKSI3XGONPAWUPUVPXAACNHQ,B01DPCONFM,4.7080956
AGO4PWTACG5H4W63S3WT7CD7XDQA,B07VPLFNYM,4.256006
AEZZYYV6UFTFOQ76YJ7RGL2JELHA,B00H35YIJE,4.1023207
AEHZO34D7CYLRZ5VFUPFI5IFKY5A,B015HG7HMA,4.2545877
AH2ADQH7UOGDTDAAOQMXQCUAGFQQ,B00WTZRLOM,4.556379
AGCZUILWOTAOWI2SZRF4IOPREQYA,B0749WPC79,3.9331837
AEPJL2A5CE2ST2ZBZXZFCBIGLSVA,B0B84XTJJP,4.2882447
AEIU63EAGJN2HD2JBPWHEVWT6THQ,B0BCK6L7S5,3.8860292
AHJDK246IF27VMB55EDYVVHPY6RA,B0BTC9YJ2W,4.7952557
AES62SVPMQKJVYREQRVKRBVODIGA,B0B8LMGQVX,4.108364
AFDLX64MUTNBUHOU2L77J54QI4FA,B00V8URXSS,3.9711795
AGCMJUW3TAOMRRV6TL4V2SK56P7Q,B089QRBZQ8,3.9473467
AEBIEMNW4BPGOFLHZCE7TRXIQLAQ,B01HUCYOXE,4.444617
AEDL6IQZVL3POCWKWQQEYCSYCPUQ,B014PEZVKU,4.196012
AEJO75YNQXAOIKXC2PF4CZEORMUQ,B07B4XLP57,4.2588167
AF5OEII5AJLAWIS6QWTUP2J72EAA,B011R0XDYQ,4.4655685
AHCPG6UCDD3OKNGACZNLW3EXJXUQ,B07SZLB9GM,4.5358214
AHTIXMC45Z2WUMKNCPENUVEFP3BQ,B014JY7WGW,4.3796387
AH4JGVD5QVUSZZVGHSMR5SRGHVYA,B0B1T92VM6,3.7771153
AFWNIPDL72FP2UXKRYXN673BN7HA,B07Q75MDB8,4.951532
AEPNUR3UKHG5JLGS6JLKXVXSMJ2A,B09BF8XDF4,4.434592
AGOAOXZU4C2FYKKH4X4NPAYPOI4A,B0B14LN9H9,4.7877064
AH3Z6C3F2K4DHOJVCJPN4EWEKT2Q,B01J3S91WW,4.5926814
AGHQ6RPNVO7KEQHEI2HAQHAGCTVQ,B00OGMD0VE,4.666967
AEFICJTVERYBGXDBNCYY6LYBF6HA,B01DN7OLJC,4.688536
AH5CRT5ZT3ESMYJUVDIH5RZPH2BQ,B000T9NKEU,3.899289
AFJZIOVKFSIRFHER4BQIHMOA4ZYQ,B087WVJGQQ,4.3253207
AGVMLHKYMOD35HC5XL5BN5ZSMUFQ,B07CBT4SYD,4.8706737
AF6N2DGSAXSNFBDROTSRYU6ADXRA,B00WJ3HL5I,4.2173786
AEIEKT6RZKZF2VX4R2UJHKMFLXEQ,B0822LB7CL,3.7261255
AH6HIGTF5ACPPHH5J7MP6GMRIFAQ,B0BG95DG2H,4.036145
AHXYOGPYRBEVNJCESMCD6QN4CUYA,B005OZE9SA,4.1897182
AGUG7ONCKL4JOYS6AILUT3AGOCWQ,B019F9DR3S,4.2166567
AFGNBP4CGZGNXB33LHNUQ7SJZQ5Q,B07BLM53Z1,4.331117
AHYQNKECUJ7XNEOPQY7BBR3OYYLA,B0040O49OU,3.8901205
AGIGLCDBUMZT45LJEQR2EDJUDZUQ,B018VAQWEI,4.7191195
AEQ74J5XBTN2YQID7PBZMICSZL2Q,B07ZWHY5TD,4.3970165
AF5BNNFFASTI2LEXYRWROMIUJWYQ,B08R5GM6YB,4.2787795
AHV2RWTWUZDZB5VK62GU522U7N4A,B000FZ1KF4,4.084711
AGHEYBT2KQDX2I32KRBZ7D4RCZIQ,B07FYJ6K6L,4.1485543
AF3QJZYZ67KTLYLZRRAIZTBG4L6A,B0002E37G8,4.6910143
AHMKYMQRIFIF2QGP46NCB5X2JN4A,B08MFCJMSZ,4.018306
AHK65NE3TUTI6YOF5HK5AFC24XBA,B00F20MIC6,4.395385
AFOV3YMGYHOVKW65ZOFVUITMT6SA,B078WNW4YW,3.936238
AFMCJFEPXSDR6CBD6JAFUNDNIPUQ,B0BFKKVQZT,4.319709
AGFTJ4ZNP62NDBCII3LLOWYIUVEA,B015M92GZ0,4.3761096
AGDEYWGZKNGR36MRO7ZT3AB45AXA,B0C3Q29DML,5.0
AHCWSKQIDST34SUY5LKWWLBPDRDA,B00W6WD12O,4.4654627
AE565UKB436TSU3TMFKFWM2RL4KQ,B0BTC9YJ2W,4.1835513
AHXVH3WID7DBJAYYL7G2NKPE2AIQ,B0B8Z34Y9M,4.576869
AHOTV4CLZXG5X653HKHCKHVAPG3Q,B09QZJ57YW,4.6408076
AFFMSQ2EX3FEFPRL2AH2L523WDMA,B0BG4BZC5L,4.9175386
AGBQ3TX4QYWQQOW2DBADLGOJHQGA,B0BT3B7GTY,4.7860246
AFYV2D4QBIJITGHQBWCURNGOX4JQ,B019MF3U9Q,4.6961846
AEMDDN7LCA2LR4KBPMCICXTG24TQ,B08R5GM6YB,4.591529
AEZWO6JBHBOWFWDD3SHY3TPNB5AQ,B000UMFQHA,4.310704
AHMVEV4AJPDOUQ73DMD7FMFIWOGQ,B00WJ3JUFM,4.5457935
AG4WQTH7Y5R6N5TNVVZJ6GJG5GGQ,B0C6H9T5T6,4.337377
AEJSKR2NKPC4ZS65RIJL3V352K6Q,B0BWXY17MT,4.539248
AHV7MPSPXX63ECNBQ3XQ4QHUOHFA,B014MQ22XU,4.82668
AHXI5OYTSU227DFONJML5ZLE4MZQ,B0C4KH72T7,3.7936738
AGB3YZIRHOSAZGQF3NRHKQJWWQTA,B07R2X3GG9,4.1503506
AHEJ7L4IJOC3BQ37XCDJH32QP52Q,B07DPJS6DZ,4.940433
AHRCC5CKEHASCA6B55G7NZBB4I7A,B09MNCSPHN,4.3953104
AEJQMZVE6HGW4SO52IRKWKQDB7XA,B07V46KRD8,4.620314
AFGIGAOI6AF77YD2KG3VLOZQS5LA,B07MTS57P4,4.098326
AEQQOWGNLMIQ4QJUKX3PAFDQ3TXQ,B00JW286K8,4.67646
AEUAXVAUWJFDX44V2Q3OZFFYDZWQ,B073DRTLPC,4.2081127
AFZXFSKN7FOEUCYHXT4GTK62RO5Q,B01E989SZQ,4.2463613
AF6TDFRJUSAUTLFZOVEGAOUCZTMA,B01M70SYSN,4.788892
AHETQRJ33CMSEUL4SDS6CJMHDU6A,B0BXZFS2QH,4.5314884
AFRULV2NIZROJ3DN2F7ZVZE46FYQ,B000IO8XFM,3.7967644
AEHS4V3DRQ4ZIXBWECYJPRN5TFZA,B07B8WL33G,4.813758
AFYEPSM6CEVCXCX3KH3HJZTCFYDQ,B0C18CV4TS,4.600403
AEVIT6MYT5ATEMEMRAENZEEZHCTQ,B005T0L63Q,4.942826
AE4LWHIBYCREDXSNG3EOF3RLKKYA,B0C6HZ3ZW6,4.242328
AEIDGPYNI3VZUBMPGAOSX2R3K6HQ,B09G5KDVWW,4.8480105
AF62AMU6MZHZQGKUD4N2TIGO34SA,B07PRC5VQB,4.127161
AENMRI3CNMP4P2KXNT6SB6ZD7FEA,B0098S1R9I,4.186716
AEPOF2S7WD32ZGVOCCWVYNJTCGIA,B0BMLMCBMG,3.7216213
AFJVRGXC4HIVBWQT2IQMMVVPPQ2A,B09616T2BL,4.3839765
AFJQQWO6VAZCTTY3GXNB3SEUU34Q,B00IPH8MD2,4.814639
AHWPCWQ2D66IJWQW5UOWEM32V7BQ,B000K69UM8,4.2642026
AFWVN3PP4WG4IPQUXVHS62ASS5XQ,B0C67HCGBR,4.8068047
AEJZB5NUC3M45CFBSEMTTELJB5OQ,B07GR69D9L,4.3992896
AHVW4W75DJAPTN6E2PJAMEDMABLQ,B00JER27MO,3.5711324
AE5HZNO6TKRU6CY3O4NDXPJB5KKA,B0BCK6L7S5,4.4379964
AEAL4MJGXLIH3VY2GEZJUT54KILA,B0047VIXBG,5.0
AFU73SX5DESEJTCUH4WYUUURP7MA,B00H7Y2X8O,4.153091
AF6PG6UAMWJCKLF422AXF7B2CGHQ,B09RNG1MSF,4.926186
AEDOO7I36DUZZUJT3IDCKDW7HXGQ,B0CBSQH75J,4.6403155
AGMYRILPTJDOK7WL5OYHYGRYVXMQ,B08NVVLB16,5.0
AFGAA7M6RD3TVIBWAM3GPAJACSJA,B0BBRMGRTS,4.6191664
AGYMZ3QSHADJABMWV5JF3QXR5QVQ,B00JKNS208,4.748742
AGVK6BKGPFZRWV5UUWWJJUSANESA,B01DNC1FDM,3.9318223
AGNZ55VEXGISWO3OH7F4CTP6HNRA,B019G53ZJW,3.777222
AESBHEIAXYOTT2RRYMLA5ISYFFTQ,B091MZPYBQ,4.088305
AF3JMCAJ6IICLZJRLDYWCPSSEN2A,B086QMZG22,4.234984
AEDEPSTPVPEHNHQXQEJ5H63JR27A,B083FTGJ5Z,4.633369
AEHGPRL2ZLF6TY6JWBNFJNIDTE6Q,B007D5DHQY,3.8027365
AEQVENEFPIYMYXJ7X2ALDWEXP2SQ,B01E5GGU7Q,4.190853
AHR6YKXEXGIMXC4KZXITPYDZSIMQ,B01N48D32A,4.201227
AGBG657C2PXD3YN4X6SHCCXKNYEQ,B07D1WM2G6,4.7780404
AE4CO6Z6BYGYMV76PHRMTSOFUG2Q,B003AM913M,4.1209607
AHJYHZOBOSEBCUCJNMHN5DPZ5DRQ,B08XCG2M41,4.2209153
AFEY5KP557F7QOHEVWE4ZG2RNK6Q,B08T2N25MR,4.4849906
AHGDGGMCSMMALHTX6WGLJFFUVJXA,B09S2Y4MMC,5.0
AFLTSBEC325L53VKAJOAI2UJNUUA,B09RJZSQML,4.984181
AHWAHTNGQTZCXBUPWH5G7NYST6YA,B099NFZP4S,4.1476836
AFJI4EU53OHSJNXBYXCL3L4IQRVA,B01EJ0N5FS,4.4628024
AHAMGCWWXZ4QIZT6TMDUG2CSEKSQ,B01GY8I616,4.2330804
AE3HFOXOL5XSDTR6ZMM3KQLUKP4Q,B008O0RKVA,3.9478903
AHVPG4SDTF2X3C4ZWYA7EUA453EA,B005N2E8A8,4.5992317
AH4KB2XWOWEIBTBVW6NVDX2PIBJA,B081H694YZ,4.2537193
AHETLAZWL7T3CFUQNU5VJIC7R6PA,B01H8E58SY,4.927303
AF6IPYXSVTYOXYMAQTOUM5PXRN3Q,B0BHWP4RHD,4.74045
AEQC5V4P7JXPI7M4COOZLIA3MUUQ,B07XW2Z5X1,4.1534576
AEAQF6SZ64S7N3IKHEJKQLMZHPGA,B00VIDJB76,4.0537524
AFNUD5CAN5NBVLUC6377NGRF2XEA,B003QTM9O2,3.988036
AGIZ5JGA4QTX4SD5TFYZTP4E7LXQ,B095XCZXNQ,4.1406116
AGTD3IDTVYW5TDGYWPCUBDTAX76A,B08R5GM6YB,4.642498
AEMR3TT6O5MSIMI56SR33RIWQQBA,B01DE4DVO0,5.0
AFMHKT2PXH7SLUMY2IQSP4HQWI3Q,B00RVE9X06,4.759272
AGQA3F27NHCAMNBD6MD3PM5ETLHA,B00CIO6BEA,4.7844486
AHGBVAJ4O3RIADP4MWY66DN24EDA,B071LP49JQ,3.9716647
AFJBKMTRSW6PJOQT6PTIHRS64DWQ,B0B8YYJG2F,4.634449
AGDBMDAL47YFZL6CT6HTOYG3JTYA,B07MDPF4SZ,4.953708
AEESX3HNU65OOFXP7VYMTQG5OZLA,B0B2LSX437,4.653984
AF6BJF7NTWXZHYV2R7EE5WN7GGOQ,B000TXZL4S,4.51677
AEEWM3H4MGP5YEKKAWWN2K5GFDGA,B09KWWS7DH,4.8663125
AHJH5K24A5KB74WY34PC6ZN4L4IA,B07N2WWT61,4.6580734
AHETRIFNTQ5F7UICJDFWPCI4T7LQ,B07BQRDVYJ,4.268097
AFTBLEAC2U7D4FW5GE26JE64FHTA,B015XDJB9E,3.974306
AEG35XCAKNMYS6GUKKMQU4T7YXWA,B09SVD6M4Z,3.9795954
AEITZ6E4PPUZZLSVJ6DOWD6UDTEQ,B0B3VJ3TCJ,4.7954383
AHHZK5DNIEAX6Y3X3WBG6VZWSYKA,B01FJZBI7E,4.3490033
AEZ3FBYLAASU5N74SJSNU6G37WBA,B07DMS2QNL,4.7964854
AE6JDIRVPTKC32Y7X3QQ3WAY2LIQ,B0BHSG5C3G,4.4072895
AGDJVRV3ABHQOXKMFFLFE2LMIGXQ,B01C5TBS90,4.558097
AGKM3HSVVVKGTLWKFFPAZFKF6I5A,B09M7D9SC8,4.634785
AFVSDHRXFBIUSK43W2LYIG3ZP66Q,B075LQDQTQ,4.4790125
AGEG5EQFBOW547MT2N4IB7E7SKCA,B01GH436CQ,4.560951
AEATUKWZMVL6IAHCXM52752FTCFA,B0BYXJ6JKZ,4.254899
AEZKOSSPZDQAQJEVAWYIMF2EBRGQ,B001V6BW4U,4.359303
AG7EI3UOXIQXEL5QDZPVKPSVR4UQ,B0BCXTKY9H,4.6956477
AF7FYQUKWYAXMMDZWRA3JVBOEWUA,B06X9KG3HW,4.909447
AELHX7KPUROWEK74AUNULSGCXBZQ,B0006O2WFQ,4.4725237
AGWQRQRURVWB6KYTP24WVQZO2QOA,B01LSLZEF0,4.403099
AEQJV6W3AGTTOF4M2EPZ5T23KPFA,B002Q0WSMK,4.5819745
AFTZ72IVVWEIQB3WIXESXZUTP2FA,B01MSKI46R,3.9020047
AE3O7NJGWB7LCFQUAANZSHBUQHXQ,B0B818M2YN,4.5512214
AEYEMBWRA3OM2EGMDPCXDWKJM2IQ,B00DDXK1BE,4.8564487
AGZ7GIMAYG33FI3CNM7M4RHU4NTQ,B0749R51B1,4.305051
AFR7RRVXPNEUTF2SPXIQXGQRDUNA,B008V1O0IS,4.1275983
AFKXLVV6Y223XWWFAGFRH7ZG5AVA,B00009W40L,4.8269815
AEPLHCEMDY74XNN6GUSZWQ74YQEA,B0BCHG293C,4.4051833
AEMISRDYQCHSNOXKV6TQ67X2TIOA,B09TR38L5L,4.208579
AGHMOR4A4MZUIVGIMRCFLGWUSTXQ,B01N5KND14,4.051004
AEBS65ZJ4QFVZJFL2GDRDMKLIC6Q,B07FFNXF8W,4.546178
AG3S4FROO422V5KP7DJCBXVUQLJQ,B0002E38UI,5.0
AHINZ5DFWVRC5V2LUPSDRJFO6P3A,B07K8H5FSX,4.4134455
AHALYOX63S6CACZTHN7R24RVEX2A,B075B1J56K,4.4607244
AE4URMY2E5NTUACMDOMZXZPFJDWA,B002QZ402Q,4.3619094
AHCDHPEM4KAB5QQ37YWQ3NUMU25Q,B07VLJ2TXG,4.3268056
AHF4JEWQEROLVQZJJHSI67KKWTFA,B00O9S69BI,3.7237728
AHDF5QL5Q4ULQN46WRCHXHYHXO6A,B0927PV9V6,4.6503224
AFZF76XTGJS4BDACJ3OGTNMZSZUQ,B01LYJMH9P,4.4972653
AHT6CZ4BD5P4I5VNBHCIT4Q2XIOQ,B0BKZ3GCGR,4.6111603
AELQRDWDYF4TSS63UZRNJ6D4YQWA,B074KPCGYL,3.822099
AEGBCPJTA56WDBVUJIEJFWZG5OVQ,B09V91H5XM,4.5027194
AF54HMG2ULNSYJ7Y34Y5HSKICFVA,B000BUBF6M,4.052286
AFUTTKU42VYSAO62XUBBFGKX5SLA,B08R5GM6YB,4.030978
AE6ITZOLS4L3GX7SO2EVSZ6OP3BA,B0796CFWKG,3.8347151
AHLT67F2LH3MBY7LX35LYJL7RSDQ,B0C9NGP88D,4.571488
AFUTPGDAL4QUPHCACPKBRQETO7HA,B000EEL7OA,3.972023
AESCE6MX7H65VKLRAXRSEJTB5TMQ,B0B8CF62K8,4.953097
AHMVEV4AJPDOUQ73DMD7FMFIWOGQ,B0BR2G8WYG,4.414258
AESILTLC6225Y5HLJB5QVMYXBDMQ,B004CLFOK4,4.447288
AG5ZVXXHEXDYUUODSEQC4XXV7DPA,B07NKMZJ5M,5.0
AHFN5MACWZPKYN3B4DZ7ZLGK3J4A,B06XPNRNF6,4.2685223
AH7LMWVUNU47H2UGVA5YL54LYT2Q,B0BK6PMJD2,4.351235
AF7DRHZN7CDCVGL5PJPIADURT6KA,B01DMIB3CA,4.764816
AF2HJDLUACCM3KD53SFDC4UXOJ3A,B088WMVDZB,4.071768
AFMJOKJ7N62TYTB4FMPZJUJQSTAQ,B0BCXRJCL2,4.2139654
AH2O3QU4KENCEUNWEIUG6O2IXYLQ,B084RPXXBQ,4.5702233
AH3LKUHBM2UJSVIOJ6E5ACAQHRCQ,B07QXDH6HN,4.4380746
AFTPUNQ4NGIKJHIEUAFA3GQBUY4Q,B0BR2G8WYG,4.9464583
AHGTBVKLKSVZPI6FGJH7XYUHSEDA,B01J52X9UG,4.2019563
AF3QD6BGMCYADLFK4DMKZS6OZKGA,B00SDLZFFS,4.6116867
AG5AHJEHXXLCWZTSYXJO4SFUPGOQ,B0C6J1BN77,4.7172937
AFBLIAES35IGAZQJZLCLOWAS3SXQ,B09SD4CD5Y,4.746112
AG5KQ4QD5FRXYAK7JJKBL3Z6RRZA,B00X7DDGBW,4.1590986
AGULNOJI6U4V4FUK2EYV6CJ3H2EQ,B00F0GQ8QE,3.8012068
AGXZUI6UMMRVO5EEXJZUOWJFFPHQ,B00RX5HQS4,4.4456964
AFE5ST46VVB7RX455VBMCQKKU5PQ,B07V8C74S9,4.92367
AEWSA55RYTVXGVCMPGGUMBHJKIMA,B0721LHDJD,4.6538033
AEMJC7OXZIKFZOZIWF6ZIOAAJATQ,B07YD57169,4.699457
AE75QLRJUIWMVYPI36WBEVBU2JZQ,B0BKK8N4HQ,4.000963
AES3GEKX6ZMJZG46HAXJP5WYMIFA,B0058MJX4O,4.371126
AGOHUZDWB7HUI6NQOLEY56QG6F7A,B0B6JP6KZ6,3.48293
AGG6UQALZBTMJJ6CVDSHOGWYHIBQ,B071L9FKNZ,4.038732
AESUWA2UPKIC7PXXIMI5AJI2DG2A,B0996R6MFQ,4.542305
AE5BBWH4LVBB64GNWI3OYK73YYDA,B094FDSW2C,4.0788484
AHIY5JCLWOQVYAWJY6W7EB3C52CQ,B06XV9J1DD,4.8675895
AGBOR6PH7AXGNDKU4UQ5Y5KF2EXA,B075MXJXYX,4.5527744
AEXL5EIHZE4PJ22225FWU7RBPLCQ,B000E0TVDI,4.1018724
AEQJHICBCKYVFPI3SEDAX5GHCITA,B082NLXYBL,4.8293514
AGBXV2ITIUNKFPPCLLWF6YLF57NQ,B08D9WNM39,4.5085526
AF5OPCBDJUGP5FPKIGCQPNIYCIQA,B0002D01K4,4.2289524
AHL6FWCH4VJV4DGR2NDNCZ2GFK2Q,B0832WNN4P,4.2903304
AEVFWS7JFEKHYDZKH4SI5YDSNGJQ,B0B1DM3XD8,3.8487382
AE7ZTBUNKGJ347SZHE3B7QAJTNGA,B07CBT4SYD,4.2237043
AHFZAFS6N6PCSICYG5P3BEEBO57Q,B01EQ6LDCM,4.0692115
AEXZWQINYACSZXKPYWXTVBG3IZFA,B0B28ZK2NK,4.745155
AE6L5XPMAN7FCPWHMJF4COE4HU4Q,B07S61KXPQ,4.6367593
AFKXLVV6Y223XWWFAGFRH7ZG5AVA,B015HG8E86,5.0
AEXYJXWBE6RJJWH6FSJQLZ5BM7BA,B07MFYHKLH,4.4970064
AGC7JK5YYGE5T6XIPGSIRLNKOUHQ,B0C1Y5KJPX,4.110011
AGNLHFQGCYCHERL2WXDOFMHWIIZQ,B00HZH4D04,4.709411
AEM3IWNBZTERT6RQFK7KEDL4NZVQ,B07G37S6S9,4.7930984
AEFPHVJL4U6PLUZT32SZCAV244FQ,B078KTV8L4,4.356608
AEZ43GMRWM7Z5RJC7MKYGQYWADIQ,B09NLV5LBK,4.2253213
AGHRZX6QQEINSDMUBBXHA5JQFAYQ,B09857JRP2,4.834556
AG25SX4KSZSNKETP62HEK2GAB7HQ,B09PBL98Q4,4.401111
AHWU6CCZ2GHRUXSYYFHWQYUASDIQ,B08Q36MHJG,4.4768066
AGKKQOI7JPGFA25HGLVGVMC6QBGQ,B00T3GL2XQ,4.674574
AGXCV25HDW4JXI5QQSJTIZUHPRHQ,B09X8TQNNQ,4.3545427
AGTS4HKNL43FZW3MZMUNVRYLBCKQ,B07Q5G54XF,4.47118
AGKCRUJK7URMDM2CGQGSZWH5KC5Q,B08SJY4T7K,4.183053
AFPQPFMGLESPNSFDMVCZPWCGDAFA,B075R9DNGF,4.0350065
AH55IBNS32OBFM37T2AUX4JR5P6Q,B09DR91XCS,4.797781
AFPQEZKBEMAQKRZIX64WX73WICUQ,B07FYXMKP4,4.684723
AHOBKBVHEAT4KPRVI7TYTF6MEJXA,B00IY0BLB0,4.19932
AHXC7JEUXRETZUDFXR3SAD336P7A,B093YKLWVN,4.465449
AFDLRPTS3IT4XBACV2J2GFLWEHXQ,B07YM5ZHS9,4.655342
AEQQOWGNLMIQ4QJUKX3PAFDQ3TXQ,B09NH8PG5W,4.382471
AEUGDXOV5ISVKRHJ5HUEVRI6R6CA,B08R5GM6YB,4.4110174
AG3522I4PO6OL7CJFXNYDZB5EUSA,B078MHS3SC,4.0596085
AFSVH5BFJNLMW53ABDVECJKIXWOQ,B0771NSMYP,3.7327769
AGPWFIBAUZAC3CMJUD73YYJQ22OA,B00DKAQGTG,4.3785605
AF6LBRKK5RSD3TBYPDXMMDP3PX5A,B09M7DPHCS,4.883012
AH2KNTQFU4DWMQIMTDLFSMRQHRYA,B003HGFRO8,4.663525
AFR6WKFQBTKBG7HH7MOIHP7Y4IJQ,B00WB2401K,4.7790613
AFXADZU7WCSR4KXGS35Y33INRSNA,B0B8V7C5N8,4.2502227
AGGUQMWTQHAYLFBW6QND4KKVV4XA,B00B3PB0PK,3.970128
AFJJWM45JXP7ONUSAYQWWEIVDLDQ,B07F5PX9Y3,5.0
AHKYSWGAUYXDRDRDVPJF2IXTBQBQ,B09857JRP2,4.803313
AES4G2G6GLODMHQI3OWXWZKYMVUA,B09V9172YN,4.457184
AEGDREA3STZJTUULI4GPQOPIUQLA,B00N4ZIWN0,4.472261
AHPE2VIQMN4QQMY6FDOBTI5MDHTA,B0BSGM6CQ9,4.572007
AHSBOSQBGM6R25L7P3EM3KG7QXWQ,B07QL85Y56,4.6033254
AGKYAVDS6LE7DD2FVDSRKE56R64Q,B016QUXTZU,4.5177107
AGXCV25HDW4JXI5QQSJTIZUHPRHQ,B004OK1G64,4.112392
AGZSQYZQTPMYEMP3XJH7WU5VQARQ,B00T38U7HQ,4.449366
AHW6YFBKYIN5XRPR3KVBB77LKNZA,B0799734T4,4.5806394
AEMJZIL5Y5YRX5JNTZKNOV3V23AQ,B06X9YYRVZ,4.4181547
AHMM6WYPXJDZYF3U7AULIES6BPRA,B077J6ZGD5,4.3388224
AHK7LBEMWADRVGREBBS6ACHQYFEQ,B0002E3D9Y,4.315712
AEEATBN5EQ44LM65IAU6S4GSBWHA,B07RRQG6LJ,4.505445
AFFRCOTU354SFF2TWTMJSVJ3T5HA,B005T800V2,3.575227
AGZZXSMMS4WRHHJRBUJZI4FZDHKQ,B07S9D9JYN,3.9113927
AEL7BTGBCNEOZY5WN6HLCQWCBL7Q,B00CA89IAI,4.4404716
AFQBFVHUVNE6ESFITVXT7ICA4P6Q,B00HZZ60T8,4.589195
AGCI4677JEAQIMY2DOT3Z2FVHI3A,B0BT2Q355P,4.6190305
AH2WNIY22BZFD7BKGOHOC4TM7EPQ,B0B927ZR1X,4.229313
AG5G4JJOBDKQSOQSMBRVR6MJ3VGA,B0195NQSTO,4.577357
AG6VKVBTKQBK7PBRMY3YIQL4HWHQ,B089NJV8Z5,4.241578
AERWH5YEBILRHRNUYMXAVAHLIFYQ,B004GR9MOI,4.510132
AGNEJAU2YSULDNEJHFJKZ3WLDIQA,B000HZGFMA,4.07805
AE7P4BKELMLMT2LYFCC3FZMFC2TA,B06XBB9FPF,4.4186854
AF65N4WSTNBO2V4VJDML2RE73ROA,B0B52FBC66,5.0
AG6HOO4VHEZGO64JCVOGXTI7OPAQ,B07SJHDL97,4.4521184
AFBFIVH32NPCDO5PE5DKWZXDKA5A,B003YJQX1O,4.1024947
AEG7VAZE2DPIKLI54MUNPFDK4PNA,B0002GJGUM,4.8778615
AGTVWLQL3Q3XMAIKFJ35ELNANSTA,B0CCK4YYNM,4.567506
AELB6HYZWMIW76ZECZ7WXY6SON7Q,B003RPK4BK,4.185745
AHLWV6FKLFZU7O46CIC4EPMK5NQQ,B01D4P2OI8,4.9997964
AEQJ4C6IRPWITBGZ3PVJJB6DLW3Q,B0C1MHGKHN,4.331418
AFFC7LSYXECAEHCRLCLBMGFCVWDA,B07Q6P5FNF,4.1839056
AE4GDR74FW232GB2EN52B3DM3L6A,B09PGYXPHV,4.601275
AFSAKXT76KFR6MLO2EMI6ETXOAGA,B00HZH4D04,4.3987203
AEVCUMPKWQKFIF7NYMUG2XSYL6QA,B07WS2BBVR,4.312218
AGMPCB3TGA6MNNISDWYIOGQETCWA,B078KX8YJD,4.852317
AFJ66RVSHHQWD3MZRM6JNQB5NGXA,B09Y8KNXP9,4.552049
AHXBHGYV4SEVPVSNIDWNFSZ6AECA,B091MZPYBQ,4.412801
AF2ENGUTLYO2BINRBO5JEA2NWYUA,B00MXUJ394,4.599683
AGAW672ZXYYIKQXOGMTBF5INS2UQ,B07MZVPJ4Q,3.9255764
AFVEPOZYED4XUGN743TM3RQAH3BQ,B0002E51UI,4.5060916
AFAJYIWFPZCXCTA4UQV74N22SKKA,B00O5ELFU6,4.621824
AF24D5VEYMR7IXEOCC7Z2ACZDD2A,B015JTEBN8,4.4437184
AH2P7BA2OBY6D4KRCOGP6ZEGPT2A,B0BKZ6JR1L,4.2923145
AF63VW7YLF42A6STVGBLACD7RUWA,B09PWCF6T9,4.005911
AHCHW2CQHUSBPPNXHFE4RPGIXXDA,B0007L8BQW,3.70549
AHWVLFKCGMR3ZBOMSNM4LWQINLTQ,B09RTZ26KV,4.199424
AGEH26RB4Y7AXDGN3IL4UZ7PO6LQ,B07VQ6ND1D,4.7822995
AEJ354XETZRIGFKZSCQ77RWYN2ZQ,B0BK6JCZ9V,4.210892
AHSKY4JX2O5XMG4HYW4IEYGORSRA,B09SD4CD5Y,4.551677
AHHGE6FWXCATJQMU4VDV32VNM53Q,B09YXXHCCZ,4.912142
AGMKPH5IY4GNNCOARIN5VKYKYJNA,B07B8WL33G,4.757454
AGEWQAG36O2T7UQULMCPTXYRXKIQ,B09BGCRS9T,4.8944755
AH6NR2Q7F323VVUTIBCZA27BPEGA,B06XFMY9ZB,4.2145095
AHYZYJHCUREP7YXJBMOKBX3XGGXA,B09JGR9ZG7,4.051945
AEZRFF2AWH66Z7KRPON4YBGTPZAQ,B0BSGM6CQ9,4.4889913
AG5QJWMXSGR6QK7CTCJKXRD7OSOQ,B0889BBTX7,3.5213802
AFH6VTF4HK7G6XEPGKMJS54HS2BA,B07F3TDWSW,4.5146585
AFODI5ZOLF55V7ZZDXCX5RYJUU2A,B0BLLKKFR8,4.8724484
AEAFQYME2KKDDFIA7IJGHX7Z7GHA,B0BBT9T4PJ,4.923557
AH5JR6SYFSYSUV3LIPKY7SSMA7IQ,B00M53HWQA,3.7738197
AFATLLVPDSAZLT2HUI7VFWHLBV6Q,B0C6H9T5T6,4.2827973
AHPMJNUYUX4QOZCKLN5R34BB5EQQ,B07CL6Y82R,4.852905
AGLS3LXZRF3S6AHDXUNPUKPFSFSQ,B00LYFFW9O,4.8413944
AEQTZ66XVTKZAJLIQILNHY3FDWCQ,B075ZDCFFX,4.7355113
AGPQAFCHG2MCVQQ2W6UOOUG7DKVA,B0BTC9YJ2W,4.154012
AENNORCDOTT2KFT5WUIK7PJ2EXOA,B07KRZ1HH8,4.349461
AHUCKAEMSP4F26GMTI5BNB3OBZGQ,B07QS26TVM,4.1163235
AGEVFSIPLANARTZMAXHWIF4W2YYA,B0BHSG5C3G,4.7716494
AEBII22L2OFKOYGXYC3PYMQSVPJQ,B0BKZ2BPGS,4.0808744
AGEDVIBZ4U3WNWUYK2VKGDJEWPNQ,B0BT3D5TZT,4.5373836
AHSUVRZ5X445VSTUV4NS2UYSPNFA,B0BT8FDL8B,4.257881
AEDDH5EWHB2XBARG3BIJLUMOZGCA,B01KDK4VO2,5.0
AHJUQQX457HFPPIOXQ6YYNNB7SKQ,B0006ZXFWO,4.0483313
AFBE5DXQJ65JQOVBLSQBU6VN3G4A,B014GR0KYI,4.454061
AHSKAICVSFGCKQNXY36HSJ2NH7JA,B017NT392Q,4.4281993
AFV3QJ26JCDGYUCCGROO2SZ5ZX2Q,B0051M6J48,4.4664283
AEGPOBKV7TLHDCJ6E42JVDKOBE7Q,B0192F765K,4.552122
AEBF2QAX2TLFF4T5ZKMXAIRKVSEQ,B095QBH5ZB,4.2001214
AHNO2QUOKU56ZIYEZZHX7PEGY3JA,B01DK40R3M,4.1965933
AGPIE6PK5ZJKF6C4NB6NDPSAZQ2Q,B0BCXRG3QQ,4.8380694
AFMTD2O4ST2NJG53TQ4LIVG6GCEA,B0B2QG44CZ,4.5160513
AFEH255TPEXWR63YIUX4LVP6SKLA,B000TZTPQ6,4.7283244
AEQ37F2GDPGB4LVQT3QVPQSGP5MA,B09MK4X8YN,4.1646094
AHDRXYOFULH6PJHMYGASCRLETELA,B00WJ3HL5I,4.667328
AFUHM5DZ6UOWY4JFKOEVWX6UNMTQ,B08SJY4T7K,3.452223
AHF24GKKXGAKQLPBYVZHEMHHNQDA,B0BT855NFQ,4.5207734
AHL67QIBKSTRQMFTJPJK3RJ4KJFQ,B0002D0MI0,3.8335881
AGPWTBAKWEXJIJLZXKEV7T2E37AQ,B07TDNWYSB,4.2250047
AGIRR5URNJEVZXCRP3HS6LQKIEIA,B09S2VB3KW,4.8060856
AHD5N6UPSIDZ6H4MKRA62ZYJNCGQ,B08ZBSMFFK,4.728838
AEFJCRMP67BBIQGEYO3XDHVQDUZQ,B017DO08L6,4.1673656
AE6B3FP6UAR66D3J2MIWDAKONHWQ,B09BF8XDF4,4.371893
AGSY2FST7UU7SSOBJ3HCG2NJGNSQ,B07K58QSGC,4.94279
AGV63VVUG26GQTNG2GTJEAFVC2JQ,B0BWVR4S6H,3.9939873
AFGRWJPHTOPNJPPXZ4A667EBHMGA,B07L9RKT41,4.9287977
AH2QKH3MOVXR2DHAUY4TXMFFLW7Q,B0731XJ2WN,4.7637415
AE6FEBZWJDO4DJDWIDCRXSMFVQCQ,B0002E57D4,4.4250183
AE5NWEATKNGPC2F5AUDU4G7COV5Q,B071GTNM6D,4.3389173
AGXCV25HDW4JXI5QQSJTIZUHPRHQ,B00JL5I70K,4.370115
AHNOYSM6BGMCXVETNQNOKQBSXGTA,B098LHYD3K,4.95943
AF6MVWJFHQT2OX2TSWXSU7L2D6XA,B07B8WL33G,4.884875
AFOOSGLWVEYRI3BTTAYUZZRGPLFA,B0BX8HZ5RH,4.201974
AE45WDXXXZ4KORRG4QC26I6TNVSA,B003AM913M,4.222181
AFV3FCAYHRCOC2A52AGKK2RPPEYQ,B09T82W1SN,4.702661
AG4NUQQOZOZMVC2NVNLWBTIVSOBQ,B001FSZR4U,4.379159
AHX2MR6NLBEPURAZZUYFARJVHSEA,B0BFKN3472,4.7344446
AHITNRIG3XWBTZQ6NIWR3IIHA6PQ,B07N2WWT61,4.497108
AHTFYXTJ7M7MDPVFP7XOP5HNVIGA,B0BR2PXCBW,4.043034
AGPV44OWAIBX4EIPZYJSXLQPBZGQ,B00NTMTV88,4.151855
AGWJ3WOKO6JPVGAPDSYZJCAOAD2Q,B002P9LCYM,4.6402955
AF3TUPL3CN4WOARNMBEUMEFEJW3Q,B0C6ZG7MQ9,4.051454
AEAGSWW4RVIR4L5BH4MVOV4X23ZA,B0C5PRQ9K6,5.0
AFXXJKOQ7QN3VZSVKRMAKB4PSKYQ,B091YFQGCJ,4.994253
AHXPMQ7YOOHFIKJKAKBCJ2AF7UDA,B071X5GC87,4.428093
AE4OL5LGNMZXDJWENP32PLH4KXDA,B01CL3JXLA,4.36628
AFJ6BNKTPZQXGEOAIOMMCSESJS2A,B0C6HXYY4R,4.848875
AHV4SKXGCWKAT4NRPWQDWERJQLXQ,B07J5FVQNT,4.747655
AESTCLTPG2A6OTAH55KHCMEVFL5Q,B0839119FS,3.9008667
AHSCKDESSXRZL6RQK4FHOFJGDDDQ,B00HTWQWFO,4.049498
AEWNI7WO3QS5KWRKBAB4FLWGKYVA,B0B4WPYKSZ,4.708001
AGJGTZRZCLFSCVVMBNDXVPHSIHVA,B00JJNFP54,3.854793
AERO573NK4DRWCKS3JJ53TGSMB6A,B013ZHK4DM,4.689666
AHF4GF6ZASGEYRWYWLW2U4RNN2BQ,B00UN8PH4I,4.225054
AHLFYDRLX6L6LLJ4L25C5XFNEWKA,B0BPKH4HB2,4.4632525
AF7QY2ZO3X4CDJGV4ACGHYSSUMAA,B0799734T4,4.6820416
AFCIVS44DHRDBJKC763CZ6ILP5GA,B015QK3GUO,4.5354314
AG4XNEAB4VFRH7DYQWIJGL75KVDA,B09RJZSQML,4.9567766
AHEA7BJ6ZQXRD2TT6IZA5D7IRONA,B004XNK7AI,4.7818513
AF77F3QYN5GSD7OBRNXYP5QGI6GQ,B000T9L7W2,4.5547595
AEG3S2JSG7WW3BXOWKWYPVSTED3Q,B09WJ596LC,4.008757
AEVBAPYXHRLDJOO6YH2DMRC56HXQ,B09S2VB3KW,4.563456
AGVM3U55VHWHEJXRQ4IKLK7NCAAQ,B0BSCGXCVP,3.9251502
AGZYNSF4BAY5PVTF5ZPIUHE7C5OA,B07DCLVKBC,4.4719906
AEH6QOPVX3MEIJ3RM44DOXH7VTQQ,B07BSHS3BX,4.412509
AFJUQ54UN2LAAU6QQYZNCTG4HMYQ,B07Y9Z4XQX,4.69895
AHZOWNQENHOHDPK234WOZVMLS2SA,B0775CBC5R,4.3356943
AFC4BQEUEQWVU6TXMVVS47XZ6TJA,B003A7GM20,4.888855
AFKGIJLJXTOW3I4R7TFM6RN6XBRA,B0BKZ6RT8Q,4.225506
AH246HVN5MKGWAB7PMKHSPDREWOA,B087D91DN4,4.4881296
AG43KQOKOO573AON6M3W5TYWWE6Q,B097Q9W8MW,4.9201245
AHWAHTNGQTZCXBUPWH5G7NYST6YA,B00DCJ9DCW,3.9524033
AG3B2CFSOW2BJ74UFTCSTDLJ275A,B0C5RBP34V,4.07349
AHZ5CFCVZLEBSPWWANJBCHP3B4AQ,B01DPCONFM,4.739029
AGCPST7H7JLEUJIEECK2H5MYWOKQ,B019NY2PKG,4.3754473
AE3TDVF6M5MAB6UK34376XCCHBBA,B01H8E58SY,5.0
AF3CM6ZQAJLOVS3UW3XZORVEGVHA,B07MJQH1LT,4.646616
AE2G7LHNL4YQI5EQHO6RIGHESR7A,B00Y0CG9YA,4.456169
AFZUK7RCANY3O3S5Y4CUJ236A72Q,B0B8Z76J32,4.717824
AEKUCQMVDAHN34ZQDYMU7PNBZR2Q,B01LWWYCRN,4.6038485
AFBSCZMVEQPP4CQHLZ6LYUB32UAA,B00IFOTSJW,4.75475
AEPZV4R6ZGAHXLDCYXFBFQREWO7Q,B0002OP87E,5.0
AG4N4RGBHZCUXXIOISMGZ46VSJNA,B017AFVU7Y,4.496386
AEDZCUIOKFTDVAQVJHQ5P2TU764Q,B01A0D3SSC,4.1772585
AEKQHCEMXQF7OW3LWKVAYJJHNZKQ,B002LTFTO0,4.049323
AETCDHEOKEQREMRIBZJDTKL6YXQQ,B08T2DMFKD,4.681834
AFURKYEZVRORWYCOZO7BPR2U65XQ,B0B2Z13RCR,4.3301926
AFRWXBFR2HE3ZHWU6QFFGSPR2QXA,B0BY8SWQ1W,4.4089465
AHDBO7QJ4EGECUDQKNVAW32Z3V6Q,B01N5QJ0LE,4.8071427
AEJVWNXW55ISA3OATOA64QX5WXYQ,B004XITWCM,4.9557967
AFQJOUEBNCCZXFELH5UR3ADP3BXA,B08KWM37GM,4.6714215
AFZ63RGQSNBQJQJQM3MHRBKRGGCQ,B01DECWM0G,4.278209
AG5N7JCAWUWY2YH6BIGJC34EG4SQ,B00M9BSZMI,4.2637224
AG6GAO6LQQXN5N4QKX3ZQPLIYXEA,B0150YC54E,4.522616
AHK7B6UG26R2QW427SGYW5HW4EIA,B07X624YB5,4.248061
AHT7ULEGSWNWLMFIENNTIELDXKUQ,B075R58Q4Y,4.6210675
AHJZP422GCGGNTVER7Q3GJIR7ODA,B00V8URXSS,4.2797275
AFXTOZFT76UHKIYU7CZIRAKYIK5Q,B08BW2TBD7,4.4436707
AHKYG3ZX7SWW4K3KHIXVW5ZLMNJQ,B016E9HCTW,4.428677
AGBC6LK4N4ANCY7GPBKSV73XQK4Q,B07QYPY3PC,3.9830096
AHSBOSQBGM6R25L7P3EM3KG7QXWQ,B0BCXRG3QQ,4.9383345
AEQZCIHPL376ZN3LRVIK7LKIO6IA,B07PFM41FN,4.722585
AGKTHO5CAI2NK4V7HSCUIKJLYX4A,B088DD5M4V,4.7460146
AGAO3DXMEMNWQ475FJA6DEPJDM6A,B073ZH1FNX,3.7168477
AF3BR6FQAGUDNKNFETNSU3KKHBOQ,B082XMFWFK,5.0
AEOQMBKMCAUY3EQ2CFEYDB252GPA,B000CPSGD6,4.2138124
AFJ6THBTHGTJWWK7OIW2P2TWSBCA,B0BYXVCSGG,3.8920035
AHOAWBCSTIAMPQ5NXRG55NPC53XQ,B0B7C2NM84,4.377179
AE7ZIKA2CKZOIKONML4BJ22X4QYA,B07CYRYQ8G,4.1407247
AHXALPBICGW4TP72ZXYN5AHAA6NQ,B07CRMZQTF,4.810381
AEZUZF3QBV2XAOXEPVACVNDWYTOQ,B015I0WXAQ,4.042699
AESGJFLYGVHQNH46NGWZI5NQC62A,B00GG20DJ4,4.503959
AG3C6CXDXFVZO4ULKDAQDWOMKMWQ,B00L1E6NR8,4.830261
AFY45KTDPSXXG26TP6Z2QFJZDIAQ,B08XMGNB3W,4.1505857
AGKIRTDMGIQN3WRMFLQSKXH4CVJA,B0794JD1DJ,4.3546133
AE7BAST2UTRFTYAP7V4OONCCFQTQ,0879309210,4.961343
AEABO4WBVLZ6J3VVOA5XDJ7HDBQA,B09W9ZJBKC,4.3227363
AGG3BYW5FNAOLFRE2WUOT6LNHBDQ,B003GEJ5J4,4.0366035
AEIJO7WWMCD7DE6YQAFIB2L2QGZA,B0742RB7JK,4.9151363
AFURKYEZVRORWYCOZO7BPR2U65XQ,B00IFOTSJW,4.326566
AHT742VUDQGIVZSKPHCKEOFEEG4A,B09T8HDBYK,4.696582
AERTZGEIDREQYMZTMBUZQZVGDSWQ,B00KLLKE04,4.1719556
AGCLXVSLJN7TUGJI6YWQW46XEJSA,B001E0CK3K,4.702096
AEQSMBSD5HP3LSYXFGQW2N3Y3CEA,B095M2K5KP,4.5430193
AEYAJCNIHP7FW3URXY3AOLYTY2WA,B001XJBWXG,4.369857
AHYRQOSD7KNYDKRSURB5B4HBWBUQ,B0BKZ5DJZ2,4.990573
AHDIPBNAP355S2TELPMBHBBN5TEA,B09G5KLKX2,4.3816743
AFOHCSWHO2N27LSXIATOMCFZM67Q,B00FUTXO8G,4.416209
AGC7CFOW5DZ4EX2QVNP6ZRSDDLFQ,B07NST2LSB,4.760853
AHNLWRU4FBQBR5KGHFV6OIM5DVBA,B0BKZ7FHHW,4.4293413
AERLXMBYKQGUWBDDQLVA4XX3R6JA,B091YFQGCJ,4.5558333
AFQKAEURQDE3GKD4HBW4VDZOZ22Q,B097Y8M21C,3.678269
AGWVA2PPESBPQ5XK32DPGGH7KHRQ,B000M74WXM,4.3614388
AF6MBPLQMTFYIPFKY6PQOH7WCKEA,B09JC3Q3TH,4.46287
AGX24YN4HZ73DCPZH2VCZ36MDMIQ,B004OK1G64,4.0001907
AEE6H6VC6RTWJS2RMXUJCDPOY6NQ,B00TV90MT0,4.306962
AHGBHUGSYBGF7ZITSQXRPZESB33Q,B0B9BP315L,4.64462
AG4ZB6GMF5W2K5OOBYH2LLQMAMOQ,B077Y4JGQ1,4.8385043
AEYM4JF7CX4PXVZX6HBA5ELI544A,B0C5PRQ9K6,5.0
AFMG74ZXHJ2XIJW5OUELTC5KRPKA,B07B9W2XFS,3.8319802
AEJHSV5VEW6DTNUIIQRBTCQGXFHQ,B07HM8Q5FR,4.731061
AGT2TLMLIWZOIPRZ4ZANFYICIKDA,B000K69UM8,4.316169
AFOXLAJLPADIV5NXYE6CLSTBAC4Q,B09HWJRQQ4,3.830552
AHO2NGQECJA3SONZARFPZKKUH6UQ,B07CQQXQ4T,4.85106
AEG2A2SPGLIATB3BP72NQT4MBK7A,B008OEWZ5M,4.727847
AHDMFMMBOWVOTXAQMIV2KOPM346Q,B0158GWWJ2,4.4491987
AHP6UXQUXLRXD7ITXH55CBGVBLGA,B003YJQX1O,3.9854703
AGBFN7JJDKK3RURUIIXTLESUBSCA,B0B3LLNVNC,4.5158224
AFJZQ7ZK67AXFCA7GYLHVSBI4LHA,B012VQ5A7S,4.5769863
AENWSEPERMG6DSLCD2X27BGBWQAA,B0BK6MQF3Z,3.8308544
AFNPVYGE5OUMBZBC274J3V2UUXFQ,B07FQCQM4D,5.0
AF6EJYBF33I6ZOJWPS6SKJCN2DQA,B074P6SCS6,4.447436
AHQKYENUOHAXZG6CNSBUU6X7BI6Q,B0064BCRQE,5.0
AH74S4ZHQIZ2HCY4CYQNNFD2EL7Q,B09BF8XDF4,5.0
AFJFIPK3DGPDXQAOPLESEBHIWZJA,B0BBPQGSZ6,3.971394
AHWS7CTKOVDDBIP2PCJAY3QFTZTA,B0BWVR4S6H,4.2305493
AFBFEQ63CH3PADWCT52FIYQLG7XA,B00IFOTSJW,4.748767
AFH6AUO7HH5PMJBRBQGQQKDV5HLQ,B091KVXGPH,4.861099
AHCV5Z6U2C3B76UVSBEZYVWQNJ5Q,B07Y7ST6BF,4.963737
AE3TS5R65QSFTYKTSRHFXQKVR5IQ,B0007WLWMG,4.7971883
AEHL4256MLAXKYTZGAPQL75WZ6AA,B01F6WIX5K,4.4527445
AEZWO6JBHBOWFWDD3SHY3TPNB5AQ,B06Y6BCX7B,3.9694445
AG4IBVQSLXLZFIBFE3EDMOJMVLHA,B0BHSG5C3G,4.7199836
AGCBIRCCOOCRQVVCM3LTOA365FNQ,B07M81HC4C,4.0773787
AFG6BOX7SFWFTWNRMO7LSMDLA6CA,B079Y7XKW2,4.4845757
AGVT5E2C6WNOCFYSLOCPAPBJOIKQ,B08F93KSDY,2.8043494
AFET7FPF4IJYOCCCQBKKGWLYEETA,B00A7KC9NO,3.696257
AFGSM2IFWCMZCPCORIQEO7SGXIRQ,B00B9060X6,4.011578
AG4WPSHRJ7W4UF6IKZJ2FMYUVGCQ,B00G6CMP1S,4.45845
AEH5BNAS47KL2BMWVV6GKD7JDUDA,B07NBMCG9T,4.0131817
AHXYSMCKABR6O4W37Q6YIF6NWVYA,B00M1L1ADM,4.672408
AEWH7JMFZ3SQI4UE3DU6VRYD2BGQ,B00L9R9YVO,4.349759
AH544NICZBHWPHVOLJZNMEQKS6IQ,B07NDJ1HSG,4.7286773
AHGRMWOGEUJ356QVBRO6TVVJWI4Q,B07RYQ1X42,4.4629655
AEINHEPGMZVLGFEWFQY5ZNTKS3XQ,B09DYS2DDT,3.852442
AEZTH2WTKDOJPZIT3GIFZ62OJLSA,B09R2TMLJR,4.8805766
AH7JAXK4CMAKGB2I7X2BIW4OMXGQ,B09S2VB3KW,3.8844767
AFKTMWUJ22FQFWTT4V3IKQNJWN2A,B017NT392Q,4.1669226
AEZRDBBVRRHFM2LTK3WW4RJNHOQA,B00E8CEW7I,4.2321887
AESVKFHONG5B25UZH7DRJ56ARJJQ,B005EHINSK,4.494858
AF4MGMYWV6VLEQQ7E7M27JALDF3A,B000M23OQ8,4.695009
AH4MENCROTJQK7T4D3NVIK3E7KZA,B0012BPMHW,4.768874
AH3RE2HDYHA7C22F5VCYQLCWVDYA,B074T6YNSK,4.659673
AHSPUN3WFKKPR2W3B2S73NSYFATQ,B00O2BISAM,4.29824
AHDALDGFNPUZN5ZQGSPWZPVG67KA,B01CFNML9W,4.632984
AG6FYGUMXO4TSTPFWPFTNHJXC7WQ,B095XZJ99J,5.0
AGOIXNAZLPTROLAJK7A6AEFKB3OA,B014F1UKI6,4.6574745
AG3LFN3BICH2V5RPI2XFRKQSEDZA,B07DWM2XSS,4.8228846
AGI2HHZK7SWM76BROAC5EYEFKCKQ,B0951C4RGR,4.4066253
AFBEGCILG53ZZXPI6FF5UN6UI3FA,B019ONS4TC,4.7776937
AHLVMWREGLYAOXZW3YPMPGU555ZQ,B0048F0QWA,4.153123
AGSUZIVP3CBSFA24S3UGGREDGYCA,B015TBAAT0,4.714397
AF3TUPL3CN4WOARNMBEUMEFEJW3Q,B01FHM1DNS,3.9575305
AECJK6QUF6XDRW5KDS2OB6TJ4VYQ,B004XNK7AI,4.2931967
AGH7F3VLUYMLE52O7FHD7X2B5RAA,B079DRQ4ZV,4.6274076
AHSN74GHQIXDIZTRGY2W22DCQYDA,B09JWL3BF9,4.3309216
AHNG3NRGEDYO7E44QMYDHMBADPBA,B0731YLWY8,4.2250276
AE3LXT2NVT6I4JHOXL5U6D33U5RA,B093YGS1F1,4.4779663
AGBX4BNES3BBJ2FFZIBA5763LLBA,B07CQS5DJV,4.436859
AHZL2ZGOCP7VUX4RCTNTTQ7JNRHA,B09PBL98Q4,4.4809003
AEJVWNXW55ISA3OATOA64QX5WXYQ,B0BTC9YJ2W,5.0
AEDMLGFTCQT7ZADAK5CKMT2T2T4A,B0B8Z6192W,4.728317
AFTBXQNBI6S63NJO36DBALW5M67A,B0BSCF2FD7,4.494313
AEUFWFA3TBVVD67HVO7FOLWNXUSA,B08GZH46GW,4.5898056
AFWUY7OEQ3NRSEADRQ6PMRLOLP7Q,B071YTY3QS,4.557707
AGDQCAX573GEXWKTJ4INUD7NSH2Q,B01F543PAW,4.282978
AF626HHXSBCNSMN7NKVKP6UVWEXQ,B000J4I9VO,3.8743746
AFHTKUVUNIJ3R6NFVVPKWDTVX7DQ,B074QKLW4N,4.1526613
AFUWIHK23WPEEPBRRSPULFMYMP7Q,B07MZYNZ1C,4.4524612
AGSVLMHAE6DKL34BW5AJANZ2HP3A,B0BLSGXGPF,3.666057
AFMXSST3YJL3H5IBCU7JRZGSCMFA,B07B9W2XFS,4.5362096
AHXGOXDCTF7J3ALC2ENH2LBGIB7A,B0BXT5BYPN,4.3481417
AH45K3P2YBR4JXYQ5TSH52BYL6OQ,B09RTZ26KV,4.23466
AGENT7K7THM6Q5VKHKH2PUACREHQ,B077YJ3H6R,4.1399946
AFLMACQKFSUNVBSPPBFXV4AVMRIQ,B0BPBMBL6B,4.456142
AHGYSJ5C6F7YUTGNX6EMVI5QLYUA,B0BK6S7QF4,4.358639
AGHPBBUCMU72JNN57OKEFJ472UUA,B09617MLP2,5.0
AH4UVAVFFRYIYJIBREZK4WP5NKWA,B08C9YWGNM,4.2509456
AEBXDQP3DYUQMQUTAUIMYMOMSRZQ,B076ZSHQ47,3.5495903
AEGAA3WMX5TUOTVJUJJUNPOZVODQ,B07Y8FGXDF,4.566852
AHJIN67MPL7OZPJ3HINXNP7BOCEQ,B077YGLM39,4.6720247
AG2VMRQG7CPHKGWNP3TT5V7I4JJA,B0BRQGJZXR,3.2677307
AETYS626OQR6IWDN7UJPGDA4NNLQ,B0B8FSCM9L,3.6967425
AGNME7F4IAJUQ7OIEIHDUXS2IFVQ,B09MBW81X3,4.8043475
AHYKZAUJXW3OCM5UZCKRVHAPQMLA,B07BC8DCC1,4.503001
AHIUWHWGM4ZYDRKZHUNIKOJVLYCA,B08H75RJZV,4.405725
AGKTPA4K3NKKVKX3RHSW7ZBLZEXA,B007T8OGLK,3.9627876
AFQK7EQ7D6ZPX7DJ5UOWB56BZWPA,B09RN7GR8F,4.6389217
AGDHBVAVHDE6JTAWUBENA2IXHIJQ,B09DJZK72G,4.621182
AFZXFNKXADRAUQ2NEDYY267QINIA,B07DGW4H5Q,4.509529
AHB7NX5MFSJ6W2NWR5UNUFEF7RNA,B000V1K7FG,4.708745
AE77LTJF2VGJAZFPCJYL3RFAPZFA,B019NY2PKG,4.053327
AFELGLT57C4JEDRENY5FBZBYXRPA,B0002CZT2A,4.7476625
AEHPI7DGK45GM4JO4PP25BE3RZJQ,B09396NY1C,3.620776
AETYS626OQR6IWDN7UJPGDA4NNLQ,B0BXT384GR,3.6241207
AH7K6J4O5D7ZE5QZAJQJ7V4JJR4A,B08BJGBHN7,4.2383313
AHM6XU5UR2N6ONEAFVPHJKEN4BUQ,B0889FMRNL,4.4221954
AG7A4AVEW6FTLSQCEBRIXLGYTM5A,B001H3EV9K,4.0548067
AENN7ZX3EMGG3JKILEMJSYLBX4FQ,B004OK1G64,3.8195443
AEYBXANH4M5NRPMA5WGMTLN2XR3Q,B06XF6NF5Y,4.0788984
AEEDYZE7SWKKVMVWYZD35VYCMAWQ,B00PR8AW62,3.7180877
AFAFI6N2OEHEZMADEFS6BN4XMGRA,B00MJLZIDW,4.069036
AEJXBPZPKA62VIDWND77RDR2LFXQ,B09V91H5XM,4.558206
AFKVQRYREQIOY53LVNLH2MMIMQSA,B083Q5T15W,4.2458687
AEFE5OPBDT3RILFM3R3IX7XO7HGA,B09PRKZ6FN,4.794639
AE7HFNHDMZFWK4FQ2NZDBVJ2LD7A,B077J6ZGD5,5.0
AGOIXNAZLPTROLAJK7A6AEFKB3OA,B091YFQGCJ,5.0
AHX3BWXWKDWSIOIANV5JZ6TY2WTA,B00T38U7HQ,4.936579
AHI4HEBT7APLICJPKX2WXSSTEPZA,B09VBWXMBC,4.114802
AGKU6OTPLHUFMEUZQCKLLC7SU7HQ,B09W9KRSHQ,4.252959
AHL67QIBKSTRQMFTJPJK3RJ4KJFQ,B07RLVH6H4,3.5243347
AGR66GB7J736YGNOEQXECJZENQXA,B07D5W5X3Z,4.853322
AGQ5FPALHWB627LAP4WZIMIWRJUA,B01J4PU7TK,4.475193
AE3SOV2D5KXSUM3BXEQO7HXO55SA,B0BTC9YJ2W,4.9337006
AHNICXK2GA645SEALR3E762ILAYA,B0B8L1H6H5,4.4777703
AF4VAHTAJUP5UY6BOZG623H7KOEA,B000VBH2IG,4.215266
AFGJOLXILLOCUFG64OFU2FQVNFOA,B0BSCFTV2G,4.7603073
AFFES2GI2HRUKJ666T7BBGQPICXQ,B07BSZNKTM,4.699474
AE4UJ34DIERPH2M4MGBRWATWJY4Q,B0BQ48G9Q2,4.8463326
AFH6AUO7HH5PMJBRBQGQQKDV5HLQ,B09DVHGJSG,4.200411
AFWB7XHYZWK7SPBQRQZQSO4YXTAA,B0BCK6L7S5,4.416294
AFLI3BM2AJOV7JK6P2CWU2Y3QFQQ,B07FYCGSFJ,4.1489735
AFJ7FVPPYKTZGX6PY4KNUJQ7OOMA,B06XXRRGTY,4.5304446
AGXTFGO7KXIW257RRFLSA3C5VRWA,B0983RZ6P3,4.672942
AHGYLAWJXRB5F3YQ6Y5HRV3GY4QQ,B000FZ1KF4,4.143037
AH5JR6SYFSYSUV3LIPKY7SSMA7IQ,B0BPNHG7M2,3.8440454
AEKTPUZTC3F4YZG3YAU3UH3NYKQA,B0C4YN3MMY,4.8390765
AFH6EYTOJWTQ5XJIO7OER5HCQC7Q,B07SZLTL1W,4.209137
AF3D3CKUZ3ESHEWI67ZXZO7RHGBA,B0BL8X66ZY,4.3608646
AFFTXDA5L7I2HYGFFKHBMGUWW3GA,B000ETOUAS,4.4144645
AGTG2UZYJCVVX7QDE4IW2I4JGB4A,B077Y6MY66,4.3320956
AGVITHXYWGKAMYWZ54F2UZWHMY6A,B07B16JL73,4.847751
AFLL4CT7RVP2BTO2TBEOWXKYPGHQ,B09ZTBMWRK,4.3887525
AENFQD5EQBOPKB6TB7AOAD5QQCOA,B09V92RNL3,4.470059
AFXOJVXLBLYD2KJCO2MV3TVEPEOA,B09X8TQNNQ,5.0
AEDBU4UHNM6F5BEWRO2LY2LGYAJA,B08LVQKMKZ,3.1592221
AEBE6ZW3F7MFDQI6LMM7OPAKGOCA,B08KKF5RW7,3.839056
AHPJUTQ3YBWZYP3HHH5EN6ZKHQQA,B075FSQFPY,4.8587503
AGJJC3UVE2J5TFAG5AGCIFSMKZIA,B0165KH7GS,3.8757977
AHF4JEWQEROLVQZJJHSI67KKWTFA,B08DM9NFLH,4.4542227
AHAEDB7FPXJBM523PXFWBS6SWPRA,B07SB4413B,4.098227
AE5D3UKKN4THMV55GGAARPRXHFCA,B001CWWNPK,4.108126
AHHAZWP7DDUCLTBD2YOHLSGOWA7A,B08H7VTXWK,4.933029
AHPVKP6B4O27XLL2I44H7ILH33SA,B00N5THBGO,4.1953955
AGLPJOIU5TK67LFND3AUIWMCAF3A,B07M7XDW33,4.929889
AGFXATQGNYBKELFQPRMA7IGEMACA,B0BSGM6CQ9,4.801283
AGJBLM6O43DUUTQI52GRVVR6YDFA,B09TXP3FSK,4.25174
AFRQHCPK4TP7CKDVVRWR524DVW3Q,B014H8AWGC,4.2789063
AGUGDFZRH2G72L23E4WIB7BGMOVA,B077J6ZGD5,4.8964257
AFRMUNBPGSPKWWIAB5W5OBNT4O3Q,B07B9W2XFS,4.835989
AHF7TPHK72VNTRAA675SXPJ2NVKQ,B09KRR7C6R,4.489154
AEVNCPAF4GHJPW2QRQBUTV7U5JBQ,B08T2KB92L,3.9268591
AEKS23KTJWPSSKWVWNUPKQMKOVGQ,B0B8P1YW7L,4.595369
AG65H3KESUARZW3IYMRXVITV42TA,B00X7YJUGG,4.8650856
AGOHUZDWB7HUI6NQOLEY56QG6F7A,B06ZY6D39R,3.537776
AEOYITVO4RHHLQUN3VQANSVDIN2Q,B0002IP47Y,4.4246736
AHEG7C3WGLIFZ6KICEYYTTVB56TQ,B0035FZMYG,4.5372953
AFJ6SQSBNT2QNP2BTPXIFHDAL6CQ,B01C5TBX68,4.766024
AG5JI7Y3IEBQNGD322UVZCXH4SAA,B01M8M90YJ,4.533694
AECFLUVBH26B6DW5DNXN2S3TDG4A,B09JMYM88H,4.3616753
AFLX2VPV66I3RSCOSL2OPXLYZDJQ,B085H22BGK,4.7026057
AFZOLZJRFK54RYWXE2IADK2D5NUQ,B01142PFMA,4.6267667
AHPE2VIQMN4QQMY6FDOBTI5MDHTA,B09DVHGJSG,3.9496746
AFXTPN3SBU4JC4P3IZCFFNTXYQJA,B09SD4CD5Y,4.8710012
AF6TUHLWCEOMYDFENVEGKYKSHZZA,B0006NDF6C,4.643233
AHS5EQSUTQIS6CCNXQEFCGK7XJ3A,B086W93GHN,5.0
AGUAR5LOTVA6SHQBEM5NYSO2EAWA,B00B5LDMH6,4.6061535
AERVJNZ5RKBWB4V5B74MU5LMZVEA,B0B5KX2882,4.867426
AF6BGLFASHKUPEWPXBWFJKRMP3EQ,B07HGRFG5J,4.255479
AFVFAY7JETKKWXAQBOPJTSALSAXA,B073VRMPDY,4.8037133
AFHHIAVPXFYRPDQYDE2OW4YO6FCQ,B08YK9HWTF,4.156556
AFZMYX6OPU3UF2637SDLHZLWYDVA,B01CFGB8KM,4.275618
AER3THLOZ7KZ6X6L3ACFZTTHDTCA,B07PGMGJPN,4.6996617
AFVSDHRXFBIUSK43W2LYIG3ZP66Q,B01M0KBF9F,4.5556836
AE6XZHWP7GCYYMB3KMFGBUMEQOMA,B07ZW1GBVT,4.1684985
AGADQZLASMTW3AVWPQIS7EDRAKTA,B07RS1QKGK,4.178415
AGOLR5ENOMVPT2UONE22M4YIQDAA,B01K1EJQ9U,4.2447715
AEY5RIKJ4WW2AV2RF36I6XHCXOLA,B004FEBS8K,4.156661
AGOUQ73XWQY73FW3Q3BXYN7HXG2A,B0BSCGBBX5,4.6629767
AEGXN3ZQSG42J3F3APJQKTTPLTBQ,B0C67HCGBR,4.523604
AEYMJEI6E6LOPJPL4OU6Z4T5FOWA,B015IJIO5U,4.0282316
AFHET3OYTMIYN4EAJ4AOAZSZBPXA,B0036FFKE2,4.5935597
AEEL5H2C5ALPNBR3N67HM3HTBFCA,B06Y6BCX7B,4.488918
AEWTYTLUBCTWDPCKMTKUFN4SRADA,B0BXT6TM6N,4.66155
AGZ3EEUWPVVLQX5LMBBYHNKNBSNQ,B0BPLFP5P6,4.541362
AH4ZEMKEG2WV7UHRLS6NGVBO5HKQ,B0BXX3MYXT,4.999906
AGOYR4GPBPKPJRFMMGNOKALDT2RQ,B07DMS2QNL,4.083275
AFXFBPCW7M5OYUSORHV6HQASVQWQ,B07YMGPV7P,4.5666294
AFRHPC7CFZICVH4IROAQCO7RL2GQ,B01F8BY2AO,4.079246
AETNDIMM6EQH7SCFUYLUHJLBFKNA,B075R58Q4Y,4.4192605
AGNP5VOARWMYZYMNSQYQND4NB7TA,B0B31RCL2G,4.3572373
AGX5QVR6UPVGT4OYU5JCPSKN5X3Q,B004UDM37Q,5.0
AHCHW2CQHUSBPPNXHFE4RPGIXXDA,B0007OGTGS,4.6618834
AHAVMJ7OKLRLFKHUSZEZQHPQCHWQ,B00WE6INNY,4.4983077
AHFIIUGZRRSUV74WTKV7GK3P4EPA,B0B9LKKBHK,4.5369983
AEZWVY7SNYXITG2YVXG4CWWGKJDQ,B07HFLRCR4,4.090383
AFKCIAGGH7KHMU7JCN6ZGWX3ITYA,B0BR2G8WYG,4.835041
AG25BHPXN3IJ53EHA7JCLMPPQUDA,B0BLH2CBVK,4.042928
AFNKANPQUS5G3ENXFLAJ4CHWQGFQ,B07H6WG4CG,3.9724102
AFVQQLENFSRWGERDSJAIIEPSGCIQ,B00B5LDMH6,4.1580963
AGJ4XF6MVSXI2HMTCU4EF3JWNMBA,B00EOAF0G6,4.8918557
AFXRISBWQYPDQKEYLZ7VMKSDPDIQ,B00145EVJ6,4.700982
AFYFTNZQOU3VO7KX7ORJ3Y5X4L2A,B071P9JVKN,3.8142605
AHUDHYMPKVYPTVUFMWLBMWJX67JA,B0BPLFP5P6,3.4796557
AGY4LSANTCTFGGXVHUO6BBDARX7A,B00W7ZL4TM,5.0
AG7TXC563E642KFHS5YINKSCWE6A,B0018TBECU,4.4688706
AHJUKDLBKDLRZWZ2OFNOSAYOCTZA,B07G37S6S9,4.549474
AFIWXMQJNT65JSZVB3KM2EYVMKKA,B0BCK6L7S5,4.5321403
AFQK7EQ7D6ZPX7DJ5UOWB56BZWPA,B016ZHLN7K,4.9632382
AHVC53MIZ3LKW6OZXLC3O3F2OQMQ,B09857JRP2,5.0
AEJO75YNQXAOIKXC2PF4CZEORMUQ,B07MJ3KSVS,4.2172227
AEEPQGUUCOYUMX43HWU2JIINBSUA,B09V91H5XM,4.2375655
AHCHNJXZ6Y3IH7QNDRV5VQGVVADA,B07N2WWT61,4.0636964
AELE432LWG6NBGFTGTGVLMNILSWQ,B075MPFFRV,4.005577
AHNXP6YEKG5ZEOEQU6M4K6Y2OM5A,B004TM31QK,4.6309743
AGGRPYA34S7CHDII6NQWKUXV2HCQ,B08DBDD6CM,4.882282
AHNQUGN2YMD3VM6LSJESF73OMGPQ,B07KY75YGF,4.2692556
AEAPENO2NBGU2UVLRBSH77V2CIOQ,B09ZTH7BCS,4.4428263
AGUIRJTR5DFHIQP26TDUJVJNQVTA,B0BHXYL8BT,4.9787326
AEUHHZV7XCP7O6WIJWSYBCTFOV7A,B07SZLTL1W,4.16811
AHP54DEEFACVFPIFX7KZ3P32ZYVQ,B09Y5NZ8PN,4.4696927
AFJKBXS63DTOIVPXS244TKEEFGWQ,B011NJRM48,4.3002768
AHKONMGJWJK5I4QUQ2ZCAGWIEYXQ,B00HJOTMT0,4.602506
AEN36LLBEDJ7NFDSKJFQFV6GMSFQ,B00IY0BLB0,4.2512302
AEUAZXMQOTNMJM7QUXLCHLYB5AZA,B01M1GG05L,4.425207
AG7EI3UOXIQXEL5QDZPVKPSVR4UQ,B0089NNAFW,4.320557
AFWZAOGMC5HAEDQAOX5MUN67T64Q,B015XDU5C6,4.4344635
AEIBMIYUP6WPZRTCVDSHQ5KNVIHQ,B08C9Z3BTS,4.6473923
AF6DCSQ2GVNG6DAKRDYPUCW74YCA,B0B1989GQS,4.1719136
AHAHIH6DC7KVK2DD3OX4VWX5Y5GQ,B004OK1G64,4.095266
AFKMX6JZ655VPVYHBTATZQS4IBOQ,B085D7Y3JV,4.9631944
AFJFZ6GLBPK74N3SK5OCFJWPME4A,B01MD10XAU,3.591289
AFESMXB2DZ2KFRQXDNW3DWDGS7WA,B07DX95KP2,4.508342
AEYGPK264S4ZZEKDRL5VW7QFBUPQ,B00WJ3HL5I,4.475631
AHMG3ALUBE3FEBHODTBHP5J24YDA,B0B312JZJG,4.5729423
AHPIRROBFYQ2UMS7FLWJKMOWYIBQ,B07CBT4SYD,4.9346147
AGJU7X3JKHJKEK3CYRYDTRY7OEVQ,B01CQQMLKC,4.5625014
AHREWZTRX6ATMNDH6CLATXMKIINA,B08DBDD6CM,4.850585
AF4VYLI2QY2N7S65KZHMIET7OGOQ,B00AHEW7W8,3.4818003
AEXP37S7YKZSVJ26DLTWH3AYHTKQ,B08G8W9HJX,3.9085035
AF3BB3ZKONXGWB7PWVSJBXIPFUOQ,B0C61YYGT9,4.6259203
AHYICNHO5KASNWVVEGAZHUM3LNVA,B01AW50ADE,4.208869
AEDTPBZP4AQMS7RZKEZKZYHDPT6Q,B06XPCNFRQ,4.079932
AGBD57DOENI7Z45BUDSSNWUZB7IQ,B07PKL11N3,4.0210166
AEH52AKWVKZCLB6TLF7SYDFOFMCQ,B09BF8XDF4,4.783847
AFLNJEKYTPPZDLQ4PSQ7UH3N6OMQ,B01MRJUB7Z,4.0374455
AHLWBN3XMEJUKJQECDTG4PZYDI7Q,B07BHM7RKB,4.5090566
AFTM6NO5MNIUK5GNNXPYZSHSSIRQ,B001LXMXU0,4.5467787
AHWEBH3KB6T6BTSHWJNFHOYZA74Q,B000RXN6XI,4.282
AHEMAURZYRCARVTVF6CQYTYE4I4Q,B082DBGJHM,4.475628
AFWYGASZ6IGNFBSGEOUTEAQ54TWQ,B01AH3RSAO,4.395166
AFDV5K3VD23LQNRZZONVHGJUVCLQ,B012V1TG9G,4.0221176
AGFCZHTATBUI4HMETZZ5DXULTZJQ,B00IFOTSJW,4.6170707
AGRCVTGVKU6I4WAR4WJGCAQZM6XA,B07FSD3CP4,3.9193132
AHBJS5XJDFWKWPLRDNP2GGKCHHCA,B088WMVDZB,3.9528418
AH2GKTYXSNROUD6VA6IH3IP3XRIA,B09R3CJSR1,4.8962646
AGOHUZDWB7HUI6NQOLEY56QG6F7A,B018S20LB4,3.8056016
AHWOHCJDFWFEM4PGOZB4NP7D4AVA,B08XZH8DTM,3.9131954
AEU4ZKO7CCFVXMEKTRVCO5CRN3QQ,B008PIVRY2,4.999932
AG4NCPCLWH3ZWUCXA7HLVRQ2XLNA,B071XBX2HW,4.50017
AFFIKTHLF35JXNMYR3GSG4HJRYAQ,B014ZZW8QE,4.42758
AGTKP6UKPCRCX7DN3BRMOXKI3EIA,B079P9LDHN,4.1409864
AHYZGTJ4E4TS3IE24HF6IQRJV24Q,B0BR2NW577,4.6000175
AG4KTMEI5K6SATAUEUJ2LELQYBRA,B075MPFFRV,4.5908127
AFQFEJJS3JP7MIHAPIDLWQHKBWEQ,B09Y1QWK5W,4.2619452
AGKWSSS7E3YKKUJSQZJZXI5ZE5KA,B07PRC5VQB,4.2028303
AHOVBMETSKJH7C2RPYQFETIBUMLA,B00UAKWHB0,3.7218728
AE53AVIEMEFU245TVANDSUXTHP3Q,B0B16WH36J,4.7777185
AESVKFHONG5B25UZH7DRJ56ARJJQ,B01DBS3WJS,4.5641465
AHAXTKZXG64KPAV6TPVUASJ33E4A,B007LEV86S,4.370184
AFKB2ICK554PA2D3H5ONFC3VL3GA,B0784PVZWN,4.033993
AERNB7KZPZZGGM4BIHCV6KAAARKA,B003GEJ5J4,3.9541051
AERQYULSHI3ZZFNI7XJOKFYYEEBA,B0047VIXBG,4.595224
AEUOVHII7R2OLOQIOMVO5JFCRWOQ,B01G35TZAG,4.884233
AF7CC34DK36SQJS7WXI44DREGWJA,B0B81D5BB4,4.6332245
AHYZHJQR66MRI2KKUWA3OG4BFJZA,B07GFH8NTB,4.3055787
AHWKSJ62EEEXSRG3ZHRNWBEXWFXA,B0BGHR251K,4.537767
AFBFIVH32NPCDO5PE5DKWZXDKA5A,B01I6EHKL8,3.891951
AGJSFZPZUX63MGYM3TCLXEPLTIKQ,B0185B3CC8,4.683127
AFPOTFD5RRB6MHZQ5P5UIVG7QTBA,B0BR2THBR2,4.5785484
AFIJ75JQSAJKRL6RFKMSLPMHA5AA,B0BXBG7VRD,4.227765
AEHGPRL2ZLF6TY6JWBNFJNIDTE6Q,B0BPJ4Q6FJ,3.9148846
AGSE3WV7SGP44ULL3HPGIDU6BY5Q,B0BR2ND5SV,4.70163
AFXVOM24JL7OMMEJEY7HEA7DYH3A,B0010GKX0K,4.3608675
AGE5YXPVOTT7B2DW5B4LPLL4GL5A,B01DXVB4RU,4.291206
AFQ4E2UCAYIG6LU7UP4EZMMKNYFQ,B00IZA1GI2,4.373332
AEI4K2NEMJ2UZLNR73JRGWEDU7AA,B0C6J1X7TD,4.707761
AG2CCIXDW6TXDNC64A5422PFL67A,B07YPXFDTS,4.2012434
AEN5K6M24BIRZAYWNS7LDH65I43A,B000FLHSAY,4.3823824
AEKS23KTJWPSSKWVWNUPKQMKOVGQ,B001ANI6FW,4.3671417
AGDHUM4WRPOAECBDRPRDIJ6BEYKA,B006BST39E,4.6725736
AE3GCADR2HTGRNXWR33YGTZ6XW6Q,B0B8M5FJ9W,4.420668
AHKXGOAE46LEG27N25E5KZONL77Q,B09T4TND5G,4.685465
AEXJUIGHYYB3Y5RWBAYB2EIUENAQ,B09MXDPD57,4.703479
AEE6Z622I6B7FO37VS3WLJIDBG5A,B008H51464,4.730227
AEMOYADP2JOCWPFFSQD5XOHPNCCQ,B0C6HZ3ZW6,4.9249144
AGDJZFFQ2ARQJQOPZ4LCAJA5TCRA,B083MWZ1DN,4.7579346
AEAETBOZH2YG3Q5K73YLQSKVSD5A,B0002H0M7W,4.180362
AGOAOXZU4C2FYKKH4X4NPAYPOI4A,B0749T9HMM,4.839265
AGYVQXISNIURL4AIOHGR526WXLZA,B00TV0SA7U,4.5883203
AEAOAPF3OQV4VSD4BCQGS33IPJKQ,B018FCZKR2,4.63818
AGV3WQAKB47WL6YGX3IYAVEEFU4Q,B07FZ5XBCJ,4.483239
AGXOXA6HK2C4NUP4ADQCGLLQ234A,B0002F4Y78,4.81636
AEWZDYB2M3BYZEF4BFP3VE2FNS5A,B07MX64M6L,4.8539767
AHSKOQWXLLQEV4YYMFNWBQQMWZBA,B0BX8SSNYP,4.116809
AHFI6EVQKDDMROI4RSVPWF2Y6ADQ,B0C9NGP88D,4.44022
AET3S3QXEZM7Y7MDGCJTFTTOPAHQ,B073S9BHBV,4.8084154
AHLRGX2BFGLQ4JCYSS5DB2AK2ZQQ,B000BYPJ1U,4.3958097
AGKR74DLGAXCX37YVUNAFND6QKQA,B07NDGTFJJ,5.0
AGUMJHIDCBW2XGASEMJIHD26JN3Q,B09F2HJKHR,4.6950355
AEXX7CEHGXHPKKA63HPYS3JR53EQ,B07K2J841D,4.3671546
AHVFEBH4PD2V3XK2AZ44LFXTPZUA,B097FMTZCP,3.3633146
AGKQLSTQJOGWRWV6GHIZXSLB4VQA,B09Y1X5BSC,4.7609687
AGSP5UQZMOO4U4VWUL2CVBV35NDA,B07BHTDYGR,4.4414573
AG3SNVZAJVFMX5WPHZIDVAPO6YBA,B0B1DNT9HT,4.355114
AG5FEKWGQDLOPZPCCVTDEL5TWMLQ,B01LQM3534,4.0128746
AF6JSVPJ2DCT5CECPNXDU5PWBMEQ,B09857JRP2,4.670085
AFPR4KLOEJKVJKQ2HDNYKIUFOZNQ,B0BCXKFMKD,4.2874737
AFKUVBPUO5PIIBCJYBKMQABF4VJA,B078X3SSY7,4.6306586
AF5WH2KQNQ23M7NVENH7F5ORQ6NA,B071P23N7Q,4.300635
AGQ4KUC5JAXB3A6UGXUM5DIPW4LQ,B08718Q5J3,4.408715
AEMLDUMRZRY3H5UQSTVOGIKOR6HQ,B0073B587E,3.7139487
AFZIQSQJWTGIF5JPJXUSHLEPWROA,B0CC665SQH,4.7906947
AFA6BGHQNJZBSW5VM342TSSCPFXQ,B08BTH6VJ8,3.8742712
AGLS3LXZRF3S6AHDXUNPUKPFSFSQ,B0006ZNAZ6,4.729418
AGTY3O2EKBN5YXIM26GX7FDP4BCQ,B09WJ596LC,4.4875455
AEER2N4OMRBWAG7BWDUO2DOVBICA,B09YRWWW7L,4.456891
AEEDYZE7SWKKVMVWYZD35VYCMAWQ,B0BT855NFQ,3.6845975
AFUZR6TRZXN3X2ZRRPFB3BQMI3VA,B08R5GM6YB,4.7132983
AHCPG6UCDD3OKNGACZNLW3EXJXUQ,B07TN2CHPZ,4.4894238
AEQNSBGTU3I3VAIGJUOE56OM26BQ,B099NYHNRG,5.0
AEUB3AAUYNXUO6DFNVU465ED2F4A,B0C3RC7WWX,4.5781703
AGZQD37YMBU4CNUZBI2JU3MLXG7Q,B0BPKH4HB2,4.094628
AG662TUAT4KJA67XSMAKRIIRF7QQ,B07NLKL6N9,3.7510698
AGZYNSF4BAY5PVTF5ZPIUHE7C5OA,B00VOQQDHI,4.9062686
AHXZMBZM7TCTGR6YQ7MI7LEAZ7QA,B07WW5PKCP,4.8663073
AF7S6K2LJFYM5UXGVQ5VVFCGA65A,B0BKZ5NP3K,5.0
AGVRYUDMQMBAJA3U6U7Q4WECPRNA,B0C6HZHZG9,4.948045
AHK3GB2AAC6VO2ZUJV3MAIC5ZCPQ,B0085545YO,4.3787336
AH3ZYF275M4EUI5TZFJ4OZ6DSUYA,B005NZ05J8,3.8463514
AHGUGE7UGFA25SLUIXAHIVGXNEPQ,B07S1SP7LY,4.2924495
AEGNNCCRQPA57ZYBT3IO44I2VAPA,B0BR2HWY75,4.389218
AHEMIIDJNI5YOZXFEFFBQAEY5QOQ,B0B8CWRSFG,4.047672
AEH3PVS3ATD4V36TYF4TQWHSQYBQ,B007Q0C3RU,4.3757157
AGEKML3B3AXH5J42LHHD5H2UGZBQ,B000BBQPBG,3.9658558
AGHE2EDF3FFNNWAVGAQ4S6K7PBKQ,B0BLV556W7,4.6267486
AFDS5HV3F3ONORE7U7PMXMVMZAUA,B0BL8897K3,5.0
AGISLAL2FVA52GBP2CQYQ4TFGSTQ,B0B6P55RBN,4.6259184
AHFKHAG5UQQQGJWTD2C7A6NJHVEA,B071W1J3WR,4.5104747
AEDBU4UHNM6F5BEWRO2LY2LGYAJA,B002G1UT5C,3.3142166
AEYVE4K36ZVU3OCAGOGH3GL3JFPQ,B018FCZKR2,4.173845
AFFCCV37Z32PXRMUD7KANRJ4OBWQ,B00005ML71,4.5892353
AHD6HKJ4CNXV33UEHRJ4VY2ABMTA,B081T39QJS,4.187909
AH7ZNBHNNGX7KN4JFOB53G3Q5WGQ,B07BLKHLPK,4.3161287
AFBBHTNRJHWRCWTCGXE54MJWVX7Q,B0002II66U,4.677116
AFCXJHXCH3WOXI7C2WIUSEKMHYXQ,B088JYK3ZL,4.6610985
AHIE3AXU3OL7AJHSRPSDNC53Q23A,B09KS976VL,4.5559273
AF5XBYLOZUWJLVK7F7ZQDL6OZPJA,B07V3NL6JD,3.733914
AGZYJ2ZZTZUYPVH3JUSEDFY24SEQ,B0BFKQGWZ7,4.4211283
AHW7ETGBKGX6DCG2LBAG5YAXU46A,B08YN4F15G,4.614053
AFRQ5Q5OIRGZ4ED2XWF3CMLZVW4A,B005IHLSTM,4.5138955
AHUPJSMPURGM4QXXHW7VZLHZHITQ,B00CE20J3K,3.6561935
AHA5GU6ZUSCVSK2VNE6364ZRDJNA,B01B1IBSIM,4.3871865
AF3KN3WD7YOQI7G633UMGOQUQDOQ,B0BPJ4Q6FJ,4.411746
AEBGYELMA4BKQPPWGIREPQXDLGQA,B01LB3T45G,4.5399046
AGBUFE4F746573LDJ65QKCODIDCQ,B075R9BMF5,4.0820584
AGZS2D53KAOXXASMVM6RY5KBRQHQ,B06Y19G8WD,4.471937
AH6LYS5Y3M7WNKZ2VVBZUKUNWYKQ,B07HHKV19H,4.748516
AFVMTWBWIB5HH4Y352HP7XS65WSQ,B07CQS5BMH,4.9868703
AGRLBP36CVERCY4ZWEP3EWGF4JZA,B09857JRP2,5.0
AGHIMWAIM6LO7YDHL2CEV6NVRWWA,B07SWF48CY,4.6041794
AHTCW5VTIHGE4NVJRTZ5TRV5PFDA,B000J5WB4E,4.034732
AFLCMXOFCVAMVRAU75DUP5AHXXFA,B002N4GBLI,3.9128165
AGM6KNEL26JNB7DRQKFK5AZZXVTA,B0014STI7S,4.3603044
AEU4ZKO7CCFVXMEKTRVCO5CRN3QQ,B001G3XRVE,4.6703606
AEEFEPZ4HBVZ47W7VUOSW7JNX4MA,B0BHG58G2F,4.9896593
AF4WHAAZO2VKSW6GJJG5R5G2TXUQ,B08H7VTXWK,4.44808
AHQGNHYEMY2THNZXZZJAT3VS4FIA,B0002E2TTO,4.5823793
AHMUAUOHLITDKIKI4C3KVRWIBMAQ,B0BX8VJYMD,3.2802458
AH4RORLGCUXFWGQT2EAB5G7UH7VA,B015X3CXXA,4.362912
AF5BJKEIHNGBPJBFWGW75ELTVRNQ,B07C91JT14,4.391178
AGJJ5YX3GKPBX22A2DKXRPX57MUA,B07SFYY1VJ,4.8831563
AFWE7V3NYN4D7OKBSFYLF6KPSIAQ,B0BKR2ZM9X,4.9177837
AF6LG365X7TL2DPS7HGYK5BOIVTA,B0B3VQ8DY8,4.7818737
AFDSVXNRE2LCL6KR76GDPSVAUEXQ,B0002Z2CZY,4.3449016
AG2CYX4ICATMPE465ZDZ6RQQRLLA,B0B5N91GLB,4.407465
AHL6UZNIFDSOKASI2VECZG2QJO2Q,B017808XKS,4.6961417
AEQ2MOHAZIIMHROOS5VRWJC2T3BQ,B01J317H5M,4.432214
AEEFDB5HGXZPRAVTHRBJOUKMWXIA,B0BCL7N4MB,4.481504
AFOKRVF2NCLL5AUDCDDXVWDKO6WQ,B00EM5UOE6,4.745644
AHFPXB2URVT5XNVXG54QIEM4Z2DQ,B09YYB7MNN,4.6881213
AEWSTSKVSAZIWM6TBKXZRHK5NFJA,B098DLRBXR,4.658723
AF4ANWLDVQRE4MM7UMLBQNFJAX4A,B0C3VVNXPF,4.1379385
AEZXWNGHCKWX74CZNLY5E724HBLQ,B07BQRDVYJ,4.2581286
AGZYM4VIZUW2D6KCPB7D52O7E4MQ,B00WJ3HL5I,4.3675923
AF4F5YORO5MADXZQC63MO65FQDGA,B09857JRP2,4.88147
AGF7GPI5ZHALTTZMU74STRMGRJTA,B0749X9R8J,3.8992336
AHMG3ALUBE3FEBHODTBHP5J24YDA,B07XFNJL66,4.3454905
AE5URYH3HQE4N5WYARBDJSMMWCOQ,B09396NY1C,4.512034
AG3ML6ROY7CFJTLMPJYWIW7KXQ7A,B0BPLFP5P6,4.5893207
AH2ZDSONTKASCAR4RDCD5SEPTPNA,B0BPJ4Q6FJ,4.7593827
AETEDS6HQJWX2EQYEQFUIAHTTJXQ,B00N0EPZU8,3.5669866
AGHQJW3LPG3HCBOB7YWKEYA4KWRQ,B00009W40G,4.3401427
AHMUFF5EOXLXLQW54WQMGDGWVDSQ,B0006ZXFWO,4.4010205
AEOSQV627LGYW2ZHUPCFZTYSSRXA,B0BZTB9B4X,4.7845016
AF3C2LCNGH35OK6HLCMX7RTG3HEA,B08MZTBDV1,4.4872184
AH7EXT73SLCGBJC4OYS3MXIDCKCQ,B07LCRPFW2,4.369352
AG52TGAEELTPZNJOS72J33VALWEQ,B00OGNDKEA,4.13097
AEU6AFGJV7RWYKXGGONYMF4GOGBA,B001PGXIVG,3.603795
AGSAGGYZSLPFCVOJ3XTIUN42A52A,B00L5R5W2I,4.133867
AFRHPTCG4SZVWT7QOV7G6TW3GXPA,B078L11275,4.246103
AGZB437NN6DJ6CBJLPBIO2CG4NEA,B0BFF85D9R,4.1818833
AHWJXB2NGYU4QVDQGXXASEMTCRDA,B0007XRMO2,4.538422
AH4I7EG2GI4L35NZBNZONB7BDYXA,B000TGSM6E,3.7038975
AG6ATLCKETNYRKL6GCQV35CSSGPA,B01N13O0N5,4.360378
AHJTFIUDE3J4S2YMRXGTEHQK6MBQ,B07281RLMX,4.970332
AHMWUDNW4LCB7NSSIZUMNSHYFWXA,B08GZH46GW,4.849914
AFC37H5DNDOQKBJSCEETE6T7JTGA,B09LYNWVPC,4.5679097
AHMA7ASEUEDMYKTWHXZ22SLC46GQ,B00VNSOK2C,4.961124
AG2R6QX4BQPXG5LZLRQMRXMXRLLA,B08ZKGSL4D,4.539393
AGIH5L56GRLWMJ7L4TLTXPN6SA2A,B09WJ35129,4.4077616
AHDZKHRJWZJ22G7JY6NX7TTCEOTQ,B019ONS4TC,4.4961834
AECRFIY3HZZG5KMU424HTLAKDGFA,B08LRFCDTK,4.64876
AGCML7EM4QFDKXX7WKPZ5XXY3PRQ,B07M6B3RDW,4.8440413
AFXGSPUGWEKJENYDNCYEHUOLMPUQ,B09R3KNKKG,4.1521616
AHWPWNFLXL7W4KGXBI7CLXNK7REQ,B09CSNM1YM,4.7408123
AFNPD5FM2TPEJNP3DIHSGRKUOUVA,B08JMQR2JK,4.670652
AHBKIH4KMVEHIWF4ZAES4DZUTS7A,B003VYBNLW,4.1452274
AEFEKAUOKJGCDC6MGYJHGUOF76LQ,B07V2JKL3M,4.61382
AE4VA3LICLS3K5F2Z3EG6YYW7J2A,B0002E3DNK,4.1724906
AHMDBI54P7X4K4YRWKYC2XD73CNA,B07M7XDW33,4.3942266
AH6NWVW3W4RUQ34GIN2XFX5C2OGQ,B0BXX1RRNT,5.0
AGRBVW3SOLA34DPI24SNBQDSKK2Q,B00NPAMDQ6,4.9374523
AFG7DJM5DPJBHJD5QAX7GXECNFTA,B00EB121KG,4.563902
AFFHKWRLXMUNAJP6Q3X3PBIFFKDQ,B0002GWRIK,4.387854
AHMR6LWHM2P6SFZHQLVO4VOENEWA,B0BTC9YJ2W,4.9874754
AENKFLBSFB4IJCQNML2GSJMXDRBQ,B001LYDI6C,4.683211
AFYXC6LKP472MEO5OS2ICSPIUNOA,B087WVJGQQ,4.389742
AESSUWJ57ZQ6VRMWJYR53UJT2H6A,B09VP6F1DV,4.5608068
AHGTJA2GQU4VEMRCUSHCWG6KBVRQ,B0BYXQHW7Y,4.510155
AHZQPH7HHSWLUIQFWEQ54NNKKN6A,B07VPLFNYM,3.9165547
AEVI3IWEFPFSW3XVSOSXOTXUENHQ,B0863H1DN7,4.07032
AHHOVCJCDCAVW23ULQBBAGKUHYMA,B09QM4ZYRV,4.599264
AHLYHY5UA5XWTXG7ZNN4DMYEXNRA,B0179A4ILK,4.6561604
AFCPOLPR7FDDEPMS2ZSJKAPMCJQQ,B0C4DG9Z5G,4.264699
AHRIIQ5JK3SM4KX2ZPCI4SZL23XA,B074WXM13T,4.4739943
AFQRADPBJBT3FQPLY3DLXYDZYNFQ,B075R58Q4Y,4.5941825
AEHHK2RNICHW2UIC62SQB3HMRYOQ,B075Q8WNG9,5.0
AEJSAI4YKNWNMXHTUKTJH7WEBGDQ,B01HN41Y2I,4.4082537
AGGLA4XVPGU3OQSHL4VJ7QD7DEZA,B06XK7WQK3,3.9572666
AE6TYSATATHUCWNO5ALASJCCV4UA,B00005ML71,4.4392867
AEGKJ7WJCHGWAAUC6CRMKUEZYKWA,B08XMMFQ27,4.889437
AHR2T6WRBZHZQDINIP4FEKFMJLGA,B019OO4IY6,4.745771
AGYKBJXKGCM7FUQSK5JSIT35DOJA,B0B3VR19HS,4.9291134
AEMXGB4ZOBCCTEB73OXEDAITLCAA,B00K17YFC6,4.316232
AGHKWLNKR3YTHTYZZCFTKDICRV3Q,B004THBG3A,4.4346867
AEENGR3NSQCF7Q5GDBXAQXWXSCQQ,B007YFWTXU,4.250935
AEBO6XPHTBYVBGL2XXLMTUI5YL6Q,B09S2VB3KW,4.6052194
AEYZ2RBVCX7RAUVJ7ZWEGBCWWKVA,B00L0X8ATE,4.3772154
AGMO25NSI27D64W37GCW2T7W3R4A,B088GN7LPT,4.699961
AHBLH67EE2QDH34EJI642YUJ5J3Q,B07N2WWT61,4.9222403
AFQOJI577L2A64VC676GX457NUXA,B0817CVBLV,4.6011043
AGNPQSAJGJ72E5OPR2NHS4CEA4BA,B07122K1X4,4.1261005
AEQVLVI3JUHYSVHO45F7CJ5NGY5A,B09857JRP2,4.8832707
AFZSMLMBFEZVO3R444YHFYZANESA,B01NAV3253,4.4876633
AEADVMHY7IFFYDMM2IINZGE7UDEQ,B074T1SZGQ,4.2504783
AGVJXUBDRIXMPXZRVHZIL6AFIJ3Q,B07MJVGJSV,4.2939014
AE32OUD2ECEL5QO4NPPT23BAT6MA,B015IJIO5U,4.072107
AG6Y5E4F6CFUDIINMDTXIE4L4VXA,B091MZPYBQ,4.622499
AEVKLTY6WVGWFBUFNPQPPBBJJEXA,B06ZZ3YR46,4.622894
AHBGGY6ZT6ROC5OQFXIBKGL4TJSQ,B000EENO2S,4.599099
AECYDZGJO6K6MMZIWTQA4RTK6QZA,B01EGV6UJ8,4.9082365
AH5IKWFPOCFRFA3RCWSUEUCZY25A,B0BHSG5C3G,4.5719876
AGV2SDA2PDL4BHFY4AQVYRETU3IA,B07STM2JNJ,4.418407
AGQBXAZWYG3Y3QUON7MFLKQPF7VQ,B07CC51PMN,4.7870274
AGB5CRFACFQG6C3OB2TSE5JC5FHA,B00A9K386E,5.0
AE2NWSTL7JJJWOCBKZCZF6KDQIZQ,B0BLZD2X18,4.326664
AFQBQXS26P44XI4LLUZHOQQCVDZQ,B004K1UKH8,4.7140336
AEU4ZKO7CCFVXMEKTRVCO5CRN3QQ,B00GOIC1S6,4.6105905
AG2WY45W3ZZ7FJHO36GRV2VSO6DQ,B079P9LDHN,4.8514504
AHA4C72NXTSR4V2TQQUIBOQMWYPQ,B002UXS4JO,4.9061284
AHMM3SULKEN7UHFRSLVQ67BCKIJA,B01AFHSS92,4.3726225
AFDY3YK7KL7STMYZLEDJ7WYNWYLQ,B0C53Z9TDF,4.432906
AF3FYICX6MT2J3E7RBI6WGC2DSVA,B07KDYH2DF,4.2111664
AGXCH2LCCUKRTTDKCHZPNHNDVBIQ,B005M0CK9M,4.1433344
AFYHLB2VSKHODIMERHWHKEVNEK6Q,B09Q39C7W2,4.893192
AECV7C3OLRHG443BVO7ABZI3GHYA,B07V4GG652,4.204389
AELA5OUVEKLLQW7MHMZ7NYMTOSCQ,B07JZBH686,4.4374213
AH3UBUKNUPJRPZ4MFG4JFE2BD2RA,B006UOSUW0,4.7575607
AFVDSO7FDJY6PZTIVD4GQC4BI5JQ,B00181T20O,4.049969
AH5D4TGHJYMBAAJAQUYH5E2OHAFQ,B005Q1XR8U,4.5700026
AFQ7VJBUAFMCD6WLRMNJVL5IZGUA,B07GFH8NTB,4.910662
AETYS626OQR6IWDN7UJPGDA4NNLQ,B00724YJJ0,3.720675
AHGHMXKZP7RLWP5BATYVEJ2I4TDA,B09S2VB3KW,4.8426385
AGKRNNH3IAWPL4TX5MZBC7TMM7XQ,B06ZZ375CD,4.675459
AHETPYRS55HBETNZJ7ACESF5QNCQ,B09TRX519R,5.0
AEVIFWQIE6IT26354QCYQ3MYXDHQ,B06XK7WQK3,4.5253367
AF5WGXXX4SL4PKFN7AU23HDQWVRQ,B07Y863YT7,3.937536
AHL4CAHXRDV56YKGU6E3OIXIVUGQ,B0C4RBG7N1,4.7377853
AE2ZMLACD5CPEMTXPRPHFHSJG6OA,B09JFZ3CKY,4.034267
AEKBROPSAIVCFRQDXYRMBSY6SHYQ,B075MPFFRV,4.474346
AGAZPMNPPQLZ75YRCHEKYHB65VZA,B0BKZ7LF6F,3.9246225
AF3FXB3DJ6UZ3WQKPBDGWRSYSBSQ,B076346CZ9,4.7611084
AE7HFNHDMZFWK4FQ2NZDBVJ2LD7A,B0BT9R8MMV,5.0
AEKUQFFCCUATJUR242AUVNNEMCEA,B09DY5162V,5.0
AGLM7F2WLHQ4B3PTAIWHKRF5YLPA,B0057FXCOE,4.762974
AFHRPCWEWPAAA2ZVLDTJHDIFR3VA,B09RZR7QYC,4.1525598
AE2BCWBDERZKN3ACIXQQISI3LHPA,B07NDHXQQV,4.7048564
AGIEKLTWZL63QZ7YJXTOGJWADVEQ,B06XZ59PPS,4.927626
AFMEABMXB2346O6T7C7ZCYFGX3XA,B08T13DP55,4.490241
AFH6SP67XWRJPVGNF37PPFMELPVA,B07PSWC1XY,4.45871
AGPS3ATD4MZWB2MNG3GZ2GOLBDGQ,B06XW9MTTV,4.3523645
AHUAXFKMPTODFNHJRRDSNCHKGUPQ,B0B8Z6XZ8P,4.2702427
AGK7YMB73MWEM3E6LTIDR2OW225Q,B0B47KFZCG,4.6727057
AEZPYVYVDCU6K2JBBSU33PGJQGQQ,B0BT2Q355P,4.2998414
AFBHZWYSP7A5KILYEILKRC5HDZFA,B07MDPF4SZ,4.3067017
AHGDGUCZQWIECGRE3LJRI5PLTXJA,B06XGS3ZD3,4.461932
AEYVWHALKMARVCXXX6XJOATQ5LHA,B08XMK3D28,4.3114576
AG7NDDHQBGXQDQLHZPCWYMAWYM5A,B000J5XS3C,4.35618
AG3FOCUC5MJAFY63RNQSRDSZAICQ,B074K56PFT,5.0
AFIENCUIHMROWDUODFRALNXMYGPQ,B01N9V0GV5,4.2264533
AEQNSBGTU3I3VAIGJUOE56OM26BQ,B09FQ2LWR9,4.635952
AE3FAEGMA6K2A7N44AF7VEHMEQCA,B01F7GQ8DY,4.4882917
AFWIFQAR524D4CLYLL7RIQX74JJQ,B093YKC48W,4.1985874
AE353MBNVOAUGAX6GEHR7S7GNMAQ,B08R5GM6YB,4.299455
AFEHPC5MSRUR2QWD6IRZ4KB42VRQ,B01C6YZN90,4.204051
AEHP4UUNN2YJ74TCSRCZ76U2FLMA,B000CZ0R3S,5.0
AFXA4I44KYAST2OMETQBFTDTJI2A,B0B8FSCM9L,4.051502
AF2GNRUCCIC5DYCDJQ6XF45STO3Q,B0018A5R5O,4.373149
AHQPPPWBZCUEIKOIGEGXMBNDWQTA,B016QUXTZU,4.0928183
AFE22TU6VNOILTKLAIRVLBYKYZNA,B01N2W837N,4.04819
AERBXYCVD6YTQ6I2JV2SFSQRODHQ,B000N5MK8M,3.640079
AGYK2YYS35CDU2Z77ZQR7L3IAX4Q,B09QCPLYJ2,3.673905
AGSTYKEKF5C2L4KHWKEKCYZC7Y2A,B0BT862N4P,4.755597
AGGC2NUD4OH4CW2EV7ESFUAAPCIA,B008OEWZ5M,4.5609074
AH5JR6SYFSYSUV3LIPKY7SSMA7IQ,B0BQ2ZB5JX,3.6924155
AHQKFLQUU5UH37DGEKVOKYZ6KQCA,B00LOAASPC,4.6870737
AH3M56TVSIIT635XXCL7ZXR44TYQ,B005ETZBCY,4.2877097
AFUMN3VI5ZJLQ2DDJ2GBRRCH3WKQ,B0B8LW5KJM,4.6188807
AHCBAX4LOMZVVIZTC4FMKDLJTJWA,B0B4RDZ88X,4.1237288
AEPLHCEMDY74XNN6GUSZWQ74YQEA,B001R2O0BK,4.4840236
AGSWTRJPZ7AVS2C33JGND5BQ6SMQ,B0B7C7PYVC,4.221469
AFWUAQXCBZOOS3ATVLTXPMJEPEQA,B07C3BKLD5,4.5928335
AGJY2PI4JDBLJCSAK6BMEBG5FR3A,B0009G009G,4.5651174
AHL4BCH2O33HFN7KSBTIJUHCJYDA,B09SH9C3S1,4.853932
AFFYC346GQWLWCWVTPNBIHK4QDIA,B08DM9NFLH,4.8999267
AH44K3RPIQMVWG2G4EB5FPVIVUEQ,B074KPCGYL,3.981976
AHBLX7LQNWI4JT7YGUE5I2VHGJPQ,B0CCK4YYNM,3.8913674
AHMUAUOHLITDKIKI4C3KVRWIBMAQ,B0BYNM15YB,3.2072186
AF2HAUDZBKQZM5XZ2DM4UPO237UQ,B0B949FD92,4.721682
AF4IJMVZHPMUQMVPAUSENZRJFPBA,B00KND95KK,3.5908601
AEVIDOETQTYGFWUVJGTIDMWH4YFQ,B01AJV71F6,4.4902973
AHZH6A7SOLVJWYYVF7IA446ZC45A,B098PKTTRQ,3.7267416
AGOCJ6OBH4PHTFMTCXSATWY3RSWA,B07BRK2M2Q,4.277077
AEG4UODHFEOZAWUPC5CJVONTQNVQ,B09PWCF6T9,4.3997808
AFVPTT34R7Q5LTSLB36DQBSHMVAQ,B09TXP3FSK,4.8011665
AFEPLHWMMPUHJCXBCDWHIDLE2A6Q,B096K2LZKH,4.3251147
AFEU72LBPQ6KPZM6WG23YI5DURKA,B07L6RCDP7,4.8542604
AFNH3KVRKGZ3RENJGQ5NUX6KNVYA,B016E9HCTW,4.0503364
AEIORZCHRBVERYFCQZTGPTVUYIWQ,B00S9GPS7M,4.1986876
AEA2TT5QTGCAS3N3HRTGKYXJFBRA,B07TWWT1KP,4.3246026
AGIS2VFFRNC2ZUF5LKWZ7TQGTHGQ,B000P1RB9C,5.0
AGMTCMP27WCMMXZ3R3FJ5F4KDABA,B0B8F6LD9F,4.801019
AEXL5EIHZE4PJ22225FWU7RBPLCQ,B0C67HCGBR,4.8406854
AG24A7D2ZL3IT6I4CMXUA2N5YX6Q,B000EENMUC,4.5332847
AGKTBKXWB7TSHCSCALSFSEL36QNQ,B075PXZX7R,4.2162433
AFKQDKDIZX7G5QJH3LDYG56O3NXQ,B00EW5I30I,4.284087
AGHEYBT2KQDX2I32KRBZ7D4RCZIQ,B0011FQK5C,3.9211566
AEATATWIJVRKLZHL4XQBAZTTVWGA,B0853X3VDC,4.7037253
AGWXAKH4744POOCZS4ZOG3WEN2HQ,B00AHL2ZBO,4.561102
AF3QEXJDDPZECUV5SC2GRK2WSAQA,B018FCZKR2,4.1056323
AEAKPSBHSYTSRSGBSOPXJPXFDQ4A,B014ZZW8QE,4.32342
AGT2TLMLIWZOIPRZ4ZANFYICIKDA,B07795XHLH,4.481466
AGRCWLVIIB5CO53366VJCJPGRZUQ,B0C38LLMXG,4.7276053
AE5CG5J32MEINSPVKINSGFE3XUMA,B079QDMQHF,4.904582
AEH7VS4MCJOUSC7774ERGEXJKA2Q,B0BG95DG2H,4.830878
AHJQBCXVWZJZ6KYC75PBDXVDOCXA,B003QTM9O2,4.557269
AFFRCOTU354SFF2TWTMJSVJ3T5HA,B079Z72D57,3.760303
AGXR535FSKQK3R3ZEVM3HZXYQCTQ,B082WVKSNG,4.311162
AHMSDSXPHL3OVE3ESLK5SAYFWGBQ,B0C6MW897N,4.699267
AGG2QQ2TPFEBHWNTVYO5ICVDGHCQ,B0BSCFTV2G,4.999145
AFUKO6YITJTYTXDGLAZHDXMWOBFQ,B0010SHU18,4.072186
AGNFY5ACCGPN76PP73JZE2NKUQ7Q,B016QUXTZU,4.349967
AFUC7GTWCVAJJEZ5UX2FUYNTX56Q,B00PIQMT7S,4.425865
AFB2ANUCQUKOSZJCGY2FWEW7IIBA,B0B16WH36J,4.929116
AF2GDED2NQYCKO2XPT2OIXTMXOXQ,B07DGZFZBK,4.4578485
AFA52JPRDGOBHYA56MQCHTIUPYHA,B0B81FBRNV,4.4070673
AENBPEIFKODS2DZB7JNJMYQTZ46A,B00EM5UOE6,4.9700937
AECW3WUSGA2I4KVJCHZG5XUHXV6A,B08GX2PGDX,3.82043
AEPM4UP3I247AI3TVKGTE4NNR7WQ,B01DE4DPSC,4.7334127
AGTZNQAFNN3NQROPNHH7667W6FIQ,B0C3R6T7K6,4.7894325
AHXKDYQYHMVBVUAPFQGJDEZU7K3A,B01DPCONFM,4.5920753
AF25EHEIRYH66UGEPXAUH245J2QA,B00XHGVHL0,4.241721
AHXYSMCKABR6O4W37Q6YIF6NWVYA,B00C86FA0E,4.1370025
AE3MF4QMOAWZRGCARXHIR73MKI6A,B00B1YOENI,3.9381185
AHDZKHRJWZJ22G7JY6NX7TTCEOTQ,B093KWXYVZ,4.361735
AFNXM5S42H2WOW74OLJHHQJC62OQ,B08BX54VRQ,4.4638476
AGRJCUNI5ELSANQJD7BOPENIL4GQ,B0BKZ3GCGR,4.527588
AHZHDVJR4IYIOXMPRQ35RYKBYKFA,B0010HCI66,4.2800875
AHMO7X3QGRNEGQ7CKZQ5ABAEERMQ,B0757Q45NK,4.942495
AEWAHTRVKR3QZ43JFR4BEXRXCSEQ,B016B6YFDO,4.1067147
AF4DU7X56M2S6NM3SDKVWNMTHOOA,B00BLQ0D2C,4.0956135
AEYVWHALKMARVCXXX6XJOATQ5LHA,B06Y5L3CYJ,4.4395437
AERFFADRI3I6WIWDV3U6CV5OB4TQ,B0C4FTG56T,4.877466
AGGXU6K4SOJYPGW3I7TD3NESEUNQ,B07MMJX9T7,4.3765655
AFSBX23YWCK6UMDKJPDEE3JSHRTQ,B09ZTH7BCS,3.5648754
AHL4QBECTPYZ76BAWTW3WDEPCLRQ,B000VTPR08,4.415237
AGJZ4WKDOSWXXEMCI57NHE43A6AQ,B016B6YFDO,3.8788366
AHBV7TH4Z3WRRKXUIDAOPVUBIR4Q,B0C67HCGBR,4.928603
AG5E6SWEN57XW4VNEED2HWJS3NEA,B007IE5JGG,4.1785107
AFA5EB7XANQVGT5L7JJ5SZW4WRXQ,B07FXPMKHW,4.054929
AGNCFORXDUR6UGNKHMTYXQHKY5XQ,B09857JRP2,4.5378876
AGKRWGW5XKPBVWHIM73U33DMZGQQ,B0002D0JX8,4.124489
AGXY65KBB7VEXRKE5KT2JWNXS7YA,B0C6MBLTKK,4.432033
AG7NTVOQZ5NOWVD3BFPILSM4LYGQ,B0BXT385TL,4.2527466
AEPSSRGHHNMBSJ7ZAU4YQFX6HTTA,B00RVE9X06,4.598918
AE3O7NJGWB7LCFQUAANZSHBUQHXQ,B077VMFY81,4.105634
AHON7PNDSUL6P64IDXNOK6O4U5IA,B00SKI0HSO,4.9107456
AFCW3I4HL6FLOYFDC4PVL6AE4VLQ,B00RVC1UA4,4.4653673
AF7ZZZMFPAUVTL62FVUJ5GACOK7A,B07MQPQH7F,4.682199
AHVI43NDUURIE32PAEBBA6XGXGOA,B0C6HZ2BJ4,4.4044714
AFNNJDGN45QK6EXOWGRSZ4J7YRQA,B0B1SF7C4M,3.9835575
AEFK4A22W4P6TW7ZVV2UJN7Z53RA,B0002E3DNK,4.733407
AEBXDQP3DYUQMQUTAUIMYMOMSRZQ,B01MAYL1J3,3.5168962
AGSNBOFW3OLPB3BAS6IVI365OQNA,B00BVH7C66,4.760038
AF2QKTYLPEWJZVZCVOFYQZA2R54Q,B07BZX9BCS,5.0
AHOBKBVHEAT4KPRVI7TYTF6MEJXA,B0BG95DG2H,4.093123
AHKWMDVIQDZ43FRLBQQ37PY5RLEQ,B01I0T5H6E,3.823043
AGXKROS7PUCF5FTKJP2V3Z2DVI6A,B08XMLRVSN,4.8447695
AFFYSCZKCCXDX2FFF3EBRFR3ZGVQ,B07TDNWYSB,4.4612794
AFNDIHLGOYAQ2LA2M5BK4DLW2JAQ,B0C86HZ22X,4.431539
AFX7IPGBJFBI6ANG5ITI5GSWDKIQ,B00BFN58WQ,4.5350046
AGS2TDMTAC2L4AB277W52RWJNHVA,B01H8E58SY,4.9438686
AFDA7US2RKW23R5HL2DHIY6SDJ6A,B016QUXTZU,3.8356557
AHXENOIUMYCG343UZOHPZ662WZWA,B016QUXTZU,4.146825
AFVYUY54LTCJKKEJFS65HOZ753ZA,B078X58WN5,4.380893
AH6MAK6PF2Y5LOQKNJCZBEXMKYSA,B07S8WR748,4.7651567
AECYYG5NBWST4O77HOD7AQWS3PHQ,B087X1CF8G,4.60094
AFFC6YHF2JNPQRDNCOKO2MFUCATQ,B017808XKS,5.0
AHDALDGFNPUZN5ZQGSPWZPVG67KA,B07YK57N2M,5.0
AFOD2RS4CU7CGW6FE47EKKEOE43A,B004Z0JH3M,4.9483786
AHRSXDWMMGBPIAF7FLEPJHM2VBEQ,B07MCZ9S8X,4.041837
AH4CKDTXBSDQ5HF6EYLK56OZMQMQ,B09G9DVTD3,4.496882
AG4FSWXIYRAWD4GVRIYXCARYASVQ,B0B8M2Q1DS,4.6853843
AHQVTTTWERJAIWXSI7SDOTI3LBOQ,B0BPJ4Q6FJ,4.604318
AGRLPOX6E5PRCUFDB6DHC2TGXLBA,B000F3HK7I,4.9576674
AFO6XWHY7FAH6UL6LXPNPRCHTTRQ,B0BJF97MDV,4.564393
AEASCHUDTX5JWM75PYJW56POA3EQ,B0C6HYPS5F,4.5157156
AHMC24HUJLMQYCPV3L3MFBDGYGUA,B07NQ8X3FV,4.210775
AFW5AUC6SZSAVD66GAKREB7EQAUQ,B000P5OULA,4.148119
AEZG4SHN6EDH7X2I4NPMCSN7MN7Q,B06Y6BCX7B,4.3395643
AGMSWNQ5N6MJEVF6CGG3O5XENX5Q,B07DWY7R2X,4.8252497
AF4WMXLSWQUD4A3FI6PNLZFKEWOA,B0B1SF7C4M,4.2396693
AGOLT3TFBJSH7BN4V3D2M4UJOAVA,B0BG4BZC5L,3.999412
AE7TFCX7HWKKUCNMKUWHNC7DGB7Q,B0006ZXFWO,4.5129986
AHOEU2CY756M4YAEZXRCBZXP3AZA,B0BDL88TM3,4.4421945
AHZVZO3RJZCQA5BSOKX2TRPEEUGA,B0C6H9T5T6,4.298495
AFPJYASOJQKODUQWQSXLU7WPVXUA,B07SZLB9GM,4.5477514
AEAZSCPKLB5FYVXWRCGLX3RFNMYQ,B08F3PSF6P,4.0575585
AGQDHJRFX6KKCS3PD25FWB7E7VDQ,B08JMQR2JK,4.6547017
AFRTXLSLVRLIYMUGOAGX2PA6URHA,B07P2CZDTZ,4.674543
AGQLFZBLL2HTPOLTXLYYRYNYQMDQ,B00O5EKZ9I,4.4965143
AEAMKS4TLLFDJGAGQRDRVWQKTTQQ,B0BGQKNDP2,4.837705
AFHQZEUUODBBUMOO3HTA5B6FKKVA,B008L3SXE8,4.768
AELSEEC2HSNYVGVDB6K2H3CMBOUQ,B00UZ7JADG,4.327669
AEJATLF6ZB6TWPLQFAVF6P7YXFKQ,B00178JDCK,3.6943688
AGDCN7V4CLBI6HR6LQPPGKW76K4A,B017DNZ3XK,4.7207203
AHFAK3G452QCBWIMOQRDDFO3DHXQ,B089XFMQ5W,4.1939983
AGDJTMH4HPG35M2T3CBDUTGK35GA,B07BFZ2KSJ,4.1888323
AESROLI3HHXTGZIJOGBJYE6GSRRQ,B0813D5BFL,4.590563
AGZXN4EM6PCRLAKT4VKOVT2CWJAA,B00WJ3HL5I,4.2657
AHMBCU537QJAK732K33QSX7UR2XQ,B01F6WIX5K,4.4969983
AH2TSWZJNFCFAXVDWNCDUJRHAZTQ,B00NP8GYVS,4.3188586
AELD5XB7WAKU4T75C7K7A7BDCBQA,B082QLTZD2,4.5429807
AHELBGAFUBMQNPNU62HZLW6XVG5Q,B0BCK6L7S5,4.6085844
AHIEDM55SZ5V4UCWULFONXOT3DTQ,B07CQS5BMH,4.668091
AGC7NEILXYL3VBI2KZN3OUZBYJZQ,B07QL29XXZ,3.8239574
AHK7B6UG26R2QW427SGYW5HW4EIA,B07MQBPZG8,4.2781234
AHWD2NSHVOEG4HA6HYHH7DVMC6HQ,B076ZSHQ47,3.9286451
AF6Q4K2NTL27IAOJGCI6TFJQUEZQ,B004XNK7AI,4.3525796
AGIGR25MN37ED7XZL4U3BCARE4XA,B01MRLGZTQ,4.2918744
AETHTA4WA3EPEQMS7KCQP6ZLQLEA,B0002CZZGA,4.209601
AHY3J5NAJ3DAJBXXJPWNNUNCG3JQ,B077Z635YX,4.713416
AG5QJWMXSGR6QK7CTCJKXRD7OSOQ,B0BKR2ZM9X,3.8045
AE6FEBZWJDO4DJDWIDCRXSMFVQCQ,B003POF3R8,4.7851324
AG7C5GJSOGRHGPGT62KAZNJ3GODQ,B07YMGPV7P,4.226329
AHMDWPOFULHEO76MIILWJAEGA6VQ,B01C5TC9LQ,4.743129
AHWKSJ62EEEXSRG3ZHRNWBEXWFXA,B09MNCSPHN,4.798592
AFXXPUL3WUJA5N7OHL2WSCZUJORQ,B009L4VZ3C,3.7111807
AFB4JAD3CWQARKHXOGSSOASYQNNA,B09PBL98Q4,4.5564237
AHMKOZYPGVBGUTG3A5NO3M64WFJQ,B003AYNHGW,4.4664516
AHDWGSLY5F6AL4WLGCL2YSSTJQLQ,B0B31RCL2G,4.5493045
AFPMUO3RPUOKALQCSHLET5YVLMGA,B088GN7LPT,5.0
AHJCDOPTP3TS3AKN3WXVWSQR322A,B09Z2SLPJC,4.239432
AG3PDUNNZGSQI45FEUZEKSPBXT6Q,B01M1GG05L,4.419469
AGKOQNSCJN4AAVPAIGFBU7AIU4UA,B0195NQSTO,4.6420956
AFU6LE4MN4VRK3MJRTLCYLPSRBJA,B0B16WH36J,4.839153
AGBE6ETAIKPQXBYYRAUXXWKKU7QA,B0B29JY4BG,4.916252
AH42LJKFB2OQC2J4MDGC4MQ6MLIA,B0002D0CCQ,5.0
AHJ4JYJ2YIL7JSDDG444JJAQFHTQ,B005EHILV4,4.4786477
AGJAAVMYOSWYRC3HRWGAWHJFS4WA,B09Q39C7W2,4.1468177
AGOIZPY7VKQUIV4QBR6APEELOBBQ,B09MR13TS1,4.418311
AEVQES4DYXCIQMQL7KHTDM36Z6TA,B085RZ5X57,3.9428985
AHA3IJGM6TVWGJBOW4HM4UY2H5OQ,B09PGXJHVD,4.5825987
AHOZE2QEB5JLLAG3FB4BJKGUE2BA,B0B8V7C5N8,4.6515503
AGDEYWGZKNGR36MRO7ZT3AB45AXA,B07FS8N773,4.5514555
AGGGVYN6UWSDL6N37L77RAJLFHTQ,B0B9BP315L,4.9007072
AGGZLLBDARIQDZYZVKDHFNQHMHBA,B0B8L1H6H5,4.06369
AFFD2UVMFK6ERQ5IEVQTRLTJ5CEQ,B08XYTW5S2,4.1940427
AGF2ARUNAO6IKVQHQRZFYC4TU5IA,B09PNF6NGG,4.359659
AEAPGDW6CTHQ2YHAEVPWOU5XDEBA,B09YD44J6Y,3.550445
AFITBSL7YZ34TYWR4E7I67ASN27Q,B07SB4413B,3.9371002
AFCUV5FE3VT2MS4LYAUFHYBQCP3A,B0BPLFP5P6,3.722651
AHNWRU63FXLY6XHTA2Q2WCK3RWIQ,B07JZQBNDG,4.309339
AHQCDCQ5VFDGM74DM7RQ737GTOYQ,B005ZV5K0O,4.327248
AFLHFZVJG5BOHMDGWC3SS32O3YDA,B0012BPMHW,4.562066
AF2O4GMP7Z6ZV7WZGJM5MGT27GAA,B004HZDFXI,4.5515795
AHVDJ54NGWPYG5SIQWJLUP4SESWA,B0812LVR55,4.065607
AEM3RQF4LFUBUJKD4XXSYOZ3Y5NQ,B08VHZ4FFW,4.5588202
AHU6A7FS55M6NEWWY5Y3KQ4OUARQ,B003FXO8MK,4.1631403
AEK5ENP4GNKULEKWEVFCGY3V25XA,B0BPKH7FJ2,4.5382257
AGBG3KK74IKWJNQVMQAGVBWJ7FAQ,B0BW3BKL4K,4.907203
AGGCZSRBYNP7SGYHFFHXV2V5FJBA,B000RYUUD6,4.6245046
AHWLYM4ONOHUGDWONJ4F4FTIGAMA,B0BGQG84Y4,4.046554
AHG6A25NEHTHEN5ZY2XERTRYUHWQ,B09N3K3KGT,4.7934947
AFZV77C2B43TKQSJAH54J5CIVBIA,B002M8GBT2,4.615341
AGBWY2Q4KM2IH3WA45BSPOCKRJOA,B09R6GDRV4,4.141441
AEGNQC6SO5SG7UUQ2CIYJWG2YU6Q,B07CRLJWQ9,4.3335414
AHPKSVZSZ2AGO4Y7ON2XSDC6OF5Q,B075KNF6GZ,4.36525
AGSH3BOYIC3UJLYIAUDLNZYTXFNQ,B00QDHK69O,3.9421525
AGYEAB4XOJZKJBZFGFQPZSIUL3VA,B0009G009G,4.3516173
AHXTZ6TQJPPTLUPDXLS6DNAJ6GYQ,B00EBJ0JPW,4.420524
AGKO5OGFXXCN354PFOSNIXFTYOXA,B07MZYNZ1C,5.0
AEZOQMNB3BOUTZIFWDELZPB3JXOA,B09BF8XDF4,4.50058
AFMG74ZXHJ2XIJW5OUELTC5KRPKA,B06XV9J1DD,3.9305267
AHCXKCUYZ3EHECVF4EP5FMVMRS2A,B07CL6Y82R,4.8583813
AE2K2JVGQP57HIPAXURIFLXLJILA,B09NNCSVQW,4.252894
AHJH4JENJNV2WIBEOIXHQEF2GQIA,B0006NDF6C,4.0822773
AHDTJODSAMZBYCCS6I35H4V452UA,B07G4H21PM,4.2404466
AEORHVIBAWHUO7JWEGFDVP3Q4Q4Q,B0B8Z6GZZ5,4.3408303
AGY7CYYTVW3BXZMZKVJ43LUEN4BA,B00BVH7C66,4.8647456
AG6UNPDBZCRVEBYEWGBIKOX7FV5A,B09PWCF6T9,4.54656
AEQJJSAZIFWJKYQUGL6P7KR55P6Q,B0928HW2P4,4.6941195
AEJ7S5C53PDEYNGKTSJPCZCT3RZA,B0C5PRQ9K6,4.607649
AFA645RBPM3DQ7M456ER3ACPTPHA,B07C9LSNQK,4.9307466
AHX7A37P6PKOD7W3PHI7OASXEOZA,B0BGN92PJM,4.560015
AE3NUJULISR56KJZB6XPD2KO76KQ,B004TPDHJ8,4.4725056
AED4QB2WMSEKWT5RXAVNI6YHOWUA,B07QLGB4D8,4.8623085
AGFNIFCC5UDQGL2BN727UV2Q3ATA,B001L5U0Y4,4.6036987
AGVT5E2C6WNOCFYSLOCPAPBJOIKQ,B06Y2W66F5,2.8256621
AGFSPZ7XOYCABXF6VYXQVWQRMO4A,B00PZGTVAE,5.0
AF2QKTYLPEWJZVZCVOFYQZA2R54Q,B07RBZHDT7,5.0
AGH4UMD4PDQ2J3Q4PYX627TKEJZQ,B00PTAD7QU,4.609539
AGXY65KBB7VEXRKE5KT2JWNXS7YA,B0B3QHY7GB,4.7460227
AGWSL6RCSUEPR5RGTVMO5HERQUEA,B09M7D9SC8,4.161977
AHYAO24VSRJF47XSA3XNLHHDE4VA,B07QDN6Z83,3.9827273
AFYZSWEYWH2O7SZ3XROG6DYZ5SBQ,B09PWCF6T9,4.029767
AHOFZCHFULZ2SZTOXOCMV6FWHMAA,B0919HG8S7,4.281934
AGFMFD2HKXUJZ4UTF7DCEVCMUTKA,B0C4QX4CQJ,5.0
AEOGO4EUQ4SODCLNQAF2QE2246VA,B013OFJVPW,3.7542803
AFZNG4THTEUTZC4XDEJS3U5WPOHQ,B06XW9MTTV,4.3633327
AF65N4WSTNBO2V4VJDML2RE73ROA,B0002OKGNK,4.8001065
AEUMH56TGXJR2KRLS2OTNPPLJRMQ,B0025V1REU,4.170401
AHLNHRYQZKCISQM4XMJMA2V5MV7Q,B09198262S,4.4182396
AEYSYCXFIB4OBSAJ6DXVYHD4JJIQ,B071NN4WSC,4.47006
AEYB2G3AM66RHK4ONMQYWVLCI3TQ,B0178QB9I0,4.484488
AFPJLBVVR6SLETMKYKEJ4FQBJPTA,B07CBT4SYD,4.85848
AEL6LHHM5XOECBA3MAPB32W4DLOQ,B0002E56IA,4.655116
AGSXFQ5EIJKOWUWKGK6VYAOJXXZQ,B07J9JR6VP,4.014087
AEVQYOU7JYIXIVXIUDRSOSGWCGFA,B00GESEQ4S,4.2021403
AHEDE2SI6D32L6OKL6B5QCB42ZLA,B00WHLLDWO,3.5310133
AGYSS3SBEZELT25CMOQ3VVAJUP5Q,B07FBD8F7C,4.450036
AEB3X3OFSF6CY2VPUN6NN72DVZFA,B00DY1F2CS,4.2800922
AHTUJMOFO73XXJHADHZ7JOZ6XNLQ,B07CRTCXDV,4.159791
AFIMPB6NJRER6XOJECJLPEVZ376Q,B00ADHKKZK,4.1146026
AFFMTXZ6ZKG7PV3BO6UKZBSLXYPA,B07MMJX9T7,3.4142773
AEJLELEWFD3SNKK6ER6DDUKRCXNA,B01JJP7NII,4.49497
AFKLIW5727DBZBNQ6R675TM4VRFA,B0B819R6CN,4.6936574
AEGGYBBQ5FVWI4QGTTVB3BTH37VQ,B077C5BNJB,4.883363
AFQ7VA3GZLNTRUXFYOTYZ6YYC3PQ,B0C5BMZ1K9,3.90394
AGVRLUFL4ZEIFPCUS3MO3TYW337Q,B00DD5WWQE,4.6137347
AG3LFN3BICH2V5RPI2XFRKQSEDZA,B077Y4J6LK,4.5216227
AEEXUQ2ILOMASMA47VXXDCJAHUGA,B01MQKIZ4M,4.4800205
AH6RYMKOBLZISW2TKST2EI6G4PTQ,B07KG1KPT3,4.759753
AFD637UMCLE7CMXD547PBEXNAMWA,B01DN7OC00,4.696037
AGBW5G33ZMRHXPLAK6BF5GZGTUKQ,B00H35YIJE,4.8342376
AF3ZZBMYBGPUI3O3RZXBSNH3YEUQ,B07MZYNZ1C,4.5372624
AGEK2Q27LYVZUVUJLUCXSYV5DANQ,B081JR2H8Z,3.9299688
AH3C54XADC2RQX5D753WWL4DNYGA,B0BMZ3PZ3G,4.360781
AHDZKPPKUT7HD47LXCBN7RQNN6KQ,B07STTRGFW,3.9128542
AEDK5T3VBOFLHQ5KJCGL5YCKI4PA,B09DR91XCS,4.2285686
AGVWNNRU3RCSDNTOJ6DCFDIQSYLA,B000T9L7W2,4.6663213
AFLSR6TUF3KPOYGNIHXHODNAZUEQ,B0B4S1WY6K,4.5672755
AELBL3GHBDNBYAXPFC6MNPPWG4YQ,B017DNZ3XK,4.6380634
AFQ3MI5EMRY3KXDLZX3QHEQVGQOQ,B01N9V0GV5,4.064207
AH4A5EHENGUKTMJ7CT4TP437BAPQ,B000ZMYRJS,4.096677
AHST2SDR2IPRKGNB47AKL63MKKCA,B09R6PRMMY,4.886372
AGBW7LZUPMPOBV4LJ7LO3TCTRVLA,B000T9L7W2,4.609295
AH6RUAIDE4DPFNXNDON6QRLCEQDA,B003OYOXDO,4.7730393
AEJ6PSXEQFQXW6PSSGOMAHGT7YUQ,B09B45DLQG,3.9201732
AHRMYVXZC7MK5EBIO2XL3Q2GGEGA,B01LW9BF92,4.3998513
AHTVJL3FJH5CHBAPBR6EPIGJZOEA,B002YL81RW,4.190082
AHSA453Q27HVVDN3XTR3WKCN6AQA,B0BT855NFQ,4.7207522
AGKVCWOKPPT3ODIMW2QZPX3BKRQA,B09MMT45P1,3.7142801
AECIT3NMW6RKABFS6YOCYX4YUYOQ,B09M78T485,4.170684
AFIEQ7BNYXBQTLYIJRTBNKWQTKEQ,B083J614C5,3.9164805
AER6WLSJPBPNOZIQWVHQBVOKTNCA,B0BSGM6CQ9,4.32595
AGFSF44SBWIXPONDUSNCKXDJHYNQ,B0BSGM6CQ9,3.9799275
AFPPCR5EZVS6J62MTQLNUE33LTVQ,B0002GXPRM,4.042674
AHX35XPY547VAN6XET42HCKD75HQ,B00OGMD0VE,4.2278824
AH2KNTQFU4DWMQIMTDLFSMRQHRYA,B07M6H5RM9,4.512603
AG2ZGELVABDJPU5S2YRWM6EE7VIA,B01NBP7MS2,4.181368
AE7GVDNRY5NABEP253Y3GMDUZOZA,B00CPLODUU,4.2470865
AEJW2SZLBG45RD3BL5WOZQGLGF3A,B0BKZ4RCV3,4.350841
AG6ADHHJ2MHUP3ZBBTGMZVJ47Z4Q,B09V4JQTN4,4.5720177
AFMLPEM5ZNCYJ45CZZ7K7GIR2LIQ,B07MTFY4TL,4.5575643
AFJXFJ3DMG7IRI76BBIBCY2HVLAA,B016QUXTZU,3.9735641
AFFFDZ3YLAYSMDK356X7KIAJESXA,B000BBEQZ8,4.479145
AG3S4FROO422V5KP7DJCBXVUQLJQ,B0179C3V7K,5.0
AHMEXIGTXRS4HEO2VW3GEQITMMCA,B01CBC5ZE0,4.533338
AHWUG5BIUQWHO6KPODY2QJFFQYWQ,B0002M72JS,4.434976
AHMVEVZHJALGYHHVMDMIAAWHLUDQ,B0C6J1X7TD,4.3236217
AFUJ72Z6MXB237FUGMSVQJFFRLEQ,B096K2LZKH,4.789781
AE3MLVJ2OOZ3WLVKQG42G3AQ2KZQ,B000PAPO9W,3.206873
AE6ZV37Y2BVKSZCMJTZOK73AUCJQ,B072VH61FV,4.8327794
AFH7AQN4DHER236MDPEFHTOKFKHA,B07NWZSBF3,4.8698754
AFABFPPQO7PSIFNQWK46LY7RREGA,B0BTR12G3V,3.9825966
AEKMNAJE6DA7ETYWCBVCOL3YCPIQ,B00N4ZHQ14,4.8035216
AGVT5E2C6WNOCFYSLOCPAPBJOIKQ,B0CBSQC51Y,2.962747
AEOQMBKMCAUY3EQ2CFEYDB252GPA,B07DWY7R2X,4.6904006
AFHHXA727PPOUUVXOSYLR3DSIHMQ,B00HH62VB6,3.964404
AFAP7A6P3TICUUAOBBRXPHUXNCZA,B08C2TBWGV,4.476229
AFBOEGM4O3PNLUVYWVDCLD2FJLUQ,B0BKZ1G3P3,4.7298636
AET4U35AEFIVWAGCKF4KVUAQXDRA,B073XXLVWT,4.2705774
AHR2T6WRBZHZQDINIP4FEKFMJLGA,B00SM1IWHC,4.5234156
AE72GJCOI37UD7IOD67B3XZBD5NQ,B0839119FS,4.2525373
AHUTJQWZUJEBOJOFMRJ34TKWOO7Q,B0B81HB47Q,4.662861
AENQIPCGFGPVCMZYAJK7LIBIZNQQ,B0B2Q55RM6,4.472814
AEV32P7R5QEYRDR4DXX7F7V4LOUA,B07N2WWT61,4.6105266
AGRE76ZT4VB7Z2BIOFV7WVHGIVQQ,B0BRSHC796,4.639285
AG7R5DXVDILMBIFSFDT7PIUWIFQQ,B09857JRP2,5.0
AHUWS6MJOUVKCRS63HJ4LSB56OPQ,B01AH3RSAO,4.5909014
AGN65FCMRQSRXS6PWIVSUYIDZXFA,B081592T7F,4.5901237
AGMNAMH77QXBOAWQRR62V3NMOZ5Q,B0BVLJTMV2,4.3979235
AGIVMGPIL54BA6GYBNOWNUZUE2TA,B001MQ9Y5I,4.897529
AFXXPUL3WUJA5N7OHL2WSCZUJORQ,B071G734F5,3.6801932
AF4RVRGYJTFGFSMAXGB7KCSUTCHQ,B01LKYTQOK,4.864362
AHHGHZWN7DV5HP3CUCZZLRV7RB4Q,B016QUXTZU,3.7621808
AENL5UR65X7N4Y4J5DIFVV2ZAJXQ,B00721BB44,5.0
AFL2UCRKEQUKNNO27IUNUDKTZN3A,B004L66AM6,4.963874
AFFEOK6DMOUVS5IK4NM76VPYXA3Q,B00DUKP37C,4.42668
AGK6346KRVUN3QFXSGWMWGZTR2UQ,B0BK6MQF3Z,4.059906
AEZWUCUVYKFHY4O2XE4DVDHJYKVA,B00HF07D6M,3.6720471
AGY7CYYTVW3BXZMZKVJ43LUEN4BA,B07KYX3S8X,4.9665213
AEQ7VNICYNT6W6MCWGQOMFNEQ2ZQ,B0B8Z4YV4T,4.310445
AGUIWCE3TEQX32UQAXRPKSM4Y5CA,B074FL1CP1,4.535001
AG7IN5L7BFVBNE2TNWW3P3A5RF7A,B075NTZ5CK,4.2700157
AFCCN4LECS2S7CZ4CHXK33YXY7IA,B0BPLFP5P6,3.9718103
AEGI4CAWOBX4MLNWUIY3IP7CNZ7A,B00ANTTSFQ,4.9536667
AGT5BUYMUIX54NNCXSJPWYNJ7E4Q,B01MRJUB7Z,4.745677
AHQO2Q2Z66EGYUYBELDADP4L2XEQ,B00K7VDMJS,4.483007
AH5CRT5ZT3ESMYJUVDIH5RZPH2BQ,B00IFHCOAE,4.4204297
AFQ54FLISLOLXO2GO4EQA5DS7GBA,B0C6J1BN77,3.4347897
AHI6DFB2N6SA5BR3CPLOCCN77XZA,B07YMFXRX5,4.513591
AEQZFV6M3QLDV2IAFVDGNM7CNMTQ,B079TLFL33,4.4023633
AGKDT74ZP33B4O6LY76GYKMUZGGQ,B000V1K7FG,4.2681937
AHAIHFJL6RGSQRFSI7RXMRJF3VJQ,B00646MZHK,4.947647
AHP7C5XFGXHJQ7L6BK3SNPGOPQIA,B005A09I7Q,4.4853253
AEPPHMNCAV77NB5KRFV7NKMYYXOA,B06ZZ2S6ZS,4.574252
AGAO3DXMEMNWQ475FJA6DEPJDM6A,B0BYCG24L7,4.1804867
AGU5KKDWKCVSHEQIKNRI5HLGSJ6Q,B08BJGBHN7,4.3949504
AEHLM3EAXPMXVEZTG4F6ERRRLOMA,B01M6C8X57,4.4979496
AHXMKLMWQVVRA6IAKL63EK7U6YHA,B0046A04LU,4.6459227
AEWL6EFLEQXOQMB77RH6GKOG6UWA,B003ZKLP4W,4.679715
AGFYUNPN5IMCAN7C45KXDXYHNGCA,B076PF19FQ,4.384974
AEVIHE2VEXHVIUYQZLYJREFCQTYQ,B06XDBGL88,4.6735272
AEUPIYW4A4SYHXRJAGEP4ZG6YPRA,B077GH8LF6,4.537223
AHGQWA6ZHRH4I2PIDDXBWDI3CTRQ,B0C67HCGBR,5.0
AGLNBCX3AKNOFAANHVU4V6YKPQSQ,B0046LGS0A,4.029573
AEYML2YFNYT3MWAD23KAME7HQUHA,B079FGN89H,4.1026926
AEFLZATUAA6YR7UNZXMP2UKIFQ2Q,B0B5D7JW6B,4.3080373
AFRQPDPDS265WAXYUCEBRM5DMAOQ,B076ZSHQ47,4.6523046
AEHC3XG7CT7UP5TTPFPWIOG6ACDQ,B0BTC9YJ2W,4.30668
AGEUWSL3XES6EGG2B43CDIEQRYRA,B002Q0WSO8,4.251485
AGQ4NTOQIHY47KVMCWOHYFYFQ6KQ,B0C5D8X3JT,4.744073
AHEJWKUYOCGSVI5KTPKKGCSJV2CQ,B019H1STZ0,3.7035394
AFSIFH65UCU5GE4GK7AUZHWUVJRQ,B0BXBFG6BX,4.960814
AE6PYJX3K5T4WCDVMYYA6C2EA7OQ,B07BF7ZLKY,4.1692724
AF6HBNODXC27WE6BRERWS42VWW6Q,B0B6P55RBN,4.4681435
AHHZGNO2E4NAIBOKZ4CP4RMDHONA,B0C3WPPB5B,4.202944
AFID5ARIFYCNYC77W4TLN76YEL2Q,B072JVYTHS,4.5065517
AFJSY47SWGUSSJWPFEY4ALCI75RA,B01ISNU3X4,3.9040203
AEATP53UFSJQN4EWMZEG6TPTOBHA,B00IYGR316,4.3641915
AH5PPNPBIL5VFASDP5QMDCUNXRPA,B01M18LT95,4.841741
AF6L5ZQD3WBL2P7ZN5VAFMABWMHQ,B0BKZ66FRY,4.3694067
AHETLAZWL7T3CFUQNU5VJIC7R6PA,B001HGOXDG,4.6957064
AGUJVWL2H2ULK24GNKGTM7MBQ5OA,B00VMZLCTA,4.4530096
AE6IC2GMOK7D5GKCYMFBS47XYRZA,B017NT392Q,4.446343
AFWHS5KMUDYBCMWKOLSLZZJR5HDQ,B07PPHHG34,4.5438766
AH2M5U7UKPQPDMMU2URAUE74Z4MA,B07KVV674K,4.162999
AEFK4A22W4P6TW7ZVV2UJN7Z53RA,B0BG95DG2H,5.0
AFJBPPUHABKT3NK4CCTZGI22UDVQ,B07BMWJBY2,4.509244
AGUT4BSZDABF2TKPWTP7QJTWARHA,B06XDBGL88,4.886102
AET4IUQ2PMMKZOMRGNCTSTEGKQLA,B07BYGWHZ3,4.749263
AFSMS2MHAVKJDLOK3PHV3IU3YSSQ,B00WJ3HL5I,4.678779
AEKF2YJ5ZXHTZEQSF7ALVYR2VJFA,B08R5M2FGY,4.653866
AF62AMU6MZHZQGKUD4N2TIGO34SA,B0BCXMFM46,4.4286337
AHECXORNR3TAFF5SXLTY5EKCRQ7Q,B01DK40R3M,4.267283
AFBPLMDM7IR2MY4EH7BHUK2AVPNA,B0BGMVH3GS,4.468851
AG4ZLTRHVAZRU33BPY5Y643IZXPQ,B096K2LZKH,4.914969
AHNG3NRGEDYO7E44QMYDHMBADPBA,B0C3Q29DML,4.5456715
AGSVLMHAE6DKL34BW5AJANZ2HP3A,B09DCVN1M4,4.4206243
AFAMP3QF2V4E3VOFKBVG7KMBBJEQ,B0BLM2DG9F,4.7896714
AEYPLXPGNUKJMHAPC3GONAXBIOSQ,B09KR857F4,4.545425
AGTD7IKL26LTOZAUHBEV5JEQJHCA,B0BPKH4HB2,4.4302464
AFBHZWYSP7A5KILYEILKRC5HDZFA,B074KPCGYL,3.6889143
AEAO7MGTW5ZXQBBPPW7ZW5JU7OFA,B06XWLXCFC,4.0055456
AENU4KR3TL5KDFNSL4U5BG7RRN5A,B0141IN4CW,4.8316813
AGHECGJA3S5TVQGZHJZREKKIHPIQ,B01J9AD1GQ,4.5624466
AE6BRKNVK4LQXEDHYKHPDDEB5U5Q,B0BPLFP5P6,4.3974695
AHZDRM3HOZLSWFXSQ5P3BFBB5O7Q,B00WBCBQF8,4.7580175
AE5D2G63BJ3IOHMYE7DT5DTSSMTQ,B076ZSHQ47,4.6013894
AHIZ52ZDJJRFKA2Y3AYLOLRJDSZA,B001D2TPZU,4.186407
AHDEDVH2IWSYQR4Z2HHY66EHXWIA,B07PPHHG34,4.554083
AFKQQ5JGFWT6YINVGI6NVKPR7QNQ,B00WJ3HL5I,4.6204996
AFGQ5MDMML62FYXYJSFD5QJ3M3WQ,B07DLCDT3N,4.0642924
AHEMAURZYRCARVTVF6CQYTYE4I4Q,B0006LXW9E,4.5090995
AGMPCB3TGA6MNNISDWYIOGQETCWA,B07DLWYV8D,4.558503
AEL77WRPLWQFXSFTPQQIBLHS362A,B009AQZM30,3.5500546
AFXROWEZMRY3EHZFCIOF27DVOGEQ,B08R5GM6YB,4.135232
AEAR7RK4H75BYXFVGZKA4MOCFDTA,B01K1EJQ9U,4.6647544
AG6XTTBGDOTVNHT22X76U27Y34VQ,B09DJVRZGS,4.658958
AGA5WK3RYRITT6YLBM2IZWORS3LA,B0BFKQ9QXD,4.403247
AEKIL7TYYHSE5YRHA7WLDVCHW6PQ,B00646MZHK,4.371454
AHKYW62DZ3QJE67TO2PKF2NR6FJQ,B005A09I7Q,4.4544106
AEFDYT6GBQN2D7X2ZHHZT63EPIRQ,B07M81HC4C,4.6056404
AGTVZ7ZSDMTEDLMJGZRC7RFJNDWQ,B00CIO6BEA,5.0
AEUAXVAUWJFDX44V2Q3OZFFYDZWQ,B000CCS3UA,4.2536383
AFND4WHBO6MV75PBKNHCBFZK6VWA,B09MSQBZFJ,4.335977
AG5SXV4XRKBOZMKDGST7LB3C643A,B0BR2VHR6T,4.4367695
AECFGXLEX3SU6D4T6C55X2NWMJVQ,B01KPYGBR6,3.2413526
AG4WPSHRJ7W4UF6IKZJ2FMYUVGCQ,B0B16WH36J,5.0
AE6IXMUN5V3WECZERXLUQTKPK6YA,B07PPHHG34,4.3963556
AEXUDYZQ6UWJHNPKVSVI3FI4IBZQ,B0C67HCGBR,5.0
AHEMAURZYRCARVTVF6CQYTYE4I4Q,B07KDYH2DF,4.7559857
AEALTR3WRLHHAJKW2AHUSVXM4HBQ,B09396NY1C,4.315836
AFG4ECOVR5MACEQKTP4CMSKS3AHQ,B07N5J3GTB,4.5539308
AHYGBZX3XJDZUC7A7VNQATLM3UGQ,B018FCZKR2,4.8215475
AER5XQROGISYKN6ABH7EAK7OHGTQ,B071J3CB4X,4.3595433
AG6HOO4VHEZGO64JCVOGXTI7OPAQ,B0002CZWRW,4.3972354
AGKBMYYKA47EVKHM65BYZHTARYLQ,B07Y9X6YZ5,4.8292847
AEGP5AQJUETI6VTX3ZFX33KO2WPA,B00EB11XTQ,4.996386
AHXHOPYV5ZR7PT47GK66FJZIQBEA,B091C1BDYV,4.1239057
AFNX464EORGQMDR2OGWOLWJEHDRA,B087PWLP4N,4.390391
AHWVLFKCGMR3ZBOMSNM4LWQINLTQ,B01KBCUPFG,4.3759146
AELUT73PSKWAQ3D5L6SDD72TCPNA,B00VSYN25M,4.0808325
AGDDHRF3GVF7FXDLXU76JCRKVB5A,B01E6T56CM,4.068451
AHWAJPIGZTDRDSCOICE5YWUDPJTQ,B08R8FSFRB,3.785162
AFVCGMPCE75MWLFYLYN7ASTQEZ6A,B0BLM1W9XH,4.3236036
AH7IHB7THIV6KVXC5O737F33WHEQ,B099NYHNRG,4.238438
AF2B7VXJHVVGGI2GPZVTRPWAI5NQ,B0C3VVNXPF,4.6512866
AE2YVL3KUQJM645F4OYOEG4EVHIA,B004W7ZWB4,4.378996
AGHPBBUCMU72JNN57OKEFJ472UUA,B000RXN6XI,4.9123588
AEU53MEPI6E5AEKW6SQH4J2HR4OA,B0C4FVS3L7,4.924073
AGA76RB5YI46IRNJFAIGOCGHHF3Q,B07L5B64RG,4.060225
AEJDUT4MZ2N5JQKUCHABBP3D22VA,B071G734F5,4.617599
AHINVBXOV747R4UROFCTCE4CQTHQ,B08DLK3GC9,4.607917
AFRFYELVMFERMILMAIN3NY7YOPSA,B00N4ZHQ14,4.2658353
AGN7KMV3GSGCBANTJAKIHDQYEFJQ,B00743L6V8,4.7473063
AFN2EUCH43NLAXRSCQTS2VWAXVCQ,B09PH4DV67,4.0668507
AFHER2NWLJQHNQ4BRB4NZAG46VCQ,B005M0CK9M,4.2870317
AEIIRIHLIYKQGI7ZOCIJTRDF5NPQ,B09895PBVZ,4.2690077
AGOGNMQ567OLCAP6QHNF3Q37FUCA,B01M4ICDNE,4.6994853
AFMX5QJIJMQUBJWDE3CSQA776X6A,B08R5GM6YB,4.461295
AE3WYKKSK5ZZ2S3O7KHSJ4UKG4CA,B07RK5HF9D,4.364209
AHH2UCSRPPENBT7U5II5HKFYV52Q,B00FC4YTZQ,4.4739795
AFDBGQ77DIENSIIBMKK3HM4X52DA,B014W0L7ZU,4.6475306
AHUWTBLGZWOIE4OYFO56IOXKJMOQ,B0BXZFS2QH,4.682096
AEG3P7S6QTKVI3P5LQJRSS665FOQ,B09G5QS1VD,4.271836
AF6ELLW7NT5WNL447YQWXJOFYLUA,B08PPBGVK8,4.5321
AH5S4XKENHVECUH4CNLWHQYIP2NA,B093YKC48W,4.3239436
AHFHIEY2BIDWDNA46D5W7RWFX24A,B00WFHBJH4,3.81816
AF5JOUT2RD3EZI7G553AWPKGDGLA,B07BSZNKTM,4.4732423
AESCPQD5RHHP65UTHAGCQDE7BUAQ,B08NSVV6FZ,4.445021
AH342PH6NCKCD5UMGQRP2VNTBS5A,B017KFVBGY,4.0717554
AHGYK6Y2LA4GIKZURFNWD2XXEJWQ,B076YPR9PH,4.238469
AHT7ULEGSWNWLMFIENNTIELDXKUQ,B0BX8SSNYP,4.488986
AEQD3ZBLPEQEKPSKXQDLDFPGK32Q,B08Z5ZQB7F,5.0
AGWWCX5J7MNO6HLHGPDUWISE2SDA,B00Y0IV8AO,4.2356753
AGEKML3B3AXH5J42LHHD5H2UGZBQ,B06XHYLXZ8,4.213462
AERXAGU6PAY74OIAVZQKU5ONB3NA,B01NAZMWZK,4.6123776
AHW4NQZJXTFN5UHC3SDKQPYTFZNA,B089QY6YYQ,4.763405
AGOFEC5HKNFNOGAMR6ZDACVQOFMA,B00356J8KE,4.4297724
AF6Z2TQ5BOCRCNQUNPUBP5XCYZMQ,B081P1SQGG,4.90821
AF5UYSBQUE7CZYB4XX4P62KIX5NQ,B0154JSY68,4.0247307
AEAXMPFMBBZTPBSGKDGQGBOYXDBA,B015HG7HMA,4.2950263
AFKMRDJ3QAUQB65MCAQHLKTJNPPA,B0002GIVIK,4.4065504
AECH7O3ROJKU66LUU6S6VLO3EAHA,B008TNAHX0,4.2192316
AFXABTTWQTMQTCFESJ75437ATYXQ,B07175TMXS,4.5287313
AE5CFFYYB6ZF5KWXQDULCTXOUSNQ,B0BLBZDZTX,4.4358897
AGR2HGNGBX6TFVFHQFKXRPP4B22Q,B0BJ3BBTXH,4.790245
AHSX5YF55LYO3M2ODEKTHCHGYQ4A,B07N5GZ2MF,4.6238713
AEHVR6WKEXENV637D3LEOOBECPBA,B08NYZM99L,4.081427
AEUGRGHOWY23GCKG6LLYUJERZBQA,B0B59363YK,4.599109
AH5E2TAIZPV7HKZ3M3S44UIQRMCQ,B00RVE9X06,4.2078953
AFZV4SQHKPAL65VYRSQSKUKWMXXQ,B0BTC9YJ2W,4.694708
AGXWBFBAKLMJWMQIC25BQF3IU7TQ,B08MWSS6SL,3.618842
AHVKGDD2OV6WLV2KGSSVEGRHZLCA,B08DBDD6CM,4.5136056
AHEEE2KB2EVXIUCUXEVKVGVKJIGQ,B07NP7HF7X,4.437904
AE6BWNMYSUWC7KOOGI4IE475U2LQ,B01J5A06OU,4.4632516
AEU5GN766HQJG2WCFWWLJSL7EPTQ,B00ADHKKZK,4.374637
AG5UQM2HGELE5HUDREGA5BDL7CWA,B00HU25WSQ,4.258287
AEYQWVFYGHQ6YRM4NSMCPI544CPA,B09XQRVFC3,4.0601416
AHZWCCGZFVFQCXB3CAFAIKQZFIRA,B07Q6L4YMC,4.6207976
AFNR4DU37IAIYRYQSCO5LD3SR3OA,B07ZPSCW5K,4.5487914
AE23LDQTB7L76AP6E6WPBFVYL5DA,B0006V6SB8,4.680818
AGRBVW3SOLA34DPI24SNBQDSKK2Q,B0B44VTPS1,4.349408
AG5ZVXXHEXDYUUODSEQC4XXV7DPA,B01ANNNKMI,4.6706443
AH7BTSFO77CNNKQFU7FBWTV5DI5A,B0072LXG2Y,4.883773
AGCML7EM4QFDKXX7WKPZ5XXY3PRQ,B084HLG86T,5.0
AHZCVYEEYWXLFNFDYHAWZNTVW74Q,B06XX417G6,4.384875
AHHXUCKVUSI7A5ECJMAV6KU2HOHQ,B003YJQX1O,4.4266286
AF2WT5HLSFDRZLZXCMBQL4DT2FBQ,B00N4ZHQ14,4.6091237
AHMNA5UK3V66O2V3DZSBJA4FYMOA,B01FHJLE6M,3.7843916
AFONTBXNXRGS5WJO57UBKW4A2UEA,B0B24RR2MV,4.451341
AE2FR7SKS6WTM5HLF6Z7JAUJEYLQ,B09YDBKT7M,4.1439915
AFPFQUNXMIBSHK3ESA7RA4CCB6MQ,B072DXPHC3,4.508637
AGBQKWXYGWQUURLKTF2S5FPTJF4A,B010NAIE1I,4.5985894
AFRX6Z2R32E5KHKQVJTTBMYHE22Q,B075VHF7DQ,4.6054645
AFJ6BNKTPZQXGEOAIOMMCSESJS2A,B0C621L9FB,4.4250364
AF52VJ73TUZISUIW4H36R7IFY6DA,B09JJQR4LF,4.1478724
AGH2R6V52CPCK7ZOYE26G6XZPC2A,B0B27PZV1D,4.4396777
AF46VJOZTEVDEWQECUVX22FZXGGA,B0BCK6L7S5,3.9213707
AHBAALGJM3WOUSOXXUXVGXMY46IQ,B0B92LPGD2,4.809501
AGEAPQKCIAXEDWFYKW2TEAJ42PHA,B0731JGPBT,4.1551533
AE4HL6GTIQJ7HRI53XDKIGVJSPRQ,B073T2YK2J,4.7416596
AE4KQ45U5PV2LEKFZP3RUM5L7JYA,B07NDZSF2M,4.000921
AFJLV7O56674QAXNCZKDUMRTQ24A,B016133LAK,4.4208713
AH2T4ILXGUB4NIANK6XPC4L7EO6Q,B0002E4Y2E,4.5192466
AEE6H6VC6RTWJS2RMXUJCDPOY6NQ,B09WQTXJRK,3.9683323
AGIGR25MN37ED7XZL4U3BCARE4XA,B01BU6B4Q6,4.1773157
AEAENCVJGSC5KSHMTWYFAUG2J3VQ,B08KWM37GM,4.125829
AH2G2C2AD5EHI7NW5VVSKENNWCTQ,B08R5GM6YB,3.9432888
AE73Z644LPIBCCFQ5GFXVNMAFXBA,B000TGSM6E,4.486474
AGRT6VTGHZIQYDQKPWKQGMUXCGJQ,B00N4ZHQ14,4.5360713
AGJGLCZKE5735HGK27G2B7QZB5UA,B000LQLDM2,4.8687215
AGPFCVE36JI4PXFC627LXEQTBD2Q,B08PPBGVK8,4.5211263
AHLCWDLO3LZRSKKBRQ3RVIPYLHAQ,B0BPLFP5P6,4.206102
AEJGORR5LABAQGREISJHB36GTD6Q,B09ZTJH58K,4.576647
AHDEOEDSIXUHKXUDNA3KR5BMHRKQ,B00N5THDR6,4.453248
AELS7RFFR5L5YUKQ6TOR6MBA7ETQ,B07GFH8NTB,4.7685804
AHEMAURZYRCARVTVF6CQYTYE4I4Q,B012V1TG9G,4.979808
AEQ3XKG6ZOJNIPA7EQNMONUDHKRQ,B07CZ8QC27,4.0473423
AH4TRI62M3DQDEIPLWI5BDBDIUKQ,B0BS1QYSFS,3.9441137
AEU6AFGJV7RWYKXGGONYMF4GOGBA,B09V91H5XM,3.983933
AGY3WTXVAKWR4KGCW3DJHZR5Y76A,B00CGFRJ2Y,5.0
AGA3UZAMOM33JZ5QFAPVV5QW42UA,B004G7O1Z8,4.631473
AF7SOHKHVL3AUZ5WJDUMPOFDS5NQ,B07DLC8CQZ,4.7398562
AERG7PAAOYKH3RMANNHJ2PMOQ2DQ,B0C21BG2KZ,4.2088866
AHV4SKXGCWKAT4NRPWQDWERJQLXQ,B0919G5ZTY,4.9536366
AGHAFZQSZLIALFSCHDYHAZPW24FA,B018FCZKR2,4.3609056
AEGNNCCRQPA57ZYBT3IO44I2VAPA,B0002DNUWK,4.370587
AHX2MR6NLBEPURAZZUYFARJVHSEA,B07B4XLP57,4.891649
AFD4VCHPTEWZVXBCCILDLHU6SSEA,B0002GH8X4,4.75529
AEVIDOETQTYGFWUVJGTIDMWH4YFQ,B06WVXN1YQ,4.7997923
AES2BBDYMUFVFNRLDPD2WTKS7A2A,B012VQ5A7S,4.60647
AHQIX3TQQCQRG4VLAEKKURPGW7EQ,B0BPJ4Q6FJ,4.957654
AGSVLMHAE6DKL34BW5AJANZ2HP3A,B0BTPB6GRM,3.812406
AEWVU5J4PG33DCCBEUU3NC2GLBFA,B0BTC9YJ2W,4.8222556
AE5JOCZ3MGV3MS5FTISYD6T3D3ZA,B095BQ6T33,4.1015873
AH7YS622MC7QXBBAFEBQLY6PVTGA,B0002DV0CC,3.529553
AEMXGB4ZOBCCTEB73OXEDAITLCAA,B0BHG58G2F,4.612119
AGFZZZQOQBBYYU63HYX5YJRDB2DA,B07M6T47WZ,4.6732326
AHQSLUIQE2S6RTEJHPKQTLQY6ILQ,B00O9S69BI,3.7107878
AG32CG3V4PGAJGAQMRADO2QOAJOQ,B00TH48HUK,4.479629
AE5VPKX64CVOPH6X75C7EQXAIGLA,B0BZ1XQX97,4.468614
AEB6QK54PZDMGSGTZ43QGPNG7HEA,B092LF6RLS,4.6547027
AHLD7UDM67OZJZVX3MNHQVTP4JCA,B07B8WL33G,4.621593
AEWYKSYOUQSUSRCMJALU6SQMNTUA,B09998RDGC,4.414235
AENRVEVFEOOUT3CSPWXBRHTV7DNA,B00B6KMDU8,4.475824
AHALYOX63S6CACZTHN7R24RVEX2A,B0B8M1RZWV,4.221161
AEZE4LZURVM2QWHLRMB7D54T3MAA,B0002DV0CW,4.67548
AGVRLUFL4ZEIFPCUS3MO3TYW337Q,B07T3GZVMD,4.5555763
AFO24CAUCZQKEVDR6FMRJHOLEE5A,B009N3VDBA,4.6334467
AFV3FCAYHRCOC2A52AGKK2RPPEYQ,B001VO7FPC,4.732173
AGKZ2ZB2D7CCGKIUW2EHZ7HPQOIQ,B096K2LZKH,4.611435
AGHIMWAIM6LO7YDHL2CEV6NVRWWA,B07RG6P3N1,5.0
AEMLDUMRZRY3H5UQSTVOGIKOR6HQ,B0BBPLFSCG,4.215298
AHIRWKIA4JWTMPDXNI6ZTUCUQ5NA,B0BT8FDL8B,4.470717
AFA52JPRDGOBHYA56MQCHTIUPYHA,B07DWY7R2X,4.5274625
AHSHEQGI4K56JQBSWBXQAB5UDHFQ,B07L5B64RG,4.297695
AF5LA2ZA24TKFPGE54QQK7LV52XQ,B0BPJ4Q6FJ,4.1324053
AGPQV76FD2ZADKYY3AORROQCEXPA,B08JMQR2JK,4.279145
AGIZAXPBONK53PAVEEILT5YKYINQ,B00I03OGKY,4.740123
AFROAABFKVW3IEIVRSHAIA7VR2EA,B07HM16JZB,3.8297586
AFQQRHNOS2AJSMORGOJQTDOWF6EA,B07VKYKXDZ,4.361518
AEOOMMRNOICCQAIPTXNDSX3M6WYA,B0B55ZJK68,4.512853
AFWVN3PP4WG4IPQUXVHS62ASS5XQ,B0BKZ51ZN4,4.4469595
AHUNAIVAYBPPDBVW2WOKRATDRQPA,B0BPJ4Q6FJ,4.70802
AFDSQDYICQ3ZUK6K66IKKURLEKGQ,B07CRFB66G,4.816688
AFZUIWPRDEKD7XPVABNXN764RFEA,B085QKS9LZ,3.4873633
AEC4JX3YOS6V5AOJMU3YD7X5BUXQ,B0B4SGJRHR,4.4322257
AGX34SAPG26BUKKPPRKRXAAUKBWQ,B01FJZBI7E,3.8718548
AGQ2FSQ2EJJXXJDWNXNLRAQCQLVQ,B07GV85N58,3.801758
AEBIEMNW4BPGOFLHZCE7TRXIQLAQ,B07YMGPV7P,4.5066566
AEVPSBSO2FUNFP4I6GMZMM5WFC5Q,B0B95V41NR,4.7601357
AEPFMCRRSJJXQCYS463NU355VGZA,B07T1P4V9V,4.728902
AG3QPT6XXHWPA6BFADE5XSVAVYOA,B07685T8FT,4.081824
AFITYUC3765LLGHMH4L6XJXCOWIA,B09ZTK33ZC,5.0
AH2KEO2XP7LXZ5OHOP2M64SJO6UQ,B07CQS5DJV,4.6659956
AGP5W4XNLLC32Q5ZPAQB6EMK3RTQ,B095WG3LWV,4.9345813
AFKZTCN4BNEKHAJQARBTQ4RZVETQ,B00BQ91V48,4.067993
AHXZMBZM7TCTGR6YQ7MI7LEAZ7QA,B00HWMG44U,4.4164095
AFZHRGPFPMKKAPUZ7UN6ETIKTP2A,B08NK7LFV3,4.490337
AFADSIHYNNSBDX73K7YVB6Y2MCHA,B0002E4YI8,4.436583
AE5MXJ2USMZKM3XOPWONVYUEAUUA,B095XZJ99J,4.0406356
AHEYMCHDEQZ7TLMUCRRSNZNFDWSA,B07NSWD8BR,4.153229
AGWPL75LA3K2XKGE6NIKTHOVLJEQ,B0071ML4N2,4.9444346
AE4RY4OBRREKXFXI32SR47R3SXGQ,B00USQY0CK,4.670562
AEJDUT4MZ2N5JQKUCHABBP3D22VA,B0006UGEOK,4.8402257
AEJ6HNHF32QL6ZB2UOFMCYJNT4RA,B001L8NFZW,4.78456
AH4VH7HDF2ANWCFABECA7ZXPL3LQ,B07B4WXVTZ,4.5949383
AG7IN5L7BFVBNE2TNWW3P3A5RF7A,B07MJ844DM,4.400082
AEWBPGHXAWZU45S26IQNREVTZRMA,B08XTNS9T5,4.7377033
AFUD46FQ5QP2KHEPMCNSWXMDZ5MA,B075B67HFY,4.332407
AH7YPVRYKYOEFIO2KAADU3AAXXTQ,B08R5M2FGY,4.5020394
AEAFOCTHO3YMMX5M3YVUGAU5S3VQ,B01LQO3GGS,4.0584993
AGCML7EM4QFDKXX7WKPZ5XXY3PRQ,B0B2M1GPR7,4.822284
AELBSC427YP3XNO3L4ULNIASKB6A,B015HG7HMA,3.8820088
AESCRGAOM4FMUCDGGPUIRSW62JPQ,B08T2PK2DG,4.176686
AFB6XAMKLLNH7JVIJ42QJ7TZNG7A,B0BL2W52CK,3.9450128
AGMTCMP27WCMMXZ3R3FJ5F4KDABA,B01C5TBX68,4.626675
AGFSPZ7XOYCABXF6VYXQVWQRMO4A,B003AYIKNW,4.972179
AF7TFOXQFNNFVM2IIFSSVXTNGFNA,B017DBD44C,4.2033715
AFEHZC64FEDKDTMFEAP6VABWIO5A,B00TH3YPDE,4.525029
AE2G7LHNL4YQI5EQHO6RIGHESR7A,B06X3XT47P,4.408009
AHCLEFILWZQNDMN4L3LC3DJLZNSQ,B07MQBPZG8,4.893178
AFCCQ65LWHZZ35ZA5BR25DVKLNZQ,B01LYV68RY,4.7189107
AGYV6AFXZR5TFYH7B5FLJX3DPYNA,B08HRZ15QB,4.754919
AF2ADEWSNFYF3BRXGP5KXRXULGKQ,B002M8GBT2,4.300806
AERNRI6KSDC5MTIFVRSJGJYVLBZA,B07T4TKLW2,4.2593513
AE4ZHMTUJZKVNPRTAVPTOTMMTHQA,B001LXMXU0,4.6613865
AF7OYQHKRXAWHQDLDOVMRNX6V6RA,B01DN7OC00,4.511852
AHGYRKOFMG4EM45YSZBUTWUX3KJQ,B087D91DN4,3.5741243
AH7YMO4TVV6ZNDCST3A5SSR633CA,B01EPWGF8O,3.9438574
AEQJG2LA2SCOGALBII4XVQ5DCOKA,B0071YXCVM,4.200997
AGE4MJI4ACCVR2HUDBPA27GVIZFA,B07ZMCH5PB,4.6732903
AEXY3DSSYKBHCGAMNYQRGD3GR4QA,B01NBNM97K,4.431261
AGMIECBRRAHS3YUEBQNL7M766ZVQ,B07GQDYWWB,4.140953
AE4OL5LGNMZXDJWENP32PLH4KXDA,B01FF4FX2U,4.3566637
AG6ADHHJ2MHUP3ZBBTGMZVJ47Z4Q,B01HN41Y2I,4.7813654
AHACHAD3DDY3NKK6BCN7RWH5XWTQ,B0BPLFP5P6,4.388074
AHSYUEHHWA3FIZAUAZYFN54OHZWQ,B0C5Y549L5,3.9444118
AHJSYOIN4W5IZ4SW5LSHCHEBMPNQ,B07X2LN3FV,4.7093167
AG4IBVQSLXLZFIBFE3EDMOJMVLHA,B0779ST115,4.8451996
AGE5YXPVOTT7B2DW5B4LPLL4GL5A,B00EBK6C20,4.01537
AHR4N4IZKDYWKN7WB22HJF3TE5MQ,B003GEJ5SK,4.3016167
AE3TDVF6M5MAB6UK34376XCCHBBA,B081P1SQGG,4.974988
AHOPM2RGN6VXHKOR2NCYQ6EGTAYQ,B000K9JPB6,4.7942066
AEGO3MGGYGTJZINMKJ4UZ5LR4SAA,B01J5M2GO6,4.1289277
AFAAQVGMDINJAJNDD6HE2HFNJ7AA,B009MAB0S0,4.259863
AF7IDWLJAS3YD3QYSBECQLZ5PYKA,B016QUXTZU,4.5536294
AG3PQBC2VIMREI2WXU7IFYRIGTPQ,B0BK5CXZBT,5.0
AGSZ34I5SMWFEZ4ORPYAAOALSV6Q,B09R6PRMMY,4.857522
AHYOPNWLGYLSKSBUQKAIWYDOSV5A,B0BYNM15YB,4.2457223
AGRCXV4NM763VGZGD6BQ2VGNCJNA,B09Y53WDDY,4.2500696
AHNXWNFZIZLK2A3OGVF62FGR6SFQ,B00VKI4YDA,4.1739273
AG3FI4LLMISCHAOGWQT6TCP4ORHQ,B002CMLQ0M,4.6815343
AHB7UA5R3C2NUJTZWPJPR6SNOGQA,B000TGSM6E,4.1079874
AFSKOXGAKKYKA2UDMHUGHPPT7W7A,B0B1ZW83N8,4.524927
AFLABIBLTVBHSWCDT6CVWJ2BPTFQ,B0BK6Q2HDN,4.7021027
AGQEZMUPBTC6K5PQNIUXB57MMSIA,B01DTGCMFC,3.9969144
AFXGSPUGWEKJENYDNCYEHUOLMPUQ,B0BZ5JK2GC,3.9984026
AHQIX3TQQCQRG4VLAEKKURPGW7EQ,B00IWU2CBA,4.680158
AEYVNF74XFFZ6UDVWDZVCTFFICNA,B07GSJNMBQ,4.200036
AEKELSFZ6K5E5W3BHUWIJAZ2BW2Q,B003WY26VM,4.598617
AFH22HRJGMLKZUDI2UN5APR5YIAQ,B074TNDXM2,3.7493825
AFKOCLGNVPBGV32N3QBZRUAZHOLA,B091YFQGCJ,4.838177
AFKICODOC3GQGWHGEYDUBNFHJWOQ,B09GTV6QZQ,4.5301375
AGXKC72DZQZZXSYAKCMTSLRGUS5A,B083FTGJ5Z,4.8045278
AGSB65UVLST44NVCLYYW67CJAV5Q,B06XW9MTTV,4.396119
AHW4G6FPXYTHSCVVU4DC42L63IQQ,B08VWZHQV1,4.503184
AGJY5ZQ56LDNXBGSQ6UWS7WUJXHA,B015HG7ZR2,4.0512137
AGGZ7UAJ5H632KVEBRZJX4TH37SQ,B0002KYXTM,3.5953386
AHDF5QL5Q4ULQN46WRCHXHYHXO6A,B0787H2XHY,4.4116163
AHTOCSUMQGOABZ6Y6MR7XL6ICETA,B07CQQXQ4T,4.796812
AFPJNWATIEOD6OYRPC4BI65KUPZQ,B095XZJ99J,4.8621492
AEXQXXYJKOGNFK4BIA7CNTZ53ZMQ,B00HX40OL6,3.9607615
AER2QRZUIRFMMQHUKONI6X2CASSA,B092LF6RLS,4.7847004
AFDTO24ABREOG7VZHGM5MUINEONQ,B000T9L7W2,4.6788406
AENFFWFS25A7LLXCXTK5P2NDTS6Q,B09YYF4X1Y,4.126405
AEQZCIHPL376ZN3LRVIK7LKIO6IA,B0BYPSNQYG,4.8560324
AHZVNE4T643FNNMVG73UHCN3EM4A,B08T2N25MR,4.177219
AEQIE2USMD5JWF7BFPFSB2TEEKVQ,B07VHZFD6Q,4.0693016
AHF5NTSGVKI7CPBJ4IAFOIABKZOQ,B00DY1F2CS,4.170736
AGFI4RKJONGNCQLVN7JQUO6YYOXQ,B09Q39C7W2,4.551167
AFGQTSA5VSAM326LO6ZKAIWIFK5A,B00HZH4D04,4.543598
AF5HGFNU4OVZIZEWCTWQLTK2HMNQ,B07C91JT14,4.479292
AGZH25VPWSNSD4E5IERFYWMEBOWQ,B0BXT1HP18,3.8106089
AHF24GKKXGAKQLPBYVZHEMHHNQDA,B0B8NXV975,4.5473275
AEBLVOJUISLAIOWLTIXTJEYBE3HA,B0002GZV5Q,4.578071
AHIU3GE2TRI4ORRL7LLFAEQTJAYQ,B0BFKPM8MQ,4.3982277
AHEIHSN5VJYUIV73TEU6VIK7ZDNQ,B01CS87OLO,4.568921
AFTWTCVFKL5GDM6YHN5ZLLXS4DOA,B01MRJUB7Z,4.3565245
AFF5XKPT3SWRRPWQW4WKIVQ5QGAA,B000T9L7W2,4.797376
AEVXZ5HNDHIRVO7AGCSTPLFI3OHA,B075PPKM28,4.5885205
AFOD3ZGWBE5VCJ4KGH2OWQP3QDGQ,B003OYOXDO,4.8387165
AHIR3YSOUWL2ZU45WVOXTO7JGE2Q,B01448TS1U,4.3047385
AEIVZRLV4V53ON6VTC2U4TVBZF6Q,B09ZDMFDW5,4.4299226
AES2ZTXMTM2USYRA6JS7MPAMZ3ZA,B097Q9W8MW,4.59697
AFQJYVZJRRJKT73QEQYX657RRIOA,B00557KN28,4.307358
AF7SO6JG76JZKBKRBXAVQJOJBPHQ,B0B7B9W8HP,4.7704115
AEFT4MMHBTLSDAH65OHIQGKVNBQQ,B00GESEQ4S,3.8803055
AHUYGNA2GEDE4I4CGQITS5RUZP5Q,B07MCM2DCZ,4.8804502
AEPNDOJU3WRZU4C4BPTUTJTA74TQ,B008BPI2OW,4.1676984
AHAHOZT5TWLEYPYLP3UP2SMEKHYA,B0BT2Z1DF1,4.025448
AGNRFLXG5P256TIYC7HM6I5IT2AA,B01DPCONFM,4.6853886
AHQXZXO3N2WPKJCIUWXLBD4HU66A,B07VWSB34H,4.1460023
AEVAZYJYKF7GQKK5BA4Q67I2TC5A,B008TNAFZK,4.4954457
AF677ONY3CIUZSPX65QTI7AWREWQ,B07Y2Q3RJ4,5.0
AGCWPLTK3SHPNH3T2RNITANQJ7UA,B0C18CV4TS,4.3988853
AHZUM5IKWN7PMCQOVZZ3KIWZIOQA,B0007SL856,4.5634565
AEXUUT6Q3B7KIV576X6RZDSZ46QA,B004S8AU2I,3.6535368
AEHV7MX3RQEWNYLQYANYEKZCJKAA,B077KGX7W8,4.277672
AHVCAMIWNQNSJ5ZEEHS7M6MML5PQ,B0095DRRFO,4.5303974
AHM6XU5UR2N6ONEAFVPHJKEN4BUQ,B09Z933SNY,4.551741
AEJOVM2ALRKRJRWVSDE3PYRVUOJQ,B004C4UQZE,4.1060157
AF4KIR2XI5YIEI4BUP77DBCUKTNA,B076322LP4,5.0
AE6BF2OU43AYS3JCBNVWV557TCMQ,B0BPKH7FJ2,4.8322587
AEVIDOETQTYGFWUVJGTIDMWH4YFQ,B001FB5Z1C,5.0
AGX2AP2EVUVFTBGCGS4K7JXT5XMA,B093YGM3KQ,4.215446
AGGK3X3WGTH6W5DBGC3QH55HKJ7A,B01E4MELN6,4.5288653
AGTJMPFA4UFAU5ESGIUL7UH5OENA,B07N5K2V9H,4.689709
AGKNSAIF7C6Y4L4CXNBU4WY3L45Q,B07S1LKQMB,4.2660484
AEIBKB5PUUEGL4KKJI3JX5XBWIQA,B07CTD883P,4.463673
AFS673IRZOY3VOUOVTEN46GJ6ILA,B086RHFW8Q,4.557425
AFAFI6N2OEHEZMADEFS6BN4XMGRA,B0C67HCGBR,4.8427176
AEKBBT67IL2I6N4BWLSBRL2AIECA,B00BKXN9LS,4.3063216
AGYWUC3S7UKKPS7TUSNVDSB4L3BQ,B093YLCJVH,4.2611074
AHYKDZQIJSFNDBGMKREOKXQ3CNLA,B07KNJSD49,4.868523
AGXQG72Y6EIMUAUYDEY7IGJUQPMQ,B08T1TWV29,4.7798944
AFPWFNBSJ2BTR5JFERVM3G36OGYA,B092LF6RLS,4.6689425
AGTHNNXKJS4JBP6OAHE4J3BYXK7Q,B093YKLWVN,4.7750034
AHOPENJEX6Q33FXYLE5UA6FLFQ2Q,B08R5GM6YB,4.0101013
AFKQDKDIZX7G5QJH3LDYG56O3NXQ,B08HRZ15QB,4.5541687
AGYKOOS6KFMDEQ2PGJ4C5GZFVJYA,B001B16ATC,4.6461897
AGWRKFZHFPPHHO5LGEUI5Q5V5YFA,B0B8LMGQVX,4.470728
AHN7YYV2JL4BFTMIJRYAI5PF3A7A,B00WJ3K3QW,4.349884
AE5GU6FB5WPUSX37JGGNXLS5MNLQ,B09VVV7CZ8,4.7995663
AEQ4WIM7ULSVAK7HRV5U3LLC6QHA,B08H1PVP9N,4.626783
AHCYDRGR5OLYTFQL4OPDHOUJ2Y3A,B0C3WPPB5B,4.642764
AHGDGGMCSMMALHTX6WGLJFFUVJXA,B007MY5BDI,4.7865157
AEJX567KHPDJBTADR5WCKVVXORRA,B0759JQ57Q,4.040837
AFCNKGMC2A6IKLW4OALP7RD34FSA,B0B2LMZ9RT,3.6753771
AHWMAINY2QSKJBVYDTNANQQBP2NQ,B01G26TRW2,4.0268106
AH4U5I4KI6JDPIAFHYQE672SBUAA,B0BT9R8MMV,4.929883
AHR6YKXEXGIMXC4KZXITPYDZSIMQ,B0BPNMSDGB,4.1008043
AEEGBXTASTDNNZE2QXR5IIGX725A,B00N12WYUS,4.1349454
AELYPSLZVDD2H3VFIKHBMMXV3SBQ,B002YL81RW,3.9575667
AFQZQTVMHCRV3OLIWVWAHUZIQG7A,B07NDFFKJZ,3.9529393
AFVUOJI7RCDL5XTF5RPKZYSEGOVQ,B07DLCDT3N,4.6136723
AGMHYG4CTWKILTZWCZ7QM3JPVGXA,B0787H2XHY,4.4639864
AF6ELLW7NT5WNL447YQWXJOFYLUA,B0002GKYZI,4.946898
AF4IJ7EGPU2LWQAZTYBA26KY4UVQ,B017NT392Q,3.8854408
AEQIXOBGYVS2DIAO5XFBPPKNMA6A,B018SA2CPE,4.5282087
AH4CKDTXBSDQ5HF6EYLK56OZMQMQ,B0BLJSQF7R,4.255968
AG7IYY7DBVJGLXBDW7VOZSLYS2QA,B0002GNSUQ,4.6998353
AHLT5ZI2KDKZPDKOHWZNHNQMDFYA,B0BXT43MN3,4.0200768
AEKS23KTJWPSSKWVWNUPKQMKOVGQ,B016X2ELIU,4.5334315
AG2VMRQG7CPHKGWNP3TT5V7I4JJA,B0BYXQHW7Y,3.409755
AEX7FVG2DT54ZTSPX3E5PIYURQGA,B07BSL26ZW,4.010026
AHTLRQ7HCERAHBTOD4QGJ4CE6WUA,B0002F5C7Y,3.6961462
AET3S3QXEZM7Y7MDGCJTFTTOPAHQ,B005M0CK9M,4.1509423
AHXXM67KZP5QLRJXRK2X3VPJIVGQ,B01DECWM0G,3.7720923
AHHO3PFPFK5PZMYWZMKQIIMLGOFQ,B08ZS312RW,4.426852
AHKCSUGN4Z7LGDRN3YPANQBGOBUQ,B0089NNAZ2,4.334985
AHDA2HXHNPLZLKLZGCDZCCTQOFHA,B07L5B64RG,4.3835588
AEVI7UHYFLB3IR4ZXWZSDLUH4ZAA,B08JMQR2JK,4.6137915
AG5JUX7FXX2LHPVNLMPUVLKMQNGQ,B01KQ29Q4C,4.524265
AFAC3WZ54MY5GPJ3AZMZYHHP2RIQ,B0010XSZ3A,4.398676
AHNH5HCKCICNCS42TDTL4NDSPCMA,B0BRG26SYG,4.8461304
AFOLEJG76QYTV6QYU7GQDPHBAKQQ,B01KNZOYBC,4.232158
AEA2NBRBGJ7YCMWFUBDJ4TUW6PJA,B08BJ37FNS,4.7321253
AHCTTD6GVQ5S4SDLBCMLIXEFH62Q,B0010HCI66,3.812068
AE4B2GFN54FFRAJ6PKTMFN2BI35Q,B015X3CXXA,4.1428227
AHJ7A4GFTLZBIWG2NBUAJWK6B77A,B004ISK4AQ,4.803201
AHNBFV3L62BHBMX6V4NFRT7PR47A,B0BNCDVD4M,4.253596
AGUMX4MREHVOVE3I2DZAOSBF43ZA,B09CGJ6XK2,4.0096965
AG545MMHYSJ5GUXAXDOVIC6IZ7ZA,B0C6J2DPBW,5.0
AFFRCOTU354SFF2TWTMJSVJ3T5HA,B001U0ORN0,4.0477304
AGX2AP2EVUVFTBGCGS4K7JXT5XMA,B09G5QS1VD,3.9630256
AH2ADQH7UOGDTDAAOQMXQCUAGFQQ,B07M6H5RM9,4.8729563
AFZUL4Z3J5LTJYTWP6IZULSDVP4Q,B01CUZ857W,5.0
AHCBCGJUYWKLVCHVXNU4TUSZHFNQ,B09T82W1SN,4.4600306
AG3YSGTHAD3XS22MCYKNMVKVIKGA,B00VRPHV2M,4.502847
AFTRBS7WXYEYEKN67P5GBLKBXFEA,B00BXE4R6U,4.8357134
AFDINRMUT6ZYV2P5SAJHGDWWYCDQ,B08R5GM6YB,4.2908015
AGMRYSCYS4DGUW4QAISHDJSCHUUQ,B09M7CK2WK,4.3157396
AFVWWNWNSTEY5P6JAPQPESCVSLWA,B00H35YIJE,4.504744
AH6CH7YIZY2EWT7UENH73RZVWUTQ,B013ZHK4DM,5.0
AEUH4L52LUHVPTST3WLZIWTLTDWQ,B078X3SSY7,4.555983
AEM3SC4PPHGA7KAR2YIGUEC4FUEA,B08T9CCXZB,5.0
AGUZJ3UUDPR4RYAP4C6R3SJUXQ2Q,B074FL1CP1,4.4306264
AEK3AZJGYPN25QIZM6WXRFG3HO7A,B097Q9W8MW,4.344999
AFL3PZUHVXQES2NB25YCAYJ44X5A,B07Y94MSG9,4.526121
AGUBV3YUSN2CPPH4OQBNF25FLZGQ,B01DPCONFM,4.100524
AHXTVTZ5AXDYH2ZXBOCSODALZROQ,B00GKBFII2,4.0919356
AHJTMJYE6S55L3I7CVDRFQFKVS6A,B098KXQJVY,4.9140863
AELW2KBTX6VJ6RO2OSAKBEBXZNLA,B07FZBF5HY,4.330675
AEBFEHMBWTPBUVIGMLJC5AIILUNQ,B07TSGLPLY,4.793247
AF6IPYXSVTYOXYMAQTOUM5PXRN3Q,B071Y4HJWX,4.7875857
AGS2TDMTAC2L4AB277W52RWJNHVA,B00WRJM5NC,4.3491054
AGQA5BRX2ERUST4AUMTLVC3JMWRQ,B08HHVYGV5,4.6842437
AH4TXKB3XTGBGU4NY3M3S5JSCEXA,B004AE3W7U,4.637026
AGFTIABCQLO57WAANY32UAELMT2A,B076LRN23J,4.4772434
AERTAT3QNBMZ37Q2QXE7LSZQNBZQ,B07541NT4L,4.311563
AE7GFCKWYXDFXWJGRCVZO3QFMXIA,B074MBD643,4.464726
AFTRYPOFRCX65QE5BOHMW7GRYAOA,B0BCK6L7S5,3.3643575
AFOOI5ACUEN6EQJGID72GT2LDZAA,B0146YTJOI,4.62519
AHC46G7YQEC37VOLPDIWZQEWXE4A,B07TXL153N,4.4583235
AE4KQ45U5PV2LEKFZP3RUM5L7JYA,B09RN6MGZH,4.329395
AFBZUTNSJAW5GQJZORPGE5B5NPVQ,B000DZXTFK,4.71491
AFNT2D5HWVLYXB2OWLMEV6ZJPVPQ,B07NKRZ1KQ,5.0
AFC3O5Z27ZZ5BOZEPDDE5LTIFXIA,B00AXEDVJA,4.6597342
AGZ4FRR2ODBHJWUCPET42AMRU5NQ,B09WQTXJRK,4.2261686
AEMX4QQHS3HDQGM6IPOFJMM3534Q,B07NDHS7FN,4.34483
AGTQ4XU4K3HRG4A26IKNCCIEX4KQ,B07BFZ2KSJ,3.5661666
AFPTMVT5EH3PJZHK3LUE5SEIP3UA,B06XBB9FPF,4.6773677
AHX5CCO3VSCRLZ46HN4EB2OCAZBA,B06WVFRW4H,4.874353
AFWS4JNT66C4CCYBGOYFLTJXJDPA,B01M5DF38P,4.3685317
AEVNV4O74H2AN5PJ3OAYYH3T7AMA,B0B5TBHFLW,4.178951
AFQKIGEYXZL76W7BIGLVR2RIPMZQ,B075R94JY5,3.9514785
AEVAWGTR5FUYEO3WRMUI6SMGR2TA,B0BCXL2V52,4.1666656
AHNIDSZTL7HFLSNY7WA7YF3ZWKOA,B005SUT0BC,4.580743
AER5XQROGISYKN6ABH7EAK7OHGTQ,B003B1BOFK,4.388244
AHAUV465EY5R5K4KRUNC3Q6MRA3Q,B005OZE9SA,3.848672
AGZXAIGW4CJNWEY7WL66MSGGVBQQ,B00H4J7WLU,4.3154173
AFXVXYBWXDV7NT4GGRRNFT56NONQ,B00126HUGS,4.039636
AEZD2WTGKS5BQCHHLPVO3SSL7HBQ,B00VIDJBSU,4.2952294
AHDORHGOBGGQFUSOKSPIMK23A7IQ,B0002F74IE,4.975312
AHVKGDD2OV6WLV2KGSSVEGRHZLCA,B09DR91XCS,4.1179876
AEI4K2NEMJ2UZLNR73JRGWEDU7AA,B09396NY1C,4.518835
AFVP3KR3HBOXYMXIBL3ZGAZVDQMQ,B00IFOTSJW,4.3772445
AGZABQWQQ5BECURSRGYLNQWTZBIQ,B00JJ18U6W,4.4862976
AEVP2C4BSOO2TLDDUACWGGJURQIA,B07K7VC41S,4.3267994
AHA53E3UYPIUKH3CMQ3NMZRCTTBQ,B07MG8PHF2,5.0
AGTF4QKF4QKW4OJSHDMTFWPIU2JQ,B07B8WL33G,4.2598076
