ReviewerID,ProductID,Star
AFKP7GPURJA6SIE2IQAPMQVFZYWA,B01K9AMG8E,4.6080265
AEHJ3SL5NHVDUH7ACAAJD3JYXTFA,B07N5K2V9H,3.875061
AFLKS523NY36AY6WTAAKFAHYT7BA,B09P7LVYDR,4.8598466
AEB6NY4IDOJQTFCHNUGKOKLXCZJQ,B0BK5CXZBT,4.0387363
AHSYUEHHWA3FIZAUAZYFN54OHZWQ,B077Y4JGQ1,4.7528777
AHRPH3DCPDNWEDZJAP7L4UJ6USOQ,B009WS7V5I,4.5466843
AGKGURGEUE4BGKGRI7AYW6TIKUBA,B0BKZ3GCGR,4.781491
AGFB74WQOHVJP4PGF5QOXM5CXYQA,B000RXN6XI,4.2929735
AGPFCVE36JI4PXFC627LXEQTBD2Q,B00HX9F3ZS,5.0
AF6LC3PL7ATCSC6VQ2SX4PS2JNTA,B075R9DNGF,3.704517
AE53UBM6H6SDUWZTV3Q6OJMJDB3A,B016CK4Q0G,4.5712066
AGWW735D5YTMQYBMUDXC4KOZAXDQ,B0BGXSRTB2,5.0
AHJUKDLBKDLRZWZ2OFNOSAYOCTZA,B0002E3FBA,4.753061
AGV2HFYUYPDTCKHXP2VUSKKR43AQ,B0002OJPE6,3.9584634
AHYDVO5UKW3QHLF6UFSCEOGECGLQ,B002HJ9PTO,3.8799963
AH535Z72NTQFY4YZ7TXSYFP53ALA,B00CA8982Q,4.2730393
AGXGOWEGH57GQAL7MFXUJYTDYVIA,B08G7X73ZN,4.6680465
AGSUOVNK6FSW4EFQVPRMN4IMWJWA,B001E95KEC,4.7314515
AELSGY4WCLESJ7VLUYUHAJT4BHBQ,B0799734T4,4.5344357
AHQDVOYHBY33A6ARDSAA3AHORBJQ,B08CSQNMN5,4.652116
AESPIYN2KPFNMATAZNRXTGG2RTUQ,B0089NNAFW,4.125937
AGTDFPFY44MJBGGG754JMRA44TKQ,B07BC4KMQK,4.2228355
AEW3WN45BO5QRGK3RPQ2DREV4NGA,B000G3MV1W,4.9608893
AFV3OQHHDBYYDDQT7XU44VPQRLCQ,B0BKKZT1BQ,3.9982183
AEC5RGUIQ3DZMJFZEPST5R4O7PPA,B08R5GM6YB,4.3751884
AH6WGAEBHJQJLZJMQI6NM74ZKFGA,B07FZ5XBCJ,4.369462
AF7SOBRJNAC5ORUZAMT2EJNH3RNQ,B00FPXDRQQ,4.2052603
AFQVJYB73FB4EMH4CHYJI6DQ64ZA,B08ZFQ8GLV,3.670044
AHFJIW6GUHWLNDE6KIME3JB7GYVA,B0002KX5E6,4.3601503
AGNPTJJ3IN3Z6HMZAJECSJES7BBA,B08PMZQXN3,4.6013627
AEYIGWWXTT5AD4ZONPSHMK53WR2Q,B0002FO8CY,4.011613
AF5XVNQXEWRDQHIEK4RIJU5JZGWQ,B00TV90MT0,4.8447742
AEIYX25CEO6PSO7NQUMSSIIXBMWQ,B0BT2Q42DV,4.7786074
AHQUW4WT7RGDAEWOMG7FZ3EKMINQ,B0046LGS0A,3.6465225
AF6AWOX5OCZXE4XLWROTNPEZWVLA,B09HCVN9M9,4.5171585
AHNG3NRGEDYO7E44QMYDHMBADPBA,B06XZ91CGG,4.745606
AFOQTBFBJWHAZM2DSCVN4GIFZWVA,B0C61YCRKM,4.001528
AGSFWUWZB4NXQHKWYKBYB7JIGRJA,B07W44SZ95,4.007869
AGU3467K6OPI2HEDABM5P2APPM5Q,B000NGVQKO,3.7849443
AFHI666HJMKCI4K6KYN72NLG6ZQQ,B07DWLYGKH,4.6848946
AGTUP64TUDREXZLFMZXLVWJQD4UA,B004EBR5VI,4.4771657
AEJFHFNVYIIZIDHJHDPGPKGYTQHQ,B09YDBKT7M,4.929606
AFRGWN2OQMXTMFUCW7DBTJXXZC5A,B0BLLZYYPK,4.4499416
AENVRY2ODR5XXL24FXQFBQMXFM3A,B08BJGBHN7,4.4372697
AFQ7VJBUAFMCD6WLRMNJVL5IZGUA,B000WKW8EY,4.531556
AG3S4FROO422V5KP7DJCBXVUQLJQ,B019OO4IY6,4.8364825
AHWKKYJLZGHYBTMB74R5TRNY5JRA,B075MRMFM8,4.40912
AHNOYSM6BGMCXVETNQNOKQBSXGTA,B095JMYLPZ,5.0
AFLKPJZCNDA7M5RHJXFQZQYTJXZA,B07N5NPKRW,4.9829135
AHY4BIN6TICBUHIUNKJTLVJ6WOMA,B00WGDS77C,4.302648
AGSM4LM5MKYYD3CJPXAF3MIFGAEA,B01M9GJC5V,4.0243263
AHAMWA6AJD7RPNUGVOHWODNKI32A,B092LF6RLS,4.8134003
AEIORZCHRBVERYFCQZTGPTVUYIWQ,B0BLLXXT6F,4.696128
AGQLFAMQA7WJBPRVDSZATYNGAGKQ,B0BCK6L7S5,4.2821145
AHTQJFXQNPHYWI6NCGNOLMNWHOMA,B0002D0JX8,3.9626956
AGAKSCBPVTFI7CXR6L3UI66AHL4Q,B0071ML4N2,4.4600854
AHEMAURZYRCARVTVF6CQYTYE4I4Q,B01EY7NNSK,5.0
AGN6YXFPLQOIVURKG5LGZ76J4UWQ,B07N1RPV4J,4.6418366
AGGGVYN6UWSDL6N37L77RAJLFHTQ,B0B89ZSYS7,4.985671
AFLI3BM2AJOV7JK6P2CWU2Y3QFQQ,B0BYXVCSGG,3.6098256
AHNPHPHF4TT5JPHYHNPI3OHTO36Q,B09RJZSQML,4.865642
AHX2CMSXBTB7L72QUQPXNSQRD26A,B0002M72JS,4.184109
AG2L77BTIVSYYB6ORTCR5HWPDZOQ,B09T7P2RNC,4.6368
AEXUUT6Q3B7KIV576X6RZDSZ46QA,B00LOAAME4,4.174764
AEXYZU6XCODDBB67J6MAJSN2NXIA,B0C5M1WZ9V,4.4986854
AHJ7KQRR6SH62UD4ESCUELE2BMZQ,B00AV557UC,4.1961126
AFK6CXFGEKRFSCV7ZY2VIJNDJLQA,B0938MMWSV,5.0
AEH7IOTDSZGSZLE74R7YMFXFZD6A,B0C61T841P,4.969744
AHBQCICNAHDBS47M6LFAPV6LBFRA,B0C3LDN2TN,3.7544098
AG3S3WPA3YRI666NTL3Y4TINWYWQ,B083YRNPSR,4.5713067
AEQP2NXBADXJISSIYTTUXUBBKVEA,B0CBK1WSMR,4.01387
AGYUMKBBYKOVQKT2BDG6P76CXPSQ,B07MMKMKC1,4.1731153
AFV5UDD5Q4FBR57QCJGLL2SE7OHQ,B07WJ1FPX6,4.5914445
AEHWRW3PWRFQOIXVKEPJCY33O7BQ,B07KDYH2DF,3.906477
AGTBJVGF6Z6FTHBKFPZFUEGV3NRA,B004FPEGT2,3.5368369
AHE47OSHXNOJBJSUATR77ZKFXKDQ,B07SK3YRF2,4.362962
AG3ML6ROY7CFJTLMPJYWIW7KXQ7A,B0BCK6L7S5,4.4689293
AHJ6I5S2GY3SD3HNECB4PK75BT3Q,B014MQ22XU,4.2744775
AHCPWTP2HVKZWDFJ2ESPXS6OJKHQ,B0C3PGFZ3H,4.116665
AG33SC352BGAEXJJGKUGEYAOZJZQ,B01BZTGSC8,4.441445
AFOAF2ZM5JEUC4HEXDCSQVRN4VBA,B07112LZSM,4.2600503
AERSZ2M6JUHJEJ27PX5SS5JGHCHQ,B095BQ6T33,4.190601
AFOF3QHFHEPGQ7QQJBGWFJAC7RMQ,B00FSDBTHW,4.180696
AHLBYQU25Y3KOTNGDXLQG4QTI2VQ,B01GMWH5PC,4.1738424
AHJBRDZIS3BYBISIRTW4ONRLNJMA,B0B8Z5SW8Q,4.495203
AHIAM5SDVPJAM67HKUJHCSWLVMFQ,B0C6HZ2BJ4,4.2710476
AHT5VICCGHXRSEGPZZZOCIN2KF4A,B009756KE4,3.127349
AFTISDTHOS27BWGSWKZ2S27ABVGQ,B07FYJNJJH,4.7768054
AHP45X564BZWISH5MADW4Z24ACHQ,B002NGMBGA,4.489437
AEOM4BJ3MA6T6Y2JD23KRHYMUOXA,B0B2T32W46,5.0
AG236DA5TDMWWP4NCFS7HWJ23HYQ,B091YFQGCJ,4.8825135
AEBCO7YV3RWXD7SIH57FFGWKENUA,B00OYUSHJS,4.417987
AHAVMJ7OKLRLFKHUSZEZQHPQCHWQ,B00INZY55K,4.1256714
AGQMTPWXG6UUCT6VFJBXBLWONEFA,B00NPAMDQ6,4.697341
AFQ3H6LDLAE47OMXF67GWCCRUIOA,B071YBCYQQ,4.736997
AGTSSEXHZYERJYNWF2UYM7PBHTOQ,B0BP3MNJKN,3.928646
AFASAOSH3DUTLSA4DWSQGJR25GWA,B09PJ3N73Y,4.740468
AGWJ3WOKO6JPVGAPDSYZJCAOAD2Q,B00KXQIY86,4.19745
AHHTYXG5DLE4VN7NQLY5LP6USH5A,B07RG6P3N1,4.1860695
AGFGZYNZBXCGUPAOIXDZGH7ZHN2Q,B0002E3GO6,4.2188497
AHCWSKQIDST34SUY5LKWWLBPDRDA,B00YJ5C46K,4.756425
AF4RDK3DARVW2FRALUHV5BMHMCGQ,B00P2EKHDO,4.474364
AHZNQTN4Q5TKNSVNKIXJU64LJEAQ,B06XHCSY28,4.6289434
AGLTOOTGDPFOHALWBAIXHBE42FRQ,B0C6HZ3ZVT,4.344846
AE3D7XQZGHDYL7IAZHVBOES772ZA,B00X87FAOI,3.6984816
AGYVIJCXTIRUKHIIJBRWW4ZYCCRQ,B0C6HZHZJJ,4.8230186
AEWUW6NYZW7533JCI6UJWDZAIPJA,B0002T67K6,4.873205
AE7U4PM3XC5EL3Z5UITQR2E2DD2Q,B077DJBDZZ,4.196666
AEVIDOETQTYGFWUVJGTIDMWH4YFQ,B00N5TH2H2,4.7307897
AGH6SW7MNE4SSGACMJTHYLIKLIFA,B01B23BA98,4.139299
AHHG3FREHN4EZOSRVIH2UD5YM46Q,B0B3VQQ6XY,4.619293
AHNG3NRGEDYO7E44QMYDHMBADPBA,B01DPCONFM,4.3697605
AH2LUXXMIH4QXRDFOSLGZA6R7CMA,B076PN1263,4.7437463
AEZNY25GTTQBWES2TRWYEZGDM32A,B0B9S8G4HD,4.149282
AHXKSJKTLH4DNQ57FCNOH6MYOTLQ,B07T3Z11QJ,4.8353424
AE5YND4EAVEPMNPKPXODEBVHSG5Q,B004U2HT9Y,4.2438173
AH4AIWIVLN43SGJGK45W4FCJB5GQ,B08LRLRRKM,4.407143
AG64SW2Z4TEZG4IWEGEUFEEZBTRQ,B09BF8XDF4,4.468083
AFPG7J4AME6QVSARKPXTOXWUR6DA,B09V4N515D,4.3358135
AHBYNOMVJ37DFQK2322JKNXW37VA,B017DNZ3XK,4.5911436
AG3QPT6XXHWPA6BFADE5XSVAVYOA,B0BKZ6FK4D,3.890287
AHI2JCT4QVCJLQICAO64CYXQ3NVQ,B0BKZ6M28F,4.517182
AGCBRKJSQECOQJM23WHBKDDOXCGQ,B083MWZ1DN,4.26215
AGOVVFMZ7IPENJBVNAFQ33S7O3TA,B0B9T61HDX,4.824128
AHLXIZ3CXU5UZKHT2EWIHO3KHGDA,B09857JRP2,4.728959
AEV4SAI37FLJ6NK4M55NWKYVMDAQ,B0C6H9T5T6,4.325219
AEAU2KDIKNMONDRX5Y6DV5F73F3A,B015WSCNHW,4.697281
AEK5452BSJUE5N23GU6PPAGM4MEQ,B0BTLZMMFT,4.3248687
AFKYUEIARYQHQBR3D7L4VNO7ELRQ,B01F7GQ8DY,4.3338833
AFPOTFD5RRB6MHZQ5P5UIVG7QTBA,B09G9DVTD3,4.34843
AEHG2FL2VTCX6K77GJZ5DBODFE2A,B075VPGJCX,4.9262686
AGYKBJXKGCM7FUQSK5JSIT35DOJA,B07BKYBTNJ,4.4323025
AEC7TBNDVCE3O4TLCEEDNWTM6RJQ,B01J38RW9Q,3.8942568
AFRUTEYFUJDAUASSQADZ3UQJHXAA,B0BK9YKQFR,3.8482716
AFQDQ7355KHCZLER45SETZZ3RBAA,B08DTH6M77,4.563264
AGFXPATACXLGNXETSYZRD4QAHUTA,B07BC4KMQK,4.5474887
AGXQG72Y6EIMUAUYDEY7IGJUQPMQ,B0768R4GHS,5.0
AE5WEF3RO4QRTJDMRXUEF3JB5FOA,B0002D0L5E,4.2394605
AET5WDQG4RMZYUACS75QGTR5DN2A,B08T2DMFKD,4.805633
AGGCBQMBTI76TAQ35ISJR24OQH7Q,B06Y2W66F5,4.542006
AFYKOOYILZJDSJKTSJKEQYILFLOQ,B07C3BKLD5,4.3157682
AE6TF34R3XLNVEOUQ5XGGJLOBNQA,B0165KH7GS,3.3911743
AE4PX7WPFYOKQ7JY2XCDJIXQG6NQ,B09JJ586GD,4.416411
AH7VFEVL3IOVGXVGA6NCV5FK5EBA,B073W2Y8NJ,4.574772
AFAPQJJSMGJIP72FIGH33BNET6KA,B0BKZ61YJJ,4.699416
AF3MDNGUNU6IDVBYNELKDFH4M7HA,B099NFZP4S,4.4361076
AFFZO6PEJS5E3J7YISHHNOTA6RWQ,B08KHSBL34,4.0085573
AGP2BAEBBIE6P7XZAOAIUFYCEHNA,B072LXH1V4,3.7000062
AH7UMWKEKWHRAACBVZQVJGOP2DCA,B016D7KIWS,4.7865148
AHX64VD7FLIT3KB2U67MRWOEQHPQ,B09Y1X5BSC,4.210798
AH7VFEVL3IOVGXVGA6NCV5FK5EBA,B09V915Q6P,4.171889
AGUJ2VW5XM5ASOR5KLP27YBW3C3Q,B00BNVHCYM,4.837767
AF7IWQ26I2RJXFXKGSPGNNRBLNEA,B000CZ0RME,4.037848
AHELX7UOIDURULSSVA52BNVTMT7A,B0BSCDNQT1,4.877742
AFCUV5FE3VT2MS4LYAUFHYBQCP3A,B002C741BI,3.246186
AGQLFZBLL2HTPOLTXLYYRYNYQMDQ,B000H58HN0,4.1489844
AE6PYJX3K5T4WCDVMYYA6C2EA7OQ,B0BKZ2W81F,4.069995
AEFOUHISLMQKQKXRMICVYMS6YF3A,B07TD9NX9F,4.172135
AEZG4SHN6EDH7X2I4NPMCSN7MN7Q,B07FZBF5HY,4.2759857
AHFWSW4APYWHTKLSCLUQ7OOAXBDQ,B09MTHTMBB,4.828546
AEKHOFU35JS3BOIWZSEM7DKSTEVA,B00HTWQWWM,4.128147
AFKXPHJU332QCBEXRVZTY6K6B5HQ,B06X9KG3HW,4.967548
AHCRUMAU2ZAZ6EP6RVSXNHJSEVYQ,B003XKIY3E,4.462506
AHH7NFK7CPZCLCX2YO3TBNLVSVJA,B01N6448Q4,3.9805892
AF66OCN2Z5V3FKFOAVUKWHPQ3BHA,B00GG20DJ4,4.140383
AGHZXVOSR6BUBEGP6K3BDYLSOJ3Q,B09MLLNDB9,5.0
AHNO5YFCPLGHET6VHUICVPTN4LMQ,B00P0HIZXM,4.4480567
AGQ3CRIH64J5HUPGKKZEYMUKKR2A,B08R5GM6YB,4.241013
AETEDS6HQJWX2EQYEQFUIAHTTJXQ,B0BHSG5C3G,4.1486316
AF7CC34DK36SQJS7WXI44DREGWJA,B003B1PETC,4.892998
AFGAABVW3PF4YATBL5EX5EGUVZ4Q,B09997NM44,4.6534023
AFW3N4C3DTYHREJ3K7X3THVUVJEQ,B08KRJ578Q,4.59515
AEBPFXOLYES5XQEQPR43HLGX2HVA,B01DN7OC00,4.5815454
AFHEYIB5M5MYLROKZ5IEMZSJDD2A,B015HG82EW,4.594651
AFBC7PUOJGJPJKAZZZVTIAW4UQ7Q,B0BL2W52CK,4.1160097
AH7K6J4O5D7ZE5QZAJQJ7V4JJR4A,B0002F519I,4.0201774
AFFWTNREAP77LMBFKJVS526IWD4A,B095XZJ99J,4.7809324
AHGDIK37BK2KKLH75FXYZFFWP5IA,B08B6BR4KG,4.7181573
AEZNCOTOACFQXLFM4MXKSQW6SFKQ,B07VPLFNYM,3.8303456
AFCUT6TLZBDQLXJAKOVJ65LARDFA,B00ETP9FFI,4.392569
AFVQ23JNGVSAXVFEM2ZRPQ6HUUDA,B00646MZHK,4.5716133
AFADWJP75FQZ24GRNBIIWTFNUU4Q,B07W3NQLX3,4.587735
AHOBKBVHEAT4KPRVI7TYTF6MEJXA,B0015B0EB8,3.4131823
AHB2C67YEIUJBM7WRNKVPYRUIHFQ,B0BSR996X8,4.851465
AGXMYC3U7AF4LBADRZAZUAVAJNYA,B00RWDSILG,4.2302876
AGSSF4YIHPCP2MIUITM34RWOCOWA,B0CFD7WW4N,4.9547234
AE6ZQXU4UDWTLQAGLW6AR3BTJ2PQ,B00OGNDKEA,4.708811
AEJH4HUMFAN62AII4PTCGRGGAE7Q,B092LF6RLS,4.192397
AEFJEW5GQ5A5PG27ZXJ2ZZ33VCAQ,B0BR2HYQ18,4.349992
AEOGRG7N4WAUYTPHEZ4QMHNZJ3MQ,B0BXT384GR,4.1708207
AG4PVZMW3G6CBH2RV5CZE7HJMT5A,B014W0L7ZU,4.1376734
AGIGLCDBUMZT45LJEQR2EDJUDZUQ,B0B863M78X,4.854193
AHP3UQWZWRJBESHIOGGNP525A6RQ,B00127HZG2,4.6074653
AFG7DJM5DPJBHJD5QAX7GXECNFTA,B088Q6XF9J,4.692897
AHMUGCUTGCXKXMATCIJ5QAZHJ66A,B07685T8FT,4.218678
AEMJ2W2VK5D54J6XZFHALLBMHDZA,B09HCVN9M9,4.904335
AGXL56TLDRWEENDVD5QV3U4H6EDQ,B06XH7487S,3.9603484
AGW7SUXC7FRQYEDORCMJEIBFFO2Q,B009O7CE5O,3.7909245
AHZDFAFJYWCHQ6TD26DGE5GTVEXA,B08HMM1PVT,4.371699
AE6FQUL47GYURP65UOAKUUZT6A6Q,B07BC4KMQK,4.560156
AE2W7OBJ45J4J52CGH7OFWHQZJQA,B002NG7DEK,3.9344203
AG2Y6CDZNCG2ZJIUIGDIJYADCJ6Q,B0B8NXV975,4.7480164
AFU6WBRZTAJVURT36WRAOGXXJ4ZA,B0791VK6D9,4.205861
AFPTQLGMPPI4KEUDO7ZWRBYP254Q,B004XNK7AI,4.8844266
AEQBKUKRDYBAFYRSA4OHINKIHY2A,B07HHZ3X4M,4.376277
AF5KUQ4UMS74JRNRSNG7PRILECPA,B01G2KH9SW,4.8367934
AFG2FNXFLUYZCY7UJQVXPQQHVDUQ,B00OIA3QNQ,4.311806
AGZEDKJEUXQ3KK5D462HQZYTQWXA,B0BXBBGTGL,4.568548
AEA3DMA2VE4KGEE3XBVEOCRS47IA,B0002F4MKC,3.9028049
AG4WBOI27FQQ7JEY6CWCK3UEQG5Q,B07KB9QBQ1,4.465956
AEYSJZB6V2XGE7EH4YTAPXWX7PLQ,B0002E2S1I,4.354955
AHP2UGRBLKHCHX43ZDAOMH74675A,B09NDBVJXM,5.0
AEU5GN766HQJG2WCFWWLJSL7EPTQ,B0002D0EII,4.910982
AGHY2O33XXIXWLCU5A7SMPADK4UA,B09VGM7F6Z,4.2892404
AHUVBCTKQQ34MIMPNVH6N67MK7OA,B07PPDR5NT,3.8512285
AHAERNE47GD7KUT42ZDYVNJ7454Q,B07MCRMLF3,4.467249
AEO6QT73E5MQ3SXXA34IH4JP4JZA,B079HP2PFK,4.281634
AE2UOZSYKRVSGWNG4AU5AFJ752JA,B09T82W1SN,4.383393
AFGAABVW3PF4YATBL5EX5EGUVZ4Q,B08JMQR2JK,4.6379404
AGLQFICRV4ADTC5C5XNDBATOKJTA,B07MZYNZ1C,4.423617
AHAW3SX75UIROZFBFFEQDLG4LNGQ,B01H0PACWI,4.784711
AGHPBBUCMU72JNN57OKEFJ472UUA,B007EWHXM0,4.7488127
AECRT3TVTXJX4RPQM5BVGJQNLTFQ,B00J4A70M8,4.4096866
AFUVQSIHX2ZFBTV6JZYZW56SXXLQ,B015QK3GUO,4.8193617
AFYSLU4BTTUCFRDL7GSN64Y2XOKA,B0853X3VDC,4.3781204
AGZGFTWAUS73D7WKUU2ZYYOIACTA,B07B9W25ZK,4.6566525
AF5WH2KQNQ23M7NVENH7F5ORQ6NA,B019NY2PKG,4.183209
AGXTZT3VSWHFJT2Z6KTQWT4ILX5A,B06X9QRQ71,4.372718
AGCT56C3MLESH3DUYFDG7D7ME4SA,B07WJYTDMH,4.631284
AGZC34D3ATKE4SJ6V63B3VWBKNHA,B01CQ01SPM,4.9824233
AGLSNCKCAMBZTZKPFN3BY2ANTARQ,B01LXTBO7B,4.7056513
AF33HEDLD3R7575PIVJCBZVQ2SQQ,B07TJX692W,4.555107
AFJFIPK3DGPDXQAOPLESEBHIWZJA,B0BR2V8V9B,3.815596
AH7YWZ4DE5LS66XEUKXJWBKN35AA,B00CGFRJ2Y,5.0
AF6EOHGMVZ5ATEEXTSFSUJOGIXDQ,B00005ML71,4.7345967
AF4H7MSDHSUVEMA2BPLP6MWGITGQ,B0B9LLF1CN,4.7009587
AEFK4A22W4P6TW7ZVV2UJN7Z53RA,B07BLM53Z1,5.0
AGL2ZWEA33BCBPOZ3T7QRJ56XDGQ,B075MPFFRV,4.3628693
AFEVRXXYRPUOVSFNMCYIQDFS765A,B000J4I9VO,4.3964715
AGPU4VYZDXTREL2FJVIJG7VEIC4Q,B072271GQ7,4.6966023
AHSMYOSEDSDIQ7UCAJSDQAHPV4IA,B0002D01KO,4.7172546
AEFJEW5GQ5A5PG27ZXJ2ZZ33VCAQ,B09R3CJSR1,4.228563
AHJDJLCEUDPAII3A3L4TXVNBFKZA,B06WPBKDBW,4.4724894
AECTK5H3C3DQG7LIFPDHUVZIOAVQ,B0BKZ22NHL,4.428659
AGPS5K4IOLONOQXRCKCE2PQTW5LA,B001ELVCDS,3.2221825
AFJBKMTRSW6PJOQT6PTIHRS64DWQ,B01AA6BNCC,4.6137166
AHCIO4Y7MASS5GHGAZNOPPTXFTVA,B07PWKHPFG,4.6382823
AHD4DUQXQZWPVSYBWMNFCFRPK7BQ,B0853X3VDC,4.6850467
AG5OPRT747NAJPFQSSXAUBLCUVTQ,B07DLC9KYG,4.7784724
AEIFNJPLBHG7YN5IKRWCHRSO3W4A,B07KGF3MHC,4.325914
AH7JOU3OXKPMYOBK4JGJJI4BCLMA,B0BT8FDL8B,3.8389301
AG2XBVVPXRIUYH4IETE3DZT667LA,B00ON9WQ1A,3.512901
AHSAY2WIS63JDIV62RAQ63QGD2NA,B092LF6RLS,4.5740476
AENTHU4L3BLWQQ2EIOT3BPSX4MJQ,B075RB1KN7,4.253649
AEOS2ALLIKEV7WLIPXWG2346HAZQ,B092SC4XNB,4.6860204
AF77F3QYN5GSD7OBRNXYP5QGI6GQ,B071L8C6MW,4.6773
AHH5KSC5O5SEK7ANLMEXUD6ZAHDA,B07FYCQZWD,4.8260274
AEGXGQ46AQIHMGYZSTBTFW5G2XXA,B09RN7GR8F,4.353461
AERGPILRKONAH3OE4YYQOKRCSNMQ,B082WVKSNG,5.0
AFBCC4UQDHZRJO4QROXQXC2HVA4Q,B01M3P777W,3.4816737
AEOBVIDGSRKUGVMRGE3LYPVC3KYA,B07427ZHRK,4.6009126
AF74NQZGZTQG6CRKBJUSNCBAJNQA,B0BKZ3GCGR,4.271637
AHNXVAEDE22CRTDXPIPFLAXTINKA,B0B8NXV975,4.536179
AH5DNYOJOCIFAQLMZLGY3EQ6LA3A,B0B8DHDVJZ,4.2153335
AFMY6F6WJOAKCGFGT4P7XUNPWWKQ,B07WW5PKCP,4.8158655
AGV5EG6FOHTDDWOLXWMGQWQXDMWA,B0C5QKBX9F,4.3250523
AHJJQRLMCY4I7OOIUHI26OHAX5IQ,B015HG7HMA,4.6439595
AFU3TK3ERDCF2NTBO5BCE3U2LXFA,B0BHSG5C3G,4.5084176
AFDTO24ABREOG7VZHGM5MUINEONQ,B0BPLFP5P6,4.376469
AFHXAZFQLN6RWIKMW2NJGBOHSRYQ,B09Q5HWYG1,4.320047
AFOD2RS4CU7CGW6FE47EKKEOE43A,B0777QWVG9,4.993274
AHMNTISHI3GTTMZI4SRCBMCSEKFQ,B08GGYMGY3,4.057569
AFQBCVTAHQG6HXDPN7NCOHY2YS4Q,B0BFKR6YDJ,4.841722
AHUG47XGDRMNC2JUIIPN6W6CYE2A,B098KXQJVY,4.8471646
AEXACMZGHMCNZ5IW26NWR3TF7M7A,B09V91H5XM,4.7910633
AHP2UGRBLKHCHX43ZDAOMH74675A,B07Z8JCBG3,4.4583
AEYAHEVIBJLOT2XEBJTVB6TFAEEQ,B07FM97YFY,4.3267045
AGDPMG3RMPOWLR6C3OOE5H6SNF3Q,B01BHPZQ1O,3.652796
AGXOVGCVMYWP2GS6F52ZTGFX6OUQ,B016GNPTZ0,4.372468
AHRTP6RH7TC32Y3A6KBR7VFGMURA,B07MZYNZ1C,4.277247
AGYNPTCSVWDIHSPRI3W4BHC4TXPQ,B07MVRZY88,4.145165
AHDXXEF5PEIQDJWO4YHUNLKIHL2A,B00B3PB0PK,3.743676
AEIR2PDJQKP6MSWZW2UGJDDSFKFA,B012P7NEW6,4.944317
AEHEQUPVU7V3JOAMO22LARHBOSXQ,B00B5LCADS,3.8824728
AEGXDB7JPODQ2VIAIO5CQL4TVCTQ,B000OR5928,4.7994976
AEI72WLRE7LRYOAXJ6BSBCIZ355A,B0BPLFP5P6,4.072785
AHTCY2ZWS6KG6MDPVGHZIM3FYTIQ,B0013YGMRC,4.922389
AFJESFZNXTENLY7JFE4XFJPLH5XA,B083JVJFLJ,4.189006
AHBHS2NCMHS2QHUU2Y7YLD3XNNBA,B0BR2JC947,4.6662083
AGZFHWJLEXSNQAGPKLJTRIR3XIDQ,B005FG34F2,3.9695702
AF6KMQEODG3TRGHTHI3NIZ7CVD2Q,B06Y6BCX7B,4.3542376
AGOA27EHDRLFV72SKDTUT5YNR7LQ,B09JFGY35Z,4.9165783
AFBJE4L3HTPQ6HY2VHIWRN3CV6BA,B0179C3V7K,4.9669223
AF7IFDKD45ASPFXC4LOYESEA47KA,B0192JRA2A,4.6125684
AHHTYXG5DLE4VN7NQLY5LP6USH5A,B083NZZ712,4.193463
AEIPOYTRQ3WFQ3BPH2MME2QKT6UQ,B00BVH7C66,4.3633394
AHHHU6X343PMH2VY6SJIWTPSC74Q,B07V46KRD8,4.7660704
AEUONQ4YBHYWOKZUYAPLRTPBVJEQ,B00178JDCK,4.1542673
AHKZV2B3L3WPHVMNAZWK4YB2TQOA,B07FXPMKHW,4.8005605
AGCBRKJSQECOQJM23WHBKDDOXCGQ,B015QK3GUO,4.5165424
AG5ZVXXHEXDYUUODSEQC4XXV7DPA,B07Q6Z5VK9,5.0
AG3OUTHXSZ3WBMJLNKV7VLJV5NSQ,B016E9HCTW,4.0141983
AH7WMY3V55DTEND6PA4TH3BVGGLQ,B07F2NZWY5,3.8830216
AHO3QW4O6JLMYHDH5IXMXYJK2GHQ,B00B5LDMH6,4.634208
AGSVLMHAE6DKL34BW5AJANZ2HP3A,B08D4YXD33,4.302643
AE6E6N27YBWM3PPG4QJ24AQOXH4Q,B00P6ZOPP0,4.279702
AEK5Z5IGCZC3BOIAHEZKJ5LALEHA,B0C4FVS3L7,4.4578857
AEKVPWOJMYF5L5VLHTG4CLCEB7QA,B06XZYD4NJ,4.8071866
AEHL4256MLAXKYTZGAPQL75WZ6AA,B07TG9RWST,4.5728946
AF34CA4KPGWTVWQQBK4G3N4MUTXQ,B0BS8PZNGK,4.375304
AGVEW3UDHY4TFUWSKPOHJGRCYCBQ,B09S2VB3KW,4.529376
AFO6G74UZDWO4UYRBLXEAHR6EUKA,B07MW198RZ,4.5772824
AGFYUNPN5IMCAN7C45KXDXYHNGCA,B08F2QZ9XX,4.5241804
AHMGRS7F7IA4HM2AYAEU42MFFDCQ,B09396NY1C,4.1842527
AE4B3FG6SRTDDJG4T2CIYDM7HHNQ,B003LPTAYI,4.732657
AEBZKYDJAA4322KPKQGOPZAYIYQQ,B000XYFBMK,4.555539
AH2ZUW3SZDGAPPJXOWSTS2LIKLNQ,B00XD6EJ2I,4.503791
AGID6DHXZOL34MVLPDSCO42D6GZA,B075MLS97V,3.9842398
AEXJAKRK3BULCVCWLEQD4TZMYWFQ,B09WQTXJRK,4.524231
AF4WGPVVGGAVX22URXDVKYL7JK3Q,B07D5TR3R2,4.449318
AHAQPHIBI4MGNCKOVM56NOZSOM3A,B0BHSG5C3G,4.5518265
AHVJZIPGKB6EENMRVZGXZRWEQWTA,B09F98MG91,4.611864
AHRYPIV4HCXR343WAJYXC45LRVKQ,B00CGFRJ2Y,4.6965156
AFJLUJRHMALFEUHTNV7DSSJJ623Q,B09LSKPP2L,4.7473164
AEN5VFEOCM4ELH2ZTQHDGUZDWDHA,B075KL6ZLC,4.5826063
AHWAYCEX3NCWJD32JTFVBFXKUHOQ,B07WGKJY1D,4.498574
AHBV7TH4Z3WRRKXUIDAOPVUBIR4Q,B0BT9R8MMV,4.641712
AFZTZTIUKWVBHZWWXHP5GDF6QODQ,B08HC8HTH3,4.818003
AFZVUXBT3TNDBLT6MFQOAJ4I55YQ,B08R5GM6YB,4.4878764
AHV6QCNBJNSGLATP56JAWJ3C4G2A,B071JHJ9RV,4.418583
AHDORHGOBGGQFUSOKSPIMK23A7IQ,B07N5J1YNN,3.5580065
AHNISDQL2AYLH6KQOLPOHO4UDJKQ,B01MQSAU6P,4.2076197
AFN3R5AOXYR3BIDWAZWABBCFYJUA,B079L5G8FK,4.1825767
AH3QWAFMDYN7SGP3QF4YIM4YS26A,B075GQ4YP5,3.8334744
AGBG3KK74IKWJNQVMQAGVBWJ7FAQ,B081T636X2,4.836444
AEVSFJBESKDRNM74LZNGODJRERRA,B0C3LJM9F7,4.8576646
AEMNS2DOUVR6KZO3JN75GP44QRJA,B01E6T56CM,4.4387064
AE7GFJWCHUHU5XXNXSQERG52SD3Q,B0B4RWYV1D,4.3859115
AEN6ANHOT5COUFKFIQUZMB4XGIEA,B07WJYTDMH,4.1149745
AEJHTN7ARNOUDTWEPAVQP6FB4ICA,B002R9ILOY,3.7243385
AHLWV6FKLFZU7O46CIC4EPMK5NQQ,B0B7C52N2F,4.7541285
AE6PGN2WW447FQCQ7CQFTCO4L36A,B0BKKLR2Y8,4.1991897
AEN63GCGPS5MXJ44PS2DOU5UKYSA,B01CFGB8KM,3.6645555
AHMF3CETOSFHORGNDO7D6X32GUUQ,B07HHPVHYF,3.8308768
AEAB4LQBBULU6HIFVOOFFIPWDRQA,B08XVVC2C1,3.8630893
AHGQWA6ZHRH4I2PIDDXBWDI3CTRQ,B00DY1F2CS,4.187154
AG26VSS7RPKXVTAUH5XE3SEVZYCA,B07RRQG6LJ,4.7761507
AEOSGY7IDZQ7YS32FCMO6LJTTXEA,B0B81J9HDM,4.6855164
AFTPUNQ4NGIKJHIEUAFA3GQBUY4Q,B07DWKWLW1,4.9593124
AFA2RE2FHTN4VMX5HKI6YDBKWRUA,B0BKZ7328F,4.5275216
AGBB6RRNC5RI6PIQJI7JEQ5GPMNA,B0C5CTX5LZ,3.548611
AEQWIQ5K6LLNVFPBJTPKK4J76SWA,B009DAHPLU,4.722551
AGKO2DKAZ4JOGXIFYPDM5AZXU3RA,B00GGN4NXA,4.46128
AHW2G5R3FA7BBXBDIIGS6HFWX7LQ,B00HV8F694,4.3246493
AGNUSBUMRYEQCOVGPUQPEOSZ5WRQ,B07CQ919R3,3.956969
AGBRYKFKK2VTUEGQZB6BM4Z6B54A,B0749K3CB5,4.839627
AEW2LO2YEEIWZ2V7CPL7Q6JBM4HQ,B074VRW7PP,4.7763777
AE4QG7BGTHU5R5U3GJEY2N2GCHEA,B07BWMQFMT,4.309653
AFUUITGBIEU2J72MYFZXPRBY4BPA,B09TXQ22KG,4.8191557
AE6LBUCRJA4BYSOSQZRYQ7DCR6BQ,B003552MFI,4.178521
AH6IJPT5AGQ2REQG6M7HT5SAX5QQ,B0002ZO5Z4,3.9194133
AHYDSH65ZAO5BMP5AFT4KYN7PAXQ,B00A7KC9NO,4.2065125
AEPBFQ3U5RDTWMZJHZ2UXQEZZ54A,B0BYP5CC5T,4.6976137
AGBQLDJQ42HII7EPMRVHHP2ESXCA,B08LVRB74Q,3.9873662
AH54WSBMTMNXGHWVWXMKST7AW6BA,B0B92LPGD2,4.3536425
AFKCNXEIXNHATVJDGJHI6GY6UXAQ,B0BXZFS2QH,4.6610565
AHCTXCBORWAVSGY3WDDKO7SU2TAQ,B019FAKN4I,4.4242816
AFUZSTHGF4TSNO4WHZTJRQXAITKA,B018FCZKR2,4.435507
AHWJ4MYIREGTA2FCTJMYFGGJ2ERA,B07FYRDYRZ,3.565818
AG35W6GDZ6L4HFCDMMJEKO45S2AQ,B00GS41CHW,3.835811
AHWSZB7RGTT7VKF5ZLHFE35KAJRA,B004XNK7AI,4.622226
AHCLEFILWZQNDMN4L3LC3DJLZNSQ,B00B5LDMH6,4.476117
AEBRAOXMNRPNF4LWT3FICZ7KRP7Q,B0BK6MQDZ8,4.7780647
AEVIDOETQTYGFWUVJGTIDMWH4YFQ,B07234PV7Q,4.8634634
AF2CBWLZWCLXR3NKUNW3RWFY3QMQ,B0BFKQ9QXD,4.5615315
AEJ354XETZRIGFKZSCQ77RWYN2ZQ,B0BCW884JL,4.1607165
AFSBX23YWCK6UMDKJPDEE3JSHRTQ,B06X9YBVXS,3.7067614
AEMPFCS7HQ2Y6NGNT77N7LPZBUXA,B0CC665SQH,4.993554
AGDSRUXYPJXPQ7RPI3CAHSS6PQHQ,B01GGUTOFE,4.34734
AF3NJDOTMG7BRKDLV6UM7GHFC7XQ,B00BAYRLBG,4.4878616
AFDSDZ4A6HKSIFVTISXLNY4KBTPQ,B0731J628Q,4.4750547
AFPUPFU2NB4XSBE4EAHYFE6OCRSQ,B0BPJ4Q6FJ,4.842453
AEACBSG6VLBDVF4LZ745X6IQS5EA,B00TSCFIDA,4.66907
AH2IGNRPNCVDZH3RZLOHZG3Y5OOA,B082285YXD,3.7469745
AEVH5YZ3L44XXUNLZQH27N7K7QNA,B01BCQ12C0,4.4617424
AHL457VUDF43IDVOQBXFPGWTDYMQ,B0C5LYJXLR,4.291623
AFCNM3YI5C2PJ7RGSJO7ULK45GXQ,B0016OIIX0,4.782334
AFLXHZ2VWT2UBCBWEFZST7BWTQ6Q,B0036ECH1M,4.500822
AH7UOQQDCPZIWK42EWAAPCGDPJ2Q,B077DJBDZZ,3.7507117
AHOYUUCJQC2AISSMC3CEDCPJ4CCA,B078L11275,4.709031
AHOYB35WGREZCTDLU5UK7RB4635Q,B07RPW4PSS,4.3865147
AE46JXESDQQOX3CPKT4SU6UE66OA,B01DBHC9U2,4.2318335
AHSMTWPUYFJQEQKGDC5JQKF3WBDQ,B07PR9DHPP,4.5552206
AHJSQLOO6QGKKTISN4MESXX4KIHA,B015WUVA5G,4.596086
AFFF67RV3HP77VQ5APIA5IBUNYAQ,B0002OSCPO,4.231242
AEJFDCNUNEUBA3QZTWMKL2QIYOPQ,B00Y0CG9YA,4.3289495
AHBERUF4M2B6RH5GWANC7POHYIWA,B07795XHLH,4.040251
AHY3P536MRDP65BQ7425KJIC765Q,B0043NQVJY,4.743291
AEYVHL5XEPNEA2XJGVG2PUWROHMA,B0BPJ4Q6FJ,4.694963
AG4KW6SDOPLIZ2Q4ZMG7CXYA2XCQ,B075H3NK7R,4.571675
AEMCTOWA4Y7TVDDMMQB6PTBT7WTA,B0B5D7JW6B,4.3699236
AG32TQXMHJ7SQIEIC7NPE4SI6AYQ,B07DWY44X8,4.7845945
AER5QDAS73DK4YQMARYZKXQDDCIA,B09Y1QWK5W,4.701771
AF7PHXT3XKR4T5OY6VLNPSLIIMFA,B07T9NM5QR,4.4687896
AHOUKQ3IRAEAMEHDB6U4AMB366NQ,B07T19X6YP,4.0501237
AFTWTCVFKL5GDM6YHN5ZLLXS4DOA,B076ZQYPTY,4.759482
AEGRFNR75LHVGYTL3S7KM6GK46QA,B07NDFFKJZ,4.287687
AHCLGHTHPTV3ODGOQUSJI5KT5KXQ,B005DM7G84,4.4373765
AGSS2AHFN2Q453OGXRQCWBAWMFSA,B000WKW8EY,4.371328
AEU6XHKEJAVSZBGL2YK4II2OUSEQ,B0C67HCGBR,5.0
AGVCM3R5WP4HKBBZZ5LTCO6U7CZA,B0894RHK93,4.870974
AFNM7GF3MJDZY6V5JXN7BCCP557Q,B06Y3MBRJS,4.465664
AHU3JRE5VZZ2UJ4WWXYBJ7FKUM4A,B091YFQGCJ,4.644367
AE5NHYE7QHY5NDUJTMYQIUT4GPZQ,B09MQZ8VWH,4.2012653
AHSAPOPT4FEV2BSC64GQUHU5PAKQ,B09CF6CL5Z,4.383957
AFOOI5ACUEN6EQJGID72GT2LDZAA,B0007TYPZA,4.9668846
AFTTEV6XOTXQ63ZHYDUOSJ73N6WA,B0BCK6L7S5,4.354016
AEJRAI75WPYAHLU7P7NQVQDYQW3A,B01AFHSS92,3.0255249
AEMUWOGQ7TO6DJKFAKMBPZ2TEDHQ,B07NWZSBF3,5.0
AGIJFL4R5TAGREX3P4MRA7IG3CRQ,B001EW5YQS,4.0732374
AHOOMRPHHCRSWE7ILQ3FA5MLZAUQ,B004GWQM1Y,3.999501
AG4IZRO7BIHOZQDCH65GF2N4OJRQ,B00C5GZU2K,4.4280396
AGYZUXIZBE722EPVMRXGM7GMFWYA,B0BBPQGSZ6,4.5697627
AF7CC34DK36SQJS7WXI44DREGWJA,B00G964BUY,5.0
AHU4TGHXLUATFJ2AYXXXCCCZOQ6Q,B07Q9JB3CF,5.0
AHNSPXAYSM6UVQ22WMIUMSJUCVDA,B0002MSQVQ,4.5465083
AHQYKFQSALRRFQIZLR7QQZTXP5HQ,B07J4Y1XZ3,4.4642124
AGAHOWH4BZ35HBTGXRRC7P35LEOA,B00ICIUZXY,4.2383304
AFYGFCJC43J2XHGJPLBPPACRLCRA,B0035LCFRW,4.75581
AH4PCTM7BHVUX6WCGJB5PNS6K3JQ,B088DNMHKZ,4.372467
AHJBRDZIS3BYBISIRTW4ONRLNJMA,B0C61T841P,4.7503443
AH2WPG5KN5BDQ2OFGSCFPZR24UCQ,B00G3785WO,4.5576982
AFP2W5EO5KUKR65IEVIOPK4YBXCQ,B0B7C2NM84,4.0923905
AGN7KMV3GSGCBANTJAKIHDQYEFJQ,B008BPI2OW,4.6974916
AEUTHNALJONDC2QCK4AOXDN7RLGA,B00B5LDMH6,4.6515946
AG2PW23TNWB4BYACHY7DDDTHCDYQ,B00646MZHK,4.640028
AFHABO3IHDSN4KN4GZLDNFGSVSNA,B07TXTJ9CN,4.45677
AE7GVDNRY5NABEP253Y3GMDUZOZA,B0002E1VUW,4.38858
AFTLM7TQ32JZRHMPTIIULBY6DA4Q,B0BFKKVQZT,4.143491
AE7EVXVTRZV7QON23BTOMC7L7W3A,B00HSP6KGS,4.412859
AFH6AUO7HH5PMJBRBQGQQKDV5HLQ,B09TZWTFQJ,4.580951
AE3K3YK34ZBYG5JEV2YJ6NQQWTAA,B01DK1ZGSQ,4.795213
AGW4GB2VIHMPVRKK35QXA5PY5O7A,B00I6JGPHY,4.0400124
AFG2SJMPR5KW3BMFTOXGVBTDQW3Q,B000EELBQ4,4.3022165
AFUOTG3XTETQ62JX4RBG535YHF5Q,B08Q42TDNX,4.31702
AFPIRSAROIQJGPSBTYYFZ6LCFSDQ,B00460AIY8,4.461126
AEZCTDIBXZVKKAKKKKWSXKPN2MVA,B08M5GP4R4,4.5948186
AEHAOAYZZPRN6AGCPB57Y64JRHGA,B08T9CCXZB,4.7243557
AFUC7GTWCVAJJEZ5UX2FUYNTX56Q,B00T38U7HQ,4.932647
AELPZ4L6SBDGVM6LTOQFTBJNHTTQ,B0B863M78X,4.631015
AHAIHFJL6RGSQRFSI7RXMRJF3VJQ,B000CZ0RME,4.268479
AEPIBDY5VZBDD46DVEAA5YDTJ6BQ,B00UTD0YG8,4.5822964
AGDGE45XMVECKBID7RUI5DYSARRQ,B004SX1BCG,4.2438264
AGUGTCTCOHWX27GP4HY7DXJWA42A,B07DWLYGKH,4.4617467
AHZKNVTNLZUHNYE56UALW5L376FA,B01E6ATMVC,4.5333805
AGMAQW3YOWHJHUEQ7XLVKCXEQ5LA,B0B4SGJRHR,4.4738107
AGU7QPHJEV3I223SCEK6WUYKWCQA,B085JXWDPC,4.2670794
AF7Q3BESM2J4ZGMO33U22NOH5N4Q,B08T2GKXNG,4.16401
AG6DCMMH6QAKQBX5R32MBRHYPEUA,B09JYHK3KF,4.245014
AGKK2ESNN5YDPLEM723AYXM6Q57A,B0764G5LLF,4.354338
AFIQINUQGWBM2V77C6RACX6CB2KA,B09NLV5LBK,4.4855795
AHICPR4QVQ5FMDFSESYDMTT3BDZQ,B01C189D3S,4.467921
AEC5F6TB3IB5HVKMUBAK7IHJ5APA,B019GYKGRC,4.6002245
AFZF6TKKPUMKKB63FCUUCNYUMUXQ,B0002D01KO,4.5642877
AGTW6EIKVNWE4ZGPPO4BOIBIEYMQ,B001GH4H3W,4.667177
AEPETAF7OIZ533QUDAMCY7TZVS6A,B010AFGUXK,4.451674
AE4YPIJSDXWSKOUGYF4SDK4SBLFA,B0BXT384GR,4.298669
AFXFM5NXAVT4XKG2KKN2VKJNELLQ,B00LOAAPKA,4.556052
AGDLSEHQJIHHVM4WEZW4TZ3UP2EA,B0BZD23GWH,4.7570524
AHROUXIVZXJZW4MO2AFN3ONK6DTA,B00HX9F3ZS,4.818828
AF3NOA47IJLZ3V5SQBOAJHUYDFJQ,B000CCSWQA,4.564284
AGTTMVW43RNZJSHQU6XL72TTTJJQ,B0B8SNVK5K,4.742038
AGZ3QMLZOWSZJPXAPSTGORHBPVQA,B09Y1QWK5W,4.729699
AG5VPLIV35AA6PZ26WYOLICVDSOA,B079SBHJG2,4.1468
AEZIIYLOX32LD5NZCQHC6RM5FJPQ,B00MS7GAXE,4.808541
AGUL5JPSQGFI3L577EYSVVN6UW4A,B00MW47D52,3.4907978
AFDSDZ4A6HKSIFVTISXLNY4KBTPQ,B07KYX3S8X,4.5851192
AFNKBT43T4ZU57H4SVLWIEB2RBIA,B009756KE4,3.5167031
AFZXFNKXADRAUQ2NEDYY267QINIA,B096N9VDL5,4.163058
AFEJWAUYO65ISM7466PZBVNE6AWA,B0891WVCNV,4.7547827
AGQDLCYLRHEYZCPRSIASZ6O5IH7Q,B004WFXM8Q,4.6877365
AEP6P3KJKABIZ2XBA3OQKRHEB3WQ,B08DG2LV8D,5.0
AEL5CQ3X6KXRV5WYDVVDLDRSVXKA,B081F899LF,4.2200704
AHHGMWJB7XA6STPOVKYABUZ3X46A,B0BHSG5C3G,4.706943
AGLNYIXGIWLM6XPIARAHD2MHUJQQ,B076GHR7DN,4.7141814
AHJLIZ2I33CYSBMESAQRJ6QOIKKQ,B07CLJ3X9V,4.912028
AGCZ3QLNT5PPADTVY7CUGUI3VNPQ,B09KWWS7DH,4.6980715
AHVTPXABLBUBOHIQYQ3QQG6WR6LA,B0BNVFLP64,4.4488635
AE4PQQ2BQO6IGXVLTI6GBFCNC7YQ,B015XTFNP4,4.8375487
AFF6IT5MM7GHW5HLHWHVMWPFNUPA,B086RHFW8Q,4.6610217
AECHOIKAEH2LO65T5MXU2VEYDXLA,B0BKQ6GJ4Q,4.183967
AHQD6POMHRBDXXOFWU7URVQADS4A,B07V3G21HX,4.3016114
AH523GWJBQYNOABIP2MMVG52UDJA,B01K1EJQ9U,4.5934744
AEENSLZS6WAJQE7GRMNHI74TIYYA,B077Y4J6LK,4.3245955
AE7H6JSPLCW25AV2FFZWUOMK4Z7Q,B0BRQGJZXR,4.282971
AEEGBXTASTDNNZE2QXR5IIGX725A,B009B3QK1K,3.493736
AEAMKS4TLLFDJGAGQRDRVWQKTTQQ,B07Y6TM959,4.7296314
AGTTMRIFEHUY465FSDBKHC7VO3QQ,B0817CVBLV,4.493475
AGFYJV3I5PY4BEVYZ7ZF5M2TQ2MA,B00H7Y2ZXM,4.2557445
AFLQPQYPYU37DCI5FTQVUS3LRHAQ,B0C6J2DPBW,5.0
AEJZFZFWZWXIG7HSGPV7HHQXU47A,B07DKXHD23,4.3969655
AE7IOTV5KHC6JJOWIRCTXGRLPXLA,B0B5K9HNRZ,4.916891
AEAGSWW4RVIR4L5BH4MVOV4X23ZA,B076ZSHQ47,4.458704
AF7L5HEKBLHA2ZJV3W3WEJHAS6RQ,B07FY3DN6Z,4.760055
AEI4IG2E3DB6EG77RG7QTQWIO7PA,B07DKZZPMK,4.143735
AGMVV3CK2WFPFKXOMYX6F7KVQOCQ,B0BSGM6CQ9,4.799009
AECRFIY3HZZG5KMU424HTLAKDGFA,B006Y2FUW6,4.2841706
AFDTKZQWHY7X7WCXKNI7I5OMV24Q,B09ZTWQPCH,4.0518174
AEHTWU2WWGU6QC77IAKXIEKJVDZQ,B0002ZPK0S,3.7643375
AEDUXNERFORVFJZGC54KAAYSVA3A,B06XPJHYDH,4.4800973
AEVXF65DTCWQ6CRAJNNOAIQRLNTA,B08NYC91V2,4.345675
AH7XO376URXXCSK332KEPQOX4CKA,B0002E2O2Q,4.4591923
AGVIE3SEBXB423WTCXJXXU6GJHWA,B002AKVQK6,5.0
AEUGTL4YUP7YPR5GR6EEWVUBV72Q,B00RVE9X06,4.428119
AFB6ZBPMGBPQ4P6AUSRS5A5DNHHQ,B00RWF76NK,4.271878
AGRIXMGJZX63BYJKHN3B2MFPCSZQ,B003QTM9O2,4.4946876
AGMD22ISCSNBD7MO5OHF4X4OZAYA,B0BZK3X11C,4.351091
AHDDXHXK7YKEQAT4XUIFOPHGXPOA,B07JCW1KGG,4.5478296
AGNUX6FLI5B35IF3BOO5UMHR2DMQ,B09CSNM1YM,4.5618644
AEVMUYW4QOI2KRXFKTAD6XHBOTEA,B0BPKH4HB2,4.3421493
AFT6HB5DLOBCIEFNEHW7LC7I5EEQ,B00BKXN9LS,4.0559163
AFGDL6B7XAOXCKQCPE3VIKORLA7A,B07H29JSW2,4.642917
AHZHSRRNEBAWENEVOD7Y5GJJAF5Q,B07XW3XD9M,3.6466753
AG5NEBS3VFNQPNWGGXYQNRNAHQTA,B0BKR2ZM9X,4.9573855
AHI6VKDBMMW3SFIELB7FTNA23GLQ,B08MX4Z69S,4.3223243
AH2TYI3CFL4OKNP3UZ7LFILYMODA,B00C86FA0E,4.3961716
AHWXEOF3AV66R44YXMV6OL3GTLWQ,B082Q2Y9VY,3.7834854
AFGQTSA5VSAM326LO6ZKAIWIFK5A,B0B1989GQS,4.2328286
AELKTYI3IJD72NC2XNTKIBQXISFQ,B07Q1GKMHW,5.0
AE6BYVUHZCRER7JBO5CFHJEOHAVQ,B01M6C0Y4T,4.1523957
AE76MPFI6EGHS7HMMTW3SXCLVVKA,B0BKR2ZM9X,4.805996
AFLCRJREMULJV5T7IK6CBKWUTJEQ,B015JTEBN8,4.546296
AF6F2APVKRIOUONGEZECMR2B3CVA,B0BS6HRTYM,5.0
AGHYA4YWNDRQCRJIYMIETBE5GOQA,B077Z635YX,4.713827
AFSBX23YWCK6UMDKJPDEE3JSHRTQ,B00YJ5C46K,3.821342
AFESQMXWP4XIRXTUYYBEQYFUGVDA,B09LTZ1QXP,5.0
AG25BHPXN3IJ53EHA7JCLMPPQUDA,B0BKZ3GCGR,4.2607303
AHB23CY7FVVDASDABSXKUQBMGMEQ,B005KR15HU,4.199137
AHXTCFJKNZFKU7LCHHP3X52UGHYQ,B0BGHMQJGC,4.952515
AFUHPP3DU74RKKXMDTXDKRSQ2BEA,B0B3VKD9YG,4.290772
AEY2NVJC7XMQF5GKEN3SAIPBN6FA,B0899N9BYZ,4.4017024
AH24AXIG2WSMXXKEJWCZOCCBYP4A,B07KDSZ2TJ,4.4440575
AGJ4XF6MVSXI2HMTCU4EF3JWNMBA,B0089NNAZ2,5.0
AG5SZTGY7NOOTMAAINWQFF6ABKOQ,B0006IHLFI,4.7131352
AFCLOTB3P3EXMIQAKAZIP3KGAYQQ,B0776RXV87,4.1862726
AHCCPJ5DAAMUBK4K4AM56752Q47Q,B07ZG6ZB6K,5.0
AGR2HGNGBX6TFVFHQFKXRPP4B22Q,B01LKYTQOK,4.9161663
AEGY4M2W2G7TDWBR5YPPSLPSKWUA,B0BKR2ZM9X,4.961934
AEQP2NXBADXJISSIYTTUXUBBKVEA,B0BKZ51ZNF,4.1759896
AHPVI3OB4ACS2O5IZHURWVZBW5GA,B0BCK6L7S5,3.955212
AFOMZPIYSXVAK3NJUCP6O5SXVV6Q,B0BKZ3GCGR,4.9216433
AFIMPB6NJRER6XOJECJLPEVZ376Q,B01DN7OC00,4.535386
AEQKLE6U7TJCGBHR6ZJGSYBK53BA,B09Y5NZ8PN,4.4644294
AHQ7UIJUCTKYWL6SHF444WJYBZPA,B07T7ZSJXH,5.0
AFERHIL333KWT5WU7YKEOPSUPNSQ,B09TSX4LRR,3.793971
AFBVKQ4TBCCIG7N5BOIREJ47BGEA,B0006I935Y,4.241218
AHMISJPGXHEYASCQVCZF7HRA3HXA,B015HG7HMA,4.5379295
AHVI43NDUURIE32PAEBBA6XGXGOA,B015XDJB9E,4.187501
AFYARBZU7G5SNM376QLB2LAN26EQ,B06X9KG3HW,4.8686514
AF4KMM2FTBZGXA73A2GREYOBPUWA,B012F2891C,4.4528313
AHCDQKCODVZFMU37AXNWP4ZO5DWA,B094CH1B9Q,4.0767593
AF45I3GRZOWVCAOUZTZP5GWKYACQ,B09BF8XDF4,5.0
AFVKFJG4GS3B5ZRY5WP4ZD4QRMHQ,B09857JRP2,4.980705
AF3HCCRD73O3FDIBO2MGDFGSP6YQ,B07YK57N2M,5.0
AFPWFNBSJ2BTR5JFERVM3G36OGYA,B00JXOCJDK,4.669933
AEFE5OPBDT3RILFM3R3IX7XO7HGA,B0C5CTX5LZ,4.166063
AFVMYR2FFXAFJFA6PH4DKH74VWZQ,B00R2IPGAM,4.949781
AFOXIZ6JE4V3UQTNXLLYRQBQP65A,B074G53Q94,4.4466305
AF6BJF7NTWXZHYV2R7EE5WN7GGOQ,B09857JRP2,4.990568
AERBQKR3V6LV57PTQVWP23Y6GRQQ,B09T7NX5K7,4.745246
AE66ZE44XDI6BJCJSOSKG6MBWGGQ,B08JMQR2JK,4.5311856
AGGNUHX7SHFNTW2BXMX3L6IQMVJA,B01KHP70Q4,3.449743
AFQTVVXBTAVRD62ZRIY4VEKJAXCQ,B08R5GM6YB,4.5046353
AGF3S7SP4POWQFRMEHW3EKQLDQEQ,B07RYFLMKR,4.435785
AE3AHNSAV2PKUMPM6VJDZVQBI24A,B07BFZ2KSJ,4.500482
AFJTLZY2NBAFQGLY2WO3EXQ57IMA,B08JMQR2JK,4.664615
AEGMU3LN7XWD4BZBYRUI3H3P2PTA,B07T1NNR9J,5.0
AHIC5S5WEMJBL4CTQTEQMMPXYHOQ,B00TXC247S,4.7192907
AFMLW345SNBGK3JEAORUARDH2XCA,B015XDU5C6,4.554912
AEHEDFYDQJCBL4NAZQNLL77LZKLA,B09PWCF6T9,4.9059777
AHNHO36HHQWJMDOE4WCC6MQP6IQQ,B08BN4G8GG,4.641213
AHOAWBCSTIAMPQ5NXRG55NPC53XQ,B09R2XFGH4,4.7665367
AEHZGXSDEAGUASHTS4WCKIZ2RAWQ,B01LEEWO7C,4.20483
AEQZCIHPL376ZN3LRVIK7LKIO6IA,B0BFKQ9QXD,4.512237
AF5C267YUPX3E6BS5SVVTOJ7MZRA,B015TBAAT0,4.6525207
AGWJ3WOKO6JPVGAPDSYZJCAOAD2Q,B08DBDD6CM,4.745564
AHOIXO4BNOZJEF34VCBF2623OR7Q,B072HMBSND,4.404867
AFSVCKU6P4HUUJKHLWQC5MSI6NAQ,B0BK9ZT28X,4.9651327
AFFQDI5IDC56MNBDE26K4N67JNZQ,B015WYRWYA,4.9628897
AGKYAVDS6LE7DD2FVDSRKE56R64Q,B072L1GZS1,4.487323
AGACPCDVQI5PYLAMRF4N42CZ5JYQ,B07DWS1PTN,4.646555
AHRHPM3CBEFVTPT7K3QMG2H5N4GA,B0BKZ6JR1L,4.6292253
AE7XSUWVSIIVOMXCCM5UA33WEGMA,B074QKLW4N,4.425204
AHFFQF7F54OARQ2OOKA3ILYMRK2A,B09KWWS7DH,4.7108994
AGSE3WV7SGP44ULL3HPGIDU6BY5Q,B0151KT2B6,4.492799
AHJ5E6U3NZBRT5TDYJIDVAR4WMVQ,B0C1Y5KJPX,3.9053352
AG5ZVXXHEXDYUUODSEQC4XXV7DPA,B0872CS1BX,5.0
AGASE3XTUSEWWXX6RV5KD4NDXFAA,B0002KZH9C,4.7916975
AHLFISEX2ZHKDZEVQ6JJUQW2FP6Q,B077GK1J7N,4.643621
AHNIRBHHFJRLSXMGAII6GIZS6KJQ,B0B8LYBTXZ,4.7160435
AFPBAKD7M3P6L6C6M6OQZYEAJ5OA,B0072LXG2Y,4.989024
AFUA6OB6SCWBKSYUGQD36JYUG6EA,B081T5GXGT,4.6156025
AETTWO5NLVUFBUSLI4ERXLEBEAXQ,B07CQMZVYL,4.419062
AHN4URYKUCQ4N4H6ALR2A3W64GIQ,B08V4NHDD1,4.489538
AG4V5XXWHDNHNDQB7LC53EMMVBBQ,B0C6LGVWBR,4.322521
AHWRM6MTDIISQLIKSQ7WG6JYPXFA,B0BRSK33BC,4.488437
AGNEJAU2YSULDNEJHFJKZ3WLDIQA,B001P33HVK,3.629296
AFSPQJJT2RCSSSO3O4MO4IJPETLA,B0007Y18UA,4.2768908
AGFXIC7CBCZ7S6TAQSMYJTX25T7A,B00HU260SW,4.3151093
AHGKRZ7262OXWYK3MW7SRF6II34Q,B00724YJJ0,4.0037265
AGA4R2ZGTSIJHDIBLG23AMNKJ73Q,B0BT9R8MMV,4.870354
AH44K3RPIQMVWG2G4EB5FPVIVUEQ,B08FYHSQTZ,4.187484
AEMOOALRVX5GJZFIDTWBE6LD77CQ,B00DY1F2CS,4.3333836
AGBX2M3IT2QUEK7FH7FBJX3IIKUA,B0002H0BZU,4.9740567
AGOVHGOTW22CLVIRUIW4JG6BB66A,B01DBS2U9G,4.333602
AHQ72YFKLA3Z7CUMMDNNVDPLR7WA,B003K16N0C,4.3597255
AFH6VTF4HK7G6XEPGKMJS54HS2BA,B00ABMCHOO,4.5412283
AHQCDCQ5VFDGM74DM7RQ737GTOYQ,B0B16WH36J,4.6663218
AEAO7MGTW5ZXQBBPPW7ZW5JU7OFA,B07DM7T23J,4.059545
AG5QH47JHVYT2XEZI7TPJZIDRCJA,B00IFOTSJW,4.8371563
AHMRQ5BGO5EBOFVVGOECBWCNEESQ,B07S9X47LT,4.569664
AG6FYGUMXO4TSTPFWPFTNHJXC7WQ,B0BK2ZTCWF,4.8223224
AGBJAE2I4KB4GCVNGK3CVXCPGGYA,B09RTZ26KV,4.40694
AGPU4ANHDRQEW2M6F7AWFLXSXFNA,B08SJY4T7K,3.7796347
AFO6QHRGRZDTKQC6SI7V3F23EPYQ,B08R5GM6YB,4.4076567
AEY2D6S47J7ZNE5B5WHDGOMTBDRA,B06XB3FQKB,4.632803
AHNG3NRGEDYO7E44QMYDHMBADPBA,B0B2LSX437,4.4250693
AHHHU6X343PMH2VY6SJIWTPSC74Q,B01LYV68RY,4.717774
AHLFNMCO2C6QX2MXA67OMESJWMJA,B00X9OM9AI,4.169132
AEDJWFGRV2TQQ4MBPEW2HWXBIJQQ,B0BT84L827,4.789519
AHOEAFR76BBEHYKBUJOARRUUZXUQ,B0C5D8X3JT,4.241782
AHEMAURZYRCARVTVF6CQYTYE4I4Q,B0BK5CXZBT,4.9837804
AFU3UIBFZ27X4ND7JL4WDM4BWWUQ,B0B927ZR1X,4.6601343
AEY7XWU3UUYRDIZRWS3BOL5WCXMQ,B01E6T56EA,4.9241
AH7WTH5WIOSENLQKENY7ZFUKFFOA,B06X3R93JH,5.0
AHAR2WCDFYETREAF7SRKJ6T3RMKA,B01LYM0TU7,4.5074153
AGOTIZH7DO5TBSSAKDOMYQKDMDSA,B0BWSLC95X,4.7598424
AHT4MIYEH2QRDBU6EZSLLSR6DHGA,B07C91W874,4.267779
AGZ3LEJIBPYXZZQ4PCMSOBFEKBEQ,B00WHLLDWO,4.497134
AHWEFDLYUK65S6GKOH2OB5EZXK2Q,B08F8NV6JP,4.722561
AGBIJYZ7IEINJTEABKHPXZYE3XCA,B00IYGR316,4.3135705
AG7OXBZLYEUB2RGFJE3M4YSODTQA,B01GV1ROPA,4.904653
AGEJBHASBLTFJKEFNWWWQUY4BZBA,B00WJ3HL5I,4.1050625
AHJ6CRIQ43EJYLQZ6NA3BH5K76WA,B00L1LL7DQ,4.7528076
AFXAOSP6DVC5SKYKKZ7YWCLSZXVA,B001PGXKE6,4.520598
AGY4LSANTCTFGGXVHUO6BBDARX7A,B0BMDF94FH,5.0
AHQZ2NS5S3ABY7JYVNXD4LCOD5MA,B000VJZOLK,4.534084
AHSIQ6XXQM27XS53U5KJXPJQM7QA,B0713YCK3Y,3.7355552
AELR7SP5EGJFQ4CK6PEKBOXY3IXQ,B08R8FSFRB,4.2473564
AEZKUSCAQI233DQ5QHO33MLVQWYQ,1423414357,4.2970057
AFN6N6Q7OHAEP7FXRONUUN2WFO7A,B0BTC9YJ2W,4.756906
AFMPAORO46YEZSKP237NKNPARFCQ,B07CBT4SYD,4.6735873
AHOEAFR76BBEHYKBUJOARRUUZXUQ,B0BSCF2FD7,4.33364
AHQ44RQY4L6L5JFMEP6XZMRC7WXA,B0983RZ6P3,4.883939
AFUDTLQNMIHNKJPLEEGTYG7JU3WQ,B0002F5IJ6,4.1371145
AGDUZDJQUH2MA6Q6RBVBVV7FIAIA,B088RC37QK,3.7292995
AEMUY3R5V2OTJGLA3HKDDYTHN6QQ,B08Y5QMCYQ,4.4556656
AECINQ2KJWDR5GR2JWVIAEPGR2SA,B091MZPYBQ,4.6107965
AE5ZMMF66YZVYG2JZLE3UDAGVYTA,B005SUS2YS,5.0
AGEJWLMA7VCEWQQFI4FOPYIMFW7Q,B0C3LHCRJ6,4.4082713
AFXCILHG52QQU6OVFOX6RNAWA4CQ,B01NBT5ZP5,4.7943687
AE4X6EDOWQIX7OUSMRWSAHHJ7HAA,B08JMQR2JK,4.3884616
AH4AZOJ2PGCRKTDED2SGZXOOKRGQ,B00TV90MT0,4.614392
AGTIWTOM2GUUFVUU3FBFTFZBI6HA,B098LHYD3K,4.656694
AHFZAFS6N6PCSICYG5P3BEEBO57Q,B07QKTLN2Z,4.2305784
AGOFGZANYMUDHB2NTVTOW63TG2RA,B09JMYM88H,4.48075
AEQK6QPYSQNUNNZJ76ZMAPCJOHIQ,B08VCYR3T9,4.6126385
AF5XVNQXEWRDQHIEK4RIJU5JZGWQ,B0002VSRR0,4.9476643
AF6UOGIEDOPIQQVIVG4LISE7QJMQ,B09BFBHQ1T,4.4843187
AG4ZLTRHVAZRU33BPY5Y643IZXPQ,B009IWNWGU,4.8922324
AG5EBSOOD75MB3YZVBKH2Q5GDYKQ,B00466HLWO,4.191592
AGXZVBAQ7O5AXLHRTNEZ4RPULYSQ,B07TDNWYSB,4.5800033
AGNM5MOSGUVFVLSCZHUDEMSAYIAQ,B01NAZMWZK,4.20088
AH2OBRZXXMVOFKUQQUGXFSGIMYPA,B09G5KLKX2,4.397422
AH7WMY3V55DTEND6PA4TH3BVGGLQ,B06XXND94L,4.716918
AFNY2S3YRSPY6NST2O2SQFMSFRIA,B06XGSXWKH,4.7067795
AEZJ2TGHQC2AYUZFDM4Q6YX4LOHA,B0002CZVU0,4.29625
AEDUKEXOU3LRYCIRYKYBXA72HGBQ,B089QRBZQ8,4.222313
AEYZHA3LZJHOZJPB7AU75VO6DYSA,B01NCBLF4M,4.7210746
AENN2BGZN2YQ2OVGQTNXHLQ5W3JA,B00KZQ1VXY,5.0
AGBXV2ITIUNKFPPCLLWF6YLF57NQ,B07KDWXQ84,4.223816
AHNLGFONIDYSUIPCHGTHAMDIRIYA,B0BHSG5C3G,4.468039
AEBID3HKBMGORBEBUBAZWS2FFQPA,B074T6YNSK,4.7117863
AEYTL6EEQHOMLGJM323OWT7BENEA,B015G2AFTW,4.1099753
AHPD47TVAIQ2JBQNAYV7UOONY2VQ,B016B6YFDO,4.360277
AFVSSJ5QSQBZBTAVR5XHF6UQQVBA,B097Q9W8MW,4.13516
AGDLJP5QN4VUKOF7QJOTCCUVUGJA,B019OO4IY6,4.1632414
AEARB6VONAYLG7F3CJU234XIGWWQ,B0C3DPLVHB,4.430751
AGHLAYBLKOMA7JAM2PKTKEQ7EOMQ,B06XG21X1X,4.7226653
AFDZ7Q3JWBSK3MEBNMHFMWINWDQA,B0BZQ1KTY1,4.4323177
AFFD2UVMFK6ERQ5IEVQTRLTJ5CEQ,B0C3BSXX6N,4.245615
AFZFOI4JUMS5UFMVWPLAVQ3ZM2QQ,B000J5UEGQ,4.7247953
AHL4BCH2O33HFN7KSBTIJUHCJYDA,B075VHF7DQ,4.8537965
AGVA2XYHJXQQF27PYZPFTMFHH2UQ,B0BZTB9B4X,4.262359
AF4QLGCACAZ67CKQBMSQNC6TIOSA,B0B8M2Q1DS,4.268177
AGFSF44SBWIXPONDUSNCKXDJHYNQ,B09ZTWQPCH,3.5470028
AFPEIQYVFZWLQZZKR3OXZSMGSCTQ,B01LZ7ET20,4.376825
AEY67UM6R2R2XFEAXAXMWTZ4Z5UA,B0919GK359,4.978298
AH7ZHIIHLTW6SQQXSG4EHYYWTAAQ,B0BPLFP5P6,4.21664
AGETR4QIMGHVFE3QCL3USO2DRGIA,B09M7F7LFB,4.9061975
AEAQIMWMCUGLGDAM3BRQ5LCN3CEQ,B00J989VV8,4.374724
AECRC2FDBKONKCHSH7GPRZ4M2CVQ,B0041T53JY,4.7066813
AH6QSJEXBISHMQ3M3THWZAKMB72A,B018FCZKR2,4.231862
AG2PW23TNWB4BYACHY7DDDTHCDYQ,B09G5KLKX2,4.539774
AFGATCB23OJ4PTUAPGTIT2YZIELQ,B07YMGPV7P,4.8159075
AFZJTKAUHOMRSPYPQD5IHUVDML4Q,B09LJ2796G,4.670238
AGFLLRNTYZI2ZIBXZFWZKDHOJ6PQ,B00HK1MLKY,4.5686398
AGJDAPR767ZLTFPQ2EH7SKIWCVBQ,B0BLJVX35M,4.5198026
AGY4LSANTCTFGGXVHUO6BBDARX7A,B00LMC2PNA,5.0
AH5D3TL2SIYIOBOHO6PK6HKB7IYA,B08R5GM6YB,4.426681
AFCCD5FKMJUMFTWE3OYSV5TZEGEA,B07BSHS3BX,4.2977386
AFHIAAZ52G52AQAAJYBA72ZM67GQ,B09WHG3TX4,3.6767483
AFROGD4V43PJTAAXM7VM65I7MSNQ,B07S19XSPV,5.0
AGUQK3H25TSBTIMF3Q7DS7GPIJ6Q,B0BMT74KX1,5.0
AFB6ZBPMGBPQ4P6AUSRS5A5DNHHQ,B0B8Z76J32,4.6960435
AGR4KDJHASNF7ZOGNENQLAIKNYIQ,B095ZXXS1R,4.4099054
AEOFOAZVKGLSKNYRWXNP6JJXAE3Q,B00SX2L4RA,4.5419106
AFK3FEP4IDCJVYD5P3FISE4SIM2Q,B07CQPBPHH,4.188013
AEXY6JTA6SOJZ5JDOXCHV76CDJ5Q,B01AZ0WPPC,4.596682
AES6T2HMZFWRQW5ECR6H5PWLZUWQ,B0B8FSCM9L,4.632768
AEM2SIMFDE3SQ4HS5QZROFANOY5Q,B09SHNT5B1,4.7154
AEFS3IWS4TSNEFFNYGAMVG2ZHIRA,B00LIW7N9U,4.845046
AEJ4F44RE3N236XNJBRKBGPPZSNQ,B0B8LYBTXZ,4.510082
AGXYBAI6TANWRZ2Z3K2AJ6REMICQ,B08NW2SYPZ,3.9928825
AEIDDQKJTJKBLHHGL2PLHQJ3MBFA,B0BJ8WDC13,4.4749565
AENQIPCGFGPVCMZYAJK7LIBIZNQQ,B00378GEAM,4.7100544
AFHPCOEDC6RQVI7BKSRAWEBXLCDA,B00UTD0YG8,4.354544
AFIZEMKLVYIDJJ5IJMBUU2VAVK6Q,B075R9BMF5,4.280992
AHAMEWQLPTRHWH3L4Y3YQZCZXWVQ,B0BRSK33BC,4.7969403
AFTLHK6QS7EJ25AWSCYSJB6G6KBA,B07C3TXJM6,4.760322
AG23AW56WZ7KPYYAS4A3YUDTYWCQ,B004THB99Q,4.4946904
AF7UCCPZPJPW76PNE2ICQPJUQEYQ,B002LJPL5W,4.2192473
AEIBJXOMYHYM2GHFZWFVH4OYSVWQ,B00BQ6KSN6,4.4910355
AGGESXOSTBKQQ2MZKYON3UGB4Y4Q,B088RC37QK,4.0591774
AGVMESCB42ALLXMQ2ZBMZKK4FCOQ,B07JCW1KGG,4.5851383
AG6YXEPL6ENWE4CTSAOR3HHPX6BQ,B0BPLFP5P6,3.9843566
AHL2XDBDBBVA2Z5LJO5HEJJ2KSKA,B0002GH8X4,4.8965073
AHAJHM77GJYG3R2V5324MAJAEYCQ,B004THB824,3.9034867
AGODW5MVZYO2NQ62TGD5JX2WPPUQ,B01EGPJ67C,4.5069656
AGNJ65DORLK5QTA3DVYWNSSUQ4XA,B092LF6RLS,4.8302255
AHVMIRIICYQJG2Q5VPS2IODOYWSA,B0C3LJ8962,4.9382143
AEHPI7DGK45GM4JO4PP25BE3RZJQ,B01BU6B4Q6,3.9658427
AHNF7ALJJC6AR2JJKRZKJ4ATQZUA,B000P5OULA,4.814343
AERIMUQMCVUEN3D5WMGN7JER747A,B07CZ8QC27,3.9740052
AFCW3I4HL6FLOYFDC4PVL6AE4VLQ,B09BF8XDF4,4.8859863
AHA3ADHFLHTQLYAI5JUGNL2LZENA,B00AV557UC,4.393364
AHWRNYOWY4IRKGIMFKZGO55XSKQQ,B07VSYFG26,4.2560225
AEJ3ZHB5WCOY7JEAKTNKGHL6KYVA,B000V1K7FG,4.6987996
AEIRBLA7WN4R3DFFWOUBDY6UYWEA,B003WZS2KU,4.614808
AEXDLP2NUCSK7Y2O46Z4VIN2A65Q,B09857JRP2,4.874876
AEP5MYJIGIGVOGCZ57SRBD27MIGA,B098QGM3JR,4.4303718
AGZXN4EM6PCRLAKT4VKOVT2CWJAA,B0064RTS0G,4.629737
AHMQPD2G6YNBES42KF42BUNLXJKQ,B07N5J3GTB,4.4583945
AF3QYX47IGHZOZBFMSVMG4KQUDWQ,B0BK6T14KN,4.5414186
AF2RJAKC5JG7U5MUR67ALQ55GUTQ,B00RVE9X06,4.483397
AFQMFCPCNAIEFZ6XYAOKNT5GNBTQ,B074JF4CMN,4.51841
AFHER2NWLJQHNQ4BRB4NZAG46VCQ,B0BL2ZJ4B8,4.512839
AEFWUZWVPTT6LVIPHMGXH3MJRYCA,B0179A4ILK,3.901594
AEXAF72EML4UPYS4KTSBUDKBMTBA,B0BHSG5C3G,4.4660225
AGULNOJI6U4V4FUK2EYV6CJ3H2EQ,B0BSB9249S,4.188526
AHP4SAPZJLPTWUNDEFRAW4B7QFDA,B08R5GM6YB,3.9649425
AG6SNOJ6RE3EYKRZ3TUMF5SGSKLA,B071V3MY58,4.361744
AHZXMBKQJTVG2J7P7EB5WCYTOLDQ,B008TNAHXA,4.1761966
AFKA5LZ7M4GJMI5TG7F7NPAUGZYQ,B0BX8J1P8C,4.5689077
AESVETCZKXFJI5FQG7KUJQP5EHBA,B0822X83YJ,4.717213
AEAE5ZVBWJCRQICGZHSE6QT3UCIQ,B074K1N1NB,4.247273
AHDL4IHGUSE36PHTIS7YUMQM6EBQ,B0C67HCGBR,4.480943
AG3HAPNQSMKOI362OW3D6I5XBUVA,B0B8NXV975,4.538478
AHCLJLP7CSBBARBY5X77TUVRV3MA,B0002D03ZC,4.5907483
AFHIS4F6WUTSE2ECHM6MCDWRZB5Q,B00145EVJ6,4.365015
AH2UN5Q4S5IPLNIUYX7BVJOXQG2A,B0BBNCY2VC,4.7892866
AFGBQJ4TCIXR7YL7DNUKAQ2RRK4Q,B0BXT6TM6N,4.175502
AHEDAKOGZVW6FL6WOPJRYZTPSRLQ,B08BN8S4NM,4.0869684
AE7T6GD5KZP5TM2GFOZ2GAYBLK7A,B0B8M5FJ9W,3.9160194
AG6B35K3D2EOJQZC3E3ZLCRG5HTQ,B09857JRP2,5.0
AGC5BK42YHPDHB5BNMKTMADPBURA,B07CXK6MDQ,4.798272
AGWRNWBMWLPNUYBD3GGO5LV4V2KQ,B00IPHSRN2,4.8248806
AGDF4EFI3JK6VZMPSZ5XILKZN24Q,B079TLFL33,4.824978
AHZT6MVWNF4GG6FISMZMORKZKK4A,B08GGYMGY3,4.3078437
AH2A3MAH6GIWUIZJEOFXW2HBDURQ,B07D8WXDTC,4.478858
AHDJSYNKXNWW2MQQPABYYMH7RTRQ,B0BPLFP5P6,4.71628
AGCZN4DI7XPQZZGXKCHF3AQ7ZWEA,B00T275IR2,4.428068
AEPBPML6HZCNA2CN5QARQJCIIHSA,B0BKZ1S7G8,3.917638
AEXQ274ZUBUV3L33AKGLYEVVXUAQ,B00NPAMDQ6,4.416441
AFT3YREYEF7HVUAP2SMI55RZDCJA,B07FZ5XBCJ,4.5103602
AGMOQRGZCULKJQE5GROUVEVGPEYQ,B01AH3RSAO,4.377841
AEYKUQGCDH5A22ULXMYPWRQ5GAWA,B09857JRP2,4.9521875
AEIFVI6AID42FB33YBVLA63CJT2Q,B00WJ3HL5I,4.3365517
AHRTPQHFKDUQEAN36WDEY4BPTBAQ,B0B4STBJZW,4.725658
AGWD6ZH66GXJDVRNQEGY77HOYEJQ,B08F9K24WG,4.6573524
AHKJHMFU4DUVYZDOPUA6VEKKM5QA,B08XYTW5S2,4.3405905
AFQYQWAIBLVTKHALRHNI7MVSBHOA,B087B6MMYR,3.2893522
AG4FC7EWZL5AU5M667BERCSVNHKQ,B07685T8FT,4.4574413
AFO6EBINMPEYJ4RFIZFB2UHUP2PA,B00615M2CC,4.390658
AFMK4SIFYYQISG2YVU2U2FOCQIVA,B0B8Z6192W,4.8096857
AG5ZDKP2LXSP4RG3P4UJKAEPFKWA,B00IFOTSJW,4.5462832
AGK2NQ6CYM2O4ACVI6GOXCGAI35Q,B09R6W3B2Y,4.2284803
AHK2GPONUS4HZYDUVTK3AWLZZ5QQ,B0BZTB9B4X,4.7735896
AHBIFGZDADPTOK7CCTSWXQYVY7IA,B0987C2TBZ,4.612221
AFGDTX6XTSPB3GYWZNA3UHXRISIA,B07NKRZ1KQ,4.917887
AFOBBYP2YQDB66SOFEFONDKZUOSQ,B0BT8FDL8B,3.9312105
AEM5IKW5US4UFYTUGVJNYC3LD4WQ,B09M7CK2WK,4.8982444
AG7F7UFF5VDMEK72PAB7NRISLVZQ,B08R5GM6YB,4.403811
AFPK6ZJ5T6IV5LGXOSF7BNR3MCFA,B000ZU4GTQ,4.7464194
AFGQH4JD5QBDF27M4MG6OJ7IXWBQ,B0B8M5FJ9W,4.5947523
AG6Q4C5BBGFEHIKKPWGACT4ALGAQ,B0B47KFZCG,4.641523
AFC2DAKRFMKGNS5XXFUKY5P7TZCQ,B00WJ3HL5I,4.5531325
AHPWEIREBCNF6KADWSLLJFOTIY5Q,B082WVV4SF,4.9706125
AFOAW4ZUVJN3JNZEY5WXMZJWIFIA,B00O4GF3L2,4.3753242
AHUTI635VGXW43UNQRALJR6PURWQ,B08JMQR2JK,4.5812316
AFAADQEJDYJ2D6P5UY73XTRZICUA,B073W2Y8NJ,4.7936606
AHFFQF7F54OARQ2OOKA3ILYMRK2A,B00P0HHNJO,4.427519
AFYU7L6PPUGCEG4QKNLBLABGJSTA,B06XDDXZQ8,3.6224675
AGPPGPYSRZIR32TZC3PWWHHK5BRQ,B09MMT45P1,4.3240256
AGBN34VVOPNSM4ZVUQWDVGJYA2AA,B07L6RCDP7,4.592771
AGYHHLZIQQM7KVVBS7R6U7JKMUIQ,B00JER27MO,4.4842153
AHAR2WCDFYETREAF7SRKJ6T3RMKA,B07DL1L3M7,4.469175
AH5HBA76JNM2MTAU7IJGFXEQEQAQ,B0951C4RGR,4.4075556
AHWSPVFV7CNKCRH4PKUILHJSS3AA,B0BPJ4Q6FJ,4.817814
AEHIRJJMIKUH3JVDTUPRY4L2GFDQ,B01C5TBX68,4.782416
AHGIBSFUX75SKXE57B3GHITHYR5Q,B078WLKYZZ,4.79225
AFISKED3TW44RJXZH4FB7A3WWCKA,B000Q847M8,4.4093285
AHPLBHLPKEWMHIYGC24RK7BVWNLA,B003LPTAYI,4.612225
AGA3UZAMOM33JZ5QFAPVV5QW42UA,B009AQZM30,4.1378975
AEST4VTEXAUUNNH3IJVJORDVZBNA,B08PBNXZYP,4.868681
AEKHURS6TJTJMT7HBTG6TOTDJPKQ,B0BCK6L7S5,4.15801
AF2ISMZOUHTYR6KLLBUL2VED3DUQ,B07CQ19T1J,4.907232
AGASE3XTUSEWWXX6RV5KD4NDXFAA,B0C1S8XK38,4.5240717
AE677ZVP4VXXSIBJF4HLMB4WB2PQ,B0BR2WB9JY,5.0
AHOSMYGEURJT3QUKNKSVWHXBWZWQ,B0928HW2P4,4.8489294
AGOQL2C3KGTUCQCYUPNNCWEMPMYQ,B0BKZ5F8BS,4.5175943
AHH2KJPYNZUMU5FNTIM5J45DBR6A,B00S0E7268,4.167739
AEQ5XB6DPQ5BJ5D6R2JCPHYBWGHQ,B0006GSEME,4.138545
AGKH3QAKXJMSDEE2C6JZULGKESYA,B003BGXW50,4.9017973
AGUG5C2WFEGSACVXYG6AU556RERQ,B09KWWS7DH,4.530198
AFL567XYUWWT4WOL4FEIADS6NZIQ,B0BSGM6CQ9,4.743231
AHCOL6TTS5TK7LG7T2LYVIMHJSEQ,B07CC51PMN,4.69779
AE4C22KHQVAJGNPGQWCMVW3Y5ADA,B0C4VSM51M,4.1247673
AFEO7UYE735OCSN7TC2WBQWERQAQ,B09PBL98Q4,3.8716779
AHYJCQYCHHT5FH6RGLT4PWUR6PZA,B07TV7J574,4.2656307
AEOPWU2ZHY73ZI26E4E2LVOCIN3A,B0BK9YKQFR,3.4807754
AGLE47TRG6WQ4SOAWUTKYVZYU3VA,B0718SMQXN,4.890922
AGZ6OOWN2V53LYU73RT7ZDQCQV6Q,B005OZE9SA,4.5919514
AFOGOIQFHOLRR4I3NCUB33WFHDBA,B00JL5I8H2,4.6826053
AF2NRER4ZB2JIIMAA5ORIB5RGOCA,B09857JRP2,5.0
AEB3T7FT5VNOG2L4KJPRMIOLF3SA,B08XYTW5S2,4.137196
AHHP427ENW2EDKHO2BJZDVKTIQNA,B09VVS2RYK,4.064734
AFRQZ4GJKCECPIFZS7XIEHYLEWDA,B00UZ7JADG,4.56614
AGOWSJ4ZAWXI37BO7ZQ4ACUFXWEA,B00IPGY11K,4.720911
AFO5DUSEVD3OREGSEEPFDKVYV2AQ,B0007Y8GSM,4.8295536
AHD74WLDYHD2UVZ5NIYTLY3HRHGQ,B0925F8LPD,4.7958198
AFLAP3F65TW7PVSU6ASIF4F5QXTQ,B07FMRQVPN,4.304859
AGHIR4KWLXYVMFC55FQAEW5PM5GA,B09JFZ3CKY,4.3673053
AEW23TPKWNRCLGGPK6P6MS3PLHFQ,B000K67VRO,4.7466426
AHPWEIREBCNF6KADWSLLJFOTIY5Q,B00UTELPGK,4.538849
AFXLVYW7RDMXH2Z3I3Y4BY2634MA,B07NPR1S6T,4.935839
AELTKUOPJKGE77UV2WFRTRSNZ62A,B0C67HCGBR,4.879033
AEAJ5WLUZIZRMSRTJ4NZUKYTXCHQ,B00N19LGZ0,4.214421
AF6EJ2XGS7POVJ6OHJUXOVWJN75A,B015HG7HMA,4.4225497
AECIT3NMW6RKABFS6YOCYX4YUYOQ,B07DLBZWXS,3.9049132
AHRSFWM7HT2Z3HIWSAOQ3XPRUO2Q,B00BQYODWK,4.901756
AE3YNEQPU3BX7JSGG72XU5V2GZTA,B08T6X2974,4.3519955
AF6PIY6PZCGBM6HFZB6D7OWORVHA,B091MZPYBQ,4.4590397
AH55BBF7YI26IG2SQ4UVOC6UJZUA,B077PSQQVH,3.741311
AHTTV4K2AG3ULVGME2UD6R2UFE2A,B003XKFHFM,3.9447896
AGRXVSLZ5ADADS2MPR55BHXGV36Q,B09PWCF6T9,4.59431
AGWNI2VJFJGRZZEQFUEEAMJOZI3Q,B01F4QCP84,4.255324
AFT5P5TGXEBFHQDQPSU7COEQGTPQ,B002CMLPYE,3.9498932
AEHWRW3PWRFQOIXVKEPJCY33O7BQ,B0BT84L827,4.5343523
AFSRUMHD6AOGSR5LMOG7AQJMTMGA,B000AAGM0M,4.3728886
AFAUI5YDY5SFUUER3ICUDP7DNABA,B0027V760M,3.9026356
AFCYUWDZ2F3DZB3S6FURGYD2VADA,B01F6WIX5K,4.108664
AFYWORNWI66UAEXO5TTXFAP3HKEQ,B01AAX6KGY,4.261437
AHITTEAFYKSFWHQDK6LQ3K7RBM6A,B01LF4C2QY,4.5890007
AFHDWGZWTHJNQIRYSW23WQM4Z2TQ,B016C4ZG74,3.8017764
AHPWWZH7QS2FIHAHNQJNRVOPVZEQ,B00G33N1F4,4.123278
AGJGLCZKE5735HGK27G2B7QZB5UA,B004DE1K5S,4.517722
AGPE234Z5X3X73B4DSG2DE3ZTG3A,B01EHJL652,4.4287148
AH6XAWAUUU7SDPRRVV3FALQE7WMA,B0BKQ3DPPL,4.618914
AECEM4ZNK43ZUOJ7UO7FNOYIBG5A,B081P1SQGG,4.4429207
AE34NU2IK7BLZXXQ43STKR5W5JOQ,B0BSGM6CQ9,4.7372675
AGRM3B2N2NGKGNJMLYVGH6STQA4Q,B01H7B1JD6,4.8646936
AGN6JJ6HBB54CDDMDTPQF2BHYYHQ,B07DWLYGKH,4.849479
AECDFP3R73WCEN6RFLPGUSU3DNMQ,B07G98F55T,4.6474504
AHI7BFFVBFZAQMUTWX7XVRX5AFUQ,B0BBRMGRTS,4.322038
AF2O4GMP7Z6ZV7WZGJM5MGT27GAA,B07R3S93K8,4.193824
AG5ZVXXHEXDYUUODSEQC4XXV7DPA,B0C4SQBLC4,5.0
AHRPB4XLKDWSAYBFEQF3M5YPGWUA,B079T9KWGQ,4.3863106
AETMPCLTYYDZPKDQOMHFVN2CFM7Q,B009YRL4OG,4.811025
AHSAI3EDUQ7HRB2W2SOWGEXQF2JQ,B0037JT95I,4.28317
AF5VDKIJH5MWPGQWBNEAOXEJQ5JQ,B00HK1LQ28,4.436703
AHNP4UU7OJ6JDANT5Y67QGMCIABQ,B076ZNHZ59,4.886733
AFANAS6ZJNZQ4H7OFWZF7LTQNIHQ,B09S2VB3KW,4.901053
AGBBU5ZI6SNTPSVKYHUVUAPRXEHQ,B0B2C6TK2Z,4.6201754
AFVZZZQPULQQHTFSOK2MF5QYGZTA,B094NDQRJQ,4.6768374
AFGGL36KJJXEQTMHPERGAJ3ETG7A,B0C1Y5KJPX,4.293685
AFGC3CVTWDXINUBXXD2YPCD5RHCA,B01K1EJQ9U,4.6892633
AHKNJUO7L4KX66JTJFCL7TDYPWTQ,B0864N9HRK,5.0
AGXCV25HDW4JXI5QQSJTIZUHPRHQ,B01CQQMLKC,3.331993
AGUS46T3NLZERFSFY6634ON4HETQ,B06Y2W66F5,4.255429
AEFCFMUN235NIXAZX6FDFT2JUEQQ,B001C9R5P6,3.937975
AF7YHF2VCYZJP3ARK6J5GXZ7HZEA,B0928HW2P4,5.0
AHLKEQRAWNFROS6AKMQK7WACLJZQ,B07YJZGP5X,4.8363867
AGVKIQJCRMTLZWG2V6FTD3E4ZZDA,B08SJY4T7K,4.1282225
AF7E6RHOZNHXMOTVQVTGVYETOQMQ,B07DVX841V,3.6551576
AGVM3U55VHWHEJXRQ4IKLK7NCAAQ,B01BLE4SU6,3.671476
AFJN3DGVOEXNJO4IZLXQBQXMYNNQ,B01CS87RGQ,4.49728
AHNUN6MBXIGLPXDFX57V56LB3D6Q,B08B3L6MGL,4.506493
AFAFGXMIMBAKH4MT77XPTTHE5VUA,B09NXQ86L1,4.4117517
AEAERSACQKLS4M54KOWSSPJVWHLQ,B07BVDGFSR,4.6966553
AFDSVXNRE2LCL6KR76GDPSVAUEXQ,B0B58HH8XN,4.843149
AH7GTGJLT4EWVEX2R6FFKULCNDQQ,B00CPLODUU,4.291113
AEGAK36V5XS6MLBKBB5HGZPXSZXQ,B07B9W2XFS,4.2959127
AHBGT6Y2NTDTMPCV4OGK4BJM7EYQ,B0B92LPGD2,4.6822934
AH4EBXBCNHNVQ5MKFUO62MZEVPKA,B0BFKKVQZT,4.4333444
AEPI32BVUBYNYBHBEY3IFIQF4CEQ,B075FSQFPY,4.4616275
AEAO7MGTW5ZXQBBPPW7ZW5JU7OFA,B08BJ37FNS,4.563421
AFSMS4HPP75DQULTPV4E6CLL454Q,B0928JXFNF,4.231736
AF56NQKSEMS5Z5BSWD6YFOBFJP3A,B00JL5I61A,4.604345
AHMUFF5EOXLXLQW54WQMGDGWVDSQ,B0C6HZHZG9,4.6174326
AE5GKEAWEDM6RG75MEOIXB5QPZTA,B0BLLKKFR8,4.2837486
AFAJZUT63QMOLXZ657YAISCLHBYA,B0BCK6L7S5,3.9499712
AHQEBEMXOE2LUB3GSASWX7MENGIA,B0C3Q29DML,4.8338914
AGYVINGW4VBWAX5UHWUCW6AEJSWQ,B0C53Z9TDF,4.8947616
AFIMFNL4UWGNY3H2YOIA57JYINYQ,B004B470XG,4.8673477
AFWRDEJJALWBO6KHOOBCBY6DAXHQ,B0BHG58G2F,4.5149198
AH2H6UZNEA477XOPRQ3T37WXMBLA,B07KDWXQ84,4.6364098
AHEDCHTTKJDLZZ6Z3FTYKSIWAJMQ,B0BCL4K9GF,4.5194316
AGKANGAWO52ADFIGSOFLLBIV6TCA,B0C5PRQ9K6,4.9379864
AGMNAMH77QXBOAWQRR62V3NMOZ5Q,B08GPH33QR,4.4890413
AE5IB4R6UZSREN4KRIGC743OIZSA,B00BKXN9LS,4.4771852
AGIA3ZNA7OJDRHNPWVATX5FDCEHQ,B0B2YZYGMQ,4.057487
AE45WDXXXZ4KORRG4QC26I6TNVSA,B0C62DP9WQ,4.297896
AED4QAIZU74PMJLMYBF3SY55EC4A,B0B58JSMB7,4.543586
AGRPTP4PEIYDDNEBAQU4FEY6KTNQ,B00WJ3HL5I,4.422823
AHF7Z76TLU5TWM3UTOYQMQGFLFYA,B002H3EZMC,5.0
AF6B2MHYX44NXIJKLOQHXTUE54EA,B078GNPZ6X,4.8919005
AHVJ7UVESCIEXJDPRIYMIIBQEM6A,B007X60AZ4,5.0
AFGDL7A3J5VVF6VYJRHRJ7UKTSGA,B002LJPL5W,4.353851
AHLM7WOXORQPFRE64ZHN2IV52REA,B0BT84L827,4.9054904
AFWFHC6WQSA7LQZVY4QKFX62EHOQ,B07B4ZZVDV,5.0
AHPCRMQVQYOVIYGCFBURHPSW4LPQ,B07SG2SGZ5,4.043207
AEYN2ATYIHPXKL3JEC6FLXK73JAA,B0BCHG293C,4.985308
AFBXPXZXOBJZI7N33THA2W5JGJEA,B0064RTS0G,3.946786
AFC7CN3GHCUXCUS6EXYASLDZYS2Q,B01EB5SYDY,4.9677315
AHRPOGWS4FDBIU6LHAYGE3FOMEVQ,B0BKZ3GCGR,4.3225327
AHSRMNZAUSJKKHQM2Y5SFLXPXYEQ,B0C5CTX5LZ,3.7374418
AFX66HHUFOEYU34TWTIJ5G6UMUBQ,B08R5GM6YB,4.6189146
AHXN24SQSFO4TJAXQSERXXGLO5FA,B0B8Z6HSK5,4.6949444
AGK6REQW2NDSSDVNRVXXCNEQZMEA,B0BPJ4Q6FJ,4.8877215
AHMY4433RXWWWIPLL52FFK3KA2BA,B0872CS1BX,4.9915743
AHT6CZ4BD5P4I5VNBHCIT4Q2XIOQ,B09BF8XDF4,4.800283
AG5FEKWGQDLOPZPCCVTDEL5TWMLQ,B0BPKH4HB2,4.5608788
AG5NEBS3VFNQPNWGGXYQNRNAHQTA,B0BCW884JL,4.356243
AE4X6EDOWQIX7OUSMRWSAHHJ7HAA,B000J4I9VO,4.1124735
AGHARSG3LRWDNOAM3HVDWKJJMS3Q,B0B16WH36J,5.0
AGIORBOULYLRAG7GKTJGV5YEEMZQ,B087PKH93S,4.416135
AGFSPZ7XOYCABXF6VYXQVWQRMO4A,B00117TFL6,4.512305
AGLKS7VMMPLSNP2NANAUOBZBHGJQ,B01ANNNKMI,4.3154416
AGCC2TT463H4XT4GVMOXI2DPP7AA,B0C9NGP88D,4.6481037
AGNDNH6DN46HBFSB5IAFHIOO7DKA,B0095D5BF2,4.314571
AHPWO7MKOQMC5DMP44MVALDZKWUA,B082WVKSNG,4.493318
AGVH6XX42P6SIONXKWBKGJODPMTA,B01K9AMG8E,4.689507
AFVYTABRIESKZ2WUA6XLENKB5QCA,B0C6K471PB,4.060615
AF6MPNSZKXAGY24F7BGTGH2LZI4Q,B08XMGNB3W,4.5279083
AGARMVTKQUMBK2XJH2OSGVOBCCCQ,B01HCGWS2W,4.8646255
AGMDMA6XA22SNTEHKWHFQ2D2YN6A,B07MZYNZ1C,4.745819
AGC5BK42YHPDHB5BNMKTMADPBURA,B01HUCYOXE,4.508836
AHZAWZBAEVLGKNBGGTZII3JNHRGQ,B01DE4DPSC,4.754966
AG2CPGYQOVZMGVEZ7QPN5NXB5ACA,B09397FWYW,5.0
AHSRMNZAUSJKKHQM2Y5SFLXPXYEQ,B00GESEQ4S,4.096305
AED7CZI2A4UFHHKBLM2T55BK7W7Q,B0BT9R8MMV,4.4986
AGZXSMUGUCUPIHVCQ6DFP52BVPQQ,B07NXZCM9S,4.55999
AH5MY3FGKF67EXOLB7S2NXQBBIMA,B088P5X4RQ,4.758059
AEI4IG2E3DB6EG77RG7QTQWIO7PA,B0BKZ1G3P3,4.6266246
AGZMJNIBVOGUJC5VGQ3EXLRUINSQ,B01HFRDEI0,4.7667108
AECLUCEGCHCODEK2QSY2UZFESGJQ,B0799734T4,4.6843715
AEVSTHVHASQP4BSETOKS5L42ZU3A,B0002H0LDW,4.389237
AGP2BAEBBIE6P7XZAOAIUFYCEHNA,B00PZGTVAE,4.8494883
AFHLVH6VXUGE7VFXVZHQ5JEQWOCA,B07Y6TSTS2,4.6290407
AESDNHQRRZEWTZF7A7TFFFTSNY5Q,B00HZH4D04,4.4308567
AEMAZ536TDHVN3TB7NI6AWRO2RFQ,B08R5M2FGY,4.635106
AHLVMWREGLYAOXZW3YPMPGU555ZQ,B0099DNZMY,4.236853
AG676CNM5GFRUZQUFQCIWAWHKZLQ,B0012BPMHW,4.7700596
AFKXLVV6Y223XWWFAGFRH7ZG5AVA,B007BR5PWI,4.319911
AECK5JRGPRBVXS5BV36PBXG4UVWA,B0B63DPVDK,3.9275644
AGDR5UXGHUY2HYK276OUE7J4T73Q,B008YGONR8,4.8062553
AFKEYQICSZOJF2UUKZK6QW2P3C3Q,B07QQLLXBG,4.2176356
AHCIO4Y7MASS5GHGAZNOPPTXFTVA,B0BKZ3GCGR,4.321687
AG52A6Q7CTQXG244EUIS7KWFVOGA,B0B8NXV975,4.482451
AEJ354XETZRIGFKZSCQ77RWYN2ZQ,B00WE6INNY,4.6515937
AEOAVQQMRY652RTKHFB3L6Y5TYIQ,B07DLBJKMR,4.385402
AHDPEFTXF4GWDD57WJRM5SVE5MDA,B0B9LKKBHK,4.4684315
AHUWTBLGZWOIE4OYFO56IOXKJMOQ,B0BSCF2FD7,4.819778
AFA465EKUHASW6EOIJZERMAKI66A,B01HRLREKI,4.7716994
AHIHHALU5BBSJTZDS2KKQJNYJGMQ,B07N1RPV4J,4.3891435
AEOF2U5P3PEPOLGFUQBHOA64YJYA,B0C3Q29DML,4.4625053
AEI3JK3NJTVVB6RQVVJXFYWBNEYQ,B08MTVC27F,4.8833146
AG6MB6ECQOKI5LMTUXYE7NCQYQQA,B08881TP55,4.278877
AGCPKJ6ERXDP7M3AI45P3WMW7KAQ,B00IFOTSJW,4.9343143
AH7UMWKEKWHRAACBVZQVJGOP2DCA,B0BPLFP5P6,4.3856826
AFFPCRIHLQNCUF3UHZKFIO7TWK2A,B07D4QCBX4,4.1337824
AH2L4HXWXSECI3SMTHE6YB3T56KQ,B00E3X5USC,4.1690345
AF7IKYKBWRTMMRKSY6EX6XUVROSQ,B09V91H5XM,4.4593015
AHWRZNV5QVHOIMWAVYREEKJLKSHA,B002Q0WU3W,4.5788474
AGGU6YCHY6BLNPTJ2YAU4Y5IKJJQ,B008FDSWJ0,4.772987
AFBIB5XMB27ZIUM3YDTESOKSLLQA,B093YKLWVN,4.4533353
AFVRNSWCGZBFH6ZSULIFIHW55DGA,B07KDWXQ84,4.036031
AGPOYZY5YU4FD5PJPXT3UFCRBK7Q,B0C3BSXX6N,4.505926
AGRYDY7V7RLYLKDBPMIOCLIZB35Q,B076H8SGMB,4.1321697
AFWI2VMSLJZKN7ECI2GDNC3CX6DQ,B07B4XLP57,4.7547994
AEQFIGS5UJKWTXXLHOE4KJ32RYIA,B005SUY9H2,4.8517103
AGEIH53JJO4GZZVOM3UQVWVXJAIA,B00JER27MO,4.274217
AGG3TGNIO4ULCWBMCUW4NHZZ4BGA,B001BYLWD8,4.3938584
AHE7II3TJOEA3VFD4GBUOSJCIGCA,B0BCXKYXVN,4.2573366
AF53AY2WWHOPWSOXUIEV6NFQLMUQ,B000G3MV1W,4.667116
AGLTZKRU7DBJUW2ETIYDCZTX35PQ,B00YJ5C46K,4.74241
AHRQYYKEOUWW5HJU3RNRCXTXKAMA,B01M7TE7LX,3.4576523
AF72QOH3CCCECJGIBMH3ZZQZ3M2Q,B0BRZ92P9Q,3.4580255
AHTCJK6Q37Q2W33CSKNPKZGTII3Q,B002Q0WU3W,4.6899667
AEE6H6VC6RTWJS2RMXUJCDPOY6NQ,B06Y275GHN,4.119474
AEZIWY5MGFWEIWELVGYQBFWPK4IA,B0BHSG5C3G,4.65803
AEB6NY4IDOJQTFCHNUGKOKLXCZJQ,B08R5GM6YB,3.8513486
AHJYXFSJIGSKWCQ6IIB2GW5SN7WQ,B073RQ3DQX,4.461816
AHABCXD4YCPXXENKKC344EURZCCQ,B002KI8X40,4.866532
AEGFQ5OD5RN4XKYGLAWEDH6JLQXQ,B00B5LDMH6,4.7348804
AF7X6XLGYRQI5U7QKL3ZMNMICILQ,B0BPNMSDGB,4.4981365
AF3FBHCAUSTHXGTODQONDLTDVQ3A,B01DN7OI40,4.7867146
AEQFTHWRKZ2T2LMV47WVHRSOKZGQ,B0B3VKD9YG,4.7030344
AFBYX46MQBPS42YYFRO6QHRKKJEA,B083KJ7FKH,4.557105
AEOS2ALLIKEV7WLIPXWG2346HAZQ,B08P76P2K3,4.7771187
AF3NOA47IJLZ3V5SQBOAJHUYDFJQ,B0BK6S8QDW,4.8412857
AHLWBN3XMEJUKJQECDTG4PZYDI7Q,B01CS87RGQ,4.8162436
AHPVFKJE6V7RH7SNKDP5VK5GGCKQ,B0CCK4YYNM,3.9989395
AFDBKFO3VADYLJ73J6P57DEBPEKQ,B0928HW2P4,4.460059
AET6JD7MK2QJAPGVTAML2L7TB5HA,B07Z63HSZ3,4.6524673
AGVBT7ERKE3PKMRFD3SC6ST3QAQA,B0BSR996X8,4.5725813
AFJQQWO6VAZCTTY3GXNB3SEUU34Q,B0002KZHTW,5.0
AH4MENCROTJQK7T4D3NVIK3E7KZA,B00B2N3XU8,4.624649
AE6PGN2WW447FQCQ7CQFTCO4L36A,B0002GYVZW,4.0708613
AE4KCU73O4KSJOQKPLC5BG4B7RKQ,B07CQS5DJV,4.123986
AHXGY5M5CQQMIEJZTSGIHGV7SO5Q,B0BTC9YJ2W,4.18269
AGWVA2PPESBPQ5XK32DPGGH7KHRQ,B0C3PGFZ3H,3.9691608
AHFBAA35TCBSDKD6GKRIZG7IGQGQ,B00T275IR2,4.6254725
AFFCNEJLNMAUSBFDTVL7TDS76HHA,B0BJPLQDWD,4.581358
AGENKZMKGVCQIKH4A62NSRPH3TSQ,B01MRJUB7Z,3.863037
AEQN6LLSZSPI4O7MABHJXYA53RXA,B00CPLODUU,4.110765
AF7DRHZN7CDCVGL5PJPIADURT6KA,B0BSGM6CQ9,4.6830664
AG24WNAXFQL7GMVNARKGAZMKBBJQ,B00I9FL3OA,3.7531443
AHJTAHSOTD635R6J2KKZG6WVR3BQ,B07S19XSPV,4.666344
AH5UCNVRO2WQGUDHO27YM67VRUOA,B07S61KXPQ,4.505625
AEXWONTZWMNRENRFG6ASVUCWNXLA,B078KTV8L4,3.9746423
AFVSSJ5QSQBZBTAVR5XHF6UQQVBA,B072MRBN4G,4.2406363
AHENU2XO6JW65OCUTQ6VBDFM2ZHA,B0B9SJFKY1,4.996052
AHEZMZ7VYB4BF2DE5QV4QFNQIWGA,B00BBPKZIU,4.279239
AF7CC34DK36SQJS7WXI44DREGWJA,B076K32CH1,4.932569
AFOWG7WVVQDQFY6MHOFL7MFPAG6A,B012VQ5A7S,4.667086
AH7B7WKKAQETZ4U7ZIVHFR7IZGKA,B08N325W3L,3.7113113
AHDONNGPHQ62BJNMUCDN3V6WQMEQ,B0BR2G8WYG,4.475485
AGCVCVBQ5PECVBEARVIAQKDWKV3A,B0C4GJM9J4,4.612535
AG5SXV4XRKBOZMKDGST7LB3C643A,B00WBCBQF8,4.8809347
AFHPDLXI5LH52OFLZSP4KUBTZ2UQ,B00X7DCM4Y,3.9739714
AEDCSOZMB6ZTI55JIPKJXEKB7K6A,B0002D00FK,4.5593896
AEFMUJVOH4TJSOXWZS2TEJXEGMKA,B0002E4YI8,3.7549472
AH3C3NEQAIGMBODE5BMXKSRNDFZQ,B0B3VQQ6XY,4.3945355
AFNHOWRHARD3M6T2NVPQ775AH4MA,B0009G009G,4.6358113
AGEJZX3P4KTM6A63XW7IS6KYAKZA,B016CKAVRI,4.7582865
AF6K6IGXD3OMCVNWQEP7CYUZXYSQ,B004MN9GWY,4.824019
AF7VRLJZIRYWVNXMW2SAFC3LZWMA,B00WB244XY,4.228399
AGPWTBAKWEXJIJLZXKEV7T2E37AQ,B082WVKSNG,4.7028384
AGYNPZM3W54EX4GURQLXCNJOT6KQ,B07MQK9168,4.528153
AHX2MR6NLBEPURAZZUYFARJVHSEA,B083BT49BX,4.732895
AHAE46AEKDCLIR564PEQWOO4H4VA,B078KX8YJD,4.7706957
AHDMFMMBOWVOTXAQMIV2KOPM346Q,B07BJ728GP,4.2679415
AGETR4QIMGHVFE3QCL3USO2DRGIA,B0049BKIF8,5.0
AHSCFIE2HGELN2X4RRAPIRZYZLDQ,B00F20MIC6,4.07344
AF7QMGYZK5HO7NP62SFS3NFGZW3A,B00H35YIJE,4.7861624
AGB6YJDQ3IJ2F2RVS5GLNRHOKRYQ,B09CD32F7Q,4.8596487
AE5ZMMF66YZVYG2JZLE3UDAGVYTA,B0BKZ61YJJ,5.0
AE4OEJMTMMN67HAFXYTGCW5LDVBA,B08SJY4T7K,4.168032
AGBQ3TX4QYWQQOW2DBADLGOJHQGA,B008TNAHXU,4.683035
AGELXEQ7HQL4564TYOBFJSOPBAVA,B07DVX841V,4.333024
AHZAWZBAEVLGKNBGGTZII3JNHRGQ,B001383XT8,4.5881925
AEZ43GMRWM7Z5RJC7MKYGQYWADIQ,B0002H06X2,4.752309
AFO4VO3EMAEWPOST4DIAMAEB7ICQ,B071V3MY58,4.9050584
AE6QHO4W443XFTAAWORXJNE2DSQA,B000PGMSZY,4.7925415
AH44B5QNONVHQIKM4BOLW2YF63YA,B0B8M5FJ9W,4.9229875
AFSV7TNCJP7V2OUPWNVO6YWM2HZQ,B00WB242X6,4.290781
AE7IRQM2JRJU6YZ23HD36B54LBQQ,B09PGW1W7R,4.571059
AGFB74WQOHVJP4PGF5QOXM5CXYQA,B001XWD3LC,3.8638062
AFTPUNQ4NGIKJHIEUAFA3GQBUY4Q,B00646MZHK,4.953032
AHA4C72NXTSR4V2TQQUIBOQMWYPQ,B09H1JQ8L5,4.3593593
AESEUN6IBHLP34ZCQFUXJ3ODEUJQ,B07CQMZVYL,4.4583287
AHK2NL4CMRVKTZO2ZZ2JFPES6WZQ,B0919GCCBW,4.0677643
AFPYPYWWBNPQKOGF3SANF3ZDQ6PQ,B0992VZVKN,4.2974944
AGNEOQLGQPD2NKSKBGFCXAZ3AW2Q,B0B3LJZXK7,4.608147
AGWK6CDT6HOBXS6JJEWZJUQRUTZA,B0002E3FBA,4.752307
AFGFNA3PKGMAQWQVH5A4Z5CD2QFA,B074FL1CP1,4.6459923
AEY73SCG2WZ5KCSL5WN6T75P25UQ,B06XWLXCFC,4.1131573
AHLEUWSV62G45HPULLFAIUFLWEJQ,B0002Q2DE8,4.602188
AED3BMXQT7LFTKWZCNTVOKEE4GDA,B07Q6Z5VK9,4.847621
AE242ZZNGN76NJGBHE5ATA73NBTQ,B01N5QJ0LE,4.5544024
AEL275DNGFTFLIFSPTKDR6VJECUQ,B00Y4TY3JM,3.8706243
AFRGWN2OQMXTMFUCW7DBTJXXZC5A,B099NYHNRG,4.949186
AHC2LMWC3UATTZVVLQCXG63ZS3SQ,B07ND4MZMW,4.2903004
AH6CSA4SAY5PP6VXEE2MLQU2UZTA,B0010XSZ3A,4.172703
AFRUTEYFUJDAUASSQADZ3UQJHXAA,B08NVVLB16,5.0
AGVDWRJMULIAELDXB6WAOO27RYPA,B0006ZJ48I,4.3376474
AHWUVM45AU54BXX7DEEQTEHVPWKQ,B01CNAN5OC,4.0163255
AEMPFCS7HQ2Y6NGNT77N7LPZBUXA,B0BQM98L6D,4.762136
AHIZ52ZDJJRFKA2Y3AYLOLRJDSZA,B09WVFZPLS,3.8598251
AHP54DEEFACVFPIFX7KZ3P32ZYVQ,B09LSLS83Y,4.0599146
AG5IDHF3GQJ66NX4SUVVMD6AJCWQ,B08YJ5GQ9R,4.408452
AE4PQQ2BQO6IGXVLTI6GBFCNC7YQ,B01N40YZZQ,4.079112
AGMYRILPTJDOK7WL5OYHYGRYVXMQ,B01HFLKO6G,5.0
AHKPGJ5HFA4I7IKUHBTMOSFSKUWQ,B00XC2AQN4,4.645051
AG224IRACLTGD3CO745GKS3UQIVQ,B001MQ9Y5I,4.688482
AH5HQDMJMUHNEFQ6HSU5C7WCS75Q,B0179C3SQO,4.6414714
AFT5P5TGXEBFHQDQPSU7COEQGTPQ,B0002GY10M,3.8406444
AEHZ2XPBR3DD7KQKP5QLUMNEJEJQ,B000W348OO,4.999313
AF4YDYJHJGEIVVUG3BHTZ7DCQY5Q,B01DE4DTAG,4.4091578
AHW6YFBKYIN5XRPR3KVBB77LKNZA,B06XTW2R98,4.4720035
AE6JEOKRGHXGAGA4FNO4YA6OZHNA,B09NLHX8VR,4.393292
AE5VICOXJ6XHMLISRION3NBJ54OA,B07DK59QNR,4.6982265
AFMF64BUD7BO2FCMXDY6VYF65POA,B09JGR9ZG7,4.582608
AHIBMAOLVIYSJGHVEVN3TJLCAXBA,B0BKZ67C9F,4.942024
AG34MRPZANUVEV5QIJEZ4JEQ6O5A,B0BCL4K9GF,4.407774
AFBLIAES35IGAZQJZLCLOWAS3SXQ,B074WXM13T,4.664918
AHLEUWSV62G45HPULLFAIUFLWEJQ,B008L3SXE8,4.795733
AFAWEQ7RYCWPUSBA7SRPFWREWOCA,B0002KZB8E,4.32567
AE4BRUKTU5WDWF7UTC2B5Z2GTZKQ,B07N83Z3W7,4.562608
AHQGNHYEMY2THNZXZZJAT3VS4FIA,B000B6FADU,4.452661
AHDXU7C43XRQRNTX4FBNY2YHDQOQ,B09CPZ2QS9,4.7550774
AGYEKWJYOPP3NHI7QRNVOPTOGTNQ,B0BLSLKBCQ,3.8379319
AEOG5GP4YYOR6T7H4DTLTH5VXEVA,B07BSSS8VZ,5.0
AH7TL6PVUTX5BIN72WT5G3DENC5Q,B07D4QCBX4,4.522314
AGUQUN4TIWP46MPNHP5QOPOPRFPA,B00CALHPGY,4.6851206
AGC7CFOW5DZ4EX2QVNP6ZRSDDLFQ,B01JJP71Y4,4.152857
AGBB2ZXVQGP55MT6EFSXVDRBVKHA,B0BT9R8MMV,4.7802753
AEELYEJTMEJC2Q7TLM6B7SODDPEQ,B09B45DLQG,4.4442205
AFXXPUL3WUJA5N7OHL2WSCZUJORQ,B0BRSCCL39,4.020762
AHELCEBAXB4RHDYFRDA2BAY7B3GQ,B072WPD8MY,4.7583923
AFOLIN4WBEQKBXBI7TONI72PXJWQ,B01N5QJ0LE,4.343112
AGWI452C24HVTPJSA7KWM3HNOUBQ,B09GF6NX3X,4.658756
AF5XVNQXEWRDQHIEK4RIJU5JZGWQ,B015IJIO5U,4.5369124
AFE2ED3TOKZKTVVMV26F7DO7THZQ,B09DR91XCS,4.364856
AFRTBHHXZAQDCTONAS632OGYDJOQ,B0B8YWPB3K,4.9716773
AEQGGWXHGCZIDMJB2Q5D4VS5TH3A,B07KG3SDZK,4.290084
AG3XSRIN4MQBL2AUGOPEU6TGCF4Q,B09BF8XDF4,4.9094877
AGS5T2BWF5GLMFHWDASCPV5VDOEQ,B07PRBM1QJ,4.7137094
AGSIYEJTA3W3WHYOMO3GZ4LFDQ5A,B072FQ4D31,4.70719
AGI3F3UMKKPXGAQ474BDITAS3FDA,B07JNKY9T8,4.672088
AEZBBZPGTXZF2JQ6S2PNOOSHZFPQ,B0C3LKF6VL,4.1026573
AGKJNGVNDATZRQH4WSSN4OJSIQKQ,B00UTD0YG8,4.7000585
AGNE3LTUI7OD5OEK2K3K6NHMBUOQ,B01MG3QVCK,3.9778297
AF37R5H65LWFM44HTVZUH5WNWA6A,B07RG6P3N1,4.572111
AFSKOXGAKKYKA2UDMHUGHPPT7W7A,B0BW8L9WF2,4.4250436
AHXOER5GYRVR4LHHXTDAPROJKQGQ,B0046A04LU,4.2870493
AG52TQ6F7NLG5WBLIK7Z4QIKVETQ,B07D9NK1S1,4.5362835
AHVWPYPNAPJ4H4YHHPCXRX5MVETA,B0BTC9YJ2W,4.5945263
AHRJGEBB6MS7KB3PFZOXLGM6S5HQ,B00T0S0SPU,5.0
AGNVDPYCZJ26J44AIEI5BZ3ZPR5A,B0BHSG5C3G,4.16416
AG7JPPWSBNXRF6BJXMCXYPM3ENBA,B003AYRK1K,4.910673
AGELPWHIAKFSOSPQHTLHLK64XBYQ,B07PYQM5RY,4.2897468
AG3ONYTMKA2UJNUBSMMD5YG2NS3A,B0C3BSXX6N,4.4912405
AH7WMY3V55DTEND6PA4TH3BVGGLQ,B0872CS1BX,4.4781303
AECH6FKMNPEVOR27FIUZR75DDMPA,B08C9YWGNM,4.461249
AGKSVIURJH4HT2U76B25XBTWALOA,B003XJ4O2A,3.5184922
AGDFJXOHM2MEED3KPC7CRRLQPNVA,B07GBQ4LGV,4.221377
AEVBHGRN6HBLVJIVMW75XOG3KGRQ,B074W6S6K9,4.9228387
AGHRTUDVQTCLQXO4QQ3PBNCL7EOQ,B0B8M2Q1DS,4.419842
AFTU5SMQVGVFIYFGD26EO7OMVB6Q,B00X7DDGBW,4.0533075
AGXWPCGLCV23BLX7CDUE2R3ZHKQA,B09SH423ZY,4.5936704
AHJN4WZBHT3PRYJQOXM5K5TWZEIA,B0C5BMZ1K9,4.793896
AEIJ5TAWHBJYV5SRKSYTO6RGSQ6Q,B00MXUIYNA,4.303378
AGWD6ZH66GXJDVRNQEGY77HOYEJQ,B0010SHU18,4.385598
AFCLOTB3P3EXMIQAKAZIP3KGAYQQ,B00T3SR9ZO,4.210832
AFRUEAFOS7NHZ6FXCVPJZS2N3W2Q,B0071NO7I0,4.124816
AHMMD7VGJIM2NEEJVA2VZZU4S7RA,B074QKLW4N,4.662747
AH4A5EHENGUKTMJ7CT4TP437BAPQ,B074VRW7PP,4.639819
AGDEUEHXRVCWANF6PENBUO3PDUKA,B00VYQABEE,4.734999
AFQRTUCR7DFM5VF7B22WKF7YEKUQ,B08R5GM6YB,4.453215
AETTWO5NLVUFBUSLI4ERXLEBEAXQ,B0BZQ1KTY1,4.669655
AGKTBKXWB7TSHCSCALSFSEL36QNQ,B0002D0LBI,4.6661515
AGQR5XCLTZ74WOY755VEO22L6N4A,B0192JRA2A,4.285258
AHFNLFAN42RAZONLGPPS66YTUEBQ,B07NF23KMM,4.9343166
AHKNE44SB2XXRTY5A2ZWFK4M7Y2Q,B001EL6I8W,4.6138206
AG6GUKKGVG5WSI6QTH7S6JW54NMQ,B01HTG4WG0,4.1607585
AHXV5FF4VTCGDLSZNOWWB3Z3MGGA,B07ZW9R1XK,4.6205487
AGGMEERVIX4WNT4TIQ2A2ZMTCCKQ,B0062NUUW2,4.4908495
AGPS4MKW2SPRUBQTEXHH2EM6V36Q,B001GDJQTG,4.0935144
AEFJHW4IR337Q33F42JL3QMCMRCQ,B000WGJ71U,4.4396534
AGP7L5XOQOBUV4R3UZ64ES7F3YPQ,B07KW6VM9X,3.904656
AER7II5DJUTMN7NZM2OQDRG7TMCA,B07CJJV5BR,4.5570683
AFPG7J4AME6QVSARKPXTOXWUR6DA,B075RB1KN7,4.3579764
AFUGO6TJPE6FMFDFFGT3UUTHTHVQ,B07MQJQTR7,4.625718
AHVGICSVXM66E4SXX23PH7R3Q74Q,B07VPLFNYM,3.6613903
AHA7W3VGHBJTMU46T2RM752HJY2A,B01DK1ZGSQ,4.833898
AHPASVFRV2SQFYLCAZSEKB4FOGIA,B07C91JT14,4.271577
AG76LKUDAVTICNQWJZ5V4LILAN3A,B075GQ4YP5,4.0381436
AGVT5E2C6WNOCFYSLOCPAPBJOIKQ,B00IFOTSJW,3.037246
AFZ7XFQI7X7LQBKVIIPVNTMLGI3A,B09HD48CZN,4.928811
AG6XP7YKD35LKMAUTT2SPLCKKXCA,B00CPLODUU,4.896778
AGUAR5LOTVA6SHQBEM5NYSO2EAWA,B07Q6J4S89,4.227774
AGFWN5S6I4QHRUDQYYS7YRLUGIIA,B09Y65YVMY,4.2261157
AHDSPCS2KLFJZYAWCB33VTXCBUWQ,B071JZNWRM,4.9286146
AFYF4XHHCBIOT52VMRZ6W7FOJAOA,B09TL1FRLY,4.6305604
AERXAGU6PAY74OIAVZQKU5ONB3NA,B003OJE8LQ,5.0
AHTDSZE4JNAV4Q2W6ARS6R7DSBGQ,B01FG29LFQ,3.865045
AF5KJIMQXNEY7M5U5YM43QPCO4PA,B09V91H5XM,4.7766223
AEOBE4N2IOVEVU7RAFPCVLBBFBQA,B08MVNHBMZ,3.6953015
AGY2DCIBLZTHBQHNFL7BGGHKIMFQ,B003HGFRO8,4.9791903
AGULNOJI6U4V4FUK2EYV6CJ3H2EQ,B08BH7KHSZ,4.1357565
AFFN43XNWDLKRHFQQZJR6IDI3FEA,B08NVVLB16,4.836044
AEZBPDYHMCAJJ3Y6EM2ACUAOZIEA,B018DMSNQ4,4.2494154
AHD7BRPWD76N2HAKPHG7GQC2LQ3A,B0BLJWTB36,4.2132916
AGFX4QLI5ATB7UTCF225IURSJY4A,B08T2N27DG,4.4614906
AEDGH4ZJ4WGGFP2OACMNEFL6XK7A,B0002F73YY,4.66591
AFYLZIHVNNEAOJTF5UPHYCNHHROA,B0002E57D4,4.147205
AF2HAUDZBKQZM5XZ2DM4UPO237UQ,B01LXTBO7B,4.868576
AGJBLM6O43DUUTQI52GRVVR6YDFA,B07MZ9DGMP,4.281614
AHQSUITFFVARCQ4GGCH4EBYGOWIA,B009EM7MZG,4.293685
AF4VXDAABTQBQVYTY66KGI3OQKZA,B07NDJ1HSG,4.6819053
AEJWL2VCYD5DYYK5KTYHBTRTTUVA,B0B52FBC66,5.0
AER6WLSJPBPNOZIQWVHQBVOKTNCA,B06XB3FQKB,4.155663
AG6EDKW4LTUP3EKVJUFQWJTF3AYA,B09KR857F4,4.534109
AEST4VTEXAUUNNH3IJVJORDVZBNA,B07Q6L4YMC,4.9737062
AFVQQLENFSRWGERDSJAIIEPSGCIQ,B015XDJB9E,4.2193065
AEUQMRMTSPH4W52T2FDAGM2ES4RQ,B002GRBA2M,4.041729
AEHUX7BFZJVA3DFYPTN4OCGUG2JA,B0C6HZ2BJ4,4.566393
AHICFG7RTZ5XSIGBUFK5XVOLZIJQ,B00PVBOTI2,5.0
AFWS4PIMKK4IFMMFQ3X2X72MLFGA,B09RTZ26KV,4.5696073
AGHGBNYNCAABS3ZNGCSDOJIGMDQA,B081PSNDCV,4.2583838
AEA3NLDRDLTW7U6TDQT5GPQOOIDA,B00EB11ZN0,4.364958
AHRPODCFJ7UNWQKCLLBKN6BQIN7A,B07C183K1R,4.214007
AGRSHARPM4IR54RKYQXZB7F7D76A,B0BFKQ9QXD,4.245298
AEWAQMVRQBUGFTQIK5FR52QZFO2A,B01LSHMR86,4.447971
AHVAHCU3H4OPODN642O4SRINRAFQ,B06W2NS817,4.582179
AE3Z4ZV2QZYZUDS6XQHLH52JYJRQ,B09HCRTKL4,4.3362427
AFIZSMCB7TIH7APWCJ2AV3V6OSFA,B0887SDCS9,4.763328
AEKTVFSI4N5H64XNZOKJOEBBYVSQ,B074WXM13T,4.8575573
AGMZDEWHNIE36ZAU46RRT2P2Y6VQ,B097Q9W8MW,4.339896
AECVQSYPP6C7I2FYFUICHPYVIXNA,B07KDSZ2TJ,4.8922706
AETUAGATWF4MPA37VOMGRRBGKQHQ,B0002E520C,4.4349203
AFGP3BNMCLSVIVJJW7YKW26HL7AA,B0C54RRCKG,4.234875
AFXVOM24JL7OMMEJEY7HEA7DYH3A,B08T9CCXZB,4.8765736
AHKEPQU5OXUSN2573LYB2VHN6H5Q,B0002KZHP6,4.567895
AFTSORKZ5J7TPFF4EHDBW73SHI7Q,B00VU75AA2,4.1244607
AGBW7LZUPMPOBV4LJ7LO3TCTRVLA,B000G0ATGE,4.5112543
AHYKSRZPZKIYUDQGKDW6667SQ77Q,B00CPLODUU,4.57803
AHLWEN2DZAEXDCA35IPSMOBP3WQQ,B0836RLZ46,4.3562107
AERTVBSRSK6AA4OQEV7R6OUHAEHA,B0BCHPSV1X,4.284046
AGXZ6KUKS2VXHYLLTS6W655MQQ3Q,B07MQQM33D,4.729786
AEKXSP43WOJHRPOLIG5FUPLYALUQ,B0BR7Q74PC,4.5931244
AEISIG7H44OUAQQDNSLOFCIIK4MA,B00M9BSZMI,4.2558465
AEMF5UMRCEBQ6IQCEMROGSAIV4XA,B0BK5CXZBT,4.5785694
AEXH4ZE6XAKI4YMN4NA2NYJRFV2A,B0BYNM15YB,4.0583997
AGPYG5JL3SNWMJL4WZ4RUNVV6J3Q,B00G059CRQ,4.498761
AGZTAMAUIY5SSSKSYPEBVXBU373Q,B0002OOMWQ,4.46097
AF5XT4SZRB7BLH6FB3RXQJBPW4PQ,B0075DMYC2,4.7058253
AE23WLBRYKEC67DM43M6E2MF7GPQ,B0BT9R8MMV,4.673794
AG5WE3XGSKHUP326YESVMB52VDYQ,B01JO7AEK0,3.9963453
AEDVFQGEMRPBB6AP5GTCHKPBH2UQ,B075BDNHZB,4.120602
AGCK7XANFA53YJYYNHQY6MIZM2VA,B00HY657E2,4.159081
AHEATNFOOUXTJU7NL3Y3GLO4O3UQ,B00JXOCJDK,4.756704
AEOVNIHTK6YWGM35ZUSAFUIRH7PQ,B0BCMPP7F7,4.7582307
AEOWDZHMPA75S4CB4OLVC2357SSQ,B019IMEX44,4.2433467
AFU4W2TZRAXIM5JQZ573E4VBNLSQ,B004XDQFJ0,4.207062
AFDRV44BJLVSWMXE6V5NZDYC64ZQ,B0B7896KQT,4.2184725
AGNTBJ7AAPSMV3O5F7THNJRKGM4A,B004XNK7AI,4.4695997
AFZUK7RCANY3O3S5Y4CUJ236A72Q,B07CPW22H8,4.5734887
AECRC2FDBKONKCHSH7GPRZ4M2CVQ,B073W2Y8NJ,4.9528856
AH7YJ7LV42LQKXZ3YDIRY6G4S3EQ,B015XDJB9E,4.1560063
AHNQDDX4XIZEQM66ZLWWIEBG7JOA,B00VEMPWVU,3.8256216
AFWRDEJJALWBO6KHOOBCBY6DAXHQ,B09V91H5XM,4.365678
AEDED7TTPX3SRGVYPSYFLJZJ5UDA,B07K7VC41S,3.7497764
AGACWHSNB43GEOHKG2EUDLOSMIEQ,B09S2Y4MMC,4.914422
AFXBFI2F5WNLTIOVDM5PKEFOAI3Q,B00B5LDMH6,4.450189
AEJQ7YOQQQL6WAAGALAPQECSQHUQ,B000RLI76G,4.169173
AFD4HEOW3XSZS3IOLY5HKDZA6UWQ,B08MWVX9JD,4.405226
AE7654C4N5SIUGLBWUVCZIIANB7A,B000F9J5GQ,4.208218
AGPA33SKOCJTWTGFFT57MKFWHOJQ,B000CCSWQA,4.4085803
AFPFGEXYZ5C457R3VIQMP47RKJDQ,B00L0X8ATE,4.69684
AER3THLOZ7KZ6X6L3ACFZTTHDTCA,B0C4R9CTV8,4.5461607
AHLQVPOCQKVXGIVMZTJLSTMCS63Q,B00IPH8MD2,4.7865195
AFGWUUOIVYEBY6N2EBLZGZZQEFWQ,B0BSCF2FD7,4.4077234
AG344D46XM2XAMSPN4IGM4DORUHA,B082WVMFYB,4.5884748
AEFAKDENKTWXF2RQU6RTA7AWZZCQ,B07CQQXQ4T,4.035541
AHGYSJ5C6F7YUTGNX6EMVI5QLYUA,B08DBDD6CM,4.0899534
AHIPKIT25JKKXMUL332SVAWYAKBA,B0B2445LLL,5.0
AHHKJOSTEB6PFRPDSK6SXWFZI6NQ,B01F6WIX5K,4.41064
AHDXMXSQPZX6TXVDHXV7PQWAKS5A,B004XNK7AI,4.8166804
AFU5IERTHDNTX7STHYPRFZFKHONQ,B0BPKTYTPQ,4.2777023
AEZRFF2AWH66Z7KRPON4YBGTPZAQ,B06XTW2R98,4.269771
AHIJOIUM2UOE6QTENQKWZ4LDOZCQ,B077Z9HF27,4.206372
AFTKKUXXNUYCGVEUCNH7RISTVX5A,B0C4FVS3L7,4.837208
AHXV5VPSODDUC6ZHGPUDKQNXZ3YQ,B081592T7F,4.4982643
AHJTFIUDE3J4S2YMRXGTEHQK6MBQ,B0002GO8NM,4.82384
AFVTV5IBZU7SCCUSTID3SQHYH2CA,B078Y89GRT,4.5154266
AEWVOHW6H6U6UAJAUTKRSET4QFRQ,B01NAZMWZK,4.1083865
AH4PST3O2RSB2MKEQSQDVGGQ7LKA,B09857JRP2,5.0
AFYGNUWRCNB7ZVGFAQES5EC4IS3A,B09D74VBJF,4.117392
AGVT5E2C6WNOCFYSLOCPAPBJOIKQ,B07NSWD8BR,3.036233
AF6Y32ENW4DHLHN2AOT7DF3L6PYQ,B0002CZVWS,4.8908424
AGR6WMSQRGC5UIXMOIPSTOCL3E6Q,B09TXP3FSK,4.3572392
AGTIWTOM2GUUFVUU3FBFTFZBI6HA,B077PSQQVH,4.4614034
AH7LLWX47LHBPP3VAKO6MGTGOAQA,B078XDMKWM,5.0
AHI3FR2LO3SB5SALPSQEFYVAY5TA,B00JER27MO,3.4258056
AG5G6CFL2C6KFLMBAEZRTQGHRGJQ,B000RNB720,4.2439384
AHRJONWXD46T3DWKR2UJG4RB44SA,B07NDJ1HSG,4.7767887
AF5VGANSNUJ6DMLXGIEOPGRXIODQ,B07FM97YFY,4.597552
AF67IH7LKCKADW6VCGNFUKRAREAQ,B0002F6ZJS,4.556615
AFDBBJTCNY6WUQQVIZ6QNZJEZBUA,B0C1YB7KFH,3.7357311
AGO7VCK6FT7PMZ3MK4MI3Y7R55IA,B07T96ZKRS,4.5880537
AFBJYXI756RJ7PNDD6RI7SEIZAFQ,B011AJ8KHO,4.71046
AEVV53KKJFALWH75EY7LFE5NTQOQ,B07T41F22R,4.7595677
AETM34MLWJDDYMFNNTWXVYOGPCMA,B07N5NKMFM,5.0
AGSM4LM5MKYYD3CJPXAF3MIFGAEA,B00FQ10MWY,4.7360845
AFNN6U672YPXSWNPCBUXSLYBDQXA,B07D5W5X3Z,4.4006543
AEENSLZS6WAJQE7GRMNHI74TIYYA,B06XJ53JLJ,4.4894342
AHJS6QDWCAHL75QZJAGW2VG3SZKQ,B0019QABGW,4.561677
AEWF4NEN6QUFTMF4P4RXGC7BVJ6A,B07RSSBZC2,3.91198
AFJCMXTTCBPMARCHD6EVWL5WW2YA,B08XMK3D28,4.297675
AEBJ66PMIIS3HX6ITE57SG5HQYZA,B00UJHFD2Y,4.161357
AF7CC34DK36SQJS7WXI44DREGWJA,B0B81HB47Q,4.677219
AGFFYBEJ7PPHHQE3CXR6B4FBS6CA,B07BQRDVYJ,3.9458876
AGRHJQVFM4WWYZULXXSZHCCLUMRA,B09M7CK2WK,4.459837
AE53AVIEMEFU245TVANDSUXTHP3Q,B08PZ5FQ3H,4.41057
AF2P3RLNKQGTDFRBGQPS6QKZC3FQ,B00L1LL7DQ,4.8465424
AH7YS622MC7QXBBAFEBQLY6PVTGA,B07SR3TDZQ,3.0536401
AFVZ6EHLAF5MXXRU2CHNIKZCTENQ,B07KNJSD49,4.479182
AGGF6WC6ORV6VV6IBPBPS7VDPREA,B00LCY77NG,4.853644
AH7KUHFPD2SO4PZCNXVSY3XRLTFQ,B0BKZ61YJJ,4.652784
AFITBSL7YZ34TYWR4E7I67ASN27Q,B01MSVSA4X,4.1435204
AGGWVXEA7MU6H63OVAPUL6XX7JFQ,B07FYYV6Q9,4.7767653
AENFQD5EQBOPKB6TB7AOAD5QQCOA,B09857JRP2,4.713714
AFROAABFKVW3IEIVRSHAIA7VR2EA,B00USQY0CK,4.537633
AEESX3HNU65OOFXP7VYMTQG5OZLA,B005H2007E,4.36636
AELDUQBFBGYWSPXFJ5Z3HJ3YL65Q,B00VYQABQ2,4.362242
AHGPS6M64DTATP53YBSK2SPY2QOQ,B07GFH8NTB,4.8318453
AF3Z6NIK6HCVQSPUKRFMHRHLDJOA,B0CB98SMQR,4.7162943
AGPWFIBAUZAC3CMJUD73YYJQ22OA,B01MT72S9A,4.335777
AE2N26XNOMBRGFNU72Q4FOCZFA7A,B0BFKN9P7R,4.1999755
AGRAOA7QVG7JT5JIVSEO3ES54HBQ,B000J5WB4E,4.146033
AFN6HSXIFGJROQZ2NN3FSUNNM6QA,B0039ONN5S,4.2734895
AFQJYVZJRRJKT73QEQYX657RRIOA,B09PWCF6T9,4.4331293
AETRLZMHXJWHRPFLNPAT5KWVN2UQ,B0B8Z76J32,4.458834
AEG6OB47J2PRTMCZ23S52PWW2BSQ,B0713YCK3Y,3.8958316
AGYVIJCXTIRUKHIIJBRWW4ZYCCRQ,B08VF4K987,4.836435
AEHZLERK7MKZNMJ73WK7HN3CCS3A,B0936WZT3J,4.6442213
AEK46MKUYWGIC32UGOGJ5XNCHGUQ,B07KVT68WY,4.2925067
AE2Z3OU36GTOAEVZNCFHULNC4SEQ,B07D9BW8ZT,4.8702545
AFNKH2Q4B4UWDWJN73UODTARAN6A,B0BZ166MLS,4.69909
AESVFN67IDLTGZUQEMSPJAESH3KA,B0723D2759,4.8129287
AHRYD3RNVS6Z6KNQQFLIOI3XLZ6Q,B0051IE05W,4.499893
AGE6QCQA3IDXEVSSUWVWNIGYVV2Q,B01D42PQCW,4.587503
AHWAYCEX3NCWJD32JTFVBFXKUHOQ,B06W2NS7RW,5.0
AEK3J4P3VZSXTFCRPYKCMRG6562Q,B07N5NMWXK,4.8778706
AE7WTZD7ARI23J6UYS3VD2R4MKBQ,B0050P09WY,3.7635133
AFG7GOJ4XZ6MQA7EXJQ6BCK3Y2YQ,B00DJWO85E,5.0
AGXNHM6FE6RNTARQVPQSHUNC5UYA,B08P4W7NFP,4.030785
AE5GU6FB5WPUSX37JGGNXLS5MNLQ,B07G8J1XQ3,4.636608
AENPMEUT6ZWW3V3QVBLKWX45TG2Q,B075R58Q4Y,4.344328
AF5XBYLOZUWJLVK7F7ZQDL6OZPJA,B0002J6H2Y,4.1515
AGRANUNQRSXU32PTYKNNGLT4QGUA,B01DZ6FBBI,4.5003877
AFWYJRXR3ZC5QWD2CPDL762HWI6A,B0B6P55RBN,4.188872
AHO5LUPMSZT2ISIN24MT3W37CYHQ,B015BKBGZG,4.6520524
AGDLSEHQJIHHVM4WEZW4TZ3UP2EA,B09YW3PJ7V,4.710643
AG2BNWGHZ7E53YD7US73TKEQY7ZQ,B0BFKQGWZ7,3.9320683
AFES2HZGVZLGZO2LNH2YRMIW3EYQ,B07MC4N6P9,4.3650312
AFYRL4FOQ56QKA6VZOBVMIKVYH6Q,B01N40M4KK,4.7991405
AHTNI7C4ANON2I2LZVL7KDO6PTEA,B0BW41MRGK,4.7563314
AEQKLE6U7TJCGBHR6ZJGSYBK53BA,B00JA8QD40,3.177352
AHYAJSJYNJNYY675NJFTNOQE3OQA,B0B8LWBTH9,4.531939
AE4CLE7HXMRP3XPZAHXEDMYCNEJA,B01199MA9Y,4.563332
AEC22VJTGBP2NSSEFFE4436KBOMQ,B088GF12PC,3.8658526
AEAPGDW6CTHQ2YHAEVPWOU5XDEBA,B0BPNMSDGB,4.019206
AGVT5E2C6WNOCFYSLOCPAPBJOIKQ,B003B06IMA,3.1238866
AEYVYN2QKZKKFTW2LNJG3QKFGHPQ,B0BWXY17MT,4.8474393
AFEPLHWMMPUHJCXBCDWHIDLE2A6Q,B0179A4ILK,4.2070622
AGWWFKFSK3KYPQFSEOUVAVCDFBKQ,B0C4SQBLC4,4.9254317
AGENT7K7THM6Q5VKHKH2PUACREHQ,B09NLV5LBK,4.0770774
AGPWPQZFGLIGJJDQR3WFVKLODSUA,B00AQ4U76M,3.9561164
AFZ3C46427HBPAJPNFHWADDIBGXA,B0BKZ685H4,4.2260084
AEXHOH3UTHYIRRTX6U7LDAZHLMPA,B07N3Z1289,4.782607
AE4RQ6OMDFEXLU5Q37ZQFW524J5Q,B08T2N1WZR,4.629953
AFFZNXPPX2MF7F6WSX4KYASX3TLQ,B0BT84L827,5.0
AFOHCSWHO2N27LSXIATOMCFZM67Q,B01LMDLNAY,4.5942287
AGZB437NN6DJ6CBJLPBIO2CG4NEA,B0B626J6MT,4.430145
AEPBPML6HZCNA2CN5QARQJCIIHSA,B000EB68VK,3.7156327
AHNG3NRGEDYO7E44QMYDHMBADPBA,B0033PSLSM,3.543361
AETKHJE5RREYGLLOHPOQEC77ECEQ,B08JMQR2JK,4.685393
AE74LXAR2UTNMY4Z4ADURC2TXWQA,B07MG8PHF2,4.8336763
AHEDE2SI6D32L6OKL6B5QCB42ZLA,B0BRWSYSJS,3.8114412
AGJX6XVM4R33WWI4R4PNSXVFZ7RA,B0002F4V30,3.7909594
AHPSEAIJQPOW7IWRQL4KH5ZM5BMA,B07WJYTDMH,4.7638116
AGAVAGDERIBPSIQPFQWIC7URSNOQ,B094DT88S9,5.0
AEN4JVIBT24RAPMWEHX7UGOX5CMA,B08GZH46GW,4.4365854
AHGEZE3BVNV4PBLJHQ747Z6FUIZA,B0183ITSB2,4.5190835
AFKC56ZSSFHF5XCYFFY52C3ZLFZQ,B0BDMP3CW5,4.084067
AGX3GMJ24TNG7OZWWDYSXH46ATMA,B000T5PPQA,4.3404593
AHW2G5R3FA7BBXBDIIGS6HFWX7LQ,B072235GXG,4.6285872
AF5OTK7QRYLFXITBWKD5AYH2Y4BQ,B0BXX3MYXT,5.0
AEZWVY7SNYXITG2YVXG4CWWGKJDQ,B0BXBG7VRD,4.013439
AEVQYOU7JYIXIVXIUDRSOSGWCGFA,B009A3JEZK,4.4648657
AGM6T4Z6E7NEWKUQIW34DDBHYT5Q,B0002F6WR8,4.9848523
AERKATJE467MEOYHBLICXUTG2F2Q,B075MRW285,4.136692
AE5XF7B3YXXLCP2TIYR3A5WXZR6Q,B09PWCF6T9,4.443385
AEMVIRJQCGVVYBFMIGX5UNRGPRWA,B07MFYHKLH,4.4853477
AF4HL3ZLQ4TINY2YWENTVTBP2ZGA,B002CMLQ0M,4.189181
AFAJWSAW4JGIMIWNK5VQH36YKYTQ,B0BT2RP11L,4.6095243
AEP6P3KJKABIZ2XBA3OQKRHEB3WQ,B06XWLXCFC,4.69257
AFCIVS44DHRDBJKC763CZ6ILP5GA,B0BKZ3GCGR,4.5267015
AFD3SUBU6QV4WG3FUYMQNRHKHADQ,B0919GCCBW,4.380708
AGTFEXWAKKGB3P25NJU57G2JXWNA,B000EEL50Q,4.398208
AFIGN7XBI6JWQG7G22JQEDZAAOUA,B0BCXS7X26,4.531302
AEZVM4MTRYYVQHX3O2HTA4LSPBZA,B0BPJ4Q6FJ,4.678445
AEAU4KJFIXGZODX4R23HMUVUZV7Q,B06X9KG3HW,5.0
AFNC4AEF5EWJOT73I7V2LKMWOOEQ,B0C61YQFHH,4.33187
AFDAU5M5NRUN4LYLI7N4YROKYLWA,B076LRN23J,4.82673
AELAJ6D4JXOZ25T62VNQEOERFWQA,B07QQLLXBG,3.7885706
AHBK2MB5HZGAIKP2DM3VUCOOQ23A,B06Y1KSVDK,4.607995
AGHA4OJMCWUO27UTPY2JHNGYXB5Q,B01DE4DPSC,4.839753
AGNPXZERD2EQJICAHX2VHBRTDNFQ,B0BZ166MLS,4.7705035
AG6BU665T6DKOUYJQNO3IAZCJ25Q,B0BS8PZNGK,4.3716593
AH6ZOJ5KTN23MYCHYUMFNWCDDCQA,B0C6HZ2BJ4,3.5968132
AFVCAHAMFK5OJQQPDJ5LUXH5FSPQ,B01MSZ25L9,4.362017
AFQJVHDJWJR7MESW77B5XJ2CJ7BA,B01L3JPLWI,4.107236
AF3EBMSD7BBGXKFCGDHDT5ACGJIA,B01MF9H516,4.488461
AGLKS7VMMPLSNP2NANAUOBZBHGJQ,B00HSP6KGS,4.303275
AEIWCG52NFSOZUVGLQ47BD3RRCGQ,B094RD529N,4.5757055
AG65EMDZJ3RRQSYRZMMBUR7TBA7A,B0002E3AHY,5.0
AE2W7OBJ45J4J52CGH7OFWHQZJQA,B07N5MJDBF,4.917057
AEZG4SHN6EDH7X2I4NPMCSN7MN7Q,B079NS31NK,4.437081
AFO6XWHY7FAH6UL6LXPNPRCHTTRQ,B014ZYPT34,4.367049
AHGXIQPLSY6BOS66R3V4RMEIM2OA,B01AAX6KGY,4.016796
AFUAQQ6VNKIE775XCZXO6JWY4FRQ,B07T4FM8C5,4.0867825
AGGR6BAOXEUYRBR37SXH3OS73V4Q,B09RN6MGZH,4.551821
AHJOVCWIY7VHL3GA544JONCJNSEQ,B0BKZ66FRY,4.8823743
AHQMEESXZDL2LPUFFMO7DDAXMMJA,B07XP6MHQT,4.6666975
AGMTCMP27WCMMXZ3R3FJ5F4KDABA,B07NZ14SP2,4.3532634
AGN5FDHWM7WRJKFO3CLNJ4D32U7A,B0BNCDVD4M,3.9455655
AEUFKX3YWACB5WMCIKX3DQJK2EKQ,B079TLFL33,4.4888644
AHAMNFZUBWQDDKPCIU5MHVPCWZEQ,B00O2LT4F0,4.6102905
AFKCIJWTRGR4PW3KWUMWP7L5OIWA,B07BSZNKTM,4.2578063
AFGC3CVTWDXINUBXXD2YPCD5RHCA,B07P67TV7T,4.255994
AEZEVMIL7CWPAMT462JJC2AAVTTA,B0002F73KI,4.758925
AGKQIFYBIOZQGQ5EX7PD5SFVYCAA,B01NBOF5MD,4.363561
AF4IJ7EGPU2LWQAZTYBA26KY4UVQ,B00TQZN1LU,4.0180697
AHC32FZVPNMEWOEJGLTZYNJ65ZSQ,B076BW4ZRP,4.756945
AGELXEQ7HQL4564TYOBFJSOPBAVA,B0BSGM6CQ9,4.7207665
AEU5LBIAENNFA2SQXVQLFAT7PQ3A,B005ZV5K0O,4.3545237
AG3S4FROO422V5KP7DJCBXVUQLJQ,B00F3D9ZQE,4.2022176
AHOFX2QE5YBKLO6GRP5ATWGDH4NA,B0BFFTRRRG,4.292448
AEU2O7FSZ6PPNCECOVQSC25OLJ3Q,B07175TMXS,4.558559
AERJUD4NREPMW7VM26CSV32KJZJQ,B0BTC9YJ2W,4.5147824
AF3NJDOTMG7BRKDLV6UM7GHFC7XQ,B076346CZ9,4.3063226
AEKE5PFGZXJF7WY3UCLPX76KDHLA,B00N5TGXOA,4.8348727
AENOIMGIPZ2LPSOS4YCUUR56C3TA,B082285YXD,4.229482
AFATIZMBMCY47EOUEPCV3TCNLNZQ,B074RL7WQJ,4.634262
AF2QKTYLPEWJZVZCVOFYQZA2R54Q,B005OZE9SA,4.93983
AHOFWP4LITEBFBWVQDV25AZK6C3A,B0BSGM6CQ9,4.6751566
AFMOXNCYTYVRTZKJGVX4X7NHOU7Q,B0BSC9T1BY,4.319076
AG3HHGKGIZCIIQZ67ZGJ7SUBH22A,B0CCK4YYNM,4.1873083
AF3QU2YYPZLQSXRYSEGLWMXIOV6A,B072MLFW5B,4.143404
AGRUH2FJR2BIFFEA77I6ILXY6P5Q,B01N6LKIO4,4.5918484
AEZI7MUZKOSYAQITXWI6GWJC53IQ,B00WBCBQF8,4.9528375
AEQDBGBIFHPMU6FFAZQ25U7BTGQA,B00346LJ2A,3.9013257
AFHQZEUUODBBUMOO3HTA5B6FKKVA,B0749R51B1,4.805467
AE7BAST2UTRFTYAP7V4OONCCFQTQ,B07KYX3S8X,4.907268
AE3SOV2D5KXSUM3BXEQO7HXO55SA,B0BK9TXQ7Y,4.998859
AHLWBN3XMEJUKJQECDTG4PZYDI7Q,B07Y9P1CR9,5.0
AHAOKT34FB2OVB7UTCVRRPWDFIOQ,B08VF4K987,4.342488
AFTQXMXNFZAGW2YWFCH3SPHYIIDQ,B000EENHJ8,3.9153383
AGNLHFQGCYCHERL2WXDOFMHWIIZQ,B00JWVVHAK,4.5892296
AGN7KMV3GSGCBANTJAKIHDQYEFJQ,B076H8RBPC,4.799361
AHXNINWNEGPRI6RIHBQIDIWJCBSA,B0BPLFP5P6,4.288785
AHKFANAOLSIEMTIM7ILBTUUDEFHA,B00DH4Q668,4.7346234
AFRHPTCG4SZVWT7QOV7G6TW3GXPA,B00RVE9X06,4.411189
AFUZLLFBTEMFFNHEXPEMTWWFU65A,B00IY0BLB0,4.8515153
AFF5DXDGZWYXZ6BDDLOPFFPLKKQA,B0107BCV1M,4.749202
AEJWUXWEO2PPCM2UOVJNN24S4MIA,B09N3PBT9S,4.1309404
AGQ5CAQDCCR7HN63DJNQBIYRGQEQ,B07ZCJJKRG,4.0520244
AEMT6J7LNK3BZYPCMUHZQJ2IN5PQ,B01MRJUB7Z,4.234176
AED3UVQUX4DN4DOUQJQN3AR3QUDQ,B09VP6F1DV,4.699587
AE2XNFCTZXR5ATG2B62NBED5YVKQ,B0BJ8WDC13,4.9110146
AHBUGHHFS3VT3ICT3XO35WJEDO5Q,B07MDT5WJX,4.8530006
AG5JSCSMRBS6A2UL3CSWQVUFAAVQ,B000Q847M8,4.559675
AE7CZRB46NV6QFMFBV2KO773ZMPA,B00CALHPGY,4.7322054
AFFYR2A7MHOFGXKXOAS6NYCGEFSQ,B076322LP4,4.3682084
AEI6W3CJO4FEQT2UWAYWJBAGNJHQ,B01M5CXH65,4.7316165
AHAGDQE6VTTDDSDDIEOVJSSGH3LA,B0C6J1T616,4.448139
AHRMYVXZC7MK5EBIO2XL3Q2GGEGA,B00OYUSHJS,4.2603025
AHCWJFAMVFJ52YERNU3A6QMYH7PA,B01LDTXWKQ,4.4376297
AHLQVPOCQKVXGIVMZTJLSTMCS63Q,B09857JRP2,5.0
AFGQ6RLFIIRFLQZKIUMJNFZABWPQ,B07PPDY2NS,3.54994
AHYW5HKXV2VYBDQKXWXZAKXPVMRQ,B08R5GM6YB,4.2849984
AG5WE3XGSKHUP326YESVMB52VDYQ,B088DT926Q,4.3312874
AGAGQDT6HCJJCPQQNXYWPTXKJYDQ,B0C5CT47DX,3.9020832
AGXFEN4ZCEDWOKWWM62WHABQJTVA,B071DH8PW9,4.4627733
AG477CZTN5DXXKI4PJQL33KQYQMQ,B06XJ19VWG,4.824215
AFCESPIEZZMNAOIUYWFTVRXDY4NA,B01DE4DEGK,4.858103
AFEYKY4PX6MMT64Q4L57K5VWZ6LA,B0088DXS14,4.2586646
AEUFCTMP25QBJ4AB2AN5LKHR53WA,B0BPJ4Q6FJ,4.8672214
AHPPNXBRVHYJ4U5ULMVS62PKMWWA,B08P4W7NFP,3.8269432
AHC7I2RQ6MAL3UUOMHTOVKQQX4GA,B00WJ3GS16,4.5110803
AGB3CWNAGKSYFS5HSMIEGF4MU3HA,B00OGMD0VE,4.6656146
AHQQRRBAO2QYRA5LG5E7OJYAQE6A,B07K66L4VL,5.0
AF3NJDOTMG7BRKDLV6UM7GHFC7XQ,B0027V760M,3.8998826
AHJOGKL3G262UFCW5UVYX7TOJ26Q,B0C67HCGBR,4.821379
AGXCV25HDW4JXI5QQSJTIZUHPRHQ,B07NKRZ1KQ,4.661031
AHSJ73XC3DMN6FGEHNJ6HI2L2WLQ,B0C9D7W4SM,4.4550533
AHCDQKCODVZFMU37AXNWP4ZO5DWA,B0B9XP5VFW,3.9605017
AGDX76QOOHVAXJJMSBNSJHJV6LKQ,B00OGMD0VE,4.6913743
AHT2FXCCVPDKKIMQ6S7AVHQ4ZNSA,B0B7WSSX8T,3.5310874
AFUA3AH4YS6GAL2QJCM6TLUMIPEQ,B0BM71QK8M,4.716057
AE2OU3FDXOGNHVIXGRKRHY6YTMMQ,B015JTEBN8,4.714552
AFVSFT434NS24FVRSL3E32JMPNAQ,B099NYHNRG,5.0
AEY2D6S47J7ZNE5B5WHDGOMTBDRA,B0BRSKMZVV,4.8981314
AE5VUD3ZALJSYNWAHP3AEWSFJQ3A,B01LVXY4GF,4.864808
AGODDVRWGAQPWOIVFD4V76XIST3A,B0BCXRJCL2,3.9908447
AF67UFXPM24ELQQMDH7UVQLDRJVQ,B07YMGPV7P,4.475414
AHTWAINQI4ZDZA7GPISHQGC6LH6Q,B00INK6PIU,4.9068155
AFLCWNNFONDAF7WYBT6BHG22ITRA,B09BF8XDF4,4.982256
AHOPM2RGN6VXHKOR2NCYQ6EGTAYQ,B085HGYN4C,4.9422216
AEIPLIP6FHRY6D3IMF4MM4ANWLYQ,B002MWIVNM,4.9633207
AE4XDOLOLDHCE3JLFPIOCU2CDPVQ,B0B819R6CN,4.4202604
AG6ATLCKETNYRKL6GCQV35CSSGPA,B06Y6BCX7B,4.2718444
AE2ML65H4XYB6KGEUWIPA6KQJXLQ,B000ARHGSC,4.4899364
AEH7IOTDSZGSZLE74R7YMFXFZD6A,B0B3NJ1TDB,4.7679234
AHYU5PQSGXDZ6V7F6UUG6LX5HJRA,B005H2007E,4.0846815
AF3XBNK46KFV5SZF5WYV6Z4EFIWQ,B07S1SP7LY,4.3591976
AFQY322LW2MXVICDXMZ4QFWAGP7Q,B0B291RR9J,4.554966
AH5BGSPUSM5ZKUHBSEHRDPDSNLJQ,B004HR892I,5.0
AHSZYTQBIGNBWEXCZV4YMR3A5CCQ,B003XNTQWO,4.728717
AEO6OEASYX5JVYAWEGXFZ5UPBDIA,B08T9CCXZB,5.0
AEL275DNGFTFLIFSPTKDR6VJECUQ,B003Y5BVN8,3.9996598
AGGRZR7RQQXUDJIVEWFEBD2CNTVQ,B0BYXJ6JKZ,4.6495996
AF7HJLFM2MIP6HPGUFFQFRPITXDQ,B01FS4JNVY,4.389269
AFJC44PF7YHE6P47UU5LX2NDOEZA,B003B07LI0,4.5600395
AEAFJUXBROINGNN4KCQGS3V2EMAA,B08HHVYGV5,4.234757
AEOWIXLCWGPLFJ5FAAIVMNJKZTSA,B0064RTSUQ,4.7794237
AG5CLB4M2P4GCGANQS4WS3JGHFOQ,B078KGLKH3,3.8882055
AHKFXYFQXGWQPZ22R34O6P6YSMBA,B07CYRYQ8G,4.635487
AGTIWTOM2GUUFVUU3FBFTFZBI6HA,B07HKYZTX6,5.0
AGKFP6RGI2I45OUK4CHQ3YZO524Q,B09V91H5XM,4.3244696
AESOEDJVQQA5P7WROKE4ZLCMD7CQ,B09TPZN5JJ,4.246518
AFAQBC3T4TZUBO2BZJFSGQX7ZT5Q,B0BXT6TL22,3.9382765
AGNAP3VRTXIECI3MGMEMF3B6V4XQ,B0BZK3X11C,4.0257163
AHXC7JEUXRETZUDFXR3SAD336P7A,B015IJIO5U,4.1052923
AHOKAI6XL4KDSK2EZRV6J2XDIXLA,B09857JRP2,5.0
AFQGRZFAOTLBDPYOLT462I732ICQ,B0B92LPGD2,4.777673
AHXRF6W7ESUNDFKBSQJSP6VJ2F2A,B09T7NX5K7,4.4229803
AE3SKTQCCNKB4GYG5RUDUJCGXQCA,B079QHC29R,4.312455
AFI35SPJJX54G2T3CW4CRH7D3WLA,B00CP3GQQW,4.494587
AE2UV6XH56H44OZBF3FY3IBS37TA,B0B56MCNBL,4.5429654
AGTQQMW7HNFMXJILBOBFZAAA5D5A,B01LXTBO7B,4.6768603
AEISZPMG4E633J4IM4ZGFLUVCGWA,B07FYL7LW1,4.9974236
AHGPT5QIALNVAPT4FQBEUBWKEHOQ,B003YJQX1O,4.1465383
AEJHSRQR2RW2BG4LUTTZMXBCOJWA,B07FYCR5H2,5.0
AEMF56577VPVKT6SBZRQROSTEL7Q,B001V6BW4U,5.0
AGP4ZPYZGTJEYLYSKCQJBE5WYGSA,B0BJ3B8TXN,4.60093
AHYQKMLIXHKFDHC7K2Y4JXM4YLOQ,B00M53H80K,4.5662074
AGIS7IZ2KTZTD7RYTKZIYAKIR67Q,B01GGUTOFE,4.3544707
AHXOER5GYRVR4LHHXTDAPROJKQGQ,B01DN7OI40,4.244353
AGY4LSANTCTFGGXVHUO6BBDARX7A,B09WVFZPLS,4.468817
AEGCEISD77PLJ5CDAXN5MLL4FPAQ,B075MCRFYZ,5.0
AFSA6YD3ACC3VQQJRNN27YN537NQ,B07CQS5DJV,4.318195
AEIJO7WWMCD7DE6YQAFIB2L2QGZA,B07DK59QNR,4.706301
AGCLDTIX6BEN6YTPL2ZNULFQDQCA,B003VYBNIU,3.9321444
AHYKDZQIJSFNDBGMKREOKXQ3CNLA,B017VXNOK6,3.7475073
AHVIEHUW2JKP35YI3YAMQNTQGJXA,B00BESRB8Q,4.526736
AHBWDWVH5WANPTQ4GF2M5F46S3PA,B09RNG1MSF,4.924696
AGBOSU3X2EFARU6PRHGZVYHLUKLQ,B09TPW5HSK,4.70348
AEKP3YMONZP4GFRTLXJLTSEGXXFA,B0002H0BZU,4.87138
AGSWTRJPZ7AVS2C33JGND5BQ6SMQ,B072LXH1V4,3.583412
AFPON4DBYQNDCNYOC2UM5LXFYJIQ,B0BNCDVD4M,3.7429419
AHGIW4KOZ7GCGETIM5WLEGYIYPVQ,B00YIKO4CI,4.274515
AHBGT6Y2NTDTMPCV4OGK4BJM7EYQ,B099NFZP4S,4.897649
AFZV75N7D6JB6GXICYEYS6NOHA3A,B01DN7O97G,4.7082334
AE6M7H4LZHW4SPTZIDFHYYDYPAEQ,B08BJ37FNS,4.960061
AHRVFOLGXQO3PSAAF7XTRWO4ZENQ,B0127V93D4,4.231751
AGEDVIBZ4U3WNWUYK2VKGDJEWPNQ,B0C3LKRRFZ,4.610008
AEPIBDY5VZBDD46DVEAA5YDTJ6BQ,B00646MZHK,4.592458
AGTD3IDTVYW5TDGYWPCUBDTAX76A,B004SX1BCG,4.4418545
AFDLRPTS3IT4XBACV2J2GFLWEHXQ,B0BLLKKFR8,4.6255426
AEEE6HXPTVNXEJAAL7GWHXTSU3EQ,B014F1UKI6,4.565269
AE5VICOXJ6XHMLISRION3NBJ54OA,B0002H0SWQ,4.211418
AEOWIXLCWGPLFJ5FAAIVMNJKZTSA,B09R2TMLJR,4.7054076
AEIBJXOMYHYM2GHFZWFVH4OYSVWQ,B0BG95DG2H,4.9453907
AEAJFQMXRKKLUVQ3CKLPOMYPM7MA,B081H694YZ,4.587376
AHWJXB2NGYU4QVDQGXXASEMTCRDA,B0002GYX5K,4.482398
AEHBVSNQHWSBV5RXVHMGN3YOO4LA,B0B81D5BB4,4.8484964
AHI2TEVNDZXRO4VCOPF3RXRAU4ZA,B074K56PFT,4.5343814
AFHPDLXI5LH52OFLZSP4KUBTZ2UQ,B07G98F55T,4.483488
AFT7ZNJFMLEFNPUU4FI5MATSZCKQ,B00A2H01IW,4.143505
AFPOTFD5RRB6MHZQ5P5UIVG7QTBA,B00RVE9X06,4.770697
AECUZZA7GWAAL7BMAEXNOTLRKVFQ,B09VP6F1DV,4.250283
AG2LR6OTKY3TOO4CIH56E6JBYPWQ,B001L8NGJ2,4.5153837
AGENKWPB5FFH3375MDFYOGJ73QMQ,B01M72N0A6,4.300547
AG2G5F3GABGI6CPVD4EL76ERFZNA,B07DWM2XSS,4.598748
AGJ7RLVCMTUBOVBIHLK2TXPNJL3A,B00SZT4TTQ,4.831429
AGTFVU24EZKHXUFYKLSRPB2ZUG6Q,B004UJWBL8,4.3423586
AGJWH7NGBBLGJBRDYD3SQ4STKN7A,B000WIPGG8,4.6126957
AGY53AAWLQK5O77H2YKXCURQHNTQ,B0BSGM6CQ9,4.5680733
AEO56G3OFK7ACPYFK57RQZPHC3MQ,B0C43X1YDH,4.1263046
AH2KNTQFU4DWMQIMTDLFSMRQHRYA,B0BNCDVD4M,3.8475487
AHNCGYAQJFC2W5N33AOVBPCOP2WQ,B07CRK35NG,4.5054665
AFDI3YPNNR6IN2BJIJS7RCC64V2Q,B000EAKZJ2,4.522715
AEKFPM26FPOBYQO24ZSDMAW6TC7A,B0B6P55RBN,4.3900914
AE2ZQZNGYDIR6KW2TTLMZUD7NSBA,B095XCZXNQ,4.535765
AFAOI3QN4UWTNNWNVQOE6QQAJKBA,B018FCZKR2,4.7511168
AHOUKQ3IRAEAMEHDB6U4AMB366NQ,B07R28FF44,4.1265793
AG7PTH6BRNGOAKYFR2KUSMPVO73Q,B09857JRP2,4.8984003
AF63VW7YLF42A6STVGBLACD7RUWA,B09R2XFGH4,4.2365975
AE2GJDEGL4G6J4VCIWD2WA6FONFA,B0002KZB5C,4.4891624
AH6JESOL3IE2HXVN75ODIOHNWJYA,B0002E3830,4.4451413
AHXOBRO2VTZ2WUA2CGIR3JXHZ7HA,B09MTHTMBB,4.995928
AEG5IJCEK4RXXLTMQDHBKXKZ4LCQ,B07R3S93K8,4.4010434
AGK5J33TK5YZJZNMTXRINKBZ6MTQ,B00N4ZHQ14,4.56584
AHNWTDM2BHT4KVCKGSQVEKXZJCBA,B0B9S8G4HD,4.532705
AFMEX6I3YRYORJRHNM67XPKTSNRQ,B06XFYX3NH,3.0569036
AFSSGMMR4TVPLP6XTNIAHQTRB2VA,B06W9NGW7Z,4.4801273
AGJRSSCJDOJTCM5JPFMFWP7DNHWQ,B0BPLFP5P6,4.035619
AEZZEFAXH7SOS46D4THTU3IL3D3Q,B09JJQR4LF,4.8131695
AGOJMG7H4PTWB3PXU46ESY6FSTDA,B00F912X96,4.38025
AFHDHVQNIJO4RTZSJDPJMVLM7RNA,B015XDJB9E,4.710624
AEZIWY5MGFWEIWELVGYQBFWPK4IA,B015CO3U14,4.2234025
AHFPGYQJW6ZOMWCS7PBJJZEZ6NVA,B07F1H422Y,4.753487
AFBMVBSWVLA44QKWJPRXI4P46FFA,B003YKSKBE,4.60334
AFLCXIOIKSV4RSDYOBQMA5IFYVAA,B0C4FVS3L7,4.641435
AFBO4HWHVJPJUOVJXDVPHX5SOHBQ,0825603285,4.658349
AF5N5ERK4YHMLXBXFXPEI5ZRS5BA,B0002F79E8,4.423706
AGXWPCGLCV23BLX7CDUE2R3ZHKQA,B09VGM7F6Z,3.9362276
AHYEUIJWZ2KNFA3G4OPBRTVO5TKA,B001FSZR4U,3.7807086
AGSNQ7JEBI4O2XKWGXEIDNFYMGUQ,B000V1K7FG,4.7434464
AFLDO6CCUQ6JJHFAVR3GIFNXUKEQ,B0C1MHGKHN,4.47076
AEYHALMBBXTLHMCBZTNNDW7A4PXA,B015WUVA5G,4.4285083
AFJW6DSMMDZF45UIFAT6VPYL74HA,B000NUXNWE,3.770884
AETH35ROJEF7T2FERRHTTSSQY4OQ,B07MG78TDT,4.430268
AFKXLVV6Y223XWWFAGFRH7ZG5AVA,B09DR91XCS,4.633937
AH5MZVAOBU2PWPJ2G663BY5S2R5A,B0049SBVLG,3.8671837
AHQ3WFXQLPDHTV3BPXJH3COHLUHQ,B09TRX519R,4.7281766
AFND2J7ISWIQT2WGEBO6OQA422AQ,B01JJP7NII,4.19041
AGBDQQNDS4TSYXHOB3WCWARDO5OQ,B01M8N618U,4.392825
AEWLK6HFFQ44AJIC4YHECUU7L4QA,B001CIZA8G,4.028622
AHU4TGHXLUATFJ2AYXXXCCCZOQ6Q,B0002D01K4,5.0
AGQGQNKQEUZLXVMAD37CUFLLGMMA,B08CMHD5HG,4.4671273
AETH5XE2ZFEB54ARJBP35D2CZLPA,B07Z63HSZ3,4.426736
AFHURQAVXVFY6SNPFIJGQPGF76SA,B01EUTJ4IK,4.3789315
AF4JAA4MOJFTMLCC4754CWXJBUSQ,B013NDP2TY,4.6580997
AHNC3B46PPIQWP6XOAQPIRP6SLNQ,B06XNBTLHC,4.3733253
AHWAYCEX3NCWJD32JTFVBFXKUHOQ,B0B8Z5LTZ2,5.0
AGVZDCTSOOTVZRWGFFGHDFBGM4PA,B07D5W5X3Z,4.8016214
AFOLSP6IGSO6M7NB43OTQIH3BG7Q,B09NWCD36N,4.930087
AEWBPLYRC5TPLQ4ZASZFKZSVAJMQ,B07K2KX3P8,5.0
AGO4PWTACG5H4W63S3WT7CD7XDQA,B0C6MW897N,4.9041524
AF63XHUFXPDT7TIMND6IIJTDGZ2Q,B079GW2PNY,4.0750766
AEGKJTQWHGBIOTO34OB3GKIGCN7A,B0B1ZW83N8,4.2321916
AFMK4SIFYYQISG2YVU2U2FOCQIVA,B09857JRP2,4.9866095
AFWH2ZHBRF7EKVOCO5QLDI6XWNXA,B07BLZX73S,4.3658447
AEWZE5LGZEF6Q6TJC2LJKOSKIWQQ,B09R72Y5G6,4.29214
AGYV6AFXZR5TFYH7B5FLJX3DPYNA,B08DJC4SYP,4.8184643
AH4HLCDFTQ3ZZVAR7SBVN3MCZESQ,B071KTZ35D,4.966196
AEDCV22P7AK6YFEWB2UU6XD4OBAQ,B07FYL7LW1,4.7416077
AH7W2JX47IXC5XFHOQQEV3IYJKSQ,B017NT392Q,4.577199
AEVSFWRNQ32ALSVAVBSBT2C5RARA,B07QCMSZSN,4.1534505
AFO6G74UZDWO4UYRBLXEAHR6EUKA,B073NZDH1J,4.5126414
AGNEJAU2YSULDNEJHFJKZ3WLDIQA,B001T9O60Q,3.2376192
AFOGHZMFR7M2CNXJLX3YK6UV22JQ,B003BGXW50,4.6074677
AHKFVHWN2TKMOHOZH2VKUVOCMUSQ,B002P9LCYM,4.565875
AF6B2MHYX44NXIJKLOQHXTUE54EA,B07KFNST7G,4.709685
AFGSTWVYRRQY7XSNKMVPLEAX4UEA,B01JJQA4M4,4.1651807
AF5PM3LODZ3TCXBESCMRC33V26SA,B00C5QMVI6,4.18591
AEB5NDWYIGALIJTOMT6ZSYN6AJDA,B007CRBQPW,3.626606
AHZNM2IO247WOE2HB6HFHNCK46IQ,B09SNBQCM8,4.4032865
AED6Y66JGGJEBPEBHU637IJMNAOQ,B06X9VC2VP,4.5889196
AHMJHVELMSTY3G3EGBGAIBACNORA,B00WJ3K3QW,4.1170306
AFRCFSZ5JBGD4BKHAEJB64QGGLHA,B014U5O8NA,4.2153244
AHNSPXAYSM6UVQ22WMIUMSJUCVDA,B0B41JFP9C,4.5529375
AG5RBEM2ZWF4A6QLBNCGV7FJKWNQ,B01IP4ENCS,3.6896367
AHKV3LJQFB3P6EX6VYJBCKB2CLRQ,B00Q0OWR9M,4.657872
AHCZPXH25LJYENL4VJGYRB4AKGOA,B00IZA1GI2,4.7668276
AGU422YBQTIXMFR3WYLVUXUXCXHA,B00HY657E2,3.6595144
AHODQCCIMHNRFD2VGSHLFOBRN5HQ,B097Q9W8MW,4.3732743
AFGDOWXYBXW46W56NEVSOPWFKLWA,B08M3Z4WD6,4.130685
AER3THLOZ7KZ6X6L3ACFZTTHDTCA,B0BCXL2V52,4.321751
AFMCJFEPXSDR6CBD6JAFUNDNIPUQ,B07GDTH9RF,4.1028423
AGD3XHJMPIXR572HP2NKUKPBAZFQ,B0716DK86D,4.3178487
AFLYGYD5JBG32JDSBOQIGJTBL3OQ,B00T0S0SPU,4.20748
AHX5YR6R6MXIMS557XKXSE5WHUIA,B071HN5TQ5,4.7043486
AFFG2JPG26ZBNF7GPDSPPBVBXOIA,B0BS1QYSFS,4.1701846
AFO6T767OXV24YU65XUACO4O6DJQ,B097FMTZCP,4.289344
AEDJWFGRV2TQQ4MBPEW2HWXBIJQQ,B00E3X5USC,4.2064595
AGTCUHA2OI32ONK5LE4CFG6JZFUQ,B079QDMQHF,4.818083
AEZNCOTOACFQXLFM4MXKSQW6SFKQ,B0B9XPLGMD,4.6280804
AGBCLRMS7OW3N3T44GO6W6M6RNBA,B0002F71RI,4.1953692
AHICPR4QVQ5FMDFSESYDMTT3BDZQ,B0BKZ22NHL,4.598329
AEVGXRRI7C6LGQI54Z73I6CNORZQ,B0BW43P2H7,3.9550195
AFYWMY47CRZXSP4PJYTOQX5BCEDA,B07KG3SDZK,4.806876
AFQL4A6YCBYDIPUPWTIH6VRIJ4IQ,B015WD6FIK,4.2332673
AFVSSJ5QSQBZBTAVR5XHF6UQQVBA,B07ND4BBX3,4.0527983
AFR53WLNPUC3EQFBXCGL2NU3YEWQ,B0149GFCX0,5.0
AG2WY45W3ZZ7FJHO36GRV2VSO6DQ,B0BTC9YJ2W,4.8667083
AE3CYBE7XGSBDNQPILWXQ253LHXQ,B0B8F6LD9F,5.0
AG5PP3I6IT3W633ME2FGKGG3SDAA,B0BJ8WDC13,4.3406816
AGM3CUPVBROSWBFPGWSNUXHLPL4Q,B088DD5M4V,4.850179
AEQT2EJM64SZEGP7E36GKCAYZQOA,B01DN7OLJC,4.9248524
AFLHFZVJG5BOHMDGWC3SS32O3YDA,B01DK40R3M,4.687062
AEQC4GLQROXYW36PX5IVD4AQKMRA,B095XZJ99J,4.709561
AFUGYX2OIIUMI5C5DMYZHUYO2XVQ,B0749K3CB5,4.5899887
AENNSMZVV5RYNFMIVY757EXBYLQA,B07SJ1Q4GP,4.809379
AF2RWUHNSVTHNBRI2UEE7PBQXJMQ,B00SVRLQSE,4.4992642
AG3FOC23LZJXWOVFAADAFZWSX73Q,B014W0L7ZU,4.8305535
AF7LX5UI7Y7KKCAW7UKW3JUZKTEQ,B072PWKPLW,4.1510353
AHLTZFMLFGCDEDDGBNX6YPMQIMPQ,B072MLFW5B,4.4277844
AFBS7KQ5Q7H3GFT3GA6OQA6EJUEQ,B07RBZHDT7,4.9176974
AGAPBHWCP4ZRSGTPHPWJCCRXYTOQ,B0871YN75N,4.672979
AE3YJLLDWOWFD5RY3HVYZCZKUMIA,B01NANTPE9,4.338267
AES2EMOE2IMYPHWUU2EBRMLF5V7Q,B0007U9SOC,4.445567
AHWQWO3TDGHGSTCGTU77TE5AITKQ,B074CM9YNY,4.566776
AHMYVVPBU7WI6SP5MNABEHF3LEKQ,B0BLLKKFR8,4.2907534
AE4SCUJHWKFLMXTAJNZ266VZTS2A,B07BSZNKTM,4.1501846
AGU6IQXE2QIAP2HSVICFNCYV6VDQ,B096K2LZKH,4.676075
AEAZAEUOYT2WUSTFLXI5Q7R2CSFA,B08LVRB74Q,4.0291214
AFFRCOTU354SFF2TWTMJSVJ3T5HA,B0794JD1DJ,4.1178455
AGF4HJUL2X2KSJ3DBYZVSBYSNXUQ,B00F0GQ6TS,3.7258706
AGYUWXZSOKQS2IEGKKTXD7EEBRDQ,B07N3146QF,4.2223864
AHLERLIKFEZ7VZPC6SVYMVSRPRYA,B0BKQ2VGP1,4.919384
AHN535MBJTI4BGLTUORFR3TLABLA,B015WUVA5G,4.207719
AE5XWGBISMIFLQR5SQHX5GR22HRA,B06X3XT47P,4.647948
AHHNKFG33VHQKC2DMXQOXDUFJXVA,B08QTSGNNQ,3.5777423
AEMOYADP2JOCWPFFSQD5XOHPNCCQ,B073C9Z8HV,4.8430395
AE72UOL7UVRMIPJRHY6A4FSQKJVA,B0158GWWJ2,4.4678097
AEGFQ5OD5RN4XKYGLAWEDH6JLQXQ,B07RYBJN7K,4.669838
AFDTO24ABREOG7VZHGM5MUINEONQ,B07FM97YFY,4.519267
AG6HQSBJPDWOKGKM6F5V2NAZ273A,B08BW2TBD7,4.1167006
AEYGHK2XKWN6SJ3ZDSSP4CSKDZIA,B08HHVYGV5,4.1484933
AET456SV5KEEOBGGHEAHTRNEG52Q,B096FZ5TKG,4.0760684
AF5C2VN2T3YFMG37IF6UNYL32GCA,B001OICJCE,4.1565356
AFM2K5Z6FN65NXDAT3G7ZLFW33SA,B01N5QJ0LE,4.0858707
AEVDN7DRDHN53ZPMTZPRZKGNGMMQ,B0057IVKT0,4.693603
AEASD7QIONBITO7SNEDXKJEEACEQ,B07HF4ZCGS,4.4304457
AEMOKFRDML3SWYB7DCLK6ZW7544A,B003D3OCD2,3.5548136
AFSHT66OVN4NTDOFPDUZEVBLBJDA,B09SH9C3S1,4.107752
AE4N5XPX57OH6MC5A6I7YMQ2WCFA,B00X7DDGBW,4.7129307
AEW2LO2YEEIWZ2V7CPL7Q6JBM4HQ,B014F1UKI6,4.3524766
AFOBI6TL5KJZ4PXECZXGF23V6JPA,B00X7DCM4Y,4.2198257
AH5PPNPBIL5VFASDP5QMDCUNXRPA,B07N5NMWXK,4.8628964
AESCPQD5RHHP65UTHAGCQDE7BUAQ,B0BT2XJDBM,4.5030227
AEOK4T53CV2V3HI4NFDOAOCRH3EQ,B096X4XB5N,4.2596745
AE62AMAAHZN3XHVPSHWXPWHVPYIA,B0BHSG5C3G,4.882264
AEOGRG7N4WAUYTPHEZ4QMHNZJ3MQ,B07MDPF4SZ,4.6474934
AFSTKZ46JMFZCWEDBL76K6B5OLKQ,B0BQ4WFDFS,4.476943
AHINDSRNO2KD7WSUIYLNE6FJ42QQ,B0107BCV1M,4.7895417
AHOEAFR76BBEHYKBUJOARRUUZXUQ,B00FI2PE1U,4.0527806
AEURYFHY5UKJWCTOYPJD3D2XLJLQ,B00BYI3UMC,4.3377705
AFBU2OKYDAWEKQZSGU4KWUMXUTOQ,B0C67HCGBR,4.9165363
AG23AW56WZ7KPYYAS4A3YUDTYWCQ,B00JL5IECG,4.636547
AFXVBB7QDI45CCQ36S3NDGP5JXZQ,B07JNKY9T8,4.5992436
AHWSQSOLW3R4BI2CGU76ZR37CJ4A,B0942NY5J9,4.406171
AGWLUHYZ2M4P4NPMOJCJGKL4UXEQ,B00NPAMDQ6,4.8179073
AHMO7X3QGRNEGQ7CKZQ5ABAEERMQ,B07S9X47LT,4.7839246
AGNOV6KYFMFE746R43PI27PCMTBQ,B07CQS5BMH,4.8443055
AETHP2JY3WDR3UG7KPK56LIWJQVA,B01DXVB4RU,4.7615566
AEMR3TT6O5MSIMI56SR33RIWQQBA,B0BDQVNX4K,5.0
AGYVINGW4VBWAX5UHWUCW6AEJSWQ,B0046VXQQE,4.389769
AE4YC2QFG5TC3AE4FH52VWIKLBZQ,B00FSSU41Y,4.754089
AEQQZFX3NNGWSP26RJ5KPECI45KA,B01N1UI8V7,3.9837613
AE4LK4DLHJSEYO2HJ6NONKZUGOKA,B00TWHTFSU,5.0
AHNLPXSGHTX3G72AKOF4CXARGDPQ,B000UV8I7Q,4.0286574
AE6E6YBBMXS5CQLQ3ML5DQJPNWJA,B0C61GDMJL,5.0
AGXFCJEB7DMPI4TWBCCG5SRU4NHQ,B0002CZYHK,4.5551124
AEPLYYM44R77PXEBCICPCGEKCO3Q,B00646MZHK,4.8416786
AGTNSOHIGESRMHSBEE7OZHP5X2LA,B01JB0SPEC,4.8995442
AEOBPIPUOOQUGQEXNMBWZYEC2XIA,B00H05ZVZ2,4.6940813
AEVZHIZGHRVIPJBVV67RVR7GGYZQ,B0BTC9YJ2W,4.7679863
AELA7SBKIKMMMFOSMPOM55GE7GEA,B01HCHDOTM,4.995878
AEBF2QAX2TLFF4T5ZKMXAIRKVSEQ,B09SNBQCM8,4.521011
AHWRNYOWY4IRKGIMFKZGO55XSKQQ,B075RB1KN7,4.368667
AHMOULZUCO4KAUY65VQ6JXCHBNSQ,B09R6KV6QX,4.4714923
AHHHSIYHURY6KKWGLTMN7Q3JSBPA,B078Q678C9,4.4621015
AFKVKVRQRTZLQ4B2MBRH6IEAZK4Q,B0B1DPY481,4.605601
AHTYMUVELACPSPGNXH2TH4WEQWVQ,B015JTEBN8,4.753127
AHP5XNYCMUTWMYVSJVAKWF663ZFA,B01E6T56EA,4.2381644
AGF2BWWRJBXNSO6N3YHTFFCWCL7A,B01MYTO85F,4.2791777
AF736W3YRCLMP6KMKVZV5HN2KC6Q,B017P7Z2QC,4.4659677
AE52EI65PJ5YA3CQ6HEFTQSRK7AA,B00WJ3HL5I,4.1373887
AEIGSLLO5UNOBNT353NGRYGORJLQ,B06Y2W66F5,4.6344495
AHROMV7LJFWNQYS3U7N2ULAMO5MQ,B000J5UEGQ,4.1300335
AHQMOFC4UGTF2S5NS73PPOG2T2YA,B08RXRQFRJ,4.427587
AFKZTCN4BNEKHAJQARBTQ4RZVETQ,B0BTC9YJ2W,4.3898
AE67KRP7JRFPJCOOMV2YPN7KIABA,B01MROS266,4.7941136
AGSJH7NWOOEERC2GJAWK2MM7HZUA,B007T8CUNG,4.205796
AG5F4B4NU6DRMAKP743BDE5S3T5Q,B0BT9R8MMV,4.3970366
AHUWTBLGZWOIE4OYFO56IOXKJMOQ,B00OGZVTZA,4.7609735
AGT4KD3LUBVFSDI4WG2W2YW5GMNQ,B0002F6W1Y,4.102963
AFJC44PF7YHE6P47UU5LX2NDOEZA,B00WJ3HL5I,4.244538
AGUNY4JT3NXKCFYWAZ7O6SF22MPQ,B0BXT2WN33,4.860848
AHRFTXV4YF7A7C3V2I7JNZIJ4OBQ,B01N5QJ0LE,4.735476
AFVDSO7FDJY6PZTIVD4GQC4BI5JQ,B0C15FYC5V,3.6573298
AEX76EATB2LATCHN6WDMPBHRJHWA,B08C7QF9DT,4.343907
AG3OCQFEBTOET7ZBF5LVSBKLDA6A,B073RTT48C,4.8839073
AHQOMLZZJAA7TWN4XUHON6RIRC4A,B00SKI0HSO,4.8331995
AF3TDYWL7K5SP5QCBPPUDK5U3N3Q,B07BC4KMQK,4.323865
AFTTSALKKCUNXGMGV2LGQUP5SXYA,B008AWPI1Q,5.0
AGOI33LLDPZDPGEEZ7YYC3YHZXJQ,B00IPGXZMG,4.460542
AFEOZ2IHJAKVNIAWLKJRFLTPNCQA,B09PRKZ6FN,4.4802814
AGMNTBFYYGI66QEZJ4KX5ZMHSRXA,B0002F519I,4.3023953
AEHEOPLYLFLYGKX7YR42SGHAVTVA,B07T4TKLW2,3.6990018
AFKGRP4MXTNT4YFHIWX67RNARIJA,B09NNCSVQW,4.513576
AH6LZMLMHAU5AHGSA7G7E5VEIUNA,B01K1EJQ9U,4.711439
AHQXZXO3N2WPKJCIUWXLBD4HU66A,B07T3GZVMD,4.339202
AGUBDGORAUUMXUWCP636WEUVYSFA,B077Y6MY66,4.438932
AFUI2YSEV5HZ2PTVF5UF6OO3L5GQ,B07BZ2FZ8V,4.464019
AE6LEIMRX3UITDDKY2HLBITPFXCA,B004XNK7AI,4.833289
AGYBMTZDIVSRQ3KD43OAYPHJY6SQ,B00WE6INNY,4.684615
AHFLBU62G7X62WE6T7C2HHK2G2IA,B0B755Y6DB,4.162136
AETXBM35I6ZQSJIRG5WNJOQURSWQ,B01LYJMHXV,3.803002
AGYK2YYS35CDU2Z77ZQR7L3IAX4Q,B07KRZ1HH8,4.243403
AGC4PLLCQH7KL42INYQDANWLJDCQ,B09YYB7MNN,4.9313955
AHG3AYMNGTARJCPKJWXYHRD4LNYA,B072226Z5Q,4.2190824
AFZYOSEV23R7RSHV7GX2WORLJSMQ,B0BSGM6CQ9,4.888651
AF7LDTPGNFMGMP3YLBCCBQG3PVIA,B0040FJ27S,4.4958396
AGYZBADUFDGUWJZ2SHEZAU5LVPNQ,B017MHXV3G,4.162097
AG7LQUQVFTQT4Z7O7R4ZW3QHDTEQ,B005M0CK9M,4.3153076
AFY6S76BX5UYVS3ADFKJOWISF33A,B00TQZN1LU,4.863391
AHWUG5BIUQWHO6KPODY2QJFFQYWQ,B0BLZD2X18,4.784948
AHF4JEWQEROLVQZJJHSI67KKWTFA,B006XXT8EW,3.3602166
AFKVQRYREQIOY53LVNLH2MMIMQSA,B07BZX9BCS,4.498433
AFJBPPUHABKT3NK4CCTZGI22UDVQ,B07NDLJJSM,4.7716956
AEFGZF5QAI7IQGZBFPBES2TPTRLA,B07N83Z3W7,4.343442
AGMKC4KFENDHDKVSQ63X6Z6T26NQ,B004XNK7AI,4.4195056
AFWET6TGZFBZOJUGGD6MVRCS7ZKQ,B0C5CTX5LZ,4.3560905
AHJ3SHJX5Z5T2KPEAHQSFDQB5KIA,B07711ZF5C,4.321483
AFYXC6LKP472MEO5OS2ICSPIUNOA,B0C13HVDVZ,4.52946
AHO3TW34BLH3DMMGC76PPSBHLCNA,B007ZXWQ8E,4.476861
AEP2JJUCKG6NBVBQHCL3NVQ56WGA,B0BPKH7FJ2,4.6935883
AERBARCVGO4LQ7S3GH4V54N7RLWA,B07F7NXL8V,2.3228176
AG6ATLCKETNYRKL6GCQV35CSSGPA,B0185B3CC8,4.5466213
AEHIXSVSO4RBFXKO6MHNNBRQGQ3A,B00IFOTSJW,4.714718
AHZ6MKX4PCYOZVXLCONRCQSJ44BA,B07FYYS5ZP,4.850289
AEWMLY6PKKJ4CSTYPEKASWTFQKNQ,B006UOSUDE,4.736636
AH3GNKLWTDPCG42PLQ2SRYMK3KEA,B01E6T50GY,4.487316
AFP72GJTYILTZLC6PNWWFK5GSUZA,B0179A4ILK,4.5865464
AH3GZCPR5LYWRN2IOMZUU3RGWRJA,B09KR857F4,4.0394597
AEXDYLC23FPJTOSHWXNWSKQXNNWA,B0BKZ7M5VG,4.828847
AHWGBAKH7QDCPMELIEXWWO7NBK7A,B0791FNPTK,4.240964
AELHFSFNZGMUKRQ6Q2MYN367HZUA,B074WXM13T,4.9782376
AH62HWTT7MJCJM7V2B5LS2VTQBRQ,B01DN7OLJC,4.2957597
AF6R3LIPXBFWYQ4LORVCRLABXEYQ,B09BF8XDF4,4.351467
AE7QA3XEZT6PIARLAAMXT7CQ2ZPA,B0C4S58NLX,4.7515483
AGTZNQAFNN3NQROPNHH7667W6FIQ,B0CCK4YYNM,4.3916287
AHSX5YF55LYO3M2ODEKTHCHGYQ4A,B072FDH5X7,4.3306236
AE6J5SM42A2IFBSSJYIJUPAQKZPA,B00IFOTSJW,4.7931805
AGER7EQMAWQFG62IC6MVLVZ4DRXA,B07H87XJ19,4.3178215
AHLCZHLUH342KHICKOLCIHQ5CY3Q,B005FIFM14,4.733343
AGB5Y66IQLZTKJIL5F4OSVP3QB2Q,B0BYXVCSGG,4.1290627
AEC6HKN4R2TU4G3ZZX726K7CKV3A,B0BX8VJYMD,4.025078
AHBTL2SUNMBXHTYOVE6KMIKWX4RQ,B09P3ZVLV8,4.240457
AHYQKMLIXHKFDHC7K2Y4JXM4YLOQ,B0C5CTX5LZ,4.3191485
AERXAGU6PAY74OIAVZQKU5ONB3NA,B074KPCGYL,4.1469784
AH4RCREW6GITBHUORQSYDFJ2LATQ,B09857JRP2,5.0
AFFIQP6E3XTFNIZZL7VXRBSPMUCA,B095F3NRQW,4.4772196
AGOTIZH7DO5TBSSAKDOMYQKDMDSA,B0C59PH5R1,4.794748
AGM6UGKARSLRPCQME3Q2VEQ7IP7Q,B01LEZVYZO,4.2376976
AF6NGFPCRFC2H2DNAUQGLTSNSDMQ,B081YCXDFF,3.7794387
AG5IDHF3GQJ66NX4SUVVMD6AJCWQ,B0BKZ6JR1L,4.246067
AEBC453QY3X2W74ZLA4Y2GXS7F3Q,B00N19LGZ0,4.6130157
AGMF7KUX766SMMOL5OBOMUR3LHYA,B00N5TH2H2,4.458657
AECCI3ZAQSDKRBTIG2BWZSCHYY6Q,B008L3SXE8,4.3408437
AETT5NPJAVOQMSCUYMTAVCYIXEFQ,B0002D0KG4,4.021291
AEFVKIUKD6UM4GULEUGTGMFHATKA,B00B0AQHVA,4.798379
AF4WQYIS54RCMKCU4W4OTSHUM3YA,B09XHQF17H,4.5191593
AGMTCMP27WCMMXZ3R3FJ5F4KDABA,B01N5KND14,4.3397255
AEIGNQD2PURKBD57LI4CYPUF2SNA,B005GJIV2Y,5.0
AHLPCSTKZELWVAFPEYEPO4DEO7JA,B0BLM3QHRL,4.945895
AHSXBC5P55TQZXDNPWOVXQWCCWDQ,B0C1MHGKHN,4.1631207
AHEA7BJ6ZQXRD2TT6IZA5D7IRONA,B001LTZZSG,4.6578197
AF43J3HR4DGZRQBRCLPAOCPMRVOA,B01LYJMH9P,4.7023683
AEOG5GP4YYOR6T7H4DTLTH5VXEVA,B09M7P8SBH,4.867266
AGNK3RRZXRG4YBKIVOD4ACN2LEVQ,B001RNOHHG,4.044199
AF2WG7KCZB65GI6JZQ7ZKZNODHZA,B06Y17CPDF,4.7113523
AG7FHTSKKWZB234EAOMCSKNZU3OQ,B00B6WZGHS,4.20304
AGDD5QGNAAFBEIVL7YFCCK7K66PQ,B015M92GZ0,3.9174824
AGOZQASAETUICMSSSZFV2JETPRHQ,B075CSHLYH,4.2776318
AF2GPIP26H7E5EHDWC6P7RKZ3OUQ,B0BGQZNQ53,3.84629
AGW4GB2VIHMPVRKK35QXA5PY5O7A,B0161CIA4S,4.5309386
AE23WLBRYKEC67DM43M6E2MF7GPQ,B06X9YBVXS,4.3734527
AEHRLD5AHMB24TKVH2GPF3J4DITQ,B00T3SR9ZO,4.4113207
AEAKXE5BOXEQ7TWLHV7FSN7RBMYA,B08Y6PVK2L,4.4539113
AGRYDY7V7RLYLKDBPMIOCLIZB35Q,B000EEHKVY,4.218279
AEXXLUPKAUXOW3H2CAYAJ2HUTZ7A,B016X2ELIU,4.7486777
AFTSLSIU54LZW6QUBJSGCT3XIO6Q,B07GFH8NTB,4.8935127
AGEIEJ2JRX24OMQOGY6MNJBWUL7Q,B0002KYXTM,3.8908887
AFDJSTTQE46AM53MEJHPPHLLXV5A,B095T7S12G,4.5671234
AFYOJ4GGMPJF6RQZR5SIO6VHVU7Q,B072JVYTHS,4.297707
AGGV2GVENYI34JRAGOSUUEFNDXUA,B004XNK7AI,4.9183254
AF6L5ZQD3WBL2P7ZN5VAFMABWMHQ,B07MG59N55,4.4235806
AECIT3NMW6RKABFS6YOCYX4YUYOQ,B08CGCWGH8,3.9395108
AHIGZMUGQ4GXV6NJYZZI6H6D2XIQ,B0BT2ZRCY2,4.44429
AHTYFGUR2T4BVOCZL4AKNRAPS3AA,B00WJ3HL5I,4.5976105
AHJBRDZIS3BYBISIRTW4ONRLNJMA,B06WRTGSFR,4.188387
AGMYRILPTJDOK7WL5OYHYGRYVXMQ,B08T9CCXZB,5.0
AFUI2YSEV5HZ2PTVF5UF6OO3L5GQ,B004J0A264,4.22401
AFCIKDOY5R5VUPEJWABYXT2G4OQA,B00XH2Q9TO,4.723143
AHSHUIZHSPWYY3OD3PI56MSBKZ4Q,B0BLLKKFR8,4.0343666
AFKDAELWZIYXQVIHJ26ZQNZ3YYFA,B0C61YVW2S,4.420976
AFEZOYIBJEQRPPIKLS4GYEZMPPQQ,B00LTDOL02,4.6348033
AHUXXNY2JWBI6E5TXSK6TABTFZFA,B07CPW22H8,3.7694635
AGMFWVTOPGGJ372CLWZJZSAIVTGQ,B075MPFFRV,4.4954057
AFJLRQ5GNY7J4FOI2ERRIF44XUOA,B07DV6NLYF,4.765317
AHQGNOWJSKABAXNAK4KZ7SMBP46A,B09S2Y4MMC,4.6094875
AGXTFGO7KXIW257RRFLSA3C5VRWA,B0BKZ1KXLM,4.6333113
AFHDRQARWLYK6JXI3MX2A7YS3L4Q,B0002ZO3LU,4.552168
AHI65GFGKZCOZW6XX2TNNADXA7AA,B07G7HLSS1,4.4212847
AFO3EVBFEP7ZQG3IE7BLT7W2F5KQ,B09WCL5QKV,4.852082
AFUSXKAOKI3SI37XQSR7DQO74YOQ,B0BT352YQ8,4.143235
AFZFAXZHDVNKI5DUH6FB5V7JKFAQ,B0C5Y549L5,4.031089
AGKK2ESNN5YDPLEM723AYXM6Q57A,B0002E4YI8,3.446735
AEGBZMCFJFBATEIPDQX6NDYX4NHA,B094DR9724,4.653054
AHHPKZ3F4WPTUYZQYYAGB6UQNT4A,B0B3VF84DL,3.8976693
AFWH3K72CR65SENLSGJWEILW4SNQ,B0BRG6ZYZ2,4.9816933
AGYCKFZ3PHB54FOHEMGBMGVTQBHQ,B01I4AXG7G,4.1034446
AHZT6MVWNF4GG6FISMZMORKZKK4A,B0BKZ3GCGR,4.5298805
AFYHXURBG65PEOSGHZD4CIDEJ2TA,B0002VB8AS,4.3246326
AHFDBUGMPA2ETFINXOYIVAZPNZAQ,B008TNAGQS,4.3904176
AGKTBKXWB7TSHCSCALSFSEL36QNQ,B09XDY3TYN,4.5014277
AGQT6IN635UD4LQ5THQHXV56P6YQ,B00WJ3HL5I,4.1633053
AGNIGDHWK5VNATR76JI7CHODDUJA,B077MJTG4K,3.9612775
AHRB2TPKEBMBZ2XUTEYE66MGFZXQ,B00B5LEAFE,4.202346
AHXPMQ7YOOHFIKJKAKBCJ2AF7UDA,B0B4SGJRHR,4.470018
AEMN357KYMFZXPEZGYRKMS5CUWVQ,B01E6T50LY,4.536165
AHJ3CX5T437SPYIUYQQVCE2HSXNQ,B07N83Z3W7,4.714839
AFSIVX5M2AC4KQ3EK772WFNNJPGA,B00H35YIJE,4.7547603
AGZEDKJEUXQ3KK5D462HQZYTQWXA,B0097WDJZA,4.638965
AERE4WE4ZXZUK2TWOR33P6XWHPHQ,B08JMQR2JK,4.657363
AGWJ2NEW7EMYKLBTPLN4KIKAHOKA,B07DWLYGKH,4.565472
AGGLE6KYMOVTLW2O26COKPUEEAVA,B00T3FTEMS,4.99537
AGQOPNQ67XVWKJFVCYJGZHI5P4XQ,B06Y2W66F5,4.6759305
AH35SZXQWWGHRFNOK2G6GMP4XHHQ,B07GS5R4TX,4.114263
AGE5EPC7QA2NEDRFC7OJNTPQWBJA,B000AS7QJU,4.8848753
AFPTPTM5OKLYHOCNKILC6GC2RWOQ,B01LE49PTC,4.1933413
AF2NDCB5HLWYEC76MB4ZKFJGRLTA,B00G69FBQM,4.5646963
AFSWIMPWON5PRF345TI6JUMWBA2A,B06XH7487S,4.214087
AHL67QIBKSTRQMFTJPJK3RJ4KJFQ,B07KYX3S8X,4.0966544
AGKK2ESNN5YDPLEM723AYXM6Q57A,B00101WA4C,3.9193387
AH7I57UVCR75DY4O5MDVVGWT2CJQ,B0B59DLBMD,5.0
AECKX5ZDW6FW4MBP3QKTPWTWUROQ,B0BSGM6CQ9,4.9001203
AF7FS6PDNV5QOJHBCL4NKVSGVPUA,B012VQ5A7S,3.9864748
AF3FYICX6MT2J3E7RBI6WGC2DSVA,B01KJOJQ06,3.9595718
AHZ6MKX4PCYOZVXLCONRCQSJ44BA,B0BWXY17MT,4.857929
AF2SLE2H5QRPH3UO4BTO62YCLM2Q,B015X3CXXA,3.931583
AG4GSXL3NEJPMZOVMFYGZNVURM7Q,B0C5PRQ9K6,5.0
AHCLGZ3I4XLXRTK7FSSJFBEVTABQ,B015JTEBN8,4.3666334
AF2YGYDJAH7YDQOPEBYWWKV333UA,B0BSCDNQT1,4.9319563
AFEU72LBPQ6KPZM6WG23YI5DURKA,B07NDC53ZK,5.0
AHG5I3CA5TI43765KB43YLFPEQXA,B08VJC3GCM,4.478542
AG4GB3YM2T6XH7JS7JD5D5S6S54Q,B07DRMB6X1,4.729274
AHRSXDWMMGBPIAF7FLEPJHM2VBEQ,B0925WNSYJ,4.8189087
AEL7BTGBCNEOZY5WN6HLCQWCBL7Q,B09M7F7LFB,4.581948
AGOYA73U7NSVWD33OLBWZSHDLSZA,B09PGXB1BH,4.3871984
AFQ3MI5EMRY3KXDLZX3QHEQVGQOQ,B07VWSB34H,3.843322
AEENGB3F5NPUGBBQUPOTSHZ4JUTQ,B00I3TP9JM,4.5240874
AH32F32TJIOZKQ5YVMXQEMTKHGOQ,B00EB11OHC,4.687721
AE72CWXP2K7ZZH4LNBRX4PDGZIWQ,B0002E50MC,4.099351
AFVABWMVYYXSI4RBOE3GFITNRV5A,B096FZXRM4,4.5342946
AFH6FKTW5XD2TJFJESFEPFDS56SQ,B078Q678C9,4.3081965
AFSWCMYXW7NHM4IHL7K2VNCPX22A,B09S2VB3KW,4.7224097
AH5D4W76WTWVES3BKJKJPOHLBJ2Q,B0B2TND26L,4.4787073
AELVQZD526TCYZLFPERIGGHNQQBQ,B00EQ2558U,5.0
AHSRMNZAUSJKKHQM2Y5SFLXPXYEQ,B0C4GJM9J4,4.170738
AFGOG2ZIDC2JXUVEXWN2YMVSJSXQ,B01N5PRRY8,4.5344057
AG2BNWGHZ7E53YD7US73TKEQY7ZQ,B077Z635YX,4.228937
AEPJL2A5CE2ST2ZBZXZFCBIGLSVA,B0C4CJND96,4.195582
AE7GVDNRY5NABEP253Y3GMDUZOZA,B07NDJ1HSG,4.6194935
AED7W27UDLS3CUTBNPNLTBZGOD5Q,B0BKR9BCVK,4.6433744
AFIEY7TA5YNMOWUPNTGRX2SF4OPQ,B0BWTPR1W9,4.917571
AFVKWBQQ6VUMTZKTVXN4Z237ZMOA,B093YLLJX9,4.544048
AEM7J236BRUHMVBVSAQJQNFRBWIQ,B0771PMLFX,5.0
AGV25JJ522CLBJIOGMAWNW4KYQKA,B0009EQMZE,4.2816405
AGVGP2XURE6A54ZUEBLRMFGHA2TA,B00UJHFD2Y,4.295471
AEGLGY2SSXUNZ3HCG7XPISN7F2GQ,B00T3G1164,4.9333153
AGBQ3TX4QYWQQOW2DBADLGOJHQGA,B0BCK6L7S5,4.4259925
AESZ4KE372S7N2KIGYZXTBV37RAQ,B0BBNCY2VC,4.5220795
AH73DRVHIQJSPYS6XZVVIB7RXURA,B0C67HCGBR,4.580025
AEYEK5LKDSFIWV36C3Z2LT4CB5EA,B016QUXTZU,4.292269
AGR5I4KTN3NSHVPV7IA6GOVM3FTQ,B00USQY0CK,4.3657923
AELSB7HQSUYTNHOCXTINKVOCYBNA,B0C9NGP88D,4.55837
AFHACMOT6DXHVGKAHKLC2XVHCHSQ,B00N4ZHQ14,4.8152533
AG5RILLGMYUOSW6RO4QQ32N5FZRA,B09857JRP2,4.8245645
AE5OTSYIJLVZKOBCNLFJXTU7P3OA,B08DZZ89Z9,5.0
AESVJIPLFNLZ2CWOSKNWBP4KE6XA,B00SW15C9S,4.8619514
AEICL4I62FLVLMNJMFSAZE2VI5CA,B016QUXTZU,4.181773
AFWGYK2GNHYMT4SBAGLT4G25PKAA,B005DUR7U8,4.0272326
AFMAFDEOM3RER4W55EZCYXV7I74Q,B09RN7GR8F,4.135975
AEIC64XPFPXOWL624SR4XBRW3MUA,B09YDBKT7M,4.8813624
AGVINP36J5E4IH6QFNGGNYI6T2YQ,B07FYPBL6K,4.8643575
AF2VQ2P7UISQFZUVQOONNNV2Y4SA,B08L3K1T2T,4.726008
AFFYSCZKCCXDX2FFF3EBRFR3ZGVQ,B0BKR2ZM9X,4.822968
AF6NYDOZGEN2FNPVEYMEM6DEVIQA,B07N5J3GTB,4.7429805
AFGO4HSI76RTBBRNPJTRS55ATLZA,B0089EUZ4A,4.27112
AFYMBYRQILQMD4YEWDEBUJHRXBAQ,B0179C3SQO,4.58914
AHOMQZDT4EPMWI7IAZMMFXJG2CUA,B08T2N25MR,4.596479
AEAXIDPWNA75VUGVVL4E6KYX4R7A,B00AV557UC,4.1864176
AEXLRZ34GTMM35NQRDZ4CDKKXLIA,B0BSGM6CQ9,4.7606606
AGKNEMZUFP4BVRFN3FXUAB7FZMFA,B00KZQ1VXY,5.0
AH2L274GMVOWVAC5MF5IXUF3UHOQ,B074JNWHZ4,4.711876
AGTLI7233IWUHM6Y5UBUUQKF7E4A,B005SUSXGA,4.47181
AHV23IZTZL3UH74JOPICIUQYCXOA,B07WW5PKCP,4.9473853
AG6KMZ4N7N643SS7YNDQS4DFGQRA,B097JDV3FW,4.887412
AH5S4XKENHVECUH4CNLWHQYIP2NA,B00AV557UC,4.370065
AGEWXW526KOH5743XNOIKVCMVJQA,B0C9NGP88D,5.0
AHHDLIT4BPZAFDKKTCXETFZDV4FQ,B0BYNM15YB,4.1694126
AHVEVF3K7UWTPZJQ6J45MOWBRRPQ,B081PQR33C,3.5825543
AEZTKJGIOQA2ALYBJ3I4QEEAETUQ,B082285YXD,3.962304
AFVEGE6MCTDWLG2CAR7O4AHL26MQ,B004VDD4SW,4.5553727
AH3XHJCHHLVURHVDWHRIXWPQTPWA,B01C5TC6O6,4.4041
AFGQH4JD5QBDF27M4MG6OJ7IXWBQ,B0BCK6L7S5,4.4052296
AFH6AUO7HH5PMJBRBQGQQKDV5HLQ,B09SVL9PW6,5.0
AEUZ6EWZPJ7MHL2G4S7VCSDXRMWQ,B0B2QG44CZ,5.0
AEK52OVGR4LXYABHNINSHSBS23ZA,B08SJY4T7K,4.3371673
AG6CZXXQXXL3L7TE7XVHTW3DYKYA,B0BLBTT86L,4.4087043
AGC4PLLCQH7KL42INYQDANWLJDCQ,B00WJ3HL5I,4.7010255
AFUOGVGBKB2PYSHBVSN5S3ZX3ORQ,B0925WNSYJ,4.413001
AGF2BWWRJBXNSO6N3YHTFFCWCL7A,B015ZDDF0S,4.4271517
AH3HUVC6ODJXIG2MACTMS7RHEFPA,B0BP78F7CC,4.471615
AEL6LHHM5XOECBA3MAPB32W4DLOQ,B00RVE9X06,4.886378
AEXAF72EML4UPYS4KTSBUDKBMTBA,B07RS1QKGK,4.331272
AGLS3LXZRF3S6AHDXUNPUKPFSFSQ,B000WIPGG8,4.677493
AHHVKDA6ZVQGESNMFJDHKOJIG6WQ,B06Y5GKJQK,4.7745724
AFFPQSDGBJC5Q2POUYOP24WKMV7Q,B0C6K471PB,4.5614147
AGCDMYMIU4NTLTJJ5AQZVELD4ZLQ,B0753PSL2D,4.672273
AH6KUZJXTBQY2WWVRBJ5UOTV2ODQ,B07NDHXQQV,4.6348805
AHRQCTRBR4IR6R4IAC55SCW5QH7Q,B08JMQR2JK,4.3268437
AGOFEC5HKNFNOGAMR6ZDACVQOFMA,B00NL2XSD0,4.8464193
AEMZLP5VHZNKE2T3TW3MPEK3OJIQ,B0B2Z13RCR,4.5192122
AGCKPDUZTEZAGOLCCG3DQV4J5XXQ,B076H8RBPC,4.729114
AEP4KJDGBH6XPJKFEHPYSAPUNDBQ,B07WBZ1SFR,4.71835
AE2XOYSW22GQYCFJCHLWZRUQ767Q,B07MG8PHF2,4.435293
AGZDAHTALWUZYOSTCBFEDNACMDGQ,B00HJOTNBC,4.647312
AHR5GDAC7LREPV2SYJGAGCBNH5AA,B0BPLFP5P6,4.4746747
AHCAUSSLWUYO35DHO3ACJA6UD7ZQ,B0149IWDS0,4.600576
AHSCA5GKZMVKAYKINVSXB6E3XMTQ,B06XPJHYDH,4.1346216
AFE5LE7HE7RJBMXHZN3XF6HSJPBA,B00N5THBGO,4.2681108
AH3QWAFMDYN7SGP3QF4YIM4YS26A,B00G33N29O,4.0437565
AEJ7GWF2F47PHU7L26RHYYO42NZA,B0B12H4PD9,4.649221
AHWGL6LQA7CVBMZRTXK3V6UYL2BQ,B015X3CXXA,4.45659
AFB5UR5STNM4EQGCWPEPKUPKTYJA,B07FYYS5ZP,4.877657
AHTIZIO3VNXKLENDE3TMIUUSINHQ,B09RN7GR8F,4.275114
AFO4VO3EMAEWPOST4DIAMAEB7ICQ,B0032UYJ98,4.743979
AHYRMUBJNAYHJRHJALTXJL4FBHSA,B005FIFM14,4.958407
AFYRQ23ENSDEFSFPOX4ZQH6ZH2GQ,B0BL2ZJ4B8,4.612743
AHMNR47GKOYYXWB4IMSRZLZSBY5A,B00646MZHK,4.337381
AF7ZZZMFPAUVTL62FVUJ5GACOK7A,B0BCL4K9GF,4.433692
AEGK5HULJVZSSTILECMF76DA7HFQ,B07YD57169,4.71723
AHRPATCCBUSBFNJ3U5JEIYTXYCAA,B08PMZQXN3,4.9288764
AGBG3KK74IKWJNQVMQAGVBWJ7FAQ,B09895PBVZ,5.0
AHXUKKTRTEEQAWREA6Q7MA6ZKOCA,B00U43T1KI,4.9264483
AG56DTGKN5OVA5CYYYFGBFVGXHDQ,B010GPFRUQ,4.3135905
AEXDQ3ET3KGPPTZNC5U72WED6HEA,B08XMGSLMJ,4.3481913
AH4T2SPL4QMPJOTF667RYLK7WAEA,B0C3PX32HD,4.7750306
AFBYEI2ABDAV55KZXU76MHGLUYDQ,B0B8M2Q1DS,4.2128215
AELEI3CA5BYLVHSCI2TIYVRIKD2Q,B09Q39C7W2,4.3445735
AEU6JFGIA7ZYZYICE4XWSGURZUYQ,B0071NO7I0,4.325585
AF63VW7YLF42A6STVGBLACD7RUWA,B07YKTQWSL,3.7788072
AEQT2EJM64SZEGP7E36GKCAYZQOA,B0BT9R8MMV,5.0
AENYBPVASWQRXKHOIAV43ZXKVEUQ,B009DAHPLU,3.9716394
AE7P3HIBI3UDLCJLUPUZQWYVPEWA,B07DMZWYXV,3.9327297
AEIQSLRLI7R7FHPNFDEQRDZ23RFQ,B08R5GM6YB,4.123899
AGNJFKRUT2SCSJMIS67A4HZ3L23A,B0B4G3QM3L,4.629217
AEIPGKRHCENK75ZJOGGIRTO6CTZQ,B08N4FK85X,4.2862687
AHDZKPPKUT7HD47LXCBN7RQNN6KQ,B089LQVQ32,4.183212
AGCVD55ETDBSHYS2CCQE42P4J3NA,B0B92LPGD2,4.4799333
AHGAJ6EAHD3CEFVFKMC2OO2IVHTQ,B005F5TP6U,4.4142137
AGIBAXUNJ4PSY34SL5OCL5GQLUDQ,B000P1RB9C,5.0
AGK5J33TK5YZJZNMTXRINKBZ6MTQ,B01AA6B5WU,4.559692
AFBAOL7MOE7AIOADKAXH5QTSBM5Q,B09MJWYTQW,4.40887
AEROATPHZS4Z42BB3BERTYS24GAA,B07H5HM6F6,4.2409735
AETEDS6HQJWX2EQYEQFUIAHTTJXQ,B0002D01KO,4.039146
AHO6JZJO74RBYK6KAPCPQ5WW3VEQ,B07KDSZ2TJ,4.875325
AE57MRF2R2ALCC6H5WQLFKT7KSSA,B08R5GM6YB,4.5077906
AGNZ55VEXGISWO3OH7F4CTP6HNRA,B0BR2PXCBW,3.8386695
AHPJUTQ3YBWZYP3HHH5EN6ZKHQQA,B015OP6OOG,5.0
AG2AUKULKSMNFTIVVK5773MTGOIA,B004FEBS8K,4.158227
AF3ZWOXSL3LOV2IX3A7JK2ERNXOA,B09TQ5K47S,5.0
AFCLNMP25HCXSDNKE3JSISGIRA6Q,B0C5S47TT9,4.3874507
AHTRBTORBRFFIMLSERT4ZQMJTADQ,B0B8Z76J32,4.3726726
AHCTXCBORWAVSGY3WDDKO7SU2TAQ,B073CZTQFM,4.119473
AFWVAGRFA2IMCAAW44JLS35DSBYQ,B09G5XH5YD,4.639366
AFVYKHHOJPUWETNZJ77GFIBM7GEA,B0B6P55RBN,4.2893953
AFEH52MVAUDMFICQ4OHPHLIRAUGA,B08VHZ4FFW,3.7572415
AGCSIPN6UMKXCMLEVLC2PSK3Q4EA,B0BXCW6SP3,4.1569805
AFU5HZB6IXKS4FFAJEY7LBQROVGQ,B00X7DD6GW,3.917035
AENDXV3UMAX33LIPUBWD45OQEIAA,B01HCGWS2W,4.852693
AEUPTKRM33A7FDZJJRLKPHQNWKNQ,B09J4M3KQG,4.8883553
AFDWXKZS3YVT7GOXREHCEZLPEQ5Q,B0002FO9RI,4.023266
AES4RSOTLVGA7PFLP3HUHFS57VKQ,B00CPLODUU,4.254392
AGA3I7V3SYQ223OIO3CY7UCSKXAQ,B08MF7Q9RW,4.134962
AFX6RYPCNFUEPT62B42ZPZXIDJAQ,B0BKR9BCVK,4.54624
AGZZXSMMS4WRHHJRBUJZI4FZDHKQ,B0BHYWJVFW,4.70634
AF2GCTNO7F4SVEBDXYZ64IVLLRHQ,B07B9W2XFS,4.292761
AGNZ55VEXGISWO3OH7F4CTP6HNRA,B078PG7NBY,4.0713773
AET2MY4AL52Q4DTADBW44OBWGYIQ,B015WSCNHW,4.0491543
AEMDDN7LCA2LR4KBPMCICXTG24TQ,B00I6JGPHY,4.1565166
AG3S4FROO422V5KP7DJCBXVUQLJQ,B07CQQXQ4T,5.0
AG23AW56WZ7KPYYAS4A3YUDTYWCQ,B08JMQR2JK,4.47495
AH4EBXBCNHNVQ5MKFUO62MZEVPKA,B07Q9JB3CF,4.6505823
AF7OD3F2V4E64XZJBQLMVEOKTKXQ,B00B5LDMH6,4.0079207
AGD5RHGRJRKT7OXASOUYBBU7KDRA,B09V91H5XM,4.498444
AEV27VCRIQRDWAJ57U5EZMYAFYOA,B0BCXRJCL2,4.7844005
AH7I57UVCR75DY4O5MDVVGWT2CJQ,B09857JRP2,5.0
AHALYOX63S6CACZTHN7R24RVEX2A,B009AS1FLG,4.0570364
AHRRF2ITLZ42FQ7RKVPW2KN2363A,B01LXWI3T0,4.086107
AHIDM2DCMJZVSROBSFCWWKZBDHHQ,B07Q5G54XF,4.5206876
AGD2M4ILXY46NJDCD4ADCYQFZGZA,B08DHMJYLD,4.456216
AFNI6GZFGS4A72K6LX6Q4VI4WWZQ,B0BHSG5C3G,4.310647
AF74F2YZDVP4HFDWZXXRVEQVSSUA,B08DVPJSX9,4.656436
AGBG64QTSJJR6IDUZEV6CLVSMUDQ,B005DM7G84,4.043355
AH5L4JOS5H4ZPJ4K43VTWJYBUPOQ,B00M5DWB5W,4.5172925
AGBG3KK74IKWJNQVMQAGVBWJ7FAQ,B07Y9WZ9XY,5.0
AG44UYFDZHI6FRBQSLDWOGIEOY4A,B08LVW75N5,4.9645405
AHMMRMBNKFL47QWGXRS2227X4K5Q,B005H2007E,4.460941
AE2NWSTL7JJJWOCBKZCZF6KDQIZQ,B015WUVA5G,4.19377
AHOUKQ3IRAEAMEHDB6U4AMB366NQ,B0BSGM6CQ9,4.10363
AHXX4HAGLIPKZ7TM7GSLS2JBZKNQ,B01I1NKJAS,3.5293682
AG5ZVXXHEXDYUUODSEQC4XXV7DPA,B07JKRBNWY,5.0
AFGDRNIMPVGMEICSWUU2AMBMPDOA,B0B38VK2BX,4.6860304
AH4PST3O2RSB2MKEQSQDVGGQ7LKA,B003OYLGWA,4.673911
AEYM4JF7CX4PXVZX6HBA5ELI544A,B00WJ3HL5I,4.677291
AHDZKPPKUT7HD47LXCBN7RQNN6KQ,B0BGCMQWPF,4.1599016
AECKX5ZDW6FW4MBP3QKTPWTWUROQ,B018FCZKR2,4.975852
AE6B3FP6UAR66D3J2MIWDAKONHWQ,B08NZ14V6P,4.387811
AEWRX6BE2CASVQF4ZOWKS77NKBAA,B009WS7TSW,4.9116273
AG65H3KESUARZW3IYMRXVITV42TA,B084P99JLP,4.5313025
AG3ACUVHP2XSQUEGZRIIZC4X7YDQ,B00CTKI5QA,4.013947
AGOWSJ4ZAWXI37BO7ZQ4ACUFXWEA,B07L6ZR9V9,4.802484
AG4II62W4SSRUUOT2GWQQKUDEGRQ,B0928H9QXC,4.4117527
AFQQRHNOS2AJSMORGOJQTDOWF6EA,B081W3MH7Q,4.5884495
AEM2JD5JQSDXA5YBZLKVTGXDQ2NA,B003YJQX1O,4.719869
AHRN4W52E3M4TZQMWTYLFZGXNMHQ,B00N5THBGO,4.645508
AGYGRX7UYSPDON7UURJJTTMARK4A,B087X1CF8G,4.6538744
AHT5LYU53R5RY6DIEZYSG27SJ3PQ,B06XTW2R98,4.58208
AGNCVLVE7QHYAMIPJSV7F3WMAEJQ,B07KXHBBGS,3.934393
AH37ZV6A5UJW6A4PA62VDYOQSMKA,B09SD4CD5Y,3.9463027
AHLR33LQJ67RQLCHCEQJJGJDXNSA,B076PBCM2H,4.335449
AHBFM7TTBHFPQHPWVXTANBO5BDPQ,B015WD6FIK,3.8024416
AE7IRGN5QWIIIPASDW4WG5LD7HNA,B09T4RH56Q,4.860823
AFRQJYTU5RDVVWXINMHTNE26C2YA,B08BSFDY99,4.761499
AE4EZF2M5WVUHXZD7OIMAZTWETXA,B09PRKZ6FN,4.3489814
AHKFFS6MZ6BOEWNBXPCHEYGNHWCA,B01GO7PHSC,4.41274
AFEYB24M4HNZQQHWPJYMJ22PLNYA,B0BXX1RRNT,4.9896183
AHDFPBWC4J7AK2CL7FBNQPA3QP3Q,B074JNWHZ4,4.6419706
AFWS4PIMKK4IFMMFQ3X2X72MLFGA,B0BJ3BBTXH,4.4495206
AHY3ZZMHIMZXA3SRUN2UGS44R5PQ,B0BHY52P8D,4.5775514
AE4RQ6OMDFEXLU5Q37ZQFW524J5Q,B00Z9TIXOC,4.6473503
AFEMDCWJO2OM6RADJRL37G46VSPA,B004XNK7AI,4.1666245
AH277J7WPXVU4WKVOCNPLPB5OEQA,B0B8P1YW7L,4.5053225
AGDCEPSZFC64MVUXPBIQ6MPBUZSQ,B07KJ3Z9RJ,4.3813343
AGZUKNR3MEGGPFUALRKBVCUTOFLQ,B0041T4DK4,4.5577216
AFA45AUS3WMXAUTS7IDGWESA5HFQ,B074JNWHZ4,4.582949
AGNQNKAAMVG6PQQISO7MKJGFRJYA,B07JGCQYN8,4.109846
AHDFQBP2ZC7W37647DUANZ3HJTIA,B00HV7U4CY,4.506558
AHFCJTMNLVV6EDUL2IQBR6PBRDTQ,B07P5GGK5X,4.5396547
AF7UCCPZPJPW76PNE2ICQPJUQEYQ,B00E9SWQ3S,4.190527
AFBLIAES35IGAZQJZLCLOWAS3SXQ,B015DKZXXA,4.3359804
AFKFJDNRMX5RUG6DLAY7362NOA7Q,B07MZYNZ1C,4.8357897
AH5MP4D5AWPQCPLYSFOQHSIJYVSQ,B000BSMKPY,4.0283103
AHRLCH6R2Y7JNEPVPCJRT6FHCC3Q,B074MBD643,3.9082067
AHSNUB4FPRGR5TNLK5BO3BHFNFFA,B074N8W3GL,4.7992477
AHP2UGRBLKHCHX43ZDAOMH74675A,B00TH3YPDE,4.9824386
AEQWCT2DSCQIT4E4I4KNG3EITYSQ,B09VVS2RYK,3.6787822
AEBDVELV5QUZNVMFRSX2OILTNGDQ,B09RBFKS1X,5.0
AERWGD4OLR7FS3VPO6QHVZCDQLSQ,B0052S3YC6,4.4324875
AECFGXLEX3SU6D4T6C55X2NWMJVQ,B00I3TP9JM,3.7117074
AHWYWGQZZ24MQP5VNBOCPFWUNMCQ,B01G26SEJO,4.1516666
AE3JTMU2ZWD7SQVK3EIMCPMMBXFA,B07KGF3MHC,4.3406496
AGTUM3TLHZIYIW6A7JLL6BZODZDA,B0B3VDVLQJ,4.8439207
AGM2HNRQUHZFOLAP2WTIUH6R5TIA,B0B9LLF1CN,4.508805
AHK6CM5EYRKB2LKUMO2HO2KWAWNA,B0742RB7JK,4.6353207
AHHDLIT4BPZAFDKKTCXETFZDV4FQ,B0938MMWSV,5.0
AEB3FFGFI5H37NBEIROPDUR2HDPA,B015X3CXXA,4.1807747
AESDNHQRRZEWTZF7A7TFFFTSNY5Q,B01M0HV7SC,4.249893
AHVKGDD2OV6WLV2KGSSVEGRHZLCA,B0010KGD4Q,3.9643404
AEPNBKCSTUAN265ABWRJEUQK6Y3A,B08T9CCXZB,4.8856955
AF7S6K2LJFYM5UXGVQ5VVFCGA65A,B0BBP71K6M,4.9542966
AFA3Y2SOHSJ2MBGZR2VNVB2LGISQ,B071KZ892W,5.0
AH2QGOLSFLD75CXS5IGPYRCBYY2A,B07BVFTLFW,4.861957
AF6MSSCLAPGEDSJSEHUJWFR7K4GQ,B0722QJS3J,4.7461457
AEN4JVIBT24RAPMWEHX7UGOX5CMA,B01DPCONFM,4.3590803
AEZKWI7QRZ2BOO4J5ZIRNY5YIL2Q,B0BYKZPD3W,4.952744
AH44K3RPIQMVWG2G4EB5FPVIVUEQ,B0BHSG5C3G,4.3759255
AGQW2ZO6LOYZMRZ7JKDM6LIGM44A,B07N1RPV4J,4.297092
AFYLSXOKKOKTZYKFAK33GAXNLIMQ,B0BVHFTP4P,3.999661
AH2CQZM76NVZCBGL4QZDTQ32XMUA,B006BST39E,4.2545705
AFTYUC2644SXODMOUAOCS3EUXLNQ,B018FCZKR2,4.714038
AHMMA4WU554YWFMEYDYU4S3KMQHQ,B07D9V7RCL,4.648629
AEBDVELV5QUZNVMFRSX2OILTNGDQ,B07D4SR8GZ,4.832504
AE5URYH3HQE4N5WYARBDJSMMWCOQ,B01AJGC27I,4.8028135
AHIO4BIYAYENSKTI3Z52DU6H5BIQ,B00T8I9QXW,4.207743
AGMHEZ7SN2RNVJCMIHIRRSKLQ2AA,B0161WG9ZA,3.64325
AGZO33RFLPWJFDIHJ2IHRJ2CA26Q,B0B5SJVY85,4.7474
AE23ZFVUOMPKR57BVSWXV34QLMVA,B07N2WWT61,4.8605933
AH5XMLDWX6USQHW7XC56ZRKGTRBA,B0002GO8NM,4.744781
AHLFNMCO2C6QX2MXA67OMESJWMJA,B016QUXTZU,4.0158095
AGN7PZXO4DA4KUC3RLI4SUSYXELQ,B091MZPYBQ,3.673061
AEZIIYLOX32LD5NZCQHC6RM5FJPQ,B01C5TBVH4,4.6085224
AGLBP6NQ3TRDCBEW5MT333YSQA5A,B0B9XPLGMD,4.891566
AHZPSAULSXTEOMRSCTIC6WLMOMBA,B0BDMR3TD7,3.9870753
AEYPKSPNG53NP7OUQRAQZRLHHB7A,B00CPLODUU,4.214415
AGZOGWXQN72ULW5XRX4JGUA3CH5A,B01DE4DPSC,4.3991766
AHAZ2XJXODADLAHTIV3S4TY3BNJA,B0CF797FLB,4.428421
AFKMX6JZ655VPVYHBTATZQS4IBOQ,B07ZW1GBVT,4.490477
AHA7ZZSLTORYTZH7P7G47EL5D3KQ,B07MV2ZQ9F,4.680554
AENMAJH6XMM2ZEMELRB6HSG4CDFA,B0010SR8G0,5.0
AHI4HEBT7APLICJPKX2WXSSTEPZA,B07VRY5ZPD,4.5301743
AEFS674M75WS32DB3CNTBNCVCBQA,B00DZJ5ZTE,4.494685
AFHRS46OEQQJYQXRARFMOO3TVN4Q,B00J1T5BLY,4.378262
AG6F7SPJH33LKPGZWM2CXHOSTVMA,B07Q28P6JM,3.6637635
AFCNYEP35Q74SXUUFZG6VLH2LZZQ,B00646MZHK,4.8383636
AFF5LX3AMWROBQ5OONG4W7HF2QOQ,B0002GZSNQ,4.1174316
AH7ACAJJVDR5MZZZNMBAGQNEXEHQ,B072PQT2DM,4.4866405
AGY7CYYTVW3BXZMZKVJ43LUEN4BA,B078W6PTK6,4.672303
AFMUJ2QQGFHDQYXZKGAKJ2Z3GKGA,B0925F8LPD,4.737173
AF2V6KV3PPKRJQUNQ2STLVN4ULCQ,B00CK2FOZM,4.848016
AHHT2ZWTTM26NTB6Y65DNPXIKT2A,B0C67HCGBR,5.0
AEUAXVAUWJFDX44V2Q3OZFFYDZWQ,B00SXZBLXE,3.8849325
AEBK56BDUH23KP5TALYH2UBMT4TQ,B00CMUE76O,4.3849998
AH2SOOHUAEQ736UFTV4YRUWXYOZQ,B0B2CWTP43,4.9467983
AFDSDZ4A6HKSIFVTISXLNY4KBTPQ,B095FVTV98,4.6620274
AH7PIDQFLYQEO5CNCL2E26IHP2VQ,B01EY7O0A0,4.6330605
AE43XP4GKKW35I4NEHOIFE4KEEMA,B078JGMF6M,4.3124094
AG3S7LEUWNKV4765DN3RQY3CFYLA,B003VYBNLW,4.1741676
AGACWRMANGN7YVCQ7BHFP7H24F3Q,B07G4Y7QYP,4.7839484
AHJET2TASMZN4J7B7PCY36RBJRWQ,B0087UPSLQ,3.4444575
AESPIYN2KPFNMATAZNRXTGG2RTUQ,B06XG4BJFW,4.7303367
AHKZVNRRZWYZHQ3TZJVQG6QS66VA,B003AQ1X7A,4.4616017
AFJUEJD4K6TCPOMWLOYABXHG6JLA,B001JJFR8Q,3.698936
AFMVV6BV2S3M55OLSGMNMIHWKBXA,B008MUPALY,3.8216343
AEJX3VGSJVI4IBSY2JVYJYEXJ2PQ,B07L6RCDP7,4.835644
AHM4URAETRB7ZICHMC4ZSA2WYRBQ,B007723JF2,3.7906399
AG7QOJYFHZHLK2FH3QDDFMUXDYUA,B09857JRP2,4.950156
AEP6HZO2OUHEYGMDLZ5OXZ3EIGKA,B000M74WXM,4.5294094
AEK3AZJGYPN25QIZM6WXRFG3HO7A,B07PSWC1XY,4.2583733
AF5XJLMWDP7FHGFOYMNJJIHQCPRA,B01MDU5U60,4.359592
AGUFOFR5JJLYZDECXZPSOV7TMZPA,B08H5845YF,4.8370957
AE6OJSLUGINECA3R5K5ZXCGDXZ6A,B00O5EL4MA,4.400795
AFDSDZ4A6HKSIFVTISXLNY4KBTPQ,B0BKNYGC3V,4.429579
AHYUYW4OYMCDYOY3KK2OTIW2GDIQ,B00N4ZHQ14,4.3480606
AFGGL36KJJXEQTMHPERGAJ3ETG7A,B01J5A06OU,4.601784
AH6PJZAAL265XW6QBMTLZLNYVI3A,B00BYI3UMC,4.1396036
AG7UBV3IXQAV2BSKDSKJYZ3Q36AQ,B01LYV68RY,4.6851726
AF3NJDOTMG7BRKDLV6UM7GHFC7XQ,B000G0ATGE,4.079485
AFMNSKAAAPVFNPNY55G7QRBZS57A,B00646MZHK,4.547683
AFQSGCTOHFIJRR3TFZ2YGU764W3A,B09QBYTMYN,4.7252355
AEE3F2XA7I3WFVWAV2VZI2YLLELA,B0BPKH4HB2,4.726293
AFTPQXSU4KURGKWJGAKYLNJONTKQ,B07P2CZDTZ,4.9451017
AGVTKJAYTPW447JEYNPPTT5TDDGQ,B072575CX4,4.496587
AEKE5PFGZXJF7WY3UCLPX76KDHLA,B07L91TJTT,4.75789
AFAUI5YDY5SFUUER3ICUDP7DNABA,B09TPW5HSK,4.3493624
AF4EKDP5NU2UH5TGQOEGW2ULSMYQ,B071KGBWK5,4.236975
AHZHTMIJ2DVI5YINPJYJXUK3N6BA,B07BH4GFV6,5.0
AHQKCRAIW6KOCBXNQQ2HCMDHPPCQ,B00WJ3HL5I,3.683271
AFBXPXZXOBJZI7N33THA2W5JGJEA,B07MJVGJSV,3.3683367
AGWNNXFVI2WRVFTPXZMFUYPMRRBA,B08R5GM6YB,4.2112937
AHTH3BYSBOY7EBENMTAWYWWQXPNA,B000SZVZ74,4.519995
AHGYK6Y2LA4GIKZURFNWD2XXEJWQ,B008BPI2OW,4.299653
AEZG4SHN6EDH7X2I4NPMCSN7MN7Q,B09RJZSQML,4.707307
AFGG7OFYIXEGXLJFMHCJ4CP7RDPA,B0C698B5WR,4.609529
AH4EBXBCNHNVQ5MKFUO62MZEVPKA,B00IPH8MD2,4.574348
AGQOZER7UNMZIJE2SYIL3WGLBZRQ,B0BSR996X8,4.836172
AHAEDB7FPXJBM523PXFWBS6SWPRA,B07BSZNKTM,4.1277947
AHRXOMUDZ2OFIZEUPWWIFX74EG4A,B09857JRP2,4.6052594
AFPSGOUZDBRH5FUTUU5526JVYMPA,B09PWCF6T9,4.567228
AEEQ7UESBPQYBPBJ6JKP5CFWPBTA,B07L5B64RG,3.732623
AEMPWVEFRXQAC4RVAEEFHMFYA3LQ,B07QL29XXZ,4.655058
AFK4HVPTJ46LKD7CA7HSNPJQNNGA,B09SHCMRW2,4.5713434
AFQFEJJS3JP7MIHAPIDLWQHKBWEQ,B099SK5QZ4,4.574031
AEJG7X2JPSSZWWLTEOW2YNDQW53Q,B079TLFL33,4.8276176
AHWQIKVDRYNQLJODTCSKUL3WZKHA,B07L5B64RG,3.9031196
AFFKWNAIQAYIWWRAMBH45SCGAJEA,B07BK9VCT4,4.679317
AF4SXAHUFXPXFBBM333BSHEX52OA,B00H4PEMM6,4.678653
AGKHDZNI4XVSWKG7HAW3XMGICRDQ,B00GK73HI4,4.758467
AFKMQ4PILRHGC4N6CABVZXMTVH5Q,B00RVE9X06,4.960438
AGUG5C2WFEGSACVXYG6AU556RERQ,B075PY9KF2,3.8662384
AFK2WLVMSL2MW3H3HJT5WMTXRTBA,B01DK1RHK6,4.5241494
AGD53WYWQZKCVIIJEGVFN2XLXYRA,B09VT45772,4.779178
AHIMLKZOHAUPH3YUPGP7SWAANJBA,B017JK7O7K,4.071225
AFGIGAOI6AF77YD2KG3VLOZQS5LA,B0002E5266,4.311308
AG43KQOKOO573AON6M3W5TYWWE6Q,B00AJHE5E6,4.1425686
AHSRMNZAUSJKKHQM2Y5SFLXPXYEQ,B0099DNZMY,3.9603627
AFUWIHK23WPEEPBRRSPULFMYMP7Q,B0BHSG5C3G,4.525438
AFURZWZGZUGPGCRFXTNHOMU4YODA,B0BT9R8MMV,3.7502973
AGTJMPFA4UFAU5ESGIUL7UH5OENA,B08KHZXLDJ,4.4910765
AHMV4A3ECLZ35GBHW22RN7AKYPMA,B00JL5I61A,4.3595867
AGYO5KEPETGKJRCVLTNP5R7TMRVA,B09PWCF6T9,4.5100837
AE4TOI5QIX3CJNFPXKIUMNY5WQ4A,B0B3VF84DL,4.2363462
AGC2D4ERWZFFC6TBEN7WVEVAYPCQ,B003GEJ5SK,3.7735708
AGMWVGV6R44F4CB5QU7GUKDGVJGA,B01MRJUB7Z,4.4374704
AGE4MJI4ACCVR2HUDBPA27GVIZFA,B0BZ166MLS,4.6224055
AFHBA3XXVMYAHM3TVI5I6LIFVUHA,B002NG7DEK,3.5094347
AFWCHDUAQGDBY64GWKKF2HSF6DLA,B01E4MELN6,4.351968
AEIC64XPFPXOWL624SR4XBRW3MUA,B0BKZ3GCGR,4.823132
AEA6EC4Q4NZVCH6EXKJPAFDPS56Q,B075SVWJ6K,4.5366035
AGZMJJPHOH3O5R5AG2WNODLXW5GA,B0B89ZSYS7,4.5021915
AFF6DVV7X33O2CGVMEZHESC4XWLA,B00A2H01IW,4.9089456
AEOJHU6GSSVCEZAM6FEODEONVFOQ,B093F6V4YD,5.0
AFC265XYEH7HU2X2IROZFOJNHJSQ,B07W17441F,4.534827
AFRYJ75AYEES6IRLVELYFADHCN5A,B00F20MIC6,3.8577046
AH3XHJCHHLVURHVDWHRIXWPQTPWA,B076H8RBPC,4.503724
AG7BKYVUQPRDJYOEEJFA7CABODPA,B000J5UEGQ,4.2978573
AHZAHAU5BSZV62Z2TNQZDJC7SMQA,B0BCFR3ZNL,3.815952
AFGXMICVBMHATS3XS5QMMW7WZ4VQ,B0035LCFRW,4.560687
AEGGHCKB32ZBMXYLDF2BZVWUIOTQ,B01M4ICDNE,4.4156966
AGBR6PZW32IC3DKHJRFUOOOFLINA,B00IPHIPS4,3.9694176
AFWDQHCMEOZMGWK3S47XD33T37YA,B07SPHH7TD,4.9047136
AEAF2JYA5RYKZDPKCXOJB46DDZGA,B074WXM13T,4.3924775
AEI6W3CJO4FEQT2UWAYWJBAGNJHQ,B00RX5HQS4,4.751168
AEJH4HUMFAN62AII4PTCGRGGAE7Q,B08ZNY3SZ3,3.6901503
AGQE7GBNTL2D5CRGSEWA3IMXYXQA,B0BKZ5F8BS,4.842928
AF3F36AQYFSFIAIH2XMIUH5WY4LA,B01MQSAU6P,4.282839
AEJATLF6ZB6TWPLQFAVF6P7YXFKQ,B071RYWF1X,4.02138
AHLM3EPKW4KDTZWLD5IAMHOCWUKQ,B07QLYKVQR,4.5826645
AF77JPPQC3YQDVFLFE6I7UU3EVPQ,B07BFZ2KSJ,4.5020633
AHCDPMD24SBS4MR62JA3F7HC3AUA,B0B9XPLGMD,4.4621515
AFFC7LSYXECAEHCRLCLBMGFCVWDA,B07P72FCR5,3.4171603
AHTCFI5OJALGN4MNRADWEOXMYKNQ,B0BF4L13DT,4.19155
AHYAJSJYNJNYY675NJFTNOQE3OQA,B09VT45772,4.941734
AHOJB6TPWSUGREQVWUHBXUVRZKGA,B0C8MDSZP6,4.311491
AEP6P3KJKABIZ2XBA3OQKRHEB3WQ,B01C5TBX68,5.0
AH46X4UHBAV2KZ3UV77D4VG66TPA,B002GYWBJ6,4.349044
AG7AIZBTTJWJIPTRXHIFZB5MUMLQ,B07QDCBRKL,4.5808115
AFZDYVNE7K3L7FE4RMJUBLCYM3KQ,B087YNF8BY,3.5127628
AF4W622Q3ZWEEVIKHPEJADCCQSTA,B09MSQBZFJ,4.3790445
AEPBC5VE2OKFDLG22CSXHKN5VCNA,B09TRX519R,4.800755
AGNCRXC7PNYQJW335W7D4KFZMGHA,B0C6HXYY3R,4.5435863
AFM6P2DMLWLE4QM45XLNENPDCANQ,B005NACC6M,4.115643
AHFZ4K77UQRUXMECV54VEEEVUUPQ,B00T3SR9ZO,4.812503
AHBLH67EE2QDH34EJI642YUJ5J3Q,B08H5845YF,4.9528
AFUZSTHGF4TSNO4WHZTJRQXAITKA,B01E7FQ03O,4.136268
AG2PW23TNWB4BYACHY7DDDTHCDYQ,B009O7CE5O,4.1573496
AFHZDQPD2TDHI7HGWNYRBD3E4SRA,B071J84X1J,3.888147
AHZT6MVWNF4GG6FISMZMORKZKK4A,B01H8E51CC,4.7345
AGQ3O6VTMDBP4SUY5HR2STHEZIZA,B06XN6QWFC,4.600377
AESEGTNVGIM67XSHIBRIUDRKYQJA,B0BQ4FJWYZ,4.6886
AENGAOA6V2UAM3NAGJAGLWJ7FZFQ,B07JNKY9T8,4.7968693
AEQSMBSD5HP3LSYXFGQW2N3Y3CEA,B00UZ7JADG,4.6942163
AFWFZBPFSKNEYFMY42YDXUZUJTDQ,B06XYXMN72,4.5654097
AGUT4BSZDABF2TKPWTP7QJTWARHA,B003HPQDYC,3.7702115
AFV3FCAYHRCOC2A52AGKK2RPPEYQ,B0B6HQR6H3,4.5076118
AGNPXZERD2EQJICAHX2VHBRTDNFQ,B07FSD3CP4,4.378187
AGXFJ5MHUDCERSROHV6SIFEXGT6Q,B00DZJ5ZTE,4.56423
AERO573NK4DRWCKS3JJ53TGSMB6A,B01ID7LB6S,4.058986
AG6ATLCKETNYRKL6GCQV35CSSGPA,B093T1Y12B,4.778838
AHZ73ZAIN522UIXPHNZLJNJ4TWWA,B073DH77YP,3.6860662
AHQCDCQ5VFDGM74DM7RQ737GTOYQ,B07KJ1YFPC,4.209852
AHHLPVE6EZSVKQGVAZDJXENDPGEA,B012VQ5A7S,4.553849
AHLD3BAM5XXNSUGS3QICCDK6PR6Q,B07PSWC1XY,4.352914
AHUSCCJO4YMU4JD32SNDWMG5BZDQ,B06XB55D1M,4.5494957
AFEICWMWPP3K4POH3LJJXF7AVEYA,B08DZZ89Z9,5.0
AHBQKNRANQY2ZBBVENAS5IXL6CUQ,B00K1WIAV8,4.315083
AHZDRM3HOZLSWFXSQ5P3BFBB5O7Q,B098PK65WX,4.980808
AFQRADPBJBT3FQPLY3DLXYDZYNFQ,B01NAZMWZK,4.885515
AHUCON5LFRGMY6ZBBR5LBERZ3ZLQ,B08T9CCXZB,5.0
AGCB4LPCEEZX2MJNPGSRSOWWLQLA,B0064RTS0G,4.913134
AED6HJUVBCHOCZSU7TVSUGSXH6KA,B00646MZHK,4.407318
AGG4TIH76JJJ65G66W6UBTLKSE4Q,B00OYUSHJS,4.443036
AHKPDHLJXOUJQDLDCREEHZ24OBZA,B000CZ0RLU,4.843273
AFQFYEPQJ4K56CHFXATZBQ3IGLHA,B0BT9R8MMV,4.8388443
AEOGO4EUQ4SODCLNQAF2QE2246VA,B09G5QS1VD,4.008618
AFH3AUYGMXY6NFLHCWZ4HUJIS54A,B07N5J3GTB,4.2094054
AFOH5MZFOA5QOYWAUC3GNJJ2RLYA,B00H5XQH20,4.8321257
AGH4UMD4PDQ2J3Q4PYX627TKEJZQ,B07VWSB34H,4.3790455
AE4QHKV4QJCQBDCEFVIFB2XQIKTQ,B0817CVBLV,4.524396
AEK5Z5IGCZC3BOIAHEZKJ5LALEHA,B00HZH4D04,4.3666525
AEUZWYCNH3XRU3SL4RGNVQDWNBDA,B005SUSXGA,3.7138376
AHXXM67KZP5QLRJXRK2X3VPJIVGQ,B076CF9234,4.113437
AFFYSCZKCCXDX2FFF3EBRFR3ZGVQ,B078S136R7,4.7156067
AHY5LOOHEJS2PBAU6TBGVE3A5KLA,B06ZXX8M6K,4.4546
AECEYRS5X2CFMDC43NZWL3KGVVUA,B00F20MIC6,4.259851
AG22ARBXBZEHDEGORR5CV4YU2YAQ,B013VNHWAI,4.2925243
AETZFMN57JCHIPVEHXRQABYXJYWQ,B08DBDD6CM,4.97786
AG23AW56WZ7KPYYAS4A3YUDTYWCQ,B01C5TBS90,4.5427375
AFUMAGJW5ZKDFR4TDENXUFOV33TQ,B07L5B64RG,4.1343484
AF3HPF5WQCTM6CMW6RDZR2CLU2BQ,B09HN5T4X2,3.4736204
AE7HRPX4YO7IU4EJ25ZNC5DPUXDQ,B01NGWFQLI,4.4027143
AGVT5E2C6WNOCFYSLOCPAPBJOIKQ,B00771QSA6,2.8868709
AGC4T6HKARBWXWIETWXQ3NCO5BDA,B0B1LK9SXB,4.3373866
AHV2RWTWUZDZB5VK62GU522U7N4A,B0C58M767M,4.408407
AHXWA2LX62UCCRZLUYIVH5SQOIPA,B08BW72YHB,4.343743
AEBBCGPAQQIP5TEFXM4UKLAL6ICQ,B0002CZVU0,3.9314473
AE2XOYXCYD7XZYEJKRRN73HQWZWQ,B07Z5KGCBX,4.5790215
AE4PX7WPFYOKQ7JY2XCDJIXQG6NQ,B0018TG8HQ,4.5359063
AFJA2TIE36MA34NTU4X2AYDASXBA,B084F2HHWW,5.0
AHGIYCYEO52KREJSMUG4HVRWXNYA,B0BT2QH7V5,4.4161663
AHIDTWUTSFPG2UWJMPLVB2WG2JQA,B00WB244XY,4.174384
AGTSCOC7DUIMJRTVNMKIOMYYE2JA,B085JXWDPC,4.2557564
AHB5ERKDN3N6XGMPRH3BSS6FPJ3Q,B006I387UI,3.2906013
AEI3JK3NJTVVB6RQVVJXFYWBNEYQ,B08LYV9BCZ,5.0
AHWUG5BIUQWHO6KPODY2QJFFQYWQ,B09PBL98Q4,4.2117844
AECFGXLEX3SU6D4T6C55X2NWMJVQ,B08R5M2FGY,3.705161
AEBDVELV5QUZNVMFRSX2OILTNGDQ,B00D353N5I,4.166816
AHG4BKFPRKPCA76UXYE32EEW377Q,B0BHG58G2F,4.656085
AFC647CM7TNBTPSPPM2EXPJWBNYQ,B06W2NS7RW,4.369808
AGFSPZ7XOYCABXF6VYXQVWQRMO4A,B004LG93KC,4.4763045
AG6XP7YKD35LKMAUTT2SPLCKKXCA,B010CI6M88,4.5578704
AE2SNEBKDHQIZCKJIBV5JOPUWJ4Q,B001R76D42,4.367308
AECH6FKMNPEVOR27FIUZR75DDMPA,B0B3F96MH2,4.8589716
AHYYJPAALMRAGRBUY3XGB46RDLLQ,B0BXZFS2QH,4.0357976
AHOFWP4LITEBFBWVQDV25AZK6C3A,B0071YXCVM,4.745428
AHIC5S5WEMJBL4CTQTEQMMPXYHOQ,B0BK5CXZBT,4.6693544
AGY6RRN2DDWDKITFMFZBTBJ25M2Q,B000J5UEGQ,4.0737433
AFGI5XVA5EBVOE2EOS42KHQSULXA,B0C38LLMXG,4.7308483
AHY6GIC4JE6U7L6GPZ4GVK23YFVA,B09G7GH2FH,4.6047397
AEZENY5LLEUSCC3JQC2F3GJ4HMZA,B01FMKRG6I,4.5726485
AE3C2M62HHDRFDW6E2XADFQUXCGQ,B0919GK359,4.652949
AGPWTBAKWEXJIJLZXKEV7T2E37AQ,B075MLS97V,4.722598
AFQFUOUDCVTQ4F5OYM66HTMHVOUQ,B087Q1LY8Z,4.3049126
AFWYQQAFUAWPVAX5HOXR3WSAN5BA,B016QUXTZU,4.435864
AFCANIN6FS52VKITA7YMONU6S3EA,B01CTWVIY8,3.7917805
AG6BBIGPA7TIOM4BGES6SSGZHIKA,B07NWG39JM,4.6256347
AGP2NR66453AJZJAYKZGSMONZ4KQ,B0002H06X2,4.639319
AFR4T3JVNVCDWIOE4J2UKMBYPOEQ,B0B89ZSYS7,4.813855
AFX7V34VOABD3RMN6Q7QNDOFWOOA,B01H0PACWI,4.8742175
AFVYTABRIESKZ2WUA6XLENKB5QCA,B011AJ8KHO,4.3942523
AGBW7LZUPMPOBV4LJ7LO3TCTRVLA,B0BR2Q367S,4.465923
AFLLD4HIWPJGLLBNJXCZ4OWH64DQ,B07B9W25ZK,4.5396824
AFOI7DJOGJ3FDEYYXCDWZKYB4IQA,B0002D03VG,4.6210628
AHV3PKYYDJIQCEKAVLVIHM27U2YQ,B00M4M9RF6,4.764644
AFBPVAR4I2B5EZTHKW5QZCXTERHA,B00IFOTSJW,4.7557883
AGIGTISGZA4LRJ34FG3FZSLXFS3Q,B005SUT9I6,4.939636
AEUFWFA3TBVVD67HVO7FOLWNXUSA,B098LHYD3K,4.3408575
AH2F6A7VS6CDBSJA24NWYKBEWPOA,B07MHL48V6,4.4388657
AEZIQZZSUVSU4UAQAZQJWUR4NHRQ,B0BZ5K6XPN,4.635217
AHDHVYDPFXKSLOV3WCYUYDNCCWRA,B008L3SXE8,4.802105
AE3H2GO6RH2ZL6OHLBAVSKEFDIHA,B08Q7HQHNX,4.5020614
AH45TR3BV6T3QVMWHGXDSUL3TQXA,B00RWF76NK,4.0898557
AERGXYG6NYIWY3VIBK7ZUQMQQQVA,B008B83SY8,3.8667097
AEBID3HKBMGORBEBUBAZWS2FFQPA,B0C67HCGBR,4.673863
AFEWXSPZBD4YB373PB6Y3NA476CQ,B01N8SXS2H,5.0
AHSBERFD4KPEBMI7GW7QL3IJRHJQ,B0015B0EB8,3.453407
AFOF3QHFHEPGQ7QQJBGWFJAC7RMQ,B01H8E59FQ,4.5507426
AHRQLNYKGQKNDZI2DKRSST6JDQ4Q,B0B8YWPB3K,4.9770265
AGODDVRWGAQPWOIVFD4V76XIST3A,B072PWKPLW,3.2387693
AFSTKZ46JMFZCWEDBL76K6B5OLKQ,B07DLVDV7P,4.485224
AEZKOSSPZDQAQJEVAWYIMF2EBRGQ,B0C3JJ2WLM,4.1591454
AG5QJWMXSGR6QK7CTCJKXRD7OSOQ,B0BTC9YJ2W,3.3924181
AGPJWCUWLVIR2VXLJANPYHHZ7VQA,B0983RTWDV,4.150703
AGBQ3TX4QYWQQOW2DBADLGOJHQGA,B07Q6L4YMC,4.9087434
AHUIUCGSUO6B2KRQLQ2UWRYXTH5Q,B01AQNIOO4,3.630407
AHJEYA3QHJSUWT4UN6FXYWDX3OZA,B0002E2O2Q,4.2360916
AFKA6Y5FDB75J6BMYLJMBL56L5LQ,B0049S9FVE,3.7333255
AGWS2UTABX6UIBLDKBBUN3Y73YPQ,B0BZ5JK2GC,4.7287235
AE3HJ6CT7RAMP5XNGLYPEGDEMJJQ,B00IZA1GI2,4.5196342
AFUSHAI2F56KYEMOTGFW3WZ7OECA,B082WVKSNG,4.443922
AGPE7ME5O2UO3IKHIAVFQ6C4JKNQ,B09SH9C3S1,4.150363
AHGPQ4KSNZBWGDSFBMAOBSWAZBUA,B0BCHG293C,4.416129
AGQE6XJ6T2AYF6LTIH3E2VOK4UXA,B0C2X15CPH,4.665918
AH2HT6SO37BPQ4EKOTAZ7A6WDWZA,B072WPD8MY,5.0
AGMYY55Q5EIYMCNQF5DAYXSB4WHQ,B0BXT5BXFL,4.168398
AHL6CT3IX5344QT4S3GSBUVZFNAA,B015XDJB9E,4.574831
AH5S4XKENHVECUH4CNLWHQYIP2NA,B000J5UEGQ,4.4903183
AFFZNXPPX2MF7F6WSX4KYASX3TLQ,B07L5B64RG,4.291255
AFBXI47K73AAHBTFJYX6T7QIEVFA,B09PWCF6T9,4.7742343
AG5S2EQFQ76MEDNWNKXD27VBGQBA,B07CYRYQ8G,3.9467363
AEWRQF227ST6I3DXCM2AJQ7QGXJQ,B09M7P8SBH,4.220316
AFHDHVQNIJO4RTZSJDPJMVLM7RNA,B00WM21DY6,4.6383915
AHIPKIT25JKKXMUL332SVAWYAKBA,B07Z3GVQFZ,5.0
AHROUXIVZXJZW4MO2AFN3ONK6DTA,B00BQYODWK,4.7400346
AF6FOQSBPWCC6LBUJ5E7M5EWZI5A,B019MIPZ8M,4.248181
AFZ5JLS76NTQNWVF654CNXF3SEHQ,B0B949FD92,4.401528
AHF3YGM54O5RAXYBAV4FRG2FQWDQ,B09V91H5XM,4.8017406
AFDPDHHU54M5M67PI7ZA6SEGANEQ,B07D4QCBX4,4.461775
AHFSZBRXW3JCT4BGEDMR5LXKFCJA,B00R5VZXKY,4.7301593
AFOKWBIT7ESXMZ5OOVEPVEY6AYRA,B09JFZ3CKY,4.120913
AFVSSJ5QSQBZBTAVR5XHF6UQQVBA,B086QP7WM2,4.2153196
AFOV3YMGYHOVKW65ZOFVUITMT6SA,B000BNG668,4.281971
AGUS2NZDI5C26OUO3OKRKDCYI2SA,B0002BG2R2,4.6420746
AFA4ZJGSTUWBV43E6FHQJV7ZWXDA,B09397FWYW,5.0
AHH2S6RQ5UCCSGDC4YSFGIRBXTTQ,B00DKAQGTG,4.8122306
AFSAEAZMJRB3KQF2EX5DXLCHFMUA,B075ZDCFFX,4.6219993
AFHNWGO25QKIPAEMLJ7ZLAXVXXYA,B09VBWXMBC,4.6268044
AFI2Q4HGBSVHDT7N3DYGZBZNLOOA,B01M8N618U,4.262693
AGAOQLKN74M6NEVHNV3BLTJDNRJA,B004XNK7AI,4.7561555
AHWSZB7RGTT7VKF5ZLHFE35KAJRA,B001MX3WWC,4.0951667
AG64SW2Z4TEZG4IWEGEUFEEZBTRQ,B000A7PQIO,4.263779
AFLKS523NY36AY6WTAAKFAHYT7BA,B08Z6TDJZ9,4.6949177
AEXSJRCAW5RDAOCGSRNV7BSK26QQ,B09JC3Q3TH,4.248879
AFRHKO4374QYE6EFRHEGGSPVWJSQ,B005OEM43S,4.433195
AGN62QQ3G4QRVVDCJQ6F6Q264M7A,B0BK5CXZBT,4.7020416
AG57ZCKN4CZOESBMSWZPL2CR77JQ,B07WTBV69J,4.6609287
AE3JDWVNPCOENCG57MBK66UHQCMQ,B0B8M5FJ9W,4.43724
AFTZQD5DUX4N2BQY3QJ4WCGIL3WA,B002G1UT5C,4.0918155
AE4OEJMTMMN67HAFXYTGCW5LDVBA,B0052S3T9O,3.449417
AHLGPPI5LLPXUYFAPN6VGRHMFNQQ,B01AW5068S,4.4866233
AHUPCY2JBC25O6H556TRJZWZMFXQ,B0050CEEIW,3.995804
AGIBXQUC5LU5WP6V6NWJYHKLLG3A,B009DYPWBG,4.5085583
AHDWGSLY5F6AL4WLGCL2YSSTJQLQ,B09ZDMFDW5,4.198183
AGSUOYF2YX33MWSX4BUAW5LFETTQ,B0BR2NW577,4.7366924
AGZDUBW56W3GTKFCJ7VUDSHVUB2A,B00X7F1LQ2,2.7991946
AG4JFCTSTDDLSYABQYGKRGV2F6NQ,B07ZKP1KF4,4.2122445
AGNPXZERD2EQJICAHX2VHBRTDNFQ,B01N5KND14,4.6564837
AED7CZI2A4UFHHKBLM2T55BK7W7Q,B016133LAK,4.2366757
AGN5JKC76NLF2PUJYOGMWH4EZR6A,B0C39H86Q1,4.959015
AHTAJ2OUVWDB4RPWSJQRK6WBNN3Q,B00646MZHK,4.4792204
AFJ6BNKTPZQXGEOAIOMMCSESJS2A,B002RVQTR8,4.6455927
AG545MMHYSJ5GUXAXDOVIC6IZ7ZA,B003AYJU5O,3.883088
AF7UGFJC7H3PBAJ44UTW4MCWFCSA,B07MMJX9T7,4.2960124
AHVJ7UVESCIEXJDPRIYMIIBQEM6A,B015OP6OOG,5.0
AHWODSX3VEDWXPOIMZFIWCUXSVTQ,B0BS6HRTYM,4.717367
AELBSC427YP3XNO3L4ULNIASKB6A,B07883GRPL,4.0524683
AEC5F6TB3IB5HVKMUBAK7IHJ5APA,B09T7Z8VB2,4.918593
AGLGKDWYUI3QG54WUNJ7EWYXXHLQ,B06Y6BCX7B,4.2816415
AFGJC5TF3BY7ZZSHWY2ONSPU7VIA,B0B9JZP4BQ,4.6953635
AEEGTK6WKYOWLE57UPJYL4ZOZ7RA,B07Q75MDB8,4.6239753
AF275ZFFGX7UOQR2F3VTUPPDOCEA,B0BT2W3TTM,4.9509845
AHSXY2RE3D43XV3NAQXJFZ3FEFMQ,B0B9LKKBHK,4.484683
AG3GKTRAHOZP7J6XHVZ74EO4GJZQ,B00O5EL7S6,4.971744
AFODRXNLEQI45IJTZOSHP2H2AMMQ,B074T1SZGQ,3.801132
AFQAITIWHYF277C64BWNAQODYE7A,B07B16JL73,4.74525
AHW5L5NONM2GMDBDOMAWICXCLOJQ,B017808XKS,4.685629
AFZPLBJIKNDIJAYC34RG7MYJS6DQ,B00P1GZ39G,4.4875107
AFZUSTESN2HG2A2VIEJC53WXSQCQ,B0C4SP3PH1,4.4096203
AHVL6NLW2ETK2KCNUGI6OTQ6IDQQ,B07T9W146S,4.4860373
AFBW6R5V7AL57BMCUYFK5ZQRHU3A,B00504BLJU,4.4888296
AF2GNRUCCIC5DYCDJQ6XF45STO3Q,B07MG78TDT,4.180021
AHQCQOYWUBEIRMSJVIAY62ZX3GSQ,B0CHMQ9H9Q,4.8109927
AFUDNFNY7SEDKBT36AH2LZDN4QTA,B000Y021NA,4.3255534
AFMWSJXVD2ITRLSHTOVKET5IF3SA,B0B8M2Q1DS,4.520148
AGTOYBZBFDWXXD32G3TKF3IOTLBA,B0002F59ZY,4.7046766
AGRCVTGVKU6I4WAR4WJGCAQZM6XA,B00HTWQWFO,3.7911618
AEDKWF6D2KIBJDGAWTXGMLCR3WMA,B095XCZXNQ,4.212483
AGDPYGKE6ZOXBMUDUOLHKMZHCJ3A,B07MFYHKLH,4.3917575
AEG6JSCCSPLNC3WDSNULLRNVWOXQ,B0B7C7PYVC,4.3296237
AGQ2FSQ2EJJXXJDWNXNLRAQCQLVQ,B07HGRFG5J,4.006431
AHUFMBH5VMD7UKPLSWAGMYSFHMUA,B09HCRTKL4,4.714433
AFM7D2H5LRVJUVMGLUUS5MNYR5WQ,B07BH4GFV6,4.9330525
AFAQSQ5NDDBKAWTJBFS45OSCAW4Q,B0BQ4G4JYQ,4.4722133
AFG4O5LTIHBOWSQ4LBYQLY4TBJDA,B0BW8L9WF2,4.33162
AEYJ4BWSPRCLEJQIMDL7BH53TYGQ,B09NDBVJXM,4.9023275
AEUSNVRZQLPKRERL4EJ3HXR7X3LA,B07KK8XL44,4.1646223
AGLGD4PSAOA6W6AEZIQ7PT74RJ2Q,B0BSGM6CQ9,4.7487836
AEDHDFUNQQHHO4IV57N5YHW6IVGA,B08FC4P2F6,4.1673617
AGJRMIF3LHVDBHMCEYRL7GWCVMRA,B083MWZ1DN,4.7448063
AEKHOFU35JS3BOIWZSEM7DKSTEVA,B0C3QWRH66,4.2974763
AGCV5GUWIDXH53ENHCIXSZN7OBHA,B0002D0M94,4.7082777
AEENSLZS6WAJQE7GRMNHI74TIYYA,B0006UGEOK,4.521565
AGBELFRDXNHI2I4WWUM2WPEAM7UQ,B01CQ01SPM,4.7334666
AGDATDMAB2JQFVOC5BSRRIGFILVA,B06XVX7BHJ,3.9208355
AGJAAVMYOSWYRC3HRWGAWHJFS4WA,B01NBIW57O,3.9219313
AGBG3KK74IKWJNQVMQAGVBWJ7FAQ,B0B2MTYQJP,4.243141
AHO6JZJO74RBYK6KAPCPQ5WW3VEQ,B09857JRP2,5.0
AGID6DHXZOL34MVLPDSCO42D6GZA,B08WB1VLRJ,3.8731055
AEXNTI6B2RAU4KEAXHXAYKKI23HA,B075B1J56K,4.526963
AGZ6AX5RT2WKRJYCYVT27ZIMMGMA,B0195NQSTO,4.887379
AFU4WXFS3Y3OZ52E23YPAA2DIJRQ,B015WYRWYA,5.0
AHZP4EGVGXAQYU6NONQW7WZTPEZA,B0085545YO,4.690257
AFGQH4JD5QBDF27M4MG6OJ7IXWBQ,B07MDT5WJX,4.8773937
AFR2QCLNJZYL3R3JDCNNBGLH75QA,B006UOSUW0,5.0
AHJCDOPTP3TS3AKN3WXVWSQR322A,B095QDDCKN,4.3241987
AGHGEAJWZF4K5ZD3AVJMVR4VTIVQ,B09G5QS1VD,4.534052
AEPQMXHOMG5ZBK3X223A6E367KLA,B073NPJF54,4.5868845
AG5QJWMXSGR6QK7CTCJKXRD7OSOQ,B01N6U2EJ1,3.3657012
AER47L3AWJNSW7S2YC6UI6V77RAQ,B09857JRP2,4.8548303
AGEA7N4MSNAK7ANYT2RPCY676KNQ,B0035LCFRW,4.9878097
AFBVKQ4TBCCIG7N5BOIREJ47BGEA,B06X1C3GWZ,4.4043097
AEIW3FPJYRTL2ABJQNZRVELSDIHA,B004XDQFJ0,4.272378
AH5D4W76WTWVES3BKJKJPOHLBJ2Q,B08F2QZ9XX,4.427339
AEKS23KTJWPSSKWVWNUPKQMKOVGQ,B0BSGM6CQ9,4.6299596
AEGPB5P5RTPWTVSARDZCY4NIITKQ,B00KND95KK,4.3203254
AGONUN3SQ3DQUX62IHQE5HCAXT4Q,B0BDMR3TD7,4.269965
AH665SQ6SQF6DXAGYIQFCX76LALA,B0B8LYBTXZ,4.2242737
AFRGWN2OQMXTMFUCW7DBTJXXZC5A,B00CK2FOZM,4.6809874
AG4FSWXIYRAWD4GVRIYXCARYASVQ,B008MI70QE,4.41051
AFSCF6RFBDYMGTDCGT7BZ4Y7G3SA,B071ZQK57R,4.1727896
AEX7IVE3YZLESAPRDVOPTUMVD4FQ,B00P6ZOPP0,4.1880927
AHMBTMDNL6YETYVEVAX5JCIWWNCQ,B07Q38FWFJ,4.82056
AGTFVU24EZKHXUFYKLSRPB2ZUG6Q,B01DE4DTAG,4.5846143
AFC3LUU6EQ2CJDKUOVUANLP2JJOQ,B011EXBCMQ,3.8549864
AFZISTRYDPBLS4IDSBZTKRIGKDOQ,B00WJ3HL5I,4.648989
AFKRDWMANJ6YAYLX5LLJTPI2NXBA,B088DD5M4V,4.5772614
AGWAWVRXUKLL64QUQZUHNHMNFKMA,B0BFKKVQZT,4.0156984
AEOAVQQMRY652RTKHFB3L6Y5TYIQ,B001GDJQTG,4.0788517
AEMJGS26JFHL24UXI2Y4IN42MUQA,B09ZTJH58K,5.0
AF2SSK423YDGF5C5EVEWDZFV2TQQ,B0B95V41NR,4.7443433
AFOCHHI44XKMG44TIDXRHY7R2H2Q,B0B8M2Q1DS,4.107037
AENLVOY3BCY4AXHOB5WIGE65SRHQ,B08R8FSFRB,4.4947796
AEWH7JMFZ3SQI4UE3DU6VRYD2BGQ,B0872CS1BX,4.3748894
AF6JSVPJ2DCT5CECPNXDU5PWBMEQ,B08BW2TBD7,4.4979234
AERERSWI7SYRKB5A5K6N3VSWWS5A,B0777KT21W,4.2447376
AFO4VO3EMAEWPOST4DIAMAEB7ICQ,B0032UYIQM,4.789835
AFJ5GUZSFBLA2K6DI4XHMSG2ANJQ,B00KLLKE04,3.5498872
AGJNQM3DSVQLJISEL4NSWE5JOOSQ,B0BKZ3GCGR,4.3899536
AG3YM7FMYVGQ4UKSE4LQGJTXD5FQ,B07TJX2K8G,4.7974987
AGVO65TAROWVIZVT227P76LOBEPQ,B08XMJVW2D,4.521429
AEV42PMIPV5O2GR7XEEVAKNPJF6Q,B01B15JPCQ,4.1561213
AGB5HMEVDU6ZTYLFVUSDBISX3U7A,B07DMZ4B7N,4.72142
AF6EJYBF33I6ZOJWPS6SKJCN2DQA,B0016H8S1O,4.794775
AGUUZPBKG7FN3UFJIS4IXRDZWVMQ,B0161MMX4G,4.5143003
AGXMTHMKZG3QKW6UZPY54A6225ZQ,B01MSNIVKE,4.766678
AHNUALEQSBJJGHXFMSEIHPPXJGPA,B077YGLM39,4.5193357
AHK2JKHQ22EXZBQWCF6SAV3XYAYA,B0B7C7PYVC,3.848692
AHR4QTZAOVEE5Y4RZ2PRDEWZ6SBQ,B09RTZ26KV,4.891465
AH2POAHDXXWBO6AJYISIC5WO35RA,B08C2TBWGV,3.7638574
AFTYUC2644SXODMOUAOCS3EUXLNQ,B0925WNSYJ,4.6527147
AFH6VTF4HK7G6XEPGKMJS54HS2BA,B01M0RWZSB,4.744649
AH7B4LZKXIRVOKMQABH4TYJWKYPA,B07BK1KRMZ,4.968198
AE7BOZUENUHTO74ZOFS2MCV2OIPQ,B01K1EJQ9U,4.1757383
AEPJXX4K5S4WEJ7EHNBIGZA65CGA,B008BPI2OW,4.45672
AFIE5BI2QPM355FG7JOUDUL3MOQA,B07234PV7Q,4.6292768
AGUT4BSZDABF2TKPWTP7QJTWARHA,B000V6E01I,5.0
AFQSGCTOHFIJRR3TFZ2YGU764W3A,B00RX5HQS4,4.9047623
AGZF6BB2D5R6EMB4P4353LFKR4PA,B0B59HT4CW,3.8864179
AGEZ4NC2DGLNTGW4WK5PB4PVPQ7A,B07Y6TSTS2,4.074806
AFXSSSNW7ZJY5LZTDXHURSA7I3WA,B008DCOOA4,4.6205845
AHJPWPHCWZ5MX2UY6CNGJUNBWP3A,B0B8YY3M18,4.4026775
AH7JAXK4CMAKGB2I7X2BIW4OMXGQ,B07PMLJ8PT,3.9218688
AHSLQLTCTL7BXJCKPC4CS5WZ6P3A,B09857JRP2,4.9810023
AH6WLUR6WYU5G3UNQDCHKDTBGEGQ,B087B6MMYR,3.0931387
AHCKFEE2OR3IUWX3C4GSR3BTXTSA,B001B850DM,3.321259
AFA2XGIBDVRKJW5TUJ4XBSFRKD4A,B0BZPVZC89,4.0629005
AF73XBA3ZP4WT5PJ35HOIH7RCX6A,B003KVKT0W,3.2082453
AHAVMJ7OKLRLFKHUSZEZQHPQCHWQ,B015HG82EW,4.3942633
AEJWL2VCYD5DYYK5KTYHBTRTTUVA,B074KPCGYL,4.4726925
AFQFO4MXAJX3BTIPTQGSKIOAJ7IQ,B001NTX914,4.403475
AHITPAZLFZ6MUAIRVQ7O5P5XGBBA,B00VYQABQ2,4.1933413
AGPDZTRIIRXHFAPGHUR6WG3NFD7Q,B072HMBSND,3.6459384
AHWPCWQ2D66IJWQW5UOWEM32V7BQ,B017GSAT0E,4.8148355
AGXFIFO4VWNHPAX3VJPRQ2QJSCSQ,B06XHXTNK6,3.157508
AE4XDOLOLDHCE3JLFPIOCU2CDPVQ,B09DY5162V,4.5843325
AGMLFM5LJZ6NWOQ5SKUTHJZ3WMCQ,B06XXND94L,5.0
AGXTFGO7KXIW257RRFLSA3C5VRWA,B00IFOTSJW,4.5640025
AHGIBSFUX75SKXE57B3GHITHYR5Q,B07GBPF914,4.4449735
AHHT2CP2KHNLPRBP3QFHWA445TFA,B09PJ3N73Y,4.4109373
AHQRMJ276MO2DYT6Y35GUTUZUQEA,B0BT9R8MMV,4.9367337
AEAGSWW4RVIR4L5BH4MVOV4X23ZA,B0BPLFP5P6,4.323611
AGRMBKF2SDE2UFCVGX3C3YU7UVIA,B0884DCBGJ,4.3795047
AEQCZKNMWZW72YG5ROSWVBGOXHWA,B00FFVLKJE,4.154295
AH6MAK6PF2Y5LOQKNJCZBEXMKYSA,B0BW41MRGK,4.8859744
AFFCNEJLNMAUSBFDTVL7TDS76HHA,B09NC8HCRS,4.713483
AGHGEAJWZF4K5ZD3AVJMVR4VTIVQ,B0769VKBTZ,5.0
AFHXGVSCCIAZUZKLKFO4SF23HOEA,B002AKVQK6,5.0
AHSDVLG6RG7X75WCJSRNBW52INCQ,B08KRDKZ6K,4.7330585
AEJWL2VCYD5DYYK5KTYHBTRTTUVA,B00WJ3HL5I,4.5967917
AGEJRGFQAE756CZAUY4OQLHQ534Q,B08XL4NHL3,4.628241
AG5ARKH5DHRZD4H3SGD5IYTY654A,B0BXDSJT52,4.1905537
AHNWYYSU37USMKUNI2XSTHCD2VZA,B07MHL48V6,3.9102724
AGUIKU6A43BXYLTYZXNODQRHZ7EA,B0BR7Q74PC,4.8236413
AFKDPE3P5ZL7WWTHLJGPGHLFLEDQ,B08T9CCXZB,4.825816
AHGFANFHSMQOHSDTHKO52DWZFYAQ,B00GG20DJ4,4.2244105
AGNDXQMA54YLPLIRSJ4CRPHH324Q,B0BT3B7GTY,4.7175136
AHHIVSLNNBQTWQ2PQJMOFF4IPURQ,B0796CFWKG,4.6018896
AHF5MC62OR5WJKQ44L6CWWBAJIDA,B09JZQ67LR,4.5256224
AGDEUEHXRVCWANF6PENBUO3PDUKA,B07B9W2XFS,4.5311074
AEIGZOWPIU3PMS72QQVOSPK5DSWQ,B09G5QS1VD,4.183107
AGXKROS7PUCF5FTKJP2V3Z2DVI6A,B09398HH18,4.7549796
AFQ7VJBUAFMCD6WLRMNJVL5IZGUA,B07K58QSGC,4.7199626
AGWS2UTABX6UIBLDKBBUN3Y73YPQ,B0BCK6L7S5,4.581345
AEQZCIHPL376ZN3LRVIK7LKIO6IA,B077RL5S6L,4.7368045
AHQ7UIJUCTKYWL6SHF444WJYBZPA,B008BPI2OW,4.8939075
AGN3MQNSNQNYLWDVVGL5RTDA2DHA,B00XWLVDUU,4.0027227
AFUZLLFBTEMFFNHEXPEMTWWFU65A,B07GFH8NTB,4.6379285
AHSCZVYJIQ4N5YJQDGCIZZN3CFJQ,B09BF8XDF4,4.219798
AEIZ2AYL7ATS6TTBKCC2SO67YCYA,B01B7N8P5A,4.491062
AE7PQEPFCV7OBKK2FZ5HNRKZE7KA,B000JWTWCQ,4.1174226
AEW7WXMSL3KZ6ICVWN4S5I7PEUKA,B08T9CCXZB,4.8495255
AHLLDYLLXIAPQN7DJCA4BVYPPEFQ,B0CBSSC46G,4.4934273
AHWKSJ62EEEXSRG3ZHRNWBEXWFXA,B0BWXY17MT,4.9905877
AFPQPRIZXHHOVL5VYHPKQYMEPHQQ,B00P0HIZXM,4.4726415
AFWQ5JUXYJJQDJNYLVVOQDDW2C7A,B0006IQNES,4.4767537
AE3KSV543QVC7GAKJGAE6F5TS7WA,B00F4MYC5I,3.5366333
AHZZX3DQ6IZHVV7GI77GL4PAQKCA,B0B8M2Q1DS,4.339082
AGE3YAKMNHECBEAFUIJ7NNLO5RTQ,B000637LVC,4.471402
AHNG3NRGEDYO7E44QMYDHMBADPBA,B0B8LZKBN7,4.1384506
AG43KQOKOO573AON6M3W5TYWWE6Q,B09D9HYFYY,4.800586
AGGC2NUD4OH4CW2EV7ESFUAAPCIA,B004XNK7AI,4.7282844
AEK7KBA4LVW6N7422XG2NSSRSJAA,B0BXT3YHW7,4.3874116
AEUFCTMP25QBJ4AB2AN5LKHR53WA,B00H35YIJE,4.830806
AFBW6R5V7AL57BMCUYFK5ZQRHU3A,B0B76W9CDF,5.0
AHKYSWGAUYXDRDRDVPJF2IXTBQBQ,B075YF8VTV,3.7443113
AGFVP2RIKQMCJOWPEFL2YOQKSUGA,B00Z9TIXOC,4.7708507
AFKK7F5DY6QVQMPGYFXJUJMH5GDA,B096QV18NX,4.418044
AEUL7J5DOLN5C2TNYN6WLR7VK7CQ,B09R6PRMMY,4.924629
AGORB27V52BOPCJGRI3QPQZ7SF6Q,B003KJ0ZD0,4.91316
AHYU5PQSGXDZ6V7F6UUG6LX5HJRA,B009J8DXQW,4.622192
AGH7F3VLUYMLE52O7FHD7X2B5RAA,B0C61YQFHH,3.9885867
AEPUDI6BXIIFIBDD6HN66DFSXXIQ,B08DLK3GC9,4.8248353
AH374ITGDQXQGVBJ5ZSW5LVEX2IQ,B0BKR2ZM9X,4.960709
AFJPB6LUARRD2IM4HZKYPSVC3FAA,B0BBG39TZ9,4.7057953
AHTRLPO6Q7FNLBNB5SQSDPLC6I3A,B07PSWC1XY,4.6403975
AFZQH5XG2U7PUV4ESRY7IA26VMPA,B074WXM13T,4.6336875
AEHGYB4EMFSAOJVQSYG2QD6HMGYA,B01KBCUPFG,4.2376804
AFZTZTIUKWVBHZWWXHP5GDF6QODQ,B0819XW78V,4.790037
AGEXOCVVUXJJZMX6AGI6LDVUC7SQ,B006UOSUW0,4.5904613
AEVB5BSDA5OASLEFI37PGC2XHIIA,B07CRK35NG,4.3249593
AE57MRF2R2ALCC6H5WQLFKT7KSSA,B07YXY9L3T,4.5739846
AH6JESOL3IE2HXVN75ODIOHNWJYA,B0C3LK9886,4.175299
AEVP7D4FN334JKBYDZ2EP5AQPKFA,B07MQJQTR7,4.519768
AHHXUCKVUSI7A5ECJMAV6KU2HOHQ,B00OO0XTB4,4.7311597
AF7PSUJM2OPFVDSI53L2EKYUPZKQ,B00USQY0CK,4.1884913
AEVYZFKOMNX4DOSBR7SI6PSU6JJA,B01LYIRO3H,4.0766907
AHMVWBJ4FNFOXJ6BXA5M7CEDHSNA,B08S3X7WMR,3.7235491
AF2OOLUOKOYQ2HOAECQPBVCIIUVQ,B07PPHHG34,4.712793
AEEWM3H4MGP5YEKKAWWN2K5GFDGA,B00CGFRJ2Y,5.0
AEZ25O3HQYWEXVANIUM6VHNRDAWA,B000GASJF2,4.2405605
AEZEQQAJOBZ5B7QVPWXBXZ33LAJA,B078KTV8L4,3.977744
AEKIBDMB3G3V2F3S7UTCCKDMR3YA,B00US6YYMG,4.260727
AF2GWXZDIXTBHQD6Z35SR26KSGYQ,B0CBK1WSMR,4.3470073
AHFFHYIW76RJQMCGMNNOHD35W5DA,B07SPHH7TD,4.918922
AGHVRG2HSUORQ4A3OHQFWKMIEOAA,B06XXRRGTY,4.9993176
AF6QJEYUUAUD7J4D6V4NW6TWX7DA,B003KX4SC0,4.263668
AEFJPCWWQJOL4HBWQXYQ775IBTJQ,B01822J05S,4.542968
AFW6ISKFJUM5ZDRGSDJCJF7TW4IQ,B00H35YIJE,4.839741
AF6LBRKK5RSD3TBYPDXMMDP3PX5A,B0B8DHDVJZ,4.731544
AEBPH5OGFZWNYAOE4EL2Y4MDPKDQ,B071WMKJMY,4.577496
AGUAR5LOTVA6SHQBEM5NYSO2EAWA,B07BS497RX,4.668145
AFLE6K7Y7L53CS7SV6JR5IPXJQ7A,B0002F51DO,4.1921344
AHNXWNFZIZLK2A3OGVF62FGR6SFQ,B00IWXMGH2,4.5538907
AGKMKTMMN3RT4CSD6P4TAWTWYPIQ,B08BSFDY99,4.3201265
AEN326SBT64VHDX7FG2G7ETRXB3A,B0002CZTIO,4.46798
AHHWYG7BHH4KL2NMB7SRQBRLZBXA,B00KBCOWL0,3.9726787
AHLV6WPBIKRRVRV7ATUGZVVPY24A,B01FH89Q5O,4.9534674
AEVWFJBKJSOPAP6RKLA62OZNCEGA,B015X3CXXA,4.364849
AGY4QLGJ3WS572EJXYILMZP6U5XQ,B0C61YRZ1H,4.3879204
AGCKPDUZTEZAGOLCCG3DQV4J5XXQ,B0BT2ZRCY2,4.8684406
AENG2XOGTZ5PWTWKRPDZP2S62IOQ,B0B31RCL2G,4.479823
AFYQ5ERCXJW4T6D7VSCXP4BL535A,B0BJYS4BQT,4.521397
AE53VDKFQ67YHCSPLIMTCFK2TBCA,B0B8M1RZWV,4.715141
AEYLNJLX7GYF4NXNAVBDL73VEYPQ,B0CBC8FHVD,3.9735377
AG7YOQATPK3IWI5WQHMNQSGNYQ7Q,B000H18RYS,3.7742636
AG553SGZBEHRCZMXNXWJINFND4YQ,B01I6EHKL8,4.5912895
AF4R3QHJTOOHMJXQROF7MA2RM2QQ,B00M9BSZMI,4.525784
AHB7NX5MFSJ6W2NWR5UNUFEF7RNA,B00N5THDR6,4.5689154
AEG3S2JSG7WW3BXOWKWYPVSTED3Q,B07NDJ1HSG,4.092532
AF7CC34DK36SQJS7WXI44DREGWJA,B004P4MLMW,4.633415
AFQGOHTGJDVQ7PWB3MGLRTG7YHDQ,B07226MCY6,4.541496
AEQN4YUQXU27N3EXVSGUEWRSY6IQ,B093YGS1F1,4.3146925
AG3S4FROO422V5KP7DJCBXVUQLJQ,B07MQPMS7S,4.914138
AHDZKPPKUT7HD47LXCBN7RQNN6KQ,B09997NM44,4.0185685
AF4FA6MXKUITCOOQCHJZH3EDEW6Q,B0BSGM6CQ9,4.6063395
AFTEZGXRBCAE4WOKUTABLKG6GHCA,B075JNW6BK,4.3027678
AEZVMCJMXA4ZJWUTFHQCLZIQO3LA,B00CRQWMYM,4.162544
AFD2MJZTOT57DPG42CDZ6J3ZW3XA,B0B4SGJRHR,4.6275268
AGFUJJJTJMQXQT2PGDBAJE6DIPQA,B09857JRP2,4.663723
AEFTOJ4ZJ77AZONVSHEJENIC2JUQ,B0BJYS4BQT,4.2643733
AG6Q7E7GGX643JLMRMPISRS4ZGOA,B005H2007E,3.6589227
AGP2NR66453AJZJAYKZGSMONZ4KQ,B0853X3VDC,4.508815
AENJN3SAZXVRKSYKW57MJLXAUI6A,B0179A4ILK,4.047998
AEZFHZS4BLIBM2BZVUWZ3PO4VFXQ,B0007L8BQW,3.4249518
AFXOJVXLBLYD2KJCO2MV3TVEPEOA,B0723B2GNR,5.0
AHLQP6LTDDC5HOP5TELA473KFRDQ,B01C6YZFY8,4.6760807
AGNJGGJ7ZVWUJ2CPLO2FCI6UKTFA,B0BQYH4Y5L,4.2034073
AGZXSZ3JSHVOVFSVIPJN2AZXAKDA,B0B4SGJRHR,4.6784573
AF6PBG7LLN5RCHTOHZ7XQSU6JKYQ,B00WJ3GS16,4.0986476
AF7TNRCWEV4U5PMRMSMUOULNQWFQ,B01GKX638S,4.158024
AHVMNUYCMLPJIGPR7BKLLJLX57PQ,B00IFOTSJW,4.590712
AHC2TT2NQZJDTZG56UF3GGLO3WCQ,B08PZ5FQ3H,4.4239655
AF746O6B6UNT4OC4TS7CL3Z7TAFQ,B0002E3D9Y,4.2751665
AF7UCCPZPJPW76PNE2ICQPJUQEYQ,B01JM0WCYA,4.5607805
AG7SOAQOQ46YSE3DL24EILYE4XWA,B071ZQK57R,4.3968487
AHJPWPHCWZ5MX2UY6CNGJUNBWP3A,B0B8YX1H2H,4.2789736
AEIORS6YPYMQBLYQVTB6OLRC45UA,B01DK40R3M,4.707432
AGP6DVMFOPJAIJ2AU473OUN53ZGQ,B004X7OIRC,4.2849116
AGEHREYYWFDH6O3NOOJSPWC4JSXA,B0002ORP8O,3.865372
AF62V5OQ5N6AXFIPEC5OW3BITFCQ,B00WQI2TM6,4.5031204
AGQGQNKQEUZLXVMAD37CUFLLGMMA,B0BKB22QPB,4.526681
AFH7JZJO6B5MCIS5RII5J7JG5QOQ,B0018T62KE,3.3372312
AHZER36Y6IL7USHGBCELVMN56VOQ,B07MLM8TGT,4.167862
AFOAF2ZM5JEUC4HEXDCSQVRN4VBA,B0BK6MQF3Z,4.2083626
AGXCLEGTACWVEW5H6T4S3Q54Q7DA,B0745KXRSL,4.4140215
AHJMSTODUTOUDOTDQUB3W3UUL6MQ,B0BSR996X8,5.0
AFHEYIB5M5MYLROKZ5IEMZSJDD2A,B097JDV3FW,4.8753076
AE5GU6FB5WPUSX37JGGNXLS5MNLQ,B0179A4ILK,4.8354454
AH4AIWIVLN43SGJGK45W4FCJB5GQ,B01MF9H516,4.6555376
AHBZTWSVWOVGZACP3DOO4IVRVBLQ,B0BFVMLVWB,4.6479826
AG7D7FLX2VNKHIEPOEAYLPKEPRDQ,B0C67HCGBR,4.97185
AFUAJBFLBR2QNLGZJHPH4NXW6TTA,B07WTBV69J,4.6553483
AHR2T6WRBZHZQDINIP4FEKFMJLGA,B08R5GM6YB,4.7904296
AE5MM5FGVZCIPU5325CBSL6BL76A,B074QKLW4N,4.7883077
AFEJOKVEBOJR2MZEDPCEMXEV5C5A,B013RX1IJI,4.6832047
AE6DSAVSFEUJXG6Y6OXSNBF2GR2A,B003YJQX1O,4.6225452
AFUVULLBBA42PQXUQ3OIHUJULV4A,B0BSGM6CQ9,4.5752416
AF6KNY5JSYLUFJB4LCANTACTXPFA,B09Z68J6P8,4.5994487
AHGC4VVFAHJ2CYX2C4HYRZCRJGCQ,B0179C3V7K,4.9283123
AG2BUODRLIQFESF7NG5QHFDK2KEQ,B004HNZZCY,4.4956474
AGS3RJXAVACT2S5EKGAFSWADHY7Q,B07WWK46Q9,4.0370646
AGN7PZXO4DA4KUC3RLI4SUSYXELQ,B0BSC983V7,3.8965964
AFN3OV2D5SKJPE2XHIENADGPW7YA,B0BK5CXZBT,4.581578
AGTN3NRGMYAX236N4FCZV3G5A5HA,B07V2JKL3M,4.6026483
AGIBAXUNJ4PSY34SL5OCL5GQLUDQ,B000CCN152,4.463558
AFQGYW6TLQ7IOG475GG6WDXHPY5Q,B095XCZXNQ,4.252091
AFMZRMZM6IRXS2JNBEZ5AYQMPDJA,B0002D0LCM,4.607364
AFWH2ZHBRF7EKVOCO5QLDI6XWNXA,B0BQ4HSKC9,4.700466
AEOZYGYVOZH56BYIKIHSZ5VLO27A,B01M9D2C5L,4.734647
AEOJHU6GSSVCEZAM6FEODEONVFOQ,B0006676A0,4.075006
AHOLXWCFOWHLDA64LCMFGD4J4PDQ,B01MCUYAZ1,4.906053
AFZUAJ5PMJGGOVOTKPVCIMQLO4KQ,B00P0HIZXM,4.3761897
AGYHFN4XDNHUITNETIXMII65Y7CQ,B0C5NX9VCH,4.56384
AEQJ4C6IRPWITBGZ3PVJJB6DLW3Q,B0BSR996X8,4.930608
AETZB7U7X35AY44OUKBASKP6TDYA,B000BYPJ1U,4.472044
AFSJBRLZNDADGSXJ7QFLIQVU576A,B0BCK6L7S5,4.3951254
AHV7MPSPXX63ECNBQ3XQ4QHUOHFA,B012VQ5A7S,4.6876397
AFKFJDNRMX5RUG6DLAY7362NOA7Q,B004XDQFJ0,4.3178267
AFFN67NKO4FPXSPUZYCOTZWVRWLA,B01DPCONFM,4.612215
AHPKNOIDJLQBTSKV6OYC6TGDPGMQ,B0BYXVCSGG,4.0448885
AE3KYIL2STVS4RZEBPXGPIJWVIZQ,B09KR857F4,4.491063
AHO7ZCW3BZ3GJQXQ74M6LGJNO7VA,B019NY2PKG,4.542765
AHG32NYWESLOGB6OYVPRTO5BJMKQ,B06X1C3GWZ,4.0921946
AGNJ65DORLK5QTA3DVYWNSSUQ4XA,B06XF6NF5Y,4.7159014
AHJUKDLBKDLRZWZ2OFNOSAYOCTZA,B00282WZG0,3.5246139
AGDUZDJQUH2MA6Q6RBVBVV7FIAIA,B083ZWDTXW,3.6616602
AE47BLFQQB354YHT25DB5AK5CYBA,B07B9W2XFS,4.105148
AH6NZEBZS5W7DZHLITK6B5KBHQOQ,B0C6HZHZJJ,4.4284554
AHJPWPHCWZ5MX2UY6CNGJUNBWP3A,B076JH5YJK,4.082089
AG6CAX2ARLBEGBRWNL2BPPOOPHLA,B08RYV2ZJP,3.2386959
AGWKQRZOH2KLRB3W72ZFRMOTZRXQ,B0928HW2P4,4.7299685
AFUS6JTLJZK3Q62HGDKY2MUAVPHA,B07QCQ55YM,4.791694
AHICPR4QVQ5FMDFSESYDMTT3BDZQ,B0BR2VHR6T,4.405006
AFER5T4ZS5YH5EKB7LNOGN45ER2Q,B08P34KV3X,4.1921873
AHV2XUY4DXHZD7RKGPWFEU74NBNQ,B0B7C7PYVC,4.7033486
AHV7LCY27PDOW6O6ALGAAK3YW7OQ,B0BPKH4HB2,4.2296634
AFHIS6C62UGA2SKV3M37TVTMEEJQ,B005NACC6M,3.954626
AFWNIPDL72FP2UXKRYXN673BN7HA,B096K4CPC7,4.7181897
AFWB3VZAKJWI4UMADRMOKAQ5LNUA,B07JGCQYN8,4.384303
AED4QB2WMSEKWT5RXAVNI6YHOWUA,B0BWPTCWM7,4.288626
AGXQG72Y6EIMUAUYDEY7IGJUQPMQ,B0B8FSCM9L,4.888579
AHFI6EVQKDDMROI4RSVPWF2Y6ADQ,B0C3J448FC,4.1525903
AFCLOTB3P3EXMIQAKAZIP3KGAYQQ,B001OAGQ80,4.327201
AHVI7QLSKPBIW75FEW2HYEVT6YEQ,B07QL29XXZ,4.6479526
AHK4KM746PZ75TTKIXKIGK5MZWPA,B01K9AMG8E,4.383558
AEWMRA77SLIB4SBUM3KEETKZDQTA,B077XXXZDY,4.4227552
AEJLDE2NMFTUMKBOMFJSS7O5SKVA,B07NP7HF7X,4.091014
AETB62XZJ5WVKESTF7USQPQWW7KQ,B076F5W8Q5,4.0234027
AFO6RUIVRV4PUYTGNAGY4NLYYYJQ,B0763ZF7FZ,3.6404538
AEZDB22RA2Q6IVC7KQHPZQK2MHDQ,B0713R6CY5,4.859748
AGAM4YMLO2I3H573MRATCQBVH64A,B002NG7DEK,4.049569
AEBBQOWNSQ63MFMGO4TTXL3SVOXA,B0B56Z5G3V,3.8162382
AER2QRZUIRFMMQHUKONI6X2CASSA,B00008W2LW,4.9255657
AHRPH3DCPDNWEDZJAP7L4UJ6USOQ,B07C4HLT8X,4.3125505
AFDVTLUWYDVFN6YZ372K4B3HKSDA,B015HG7F3Q,4.292256
AFJBVD32IH6ZX5BNLILRZIPUJZZA,B08R5GM6YB,4.5823455
AFZ3C46427HBPAJPNFHWADDIBGXA,B0BKZ5N3PC,4.1794615
AHJTAHSOTD635R6J2KKZG6WVR3BQ,B08NVVLB16,4.7909403
AGHPBBUCMU72JNN57OKEFJ472UUA,B0777214NC,5.0
AHU7SOTUAYWHKXXEFAB4IPX6LJEA,B0C6H9T5T6,4.514059
AEWWKKSI3XGONPAWUPUVPXAACNHQ,B015WUVA5G,4.7685275
AFAECBWSG2ANSNDXNRJVIEEYJ2CQ,B09V91H5XM,4.53964
AFXVOM24JL7OMMEJEY7HEA7DYH3A,B08LRLRRKM,4.233831
AGSQ22VXCACZVWJ4XXFTNVMEBQYQ,B07D1WM2G6,4.5071487
AH3ING3LIZEANVWVY3QBYYB6EMSA,B09M7P8SBH,4.669606
AEQHY2FHST4SMN26QCWYA5VEWOPA,B00WJ3GS16,4.2879367
AG5A36LEGWKOSS6FKTBMH5QM6PHA,B09HCRTKL4,4.4767294
AFGQTSA5VSAM326LO6ZKAIWIFK5A,B01DE4D4LU,4.580324
AHPNDZ62QLYS6OQRQ7UGZ4P36QQA,B0BBRMGRTS,4.371316
AFEYB24M4HNZQQHWPJYMJ22PLNYA,B00WHLLDWO,4.522011
AHRQPFLXCGZAB57SGBOJA5JLOEKA,B08KHSBL34,3.669448
AHMIJ4JOTBVZX7ERWMM72CRSEQZA,B00BNVHCYM,4.8242207
AFJ6BNKTPZQXGEOAIOMMCSESJS2A,B09857JRP2,5.0
AFLUYFO2OX32ABMQAGQZDRCFT4BA,B00557KN28,4.395612
AFCTA7ADJVBKAOXVHUHMRZEEEE4Q,B07226MCY6,4.2166386
AHTNHU6RK7ECI3WRIT4KORNYQPOQ,B08BHXRGML,4.6836443
AHQO2Q2Z66EGYUYBELDADP4L2XEQ,B0BZKBPRVM,4.488989
AESJNJSZZ7STVVZE46RTE2OFYISQ,B01LWWYCRN,4.7170916
AF6LC3PL7ATCSC6VQ2SX4PS2JNTA,B08RS1NGLM,4.619939
AHRP6TT5VE2NFIKXCBU24SD4PRGQ,B010GPFRUQ,3.8548505
AG7SIPR7YPAEQ6WNUUMD7M2YUEXA,B09857JRP2,4.5974426
AEPT6TMOHTPA6V644QQVM5G3PJBQ,B082WVKSNG,5.0
AFFHJNYPY6JKYNB3UHWETGBAHFUA,B0B41JFP9C,4.210782
AFLZHVQKCWSLQM5I2Q2UZFHDRSBQ,B0B7Z4Z88L,4.198187
AFKP7GPURJA6SIE2IQAPMQVFZYWA,B0BXT41XC6,4.971485
AGC7JARZMJSMJFFKT7LQXZ6QFZ2Q,B0C2X15CPH,4.466857
AFTQL5KFH752LH35SF5UALIXNSXQ,B09PWCF6T9,4.7124734
AFK5JSKYDDZ5I7EZGR67F7ZW64VA,B003IJ3WIW,3.3056898
AFZHQXVBWWHO3F5JF2CEUCABVAHA,B00CPLODUU,4.696311
AHO5LUPMSZT2ISIN24MT3W37CYHQ,B0009FUUOC,4.113824
AH2F6A7VS6CDBSJA24NWYKBEWPOA,B0B9T61HDX,4.8769093
AE5OSZOY7GGHPWRN5V66YTEY5FMA,B0006LXW80,4.1691475
AEC6SU2J4YKKWPYWR23LZX6MARNQ,B0023BYDHK,4.068214
AEZC3BZA4JBY4JC2EYAX36FLTMZQ,B00MCBVY2S,5.0
AH2J57YBS2WIYAEGFZGJZ7XYB7GA,B07BQ8JQZ4,4.2425394
AHPG3HA4SKQBIGAPE64RAQ7XQQYQ,B0776RBZF1,4.4922743
AHZKE7W7FCLQLRXILNZZBNW2SBSQ,B0B8P1YW7L,4.6237698
AEF57CDFWDBRC4QJ3RPLBAHB2JGA,B01DK40R3M,4.5961413
AEJD6FDFMB7DIJQER7XLWZFDNMXQ,B0BLP3WRKX,4.57892
AG5XY2G6FGRKC5B46QB7DJVWBK4Q,B07KJ3TD6W,3.9117932
AHLCWSDDDARN63GR24EPLCPAO6NA,B07CYRYQ8G,4.2881765
AGMQD2OLQTMWCPA23Q4WE6TTSKVQ,B00F20MIC6,4.10004
AFALDYQX7GLWJOTNR2IEZ7EUFCBA,B01BNTYSKO,4.3349953
AGHZISWZBPUB2LLPQLT34LBJQWBA,B07Y6TSTS2,4.5539045
AE7HSNODYHJTFA44QPRBOTYATBJA,B0B3VDFKB3,3.9962769
AHBV7TH4Z3WRRKXUIDAOPVUBIR4Q,B00IPHISW2,4.674258
AEZG4SHN6EDH7X2I4NPMCSN7MN7Q,B003GEBGA0,4.1649017
AG56XLFPO5ANKABQHXMGQB2DACMQ,B0C67HCGBR,4.83971
AGMT3DM7RJH3CDMI2LSTWGOF7KNA,B004XNK7AI,4.3910046
AG34YJOTCJWCEA6XGG3NWWHDSQIQ,B074QGK1F5,3.9144182
AHFVDOBDHD55X4YG64AXNIVLJAJA,B09VBWXMBC,4.5568137
AEGMDORZJ7HGMQNUKQVFCLHXIE2A,B017NT392Q,4.0085597
AHT5LYU53R5RY6DIEZYSG27SJ3PQ,B07DSY3GGH,4.4375644
AFKMX6JZ655VPVYHBTATZQS4IBOQ,B0B3CYX8N9,4.5361204
AHYCLVA25UCDXZWWVHAD3JWBA52Q,B00VK4YXF8,3.7184746
AECTWJ6K5LCAIIW6HQW5YJRKGMSA,B08SB7FY7P,4.4735436
AEHBB2XPFWP2KFLNNWJGV5QZFOHA,B09616T2BL,4.4601884
AH5ORMMLXAON6NCWWCAZTZZVZRGQ,B079G694KL,4.6590104
AEHMXLUUSBFY74Y4VH6O2SNPSXVA,B0BK9Y7NCC,4.5239377
AGX5IZ5OO65C7AHLP67KZAZ3F6GA,B00UZY2YQE,3.6131647
AHF6DQZL6IPVSACVH44QPVXOPZAA,B095XCZXNQ,4.528676
AE4PRPPY6FJU4EUMDIVESE4SFYCA,B0BK9YKQFR,3.010741
AGILX5KKY2LVWR72IKBQRYAIJCRA,B07DDJ8N3M,4.3434696
AGPXR7X4MR7MLO5ZZ4TTT3ER4BXQ,B09GVP7N5Y,4.5095243
AFGDL6B7XAOXCKQCPE3VIKORLA7A,B00IXPXEN4,4.9767876
AGIGTISGZA4LRJ34FG3FZSLXFS3Q,B0B59363YK,5.0
AFSJBRLZNDADGSXJ7QFLIQVU576A,B007VOGU8O,4.127055
AEZVMCJMXA4ZJWUTFHQCLZIQO3LA,B00F3D9ZQE,3.2569528
AG3XMZGR2PAJAAHNRN3QZJUMHEXA,B00N4ZHQ14,4.724835
AG7SZ44BL2TGI5OGPXTHWYRXMIOA,B07X7HW32M,4.734033
AF62FR3Y4HMPLGE3OTB3GMDKRW7A,B079GW2PNY,4.3426366
AGK53XQORMWLVMAMB6WLQFTQDJSA,B00RVE9X06,4.824339
AEYVYMQW7JWQWYLWLCI7ZXFCLIIA,B09857JRP2,4.9500012
AFPIRSAROIQJGPSBTYYFZ6LCFSDQ,B000EEHP78,3.9879642
AELGLFMUZF6XHXTBNOCRFOWP6DIQ,B01LZBHHC2,4.2207856
AE7EVXVTRZV7QON23BTOMC7L7W3A,B000RNB720,4.824492
AEO4O2TQI2LKLRC47RZZRPVUEXLQ,B00378GEAM,4.2899413
AGHY2ZA2YQFVD2NG6OROP3AAIYAA,B01AMQYS3Q,4.148738
AGHTHSP5N2CZB2SMRT7JXTTNIDRA,B00YJ5C46K,4.700194
AGFUJJJTJMQXQT2PGDBAJE6DIPQA,B0CBSSQ6RC,4.626228
AHBMTFEMUPPC7CM2Y5BZM4WQFUHA,B005FIFM14,5.0
AGDZBOHI5WXKABQJS4HMIEDWAVHQ,B07YYZY148,4.179164
AFJJYEJZACV5G2MCS3RBGDJ4AC2Q,B07R3S93K8,4.7165146
AF76RS5R5QLSFXIOOD2SLCHYB4DQ,B0002E1UEO,4.813758
AG6XTTBGDOTVNHT22X76U27Y34VQ,B08KRFGST9,4.5577593
AFYSLU4BTTUCFRDL7GSN64Y2XOKA,B00006I51S,3.707622
AEHDYSX54B3NYUIIEIHEGHIGJNMQ,B00ZTRVA80,4.6326056
AEV4B2IL77KB6DZHMSAWCXYBJDKQ,B0BN8QN32K,4.6153116
AGBR6PZW32IC3DKHJRFUOOOFLINA,B01K1EJQ9U,3.9951944
AGZPN4A5HMCS3LSMETBT5IOSVQQA,B07FL9G2J2,4.634657
AHVJ7UVESCIEXJDPRIYMIIBQEM6A,B01K1EJQ9U,4.6855164
AH4ELMHTLOKAN7TQWQY4C55HWCKQ,B0BFKQ9QXD,4.550696
AGDHWM2D3GOHKSVBRYUD7VLPTTOQ,B0CBK1WSMR,3.8998523
AEJD6FDFMB7DIJQER7XLWZFDNMXQ,B00WUMGDZC,4.1459265
AG6BIRUHFL3WJNN2ZEBGGVPMSRTQ,B088WMVDZB,4.257536
AHPJUTQ3YBWZYP3HHH5EN6ZKHQQA,B00FBRUSAE,4.590396
AGW7ZRW7XXPS36TJIALXQ32TCM4A,B000RNB720,4.844253
AHLT5ZI2KDKZPDKOHWZNHNQMDFYA,B08M5GP4R4,4.0247445
AEYVPPWR4CIKWX4BGYKCBCDL2CZQ,B07DWM2XSS,3.9403398
AHEILSHIJWNRC55HWDWLFHGGBXGA,B07L5B64RG,4.0473905
AHGNZ5ROTYE6R5MXH4MW2MAXMFWQ,B07X624YB5,4.997869
AFMMJAAETXOAM3FMIQHUXVX3ZWHA,B0BHSG5C3G,4.8424754
AGZ3EEUWPVVLQX5LMBBYHNKNBSNQ,B0BR2VNH4X,4.870004
AF6D54BW67RAYIS57D56S4WBEQZQ,B00LTDOL02,4.159063
AF33OYOQ5AYCFNGO366EGRKJQ46A,B0BHSG5C3G,4.291577
AHSSHPP7VQRWVDRV2SX3DGX5MELA,B019NY2PKG,4.3466935
AG5L3GD7NG2YX7SU6PPFZ6QRTVPA,B0817CVBLV,5.0
AFQZL7EVDH43BBKNITQYGGDMWEYQ,B003VYBD58,4.223398
AF7IW7GVLVT5TDXUX62HTHR2VCFQ,B0080HYFTM,4.6392074
AGSQKU4Q2KI6P3UWL4W54U7JTCOQ,B0753PSL2D,4.499771
AGMHEZ7SN2RNVJCMIHIRRSKLQ2AA,B00BVH7C66,4.3746576
AHNUJ3HAVDKMXMIARLFQJS62VKTQ,B00CPLODUU,4.6842704
AGGR6BAOXEUYRBR37SXH3OS73V4Q,B004GTED7C,4.413595
AEOGM6IKVQXQUUMQSLR2DCLDFFUA,B0B14LN9H9,4.245244
AEAX2B23TVTFR32NCTVKUVXTRH3Q,B0085545YO,4.6248026
AEQP2AGR3VBXEL62GSEHN77AI5FQ,B012VQ5A7S,4.61005
AFWQ5JUXYJJQDJNYLVVOQDDW2C7A,B07BSQ44T2,4.412574
AEZL252UNZT5P6JOVHEI5YUQQZWA,B00F9SWK9M,4.3587556
AGWD6ZH66GXJDVRNQEGY77HOYEJQ,B09JJ784V5,4.580874
AHOLXWCFOWHLDA64LCMFGD4J4PDQ,B093YKR8NH,4.558592
AEQKSNITTVTBWAO4DF2QX4AEEGFQ,B08JMQR2JK,4.5736537
AERJUD4NREPMW7VM26CSV32KJZJQ,B00VOQQDHI,4.7299147
AGH6SW7MNE4SSGACMJTHYLIKLIFA,B00AHEW7W8,4.196238
AEDGH4ZJ4WGGFP2OACMNEFL6XK7A,B07MTS57P4,4.5232515
AHK627Y42PZ5QCH3KLFPDILDERAQ,B01LVXOO61,4.5884976
AELQZABAMLATSSMW2HZ7UVHP4NUQ,B09X2WHS7H,4.948796
AGKTPA4K3NKKVKX3RHSW7ZBLZEXA,B07MMJX9T7,4.587057
AG3P3IEYHP4X3XSJF2O5POYE3JOA,B0BR2PXCBW,4.5249705
AGNTBJ7AAPSMV3O5F7THNJRKGM4A,B0C5LYJXLR,4.3715787
AHWPWNFLXL7W4KGXBI7CLXNK7REQ,B0BSGM6CQ9,4.741856
AENNPX2DQMPLJ3MXV55ICO2JVFEQ,B0BT84L827,5.0
AHJTJWGYGHVERCNQ6D74ARPC3QUA,B072WPD8MY,4.9073853
AGSATHGY2JEFLGFJCRVLS7P2ZAZQ,B0BG3QZCJN,4.4851007
AHREJSWTG7ZCOIR5UQGH64VFN7LA,B0B7Z4Z88L,4.574987
AFNTZARWHIT27SDRJ6W7K5L6PJHQ,B01MXOLC2U,4.284932
AGP2NR66453AJZJAYKZGSMONZ4KQ,B08R5GM6YB,4.182559
AH3HK4DWLRUQGGMDARSGQUCFH5SQ,B093YGS1F1,4.2284245
AGQRZRABGRFROFNJTQZMDDCTYEGA,B00P0HNZIM,5.0
AEHDGDGGA3LRDSWZFJMT3WMH44YA,B00KBMLAV0,4.688794
AEHKE5RUMRAGDMP46FET5XXO764Q,B0B7C7PYVC,4.5746684
AEALTR3WRLHHAJKW2AHUSVXM4HBQ,B0876XPKF2,4.786619
AE2UV6XH56H44OZBF3FY3IBS37TA,B0BRSK33BC,4.893106
AGJMEVYSO7X5NK2AJQE3EJ4WXA5Q,B00JL5I61A,4.7219415
AHHJ6TAJ2A5C2ERCASYIVDZ2MPLQ,B07DLWYV8D,4.617821
AF7IKYKBWRTMMRKSY6EX6XUVROSQ,B00X8MTF8A,4.877924
AEIDDQKJTJKBLHHGL2PLHQJ3MBFA,B00CPLODUU,4.592936
AEH3ZU2NCEOSSG5U6A7E2IUAXTSA,B001ELVCDS,3.2645402
AFNNEAHKPJUUZYP7P4OQLYZRNBGA,B00N5THDR6,3.9814477
AF4VYLI2QY2N7S65KZHMIET7OGOQ,B0BZ5QTMKT,3.7054794
AHLFJCO3SENFEDTOXOS5VC3GKSXA,B072B9LFT6,3.9512851
AEUXDHRV2CR5QPISL7NDDA53633Q,B0BKZ3CWFB,4.7090244
AFNG6UYRKINSI3XFGEQQCUEM4TIQ,B07DLVDV7P,4.6166816
AFFEU3PAMNMMVAU4GIR5C6ZTWEUA,B098HKC55W,4.2560024
AFROGD4V43PJTAAXM7VM65I7MSNQ,B07CYRYQ8G,4.7220874
AG55KFZWEFWIAKRCFI26DSGFWWIA,B01N7H2MC9,4.402012
AGP4UN72BALWFNKE3HRVAD4QJPHA,B08D3FJ89Z,4.5555606
AE6R5VSHXSCOZJBEJY7BCRM7A6OQ,B00USQY0CK,4.7984033
AG6FEJBYZG6XENCU4HMJDCA6JDEQ,B01KZ2FNC2,4.77041
AHCMBNTJJSO5GFOY237MCSUWF6EA,B0938Z4GL9,5.0
AE4JPPM4YPZ4EONHBXME6VWPVS2Q,B09B23G7CV,4.546384
AH6SYHVVXBIGMJ64CYW5WAMWBN4Q,B00CRQWMYM,4.740622
AFBHHG3G72P27CDV2NYZZNOPY3FA,B0002II7H8,4.873293
AG54UZUGNVHJ6PMWR2UNOLT6JBUA,B079P9LDHN,4.4661036
AEM3GBSGBAZAIXMLJPZWLTGZLKUQ,B09RJZSQML,4.4882245
AHIPKIT25JKKXMUL332SVAWYAKBA,B000RVWY42,4.6787257
AEWVY5ZRJMTOERFYDSSK7DLIHB4Q,B00LIW74US,4.1392994
AHWDSJPG6MXWPQ7QHW6ULI2TON5Q,B07T2JQQWL,4.063011
AGOLHEMWGJZDPJH5VEDE4BAX2Q5Q,B082NLXYBL,4.9976096
AF727T5FSA22URRDLEXAXCN3WANA,B0002OOMWQ,4.525689
AFAENYGNEYSKTWHB4TJS4LOWEOEA,B0B2LSX437,4.794493
AH2KNTQFU4DWMQIMTDLFSMRQHRYA,B0919HG8S7,4.227575
AGNPLC45E6ZHOAPYIFBXMWN7D4WQ,B00NKD1PUI,4.69769
AGYTZHAQIH35F5453PC7TJPJANTQ,B088FKR9DL,4.8970823
AENIOTT3B3SCW5FULPGUQVXIQNTA,B0006IQNES,4.281897
AHQ542HBGYLNPQF4RI6RO6QOURUQ,B01LQWRGQG,4.895228
AEMISRDYQCHSNOXKV6TQ67X2TIOA,B07D4SR8GZ,4.3906713
AGH6OS2UAGJBXXQTRSAFZMYNZQBA,B0741SXP2K,4.93256
AGG27DPSZPNB4PJCYVJQAHYAFUUQ,B07DWVGJFJ,3.9457335
AFRXHIJEZEIJ2RR27QFNY5ZUXUZA,B00JER27MO,4.40828
AEFMUJVOH4TJSOXWZS2TEJXEGMKA,B0002GH8X4,4.637642
AH4SBH5P2GRF3ATR6ZFDDWJVOAUQ,B07MZVLGK2,4.2283072
AHAVMJ7OKLRLFKHUSZEZQHPQCHWQ,B0064RGVH4,4.681543
AG6DCMMH6QAKQBX5R32MBRHYPEUA,B073PXWMJ5,4.5249753
AF3TDYWL7K5SP5QCBPPUDK5U3N3Q,B07MBRKNJY,4.74036
AHDSPCS2KLFJZYAWCB33VTXCBUWQ,B00ADHKKZK,4.5396667
AGJGLCZKE5735HGK27G2B7QZB5UA,B07N5J7CVC,4.6080847
AHZCAF6J3GPLENOR4J3QDYROIORQ,B07593G916,4.2065225
AHJSTQD24P73OAMTTNU3PSKTIVFQ,B07MFYHKLH,4.7164235
AH62HWTT7MJCJM7V2B5LS2VTQBRQ,B00BSUHNWY,4.4414625
AENFQD5EQBOPKB6TB7AOAD5QQCOA,B07ZW1GBVT,3.9249716
AESSUWJ57ZQ6VRMWJYR53UJT2H6A,B001CWWNPK,4.8717985
AFUH5PW5JCRI3ZK5T7YOVH2L2PJQ,B094DT5HKF,4.9171133
AFC47CMQFYQHAJCVJDTX66O5UMXQ,B00I9FL3OA,4.2730727
AGVXCUZHUPKIIGZ4E6A65YW2VQ5A,B01ID5PSQE,3.611831
AECYVZ2FQMWVZ2OCKJH4DD3MKRSQ,B0BPLFP5P6,3.7996564
AHDJXLYTHRFPB4SM2MPEPKKFZXTA,B0150ZL6ZC,3.9534705
AH2KNTQFU4DWMQIMTDLFSMRQHRYA,B004L66AM6,4.423574
AHUUUJHGOH3CGI2ZIESN73P236DA,B002PAY3WY,3.9685924
AFM6772ZVF5RAG2G6FNSDPTPPA6A,B00724ZD40,4.175618
AGYIZFZNV2I7BED4TZPYYES2WSVQ,B0C5LYJXLR,4.3333564
AEDZCUIOKFTDVAQVJHQ5P2TU764Q,B09NYGRGZG,4.727738
AEVK2LOLAR5L6ASVKZ5JCIZFUFEA,B00UN8PH4I,4.5773726
AE6F6FUF2XLO7544DKKS3PJQCSPA,B09R3KNKKG,4.2968345
AEPSSRGHHNMBSJ7ZAU4YQFX6HTTA,B08B9H12NJ,4.8030734
AEN3VO4XP37YOHDZPO7LBPDMZV7A,B00NS76420,4.7974634
AGXFCJEB7DMPI4TWBCCG5SRU4NHQ,B075YF8VTV,3.6550322
AHTRLPO6Q7FNLBNB5SQSDPLC6I3A,B00LOAASPC,4.855046
AFJKBA2YPHYNG6RCLWEHU7SPHP3A,B0B7C7PYVC,4.3566585
AGACR42ZBWUG3LEZXWPINXEI632A,B0C3LH1GK8,4.5476885
AH6PPA7VXXYIJGZQTWTNJKWNT7HA,B08CSQNMN5,4.5899644
AEDJWFGRV2TQQ4MBPEW2HWXBIJQQ,B09LS8JNPL,4.1413107
AEZJ4NN57GXPSGHZSRLJQBI7VIEA,B01K9COJZK,4.7084103
AHGTJA2GQU4VEMRCUSHCWG6KBVRQ,B07KDSZ2TJ,4.9654565
AHPVEYNYRWIWUR6ALVV6SXWJHTPA,B0BG4BZC5L,4.516402
AFUXMV3TZHUGSHBTAVORFUPWPCMQ,B08PMZQXN3,4.729653
AFBIB5XMB27ZIUM3YDTESOKSLLQA,B0002D0CEO,4.4149394
AEL3H73S6LPVYZMX4XNIJKLAN5LQ,B09WF82F1V,4.2285814
AHXPXPEVFEHR4IDBFODOUJ655RCQ,B08H7VTXWK,4.9918127
AF4VAHTAJUP5UY6BOZG623H7KOEA,B005N2RGJ8,3.9370008
AHTLRQ7HCERAHBTOD4QGJ4CE6WUA,B086543FTN,4.2943254
AE57MRF2R2ALCC6H5WQLFKT7KSSA,B01MDTKJL6,4.8576193
AHVHBTIWRGYVFBVNVV7SSK2W2RYA,B07KJCRYN8,4.2944193
AHAQCRGX5LDTNECMI7QBBDW2PNPA,B0BMLK658H,3.7198079
AFCX4S7V3JE5PYVC35ODD2QFQDMQ,B0107BCV1M,4.7662125
AF3MFUM3LYI3NJ6CIDOP55YQUFTQ,B0BCXKFMKD,4.1190763
AFXJQJSOXXAJPJZWDUOFGVMMODDA,B01N4OMRVG,4.037523
AEH3PVS3ATD4V36TYF4TQWHSQYBQ,B0B8LK7MTH,4.5864744
AEJCALFWLC5EMGDUDBO56UBJM5KQ,B00LA10IUU,3.9017758
AHO5IPKZNXFFG2LYSCTINORZG7EQ,B0BX8HZ5RH,4.218376
AFUW5HBGLM3ZZIBCPECGAZJM7TZA,B0B863M78X,4.349851
AGOE4EACWAS5GX6JQJA64IL2GOJQ,B09WN62986,4.106591
AEGXBV24JARO5YODOIXVJHUSAMLA,B00FFVKM2U,4.5437684
AHFI6EVQKDDMROI4RSVPWF2Y6ADQ,B07CBNBTDX,4.1950917
AE7MQDANIJHUB4ZJAEAS4VW5H2BQ,B09PRKZ6FN,4.889541
AENI7OCA44OPD5AYJKLT4GGVJ42Q,B00HZZ60T8,4.5080233
AGGBMOAWS3H67EXZE3HLYZELWTHA,B0035FZMYG,4.2969985
AFVESKR5OLU4YPHQ7IOZEX4NMTZA,B09Y1X5BSC,5.0
AFO24CAUCZQKEVDR6FMRJHOLEE5A,B0BPLFP5P6,4.341425
AGY53AAWLQK5O77H2YKXCURQHNTQ,B01AKRA4PS,4.6271806
AHCJBJK676NVLJIT2ZVJGTUHYFUA,B07B9W25ZK,4.3607173
AFSZFCI46YYKGFOLMIC2HVK3GEBA,B0007ZCHKE,4.6797194
AH6HRKTAVOLZCRLMSUZZXGG433XQ,B01LF4CK16,4.852746
AFOLVUCMQX2AWNFNL2MXNJREMRTQ,B00CGFRJ2Y,4.524725
AEUXBWFT5BBSRCEMCENVYKF6FBJA,B08DM9NFLH,4.858612
AHUPJSMPURGM4QXXHW7VZLHZHITQ,B01N5KND14,4.044033
AGN77Y4XMITXHDOOVYTIS5ARTU2Q,B07N1RPV4J,4.3317566
AHVGICSVXM66E4SXX23PH7R3Q74Q,B076BMTW9P,4.5545974
AGNCRXC7PNYQJW335W7D4KFZMGHA,B09M7F7LFB,4.8164682
AEPECTTZL5ZGQFXORB7SEIZPI2VA,B01LF4D8M6,4.543807
AHYLUUYP3BCGFDZI3WDZCTBJOTGQ,B0B7J6G482,4.450719
AEPHL5DLBHV6ODQFGHNFGTF4ICRQ,B0B962GTW6,4.3603497
AHUXXNY2JWBI6E5TXSK6TABTFZFA,B003Y569DA,3.6283548
AG3ONVHLOS2J6G74JMYOUZUCO3HQ,B09RJZSQML,4.852033
AFJOM3QSBWP235SSF2LLJILM7IYQ,B08LRFCDTK,5.0
AGPA33SKOCJTWTGFFT57MKFWHOJQ,B001FSZR4U,4.403708
AEUCUEBGAFLLTG6WQAJ5ZLEAPP4A,B00ZA3FXEU,4.5981016
AFAECBWSG2ANSNDXNRJVIEEYJ2CQ,B078KTV8L4,4.408657
AGSEJS735DIWWMUNQZ5U5SBVBFRQ,B0BXX1RRNT,5.0
AGSS2AHFN2Q453OGXRQCWBAWMFSA,B06VWY2VGQ,4.8466506
AHCDQKCODVZFMU37AXNWP4ZO5DWA,B01N5QPY11,4.6041913
AF7Y5TEAHQVUWVVRC546CEUAEV3A,B079TLFL33,4.3548703
AGCLZ35MK2SSUC45HURQPQSA3H4Q,B0928FMP3T,4.200177
AHIPYFGEXWYKTWY4AQRE64CYHYJA,B07ND5PQTP,4.566244
AHH3LW4BOPFAI6XNV72G5X4V37GQ,B00MB5F33Q,3.403032
AF5KJIMQXNEY7M5U5YM43QPCO4PA,B07CBT4SYD,5.0
AHFJ7EQIZZ63YU7QCPV2G3YRUXVQ,B003AQ1X7A,4.303724
AHZDPIFULOIQLQQL2OCN75SJ6DDA,B075FW24C5,4.527015
AFF337BUMTSPVALCH5ANDUFQBMOA,B0919BN3QJ,4.5769253
AHYZYJHCUREP7YXJBMOKBX3XGGXA,B09XT7G5D9,4.305124
AHSHT3LCIEZ4A7BANW7CH4VZZ7IA,B000M23OQ8,4.5165567
AENNORCDOTT2KFT5WUIK7PJ2EXOA,B0BCK6L7S5,4.0308394
AFJSSKOR2YN7U3ZPEMD6LMDR27YA,B001E95KEC,4.2049937
AEITDL63LVSM7VYKAZ3Z5DXM7ZOQ,B0B5DW6F95,4.714414
AEG6NGV3ZYGSVEXM3UPPTB3EJ5IA,B0BPNMSDGB,5.0
AFH6AUO7HH5PMJBRBQGQQKDV5HLQ,B0C2XTZ1FG,4.70164
AGYKIAGDM4VSGMIOYEO53W32U4TQ,B09397FWYW,5.0
AE5XF7B3YXXLCP2TIYR3A5WXZR6Q,B07BW2JNNL,4.412755
AHO22GV5T3DVTJFKC3KZEH44LBKQ,B081P1SQGG,4.1114364
AHUTJQWZUJEBOJOFMRJ34TKWOO7Q,B0002H0KG0,4.641379
AFNIJGBQBLX3YMZ55X7HXJODEW3A,B0BR2N43GC,4.8509426
AG5QJWMXSGR6QK7CTCJKXRD7OSOQ,B007MY5BII,3.3388228
AFTEWUV2FV7AEPP34WF522DN6ZHQ,B00RMCTTLA,5.0
AEZL6LMUCBRQXIMXHRDKTS3BDT4A,B00USQY0CK,4.800958
AG47VD7CFGFF3JTPR2TJ77E7YFWQ,B08CMHD5HG,4.7110033
AE4CZOBNIA2JBHSCGWURXDSFXFFA,B07CRK35NG,4.2344947
AGTN3NRGMYAX236N4FCZV3G5A5HA,B09CH8SDPD,4.4980617
AHTZI4VQW2QEL7SIMD76QED2FZBQ,B08FDBCYHL,3.8790588
AG5G6CFL2C6KFLMBAEZRTQGHRGJQ,B00OYUSHJS,3.952771
AHHLI3DUBKFOJVM67KO5MCJYB2CQ,B07GFH8NTB,5.0
AGOI33LLDPZDPGEEZ7YYC3YHZXJQ,B07DWLYGKH,4.529774
AG5ZHK6XUYHCHSDTU7ZTNQ4T3BHA,B0BCXL2V52,4.7066784
AE3C65KC5Z5EFPTLXUVX3USBCJ6A,B08ZS312RW,4.6146374
AG2PXLWDUI2UYFBTYP6HVWRPGHBA,B0BLS86TMC,3.6545815
AG5SV4UPCDKZAVM2SOW6CSWR4EKA,B09QDL744G,4.511835
AH3GHCF4DAUITRH54A2PYKITUUUA,B0C79QRDQV,5.0
AE7DH2WBBBVXYONNKZB44RWHPFHQ,B08R5GM6YB,4.459976
AE7I55SG6HP2PAJJM43P6SCUGZHQ,B0007OGTGS,4.411491
AEYCKX4UG7JTHM6IEAXSCDFIMS7A,B016P20UC4,4.6651316
AGGRPYA34S7CHDII6NQWKUXV2HCQ,B07CQMWWLV,4.4566126
AHY32JW7XO24ION2N7XRFFTEPDZQ,B00WJ3HL5I,3.9846547
AEIRJK6XP4IQL6LQRYY3MB4ACPZA,B09B15BDHS,4.881649
AFQOBDTUZ6K577Z5JII45DAEE3QA,B00NPAMDQ6,4.3176193
AFRUEAFOS7NHZ6FXCVPJZS2N3W2Q,B07TMJX85D,4.4637694
AFRHNWS4YBZWFQ4NKQR3Y3Q6KRPQ,B08NVVLB16,4.2363853
AGD25H7BIT2JUXSIOPYCYB23J3ZQ,B0BKZ49HY7,4.092563
AFGRXXJJJICG4TODNZ76JDIREHMQ,B07MM2MB36,4.4461145
AHPT5VH6DDMZ53ZIQLHI43IKWD5Q,B0BZ1J3BW3,4.1674814
AHWHUI3ITEZ6AZCCNNS2J3NJ3V7Q,B07795XHLH,4.4153457
AE2OU3FDXOGNHVIXGRKRHY6YTMMQ,B0BJZZFSN9,4.390164
AH7LMWVUNU47H2UGVA5YL54LYT2Q,B07C9YCY5J,4.018691
AGEKFUJBRKMYZNGEQKXRLT7BZHYQ,B01M9GJC5V,3.8135676
AHEWHPQAQCJLSMYNCMCO6BE3Z35A,B00AKHACKQ,4.7904105
AFHNY4XQJCFWMJVHGKHLM2HWRCEQ,B0BRQ9TQSV,4.7051597
AHUGRXKGM5SXNLCLDPVM2ORW2ETA,B015JTEBN8,4.692556
AHCIO4Y7MASS5GHGAZNOPPTXFTVA,B0BXZFS2QH,4.359871
AGSAX2LKQSD72DSW2L6SCMD4EP3Q,B01DXVB4RU,4.33518
AG25IEYUMS6V4XO2X4GUWVSPELOA,B01KDK4Y0S,4.330287
AGGA75GROPWR6Q5SURTTHTERSIEA,B00EB11ZN0,4.025036
AGSWTRJPZ7AVS2C33JGND5BQ6SMQ,B00JA8QD40,3.0333533
AG5UDX7F74B3F3C3HLXUYZ7DLHSA,B000BBRZ3S,4.0885234
AGAYXXFHOG2JKZIOECPCKEXXFFHA,B000VBH2IG,4.328214
AGWSL6RCSUEPR5RGTVMO5HERQUEA,B0C3J448FC,4.048919
AGGZLLBDARIQDZYZVKDHFNQHMHBA,B00A2H0F06,4.2610908
AH7EHJZ7VFDDVGAKECCTD2LE37ZA,B0BKZ6M28F,4.80241
AHSZTRTGI7PXRM6A7BAKGDAM4UEA,B001E95KEC,4.7451925
AG7XGCZBVPKOESEH36KTS5EB2HTQ,B01N41SI41,4.4682374
AGPGFAWEV6DMUQTM4O75474IQW6A,B0BXBG7VRD,4.7555203
AFWDUPX3IRJ2Q7EG4XASQCFVKD2A,B017DNZKZ6,4.1276894
AFVDGBU4XGTVU5SSHTGT7WZ6TAIA,B0B9XK9WV6,4.7939363
AGXC6I5KLD55XTKY3MVT36GEXOYQ,B0BG95DG2H,4.748672
AH4X7UMPWHH3CEEXAEV5IRPYLWEA,B001OIDXVU,3.7656918
AHS2IURF4TMP7GGTLVQA2IITYLWQ,B0BFRR25MY,4.011316
AEBGYELMA4BKQPPWGIREPQXDLGQA,B073RBWJM5,4.7590837
AH3LWB7J5AISEPHX56QBZGAF7RCA,B01DE4DTAG,4.401641
AFF6DVV7X33O2CGVMEZHESC4XWLA,B07HYSYXTT,4.5984793
AF677ONY3CIUZSPX65QTI7AWREWQ,B0BK9ZT28X,5.0
AESPIYN2KPFNMATAZNRXTGG2RTUQ,B01HCHDOTM,4.374636
AHSOKJ6LW3KSZSLP2ZTGJI5KP24Q,B0BLGC3C1W,4.429969
AH7EHJZ7VFDDVGAKECCTD2LE37ZA,B0BKZ3GCGR,4.782398
AHX2MR6NLBEPURAZZUYFARJVHSEA,B09TRX519R,4.9823885
AEOJU3MJ5EJDUXV6N2OJJCIIT3JA,B002AT4UJQ,4.6641865
AFCXY64SNU4ZEGUUPYB47GTK6EKA,B0B2D98XV8,4.542645
AFIJ75JQSAJKRL6RFKMSLPMHA5AA,B00NL2XSD0,4.417134
AEKWBJWW7BOYFKFPF6JA4GTM45ZA,B01AH3RSAO,4.2065535
AGWYFSFSBGELWEVIJSTNQFP5QOZQ,B0B9XPLGMD,5.0
AE23WLBRYKEC67DM43M6E2MF7GPQ,B07JL1KFT3,4.4331317
AGKHNAF7EW4PWLMY7ADZ4RD2QHVQ,B004XNK7AI,4.9219885
AEZ2WBDBIEQYG462G2YONYBGZVZQ,B09YDBKT7M,4.825695
AGXWBFBAKLMJWMQIC25BQF3IU7TQ,B0B23JC8PD,3.8804283
AFN7RMFT2BS6WD3R2E7GRHL36BXA,B0BL38ZMVZ,4.945263
AGUQUN4TIWP46MPNHP5QOPOPRFPA,B00RYESS7M,4.3449697
AFJUEJD4K6TCPOMWLOYABXHG6JLA,B09ZSKK72G,4.4902
AEMT6J7LNK3BZYPCMUHZQJ2IN5PQ,B0B7QWDRKW,4.262254
AFUENSIC7Y26UOKSUU2E746FZ7LA,B07MJJ281Z,4.712264
AFP4F2GUVJSNPRNCQA7DFDJRPV4A,B011N2VC64,4.586116
AEZRHGN3PPKROE7XAYOIA6PDJUOA,B0BTC9YJ2W,4.5331073
AHHOIY2ECN3U5FBXUEG3ZIQ44MXA,B00N4ZHQ14,4.336314
AGIJG2YRPFZJAF4QR2XMXAQ6BSFQ,B07C9YCY5J,4.6513352
AEJNAAJJQTE2G5BRC3G6EE4WTW3A,B0741MZ579,4.3483877
AHRPODCFJ7UNWQKCLLBKN6BQIN7A,B006QUGBVK,4.389478
AEYO67OSVKLYD2D3AG5HNEA7IMVA,B07NDJ1HSG,4.9195046
AEZ2WBDBIEQYG462G2YONYBGZVZQ,B00CK2DM7Y,4.0323715
AEOJU3MJ5EJDUXV6N2OJJCIIT3JA,B0C67HCGBR,5.0
AEAXAJACFMXIAAH4WOHRMXPSZWFA,B00DUKP37C,4.6292467
AH6PFPNL6Y7ZGHCKZIIFPCITYN7A,B0BLLKKFR8,4.5725007
AERO2X3UKXVIUEF26U5PKLV4OQAQ,B0061OPQK8,4.6739783
AFDM2QBXR6TIAHRT4FMXXWHKIEBA,B0BQ4HSKC9,4.374047
AHVJETUIVOX67X5KWFJE6WSD2VNQ,B07DM15V6P,4.7878165
AGHGVYWM42DGOOTZAAZ2TCBOWQKA,B07R3S93K8,4.2197676
AFY5TUCEFE3ANITHUXSRWTZ53UWQ,B07624MRT1,4.8774047
AG6ANM7XF22BQPWJZZI5TGVZ2BJQ,B07JCW1KGG,4.5980234
AFAQZYGOFDSTN3VL4ZBOEF5NJYHA,B01DN7OC00,4.8106475
AFSBFTCD4LW6WSHA3C3FMQVLNTIA,B00OQ3APKC,4.514791
AEXA7NTPDY2UXZRU24M53A25SERA,B0BHSG5C3G,4.6238856
AEE3F2XA7I3WFVWAV2VZI2YLLELA,B0064RTS0G,4.922192
AFBCN2VOZS4B64F7FKKWDK23WJ5A,B009CPFPFO,4.2289586
AHZCMDWRRLNVO4S7S55JDJQVLUVQ,B07281RLMX,4.4310284
AGCI4677JEAQIMY2DOT3Z2FVHI3A,B083BJKJ3G,4.3702207
AEAJFQMXRKKLUVQ3CKLPOMYPM7MA,B06XFMN8DC,4.727945
AFVWG3A6UGWJZTL53HR4N32I2OYQ,B0BMDK2JC3,5.0
AFYM5NNIBINVTHU35YTWZOLBA5KQ,B07T2BVDZ3,4.122902
AHVYUR3K3RKLXCE2BJHRA6DJ4QPQ,B00F1WLBTG,4.7541075
AEVPSBSO2FUNFP4I6GMZMM5WFC5Q,B00WHLLDWO,4.5834737
AHT4FUHPQHJVD4LCQVE4UYOUOCNQ,B00OC1LP6G,4.2374225
AEE6WOMUFCVC3VLRTLORF2IGICCQ,B0C159Y982,4.6337214
AEFWP7QQF5X4YDRF3U4LAXUO6PFA,B07D5W5X3Z,4.984499
AGENT7K7THM6Q5VKHKH2PUACREHQ,B01M0IQ5QI,4.1509337
AG4Y7N32RELFN6TGWBGKSV2SKWWA,B07YD4HH65,3.8915186
AFH5PKKWDDAXPAVAQ4DY47CAP4IA,B0041T53JO,4.4411244
AFU6LE4MN4VRK3MJRTLCYLPSRBJA,B0002D0CAI,4.7662706
AG6EDKW4LTUP3EKVJUFQWJTF3AYA,B0BZJNPDJS,4.7653236
AEO3Q7XPILWJPQSWIRP2PWZIAINA,B01G26TRW2,4.6353436
AE6KNHYGPWBZGQTNIT3NZ742JUNQ,B0836RLZ46,4.6861696
AHCR5CDP5ESJE42CDD4FJQWK2UKQ,B07CC51PMN,4.6294165
AFXCZEZOLAHC3N5QQRJV5SQU27XQ,B00XHGVHL0,4.735216
AHJSYOIN4W5IZ4SW5LSHCHEBMPNQ,B002HFFUGK,4.8870554
AGVT5E2C6WNOCFYSLOCPAPBJOIKQ,B00T38U7HQ,3.1587515
AF6277K7Q44XN464Q472ZB3X6UHQ,B01M72N0A6,4.2496443
AHDALDGFNPUZN5ZQGSPWZPVG67KA,B07B16JL73,4.6803904
AFYFPINXBMKZTJSLUWWPQ26TLYRA,B079W7NWNH,4.935116
AFKC56ZSSFHF5XCYFFY52C3ZLFZQ,B09P3ZVLV8,4.4849467
AF66QBHHYBPJJV4DYGRUWPG7YRWQ,B0002ZPK0S,4.2064495
AGJDQVD67X3OSVONKW3EQDPJBBRQ,B003LPTAYI,4.3454666
AGUG7ONCKL4JOYS6AILUT3AGOCWQ,B015XDJB9E,4.1962123
AGHJMMZCZKGM2XC7E32JDSAGRWHQ,B01N7KF0T2,3.5757782
AEKRGPSDDTZMEZAYCBIM5YMIIZWQ,B00H8BRK0M,3.6825604
AFUA3AH4YS6GAL2QJCM6TLUMIPEQ,B0B8P1YW7L,4.6908097
AHT7ULEGSWNWLMFIENNTIELDXKUQ,B0C8MDSZP6,4.5881863
AF3E2MVT42F7OZNO4ALCNO7ZKHCA,B005PQ1AIU,3.7264743
AE23ZFVUOMPKR57BVSWXV34QLMVA,B00CP3GQQW,4.613758
AHAFUIEUSEKYD34JJIJLRVJLGFZA,B01667IMKU,5.0
AGOFGZANYMUDHB2NTVTOW63TG2RA,B07GSJNMBQ,4.653252
AERIIOUEUQBPYUJMGARLPNMFKKWQ,B0CBK1WSMR,4.4240866
AGF3VSDDBFGT7IQNKN6FTNXYFFBA,B095FVTV98,5.0
AHMYVVPBU7WI6SP5MNABEHF3LEKQ,B07BH4GFV6,4.7010484
AEEDYZE7SWKKVMVWYZD35VYCMAWQ,B076ZSHQ47,3.4204726
AGJGTZRZCLFSCVVMBNDXVPHSIHVA,B0BR2NC7ZL,4.23736
AE4SCUJHWKFLMXTAJNZ266VZTS2A,B00H8BRK0M,3.9889288
AGJVN7BSF2WKOTFY5WKJBLF6RSWA,B0C6J1X7TD,4.90158
AG5FEKWGQDLOPZPCCVTDEL5TWMLQ,B07D9PJW32,4.268344
AHO5LUPMSZT2ISIN24MT3W37CYHQ,B08JGBHM72,3.7596776
AEAL4MJGXLIH3VY2GEZJUT54KILA,B095XZJ99J,5.0
AE3VXLLR4KYOJNMM6BGMVTSC5YCQ,B0C5BMZ1K9,4.265985
AGSBFSEOGP5DIUCNJMPHJGQZDY2Q,B01DK1RHK6,4.555121
AERCJ3T3QF2MOPLDNME2F4SQG2GQ,B00GN4VP6A,4.2219133
AE2BCWBDERZKN3ACIXQQISI3LHPA,B0BT34475K,4.6009936
AEWUJDNWZUABDIIGSGKDVO4EO2XQ,B09PH4DV67,4.293368
AHK4QBZMKEAAR6DFQY4QY37EBLWQ,B07NDGTFJJ,4.6349654
AFSIFH65UCU5GE4GK7AUZHWUVJRQ,B07KW6VM9X,4.4023166
AHEJYPLN7DMCYRQ2KCWQ5YIY6JDA,B0731KPCCZ,4.8501053
AE6SMJZ225MI4KJD4S766T5YYCJA,B08YYKNRJ4,4.411518
AH5L2ZWXT6BSAUYQCH52NWFD6BVA,B097Q9W8MW,4.3830643
AG74MZMWBRESS5NOSUWUE67LQ66A,B0064BCRQE,5.0
AEDEWDQ2TF4CTOLZGSNW4IGVONCQ,B0116TFMM4,4.1386223
AETTPKKDAHWCURKJZQD5RRPGOC2A,B09RTZ26KV,4.1164627
AGZKGEHOCLS6GB73NNABNIEWGLYQ,B07JF27NGM,3.5099506
AHKGRIKKRDBYFX4QF7O5AZA5FTXQ,B00BESRB8Q,4.7888627
AGUQUN4TIWP46MPNHP5QOPOPRFPA,B001ANI6FW,3.9699576
AHY3UKWN7JLP4AHAQ7NKZTCFOUNQ,B0B6P55RBN,4.3685927
AH4SSR6JQUMQAR7F5COKOYD2F7AA,B01J5A06OU,4.1780367
AGU46QHMBNY4242H5MCXGETTOMOA,B003HGFRO8,4.589685
AFYFTNZQOU3VO7KX7ORJ3Y5X4L2A,B07DWY7R2X,4.4667063
AGSSF4YIHPCP2MIUITM34RWOCOWA,B09MT2JQ53,5.0
AGAXMCCVSHVNHW2IF6TOTZCXFA5Q,B07S82LVW1,4.587652
AG3EF6QEUZ5337KFWDBIOEQKSWLQ,B088GF12PC,4.5051723
AHFJIW4HWEHRRWNBIHSJP6SM2IEA,B00KMDVKUO,4.374891
AHOZGJTOUGNLCTEL74RCZ32PBOPQ,B09YDBKT7M,4.874028
AGTOCWUOQPBBIFRI3UYYHJZNOMVQ,B08R5GM6YB,4.214109
AHKHM6O6MSZMQOZXBDUJ2MC2J26Q,B00HCPTXJA,3.8890183
AE23WLBRYKEC67DM43M6E2MF7GPQ,B00VEMS03W,3.8511727
AGVBPKC2WQYF7ZGFXOVTT45KKC6Q,B0BLLXXT6F,4.7113976
AFRTXLSLVRLIYMUGOAGX2PA6URHA,B00HTWQVU0,4.3823676
AEYVYMQW7JWQWYLWLCI7ZXFCLIIA,B0C5PRQ9K6,5.0
AEUAR37M2GSBYMQLR76YSAOCP42Q,B07SZLB9GM,4.8047605
AGARMVTKQUMBK2XJH2OSGVOBCCCQ,B096FZ5TKG,4.2369184
AGXNHM6FE6RNTARQVPQSHUNC5UYA,B06XGS3ZD3,4.1019635
AFMUOYI53LJ5QGID3ABH2ZUFENHQ,B07HSGS27X,4.649126
AEPN2RD5DNLVBU4OQPDDZLM5EAMA,B00X8N7XKG,3.570409
AHBXCIZUBZU2EKLKRUDCQS7RZSAQ,B06XTW2R98,4.3565335
AEMTI3LLBJMTEVBYU3ZDEWIXJJUQ,B08LRLRRKM,4.0353684
AHPYQMRLEUCO5N3PMHQJGOX6SUJQ,B01B15JPCQ,4.364503
AHSOKJ6LW3KSZSLP2ZTGJI5KP24Q,B0179A4ILK,4.4459367
AEWAPYKHTEXOLKI557Z2CYVHE23Q,B0B6P55RBN,4.2103076
AFTQL5KFH752LH35SF5UALIXNSXQ,B00WJ3HL5I,4.5072713
AEGS5YYS2NROXETUW5RPBN6DSEFA,B01M8N618U,4.6502256
AGRGLPIRFOMTUIBIYJOUTTGZHABA,B07HQG7YW6,4.3293657
AHMZYSO7LAKS6M3D63FQIPQ6UPAQ,B0749XX4KW,4.6035047
AE7GFJWCHUHU5XXNXSQERG52SD3Q,B00WE6INNY,4.9822907
AF2LHJ26ZRYYHDEVI3WZGUZ4NCGQ,B091MZPYBQ,4.2868767
AF7BFLZBXWO6TGTVSTARL73UJX2A,B0C5LYJXLR,4.829674
AHXZ3VXHMIMKQYK7MAKAKEWWYHJA,B0BT2ZRCY2,4.7700405
AFH6AUO7HH5PMJBRBQGQQKDV5HLQ,B0BBRBFHK5,4.705657
AGZOX4VGSMPDBKP47XYDVKBJAQ2Q,B071WMKJMY,4.604651
AFEHPC5MSRUR2QWD6IRZ4KB42VRQ,B0179C3SQO,4.2206964
AHG2CAKQ74WFM7W7BWIVGV26OSVQ,B00LMRNIUE,4.937371
AGF3MM2QRKLZMQLTTEGVKCFQISXQ,B06XX92Z8Y,4.643119
AGDB44CQUCWRDULI7FJMEFUS3UBQ,B0B1WMLNBX,4.94432
AF2GPIP26H7E5EHDWC6P7RKZ3OUQ,B0BXB8QTLD,3.3197918
AETIZWCOFGGE42ZUTCFUL37OJQPQ,B08SJY4T7K,3.9715838
AEEU7CICRRS3G3YBNW3DDPSRSRAQ,B09TGD5X27,4.8395553
AHQF4GMPT6H5XMVYGAGBKYN5V66Q,B08VHZ4FFW,3.982983
AEO5TLC5WHQ6HED6RXQS6Y77NUGQ,B0BSGM6CQ9,4.838618
AH7WTH5WIOSENLQKENY7ZFUKFFOA,B0002GYYD6,3.975517
AGPVZ5LRWIOJTCHEZFYB5KK4XVEQ,B0BR2L1375,4.891079
AGUG7ONCKL4JOYS6AILUT3AGOCWQ,B06XHM1C3B,4.3746996
AFMOXNCYTYVRTZKJGVX4X7NHOU7Q,B06Y6BCX7B,4.57982
AFZEJOGI4OODANIEO62OHDKU4HZA,B00B5LDMH6,4.6499286
AFYEWBPNJDVMVJHFR73JNQEBQ42A,B0BSR996X8,5.0
AGUSXHIHBHM453QTCP3O2BLGP7AA,B097FMTZCP,4.3822656
AHB7NX5MFSJ6W2NWR5UNUFEF7RNA,B0150YC54E,4.55588
AG6ATLCKETNYRKL6GCQV35CSSGPA,B0BRSM5XBB,4.3401175
AFYA2BB2KC3RDRMZBGWVJIFUXRVA,B074JNWHZ4,4.4495435
AF7CC34DK36SQJS7WXI44DREGWJA,B07PM289SV,4.713635
AHTQQIQONBBXF7WSHWJE32HRH2AQ,B0B16WH36J,4.5632753
AFXMPTECRN6BUOM65ZP7UXDZATBA,B00LGDYGSC,3.6039488
AGGA75GROPWR6Q5SURTTHTERSIEA,B01KDK4XF4,4.4923034
AEMCG3MJ7TMAMEJEWYD5GICKM3FQ,B07DL8BW6M,4.5555444
AGHETJ7PN7P2EEPPQZHFVHGV7TAA,B07WBZ1SFR,4.747845
AHOTLXO4JZW4GNNHLYJ3Z2EQVV5Q,B07Q5GCY4M,5.0
AE6L3X5WMBDL6PVBIVB7UVMAFIXQ,B08T2N1WZR,4.7508855
AG5ZHK6XUYHCHSDTU7ZTNQ4T3BHA,B08BSFDY99,5.0
AEF2RX7ZF5KKRXYURVRY6AKZGLSQ,B0B8M5FJ9W,4.239978
AGTBJVGF6Z6FTHBKFPZFUEGV3NRA,B0BKZ1GPM7,3.9033008
AHGYF6WPXSRKSINWX5RCOI65MHEA,B00LMC2HA6,4.153373
AFTEWUV2FV7AEPP34WF522DN6ZHQ,B0002F6WR8,5.0
AERPP36RWS2WYRE44OCD56CZZ7LQ,B08BHWMKDN,4.5940084
AEN6QVGY7IYPDKZNGJWAQBGRAE2Q,B0BPLFP5P6,4.3008876
AHDO3Z2SFT3ONUF3WEIQDTSLSEJQ,B005ES7VSW,3.6464608
AEN6ANHOT5COUFKFIQUZMB4XGIEA,B003AYK14S,4.260052
AHCBAYMJVLTILRVTBKJIPB3VIDWQ,B01LQO3GGS,3.2751021
AH7UOQQDCPZIWK42EWAAPCGDPJ2Q,B015X3CXXA,3.9532728
AGFK6ZAZD5Y6WP5YUMHFYV7KVZSQ,B004UJO41S,3.742844
AGYRMCX4CHWWMEBXYY7BQIOT6ZWA,B0BHSG5C3G,4.329478
AHFBALQTCIHW3OHR5WABW2EZIASQ,B0841BMTGZ,4.3030868
AG723UWMFMUICGE2QFUGPL3UUYIA,B07CZ8QC27,4.3147635
AEJ727Y7JSGHO3AJJBUKZX65NRMA,B06XW4SNFG,4.335089
AG2DSSYTEPCQ5MBLH4L265J2LI6Q,B019NY2PKG,4.512686
AHIVWIGXAM7DD4F5AKC5OCYO42JA,B016QUXTZU,3.9804592
AEZCTDIBXZVKKAKKKKWSXKPN2MVA,B07NBB4KRS,3.59344
AFMQSX25IVEXUFMV4LBZFWTARSQA,B075GKTV88,4.541444
AFY764TFOKIW7R6R3TF4SLTP3DYQ,B07BFT2B91,4.454354
AHEMAURZYRCARVTVF6CQYTYE4I4Q,B000BUBF6M,4.279584
AHMEIQYVEGHXBYOBMUQEVKPE3QUA,B0BSCF2FD7,4.517151
AGV5EG6FOHTDDWOLXWMGQWQXDMWA,B07J341B3C,4.883466
AGGCTCZBGFQEUFK2IMJLAG7T4QXA,B01AAX6KGY,4.124109
AEMSFZ4NLED647BP3ZCQEY3FNGKA,B07217RS84,4.6363206
AHWA6UFI2V33J76UUQWQP6PHTQCQ,B092LF6RLS,4.2382994
AGP2P3VOGH7NNNH6CU7FKN4M62NA,B079TLFL33,4.55454
AFTPUNQ4NGIKJHIEUAFA3GQBUY4Q,B0BPKH7FJ2,4.877892
AH7GRHCAJCVNL6ROQOLIJT6PK2XQ,B0BM9BWB8B,4.364856
AES7KU7JY6KI2MNQ4N4IP2YCMTZQ,B09RJZSQML,5.0
AFAAQVGMDINJAJNDD6HE2HFNJ7AA,B00LBKFYUO,4.150594
AGBECCLTWXA2ZFFIS4KD3Q22PFRA,B0BCK6L7S5,4.3268843
AGN5FDHWM7WRJKFO3CLNJ4D32U7A,B015WD6FIK,4.1409945
AF5PM3LODZ3TCXBESCMRC33V26SA,B00OO30CDE,4.781687
AFJQQWO6VAZCTTY3GXNB3SEUU34Q,B00RVE9X06,4.8918977
AGTOFPT2HFCQOHY7VTF7ZLZFNN4A,B08178GMTF,4.3017616
AGF7TG2EIMWONOO3WRWONQJVKDNA,B07PZDBGCR,5.0
AFBUMGG7XY5MQLB7HIXJQR5X34FQ,B09198262S,4.5362477
AETBRNPDURJZWOEQN5VR4BZD5C3Q,B0C4ZPNBYC,4.80273
AHCBEOI3JFHG2DNP5USTZW2MPEJA,B01MD10XAU,4.016306
AEZP5L6SPBC4WHUHBJEFCDDVB67A,B09QDL744G,4.0261602
AGR2HGNGBX6TFVFHQFKXRPP4B22Q,B0BT84L827,5.0
AEMBK5QLIOB6NHLJPH2GI3ZEW4EA,B007MY5BDI,4.3958707
AH2HKJL3HTZ7OHQPBKMANUB6XLBA,B00L75HGUY,4.2717347
AH6UKAFU6GC5PR45MMZMRAQIDM6A,B01FMKRG6I,4.6711144
AGZJ757HBQPRTEF3IFY37PMFPFIQ,B00M53HWQA,4.1059113
AF2HAUDZBKQZM5XZ2DM4UPO237UQ,B075CSHLYH,4.581091
AE6JDIRVPTKC32Y7X3QQ3WAY2LIQ,B0BZJ3ZS8B,4.5614176
AHAR2WCDFYETREAF7SRKJ6T3RMKA,B0002F7IOO,5.0
AFPXIMJJAYJYB56PWZ5DSHAMVT6A,B092CVSQHR,4.1953645
AFUO5Z2K6MDX3SYTSIS5HBT47ISQ,B07Y3YB1DH,4.849232
AGDRNG3FGVONPV75CF5ZMZ4CARKA,B0BXCQ9CJN,4.422809
AGMGW2AXSHFLEP2KKAQBOM6OOQGQ,B06XB3FQKB,4.830602
AFLBNI74FPOZRZR7AH2PBY6WSMFQ,B0061RNE0E,5.0
AFQDH4VJVLTDGFFZS4IAAG4VMBKA,B015XTFNP4,4.503834
AGAGHJYANWY7FQDJRZ5XEVGHMB2Q,B0C4GJM9J4,4.6553774
AEYVPPWR4CIKWX4BGYKCBCDL2CZQ,B0C6R1FZNM,4.0371623
AEUXATQKIZHHXARX7DCMLD7LXG3A,B0B129LPD7,4.652878
AH5VYONJC6AZLXGHCM32LEUVGWBQ,B0BKZ1KXLM,4.9624033
AF2HAUDZBKQZM5XZ2DM4UPO237UQ,B0B2Z13RCR,5.0
AEYSGCOJIR5X4PFUY7JGUOFCZVNA,B09RX2SYHJ,4.236068
AFPEV76DW5AZ77YU6DXBX24YRD3Q,B07RYBJN7K,4.555155
AECRFIY3HZZG5KMU424HTLAKDGFA,B07H8WXJNT,3.9543142
AEWVQYY4G6UMIFZD6QDPUDOYBU7Q,B000T5MQV2,4.458443
AFGEE2G4XCML3OIVDBZU47XRZTDA,B09PWCF6T9,4.5630746
AHO5IPKZNXFFG2LYSCTINORZG7EQ,B01M15915O,3.8116333
AFXUKNAJ6DONF5K3HFFCVWIG7WUQ,B07PMLJ8PT,4.69776
AEQWIQ5K6LLNVFPBJTPKK4J76SWA,B086QP7WM2,4.913798
AFMG74ZXHJ2XIJW5OUELTC5KRPKA,B0B3VDFKB3,3.2330594
AET3AD34PERPEFPAFZ6LJV6ORW5Q,B0006IHLFI,4.8601875
AEOG5GP4YYOR6T7H4DTLTH5VXEVA,B09857JRP2,5.0
AGTS4HKNL43FZW3MZMUNVRYLBCKQ,B097FMTZCP,4.225232
AERLABCYH2N5GVQMRM2SC7I3LY3A,B0BK6PMJD2,4.7334023
AGMJISSDQ7DXH7AYMYZBRHWISKYQ,B01AIF4CL4,4.7812777
AG4V6SXKSVYO5TTRJQRPLBSK25HQ,B08BLKZS1H,3.913633
AFSID347MNEO7BB4FDS7G5WFXFOQ,B0BCW884JL,3.840324
AHBQCICNAHDBS47M6LFAPV6LBFRA,B092LF6RLS,4.5353227
AHDTJODSAMZBYCCS6I35H4V452UA,B00LGDYGSC,3.3185785
AF4DS7QH4EAGQ6QWYLTMEMVHNQ4Q,B00DY1F2CS,3.9327397
AEABO4WBVLZ6J3VVOA5XDJ7HDBQA,B0BFF85D9R,4.305939
AHLW5Q4AJQMIGC4YGUHALFLAQLGQ,B09BGCRS9T,4.931273
AG5QJWMXSGR6QK7CTCJKXRD7OSOQ,B013MG2PPQ,3.5309615
AGFCZHTATBUI4HMETZZ5DXULTZJQ,B0C54RRCKG,4.43818
AGSP5XAQPQBUUXZHEZSC65FD7NOQ,B01K2OLR28,4.668534
AEICQU5QHFNKB2ROUABD2JNNPN5A,B000EEJKSA,4.3379717
AH5H3RK5Q2WAXHOCYTKNZFAV3UGQ,B0C3LHRRDV,4.7158422
AGZG7MB6QID6KRBUFHZSKIAOZENQ,B07DWM7Y6N,4.820004
AGIU5IUE47VOAR36ZMNGTCP5KXKQ,B08BH7KHSZ,4.2776823
AETRLZMHXJWHRPFLNPAT5KWVN2UQ,B093PZDB9W,4.389433
AEA3NLDRDLTW7U6TDQT5GPQOOIDA,B074335YFQ,4.106395
AF25N7GLN5FPPTJTP7KP5BNRV25Q,B0BPJ4Q6FJ,4.8257074
AFZV4SQHKPAL65VYRSQSKUKWMXXQ,B009YCI62Y,4.209125
AG6XVM67COQE6IDXIWOXYJTPISKA,B00CDA0IUC,4.636031
AHWG4EGOV5ZDKPETL56MAYGPLJRQ,B09TXP3FSK,4.5001082
AGCCTCFGWGVABEVFKC44HJPXHHRQ,B07QYVX5DK,3.9932625
AFQVJYB73FB4EMH4CHYJI6DQ64ZA,B00UTH51KI,3.814287
AEQR6VWJVW32O4N3STXCPXVF7PSQ,B0BRQGJZXR,3.871748
AFTVOIJFGYFC62ALDHKINLLDDFAA,B09NWCD36N,4.410292
AGTHEJOM7XSVYDS5ITRS7WUQGMKQ,B08R5GM6YB,4.5581956
AGPFAMWJTPQSQEZMW5TUC7QY633A,B0018TDULI,4.7645655
AFSA6YD3ACC3VQQJRNN27YN537NQ,B07L5B64RG,3.946095
AFSR5KAF5DWNQ5OXA7KEFPPTZJPQ,B01DPCONFM,4.7032866
AEIBHSLYC3NCXPUA7P4OVRWQEMSA,B00979RZ9O,4.8438687
AF7TTQT52OE7QACCNUOOOTZUMAQQ,B09JWL3BF9,4.6815033
AELR55A2JR25GIIZGNKE5LAE55AQ,B00356J8KE,4.0600104
AHSUFZF7WQMX6TJ6WC2LBBMGSYDQ,B000EEJ3S2,4.2013755
AFCWX22LDG3CR5NHJDDWGXKRC3YA,B07K66F3N8,4.99364
AF2BM6EMS6FKYSKZV5IBORZEXOKA,B095XZJ99J,4.634312
AFTOYCLIMUB4A6TTSR6F2JINI4GQ,B00DYAAIAU,4.2839665
AFJ52QWR6Y5WPXK3MEZJJBHMUY7A,B08LRHL28Y,4.276711
AG7NDDHQBGXQDQLHZPCWYMAWYM5A,B0C5BMZ1K9,4.698647
AGDAX4BPTSLLAI63FKN6J5ZTFKOA,B08BSFDY99,4.9618464
AFAAJ4UTCN4SFXFVJ36RWKSOWCPQ,B01KHMUQ2M,4.307859
AGEXOCVVUXJJZMX6AGI6LDVUC7SQ,B01DE4D4LU,4.6640387
AEJLXKSF7III3HR7ADY5TIWBOECQ,B01DQ2RFS8,4.152981
AENNORCDOTT2KFT5WUIK7PJ2EXOA,B075MCRFYZ,4.594565
AFI53ACNS6SYJPY3RKPA5NFOVRAQ,B08PMZQXN3,4.839492
AGU46QHMBNY4242H5MCXGETTOMOA,B00S6251JY,3.5993414
AGS54MIP5XVBK7FM6QH7XNGFDVJQ,B0179C3Q20,4.674194
AFPJGU2B476DH44PAROBTDQZQVPA,B076X9C7H1,4.5608306
AHJ733ZCG3SPN4NXNBP33SXN66TA,B0006NMUHM,4.738412
AEQ26CZ7BTH3LGW4AMRVLEJKGOFA,0825603285,4.150945
AE6PGN2WW447FQCQ7CQFTCO4L36A,B0BKK3H2F5,4.094129
AERWQO4KG65FDWZTSAU44MKDCWFA,B097Q9W8MW,4.481419
AGG7RMU6ECJHPQB2ZIQT7ESQEI5Q,B06XNBTLHC,4.5370455
AF3NQJJ4KIDA4GURLEALQBI4RKUQ,B09G5QS1VD,4.419698
AG3HHGKGIZCIIQZ67ZGJ7SUBH22A,B0002F5C7Y,4.228267
AEURYFHY5UKJWCTOYPJD3D2XLJLQ,B00CFEYN66,3.7867348
AHV7MPSPXX63ECNBQ3XQ4QHUOHFA,B00M6SI0X8,4.772198
AF2NGUZ6QFZJUAAINQTWZL5WMXRA,B00A7KC9NO,3.955702
AF3NOA47IJLZ3V5SQBOAJHUYDFJQ,B0BK6S7QF4,5.0
AHPLPI4RJDQMCN6Q7KREMZIL4HXQ,B005ZV5K0O,4.479613
AHLQFKLT3ROJTFS2P4GQ7CFHLXFQ,B09GZBTSV2,4.101563
AFEZ6PH4W6I2W5NDBWKKFXAV2EDQ,B09ZP4SZ72,3.5093844
AGDT3NTRES47WHT26YWV2CVOLOYQ,B007534LFK,3.4225106
AFUDNFNY7SEDKBT36AH2LZDN4QTA,B0749K3CB5,4.6975913
AGGSBHWCFOI7BGAQ3YAGICGVRZGA,B098KXQJVY,4.4011426
AESY7BV434R2YQ4PUJCJG2YVUOOQ,B01EL2TFXA,4.3530016
AFOZRALZ6GRV7B4Z2ZGUVNKI5DOA,B0B55ZJK68,4.5391173
AE3JNYVYO3C3UXO6ICDIOZIKJYHQ,B0C37QCPS4,4.111648
AF3NJDOTMG7BRKDLV6UM7GHFC7XQ,B0BGQZNQ53,4.046438
AH5B6OGW62H7VQZYF3KNZDMKQP2Q,B007MY5BDI,4.566003
AFOWDN6YUFGKPXH5ZJE5J57JE2TA,B0019FYE34,3.6535997
AGUSYMZGN5IIQZWHPTPH2S6D6KFA,B01DZ6FBBI,4.723885
AFDIHKY33QA2NCPYPOGJRSBH5UCQ,B07YCMQBRT,4.5690513
AGSAGGYZSLPFCVOJ3XTIUN42A52A,B07BZ2FZ8V,4.6944146
AEP6VSEK3Y5MHGJCG2RGHM2EHCLA,B00RVE9X06,4.309034
AGA4GTW7N7KT3VL6PYMHCRSBMRUQ,B000P5OULA,4.0836015
AH7BTSFO77CNNKQFU7FBWTV5DI5A,B0040YZEJ4,4.7809668
AE4QBSUQ4TQSHRDMXE6CIDICH4SQ,B00B5LDMH6,4.6130953
AFUENSIC7Y26UOKSUU2E746FZ7LA,B074WXM13T,4.6904006
AFZUL4Z3J5LTJYTWP6IZULSDVP4Q,B018FCZKR2,4.903405
AF6PK3PJIARACNSAQNXC6DZMITIQ,B0BPJ4Q6FJ,4.588202
AFLQJJ7C4PKUZJOXPIR2RFS5GSSQ,B00IZA1GI2,4.8433647
AH4AIWIVLN43SGJGK45W4FCJB5GQ,B07WTRFSMB,4.640477
AFPG5F53DZFYCV4MUZZJMRNBCS6Q,B0BVVT8XV4,4.3188024
AE4FLJ7EL2L56IUWIAWZRNHJXAEA,B0BKZ3GCGR,4.736335
AFK2NWEVOB4BHP5V2XVAVE65B6CA,B0084CRYOG,4.3447
AFMEK6HGMNRXS44ROKARI7467HAQ,B00DIGCE5C,3.9940214
AHV6QCNBJNSGLATP56JAWJ3C4G2A,B07711ZF5C,4.405245
AGR66GB7J736YGNOEQXECJZENQXA,B07SCMRGW6,4.338854
AGSP5XAQPQBUUXZHEZSC65FD7NOQ,B004C4UQZE,4.089953
AFHPJTBQYQHQXIFBAODXDAIGCGMQ,B0C14SC57J,4.812121
AE3HJ6CT7RAMP5XNGLYPEGDEMJJQ,B015JTEBN8,4.5773864
AG52TQ6F7NLG5WBLIK7Z4QIKVETQ,B09B45DLQG,4.5124846
AHFWSW4APYWHTKLSCLUQ7OOAXBDQ,B00XC2AQN4,4.6451864
AFS5GEDNULNRN4L576C7IKBC46WA,B086GNSNMC,4.713106
AEVQES4DYXCIQMQL7KHTDM36Z6TA,B003OJE8LQ,4.889626
AESJEFHJ2EDKWCAGDLHNIPG636DQ,B07ZN86ZFK,4.433354
AGMADA7BVXWOPUYDHC3C3K3OKO5Q,B00H4PEMM6,4.926561
AEIZXNH7FBJXMVY2CQLSSI2NZSZA,B0BXT3LKL4,4.596406
AG437IVOHPYSB723CQHCTUIOPOUA,B000Y021NA,4.3508434
AH56VKWTOEVES33UCWBSJ4PNSTZQ,B097Q9W8MW,4.589728
AG5SSLGUHBVW2WBIMICWOPQGV4MA,B00387G1MI,3.8565626
AGOORIF7OARBAL6HFDOLXUF7DBFQ,B0B4DB5QD5,4.1853695
AFZFOI4JUMS5UFMVWPLAVQ3ZM2QQ,B000068O4M,4.5064163
AHXJKALSQTNTY5FPUFFLHF7FOBDQ,B075VPGJCX,4.790515
AFQK37VJADTSXECNN32K7O3ZWM3Q,B0040YZEJ4,4.632059
AFKXPHJU332QCBEXRVZTY6K6B5HQ,B00BS1986M,4.665641
AFLM7I2NCG3CEVZVMCMWN6SS2O7Q,B01K1EJQ9U,4.706936
AGNZ55VEXGISWO3OH7F4CTP6HNRA,B00DY1F2CS,3.6807175
AE4HFI5J42AKFLFHZDE5D6LFGFCQ,B0012BPMHW,4.2554865
AE5EKWZ7BDIPUT2SQCCZ62H22ZTQ,B0C6H9T5T6,4.013609
AFCTA7ADJVBKAOXVHUHMRZEEEE4Q,B071H41DFS,4.3261375
AFISTPNKN3EJKATATVLIFQMKQOXQ,B08R5M2FGY,4.65353
AES7UWDI6OPAU4HN7336ZP75SITA,B098KXQJVY,4.691391
AH2L4HXWXSECI3SMTHE6YB3T56KQ,B00H35YIJE,4.557287
AHA27EHM74UI4VBZYCCOVUBUZNPA,B0B8LZKBN7,4.404323
AGJ73YUYEW6PWPIO3HOKTPLKW7GA,B0B4SGJRHR,4.479779
AHJ2NJTRCWB3QQLDFPPMYCEYDFJQ,B00KG7CB2C,4.7952137
AFM2DSFXQRROQL75DRQ6J32PMRRQ,B08B6BF5RH,4.450977
AHVMI7WN5IHRKUS5RR4MWRL5BROA,B071RL22PZ,4.7940955
AGK7E6PYFPGPZ6MREYX4KANUCJGQ,B06XGS3D3S,4.8563805
AHBCMUMYBDO3DCWDT7RUSCSHVFSA,B07C91JT14,4.2378035
AHOGN6NSQV73UZ2PWVW5F4Q43Q3A,B0BX8HZ5RH,4.457613
AHIXLMOB2ZZRRGEWCJXUZ7XND22A,B00OJHI6KQ,4.3676925
AF3BR6FQAGUDNKNFETNSU3KKHBOQ,B0C6H9T5T6,4.7514524
AHIUXHZZ44ELXOD77N5XGO73ZIZA,B075R94JY5,4.1435604
AFVTV5IBZU7SCCUSTID3SQHYH2CA,B07N1RPV4J,4.732835
AEBJOLNLS7IRLB7HGXXFBZSLXAWQ,B07J9JR6VP,4.871095
AGJK6S6LFHIGTRRCPNYGMGFQ3F7Q,B014ZYPT34,4.000702
AFVNE7YGLL4YBJNHHPHEO3ENOAUA,B01MG3QVCK,4.3046417
AEYVPPWR4CIKWX4BGYKCBCDL2CZQ,B095QBH5ZB,3.6604815
AGMMFTC4LMPBUSCOSAPMQU4BQBJQ,B0BSGM6CQ9,4.0742564
AHK2JKHQ22EXZBQWCF6SAV3XYAYA,B08FHV6383,4.219751
AFAT5EYIHBJC3AC5TZUKLLWLBPGA,B09BMTCQC2,4.6335387
AFWBENHWG6A6QJCJISR4IU7PO3UA,B072235GXG,4.7810807
AEAU46Z6SC3RRNCHFIB5RKUUGROQ,B07BHHDL37,4.515974
AH74VAPB4EPE6DUCD5VNR7PQELQA,B00JL5I61A,4.1710415
AHJJGVQ5R6COEDIQTRKPH45IHDUA,B07MQK9168,4.0437403
AENHWLM7GME7SJX2RTO5JBPIUSZA,B07GXGXPBY,4.453851
AHUIUCGSUO6B2KRQLQ2UWRYXTH5Q,B000TGSM6E,3.758158
AHVRQ2F6723IXOL2VOYHCVYJLPKA,B08Z6TDJZ9,4.629833
AFHPTJZIUVAIQYWANKXP6P3UVK7Q,B002Q0WSO8,4.394654
AGQ3FPXZLJIHBHWM6BZYS3OCEKDQ,B07HMY1RWC,4.357078
AEUAXVAUWJFDX44V2Q3OZFFYDZWQ,B004MN9746,4.106081
AGJ2B223IQ4U6IAI3CUQRUX5IOCQ,B098KXQJVY,4.88865
AER6WLSJPBPNOZIQWVHQBVOKTNCA,B09PWCF6T9,4.2198615
AERXAGU6PAY74OIAVZQKU5ONB3NA,B07NDGTFJJ,4.6422215
AF7IWQ26I2RJXFXKGSPGNNRBLNEA,B016QUXTZU,4.084599
AGAJSGWWB75VLSBMF6I3LUUTL4AQ,B01DEX3CHC,4.3122954
AFKG57XVUDKCUGS7Y44EY677NBQQ,B072PWKPLW,3.301943
AERWQO4KG65FDWZTSAU44MKDCWFA,B0772XDJX2,4.1166677
AHHHDPHIPV4CJY536D33OZV6LFPQ,B004XNK7AI,4.326627
AFEZR2GVGMGGBMGG6WHCWRI3MK4Q,B00CHHUKY0,4.613162
AFCGEML7F6W2U6YIW3BT5VVHAVSQ,B07CBT4SYD,4.5748158
AG7REFIGR4JHFZTYSHJGYFS6WYPA,B09Y1X5BSC,4.508819
AEGEWZSJFQBTYZMFDTFAOCMGVAJQ,B01N5QJ0LE,4.3817034
AGJ5ZHY5Q43NH73NAAFRO3A2TQKA,B09857JRP2,4.67201
AFLAAWHDSTPMYQDU55P7GKFY3ZHQ,B00PR8AW62,4.5644207
AH2H6UZNEA477XOPRQ3T37WXMBLA,B0002KYXTM,4.169585
AEXXN5AQLXNN75TLPBTDPHVJKF4Q,B0BCXL2V52,4.694205
AGG5VFUD4XK5TBLA4B724XEEV26Q,B000KN0BYM,3.5240874
AFUV6KLJPKFA6QQYGINR4D2MY2XQ,B00HTWQYSO,4.627088
AFF7YUPAE6KRD2ELYPEQIWZYORHQ,B003LPTAYI,4.3902645
AGG3TGNIO4ULCWBMCUW4NHZZ4BGA,B07KDWXQ84,4.5205283
AFSPIN4QUVVAVW3HTX7L2J3KUR5Q,B00OO30CDE,4.1699114
AFXMSKCDLI6GRTDUC47LXZWZKIPQ,B00IWXMGH2,4.8627005
AFM2K5Z6FN65NXDAT3G7ZLFW33SA,B078H33C1W,3.649795
AFB72OOKML6ATB33JXEUUYPQGMXQ,B00WTZRLOM,4.609494
AE6TF34R3XLNVEOUQ5XGGJLOBNQA,B073CZTQFM,3.5056553
AEFXLPLCZWRJRK4OVWRHX2YUPW6Q,B0B127PM6M,4.1351533
AG6VOE54BWQKIPPH66M25GME2S5Q,B09Q39C7W2,5.0
AFZ4UIQJHMYNZMKSDU2QA4F436WQ,B0C5BMZ1K9,4.4670157
AGVDSDJTAPD3VRDKZKEX5ICMTASA,B073T2YK2J,3.998612
AG2Y6CDZNCG2ZJIUIGDIJYADCJ6Q,B0951C4RGR,4.609278
AF3NJDOTMG7BRKDLV6UM7GHFC7XQ,B019OO4IY6,4.128329
AFCLOTB3P3EXMIQAKAZIP3KGAYQQ,B074WXM13T,4.176561
AGVTKJAYTPW447JEYNPPTT5TDDGQ,B01D53JG5I,4.6452723
AGKVQWUZ2RQAOWHJHMQQBGIDYASA,B07MCRMLF3,4.3446097
AG7TXC563E642KFHS5YINKSCWE6A,B076K32CH1,4.8819265
AFCFGYHKKOCM7XVCRNBG72BQOPYQ,B0006UGEOK,4.1253963
AFUYIME2PIVVNZFSSDULBBIWZD7A,B0B6P55RBN,3.9870098
AF5JC6AAADC4WZZONMI3PK5AGJNQ,B0BHSG5C3G,4.7909365
AFR6WKFQBTKBG7HH7MOIHP7Y4IJQ,B08JMQR2JK,4.7558784
AHZOWNQENHOHDPK234WOZVMLS2SA,B0795PNCBG,4.1343822
AGGESXOSTBKQQ2MZKYON3UGB4Y4Q,B085C1XP92,4.0098424
AHENALE25EXP3M7QWZRXIYKTTFPQ,B09Y8KNXP9,4.5543275
AHRQCX6F7G5BXPNBEQ5MXPTRN25Q,B06XQ177ZN,4.359017
AE6BYVUHZCRER7JBO5CFHJEOHAVQ,B0B69VXJ6G,4.3447547
AEXH3SBLTIIWZJ6LGBWKNXVDTRZA,B00B5LCADS,4.359819
AGDWXEECHCW256RCMJKGTNJHQGIA,B000BYPJ1U,4.202789
AF2CLARGDIRBOY2HMOPYSNCURNRQ,B07KPBVCKJ,4.063103
AGEFZSKNCTSO4XQ5LU7MGYKQIEZA,B016XLLHCY,4.110462
AFA4ZJGSTUWBV43E6FHQJV7ZWXDA,B098PJL986,4.8290815
AGFNMLVDG4FKJCSVW5MZDENDGZ4A,B0B1LK9SXB,4.312414
AGBW7LZUPMPOBV4LJ7LO3TCTRVLA,B002QKRUJG,4.1119905
AFWHS5KMUDYBCMWKOLSLZZJR5HDQ,B07P67TV7T,4.30943
AFHLBRCKVJX52YOOLP6G2MDRCGGA,B0075DO5K6,4.3681755
AFV7ODHDJYGFBCSQULUNPKZTC4EA,B091YFQGCJ,4.8254
AENN2BGZN2YQ2OVGQTNXHLQ5W3JA,B00834KJ60,4.3355556
AE5XAHW2JPDP32P2BFJ7R3IFND6Q,B015HG7F3Q,4.4039903
AFTSNLQBX4R6BYTB337XHJIYS4SQ,B017VXNOK6,3.749674
AGMRYSCYS4DGUW4QAISHDJSCHUUQ,B0BCK6L7S5,3.8748155
AE6TYSATATHUCWNO5ALASJCCV4UA,B07CQS5BMH,4.685836
AHYDSH65ZAO5BMP5AFT4KYN7PAXQ,B00W7ZL4TM,4.801015
AFQRD5USTZ62QENXGL2YDRIMPGGA,B0BR2PXCBW,4.0105767
AE4LWHIBYCREDXSNG3EOF3RLKKYA,B09R2TMLJR,4.324383
AHAV4CADMBDGGHBQMBNTQX6YVXAA,B08NWG3F9L,3.71743
AGA5ZXP7UELYMEEFPCM7Z3SVO5JQ,B0016H8S1O,4.5316973
AEXAQLGHLXRVILTEJQ66WITDGABQ,B07HHKV19H,4.483568
AGHQFRCGHCGJIARSMRFJ3G4E5EXA,B014PEZVKU,4.291422
AG5C4IBXOOHVYIGS4RUQSR5FLKNA,B0C6H9T5T6,4.2158155
AGVTKJAYTPW447JEYNPPTT5TDDGQ,B003WZ6VVM,4.0233617
AF3FBHCAUSTHXGTODQONDLTDVQ3A,B0C67HCGBR,5.0
AFNUD5CAN5NBVLUC6377NGRF2XEA,B07KR28VKS,4.0719995
AFID64NVSRMGS4FNVX6SQI23O4TA,B0919HG8S7,4.641058
AFS5IBOOEKUZKI4MPWN25FGW76UA,B097FMTZCP,4.358457
AFBSSUJ7JS74UIR22W44TDNK26WA,B08Z6TDJZ9,4.5910707
AGXQAH4PJCCLZAUWEE2J7NYRBKCA,B07Q6J4S89,4.4585924
AFU4WXFS3Y3OZ52E23YPAA2DIJRQ,B078KTV8L4,4.6611433
AG2DSSYTEPCQ5MBLH4L265J2LI6Q,B0C5BMZ1K9,4.610368
AFDZ7Q3JWBSK3MEBNMHFMWINWDQA,B0B89ZSYS7,4.7100625
AEU5LBIAENNFA2SQXVQLFAT7PQ3A,B07VPLFNYM,3.7417102
AGZ3QMLZOWSZJPXAPSTGORHBPVQA,B00C5B26HC,4.6988177
AGTN6F4L6USRCJM6ZDIGVSRQMSWA,B0928HW2P4,4.905154
AHXFHAG5TRFROX6VPMJJBB3JJAYQ,B0BSGM6CQ9,4.7581253
AGP4JFXNUWNXGL55F25YPQ5ZGIDQ,B07BC4KMQK,4.3996344
AFCGMIXOBNAESB7TJIGGRYWAYOGQ,B0BQ4XYZLK,4.4298124
AGEQUBTRADUL3RIFSR5NMHWAQJ4Q,B078KX8YJD,4.379833
AHPYQMRLEUCO5N3PMHQJGOX6SUJQ,B0BK6MQDZ8,4.505692
AFUGYX2OIIUMI5C5DMYZHUYO2XVQ,B0BZ1XQX97,4.469702
AG477CZTN5DXXKI4PJQL33KQYQMQ,B07DFTWXL7,4.866638
AGNRFLXG5P256TIYC7HM6I5IT2AA,B07NF16YKJ,4.890372
AHDUKIDSK6ASLBFBUWVEQLJNKELA,B0BCXTPJR2,3.8720298
AHWPQARHTFJKRYID7IF7RUU5FXWQ,B0BHG58G2F,4.7406425
AEWHXZIO532D7GB3XK73JQO7V6XA,B018FCZKR2,4.722934
AFFZTKH7UI4G5YTVEYBA232FY45A,B0BBPLFSCG,4.641457
AG2FQVCSAPNCKC6M7GKCEQO4HFKA,B07SZLB9GM,4.60389
AGYLR4VOLE334EGG5MER7CQKBCDA,B087TBKK97,4.3248296
AGKY277N64L5VISSLKOFR2EH3ZOQ,B06W2NS7RW,4.517671
AHNG3NRGEDYO7E44QMYDHMBADPBA,B002C741B8,3.837815
AG6BIRUHFL3WJNN2ZEBGGVPMSRTQ,B0BMDK2JC3,5.0
AE7ZTBUNKGJ347SZHE3B7QAJTNGA,B015XLDQD8,3.8158402
AF3V3ZFYEYBEL4QWWSWJ4H75A77A,B00LTL0KLI,4.5595236
AH4YXFX7BU7VENLTLNKSYDVHQBIQ,B005H2007E,3.8939276
AGHUVPFNJ7FWT6T2CUGY3A75N6WA,B07L5B64RG,4.368538
AEJYOYLHAPY3LCYQOKUS65LGOVRA,B07GFH8NTB,4.8655767
AFUDTHASFDLLVHJ7T3S7W3FMGNZA,B086QMZG22,4.372649
AGSCKCPNKACD2BT5BE7IKCA6CPRA,B08YK9HWTF,4.7989984
AG4OWQNR7J4O6QGYIZV53XJAUF5Q,B0002D01IG,4.594149
AGKOFLHULW2C32544ABJNOTXJE4A,B07MZVPJ4Q,3.9954605
AFUNJGQJTP3AICSDN3DK6L3NHMXQ,B003FXM6II,3.4346473
AG57ZCKN4CZOESBMSWZPL2CR77JQ,B08JMQR2JK,4.6740527
AGPOPRW2DUAEQX5GH5EBAPN57G7Q,B0BYXQHW7Y,4.5705533
AEYVPPWR4CIKWX4BGYKCBCDL2CZQ,B01G26TRW2,3.8599567
AGC4DOJ7GIHCSOYUKXDDCTLDBAGA,B00V7YMOLG,4.5853114
AFJVICWQHTNH22HZHRQTPLDRMXXA,B07Q422FS6,4.783815
AER62GONA24AVDCPUN7XUAXTFKTA,B07FTVKZB3,5.0
AF6HUMKJCWWTK4HJTVFA6HSZ7N3Q,B00MRNXJ06,4.6003385
AF5YR4OHQK33YIBQ4XRKW4RBTX5Q,B07DFSF3S5,4.3243437
AGTVZ7ZSDMTEDLMJGZRC7RFJNDWQ,B015HG7F3Q,5.0
AHY2FKC33WL5D5RQ3QRIWPWGKY5A,B00IWU4BF0,4.2832947
AH2J57YBS2WIYAEGFZGJZ7XYB7GA,B01AZ0WPPC,4.5536995
AFA3VOK27DFN7UYIFO5CQSCIOCIA,B086PG669X,4.509647
AEDK5T3VBOFLHQ5KJCGL5YCKI4PA,B0009G009G,4.651088
AG4AJVSS6426E7F5XTBXOSXPSAOA,B09TGD5X27,4.850961
AGPJA5QSBWOYXOCJQTXF54TRGKFQ,B078KTV8L4,4.418792
AHWQJGQJBJTGKBNCLRNJH65SNMCQ,B098KXQJVY,4.471507
AGOTWNV25MJTCWQJAKIK5EL24VNQ,B08VJ9VGPL,3.9462087
AHBV7TH4Z3WRRKXUIDAOPVUBIR4Q,B0B8F6LD9F,4.9273987
AG3NKKQ7ZFWTDAHDWKI4JSFRH4FA,B09R6GDRV4,4.693405
AHERXW7PHUZB2VN6B5XNSRAI4Y6Q,B004ZKY10Q,3.8764076
AHEMAURZYRCARVTVF6CQYTYE4I4Q,B001CWWNPK,4.94594
AFOVPAGIXZG3TRBLV44SK63ETBUQ,B093YGKPTS,4.6648645
AHYDVO5UKW3QHLF6UFSCEOGECGLQ,B01DN7OAWU,4.574825
AHGNK7XIP6W4SOL4B3MYH6Q6YESQ,B01N01NYGY,4.8620496
AGWW735D5YTMQYBMUDXC4KOZAXDQ,B0C4YHLT1M,4.6044765
AHK5FUZ6I2OXLSIJX4FZ44DF4FQQ,B00VNSOK2C,4.479706
AETOD3RGKB4NR7F6ZX7Y4YQTJDDQ,B0098X01ZO,4.07119
AE3Y65VROR3YICKMO6OJJ2LLN7RQ,B000TAHFCC,4.536761
AEYPLXPGNUKJMHAPC3GONAXBIOSQ,B07GBQ4LGV,4.5250006
AEQAU7SKDC6BAFLH4NY5HGP2THCA,B00HTWQYSO,4.3729506
AG4EWD2WI4DTYGYZAMOJQ4DPSXGA,B002H3EZMC,4.8465614
AHS4LB7DEDJWMCKIVTUMSBZUC34A,B01DN7OLJC,4.1801705
AEVR5BUTA4MKV27LQINCRCM4WFAQ,B073VRMPDY,4.3880014
AEWKZY6NU4TOYG4QOJ2UUIXYUIPQ,B08FYSGZD1,3.5442872
AFWBENHWG6A6QJCJISR4IU7PO3UA,B0099DMFK2,4.3211374
AGMIECBRRAHS3YUEBQNL7M766ZVQ,B08VWZHQV1,4.2068253
AFX6X5HDCAOHHZJRKU7ZRIWACF2A,B071YMYXHS,4.83249
AFLPLZYHGAASHAYJSEJPYUBJVLPQ,B09MJWYTQW,4.7891464
AF3JMCAJ6IICLZJRLDYWCPSSEN2A,B002L2E1TQ,4.312965
AE4ZTY6QRIF3UULZDVAU7V7UJWYA,B00RVE9X06,4.731127
AHZW5LNAKDKCM5ANQFNAZLT3JBSQ,B0CCK4YYNM,4.409558
AEENWSVHLUOJFDM4HB2QEELDVEMQ,B0BSR996X8,4.844727
AFBUMGG7XY5MQLB7HIXJQR5X34FQ,B07MJVGJSV,4.1717143
AEXY3DSSYKBHCGAMNYQRGD3GR4QA,B00B5LEAFE,4.1159067
AFO6SYZM7IXUOBJNBV6OEURF3DRQ,B00BFN58WQ,4.550556
AG7SATUH2NYBLNGI45MURZJMCZKA,B01MTNCTCT,4.476102
AGOHUZDWB7HUI6NQOLEY56QG6F7A,B0BKZ2S4PC,3.9437392
AEXLRZ34GTMM35NQRDZ4CDKKXLIA,B0BT8GVK6M,4.794405
AFOWG7WVVQDQFY6MHOFL7MFPAG6A,B000UMFQHA,4.971405
AH37ZV6A5UJW6A4PA62VDYOQSMKA,B073VRV6MS,4.226008
AHVHBTIWRGYVFBVNVV7SSK2W2RYA,B09MQZ8VWH,4.4478016
AGSM75HHGVYI263VKMFQMK6GJQ7A,B0862G4SJ9,4.6904407
AEQIXOBGYVS2DIAO5XFBPPKNMA6A,B003AZ6KG0,4.0767155
AE5VICOXJ6XHMLISRION3NBJ54OA,B00INNJZPC,3.781268
AGUNYCUTE2I2FQOSTZ6XZILKD6DA,B0C67HCGBR,4.774091
AHJSYOIN4W5IZ4SW5LSHCHEBMPNQ,B086QMZG22,4.6163154
AESYGW72QCT4EU27P5PPM4X57MCA,B07KTVV4BC,4.7683277
AEA4WNCWOCN5W4GTQE4UMBFC6SUQ,B0002F7J7A,5.0
AFOKWBIT7ESXMZ5OOVEPVEY6AYRA,B0C4DG9Z5G,4.1677084
AE6PGN2WW447FQCQ7CQFTCO4L36A,B013VNHWAI,3.9683282
AHCOV6ID7GFK6ABVU35ZNEJAXT6A,B0C1ZYC5CK,4.563327
AHZHSRRNEBAWENEVOD7Y5GJJAF5Q,B0BJZZFSN9,3.7931194
AHI62NY2P2F7W6MNBBMELHNWGWZQ,B081PQR33C,3.6650338
AEV32P7R5QEYRDR4DXX7F7V4LOUA,B07JGCQYN8,4.4742937
AGXOVGCVMYWP2GS6F52ZTGFX6OUQ,B097ZNTLHH,3.9083285
AF4EY2RL5MCVIFTSNCGQ3SNR5RBQ,B08JQNQKLL,3.7755606
AGF2ARUNAO6IKVQHQRZFYC4TU5IA,B09TBDG73V,4.2448797
AGMQUIDKC252ZDT5P7G3INBI2WTA,B00WM21DY6,4.5618753
AFB6NAYAW425HDMUUAKDUPILM5XA,B07BSZNKTM,4.09284
AGN736WLG52SCARZJLYQGEM76DNA,B08DLK3GC9,4.8386717
AGXFELKL5OS2JLPR76CBZ467NA7Q,B08BHY6WWG,3.9917226
AFGDRNIMPVGMEICSWUU2AMBMPDOA,B07KJ1MVZH,4.5977335
AEMOYADP2JOCWPFFSQD5XOHPNCCQ,B014QKWCAK,4.486301
AF4AO67EAISRN4VKPQWPD5LDM3AQ,B07JNKY9T8,4.874236
AFC24IBMCOC5G33XDBQTGBU4ULEQ,B08DM9NFLH,4.4879174
AGBXY7ARX32OBIY5AAMAXYJSVXKA,B00T5PNT9A,4.4292865
AFZ252AZNJJ5SYCMZ7TQBZQSQPJA,B0B31RCL2G,4.2175326
AFUD46FQ5QP2KHEPMCNSWXMDZ5MA,B01D2GAKV2,4.183779
AE53VDKFQ67YHCSPLIMTCFK2TBCA,B015XE0B7O,4.8567333
AGCKTXUY43QOGKGNIEHIXXZ5W4NA,B00EB11RLK,4.8463693
AHG2U7IGFWJNPHSU7HOTKCFLZKKA,B0002Z2C9A,4.105458
AEOF2U5P3PEPOLGFUQBHOA64YJYA,B06XPJHYDH,4.0058036
AEZ6Z6F5RK6Y24QQVWADUZIOHKKQ,B0C2VGQYQ8,5.0
AHSXFPGEWTP6QM4CNETICMBUHODQ,B07B8WL33G,4.664939
AFDIMXJ6FY6GX4G3UTLPXKVLVLVA,B00Y0CG9YA,4.0545144
AE6IF4LHZZFMPOUIQ2I4AMC6ZVPA,B09NDBVJXM,5.0
AFQ54FLISLOLXO2GO4EQA5DS7GBA,B00CIO6BEA,3.6725678
AFY62KFQD545JH4FWULTZ3CODYOA,B094JMK37C,4.851648
AH3UBUKNUPJRPZ4MFG4JFE2BD2RA,B00CPLODUU,4.8486295
AFTPQXSU4KURGKWJGAKYLNJONTKQ,B00E3X5USC,4.3814
AGID6DHXZOL34MVLPDSCO42D6GZA,B0BKZ59BQZ,3.705155
AHCOQ6TOX2KVPHX2GMG5YCID57MQ,B00FPWRGAA,4.225685
AGTJZXTCU2XYA2J3TDY6RIIO6TDQ,B00979RZ9O,5.0
AF2B7VXJHVVGGI2GPZVTRPWAI5NQ,B0BKZ51ZNF,4.650958
AHQTWQXTBAXE2QSFOMEOGK4HH2MQ,B00GS82H86,4.0182934
AHOFAAC4SWSQKW6TO75RFASN7EXQ,B07CQPJSFM,4.0508113
AHGTX7G2RIY2EZJB23AM6H34HN4A,B07D9PJW32,4.317051
AGRZYQTRG3YQCD2EISGFNSLHPOGA,B0BSCFTV2G,4.5405664
AHUYGNA2GEDE4I4CGQITS5RUZP5Q,B006QUGBVK,4.385011
AF63XHUFXPDT7TIMND6IIJTDGZ2Q,B000NGVQKO,3.7826254
AH4NJIK7QV2YNYAUJAD7WCJW6BAQ,B079Y9L1G1,4.4233537
AFXRISBWQYPDQKEYLZ7VMKSDPDIQ,B01HCGWS2W,4.8636475
AH6HGW2QR5QVW56LUGSBXOLH3CTA,B00N5TGXOA,4.3984776
AGMOQRGZCULKJQE5GROUVEVGPEYQ,B00H4PEMM6,4.477569
AEQKLE6U7TJCGBHR6ZJGSYBK53BA,B0B8M5FJB6,4.784062
AHNGYELWDWTVPRTSMZ5HWCWDAUCQ,B0BSGM6CQ9,4.7968564
AHAYDMZW66Q5WZFEOC4AUJJ226SQ,B0183ITSB2,4.2314134
AHSNK6SYID66WDEXMNGDMK6JBT7A,B08T2N25MR,4.2721925
AGMCCXZIVMPJ5UZW2JKGMTHQXWXA,B091MZPYBQ,3.9340699
AGBQLDJQ42HII7EPMRVHHP2ESXCA,B07VMXTRQ7,3.7552464
AGRVMUVXUON36MP2UVCNPY6YULKA,B0002F5288,4.805452
AGP6DVMFOPJAIJ2AU473OUN53ZGQ,B01H4Y186O,3.4969752
AHRYCNDY5S3V7LL3QVXYAT77CN6Q,B000LGA2K6,2.9376345
AFOH3RVBARU2R43PIPZIUD6PQQMQ,B0928FM4T3,4.3452106
AF4USQ6DYTGYTJPHHRKKL75RAFQA,B0BCK6L7S5,4.2555885
AHGRJF4ENU3XVPXWOJGC7WOVX25Q,B07GRG5SMB,4.5471253
AGVVXVJW6ISULJ6YM5MMFPDCJ2XA,B00LMRNIUE,4.3645787
AFGBQJ4TCIXR7YL7DNUKAQ2RRK4Q,B00FUTXO8G,4.0061507
AHODETMZCUDFRNJQP4R2ZLEGSJVA,B003AYIKNW,4.849367
AFSMS2MHAVKJDLOK3PHV3IU3YSSQ,B00CJ3AGU0,4.9504523
AGXCV25HDW4JXI5QQSJTIZUHPRHQ,B0BPLFP5P6,4.030792
AEHDGDGGA3LRDSWZFJMT3WMH44YA,B07DWLYGKH,4.656303
AEVP7UGAPHSSQMMMR7IXUUYLL6DQ,B0BJPLQDWD,4.6637573
AGXOFMADDY2O5MUGWYJLUIQ6XH7Q,B005Q1XR8U,4.4426026
AHUDHYMPKVYPTVUFMWLBMWJX67JA,B005U9GDD4,4.1655936
AEIZLW5DLZUBDSUGZYV45X3QDHEQ,B07DL1L3M7,4.2757363
AFK6Z4AW7CDH3IHSRAABCGTQYH6Q,B0939BV175,4.57446
AGBAM5RZQRUUMKQ4UPUNCOU22PPA,B07BVDGFSR,4.392896
AHAYMBP2MO4GCR6ASHR43YV6D6TQ,B00IMB0Z4A,4.74736
AGNEADFUKVX2GAUSR7OZAGIAYL7A,B01DE4DPSC,4.6412225
AGHVRG2HSUORQ4A3OHQFWKMIEOAA,B0080HYFTM,4.7522087
AGYVOONXBF4R24OWT67AA2UGSYXQ,B091G1LP41,4.363489
AGC2D4ERWZFFC6TBEN7WVEVAYPCQ,B0C4QX4CQJ,4.5862823
AH3LWB7J5AISEPHX56QBZGAF7RCA,B00IPH8MD2,4.627603
AEBTCCMZCJOVYR5LHI2ESWKITQSA,B07P5GGK5X,4.4648285
AEJE4TOVBD5TOLVYRBJSFBJM7IZQ,B004XNK7AI,4.816954
AH5RP72S7EOXYWPVIF5NJXGNICIA,B017VXNOK6,3.6133826
AGPB7VMJFDRG6D5MIEIK5DLXQBQQ,B06X9KG3HW,4.9479957
AHRMYVXZC7MK5EBIO2XL3Q2GGEGA,B000VTFQCM,4.1739063
AEXZDLJQFKVDZIYYP7V6IUXBX7UQ,B08LW3YL8N,5.0
AFCSMQUEKOY3DW7IWIYZ4CW5XZIA,B01N2OBKIB,3.709524
AF4BJRSGMCKQY5DFGB6KV3P5OY7A,B0BX8VJYMD,4.236448
AHW2D5AFKMWOIVCEXUZJSB43TAHQ,B072FDH5X7,4.0069604
AGCRGA4K3TZYMVULSRLYGJILNJ6Q,B01KDK4QSI,4.614043
AFZNG4THTEUTZC4XDEJS3U5WPOHQ,B001L8NGJ2,5.0
AGICD2I7CV354HTIMIUWJEHP6VZA,B077LVNP89,3.923948
AEX67ETQV7BEFGI7HZIMBUI3M27Q,B07H5HM6F6,4.0253916
AGYKBJXKGCM7FUQSK5JSIT35DOJA,B08BHY6WWG,4.345066
AEA64TVHGKB3T5UHJGBBPAM5BBSQ,B002P45B62,4.555851
AHEO3QE7OE27ZZ2TIJP2W7BCZE7A,B00UTELPGK,4.682315
AHWXEOF3AV66R44YXMV6OL3GTLWQ,B0002D01JK,4.599771
AHJUEBYCGXJEJ2LE6WUWHD3J47SA,B07WW5PKCP,4.1143737
AH55P2KUM6KXOW2KWG6CNFHRPW4A,B09RTZ26KV,4.240999
AH7GRHCAJCVNL6ROQOLIJT6PK2XQ,B09YYB7MNN,4.4248104
AEQK6QPYSQNUNNZJ76ZMAPCJOHIQ,B0BSGM6CQ9,4.5656896
AGRRU2INDXQYIJ4DUSPNMX4YFJPA,B073RTT48C,4.342156
AG2DWLNJ7PZ4CNF3HG5LQLUK34OA,B0B92LPGD2,4.727584
AED2TSFSYFRTY4JJ7TSCMFJIVNCQ,B07H7WX6VH,4.620658
AE6JEOKRGHXGAGA4FNO4YA6OZHNA,B0BTC9YJ2W,4.749638
AE67TMIITWIE5JJ4B5AHMSVDCP3A,B097Q9W8MW,4.6031165
AFN65DDQQSOAHZOK7XDWIJPU5BPA,B006BST39E,4.6789966
AFKA6Y5FDB75J6BMYLJMBL56L5LQ,B09RN6MGZH,4.7631135
AG5S2VTNYS7B62JWNGBC57G3L3FQ,B07CWLS8D1,4.5908866
AHPG4YCQ74YJYZT2S7QWWIX3PDAQ,B011N57QG6,4.308922
AHZER36Y6IL7USHGBCELVMN56VOQ,B08NVVLB16,4.769499
AFZJHJPQL62CP4JHVSH7FRLHXVTQ,B00WE6INNY,4.948908
AG3TSA7OBFJ3MRAEPIKD3RR3LQOA,B07M6T47WZ,4.7042885
AGLS7OCGP6FTLWOW6FG5LNSPQWRQ,B07FKKD86H,3.9935594
AFKAOSE742HF6XVNMKIFCZBJOEEQ,B076PN1263,4.541565
AFLEPFSD4GD6B6C76US36CVYGT6A,B08T9CCXZB,4.6470733
AFMGBSMLPM3YL7LAM32CZPNXZ73A,B07MJCLK46,4.5259438
AHJOGKL3G262UFCW5UVYX7TOJ26Q,B00LOAAPKA,4.491313
AG4UD2WKMI7VQ3WUQDK6RMYE4UBQ,B0B8NXV975,4.505278
AGOS3OK5UXGNFIHI3E2A3IZBXBIA,B00I9FL3OA,3.7866442
AGKQIFYBIOZQGQ5EX7PD5SFVYCAA,B0BGQZNQ53,4.419652
AFT34SUD4RUCCDGBHAK6SP3337QA,B00GXN20K6,4.0901675
AHLW3QNXDTKSLISEZBY4RCE5KSNQ,B08JMQR2JK,4.7875204
AEPNCU3WSQM2TKWGFVECRCF3JAJA,B001R76D42,4.371394
AGVPHZ24R2K6YEKM5BWFLYIG4IQQ,B07TDNWYSB,4.5253468
AHM4URAETRB7ZICHMC4ZSA2WYRBQ,B0B9XPLGMD,4.343324
AGY3QOY2LKZBJI7U4D3KWVGIMOYA,B01HJCS88W,4.723053
AH7EXT73SLCGBJC4OYS3MXIDCKCQ,B07D9LVCNG,3.8168862
AHQSOZB3PBOOCHTDN3IRCKU3RUCQ,B0BLZ458F2,4.3521085
AFC67DVPXIBVL5VESTV4PG7PHZGQ,B0151KT2B6,4.428751
AH46X4UHBAV2KZ3UV77D4VG66TPA,B016CP76E4,3.7747543
AFKECPJOUIDKRR3I4RWPGW3BHE4Q,B0919825Z2,4.761577
AFGQF3JZAPHICVRV6GMORUUFKYLA,B00L6C8PN0,4.4398365
AE2CZNPITZCAYXISFKZ4GUI5VY7Q,B09G7GH2FH,4.6305356
AH7C6PK25WFNGZXDQD2XPQP2GAZA,B01LXTBO7B,4.7972236
AG6F7SPJH33LKPGZWM2CXHOSTVMA,B0BFKPWGQ6,3.993009
AG6ATLCKETNYRKL6GCQV35CSSGPA,B000BYPJ1U,4.209481
AG4MVQG34R5BYWDV6NBCPRAHEJHQ,B08DBDD6CM,4.9134345
AHZCZUD6GBJYNJVHADRVQJ5P4PZA,B00JKML35A,4.669178
AEEAA65PKDSBS45WBX5IVQ6OFGCA,B017QAL24O,4.6014175
AGKNSAIF7C6Y4L4CXNBU4WY3L45Q,B074KSDLQS,4.4573846
AHR7HFWDNFQH54VYWKXSJZMMEQUQ,B0BLH2CBVK,3.8487942
AGZY4THIYHSTYU7CT6O5YXQB23JQ,B0B6P55RBN,4.1405816
AEQL3STSWQRT4OQNXKFKRA43MBMQ,B0939BV175,4.676219
AHFYN5R2UHLO7ZONIAVVBNGC5ZGQ,B00CGFRJ2Y,4.7741036
AFDVTLUWYDVFN6YZ372K4B3HKSDA,B00OGMD0VE,4.2494874
AFXVOM24JL7OMMEJEY7HEA7DYH3A,B00HTWQYSO,4.399007
AHZCCQFMMANDVOFLJ7FEWOYVFLMA,B0C3Q29DML,4.3568187
AGI3IDLFDCWG6B7HE6P7WWUP4PKA,B005OZE9SA,4.115786
AEGAK36V5XS6MLBKBB5HGZPXSZXQ,B0BT2Q355P,4.4171433
AHJ2NJTRCWB3QQLDFPPMYCEYDFJQ,B09HL8TQTF,4.855215
AHD4P7SEH26JBMUVXF76ZY4ZO7VA,B0002F4YQY,4.737689
AG5IRZQ7IYJ7HYHLPPE7FBYITT7Q,B09857JRP2,5.0
AGZQWNDQHJWRE4K6X554W4Q2MUJA,B0BG95DG2H,4.329667
AGXTKJIZOEBEHRFT3SOZOPHAPPTA,B0B92Q5QTC,4.6779513
AHQKCRAIW6KOCBXNQQ2HCMDHPPCQ,B00FFVKM2U,3.9505038
AGRLJDWT6YCZ4SDXSZT7TZEC3MKA,B0040ZBI52,4.637755
AG7EI3UOXIQXEL5QDZPVKPSVR4UQ,B0B59DLBMD,4.777099
AHRTNXIDVTZPPET3MBLAMWML6WLA,B0002E1UDK,4.986755
AHQKFLQUU5UH37DGEKVOKYZ6KQCA,B00TZH5DJW,4.5121975
AEHLARSBBEIYNM2ABDU6LHGE4QTQ,B003LPTAYI,4.378979
AEIRBLA7WN4R3DFFWOUBDY6UYWEA,B015JTEBN8,4.649148
AESVETCZKXFJI5FQG7KUJQP5EHBA,B0002F78KS,3.380222
AH74VAPB4EPE6DUCD5VNR7PQELQA,B007T8CUNG,3.6140423
AH75LYSHSNLVL3D4J4YPW3E2RE5A,B00O5EKZ9I,4.573159
AEP4KJDGBH6XPJKFEHPYSAPUNDBQ,B09BS25NJM,4.610813
AEZQ6B2ZLT6EQTG3LIN4OL2DTZ3Q,B0010KCP98,4.141983
AHYAJGALLUEC74KNODG7TDLJLQJA,B0C1CX8K6F,4.473018
AFZKJMDP6CGZJI2TGPCOG7PZDXSA,B0BT855NFQ,4.5631905
AFEGQEIXILE5NIYM3ALL22HPAVWQ,B0915DH3NK,4.430447
AHT67F7YZT6C4DAZ4XC7ZXYCTAWQ,B0B8F6LD9F,4.9970865
AGMMFTC4LMPBUSCOSAPMQU4BQBJQ,B01DPCONFM,4.0495777
AGGA75GROPWR6Q5SURTTHTERSIEA,B07K34CPZG,4.1733007
AHLCWDLO3LZRSKKBRQ3RVIPYLHAQ,B07NSWD8BR,4.3229823
AFFN67NKO4FPXSPUZYCOTZWVRWLA,B07NDJZW9Y,4.420969
AHIRNUANOYBBZ4T7SHSAB5TC6EHQ,B0002KYXTM,4.0162826
AEJWL2VCYD5DYYK5KTYHBTRTTUVA,B0BXT384GR,4.5246053
AGZ7LYWY74HB34CX5NJD75E5R53A,B000RXN6XI,4.566954
AELCUQCNW5WBWISKDZWDRW6VIGEQ,B07H57VPKY,4.790054
AG4KT7KJTW4KZZPNOGRB2W3G4OXA,B08R5GM6YB,3.818348
AF6NUCZR3MMBLJJCDNZS6PKZTOYQ,B00USQY0CK,4.348068
AEFCF5DK4RWLR73TB4LHFQERA54A,B01M5CXA0N,4.2393
AETSRSBYCGAWGUZ3BNSPEUXIQYGQ,B074JHPL8V,4.328359
AEJIZI4BC2U7DCHW4LJI2VK27JPA,B01448TORS,4.352671
AHZER36Y6IL7USHGBCELVMN56VOQ,B018W6KYOU,4.0149913
AFQVSSK5ENT3MDNA5M2UN3AIEVTQ,B08F9K24WG,4.569337
AG7BHSVE5THHDWV5PUW6HIVXJ2LQ,B01HFRDEI0,4.680844
AHW2G5R3FA7BBXBDIIGS6HFWX7LQ,B09LSK67XF,4.1707177
AF2QKTYLPEWJZVZCVOFYQZA2R54Q,B0C67HCGBR,5.0
AEN6ANHOT5COUFKFIQUZMB4XGIEA,B0B28X36H2,4.2022076
AEX6JWB5W37EJHWJSKYXBAP5DLIQ,B06X9KG3HW,4.9476953
AFHNGZ6NP3JRH6GB362SGJSJ4WMQ,B082WVMFYB,4.261394
AFCUT6TLZBDQLXJAKOVJ65LARDFA,B0799734T4,4.6189113
AHSEOIZUN3Y4WCGAVYNOJW2S4S6A,B00L1LL7DQ,4.891391
AFGWUUOIVYEBY6N2EBLZGZZQEFWQ,B0BT9R8MMV,4.578956
AEHVF4A43236DDIY4KEN7XGQTA5Q,B0CCJ1BW4R,4.9319468
AGUEYTWVTYBRIKKOMZTQXD7OQXXA,B00005ML71,4.2379837
AGANKYJ6D2VIOOGVEFFWZRBSHLLA,B00CE1ZQ4S,3.39948
AF2ISMZOUHTYR6KLLBUL2VED3DUQ,B00BJTGILG,4.55091
AGV3WQAKB47WL6YGX3IYAVEEFU4Q,B072MLFW5B,4.318657
AG6IBE7FYXFZOF3OZJQDY5R3WMQQ,B07T7ZSJXH,4.4975224
AHYHM7HGUQRENC22A67XTNVE6FSQ,B00615M2CC,4.219291
AH2QI5E2JQF357AYYEQJSJGTVJTA,B07SPHH7TD,4.7681594
AF2S3FZP47TU7EEO73C26FBGGEDA,B0BXT6TL22,4.1107917
AGHDSQTG33WNHMJXFWSAJN5WA34A,B071HN5TQ5,4.286103
AFGSM2IFWCMZCPCORIQEO7SGXIRQ,B072B9LFT6,3.5597348
AGHETJ7PN7P2EEPPQZHFVHGV7TAA,B087MLNCXW,4.911759
AHIUJLOAXRE3NKZ5QGJ3S4C2AQ2A,B073TXJNHX,4.388199
AGZVL5H3CUFV6K563BQ3Y7B6PPZA,B01BU6B4Q6,4.7812276
AGKBMYYKA47EVKHM65BYZHTARYLQ,B075R94JY5,4.5733767
AFTM7UBMYY6WS36ZESQQQ3SHE2HQ,B00P0HHNJO,4.208958
AFIRPPNO7RSBC6ZM6OILCILN5ZJA,B09367ZJMG,4.493796
AGGYEV5ST5S72PYKJPK2ASXOUM5Q,B0BSGM6CQ9,4.7015204
AFIPUOQA55DSYMSWGGKNQ6FXVXTQ,B07C9YCY5J,4.5551643
AEHS4OB3G7UHTHUCP3YVQE5V6BPQ,B07R1VSKL8,4.557891
AFZIAUNJ5DNQDY524BRRVMFM6LBA,B09WF82F1V,4.2018776
AHHQMVOQSY4WOIU5AWA5AEAQPJ6Q,B093KWXYVZ,4.483875
AF33Z3Y6ETQZV5LJI5N4NXV52KAQ,B002G1UT5C,4.2301545
AFDEXVHAVDWBJUKD3GUY64H4YZWQ,B0C159Y982,4.4121146
AH7WMY3V55DTEND6PA4TH3BVGGLQ,B0C6HZHZJJ,4.308307
AGGGQEY2TCTVPBBRU4E7VCW57BOA,B00WFW2CZW,4.522932
AFVCGMPCE75MWLFYLYN7ASTQEZ6A,B0002ZO5Z4,3.8119822
AFD7NQEFB5SXRNZ6T4HTKUAXQ33Q,B00BIPL9JW,3.6125388
AECFGXLEX3SU6D4T6C55X2NWMJVQ,B0016BFBO2,3.7169566
AFNPMZT7VRZGEI4ZG5LDSYUGHWRQ,B0BKZ5F8BS,4.924412
AESX54YDSH4U4NJKDY34QDVGEXZQ,B0BPLFP5P6,4.2716637
AG26VSS7RPKXVTAUH5XE3SEVZYCA,B00KXQIU5S,4.8519497
AFDSDZ4A6HKSIFVTISXLNY4KBTPQ,B0B58M32GZ,4.6310363
AFXBCEEH2IO5J72DZFDEGZXZGM7A,B0BHSG5C3G,4.589788
AGIJKNB277PNPQ3NPETNXWN6YQ3Q,B07FTVKZB3,4.383271
AH2KNTQFU4DWMQIMTDLFSMRQHRYA,B007MY5BDI,4.340712
AG5IJZSS6AR5WICQDFBLP7JGHHDA,B07YM5ZHS9,4.1311684
AHWQWO3TDGHGSTCGTU77TE5AITKQ,B082WVKSNG,4.681227
AH6JESOL3IE2HXVN75ODIOHNWJYA,B0B1N6LJPY,4.4447436
AGT4ZGSFFZBKHPY67NJKXVP3ADWA,B09QZJ57YW,5.0
AESURT3LG3G3CVUJDZMCXRJ2BGOQ,B0BPJ4Q6FJ,4.54356
AESCPQD5RHHP65UTHAGCQDE7BUAQ,B08SJY4T7K,4.1570807
AE2BZY5FWI5KSBCEU4CRCDSX2XUQ,B089T4BHM5,4.6247225
AEOK4T53CV2V3HI4NFDOAOCRH3EQ,B07GJHX9W8,4.6960626
AFS24POYFUSC6BRTUFGSVF3ODRHA,B07YCMQBRT,4.361606
AHNVZ5XVQJF6HHKVKUN44DXVI5BQ,B0B8V7C5N8,4.648536
AHBIFGZDADPTOK7CCTSWXQYVY7IA,B00N5THDR6,4.238362
AEPBPML6HZCNA2CN5QARQJCIIHSA,B0BT855NFQ,4.374976
AHHZGNO2E4NAIBOKZ4CP4RMDHONA,B000DZXTFK,4.1276884
AHNY2MHCR3LYNLRKLZVLTUX553ZA,B07T3Z11QJ,4.964432
AEOBNJFZNO3YZC76JOBDBXUAFVYA,B08R7V5S3X,4.445165
AFPQPFMGLESPNSFDMVCZPWCGDAFA,B0BCXL2V52,4.530227
AEQIN4M4HIAJV4LSFTGGTQ2KU6ZA,B0116TFMM4,4.253918
AFFKWNAIQAYIWWRAMBH45SCGAJEA,B07Q38FWFJ,4.827042
AEHVF4A43236DDIY4KEN7XGQTA5Q,B0188WO6OC,4.926515
AHQPPPWBZCUEIKOIGEGXMBNDWQTA,B004Z8VQ2O,4.268091
AEL275DNGFTFLIFSPTKDR6VJECUQ,B01BJNIFLC,3.8372755
AGCVCVBQ5PECVBEARVIAQKDWKV3A,B0085545YO,4.681354
AFOOI5ACUEN6EQJGID72GT2LDZAA,B01M5F92GD,4.247802
AH6G3YNWPVCXX3C76IM5B2QPFUJA,B0B2QG44CZ,5.0
AH74VAPB4EPE6DUCD5VNR7PQELQA,B0002Z2D08,3.5457637
AHKPGMWJYPVJUZ3WKPO7WPRQOQFA,B07D533BY8,4.767082
AGEJRGFQAE756CZAUY4OQLHQ534Q,B096BHMVN1,4.6647835
AFUAQQ6VNKIE775XCZXO6JWY4FRQ,B00VSYN25M,4.1745934
AG64SW2Z4TEZG4IWEGEUFEEZBTRQ,B0BR2WFYL6,4.3508844
AF5UYSBQUE7CZYB4XX4P62KIX5NQ,B0BMYZRY86,4.024733
AH34OJILGDQ2AKX6WUTYD3W7ZAAQ,B077P9K2DV,4.625018
AGTGKLYFHGWKNOMOMJSCTLCPPRPQ,B0C54RRCKG,4.5876245
AFJ6BNKTPZQXGEOAIOMMCSESJS2A,B0772STLBS,4.399001
AFQEN3LGLPJJQPNATJMFW4ROBALQ,B017808XKS,4.4289045
AFUERYPQDEJGMFQ24OMVIKOAOWFQ,B01667IMKU,5.0
AE4LX3GCVHJIMCM4DIJZCWO7RCKQ,B078YMMBWC,4.0551877
AE23ZFVUOMPKR57BVSWXV34QLMVA,B000MVYOZY,4.477756
AFIBH7WXO4EP7S7MPBNUSRTIGO3Q,B0BK6S8QDW,4.426304
AFZSMLMBFEZVO3R444YHFYZANESA,B087W4WLKD,4.2570906
AFQUMYRPKJJT5VFV3SXZX576Q4OQ,B00KMA0R38,4.108463
AFGNBP4CGZGNXB33LHNUQ7SJZQ5Q,B0925WNSYJ,4.5455413
AFES2HZGVZLGZO2LNH2YRMIW3EYQ,B074KG3QWG,4.0328755
AGE6VFVSIBY5MZIHSY3M65IN2LPA,B099NFZP4S,4.5554233
AEIP4QW665JJOGQUKPV2LPTCRNTA,B00EQ25MTW,3.9765942
AF62V5OQ5N6AXFIPEC5OW3BITFCQ,B08CMNXMZ1,4.4301376
AEHMXMFC27SNQOSETCOQUVKFBCRQ,B0BT855NFQ,4.201952
AG3HAPNQSMKOI362OW3D6I5XBUVA,B08DM9NFLH,4.553626
AEYM4JF7CX4PXVZX6HBA5ELI544A,B0002E38BM,5.0
AGKFZT2MT5YRDKDTKWYKEAEGLUZQ,B00HTWQWFO,4.436241
AEGDJDPBNZIWPY5VWOWMPW7ZJ6CQ,B07BZWB2Q6,4.6115303
AEIBZ72IEC2U3QK2COAAGN3IOJNA,B00WJ3HL5I,4.337038
AG6UNPDBZCRVEBYEWGBIKOX7FV5A,B07KG1KPT3,4.825163
AH7VVPGAXBTVXWJOKQS4FFLNLFWQ,B0B95V41NR,4.5713944
AFT5P5TGXEBFHQDQPSU7COEQGTPQ,B01E0TCCIO,4.155282
AGH24MMACIIQCF5BY3Z2IPMQ6KSQ,B09QDL744G,3.999386
AELW2KBTX6VJ6RO2OSAKBEBXZNLA,B00CIO6BEA,4.442798
AEBCA4T6SNCNUEDXBKCX7ZFJQL4A,B0817CVBLV,4.9375653
AH3A75BKNRKPBNJZZ6IK3CEGBR5Q,B081BKLQJ7,4.3715262
AEOUOKA2NPLBOSG73KGJTVQIOK6Q,B0BB3LY92H,4.45173
AENNORCDOTT2KFT5WUIK7PJ2EXOA,B01AIF4CL4,4.482935
AEXDJIXUAUGIQ2AE3PYDJI3G6VOQ,B06XGZ5Y5P,3.8334868
AGODDVRWGAQPWOIVFD4V76XIST3A,B07D5W5X3Z,3.9067812
AHUZL5QVP2SC6GOXSKGNAYUZQZ6A,B0B95V41NR,4.4936113
AF2BVC7G4GIJGTXCKNZBTXVYEFEQ,B00Y9AD4HS,4.428232
AGQRL6XMEEY66MRXGBM6JSYF7AKA,B01FX69CHW,4.545723
AEN6ANHOT5COUFKFIQUZMB4XGIEA,B07CQSZQZL,4.2147193
AFA5S5G5YODYDDKYA4I3GYFU27XA,B0C3LGQ9S5,4.732472
AG4PK6HY6J3ZFZODPIT6ZB3VV4IQ,B0BJPNRP4V,4.7108135
AHGYSJ5C6F7YUTGNX6EMVI5QLYUA,B0B8P1YW7L,3.9838815
AHDZKPPKUT7HD47LXCBN7RQNN6KQ,B08448RJNW,4.078777
AG5F4B4NU6DRMAKP743BDE5S3T5Q,B00VEMPWVU,3.6489584
AFWBENHWG6A6QJCJISR4IU7PO3UA,B0BX8VV8Z2,4.353077
AEKGQMZDSCDWHSP4KYEJHRNSTX6Q,B0C5BMZ1K9,4.4450192
AGRYONT5LYN4O3T555UX5TRUOBYA,B0BKZ7328F,4.2406135
AET3WWTDHC32X57Y3WR7C34L5MZQ,B078X3SSY7,4.4582906
AFXNEMBTXLBPE722NF3QI2OX6QFQ,B01KDK4UTI,5.0
AFIPUOQA55DSYMSWGGKNQ6FXVXTQ,B075SVQVVW,4.794103
AFLYNE7DKJGOYOCNWPQ46WNP5KJA,B00IMB0Z4A,4.5702634
AF4CELFQ3HMHZYWCKMITB6KSJFEQ,B00H8AOKO2,4.7227526
AFSMS4HPP75DQULTPV4E6CLL454Q,B0BSCF2FD7,4.566298
AG4ZLTRHVAZRU33BPY5Y643IZXPQ,B0C3H7SNPQ,5.0
AE47C7UCH25CZOSDB3ER3YYW6ZJA,B00178LDW8,4.270248
AGJE4HMAW5VELBJO2TVTVOH4OYTA,B099QSKMBP,4.2241855
AH7FBTPM4NURZRFIATVTWHJHRG3Q,B01BZTH3ZY,4.000498
AHPWJQOL2OR454QAR6AHWS4HWNPQ,B08CNGNB7S,4.968489
AGMF7KUX766SMMOL5OBOMUR3LHYA,B005H2007E,4.2382436
AEPAL3UKP57YJTELML3OBPLR7TVQ,B016MJ80PO,4.0720434
AGSM5OIJ35QCDVX6F36S4DBHKZCQ,B003MB7156,4.558014
AEZZ2LUOLUH2FIIIV5SHAWRC7PKA,B004XNK7AI,4.5007944
AF52YYNCWCZXLKCCCC4JT6MWB6QA,B0BPJ4Q6FJ,4.453953
AG7E5VMNQ67U4UMWHF2FOZNA4NTA,B0B8P1YW7L,4.8817353
AEWMZ6RHOOOX7FSGKLOJKQQ5EZOA,B087X1CF8G,4.6499043
AEKCJMQBLT3GBJA6JG2MY34B3T2Q,B00065Q1BQ,4.100157
AE5JTZUAR74DEHJ5SQB7RS3SWQJQ,1423414357,4.136741
AF4O6CFDOAPNEW63OPOZLJGZ5C2Q,B0C4CJND96,3.3198726
AEUKSU7GTIU6WHZHLKVDDXF3FMFA,B004UIFXRI,4.3860216
AGW556U5PWHKSJY44HOFU6J6Y2AA,B0BT855NFQ,4.434907
AE7KLONBB6QE74EMTW7WWWFABNIA,B07CYRYQ8G,4.2628274
AF33HEDLD3R7575PIVJCBZVQ2SQQ,B09P3ZVLV8,4.4633474
AH5SU22TDKPZPA7V7VHL66CPV4ZQ,B0B7ZQPJ1X,4.583079
AFGI5XVA5EBVOE2EOS42KHQSULXA,B005OZE9SA,4.2985997
AFASXE3IVLE6SLEIUL6MZLWZPSHA,B0BGQZNQ53,3.8961964
AHS3ISPBYRBX7O2VLTERGFW2MXHQ,B01M5CXA0N,4.0957294
AEQH3EXLP4OQR4XMXVDVITSKESQQ,B01J317H5M,4.4381747
AG5QJWMXSGR6QK7CTCJKXRD7OSOQ,B07MJVGJSV,3.1290488
AFLPT4RYDWXLQ24OZU7RQETE4CKA,B08F9K24WG,4.631514
AFDI3YPNNR6IN2BJIJS7RCC64V2Q,B00N4ZIWN0,4.63976
AFG5CUW2ZXJHKIGDKYSPUSRCUS2A,B005SNMAWK,4.3042474
AGUOHU3QINJE3M3WER7FBW3GNALA,B0BHG58G2F,4.3661737
AHEQMSP3LBFELE4QDJ4LXAD3LYAA,B07YB77XXD,4.448506
AHV2XUY4DXHZD7RKGPWFEU74NBNQ,B00WB2401K,5.0
AEFWP7QQF5X4YDRF3U4LAXUO6PFA,B0BLLKKFR8,4.802192
AHKVXBCLPRHVT6XJVQBU75JHG4XA,B0B8YVK5YC,4.464763
AHICAEXRGOBNEKCK2KQYUI44SMVQ,B07MJVGJSV,3.6630511
AFHDHQ4RL34M4KLPBSN5FRJK4CDA,B0B8M2Q1DS,4.025286
AEQENVDD5SGG3O6H6LFQVQY4PL5A,B08TVWY2WY,4.839661
AER2KIKOGMGPCUESQTEQJGSVM2GQ,B07YJZGP5X,4.8568673
AG56GLTP5QGI3KRCHCFC7RGWQ4QA,B09DGSCGW8,4.7503242
AF63VW7YLF42A6STVGBLACD7RUWA,B08BN4G8GG,4.187762
AERGPILRKONAH3OE4YYQOKRCSNMQ,B01AATMW38,4.934479
AF3FBHCAUSTHXGTODQONDLTDVQ3A,B00L1E6NR8,4.6245117
AGHECGJA3S5TVQGZHJZREKKIHPIQ,B00VEMQQB0,4.2798715
AHD6HKJ4CNXV33UEHRJ4VY2ABMTA,B0BKZ61YJJ,4.331884
AE4FN47IOPN63ZFGGYNMY7RLMODA,B005EU6KYG,3.7543359
AEMG6EP7KEMQNNP5C2ETNZ2A5DNA,B07NSND3FJ,4.2949677
AHAHOZT5TWLEYPYLP3UP2SMEKHYA,B00JER27MO,3.7185078
AGL3JNBPKKW22ET2KU6GFSE7Q22Q,B09BR11LYJ,4.308144
AEGVLJIQBZBO6BWEALPMJPPQEZCA,B01E4MELN6,4.5135193
AHWBYKM4ZH2W3KCZFJSRU5ZAJE5A,B00D35CNL8,4.3412876
AGHQ2K3TT2J2TYTGJENKB736QD3A,B0BXT1HP18,4.0139036
AFHDXRVY6XZO6QVPIOOQRODJK54A,B003LPTAYI,4.1928244
AEDW7SQR47MF36I4WNHKGDBO6SXA,B0002H0KG0,4.963624
AG4UIV3BKJP4SYWONJ3RMWCPBHXQ,B0C53Z9TDF,4.61846
AGLTZKRU7DBJUW2ETIYDCZTX35PQ,B0BT9R8MMV,4.9145594
AFX66HHUFOEYU34TWTIJ5G6UMUBQ,B07F5PX9Y3,5.0
AHRJJ4TYII5MHJUTLCCOGMB466JA,B0C3J448FC,4.6345515
AGOE4EACWAS5GX6JQJA64IL2GOJQ,B09RSG3D9Y,4.9922757
AGRENY3LF3ZMX7Q4LLIFLWACQDNA,B0BJPLQDWD,4.649429
AGLP2XILQOGYKU4SS24HUGYUUCOA,B00378GEAM,4.683368
AFILAHKCMDQESN2SURI7F3IJB2LQ,B06XB3FQKB,4.7199926
AHFROC2LGESBRQYKHELKW4SHNSKA,B089ND6BCY,4.5306177
AGVK34A2WS5EDKNW35GTRHSOA2XA,B0002GWNMU,4.4812136
AFXWB2FZMZATXH727LV4BH7TQ6GQ,B014L9CCHO,4.6627784
AHIPKIT25JKKXMUL332SVAWYAKBA,B0B92LPGD2,5.0
AHECTAKZROG5ZLM3CABAAIBRS3NQ,B0BCK6L7S5,3.881794
AHMY4433RXWWWIPLL52FFK3KA2BA,B07BHTDYGR,5.0
AHO5IPKZNXFFG2LYSCTINORZG7EQ,B00RMCTTLA,4.4882946
AFIYLTZOVWCPKU4HWLRBJ55QYQGA,B015IJIO5U,4.5398808
AHQ57ITZAVCHJFVBDTPJC6GFZIGA,B07QH1B746,3.51293
AGOALS5CC76GFFR2NIIYNIHHIABQ,B07FYL7LW1,4.582907
AEH6HVH3KDBXPOCUBS3FU3EPDJNA,B0C6J1X7TD,4.7499514
AHB7NX5MFSJ6W2NWR5UNUFEF7RNA,B00OGMD0VE,4.813325
AEPX34YWVIUCVH4NTQRTPWILHC6Q,B09NWCD36N,4.7068114
AE3WKLUJVFL6MZVG4N6K3JDYRG5Q,B002GYWBKU,4.3772244
AFPNXG7VP6RXRJ7JGETPK5RDB2OA,B00WJ3HL5I,4.384985
AGT2TLMLIWZOIPRZ4ZANFYICIKDA,B09PBL98Q4,4.2901154
AH5D3TL2SIYIOBOHO6PK6HKB7IYA,B0C6J13QDT,4.7364836
AFD3SUBU6QV4WG3FUYMQNRHKHADQ,B00T631UTC,4.030477
AEXUKBVS6GXAUCTDCHL6AX3A6DOA,B0BKR2ZM9X,4.9512544
AF3WPB2U3INP4QLJ7LMFA2ZUBAIQ,B08Z5ZQB7F,5.0
AFYHJWIGHP4L6MNJXMWFDRM2PNJQ,B000CZ0RME,4.289105
AECSHKQ3FAAINVZZL4REOOWYIJGA,B072575CX4,4.8209157
AH5QEH7VIRRWOQ7DHQ74CJ4FLRNQ,B09FSRVQ61,4.634154
AERXMC47CCEV4V4ZFSZMQEEVBQDQ,B005QKNUOW,4.1484456
AH23J2XIYQYV4UR2G7LK3JG6TGCA,B01JRKPCG0,4.566379
AFP3NWSV6FAVUJOBMED5Q2CA5VTA,B00IFOTSJW,4.251499
AFZHRGPFPMKKAPUZ7UN6ETIKTP2A,B00P00C1UW,3.8373168
AHTRZPYHDLUDSPYWMFELSSY2F2KQ,B08VJC3GCM,4.4418936
AHPQ7WC7LTS4M3NMXHMGMCXHFBJQ,B0BJHZR65R,4.429325
AH3KEIO5FWO67MSZBUDQJFDD2O5A,B07C9YCY5J,4.8242974
AGBBU5ZI6SNTPSVKYHUVUAPRXEHQ,B09G9DVTD3,4.2924175
AHK2JKHQ22EXZBQWCF6SAV3XYAYA,B08SJY4T7K,3.5058925
AE6BYVUHZCRER7JBO5CFHJEOHAVQ,B005OZE9SA,4.1279945
AGL755XXU2BKX6BRIRD54MUZTRKQ,B0BPKH4HB2,4.5842977
AENQIPCGFGPVCMZYAJK7LIBIZNQQ,B00P6KJ4P6,4.9440656
AFGD2TUWHNIVK3UQJB2SK25U7ZBA,B00OYUSHJS,4.4031806
AGFB74WQOHVJP4PGF5QOXM5CXYQA,B004VSQ5Q0,4.210882
AG6IBE7FYXFZOF3OZJQDY5R3WMQQ,1423414357,3.9836211
AFFPCRIHLQNCUF3UHZKFIO7TWK2A,B00IJQLZVK,3.506279
AEATATWIJVRKLZHL4XQBAZTTVWGA,B00L9R9YVO,4.6547365
AETDJLRMEZGXMFP2UJMNCQOGMQJA,B019MF3U9Q,4.398094
AHA3RWGZYBVOWOCD6NZ5U7SJPRVQ,B0BSCFTV2G,4.82663
AH3NV4CV2XTSTD2APLWTU4RQY4WQ,B0151KT2B6,4.614804
AGZXSZ3JSHVOVFSVIPJN2AZXAKDA,B07JKRBNWY,4.811422
AHWVLOZPSUC5ZDUOTHL6MTPH44SQ,B00T3SKTCO,4.5245194
AH7YWZ4DE5LS66XEUKXJWBKN35AA,B016P20UC4,4.5288386
AG333H4F43U47DZL4GO5CFBLMU7Q,B0B7B9W8HP,5.0
AFH72LPZ4WR2NUKOX6VR2Z7HXIZQ,B07YTPVLV3,3.999402
AHJH3LLQPKTVUMUAGO4BJO5BPHJA,B00JQYUAQU,5.0
AHF24R5NP5RIVLACS63KEM7MQH6A,B0796CFWKG,4.619963
AEW2LO2YEEIWZ2V7CPL7Q6JBM4HQ,B0B8Z5SW8Q,4.348879
AFNTSVIYFEGL4LCVQ57LQLNT6FEA,B0BJ8WDC13,4.3837204
AHK5WUWBA4YLYDVBSEIOUL73A33Q,B00IPH8MD2,4.611218
AGDNOK4WENFWV3HIU6EWS3PGKFPQ,B019H1STZ0,3.7725852
AHVOTEEVDVGU72JTLCLMFW5LLY3Q,B0BR2HYQ18,4.704111
AGWQM2RDWHESGJBIMAO5YYYFMS6A,B00X7DEBXO,4.1658645
AEPIKVM4G45VPQVGYKTVQVCV42ZQ,B074WXM13T,4.695349
AGNEABV223NAJ3T7MKZBTOMDSX5A,B004U0JTHG,4.0393753
AF4SXAHUFXPXFBBM333BSHEX52OA,B071ZHLFH2,4.0960236
AE6WNCV4K6LZDH325544MX5ODOTA,B0B59DLBMD,4.975621
AGMD4FTETUZZRG5DAGD3ALQEMEQA,B0C9NGP88D,4.7705016
AFE77S5RFZS4KQJL6SVT5U52ASCA,B0B16WH36J,4.8891854
AHMIJ4JOTBVZX7ERWMM72CRSEQZA,B0BSGM6CQ9,4.6651754
AFLP3PAE3CNZ7ETSWRS34KDYMZAA,B00XBQ8UGG,4.3120656
AEK44DL2VPRLCOPLRUCGNGHBNY5Q,B01AH3RSAO,4.2641397
AEPNCQE67RNHL55MEZGPI653CNOA,B00JL5I57U,4.4393563
AFVXOXPDFHFXLCYM6H2HM5PUOCMQ,B005Q1XR8U,4.035489
AEVUFBDEHWXHLGY3VNAET66A5ATA,B000CCSWPQ,4.5240855
AH2ZQVPKTAYCR67QNZ2BNYP47HAQ,B00OYUSHJS,4.6188097
AEBEWVBPH5MBXTRNXQR7WSQ2WWZQ,B08FHV6383,4.8549166
AE7FJY7OAOPE6MSGJLWVLQQRWMJQ,B0BYPSNQYG,4.525073
AGKJNHXZ2RYFT4CN3ZTRGAGDPLCQ,B0BK6TR1M4,4.3774724
AGRT6VTGHZIQYDQKPWKQGMUXCGJQ,B097FMTZCP,4.20126
AFQ2E6LDZCDURZ2WY6BJV5RYOLVA,B07DLBJKMR,4.6582217
AGDYPVIYB5CJTZSJ5H6ZTQHXPFBA,B099Z7ZKM1,4.2040496
AFASBYSUT2NHJH4M3PWBO4ZYZNTA,B0002F79E8,4.6320605
AGJ5ZHY5Q43NH73NAAFRO3A2TQKA,B0B154YB1X,4.32196
AFW5SULKL2IZK53IEA7T3HJMQXZQ,B018FCZKR2,4.796011
AE2NR3B5X5JKLKOZ3LTKABR3FMFQ,B0C3LKLKLR,4.707588
AG3S4FROO422V5KP7DJCBXVUQLJQ,B08P4W7NFP,4.842268
AGPE234Z5X3X73B4DSG2DE3ZTG3A,B07NDJ1HSG,4.8265867
AFUV6KLJPKFA6QQYGINR4D2MY2XQ,B08T2N1WZR,4.734315
AGG4LCGNKY3EVBOSELGXMEDXFYEA,B00NARHNCS,4.79455
AFKYUEIARYQHQBR3D7L4VNO7ELRQ,B00PKP3EG2,4.3233743
AFROEQNCYABMPCZYZPJSQZALYZUQ,B093GY64S8,4.4881854
AHLCWDLO3LZRSKKBRQ3RVIPYLHAQ,B01DE4DEGK,4.658536
AEEFBCECFWLMTV7INRRMZHWMYLOQ,B076ZNHZ59,4.710395
AHNUALEQSBJJGHXFMSEIHPPXJGPA,B01FF4L8Q0,4.4594965
AGBCUPQNLHJ4MYDFKJSRB3ZX3MHA,B09BQWCDP8,4.5039606
AFF6IT5MM7GHW5HLHWHVMWPFNUPA,B0C53B85WZ,4.5341434
AGUQUN4TIWP46MPNHP5QOPOPRFPA,B009GS6Z3S,4.1989646
AGTY23JAMILFRITGRT5OIA4HKFSQ,B00JLPHKDA,4.6485133
AFQOWS53WHEFRW2W6AWOQ2MOEMZQ,B000LGA2K6,3.2154655
AHSKAICVSFGCKQNXY36HSJ2NH7JA,B07MVRZY88,4.4556665
AHITNRIG3XWBTZQ6NIWR3IIHA6PQ,B07BMWJBY2,4.2255144
AGOTB2JUTFNKGUG37SWAS4XVAPTQ,B014F1UKI6,4.1439795
AEPJXX4K5S4WEJ7EHNBIGZA65CGA,B008FDSWJ0,4.433613
AFSHECZQ35LO42UUW3XJSQOH2QKQ,B07FYPBL6K,4.923877
AETH5XE2ZFEB54ARJBP35D2CZLPA,B08XMK3D28,4.3646
AHSSA3HG2J77L5CLVFOXMN2I6VSA,B00UQHLNDK,3.6927998
AES7KU7JY6KI2MNQ4N4IP2YCMTZQ,B01N40YZZQ,4.0028815
AGZYIDZNKPDI7NJFATD4H5UKEIHQ,B07MZVHQXQ,5.0
AFEBTJ3TAS5F3OGU5NDX5EYGBP2A,B00EB123MM,4.791613
AFRX43P7EYLAC2GPFFUU7XN6OL6A,B01N9CJDVE,4.450026
AG2ELZ2DRRAACHKCN676XALIEI7Q,B0745KXRSL,4.5946937
AHJ77FMTOSG62L47HGC7U6NPAV5A,B08H1PVP9N,4.5414286
AHEAUBT2BHFMZZVR44BH5NKTU4KQ,B000GATTM4,4.511481
AHOAKTHD5FA7MWLV4I2IBOYZCCAA,B07DVCVG94,4.50555
AGL74F3QKUTVW6JAEHRM3DFXKBRA,B0BLH2CBVK,4.0875688
AEW3RXLOEMYULYRIDHAKSVNM5KSA,B097Q9W8MW,4.6369414
AFRHKO4374QYE6EFRHEGGSPVWJSQ,B003KX4SC0,4.6332707
AFFCH5I443XTDKKP6XVHFGRNRN2Q,B0B1LK9SXB,4.3119035
AF4KQTMWVCWCJN3MX2PX4JXCAHHQ,B00RX5HQS4,4.795479
AF6IFSGJ6MZRYRS2TEDTSXHE5VXQ,B0BPKH4HB2,3.9644992
AEREY6SH7SQUHGC2ZE3QZLWNKVDQ,B07BLM53Z1,4.7205358
AFJ64QKSQO4JS2RDTIM6R5RIAMBA,B09R3KNKKG,4.959706
AHMYDJYCDBIVYE24FCGQQFPCG4LQ,B001E95KG0,4.5302396
AFO5NENKMIZMM4NNXRWML6JG2CWA,B0002I9MPO,4.805623
AEOM4BJ3MA6T6Y2JD23KRHYMUOXA,B01N1UI8V7,4.6795206
AEUI4EM6UBCN6FUKBGISB7UJIFBA,B00BS1986M,3.9368467
AGIQ2MENYEDXSL5VZHDKQTCC4ZSQ,B000CZ0RLU,4.348412
AFRTO6XX4O7NOD6UYOMG3ISOYTDA,B01LYJMH9P,4.703122
AGEYOG5C2ZNK32UKSRKALA6MFSYA,B09857JRP2,5.0
AH3M56TVSIIT635XXCL7ZXR44TYQ,B09N3PBT9S,4.4194264
AE23WLBRYKEC67DM43M6E2MF7GPQ,B00356J8KE,4.0444536
AF4VXIBLX7STK73A7PH3ECA4GBUQ,B07RL64LCG,3.8252225
AFVF5ZISRZDB4O7TWRAKFCX5RL6A,B00PZGTVAE,4.6382275
AFQD2EZ4O2ITFTDMWYBJOHSRJNJQ,B09R2TMLJR,4.4872675
AGN77Y4XMITXHDOOVYTIS5ARTU2Q,B0002EJNH0,4.6739526
AEHS4V3DRQ4ZIXBWECYJPRN5TFZA,B0928HW2P4,5.0
AF7VRLJZIRYWVNXMW2SAFC3LZWMA,B07N5J3GTB,4.4221225
AEYVYN2QKZKKFTW2LNJG3QKFGHPQ,B09BS25NJM,4.748844
AEMLDUMRZRY3H5UQSTVOGIKOR6HQ,B00H7PWPQI,3.4931023
AE7GVDNRY5NABEP253Y3GMDUZOZA,B00HTWQVU0,4.4133945
AHVXKHLQUUSLMXEJHNULQ2IK6QKA,B09JMYM88H,4.551176
AH37QN446MUICQOGTHU2R2EUKLXA,B071V3MY58,4.551824
AH6MAK6PF2Y5LOQKNJCZBEXMKYSA,B015WD6FIK,4.472832
AF4EY2RL5MCVIFTSNCGQ3SNR5RBQ,B00IFOTSJW,3.790379
AH4PLW7QNHKGICQTUDLLLEGLRKFA,B0012BPMHW,4.9012337
AFYU7L6PPUGCEG4QKNLBLABGJSTA,B00Y3NG5HM,4.130776
AFNBGFNNXC67NLYI54RYRDKFA2UA,B07T65XWM2,4.479373
AHGIW4KOZ7GCGETIM5WLEGYIYPVQ,B00H8BRK0M,4.1888614
AFJXYPYONCFB7NAUAUK6AVRHFTLQ,B08B6BF5RH,4.645568
AH54RFRZZFYUNYDPEEZJQDXEVISA,B0C2X15CPH,5.0
AGQ6GRPMLRH6TUFSQLMCND27UTKQ,B07PPHHG34,4.2493367
AEYVWHALKMARVCXXX6XJOATQ5LHA,B09RN7GR8F,4.3631344
AGMAZX4H5TKOZODQJ7MVOBMS32OA,B07C91JT14,4.483583
AEADVMHY7IFFYDMM2IINZGE7UDEQ,B0BXCXGCVN,4.370298
AE5KMHTBVVH4B4TDRKLTR5HQXJVA,B0BZTB9B4X,4.4640527
AFNDHAODHIE4ZQLJGOA3PYY7FTUA,B077YGLM39,4.921201
AFQKIGEYXZL76W7BIGLVR2RIPMZQ,B019OO4IY6,4.3002667
AHSYUEHHWA3FIZAUAZYFN54OHZWQ,B0BHG58G2F,4.7114716
AE534R5TF6WSI6SQTKUHLDSPUFIQ,B095XCZXNQ,4.581152
AFOBLXDRYH2XKLUTRJ675NJGLLPQ,B00LU8K790,4.2447486
AHVFDHPFOJQU7QROTAEKIOTIAI5Q,B01LX96P3A,4.6320705
AENHAKVFOY7IOTVFZ427OOWIB66Q,B0002E1IW8,4.9554214
AHRQCX6F7G5BXPNBEQ5MXPTRN25Q,B00UXE3WOY,4.2895694
AHMZYSO7LAKS6M3D63FQIPQ6UPAQ,B07CQMZVYL,3.9917603
AHI3FR2LO3SB5SALPSQEFYVAY5TA,B0040YZEJ4,3.8376136
AEDSQQJHX6LWSUUJEL76MQSYBELA,B00O6KT5HO,4.5510488
AHJ7KQRR6SH62UD4ESCUELE2BMZQ,B00HH4NO96,4.365143
AEGQPKRSLGQQORW3OD4TGBYLPAHQ,B077J6ZGD5,4.7931256
AG3TPH4URP2435TBSYMQMEDWFVQA,B07CQ9VV6F,4.5898123
AFU65KF3HONQANSBDPJ24PMXDCHQ,B09RTZ26KV,4.7900915
AG3ML6ROY7CFJTLMPJYWIW7KXQ7A,B0036E8DE2,4.682902
AFDVTLUWYDVFN6YZ372K4B3HKSDA,B0042EZH6W,3.8753226
AFZOKI2OHUU7CIDPTMUHNIRBT4OQ,B00E1P4LGE,4.932366
AFUBUHRWHPHCEJXO2ECK335UGLWA,B07M6B3RDW,4.70029
AEN5VFEOCM4ELH2ZTQHDGUZDWDHA,B00H8AOKO2,4.4866166
AEZNCOTOACFQXLFM4MXKSQW6SFKQ,B07WJ1FPX6,4.4797463
AH6STOAHH6WQEOX2LJHUIMNX5VVQ,B000RXN6XI,4.8956957
AHOBKBVHEAT4KPRVI7TYTF6MEJXA,B07NKMZJ5M,3.9561105
AHWAYCEX3NCWJD32JTFVBFXKUHOQ,B07DXQ1NP2,4.286877
AGT7E463C4DAGHWCWOPRZBMLYSRA,B01M1ESQ9A,4.9282827
AEDMWS2C47FQKX7YCUBF2AKGOUMA,B07B8WL33G,4.698813
AHKJF7SU2DIXO7MG4SODYBOJWPWQ,B06XFYX3NH,3.2730012
AHMA7ASEUEDMYKTWHXZ22SLC46GQ,B06XDBGL88,5.0
AGSAA6D4WSVEO4G2JONYMQZGVCJQ,B018S20LB4,5.0
AHC5GG7MPPNIJ6WGMBE5PEQVCCSQ,B004MN9GWY,4.881155
AEN326SBT64VHDX7FG2G7ETRXB3A,B098KXQJVY,4.758904
AELBQJXOJ6S45HQ7IT5QOIZGDDGA,B08FYHSQTZ,4.40334
AGBN5H6XSN2RUYI5DGFRDAURIUUA,B00FZJ25TU,3.5330749
AHJS6QDWCAHL75QZJAGW2VG3SZKQ,B0BK6S7QF4,4.9898577
AGAPF6VHHUW6PCF5XWW66RGE5QJQ,B075GKTV88,4.5238338
AFUHHLYX3FRBXN7T3V737VFKS2ZQ,B071VN1573,4.7925367
AGBB2ZXVQGP55MT6EFSXVDRBVKHA,B0BT84L827,4.878886
AH3O36VZKKWCD5U7AWEQ3MYGWBKQ,B07NST2LSB,4.7701445
AH4VJK4THFGKS4DEP4ACMUYHLIKQ,B0073XCZ3C,3.6131802
AHEMAURZYRCARVTVF6CQYTYE4I4Q,B07CRLJWQ9,4.5545664
AFKETZIETXOR3O3WQ2IEITFSYJ7A,B0BXBFG6BX,5.0
AEZCTDIBXZVKKAKKKKWSXKPN2MVA,B00H35YIJE,4.814745
AGRSW6MPQOGFHVMYGV3X5LVHEQUQ,B00PH2M4KK,4.4844527
AFDGUCQSIXBG4HVA4BOYOY3VIRDA,B003JFVESA,4.4110346
AGF65W2AYMMX6AGTCI6FW6FVCYXA,B09C5XTVCD,4.7376757
AH6LZMLMHAU5AHGSA7G7E5VEIUNA,B0BSGM6CQ9,4.7964473
AGEDMQORKPTVJJHUOOW6USGHTUJQ,B00B6WZGHS,3.7444425
AELVAQBY4YVAMT24YPU6FYTK2I4Q,B00VTCBQS8,4.4526916
AF2NGUZ6QFZJUAAINQTWZL5WMXRA,B019OO4IY6,4.3984346
AFMMK575JLG32D3ZQMSSR3MX6R2A,B08JMQR2JK,4.248178
AG7ZPB5T4ZGBEJXMUSVYO3B3WCPA,B0BZ5JK2GC,4.1287117
AFK2BXNXJHJAKDMSCRX6V6RZNX2A,B08BW2TBD7,4.727298
AFZVBHPHF7PGY3EAVSLEDOGCA6NQ,B09VGM7F6Z,4.0689726
AEBKMSFD3VIXE6CJSSMV3SSPEF7A,B091F4D8NF,4.2671137
AEIXKVIOBX6AFYFRENWBSESOGMOQ,B06Y2W66F5,4.220923
AHQCDCQ5VFDGM74DM7RQ737GTOYQ,B09SHCSSWM,4.571129
AGU2MZU3LPS5YIY2CPDAMX3XXJOA,B0843PZHQ2,4.4806137
AGFO7J7AHSMMOZJCBP4B2UADWX5A,B0731K3M6Z,4.712915
AFVKWBQQ6VUMTZKTVXN4Z237ZMOA,B07BHWJMB2,4.089361
AG3TURJ4DOPD3S6RHZRV2XRRJYPA,B004THB824,4.49801
AFLT6YM6MG5IVAYHJRNVSQJIJXIA,B01MT5S67X,4.7667236
AEWSA55RYTVXGVCMPGGUMBHJKIMA,B01GW69IQ2,4.8826957
AG4HSLU5KO7KGCFCOUKKBXS2NGWQ,B07PSWC1XY,4.0217934
AGBN5H6XSN2RUYI5DGFRDAURIUUA,B0BSCGXCVP,4.284261
AHR4N4IZKDYWKN7WB22HJF3TE5MQ,B0BKZ2F82F,4.5274725
AHLFJCO3SENFEDTOXOS5VC3GKSXA,B0002GXQ2Q,4.7658515
AH3DEAE4AW5D4AO67MNOXOI5YE7Q,B09396NY1C,4.0409474
AHX2ASVMXSHSQDBYGTZFDMCGVCQA,B007MY5BII,4.3960576
AHLWV6FKLFZU7O46CIC4EPMK5NQQ,B08566SXNF,4.479177
AHOTQQMMQDCYWZHF7HA3Y7DLVQVQ,B07CV6VYXQ,3.798057
AFITYUC3765LLGHMH4L6XJXCOWIA,B0BPNHG7M2,4.4013543
AGP3AB5E5WTGFFVJEYVSW2DYJI2A,B0041OU1X2,4.8041315
AFEXGGP2FKT5NOCTC5O4KAHEIVHA,B01FJZBI7E,4.025738
AHGSGQ6GSGOIRZOG6YXTMXJIXKUA,B001L8IJDU,4.634974
AHW7ETGBKGX6DCG2LBAG5YAXU46A,B0B8NJBS3V,4.909231
AGBC6LK4N4ANCY7GPBKSV73XQK4Q,B0BCK6L7S5,4.151068
AEDUWOYVRIMELJMAH5D64RBYKKUQ,B004MNTIL8,5.0
AEOAMGJVK4MXPWM3AYQ2RAVC43SA,B07N8V6K46,4.557508
AEKMHFZZ72OB26PKFPECASSLCBMA,B09N3K3KGT,4.762753
AG65EMDZJ3RRQSYRZMMBUR7TBA7A,B00JER27MO,4.3993263
AGL62R6J2RX6ZL5FJRK46OZLJZAQ,B09PWCF6T9,4.6205354
AHEAY4LVXGQBFORIT6TQ35RR57GA,B08JMQR2JK,4.300913
AEBT5FUF3Z2Y4DDIJV5TCW43C63A,B0BRG35HYH,4.350959
AHQBI36Z5MNGGQS22FDO5ETXLLNQ,B0C3LGQ9S5,4.692549
AHQ5AL3NKAPUD6K7DL6EUC5XX3JA,B07FYPBL6K,4.792963
AGXZIOXJQITHVPEVRZL7AJO4TAYA,B00Q8KGL54,4.4876366
AHRRM3MQAP2ED5JAKBCLTJ5DQBAA,B09857JRP2,4.9420514
AEMMOYNKT6BNKNRUNRY3TH53DYOA,B005PGGU9O,4.404788
AETU2L7GWTRUWX2FPHLAJEKC7EZA,B0002MS7NS,4.5452704
AE2A7NOBDCZP7RINLG5REL5I2GMA,B077GK1J7N,4.3472342
AFLCKOPHSPEOXRM5HZQC6X62Q5AQ,B0002GX7XY,4.9849634
AG3S4FROO422V5KP7DJCBXVUQLJQ,B0002CZU56,5.0
AE7GVDNRY5NABEP253Y3GMDUZOZA,B00B5LDMH6,4.441123
AFKVZFKWM3FJTWEDGJFSQMWR2KYA,B0B8M5FJ9W,3.9625704
AEBTJ5U5BUV3TSYAFMDHEZVEPHNA,B0002D0L4K,4.5362124
AFFYHATF3D7K36FDI5EMWOUXRXAQ,B0064BCRQE,5.0
AHGC6HXFKTGNC7UVJ2MXA2ZLMUCQ,B001MXCY58,4.318898
AF4F5YORO5MADXZQC63MO65FQDGA,B076GHR7DN,4.5625415
AHY2QC53VJB2Q4WX7I5MYFXBFSGQ,B00GOIC1S6,4.2883725
AGVH6XX42P6SIONXKWBKGJODPMTA,B01LSHMR86,4.562017
AHJYHZOBOSEBCUCJNMHN5DPZ5DRQ,B0B52FBC66,4.8331923
AGMADA7BVXWOPUYDHC3C3K3OKO5Q,B09CH8SDPD,4.8419437
AF2FHIOZUNV67HEU4MSXQ5DZ5A5A,B01GSVQM2E,4.28377
AG4AVSOJINHN42XUE3Y5D5XSAHBA,B008YOMVDS,4.078653
AGHLAYBLKOMA7JAM2PKTKEQ7EOMQ,B0C54RRCKG,4.559326
AEH54Q5HTMEFTXWFJA4ONZK5UZNA,B011N2VC64,4.143441
AGJ5ZJKUFS3F6QECAILM2J4L7ETA,B073RTT48C,4.671722
AFNY2S3YRSPY6NST2O2SQFMSFRIA,B004XNK7AI,4.7684307
AEZJFN2YIACVU5YHNMQVKNZ7W7VA,B085H22BGK,4.226669
AFKJVDSTDRAQZUEEWZUEYDUEDWDQ,B076346CZ9,4.6116595
AFY5LZPYVJ52XQRIBQ7JJVNS7TDQ,B09XQHQ5VF,4.086114
AE3L6TIPOX3PCWWEKRRM32YPNTXQ,B0B949FD92,4.3864903
AF2ADEWSNFYF3BRXGP5KXRXULGKQ,B08448RJNW,4.4693685
AEJ4UHRQGA22XAKVA5QKWJ3ZIMMA,B0BLGC3C1W,4.1541653
AH5H3RK5Q2WAXHOCYTKNZFAV3UGQ,B07N5NMWXK,4.911687
AHAWNAKRUGKRZR7F5TNJZWR77XPQ,B08T2MZVCJ,4.0724015
AHQXSURNHTA2ACNNVL6F7K5BDOZQ,B09857JRP2,4.6853814
AHSVOKGVCE3MBLCCGXRLFPLLISJA,B07YQ4MWD1,4.4710116
AGS55F6CFFURDAUEXOEH6NTP2CBA,B07PPDY2NS,3.6740646
AHXZMBZM7TCTGR6YQ7MI7LEAZ7QA,B0007SL860,4.6587386
AFJL2PWGEZFPTWMAWAPCGYY2F4AA,B00RMJORJ2,4.885096
AHHNBVPAODMOFE2SDZ7P4K2CEWOQ,B0C67HCGBR,4.994253
AFND4WHBO6MV75PBKNHCBFZK6VWA,B0C6J1X7TD,4.4996505
AH74S4ZHQIZ2HCY4CYQNNFD2EL7Q,B088WWS9GM,4.8256516
AEDW7SQR47MF36I4WNHKGDBO6SXA,B0BGL5H5Y3,5.0
AFHZXNYNK74PAWXKHPNHLMY5VJNQ,B0C2CBF3SK,4.5496554
AF6VHCT7J2T3FLU2BPMYWGVDG6HQ,B06XZ91CGG,5.0
AEN326SBT64VHDX7FG2G7ETRXB3A,B07FYJ7ZLJ,4.615606
AHOTV4CLZXG5X653HKHCKHVAPG3Q,B00JL5I8H2,4.3684297
AEENWSVHLUOJFDM4HB2QEELDVEMQ,B09PRKZ6FN,4.5954595
AGL3XHUKQSHTUANT673GKEH5OU5Q,B077Z635YX,4.7890887
AGETR4QIMGHVFE3QCL3USO2DRGIA,B08SJY4T7K,4.269943
AFUS6JTLJZK3Q62HGDKY2MUAVPHA,B07BHJH2Y8,4.5168443
AGZDVF63KXJBQEPNLNKCRDAH5OZA,B07CNY1HPX,4.4863544
AFN6353UFHPWCP6AA5V6XWDQKQPA,B00HTWQWWM,4.7066927
AGG4LCGNKY3EVBOSELGXMEDXFYEA,B07MJJ281Z,4.7279797
AHUXAPPM6WHJN2A3X5DOO4AQLKDQ,B09Y8DM5JZ,4.2178183
AGTGCRBYT2WQEGBDTCKLGNK4CXQA,B01JGQVQBU,4.015551
AGUQUN4TIWP46MPNHP5QOPOPRFPA,B01ABJ036U,3.989631
AGMGW2AXSHFLEP2KKAQBOM6OOQGQ,B00AV557UC,4.6485653
AHOEKHBS6FPANUZKASOIRVSCH7QA,B009BZAQQI,3.4693496
AHEBSXAOC7DZJ3Y2ICCM4R2RSYWA,B07WS6G634,4.0666137
AHRTNXIDVTZPPET3MBLAMWML6WLA,B0002F4YQY,4.7854214
AF4SPJ4OCL5VBNSZCVJWHX335EUQ,B0002GJHYM,3.9077644
AEWWKKSI3XGONPAWUPUVPXAACNHQ,B01DPCONFM,4.694386
AGO4PWTACG5H4W63S3WT7CD7XDQA,B07VPLFNYM,4.273326
AEZZYYV6UFTFOQ76YJ7RGL2JELHA,B00H35YIJE,4.1516385
AEHZO34D7CYLRZ5VFUPFI5IFKY5A,B015HG7HMA,4.350679
AH2ADQH7UOGDTDAAOQMXQCUAGFQQ,B00WTZRLOM,4.5762544
AGCZUILWOTAOWI2SZRF4IOPREQYA,B0749WPC79,4.1136236
AEPJL2A5CE2ST2ZBZXZFCBIGLSVA,B0B84XTJJP,4.347212
AEIU63EAGJN2HD2JBPWHEVWT6THQ,B0BCK6L7S5,4.100586
AHJDK246IF27VMB55EDYVVHPY6RA,B0BTC9YJ2W,4.711556
AES62SVPMQKJVYREQRVKRBVODIGA,B0B8LMGQVX,4.040704
AFDLX64MUTNBUHOU2L77J54QI4FA,B00V8URXSS,4.0300536
AGCMJUW3TAOMRRV6TL4V2SK56P7Q,B089QRBZQ8,4.07936
AEBIEMNW4BPGOFLHZCE7TRXIQLAQ,B01HUCYOXE,4.4730067
AEDL6IQZVL3POCWKWQQEYCSYCPUQ,B014PEZVKU,4.287408
AEJO75YNQXAOIKXC2PF4CZEORMUQ,B07B4XLP57,4.356293
AF5OEII5AJLAWIS6QWTUP2J72EAA,B011R0XDYQ,4.4755335
AHCPG6UCDD3OKNGACZNLW3EXJXUQ,B07SZLB9GM,4.685446
AHTIXMC45Z2WUMKNCPENUVEFP3BQ,B014JY7WGW,4.536853
AH4JGVD5QVUSZZVGHSMR5SRGHVYA,B0B1T92VM6,3.726364
AFWNIPDL72FP2UXKRYXN673BN7HA,B07Q75MDB8,4.844544
AEPNUR3UKHG5JLGS6JLKXVXSMJ2A,B09BF8XDF4,4.4227014
AGOAOXZU4C2FYKKH4X4NPAYPOI4A,B0B14LN9H9,4.5103083
AH3Z6C3F2K4DHOJVCJPN4EWEKT2Q,B01J3S91WW,4.479047
AGHQ6RPNVO7KEQHEI2HAQHAGCTVQ,B00OGMD0VE,4.647576
AEFICJTVERYBGXDBNCYY6LYBF6HA,B01DN7OLJC,4.6262608
AH5CRT5ZT3ESMYJUVDIH5RZPH2BQ,B000T9NKEU,3.3106189
AFJZIOVKFSIRFHER4BQIHMOA4ZYQ,B087WVJGQQ,4.20949
AGVMLHKYMOD35HC5XL5BN5ZSMUFQ,B07CBT4SYD,5.0
AF6N2DGSAXSNFBDROTSRYU6ADXRA,B00WJ3HL5I,4.1758122
AEIEKT6RZKZF2VX4R2UJHKMFLXEQ,B0822LB7CL,3.8163354
AH6HIGTF5ACPPHH5J7MP6GMRIFAQ,B0BG95DG2H,3.9673443
AHXYOGPYRBEVNJCESMCD6QN4CUYA,B005OZE9SA,4.3627906
AGUG7ONCKL4JOYS6AILUT3AGOCWQ,B019F9DR3S,4.0370317
AFGNBP4CGZGNXB33LHNUQ7SJZQ5Q,B07BLM53Z1,4.707884
AHYQNKECUJ7XNEOPQY7BBR3OYYLA,B0040O49OU,3.1529696
AGIGLCDBUMZT45LJEQR2EDJUDZUQ,B018VAQWEI,4.999631
AEQ74J5XBTN2YQID7PBZMICSZL2Q,B07ZWHY5TD,4.7150893
AF5BNNFFASTI2LEXYRWROMIUJWYQ,B08R5GM6YB,4.2861023
AHV2RWTWUZDZB5VK62GU522U7N4A,B000FZ1KF4,4.320794
AGHEYBT2KQDX2I32KRBZ7D4RCZIQ,B07FYJ6K6L,4.0282645
AF3QJZYZ67KTLYLZRRAIZTBG4L6A,B0002E37G8,4.3581095
AHMKYMQRIFIF2QGP46NCB5X2JN4A,B08MFCJMSZ,3.7072525
AHK65NE3TUTI6YOF5HK5AFC24XBA,B00F20MIC6,4.0982857
AFOV3YMGYHOVKW65ZOFVUITMT6SA,B078WNW4YW,3.900653
AFMCJFEPXSDR6CBD6JAFUNDNIPUQ,B0BFKKVQZT,4.274011
AGFTJ4ZNP62NDBCII3LLOWYIUVEA,B015M92GZ0,4.253142
AGDEYWGZKNGR36MRO7ZT3AB45AXA,B0C3Q29DML,4.9527674
AHCWSKQIDST34SUY5LKWWLBPDRDA,B00W6WD12O,4.775382
AE565UKB436TSU3TMFKFWM2RL4KQ,B0BTC9YJ2W,4.165459
AHXVH3WID7DBJAYYL7G2NKPE2AIQ,B0B8Z34Y9M,4.5171947
AHOTV4CLZXG5X653HKHCKHVAPG3Q,B09QZJ57YW,4.6008534
AFFMSQ2EX3FEFPRL2AH2L523WDMA,B0BG4BZC5L,4.746721
AGBQ3TX4QYWQQOW2DBADLGOJHQGA,B0BT3B7GTY,4.7952785
AFYV2D4QBIJITGHQBWCURNGOX4JQ,B019MF3U9Q,4.6703987
AEMDDN7LCA2LR4KBPMCICXTG24TQ,B08R5GM6YB,4.582322
AEZWO6JBHBOWFWDD3SHY3TPNB5AQ,B000UMFQHA,4.334323
AHMVEV4AJPDOUQ73DMD7FMFIWOGQ,B00WJ3JUFM,4.277355
AG4WQTH7Y5R6N5TNVVZJ6GJG5GGQ,B0C6H9T5T6,4.4477735
AEJSKR2NKPC4ZS65RIJL3V352K6Q,B0BWXY17MT,4.6745205
AHV7MPSPXX63ECNBQ3XQ4QHUOHFA,B014MQ22XU,4.835795
AHXI5OYTSU227DFONJML5ZLE4MZQ,B0C4KH72T7,3.5908525
AGB3YZIRHOSAZGQF3NRHKQJWWQTA,B07R2X3GG9,3.8727617
AHEJ7L4IJOC3BQ37XCDJH32QP52Q,B07DPJS6DZ,4.9872613
AHRCC5CKEHASCA6B55G7NZBB4I7A,B09MNCSPHN,4.3389072
AEJQMZVE6HGW4SO52IRKWKQDB7XA,B07V46KRD8,4.730324
AFGIGAOI6AF77YD2KG3VLOZQS5LA,B07MTS57P4,4.418652
AEQQOWGNLMIQ4QJUKX3PAFDQ3TXQ,B00JW286K8,4.773818
AEUAXVAUWJFDX44V2Q3OZFFYDZWQ,B073DRTLPC,3.853774
AFZXFSKN7FOEUCYHXT4GTK62RO5Q,B01E989SZQ,4.251401
AF6TDFRJUSAUTLFZOVEGAOUCZTMA,B01M70SYSN,4.833685
AHETQRJ33CMSEUL4SDS6CJMHDU6A,B0BXZFS2QH,4.7253714
AFRULV2NIZROJ3DN2F7ZVZE46FYQ,B000IO8XFM,3.8237057
AEHS4V3DRQ4ZIXBWECYJPRN5TFZA,B07B8WL33G,4.802755
AFYEPSM6CEVCXCX3KH3HJZTCFYDQ,B0C18CV4TS,4.6548076
AEVIT6MYT5ATEMEMRAENZEEZHCTQ,B005T0L63Q,5.0
AE4LWHIBYCREDXSNG3EOF3RLKKYA,B0C6HZ3ZW6,4.143015
AEIDGPYNI3VZUBMPGAOSX2R3K6HQ,B09G5KDVWW,4.7580976
AF62AMU6MZHZQGKUD4N2TIGO34SA,B07PRC5VQB,4.041145
AENMRI3CNMP4P2KXNT6SB6ZD7FEA,B0098S1R9I,4.3520374
AEPOF2S7WD32ZGVOCCWVYNJTCGIA,B0BMLMCBMG,4.2567587
AFJVRGXC4HIVBWQT2IQMMVVPPQ2A,B09616T2BL,4.4402814
AFJQQWO6VAZCTTY3GXNB3SEUU34Q,B00IPH8MD2,4.78947
AHWPCWQ2D66IJWQW5UOWEM32V7BQ,B000K69UM8,4.4110875
AFWVN3PP4WG4IPQUXVHS62ASS5XQ,B0C67HCGBR,4.8245625
AEJZB5NUC3M45CFBSEMTTELJB5OQ,B07GR69D9L,4.5530176
AHVW4W75DJAPTN6E2PJAMEDMABLQ,B00JER27MO,3.5626135
AE5HZNO6TKRU6CY3O4NDXPJB5KKA,B0BCK6L7S5,4.4085097
AEAL4MJGXLIH3VY2GEZJUT54KILA,B0047VIXBG,5.0
AFU73SX5DESEJTCUH4WYUUURP7MA,B00H7Y2X8O,4.179757
AF6PG6UAMWJCKLF422AXF7B2CGHQ,B09RNG1MSF,4.8690653
AEDOO7I36DUZZUJT3IDCKDW7HXGQ,B0CBSQH75J,5.0
AGMYRILPTJDOK7WL5OYHYGRYVXMQ,B08NVVLB16,5.0
AFGAA7M6RD3TVIBWAM3GPAJACSJA,B0BBRMGRTS,4.745299
AGYMZ3QSHADJABMWV5JF3QXR5QVQ,B00JKNS208,3.8930237
AGVK6BKGPFZRWV5UUWWJJUSANESA,B01DNC1FDM,3.9150028
AGNZ55VEXGISWO3OH7F4CTP6HNRA,B019G53ZJW,3.5403666
AESBHEIAXYOTT2RRYMLA5ISYFFTQ,B091MZPYBQ,4.0390983
AF3JMCAJ6IICLZJRLDYWCPSSEN2A,B086QMZG22,4.2180166
AEDEPSTPVPEHNHQXQEJ5H63JR27A,B083FTGJ5Z,4.680923
AEHGPRL2ZLF6TY6JWBNFJNIDTE6Q,B007D5DHQY,2.7648983
AEQVENEFPIYMYXJ7X2ALDWEXP2SQ,B01E5GGU7Q,4.167821
AHR6YKXEXGIMXC4KZXITPYDZSIMQ,B01N48D32A,3.8051078
AGBG657C2PXD3YN4X6SHCCXKNYEQ,B07D1WM2G6,4.7779655
AE4CO6Z6BYGYMV76PHRMTSOFUG2Q,B003AM913M,4.446947
AHJYHZOBOSEBCUCJNMHN5DPZ5DRQ,B08XCG2M41,4.388774
AFEY5KP557F7QOHEVWE4ZG2RNK6Q,B08T2N25MR,4.645146
AHGDGGMCSMMALHTX6WGLJFFUVJXA,B09S2Y4MMC,4.9388
AFLTSBEC325L53VKAJOAI2UJNUUA,B09RJZSQML,4.966538
AHWAHTNGQTZCXBUPWH5G7NYST6YA,B099NFZP4S,4.2579226
AFJI4EU53OHSJNXBYXCL3L4IQRVA,B01EJ0N5FS,4.5818987
AHAMGCWWXZ4QIZT6TMDUG2CSEKSQ,B01GY8I616,4.0914516
AE3HFOXOL5XSDTR6ZMM3KQLUKP4Q,B008O0RKVA,3.7137446
AHVPG4SDTF2X3C4ZWYA7EUA453EA,B005N2E8A8,4.5005064
AH4KB2XWOWEIBTBVW6NVDX2PIBJA,B081H694YZ,4.29114
AHETLAZWL7T3CFUQNU5VJIC7R6PA,B01H8E58SY,4.861917
AF6IPYXSVTYOXYMAQTOUM5PXRN3Q,B0BHWP4RHD,4.87257
AEQC5V4P7JXPI7M4COOZLIA3MUUQ,B07XW2Z5X1,4.1956387
AEAQF6SZ64S7N3IKHEJKQLMZHPGA,B00VIDJB76,4.0576153
AFNUD5CAN5NBVLUC6377NGRF2XEA,B003QTM9O2,4.02184
AGIZ5JGA4QTX4SD5TFYZTP4E7LXQ,B095XCZXNQ,4.3065014
AGTD3IDTVYW5TDGYWPCUBDTAX76A,B08R5GM6YB,4.6155767
AEMR3TT6O5MSIMI56SR33RIWQQBA,B01DE4DVO0,4.8166585
AFMHKT2PXH7SLUMY2IQSP4HQWI3Q,B00RVE9X06,4.7618923
AGQA3F27NHCAMNBD6MD3PM5ETLHA,B00CIO6BEA,4.7816114
AHGBVAJ4O3RIADP4MWY66DN24EDA,B071LP49JQ,4.1440396
AFJBKMTRSW6PJOQT6PTIHRS64DWQ,B0B8YYJG2F,4.7050276
AGDBMDAL47YFZL6CT6HTOYG3JTYA,B07MDPF4SZ,4.8720317
AEESX3HNU65OOFXP7VYMTQG5OZLA,B0B2LSX437,4.808071
AF6BJF7NTWXZHYV2R7EE5WN7GGOQ,B000TXZL4S,4.9197507
AEEWM3H4MGP5YEKKAWWN2K5GFDGA,B09KWWS7DH,4.907322
AHJH5K24A5KB74WY34PC6ZN4L4IA,B07N2WWT61,4.6047945
AHETRIFNTQ5F7UICJDFWPCI4T7LQ,B07BQRDVYJ,4.2598467
AFTBLEAC2U7D4FW5GE26JE64FHTA,B015XDJB9E,4.1177087
AEG35XCAKNMYS6GUKKMQU4T7YXWA,B09SVD6M4Z,4.0010643
AEITZ6E4PPUZZLSVJ6DOWD6UDTEQ,B0B3VJ3TCJ,4.7255225
AHHZK5DNIEAX6Y3X3WBG6VZWSYKA,B01FJZBI7E,4.297232
AEZ3FBYLAASU5N74SJSNU6G37WBA,B07DMS2QNL,4.9435534
AE6JDIRVPTKC32Y7X3QQ3WAY2LIQ,B0BHSG5C3G,4.3487625
AGDJVRV3ABHQOXKMFFLFE2LMIGXQ,B01C5TBS90,4.6429143
AGKM3HSVVVKGTLWKFFPAZFKF6I5A,B09M7D9SC8,4.7475834
AFVSDHRXFBIUSK43W2LYIG3ZP66Q,B075LQDQTQ,4.619277
AGEG5EQFBOW547MT2N4IB7E7SKCA,B01GH436CQ,4.4552965
AEATUKWZMVL6IAHCXM52752FTCFA,B0BYXJ6JKZ,4.5978203
AEZKOSSPZDQAQJEVAWYIMF2EBRGQ,B001V6BW4U,4.442554
AG7EI3UOXIQXEL5QDZPVKPSVR4UQ,B0BCXTKY9H,4.6072655
AF7FYQUKWYAXMMDZWRA3JVBOEWUA,B06X9KG3HW,4.9044404
AELHX7KPUROWEK74AUNULSGCXBZQ,B0006O2WFQ,4.48373
AGWQRQRURVWB6KYTP24WVQZO2QOA,B01LSLZEF0,4.4399796
AEQJV6W3AGTTOF4M2EPZ5T23KPFA,B002Q0WSMK,4.0978756
AFTZ72IVVWEIQB3WIXESXZUTP2FA,B01MSKI46R,3.8389943
AE3O7NJGWB7LCFQUAANZSHBUQHXQ,B0B818M2YN,4.496616
AEYEMBWRA3OM2EGMDPCXDWKJM2IQ,B00DDXK1BE,3.5363936
AGZ7GIMAYG33FI3CNM7M4RHU4NTQ,B0749R51B1,4.5035377
AFR7RRVXPNEUTF2SPXIQXGQRDUNA,B008V1O0IS,4.2205896
AFKXLVV6Y223XWWFAGFRH7ZG5AVA,B00009W40L,4.7410283
AEPLHCEMDY74XNN6GUSZWQ74YQEA,B0BCHG293C,4.492721
AEMISRDYQCHSNOXKV6TQ67X2TIOA,B09TR38L5L,4.3715
AGHMOR4A4MZUIVGIMRCFLGWUSTXQ,B01N5KND14,4.1623507
AEBS65ZJ4QFVZJFL2GDRDMKLIC6Q,B07FFNXF8W,4.6104836
AG3S4FROO422V5KP7DJCBXVUQLJQ,B0002E38UI,5.0
AHINZ5DFWVRC5V2LUPSDRJFO6P3A,B07K8H5FSX,4.4937983
AHALYOX63S6CACZTHN7R24RVEX2A,B075B1J56K,4.5978613
AE4URMY2E5NTUACMDOMZXZPFJDWA,B002QZ402Q,4.3954906
AHCDHPEM4KAB5QQ37YWQ3NUMU25Q,B07VLJ2TXG,4.3967633
AHF4JEWQEROLVQZJJHSI67KKWTFA,B00O9S69BI,3.1847062
AHDF5QL5Q4ULQN46WRCHXHYHXO6A,B0927PV9V6,4.579694
AFZF76XTGJS4BDACJ3OGTNMZSZUQ,B01LYJMH9P,4.4960327
AHT6CZ4BD5P4I5VNBHCIT4Q2XIOQ,B0BKZ3GCGR,4.616299
AELQRDWDYF4TSS63UZRNJ6D4YQWA,B074KPCGYL,3.7819724
AEGBCPJTA56WDBVUJIEJFWZG5OVQ,B09V91H5XM,4.457814
AF54HMG2ULNSYJ7Y34Y5HSKICFVA,B000BUBF6M,3.5880141
AFUTTKU42VYSAO62XUBBFGKX5SLA,B08R5GM6YB,3.9963975
AE6ITZOLS4L3GX7SO2EVSZ6OP3BA,B0796CFWKG,3.7285624
AHLT67F2LH3MBY7LX35LYJL7RSDQ,B0C9NGP88D,4.952447
AFUTPGDAL4QUPHCACPKBRQETO7HA,B000EEL7OA,3.7709959
AESCE6MX7H65VKLRAXRSEJTB5TMQ,B0B8CF62K8,5.0
AHMVEV4AJPDOUQ73DMD7FMFIWOGQ,B0BR2G8WYG,4.230177
AESILTLC6225Y5HLJB5QVMYXBDMQ,B004CLFOK4,4.650266
AG5ZVXXHEXDYUUODSEQC4XXV7DPA,B07NKMZJ5M,5.0
AHFN5MACWZPKYN3B4DZ7ZLGK3J4A,B06XPNRNF6,4.481484
AH7LMWVUNU47H2UGVA5YL54LYT2Q,B0BK6PMJD2,4.136531
AF7DRHZN7CDCVGL5PJPIADURT6KA,B01DMIB3CA,4.563285
AF2HJDLUACCM3KD53SFDC4UXOJ3A,B088WMVDZB,4.136396
AFMJOKJ7N62TYTB4FMPZJUJQSTAQ,B0BCXRJCL2,4.2736063
AH2O3QU4KENCEUNWEIUG6O2IXYLQ,B084RPXXBQ,4.653977
AH3LKUHBM2UJSVIOJ6E5ACAQHRCQ,B07QXDH6HN,4.4436316
AFTPUNQ4NGIKJHIEUAFA3GQBUY4Q,B0BR2G8WYG,4.8139544
AHGTBVKLKSVZPI6FGJH7XYUHSEDA,B01J52X9UG,4.0982647
AF3QD6BGMCYADLFK4DMKZS6OZKGA,B00SDLZFFS,4.6375713
AG5AHJEHXXLCWZTSYXJO4SFUPGOQ,B0C6J1BN77,4.5791044
AFBLIAES35IGAZQJZLCLOWAS3SXQ,B09SD4CD5Y,4.4314833
AG5KQ4QD5FRXYAK7JJKBL3Z6RRZA,B00X7DDGBW,4.3082776
AGULNOJI6U4V4FUK2EYV6CJ3H2EQ,B00F0GQ8QE,3.6012862
AGXZUI6UMMRVO5EEXJZUOWJFFPHQ,B00RX5HQS4,4.4368076
AFE5ST46VVB7RX455VBMCQKKU5PQ,B07V8C74S9,4.8705573
AEWSA55RYTVXGVCMPGGUMBHJKIMA,B0721LHDJD,4.134594
AEMJC7OXZIKFZOZIWF6ZIOAAJATQ,B07YD57169,4.7758713
AE75QLRJUIWMVYPI36WBEVBU2JZQ,B0BKK8N4HQ,4.0347776
AES3GEKX6ZMJZG46HAXJP5WYMIFA,B0058MJX4O,4.4668217
AGOHUZDWB7HUI6NQOLEY56QG6F7A,B0B6JP6KZ6,3.5582676
AGG6UQALZBTMJJ6CVDSHOGWYHIBQ,B071L9FKNZ,3.965866
AESUWA2UPKIC7PXXIMI5AJI2DG2A,B0996R6MFQ,4.3248525
AE5BBWH4LVBB64GNWI3OYK73YYDA,B094FDSW2C,4.1303387
AHIY5JCLWOQVYAWJY6W7EB3C52CQ,B06XV9J1DD,4.8231807
AGBOR6PH7AXGNDKU4UQ5Y5KF2EXA,B075MXJXYX,4.603043
AEXL5EIHZE4PJ22225FWU7RBPLCQ,B000E0TVDI,4.113442
AEQJHICBCKYVFPI3SEDAX5GHCITA,B082NLXYBL,4.910934
AGBXV2ITIUNKFPPCLLWF6YLF57NQ,B08D9WNM39,4.062195
AF5OPCBDJUGP5FPKIGCQPNIYCIQA,B0002D01K4,4.738933
AHL6FWCH4VJV4DGR2NDNCZ2GFK2Q,B0832WNN4P,4.3684497
AEVFWS7JFEKHYDZKH4SI5YDSNGJQ,B0B1DM3XD8,3.5598779
AE7ZTBUNKGJ347SZHE3B7QAJTNGA,B07CBT4SYD,4.3064423
AHFZAFS6N6PCSICYG5P3BEEBO57Q,B01EQ6LDCM,4.0478764
AEXZWQINYACSZXKPYWXTVBG3IZFA,B0B28ZK2NK,4.907093
AE6L5XPMAN7FCPWHMJF4COE4HU4Q,B07S61KXPQ,4.5972033
AFKXLVV6Y223XWWFAGFRH7ZG5AVA,B015HG8E86,5.0
AEXYJXWBE6RJJWH6FSJQLZ5BM7BA,B07MFYHKLH,4.4378095
AGC7JK5YYGE5T6XIPGSIRLNKOUHQ,B0C1Y5KJPX,3.9809062
AGNLHFQGCYCHERL2WXDOFMHWIIZQ,B00HZH4D04,4.7676353
AEM3IWNBZTERT6RQFK7KEDL4NZVQ,B07G37S6S9,4.8392873
AEFPHVJL4U6PLUZT32SZCAV244FQ,B078KTV8L4,4.335846
AEZ43GMRWM7Z5RJC7MKYGQYWADIQ,B09NLV5LBK,4.2495193
AGHRZX6QQEINSDMUBBXHA5JQFAYQ,B09857JRP2,4.776823
AG25SX4KSZSNKETP62HEK2GAB7HQ,B09PBL98Q4,4.4221144
AHWU6CCZ2GHRUXSYYFHWQYUASDIQ,B08Q36MHJG,3.5819716
AGKKQOI7JPGFA25HGLVGVMC6QBGQ,B00T3GL2XQ,4.614038
AGXCV25HDW4JXI5QQSJTIZUHPRHQ,B09X8TQNNQ,4.3502445
AGTS4HKNL43FZW3MZMUNVRYLBCKQ,B07Q5G54XF,4.3482165
AGKCRUJK7URMDM2CGQGSZWH5KC5Q,B08SJY4T7K,4.2640696
AFPQPFMGLESPNSFDMVCZPWCGDAFA,B075R9DNGF,3.8278651
AH55IBNS32OBFM37T2AUX4JR5P6Q,B09DR91XCS,4.808305
AFPQEZKBEMAQKRZIX64WX73WICUQ,B07FYXMKP4,4.692727
AHOBKBVHEAT4KPRVI7TYTF6MEJXA,B00IY0BLB0,4.249956
AHXC7JEUXRETZUDFXR3SAD336P7A,B093YKLWVN,4.392237
AFDLRPTS3IT4XBACV2J2GFLWEHXQ,B07YM5ZHS9,4.544245
AEQQOWGNLMIQ4QJUKX3PAFDQ3TXQ,B09NH8PG5W,4.4942584
AEUGDXOV5ISVKRHJ5HUEVRI6R6CA,B08R5GM6YB,4.354588
AG3522I4PO6OL7CJFXNYDZB5EUSA,B078MHS3SC,3.9560435
AFSVH5BFJNLMW53ABDVECJKIXWOQ,B0771NSMYP,3.5123556
AGPWFIBAUZAC3CMJUD73YYJQ22OA,B00DKAQGTG,4.360662
AF6LBRKK5RSD3TBYPDXMMDP3PX5A,B09M7DPHCS,4.8113775
AH2KNTQFU4DWMQIMTDLFSMRQHRYA,B003HGFRO8,4.7168393
AFR6WKFQBTKBG7HH7MOIHP7Y4IJQ,B00WB2401K,4.990882
AFXADZU7WCSR4KXGS35Y33INRSNA,B0B8V7C5N8,4.377588
AGGUQMWTQHAYLFBW6QND4KKVV4XA,B00B3PB0PK,3.808954
AFJJWM45JXP7ONUSAYQWWEIVDLDQ,B07F5PX9Y3,4.9672985
AHKYSWGAUYXDRDRDVPJF2IXTBQBQ,B09857JRP2,4.8644123
AES4G2G6GLODMHQI3OWXWZKYMVUA,B09V9172YN,4.46806
AEGDREA3STZJTUULI4GPQOPIUQLA,B00N4ZIWN0,4.494313
AHPE2VIQMN4QQMY6FDOBTI5MDHTA,B0BSGM6CQ9,4.485976
AHSBOSQBGM6R25L7P3EM3KG7QXWQ,B07QL85Y56,4.515952
AGKYAVDS6LE7DD2FVDSRKE56R64Q,B016QUXTZU,4.618273
AGXCV25HDW4JXI5QQSJTIZUHPRHQ,B004OK1G64,4.134769
AGZSQYZQTPMYEMP3XJH7WU5VQARQ,B00T38U7HQ,4.535025
AHW6YFBKYIN5XRPR3KVBB77LKNZA,B0799734T4,4.5149856
AEMJZIL5Y5YRX5JNTZKNOV3V23AQ,B06X9YYRVZ,4.2279963
AHMM6WYPXJDZYF3U7AULIES6BPRA,B077J6ZGD5,4.480826
AHK7LBEMWADRVGREBBS6ACHQYFEQ,B0002E3D9Y,3.890903
AEEATBN5EQ44LM65IAU6S4GSBWHA,B07RRQG6LJ,4.6375155
AFFRCOTU354SFF2TWTMJSVJ3T5HA,B005T800V2,3.5274496
AGZZXSMMS4WRHHJRBUJZI4FZDHKQ,B07S9D9JYN,4.0849237
AEL7BTGBCNEOZY5WN6HLCQWCBL7Q,B00CA89IAI,4.5398145
AFQBFVHUVNE6ESFITVXT7ICA4P6Q,B00HZZ60T8,4.79264
AGCI4677JEAQIMY2DOT3Z2FVHI3A,B0BT2Q355P,4.6871204
AH2WNIY22BZFD7BKGOHOC4TM7EPQ,B0B927ZR1X,4.226171
AG5G4JJOBDKQSOQSMBRVR6MJ3VGA,B0195NQSTO,4.649443
AG6VKVBTKQBK7PBRMY3YIQL4HWHQ,B089NJV8Z5,3.9390006
AERWH5YEBILRHRNUYMXAVAHLIFYQ,B004GR9MOI,4.504406
AGNEJAU2YSULDNEJHFJKZ3WLDIQA,B000HZGFMA,4.1423182
AE7P4BKELMLMT2LYFCC3FZMFC2TA,B06XBB9FPF,4.457299
AF65N4WSTNBO2V4VJDML2RE73ROA,B0B52FBC66,5.0
AG6HOO4VHEZGO64JCVOGXTI7OPAQ,B07SJHDL97,4.7058578
AFBFIVH32NPCDO5PE5DKWZXDKA5A,B003YJQX1O,4.167557
AEG7VAZE2DPIKLI54MUNPFDK4PNA,B0002GJGUM,4.8921733
AGTVWLQL3Q3XMAIKFJ35ELNANSTA,B0CCK4YYNM,4.5104766
AELB6HYZWMIW76ZECZ7WXY6SON7Q,B003RPK4BK,3.174428
AHLWV6FKLFZU7O46CIC4EPMK5NQQ,B01D4P2OI8,4.6037107
AEQJ4C6IRPWITBGZ3PVJJB6DLW3Q,B0C1MHGKHN,4.367099
AFFC7LSYXECAEHCRLCLBMGFCVWDA,B07Q6P5FNF,4.26865
AE4GDR74FW232GB2EN52B3DM3L6A,B09PGYXPHV,4.72435
AFSAKXT76KFR6MLO2EMI6ETXOAGA,B00HZH4D04,4.405972
AEVCUMPKWQKFIF7NYMUG2XSYL6QA,B07WS2BBVR,4.317624
AGMPCB3TGA6MNNISDWYIOGQETCWA,B078KX8YJD,4.784023
AFJ66RVSHHQWD3MZRM6JNQB5NGXA,B09Y8KNXP9,4.590627
AHXBHGYV4SEVPVSNIDWNFSZ6AECA,B091MZPYBQ,4.385622
AF2ENGUTLYO2BINRBO5JEA2NWYUA,B00MXUJ394,4.6457295
AGAW672ZXYYIKQXOGMTBF5INS2UQ,B07MZVPJ4Q,3.9615788
AFVEPOZYED4XUGN743TM3RQAH3BQ,B0002E51UI,4.719226
AFAJYIWFPZCXCTA4UQV74N22SKKA,B00O5ELFU6,4.6609497
AF24D5VEYMR7IXEOCC7Z2ACZDD2A,B015JTEBN8,4.4844127
AH2P7BA2OBY6D4KRCOGP6ZEGPT2A,B0BKZ6JR1L,4.138872
AF63VW7YLF42A6STVGBLACD7RUWA,B09PWCF6T9,4.0758705
AHCHW2CQHUSBPPNXHFE4RPGIXXDA,B0007L8BQW,3.2840524
AHWVLFKCGMR3ZBOMSNM4LWQINLTQ,B09RTZ26KV,4.255387
AGEH26RB4Y7AXDGN3IL4UZ7PO6LQ,B07VQ6ND1D,4.9111757
AEJ354XETZRIGFKZSCQ77RWYN2ZQ,B0BK6JCZ9V,4.128846
AHSKY4JX2O5XMG4HYW4IEYGORSRA,B09SD4CD5Y,4.263379
AHHGE6FWXCATJQMU4VDV32VNM53Q,B09YXXHCCZ,4.4707503
AGMKPH5IY4GNNCOARIN5VKYKYJNA,B07B8WL33G,4.643419
AGEWQAG36O2T7UQULMCPTXYRXKIQ,B09BGCRS9T,4.968609
AH6NR2Q7F323VVUTIBCZA27BPEGA,B06XFMY9ZB,4.4222503
AHYZYJHCUREP7YXJBMOKBX3XGGXA,B09JGR9ZG7,3.8552904
AEZRFF2AWH66Z7KRPON4YBGTPZAQ,B0BSGM6CQ9,4.4221044
AG5QJWMXSGR6QK7CTCJKXRD7OSOQ,B0889BBTX7,3.2971284
AFH6VTF4HK7G6XEPGKMJS54HS2BA,B07F3TDWSW,4.730318
AFODI5ZOLF55V7ZZDXCX5RYJUU2A,B0BLLKKFR8,4.762877
AEAFQYME2KKDDFIA7IJGHX7Z7GHA,B0BBT9T4PJ,4.998107
AH5JR6SYFSYSUV3LIPKY7SSMA7IQ,B00M53HWQA,3.8809319
AFATLLVPDSAZLT2HUI7VFWHLBV6Q,B0C6H9T5T6,4.322661
AHPMJNUYUX4QOZCKLN5R34BB5EQQ,B07CL6Y82R,4.9588323
AGLS3LXZRF3S6AHDXUNPUKPFSFSQ,B00LYFFW9O,4.630066
AEQTZ66XVTKZAJLIQILNHY3FDWCQ,B075ZDCFFX,4.886583
AGPQAFCHG2MCVQQ2W6UOOUG7DKVA,B0BTC9YJ2W,4.1161017
AENNORCDOTT2KFT5WUIK7PJ2EXOA,B07KRZ1HH8,4.473561
AHUCKAEMSP4F26GMTI5BNB3OBZGQ,B07QS26TVM,4.2623534
AGEVFSIPLANARTZMAXHWIF4W2YYA,B0BHSG5C3G,4.7846937
AEBII22L2OFKOYGXYC3PYMQSVPJQ,B0BKZ2BPGS,4.148883
AGEDVIBZ4U3WNWUYK2VKGDJEWPNQ,B0BT3D5TZT,4.665667
AHSUVRZ5X445VSTUV4NS2UYSPNFA,B0BT8FDL8B,3.6644545
AEDDH5EWHB2XBARG3BIJLUMOZGCA,B01KDK4VO2,5.0
AHJUQQX457HFPPIOXQ6YYNNB7SKQ,B0006ZXFWO,3.3565664
AFBE5DXQJ65JQOVBLSQBU6VN3G4A,B014GR0KYI,4.423628
AHSKAICVSFGCKQNXY36HSJ2NH7JA,B017NT392Q,4.34491
AFV3QJ26JCDGYUCCGROO2SZ5ZX2Q,B0051M6J48,4.1074624
AEGPOBKV7TLHDCJ6E42JVDKOBE7Q,B0192F765K,4.6120596
AEBF2QAX2TLFF4T5ZKMXAIRKVSEQ,B095QBH5ZB,4.1774917
AHNO2QUOKU56ZIYEZZHX7PEGY3JA,B01DK40R3M,4.4014344
AGPIE6PK5ZJKF6C4NB6NDPSAZQ2Q,B0BCXRG3QQ,4.898668
AFMTD2O4ST2NJG53TQ4LIVG6GCEA,B0B2QG44CZ,4.706161
AFEH255TPEXWR63YIUX4LVP6SKLA,B000TZTPQ6,4.3652806
AEQ37F2GDPGB4LVQT3QVPQSGP5MA,B09MK4X8YN,4.2083335
AHDRXYOFULH6PJHMYGASCRLETELA,B00WJ3HL5I,4.5567102
AFUHM5DZ6UOWY4JFKOEVWX6UNMTQ,B08SJY4T7K,3.450315
AHF24GKKXGAKQLPBYVZHEMHHNQDA,B0BT855NFQ,4.455535
AHL67QIBKSTRQMFTJPJK3RJ4KJFQ,B0002D0MI0,4.2314134
AGPWTBAKWEXJIJLZXKEV7T2E37AQ,B07TDNWYSB,4.3079343
AGIRR5URNJEVZXCRP3HS6LQKIEIA,B09S2VB3KW,4.80765
AHD5N6UPSIDZ6H4MKRA62ZYJNCGQ,B08ZBSMFFK,5.0
AEFJCRMP67BBIQGEYO3XDHVQDUZQ,B017DO08L6,4.34981
AE6B3FP6UAR66D3J2MIWDAKONHWQ,B09BF8XDF4,4.48129
AGSY2FST7UU7SSOBJ3HCG2NJGNSQ,B07K58QSGC,4.893663
AGV63VVUG26GQTNG2GTJEAFVC2JQ,B0BWVR4S6H,4.1656494
AFGRWJPHTOPNJPPXZ4A667EBHMGA,B07L9RKT41,5.0
AH2QKH3MOVXR2DHAUY4TXMFFLW7Q,B0731XJ2WN,4.68822
AE6FEBZWJDO4DJDWIDCRXSMFVQCQ,B0002E57D4,4.169605
AE5NWEATKNGPC2F5AUDU4G7COV5Q,B071GTNM6D,4.4691086
AGXCV25HDW4JXI5QQSJTIZUHPRHQ,B00JL5I70K,4.3768554
AHNOYSM6BGMCXVETNQNOKQBSXGTA,B098LHYD3K,4.8907337
AF6MVWJFHQT2OX2TSWXSU7L2D6XA,B07B8WL33G,4.873045
AFOOSGLWVEYRI3BTTAYUZZRGPLFA,B0BX8HZ5RH,4.325437
AE45WDXXXZ4KORRG4QC26I6TNVSA,B003AM913M,4.6820016
AFV3FCAYHRCOC2A52AGKK2RPPEYQ,B09T82W1SN,4.7715373
AG4NUQQOZOZMVC2NVNLWBTIVSOBQ,B001FSZR4U,4.2040596
AHX2MR6NLBEPURAZZUYFARJVHSEA,B0BFKN3472,4.7390075
AHITNRIG3XWBTZQ6NIWR3IIHA6PQ,B07N2WWT61,4.4676948
AHTFYXTJ7M7MDPVFP7XOP5HNVIGA,B0BR2PXCBW,3.9114156
AGPV44OWAIBX4EIPZYJSXLQPBZGQ,B00NTMTV88,3.9537673
AGWJ3WOKO6JPVGAPDSYZJCAOAD2Q,B002P9LCYM,4.5178494
AF3TUPL3CN4WOARNMBEUMEFEJW3Q,B0C6ZG7MQ9,4.4548025
AEAGSWW4RVIR4L5BH4MVOV4X23ZA,B0C5PRQ9K6,5.0
AFXXJKOQ7QN3VZSVKRMAKB4PSKYQ,B091YFQGCJ,4.897959
AHXPMQ7YOOHFIKJKAKBCJ2AF7UDA,B071X5GC87,4.568764
AE4OL5LGNMZXDJWENP32PLH4KXDA,B01CL3JXLA,4.43337
AFJ6BNKTPZQXGEOAIOMMCSESJS2A,B0C6HXYY4R,4.9334245
AHV4SKXGCWKAT4NRPWQDWERJQLXQ,B07J5FVQNT,4.6977897
AESTCLTPG2A6OTAH55KHCMEVFL5Q,B0839119FS,4.115343
AHSCKDESSXRZL6RQK4FHOFJGDDDQ,B00HTWQWFO,4.086818
AEWNI7WO3QS5KWRKBAB4FLWGKYVA,B0B4WPYKSZ,4.9488015
AGJGTZRZCLFSCVVMBNDXVPHSIHVA,B00JJNFP54,3.552604
AERO573NK4DRWCKS3JJ53TGSMB6A,B013ZHK4DM,4.8289275
AHF4GF6ZASGEYRWYWLW2U4RNN2BQ,B00UN8PH4I,4.0864244
AHLFYDRLX6L6LLJ4L25C5XFNEWKA,B0BPKH4HB2,4.401832
AF7QY2ZO3X4CDJGV4ACGHYSSUMAA,B0799734T4,4.544242
AFCIVS44DHRDBJKC763CZ6ILP5GA,B015QK3GUO,4.7022314
AG4XNEAB4VFRH7DYQWIJGL75KVDA,B09RJZSQML,4.8925247
AHEA7BJ6ZQXRD2TT6IZA5D7IRONA,B004XNK7AI,4.7909064
AF77F3QYN5GSD7OBRNXYP5QGI6GQ,B000T9L7W2,4.7135415
AEG3S2JSG7WW3BXOWKWYPVSTED3Q,B09WJ596LC,3.8914309
AEVBAPYXHRLDJOO6YH2DMRC56HXQ,B09S2VB3KW,4.6311274
AGVM3U55VHWHEJXRQ4IKLK7NCAAQ,B0BSCGXCVP,3.911049
AGZYNSF4BAY5PVTF5ZPIUHE7C5OA,B07DCLVKBC,4.581767
AEH6QOPVX3MEIJ3RM44DOXH7VTQQ,B07BSHS3BX,4.122721
AFJUQ54UN2LAAU6QQYZNCTG4HMYQ,B07Y9Z4XQX,4.9012985
AHZOWNQENHOHDPK234WOZVMLS2SA,B0775CBC5R,4.446551
AFC4BQEUEQWVU6TXMVVS47XZ6TJA,B003A7GM20,5.0
AFKGIJLJXTOW3I4R7TFM6RN6XBRA,B0BKZ6RT8Q,3.8969278
AH246HVN5MKGWAB7PMKHSPDREWOA,B087D91DN4,4.6029744
AG43KQOKOO573AON6M3W5TYWWE6Q,B097Q9W8MW,4.9440093
AHWAHTNGQTZCXBUPWH5G7NYST6YA,B00DCJ9DCW,4.1029778
AG3B2CFSOW2BJ74UFTCSTDLJ275A,B0C5RBP34V,3.870031
AHZ5CFCVZLEBSPWWANJBCHP3B4AQ,B01DPCONFM,4.7266536
AGCPST7H7JLEUJIEECK2H5MYWOKQ,B019NY2PKG,4.312178
AE3TDVF6M5MAB6UK34376XCCHBBA,B01H8E58SY,4.9083405
AF3CM6ZQAJLOVS3UW3XZORVEGVHA,B07MJQH1LT,4.614203
AE2G7LHNL4YQI5EQHO6RIGHESR7A,B00Y0CG9YA,4.349985
AFZUK7RCANY3O3S5Y4CUJ236A72Q,B0B8Z76J32,4.927885
AEKUCQMVDAHN34ZQDYMU7PNBZR2Q,B01LWWYCRN,4.446504
AFBSCZMVEQPP4CQHLZ6LYUB32UAA,B00IFOTSJW,4.8274217
AEPZV4R6ZGAHXLDCYXFBFQREWO7Q,B0002OP87E,5.0
AG4N4RGBHZCUXXIOISMGZ46VSJNA,B017AFVU7Y,4.4383364
AEDZCUIOKFTDVAQVJHQ5P2TU764Q,B01A0D3SSC,4.294859
AEKQHCEMXQF7OW3LWKVAYJJHNZKQ,B002LTFTO0,3.7962537
AETCDHEOKEQREMRIBZJDTKL6YXQQ,B08T2DMFKD,4.536339
AFURKYEZVRORWYCOZO7BPR2U65XQ,B0B2Z13RCR,4.514893
AFRWXBFR2HE3ZHWU6QFFGSPR2QXA,B0BY8SWQ1W,4.5629373
AHDBO7QJ4EGECUDQKNVAW32Z3V6Q,B01N5QJ0LE,4.721155
AEJVWNXW55ISA3OATOA64QX5WXYQ,B004XITWCM,4.562864
AFQJOUEBNCCZXFELH5UR3ADP3BXA,B08KWM37GM,4.9786034
AFZ63RGQSNBQJQJQM3MHRBKRGGCQ,B01DECWM0G,4.3587723
AG5N7JCAWUWY2YH6BIGJC34EG4SQ,B00M9BSZMI,4.140206
AG6GAO6LQQXN5N4QKX3ZQPLIYXEA,B0150YC54E,4.45442
AHK7B6UG26R2QW427SGYW5HW4EIA,B07X624YB5,4.174364
AHT7ULEGSWNWLMFIENNTIELDXKUQ,B075R58Q4Y,4.5535727
AHJZP422GCGGNTVER7Q3GJIR7ODA,B00V8URXSS,4.2857413
AFXTOZFT76UHKIYU7CZIRAKYIK5Q,B08BW2TBD7,4.5273585
AHKYG3ZX7SWW4K3KHIXVW5ZLMNJQ,B016E9HCTW,4.2945395
AGBC6LK4N4ANCY7GPBKSV73XQK4Q,B07QYPY3PC,4.0914664
AHSBOSQBGM6R25L7P3EM3KG7QXWQ,B0BCXRG3QQ,5.0
AEQZCIHPL376ZN3LRVIK7LKIO6IA,B07PFM41FN,4.733189
AGKTHO5CAI2NK4V7HSCUIKJLYX4A,B088DD5M4V,4.642783
AGAO3DXMEMNWQ475FJA6DEPJDM6A,B073ZH1FNX,3.7160976
AF3BR6FQAGUDNKNFETNSU3KKHBOQ,B082XMFWFK,5.0
AEOQMBKMCAUY3EQ2CFEYDB252GPA,B000CPSGD6,4.323041
AFJ6THBTHGTJWWK7OIW2P2TWSBCA,B0BYXVCSGG,3.9662218
AHOAWBCSTIAMPQ5NXRG55NPC53XQ,B0B7C2NM84,4.3157725
AE7ZIKA2CKZOIKONML4BJ22X4QYA,B07CYRYQ8G,4.297209
AHXALPBICGW4TP72ZXYN5AHAA6NQ,B07CRMZQTF,4.9290934
AEZUZF3QBV2XAOXEPVACVNDWYTOQ,B015I0WXAQ,4.259822
AESGJFLYGVHQNH46NGWZI5NQC62A,B00GG20DJ4,4.566785
AG3C6CXDXFVZO4ULKDAQDWOMKMWQ,B00L1E6NR8,4.648623
AFY45KTDPSXXG26TP6Z2QFJZDIAQ,B08XMGNB3W,4.4070635
AGKIRTDMGIQN3WRMFLQSKXH4CVJA,B0794JD1DJ,4.688872
AE7BAST2UTRFTYAP7V4OONCCFQTQ,0879309210,4.8282065
AEABO4WBVLZ6J3VVOA5XDJ7HDBQA,B09W9ZJBKC,4.3069544
AGG3BYW5FNAOLFRE2WUOT6LNHBDQ,B003GEJ5J4,4.2577953
AEIJO7WWMCD7DE6YQAFIB2L2QGZA,B0742RB7JK,4.8912063
AFURKYEZVRORWYCOZO7BPR2U65XQ,B00IFOTSJW,4.37292
AHT742VUDQGIVZSKPHCKEOFEEG4A,B09T8HDBYK,4.592576
AERTZGEIDREQYMZTMBUZQZVGDSWQ,B00KLLKE04,4.1665344
AGCLXVSLJN7TUGJI6YWQW46XEJSA,B001E0CK3K,4.876525
AEQSMBSD5HP3LSYXFGQW2N3Y3CEA,B095M2K5KP,4.2210054
AEYAJCNIHP7FW3URXY3AOLYTY2WA,B001XJBWXG,4.604349
AHYRQOSD7KNYDKRSURB5B4HBWBUQ,B0BKZ5DJZ2,4.9440894
AHDIPBNAP355S2TELPMBHBBN5TEA,B09G5KLKX2,4.408693
AFOHCSWHO2N27LSXIATOMCFZM67Q,B00FUTXO8G,4.478048
AGC7CFOW5DZ4EX2QVNP6ZRSDDLFQ,B07NST2LSB,4.8351445
AHNLWRU4FBQBR5KGHFV6OIM5DVBA,B0BKZ7FHHW,4.5293384
AERLXMBYKQGUWBDDQLVA4XX3R6JA,B091YFQGCJ,4.487185
AFQKAEURQDE3GKD4HBW4VDZOZ22Q,B097Y8M21C,3.5710254
AGWVA2PPESBPQ5XK32DPGGH7KHRQ,B000M74WXM,4.3187075
AF6MBPLQMTFYIPFKY6PQOH7WCKEA,B09JC3Q3TH,4.527893
AGX24YN4HZ73DCPZH2VCZ36MDMIQ,B004OK1G64,4.0563254
AEE6H6VC6RTWJS2RMXUJCDPOY6NQ,B00TV90MT0,4.383671
AHGBHUGSYBGF7ZITSQXRPZESB33Q,B0B9BP315L,4.733402
AG4ZB6GMF5W2K5OOBYH2LLQMAMOQ,B077Y4JGQ1,4.823807
AEYM4JF7CX4PXVZX6HBA5ELI544A,B0C5PRQ9K6,5.0
AFMG74ZXHJ2XIJW5OUELTC5KRPKA,B07B9W2XFS,3.7285714
AEJHSV5VEW6DTNUIIQRBTCQGXFHQ,B07HM8Q5FR,4.868139
AGT2TLMLIWZOIPRZ4ZANFYICIKDA,B000K69UM8,4.4966226
AFOXLAJLPADIV5NXYE6CLSTBAC4Q,B09HWJRQQ4,3.7753642
AHO2NGQECJA3SONZARFPZKKUH6UQ,B07CQQXQ4T,4.9521985
AEG2A2SPGLIATB3BP72NQT4MBK7A,B008OEWZ5M,4.45538
AHDMFMMBOWVOTXAQMIV2KOPM346Q,B0158GWWJ2,4.482973
AHP6UXQUXLRXD7ITXH55CBGVBLGA,B003YJQX1O,4.028863
AGBFN7JJDKK3RURUIIXTLESUBSCA,B0B3LLNVNC,4.46949
AFJZQ7ZK67AXFCA7GYLHVSBI4LHA,B012VQ5A7S,4.5096135
AENWSEPERMG6DSLCD2X27BGBWQAA,B0BK6MQF3Z,3.9704864
AFNPVYGE5OUMBZBC274J3V2UUXFQ,B07FQCQM4D,5.0
AF6EJYBF33I6ZOJWPS6SKJCN2DQA,B074P6SCS6,4.3304257
AHQKYENUOHAXZG6CNSBUU6X7BI6Q,B0064BCRQE,5.0
AH74S4ZHQIZ2HCY4CYQNNFD2EL7Q,B09BF8XDF4,4.924168
AFJFIPK3DGPDXQAOPLESEBHIWZJA,B0BBPQGSZ6,4.2741566
AHWS7CTKOVDDBIP2PCJAY3QFTZTA,B0BWVR4S6H,4.2931333
AFBFEQ63CH3PADWCT52FIYQLG7XA,B00IFOTSJW,4.769086
AFH6AUO7HH5PMJBRBQGQQKDV5HLQ,B091KVXGPH,4.618169
AHCV5Z6U2C3B76UVSBEZYVWQNJ5Q,B07Y7ST6BF,4.989958
AE3TS5R65QSFTYKTSRHFXQKVR5IQ,B0007WLWMG,4.531624
AEHL4256MLAXKYTZGAPQL75WZ6AA,B01F6WIX5K,4.543711
AEZWO6JBHBOWFWDD3SHY3TPNB5AQ,B06Y6BCX7B,3.9585297
AG4IBVQSLXLZFIBFE3EDMOJMVLHA,B0BHSG5C3G,4.6520667
AGCBIRCCOOCRQVVCM3LTOA365FNQ,B07M81HC4C,4.2035565
AFG6BOX7SFWFTWNRMO7LSMDLA6CA,B079Y7XKW2,4.6555552
AGVT5E2C6WNOCFYSLOCPAPBJOIKQ,B08F93KSDY,2.8882246
AFET7FPF4IJYOCCCQBKKGWLYEETA,B00A7KC9NO,3.5048718
AFGSM2IFWCMZCPCORIQEO7SGXIRQ,B00B9060X6,4.2329054
AG4WPSHRJ7W4UF6IKZJ2FMYUVGCQ,B00G6CMP1S,3.9957893
AEH5BNAS47KL2BMWVV6GKD7JDUDA,B07NBMCG9T,4.0901494
AHXYSMCKABR6O4W37Q6YIF6NWVYA,B00M1L1ADM,4.7657213
AEWH7JMFZ3SQI4UE3DU6VRYD2BGQ,B00L9R9YVO,4.312199
AH544NICZBHWPHVOLJZNMEQKS6IQ,B07NDJ1HSG,4.7605996
AHGRMWOGEUJ356QVBRO6TVVJWI4Q,B07RYQ1X42,4.4750466
AEINHEPGMZVLGFEWFQY5ZNTKS3XQ,B09DYS2DDT,3.9062128
AEZTH2WTKDOJPZIT3GIFZ62OJLSA,B09R2TMLJR,4.7886634
AH7JAXK4CMAKGB2I7X2BIW4OMXGQ,B09S2VB3KW,4.060687
AFKTMWUJ22FQFWTT4V3IKQNJWN2A,B017NT392Q,4.307201
AEZRDBBVRRHFM2LTK3WW4RJNHOQA,B00E8CEW7I,4.0896277
AESVKFHONG5B25UZH7DRJ56ARJJQ,B005EHINSK,4.805106
AF4MGMYWV6VLEQQ7E7M27JALDF3A,B000M23OQ8,4.4502425
AH4MENCROTJQK7T4D3NVIK3E7KZA,B0012BPMHW,4.740487
AH3RE2HDYHA7C22F5VCYQLCWVDYA,B074T6YNSK,4.7646985
AHSPUN3WFKKPR2W3B2S73NSYFATQ,B00O2BISAM,4.164214
AHDALDGFNPUZN5ZQGSPWZPVG67KA,B01CFNML9W,4.796185
AG6FYGUMXO4TSTPFWPFTNHJXC7WQ,B095XZJ99J,5.0
AGOIXNAZLPTROLAJK7A6AEFKB3OA,B014F1UKI6,4.6637855
AG3LFN3BICH2V5RPI2XFRKQSEDZA,B07DWM2XSS,4.7561255
AGI2HHZK7SWM76BROAC5EYEFKCKQ,B0951C4RGR,4.459514
AFBEGCILG53ZZXPI6FF5UN6UI3FA,B019ONS4TC,4.876128
AHLVMWREGLYAOXZW3YPMPGU555ZQ,B0048F0QWA,3.3494291
AGSUZIVP3CBSFA24S3UGGREDGYCA,B015TBAAT0,4.674151
AF3TUPL3CN4WOARNMBEUMEFEJW3Q,B01FHM1DNS,3.9105136
AECJK6QUF6XDRW5KDS2OB6TJ4VYQ,B004XNK7AI,4.2645435
AGH7F3VLUYMLE52O7FHD7X2B5RAA,B079DRQ4ZV,4.08782
AHSN74GHQIXDIZTRGY2W22DCQYDA,B09JWL3BF9,4.2106133
AHNG3NRGEDYO7E44QMYDHMBADPBA,B0731YLWY8,4.4289603
AE3LXT2NVT6I4JHOXL5U6D33U5RA,B093YGS1F1,4.3339663
AGBX4BNES3BBJ2FFZIBA5763LLBA,B07CQS5DJV,4.5892377
AHZL2ZGOCP7VUX4RCTNTTQ7JNRHA,B09PBL98Q4,4.5121193
AEJVWNXW55ISA3OATOA64QX5WXYQ,B0BTC9YJ2W,5.0
AEDMLGFTCQT7ZADAK5CKMT2T2T4A,B0B8Z6192W,4.7065077
AFTBXQNBI6S63NJO36DBALW5M67A,B0BSCF2FD7,4.562301
AEUFWFA3TBVVD67HVO7FOLWNXUSA,B08GZH46GW,4.527096
AFWUY7OEQ3NRSEADRQ6PMRLOLP7Q,B071YTY3QS,4.5009527
AGDQCAX573GEXWKTJ4INUD7NSH2Q,B01F543PAW,4.4134665
AF626HHXSBCNSMN7NKVKP6UVWEXQ,B000J4I9VO,3.9984896
AFHTKUVUNIJ3R6NFVVPKWDTVX7DQ,B074QKLW4N,4.0894823
AFUWIHK23WPEEPBRRSPULFMYMP7Q,B07MZYNZ1C,4.5014653
AGSVLMHAE6DKL34BW5AJANZ2HP3A,B0BLSGXGPF,3.6936612
AFMXSST3YJL3H5IBCU7JRZGSCMFA,B07B9W2XFS,4.4397154
AHXGOXDCTF7J3ALC2ENH2LBGIB7A,B0BXT5BYPN,4.364892
AH45K3P2YBR4JXYQ5TSH52BYL6OQ,B09RTZ26KV,4.445341
AGENT7K7THM6Q5VKHKH2PUACREHQ,B077YJ3H6R,4.27024
AFLMACQKFSUNVBSPPBFXV4AVMRIQ,B0BPBMBL6B,4.7481837
AHGYSJ5C6F7YUTGNX6EMVI5QLYUA,B0BK6S7QF4,4.3076596
AGHPBBUCMU72JNN57OKEFJ472UUA,B09617MLP2,4.963896
AH4UVAVFFRYIYJIBREZK4WP5NKWA,B08C9YWGNM,4.3028045
AEBXDQP3DYUQMQUTAUIMYMOMSRZQ,B076ZSHQ47,3.4682896
AEGAA3WMX5TUOTVJUJJUNPOZVODQ,B07Y8FGXDF,4.4615545
AHJIN67MPL7OZPJ3HINXNP7BOCEQ,B077YGLM39,4.672684
AG2VMRQG7CPHKGWNP3TT5V7I4JJA,B0BRQGJZXR,3.513745
AETYS626OQR6IWDN7UJPGDA4NNLQ,B0B8FSCM9L,3.663228
AGNME7F4IAJUQ7OIEIHDUXS2IFVQ,B09MBW81X3,4.9339676
AHYKZAUJXW3OCM5UZCKRVHAPQMLA,B07BC8DCC1,4.629058
AHIUWHWGM4ZYDRKZHUNIKOJVLYCA,B08H75RJZV,4.1770606
AGKTPA4K3NKKVKX3RHSW7ZBLZEXA,B007T8OGLK,3.740725
AFQK7EQ7D6ZPX7DJ5UOWB56BZWPA,B09RN7GR8F,4.7360673
AGDHBVAVHDE6JTAWUBENA2IXHIJQ,B09DJZK72G,4.594608
AFZXFNKXADRAUQ2NEDYY267QINIA,B07DGW4H5Q,4.4297757
AHB7NX5MFSJ6W2NWR5UNUFEF7RNA,B000V1K7FG,4.7500253
AE77LTJF2VGJAZFPCJYL3RFAPZFA,B019NY2PKG,4.077992
AFELGLT57C4JEDRENY5FBZBYXRPA,B0002CZT2A,4.612668
AEHPI7DGK45GM4JO4PP25BE3RZJQ,B09396NY1C,3.2430215
AETYS626OQR6IWDN7UJPGDA4NNLQ,B0BXT384GR,3.406964
AH7K6J4O5D7ZE5QZAJQJ7V4JJR4A,B08BJGBHN7,4.343065
AHM6XU5UR2N6ONEAFVPHJKEN4BUQ,B0889FMRNL,4.409679
AG7A4AVEW6FTLSQCEBRIXLGYTM5A,B001H3EV9K,4.247669
AENN7ZX3EMGG3JKILEMJSYLBX4FQ,B004OK1G64,3.8985565
AEYBXANH4M5NRPMA5WGMTLN2XR3Q,B06XF6NF5Y,4.11529
AEEDYZE7SWKKVMVWYZD35VYCMAWQ,B00PR8AW62,3.5875628
AFAFI6N2OEHEZMADEFS6BN4XMGRA,B00MJLZIDW,4.0871444
AEJXBPZPKA62VIDWND77RDR2LFXQ,B09V91H5XM,4.521511
AFKVQRYREQIOY53LVNLH2MMIMQSA,B083Q5T15W,4.2763314
AEFE5OPBDT3RILFM3R3IX7XO7HGA,B09PRKZ6FN,4.80408
AE7HFNHDMZFWK4FQ2NZDBVJ2LD7A,B077J6ZGD5,5.0
AGOIXNAZLPTROLAJK7A6AEFKB3OA,B091YFQGCJ,4.911498
AHX3BWXWKDWSIOIANV5JZ6TY2WTA,B00T38U7HQ,4.998509
AHI4HEBT7APLICJPKX2WXSSTEPZA,B09VBWXMBC,4.2981534
AGKU6OTPLHUFMEUZQCKLLC7SU7HQ,B09W9KRSHQ,4.462027
AHL67QIBKSTRQMFTJPJK3RJ4KJFQ,B07RLVH6H4,3.6082902
AGR66GB7J736YGNOEQXECJZENQXA,B07D5W5X3Z,4.8496237
AGQ5FPALHWB627LAP4WZIMIWRJUA,B01J4PU7TK,4.4382534
AE3SOV2D5KXSUM3BXEQO7HXO55SA,B0BTC9YJ2W,4.854501
AHNICXK2GA645SEALR3E762ILAYA,B0B8L1H6H5,4.7847967
AF4VAHTAJUP5UY6BOZG623H7KOEA,B000VBH2IG,4.257639
AFGJOLXILLOCUFG64OFU2FQVNFOA,B0BSCFTV2G,4.7538404
AFFES2GI2HRUKJ666T7BBGQPICXQ,B07BSZNKTM,4.5656157
AE4UJ34DIERPH2M4MGBRWATWJY4Q,B0BQ48G9Q2,4.8313375
AFH6AUO7HH5PMJBRBQGQQKDV5HLQ,B09DVHGJSG,4.3586707
AFWB7XHYZWK7SPBQRQZQSO4YXTAA,B0BCK6L7S5,4.3942156
AFLI3BM2AJOV7JK6P2CWU2Y3QFQQ,B07FYCGSFJ,3.6933599
AFJ7FVPPYKTZGX6PY4KNUJQ7OOMA,B06XXRRGTY,4.7205467
AGXTFGO7KXIW257RRFLSA3C5VRWA,B0983RZ6P3,4.6775403
AHGYLAWJXRB5F3YQ6Y5HRV3GY4QQ,B000FZ1KF4,4.261963
AH5JR6SYFSYSUV3LIPKY7SSMA7IQ,B0BPNHG7M2,3.4490755
AEKTPUZTC3F4YZG3YAU3UH3NYKQA,B0C4YN3MMY,4.8666105
AFH6EYTOJWTQ5XJIO7OER5HCQC7Q,B07SZLTL1W,3.933077
AF3D3CKUZ3ESHEWI67ZXZO7RHGBA,B0BL8X66ZY,4.592771
AFFTXDA5L7I2HYGFFKHBMGUWW3GA,B000ETOUAS,4.5289135
AGTG2UZYJCVVX7QDE4IW2I4JGB4A,B077Y6MY66,4.604335
AGVITHXYWGKAMYWZ54F2UZWHMY6A,B07B16JL73,4.8330517
AFLL4CT7RVP2BTO2TBEOWXKYPGHQ,B09ZTBMWRK,4.5326743
AENFQD5EQBOPKB6TB7AOAD5QQCOA,B09V92RNL3,4.3961987
AFXOJVXLBLYD2KJCO2MV3TVEPEOA,B09X8TQNNQ,4.904392
AEDBU4UHNM6F5BEWRO2LY2LGYAJA,B08LVQKMKZ,2.8437018
AEBE6ZW3F7MFDQI6LMM7OPAKGOCA,B08KKF5RW7,4.0990405
AHPJUTQ3YBWZYP3HHH5EN6ZKHQQA,B075FSQFPY,4.899043
AGJJC3UVE2J5TFAG5AGCIFSMKZIA,B0165KH7GS,3.8326545
AHF4JEWQEROLVQZJJHSI67KKWTFA,B08DM9NFLH,4.367499
AHAEDB7FPXJBM523PXFWBS6SWPRA,B07SB4413B,4.219945
AE5D3UKKN4THMV55GGAARPRXHFCA,B001CWWNPK,4.2527065
AHHAZWP7DDUCLTBD2YOHLSGOWA7A,B08H7VTXWK,4.8604183
AHPVKP6B4O27XLL2I44H7ILH33SA,B00N5THBGO,4.2706013
AGLPJOIU5TK67LFND3AUIWMCAF3A,B07M7XDW33,4.9365125
AGFXATQGNYBKELFQPRMA7IGEMACA,B0BSGM6CQ9,4.686471
AGJBLM6O43DUUTQI52GRVVR6YDFA,B09TXP3FSK,4.413318
AFRQHCPK4TP7CKDVVRWR524DVW3Q,B014H8AWGC,4.442976
AGUGDFZRH2G72L23E4WIB7BGMOVA,B077J6ZGD5,4.8836226
AFRMUNBPGSPKWWIAB5W5OBNT4O3Q,B07B9W2XFS,4.662899
AHF7TPHK72VNTRAA675SXPJ2NVKQ,B09KRR7C6R,4.683173
AEVNCPAF4GHJPW2QRQBUTV7U5JBQ,B08T2KB92L,3.8179917
AEKS23KTJWPSSKWVWNUPKQMKOVGQ,B0B8P1YW7L,4.652013
AG65H3KESUARZW3IYMRXVITV42TA,B00X7YJUGG,4.869342
AGOHUZDWB7HUI6NQOLEY56QG6F7A,B06ZY6D39R,3.8774076
AEOYITVO4RHHLQUN3VQANSVDIN2Q,B0002IP47Y,4.28945
AHEG7C3WGLIFZ6KICEYYTTVB56TQ,B0035FZMYG,4.537588
AFJ6SQSBNT2QNP2BTPXIFHDAL6CQ,B01C5TBX68,4.846586
AG5JI7Y3IEBQNGD322UVZCXH4SAA,B01M8M90YJ,4.7298083
AECFLUVBH26B6DW5DNXN2S3TDG4A,B09JMYM88H,4.3258004
AFLX2VPV66I3RSCOSL2OPXLYZDJQ,B085H22BGK,4.65097
AFZOLZJRFK54RYWXE2IADK2D5NUQ,B01142PFMA,5.0
AHPE2VIQMN4QQMY6FDOBTI5MDHTA,B09DVHGJSG,3.8896642
AFXTPN3SBU4JC4P3IZCFFNTXYQJA,B09SD4CD5Y,4.5432467
AF6TUHLWCEOMYDFENVEGKYKSHZZA,B0006NDF6C,4.25018
AHS5EQSUTQIS6CCNXQEFCGK7XJ3A,B086W93GHN,5.0
AGUAR5LOTVA6SHQBEM5NYSO2EAWA,B00B5LDMH6,4.537616
AERVJNZ5RKBWB4V5B74MU5LMZVEA,B0B5KX2882,4.830435
AF6BGLFASHKUPEWPXBWFJKRMP3EQ,B07HGRFG5J,4.392318
AFVFAY7JETKKWXAQBOPJTSALSAXA,B073VRMPDY,4.848275
AFHHIAVPXFYRPDQYDE2OW4YO6FCQ,B08YK9HWTF,4.1939178
AFZMYX6OPU3UF2637SDLHZLWYDVA,B01CFGB8KM,3.9481027
AER3THLOZ7KZ6X6L3ACFZTTHDTCA,B07PGMGJPN,4.478571
AFVSDHRXFBIUSK43W2LYIG3ZP66Q,B01M0KBF9F,4.7072315
AE6XZHWP7GCYYMB3KMFGBUMEQOMA,B07ZW1GBVT,3.9071717
AGADQZLASMTW3AVWPQIS7EDRAKTA,B07RS1QKGK,4.119916
AGOLR5ENOMVPT2UONE22M4YIQDAA,B01K1EJQ9U,4.3423934
AEY5RIKJ4WW2AV2RF36I6XHCXOLA,B004FEBS8K,4.0718765
AGOUQ73XWQY73FW3Q3BXYN7HXG2A,B0BSCGBBX5,4.6798463
AEGXN3ZQSG42J3F3APJQKTTPLTBQ,B0C67HCGBR,4.5091734
AEYMJEI6E6LOPJPL4OU6Z4T5FOWA,B015IJIO5U,4.1768546
AFHET3OYTMIYN4EAJ4AOAZSZBPXA,B0036FFKE2,4.688395
AEEL5H2C5ALPNBR3N67HM3HTBFCA,B06Y6BCX7B,4.509991
AEWTYTLUBCTWDPCKMTKUFN4SRADA,B0BXT6TM6N,4.659059
AGZ3EEUWPVVLQX5LMBBYHNKNBSNQ,B0BPLFP5P6,4.436832
AH4ZEMKEG2WV7UHRLS6NGVBO5HKQ,B0BXX3MYXT,5.0
AGOYR4GPBPKPJRFMMGNOKALDT2RQ,B07DMS2QNL,4.3275795
AFXFBPCW7M5OYUSORHV6HQASVQWQ,B07YMGPV7P,4.5253215
AFRHPC7CFZICVH4IROAQCO7RL2GQ,B01F8BY2AO,4.183026
AETNDIMM6EQH7SCFUYLUHJLBFKNA,B075R58Q4Y,4.3614
AGNP5VOARWMYZYMNSQYQND4NB7TA,B0B31RCL2G,4.415887
AGX5QVR6UPVGT4OYU5JCPSKN5X3Q,B004UDM37Q,5.0
AHCHW2CQHUSBPPNXHFE4RPGIXXDA,B0007OGTGS,4.691116
AHAVMJ7OKLRLFKHUSZEZQHPQCHWQ,B00WE6INNY,4.6148686
AHFIIUGZRRSUV74WTKV7GK3P4EPA,B0B9LKKBHK,4.4360166
AEZWVY7SNYXITG2YVXG4CWWGKJDQ,B07HFLRCR4,4.0608225
AFKCIAGGH7KHMU7JCN6ZGWX3ITYA,B0BR2G8WYG,4.7871137
AG25BHPXN3IJ53EHA7JCLMPPQUDA,B0BLH2CBVK,3.7577534
AFNKANPQUS5G3ENXFLAJ4CHWQGFQ,B07H6WG4CG,3.9064848
AFVQQLENFSRWGERDSJAIIEPSGCIQ,B00B5LDMH6,4.2528377
AGJ4XF6MVSXI2HMTCU4EF3JWNMBA,B00EOAF0G6,4.918112
AFXRISBWQYPDQKEYLZ7VMKSDPDIQ,B00145EVJ6,4.8305984
AFYFTNZQOU3VO7KX7ORJ3Y5X4L2A,B071P9JVKN,4.1423874
AHUDHYMPKVYPTVUFMWLBMWJX67JA,B0BPLFP5P6,3.6428595
AGY4LSANTCTFGGXVHUO6BBDARX7A,B00W7ZL4TM,5.0
AG7TXC563E642KFHS5YINKSCWE6A,B0018TBECU,3.7540727
AHJUKDLBKDLRZWZ2OFNOSAYOCTZA,B07G37S6S9,4.688506
AFIWXMQJNT65JSZVB3KM2EYVMKKA,B0BCK6L7S5,4.3746524
AFQK7EQ7D6ZPX7DJ5UOWB56BZWPA,B016ZHLN7K,5.0
AHVC53MIZ3LKW6OZXLC3O3F2OQMQ,B09857JRP2,5.0
AEJO75YNQXAOIKXC2PF4CZEORMUQ,B07MJ3KSVS,4.429954
AEEPQGUUCOYUMX43HWU2JIINBSUA,B09V91H5XM,4.216579
AHCHNJXZ6Y3IH7QNDRV5VQGVVADA,B07N2WWT61,4.017193
AELE432LWG6NBGFTGTGVLMNILSWQ,B075MPFFRV,3.8845806
AHNXP6YEKG5ZEOEQU6M4K6Y2OM5A,B004TM31QK,4.7338133
AGGRPYA34S7CHDII6NQWKUXV2HCQ,B08DBDD6CM,4.8164816
AHNQUGN2YMD3VM6LSJESF73OMGPQ,B07KY75YGF,4.502968
AEAPENO2NBGU2UVLRBSH77V2CIOQ,B09ZTH7BCS,4.563123
AGUIRJTR5DFHIQP26TDUJVJNQVTA,B0BHXYL8BT,4.9673467
AEUHHZV7XCP7O6WIJWSYBCTFOV7A,B07SZLTL1W,4.023834
AHP54DEEFACVFPIFX7KZ3P32ZYVQ,B09Y5NZ8PN,4.3730664
AFJKBXS63DTOIVPXS244TKEEFGWQ,B011NJRM48,3.5973516
AHKONMGJWJK5I4QUQ2ZCAGWIEYXQ,B00HJOTMT0,4.561485
AEN36LLBEDJ7NFDSKJFQFV6GMSFQ,B00IY0BLB0,4.454943
AEUAZXMQOTNMJM7QUXLCHLYB5AZA,B01M1GG05L,4.1109066
AG7EI3UOXIQXEL5QDZPVKPSVR4UQ,B0089NNAFW,4.4688697
AFWZAOGMC5HAEDQAOX5MUN67T64Q,B015XDU5C6,4.6538873
AEIBMIYUP6WPZRTCVDSHQ5KNVIHQ,B08C9Z3BTS,4.6747613
AF6DCSQ2GVNG6DAKRDYPUCW74YCA,B0B1989GQS,4.19163
AHAHIH6DC7KVK2DD3OX4VWX5Y5GQ,B004OK1G64,4.1142626
AFKMX6JZ655VPVYHBTATZQS4IBOQ,B085D7Y3JV,4.842047
AFJFZ6GLBPK74N3SK5OCFJWPME4A,B01MD10XAU,3.6282446
AFESMXB2DZ2KFRQXDNW3DWDGS7WA,B07DX95KP2,4.5426064
AEYGPK264S4ZZEKDRL5VW7QFBUPQ,B00WJ3HL5I,4.357097
AHMG3ALUBE3FEBHODTBHP5J24YDA,B0B312JZJG,4.956811
AHPIRROBFYQ2UMS7FLWJKMOWYIBQ,B07CBT4SYD,5.0
AGJU7X3JKHJKEK3CYRYDTRY7OEVQ,B01CQQMLKC,3.658001
AHREWZTRX6ATMNDH6CLATXMKIINA,B08DBDD6CM,4.7992554
AF4VYLI2QY2N7S65KZHMIET7OGOQ,B00AHEW7W8,3.5824842
AEXP37S7YKZSVJ26DLTWH3AYHTKQ,B08G8W9HJX,4.229579
AF3BB3ZKONXGWB7PWVSJBXIPFUOQ,B0C61YYGT9,4.783793
AHYICNHO5KASNWVVEGAZHUM3LNVA,B01AW50ADE,4.3749957
AEDTPBZP4AQMS7RZKEZKZYHDPT6Q,B06XPCNFRQ,4.14089
AGBD57DOENI7Z45BUDSSNWUZB7IQ,B07PKL11N3,3.9607992
AEH52AKWVKZCLB6TLF7SYDFOFMCQ,B09BF8XDF4,4.829544
AFLNJEKYTPPZDLQ4PSQ7UH3N6OMQ,B01MRJUB7Z,4.0114856
AHLWBN3XMEJUKJQECDTG4PZYDI7Q,B07BHM7RKB,4.426337
AFTM6NO5MNIUK5GNNXPYZSHSSIRQ,B001LXMXU0,4.604183
AHWEBH3KB6T6BTSHWJNFHOYZA74Q,B000RXN6XI,4.38682
AHEMAURZYRCARVTVF6CQYTYE4I4Q,B082DBGJHM,4.233215
AFWYGASZ6IGNFBSGEOUTEAQ54TWQ,B01AH3RSAO,4.317108
AFDV5K3VD23LQNRZZONVHGJUVCLQ,B012V1TG9G,3.8167334
AGFCZHTATBUI4HMETZZ5DXULTZJQ,B00IFOTSJW,4.590613
AGRCVTGVKU6I4WAR4WJGCAQZM6XA,B07FSD3CP4,3.6540613
AHBJS5XJDFWKWPLRDNP2GGKCHHCA,B088WMVDZB,3.8027606
AH2GKTYXSNROUD6VA6IH3IP3XRIA,B09R3CJSR1,4.6523843
AGOHUZDWB7HUI6NQOLEY56QG6F7A,B018S20LB4,4.342567
AHWOHCJDFWFEM4PGOZB4NP7D4AVA,B08XZH8DTM,4.021798
AEU4ZKO7CCFVXMEKTRVCO5CRN3QQ,B008PIVRY2,4.9790487
AG4NCPCLWH3ZWUCXA7HLVRQ2XLNA,B071XBX2HW,4.700647
AFFIKTHLF35JXNMYR3GSG4HJRYAQ,B014ZZW8QE,4.497007
AGTKP6UKPCRCX7DN3BRMOXKI3EIA,B079P9LDHN,4.228236
AHYZGTJ4E4TS3IE24HF6IQRJV24Q,B0BR2NW577,4.495174
AG4KTMEI5K6SATAUEUJ2LELQYBRA,B075MPFFRV,4.540388
AFQFEJJS3JP7MIHAPIDLWQHKBWEQ,B09Y1QWK5W,4.4849725
AGKWSSS7E3YKKUJSQZJZXI5ZE5KA,B07PRC5VQB,4.2410803
AHOVBMETSKJH7C2RPYQFETIBUMLA,B00UAKWHB0,3.5060904
AE53AVIEMEFU245TVANDSUXTHP3Q,B0B16WH36J,4.721462
AESVKFHONG5B25UZH7DRJ56ARJJQ,B01DBS3WJS,4.3424664
AHAXTKZXG64KPAV6TPVUASJ33E4A,B007LEV86S,4.4040036
AFKB2ICK554PA2D3H5ONFC3VL3GA,B0784PVZWN,4.1237736
AERNB7KZPZZGGM4BIHCV6KAAARKA,B003GEJ5J4,4.2323337
AERQYULSHI3ZZFNI7XJOKFYYEEBA,B0047VIXBG,4.790196
AEUOVHII7R2OLOQIOMVO5JFCRWOQ,B01G35TZAG,4.8875947
AF7CC34DK36SQJS7WXI44DREGWJA,B0B81D5BB4,4.8202267
AHYZHJQR66MRI2KKUWA3OG4BFJZA,B07GFH8NTB,4.329084
AHWKSJ62EEEXSRG3ZHRNWBEXWFXA,B0BGHR251K,4.264588
AFBFIVH32NPCDO5PE5DKWZXDKA5A,B01I6EHKL8,4.100767
AGJSFZPZUX63MGYM3TCLXEPLTIKQ,B0185B3CC8,4.7583036
AFPOTFD5RRB6MHZQ5P5UIVG7QTBA,B0BR2THBR2,4.7079163
AFIJ75JQSAJKRL6RFKMSLPMHA5AA,B0BXBG7VRD,4.4677725
AEHGPRL2ZLF6TY6JWBNFJNIDTE6Q,B0BPJ4Q6FJ,3.967424
AGSE3WV7SGP44ULL3HPGIDU6BY5Q,B0BR2ND5SV,4.61947
AFXVOM24JL7OMMEJEY7HEA7DYH3A,B0010GKX0K,4.2959857
AGE5YXPVOTT7B2DW5B4LPLL4GL5A,B01DXVB4RU,4.377105
AFQ4E2UCAYIG6LU7UP4EZMMKNYFQ,B00IZA1GI2,4.246911
AEI4K2NEMJ2UZLNR73JRGWEDU7AA,B0C6J1X7TD,4.691534
AG2CCIXDW6TXDNC64A5422PFL67A,B07YPXFDTS,4.2154226
AEN5K6M24BIRZAYWNS7LDH65I43A,B000FLHSAY,4.4547987
AEKS23KTJWPSSKWVWNUPKQMKOVGQ,B001ANI6FW,4.035992
AGDHUM4WRPOAECBDRPRDIJ6BEYKA,B006BST39E,4.6299906
AE3GCADR2HTGRNXWR33YGTZ6XW6Q,B0B8M5FJ9W,4.4509892
AHKXGOAE46LEG27N25E5KZONL77Q,B09T4TND5G,4.569126
AEXJUIGHYYB3Y5RWBAYB2EIUENAQ,B09MXDPD57,4.766709
AEE6Z622I6B7FO37VS3WLJIDBG5A,B008H51464,4.855581
AEMOYADP2JOCWPFFSQD5XOHPNCCQ,B0C6HZ3ZW6,4.780081
AGDJZFFQ2ARQJQOPZ4LCAJA5TCRA,B083MWZ1DN,4.7045107
AEAETBOZH2YG3Q5K73YLQSKVSD5A,B0002H0M7W,4.5689974
AGOAOXZU4C2FYKKH4X4NPAYPOI4A,B0749T9HMM,4.9246106
AGYVQXISNIURL4AIOHGR526WXLZA,B00TV0SA7U,4.0928783
AEAOAPF3OQV4VSD4BCQGS33IPJKQ,B018FCZKR2,4.7376604
AGV3WQAKB47WL6YGX3IYAVEEFU4Q,B07FZ5XBCJ,4.6622353
AGXOXA6HK2C4NUP4ADQCGLLQ234A,B0002F4Y78,4.9111805
AEWZDYB2M3BYZEF4BFP3VE2FNS5A,B07MX64M6L,4.864836
AHSKOQWXLLQEV4YYMFNWBQQMWZBA,B0BX8SSNYP,4.1861553
AHFI6EVQKDDMROI4RSVPWF2Y6ADQ,B0C9NGP88D,4.708066
AET3S3QXEZM7Y7MDGCJTFTTOPAHQ,B073S9BHBV,4.967489
AHLRGX2BFGLQ4JCYSS5DB2AK2ZQQ,B000BYPJ1U,4.3669543
AGKR74DLGAXCX37YVUNAFND6QKQA,B07NDGTFJJ,5.0
AGUMJHIDCBW2XGASEMJIHD26JN3Q,B09F2HJKHR,4.712278
AEXX7CEHGXHPKKA63HPYS3JR53EQ,B07K2J841D,4.47716
AHVFEBH4PD2V3XK2AZ44LFXTPZUA,B097FMTZCP,3.4745889
AGKQLSTQJOGWRWV6GHIZXSLB4VQA,B09Y1X5BSC,4.866633
AGSP5UQZMOO4U4VWUL2CVBV35NDA,B07BHTDYGR,4.5859623
AG3SNVZAJVFMX5WPHZIDVAPO6YBA,B0B1DNT9HT,4.005997
AG5FEKWGQDLOPZPCCVTDEL5TWMLQ,B01LQM3534,4.1668234
AF6JSVPJ2DCT5CECPNXDU5PWBMEQ,B09857JRP2,4.798837
AFPR4KLOEJKVJKQ2HDNYKIUFOZNQ,B0BCXKFMKD,4.51921
AFKUVBPUO5PIIBCJYBKMQABF4VJA,B078X3SSY7,4.699338
AF5WH2KQNQ23M7NVENH7F5ORQ6NA,B071P23N7Q,4.284708
AGQ4KUC5JAXB3A6UGXUM5DIPW4LQ,B08718Q5J3,4.565837
AEMLDUMRZRY3H5UQSTVOGIKOR6HQ,B0073B587E,3.058605
AFZIQSQJWTGIF5JPJXUSHLEPWROA,B0CC665SQH,5.0
AFA6BGHQNJZBSW5VM342TSSCPFXQ,B08BTH6VJ8,4.2093186
AGLS3LXZRF3S6AHDXUNPUKPFSFSQ,B0006ZNAZ6,4.4340086
AGTY3O2EKBN5YXIM26GX7FDP4BCQ,B09WJ596LC,4.463476
AEER2N4OMRBWAG7BWDUO2DOVBICA,B09YRWWW7L,4.72016
AEEDYZE7SWKKVMVWYZD35VYCMAWQ,B0BT855NFQ,3.7244563
AFUZR6TRZXN3X2ZRRPFB3BQMI3VA,B08R5GM6YB,4.631854
AHCPG6UCDD3OKNGACZNLW3EXJXUQ,B07TN2CHPZ,4.486869
AEQNSBGTU3I3VAIGJUOE56OM26BQ,B099NYHNRG,5.0
AEUB3AAUYNXUO6DFNVU465ED2F4A,B0C3RC7WWX,4.721225
AGZQD37YMBU4CNUZBI2JU3MLXG7Q,B0BPKH4HB2,4.0335646
AG662TUAT4KJA67XSMAKRIIRF7QQ,B07NLKL6N9,3.9415958
AGZYNSF4BAY5PVTF5ZPIUHE7C5OA,B00VOQQDHI,4.9683595
AHXZMBZM7TCTGR6YQ7MI7LEAZ7QA,B07WW5PKCP,4.74644
AF7S6K2LJFYM5UXGVQ5VVFCGA65A,B0BKZ5NP3K,5.0
AGVRYUDMQMBAJA3U6U7Q4WECPRNA,B0C6HZHZG9,4.8318663
AHK3GB2AAC6VO2ZUJV3MAIC5ZCPQ,B0085545YO,4.4662275
AH3ZYF275M4EUI5TZFJ4OZ6DSUYA,B005NZ05J8,3.9470935
AHGUGE7UGFA25SLUIXAHIVGXNEPQ,B07S1SP7LY,4.298282
AEGNNCCRQPA57ZYBT3IO44I2VAPA,B0BR2HWY75,4.5573525
AHEMIIDJNI5YOZXFEFFBQAEY5QOQ,B0B8CWRSFG,4.2327414
AEH3PVS3ATD4V36TYF4TQWHSQYBQ,B007Q0C3RU,4.6485686
AGEKML3B3AXH5J42LHHD5H2UGZBQ,B000BBQPBG,4.199028
AGHE2EDF3FFNNWAVGAQ4S6K7PBKQ,B0BLV556W7,4.564361
AFDS5HV3F3ONORE7U7PMXMVMZAUA,B0BL8897K3,5.0
AGISLAL2FVA52GBP2CQYQ4TFGSTQ,B0B6P55RBN,4.476791
AHFKHAG5UQQQGJWTD2C7A6NJHVEA,B071W1J3WR,4.444527
AEDBU4UHNM6F5BEWRO2LY2LGYAJA,B002G1UT5C,3.1065986
AEYVE4K36ZVU3OCAGOGH3GL3JFPQ,B018FCZKR2,4.192009
AFFCCV37Z32PXRMUD7KANRJ4OBWQ,B00005ML71,4.568993
AHD6HKJ4CNXV33UEHRJ4VY2ABMTA,B081T39QJS,4.288855
AH7ZNBHNNGX7KN4JFOB53G3Q5WGQ,B07BLKHLPK,4.569591
AFBBHTNRJHWRCWTCGXE54MJWVX7Q,B0002II66U,4.347334
AFCXJHXCH3WOXI7C2WIUSEKMHYXQ,B088JYK3ZL,4.4479923
AHIE3AXU3OL7AJHSRPSDNC53Q23A,B09KS976VL,4.5394673
AF5XBYLOZUWJLVK7F7ZQDL6OZPJA,B07V3NL6JD,3.4528692
AGZYJ2ZZTZUYPVH3JUSEDFY24SEQ,B0BFKQGWZ7,4.3238425
AHW7ETGBKGX6DCG2LBAG5YAXU46A,B08YN4F15G,4.3078084
AFRQ5Q5OIRGZ4ED2XWF3CMLZVW4A,B005IHLSTM,4.523439
AHUPJSMPURGM4QXXHW7VZLHZHITQ,B00CE20J3K,3.5432498
AHA5GU6ZUSCVSK2VNE6364ZRDJNA,B01B1IBSIM,4.404896
AF3KN3WD7YOQI7G633UMGOQUQDOQ,B0BPJ4Q6FJ,4.4432173
AEBGYELMA4BKQPPWGIREPQXDLGQA,B01LB3T45G,4.4059176
AGBUFE4F746573LDJ65QKCODIDCQ,B075R9BMF5,4.11357
AGZS2D53KAOXXASMVM6RY5KBRQHQ,B06Y19G8WD,4.717511
AH6LYS5Y3M7WNKZ2VVBZUKUNWYKQ,B07HHKV19H,4.9486647
AFVMTWBWIB5HH4Y352HP7XS65WSQ,B07CQS5BMH,4.991482
AGRLBP36CVERCY4ZWEP3EWGF4JZA,B09857JRP2,5.0
AGHIMWAIM6LO7YDHL2CEV6NVRWWA,B07SWF48CY,4.639511
AHTCW5VTIHGE4NVJRTZ5TRV5PFDA,B000J5WB4E,4.052401
AFLCMXOFCVAMVRAU75DUP5AHXXFA,B002N4GBLI,3.786738
AGM6KNEL26JNB7DRQKFK5AZZXVTA,B0014STI7S,4.33655
AEU4ZKO7CCFVXMEKTRVCO5CRN3QQ,B001G3XRVE,4.5567236
AEEFEPZ4HBVZ47W7VUOSW7JNX4MA,B0BHG58G2F,4.8670316
AF4WHAAZO2VKSW6GJJG5R5G2TXUQ,B08H7VTXWK,4.4794025
AHQGNHYEMY2THNZXZZJAT3VS4FIA,B0002E2TTO,4.243321
AHMUAUOHLITDKIKI4C3KVRWIBMAQ,B0BX8VJYMD,3.138194
AH4RORLGCUXFWGQT2EAB5G7UH7VA,B015X3CXXA,4.2390766
AF5BJKEIHNGBPJBFWGW75ELTVRNQ,B07C91JT14,4.4921265
AGJJ5YX3GKPBX22A2DKXRPX57MUA,B07SFYY1VJ,4.76659
AFWE7V3NYN4D7OKBSFYLF6KPSIAQ,B0BKR2ZM9X,4.9616003
AF6LG365X7TL2DPS7HGYK5BOIVTA,B0B3VQ8DY8,4.6530976
AFDSVXNRE2LCL6KR76GDPSVAUEXQ,B0002Z2CZY,4.446159
AG2CYX4ICATMPE465ZDZ6RQQRLLA,B0B5N91GLB,4.553003
AHL6UZNIFDSOKASI2VECZG2QJO2Q,B017808XKS,4.7652187
AEQ2MOHAZIIMHROOS5VRWJC2T3BQ,B01J317H5M,4.3333616
AEEFDB5HGXZPRAVTHRBJOUKMWXIA,B0BCL7N4MB,4.792203
AFOKRVF2NCLL5AUDCDDXVWDKO6WQ,B00EM5UOE6,4.7374907
AHFPXB2URVT5XNVXG54QIEM4Z2DQ,B09YYB7MNN,4.6847234
AEWSTSKVSAZIWM6TBKXZRHK5NFJA,B098DLRBXR,4.4986134
AF4ANWLDVQRE4MM7UMLBQNFJAX4A,B0C3VVNXPF,4.618067
AEZXWNGHCKWX74CZNLY5E724HBLQ,B07BQRDVYJ,4.312349
AGZYM4VIZUW2D6KCPB7D52O7E4MQ,B00WJ3HL5I,4.259632
AF4F5YORO5MADXZQC63MO65FQDGA,B09857JRP2,4.9037595
AGF7GPI5ZHALTTZMU74STRMGRJTA,B0749X9R8J,3.7245517
AHMG3ALUBE3FEBHODTBHP5J24YDA,B07XFNJL66,4.474433
AE5URYH3HQE4N5WYARBDJSMMWCOQ,B09396NY1C,4.0696335
AG3ML6ROY7CFJTLMPJYWIW7KXQ7A,B0BPLFP5P6,4.478466
AH2ZDSONTKASCAR4RDCD5SEPTPNA,B0BPJ4Q6FJ,4.7022457
AETEDS6HQJWX2EQYEQFUIAHTTJXQ,B00N0EPZU8,3.6156807
AGHQJW3LPG3HCBOB7YWKEYA4KWRQ,B00009W40G,3.6519532
AHMUFF5EOXLXLQW54WQMGDGWVDSQ,B0006ZXFWO,3.7376442
AEOSQV627LGYW2ZHUPCFZTYSSRXA,B0BZTB9B4X,4.8111277
AF3C2LCNGH35OK6HLCMX7RTG3HEA,B08MZTBDV1,4.5925064
AH7EXT73SLCGBJC4OYS3MXIDCKCQ,B07LCRPFW2,4.2641892
AG52TGAEELTPZNJOS72J33VALWEQ,B00OGNDKEA,4.5521946
AEU6AFGJV7RWYKXGGONYMF4GOGBA,B001PGXIVG,3.4663868
AGSAGGYZSLPFCVOJ3XTIUN42A52A,B00L5R5W2I,4.271861
AFRHPTCG4SZVWT7QOV7G6TW3GXPA,B078L11275,4.1716256
AGZB437NN6DJ6CBJLPBIO2CG4NEA,B0BFF85D9R,4.1948028
AHWJXB2NGYU4QVDQGXXASEMTCRDA,B0007XRMO2,4.4996433
AH4I7EG2GI4L35NZBNZONB7BDYXA,B000TGSM6E,3.8143637
AG6ATLCKETNYRKL6GCQV35CSSGPA,B01N13O0N5,4.3856587
AHJTFIUDE3J4S2YMRXGTEHQK6MBQ,B07281RLMX,4.8686233
AHMWUDNW4LCB7NSSIZUMNSHYFWXA,B08GZH46GW,4.7065663
AFC37H5DNDOQKBJSCEETE6T7JTGA,B09LYNWVPC,4.6094956
AHMA7ASEUEDMYKTWHXZ22SLC46GQ,B00VNSOK2C,4.825441
AG2R6QX4BQPXG5LZLRQMRXMXRLLA,B08ZKGSL4D,4.680437
AGIH5L56GRLWMJ7L4TLTXPN6SA2A,B09WJ35129,4.32669
AHDZKHRJWZJ22G7JY6NX7TTCEOTQ,B019ONS4TC,4.552094
AECRFIY3HZZG5KMU424HTLAKDGFA,B08LRFCDTK,4.847378
AGCML7EM4QFDKXX7WKPZ5XXY3PRQ,B07M6B3RDW,4.90194
AFXGSPUGWEKJENYDNCYEHUOLMPUQ,B09R3KNKKG,4.2464533
AHWPWNFLXL7W4KGXBI7CLXNK7REQ,B09CSNM1YM,4.5502515
AFNPD5FM2TPEJNP3DIHSGRKUOUVA,B08JMQR2JK,4.687193
AHBKIH4KMVEHIWF4ZAES4DZUTS7A,B003VYBNLW,3.670266
AEFEKAUOKJGCDC6MGYJHGUOF76LQ,B07V2JKL3M,4.5567403
AE4VA3LICLS3K5F2Z3EG6YYW7J2A,B0002E3DNK,4.1160717
AHMDBI54P7X4K4YRWKYC2XD73CNA,B07M7XDW33,4.59073
AH6NWVW3W4RUQ34GIN2XFX5C2OGQ,B0BXX1RRNT,5.0
AGRBVW3SOLA34DPI24SNBQDSKK2Q,B00NPAMDQ6,4.9053097
AFG7DJM5DPJBHJD5QAX7GXECNFTA,B00EB121KG,4.7335935
AFFHKWRLXMUNAJP6Q3X3PBIFFKDQ,B0002GWRIK,4.516297
AHMR6LWHM2P6SFZHQLVO4VOENEWA,B0BTC9YJ2W,4.9022474
AENKFLBSFB4IJCQNML2GSJMXDRBQ,B001LYDI6C,4.362388
AFYXC6LKP472MEO5OS2ICSPIUNOA,B087WVJGQQ,4.3543744
AESSUWJ57ZQ6VRMWJYR53UJT2H6A,B09VP6F1DV,4.733528
AHGTJA2GQU4VEMRCUSHCWG6KBVRQ,B0BYXQHW7Y,4.657951
AHZQPH7HHSWLUIQFWEQ54NNKKN6A,B07VPLFNYM,3.8828151
AEVI3IWEFPFSW3XVSOSXOTXUENHQ,B0863H1DN7,4.212316
AHHOVCJCDCAVW23ULQBBAGKUHYMA,B09QM4ZYRV,4.934298
AHLYHY5UA5XWTXG7ZNN4DMYEXNRA,B0179A4ILK,4.6500955
AFCPOLPR7FDDEPMS2ZSJKAPMCJQQ,B0C4DG9Z5G,4.341785
AHRIIQ5JK3SM4KX2ZPCI4SZL23XA,B074WXM13T,4.600245
AFQRADPBJBT3FQPLY3DLXYDZYNFQ,B075R58Q4Y,4.615426
AEHHK2RNICHW2UIC62SQB3HMRYOQ,B075Q8WNG9,4.989154
AEJSAI4YKNWNMXHTUKTJH7WEBGDQ,B01HN41Y2I,4.695441
AGGLA4XVPGU3OQSHL4VJ7QD7DEZA,B06XK7WQK3,3.8243668
AE6TYSATATHUCWNO5ALASJCCV4UA,B00005ML71,4.3900766
AEGKJ7WJCHGWAAUC6CRMKUEZYKWA,B08XMMFQ27,4.928162
AHR2T6WRBZHZQDINIP4FEKFMJLGA,B019OO4IY6,4.8399796
AGYKBJXKGCM7FUQSK5JSIT35DOJA,B0B3VR19HS,4.9992886
AEMXGB4ZOBCCTEB73OXEDAITLCAA,B00K17YFC6,4.265766
AGHKWLNKR3YTHTYZZCFTKDICRV3Q,B004THBG3A,4.1851635
AEENGR3NSQCF7Q5GDBXAQXWXSCQQ,B007YFWTXU,4.2844095
AEBO6XPHTBYVBGL2XXLMTUI5YL6Q,B09S2VB3KW,4.62041
AEYZ2RBVCX7RAUVJ7ZWEGBCWWKVA,B00L0X8ATE,3.9694312
AGMO25NSI27D64W37GCW2T7W3R4A,B088GN7LPT,4.8115377
AHBLH67EE2QDH34EJI642YUJ5J3Q,B07N2WWT61,4.9108987
AFQOJI577L2A64VC676GX457NUXA,B0817CVBLV,4.5951853
AGNPQSAJGJ72E5OPR2NHS4CEA4BA,B07122K1X4,4.2036266
AEQVLVI3JUHYSVHO45F7CJ5NGY5A,B09857JRP2,4.934173
AFZSMLMBFEZVO3R444YHFYZANESA,B01NAV3253,4.7449217
AEADVMHY7IFFYDMM2IINZGE7UDEQ,B074T1SZGQ,3.9784932
AGVJXUBDRIXMPXZRVHZIL6AFIJ3Q,B07MJVGJSV,4.2088337
AE32OUD2ECEL5QO4NPPT23BAT6MA,B015IJIO5U,4.139868
AG6Y5E4F6CFUDIINMDTXIE4L4VXA,B091MZPYBQ,4.4515305
AEVKLTY6WVGWFBUFNPQPPBBJJEXA,B06ZZ3YR46,4.1150355
AHBGGY6ZT6ROC5OQFXIBKGL4TJSQ,B000EENO2S,4.7228346
AECYDZGJO6K6MMZIWTQA4RTK6QZA,B01EGV6UJ8,4.882819
AH5IKWFPOCFRFA3RCWSUEUCZY25A,B0BHSG5C3G,4.5994387
AGV2SDA2PDL4BHFY4AQVYRETU3IA,B07STM2JNJ,4.4328957
AGQBXAZWYG3Y3QUON7MFLKQPF7VQ,B07CC51PMN,4.7969823
AGB5CRFACFQG6C3OB2TSE5JC5FHA,B00A9K386E,5.0
AE2NWSTL7JJJWOCBKZCZF6KDQIZQ,B0BLZD2X18,4.4377384
AFQBQXS26P44XI4LLUZHOQQCVDZQ,B004K1UKH8,3.9869409
AEU4ZKO7CCFVXMEKTRVCO5CRN3QQ,B00GOIC1S6,4.2165923
AG2WY45W3ZZ7FJHO36GRV2VSO6DQ,B079P9LDHN,4.9027205
AHA4C72NXTSR4V2TQQUIBOQMWYPQ,B002UXS4JO,4.9726033
AHMM3SULKEN7UHFRSLVQ67BCKIJA,B01AFHSS92,3.3499
AFDY3YK7KL7STMYZLEDJ7WYNWYLQ,B0C53Z9TDF,4.431408
AF3FYICX6MT2J3E7RBI6WGC2DSVA,B07KDYH2DF,4.100601
AGXCH2LCCUKRTTDKCHZPNHNDVBIQ,B005M0CK9M,4.0449495
AFYHLB2VSKHODIMERHWHKEVNEK6Q,B09Q39C7W2,4.957705
AECV7C3OLRHG443BVO7ABZI3GHYA,B07V4GG652,4.1241727
AELA5OUVEKLLQW7MHMZ7NYMTOSCQ,B07JZBH686,4.5144916
AH3UBUKNUPJRPZ4MFG4JFE2BD2RA,B006UOSUW0,4.920552
AFVDSO7FDJY6PZTIVD4GQC4BI5JQ,B00181T20O,3.7146332
AH5D4TGHJYMBAAJAQUYH5E2OHAFQ,B005Q1XR8U,4.9664855
AFQ7VJBUAFMCD6WLRMNJVL5IZGUA,B07GFH8NTB,4.805164
AETYS626OQR6IWDN7UJPGDA4NNLQ,B00724YJJ0,3.5795655
AHGHMXKZP7RLWP5BATYVEJ2I4TDA,B09S2VB3KW,4.8840976
AGKRNNH3IAWPL4TX5MZBC7TMM7XQ,B06ZZ375CD,4.816016
AHETPYRS55HBETNZJ7ACESF5QNCQ,B09TRX519R,4.995749
AEVIFWQIE6IT26354QCYQ3MYXDHQ,B06XK7WQK3,4.3406014
AF5WGXXX4SL4PKFN7AU23HDQWVRQ,B07Y863YT7,3.4391706
AHL4CAHXRDV56YKGU6E3OIXIVUGQ,B0C4RBG7N1,4.8508086
AE2ZMLACD5CPEMTXPRPHFHSJG6OA,B09JFZ3CKY,3.9945767
AEKBROPSAIVCFRQDXYRMBSY6SHYQ,B075MPFFRV,4.312302
AGAZPMNPPQLZ75YRCHEKYHB65VZA,B0BKZ7LF6F,3.8858562
AF3FXB3DJ6UZ3WQKPBDGWRSYSBSQ,B076346CZ9,4.756581
AE7HFNHDMZFWK4FQ2NZDBVJ2LD7A,B0BT9R8MMV,5.0
AEKUQFFCCUATJUR242AUVNNEMCEA,B09DY5162V,5.0
AGLM7F2WLHQ4B3PTAIWHKRF5YLPA,B0057FXCOE,4.757679
AFHRPCWEWPAAA2ZVLDTJHDIFR3VA,B09RZR7QYC,4.468121
AE2BCWBDERZKN3ACIXQQISI3LHPA,B07NDHXQQV,4.75428
AGIEKLTWZL63QZ7YJXTOGJWADVEQ,B06XZ59PPS,4.975767
AFMEABMXB2346O6T7C7ZCYFGX3XA,B08T13DP55,4.4715023
AFH6SP67XWRJPVGNF37PPFMELPVA,B07PSWC1XY,4.499459
AGPS3ATD4MZWB2MNG3GZ2GOLBDGQ,B06XW9MTTV,4.5459433
AHUAXFKMPTODFNHJRRDSNCHKGUPQ,B0B8Z6XZ8P,4.425891
AGK7YMB73MWEM3E6LTIDR2OW225Q,B0B47KFZCG,4.769691
AEZPYVYVDCU6K2JBBSU33PGJQGQQ,B0BT2Q355P,4.336646
AFBHZWYSP7A5KILYEILKRC5HDZFA,B07MDPF4SZ,4.413992
AHGDGUCZQWIECGRE3LJRI5PLTXJA,B06XGS3ZD3,4.604258
AEYVWHALKMARVCXXX6XJOATQ5LHA,B08XMK3D28,4.497965
AG7NDDHQBGXQDQLHZPCWYMAWYM5A,B000J5XS3C,4.560142
AG3FOCUC5MJAFY63RNQSRDSZAICQ,B074K56PFT,4.980496
AFIENCUIHMROWDUODFRALNXMYGPQ,B01N9V0GV5,4.4672737
AEQNSBGTU3I3VAIGJUOE56OM26BQ,B09FQ2LWR9,4.81452
AE3FAEGMA6K2A7N44AF7VEHMEQCA,B01F7GQ8DY,4.415941
AFWIFQAR524D4CLYLL7RIQX74JJQ,B093YKC48W,4.2534485
AE353MBNVOAUGAX6GEHR7S7GNMAQ,B08R5GM6YB,4.171495
AFEHPC5MSRUR2QWD6IRZ4KB42VRQ,B01C6YZN90,4.233705
AEHP4UUNN2YJ74TCSRCZ76U2FLMA,B000CZ0R3S,5.0
AFXA4I44KYAST2OMETQBFTDTJI2A,B0B8FSCM9L,4.256934
AF2GNRUCCIC5DYCDJQ6XF45STO3Q,B0018A5R5O,4.4222245
AHQPPPWBZCUEIKOIGEGXMBNDWQTA,B016QUXTZU,4.2816005
AFE22TU6VNOILTKLAIRVLBYKYZNA,B01N2W837N,4.106199
AERBXYCVD6YTQ6I2JV2SFSQRODHQ,B000N5MK8M,3.9568715
AGYK2YYS35CDU2Z77ZQR7L3IAX4Q,B09QCPLYJ2,3.7103024
AGSTYKEKF5C2L4KHWKEKCYZC7Y2A,B0BT862N4P,4.533555
AGGC2NUD4OH4CW2EV7ESFUAAPCIA,B008OEWZ5M,4.2727838
AH5JR6SYFSYSUV3LIPKY7SSMA7IQ,B0BQ2ZB5JX,3.7649217
AHQKFLQUU5UH37DGEKVOKYZ6KQCA,B00LOAASPC,4.708675
AH3M56TVSIIT635XXCL7ZXR44TYQ,B005ETZBCY,4.35747
AFUMN3VI5ZJLQ2DDJ2GBRRCH3WKQ,B0B8LW5KJM,4.753349
AHCBAX4LOMZVVIZTC4FMKDLJTJWA,B0B4RDZ88X,3.9436588
AEPLHCEMDY74XNN6GUSZWQ74YQEA,B001R2O0BK,4.581117
AGSWTRJPZ7AVS2C33JGND5BQ6SMQ,B0B7C7PYVC,4.3421392
AFWUAQXCBZOOS3ATVLTXPMJEPEQA,B07C3BKLD5,4.8536844
AGJY2PI4JDBLJCSAK6BMEBG5FR3A,B0009G009G,4.55573
AHL4BCH2O33HFN7KSBTIJUHCJYDA,B09SH9C3S1,4.7268915
AFFYC346GQWLWCWVTPNBIHK4QDIA,B08DM9NFLH,4.8192987
AH44K3RPIQMVWG2G4EB5FPVIVUEQ,B074KPCGYL,3.9839199
AHBLX7LQNWI4JT7YGUE5I2VHGJPQ,B0CCK4YYNM,3.9335806
AHMUAUOHLITDKIKI4C3KVRWIBMAQ,B0BYNM15YB,3.0722373
AF2HAUDZBKQZM5XZ2DM4UPO237UQ,B0B949FD92,4.605022
AF4IJMVZHPMUQMVPAUSENZRJFPBA,B00KND95KK,3.554373
AEVIDOETQTYGFWUVJGTIDMWH4YFQ,B01AJV71F6,4.5397496
AHZH6A7SOLVJWYYVF7IA446ZC45A,B098PKTTRQ,3.8566947
AGOCJ6OBH4PHTFMTCXSATWY3RSWA,B07BRK2M2Q,4.481508
AEG4UODHFEOZAWUPC5CJVONTQNVQ,B09PWCF6T9,4.382713
AFVPTT34R7Q5LTSLB36DQBSHMVAQ,B09TXP3FSK,4.8103766
AFEPLHWMMPUHJCXBCDWHIDLE2A6Q,B096K2LZKH,4.37469
AFEU72LBPQ6KPZM6WG23YI5DURKA,B07L6RCDP7,4.975003
AFNH3KVRKGZ3RENJGQ5NUX6KNVYA,B016E9HCTW,3.8487275
AEIORZCHRBVERYFCQZTGPTVUYIWQ,B00S9GPS7M,4.34073
AEA2TT5QTGCAS3N3HRTGKYXJFBRA,B07TWWT1KP,4.5459776
AGIS2VFFRNC2ZUF5LKWZ7TQGTHGQ,B000P1RB9C,5.0
AGMTCMP27WCMMXZ3R3FJ5F4KDABA,B0B8F6LD9F,4.9094057
AEXL5EIHZE4PJ22225FWU7RBPLCQ,B0C67HCGBR,4.822779
AG24A7D2ZL3IT6I4CMXUA2N5YX6Q,B000EENMUC,4.5559254
AGKTBKXWB7TSHCSCALSFSEL36QNQ,B075PXZX7R,4.36861
AFKQDKDIZX7G5QJH3LDYG56O3NXQ,B00EW5I30I,3.9132628
AGHEYBT2KQDX2I32KRBZ7D4RCZIQ,B0011FQK5C,3.1715403
AEATATWIJVRKLZHL4XQBAZTTVWGA,B0853X3VDC,4.62515
AGWXAKH4744POOCZS4ZOG3WEN2HQ,B00AHL2ZBO,4.723775
AF3QEXJDDPZECUV5SC2GRK2WSAQA,B018FCZKR2,4.140447
AEAKPSBHSYTSRSGBSOPXJPXFDQ4A,B014ZZW8QE,4.3942575
AGT2TLMLIWZOIPRZ4ZANFYICIKDA,B07795XHLH,4.254112
AGRCWLVIIB5CO53366VJCJPGRZUQ,B0C38LLMXG,4.677114
AE5CG5J32MEINSPVKINSGFE3XUMA,B079QDMQHF,4.724473
AEH7VS4MCJOUSC7774ERGEXJKA2Q,B0BG95DG2H,4.782106
AHJQBCXVWZJZ6KYC75PBDXVDOCXA,B003QTM9O2,4.698437
AFFRCOTU354SFF2TWTMJSVJ3T5HA,B079Z72D57,4.1299853
AGXR535FSKQK3R3ZEVM3HZXYQCTQ,B082WVKSNG,4.4537826
AHMSDSXPHL3OVE3ESLK5SAYFWGBQ,B0C6MW897N,4.6587996
AGG2QQ2TPFEBHWNTVYO5ICVDGHCQ,B0BSCFTV2G,5.0
AFUKO6YITJTYTXDGLAZHDXMWOBFQ,B0010SHU18,4.22064
AGNFY5ACCGPN76PP73JZE2NKUQ7Q,B016QUXTZU,4.2492085
AFUC7GTWCVAJJEZ5UX2FUYNTX56Q,B00PIQMT7S,4.3893304
AFB2ANUCQUKOSZJCGY2FWEW7IIBA,B0B16WH36J,4.876833
AF2GDED2NQYCKO2XPT2OIXTMXOXQ,B07DGZFZBK,4.340115
AFA52JPRDGOBHYA56MQCHTIUPYHA,B0B81FBRNV,4.5074873
AENBPEIFKODS2DZB7JNJMYQTZ46A,B00EM5UOE6,4.863307
AECW3WUSGA2I4KVJCHZG5XUHXV6A,B08GX2PGDX,3.5601056
AEPM4UP3I247AI3TVKGTE4NNR7WQ,B01DE4DPSC,4.7707677
AGTZNQAFNN3NQROPNHH7667W6FIQ,B0C3R6T7K6,4.3030033
AHXKDYQYHMVBVUAPFQGJDEZU7K3A,B01DPCONFM,4.5560684
AF25EHEIRYH66UGEPXAUH245J2QA,B00XHGVHL0,4.7166605
AHXYSMCKABR6O4W37Q6YIF6NWVYA,B00C86FA0E,4.285805
AE3MF4QMOAWZRGCARXHIR73MKI6A,B00B1YOENI,3.9130766
AHDZKHRJWZJ22G7JY6NX7TTCEOTQ,B093KWXYVZ,4.350357
AFNXM5S42H2WOW74OLJHHQJC62OQ,B08BX54VRQ,4.238115
AGRJCUNI5ELSANQJD7BOPENIL4GQ,B0BKZ3GCGR,4.511137
AHZHDVJR4IYIOXMPRQ35RYKBYKFA,B0010HCI66,4.4291778
AHMO7X3QGRNEGQ7CKZQ5ABAEERMQ,B0757Q45NK,4.993858
AEWAHTRVKR3QZ43JFR4BEXRXCSEQ,B016B6YFDO,4.145923
AF4DU7X56M2S6NM3SDKVWNMTHOOA,B00BLQ0D2C,3.7101057
AEYVWHALKMARVCXXX6XJOATQ5LHA,B06Y5L3CYJ,4.44293
AERFFADRI3I6WIWDV3U6CV5OB4TQ,B0C4FTG56T,4.908608
AGGXU6K4SOJYPGW3I7TD3NESEUNQ,B07MMJX9T7,4.3537107
AFSBX23YWCK6UMDKJPDEE3JSHRTQ,B09ZTH7BCS,3.732708
AHL4QBECTPYZ76BAWTW3WDEPCLRQ,B000VTPR08,4.21349
AGJZ4WKDOSWXXEMCI57NHE43A6AQ,B016B6YFDO,3.9207127
AHBV7TH4Z3WRRKXUIDAOPVUBIR4Q,B0C67HCGBR,4.8136797
AG5E6SWEN57XW4VNEED2HWJS3NEA,B007IE5JGG,4.629305
AFA5EB7XANQVGT5L7JJ5SZW4WRXQ,B07FXPMKHW,4.4544716
AGNCFORXDUR6UGNKHMTYXQHKY5XQ,B09857JRP2,4.4199896
AGKRWGW5XKPBVWHIM73U33DMZGQQ,B0002D0JX8,3.9138992
AGXY65KBB7VEXRKE5KT2JWNXS7YA,B0C6MBLTKK,4.4559174
AG7NTVOQZ5NOWVD3BFPILSM4LYGQ,B0BXT385TL,4.3317313
AEPSSRGHHNMBSJ7ZAU4YQFX6HTTA,B00RVE9X06,4.618438
AE3O7NJGWB7LCFQUAANZSHBUQHXQ,B077VMFY81,3.9200647
AHON7PNDSUL6P64IDXNOK6O4U5IA,B00SKI0HSO,4.816099
AFCW3I4HL6FLOYFDC4PVL6AE4VLQ,B00RVC1UA4,4.8585196
AF7ZZZMFPAUVTL62FVUJ5GACOK7A,B07MQPQH7F,4.8226485
AHVI43NDUURIE32PAEBBA6XGXGOA,B0C6HZ2BJ4,4.157358
AFNNJDGN45QK6EXOWGRSZ4J7YRQA,B0B1SF7C4M,3.9385867
AEFK4A22W4P6TW7ZVV2UJN7Z53RA,B0002E3DNK,4.6998367
AEBXDQP3DYUQMQUTAUIMYMOMSRZQ,B01MAYL1J3,3.7225468
AGSNBOFW3OLPB3BAS6IVI365OQNA,B00BVH7C66,4.5524087
AF2QKTYLPEWJZVZCVOFYQZA2R54Q,B07BZX9BCS,4.9612527
AHOBKBVHEAT4KPRVI7TYTF6MEJXA,B0BG95DG2H,4.0408926
AHKWMDVIQDZ43FRLBQQ37PY5RLEQ,B01I0T5H6E,4.2204914
AGXKROS7PUCF5FTKJP2V3Z2DVI6A,B08XMLRVSN,4.6678476
AFFYSCZKCCXDX2FFF3EBRFR3ZGVQ,B07TDNWYSB,4.486157
AFNDIHLGOYAQ2LA2M5BK4DLW2JAQ,B0C86HZ22X,4.4627786
AFX7IPGBJFBI6ANG5ITI5GSWDKIQ,B00BFN58WQ,4.742284
AGS2TDMTAC2L4AB277W52RWJNHVA,B01H8E58SY,4.8541446
AFDA7US2RKW23R5HL2DHIY6SDJ6A,B016QUXTZU,3.8586226
AHXENOIUMYCG343UZOHPZ662WZWA,B016QUXTZU,4.2345605
AFVYUY54LTCJKKEJFS65HOZ753ZA,B078X58WN5,4.1313515
AH6MAK6PF2Y5LOQKNJCZBEXMKYSA,B07S8WR748,4.745871
AECYYG5NBWST4O77HOD7AQWS3PHQ,B087X1CF8G,4.718535
AFFC6YHF2JNPQRDNCOKO2MFUCATQ,B017808XKS,5.0
AHDALDGFNPUZN5ZQGSPWZPVG67KA,B07YK57N2M,5.0
AFOD2RS4CU7CGW6FE47EKKEOE43A,B004Z0JH3M,5.0
AHRSXDWMMGBPIAF7FLEPJHM2VBEQ,B07MCZ9S8X,3.7173605
AH4CKDTXBSDQ5HF6EYLK56OZMQMQ,B09G9DVTD3,4.515904
AG4FSWXIYRAWD4GVRIYXCARYASVQ,B0B8M2Q1DS,4.5785737
AHQVTTTWERJAIWXSI7SDOTI3LBOQ,B0BPJ4Q6FJ,4.583423
AGRLPOX6E5PRCUFDB6DHC2TGXLBA,B000F3HK7I,4.8379693
AFO6XWHY7FAH6UL6LXPNPRCHTTRQ,B0BJF97MDV,4.5440145
AEASCHUDTX5JWM75PYJW56POA3EQ,B0C6HYPS5F,4.5953927
AHMC24HUJLMQYCPV3L3MFBDGYGUA,B07NQ8X3FV,4.197182
AFW5AUC6SZSAVD66GAKREB7EQAUQ,B000P5OULA,4.4351063
AEZG4SHN6EDH7X2I4NPMCSN7MN7Q,B06Y6BCX7B,4.3603477
AGMSWNQ5N6MJEVF6CGG3O5XENX5Q,B07DWY7R2X,4.8319845
AF4WMXLSWQUD4A3FI6PNLZFKEWOA,B0B1SF7C4M,4.222719
AGOLT3TFBJSH7BN4V3D2M4UJOAVA,B0BG4BZC5L,3.980965
AE7TFCX7HWKKUCNMKUWHNC7DGB7Q,B0006ZXFWO,3.753843
AHOEU2CY756M4YAEZXRCBZXP3AZA,B0BDL88TM3,4.4370522
AHZVZO3RJZCQA5BSOKX2TRPEEUGA,B0C6H9T5T6,4.3362045
AFPJYASOJQKODUQWQSXLU7WPVXUA,B07SZLB9GM,4.666543
AEAZSCPKLB5FYVXWRCGLX3RFNMYQ,B08F3PSF6P,3.9020069
AGQDHJRFX6KKCS3PD25FWB7E7VDQ,B08JMQR2JK,4.653398
AFRTXLSLVRLIYMUGOAGX2PA6URHA,B07P2CZDTZ,4.722569
AGQLFZBLL2HTPOLTXLYYRYNYQMDQ,B00O5EKZ9I,4.453604
AEAMKS4TLLFDJGAGQRDRVWQKTTQQ,B0BGQKNDP2,4.799323
AFHQZEUUODBBUMOO3HTA5B6FKKVA,B008L3SXE8,4.8148828
AELSEEC2HSNYVGVDB6K2H3CMBOUQ,B00UZ7JADG,4.2828717
AEJATLF6ZB6TWPLQFAVF6P7YXFKQ,B00178JDCK,3.6026733
AGDCN7V4CLBI6HR6LQPPGKW76K4A,B017DNZ3XK,4.5608635
AHFAK3G452QCBWIMOQRDDFO3DHXQ,B089XFMQ5W,4.333637
AGDJTMH4HPG35M2T3CBDUTGK35GA,B07BFZ2KSJ,4.2294245
AESROLI3HHXTGZIJOGBJYE6GSRRQ,B0813D5BFL,4.6988707
AGZXN4EM6PCRLAKT4VKOVT2CWJAA,B00WJ3HL5I,4.2418437
AHMBCU537QJAK732K33QSX7UR2XQ,B01F6WIX5K,4.5346513
AH2TSWZJNFCFAXVDWNCDUJRHAZTQ,B00NP8GYVS,4.3836102
AELD5XB7WAKU4T75C7K7A7BDCBQA,B082QLTZD2,4.692805
AHELBGAFUBMQNPNU62HZLW6XVG5Q,B0BCK6L7S5,4.4442773
AHIEDM55SZ5V4UCWULFONXOT3DTQ,B07CQS5BMH,4.9526935
AGC7NEILXYL3VBI2KZN3OUZBYJZQ,B07QL29XXZ,3.9342065
AHK7B6UG26R2QW427SGYW5HW4EIA,B07MQBPZG8,4.2569757
AHWD2NSHVOEG4HA6HYHH7DVMC6HQ,B076ZSHQ47,3.9181418
AF6Q4K2NTL27IAOJGCI6TFJQUEZQ,B004XNK7AI,4.3773193
AGIGR25MN37ED7XZL4U3BCARE4XA,B01MRLGZTQ,4.257991
AETHTA4WA3EPEQMS7KCQP6ZLQLEA,B0002CZZGA,4.471502
AHY3J5NAJ3DAJBXXJPWNNUNCG3JQ,B077Z635YX,4.5560174
AG5QJWMXSGR6QK7CTCJKXRD7OSOQ,B0BKR2ZM9X,3.6200109
AE6FEBZWJDO4DJDWIDCRXSMFVQCQ,B003POF3R8,4.621102
AG7C5GJSOGRHGPGT62KAZNJ3GODQ,B07YMGPV7P,4.1796365
AHMDWPOFULHEO76MIILWJAEGA6VQ,B01C5TC9LQ,4.807915
AHWKSJ62EEEXSRG3ZHRNWBEXWFXA,B09MNCSPHN,4.6443915
AFXXPUL3WUJA5N7OHL2WSCZUJORQ,B009L4VZ3C,4.0004616
AFB4JAD3CWQARKHXOGSSOASYQNNA,B09PBL98Q4,4.443782
AHMKOZYPGVBGUTG3A5NO3M64WFJQ,B003AYNHGW,4.5481796
AHDWGSLY5F6AL4WLGCL2YSSTJQLQ,B0B31RCL2G,4.5096893
AFPMUO3RPUOKALQCSHLET5YVLMGA,B088GN7LPT,4.941751
AHJCDOPTP3TS3AKN3WXVWSQR322A,B09Z2SLPJC,4.0485725
AG3PDUNNZGSQI45FEUZEKSPBXT6Q,B01M1GG05L,4.2419195
AGKOQNSCJN4AAVPAIGFBU7AIU4UA,B0195NQSTO,4.6614904
AFU6LE4MN4VRK3MJRTLCYLPSRBJA,B0B16WH36J,4.773193
AGBE6ETAIKPQXBYYRAUXXWKKU7QA,B0B29JY4BG,4.710295
AH42LJKFB2OQC2J4MDGC4MQ6MLIA,B0002D0CCQ,5.0
AHJ4JYJ2YIL7JSDDG444JJAQFHTQ,B005EHILV4,4.5524507
AGJAAVMYOSWYRC3HRWGAWHJFS4WA,B09Q39C7W2,4.311753
AGOIZPY7VKQUIV4QBR6APEELOBBQ,B09MR13TS1,4.476139
AEVQES4DYXCIQMQL7KHTDM36Z6TA,B085RZ5X57,4.1715007
AHA3IJGM6TVWGJBOW4HM4UY2H5OQ,B09PGXJHVD,4.569509
AHOZE2QEB5JLLAG3FB4BJKGUE2BA,B0B8V7C5N8,4.8001113
AGDEYWGZKNGR36MRO7ZT3AB45AXA,B07FS8N773,4.3744583
AGGGVYN6UWSDL6N37L77RAJLFHTQ,B0B9BP315L,4.8082952
AGGZLLBDARIQDZYZVKDHFNQHMHBA,B0B8L1H6H5,4.3939257
AFFD2UVMFK6ERQ5IEVQTRLTJ5CEQ,B08XYTW5S2,4.247782
AGF2ARUNAO6IKVQHQRZFYC4TU5IA,B09PNF6NGG,4.504535
AEAPGDW6CTHQ2YHAEVPWOU5XDEBA,B09YD44J6Y,3.7120168
AFITBSL7YZ34TYWR4E7I67ASN27Q,B07SB4413B,4.025478
AFCUV5FE3VT2MS4LYAUFHYBQCP3A,B0BPLFP5P6,3.662972
AHNWRU63FXLY6XHTA2Q2WCK3RWIQ,B07JZQBNDG,4.303139
AHQCDCQ5VFDGM74DM7RQ737GTOYQ,B005ZV5K0O,4.3582
AFLHFZVJG5BOHMDGWC3SS32O3YDA,B0012BPMHW,4.6804876
AF2O4GMP7Z6ZV7WZGJM5MGT27GAA,B004HZDFXI,4.5509872
AHVDJ54NGWPYG5SIQWJLUP4SESWA,B0812LVR55,3.9408479
AEM3RQF4LFUBUJKD4XXSYOZ3Y5NQ,B08VHZ4FFW,4.4012203
AHU6A7FS55M6NEWWY5Y3KQ4OUARQ,B003FXO8MK,4.51146
AEK5ENP4GNKULEKWEVFCGY3V25XA,B0BPKH7FJ2,4.6564856
AGBG3KK74IKWJNQVMQAGVBWJ7FAQ,B0BW3BKL4K,4.8966856
AGGCZSRBYNP7SGYHFFHXV2V5FJBA,B000RYUUD6,4.6905622
AHWLYM4ONOHUGDWONJ4F4FTIGAMA,B0BGQG84Y4,4.2653995
AHG6A25NEHTHEN5ZY2XERTRYUHWQ,B09N3K3KGT,4.8113294
AFZV77C2B43TKQSJAH54J5CIVBIA,B002M8GBT2,4.665532
AGBWY2Q4KM2IH3WA45BSPOCKRJOA,B09R6GDRV4,4.166172
AEGNQC6SO5SG7UUQ2CIYJWG2YU6Q,B07CRLJWQ9,4.2807846
AHPKSVZSZ2AGO4Y7ON2XSDC6OF5Q,B075KNF6GZ,4.4098954
AGSH3BOYIC3UJLYIAUDLNZYTXFNQ,B00QDHK69O,3.4800978
AGYEAB4XOJZKJBZFGFQPZSIUL3VA,B0009G009G,4.393757
AHXTZ6TQJPPTLUPDXLS6DNAJ6GYQ,B00EBJ0JPW,4.4919205
AGKO5OGFXXCN354PFOSNIXFTYOXA,B07MZYNZ1C,5.0
AEZOQMNB3BOUTZIFWDELZPB3JXOA,B09BF8XDF4,4.5546775
AFMG74ZXHJ2XIJW5OUELTC5KRPKA,B06XV9J1DD,3.9313216
AHCXKCUYZ3EHECVF4EP5FMVMRS2A,B07CL6Y82R,4.90742
AE2K2JVGQP57HIPAXURIFLXLJILA,B09NNCSVQW,4.6591883
AHJH4JENJNV2WIBEOIXHQEF2GQIA,B0006NDF6C,3.686734
AHDTJODSAMZBYCCS6I35H4V452UA,B07G4H21PM,4.0263715
AEORHVIBAWHUO7JWEGFDVP3Q4Q4Q,B0B8Z6GZZ5,4.249872
AGY7CYYTVW3BXZMZKVJ43LUEN4BA,B00BVH7C66,4.622897
AG6UNPDBZCRVEBYEWGBIKOX7FV5A,B09PWCF6T9,4.609136
AEQJJSAZIFWJKYQUGL6P7KR55P6Q,B0928HW2P4,4.6823144
AEJ7S5C53PDEYNGKTSJPCZCT3RZA,B0C5PRQ9K6,4.6977777
AFA645RBPM3DQ7M456ER3ACPTPHA,B07C9LSNQK,5.0
AHX7A37P6PKOD7W3PHI7OASXEOZA,B0BGN92PJM,4.604011
AE3NUJULISR56KJZB6XPD2KO76KQ,B004TPDHJ8,4.4185452
AED4QB2WMSEKWT5RXAVNI6YHOWUA,B07QLGB4D8,4.769475
AGFNIFCC5UDQGL2BN727UV2Q3ATA,B001L5U0Y4,4.3259673
AGVT5E2C6WNOCFYSLOCPAPBJOIKQ,B06Y2W66F5,3.0357053
AGFSPZ7XOYCABXF6VYXQVWQRMO4A,B00PZGTVAE,4.9899
AF2QKTYLPEWJZVZCVOFYQZA2R54Q,B07RBZHDT7,5.0
AGH4UMD4PDQ2J3Q4PYX627TKEJZQ,B00PTAD7QU,4.428638
AGXY65KBB7VEXRKE5KT2JWNXS7YA,B0B3QHY7GB,4.7529
AGWSL6RCSUEPR5RGTVMO5HERQUEA,B09M7D9SC8,4.158779
AHYAO24VSRJF47XSA3XNLHHDE4VA,B07QDN6Z83,4.009694
AFYZSWEYWH2O7SZ3XROG6DYZ5SBQ,B09PWCF6T9,4.0534377
AHOFZCHFULZ2SZTOXOCMV6FWHMAA,B0919HG8S7,4.515469
AGFMFD2HKXUJZ4UTF7DCEVCMUTKA,B0C4QX4CQJ,4.90734
AEOGO4EUQ4SODCLNQAF2QE2246VA,B013OFJVPW,3.6714935
AFZNG4THTEUTZC4XDEJS3U5WPOHQ,B06XW9MTTV,4.5239334
AF65N4WSTNBO2V4VJDML2RE73ROA,B0002OKGNK,4.9880114
AEUMH56TGXJR2KRLS2OTNPPLJRMQ,B0025V1REU,4.241629
AHLNHRYQZKCISQM4XMJMA2V5MV7Q,B09198262S,4.6120105
AEYSYCXFIB4OBSAJ6DXVYHD4JJIQ,B071NN4WSC,4.5316257
AEYB2G3AM66RHK4ONMQYWVLCI3TQ,B0178QB9I0,4.678987
AFPJLBVVR6SLETMKYKEJ4FQBJPTA,B07CBT4SYD,4.934782
AEL6LHHM5XOECBA3MAPB32W4DLOQ,B0002E56IA,4.577752
AGSXFQ5EIJKOWUWKGK6VYAOJXXZQ,B07J9JR6VP,4.1885834
AEVQYOU7JYIXIVXIUDRSOSGWCGFA,B00GESEQ4S,4.451543
AHEDE2SI6D32L6OKL6B5QCB42ZLA,B00WHLLDWO,3.6027093
AGYSS3SBEZELT25CMOQ3VVAJUP5Q,B07FBD8F7C,4.6253633
AEB3X3OFSF6CY2VPUN6NN72DVZFA,B00DY1F2CS,4.3480043
AHTUJMOFO73XXJHADHZ7JOZ6XNLQ,B07CRTCXDV,4.32081
AFIMPB6NJRER6XOJECJLPEVZ376Q,B00ADHKKZK,4.3434353
AFFMTXZ6ZKG7PV3BO6UKZBSLXYPA,B07MMJX9T7,3.6830254
AEJLELEWFD3SNKK6ER6DDUKRCXNA,B01JJP7NII,4.4741707
AFKLIW5727DBZBNQ6R675TM4VRFA,B0B819R6CN,4.914588
AEGGYBBQ5FVWI4QGTTVB3BTH37VQ,B077C5BNJB,4.7601523
AFQ7VA3GZLNTRUXFYOTYZ6YYC3PQ,B0C5BMZ1K9,3.9359221
AGVRLUFL4ZEIFPCUS3MO3TYW337Q,B00DD5WWQE,4.718165
AG3LFN3BICH2V5RPI2XFRKQSEDZA,B077Y4J6LK,4.475581
AEEXUQ2ILOMASMA47VXXDCJAHUGA,B01MQKIZ4M,4.381004
AH6RYMKOBLZISW2TKST2EI6G4PTQ,B07KG1KPT3,4.8143463
AFD637UMCLE7CMXD547PBEXNAMWA,B01DN7OC00,4.675524
AGBW5G33ZMRHXPLAK6BF5GZGTUKQ,B00H35YIJE,4.7947273
AF3ZZBMYBGPUI3O3RZXBSNH3YEUQ,B07MZYNZ1C,4.55667
AGEK2Q27LYVZUVUJLUCXSYV5DANQ,B081JR2H8Z,4.1599417
AH3C54XADC2RQX5D753WWL4DNYGA,B0BMZ3PZ3G,4.2906213
AHDZKPPKUT7HD47LXCBN7RQNN6KQ,B07STTRGFW,3.6595638
AEDK5T3VBOFLHQ5KJCGL5YCKI4PA,B09DR91XCS,4.40887
AGVWNNRU3RCSDNTOJ6DCFDIQSYLA,B000T9L7W2,4.736794
AFLSR6TUF3KPOYGNIHXHODNAZUEQ,B0B4S1WY6K,4.6210046
AELBL3GHBDNBYAXPFC6MNPPWG4YQ,B017DNZ3XK,4.6520643
AFQ3MI5EMRY3KXDLZX3QHEQVGQOQ,B01N9V0GV5,4.0623918
AH4A5EHENGUKTMJ7CT4TP437BAPQ,B000ZMYRJS,4.2110705
AHST2SDR2IPRKGNB47AKL63MKKCA,B09R6PRMMY,4.8766413
AGBW7LZUPMPOBV4LJ7LO3TCTRVLA,B000T9L7W2,4.745417
AH6RUAIDE4DPFNXNDON6QRLCEQDA,B003OYOXDO,4.8489246
AEJ6PSXEQFQXW6PSSGOMAHGT7YUQ,B09B45DLQG,4.0230994
AHRMYVXZC7MK5EBIO2XL3Q2GGEGA,B01LW9BF92,4.642083
AHTVJL3FJH5CHBAPBR6EPIGJZOEA,B002YL81RW,4.2224655
AHSA453Q27HVVDN3XTR3WKCN6AQA,B0BT855NFQ,4.9622154
AGKVCWOKPPT3ODIMW2QZPX3BKRQA,B09MMT45P1,3.7348719
AECIT3NMW6RKABFS6YOCYX4YUYOQ,B09M78T485,4.040657
AFIEQ7BNYXBQTLYIJRTBNKWQTKEQ,B083J614C5,4.2135644
AER6WLSJPBPNOZIQWVHQBVOKTNCA,B0BSGM6CQ9,4.2520695
AGFSF44SBWIXPONDUSNCKXDJHYNQ,B0BSGM6CQ9,3.898171
AFPPCR5EZVS6J62MTQLNUE33LTVQ,B0002GXPRM,4.334288
AHX35XPY547VAN6XET42HCKD75HQ,B00OGMD0VE,4.354136
AH2KNTQFU4DWMQIMTDLFSMRQHRYA,B07M6H5RM9,4.6281314
AG2ZGELVABDJPU5S2YRWM6EE7VIA,B01NBP7MS2,3.5109637
AE7GVDNRY5NABEP253Y3GMDUZOZA,B00CPLODUU,4.569192
AEJW2SZLBG45RD3BL5WOZQGLGF3A,B0BKZ4RCV3,4.400546
AG6ADHHJ2MHUP3ZBBTGMZVJ47Z4Q,B09V4JQTN4,4.633882
AFMLPEM5ZNCYJ45CZZ7K7GIR2LIQ,B07MTFY4TL,4.2858906
AFJXFJ3DMG7IRI76BBIBCY2HVLAA,B016QUXTZU,4.0480423
AFFFDZ3YLAYSMDK356X7KIAJESXA,B000BBEQZ8,4.732583
AG3S4FROO422V5KP7DJCBXVUQLJQ,B0179C3V7K,5.0
AHMEXIGTXRS4HEO2VW3GEQITMMCA,B01CBC5ZE0,4.3153567
AHWUG5BIUQWHO6KPODY2QJFFQYWQ,B0002M72JS,4.5203285
AHMVEVZHJALGYHHVMDMIAAWHLUDQ,B0C6J1X7TD,4.4942346
AFUJ72Z6MXB237FUGMSVQJFFRLEQ,B096K2LZKH,4.7490807
AE3MLVJ2OOZ3WLVKQG42G3AQ2KZQ,B000PAPO9W,2.7075129
AE6ZV37Y2BVKSZCMJTZOK73AUCJQ,B072VH61FV,4.890003
AFH7AQN4DHER236MDPEFHTOKFKHA,B07NWZSBF3,5.0
AFABFPPQO7PSIFNQWK46LY7RREGA,B0BTR12G3V,3.7963371
AEKMNAJE6DA7ETYWCBVCOL3YCPIQ,B00N4ZHQ14,4.82464
AGVT5E2C6WNOCFYSLOCPAPBJOIKQ,B0CBSQC51Y,3.2175384
AEOQMBKMCAUY3EQ2CFEYDB252GPA,B07DWY7R2X,4.608272
AFHHXA727PPOUUVXOSYLR3DSIHMQ,B00HH62VB6,4.063125
AFAP7A6P3TICUUAOBBRXPHUXNCZA,B08C2TBWGV,4.1515884
AFBOEGM4O3PNLUVYWVDCLD2FJLUQ,B0BKZ1G3P3,4.6195846
AET4U35AEFIVWAGCKF4KVUAQXDRA,B073XXLVWT,4.389558
AHR2T6WRBZHZQDINIP4FEKFMJLGA,B00SM1IWHC,4.3928275
AE72GJCOI37UD7IOD67B3XZBD5NQ,B0839119FS,4.4116416
AHUTJQWZUJEBOJOFMRJ34TKWOO7Q,B0B81HB47Q,4.6048036
AENQIPCGFGPVCMZYAJK7LIBIZNQQ,B0B2Q55RM6,4.4749784
AEV32P7R5QEYRDR4DXX7F7V4LOUA,B07N2WWT61,4.6318717
AGRE76ZT4VB7Z2BIOFV7WVHGIVQQ,B0BRSHC796,4.666953
AG7R5DXVDILMBIFSFDT7PIUWIFQQ,B09857JRP2,5.0
AHUWS6MJOUVKCRS63HJ4LSB56OPQ,B01AH3RSAO,4.577852
AGN65FCMRQSRXS6PWIVSUYIDZXFA,B081592T7F,4.5689106
AGMNAMH77QXBOAWQRR62V3NMOZ5Q,B0BVLJTMV2,4.6023135
AGIVMGPIL54BA6GYBNOWNUZUE2TA,B001MQ9Y5I,4.6412144
AFXXPUL3WUJA5N7OHL2WSCZUJORQ,B071G734F5,3.607874
AF4RVRGYJTFGFSMAXGB7KCSUTCHQ,B01LKYTQOK,4.7299304
AHHGHZWN7DV5HP3CUCZZLRV7RB4Q,B016QUXTZU,3.798457
AENL5UR65X7N4Y4J5DIFVV2ZAJXQ,B00721BB44,5.0
AFL2UCRKEQUKNNO27IUNUDKTZN3A,B004L66AM6,4.8620696
AFFEOK6DMOUVS5IK4NM76VPYXA3Q,B00DUKP37C,4.492592
AGK6346KRVUN3QFXSGWMWGZTR2UQ,B0BK6MQF3Z,4.1943145
AEZWUCUVYKFHY4O2XE4DVDHJYKVA,B00HF07D6M,3.9312575
AGY7CYYTVW3BXZMZKVJ43LUEN4BA,B07KYX3S8X,4.9326115
AEQ7VNICYNT6W6MCWGQOMFNEQ2ZQ,B0B8Z4YV4T,4.384453
AGUIWCE3TEQX32UQAXRPKSM4Y5CA,B074FL1CP1,4.506752
AG7IN5L7BFVBNE2TNWW3P3A5RF7A,B075NTZ5CK,4.1531
AFCCN4LECS2S7CZ4CHXK33YXY7IA,B0BPLFP5P6,3.941866
AEGI4CAWOBX4MLNWUIY3IP7CNZ7A,B00ANTTSFQ,4.5233483
AGT5BUYMUIX54NNCXSJPWYNJ7E4Q,B01MRJUB7Z,4.589168
AHQO2Q2Z66EGYUYBELDADP4L2XEQ,B00K7VDMJS,4.506261
AH5CRT5ZT3ESMYJUVDIH5RZPH2BQ,B00IFHCOAE,4.502778
AFQ54FLISLOLXO2GO4EQA5DS7GBA,B0C6J1BN77,3.4322596
AHI6DFB2N6SA5BR3CPLOCCN77XZA,B07YMFXRX5,4.5046554
AEQZFV6M3QLDV2IAFVDGNM7CNMTQ,B079TLFL33,4.4474926
AGKDT74ZP33B4O6LY76GYKMUZGGQ,B000V1K7FG,4.3238735
AHAIHFJL6RGSQRFSI7RXMRJF3VJQ,B00646MZHK,4.874737
AHP7C5XFGXHJQ7L6BK3SNPGOPQIA,B005A09I7Q,4.4259844
AEPPHMNCAV77NB5KRFV7NKMYYXOA,B06ZZ2S6ZS,4.8125467
AGAO3DXMEMNWQ475FJA6DEPJDM6A,B0BYCG24L7,4.103098
AGU5KKDWKCVSHEQIKNRI5HLGSJ6Q,B08BJGBHN7,4.4788027
AEHLM3EAXPMXVEZTG4F6ERRRLOMA,B01M6C8X57,4.392073
AHXMKLMWQVVRA6IAKL63EK7U6YHA,B0046A04LU,4.509348
AEWL6EFLEQXOQMB77RH6GKOG6UWA,B003ZKLP4W,5.0
AGFYUNPN5IMCAN7C45KXDXYHNGCA,B076PF19FQ,4.2683
AEVIHE2VEXHVIUYQZLYJREFCQTYQ,B06XDBGL88,4.714532
AEUPIYW4A4SYHXRJAGEP4ZG6YPRA,B077GH8LF6,4.8075666
AHGQWA6ZHRH4I2PIDDXBWDI3CTRQ,B0C67HCGBR,4.8552046
AGLNBCX3AKNOFAANHVU4V6YKPQSQ,B0046LGS0A,3.5463676
AEYML2YFNYT3MWAD23KAME7HQUHA,B079FGN89H,3.8989246
AEFLZATUAA6YR7UNZXMP2UKIFQ2Q,B0B5D7JW6B,4.415617
AFRQPDPDS265WAXYUCEBRM5DMAOQ,B076ZSHQ47,4.593763
AEHC3XG7CT7UP5TTPFPWIOG6ACDQ,B0BTC9YJ2W,4.259567
AGEUWSL3XES6EGG2B43CDIEQRYRA,B002Q0WSO8,4.434283
AGQ4NTOQIHY47KVMCWOHYFYFQ6KQ,B0C5D8X3JT,4.612285
AHEJWKUYOCGSVI5KTPKKGCSJV2CQ,B019H1STZ0,3.5456278
AFSIFH65UCU5GE4GK7AUZHWUVJRQ,B0BXBFG6BX,5.0
AE6PYJX3K5T4WCDVMYYA6C2EA7OQ,B07BF7ZLKY,4.215847
AF6HBNODXC27WE6BRERWS42VWW6Q,B0B6P55RBN,4.3621273
AHHZGNO2E4NAIBOKZ4CP4RMDHONA,B0C3WPPB5B,4.3967476
AFID5ARIFYCNYC77W4TLN76YEL2Q,B072JVYTHS,4.4646997
AFJSY47SWGUSSJWPFEY4ALCI75RA,B01ISNU3X4,3.848379
AEATP53UFSJQN4EWMZEG6TPTOBHA,B00IYGR316,4.4309216
AH5PPNPBIL5VFASDP5QMDCUNXRPA,B01M18LT95,4.6877213
AF6L5ZQD3WBL2P7ZN5VAFMABWMHQ,B0BKZ66FRY,4.5306873
AHETLAZWL7T3CFUQNU5VJIC7R6PA,B001HGOXDG,4.5394926
AGUJVWL2H2ULK24GNKGTM7MBQ5OA,B00VMZLCTA,3.9363463
AE6IC2GMOK7D5GKCYMFBS47XYRZA,B017NT392Q,4.4763045
AFWHS5KMUDYBCMWKOLSLZZJR5HDQ,B07PPHHG34,4.59993
AH2M5U7UKPQPDMMU2URAUE74Z4MA,B07KVV674K,4.5359974
AEFK4A22W4P6TW7ZVV2UJN7Z53RA,B0BG95DG2H,5.0
AFJBPPUHABKT3NK4CCTZGI22UDVQ,B07BMWJBY2,4.437364
AGUT4BSZDABF2TKPWTP7QJTWARHA,B06XDBGL88,4.9000735
AET4IUQ2PMMKZOMRGNCTSTEGKQLA,B07BYGWHZ3,4.3596563
AFSMS2MHAVKJDLOK3PHV3IU3YSSQ,B00WJ3HL5I,4.5618663
AEKF2YJ5ZXHTZEQSF7ALVYR2VJFA,B08R5M2FGY,4.689011
AF62AMU6MZHZQGKUD4N2TIGO34SA,B0BCXMFM46,4.3378186
AHECXORNR3TAFF5SXLTY5EKCRQ7Q,B01DK40R3M,4.3520555
AFBPLMDM7IR2MY4EH7BHUK2AVPNA,B0BGMVH3GS,4.1913733
AG4ZLTRHVAZRU33BPY5Y643IZXPQ,B096K2LZKH,4.9465284
AHNG3NRGEDYO7E44QMYDHMBADPBA,B0C3Q29DML,4.628981
AGSVLMHAE6DKL34BW5AJANZ2HP3A,B09DCVN1M4,4.286514
AFAMP3QF2V4E3VOFKBVG7KMBBJEQ,B0BLM2DG9F,4.837967
AEYPLXPGNUKJMHAPC3GONAXBIOSQ,B09KR857F4,4.460732
AGTD7IKL26LTOZAUHBEV5JEQJHCA,B0BPKH4HB2,4.4175854
AFBHZWYSP7A5KILYEILKRC5HDZFA,B074KPCGYL,3.8745227
AEAO7MGTW5ZXQBBPPW7ZW5JU7OFA,B06XWLXCFC,4.075694
AENU4KR3TL5KDFNSL4U5BG7RRN5A,B0141IN4CW,4.8991575
AGHECGJA3S5TVQGZHJZREKKIHPIQ,B01J9AD1GQ,4.452495
AE6BRKNVK4LQXEDHYKHPDDEB5U5Q,B0BPLFP5P6,4.447147
AHZDRM3HOZLSWFXSQ5P3BFBB5O7Q,B00WBCBQF8,4.893598
AE5D2G63BJ3IOHMYE7DT5DTSSMTQ,B076ZSHQ47,4.6893716
AHIZ52ZDJJRFKA2Y3AYLOLRJDSZA,B001D2TPZU,4.2612386
AHDEDVH2IWSYQR4Z2HHY66EHXWIA,B07PPHHG34,4.588996
AFKQQ5JGFWT6YINVGI6NVKPR7QNQ,B00WJ3HL5I,4.5304503
AFGQ5MDMML62FYXYJSFD5QJ3M3WQ,B07DLCDT3N,3.906151
AHEMAURZYRCARVTVF6CQYTYE4I4Q,B0006LXW9E,4.538316
AGMPCB3TGA6MNNISDWYIOGQETCWA,B07DLWYV8D,4.6285295
AEL77WRPLWQFXSFTPQQIBLHS362A,B009AQZM30,3.6957366
AFXROWEZMRY3EHZFCIOF27DVOGEQ,B08R5GM6YB,4.146459
AEAR7RK4H75BYXFVGZKA4MOCFDTA,B01K1EJQ9U,4.607848
AG6XTTBGDOTVNHT22X76U27Y34VQ,B09DJVRZGS,4.7892847
AGA5WK3RYRITT6YLBM2IZWORS3LA,B0BFKQ9QXD,4.528884
AEKIL7TYYHSE5YRHA7WLDVCHW6PQ,B00646MZHK,4.401512
AHKYW62DZ3QJE67TO2PKF2NR6FJQ,B005A09I7Q,4.5422354
AEFDYT6GBQN2D7X2ZHHZT63EPIRQ,B07M81HC4C,4.726141
AGTVZ7ZSDMTEDLMJGZRC7RFJNDWQ,B00CIO6BEA,5.0
AEUAXVAUWJFDX44V2Q3OZFFYDZWQ,B000CCS3UA,3.7992873
AFND4WHBO6MV75PBKNHCBFZK6VWA,B09MSQBZFJ,4.4207015
AG5SXV4XRKBOZMKDGST7LB3C643A,B0BR2VHR6T,4.499591
AECFGXLEX3SU6D4T6C55X2NWMJVQ,B01KPYGBR6,3.265589
AG4WPSHRJ7W4UF6IKZJ2FMYUVGCQ,B0B16WH36J,5.0
AE6IXMUN5V3WECZERXLUQTKPK6YA,B07PPHHG34,4.4073625
AEXUDYZQ6UWJHNPKVSVI3FI4IBZQ,B0C67HCGBR,5.0
AHEMAURZYRCARVTVF6CQYTYE4I4Q,B07KDYH2DF,4.6558347
AEALTR3WRLHHAJKW2AHUSVXM4HBQ,B09396NY1C,3.957462
AFG4ECOVR5MACEQKTP4CMSKS3AHQ,B07N5J3GTB,4.470926
AHYGBZX3XJDZUC7A7VNQATLM3UGQ,B018FCZKR2,4.78109
AER5XQROGISYKN6ABH7EAK7OHGTQ,B071J3CB4X,4.5970154
AG6HOO4VHEZGO64JCVOGXTI7OPAQ,B0002CZWRW,4.4799786
AGKBMYYKA47EVKHM65BYZHTARYLQ,B07Y9X6YZ5,5.0
AEGP5AQJUETI6VTX3ZFX33KO2WPA,B00EB11XTQ,4.8975863
AHXHOPYV5ZR7PT47GK66FJZIQBEA,B091C1BDYV,3.853068
AFNX464EORGQMDR2OGWOLWJEHDRA,B087PWLP4N,4.266996
AHWVLFKCGMR3ZBOMSNM4LWQINLTQ,B01KBCUPFG,4.524189
AELUT73PSKWAQ3D5L6SDD72TCPNA,B00VSYN25M,3.9361055
AGDDHRF3GVF7FXDLXU76JCRKVB5A,B01E6T56CM,4.2404313
AHWAJPIGZTDRDSCOICE5YWUDPJTQ,B08R8FSFRB,3.9756634
AFVCGMPCE75MWLFYLYN7ASTQEZ6A,B0BLM1W9XH,4.3977747
AH7IHB7THIV6KVXC5O737F33WHEQ,B099NYHNRG,4.2949557
AF2B7VXJHVVGGI2GPZVTRPWAI5NQ,B0C3VVNXPF,4.9384184
AE2YVL3KUQJM645F4OYOEG4EVHIA,B004W7ZWB4,4.5087676
AGHPBBUCMU72JNN57OKEFJ472UUA,B000RXN6XI,4.909622
AEU53MEPI6E5AEKW6SQH4J2HR4OA,B0C4FVS3L7,4.9384513
AGA76RB5YI46IRNJFAIGOCGHHF3Q,B07L5B64RG,4.170672
AEJDUT4MZ2N5JQKUCHABBP3D22VA,B071G734F5,4.527053
AHINVBXOV747R4UROFCTCE4CQTHQ,B08DLK3GC9,4.68068
AFRFYELVMFERMILMAIN3NY7YOPSA,B00N4ZHQ14,4.3543925
AGN7KMV3GSGCBANTJAKIHDQYEFJQ,B00743L6V8,4.3819404
AFN2EUCH43NLAXRSCQTS2VWAXVCQ,B09PH4DV67,3.9773538
AFHER2NWLJQHNQ4BRB4NZAG46VCQ,B005M0CK9M,4.1338577
AEIIRIHLIYKQGI7ZOCIJTRDF5NPQ,B09895PBVZ,4.6225996
AGOGNMQ567OLCAP6QHNF3Q37FUCA,B01M4ICDNE,4.7454424
AFMX5QJIJMQUBJWDE3CSQA776X6A,B08R5GM6YB,4.3926587
AE3WYKKSK5ZZ2S3O7KHSJ4UKG4CA,B07RK5HF9D,4.168487
AHH2UCSRPPENBT7U5II5HKFYV52Q,B00FC4YTZQ,4.435779
AFDBGQ77DIENSIIBMKK3HM4X52DA,B014W0L7ZU,4.699888
AHUWTBLGZWOIE4OYFO56IOXKJMOQ,B0BXZFS2QH,4.8522673
AEG3P7S6QTKVI3P5LQJRSS665FOQ,B09G5QS1VD,4.411384
AF6ELLW7NT5WNL447YQWXJOFYLUA,B08PPBGVK8,4.604549
AH5S4XKENHVECUH4CNLWHQYIP2NA,B093YKC48W,4.2766438
AHFHIEY2BIDWDNA46D5W7RWFX24A,B00WFHBJH4,3.912811
AF5JOUT2RD3EZI7G553AWPKGDGLA,B07BSZNKTM,4.38469
AESCPQD5RHHP65UTHAGCQDE7BUAQ,B08NSVV6FZ,4.416384
AH342PH6NCKCD5UMGQRP2VNTBS5A,B017KFVBGY,4.369807
AHGYK6Y2LA4GIKZURFNWD2XXEJWQ,B076YPR9PH,4.212492
AHT7ULEGSWNWLMFIENNTIELDXKUQ,B0BX8SSNYP,4.4219456
AEQD3ZBLPEQEKPSKXQDLDFPGK32Q,B08Z5ZQB7F,5.0
AGWWCX5J7MNO6HLHGPDUWISE2SDA,B00Y0IV8AO,3.9979916
AGEKML3B3AXH5J42LHHD5H2UGZBQ,B06XHYLXZ8,4.3516297
AERXAGU6PAY74OIAVZQKU5ONB3NA,B01NAZMWZK,4.4970403
AHW4NQZJXTFN5UHC3SDKQPYTFZNA,B089QY6YYQ,4.6017756
AGOFEC5HKNFNOGAMR6ZDACVQOFMA,B00356J8KE,4.5486393
AF6Z2TQ5BOCRCNQUNPUBP5XCYZMQ,B081P1SQGG,4.80072
AF5UYSBQUE7CZYB4XX4P62KIX5NQ,B0154JSY68,4.0638313
AEAXMPFMBBZTPBSGKDGQGBOYXDBA,B015HG7HMA,4.4837694
AFKMRDJ3QAUQB65MCAQHLKTJNPPA,B0002GIVIK,4.4483337
AECH7O3ROJKU66LUU6S6VLO3EAHA,B008TNAHX0,4.4359345
AFXABTTWQTMQTCFESJ75437ATYXQ,B07175TMXS,4.527308
AE5CFFYYB6ZF5KWXQDULCTXOUSNQ,B0BLBZDZTX,4.3580713
AGR2HGNGBX6TFVFHQFKXRPP4B22Q,B0BJ3BBTXH,4.5897927
AHSX5YF55LYO3M2ODEKTHCHGYQ4A,B07N5GZ2MF,4.8040996
AEHVR6WKEXENV637D3LEOOBECPBA,B08NYZM99L,4.351385
AEUGRGHOWY23GCKG6LLYUJERZBQA,B0B59363YK,4.6614337
AH5E2TAIZPV7HKZ3M3S44UIQRMCQ,B00RVE9X06,4.3184085
AFZV4SQHKPAL65VYRSQSKUKWMXXQ,B0BTC9YJ2W,4.6693397
AGXWBFBAKLMJWMQIC25BQF3IU7TQ,B08MWSS6SL,3.8280807
AHVKGDD2OV6WLV2KGSSVEGRHZLCA,B08DBDD6CM,4.466197
AHEEE2KB2EVXIUCUXEVKVGVKJIGQ,B07NP7HF7X,4.432048
AE6BWNMYSUWC7KOOGI4IE475U2LQ,B01J5A06OU,4.438973
AEU5GN766HQJG2WCFWWLJSL7EPTQ,B00ADHKKZK,4.5858335
AG5UQM2HGELE5HUDREGA5BDL7CWA,B00HU25WSQ,4.190604
AEYQWVFYGHQ6YRM4NSMCPI544CPA,B09XQRVFC3,4.0821886
AHZWCCGZFVFQCXB3CAFAIKQZFIRA,B07Q6L4YMC,4.875003
AFNR4DU37IAIYRYQSCO5LD3SR3OA,B07ZPSCW5K,4.52581
AE23LDQTB7L76AP6E6WPBFVYL5DA,B0006V6SB8,4.835815
AGRBVW3SOLA34DPI24SNBQDSKK2Q,B0B44VTPS1,4.2606444
AG5ZVXXHEXDYUUODSEQC4XXV7DPA,B01ANNNKMI,4.6990366
AH7BTSFO77CNNKQFU7FBWTV5DI5A,B0072LXG2Y,4.882228
AGCML7EM4QFDKXX7WKPZ5XXY3PRQ,B084HLG86T,4.828421
AHZCVYEEYWXLFNFDYHAWZNTVW74Q,B06XX417G6,4.4385724
AHHXUCKVUSI7A5ECJMAV6KU2HOHQ,B003YJQX1O,4.4471827
AF2WT5HLSFDRZLZXCMBQL4DT2FBQ,B00N4ZHQ14,4.775368
AHMNA5UK3V66O2V3DZSBJA4FYMOA,B01FHJLE6M,3.978076
AFONTBXNXRGS5WJO57UBKW4A2UEA,B0B24RR2MV,4.6129246
AE2FR7SKS6WTM5HLF6Z7JAUJEYLQ,B09YDBKT7M,4.3156343
AFPFQUNXMIBSHK3ESA7RA4CCB6MQ,B072DXPHC3,4.526607
AGBQKWXYGWQUURLKTF2S5FPTJF4A,B010NAIE1I,4.9654913
AFRX6Z2R32E5KHKQVJTTBMYHE22Q,B075VHF7DQ,4.7612076
AFJ6BNKTPZQXGEOAIOMMCSESJS2A,B0C621L9FB,4.5094724
AF52VJ73TUZISUIW4H36R7IFY6DA,B09JJQR4LF,4.575874
AGH2R6V52CPCK7ZOYE26G6XZPC2A,B0B27PZV1D,4.8616123
AF46VJOZTEVDEWQECUVX22FZXGGA,B0BCK6L7S5,3.8319254
AHBAALGJM3WOUSOXXUXVGXMY46IQ,B0B92LPGD2,4.7766876
AGEAPQKCIAXEDWFYKW2TEAJ42PHA,B0731JGPBT,4.2920537
AE4HL6GTIQJ7HRI53XDKIGVJSPRQ,B073T2YK2J,4.669869
AE4KQ45U5PV2LEKFZP3RUM5L7JYA,B07NDZSF2M,3.9315026
AFJLV7O56674QAXNCZKDUMRTQ24A,B016133LAK,4.5893683
AH2T4ILXGUB4NIANK6XPC4L7EO6Q,B0002E4Y2E,4.5740657
AEE6H6VC6RTWJS2RMXUJCDPOY6NQ,B09WQTXJRK,4.020875
AGIGR25MN37ED7XZL4U3BCARE4XA,B01BU6B4Q6,4.218424
AEAENCVJGSC5KSHMTWYFAUG2J3VQ,B08KWM37GM,4.3328614
AH2G2C2AD5EHI7NW5VVSKENNWCTQ,B08R5GM6YB,3.9372787
AE73Z644LPIBCCFQ5GFXVNMAFXBA,B000TGSM6E,4.5101933
AGRT6VTGHZIQYDQKPWKQGMUXCGJQ,B00N4ZHQ14,4.589752
AGJGLCZKE5735HGK27G2B7QZB5UA,B000LQLDM2,4.8552856
AGPFCVE36JI4PXFC627LXEQTBD2Q,B08PPBGVK8,4.6300535
AHLCWDLO3LZRSKKBRQ3RVIPYLHAQ,B0BPLFP5P6,4.0974946
AEJGORR5LABAQGREISJHB36GTD6Q,B09ZTJH58K,4.750494
AHDEOEDSIXUHKXUDNA3KR5BMHRKQ,B00N5THDR6,4.4483647
AELS7RFFR5L5YUKQ6TOR6MBA7ETQ,B07GFH8NTB,4.7058234
AHEMAURZYRCARVTVF6CQYTYE4I4Q,B012V1TG9G,4.70829
AEQ3XKG6ZOJNIPA7EQNMONUDHKRQ,B07CZ8QC27,3.9670606
AH4TRI62M3DQDEIPLWI5BDBDIUKQ,B0BS1QYSFS,3.9332473
AEU6AFGJV7RWYKXGGONYMF4GOGBA,B09V91H5XM,4.0091705
AGY3WTXVAKWR4KGCW3DJHZR5Y76A,B00CGFRJ2Y,5.0
AGA3UZAMOM33JZ5QFAPVV5QW42UA,B004G7O1Z8,4.7369256
AF7SOHKHVL3AUZ5WJDUMPOFDS5NQ,B07DLC8CQZ,4.845861
AERG7PAAOYKH3RMANNHJ2PMOQ2DQ,B0C21BG2KZ,3.957979
AHV4SKXGCWKAT4NRPWQDWERJQLXQ,B0919G5ZTY,5.0
AGHAFZQSZLIALFSCHDYHAZPW24FA,B018FCZKR2,4.435393
AEGNNCCRQPA57ZYBT3IO44I2VAPA,B0002DNUWK,4.592061
AHX2MR6NLBEPURAZZUYFARJVHSEA,B07B4XLP57,4.954412
AFD4VCHPTEWZVXBCCILDLHU6SSEA,B0002GH8X4,4.882001
AEVIDOETQTYGFWUVJGTIDMWH4YFQ,B06WVXN1YQ,4.7522864
AES2BBDYMUFVFNRLDPD2WTKS7A2A,B012VQ5A7S,4.6151023
AHQIX3TQQCQRG4VLAEKKURPGW7EQ,B0BPJ4Q6FJ,4.9638214
AGSVLMHAE6DKL34BW5AJANZ2HP3A,B0BTPB6GRM,3.918535
AEWVU5J4PG33DCCBEUU3NC2GLBFA,B0BTC9YJ2W,4.722046
AE5JOCZ3MGV3MS5FTISYD6T3D3ZA,B095BQ6T33,4.186014
AH7YS622MC7QXBBAFEBQLY6PVTGA,B0002DV0CC,3.940931
AEMXGB4ZOBCCTEB73OXEDAITLCAA,B0BHG58G2F,4.524323
AGFZZZQOQBBYYU63HYX5YJRDB2DA,B07M6T47WZ,4.741506
AHQSLUIQE2S6RTEJHPKQTLQY6ILQ,B00O9S69BI,3.2761862
AG32CG3V4PGAJGAQMRADO2QOAJOQ,B00TH48HUK,4.4094157
AE5VPKX64CVOPH6X75C7EQXAIGLA,B0BZ1XQX97,4.4911804
AEB6QK54PZDMGSGTZ43QGPNG7HEA,B092LF6RLS,4.700936
AHLD7UDM67OZJZVX3MNHQVTP4JCA,B07B8WL33G,4.511523
AEWYKSYOUQSUSRCMJALU6SQMNTUA,B09998RDGC,4.383959
AENRVEVFEOOUT3CSPWXBRHTV7DNA,B00B6KMDU8,4.4217935
AHALYOX63S6CACZTHN7R24RVEX2A,B0B8M1RZWV,4.362758
AEZE4LZURVM2QWHLRMB7D54T3MAA,B0002DV0CW,4.643944
AGVRLUFL4ZEIFPCUS3MO3TYW337Q,B07T3GZVMD,4.68935
AFO24CAUCZQKEVDR6FMRJHOLEE5A,B009N3VDBA,4.2693458
AFV3FCAYHRCOC2A52AGKK2RPPEYQ,B001VO7FPC,4.7208033
AGKZ2ZB2D7CCGKIUW2EHZ7HPQOIQ,B096K2LZKH,4.622858
AGHIMWAIM6LO7YDHL2CEV6NVRWWA,B07RG6P3N1,4.846155
AEMLDUMRZRY3H5UQSTVOGIKOR6HQ,B0BBPLFSCG,4.1848936
AHIRWKIA4JWTMPDXNI6ZTUCUQ5NA,B0BT8FDL8B,3.9797783
AFA52JPRDGOBHYA56MQCHTIUPYHA,B07DWY7R2X,4.5505185
AHSHEQGI4K56JQBSWBXQAB5UDHFQ,B07L5B64RG,4.2725296
AF5LA2ZA24TKFPGE54QQK7LV52XQ,B0BPJ4Q6FJ,4.333483
AGPQV76FD2ZADKYY3AORROQCEXPA,B08JMQR2JK,4.291938
AGIZAXPBONK53PAVEEILT5YKYINQ,B00I03OGKY,4.6626654
AFROAABFKVW3IEIVRSHAIA7VR2EA,B07HM16JZB,3.794895
AFQQRHNOS2AJSMORGOJQTDOWF6EA,B07VKYKXDZ,4.4298987
AEOOMMRNOICCQAIPTXNDSX3M6WYA,B0B55ZJK68,4.689764
AFWVN3PP4WG4IPQUXVHS62ASS5XQ,B0BKZ51ZN4,4.430343
AHUNAIVAYBPPDBVW2WOKRATDRQPA,B0BPJ4Q6FJ,4.7347755
AFDSQDYICQ3ZUK6K66IKKURLEKGQ,B07CRFB66G,4.850675
AFZUIWPRDEKD7XPVABNXN764RFEA,B085QKS9LZ,3.5534167
AEC4JX3YOS6V5AOJMU3YD7X5BUXQ,B0B4SGJRHR,4.563265
AGX34SAPG26BUKKPPRKRXAAUKBWQ,B01FJZBI7E,3.9128706
AGQ2FSQ2EJJXXJDWNXNLRAQCQLVQ,B07GV85N58,3.6079018
AEBIEMNW4BPGOFLHZCE7TRXIQLAQ,B07YMGPV7P,4.504136
AEVPSBSO2FUNFP4I6GMZMM5WFC5Q,B0B95V41NR,4.817015
AEPFMCRRSJJXQCYS463NU355VGZA,B07T1P4V9V,4.713893
AG3QPT6XXHWPA6BFADE5XSVAVYOA,B07685T8FT,3.861737
AFITYUC3765LLGHMH4L6XJXCOWIA,B09ZTK33ZC,5.0
AH2KEO2XP7LXZ5OHOP2M64SJO6UQ,B07CQS5DJV,4.761149
AGP5W4XNLLC32Q5ZPAQB6EMK3RTQ,B095WG3LWV,4.9606786
AFKZTCN4BNEKHAJQARBTQ4RZVETQ,B00BQ91V48,4.4251084
AHXZMBZM7TCTGR6YQ7MI7LEAZ7QA,B00HWMG44U,4.3321843
AFZHRGPFPMKKAPUZ7UN6ETIKTP2A,B08NK7LFV3,4.679021
AFADSIHYNNSBDX73K7YVB6Y2MCHA,B0002E4YI8,4.0641093
AE5MXJ2USMZKM3XOPWONVYUEAUUA,B095XZJ99J,3.968353
AHEYMCHDEQZ7TLMUCRRSNZNFDWSA,B07NSWD8BR,4.290568
AGWPL75LA3K2XKGE6NIKTHOVLJEQ,B0071ML4N2,4.6932163
AE4RY4OBRREKXFXI32SR47R3SXGQ,B00USQY0CK,4.753856
AEJDUT4MZ2N5JQKUCHABBP3D22VA,B0006UGEOK,4.782682
AEJ6HNHF32QL6ZB2UOFMCYJNT4RA,B001L8NFZW,4.736719
AH4VH7HDF2ANWCFABECA7ZXPL3LQ,B07B4WXVTZ,4.6558957
AG7IN5L7BFVBNE2TNWW3P3A5RF7A,B07MJ844DM,4.3499546
AEWBPGHXAWZU45S26IQNREVTZRMA,B08XTNS9T5,4.8534784
AFUD46FQ5QP2KHEPMCNSWXMDZ5MA,B075B67HFY,4.2749214
AH7YPVRYKYOEFIO2KAADU3AAXXTQ,B08R5M2FGY,4.4958377
AEAFOCTHO3YMMX5M3YVUGAU5S3VQ,B01LQO3GGS,3.733383
AGCML7EM4QFDKXX7WKPZ5XXY3PRQ,B0B2M1GPR7,4.7628093
AELBSC427YP3XNO3L4ULNIASKB6A,B015HG7HMA,4.1622467
AESCRGAOM4FMUCDGGPUIRSW62JPQ,B08T2PK2DG,4.307082
AFB6XAMKLLNH7JVIJ42QJ7TZNG7A,B0BL2W52CK,4.1603503
AGMTCMP27WCMMXZ3R3FJ5F4KDABA,B01C5TBX68,4.6560564
AGFSPZ7XOYCABXF6VYXQVWQRMO4A,B003AYIKNW,4.9153953
AF7TFOXQFNNFVM2IIFSSVXTNGFNA,B017DBD44C,4.2905364
AFEHZC64FEDKDTMFEAP6VABWIO5A,B00TH3YPDE,4.504694
AE2G7LHNL4YQI5EQHO6RIGHESR7A,B06X3XT47P,4.544477
AHCLEFILWZQNDMN4L3LC3DJLZNSQ,B07MQBPZG8,4.7249174
AFCCQ65LWHZZ35ZA5BR25DVKLNZQ,B01LYV68RY,4.614125
AGYV6AFXZR5TFYH7B5FLJX3DPYNA,B08HRZ15QB,4.5883064
AF2ADEWSNFYF3BRXGP5KXRXULGKQ,B002M8GBT2,4.474546
AERNRI6KSDC5MTIFVRSJGJYVLBZA,B07T4TKLW2,3.841019
AE4ZHMTUJZKVNPRTAVPTOTMMTHQA,B001LXMXU0,4.6041
AF7OYQHKRXAWHQDLDOVMRNX6V6RA,B01DN7OC00,4.5634756
AHGYRKOFMG4EM45YSZBUTWUX3KJQ,B087D91DN4,3.741169
AH7YMO4TVV6ZNDCST3A5SSR633CA,B01EPWGF8O,3.8138294
AEQJG2LA2SCOGALBII4XVQ5DCOKA,B0071YXCVM,4.1585927
AGE4MJI4ACCVR2HUDBPA27GVIZFA,B07ZMCH5PB,4.7794847
AEXY3DSSYKBHCGAMNYQRGD3GR4QA,B01NBNM97K,4.54703
AGMIECBRRAHS3YUEBQNL7M766ZVQ,B07GQDYWWB,4.3939524
AE4OL5LGNMZXDJWENP32PLH4KXDA,B01FF4FX2U,4.318807
AG6ADHHJ2MHUP3ZBBTGMZVJ47Z4Q,B01HN41Y2I,4.950006
AHACHAD3DDY3NKK6BCN7RWH5XWTQ,B0BPLFP5P6,4.358784
AHSYUEHHWA3FIZAUAZYFN54OHZWQ,B0C5Y549L5,4.363509
AHJSYOIN4W5IZ4SW5LSHCHEBMPNQ,B07X2LN3FV,4.677056
AG4IBVQSLXLZFIBFE3EDMOJMVLHA,B0779ST115,4.7916884
AGE5YXPVOTT7B2DW5B4LPLL4GL5A,B00EBK6C20,3.9622707
AHR4N4IZKDYWKN7WB22HJF3TE5MQ,B003GEJ5SK,4.045236
AE3TDVF6M5MAB6UK34376XCCHBBA,B081P1SQGG,4.849042
AHOPM2RGN6VXHKOR2NCYQ6EGTAYQ,B000K9JPB6,4.6794453
AEGO3MGGYGTJZINMKJ4UZ5LR4SAA,B01J5M2GO6,4.449618
AFAAQVGMDINJAJNDD6HE2HFNJ7AA,B009MAB0S0,3.269895
AF7IDWLJAS3YD3QYSBECQLZ5PYKA,B016QUXTZU,4.5840063
AG3PQBC2VIMREI2WXU7IFYRIGTPQ,B0BK5CXZBT,5.0
AGSZ34I5SMWFEZ4ORPYAAOALSV6Q,B09R6PRMMY,4.8086295
AHYOPNWLGYLSKSBUQKAIWYDOSV5A,B0BYNM15YB,4.0888534
AGRCXV4NM763VGZGD6BQ2VGNCJNA,B09Y53WDDY,4.2213726
AHNXWNFZIZLK2A3OGVF62FGR6SFQ,B00VKI4YDA,3.4827962
AG3FI4LLMISCHAOGWQT6TCP4ORHQ,B002CMLQ0M,4.220921
AHB7UA5R3C2NUJTZWPJPR6SNOGQA,B000TGSM6E,3.9939773
AFSKOXGAKKYKA2UDMHUGHPPT7W7A,B0B1ZW83N8,4.2555146
AFLABIBLTVBHSWCDT6CVWJ2BPTFQ,B0BK6Q2HDN,4.665673
AGQEZMUPBTC6K5PQNIUXB57MMSIA,B01DTGCMFC,4.3704524
AFXGSPUGWEKJENYDNCYEHUOLMPUQ,B0BZ5JK2GC,3.9913714
AHQIX3TQQCQRG4VLAEKKURPGW7EQ,B00IWU2CBA,4.8858047
AEYVNF74XFFZ6UDVWDZVCTFFICNA,B07GSJNMBQ,4.344849
AEKELSFZ6K5E5W3BHUWIJAZ2BW2Q,B003WY26VM,4.628429
AFH22HRJGMLKZUDI2UN5APR5YIAQ,B074TNDXM2,3.9013917
AFKOCLGNVPBGV32N3QBZRUAZHOLA,B091YFQGCJ,4.812322
AFKICODOC3GQGWHGEYDUBNFHJWOQ,B09GTV6QZQ,4.862536
AGXKC72DZQZZXSYAKCMTSLRGUS5A,B083FTGJ5Z,4.869399
AGSB65UVLST44NVCLYYW67CJAV5Q,B06XW9MTTV,4.599633
AHW4G6FPXYTHSCVVU4DC42L63IQQ,B08VWZHQV1,4.5366015
AGJY5ZQ56LDNXBGSQ6UWS7WUJXHA,B015HG7ZR2,4.151003
AGGZ7UAJ5H632KVEBRZJX4TH37SQ,B0002KYXTM,3.3589752
AHDF5QL5Q4ULQN46WRCHXHYHXO6A,B0787H2XHY,4.599123
AHTOCSUMQGOABZ6Y6MR7XL6ICETA,B07CQQXQ4T,4.900709
AFPJNWATIEOD6OYRPC4BI65KUPZQ,B095XZJ99J,4.801914
AEXQXXYJKOGNFK4BIA7CNTZ53ZMQ,B00HX40OL6,4.118351
AER2QRZUIRFMMQHUKONI6X2CASSA,B092LF6RLS,4.7257824
AFDTO24ABREOG7VZHGM5MUINEONQ,B000T9L7W2,4.7215757
AENFFWFS25A7LLXCXTK5P2NDTS6Q,B09YYF4X1Y,4.0246024
AEQZCIHPL376ZN3LRVIK7LKIO6IA,B0BYPSNQYG,4.8080826
AHZVNE4T643FNNMVG73UHCN3EM4A,B08T2N25MR,4.2574706
AEQIE2USMD5JWF7BFPFSB2TEEKVQ,B07VHZFD6Q,4.1593666
AHF5NTSGVKI7CPBJ4IAFOIABKZOQ,B00DY1F2CS,4.2218175
AGFI4RKJONGNCQLVN7JQUO6YYOXQ,B09Q39C7W2,4.7470274
AFGQTSA5VSAM326LO6ZKAIWIFK5A,B00HZH4D04,4.4505057
AF5HGFNU4OVZIZEWCTWQLTK2HMNQ,B07C91JT14,4.6128106
AGZH25VPWSNSD4E5IERFYWMEBOWQ,B0BXT1HP18,3.94627
AHF24GKKXGAKQLPBYVZHEMHHNQDA,B0B8NXV975,4.4547195
AEBLVOJUISLAIOWLTIXTJEYBE3HA,B0002GZV5Q,4.476895
AHIU3GE2TRI4ORRL7LLFAEQTJAYQ,B0BFKPM8MQ,4.366752
AHEIHSN5VJYUIV73TEU6VIK7ZDNQ,B01CS87OLO,4.535341
AFTWTCVFKL5GDM6YHN5ZLLXS4DOA,B01MRJUB7Z,4.260953
AFF5XKPT3SWRRPWQW4WKIVQ5QGAA,B000T9L7W2,4.822326
AEVXZ5HNDHIRVO7AGCSTPLFI3OHA,B075PPKM28,4.5686874
AFOD3ZGWBE5VCJ4KGH2OWQP3QDGQ,B003OYOXDO,4.9471927
AHIR3YSOUWL2ZU45WVOXTO7JGE2Q,B01448TS1U,4.5258064
AEIVZRLV4V53ON6VTC2U4TVBZF6Q,B09ZDMFDW5,4.1847734
AES2ZTXMTM2USYRA6JS7MPAMZ3ZA,B097Q9W8MW,4.5460963
AFQJYVZJRRJKT73QEQYX657RRIOA,B00557KN28,4.4209795
AF7SO6JG76JZKBKRBXAVQJOJBPHQ,B0B7B9W8HP,5.0
AEFT4MMHBTLSDAH65OHIQGKVNBQQ,B00GESEQ4S,4.0397124
AHUYGNA2GEDE4I4CGQITS5RUZP5Q,B07MCM2DCZ,4.785622
AEPNDOJU3WRZU4C4BPTUTJTA74TQ,B008BPI2OW,4.1747746
AHAHOZT5TWLEYPYLP3UP2SMEKHYA,B0BT2Z1DF1,4.224897
AGNRFLXG5P256TIYC7HM6I5IT2AA,B01DPCONFM,4.642206
AHQXZXO3N2WPKJCIUWXLBD4HU66A,B07VWSB34H,4.3020697
AEVAZYJYKF7GQKK5BA4Q67I2TC5A,B008TNAFZK,4.593228
AF677ONY3CIUZSPX65QTI7AWREWQ,B07Y2Q3RJ4,5.0
AGCWPLTK3SHPNH3T2RNITANQJ7UA,B0C18CV4TS,4.5021906
AHZUM5IKWN7PMCQOVZZ3KIWZIOQA,B0007SL856,4.6271787
AEXUUT6Q3B7KIV576X6RZDSZ46QA,B004S8AU2I,3.6423666
AEHV7MX3RQEWNYLQYANYEKZCJKAA,B077KGX7W8,4.3988643
AHVCAMIWNQNSJ5ZEEHS7M6MML5PQ,B0095DRRFO,4.683482
AHM6XU5UR2N6ONEAFVPHJKEN4BUQ,B09Z933SNY,4.776746
AEJOVM2ALRKRJRWVSDE3PYRVUOJQ,B004C4UQZE,4.13735
AF4KIR2XI5YIEI4BUP77DBCUKTNA,B076322LP4,4.8669662
AE6BF2OU43AYS3JCBNVWV557TCMQ,B0BPKH7FJ2,4.8773136
AEVIDOETQTYGFWUVJGTIDMWH4YFQ,B001FB5Z1C,4.679535
AGX2AP2EVUVFTBGCGS4K7JXT5XMA,B093YGM3KQ,3.9605403
AGGK3X3WGTH6W5DBGC3QH55HKJ7A,B01E4MELN6,4.4675303
AGTJMPFA4UFAU5ESGIUL7UH5OENA,B07N5K2V9H,4.351244
AGKNSAIF7C6Y4L4CXNBU4WY3L45Q,B07S1LKQMB,4.2801046
AEIBKB5PUUEGL4KKJI3JX5XBWIQA,B07CTD883P,4.316159
AFS673IRZOY3VOUOVTEN46GJ6ILA,B086RHFW8Q,4.802029
AFAFI6N2OEHEZMADEFS6BN4XMGRA,B0C67HCGBR,4.8146324
AEKBBT67IL2I6N4BWLSBRL2AIECA,B00BKXN9LS,4.4182444
AGYWUC3S7UKKPS7TUSNVDSB4L3BQ,B093YLCJVH,4.394444
AHYKDZQIJSFNDBGMKREOKXQ3CNLA,B07KNJSD49,4.7786794
AGXQG72Y6EIMUAUYDEY7IGJUQPMQ,B08T1TWV29,4.824152
AFPWFNBSJ2BTR5JFERVM3G36OGYA,B092LF6RLS,4.6509786
AGTHNNXKJS4JBP6OAHE4J3BYXK7Q,B093YKLWVN,4.761694
AHOPENJEX6Q33FXYLE5UA6FLFQ2Q,B08R5GM6YB,3.9956226
AFKQDKDIZX7G5QJH3LDYG56O3NXQ,B08HRZ15QB,4.3597674
AGYKOOS6KFMDEQ2PGJ4C5GZFVJYA,B001B16ATC,4.7492847
AGWRKFZHFPPHHO5LGEUI5Q5V5YFA,B0B8LMGQVX,4.3069186
AHN7YYV2JL4BFTMIJRYAI5PF3A7A,B00WJ3K3QW,4.333121
AE5GU6FB5WPUSX37JGGNXLS5MNLQ,B09VVV7CZ8,4.651778
AEQ4WIM7ULSVAK7HRV5U3LLC6QHA,B08H1PVP9N,4.951951
AHCYDRGR5OLYTFQL4OPDHOUJ2Y3A,B0C3WPPB5B,4.7656045
AHGDGGMCSMMALHTX6WGLJFFUVJXA,B007MY5BDI,4.622178
AEJX567KHPDJBTADR5WCKVVXORRA,B0759JQ57Q,4.1686435
AFCNKGMC2A6IKLW4OALP7RD34FSA,B0B2LMZ9RT,3.849283
AHWMAINY2QSKJBVYDTNANQQBP2NQ,B01G26TRW2,4.0580564
AH4U5I4KI6JDPIAFHYQE672SBUAA,B0BT9R8MMV,4.9742475
AHR6YKXEXGIMXC4KZXITPYDZSIMQ,B0BPNMSDGB,4.306577
AEEGBXTASTDNNZE2QXR5IIGX725A,B00N12WYUS,3.649238
AELYPSLZVDD2H3VFIKHBMMXV3SBQ,B002YL81RW,4.014781
AFQZQTVMHCRV3OLIWVWAHUZIQG7A,B07NDFFKJZ,4.0709953
AFVUOJI7RCDL5XTF5RPKZYSEGOVQ,B07DLCDT3N,4.43062
AGMHYG4CTWKILTZWCZ7QM3JPVGXA,B0787H2XHY,4.710567
AF6ELLW7NT5WNL447YQWXJOFYLUA,B0002GKYZI,4.9884453
AF4IJ7EGPU2LWQAZTYBA26KY4UVQ,B017NT392Q,3.8250613
AEQIXOBGYVS2DIAO5XFBPPKNMA6A,B018SA2CPE,4.4255266
AH4CKDTXBSDQ5HF6EYLK56OZMQMQ,B0BLJSQF7R,4.2666245
AG7IYY7DBVJGLXBDW7VOZSLYS2QA,B0002GNSUQ,4.916608
AHLT5ZI2KDKZPDKOHWZNHNQMDFYA,B0BXT43MN3,3.977383
AEKS23KTJWPSSKWVWNUPKQMKOVGQ,B016X2ELIU,4.729319
AG2VMRQG7CPHKGWNP3TT5V7I4JJA,B0BYXQHW7Y,3.4554193
AEX7FVG2DT54ZTSPX3E5PIYURQGA,B07BSL26ZW,3.9589236
AHTLRQ7HCERAHBTOD4QGJ4CE6WUA,B0002F5C7Y,3.8747673
AET3S3QXEZM7Y7MDGCJTFTTOPAHQ,B005M0CK9M,4.143496
AHXXM67KZP5QLRJXRK2X3VPJIVGQ,B01DECWM0G,3.8989441
AHHO3PFPFK5PZMYWZMKQIIMLGOFQ,B08ZS312RW,4.0807033
AHKCSUGN4Z7LGDRN3YPANQBGOBUQ,B0089NNAZ2,4.5128627
AHDA2HXHNPLZLKLZGCDZCCTQOFHA,B07L5B64RG,4.3439655
AEVI7UHYFLB3IR4ZXWZSDLUH4ZAA,B08JMQR2JK,4.544523
AG5JUX7FXX2LHPVNLMPUVLKMQNGQ,B01KQ29Q4C,4.6632977
AFAC3WZ54MY5GPJ3AZMZYHHP2RIQ,B0010XSZ3A,4.481043
AHNH5HCKCICNCS42TDTL4NDSPCMA,B0BRG26SYG,4.754947
AFOLEJG76QYTV6QYU7GQDPHBAKQQ,B01KNZOYBC,4.2122555
AEA2NBRBGJ7YCMWFUBDJ4TUW6PJA,B08BJ37FNS,4.865793
AHCTTD6GVQ5S4SDLBCMLIXEFH62Q,B0010HCI66,4.018819
AE4B2GFN54FFRAJ6PKTMFN2BI35Q,B015X3CXXA,4.1313744
AHJ7A4GFTLZBIWG2NBUAJWK6B77A,B004ISK4AQ,4.3983707
AHNBFV3L62BHBMX6V4NFRT7PR47A,B0BNCDVD4M,4.162724
AGUMX4MREHVOVE3I2DZAOSBF43ZA,B09CGJ6XK2,4.055589
AG545MMHYSJ5GUXAXDOVIC6IZ7ZA,B0C6J2DPBW,5.0
AFFRCOTU354SFF2TWTMJSVJ3T5HA,B001U0ORN0,3.9852245
AGX2AP2EVUVFTBGCGS4K7JXT5XMA,B09G5QS1VD,3.9474108
AH2ADQH7UOGDTDAAOQMXQCUAGFQQ,B07M6H5RM9,4.9587283
AFZUL4Z3J5LTJYTWP6IZULSDVP4Q,B01CUZ857W,4.870148
AHCBCGJUYWKLVCHVXNU4TUSZHFNQ,B09T82W1SN,4.452533
AG3YSGTHAD3XS22MCYKNMVKVIKGA,B00VRPHV2M,4.664611
AFTRBS7WXYEYEKN67P5GBLKBXFEA,B00BXE4R6U,4.8900824
AFDINRMUT6ZYV2P5SAJHGDWWYCDQ,B08R5GM6YB,4.225899
AGMRYSCYS4DGUW4QAISHDJSCHUUQ,B09M7CK2WK,4.4383545
AFVWWNWNSTEY5P6JAPQPESCVSLWA,B00H35YIJE,4.5430207
AH6CH7YIZY2EWT7UENH73RZVWUTQ,B013ZHK4DM,5.0
AEUH4L52LUHVPTST3WLZIWTLTDWQ,B078X3SSY7,4.583419
AEM3SC4PPHGA7KAR2YIGUEC4FUEA,B08T9CCXZB,5.0
AGUZJ3UUDPR4RYAP4C6R3SJUXQ2Q,B074FL1CP1,4.4843807
AEK3AZJGYPN25QIZM6WXRFG3HO7A,B097Q9W8MW,4.299429
AFL3PZUHVXQES2NB25YCAYJ44X5A,B07Y94MSG9,4.6356335
AGUBV3YUSN2CPPH4OQBNF25FLZGQ,B01DPCONFM,4.3092875
AHXTVTZ5AXDYH2ZXBOCSODALZROQ,B00GKBFII2,3.7745543
AHJTMJYE6S55L3I7CVDRFQFKVS6A,B098KXQJVY,4.7672644
AELW2KBTX6VJ6RO2OSAKBEBXZNLA,B07FZBF5HY,4.1741376
AEBFEHMBWTPBUVIGMLJC5AIILUNQ,B07TSGLPLY,4.4582033
AF6IPYXSVTYOXYMAQTOUM5PXRN3Q,B071Y4HJWX,5.0
AGS2TDMTAC2L4AB277W52RWJNHVA,B00WRJM5NC,4.38996
AGQA5BRX2ERUST4AUMTLVC3JMWRQ,B08HHVYGV5,4.614806
AH4TXKB3XTGBGU4NY3M3S5JSCEXA,B004AE3W7U,4.8369355
AGFTIABCQLO57WAANY32UAELMT2A,B076LRN23J,4.6778827
AERTAT3QNBMZ37Q2QXE7LSZQNBZQ,B07541NT4L,4.3629646
AE7GFCKWYXDFXWJGRCVZO3QFMXIA,B074MBD643,4.083495
AFTRYPOFRCX65QE5BOHMW7GRYAOA,B0BCK6L7S5,3.528327
AFOOI5ACUEN6EQJGID72GT2LDZAA,B0146YTJOI,4.574806
AHC46G7YQEC37VOLPDIWZQEWXE4A,B07TXL153N,4.791318
AE4KQ45U5PV2LEKFZP3RUM5L7JYA,B09RN6MGZH,4.500216
AFBZUTNSJAW5GQJZORPGE5B5NPVQ,B000DZXTFK,4.609897
AFNT2D5HWVLYXB2OWLMEV6ZJPVPQ,B07NKRZ1KQ,4.9909678
AFC3O5Z27ZZ5BOZEPDDE5LTIFXIA,B00AXEDVJA,4.2959614
AGZ4FRR2ODBHJWUCPET42AMRU5NQ,B09WQTXJRK,4.3760786
AEMX4QQHS3HDQGM6IPOFJMM3534Q,B07NDHS7FN,4.5499477
AGTQ4XU4K3HRG4A26IKNCCIEX4KQ,B07BFZ2KSJ,3.6338177
AFPTMVT5EH3PJZHK3LUE5SEIP3UA,B06XBB9FPF,4.584076
AHX5CCO3VSCRLZ46HN4EB2OCAZBA,B06WVFRW4H,4.8213787
AFWS4JNT66C4CCYBGOYFLTJXJDPA,B01M5DF38P,4.4697003
AEVNV4O74H2AN5PJ3OAYYH3T7AMA,B0B5TBHFLW,4.438929
AFQKIGEYXZL76W7BIGLVR2RIPMZQ,B075R94JY5,4.2550287
AEVAWGTR5FUYEO3WRMUI6SMGR2TA,B0BCXL2V52,4.2652225
AHNIDSZTL7HFLSNY7WA7YF3ZWKOA,B005SUT0BC,4.637418
AER5XQROGISYKN6ABH7EAK7OHGTQ,B003B1BOFK,4.492379
AHAUV465EY5R5K4KRUNC3Q6MRA3Q,B005OZE9SA,4.0061603
AGZXAIGW4CJNWEY7WL66MSGGVBQQ,B00H4J7WLU,3.8382208
AFXVXYBWXDV7NT4GGRRNFT56NONQ,B00126HUGS,4.217354
AEZD2WTGKS5BQCHHLPVO3SSL7HBQ,B00VIDJBSU,4.4456716
AHDORHGOBGGQFUSOKSPIMK23A7IQ,B0002F74IE,4.961831
AHVKGDD2OV6WLV2KGSSVEGRHZLCA,B09DR91XCS,4.0391874
AEI4K2NEMJ2UZLNR73JRGWEDU7AA,B09396NY1C,3.964841
AFVP3KR3HBOXYMXIBL3ZGAZVDQMQ,B00IFOTSJW,4.4218607
AGZABQWQQ5BECURSRGYLNQWTZBIQ,B00JJ18U6W,4.227258
AEVP2C4BSOO2TLDDUACWGGJURQIA,B07K7VC41S,4.2755094
AHA53E3UYPIUKH3CMQ3NMZRCTTBQ,B07MG8PHF2,4.9988723
AGTF4QKF4QKW4OJSHDMTFWPIU2JQ,B07B8WL33G,4.265706
